TYPE; ASAP; ALAP; SLACK; A; TYPE; ASAP; ALAP; SLACK; B
UNKNOWN; -1; -1; -1; -1; OUTPUT; 191; 1010; 819; 12
OUTPUT; 191; 1010; 819; 12; INTERNAL; 190; 190; 0; 3109
INTERNAL; 190; 190; 0; 3109; INTERNAL; 189; 189; 0; 1432
INTERNAL; 189; 189; 0; 1432; INTERNAL; 188; 188; 0; 1425
INTERNAL; 188; 188; 0; 1425; INTERNAL; 178; 187; 9; 1420
INTERNAL; 178; 187; 9; 1420; INTERNAL; 165; 173; 8; 3943
INTERNAL; 165; 173; 8; 3943; INTERNAL; 160; 172; 12; 711
INTERNAL; 160; 172; 12; 711; INTERNAL; 159; 159; 0; 1343
INTERNAL; 159; 159; 0; 1343; INTERNAL; 158; 158; 0; 2615
INTERNAL; 158; 158; 0; 2615; INTERNAL; 157; 157; 0; 1340
INTERNAL; 157; 157; 0; 1340; INTERNAL; 47; 47; 0; 4092
INTERNAL; 47; 47; 0; 4092; INTERNAL; 46; 46; 0; 1043
INTERNAL; 46; 46; 0; 1043; INTERNAL; 2; 2; 0; 2875
INTERNAL; 2; 2; 0; 2875; INPUT; 1; 1; 0; 923
INTERNAL; 2; 2; 0; 2875; INPUT; 1; 1; 0; 925
INTERNAL; 2; 2; 0; 2875; INPUT; 1; 1; 0; 921
INTERNAL; 2; 2; 0; 2875; INPUT; 1; 1; 0; 924
INTERNAL; 46; 46; 0; 1043; INTERNAL; 45; 45; 0; 1663
INTERNAL; 45; 45; 0; 1663; INTERNAL; 4; 4; 0; 3534
INTERNAL; 4; 4; 0; 3534; INTERNAL; 3; 3; 0; 4630
INTERNAL; 3; 3; 0; 4630; INTERNAL; 2; 2; 0; 2623
INTERNAL; 2; 2; 0; 2623; INPUT; 1; 1; 0; 3054
INTERNAL; 2; 2; 0; 2623; INPUT; 1; 1; 0; 919
INTERNAL; 3; 3; 0; 4630; INTERNAL; 2; 2; 0; 917
INTERNAL; 3; 3; 0; 4630; INTERNAL; 2; 2; 0; 4605
INTERNAL; 2; 2; 0; 4605; INPUT; 1; 1; 0; 928
INTERNAL; 2; 2; 0; 4605; INPUT; 1; 1; 0; 920
INTERNAL; 3; 3; 0; 4630; INTERNAL; 2; 2; 0; 2722
INTERNAL; 3; 3; 0; 4630; INTERNAL; 2; 2; 0; 927
INTERNAL; 4; 4; 0; 3534; INTERNAL; 3; 3; 0; 4181
INTERNAL; 3; 3; 0; 4181; INTERNAL; 2; 2; 0; 3082
INTERNAL; 3; 3; 0; 4181; INTERNAL; 2; 2; 0; 926
INTERNAL; 45; 45; 0; 1663; INTERNAL; 44; 44; 0; 1036
INTERNAL; 44; 44; 0; 1036; INTERNAL; 6; 6; 0; 2850
INTERNAL; 6; 6; 0; 2850; INTERNAL; 5; 5; 0; 2782
INTERNAL; 5; 5; 0; 2782; INTERNAL; 4; 4; 0; 934
INTERNAL; 4; 4; 0; 934; INTERNAL; 2; 3; 1; 4798
INTERNAL; 5; 5; 0; 2782; INTERNAL; 4; 4; 0; 930
INTERNAL; 4; 4; 0; 930; INTERNAL; 2; 3; 1; 929
INTERNAL; 2; 3; 1; 929; INPUT; 1; 2; 1; 954
INTERNAL; 2; 3; 1; 929; INPUT; 1; 2; 1; 3814
INTERNAL; 5; 5; 0; 2782; INTERNAL; 4; 4; 0; 931
INTERNAL; 6; 6; 0; 2850; INTERNAL; 5; 5; 0; 3124
INTERNAL; 5; 5; 0; 3124; INTERNAL; 4; 4; 0; 3290
INTERNAL; 4; 4; 0; 3290; INTERNAL; 3; 3; 0; 916
INTERNAL; 5; 5; 0; 3124; INTERNAL; 4; 4; 0; 915
INTERNAL; 6; 6; 0; 2850; INTERNAL; 5; 5; 0; 3000
INTERNAL; 44; 44; 0; 1036; INTERNAL; 41; 43; 2; 4496
INTERNAL; 41; 43; 2; 4496; INTERNAL; 12; 12; 0; 2935
INTERNAL; 12; 12; 0; 2935; INTERNAL; 11; 11; 0; 950
INTERNAL; 11; 11; 0; 950; INTERNAL; 10; 10; 0; 944
INTERNAL; 10; 10; 0; 944; INTERNAL; 9; 9; 0; 940
INTERNAL; 9; 9; 0; 940; INTERNAL; 2; 8; 6; 3554
INTERNAL; 2; 8; 6; 3554; INPUT; 1; 7; 6; 948
INTERNAL; 2; 8; 6; 3554; INPUT; 1; 7; 6; 963
INTERNAL; 9; 9; 0; 940; INTERNAL; 8; 8; 0; 4444
INTERNAL; 8; 8; 0; 4444; INTERNAL; 7; 7; 0; 937
INTERNAL; 7; 7; 0; 937; INTERNAL; 4; 6; 2; 942
INTERNAL; 8; 8; 0; 4444; INTERNAL; 7; 7; 0; 4325
INTERNAL; 7; 7; 0; 4325; INTERNAL; 6; 6; 0; 935
INTERNAL; 7; 7; 0; 4325; INTERNAL; 6; 6; 0; 1973
INTERNAL; 6; 6; 0; 1973; INTERNAL; 2; 5; 3; 2207
INTERNAL; 2; 5; 3; 2207; INPUT; 1; 4; 3; 914
INTERNAL; 2; 5; 3; 2207; INPUT; 1; 4; 3; 951
INTERNAL; 8; 8; 0; 4444; INTERNAL; 7; 7; 0; 936
INTERNAL; 7; 7; 0; 936; INTERNAL; 6; 6; 0; 913
INTERNAL; 8; 8; 0; 4444; INTERNAL; 7; 7; 0; 1234
INTERNAL; 7; 7; 0; 1234; INTERNAL; 5; 6; 1; 1283
INTERNAL; 7; 7; 0; 1234; INTERNAL; 5; 6; 1; 909
INTERNAL; 9; 9; 0; 940; INTERNAL; 8; 8; 0; 939
INTERNAL; 8; 8; 0; 939; INTERNAL; 7; 7; 0; 3526
INTERNAL; 8; 8; 0; 939; INTERNAL; 7; 7; 0; 908
INTERNAL; 10; 10; 0; 944; INTERNAL; 9; 9; 0; 941
INTERNAL; 10; 10; 0; 944; INTERNAL; 9; 9; 0; 2236
INTERNAL; 9; 9; 0; 2236; INTERNAL; 7; 8; 1; 907
INTERNAL; 7; 8; 1; 907; INTERNAL; 2; 7; 5; 906
INTERNAL; 11; 11; 0; 950; INTERNAL; 10; 10; 0; 1964
INTERNAL; 10; 10; 0; 1964; INTERNAL; 7; 9; 2; 1869
INTERNAL; 10; 10; 0; 1964; INTERNAL; 9; 9; 0; 2763
INTERNAL; 10; 10; 0; 1964; INTERNAL; 7; 9; 2; 904
INTERNAL; 11; 11; 0; 950; INTERNAL; 9; 10; 1; 4349
INTERNAL; 9; 10; 1; 4349; INTERNAL; 8; 9; 1; 903
INTERNAL; 9; 10; 1; 4349; INTERNAL; 8; 9; 1; 2559
INTERNAL; 11; 11; 0; 950; INTERNAL; 10; 10; 0; 943
INTERNAL; 10; 10; 0; 943; INTERNAL; 9; 9; 0; 1058
INTERNAL; 12; 12; 0; 2935; INTERNAL; 11; 11; 0; 3532
INTERNAL; 11; 11; 0; 3532; INTERNAL; 10; 10; 0; 1399
INTERNAL; 11; 11; 0; 3532; INTERNAL; 10; 10; 0; 1275
INTERNAL; 41; 43; 2; 4496; INTERNAL; 40; 40; 0; 3598
INTERNAL; 40; 40; 0; 3598; INTERNAL; 35; 39; 4; 1465
INTERNAL; 35; 39; 4; 1465; INTERNAL; 31; 31; 0; 874
INTERNAL; 31; 31; 0; 874; INTERNAL; 25; 27; 2; 1922
INTERNAL; 25; 27; 2; 1922; INTERNAL; 24; 24; 0; 2959
INTERNAL; 24; 24; 0; 2959; INTERNAL; 23; 23; 0; 1148
INTERNAL; 23; 23; 0; 1148; INTERNAL; 20; 22; 2; 2123
INTERNAL; 20; 22; 2; 2123; INTERNAL; 19; 19; 0; 2870
INTERNAL; 19; 19; 0; 2870; INTERNAL; 18; 18; 0; 975
INTERNAL; 18; 18; 0; 975; INTERNAL; 17; 17; 0; 2340
INTERNAL; 17; 17; 0; 2340; INTERNAL; 16; 16; 0; 966
INTERNAL; 16; 16; 0; 966; INTERNAL; 15; 15; 0; 3356
INTERNAL; 15; 15; 0; 3356; INTERNAL; 14; 14; 0; 4861
INTERNAL; 14; 14; 0; 4861; INTERNAL; 13; 13; 0; 4765
INTERNAL; 13; 13; 0; 4765; INTERNAL; 10; 12; 2; 2680
INTERNAL; 14; 14; 0; 4861; INTERNAL; 13; 13; 0; 2667
INTERNAL; 13; 13; 0; 2667; INTERNAL; 11; 12; 1; 2020
INTERNAL; 14; 14; 0; 4861; INTERNAL; 13; 13; 0; 3605
INTERNAL; 13; 13; 0; 3605; INTERNAL; 12; 12; 0; 956
INTERNAL; 12; 12; 0; 956; INTERNAL; 10; 11; 1; 900
INTERNAL; 13; 13; 0; 3605; INTERNAL; 12; 12; 0; 3486
INTERNAL; 12; 12; 0; 3486; INTERNAL; 2; 11; 9; 2002
INTERNAL; 2; 11; 9; 2002; INPUT; 1; 10; 9; 1153
INTERNAL; 2; 11; 9; 2002; INPUT; 1; 10; 9; 4072
INTERNAL; 13; 13; 0; 3605; INTERNAL; 12; 12; 0; 955
INTERNAL; 12; 12; 0; 955; INTERNAL; 10; 11; 1; 901
INTERNAL; 12; 12; 0; 955; INTERNAL; 11; 11; 0; 2429
INTERNAL; 14; 14; 0; 4861; INTERNAL; 13; 13; 0; 958
INTERNAL; 15; 15; 0; 3356; INTERNAL; 14; 14; 0; 962
INTERNAL; 14; 14; 0; 962; INTERNAL; 13; 13; 0; 4692
INTERNAL; 15; 15; 0; 3356; INTERNAL; 13; 14; 1; 960
INTERNAL; 17; 17; 0; 2340; INTERNAL; 16; 16; 0; 967
INTERNAL; 16; 16; 0; 967; INTERNAL; 13; 15; 2; 898
INTERNAL; 17; 17; 0; 2340; INTERNAL; 16; 16; 0; 968
INTERNAL; 16; 16; 0; 968; INTERNAL; 15; 15; 0; 964
INTERNAL; 16; 16; 0; 968; INTERNAL; 15; 15; 0; 1851
INTERNAL; 16; 16; 0; 968; INTERNAL; 15; 15; 0; 4502
INTERNAL; 15; 15; 0; 4502; INTERNAL; 2; 14; 12; 3612
INTERNAL; 2; 14; 12; 3612; INPUT; 1; 13; 12; 3827
INTERNAL; 2; 14; 12; 3612; INPUT; 1; 13; 12; 899
INTERNAL; 18; 18; 0; 975; INTERNAL; 16; 17; 1; 2134
INTERNAL; 18; 18; 0; 975; INTERNAL; 17; 17; 0; 969
INTERNAL; 17; 17; 0; 969; INTERNAL; 16; 16; 0; 896
INTERNAL; 16; 16; 0; 896; INTERNAL; 14; 15; 1; 912
INTERNAL; 16; 16; 0; 896; INTERNAL; 14; 15; 1; 894
INTERNAL; 17; 17; 0; 969; INTERNAL; 14; 16; 2; 895
INTERNAL; 18; 18; 0; 975; INTERNAL; 17; 17; 0; 970
INTERNAL; 18; 18; 0; 975; INTERNAL; 16; 17; 1; 4466
INTERNAL; 19; 19; 0; 2870; INTERNAL; 18; 18; 0; 971
INTERNAL; 18; 18; 0; 971; INTERNAL; 17; 17; 0; 1658
INTERNAL; 19; 19; 0; 2870; INTERNAL; 16; 18; 2; 4125
INTERNAL; 20; 22; 2; 2123; INTERNAL; 18; 21; 3; 887
INTERNAL; 20; 22; 2; 2123; INTERNAL; 18; 21; 3; 1228
INTERNAL; 23; 23; 0; 1148; INTERNAL; 22; 22; 0; 3393
INTERNAL; 22; 22; 0; 3393; INTERNAL; 20; 21; 1; 4421
INTERNAL; 20; 21; 1; 4421; INTERNAL; 17; 20; 3; 1517
INTERNAL; 20; 21; 1; 4421; INTERNAL; 17; 20; 3; 3763
INTERNAL; 22; 22; 0; 3393; INTERNAL; 21; 21; 0; 980
INTERNAL; 21; 21; 0; 980; INTERNAL; 20; 20; 0; 3321
INTERNAL; 21; 21; 0; 980; INTERNAL; 20; 20; 0; 979
INTERNAL; 20; 20; 0; 979; INTERNAL; 19; 19; 0; 978
INTERNAL; 19; 19; 0; 978; INTERNAL; 2; 18; 16; 973
INTERNAL; 2; 18; 16; 973; INPUT; 1; 17; 16; 989
INTERNAL; 2; 18; 16; 973; INPUT; 1; 17; 16; 893
INTERNAL; 20; 20; 0; 979; INTERNAL; 19; 19; 0; 4002
INTERNAL; 20; 20; 0; 979; INTERNAL; 19; 19; 0; 977
INTERNAL; 21; 21; 0; 980; INTERNAL; 20; 20; 0; 4773
INTERNAL; 22; 22; 0; 3393; INTERNAL; 21; 21; 0; 1229
INTERNAL; 21; 21; 0; 1229; INTERNAL; 20; 20; 0; 891
INTERNAL; 20; 20; 0; 891; INTERNAL; 16; 19; 3; 889
INTERNAL; 23; 23; 0; 1148; INTERNAL; 20; 22; 2; 2239
INTERNAL; 23; 23; 0; 1148; INTERNAL; 22; 22; 0; 4080
INTERNAL; 22; 22; 0; 4080; INTERNAL; 20; 21; 1; 888
INTERNAL; 23; 23; 0; 1148; INTERNAL; 20; 22; 2; 2254
INTERNAL; 24; 24; 0; 2959; INTERNAL; 23; 23; 0; 3779
INTERNAL; 23; 23; 0; 3779; INTERNAL; 20; 22; 2; 3889
INTERNAL; 25; 27; 2; 1922; INTERNAL; 22; 26; 4; 884
INTERNAL; 31; 31; 0; 874; INTERNAL; 30; 30; 0; 873
INTERNAL; 30; 30; 0; 873; INTERNAL; 29; 29; 0; 2880
INTERNAL; 29; 29; 0; 2880; INTERNAL; 28; 28; 0; 4367
INTERNAL; 28; 28; 0; 4367; INTERNAL; 27; 27; 0; 1473
INTERNAL; 27; 27; 0; 1473; INTERNAL; 26; 26; 0; 984
INTERNAL; 26; 26; 0; 984; INTERNAL; 25; 25; 0; 983
INTERNAL; 25; 25; 0; 983; INTERNAL; 20; 24; 4; 4469
INTERNAL; 25; 25; 0; 983; INTERNAL; 20; 24; 4; 2388
INTERNAL; 26; 26; 0; 984; INTERNAL; 25; 25; 0; 1639
INTERNAL; 25; 25; 0; 1639; INTERNAL; 24; 24; 0; 2227
INTERNAL; 24; 24; 0; 2227; INTERNAL; 2; 23; 21; 2730
INTERNAL; 2; 23; 21; 2730; INPUT; 1; 22; 21; 996
INTERNAL; 2; 23; 21; 2730; INPUT; 1; 22; 21; 3319
INTERNAL; 25; 25; 0; 1639; INTERNAL; 24; 24; 0; 2162
INTERNAL; 25; 25; 0; 1639; INTERNAL; 24; 24; 0; 981
INTERNAL; 25; 25; 0; 1639; INTERNAL; 24; 24; 0; 1345
INTERNAL; 26; 26; 0; 984; INTERNAL; 25; 25; 0; 982
INTERNAL; 27; 27; 0; 1473; INTERNAL; 26; 26; 0; 985
INTERNAL; 26; 26; 0; 985; INTERNAL; 25; 25; 0; 886
INTERNAL; 27; 27; 0; 1473; INTERNAL; 25; 26; 1; 974
INTERNAL; 27; 27; 0; 1473; INTERNAL; 25; 26; 1; 1553
INTERNAL; 25; 26; 1; 1553; INTERNAL; 21; 25; 4; 885
INTERNAL; 28; 28; 0; 4367; INTERNAL; 25; 27; 2; 883
INTERNAL; 25; 27; 2; 883; INTERNAL; 23; 26; 3; 4596
INTERNAL; 28; 28; 0; 4367; INTERNAL; 25; 26; 1; 4168
INTERNAL; 28; 28; 0; 4367; INTERNAL; 27; 27; 0; 986
INTERNAL; 29; 29; 0; 2880; INTERNAL; 28; 28; 0; 4038
INTERNAL; 28; 28; 0; 4038; INTERNAL; 26; 27; 1; 987
INTERNAL; 35; 39; 4; 1465; INTERNAL; 33; 37; 4; 868
INTERNAL; 33; 37; 4; 868; INTERNAL; 30; 32; 2; 999
INTERNAL; 30; 32; 2; 999; INTERNAL; 28; 31; 3; 872
INTERNAL; 28; 31; 3; 872; INTERNAL; 27; 30; 3; 3604
INTERNAL; 28; 31; 3; 872; INTERNAL; 27; 30; 3; 2795
INTERNAL; 33; 37; 4; 868; INTERNAL; 30; 32; 2; 997
INTERNAL; 33; 37; 4; 868; INTERNAL; 32; 32; 0; 3897
INTERNAL; 32; 32; 0; 3897; INTERNAL; 30; 31; 1; 994
INTERNAL; 30; 31; 1; 994; INTERNAL; 26; 30; 4; 877
INTERNAL; 30; 31; 1; 994; INTERNAL; 26; 30; 4; 876
INTERNAL; 32; 32; 0; 3897; INTERNAL; 31; 31; 0; 995
INTERNAL; 31; 31; 0; 995; INTERNAL; 30; 30; 0; 2945
INTERNAL; 30; 30; 0; 2945; INTERNAL; 25; 29; 4; 879
INTERNAL; 31; 31; 0; 995; INTERNAL; 30; 30; 0; 3221
INTERNAL; 31; 31; 0; 995; INTERNAL; 30; 30; 0; 993
INTERNAL; 30; 30; 0; 993; INTERNAL; 29; 29; 0; 4374
INTERNAL; 29; 29; 0; 4374; INTERNAL; 24; 28; 4; 880
INTERNAL; 30; 30; 0; 993; INTERNAL; 29; 29; 0; 990
INTERNAL; 30; 30; 0; 993; INTERNAL; 29; 29; 0; 991
INTERNAL; 29; 29; 0; 991; INTERNAL; 2; 28; 26; 988
INTERNAL; 2; 28; 26; 988; INPUT; 1; 27; 26; 882
INTERNAL; 2; 28; 26; 988; INPUT; 1; 27; 26; 4714
INTERNAL; 32; 32; 0; 3897; INTERNAL; 30; 31; 1; 1961
INTERNAL; 35; 39; 4; 1465; INTERNAL; 34; 34; 0; 2560
INTERNAL; 34; 34; 0; 2560; INTERNAL; 33; 33; 0; 4786
INTERNAL; 34; 34; 0; 2560; INTERNAL; 30; 33; 3; 1001
INTERNAL; 30; 33; 3; 1001; INTERNAL; 28; 31; 3; 875
INTERNAL; 34; 34; 0; 2560; INTERNAL; 33; 33; 0; 3836
INTERNAL; 33; 33; 0; 3836; INTERNAL; 32; 32; 0; 3642
INTERNAL; 40; 40; 0; 3598; INTERNAL; 39; 39; 0; 1024
INTERNAL; 39; 39; 0; 1024; INTERNAL; 38; 38; 0; 1521
INTERNAL; 38; 38; 0; 1521; INTERNAL; 37; 37; 0; 1016
INTERNAL; 37; 37; 0; 1016; INTERNAL; 35; 36; 1; 1011
INTERNAL; 35; 36; 1; 1011; INTERNAL; 30; 34; 4; 2972
INTERNAL; 37; 37; 0; 1016; INTERNAL; 36; 36; 0; 1012
INTERNAL; 36; 36; 0; 1012; INTERNAL; 35; 35; 0; 1815
INTERNAL; 35; 35; 0; 1815; INTERNAL; 34; 34; 0; 1005
INTERNAL; 35; 35; 0; 1815; INTERNAL; 34; 34; 0; 1007
INTERNAL; 34; 34; 0; 1007; INTERNAL; 2; 33; 31; 1002
INTERNAL; 2; 33; 31; 1002; INPUT; 1; 32; 31; 2777
INTERNAL; 2; 33; 31; 1002; INPUT; 1; 32; 31; 871
INTERNAL; 35; 35; 0; 1815; INTERNAL; 34; 34; 0; 1004
INTERNAL; 36; 36; 0; 1012; INTERNAL; 35; 35; 0; 1009
INTERNAL; 36; 36; 0; 1012; INTERNAL; 35; 35; 0; 1008
INTERNAL; 37; 37; 0; 1016; INTERNAL; 35; 36; 1; 4776
INTERNAL; 35; 36; 1; 4776; INTERNAL; 31; 35; 4; 869
INTERNAL; 35; 36; 1; 4776; INTERNAL; 31; 35; 4; 3983
INTERNAL; 38; 38; 0; 1521; INTERNAL; 35; 37; 2; 1684
INTERNAL; 38; 38; 0; 1521; INTERNAL; 37; 37; 0; 1015
INTERNAL; 38; 38; 0; 1521; INTERNAL; 35; 37; 2; 1014
INTERNAL; 39; 39; 0; 1024; INTERNAL; 38; 38; 0; 1021
INTERNAL; 39; 39; 0; 1024; INTERNAL; 35; 38; 3; 1019
INTERNAL; 39; 39; 0; 1024; INTERNAL; 36; 38; 2; 1017
INTERNAL; 36; 38; 2; 1017; INTERNAL; 35; 37; 2; 2466
INTERNAL; 39; 39; 0; 1024; INTERNAL; 35; 38; 3; 3286
INTERNAL; 40; 40; 0; 3598; INTERNAL; 39; 39; 0; 1149
INTERNAL; 44; 44; 0; 1036; INTERNAL; 43; 43; 0; 1033
INTERNAL; 43; 43; 0; 1033; INTERNAL; 42; 42; 0; 1029
INTERNAL; 42; 42; 0; 1029; INTERNAL; 41; 41; 0; 1026
INTERNAL; 41; 41; 0; 1026; INTERNAL; 40; 40; 0; 4174
INTERNAL; 41; 41; 0; 1026; INTERNAL; 40; 40; 0; 4137
INTERNAL; 41; 41; 0; 1026; INTERNAL; 40; 40; 0; 4310
INTERNAL; 40; 40; 0; 4310; INTERNAL; 2; 39; 37; 1022
INTERNAL; 2; 39; 37; 1022; INPUT; 1; 38; 37; 867
INTERNAL; 2; 39; 37; 1022; INPUT; 1; 38; 37; 1065
INTERNAL; 42; 42; 0; 1029; INTERNAL; 41; 41; 0; 1025
INTERNAL; 42; 42; 0; 1029; INTERNAL; 41; 41; 0; 1027
INTERNAL; 43; 43; 0; 1033; INTERNAL; 42; 42; 0; 1030
INTERNAL; 42; 42; 0; 1030; INTERNAL; 41; 41; 0; 3955
INTERNAL; 41; 41; 0; 3955; INTERNAL; 35; 40; 5; 3396
INTERNAL; 43; 43; 0; 1033; INTERNAL; 41; 42; 1; 1031
INTERNAL; 44; 44; 0; 1036; INTERNAL; 41; 43; 2; 865
INTERNAL; 44; 44; 0; 1036; INTERNAL; 43; 43; 0; 1034
INTERNAL; 43; 43; 0; 1034; INTERNAL; 41; 42; 1; 866
INTERNAL; 45; 45; 0; 1663; INTERNAL; 44; 44; 0; 1035
INTERNAL; 45; 45; 0; 1663; INTERNAL; 41; 44; 3; 2365
INTERNAL; 45; 45; 0; 1663; INTERNAL; 41; 44; 3; 4578
INTERNAL; 46; 46; 0; 1043; INTERNAL; 45; 45; 0; 1037
INTERNAL; 46; 46; 0; 1043; INTERNAL; 41; 44; 3; 3259
INTERNAL; 46; 46; 0; 1043; INTERNAL; 41; 45; 4; 1038
INTERNAL; 46; 46; 0; 1043; INTERNAL; 41; 45; 4; 863
INTERNAL; 41; 45; 4; 863; INTERNAL; 39; 44; 5; 1607
INTERNAL; 47; 47; 0; 4092; INTERNAL; 46; 46; 0; 1041
INTERNAL; 46; 46; 0; 1041; INTERNAL; 42; 45; 3; 1040
INTERNAL; 157; 157; 0; 1340; INTERNAL; 156; 156; 0; 4260
INTERNAL; 156; 156; 0; 4260; INTERNAL; 155; 155; 0; 4899
INTERNAL; 155; 155; 0; 4899; INTERNAL; 154; 154; 0; 2191
INTERNAL; 154; 154; 0; 2191; INTERNAL; 87; 87; 0; 2670
INTERNAL; 87; 87; 0; 2670; INTERNAL; 86; 86; 0; 1154
INTERNAL; 86; 86; 0; 1154; INTERNAL; 85; 85; 0; 1147
INTERNAL; 85; 85; 0; 1147; INTERNAL; 79; 84; 5; 2593
INTERNAL; 79; 84; 5; 2593; INTERNAL; 78; 78; 0; 3059
INTERNAL; 78; 78; 0; 3059; INTERNAL; 77; 77; 0; 1415
INTERNAL; 77; 77; 0; 1415; INTERNAL; 76; 76; 0; 1131
INTERNAL; 76; 76; 0; 1131; INTERNAL; 75; 75; 0; 1128
INTERNAL; 75; 75; 0; 1128; INTERNAL; 74; 74; 0; 2832
INTERNAL; 74; 74; 0; 2832; INTERNAL; 73; 73; 0; 1123
INTERNAL; 73; 73; 0; 1123; INTERNAL; 70; 72; 2; 1120
INTERNAL; 70; 72; 2; 1120; INTERNAL; 63; 63; 0; 1099
INTERNAL; 63; 63; 0; 1099; INTERNAL; 62; 62; 0; 1429
INTERNAL; 62; 62; 0; 1429; INTERNAL; 55; 61; 6; 838
INTERNAL; 55; 61; 6; 838; INTERNAL; 54; 54; 0; 4391
INTERNAL; 54; 54; 0; 4391; INTERNAL; 2; 46; 44; 1045
INTERNAL; 2; 46; 44; 1045; INPUT; 1; 45; 44; 1089
INTERNAL; 2; 46; 44; 1045; INPUT; 1; 45; 44; 1061
INTERNAL; 54; 54; 0; 4391; INTERNAL; 53; 53; 0; 2420
INTERNAL; 53; 53; 0; 2420; INTERNAL; 48; 52; 4; 4815
INTERNAL; 48; 52; 4; 4815; INTERNAL; 45; 51; 6; 854
INTERNAL; 53; 53; 0; 2420; INTERNAL; 49; 52; 3; 1060
INTERNAL; 49; 52; 3; 1060; INTERNAL; 48; 51; 3; 855
INTERNAL; 49; 52; 3; 1060; INTERNAL; 46; 51; 5; 856
INTERNAL; 53; 53; 0; 2420; INTERNAL; 52; 52; 0; 3902
INTERNAL; 52; 52; 0; 3902; INTERNAL; 51; 51; 0; 3510
INTERNAL; 51; 51; 0; 3510; INTERNAL; 50; 50; 0; 2929
INTERNAL; 50; 50; 0; 2929; INTERNAL; 49; 49; 0; 1051
INTERNAL; 49; 49; 0; 1051; INTERNAL; 48; 48; 0; 1048
INTERNAL; 48; 48; 0; 1048; INTERNAL; 47; 47; 0; 1047
INTERNAL; 48; 48; 0; 1048; INTERNAL; 47; 47; 0; 1576
INTERNAL; 48; 48; 0; 1048; INTERNAL; 47; 47; 0; 4969
INTERNAL; 49; 49; 0; 1051; INTERNAL; 48; 48; 0; 1050
INTERNAL; 48; 48; 0; 1050; INTERNAL; 41; 47; 6; 862
INTERNAL; 48; 48; 0; 1050; INTERNAL; 41; 47; 6; 2991
INTERNAL; 49; 49; 0; 1051; INTERNAL; 48; 48; 0; 1049
INTERNAL; 48; 48; 0; 1049; INTERNAL; 47; 47; 0; 4095
INTERNAL; 50; 50; 0; 2929; INTERNAL; 48; 49; 1; 2087
INTERNAL; 50; 50; 0; 2929; INTERNAL; 48; 49; 1; 1054
INTERNAL; 48; 49; 1; 1054; INTERNAL; 42; 48; 6; 859
INTERNAL; 50; 50; 0; 2929; INTERNAL; 49; 49; 0; 1053
INTERNAL; 49; 49; 0; 1053; INTERNAL; 48; 48; 0; 860
INTERNAL; 51; 51; 0; 3510; INTERNAL; 48; 50; 2; 1056
INTERNAL; 48; 50; 2; 1056; INTERNAL; 43; 49; 6; 858
INTERNAL; 51; 51; 0; 3510; INTERNAL; 50; 50; 0; 2845
INTERNAL; 52; 52; 0; 3902; INTERNAL; 51; 51; 0; 4887
INTERNAL; 51; 51; 0; 4887; INTERNAL; 48; 50; 2; 3479
INTERNAL; 52; 52; 0; 3902; INTERNAL; 48; 51; 3; 1057
INTERNAL; 48; 51; 3; 1057; INTERNAL; 44; 50; 6; 1872
INTERNAL; 53; 53; 0; 2420; INTERNAL; 52; 52; 0; 1059
INTERNAL; 52; 52; 0; 1059; INTERNAL; 48; 51; 3; 1836
INTERNAL; 54; 54; 0; 4391; INTERNAL; 53; 53; 0; 1063
INTERNAL; 53; 53; 0; 1063; INTERNAL; 48; 52; 4; 4122
INTERNAL; 62; 62; 0; 1429; INTERNAL; 61; 61; 0; 2812
INTERNAL; 61; 61; 0; 2812; INTERNAL; 60; 60; 0; 1088
INTERNAL; 60; 60; 0; 1088; INTERNAL; 55; 59; 4; 1083
INTERNAL; 55; 59; 4; 1083; INTERNAL; 54; 54; 0; 2747
INTERNAL; 55; 59; 4; 1083; INTERNAL; 52; 58; 6; 842
INTERNAL; 60; 60; 0; 1088; INTERNAL; 55; 59; 4; 4882
INTERNAL; 55; 59; 4; 4882; INTERNAL; 53; 58; 5; 3709
INTERNAL; 55; 59; 4; 4882; INTERNAL; 53; 58; 5; 841
INTERNAL; 60; 60; 0; 1088; INTERNAL; 55; 59; 4; 1081
INTERNAL; 60; 60; 0; 1088; INTERNAL; 59; 59; 0; 1084
INTERNAL; 59; 59; 0; 1084; INTERNAL; 56; 58; 2; 1076
INTERNAL; 56; 58; 2; 1076; INTERNAL; 55; 57; 2; 845
INTERNAL; 59; 59; 0; 1084; INTERNAL; 58; 58; 0; 1080
INTERNAL; 58; 58; 0; 1080; INTERNAL; 55; 57; 2; 1074
INTERNAL; 55; 57; 2; 1074; INTERNAL; 50; 56; 6; 848
INTERNAL; 58; 58; 0; 1080; INTERNAL; 57; 57; 0; 1741
INTERNAL; 57; 57; 0; 1741; INTERNAL; 56; 56; 0; 1073
INTERNAL; 56; 56; 0; 1073; INTERNAL; 55; 55; 0; 1068
INTERNAL; 56; 56; 0; 1073; INTERNAL; 55; 55; 0; 1069
INTERNAL; 55; 55; 0; 1069; INTERNAL; 48; 54; 6; 852
INTERNAL; 56; 56; 0; 1073; INTERNAL; 55; 55; 0; 1806
INTERNAL; 55; 55; 0; 1806; INTERNAL; 54; 54; 0; 2905
INTERNAL; 54; 54; 0; 2905; INTERNAL; 47; 53; 6; 1003
INTERNAL; 55; 55; 0; 1806; INTERNAL; 54; 54; 0; 1066
INTERNAL; 54; 54; 0; 1066; INTERNAL; 2; 53; 51; 1064
INTERNAL; 2; 53; 51; 1064; INPUT; 1; 52; 51; 3386
INTERNAL; 2; 53; 51; 1064; INPUT; 1; 52; 51; 853
INTERNAL; 57; 57; 0; 1741; INTERNAL; 55; 56; 1; 1070
INTERNAL; 55; 56; 1; 1070; INTERNAL; 49; 55; 6; 850
INTERNAL; 55; 56; 1; 1070; INTERNAL; 49; 55; 6; 849
INTERNAL; 57; 57; 0; 1741; INTERNAL; 55; 56; 1; 1071
INTERNAL; 58; 58; 0; 1080; INTERNAL; 55; 57; 2; 2185
INTERNAL; 59; 59; 0; 1084; INTERNAL; 55; 58; 3; 1075
INTERNAL; 55; 58; 3; 1075; INTERNAL; 51; 57; 6; 844
INTERNAL; 55; 58; 3; 1075; INTERNAL; 51; 57; 6; 843
INTERNAL; 61; 61; 0; 2812; INTERNAL; 55; 60; 5; 1085
INTERNAL; 61; 61; 0; 2812; INTERNAL; 60; 60; 0; 4434
INTERNAL; 60; 60; 0; 4434; INTERNAL; 55; 59; 4; 840
INTERNAL; 63; 63; 0; 1099; INTERNAL; 62; 62; 0; 2003
INTERNAL; 62; 62; 0; 2003; INTERNAL; 61; 61; 0; 1090
INTERNAL; 62; 62; 0; 2003; INTERNAL; 61; 61; 0; 2243
INTERNAL; 62; 62; 0; 2003; INTERNAL; 61; 61; 0; 1939
INTERNAL; 61; 61; 0; 1939; INTERNAL; 2; 60; 58; 1087
INTERNAL; 2; 60; 58; 1087; INPUT; 1; 59; 58; 3822
INTERNAL; 2; 60; 58; 1087; INPUT; 1; 59; 58; 839
INTERNAL; 63; 63; 0; 1099; INTERNAL; 62; 62; 0; 1092
INTERNAL; 70; 72; 2; 1120; INTERNAL; 62; 63; 1; 1094
INTERNAL; 70; 72; 2; 1120; INTERNAL; 69; 69; 0; 2882
INTERNAL; 69; 69; 0; 2882; INTERNAL; 68; 68; 0; 2783
INTERNAL; 68; 68; 0; 2783; INTERNAL; 67; 67; 0; 4017
INTERNAL; 67; 67; 0; 4017; INTERNAL; 62; 66; 4; 1119
INTERNAL; 67; 67; 0; 4017; INTERNAL; 66; 66; 0; 4698
INTERNAL; 66; 66; 0; 4698; INTERNAL; 65; 65; 0; 1103
INTERNAL; 65; 65; 0; 1103; INTERNAL; 62; 64; 2; 3513
INTERNAL; 65; 65; 0; 1103; INTERNAL; 64; 64; 0; 1100
INTERNAL; 64; 64; 0; 1100; INTERNAL; 62; 63; 1; 1096
INTERNAL; 65; 65; 0; 1103; INTERNAL; 62; 64; 2; 2489
INTERNAL; 66; 66; 0; 4698; INTERNAL; 62; 65; 3; 2637
INTERNAL; 66; 66; 0; 4698; INTERNAL; 62; 65; 3; 1102
INTERNAL; 67; 67; 0; 4017; INTERNAL; 62; 66; 4; 1104
INTERNAL; 68; 68; 0; 2783; INTERNAL; 62; 67; 5; 1107
INTERNAL; 68; 68; 0; 2783; INTERNAL; 62; 67; 5; 1106
INTERNAL; 68; 68; 0; 2783; INTERNAL; 62; 66; 4; 1916
INTERNAL; 69; 69; 0; 2882; INTERNAL; 68; 68; 0; 1821
INTERNAL; 68; 68; 0; 1821; INTERNAL; 63; 67; 4; 1105
INTERNAL; 63; 67; 4; 1105; INTERNAL; 60; 66; 6; 836
INTERNAL; 69; 69; 0; 2882; INTERNAL; 62; 68; 6; 1108
INTERNAL; 73; 73; 0; 1123; INTERNAL; 70; 72; 2; 830
INTERNAL; 73; 73; 0; 1123; INTERNAL; 72; 72; 0; 1118
INTERNAL; 72; 72; 0; 1118; INTERNAL; 70; 71; 1; 831
INTERNAL; 72; 72; 0; 1118; INTERNAL; 70; 71; 1; 1117
INTERNAL; 72; 72; 0; 1118; INTERNAL; 71; 71; 0; 1116
INTERNAL; 71; 71; 0; 1116; INTERNAL; 70; 70; 0; 1113
INTERNAL; 70; 70; 0; 1113; INTERNAL; 69; 69; 0; 1556
INTERNAL; 69; 69; 0; 1556; INTERNAL; 2; 68; 66; 1109
INTERNAL; 2; 68; 66; 1109; INPUT; 1; 67; 66; 834
INTERNAL; 2; 68; 66; 1109; INPUT; 1; 67; 66; 3103
INTERNAL; 70; 70; 0; 1113; INTERNAL; 69; 69; 0; 1110
INTERNAL; 70; 70; 0; 1113; INTERNAL; 69; 69; 0; 833
INTERNAL; 71; 71; 0; 1116; INTERNAL; 70; 70; 0; 1111
INTERNAL; 71; 71; 0; 1116; INTERNAL; 70; 70; 0; 1115
INTERNAL; 72; 72; 0; 1118; INTERNAL; 71; 71; 0; 4738
INTERNAL; 71; 71; 0; 4738; INTERNAL; 70; 70; 0; 832
INTERNAL; 70; 70; 0; 832; INTERNAL; 62; 69; 7; 4898
INTERNAL; 73; 73; 0; 1123; INTERNAL; 72; 72; 0; 2671
INTERNAL; 74; 74; 0; 2832; INTERNAL; 73; 73; 0; 1121
INTERNAL; 74; 74; 0; 2832; INTERNAL; 70; 73; 3; 1124
INTERNAL; 75; 75; 0; 1128; INTERNAL; 70; 74; 4; 1127
INTERNAL; 75; 75; 0; 1128; INTERNAL; 74; 74; 0; 1126
INTERNAL; 74; 74; 0; 1126; INTERNAL; 70; 73; 3; 828
INTERNAL; 76; 76; 0; 1131; INTERNAL; 70; 75; 5; 4222
INTERNAL; 76; 76; 0; 1131; INTERNAL; 75; 75; 0; 1129
INTERNAL; 75; 75; 0; 1129; INTERNAL; 70; 74; 4; 2204
INTERNAL; 77; 77; 0; 1415; INTERNAL; 70; 76; 6; 1132
INTERNAL; 77; 77; 0; 1415; INTERNAL; 76; 76; 0; 1130
INTERNAL; 76; 76; 0; 1130; INTERNAL; 70; 75; 5; 4627
INTERNAL; 77; 77; 0; 1415; INTERNAL; 70; 76; 6; 1133
INTERNAL; 70; 76; 6; 1133; INTERNAL; 68; 75; 7; 1482
INTERNAL; 70; 76; 6; 1133; INTERNAL; 68; 75; 7; 827
INTERNAL; 78; 78; 0; 3059; INTERNAL; 77; 77; 0; 4100
INTERNAL; 77; 77; 0; 4100; INTERNAL; 70; 76; 6; 824
INTERNAL; 77; 77; 0; 4100; INTERNAL; 70; 76; 6; 826
INTERNAL; 79; 84; 5; 2593; INTERNAL; 75; 83; 8; 2967
INTERNAL; 85; 85; 0; 1147; INTERNAL; 84; 84; 0; 1145
INTERNAL; 84; 84; 0; 1145; INTERNAL; 83; 83; 0; 3163
INTERNAL; 83; 83; 0; 3163; INTERNAL; 79; 82; 3; 2973
INTERNAL; 79; 82; 3; 2973; INTERNAL; 73; 81; 8; 4315
INTERNAL; 83; 83; 0; 3163; INTERNAL; 82; 82; 0; 1143
INTERNAL; 82; 82; 0; 1143; INTERNAL; 81; 81; 0; 2644
INTERNAL; 81; 81; 0; 2644; INTERNAL; 80; 80; 0; 1139
INTERNAL; 80; 80; 0; 1139; INTERNAL; 79; 79; 0; 1138
INTERNAL; 79; 79; 0; 1138; INTERNAL; 70; 78; 8; 3009
INTERNAL; 79; 79; 0; 1138; INTERNAL; 70; 78; 8; 2354
INTERNAL; 80; 80; 0; 1139; INTERNAL; 79; 79; 0; 4287
INTERNAL; 79; 79; 0; 4287; INTERNAL; 78; 78; 0; 1565
INTERNAL; 78; 78; 0; 1565; INTERNAL; 2; 77; 75; 4463
INTERNAL; 2; 77; 75; 4463; INPUT; 1; 76; 75; 1185
INTERNAL; 2; 77; 75; 4463; INPUT; 1; 76; 75; 1151
INTERNAL; 79; 79; 0; 4287; INTERNAL; 78; 78; 0; 1134
INTERNAL; 79; 79; 0; 4287; INTERNAL; 78; 78; 0; 3438
INTERNAL; 79; 79; 0; 4287; INTERNAL; 78; 78; 0; 1136
INTERNAL; 80; 80; 0; 1139; INTERNAL; 79; 79; 0; 4224
INTERNAL; 81; 81; 0; 2644; INTERNAL; 79; 80; 1; 1141
INTERNAL; 79; 80; 1; 1141; INTERNAL; 71; 79; 8; 821
INTERNAL; 81; 81; 0; 2644; INTERNAL; 80; 80; 0; 1444
INTERNAL; 80; 80; 0; 1444; INTERNAL; 79; 79; 0; 822
INTERNAL; 82; 82; 0; 1143; INTERNAL; 81; 81; 0; 2485
INTERNAL; 81; 81; 0; 2485; INTERNAL; 79; 80; 1; 3005
INTERNAL; 82; 82; 0; 1143; INTERNAL; 79; 81; 2; 820
INTERNAL; 82; 82; 0; 1143; INTERNAL; 79; 81; 2; 1710
INTERNAL; 79; 81; 2; 1710; INTERNAL; 72; 80; 8; 4540
INTERNAL; 83; 83; 0; 3163; INTERNAL; 82; 82; 0; 1142
INTERNAL; 83; 83; 0; 3163; INTERNAL; 79; 82; 3; 2270
INTERNAL; 84; 84; 0; 1145; INTERNAL; 79; 83; 4; 1144
INTERNAL; 79; 83; 4; 1144; INTERNAL; 74; 82; 8; 819
INTERNAL; 84; 84; 0; 1145; INTERNAL; 79; 83; 4; 818
INTERNAL; 84; 84; 0; 1145; INTERNAL; 83; 83; 0; 4537
INTERNAL; 85; 85; 0; 1147; INTERNAL; 84; 84; 0; 3229
INTERNAL; 85; 85; 0; 1147; INTERNAL; 79; 84; 5; 4601
INTERNAL; 86; 86; 0; 1154; INTERNAL; 79; 85; 6; 2120
INTERNAL; 79; 85; 6; 2120; INTERNAL; 76; 84; 8; 1438
INTERNAL; 86; 86; 0; 1154; INTERNAL; 85; 85; 0; 1146
INTERNAL; 86; 86; 0; 1154; INTERNAL; 80; 85; 5; 1150
INTERNAL; 80; 85; 5; 1150; INTERNAL; 79; 84; 5; 1067
INTERNAL; 80; 85; 5; 1150; INTERNAL; 77; 84; 7; 816
INTERNAL; 87; 87; 0; 2670; INTERNAL; 86; 86; 0; 3991
INTERNAL; 86; 86; 0; 3991; INTERNAL; 79; 85; 6; 814
INTERNAL; 154; 154; 0; 2191; INTERNAL; 153; 153; 0; 2467
INTERNAL; 153; 153; 0; 2467; INTERNAL; 117; 117; 0; 3023
INTERNAL; 117; 117; 0; 3023; INTERNAL; 116; 116; 0; 1236
INTERNAL; 116; 116; 0; 1236; INTERNAL; 115; 115; 0; 1233
INTERNAL; 115; 115; 0; 1233; INTERNAL; 107; 114; 7; 776
INTERNAL; 107; 114; 7; 776; INTERNAL; 106; 106; 0; 2666
INTERNAL; 106; 106; 0; 2666; INTERNAL; 105; 105; 0; 1212
INTERNAL; 105; 105; 0; 1212; INTERNAL; 97; 104; 7; 4526
INTERNAL; 97; 104; 7; 4526; INTERNAL; 88; 94; 6; 1174
INTERNAL; 97; 104; 7; 4526; INTERNAL; 94; 94; 0; 1177
INTERNAL; 94; 94; 0; 1177; INTERNAL; 88; 93; 5; 2927
INTERNAL; 88; 93; 5; 2927; INTERNAL; 84; 91; 7; 803
INTERNAL; 88; 93; 5; 2927; INTERNAL; 84; 91; 7; 4832
INTERNAL; 94; 94; 0; 1177; INTERNAL; 93; 93; 0; 1346
INTERNAL; 93; 93; 0; 1346; INTERNAL; 88; 92; 4; 1169
INTERNAL; 93; 93; 0; 1346; INTERNAL; 88; 92; 4; 1170
INTERNAL; 88; 92; 4; 1170; INTERNAL; 83; 91; 8; 804
INTERNAL; 93; 93; 0; 1346; INTERNAL; 92; 92; 0; 2798
INTERNAL; 92; 92; 0; 2798; INTERNAL; 88; 91; 3; 1166
INTERNAL; 92; 92; 0; 2798; INTERNAL; 91; 91; 0; 2435
INTERNAL; 91; 91; 0; 2435; INTERNAL; 88; 90; 2; 3600
INTERNAL; 88; 90; 2; 3600; INTERNAL; 82; 89; 7; 808
INTERNAL; 82; 89; 7; 808; INTERNAL; 81; 88; 7; 809
INTERNAL; 82; 89; 7; 808; INTERNAL; 81; 88; 7; 810
INTERNAL; 91; 91; 0; 2435; INTERNAL; 90; 90; 0; 3202
INTERNAL; 90; 90; 0; 3202; INTERNAL; 88; 89; 1; 1161
INTERNAL; 88; 89; 1; 1161; INTERNAL; 80; 88; 8; 4848
INTERNAL; 88; 89; 1; 1161; INTERNAL; 80; 88; 8; 4515
INTERNAL; 90; 90; 0; 3202; INTERNAL; 88; 89; 1; 1162
INTERNAL; 90; 90; 0; 3202; INTERNAL; 89; 89; 0; 2288
INTERNAL; 89; 89; 0; 2288; INTERNAL; 88; 88; 0; 1159
INTERNAL; 88; 88; 0; 1159; INTERNAL; 79; 87; 8; 812
INTERNAL; 89; 89; 0; 2288; INTERNAL; 88; 88; 0; 1158
INTERNAL; 89; 89; 0; 2288; INTERNAL; 88; 88; 0; 1160
INTERNAL; 88; 88; 0; 1160; INTERNAL; 87; 87; 0; 1155
INTERNAL; 87; 87; 0; 1155; INTERNAL; 78; 86; 8; 1799
INTERNAL; 88; 88; 0; 1160; INTERNAL; 87; 87; 0; 4845
INTERNAL; 88; 88; 0; 1160; INTERNAL; 87; 87; 0; 1156
INTERNAL; 87; 87; 0; 1156; INTERNAL; 2; 86; 84; 3588
INTERNAL; 2; 86; 84; 3588; INPUT; 1; 85; 84; 1305
INTERNAL; 2; 86; 84; 3588; INPUT; 1; 85; 84; 1178
INTERNAL; 91; 91; 0; 2435; INTERNAL; 88; 90; 2; 4117
INTERNAL; 92; 92; 0; 2798; INTERNAL; 88; 91; 3; 1167
INTERNAL; 88; 91; 3; 1167; INTERNAL; 82; 90; 8; 805
INTERNAL; 94; 94; 0; 1177; INTERNAL; 88; 93; 5; 1171
INTERNAL; 88; 93; 5; 1171; INTERNAL; 85; 92; 7; 1269
INTERNAL; 97; 104; 7; 4526; INTERNAL; 96; 96; 0; 2497
INTERNAL; 96; 96; 0; 2497; INTERNAL; 95; 95; 0; 1183
INTERNAL; 95; 95; 0; 1183; INTERNAL; 89; 94; 5; 1172
INTERNAL; 89; 94; 5; 1172; INTERNAL; 88; 93; 5; 800
INTERNAL; 89; 94; 5; 1172; INTERNAL; 86; 93; 7; 802
INTERNAL; 95; 95; 0; 1183; INTERNAL; 88; 94; 6; 1176
INTERNAL; 88; 94; 6; 1176; INTERNAL; 85; 93; 8; 4840
INTERNAL; 96; 96; 0; 2497; INTERNAL; 88; 95; 7; 1179
INTERNAL; 96; 96; 0; 2497; INTERNAL; 95; 95; 0; 1180
INTERNAL; 105; 105; 0; 1212; INTERNAL; 97; 103; 6; 2823
INTERNAL; 105; 105; 0; 1212; INTERNAL; 104; 104; 0; 1210
INTERNAL; 104; 104; 0; 1210; INTERNAL; 103; 103; 0; 3926
INTERNAL; 103; 103; 0; 3926; INTERNAL; 97; 102; 5; 1201
INTERNAL; 103; 103; 0; 3926; INTERNAL; 97; 102; 5; 1203
INTERNAL; 103; 103; 0; 3926; INTERNAL; 102; 102; 0; 1496
INTERNAL; 102; 102; 0; 1496; INTERNAL; 97; 101; 4; 1876
INTERNAL; 102; 102; 0; 1496; INTERNAL; 101; 101; 0; 1216
INTERNAL; 101; 101; 0; 1216; INTERNAL; 97; 100; 3; 1197
INTERNAL; 101; 101; 0; 1216; INTERNAL; 97; 100; 3; 3738
INTERNAL; 101; 101; 0; 1216; INTERNAL; 100; 100; 0; 1198
INTERNAL; 100; 100; 0; 1198; INTERNAL; 97; 99; 2; 3100
INTERNAL; 100; 100; 0; 1198; INTERNAL; 99; 99; 0; 1196
INTERNAL; 99; 99; 0; 1196; INTERNAL; 97; 98; 1; 1193
INTERNAL; 97; 98; 1; 1193; INTERNAL; 88; 96; 8; 796
INTERNAL; 99; 99; 0; 1196; INTERNAL; 98; 98; 0; 1194
INTERNAL; 98; 98; 0; 1194; INTERNAL; 97; 97; 0; 1189
INTERNAL; 97; 97; 0; 1189; INTERNAL; 96; 96; 0; 1665
INTERNAL; 97; 97; 0; 1189; INTERNAL; 96; 96; 0; 1186
INTERNAL; 96; 96; 0; 1186; INTERNAL; 2; 95; 93; 1570
INTERNAL; 2; 95; 93; 1570; INPUT; 1; 94; 93; 1411
INTERNAL; 2; 95; 93; 1570; INPUT; 1; 94; 93; 797
INTERNAL; 97; 97; 0; 1189; INTERNAL; 96; 96; 0; 1409
INTERNAL; 98; 98; 0; 1194; INTERNAL; 97; 97; 0; 1187
INTERNAL; 98; 98; 0; 1194; INTERNAL; 97; 97; 0; 1188
INTERNAL; 99; 99; 0; 1196; INTERNAL; 97; 98; 1; 1192
INTERNAL; 99; 99; 0; 1196; INTERNAL; 98; 98; 0; 1190
INTERNAL; 100; 100; 0; 1198; INTERNAL; 97; 99; 2; 1195
INTERNAL; 102; 102; 0; 1496; INTERNAL; 97; 101; 4; 1200
INTERNAL; 104; 104; 0; 1210; INTERNAL; 97; 103; 6; 1206
INTERNAL; 97; 103; 6; 1206; INTERNAL; 94; 102; 8; 794
INTERNAL; 97; 103; 6; 1206; INTERNAL; 94; 102; 8; 793
INTERNAL; 104; 104; 0; 1210; INTERNAL; 97; 103; 6; 1205
INTERNAL; 105; 105; 0; 1212; INTERNAL; 97; 104; 7; 1207
INTERNAL; 106; 106; 0; 2666; INTERNAL; 105; 105; 0; 1887
INTERNAL; 105; 105; 0; 1887; INTERNAL; 98; 104; 6; 1739
INTERNAL; 98; 104; 6; 1739; INTERNAL; 95; 103; 8; 792
INTERNAL; 106; 106; 0; 2666; INTERNAL; 97; 105; 8; 4429
INTERNAL; 107; 114; 7; 776; INTERNAL; 104; 113; 9; 777
INTERNAL; 107; 114; 7; 776; INTERNAL; 104; 113; 9; 778
INTERNAL; 115; 115; 0; 1233; INTERNAL; 114; 114; 0; 4234
INTERNAL; 114; 114; 0; 4234; INTERNAL; 107; 113; 6; 779
INTERNAL; 107; 113; 6; 779; INTERNAL; 103; 112; 9; 780
INTERNAL; 107; 113; 6; 779; INTERNAL; 103; 112; 9; 782
INTERNAL; 114; 114; 0; 4234; INTERNAL; 113; 113; 0; 1513
INTERNAL; 113; 113; 0; 1513; INTERNAL; 107; 112; 5; 2317
INTERNAL; 107; 112; 5; 2317; INTERNAL; 102; 111; 9; 3478
INTERNAL; 107; 112; 5; 2317; INTERNAL; 102; 111; 9; 785
INTERNAL; 113; 113; 0; 1513; INTERNAL; 112; 112; 0; 1573
INTERNAL; 112; 112; 0; 1573; INTERNAL; 111; 111; 0; 3252
INTERNAL; 111; 111; 0; 3252; INTERNAL; 110; 110; 0; 1223
INTERNAL; 110; 110; 0; 1223; INTERNAL; 107; 109; 2; 1221
INTERNAL; 107; 109; 2; 1221; INTERNAL; 100; 108; 8; 4303
INTERNAL; 100; 108; 8; 4303; INTERNAL; 98; 107; 9; 2685
INTERNAL; 100; 108; 8; 4303; INTERNAL; 99; 107; 8; 3995
INTERNAL; 99; 107; 8; 3995; INTERNAL; 98; 106; 8; 3826
INTERNAL; 110; 110; 0; 1223; INTERNAL; 109; 109; 0; 1220
INTERNAL; 109; 109; 0; 1220; INTERNAL; 108; 108; 0; 2187
INTERNAL; 108; 108; 0; 2187; INTERNAL; 107; 107; 0; 1215
INTERNAL; 108; 108; 0; 2187; INTERNAL; 107; 107; 0; 1213
INTERNAL; 107; 107; 0; 1213; INTERNAL; 106; 106; 0; 2762
INTERNAL; 107; 107; 0; 1213; INTERNAL; 106; 106; 0; 1532
INTERNAL; 106; 106; 0; 1532; INTERNAL; 2; 105; 103; 1388
INTERNAL; 2; 105; 103; 1388; INPUT; 1; 104; 103; 2449
INTERNAL; 2; 105; 103; 1388; INPUT; 1; 104; 103; 3395
INTERNAL; 108; 108; 0; 2187; INTERNAL; 107; 107; 0; 1214
INTERNAL; 107; 107; 0; 1214; INTERNAL; 106; 106; 0; 3867
INTERNAL; 109; 109; 0; 1220; INTERNAL; 108; 108; 0; 1217
INTERNAL; 108; 108; 0; 1217; INTERNAL; 107; 107; 0; 791
INTERNAL; 107; 107; 0; 791; INTERNAL; 97; 106; 9; 790
INTERNAL; 109; 109; 0; 1220; INTERNAL; 107; 108; 1; 1182
INTERNAL; 109; 109; 0; 1220; INTERNAL; 107; 108; 1; 1218
INTERNAL; 110; 110; 0; 1223; INTERNAL; 109; 109; 0; 1219
INTERNAL; 111; 111; 0; 3252; INTERNAL; 110; 110; 0; 1224
INTERNAL; 110; 110; 0; 1224; INTERNAL; 107; 109; 2; 789
INTERNAL; 111; 111; 0; 3252; INTERNAL; 107; 110; 3; 1586
INTERNAL; 112; 112; 0; 1573; INTERNAL; 111; 111; 0; 1225
INTERNAL; 111; 111; 0; 1225; INTERNAL; 107; 110; 3; 787
INTERNAL; 112; 112; 0; 1573; INTERNAL; 107; 111; 4; 1227
INTERNAL; 113; 113; 0; 1513; INTERNAL; 112; 112; 0; 1230
INTERNAL; 112; 112; 0; 1230; INTERNAL; 107; 111; 4; 786
INTERNAL; 114; 114; 0; 4234; INTERNAL; 113; 113; 0; 2330
INTERNAL; 113; 113; 0; 2330; INTERNAL; 107; 112; 5; 783
INTERNAL; 114; 114; 0; 4234; INTERNAL; 107; 113; 6; 4653
INTERNAL; 115; 115; 0; 1233; INTERNAL; 114; 114; 0; 1231
INTERNAL; 115; 115; 0; 1233; INTERNAL; 107; 114; 7; 1232
INTERNAL; 116; 116; 0; 1236; INTERNAL; 107; 115; 8; 2024
INTERNAL; 107; 115; 8; 2024; INTERNAL; 105; 113; 8; 774
INTERNAL; 107; 115; 8; 2024; INTERNAL; 105; 113; 8; 773
INTERNAL; 116; 116; 0; 1236; INTERNAL; 108; 115; 7; 1235
INTERNAL; 108; 115; 7; 1235; INTERNAL; 107; 114; 7; 3248
INTERNAL; 108; 115; 7; 1235; INTERNAL; 105; 114; 9; 1552
INTERNAL; 116; 116; 0; 1236; INTERNAL; 115; 115; 0; 3403
INTERNAL; 117; 117; 0; 3023; INTERNAL; 116; 116; 0; 1237
INTERNAL; 116; 116; 0; 1237; INTERNAL; 107; 115; 8; 772
INTERNAL; 153; 153; 0; 2467; INTERNAL; 152; 152; 0; 3967
INTERNAL; 152; 152; 0; 3967; INTERNAL; 128; 128; 0; 2532
INTERNAL; 128; 128; 0; 2532; INTERNAL; 127; 127; 0; 1266
INTERNAL; 127; 127; 0; 1266; INTERNAL; 126; 126; 0; 1706
INTERNAL; 126; 126; 0; 1706; INTERNAL; 118; 125; 7; 3322
INTERNAL; 118; 125; 7; 3322; INTERNAL; 114; 124; 10; 1734
INTERNAL; 126; 126; 0; 1706; INTERNAL; 125; 125; 0; 1257
INTERNAL; 125; 125; 0; 1257; INTERNAL; 124; 124; 0; 1255
INTERNAL; 124; 124; 0; 1255; INTERNAL; 118; 123; 5; 3374
INTERNAL; 124; 124; 0; 1255; INTERNAL; 123; 123; 0; 2268
INTERNAL; 123; 123; 0; 2268; INTERNAL; 122; 122; 0; 3908
INTERNAL; 122; 122; 0; 3908; INTERNAL; 121; 121; 0; 4368
INTERNAL; 121; 121; 0; 4368; INTERNAL; 118; 120; 2; 3982
INTERNAL; 121; 121; 0; 4368; INTERNAL; 120; 120; 0; 1245
INTERNAL; 120; 120; 0; 1245; INTERNAL; 119; 119; 0; 1243
INTERNAL; 119; 119; 0; 1243; INTERNAL; 118; 118; 0; 1242
INTERNAL; 118; 118; 0; 1242; INTERNAL; 107; 117; 10; 768
INTERNAL; 118; 118; 0; 1242; INTERNAL; 107; 117; 10; 771
INTERNAL; 119; 119; 0; 1243; INTERNAL; 118; 118; 0; 1241
INTERNAL; 118; 118; 0; 1241; INTERNAL; 117; 117; 0; 1238
INTERNAL; 117; 117; 0; 1238; INTERNAL; 2; 116; 114; 2257
INTERNAL; 2; 116; 114; 2257; INPUT; 1; 115; 114; 1263
INTERNAL; 2; 116; 114; 2257; INPUT; 1; 115; 114; 3844
INTERNAL; 118; 118; 0; 1241; INTERNAL; 117; 117; 0; 1239
INTERNAL; 118; 118; 0; 1241; INTERNAL; 117; 117; 0; 1240
INTERNAL; 119; 119; 0; 1243; INTERNAL; 118; 118; 0; 1285
INTERNAL; 118; 118; 0; 1285; INTERNAL; 117; 117; 0; 4487
INTERNAL; 120; 120; 0; 1245; INTERNAL; 119; 119; 0; 1244
INTERNAL; 119; 119; 0; 1244; INTERNAL; 118; 118; 0; 3271
INTERNAL; 120; 120; 0; 1245; INTERNAL; 118; 119; 1; 3542
INTERNAL; 118; 119; 1; 3542; INTERNAL; 108; 118; 10; 766
INTERNAL; 120; 120; 0; 1245; INTERNAL; 118; 119; 1; 3494
INTERNAL; 121; 121; 0; 4368; INTERNAL; 118; 120; 2; 1247
INTERNAL; 118; 120; 2; 1247; INTERNAL; 109; 119; 10; 765
INTERNAL; 121; 121; 0; 4368; INTERNAL; 120; 120; 0; 2159
INTERNAL; 122; 122; 0; 3908; INTERNAL; 118; 121; 3; 4823
INTERNAL; 122; 122; 0; 3908; INTERNAL; 118; 121; 3; 1251
INTERNAL; 118; 121; 3; 1251; INTERNAL; 110; 120; 10; 764
INTERNAL; 122; 122; 0; 3908; INTERNAL; 121; 121; 0; 1250
INTERNAL; 123; 123; 0; 2268; INTERNAL; 118; 122; 4; 2175
INTERNAL; 118; 122; 4; 2175; INTERNAL; 111; 121; 10; 763
INTERNAL; 123; 123; 0; 2268; INTERNAL; 122; 122; 0; 3227
INTERNAL; 124; 124; 0; 1255; INTERNAL; 123; 123; 0; 1252
INTERNAL; 123; 123; 0; 1252; INTERNAL; 118; 122; 4; 2775
INTERNAL; 124; 124; 0; 1255; INTERNAL; 118; 123; 5; 4252
INTERNAL; 118; 123; 5; 4252; INTERNAL; 112; 122; 10; 4691
INTERNAL; 125; 125; 0; 1257; INTERNAL; 118; 124; 6; 1256
INTERNAL; 118; 124; 6; 1256; INTERNAL; 113; 123; 10; 1603
INTERNAL; 125; 125; 0; 1257; INTERNAL; 124; 124; 0; 1254
INTERNAL; 126; 126; 0; 1706; INTERNAL; 118; 125; 7; 795
INTERNAL; 126; 126; 0; 1706; INTERNAL; 125; 125; 0; 1259
INTERNAL; 125; 125; 0; 1259; INTERNAL; 118; 124; 6; 761
INTERNAL; 127; 127; 0; 1266; INTERNAL; 118; 126; 8; 1261
INTERNAL; 118; 126; 8; 1261; INTERNAL; 115; 125; 10; 759
INTERNAL; 127; 127; 0; 1266; INTERNAL; 119; 126; 7; 1262
INTERNAL; 119; 126; 7; 1262; INTERNAL; 116; 125; 9; 760
INTERNAL; 119; 126; 7; 1262; INTERNAL; 118; 125; 7; 1062
INTERNAL; 127; 127; 0; 1266; INTERNAL; 126; 126; 0; 1260
INTERNAL; 128; 128; 0; 2532; INTERNAL; 127; 127; 0; 1265
INTERNAL; 127; 127; 0; 1265; INTERNAL; 118; 126; 8; 1827
INTERNAL; 152; 152; 0; 3967; INTERNAL; 151; 151; 0; 1326
INTERNAL; 151; 151; 0; 1326; INPUT; 1; 137; 136; 1322
INTERNAL; 151; 151; 0; 1326; INTERNAL; 2; 150; 148; 1324
INTERNAL; 2; 150; 148; 1324; INPUT; 1; 149; 148; 1353
INTERNAL; 2; 150; 148; 1324; INPUT; 1; 149; 148; 741
INTERNAL; 151; 151; 0; 1326; INTERNAL; 150; 150; 0; 3093
INTERNAL; 150; 150; 0; 3093; INTERNAL; 141; 149; 8; 1320
INTERNAL; 141; 149; 8; 1320; INTERNAL; 139; 139; 0; 3050
INTERNAL; 139; 139; 0; 3050; INTERNAL; 138; 138; 0; 3784
INTERNAL; 138; 138; 0; 3784; INTERNAL; 129; 136; 7; 1274
INTERNAL; 138; 138; 0; 3784; INTERNAL; 129; 137; 8; 3021
INTERNAL; 129; 137; 8; 3021; INTERNAL; 126; 136; 10; 747
INTERNAL; 138; 138; 0; 3784; INTERNAL; 129; 137; 8; 1808
INTERNAL; 138; 138; 0; 3784; INTERNAL; 137; 137; 0; 3811
INTERNAL; 137; 137; 0; 3811; INTERNAL; 129; 136; 7; 1957
INTERNAL; 129; 136; 7; 1957; INTERNAL; 125; 135; 10; 2626
INTERNAL; 137; 137; 0; 3811; INTERNAL; 136; 136; 0; 1292
INTERNAL; 136; 136; 0; 1292; INTERNAL; 129; 135; 6; 1286
INTERNAL; 136; 136; 0; 1292; INTERNAL; 135; 135; 0; 1289
INTERNAL; 135; 135; 0; 1289; INTERNAL; 129; 134; 5; 4029
INTERNAL; 135; 135; 0; 1289; INTERNAL; 129; 134; 5; 4676
INTERNAL; 129; 134; 5; 4676; INTERNAL; 123; 133; 10; 752
INTERNAL; 135; 135; 0; 1289; INTERNAL; 134; 134; 0; 2035
INTERNAL; 134; 134; 0; 2035; INTERNAL; 129; 133; 4; 4796
INTERNAL; 129; 133; 4; 4796; INTERNAL; 122; 132; 10; 753
INTERNAL; 134; 134; 0; 2035; INTERNAL; 133; 133; 0; 4617
INTERNAL; 133; 133; 0; 4617; INTERNAL; 132; 132; 0; 1284
INTERNAL; 132; 132; 0; 1284; INTERNAL; 129; 131; 2; 1280
INTERNAL; 129; 131; 2; 1280; INTERNAL; 120; 129; 9; 4533
INTERNAL; 129; 131; 2; 1280; INTERNAL; 120; 129; 9; 755
INTERNAL; 132; 132; 0; 1284; INTERNAL; 129; 131; 2; 1281
INTERNAL; 129; 131; 2; 1281; INTERNAL; 121; 130; 9; 754
INTERNAL; 132; 132; 0; 1284; INTERNAL; 131; 131; 0; 3728
INTERNAL; 131; 131; 0; 3728; INTERNAL; 129; 130; 1; 1276
INTERNAL; 129; 130; 1; 1276; INTERNAL; 119; 129; 10; 756
INTERNAL; 129; 130; 1; 1276; INTERNAL; 119; 129; 10; 3517
INTERNAL; 131; 131; 0; 3728; INTERNAL; 130; 130; 0; 3528
INTERNAL; 130; 130; 0; 3528; INTERNAL; 129; 129; 0; 1273
INTERNAL; 129; 129; 0; 1273; INTERNAL; 128; 128; 0; 1268
INTERNAL; 129; 129; 0; 1273; INTERNAL; 128; 128; 0; 1271
INTERNAL; 128; 128; 0; 1271; INTERNAL; 2; 127; 125; 1267
INTERNAL; 2; 127; 125; 1267; INPUT; 1; 126; 125; 4831
INTERNAL; 2; 127; 125; 1267; INPUT; 1; 126; 125; 1294
INTERNAL; 129; 129; 0; 1273; INTERNAL; 128; 128; 0; 1270
INTERNAL; 128; 128; 0; 1270; INTERNAL; 117; 127; 10; 758
INTERNAL; 130; 130; 0; 3528; INTERNAL; 129; 129; 0; 1272
INTERNAL; 129; 129; 0; 1272; INTERNAL; 118; 128; 10; 757
INTERNAL; 130; 130; 0; 3528; INTERNAL; 129; 129; 0; 1988
INTERNAL; 131; 131; 0; 3728; INTERNAL; 129; 130; 1; 1277
INTERNAL; 133; 133; 0; 4617; INTERNAL; 129; 132; 3; 4597
INTERNAL; 133; 133; 0; 4617; INTERNAL; 129; 132; 3; 1282
INTERNAL; 129; 132; 3; 1282; INTERNAL; 121; 131; 10; 1912
INTERNAL; 134; 134; 0; 2035; INTERNAL; 129; 133; 4; 4851
INTERNAL; 136; 136; 0; 1292; INTERNAL; 129; 135; 6; 1288
INTERNAL; 129; 135; 6; 1288; INTERNAL; 124; 134; 10; 751
INTERNAL; 137; 137; 0; 3811; INTERNAL; 129; 136; 7; 1291
INTERNAL; 139; 139; 0; 3050; INTERNAL; 129; 138; 9; 3589
INTERNAL; 129; 138; 9; 3589; INTERNAL; 127; 136; 9; 749
INTERNAL; 139; 139; 0; 3050; INTERNAL; 138; 138; 0; 1296
INTERNAL; 138; 138; 0; 1296; INTERNAL; 130; 137; 7; 1293
INTERNAL; 141; 149; 8; 1320; INTERNAL; 138; 148; 10; 743
INTERNAL; 141; 149; 8; 1320; INTERNAL; 140; 148; 8; 3448
INTERNAL; 140; 148; 8; 3448; INTERNAL; 138; 147; 9; 4373
INTERNAL; 140; 148; 8; 3448; INTERNAL; 138; 147; 9; 742
INTERNAL; 150; 150; 0; 3093; INTERNAL; 149; 149; 0; 4039
INTERNAL; 149; 149; 0; 4039; INTERNAL; 140; 148; 8; 1317
INTERNAL; 140; 148; 8; 1317; INTERNAL; 136; 146; 10; 745
INTERNAL; 140; 148; 8; 1317; INTERNAL; 136; 146; 10; 744
INTERNAL; 149; 149; 0; 4039; INTERNAL; 148; 148; 0; 1319
INTERNAL; 148; 148; 0; 1319; INTERNAL; 140; 147; 7; 1314
INTERNAL; 148; 148; 0; 1319; INTERNAL; 147; 147; 0; 1316
INTERNAL; 147; 147; 0; 1316; INTERNAL; 140; 146; 6; 4953
INTERNAL; 140; 146; 6; 4953; INTERNAL; 135; 145; 10; 1575
INTERNAL; 140; 146; 6; 4953; INTERNAL; 135; 145; 10; 3813
INTERNAL; 147; 147; 0; 1316; INTERNAL; 146; 146; 0; 2246
INTERNAL; 146; 146; 0; 2246; INTERNAL; 140; 145; 5; 1311
INTERNAL; 146; 146; 0; 2246; INTERNAL; 145; 145; 0; 1312
INTERNAL; 145; 145; 0; 1312; INTERNAL; 140; 144; 4; 4621
INTERNAL; 145; 145; 0; 1312; INTERNAL; 144; 144; 0; 1309
INTERNAL; 144; 144; 0; 1309; INTERNAL; 140; 143; 3; 2025
INTERNAL; 144; 144; 0; 1309; INTERNAL; 143; 143; 0; 3937
INTERNAL; 143; 143; 0; 3937; INTERNAL; 142; 142; 0; 1908
INTERNAL; 142; 142; 0; 1908; INTERNAL; 141; 141; 0; 2576
INTERNAL; 141; 141; 0; 2576; INTERNAL; 140; 140; 0; 1302
INTERNAL; 140; 140; 0; 1302; INTERNAL; 139; 139; 0; 1301
INTERNAL; 139; 139; 0; 1301; INTERNAL; 2; 138; 136; 1295
INTERNAL; 2; 138; 136; 1295; INPUT; 1; 137; 136; 3719
INTERNAL; 140; 140; 0; 1302; INTERNAL; 139; 139; 0; 1299
INTERNAL; 140; 140; 0; 1302; INTERNAL; 139; 139; 0; 1300
INTERNAL; 141; 141; 0; 2576; INTERNAL; 140; 140; 0; 3194
INTERNAL; 141; 141; 0; 2576; INTERNAL; 140; 140; 0; 4836
INTERNAL; 142; 142; 0; 1908; INTERNAL; 141; 141; 0; 3787
INTERNAL; 142; 142; 0; 1908; INTERNAL; 140; 141; 1; 1303
INTERNAL; 142; 142; 0; 1908; INTERNAL; 140; 141; 1; 1888
INTERNAL; 143; 143; 0; 3937; INTERNAL; 140; 142; 2; 1623
INTERNAL; 143; 143; 0; 3937; INTERNAL; 140; 142; 2; 1306
INTERNAL; 144; 144; 0; 1309; INTERNAL; 140; 143; 3; 1307
INTERNAL; 145; 145; 0; 1312; INTERNAL; 140; 144; 4; 1308
INTERNAL; 146; 146; 0; 2246; INTERNAL; 140; 145; 5; 1310
INTERNAL; 147; 147; 0; 1316; INTERNAL; 140; 146; 6; 4311
INTERNAL; 148; 148; 0; 1319; INTERNAL; 140; 147; 7; 1313
INTERNAL; 149; 149; 0; 4039; INTERNAL; 140; 148; 8; 1318
INTERNAL; 150; 150; 0; 3093; INTERNAL; 140; 149; 9; 2808
INTERNAL; 150; 150; 0; 3093; INTERNAL; 140; 149; 9; 1321
INTERNAL; 151; 151; 0; 1326; INTERNAL; 150; 150; 0; 3549
INTERNAL; 151; 151; 0; 1326; INTERNAL; 140; 150; 10; 1323
INTERNAL; 152; 152; 0; 3967; INTERNAL; 151; 151; 0; 1325
INTERNAL; 153; 153; 0; 2467; INTERNAL; 152; 152; 0; 1683
INTERNAL; 152; 152; 0; 1683; INTERNAL; 140; 151; 11; 3073
INTERNAL; 152; 152; 0; 1683; INTERNAL; 151; 151; 0; 2356
INTERNAL; 153; 153; 0; 2467; INTERNAL; 152; 152; 0; 2377
INTERNAL; 153; 153; 0; 2467; INTERNAL; 152; 152; 0; 1327
INTERNAL; 152; 152; 0; 1327; INTERNAL; 151; 151; 0; 740
INTERNAL; 154; 154; 0; 2191; INTERNAL; 152; 153; 1; 739
INTERNAL; 152; 153; 1; 739; INTERNAL; 141; 152; 11; 737
INTERNAL; 152; 153; 1; 739; INTERNAL; 141; 152; 11; 2439
INTERNAL; 154; 154; 0; 2191; INTERNAL; 152; 153; 1; 1330
INTERNAL; 154; 154; 0; 2191; INTERNAL; 153; 153; 0; 1329
INTERNAL; 155; 155; 0; 4899; INTERNAL; 152; 154; 2; 735
INTERNAL; 152; 154; 2; 735; INTERNAL; 142; 153; 11; 736
INTERNAL; 155; 155; 0; 4899; INTERNAL; 152; 154; 2; 4841
INTERNAL; 155; 155; 0; 4899; INTERNAL; 154; 154; 0; 1331
INTERNAL; 156; 156; 0; 4260; INTERNAL; 155; 155; 0; 1334
INTERNAL; 156; 156; 0; 4260; INTERNAL; 152; 155; 3; 3108
INTERNAL; 156; 156; 0; 4260; INTERNAL; 152; 155; 3; 1336
INTERNAL; 157; 157; 0; 1340; INTERNAL; 156; 156; 0; 1338
INTERNAL; 157; 157; 0; 1340; INTERNAL; 152; 156; 4; 734
INTERNAL; 157; 157; 0; 1340; INTERNAL; 152; 156; 4; 1339
INTERNAL; 158; 158; 0; 2615; INTERNAL; 157; 157; 0; 3619
INTERNAL; 158; 158; 0; 2615; INTERNAL; 152; 157; 5; 1342
INTERNAL; 159; 159; 0; 1343; INTERNAL; 152; 158; 6; 1938
INTERNAL; 152; 158; 6; 1938; INTERNAL; 146; 157; 11; 731
INTERNAL; 152; 158; 6; 1938; INTERNAL; 146; 157; 11; 732
INTERNAL; 159; 159; 0; 1343; INTERNAL; 152; 158; 6; 3815
INTERNAL; 159; 159; 0; 1343; INTERNAL; 158; 158; 0; 1394
INTERNAL; 158; 158; 0; 1394; INTERNAL; 152; 157; 5; 733
INTERNAL; 160; 172; 12; 711; INTERNAL; 159; 159; 0; 1898
INTERNAL; 160; 172; 12; 711; INTERNAL; 152; 159; 7; 1504
INTERNAL; 152; 159; 7; 1504; INTERNAL; 147; 158; 11; 4094
INTERNAL; 152; 159; 7; 1504; INTERNAL; 147; 158; 11; 3045
INTERNAL; 165; 173; 8; 3943; INTERNAL; 164; 164; 0; 2408
INTERNAL; 164; 164; 0; 2408; INTERNAL; 163; 163; 0; 1354
INTERNAL; 163; 163; 0; 1354; INTERNAL; 152; 162; 10; 725
INTERNAL; 152; 162; 10; 725; INTERNAL; 150; 161; 11; 728
INTERNAL; 163; 163; 0; 1354; INTERNAL; 162; 162; 0; 1434
INTERNAL; 162; 162; 0; 1434; INTERNAL; 152; 161; 9; 1350
INTERNAL; 152; 161; 9; 1350; INTERNAL; 149; 160; 11; 2570
INTERNAL; 152; 161; 9; 1350; INTERNAL; 149; 160; 11; 4082
INTERNAL; 162; 162; 0; 1434; INTERNAL; 161; 161; 0; 1349
INTERNAL; 161; 161; 0; 1349; INTERNAL; 160; 160; 0; 2018
INTERNAL; 160; 160; 0; 2018; INTERNAL; 152; 159; 7; 922
INTERNAL; 161; 161; 0; 1349; INTERNAL; 160; 160; 0; 1347
INTERNAL; 161; 161; 0; 1349; INTERNAL; 152; 160; 8; 1348
INTERNAL; 152; 160; 8; 1348; INTERNAL; 148; 159; 11; 1374
INTERNAL; 152; 160; 8; 1348; INTERNAL; 148; 159; 11; 729
INTERNAL; 162; 162; 0; 1434; INTERNAL; 161; 161; 0; 4394
INTERNAL; 161; 161; 0; 4394; INTERNAL; 152; 160; 8; 1079
INTERNAL; 163; 163; 0; 1354; INTERNAL; 162; 162; 0; 1351
INTERNAL; 162; 162; 0; 1351; INTERNAL; 152; 161; 9; 2916
INTERNAL; 163; 163; 0; 1354; INTERNAL; 152; 162; 10; 1352
INTERNAL; 152; 162; 10; 1352; INTERNAL; 150; 160; 10; 726
INTERNAL; 152; 162; 10; 1352; INTERNAL; 150; 160; 10; 727
INTERNAL; 163; 163; 0; 1354; INTERNAL; 152; 161; 9; 2771
INTERNAL; 164; 164; 0; 2408; INTERNAL; 163; 163; 0; 3960
INTERNAL; 163; 163; 0; 3960; INTERNAL; 153; 162; 9; 1923
INTERNAL; 178; 187; 9; 1420; INTERNAL; 173; 173; 0; 4389
INTERNAL; 173; 173; 0; 4389; INTERNAL; 165; 172; 7; 1809
INTERNAL; 165; 172; 7; 1809; INTERNAL; 159; 171; 12; 4593
INTERNAL; 173; 173; 0; 4389; INTERNAL; 172; 172; 0; 1373
INTERNAL; 172; 172; 0; 1373; INTERNAL; 165; 171; 6; 1372
INTERNAL; 165; 171; 6; 1372; INTERNAL; 158; 170; 12; 4408
INTERNAL; 172; 172; 0; 1373; INTERNAL; 171; 171; 0; 1371
INTERNAL; 171; 171; 0; 1371; INTERNAL; 165; 170; 5; 712
INTERNAL; 171; 171; 0; 1371; INTERNAL; 170; 170; 0; 4972
INTERNAL; 170; 170; 0; 4972; INTERNAL; 169; 169; 0; 1367
INTERNAL; 169; 169; 0; 1367; INTERNAL; 168; 168; 0; 1366
INTERNAL; 168; 168; 0; 1366; INTERNAL; 167; 167; 0; 1365
INTERNAL; 167; 167; 0; 1365; INTERNAL; 166; 166; 0; 1361
INTERNAL; 166; 166; 0; 1361; INTERNAL; 165; 165; 0; 1358
INTERNAL; 165; 165; 0; 1358; INTERNAL; 164; 164; 0; 1356
INTERNAL; 164; 164; 0; 1356; INTERNAL; 2; 163; 161; 2464
INTERNAL; 2; 163; 161; 2464; INPUT; 1; 162; 161; 1433
INTERNAL; 2; 163; 161; 2464; INPUT; 1; 162; 161; 1383
INTERNAL; 165; 165; 0; 1358; INTERNAL; 164; 164; 0; 1355
INTERNAL; 165; 165; 0; 1358; INTERNAL; 164; 164; 0; 2540
INTERNAL; 166; 166; 0; 1361; INTERNAL; 165; 165; 0; 1359
INTERNAL; 165; 165; 0; 1359; INTERNAL; 152; 164; 12; 723
INTERNAL; 165; 165; 0; 1359; INTERNAL; 152; 164; 12; 722
INTERNAL; 166; 166; 0; 1361; INTERNAL; 165; 165; 0; 2195
INTERNAL; 165; 165; 0; 2195; INTERNAL; 164; 164; 0; 724
INTERNAL; 167; 167; 0; 1365; INTERNAL; 165; 166; 1; 3348
INTERNAL; 165; 166; 1; 3348; INTERNAL; 153; 165; 12; 717
INTERNAL; 167; 167; 0; 1365; INTERNAL; 166; 166; 0; 1363
INTERNAL; 166; 166; 0; 1363; INTERNAL; 165; 165; 0; 718
INTERNAL; 167; 167; 0; 1365; INTERNAL; 165; 166; 1; 1906
INTERNAL; 165; 166; 1; 1906; INTERNAL; 154; 165; 11; 1788
INTERNAL; 165; 166; 1; 1906; INTERNAL; 154; 165; 11; 4028
INTERNAL; 168; 168; 0; 1366; INTERNAL; 165; 167; 2; 1756
INTERNAL; 168; 168; 0; 1366; INTERNAL; 167; 167; 0; 3307
INTERNAL; 168; 168; 0; 1366; INTERNAL; 165; 167; 2; 716
INTERNAL; 169; 169; 0; 1367; INTERNAL; 168; 168; 0; 1430
INTERNAL; 169; 169; 0; 1367; INTERNAL; 165; 168; 3; 2063
INTERNAL; 165; 168; 3; 2063; INTERNAL; 155; 167; 12; 3381
INTERNAL; 169; 169; 0; 1367; INTERNAL; 165; 168; 3; 1738
INTERNAL; 170; 170; 0; 4972; INTERNAL; 169; 169; 0; 3530
INTERNAL; 170; 170; 0; 4972; INTERNAL; 165; 169; 4; 1368
INTERNAL; 165; 169; 4; 1368; INTERNAL; 156; 168; 12; 715
INTERNAL; 170; 170; 0; 4972; INTERNAL; 165; 169; 4; 713
INTERNAL; 171; 171; 0; 1371; INTERNAL; 170; 170; 0; 3923
INTERNAL; 171; 171; 0; 1371; INTERNAL; 165; 170; 5; 4442
INTERNAL; 165; 170; 5; 4442; INTERNAL; 157; 169; 12; 4681
INTERNAL; 172; 172; 0; 1373; INTERNAL; 171; 171; 0; 1370
INTERNAL; 173; 173; 0; 4389; INTERNAL; 172; 172; 0; 1375
INTERNAL; 172; 172; 0; 1375; INTERNAL; 165; 171; 6; 2629
INTERNAL; 178; 187; 9; 1420; INTERNAL; 177; 177; 0; 3190
INTERNAL; 177; 177; 0; 3190; INTERNAL; 176; 176; 0; 4523
INTERNAL; 176; 176; 0; 4523; INTERNAL; 175; 175; 0; 1382
INTERNAL; 175; 175; 0; 1382; INTERNAL; 174; 174; 0; 1380
INTERNAL; 174; 174; 0; 1380; INTERNAL; 173; 173; 0; 1376
INTERNAL; 173; 173; 0; 1376; INTERNAL; 165; 172; 7; 4780
INTERNAL; 174; 174; 0; 1380; INTERNAL; 165; 173; 8; 709
INTERNAL; 175; 175; 0; 1382; INTERNAL; 165; 174; 9; 1381
INTERNAL; 165; 174; 9; 1381; INTERNAL; 161; 173; 12; 878
INTERNAL; 175; 175; 0; 1382; INTERNAL; 174; 174; 0; 1379
INTERNAL; 176; 176; 0; 4523; INTERNAL; 165; 175; 10; 704
INTERNAL; 165; 175; 10; 704; INTERNAL; 163; 174; 11; 2309
INTERNAL; 176; 176; 0; 4523; INTERNAL; 165; 174; 9; 707
INTERNAL; 176; 176; 0; 4523; INTERNAL; 165; 175; 10; 3417
INTERNAL; 165; 175; 10; 3417; INTERNAL; 162; 174; 12; 705
INTERNAL; 176; 176; 0; 4523; INTERNAL; 175; 175; 0; 3203
INTERNAL; 175; 175; 0; 3203; INTERNAL; 165; 174; 9; 708
INTERNAL; 177; 177; 0; 3190; INTERNAL; 176; 176; 0; 2518
INTERNAL; 176; 176; 0; 2518; INTERNAL; 166; 175; 9; 1936
INTERNAL; 188; 188; 0; 1425; INTERNAL; 187; 187; 0; 1421
INTERNAL; 187; 187; 0; 1421; INTERNAL; 178; 186; 8; 1903
INTERNAL; 187; 187; 0; 1421; INTERNAL; 186; 186; 0; 1419
INTERNAL; 186; 186; 0; 1419; INTERNAL; 178; 185; 7; 4962
INTERNAL; 186; 186; 0; 1419; INTERNAL; 185; 185; 0; 1416
INTERNAL; 185; 185; 0; 1416; INTERNAL; 184; 184; 0; 1413
INTERNAL; 184; 184; 0; 1413; INTERNAL; 178; 183; 5; 1917
INTERNAL; 178; 183; 5; 1917; INTERNAL; 170; 182; 12; 2179
INTERNAL; 184; 184; 0; 1413; INTERNAL; 178; 183; 5; 1408
INTERNAL; 184; 184; 0; 1413; INTERNAL; 183; 183; 0; 1410
INTERNAL; 183; 183; 0; 1410; INTERNAL; 178; 182; 4; 2994
INTERNAL; 183; 183; 0; 1410; INTERNAL; 182; 182; 0; 1792
INTERNAL; 182; 182; 0; 1792; INTERNAL; 178; 181; 3; 1403
INTERNAL; 178; 181; 3; 1403; INTERNAL; 168; 180; 12; 4956
INTERNAL; 182; 182; 0; 1792; INTERNAL; 181; 181; 0; 1406
INTERNAL; 181; 181; 0; 1406; INTERNAL; 180; 180; 0; 1400
INTERNAL; 180; 180; 0; 1400; INTERNAL; 178; 179; 1; 1396
INTERNAL; 178; 179; 1; 1396; INTERNAL; 166; 178; 12; 1013
INTERNAL; 178; 179; 1; 1396; INTERNAL; 166; 178; 12; 3551
INTERNAL; 180; 180; 0; 1400; INTERNAL; 178; 179; 1; 1395
INTERNAL; 180; 180; 0; 1400; INTERNAL; 179; 179; 0; 1397
INTERNAL; 179; 179; 0; 1397; INTERNAL; 178; 178; 0; 1393
INTERNAL; 178; 178; 0; 1393; INTERNAL; 177; 177; 0; 4492
INTERNAL; 177; 177; 0; 4492; INTERNAL; 164; 176; 12; 2622
INTERNAL; 178; 178; 0; 1393; INTERNAL; 177; 177; 0; 2624
INTERNAL; 177; 177; 0; 2624; INTERNAL; 2; 176; 174; 1385
INTERNAL; 2; 176; 174; 1385; INPUT; 1; 175; 174; 2897
INTERNAL; 2; 176; 174; 1385; INPUT; 1; 175; 174; 1426
INTERNAL; 178; 178; 0; 1393; INTERNAL; 177; 177; 0; 1387
INTERNAL; 179; 179; 0; 1397; INTERNAL; 178; 178; 0; 1389
INTERNAL; 178; 178; 0; 1389; INTERNAL; 165; 176; 11; 4396
INTERNAL; 178; 178; 0; 1389; INTERNAL; 165; 176; 11; 3846
INTERNAL; 179; 179; 0; 1397; INTERNAL; 178; 178; 0; 1390
INTERNAL; 178; 178; 0; 1390; INTERNAL; 166; 177; 11; 1364
INTERNAL; 181; 181; 0; 1406; INTERNAL; 178; 180; 2; 2736
INTERNAL; 178; 180; 2; 2736; INTERNAL; 167; 179; 12; 703
INTERNAL; 178; 180; 2; 2736; INTERNAL; 167; 179; 12; 702
INTERNAL; 181; 181; 0; 1406; INTERNAL; 178; 180; 2; 1398
INTERNAL; 182; 182; 0; 1792; INTERNAL; 178; 181; 3; 1402
INTERNAL; 183; 183; 0; 1410; INTERNAL; 178; 182; 4; 1407
INTERNAL; 178; 182; 4; 1407; INTERNAL; 169; 181; 12; 701
INTERNAL; 185; 185; 0; 1416; INTERNAL; 178; 184; 6; 3424
INTERNAL; 178; 184; 6; 3424; INTERNAL; 171; 183; 12; 2550
INTERNAL; 185; 185; 0; 1416; INTERNAL; 178; 184; 6; 1412
INTERNAL; 186; 186; 0; 1419; INTERNAL; 178; 185; 7; 1414
INTERNAL; 178; 185; 7; 1414; INTERNAL; 172; 184; 12; 700
INTERNAL; 187; 187; 0; 1421; INTERNAL; 178; 186; 8; 1418
INTERNAL; 178; 186; 8; 1418; INTERNAL; 173; 185; 12; 4532
INTERNAL; 188; 188; 0; 1425; INTERNAL; 178; 187; 9; 2233
INTERNAL; 178; 187; 9; 2233; INTERNAL; 174; 186; 12; 1726
INTERNAL; 189; 189; 0; 1432; INTERNAL; 178; 188; 10; 1423
INTERNAL; 189; 189; 0; 1432; INTERNAL; 179; 188; 9; 1422
INTERNAL; 179; 188; 9; 1422; INTERNAL; 176; 187; 11; 4143
INTERNAL; 179; 188; 9; 1422; INTERNAL; 178; 187; 9; 3774
INTERNAL; 189; 189; 0; 1432; INTERNAL; 178; 188; 10; 1424
INTERNAL; 178; 188; 10; 1424; INTERNAL; 175; 187; 12; 1114
INTERNAL; 190; 190; 0; 3109; INTERNAL; 178; 189; 11; 1427
INTERNAL; 190; 190; 0; 3109; INTERNAL; 189; 189; 0; 1428
UNKNOWN; -1; -1; -1; -1; OUTPUT; 88; 1010; 922; 10
UNKNOWN; -1; -1; -1; -1; OUTPUT; 107; 1010; 903; 3820
UNKNOWN; -1; -1; -1; -1; OUTPUT; 335; 1010; 675; 192
OUTPUT; 335; 1010; 675; 192; INTERNAL; 334; 334; 0; 3157
INTERNAL; 334; 334; 0; 3157; INTERNAL; 333; 333; 0; 3581
INTERNAL; 333; 333; 0; 3581; INTERNAL; 318; 332; 14; 4359
INTERNAL; 318; 332; 14; 4359; INTERNAL; 316; 316; 0; 2829
INTERNAL; 316; 316; 0; 2829; INTERNAL; 315; 315; 0; 2148
INTERNAL; 315; 315; 0; 2148; INTERNAL; 314; 314; 0; 4877
INTERNAL; 314; 314; 0; 4877; INTERNAL; 300; 313; 13; 4886
INTERNAL; 300; 313; 13; 4886; INTERNAL; 295; 295; 0; 4927
INTERNAL; 295; 295; 0; 4927; INTERNAL; 283; 294; 11; 3142
INTERNAL; 283; 294; 11; 3142; INTERNAL; 282; 282; 0; 2386
INTERNAL; 282; 282; 0; 2386; INTERNAL; 281; 281; 0; 4957
INTERNAL; 281; 281; 0; 4957; INTERNAL; 266; 280; 14; 4958
INTERNAL; 266; 280; 14; 4958; INTERNAL; 264; 278; 14; 3437
INTERNAL; 264; 278; 14; 3437; INTERNAL; 263; 263; 0; 1633
INTERNAL; 263; 263; 0; 1633; INTERNAL; 262; 262; 0; 1629
INTERNAL; 262; 262; 0; 1629; INTERNAL; 250; 261; 11; 1622
INTERNAL; 250; 261; 11; 1622; INTERNAL; 236; 260; 24; 3597
INTERNAL; 236; 260; 24; 3597; INTERNAL; 220; 228; 8; 1587
INTERNAL; 220; 228; 8; 1587; INTERNAL; 205; 212; 7; 679
INTERNAL; 205; 212; 7; 679; INTERNAL; 204; 204; 0; 2950
INTERNAL; 204; 204; 0; 2950; INTERNAL; 203; 203; 0; 1472
INTERNAL; 203; 203; 0; 1472; INTERNAL; 202; 202; 0; 1471
INTERNAL; 202; 202; 0; 1471; INTERNAL; 201; 201; 0; 1466
INTERNAL; 201; 201; 0; 1466; INTERNAL; 191; 200; 9; 1460
INTERNAL; 201; 201; 0; 1466; INTERNAL; 200; 200; 0; 1463
INTERNAL; 200; 200; 0; 1463; INTERNAL; 199; 199; 0; 1459
INTERNAL; 199; 199; 0; 1459; INTERNAL; 191; 198; 7; 1455
INTERNAL; 191; 198; 7; 1455; INTERNAL; 184; 196; 12; 1534
INTERNAL; 191; 198; 7; 1455; INTERNAL; 184; 196; 12; 961
INTERNAL; 199; 199; 0; 1459; INTERNAL; 198; 198; 0; 1456
INTERNAL; 198; 198; 0; 1456; INTERNAL; 197; 197; 0; 1454
INTERNAL; 197; 197; 0; 1454; INTERNAL; 191; 196; 5; 1452
INTERNAL; 197; 197; 0; 1454; INTERNAL; 191; 196; 5; 1450
INTERNAL; 197; 197; 0; 1454; INTERNAL; 196; 196; 0; 1453
INTERNAL; 196; 196; 0; 1453; INTERNAL; 191; 195; 4; 1744
INTERNAL; 196; 196; 0; 1453; INTERNAL; 191; 195; 4; 1448
INTERNAL; 196; 196; 0; 1453; INTERNAL; 195; 195; 0; 4157
INTERNAL; 195; 195; 0; 4157; INTERNAL; 191; 194; 3; 1445
INTERNAL; 195; 195; 0; 4157; INTERNAL; 194; 194; 0; 1447
INTERNAL; 194; 194; 0; 1447; INTERNAL; 193; 193; 0; 1443
INTERNAL; 193; 193; 0; 1443; INTERNAL; 192; 192; 0; 1441
INTERNAL; 192; 192; 0; 1441; INTERNAL; 191; 191; 0; 2261
INTERNAL; 192; 192; 0; 1441; INTERNAL; 191; 191; 0; 1439
INTERNAL; 191; 191; 0; 1439; INTERNAL; 190; 190; 0; 1435
INTERNAL; 191; 191; 0; 1439; INTERNAL; 190; 190; 0; 2343
INTERNAL; 190; 190; 0; 2343; INTERNAL; 2; 189; 187; 1431
INTERNAL; 2; 189; 187; 1431; INPUT; 1; 188; 187; 4290
INTERNAL; 2; 189; 187; 1431; INPUT; 1; 188; 187; 4321
INTERNAL; 191; 191; 0; 1439; INTERNAL; 190; 190; 0; 3160
INTERNAL; 192; 192; 0; 1441; INTERNAL; 191; 191; 0; 1436
INTERNAL; 193; 193; 0; 1443; INTERNAL; 191; 192; 1; 4542
INTERNAL; 193; 193; 0; 1443; INTERNAL; 192; 192; 0; 1440
INTERNAL; 193; 193; 0; 1443; INTERNAL; 191; 192; 1; 2229
INTERNAL; 194; 194; 0; 1447; INTERNAL; 191; 193; 2; 1578
INTERNAL; 194; 194; 0; 1447; INTERNAL; 191; 193; 2; 1442
INTERNAL; 195; 195; 0; 4157; INTERNAL; 191; 194; 3; 1446
INTERNAL; 198; 198; 0; 1456; INTERNAL; 191; 197; 6; 4288
INTERNAL; 198; 198; 0; 1456; INTERNAL; 191; 197; 6; 2609
INTERNAL; 199; 199; 0; 1459; INTERNAL; 191; 198; 7; 2113
INTERNAL; 200; 200; 0; 1463; INTERNAL; 191; 199; 8; 1458
INTERNAL; 200; 200; 0; 1463; INTERNAL; 191; 199; 8; 1511
INTERNAL; 201; 201; 0; 1466; INTERNAL; 191; 200; 9; 1462
INTERNAL; 191; 200; 9; 1462; INTERNAL; 187; 199; 12; 699
INTERNAL; 191; 200; 9; 1462; INTERNAL; 187; 199; 12; 2511
INTERNAL; 202; 202; 0; 1471; INTERNAL; 191; 201; 10; 1464
INTERNAL; 202; 202; 0; 1471; INTERNAL; 191; 201; 10; 2543
INTERNAL; 191; 201; 10; 2543; INTERNAL; 188; 200; 12; 698
INTERNAL; 191; 201; 10; 2543; INTERNAL; 188; 200; 12; 697
INTERNAL; 203; 203; 0; 1472; INTERNAL; 191; 202; 11; 1467
INTERNAL; 203; 203; 0; 1472; INTERNAL; 191; 201; 10; 694
INTERNAL; 191; 201; 10; 694; INTERNAL; 189; 200; 11; 693
INTERNAL; 191; 201; 10; 694; INTERNAL; 189; 200; 11; 3786
INTERNAL; 203; 203; 0; 1472; INTERNAL; 191; 202; 11; 1469
INTERNAL; 204; 204; 0; 2950; INTERNAL; 203; 203; 0; 1474
INTERNAL; 203; 203; 0; 1474; INTERNAL; 192; 202; 10; 3187
INTERNAL; 192; 202; 10; 3187; INTERNAL; 189; 201; 12; 695
INTERNAL; 204; 204; 0; 2950; INTERNAL; 191; 203; 12; 3431
INTERNAL; 205; 212; 7; 679; INTERNAL; 198; 211; 13; 681
INTERNAL; 205; 212; 7; 679; INTERNAL; 198; 211; 13; 680
INTERNAL; 220; 228; 8; 1587; INTERNAL; 219; 219; 0; 2769
INTERNAL; 219; 219; 0; 2769; INTERNAL; 218; 218; 0; 3308
INTERNAL; 218; 218; 0; 3308; INTERNAL; 217; 217; 0; 2074
INTERNAL; 217; 217; 0; 2074; INTERNAL; 216; 216; 0; 1502
INTERNAL; 216; 216; 0; 1502; INTERNAL; 215; 215; 0; 3213
INTERNAL; 215; 215; 0; 3213; INTERNAL; 214; 214; 0; 1499
INTERNAL; 214; 214; 0; 1499; INTERNAL; 205; 213; 8; 2425
INTERNAL; 205; 213; 8; 2425; INTERNAL; 199; 212; 13; 2569
INTERNAL; 205; 213; 8; 2425; INTERNAL; 199; 212; 13; 801
INTERNAL; 214; 214; 0; 1499; INTERNAL; 213; 213; 0; 1497
INTERNAL; 213; 213; 0; 1497; INTERNAL; 212; 212; 0; 1493
INTERNAL; 212; 212; 0; 1493; INTERNAL; 205; 211; 6; 682
INTERNAL; 205; 211; 6; 682; INTERNAL; 197; 210; 13; 2091
INTERNAL; 205; 211; 6; 682; INTERNAL; 197; 210; 13; 1405
INTERNAL; 212; 212; 0; 1493; INTERNAL; 211; 211; 0; 1489
INTERNAL; 211; 211; 0; 1489; INTERNAL; 210; 210; 0; 1486
INTERNAL; 210; 210; 0; 1486; INTERNAL; 205; 209; 4; 1175
INTERNAL; 210; 210; 0; 1486; INTERNAL; 209; 209; 0; 1483
INTERNAL; 209; 209; 0; 1483; INTERNAL; 205; 208; 3; 3585
INTERNAL; 209; 209; 0; 1483; INTERNAL; 208; 208; 0; 2424
INTERNAL; 208; 208; 0; 2424; INTERNAL; 207; 207; 0; 4628
INTERNAL; 207; 207; 0; 4628; INTERNAL; 206; 206; 0; 1476
INTERNAL; 206; 206; 0; 1476; INTERNAL; 205; 205; 0; 2389
INTERNAL; 205; 205; 0; 2389; INTERNAL; 204; 204; 0; 2784
INTERNAL; 205; 205; 0; 2389; INTERNAL; 204; 204; 0; 692
INTERNAL; 205; 205; 0; 2389; INTERNAL; 204; 204; 0; 2893
INTERNAL; 204; 204; 0; 2893; INTERNAL; 2; 203; 201; 3323
INTERNAL; 2; 203; 201; 3323; INPUT; 1; 202; 201; 938
INTERNAL; 2; 203; 201; 3323; INPUT; 1; 202; 201; 1558
INTERNAL; 206; 206; 0; 1476; INTERNAL; 205; 205; 0; 4402
INTERNAL; 206; 206; 0; 1476; INTERNAL; 205; 205; 0; 1475
INTERNAL; 207; 207; 0; 4628; INTERNAL; 206; 206; 0; 4025
INTERNAL; 206; 206; 0; 4025; INTERNAL; 205; 205; 0; 3042
INTERNAL; 205; 205; 0; 3042; INTERNAL; 191; 204; 13; 690
INTERNAL; 205; 205; 0; 3042; INTERNAL; 191; 204; 13; 691
INTERNAL; 207; 207; 0; 4628; INTERNAL; 205; 206; 1; 1477
INTERNAL; 208; 208; 0; 2424; INTERNAL; 207; 207; 0; 1478
INTERNAL; 207; 207; 0; 1478; INTERNAL; 205; 206; 1; 3580
INTERNAL; 205; 206; 1; 3580; INTERNAL; 192; 205; 13; 688
INTERNAL; 205; 206; 1; 3580; INTERNAL; 192; 205; 13; 762
INTERNAL; 208; 208; 0; 2424; INTERNAL; 205; 207; 2; 1479
INTERNAL; 205; 207; 2; 1479; INTERNAL; 193; 206; 13; 2333
INTERNAL; 208; 208; 0; 2424; INTERNAL; 205; 207; 2; 687
INTERNAL; 209; 209; 0; 1483; INTERNAL; 205; 208; 3; 685
INTERNAL; 209; 209; 0; 1483; INTERNAL; 208; 208; 0; 2098
INTERNAL; 210; 210; 0; 1486; INTERNAL; 209; 209; 0; 1480
INTERNAL; 210; 210; 0; 1486; INTERNAL; 205; 209; 4; 1484
INTERNAL; 211; 211; 0; 1489; INTERNAL; 210; 210; 0; 2809
INTERNAL; 211; 211; 0; 1489; INTERNAL; 205; 210; 5; 1488
INTERNAL; 205; 210; 5; 1488; INTERNAL; 196; 209; 13; 2515
INTERNAL; 205; 210; 5; 1488; INTERNAL; 196; 209; 13; 3725
INTERNAL; 212; 212; 0; 1493; INTERNAL; 205; 211; 6; 1490
INTERNAL; 212; 212; 0; 1493; INTERNAL; 211; 211; 0; 2939
INTERNAL; 211; 211; 0; 2939; INTERNAL; 205; 210; 5; 683
INTERNAL; 213; 213; 0; 1497; INTERNAL; 205; 212; 7; 1494
INTERNAL; 213; 213; 0; 1497; INTERNAL; 212; 212; 0; 1491
INTERNAL; 214; 214; 0; 1499; INTERNAL; 213; 213; 0; 1495
INTERNAL; 214; 214; 0; 1499; INTERNAL; 205; 213; 8; 3629
INTERNAL; 215; 215; 0; 3213; INTERNAL; 214; 214; 0; 1498
INTERNAL; 215; 215; 0; 3213; INTERNAL; 205; 214; 9; 1919
INTERNAL; 205; 214; 9; 1919; INTERNAL; 200; 213; 13; 677
INTERNAL; 205; 214; 9; 1919; INTERNAL; 200; 213; 13; 678
INTERNAL; 216; 216; 0; 1502; INTERNAL; 215; 215; 0; 3790
INTERNAL; 215; 215; 0; 3790; INTERNAL; 205; 214; 9; 674
INTERNAL; 216; 216; 0; 1502; INTERNAL; 205; 215; 10; 1501
INTERNAL; 205; 215; 10; 1501; INTERNAL; 201; 214; 13; 957
INTERNAL; 205; 215; 10; 1501; INTERNAL; 201; 214; 13; 4820
INTERNAL; 217; 217; 0; 2074; INTERNAL; 205; 216; 11; 1503
INTERNAL; 205; 216; 11; 1503; INTERNAL; 202; 215; 13; 4401
INTERNAL; 205; 216; 11; 1503; INTERNAL; 202; 215; 13; 730
INTERNAL; 217; 217; 0; 2074; INTERNAL; 205; 216; 11; 673
INTERNAL; 217; 217; 0; 2074; INTERNAL; 216; 216; 0; 1523
INTERNAL; 216; 216; 0; 1523; INTERNAL; 205; 215; 10; 3041
INTERNAL; 218; 218; 0; 3308; INTERNAL; 217; 217; 0; 1505
INTERNAL; 218; 218; 0; 3308; INTERNAL; 205; 217; 12; 1506
INTERNAL; 205; 217; 12; 1506; INTERNAL; 203; 215; 12; 671
INTERNAL; 205; 217; 12; 1506; INTERNAL; 203; 215; 12; 670
INTERNAL; 218; 218; 0; 3308; INTERNAL; 206; 217; 11; 1507
INTERNAL; 206; 217; 11; 1507; INTERNAL; 205; 216; 11; 1052
INTERNAL; 206; 217; 11; 1507; INTERNAL; 203; 216; 13; 2395
INTERNAL; 219; 219; 0; 2769; INTERNAL; 218; 218; 0; 2551
INTERNAL; 218; 218; 0; 2551; INTERNAL; 205; 217; 12; 668
INTERNAL; 220; 228; 8; 1587; INTERNAL; 213; 227; 14; 4876
INTERNAL; 236; 260; 24; 3597; INTERNAL; 235; 244; 9; 4925
INTERNAL; 235; 244; 9; 4925; INTERNAL; 228; 228; 0; 1541
INTERNAL; 228; 228; 0; 1541; INTERNAL; 220; 227; 7; 4412
INTERNAL; 228; 228; 0; 1541; INTERNAL; 220; 227; 7; 1584
INTERNAL; 220; 227; 7; 1584; INTERNAL; 212; 226; 14; 654
INTERNAL; 228; 228; 0; 1541; INTERNAL; 227; 227; 0; 1539
INTERNAL; 227; 227; 0; 1539; INTERNAL; 226; 226; 0; 3769
INTERNAL; 226; 226; 0; 3769; INTERNAL; 225; 225; 0; 1531
INTERNAL; 225; 225; 0; 1531; INTERNAL; 224; 224; 0; 2415
INTERNAL; 224; 224; 0; 2415; INTERNAL; 223; 223; 0; 1528
INTERNAL; 223; 223; 0; 1528; INTERNAL; 222; 222; 0; 1522
INTERNAL; 222; 222; 0; 1522; INTERNAL; 221; 221; 0; 1519
INTERNAL; 221; 221; 0; 1519; INTERNAL; 220; 220; 0; 4684
INTERNAL; 220; 220; 0; 4684; INTERNAL; 219; 219; 0; 2641
INTERNAL; 219; 219; 0; 2641; INTERNAL; 2; 218; 216; 1508
INTERNAL; 2; 218; 216; 1508; INPUT; 1; 217; 216; 2889
INTERNAL; 2; 218; 216; 1508; INPUT; 1; 217; 216; 1554
INTERNAL; 220; 220; 0; 4684; INTERNAL; 219; 219; 0; 1510
INTERNAL; 220; 220; 0; 4684; INTERNAL; 219; 219; 0; 1512
INTERNAL; 221; 221; 0; 1519; INTERNAL; 220; 220; 0; 662
INTERNAL; 221; 221; 0; 1519; INTERNAL; 220; 220; 0; 1514
INTERNAL; 220; 220; 0; 1514; INTERNAL; 219; 219; 0; 666
INTERNAL; 221; 221; 0; 1519; INTERNAL; 220; 220; 0; 1518
INTERNAL; 220; 220; 0; 1518; INTERNAL; 205; 219; 14; 663
INTERNAL; 220; 220; 0; 1518; INTERNAL; 205; 219; 14; 665
INTERNAL; 222; 222; 0; 1522; INTERNAL; 221; 221; 0; 4126
INTERNAL; 222; 222; 0; 1522; INTERNAL; 220; 221; 1; 1520
INTERNAL; 220; 221; 1; 1520; INTERNAL; 206; 220; 14; 4590
INTERNAL; 223; 223; 0; 1528; INTERNAL; 220; 222; 2; 661
INTERNAL; 223; 223; 0; 1528; INTERNAL; 220; 222; 2; 1525
INTERNAL; 220; 222; 2; 1525; INTERNAL; 207; 221; 14; 3702
INTERNAL; 223; 223; 0; 1528; INTERNAL; 222; 222; 0; 1524
INTERNAL; 222; 222; 0; 1524; INTERNAL; 220; 221; 1; 3737
INTERNAL; 224; 224; 0; 2415; INTERNAL; 220; 223; 3; 1529
INTERNAL; 220; 223; 3; 1529; INTERNAL; 208; 222; 14; 659
INTERNAL; 224; 224; 0; 2415; INTERNAL; 223; 223; 0; 1527
INTERNAL; 225; 225; 0; 1531; INTERNAL; 220; 224; 4; 1530
INTERNAL; 220; 224; 4; 1530; INTERNAL; 209; 223; 14; 657
INTERNAL; 225; 225; 0; 1531; INTERNAL; 224; 224; 0; 2124
INTERNAL; 224; 224; 0; 2124; INTERNAL; 220; 223; 3; 658
INTERNAL; 226; 226; 0; 3769; INTERNAL; 220; 225; 5; 953
INTERNAL; 226; 226; 0; 3769; INTERNAL; 225; 225; 0; 1533
INTERNAL; 225; 225; 0; 1533; INTERNAL; 220; 224; 4; 656
INTERNAL; 226; 226; 0; 3769; INTERNAL; 220; 225; 5; 3409
INTERNAL; 220; 225; 5; 3409; INTERNAL; 210; 224; 14; 4587
INTERNAL; 227; 227; 0; 1539; INTERNAL; 220; 226; 6; 655
INTERNAL; 227; 227; 0; 1539; INTERNAL; 220; 226; 6; 1580
INTERNAL; 220; 226; 6; 1580; INTERNAL; 211; 225; 14; 4187
INTERNAL; 227; 227; 0; 1539; INTERNAL; 226; 226; 0; 1535
INTERNAL; 228; 228; 0; 1541; INTERNAL; 227; 227; 0; 1536
INTERNAL; 235; 244; 9; 4925; INTERNAL; 228; 228; 0; 3909
INTERNAL; 235; 244; 9; 4925; INTERNAL; 234; 234; 0; 3304
INTERNAL; 234; 234; 0; 3304; INTERNAL; 233; 233; 0; 1555
INTERNAL; 233; 233; 0; 1555; INTERNAL; 220; 231; 11; 648
INTERNAL; 233; 233; 0; 1555; INTERNAL; 220; 232; 12; 1550
INTERNAL; 220; 232; 12; 1550; INTERNAL; 217; 231; 14; 647
INTERNAL; 233; 233; 0; 1555; INTERNAL; 232; 232; 0; 3015
INTERNAL; 232; 232; 0; 3015; INTERNAL; 231; 231; 0; 1545
INTERNAL; 231; 231; 0; 1545; INTERNAL; 230; 230; 0; 2895
INTERNAL; 230; 230; 0; 2895; INTERNAL; 229; 229; 0; 1542
INTERNAL; 230; 230; 0; 2895; INTERNAL; 229; 229; 0; 1543
INTERNAL; 229; 229; 0; 1543; INTERNAL; 220; 228; 8; 1628
INTERNAL; 230; 230; 0; 2895; INTERNAL; 220; 229; 9; 3993
INTERNAL; 220; 229; 9; 3993; INTERNAL; 214; 228; 14; 652
INTERNAL; 231; 231; 0; 1545; INTERNAL; 220; 230; 10; 1544
INTERNAL; 220; 230; 10; 1544; INTERNAL; 215; 229; 14; 1315
INTERNAL; 231; 231; 0; 1545; INTERNAL; 230; 230; 0; 3218
INTERNAL; 230; 230; 0; 3218; INTERNAL; 220; 229; 9; 651
INTERNAL; 232; 232; 0; 3015; INTERNAL; 220; 231; 11; 649
INTERNAL; 232; 232; 0; 3015; INTERNAL; 220; 231; 11; 1548
INTERNAL; 220; 231; 11; 1548; INTERNAL; 216; 230; 14; 650
INTERNAL; 232; 232; 0; 3015; INTERNAL; 231; 231; 0; 1546
INTERNAL; 231; 231; 0; 1546; INTERNAL; 220; 230; 10; 2463
INTERNAL; 233; 233; 0; 1555; INTERNAL; 220; 232; 12; 646
INTERNAL; 220; 232; 12; 646; INTERNAL; 218; 231; 13; 2986
INTERNAL; 233; 233; 0; 1555; INTERNAL; 232; 232; 0; 1549
INTERNAL; 234; 234; 0; 3304; INTERNAL; 233; 233; 0; 4498
INTERNAL; 233; 233; 0; 4498; INTERNAL; 221; 232; 11; 4573
INTERNAL; 250; 261; 11; 1622; INTERNAL; 244; 244; 0; 2859
INTERNAL; 244; 244; 0; 2859; INTERNAL; 243; 243; 0; 1585
INTERNAL; 243; 243; 0; 1585; INTERNAL; 236; 242; 6; 1581
INTERNAL; 236; 242; 6; 1581; INTERNAL; 235; 241; 6; 2221
INTERNAL; 243; 243; 0; 1585; INTERNAL; 242; 242; 0; 1582
INTERNAL; 242; 242; 0; 1582; INTERNAL; 235; 241; 6; 1579
INTERNAL; 235; 241; 6; 1579; INTERNAL; 226; 240; 14; 1737
INTERNAL; 242; 242; 0; 1582; INTERNAL; 241; 241; 0; 4153
INTERNAL; 241; 241; 0; 4153; INTERNAL; 235; 240; 5; 4040
INTERNAL; 241; 241; 0; 4153; INTERNAL; 240; 240; 0; 2043
INTERNAL; 240; 240; 0; 2043; INTERNAL; 235; 239; 4; 2840
INTERNAL; 240; 240; 0; 2043; INTERNAL; 235; 239; 4; 1574
INTERNAL; 235; 239; 4; 1574; INTERNAL; 224; 238; 14; 721
INTERNAL; 240; 240; 0; 2043; INTERNAL; 239; 239; 0; 4936
INTERNAL; 239; 239; 0; 4936; INTERNAL; 238; 238; 0; 1572
INTERNAL; 238; 238; 0; 1572; INTERNAL; 235; 237; 2; 2005
INTERNAL; 235; 237; 2; 2005; INTERNAL; 223; 236; 13; 1765
INTERNAL; 223; 236; 13; 1765; INTERNAL; 222; 235; 13; 639
INTERNAL; 223; 236; 13; 1765; INTERNAL; 222; 235; 13; 638
INTERNAL; 238; 238; 0; 1572; INTERNAL; 237; 237; 0; 1568
INTERNAL; 237; 237; 0; 1568; INTERNAL; 235; 236; 1; 1566
INTERNAL; 235; 236; 1; 1566; INTERNAL; 221; 235; 14; 642
INTERNAL; 235; 236; 1; 1566; INTERNAL; 221; 235; 14; 640
INTERNAL; 237; 237; 0; 1568; INTERNAL; 235; 236; 1; 3250
INTERNAL; 237; 237; 0; 1568; INTERNAL; 236; 236; 0; 1668
INTERNAL; 236; 236; 0; 1668; INTERNAL; 235; 235; 0; 1564
INTERNAL; 235; 235; 0; 1564; INTERNAL; 234; 234; 0; 1559
INTERNAL; 235; 235; 0; 1564; INTERNAL; 234; 234; 0; 1560
INTERNAL; 234; 234; 0; 1560; INTERNAL; 219; 233; 14; 644
INTERNAL; 235; 235; 0; 1564; INTERNAL; 234; 234; 0; 1562
INTERNAL; 234; 234; 0; 1562; INTERNAL; 2; 233; 231; 1557
INTERNAL; 2; 233; 231; 1557; INPUT; 1; 232; 231; 1700
INTERNAL; 2; 233; 231; 1557; INPUT; 1; 232; 231; 645
INTERNAL; 236; 236; 0; 1668; INTERNAL; 235; 235; 0; 1563
INTERNAL; 235; 235; 0; 1563; INTERNAL; 220; 234; 14; 643
INTERNAL; 236; 236; 0; 1668; INTERNAL; 235; 235; 0; 3729
INTERNAL; 238; 238; 0; 1572; INTERNAL; 235; 237; 2; 2012
INTERNAL; 239; 239; 0; 4936; INTERNAL; 235; 238; 3; 1571
INTERNAL; 235; 238; 3; 1571; INTERNAL; 223; 237; 14; 781
INTERNAL; 239; 239; 0; 4936; INTERNAL; 235; 238; 3; 1569
INTERNAL; 241; 241; 0; 4153; INTERNAL; 236; 240; 4; 1577
INTERNAL; 236; 240; 4; 1577; INTERNAL; 235; 239; 4; 825
INTERNAL; 242; 242; 0; 1582; INTERNAL; 235; 241; 6; 4636
INTERNAL; 243; 243; 0; 1585; INTERNAL; 235; 242; 7; 1895
INTERNAL; 244; 244; 0; 2859; INTERNAL; 235; 243; 8; 1583
INTERNAL; 244; 244; 0; 2859; INTERNAL; 235; 243; 8; 2526
INTERNAL; 235; 243; 8; 2526; INTERNAL; 228; 242; 14; 637
INTERNAL; 250; 261; 11; 1622; INTERNAL; 249; 249; 0; 2944
INTERNAL; 249; 249; 0; 2944; INTERNAL; 235; 248; 13; 4591
INTERNAL; 235; 248; 13; 4591; INTERNAL; 234; 246; 12; 4191
INTERNAL; 234; 246; 12; 4191; INTERNAL; 233; 245; 12; 4655
INTERNAL; 234; 246; 12; 4191; INTERNAL; 233; 245; 12; 633
INTERNAL; 249; 249; 0; 2944; INTERNAL; 248; 248; 0; 1595
INTERNAL; 248; 248; 0; 1595; INTERNAL; 235; 247; 12; 1594
INTERNAL; 235; 247; 12; 1594; INTERNAL; 232; 246; 14; 1165
INTERNAL; 248; 248; 0; 1595; INTERNAL; 235; 246; 11; 2509
INTERNAL; 248; 248; 0; 1595; INTERNAL; 235; 247; 12; 1593
INTERNAL; 248; 248; 0; 1595; INTERNAL; 247; 247; 0; 3001
INTERNAL; 247; 247; 0; 3001; INTERNAL; 235; 246; 11; 2262
INTERNAL; 247; 247; 0; 3001; INTERNAL; 235; 246; 11; 1590
INTERNAL; 235; 246; 11; 1590; INTERNAL; 231; 245; 14; 3113
INTERNAL; 247; 247; 0; 3001; INTERNAL; 246; 246; 0; 3406
INTERNAL; 246; 246; 0; 3406; INTERNAL; 245; 245; 0; 1981
INTERNAL; 245; 245; 0; 1981; INTERNAL; 235; 244; 9; 1588
INTERNAL; 235; 244; 9; 1588; INTERNAL; 229; 243; 14; 636
INTERNAL; 246; 246; 0; 3406; INTERNAL; 235; 245; 10; 1589
INTERNAL; 246; 246; 0; 3406; INTERNAL; 235; 245; 10; 3860
INTERNAL; 235; 245; 10; 3860; INTERNAL; 230; 244; 14; 635
INTERNAL; 249; 249; 0; 2944; INTERNAL; 248; 248; 0; 4944
INTERNAL; 248; 248; 0; 4944; INTERNAL; 236; 247; 11; 1591
INTERNAL; 262; 262; 0; 1629; INTERNAL; 261; 261; 0; 1625
INTERNAL; 261; 261; 0; 1625; INTERNAL; 250; 260; 10; 1621
INTERNAL; 261; 261; 0; 1625; INTERNAL; 260; 260; 0; 3874
INTERNAL; 260; 260; 0; 3874; INTERNAL; 250; 259; 9; 3167
INTERNAL; 250; 259; 9; 3167; INTERNAL; 236; 258; 22; 628
INTERNAL; 260; 260; 0; 3874; INTERNAL; 259; 259; 0; 1618
INTERNAL; 259; 259; 0; 1618; INTERNAL; 250; 258; 8; 1615
INTERNAL; 250; 258; 8; 1615; INTERNAL; 242; 257; 15; 630
INTERNAL; 259; 259; 0; 1618; INTERNAL; 250; 258; 8; 4662
INTERNAL; 259; 259; 0; 1618; INTERNAL; 258; 258; 0; 1616
INTERNAL; 258; 258; 0; 1616; INTERNAL; 250; 257; 7; 1613
INTERNAL; 258; 258; 0; 1616; INTERNAL; 250; 257; 7; 1612
INTERNAL; 250; 257; 7; 1612; INTERNAL; 241; 255; 14; 1682
INTERNAL; 250; 257; 7; 1612; INTERNAL; 241; 255; 14; 632
INTERNAL; 258; 258; 0; 1616; INTERNAL; 257; 257; 0; 1614
INTERNAL; 257; 257; 0; 1614; INTERNAL; 256; 256; 0; 1611
INTERNAL; 256; 256; 0; 1611; INTERNAL; 250; 255; 5; 3434
INTERNAL; 256; 256; 0; 1611; INTERNAL; 255; 255; 0; 1608
INTERNAL; 255; 255; 0; 1608; INTERNAL; 250; 254; 4; 2297
INTERNAL; 255; 255; 0; 1608; INTERNAL; 250; 254; 4; 1624
INTERNAL; 255; 255; 0; 1608; INTERNAL; 254; 254; 0; 1606
INTERNAL; 254; 254; 0; 1606; INTERNAL; 253; 253; 0; 2127
INTERNAL; 253; 253; 0; 2127; INTERNAL; 250; 252; 2; 3536
INTERNAL; 253; 253; 0; 2127; INTERNAL; 250; 252; 2; 4911
INTERNAL; 253; 253; 0; 2127; INTERNAL; 252; 252; 0; 1604
INTERNAL; 252; 252; 0; 1604; INTERNAL; 251; 251; 0; 2198
INTERNAL; 251; 251; 0; 2198; INTERNAL; 250; 250; 0; 1602
INTERNAL; 250; 250; 0; 1602; INTERNAL; 249; 249; 0; 1598
INTERNAL; 250; 250; 0; 1602; INTERNAL; 249; 249; 0; 1597
INTERNAL; 250; 250; 0; 1602; INTERNAL; 249; 249; 0; 1599
INTERNAL; 249; 249; 0; 1599; INTERNAL; 2; 248; 246; 4439
INTERNAL; 2; 248; 246; 4439; INPUT; 1; 247; 246; 1635
INTERNAL; 2; 248; 246; 4439; INPUT; 1; 247; 246; 1634
INTERNAL; 251; 251; 0; 2198; INTERNAL; 250; 250; 0; 1600
INTERNAL; 251; 251; 0; 2198; INTERNAL; 250; 250; 0; 2818
INTERNAL; 250; 250; 0; 2818; INTERNAL; 235; 249; 14; 4951
INTERNAL; 252; 252; 0; 1604; INTERNAL; 250; 251; 1; 1877
INTERNAL; 252; 252; 0; 1604; INTERNAL; 250; 251; 1; 4342
INTERNAL; 252; 252; 0; 1604; INTERNAL; 251; 251; 0; 1751
INTERNAL; 254; 254; 0; 1606; INTERNAL; 250; 253; 3; 1742
INTERNAL; 254; 254; 0; 1606; INTERNAL; 250; 253; 3; 1605
INTERNAL; 256; 256; 0; 1611; INTERNAL; 250; 255; 5; 2805
INTERNAL; 257; 257; 0; 1614; INTERNAL; 250; 256; 6; 1766
INTERNAL; 257; 257; 0; 1614; INTERNAL; 250; 256; 6; 1610
INTERNAL; 260; 260; 0; 3874; INTERNAL; 250; 259; 9; 1617
INTERNAL; 261; 261; 0; 1625; INTERNAL; 250; 260; 10; 1620
INTERNAL; 250; 260; 10; 1620; INTERNAL; 244; 259; 15; 1091
INTERNAL; 262; 262; 0; 1629; INTERNAL; 250; 261; 11; 4671
INTERNAL; 263; 263; 0; 1633; INTERNAL; 250; 262; 12; 1626
INTERNAL; 250; 262; 12; 1626; INTERNAL; 246; 261; 15; 627
INTERNAL; 263; 263; 0; 1633; INTERNAL; 250; 262; 12; 2276
INTERNAL; 266; 280; 14; 4958; INTERNAL; 265; 265; 0; 3123
INTERNAL; 265; 265; 0; 3123; INTERNAL; 264; 264; 0; 1637
INTERNAL; 264; 264; 0; 1637; INTERNAL; 250; 263; 13; 1631
INTERNAL; 264; 264; 0; 1637; INTERNAL; 250; 263; 13; 1632
INTERNAL; 264; 264; 0; 1637; INTERNAL; 250; 262; 12; 684
INTERNAL; 265; 265; 0; 3123; INTERNAL; 250; 264; 14; 1636
INTERNAL; 250; 264; 14; 1636; INTERNAL; 248; 262; 14; 626
INTERNAL; 265; 265; 0; 3123; INTERNAL; 264; 264; 0; 1638
INTERNAL; 264; 264; 0; 1638; INTERNAL; 251; 263; 12; 1630
INTERNAL; 266; 280; 14; 4958; INTERNAL; 264; 278; 14; 770
INTERNAL; 281; 281; 0; 4957; INTERNAL; 266; 279; 13; 4839
INTERNAL; 281; 281; 0; 4957; INTERNAL; 266; 280; 14; 607
INTERNAL; 266; 280; 14; 607; INTERNAL; 264; 279; 15; 608
INTERNAL; 281; 281; 0; 4957; INTERNAL; 280; 280; 0; 4959
INTERNAL; 280; 280; 0; 4959; INTERNAL; 279; 279; 0; 4541
INTERNAL; 279; 279; 0; 4541; INTERNAL; 266; 278; 12; 2759
INTERNAL; 266; 278; 12; 2759; INTERNAL; 262; 277; 15; 612
INTERNAL; 266; 278; 12; 2759; INTERNAL; 262; 277; 15; 613
INTERNAL; 279; 279; 0; 4541; INTERNAL; 266; 278; 12; 4042
INTERNAL; 279; 279; 0; 4541; INTERNAL; 278; 278; 0; 4963
INTERNAL; 278; 278; 0; 4963; INTERNAL; 277; 277; 0; 1671
INTERNAL; 277; 277; 0; 1671; INTERNAL; 276; 276; 0; 4968
INTERNAL; 276; 276; 0; 4968; INTERNAL; 275; 275; 0; 4955
INTERNAL; 275; 275; 0; 4955; INTERNAL; 266; 274; 8; 3489
INTERNAL; 266; 274; 8; 3489; INTERNAL; 258; 273; 15; 617
INTERNAL; 266; 274; 8; 3489; INTERNAL; 258; 273; 15; 616
INTERNAL; 275; 275; 0; 4955; INTERNAL; 274; 274; 0; 4971
INTERNAL; 274; 274; 0; 4971; INTERNAL; 273; 273; 0; 1655
INTERNAL; 273; 273; 0; 1655; INTERNAL; 272; 272; 0; 4672
INTERNAL; 272; 272; 0; 4672; INTERNAL; 271; 271; 0; 1651
INTERNAL; 271; 271; 0; 1651; INTERNAL; 266; 270; 4; 1783
INTERNAL; 271; 271; 0; 1651; INTERNAL; 270; 270; 0; 2861
INTERNAL; 270; 270; 0; 2861; INTERNAL; 269; 269; 0; 1647
INTERNAL; 269; 269; 0; 1647; INTERNAL; 266; 268; 2; 3089
INTERNAL; 266; 268; 2; 3089; INTERNAL; 252; 267; 15; 1264
INTERNAL; 252; 267; 15; 1264; INTERNAL; 251; 266; 15; 4406
INTERNAL; 252; 267; 15; 1264; INTERNAL; 251; 266; 15; 2982
INTERNAL; 269; 269; 0; 1647; INTERNAL; 268; 268; 0; 2079
INTERNAL; 268; 268; 0; 2079; INTERNAL; 267; 267; 0; 1644
INTERNAL; 267; 267; 0; 1644; INTERNAL; 266; 266; 0; 4329
INTERNAL; 266; 266; 0; 4329; INTERNAL; 250; 265; 15; 696
INTERNAL; 266; 266; 0; 4329; INTERNAL; 250; 265; 15; 624
INTERNAL; 267; 267; 0; 1644; INTERNAL; 266; 266; 0; 4073
INTERNAL; 267; 267; 0; 1644; INTERNAL; 266; 266; 0; 3101
INTERNAL; 266; 266; 0; 3101; INTERNAL; 265; 265; 0; 1641
INTERNAL; 266; 266; 0; 3101; INTERNAL; 265; 265; 0; 1640
INTERNAL; 265; 265; 0; 1640; INTERNAL; 2; 264; 262; 1287
INTERNAL; 2; 264; 262; 1287; INPUT; 1; 263; 262; 1839
INTERNAL; 2; 264; 262; 1287; INPUT; 1; 263; 262; 1226
INTERNAL; 267; 267; 0; 1644; INTERNAL; 266; 266; 0; 1642
INTERNAL; 266; 266; 0; 1642; INTERNAL; 265; 265; 0; 4193
INTERNAL; 268; 268; 0; 2079; INTERNAL; 266; 267; 1; 1645
INTERNAL; 268; 268; 0; 2079; INTERNAL; 267; 267; 0; 1643
INTERNAL; 268; 268; 0; 2079; INTERNAL; 266; 267; 1; 2077
INTERNAL; 269; 269; 0; 1647; INTERNAL; 266; 268; 2; 2052
INTERNAL; 269; 269; 0; 1647; INTERNAL; 268; 268; 0; 2010
INTERNAL; 270; 270; 0; 2861; INTERNAL; 266; 269; 3; 1648
INTERNAL; 270; 270; 0; 2861; INTERNAL; 269; 269; 0; 1646
INTERNAL; 271; 271; 0; 1651; INTERNAL; 270; 270; 0; 1649
INTERNAL; 270; 270; 0; 1649; INTERNAL; 266; 269; 3; 622
INTERNAL; 272; 272; 0; 4672; INTERNAL; 271; 271; 0; 1652
INTERNAL; 271; 271; 0; 1652; INTERNAL; 266; 270; 4; 813
INTERNAL; 272; 272; 0; 4672; INTERNAL; 266; 271; 5; 3317
INTERNAL; 266; 271; 5; 3317; INTERNAL; 255; 270; 15; 621
INTERNAL; 266; 271; 5; 3317; INTERNAL; 255; 270; 15; 2265
INTERNAL; 273; 273; 0; 1655; INTERNAL; 266; 272; 6; 4710
INTERNAL; 266; 272; 6; 4710; INTERNAL; 256; 271; 15; 2727
INTERNAL; 266; 272; 6; 4710; INTERNAL; 256; 271; 15; 620
INTERNAL; 273; 273; 0; 1655; INTERNAL; 272; 272; 0; 1653
INTERNAL; 272; 272; 0; 1653; INTERNAL; 266; 271; 5; 2291
INTERNAL; 273; 273; 0; 1655; INTERNAL; 266; 272; 6; 1654
INTERNAL; 274; 274; 0; 4971; INTERNAL; 266; 273; 7; 618
INTERNAL; 266; 273; 7; 618; INTERNAL; 257; 272; 15; 1561
INTERNAL; 266; 273; 7; 618; INTERNAL; 257; 272; 15; 1704
INTERNAL; 274; 274; 0; 4971; INTERNAL; 273; 273; 0; 2121
INTERNAL; 274; 274; 0; 4971; INTERNAL; 266; 273; 7; 4975
INTERNAL; 275; 275; 0; 4955; INTERNAL; 274; 274; 0; 4973
INTERNAL; 275; 275; 0; 4955; INTERNAL; 266; 274; 8; 4098
INTERNAL; 276; 276; 0; 4968; INTERNAL; 275; 275; 0; 1761
INTERNAL; 276; 276; 0; 4968; INTERNAL; 266; 275; 9; 3357
INTERNAL; 266; 275; 9; 3357; INTERNAL; 259; 274; 15; 746
INTERNAL; 266; 275; 9; 3357; INTERNAL; 259; 274; 15; 1760
INTERNAL; 277; 277; 0; 1671; INTERNAL; 266; 276; 10; 1909
INTERNAL; 266; 276; 10; 1909; INTERNAL; 260; 275; 15; 641
INTERNAL; 266; 276; 10; 1909; INTERNAL; 260; 275; 15; 2547
INTERNAL; 277; 277; 0; 1671; INTERNAL; 276; 276; 0; 4966
INTERNAL; 276; 276; 0; 4966; INTERNAL; 266; 275; 9; 615
INTERNAL; 278; 278; 0; 4963; INTERNAL; 266; 277; 11; 3162
INTERNAL; 266; 277; 11; 3162; INTERNAL; 261; 276; 15; 1688
INTERNAL; 266; 277; 11; 3162; INTERNAL; 261; 276; 15; 614
INTERNAL; 278; 278; 0; 4963; INTERNAL; 277; 277; 0; 2203
INTERNAL; 277; 277; 0; 2203; INTERNAL; 266; 276; 10; 4216
INTERNAL; 278; 278; 0; 4963; INTERNAL; 266; 277; 11; 4964
INTERNAL; 279; 279; 0; 4541; INTERNAL; 278; 278; 0; 3928
INTERNAL; 280; 280; 0; 4959; INTERNAL; 266; 279; 13; 609
INTERNAL; 266; 279; 13; 609; INTERNAL; 263; 278; 15; 611
INTERNAL; 266; 279; 13; 609; INTERNAL; 263; 278; 15; 610
INTERNAL; 280; 280; 0; 4959; INTERNAL; 279; 279; 0; 4961
INTERNAL; 280; 280; 0; 4959; INTERNAL; 266; 279; 13; 4748
INTERNAL; 281; 281; 0; 4957; INTERNAL; 280; 280; 0; 4256
INTERNAL; 282; 282; 0; 2386; INTERNAL; 281; 281; 0; 4805
INTERNAL; 281; 281; 0; 4805; INTERNAL; 267; 280; 13; 2822
INTERNAL; 283; 294; 11; 3142; INTERNAL; 277; 293; 16; 1249
INTERNAL; 295; 295; 0; 4927; INTERNAL; 294; 294; 0; 4928
INTERNAL; 294; 294; 0; 4928; INTERNAL; 293; 293; 0; 1978
INTERNAL; 293; 293; 0; 1978; INTERNAL; 292; 292; 0; 3053
INTERNAL; 292; 292; 0; 3053; INTERNAL; 283; 291; 8; 2032
INTERNAL; 283; 291; 8; 2032; INTERNAL; 274; 290; 16; 598
INTERNAL; 292; 292; 0; 3053; INTERNAL; 291; 291; 0; 4934
INTERNAL; 291; 291; 0; 4934; INTERNAL; 290; 290; 0; 4785
INTERNAL; 290; 290; 0; 4785; INTERNAL; 283; 289; 6; 2295
INTERNAL; 290; 290; 0; 4785; INTERNAL; 289; 289; 0; 4935
INTERNAL; 289; 289; 0; 4935; INTERNAL; 283; 288; 5; 4938
INTERNAL; 283; 288; 5; 4938; INTERNAL; 271; 287; 16; 2528
INTERNAL; 289; 289; 0; 4935; INTERNAL; 288; 288; 0; 4623
INTERNAL; 288; 288; 0; 4623; INTERNAL; 283; 287; 4; 4338
INTERNAL; 283; 287; 4; 4338; INTERNAL; 270; 286; 16; 599
INTERNAL; 288; 288; 0; 4623; INTERNAL; 287; 287; 0; 4943
INTERNAL; 287; 287; 0; 4943; INTERNAL; 286; 286; 0; 4658
INTERNAL; 286; 286; 0; 4658; INTERNAL; 285; 285; 0; 2033
INTERNAL; 285; 285; 0; 2033; INTERNAL; 283; 284; 1; 4736
INTERNAL; 283; 284; 1; 4736; INTERNAL; 267; 283; 16; 3832
INTERNAL; 285; 285; 0; 2033; INTERNAL; 284; 284; 0; 4948
INTERNAL; 284; 284; 0; 4948; INTERNAL; 283; 283; 0; 3625
INTERNAL; 284; 284; 0; 4948; INTERNAL; 283; 283; 0; 4950
INTERNAL; 283; 283; 0; 4950; INTERNAL; 282; 282; 0; 4030
INTERNAL; 283; 283; 0; 4950; INTERNAL; 282; 282; 0; 4952
INTERNAL; 282; 282; 0; 4952; INTERNAL; 2; 281; 279; 2659
INTERNAL; 2; 281; 279; 2659; INPUT; 1; 280; 279; 606
INTERNAL; 2; 281; 279; 2659; INPUT; 1; 280; 279; 3464
INTERNAL; 283; 283; 0; 4950; INTERNAL; 282; 282; 0; 4954
INTERNAL; 284; 284; 0; 4948; INTERNAL; 283; 283; 0; 2465
INTERNAL; 283; 283; 0; 2465; INTERNAL; 282; 282; 0; 4921
INTERNAL; 284; 284; 0; 4948; INTERNAL; 283; 283; 0; 4949
INTERNAL; 283; 283; 0; 4949; INTERNAL; 266; 282; 16; 2100
INTERNAL; 283; 283; 0; 4949; INTERNAL; 266; 282; 16; 604
INTERNAL; 285; 285; 0; 2033; INTERNAL; 284; 284; 0; 1878
INTERNAL; 286; 286; 0; 4658; INTERNAL; 285; 285; 0; 2081
INTERNAL; 285; 285; 0; 2081; INTERNAL; 283; 284; 1; 603
INTERNAL; 286; 286; 0; 4658; INTERNAL; 283; 285; 2; 2519
INTERNAL; 283; 285; 2; 2519; INTERNAL; 268; 284; 16; 660
INTERNAL; 287; 287; 0; 4943; INTERNAL; 286; 286; 0; 1822
INTERNAL; 286; 286; 0; 1822; INTERNAL; 283; 285; 2; 602
INTERNAL; 287; 287; 0; 4943; INTERNAL; 283; 286; 3; 600
INTERNAL; 287; 287; 0; 4943; INTERNAL; 283; 286; 3; 1924
INTERNAL; 283; 286; 3; 1924; INTERNAL; 269; 285; 16; 601
INTERNAL; 288; 288; 0; 4623; INTERNAL; 287; 287; 0; 4946
INTERNAL; 289; 289; 0; 4935; INTERNAL; 288; 288; 0; 4941
INTERNAL; 288; 288; 0; 4941; INTERNAL; 283; 287; 4; 3802
INTERNAL; 289; 289; 0; 4935; INTERNAL; 283; 288; 5; 4652
INTERNAL; 290; 290; 0; 4785; INTERNAL; 283; 289; 6; 2178
INTERNAL; 283; 289; 6; 2178; INTERNAL; 272; 288; 16; 1344
INTERNAL; 290; 290; 0; 4785; INTERNAL; 289; 289; 0; 4559
INTERNAL; 291; 291; 0; 4934; INTERNAL; 290; 290; 0; 3360
INTERNAL; 291; 291; 0; 4934; INTERNAL; 283; 290; 7; 4192
INTERNAL; 283; 290; 7; 4192; INTERNAL; 273; 289; 16; 3859
INTERNAL; 292; 292; 0; 3053; INTERNAL; 291; 291; 0; 4932
INTERNAL; 291; 291; 0; 4932; INTERNAL; 283; 290; 7; 1753
INTERNAL; 292; 292; 0; 3053; INTERNAL; 283; 291; 8; 597
INTERNAL; 293; 293; 0; 1978; INTERNAL; 292; 292; 0; 4931
INTERNAL; 293; 293; 0; 1978; INTERNAL; 283; 292; 9; 2413
INTERNAL; 293; 293; 0; 1978; INTERNAL; 283; 292; 9; 2930
INTERNAL; 283; 292; 9; 2930; INTERNAL; 275; 291; 16; 3658
INTERNAL; 294; 294; 0; 4928; INTERNAL; 293; 293; 0; 4930
INTERNAL; 294; 294; 0; 4928; INTERNAL; 283; 293; 10; 4929
INTERNAL; 283; 293; 10; 4929; INTERNAL; 276; 292; 16; 4130
INTERNAL; 295; 295; 0; 4927; INTERNAL; 294; 294; 0; 2218
INTERNAL; 294; 294; 0; 2218; INTERNAL; 283; 293; 10; 3545
INTERNAL; 300; 313; 13; 4886; INTERNAL; 295; 295; 0; 1951
INTERNAL; 295; 295; 0; 1951; INTERNAL; 283; 294; 11; 1945
INTERNAL; 300; 313; 13; 4886; INTERNAL; 299; 299; 0; 3156
INTERNAL; 299; 299; 0; 3156; INTERNAL; 298; 298; 0; 2645
INTERNAL; 298; 298; 0; 2645; INTERNAL; 297; 297; 0; 4700
INTERNAL; 297; 297; 0; 4700; INTERNAL; 283; 296; 13; 3825
INTERNAL; 297; 297; 0; 4700; INTERNAL; 283; 296; 13; 4460
INTERNAL; 283; 296; 13; 4460; INTERNAL; 280; 295; 15; 3456
INTERNAL; 280; 295; 15; 3456; INTERNAL; 279; 294; 15; 2219
INTERNAL; 280; 295; 15; 3456; INTERNAL; 279; 294; 15; 595
INTERNAL; 297; 297; 0; 4700; INTERNAL; 296; 296; 0; 4922
INTERNAL; 296; 296; 0; 4922; INTERNAL; 283; 295; 12; 4923
INTERNAL; 283; 295; 12; 4923; INTERNAL; 278; 294; 16; 596
INTERNAL; 297; 297; 0; 4700; INTERNAL; 296; 296; 0; 2773
INTERNAL; 296; 296; 0; 2773; INTERNAL; 283; 295; 12; 4853
INTERNAL; 298; 298; 0; 2645; INTERNAL; 283; 297; 14; 3426
INTERNAL; 283; 297; 14; 3426; INTERNAL; 280; 296; 16; 4124
INTERNAL; 298; 298; 0; 2645; INTERNAL; 297; 297; 0; 4770
INTERNAL; 298; 298; 0; 2645; INTERNAL; 284; 297; 13; 2768
INTERNAL; 284; 297; 13; 2768; INTERNAL; 281; 296; 15; 1470
INTERNAL; 284; 297; 13; 2768; INTERNAL; 283; 296; 13; 594
INTERNAL; 299; 299; 0; 3156; INTERNAL; 298; 298; 0; 2821
INTERNAL; 298; 298; 0; 2821; INTERNAL; 283; 297; 14; 3622
INTERNAL; 314; 314; 0; 4877; INTERNAL; 300; 313; 13; 3974
INTERNAL; 300; 313; 13; 3974; INTERNAL; 296; 312; 16; 1941
INTERNAL; 314; 314; 0; 4877; INTERNAL; 313; 313; 0; 4884
INTERNAL; 313; 313; 0; 4884; INTERNAL; 300; 312; 12; 4888
INTERNAL; 300; 312; 12; 4888; INTERNAL; 295; 311; 16; 4916
INTERNAL; 313; 313; 0; 4884; INTERNAL; 300; 312; 12; 4890
INTERNAL; 313; 313; 0; 4884; INTERNAL; 312; 312; 0; 3560
INTERNAL; 312; 312; 0; 3560; INTERNAL; 300; 311; 11; 4895
INTERNAL; 300; 311; 11; 4895; INTERNAL; 294; 310; 16; 676
INTERNAL; 312; 312; 0; 3560; INTERNAL; 311; 311; 0; 4893
INTERNAL; 311; 311; 0; 4893; INTERNAL; 300; 310; 10; 4361
INTERNAL; 311; 311; 0; 4893; INTERNAL; 300; 310; 10; 3038
INTERNAL; 300; 310; 10; 3038; INTERNAL; 293; 309; 16; 584
INTERNAL; 311; 311; 0; 4893; INTERNAL; 310; 310; 0; 2836
INTERNAL; 310; 310; 0; 2836; INTERNAL; 300; 309; 9; 4491
INTERNAL; 300; 309; 9; 4491; INTERNAL; 292; 308; 16; 585
INTERNAL; 310; 310; 0; 2836; INTERNAL; 300; 309; 9; 4900
INTERNAL; 310; 310; 0; 2836; INTERNAL; 309; 309; 0; 4896
INTERNAL; 309; 309; 0; 4896; INTERNAL; 300; 308; 8; 2499
INTERNAL; 300; 308; 8; 2499; INTERNAL; 291; 307; 16; 3117
INTERNAL; 309; 309; 0; 4896; INTERNAL; 300; 308; 8; 3458
INTERNAL; 309; 309; 0; 4896; INTERNAL; 308; 308; 0; 2390
INTERNAL; 308; 308; 0; 2390; INTERNAL; 300; 307; 7; 3892
INTERNAL; 300; 307; 7; 3892; INTERNAL; 290; 306; 16; 588
INTERNAL; 308; 308; 0; 2390; INTERNAL; 307; 307; 0; 4403
INTERNAL; 307; 307; 0; 4403; INTERNAL; 300; 306; 6; 3861
INTERNAL; 307; 307; 0; 4403; INTERNAL; 306; 306; 0; 4902
INTERNAL; 306; 306; 0; 4902; INTERNAL; 300; 305; 5; 2252
INTERNAL; 300; 305; 5; 2252; INTERNAL; 288; 304; 16; 2761
INTERNAL; 306; 306; 0; 4902; INTERNAL; 305; 305; 0; 4907
INTERNAL; 305; 305; 0; 4907; INTERNAL; 300; 304; 4; 4910
INTERNAL; 305; 305; 0; 4907; INTERNAL; 304; 304; 0; 4908
INTERNAL; 304; 304; 0; 4908; INTERNAL; 300; 303; 3; 2358
INTERNAL; 300; 303; 3; 2358; INTERNAL; 286; 302; 16; 3058
INTERNAL; 304; 304; 0; 4908; INTERNAL; 300; 303; 3; 1677
INTERNAL; 304; 304; 0; 4908; INTERNAL; 303; 303; 0; 1930
INTERNAL; 303; 303; 0; 1930; INTERNAL; 300; 302; 2; 4912
INTERNAL; 300; 302; 2; 4912; INTERNAL; 286; 301; 15; 590
INTERNAL; 286; 301; 15; 590; INTERNAL; 285; 300; 15; 593
INTERNAL; 286; 301; 15; 590; INTERNAL; 285; 300; 15; 591
INTERNAL; 303; 303; 0; 1930; INTERNAL; 302; 302; 0; 4721
INTERNAL; 302; 302; 0; 4721; INTERNAL; 301; 301; 0; 4914
INTERNAL; 301; 301; 0; 4914; INTERNAL; 300; 300; 0; 4393
INTERNAL; 300; 300; 0; 4393; INTERNAL; 299; 299; 0; 1451
INTERNAL; 299; 299; 0; 1451; INTERNAL; 282; 298; 16; 1881
INTERNAL; 300; 300; 0; 4393; INTERNAL; 299; 299; 0; 4079
INTERNAL; 299; 299; 0; 4079; INTERNAL; 2; 298; 296; 4871
INTERNAL; 2; 298; 296; 4871; INPUT; 1; 297; 296; 2683
INTERNAL; 2; 298; 296; 4871; INPUT; 1; 297; 296; 4874
INTERNAL; 300; 300; 0; 4393; INTERNAL; 299; 299; 0; 1500
INTERNAL; 301; 301; 0; 4914; INTERNAL; 300; 300; 0; 4919
INTERNAL; 301; 301; 0; 4914; INTERNAL; 300; 300; 0; 4917
INTERNAL; 300; 300; 0; 4917; INTERNAL; 283; 299; 16; 2428
INTERNAL; 302; 302; 0; 4721; INTERNAL; 300; 301; 1; 2155
INTERNAL; 300; 301; 1; 2155; INTERNAL; 284; 300; 16; 4642
INTERNAL; 300; 301; 1; 2155; INTERNAL; 284; 300; 16; 1970
INTERNAL; 302; 302; 0; 4721; INTERNAL; 300; 301; 1; 1790
INTERNAL; 303; 303; 0; 1930; INTERNAL; 300; 302; 2; 3110
INTERNAL; 305; 305; 0; 4907; INTERNAL; 300; 304; 4; 2688
INTERNAL; 300; 304; 4; 2688; INTERNAL; 287; 303; 16; 589
INTERNAL; 306; 306; 0; 4902; INTERNAL; 300; 305; 5; 3718
INTERNAL; 307; 307; 0; 4403; INTERNAL; 300; 306; 6; 4905
INTERNAL; 300; 306; 6; 4905; INTERNAL; 289; 305; 16; 2039
INTERNAL; 308; 308; 0; 2390; INTERNAL; 300; 307; 7; 4586
INTERNAL; 312; 312; 0; 3560; INTERNAL; 300; 311; 11; 3645
INTERNAL; 315; 315; 0; 2148; INTERNAL; 300; 314; 14; 4880
INTERNAL; 315; 315; 0; 2148; INTERNAL; 300; 313; 13; 3217
INTERNAL; 315; 315; 0; 2148; INTERNAL; 300; 314; 14; 4879
INTERNAL; 300; 314; 14; 4879; INTERNAL; 297; 313; 16; 2242
INTERNAL; 316; 316; 0; 2829; INTERNAL; 315; 315; 0; 3010
INTERNAL; 315; 315; 0; 3010; INTERNAL; 301; 314; 13; 4218
INTERNAL; 301; 314; 13; 4218; INTERNAL; 298; 313; 15; 583
INTERNAL; 316; 316; 0; 2829; INTERNAL; 300; 315; 15; 4209
INTERNAL; 318; 332; 14; 4359; INTERNAL; 317; 331; 14; 1164
INTERNAL; 317; 331; 14; 1164; INTERNAL; 315; 330; 15; 576
INTERNAL; 317; 331; 14; 1164; INTERNAL; 315; 330; 15; 4103
INTERNAL; 318; 332; 14; 4359; INTERNAL; 315; 331; 16; 577
INTERNAL; 333; 333; 0; 3581; INTERNAL; 332; 332; 0; 2791
INTERNAL; 332; 332; 0; 2791; INTERNAL; 317; 331; 14; 3748
INTERNAL; 317; 331; 14; 3748; INTERNAL; 313; 329; 16; 1791
INTERNAL; 317; 331; 14; 3748; INTERNAL; 313; 329; 16; 3119
INTERNAL; 332; 332; 0; 2791; INTERNAL; 317; 331; 14; 3858
INTERNAL; 332; 332; 0; 2791; INTERNAL; 331; 331; 0; 4846
INTERNAL; 331; 331; 0; 4846; INTERNAL; 317; 330; 13; 4053
INTERNAL; 331; 331; 0; 4846; INTERNAL; 330; 330; 0; 4366
INTERNAL; 330; 330; 0; 4366; INTERNAL; 317; 329; 12; 4665
INTERNAL; 317; 329; 12; 4665; INTERNAL; 311; 327; 16; 3704
INTERNAL; 317; 329; 12; 4665; INTERNAL; 311; 327; 16; 578
INTERNAL; 330; 330; 0; 4366; INTERNAL; 329; 329; 0; 1848
INTERNAL; 329; 329; 0; 1848; INTERNAL; 317; 328; 11; 3903
INTERNAL; 329; 329; 0; 1848; INTERNAL; 317; 328; 11; 2322
INTERNAL; 329; 329; 0; 1848; INTERNAL; 328; 328; 0; 2404
INTERNAL; 328; 328; 0; 2404; INTERNAL; 317; 327; 10; 2776
INTERNAL; 317; 327; 10; 2776; INTERNAL; 309; 325; 16; 579
INTERNAL; 317; 327; 10; 2776; INTERNAL; 309; 325; 16; 1404
INTERNAL; 328; 328; 0; 2404; INTERNAL; 317; 327; 10; 4852
INTERNAL; 328; 328; 0; 2404; INTERNAL; 327; 327; 0; 4849
INTERNAL; 327; 327; 0; 4849; INTERNAL; 317; 326; 9; 2814
INTERNAL; 327; 327; 0; 4849; INTERNAL; 326; 326; 0; 3949
INTERNAL; 326; 326; 0; 3949; INTERNAL; 317; 325; 8; 3294
INTERNAL; 317; 325; 8; 3294; INTERNAL; 307; 323; 16; 582
INTERNAL; 317; 325; 8; 3294; INTERNAL; 307; 323; 16; 580
INTERNAL; 326; 326; 0; 3949; INTERNAL; 317; 325; 8; 4154
INTERNAL; 326; 326; 0; 3949; INTERNAL; 325; 325; 0; 4854
INTERNAL; 325; 325; 0; 4854; INTERNAL; 324; 324; 0; 1882
INTERNAL; 324; 324; 0; 1882; INTERNAL; 323; 323; 0; 3999
INTERNAL; 323; 323; 0; 3999; INTERNAL; 317; 322; 5; 3898
INTERNAL; 323; 323; 0; 3999; INTERNAL; 317; 322; 5; 4354
INTERNAL; 323; 323; 0; 3999; INTERNAL; 322; 322; 0; 4644
INTERNAL; 322; 322; 0; 4644; INTERNAL; 321; 321; 0; 4858
INTERNAL; 321; 321; 0; 4858; INTERNAL; 320; 320; 0; 4620
INTERNAL; 320; 320; 0; 4620; INTERNAL; 319; 319; 0; 2030
INTERNAL; 319; 319; 0; 2030; INTERNAL; 317; 318; 1; 4755
INTERNAL; 319; 319; 0; 2030; INTERNAL; 317; 318; 1; 2375
INTERNAL; 319; 319; 0; 2030; INTERNAL; 318; 318; 0; 4869
INTERNAL; 318; 318; 0; 4869; INTERNAL; 317; 317; 0; 4872
INTERNAL; 318; 318; 0; 4869; INTERNAL; 317; 317; 0; 4870
INTERNAL; 318; 318; 0; 4869; INTERNAL; 317; 317; 0; 3904
INTERNAL; 317; 317; 0; 3904; INTERNAL; 316; 316; 0; 4873
INTERNAL; 316; 316; 0; 4873; INTERNAL; 2; 315; 313; 2539
INTERNAL; 2; 315; 313; 2539; INPUT; 1; 314; 313; 1046
INTERNAL; 2; 315; 313; 2539; INPUT; 1; 314; 313; 2715
INTERNAL; 317; 317; 0; 3904; INTERNAL; 316; 316; 0; 1694
INTERNAL; 317; 317; 0; 3904; INTERNAL; 316; 316; 0; 1693
INTERNAL; 320; 320; 0; 4620; INTERNAL; 317; 319; 2; 4867
INTERNAL; 320; 320; 0; 4620; INTERNAL; 317; 319; 2; 3972
INTERNAL; 321; 321; 0; 4858; INTERNAL; 317; 320; 3; 3518
INTERNAL; 321; 321; 0; 4858; INTERNAL; 317; 320; 3; 4866
INTERNAL; 322; 322; 0; 4644; INTERNAL; 317; 321; 4; 4432
INTERNAL; 322; 322; 0; 4644; INTERNAL; 317; 321; 4; 4860
INTERNAL; 324; 324; 0; 1882; INTERNAL; 317; 323; 6; 3977
INTERNAL; 324; 324; 0; 1882; INTERNAL; 317; 323; 6; 4857
INTERNAL; 325; 325; 0; 4854; INTERNAL; 317; 324; 7; 2937
INTERNAL; 325; 325; 0; 4854; INTERNAL; 317; 324; 7; 4835
INTERNAL; 327; 327; 0; 4849; INTERNAL; 317; 326; 9; 2883
INTERNAL; 330; 330; 0; 4366; INTERNAL; 317; 329; 12; 2192
INTERNAL; 331; 331; 0; 4846; INTERNAL; 317; 330; 13; 4847
INTERNAL; 333; 333; 0; 3581; INTERNAL; 317; 332; 15; 2723
INTERNAL; 333; 333; 0; 3581; INTERNAL; 317; 332; 15; 2799
INTERNAL; 334; 334; 0; 3157; INTERNAL; 317; 333; 16; 4844
INTERNAL; 334; 334; 0; 3157; INTERNAL; 333; 333; 0; 4510
UNKNOWN; -1; -1; -1; -1; OUTPUT; 70; 1010; 940; 9
UNKNOWN; -1; -1; -1; -1; OUTPUT; 25; 1010; 985; 5
UNKNOWN; -1; -1; -1; -1; OUTPUT; 665; 1010; 345; 23
OUTPUT; 665; 1010; 345; 23; INTERNAL; 664; 664; 0; 2496
INTERNAL; 664; 664; 0; 2496; INTERNAL; 663; 663; 0; 3375
INTERNAL; 663; 663; 0; 3375; INTERNAL; 640; 662; 22; 3695
INTERNAL; 640; 662; 22; 3695; INTERNAL; 637; 661; 24; 267
INTERNAL; 637; 661; 24; 267; INTERNAL; 615; 636; 21; 3795
INTERNAL; 615; 636; 21; 3795; INTERNAL; 611; 635; 24; 297
INTERNAL; 611; 635; 24; 297; INTERNAL; 590; 610; 20; 3031
INTERNAL; 590; 610; 20; 3031; INTERNAL; 566; 585; 19; 3975
INTERNAL; 566; 585; 19; 3975; INTERNAL; 560; 560; 0; 4063
INTERNAL; 560; 560; 0; 4063; INTERNAL; 543; 559; 16; 2869
INTERNAL; 543; 559; 16; 2869; INTERNAL; 542; 542; 0; 2917
INTERNAL; 542; 542; 0; 2917; INTERNAL; 541; 541; 0; 1755
INTERNAL; 541; 541; 0; 1755; INTERNAL; 520; 539; 19; 369
INTERNAL; 520; 539; 19; 369; INTERNAL; 517; 517; 0; 4229
INTERNAL; 517; 517; 0; 4229; INTERNAL; 497; 516; 19; 3615
INTERNAL; 497; 516; 19; 3615; INTERNAL; 475; 493; 18; 4335
INTERNAL; 475; 493; 18; 4335; INTERNAL; 471; 491; 20; 416
INTERNAL; 471; 491; 20; 416; INTERNAL; 470; 470; 0; 1874
INTERNAL; 470; 470; 0; 1874; INTERNAL; 469; 469; 0; 4430
INTERNAL; 469; 469; 0; 4430; INTERNAL; 454; 468; 14; 4438
INTERNAL; 454; 468; 14; 4438; INTERNAL; 433; 446; 13; 453
INTERNAL; 433; 446; 13; 453; INTERNAL; 412; 425; 13; 2426
INTERNAL; 412; 425; 13; 2426; INTERNAL; 405; 424; 19; 605
INTERNAL; 405; 424; 19; 605; INTERNAL; 404; 404; 0; 3350
INTERNAL; 404; 404; 0; 3350; INTERNAL; 392; 403; 11; 3180
INTERNAL; 392; 403; 11; 3180; INTERNAL; 373; 383; 10; 4307
INTERNAL; 373; 383; 10; 4307; INTERNAL; 363; 363; 0; 4837
INTERNAL; 363; 363; 0; 4837; INTERNAL; 362; 362; 0; 4774
INTERNAL; 362; 362; 0; 4774; INTERNAL; 361; 361; 0; 4775
INTERNAL; 361; 361; 0; 4775; INTERNAL; 360; 360; 0; 2881
INTERNAL; 360; 360; 0; 2881; INTERNAL; 354; 359; 5; 4782
INTERNAL; 354; 359; 5; 4782; INTERNAL; 353; 353; 0; 1975
INTERNAL; 353; 353; 0; 1975; INTERNAL; 352; 352; 0; 3367
INTERNAL; 352; 352; 0; 3367; INTERNAL; 351; 351; 0; 3085
INTERNAL; 351; 351; 0; 3085; INTERNAL; 350; 350; 0; 4528
INTERNAL; 350; 350; 0; 4528; INTERNAL; 349; 349; 0; 4803
INTERNAL; 349; 349; 0; 4803; INTERNAL; 335; 348; 13; 4810
INTERNAL; 335; 348; 13; 4810; INTERNAL; 330; 347; 17; 553
INTERNAL; 335; 348; 13; 4810; INTERNAL; 330; 347; 17; 1000
INTERNAL; 349; 349; 0; 4803; INTERNAL; 348; 348; 0; 3665
INTERNAL; 348; 348; 0; 3665; INTERNAL; 335; 347; 12; 4268
INTERNAL; 335; 347; 12; 4268; INTERNAL; 329; 346; 17; 555
INTERNAL; 335; 347; 12; 4268; INTERNAL; 329; 346; 17; 554
INTERNAL; 348; 348; 0; 3665; INTERNAL; 347; 347; 0; 4167
INTERNAL; 347; 347; 0; 4167; INTERNAL; 346; 346; 0; 4811
INTERNAL; 346; 346; 0; 4811; INTERNAL; 345; 345; 0; 2786
INTERNAL; 345; 345; 0; 2786; INTERNAL; 335; 344; 9; 3741
INTERNAL; 335; 344; 9; 3741; INTERNAL; 326; 343; 17; 1337
INTERNAL; 335; 344; 9; 3741; INTERNAL; 326; 343; 17; 561
INTERNAL; 345; 345; 0; 2786; INTERNAL; 344; 344; 0; 3070
INTERNAL; 344; 344; 0; 3070; INTERNAL; 335; 343; 8; 902
INTERNAL; 335; 343; 8; 902; INTERNAL; 325; 342; 17; 562
INTERNAL; 335; 343; 8; 902; INTERNAL; 325; 342; 17; 563
INTERNAL; 344; 344; 0; 3070; INTERNAL; 343; 343; 0; 3126
INTERNAL; 343; 343; 0; 3126; INTERNAL; 342; 342; 0; 4817
INTERNAL; 342; 342; 0; 4817; INTERNAL; 335; 341; 6; 4819
INTERNAL; 335; 341; 6; 4819; INTERNAL; 323; 340; 17; 1667
INTERNAL; 335; 341; 6; 4819; INTERNAL; 323; 340; 17; 568
INTERNAL; 342; 342; 0; 4817; INTERNAL; 341; 341; 0; 4822
INTERNAL; 341; 341; 0; 4822; INTERNAL; 340; 340; 0; 2579
INTERNAL; 340; 340; 0; 2579; INTERNAL; 339; 339; 0; 1933
INTERNAL; 339; 339; 0; 1933; INTERNAL; 338; 338; 0; 4687
INTERNAL; 338; 338; 0; 4687; INTERNAL; 337; 337; 0; 3572
INTERNAL; 337; 337; 0; 3572; INTERNAL; 336; 336; 0; 4833
INTERNAL; 336; 336; 0; 4833; INTERNAL; 335; 335; 0; 573
INTERNAL; 335; 335; 0; 573; INTERNAL; 317; 334; 17; 3854
INTERNAL; 336; 336; 0; 4833; INTERNAL; 335; 335; 0; 2421
INTERNAL; 335; 335; 0; 2421; INTERNAL; 334; 334; 0; 4414
INTERNAL; 335; 335; 0; 2421; INTERNAL; 334; 334; 0; 3639
INTERNAL; 334; 334; 0; 3639; INTERNAL; 2; 333; 331; 2596
INTERNAL; 2; 333; 331; 2596; INPUT; 1; 332; 331; 1849
INTERNAL; 2; 333; 331; 2596; INPUT; 1; 332; 331; 4797
INTERNAL; 336; 336; 0; 4833; INTERNAL; 335; 335; 0; 4843
INTERNAL; 335; 335; 0; 4843; INTERNAL; 334; 334; 0; 574
INTERNAL; 336; 336; 0; 4833; INTERNAL; 335; 335; 0; 4838
INTERNAL; 337; 337; 0; 3572; INTERNAL; 336; 336; 0; 4266
INTERNAL; 337; 337; 0; 3572; INTERNAL; 335; 336; 1; 4830
INTERNAL; 338; 338; 0; 4687; INTERNAL; 335; 337; 2; 2844
INTERNAL; 338; 338; 0; 4687; INTERNAL; 337; 337; 0; 4818
INTERNAL; 337; 337; 0; 4818; INTERNAL; 335; 336; 1; 572
INTERNAL; 339; 339; 0; 1933; INTERNAL; 335; 338; 3; 4308
INTERNAL; 339; 339; 0; 1933; INTERNAL; 335; 338; 3; 571
INTERNAL; 339; 339; 0; 1933; INTERNAL; 338; 338; 0; 4829
INTERNAL; 338; 338; 0; 4829; INTERNAL; 335; 337; 2; 2275
INTERNAL; 340; 340; 0; 2579; INTERNAL; 339; 339; 0; 4828
INTERNAL; 340; 340; 0; 2579; INTERNAL; 335; 339; 4; 4827
INTERNAL; 341; 341; 0; 4822; INTERNAL; 340; 340; 0; 2273
INTERNAL; 340; 340; 0; 2273; INTERNAL; 335; 339; 4; 570
INTERNAL; 341; 341; 0; 4822; INTERNAL; 335; 340; 5; 569
INTERNAL; 341; 341; 0; 4822; INTERNAL; 335; 340; 5; 4825
INTERNAL; 342; 342; 0; 4817; INTERNAL; 341; 341; 0; 4824
INTERNAL; 343; 343; 0; 3126; INTERNAL; 342; 342; 0; 3490
INTERNAL; 342; 342; 0; 3490; INTERNAL; 335; 341; 6; 567
INTERNAL; 343; 343; 0; 3126; INTERNAL; 335; 342; 7; 2298
INTERNAL; 335; 342; 7; 2298; INTERNAL; 324; 341; 17; 566
INTERNAL; 335; 342; 7; 2298; INTERNAL; 324; 341; 17; 4855
INTERNAL; 344; 344; 0; 3070; INTERNAL; 343; 343; 0; 2753
INTERNAL; 343; 343; 0; 2753; INTERNAL; 335; 342; 7; 3312
INTERNAL; 344; 344; 0; 3070; INTERNAL; 335; 343; 8; 4807
INTERNAL; 345; 345; 0; 2786; INTERNAL; 344; 344; 0; 2568
INTERNAL; 346; 346; 0; 4811; INTERNAL; 345; 345; 0; 4814
INTERNAL; 345; 345; 0; 4814; INTERNAL; 335; 344; 9; 560
INTERNAL; 346; 346; 0; 4811; INTERNAL; 335; 345; 10; 556
INTERNAL; 335; 345; 10; 556; INTERNAL; 327; 344; 17; 557
INTERNAL; 335; 345; 10; 556; INTERNAL; 327; 344; 17; 558
INTERNAL; 346; 346; 0; 4811; INTERNAL; 335; 345; 10; 4813
INTERNAL; 347; 347; 0; 4167; INTERNAL; 335; 346; 11; 4344
INTERNAL; 347; 347; 0; 4167; INTERNAL; 346; 346; 0; 4812
INTERNAL; 348; 348; 0; 3665; INTERNAL; 335; 347; 12; 3637
INTERNAL; 348; 348; 0; 3665; INTERNAL; 347; 347; 0; 2582
INTERNAL; 347; 347; 0; 2582; INTERNAL; 335; 346; 11; 1787
INTERNAL; 349; 349; 0; 4803; INTERNAL; 335; 348; 13; 551
INTERNAL; 349; 349; 0; 4803; INTERNAL; 348; 348; 0; 3906
INTERNAL; 350; 350; 0; 4528; INTERNAL; 335; 349; 14; 3887
INTERNAL; 335; 349; 14; 3887; INTERNAL; 331; 348; 17; 549
INTERNAL; 335; 349; 14; 3887; INTERNAL; 331; 348; 17; 548
INTERNAL; 350; 350; 0; 4528; INTERNAL; 349; 349; 0; 4809
INTERNAL; 351; 351; 0; 3085; INTERNAL; 350; 350; 0; 3035
INTERNAL; 350; 350; 0; 3035; INTERNAL; 335; 349; 14; 547
INTERNAL; 351; 351; 0; 3085; INTERNAL; 335; 350; 15; 2664
INTERNAL; 352; 352; 0; 3367; INTERNAL; 336; 351; 15; 2169
INTERNAL; 336; 351; 15; 2169; INTERNAL; 335; 350; 15; 720
INTERNAL; 335; 350; 15; 720; INTERNAL; 333; 349; 16; 592
INTERNAL; 335; 350; 15; 720; INTERNAL; 333; 349; 16; 545
INTERNAL; 336; 351; 15; 2169; INTERNAL; 333; 350; 17; 1362
INTERNAL; 352; 352; 0; 3367; INTERNAL; 335; 351; 16; 4799
INTERNAL; 352; 352; 0; 3367; INTERNAL; 351; 351; 0; 4800
INTERNAL; 351; 351; 0; 4800; INTERNAL; 335; 350; 15; 1357
INTERNAL; 353; 353; 0; 1975; INTERNAL; 352; 352; 0; 2643
INTERNAL; 352; 352; 0; 2643; INTERNAL; 335; 351; 16; 892
INTERNAL; 354; 359; 5; 4782; INTERNAL; 340; 358; 18; 2651
INTERNAL; 360; 360; 0; 2881; INTERNAL; 359; 359; 0; 4783
INTERNAL; 359; 359; 0; 4783; INTERNAL; 354; 358; 4; 538
INTERNAL; 359; 359; 0; 4783; INTERNAL; 358; 358; 0; 3024
INTERNAL; 358; 358; 0; 3024; INTERNAL; 354; 357; 3; 4788
INTERNAL; 354; 357; 3; 4788; INTERNAL; 338; 356; 18; 540
INTERNAL; 358; 358; 0; 3024; INTERNAL; 357; 357; 0; 3125
INTERNAL; 357; 357; 0; 3125; INTERNAL; 356; 356; 0; 4184
INTERNAL; 356; 356; 0; 4184; INTERNAL; 355; 355; 0; 1713
INTERNAL; 355; 355; 0; 1713; INTERNAL; 354; 354; 0; 4793
INTERNAL; 354; 354; 0; 4793; INTERNAL; 353; 353; 0; 2827
INTERNAL; 353; 353; 0; 2827; INTERNAL; 2; 352; 350; 3754
INTERNAL; 2; 352; 350; 3754; INPUT; 1; 351; 350; 4754
INTERNAL; 2; 352; 350; 3754; INPUT; 1; 351; 350; 3690
INTERNAL; 354; 354; 0; 4793; INTERNAL; 353; 353; 0; 4795
INTERNAL; 354; 354; 0; 4793; INTERNAL; 353; 353; 0; 3318
INTERNAL; 355; 355; 0; 1713; INTERNAL; 354; 354; 0; 3726
INTERNAL; 354; 354; 0; 3726; INTERNAL; 335; 353; 18; 4712
INTERNAL; 354; 354; 0; 3726; INTERNAL; 335; 353; 18; 543
INTERNAL; 355; 355; 0; 1713; INTERNAL; 354; 354; 0; 2693
INTERNAL; 354; 354; 0; 2693; INTERNAL; 353; 353; 0; 544
INTERNAL; 356; 356; 0; 4184; INTERNAL; 355; 355; 0; 4790
INTERNAL; 355; 355; 0; 4790; INTERNAL; 354; 354; 0; 3270
INTERNAL; 356; 356; 0; 4184; INTERNAL; 354; 355; 1; 4289
INTERNAL; 354; 355; 1; 4289; INTERNAL; 336; 354; 18; 3475
INTERNAL; 357; 357; 0; 3125; INTERNAL; 354; 356; 2; 4426
INTERNAL; 354; 356; 2; 4426; INTERNAL; 337; 355; 18; 2687
INTERNAL; 357; 357; 0; 3125; INTERNAL; 356; 356; 0; 4320
INTERNAL; 356; 356; 0; 4320; INTERNAL; 354; 355; 1; 542
INTERNAL; 358; 358; 0; 3024; INTERNAL; 357; 357; 0; 4006
INTERNAL; 357; 357; 0; 4006; INTERNAL; 354; 356; 2; 541
INTERNAL; 359; 359; 0; 4783; INTERNAL; 354; 358; 4; 4693
INTERNAL; 354; 358; 4; 4693; INTERNAL; 339; 357; 18; 539
INTERNAL; 359; 359; 0; 4783; INTERNAL; 358; 358; 0; 2329
INTERNAL; 358; 358; 0; 2329; INTERNAL; 354; 357; 3; 4519
INTERNAL; 360; 360; 0; 2881; INTERNAL; 359; 359; 0; 4787
INTERNAL; 361; 361; 0; 4775; INTERNAL; 360; 360; 0; 4779
INTERNAL; 360; 360; 0; 4779; INTERNAL; 354; 359; 5; 3239
INTERNAL; 361; 361; 0; 4775; INTERNAL; 354; 360; 6; 2068
INTERNAL; 354; 360; 6; 2068; INTERNAL; 341; 359; 18; 2189
INTERNAL; 361; 361; 0; 4775; INTERNAL; 354; 360; 6; 1747
INTERNAL; 362; 362; 0; 4774; INTERNAL; 354; 361; 7; 4225
INTERNAL; 354; 361; 7; 4225; INTERNAL; 342; 360; 18; 3505
INTERNAL; 362; 362; 0; 4774; INTERNAL; 361; 361; 0; 4777
INTERNAL; 363; 363; 0; 4837; INTERNAL; 362; 362; 0; 4674
INTERNAL; 362; 362; 0; 4674; INTERNAL; 354; 361; 7; 536
INTERNAL; 363; 363; 0; 4837; INTERNAL; 354; 362; 8; 1777
INTERNAL; 354; 362; 8; 1777; INTERNAL; 343; 361; 18; 535
INTERNAL; 363; 363; 0; 4837; INTERNAL; 354; 362; 8; 534
INTERNAL; 373; 383; 10; 4307; INTERNAL; 363; 363; 0; 4772
INTERNAL; 373; 383; 10; 4307; INTERNAL; 372; 372; 0; 2864
INTERNAL; 372; 372; 0; 2864; INTERNAL; 371; 371; 0; 2820
INTERNAL; 371; 371; 0; 2820; INTERNAL; 354; 370; 16; 2117
INTERNAL; 354; 370; 16; 2117; INTERNAL; 352; 369; 17; 4171
INTERNAL; 371; 371; 0; 2820; INTERNAL; 370; 370; 0; 4756
INTERNAL; 370; 370; 0; 4756; INTERNAL; 354; 369; 15; 3485
INTERNAL; 354; 369; 15; 3485; INTERNAL; 350; 368; 18; 4518
INTERNAL; 370; 370; 0; 4756; INTERNAL; 369; 369; 0; 4497
INTERNAL; 369; 369; 0; 4497; INTERNAL; 354; 368; 14; 4206
INTERNAL; 354; 368; 14; 4206; INTERNAL; 349; 367; 18; 526
INTERNAL; 369; 369; 0; 4497; INTERNAL; 368; 368; 0; 4319
INTERNAL; 368; 368; 0; 4319; INTERNAL; 354; 367; 13; 2040
INTERNAL; 354; 367; 13; 2040; INTERNAL; 348; 366; 18; 528
INTERNAL; 368; 368; 0; 4319; INTERNAL; 367; 367; 0; 4761
INTERNAL; 367; 367; 0; 4761; INTERNAL; 366; 366; 0; 4906
INTERNAL; 366; 366; 0; 4906; INTERNAL; 365; 365; 0; 2943
INTERNAL; 365; 365; 0; 2943; INTERNAL; 354; 364; 10; 4764
INTERNAL; 354; 364; 10; 4764; INTERNAL; 345; 363; 18; 532
INTERNAL; 365; 365; 0; 2943; INTERNAL; 364; 364; 0; 4768
INTERNAL; 364; 364; 0; 4768; INTERNAL; 354; 363; 9; 3520
INTERNAL; 354; 363; 9; 3520; INTERNAL; 344; 362; 18; 4512
INTERNAL; 365; 365; 0; 2943; INTERNAL; 364; 364; 0; 4211
INTERNAL; 364; 364; 0; 4211; INTERNAL; 354; 363; 9; 533
INTERNAL; 366; 366; 0; 4906; INTERNAL; 354; 365; 11; 3298
INTERNAL; 354; 365; 11; 3298; INTERNAL; 346; 364; 18; 998
INTERNAL; 366; 366; 0; 4906; INTERNAL; 365; 365; 0; 4763
INTERNAL; 365; 365; 0; 4763; INTERNAL; 354; 364; 10; 2126
INTERNAL; 367; 367; 0; 4761; INTERNAL; 354; 366; 12; 4449
INTERNAL; 354; 366; 12; 4449; INTERNAL; 347; 365; 18; 2307
INTERNAL; 367; 367; 0; 4761; INTERNAL; 354; 366; 12; 529
INTERNAL; 367; 367; 0; 4761; INTERNAL; 366; 366; 0; 3184
INTERNAL; 366; 366; 0; 3184; INTERNAL; 354; 365; 11; 530
INTERNAL; 368; 368; 0; 4319; INTERNAL; 354; 367; 13; 527
INTERNAL; 368; 368; 0; 4319; INTERNAL; 367; 367; 0; 3791
INTERNAL; 369; 369; 0; 4497; INTERNAL; 368; 368; 0; 4759
INTERNAL; 370; 370; 0; 4756; INTERNAL; 354; 369; 15; 524
INTERNAL; 370; 370; 0; 4756; INTERNAL; 369; 369; 0; 4794
INTERNAL; 369; 369; 0; 4794; INTERNAL; 354; 368; 14; 3044
INTERNAL; 371; 371; 0; 2820; INTERNAL; 354; 369; 15; 523
INTERNAL; 371; 371; 0; 2820; INTERNAL; 370; 370; 0; 4049
INTERNAL; 371; 371; 0; 2820; INTERNAL; 354; 370; 16; 4705
INTERNAL; 354; 370; 16; 4705; INTERNAL; 351; 369; 18; 521
INTERNAL; 372; 372; 0; 2864; INTERNAL; 371; 371; 0; 4926
INTERNAL; 371; 371; 0; 4926; INTERNAL; 355; 370; 15; 4352
INTERNAL; 392; 403; 11; 3180; INTERNAL; 384; 402; 18; 498
INTERNAL; 384; 402; 18; 498; INTERNAL; 383; 383; 0; 4723
INTERNAL; 383; 383; 0; 4723; INTERNAL; 382; 382; 0; 4650
INTERNAL; 382; 382; 0; 4650; INTERNAL; 373; 381; 8; 4725
INTERNAL; 373; 381; 8; 4725; INTERNAL; 362; 380; 18; 511
INTERNAL; 382; 382; 0; 4650; INTERNAL; 381; 381; 0; 2458
INTERNAL; 381; 381; 0; 2458; INTERNAL; 380; 380; 0; 4726
INTERNAL; 380; 380; 0; 4726; INTERNAL; 373; 379; 6; 4731
INTERNAL; 373; 379; 6; 4731; INTERNAL; 360; 378; 18; 4115
INTERNAL; 380; 380; 0; 4726; INTERNAL; 379; 379; 0; 3497
INTERNAL; 379; 379; 0; 3497; INTERNAL; 373; 378; 5; 3973
INTERNAL; 373; 378; 5; 3973; INTERNAL; 359; 377; 18; 2372
INTERNAL; 379; 379; 0; 3497; INTERNAL; 378; 378; 0; 3873
INTERNAL; 378; 378; 0; 3873; INTERNAL; 373; 377; 4; 4160
INTERNAL; 373; 377; 4; 4160; INTERNAL; 358; 376; 18; 1333
INTERNAL; 378; 378; 0; 3873; INTERNAL; 373; 377; 4; 3571
INTERNAL; 378; 378; 0; 3873; INTERNAL; 377; 377; 0; 4735
INTERNAL; 377; 377; 0; 4735; INTERNAL; 373; 376; 3; 2846
INTERNAL; 373; 376; 3; 2846; INTERNAL; 357; 375; 18; 512
INTERNAL; 373; 376; 3; 2846; INTERNAL; 357; 375; 18; 905
INTERNAL; 377; 377; 0; 4735; INTERNAL; 373; 376; 3; 2932
INTERNAL; 377; 377; 0; 4735; INTERNAL; 376; 376; 0; 4294
INTERNAL; 376; 376; 0; 4294; INTERNAL; 373; 375; 2; 4283
INTERNAL; 373; 375; 2; 4283; INTERNAL; 356; 374; 18; 514
INTERNAL; 373; 375; 2; 4283; INTERNAL; 356; 374; 18; 1820
INTERNAL; 376; 376; 0; 4294; INTERNAL; 373; 375; 2; 2337
INTERNAL; 376; 376; 0; 4294; INTERNAL; 375; 375; 0; 2174
INTERNAL; 375; 375; 0; 2174; INTERNAL; 373; 374; 1; 4739
INTERNAL; 373; 374; 1; 4739; INTERNAL; 355; 373; 18; 516
INTERNAL; 373; 374; 1; 4739; INTERNAL; 355; 373; 18; 517
INTERNAL; 375; 375; 0; 2174; INTERNAL; 373; 374; 1; 4703
INTERNAL; 375; 375; 0; 2174; INTERNAL; 374; 374; 0; 1884
INTERNAL; 374; 374; 0; 1884; INTERNAL; 373; 373; 0; 4743
INTERNAL; 374; 374; 0; 1884; INTERNAL; 373; 373; 0; 4741
INTERNAL; 373; 373; 0; 4741; INTERNAL; 354; 372; 18; 518
INTERNAL; 374; 374; 0; 1884; INTERNAL; 373; 373; 0; 4740
INTERNAL; 373; 373; 0; 4740; INTERNAL; 354; 372; 18; 3584
INTERNAL; 373; 373; 0; 4740; INTERNAL; 372; 372; 0; 2312
INTERNAL; 373; 373; 0; 4740; INTERNAL; 372; 372; 0; 4750
INTERNAL; 372; 372; 0; 4750; INTERNAL; 354; 371; 17; 519
INTERNAL; 373; 373; 0; 4740; INTERNAL; 372; 372; 0; 4747
INTERNAL; 372; 372; 0; 4747; INTERNAL; 2; 371; 369; 4752
INTERNAL; 2; 371; 369; 4752; INPUT; 1; 370; 369; 520
INTERNAL; 2; 371; 369; 4752; INPUT; 1; 370; 369; 4524
INTERNAL; 379; 379; 0; 3497; INTERNAL; 373; 378; 5; 3457
INTERNAL; 380; 380; 0; 4726; INTERNAL; 373; 379; 6; 4733
INTERNAL; 381; 381; 0; 2458; INTERNAL; 373; 380; 7; 4727
INTERNAL; 373; 380; 7; 4727; INTERNAL; 361; 379; 18; 1093
INTERNAL; 381; 381; 0; 2458; INTERNAL; 373; 380; 7; 4729
INTERNAL; 382; 382; 0; 4650; INTERNAL; 373; 381; 8; 4151
INTERNAL; 383; 383; 0; 4723; INTERNAL; 373; 382; 9; 4724
INTERNAL; 383; 383; 0; 4723; INTERNAL; 373; 382; 9; 2399
INTERNAL; 373; 382; 9; 2399; INTERNAL; 363; 381; 18; 2996
INTERNAL; 392; 403; 11; 3180; INTERNAL; 391; 391; 0; 1843
INTERNAL; 391; 391; 0; 1843; INTERNAL; 373; 390; 17; 4695
INTERNAL; 373; 390; 17; 4695; INTERNAL; 371; 388; 17; 506
INTERNAL; 391; 391; 0; 1843; INTERNAL; 390; 390; 0; 1819
INTERNAL; 390; 390; 0; 1819; INTERNAL; 374; 389; 15; 4706
INTERNAL; 374; 389; 15; 4706; INTERNAL; 373; 388; 15; 505
INTERNAL; 390; 390; 0; 1819; INTERNAL; 373; 389; 16; 4701
INTERNAL; 390; 390; 0; 1819; INTERNAL; 389; 389; 0; 3544
INTERNAL; 389; 389; 0; 3544; INTERNAL; 373; 388; 15; 4708
INTERNAL; 373; 388; 15; 4708; INTERNAL; 369; 387; 18; 631
INTERNAL; 389; 389; 0; 3544; INTERNAL; 373; 388; 15; 4709
INTERNAL; 389; 389; 0; 3544; INTERNAL; 388; 388; 0; 3835
INTERNAL; 388; 388; 0; 3835; INTERNAL; 387; 387; 0; 4711
INTERNAL; 387; 387; 0; 4711; INTERNAL; 373; 386; 13; 4718
INTERNAL; 387; 387; 0; 4711; INTERNAL; 386; 386; 0; 4716
INTERNAL; 386; 386; 0; 4716; INTERNAL; 373; 385; 12; 4024
INTERNAL; 373; 385; 12; 4024; INTERNAL; 366; 384; 18; 1516
INTERNAL; 386; 386; 0; 4716; INTERNAL; 385; 385; 0; 3451
INTERNAL; 385; 385; 0; 3451; INTERNAL; 373; 384; 11; 4719
INTERNAL; 373; 384; 11; 4719; INTERNAL; 365; 383; 18; 837
INTERNAL; 385; 385; 0; 3451; INTERNAL; 373; 384; 11; 4722
INTERNAL; 385; 385; 0; 3451; INTERNAL; 384; 384; 0; 4664
INTERNAL; 384; 384; 0; 4664; INTERNAL; 373; 383; 10; 4253
INTERNAL; 373; 383; 10; 4253; INTERNAL; 364; 382; 18; 1032
INTERNAL; 386; 386; 0; 4716; INTERNAL; 373; 385; 12; 2853
INTERNAL; 387; 387; 0; 4711; INTERNAL; 373; 386; 13; 4226
INTERNAL; 373; 386; 13; 4226; INTERNAL; 367; 385; 18; 509
INTERNAL; 388; 388; 0; 3835; INTERNAL; 373; 387; 14; 4713
INTERNAL; 388; 388; 0; 3835; INTERNAL; 373; 387; 14; 4445
INTERNAL; 373; 387; 14; 4445; INTERNAL; 368; 386; 18; 508
INTERNAL; 390; 390; 0; 1819; INTERNAL; 373; 389; 16; 4699
INTERNAL; 373; 389; 16; 4699; INTERNAL; 370; 388; 18; 1826
INTERNAL; 391; 391; 0; 1843; INTERNAL; 390; 390; 0; 4694
INTERNAL; 392; 403; 11; 3180; INTERNAL; 384; 402; 18; 4546
INTERNAL; 404; 404; 0; 3350; INTERNAL; 392; 403; 11; 4645
INTERNAL; 404; 404; 0; 3350; INTERNAL; 403; 403; 0; 4641
INTERNAL; 403; 403; 0; 4641; INTERNAL; 402; 402; 0; 4647
INTERNAL; 402; 402; 0; 4647; INTERNAL; 392; 401; 9; 2618
INTERNAL; 392; 401; 9; 2618; INTERNAL; 382; 400; 18; 918
INTERNAL; 392; 401; 9; 2618; INTERNAL; 382; 400; 18; 499
INTERNAL; 402; 402; 0; 4647; INTERNAL; 401; 401; 0; 3970
INTERNAL; 401; 401; 0; 3970; INTERNAL; 392; 400; 8; 3138
INTERNAL; 392; 400; 8; 3138; INTERNAL; 380; 398; 18; 501
INTERNAL; 392; 400; 8; 3138; INTERNAL; 380; 398; 18; 4580
INTERNAL; 401; 401; 0; 3970; INTERNAL; 400; 400; 0; 3476
INTERNAL; 400; 400; 0; 3476; INTERNAL; 392; 399; 7; 4656
INTERNAL; 400; 400; 0; 3476; INTERNAL; 392; 399; 7; 4657
INTERNAL; 392; 399; 7; 4657; INTERNAL; 379; 397; 18; 515
INTERNAL; 392; 399; 7; 4657; INTERNAL; 379; 397; 18; 503
INTERNAL; 400; 400; 0; 3476; INTERNAL; 399; 399; 0; 4654
INTERNAL; 399; 399; 0; 4654; INTERNAL; 392; 398; 6; 4663
INTERNAL; 399; 399; 0; 4654; INTERNAL; 398; 398; 0; 4660
INTERNAL; 398; 398; 0; 4660; INTERNAL; 392; 397; 5; 1968
INTERNAL; 398; 398; 0; 4660; INTERNAL; 397; 397; 0; 4556
INTERNAL; 397; 397; 0; 4556; INTERNAL; 392; 396; 4; 4940
INTERNAL; 397; 397; 0; 4556; INTERNAL; 392; 396; 4; 2095
INTERNAL; 397; 397; 0; 4556; INTERNAL; 396; 396; 0; 4826
INTERNAL; 396; 396; 0; 4826; INTERNAL; 395; 395; 0; 4670
INTERNAL; 395; 395; 0; 4670; INTERNAL; 392; 394; 2; 3477
INTERNAL; 395; 395; 0; 4670; INTERNAL; 394; 394; 0; 4680
INTERNAL; 394; 394; 0; 4680; INTERNAL; 393; 393; 0; 2546
INTERNAL; 393; 393; 0; 2546; INTERNAL; 392; 392; 0; 1875
INTERNAL; 393; 393; 0; 2546; INTERNAL; 392; 392; 0; 4678
INTERNAL; 392; 392; 0; 4678; INTERNAL; 373; 391; 18; 504
INTERNAL; 392; 392; 0; 4678; INTERNAL; 373; 391; 18; 4059
INTERNAL; 393; 393; 0; 2546; INTERNAL; 392; 392; 0; 2922
INTERNAL; 392; 392; 0; 2922; INTERNAL; 391; 391; 0; 1770
INTERNAL; 391; 391; 0; 1770; INTERNAL; 2; 390; 388; 2419
INTERNAL; 2; 390; 388; 2419; INPUT; 1; 389; 388; 4613
INTERNAL; 2; 390; 388; 2419; INPUT; 1; 389; 388; 3428
INTERNAL; 392; 392; 0; 2922; INTERNAL; 391; 391; 0; 4689
INTERNAL; 392; 392; 0; 2922; INTERNAL; 391; 391; 0; 4690
INTERNAL; 394; 394; 0; 4680; INTERNAL; 392; 393; 1; 4688
INTERNAL; 392; 393; 1; 4688; INTERNAL; 374; 392; 18; 823
INTERNAL; 394; 394; 0; 4680; INTERNAL; 392; 393; 1; 2446
INTERNAL; 394; 394; 0; 4680; INTERNAL; 393; 393; 0; 1959
INTERNAL; 395; 395; 0; 4670; INTERNAL; 392; 394; 2; 4682
INTERNAL; 396; 396; 0; 4826; INTERNAL; 392; 395; 3; 4675
INTERNAL; 396; 396; 0; 4826; INTERNAL; 392; 395; 3; 3104
INTERNAL; 398; 398; 0; 4660; INTERNAL; 392; 397; 5; 4667
INTERNAL; 399; 399; 0; 4654; INTERNAL; 392; 398; 6; 4661
INTERNAL; 401; 401; 0; 3970; INTERNAL; 392; 400; 8; 1866
INTERNAL; 402; 402; 0; 4647; INTERNAL; 392; 401; 9; 4651
INTERNAL; 403; 403; 0; 4641; INTERNAL; 392; 402; 10; 4626
INTERNAL; 403; 403; 0; 4641; INTERNAL; 392; 402; 10; 4649
INTERNAL; 412; 425; 13; 2426; INTERNAL; 392; 404; 12; 4702
INTERNAL; 412; 425; 13; 2426; INTERNAL; 405; 424; 19; 1437
INTERNAL; 412; 425; 13; 2426; INTERNAL; 411; 411; 0; 3134
INTERNAL; 411; 411; 0; 3134; INTERNAL; 410; 410; 0; 3288
INTERNAL; 410; 410; 0; 3288; INTERNAL; 392; 409; 17; 4616
INTERNAL; 392; 409; 17; 4616; INTERNAL; 390; 407; 17; 653
INTERNAL; 392; 409; 17; 4616; INTERNAL; 390; 407; 17; 3901
INTERNAL; 410; 410; 0; 3288; INTERNAL; 393; 409; 16; 4618
INTERNAL; 393; 409; 16; 4618; INTERNAL; 392; 408; 16; 3153
INTERNAL; 393; 409; 16; 4618; INTERNAL; 390; 408; 18; 496
INTERNAL; 410; 410; 0; 3288; INTERNAL; 392; 409; 17; 2118
INTERNAL; 410; 410; 0; 3288; INTERNAL; 409; 409; 0; 2146
INTERNAL; 409; 409; 0; 2146; INTERNAL; 408; 408; 0; 3039
INTERNAL; 408; 408; 0; 3039; INTERNAL; 392; 407; 15; 3895
INTERNAL; 408; 408; 0; 3039; INTERNAL; 392; 407; 15; 4625
INTERNAL; 392; 407; 15; 4625; INTERNAL; 388; 406; 18; 2070
INTERNAL; 392; 407; 15; 4625; INTERNAL; 388; 406; 18; 2758
INTERNAL; 408; 408; 0; 3039; INTERNAL; 407; 407; 0; 4619
INTERNAL; 407; 407; 0; 4619; INTERNAL; 392; 406; 14; 2138
INTERNAL; 392; 406; 14; 2138; INTERNAL; 386; 404; 18; 4474
INTERNAL; 392; 406; 14; 2138; INTERNAL; 386; 404; 18; 497
INTERNAL; 407; 407; 0; 4619; INTERNAL; 406; 406; 0; 3359
INTERNAL; 406; 406; 0; 3359; INTERNAL; 392; 405; 13; 4635
INTERNAL; 406; 406; 0; 3359; INTERNAL; 405; 405; 0; 4632
INTERNAL; 405; 405; 0; 4632; INTERNAL; 392; 404; 12; 3435
INTERNAL; 406; 406; 0; 3359; INTERNAL; 392; 405; 13; 4637
INTERNAL; 407; 407; 0; 4619; INTERNAL; 392; 406; 14; 4629
INTERNAL; 409; 409; 0; 2146; INTERNAL; 392; 408; 16; 3797
INTERNAL; 409; 409; 0; 2146; INTERNAL; 392; 408; 16; 3566
INTERNAL; 411; 411; 0; 3134; INTERNAL; 392; 410; 18; 4611
INTERNAL; 411; 411; 0; 3134; INTERNAL; 410; 410; 0; 4609
INTERNAL; 433; 446; 13; 453; INTERNAL; 425; 425; 0; 4565
INTERNAL; 425; 425; 0; 4565; INTERNAL; 412; 424; 12; 3852
INTERNAL; 412; 424; 12; 3852; INTERNAL; 404; 423; 19; 1246
INTERNAL; 412; 424; 12; 3852; INTERNAL; 404; 423; 19; 1184
INTERNAL; 425; 425; 0; 4565; INTERNAL; 424; 424; 0; 4323
INTERNAL; 424; 424; 0; 4323; INTERNAL; 423; 423; 0; 4571
INTERNAL; 423; 423; 0; 4571; INTERNAL; 412; 422; 10; 4572
INTERNAL; 412; 422; 10; 4572; INTERNAL; 402; 421; 19; 2165
INTERNAL; 412; 422; 10; 4572; INTERNAL; 402; 421; 19; 4697
INTERNAL; 423; 423; 0; 4571; INTERNAL; 422; 422; 0; 4577
INTERNAL; 422; 422; 0; 4577; INTERNAL; 421; 421; 0; 4579
INTERNAL; 421; 421; 0; 4579; INTERNAL; 412; 420; 8; 2721
INTERNAL; 412; 420; 8; 2721; INTERNAL; 400; 419; 19; 482
INTERNAL; 412; 420; 8; 2721; INTERNAL; 400; 419; 19; 911
INTERNAL; 421; 421; 0; 4579; INTERNAL; 420; 420; 0; 2968
INTERNAL; 420; 420; 0; 2968; INTERNAL; 419; 419; 0; 2856
INTERNAL; 419; 419; 0; 2856; INTERNAL; 412; 418; 6; 2396
INTERNAL; 412; 418; 6; 2396; INTERNAL; 398; 417; 19; 2756
INTERNAL; 412; 418; 6; 2396; INTERNAL; 398; 417; 19; 675
INTERNAL; 419; 419; 0; 2856; INTERNAL; 418; 418; 0; 4589
INTERNAL; 418; 418; 0; 4589; INTERNAL; 417; 417; 0; 4859
INTERNAL; 417; 417; 0; 4859; INTERNAL; 412; 416; 4; 1678
INTERNAL; 417; 417; 0; 4859; INTERNAL; 412; 416; 4; 4047
INTERNAL; 417; 417; 0; 4859; INTERNAL; 416; 416; 0; 4592
INTERNAL; 416; 416; 0; 4592; INTERNAL; 415; 415; 0; 4595
INTERNAL; 415; 415; 0; 4595; INTERNAL; 412; 414; 2; 4598
INTERNAL; 412; 414; 2; 4598; INTERNAL; 395; 413; 18; 1417
INTERNAL; 395; 413; 18; 1417; INTERNAL; 394; 412; 18; 3025
INTERNAL; 394; 412; 18; 3025; INTERNAL; 393; 411; 18; 492
INTERNAL; 395; 413; 18; 1417; INTERNAL; 393; 412; 19; 493
INTERNAL; 415; 415; 0; 4595; INTERNAL; 414; 414; 0; 1824
INTERNAL; 414; 414; 0; 1824; INTERNAL; 413; 413; 0; 4603
INTERNAL; 413; 413; 0; 4603; INTERNAL; 412; 412; 0; 4607
INTERNAL; 412; 412; 0; 4607; INTERNAL; 411; 411; 0; 4608
INTERNAL; 411; 411; 0; 4608; INTERNAL; 2; 410; 408; 2151
INTERNAL; 2; 410; 408; 2151; INPUT; 1; 409; 408; 495
INTERNAL; 2; 410; 408; 2151; INPUT; 1; 409; 408; 4208
INTERNAL; 412; 412; 0; 4607; INTERNAL; 411; 411; 0; 3539
INTERNAL; 412; 412; 0; 4607; INTERNAL; 411; 411; 0; 500
INTERNAL; 413; 413; 0; 4603; INTERNAL; 412; 412; 0; 3677
INTERNAL; 413; 413; 0; 4603; INTERNAL; 412; 412; 0; 4889
INTERNAL; 413; 413; 0; 4603; INTERNAL; 412; 412; 0; 1969
INTERNAL; 412; 412; 0; 1969; INTERNAL; 392; 411; 19; 1492
INTERNAL; 412; 412; 0; 1969; INTERNAL; 392; 411; 19; 494
INTERNAL; 414; 414; 0; 1824; INTERNAL; 412; 413; 1; 4599
INTERNAL; 414; 414; 0; 1824; INTERNAL; 413; 413; 0; 4606
INTERNAL; 415; 415; 0; 4595; INTERNAL; 414; 414; 0; 4382
INTERNAL; 414; 414; 0; 4382; INTERNAL; 412; 413; 1; 490
INTERNAL; 416; 416; 0; 4592; INTERNAL; 412; 415; 3; 488
INTERNAL; 416; 416; 0; 4592; INTERNAL; 412; 415; 3; 4594
INTERNAL; 416; 416; 0; 4592; INTERNAL; 415; 415; 0; 4220
INTERNAL; 415; 415; 0; 4220; INTERNAL; 412; 414; 2; 489
INTERNAL; 417; 417; 0; 4859; INTERNAL; 416; 416; 0; 1730
INTERNAL; 418; 418; 0; 4589; INTERNAL; 417; 417; 0; 3051
INTERNAL; 418; 418; 0; 4589; INTERNAL; 412; 417; 5; 4901
INTERNAL; 419; 419; 0; 2856; INTERNAL; 418; 418; 0; 4504
INTERNAL; 418; 418; 0; 4504; INTERNAL; 412; 417; 5; 486
INTERNAL; 420; 420; 0; 2968; INTERNAL; 419; 419; 0; 4584
INTERNAL; 419; 419; 0; 4584; INTERNAL; 412; 418; 6; 2709
INTERNAL; 420; 420; 0; 2968; INTERNAL; 412; 419; 7; 4583
INTERNAL; 412; 419; 7; 4583; INTERNAL; 399; 418; 19; 483
INTERNAL; 412; 419; 7; 4583; INTERNAL; 399; 418; 19; 3657
INTERNAL; 421; 421; 0; 4579; INTERNAL; 420; 420; 0; 2854
INTERNAL; 420; 420; 0; 2854; INTERNAL; 412; 419; 7; 4569
INTERNAL; 421; 421; 0; 4579; INTERNAL; 412; 420; 8; 1191
INTERNAL; 422; 422; 0; 4577; INTERNAL; 421; 421; 0; 4582
INTERNAL; 422; 422; 0; 4577; INTERNAL; 412; 421; 9; 3661
INTERNAL; 423; 423; 0; 4571; INTERNAL; 412; 422; 10; 479
INTERNAL; 423; 423; 0; 4571; INTERNAL; 422; 422; 0; 4575
INTERNAL; 422; 422; 0; 4575; INTERNAL; 412; 421; 9; 481
INTERNAL; 424; 424; 0; 4323; INTERNAL; 412; 423; 11; 4568
INTERNAL; 412; 423; 11; 4568; INTERNAL; 403; 422; 19; 478
INTERNAL; 412; 423; 11; 4568; INTERNAL; 403; 422; 19; 4960
INTERNAL; 424; 424; 0; 4323; INTERNAL; 423; 423; 0; 2695
INTERNAL; 425; 425; 0; 4565; INTERNAL; 424; 424; 0; 4566
INTERNAL; 424; 424; 0; 4566; INTERNAL; 412; 423; 11; 1209
INTERNAL; 425; 425; 0; 4565; INTERNAL; 412; 424; 12; 2908
INTERNAL; 433; 446; 13; 453; INTERNAL; 425; 425; 0; 4091
INTERNAL; 433; 446; 13; 453; INTERNAL; 432; 432; 0; 1837
INTERNAL; 432; 432; 0; 1837; INTERNAL; 431; 431; 0; 2503
INTERNAL; 431; 431; 0; 2503; INTERNAL; 413; 430; 17; 4555
INTERNAL; 413; 430; 17; 4555; INTERNAL; 412; 429; 17; 473
INTERNAL; 412; 429; 17; 473; INTERNAL; 410; 428; 18; 2907
INTERNAL; 412; 429; 17; 473; INTERNAL; 410; 428; 18; 3069
INTERNAL; 413; 430; 17; 4555; INTERNAL; 410; 429; 19; 3335
INTERNAL; 431; 431; 0; 2503; INTERNAL; 412; 430; 18; 4974
INTERNAL; 431; 431; 0; 2503; INTERNAL; 430; 430; 0; 4097
INTERNAL; 430; 430; 0; 4097; INTERNAL; 429; 429; 0; 4558
INTERNAL; 429; 429; 0; 4558; INTERNAL; 428; 428; 0; 4561
INTERNAL; 428; 428; 0; 4561; INTERNAL; 427; 427; 0; 3710
INTERNAL; 427; 427; 0; 3710; INTERNAL; 426; 426; 0; 3340
INTERNAL; 427; 427; 0; 3710; INTERNAL; 426; 426; 0; 4020
INTERNAL; 426; 426; 0; 4020; INTERNAL; 412; 425; 13; 3694
INTERNAL; 427; 427; 0; 3710; INTERNAL; 412; 426; 14; 4562
INTERNAL; 412; 426; 14; 4562; INTERNAL; 406; 425; 19; 2649
INTERNAL; 412; 426; 14; 4562; INTERNAL; 406; 425; 19; 477
INTERNAL; 427; 427; 0; 3710; INTERNAL; 412; 426; 14; 4165
INTERNAL; 428; 428; 0; 4561; INTERNAL; 427; 427; 0; 2341
INTERNAL; 428; 428; 0; 4561; INTERNAL; 412; 427; 15; 4479
INTERNAL; 412; 427; 15; 4479; INTERNAL; 407; 426; 19; 2716
INTERNAL; 412; 427; 15; 4479; INTERNAL; 407; 426; 19; 3398
INTERNAL; 428; 428; 0; 4561; INTERNAL; 412; 427; 15; 2679
INTERNAL; 429; 429; 0; 4558; INTERNAL; 428; 428; 0; 1796
INTERNAL; 429; 429; 0; 4558; INTERNAL; 412; 428; 16; 4560
INTERNAL; 412; 428; 16; 4560; INTERNAL; 408; 427; 19; 476
INTERNAL; 412; 428; 16; 4560; INTERNAL; 408; 427; 19; 1660
INTERNAL; 430; 430; 0; 4097; INTERNAL; 429; 429; 0; 3454
INTERNAL; 429; 429; 0; 3454; INTERNAL; 412; 428; 16; 1157
INTERNAL; 430; 430; 0; 4097; INTERNAL; 412; 429; 17; 475
INTERNAL; 430; 430; 0; 4097; INTERNAL; 412; 429; 17; 4120
INTERNAL; 431; 431; 0; 2503; INTERNAL; 430; 430; 0; 4557
INTERNAL; 432; 432; 0; 1837; INTERNAL; 431; 431; 0; 3985
INTERNAL; 431; 431; 0; 3985; INTERNAL; 412; 430; 18; 575
INTERNAL; 454; 468; 14; 4438; INTERNAL; 447; 467; 20; 3675
INTERNAL; 447; 467; 20; 3675; INTERNAL; 433; 446; 13; 4506
INTERNAL; 433; 446; 13; 4506; INTERNAL; 425; 445; 20; 454
INTERNAL; 447; 467; 20; 3675; INTERNAL; 446; 446; 0; 4132
INTERNAL; 446; 446; 0; 4132; INTERNAL; 433; 445; 12; 456
INTERNAL; 446; 446; 0; 4132; INTERNAL; 433; 445; 12; 2802
INTERNAL; 433; 445; 12; 2802; INTERNAL; 424; 444; 20; 457
INTERNAL; 446; 446; 0; 4132; INTERNAL; 445; 445; 0; 4509
INTERNAL; 445; 445; 0; 4509; INTERNAL; 444; 444; 0; 4384
INTERNAL; 444; 444; 0; 4384; INTERNAL; 443; 443; 0; 1758
INTERNAL; 443; 443; 0; 1758; INTERNAL; 442; 442; 0; 4520
INTERNAL; 442; 442; 0; 4520; INTERNAL; 441; 441; 0; 3493
INTERNAL; 441; 441; 0; 3493; INTERNAL; 433; 440; 7; 1772
INTERNAL; 433; 440; 7; 1772; INTERNAL; 419; 439; 20; 485
INTERNAL; 441; 441; 0; 3493; INTERNAL; 440; 440; 0; 4522
INTERNAL; 440; 440; 0; 4522; INTERNAL; 433; 439; 6; 3241
INTERNAL; 433; 439; 6; 3241; INTERNAL; 418; 438; 20; 1818
INTERNAL; 440; 440; 0; 4522; INTERNAL; 439; 439; 0; 2997
INTERNAL; 439; 439; 0; 2997; INTERNAL; 433; 438; 5; 3264
INTERNAL; 439; 439; 0; 2997; INTERNAL; 433; 438; 5; 4364
INTERNAL; 433; 438; 5; 4364; INTERNAL; 418; 437; 19; 738
INTERNAL; 418; 437; 19; 738; INTERNAL; 417; 436; 19; 464
INTERNAL; 418; 437; 19; 738; INTERNAL; 417; 436; 19; 2140
INTERNAL; 439; 439; 0; 2997; INTERNAL; 438; 438; 0; 2921
INTERNAL; 438; 438; 0; 2921; INTERNAL; 437; 437; 0; 3137
INTERNAL; 437; 437; 0; 3137; INTERNAL; 436; 436; 0; 4189
INTERNAL; 436; 436; 0; 4189; INTERNAL; 433; 435; 2; 4280
INTERNAL; 433; 435; 2; 4280; INTERNAL; 414; 434; 20; 1098
INTERNAL; 436; 436; 0; 4189; INTERNAL; 435; 435; 0; 4544
INTERNAL; 435; 435; 0; 4544; INTERNAL; 434; 434; 0; 4547
INTERNAL; 434; 434; 0; 4547; INTERNAL; 433; 433; 0; 3841
INTERNAL; 433; 433; 0; 3841; INTERNAL; 432; 432; 0; 3561
INTERNAL; 433; 433; 0; 3841; INTERNAL; 432; 432; 0; 2587
INTERNAL; 432; 432; 0; 2587; INTERNAL; 2; 431; 429; 4514
INTERNAL; 2; 431; 429; 4514; INPUT; 1; 430; 429; 4413
INTERNAL; 2; 431; 429; 4514; INPUT; 1; 430; 429; 4486
INTERNAL; 433; 433; 0; 3841; INTERNAL; 432; 432; 0; 4554
INTERNAL; 434; 434; 0; 4547; INTERNAL; 433; 433; 0; 467
INTERNAL; 434; 434; 0; 4547; INTERNAL; 433; 433; 0; 4553
INTERNAL; 433; 433; 0; 4553; INTERNAL; 432; 432; 0; 471
INTERNAL; 434; 434; 0; 4547; INTERNAL; 433; 433; 0; 4550
INTERNAL; 433; 433; 0; 4550; INTERNAL; 412; 432; 20; 3347
INTERNAL; 433; 433; 0; 4550; INTERNAL; 412; 432; 20; 469
INTERNAL; 435; 435; 0; 4544; INTERNAL; 434; 434; 0; 4549
INTERNAL; 435; 435; 0; 4544; INTERNAL; 433; 434; 1; 4545
INTERNAL; 433; 434; 1; 4545; INTERNAL; 413; 433; 20; 870
INTERNAL; 436; 436; 0; 4189; INTERNAL; 435; 435; 0; 4539
INTERNAL; 435; 435; 0; 4539; INTERNAL; 433; 434; 1; 2813
INTERNAL; 437; 437; 0; 3137; INTERNAL; 436; 436; 0; 1812
INTERNAL; 436; 436; 0; 1812; INTERNAL; 433; 435; 2; 3502
INTERNAL; 437; 437; 0; 3137; INTERNAL; 433; 436; 3; 4536
INTERNAL; 433; 436; 3; 4536; INTERNAL; 415; 435; 20; 466
INTERNAL; 438; 438; 0; 2921; INTERNAL; 437; 437; 0; 4398
INTERNAL; 437; 437; 0; 4398; INTERNAL; 433; 436; 3; 1468
INTERNAL; 438; 438; 0; 2921; INTERNAL; 433; 437; 4; 4534
INTERNAL; 433; 437; 4; 4534; INTERNAL; 416; 436; 20; 465
INTERNAL; 439; 439; 0; 2997; INTERNAL; 438; 438; 0; 4531
INTERNAL; 438; 438; 0; 4531; INTERNAL; 433; 437; 4; 1449
INTERNAL; 440; 440; 0; 4522; INTERNAL; 439; 439; 0; 4527
INTERNAL; 440; 440; 0; 4522; INTERNAL; 433; 439; 6; 3697
INTERNAL; 441; 441; 0; 3493; INTERNAL; 440; 440; 0; 4188
INTERNAL; 441; 441; 0; 3493; INTERNAL; 433; 440; 7; 463
INTERNAL; 442; 442; 0; 4520; INTERNAL; 433; 441; 8; 462
INTERNAL; 442; 442; 0; 4520; INTERNAL; 441; 441; 0; 3564
INTERNAL; 442; 442; 0; 4520; INTERNAL; 433; 441; 8; 1659
INTERNAL; 433; 441; 8; 1659; INTERNAL; 420; 440; 20; 4355
INTERNAL; 443; 443; 0; 1758; INTERNAL; 433; 442; 9; 4516
INTERNAL; 433; 442; 9; 4516; INTERNAL; 421; 441; 20; 461
INTERNAL; 443; 443; 0; 1758; INTERNAL; 442; 442; 0; 4436
INTERNAL; 443; 443; 0; 1758; INTERNAL; 433; 442; 9; 460
INTERNAL; 444; 444; 0; 4384; INTERNAL; 443; 443; 0; 2014
INTERNAL; 444; 444; 0; 4384; INTERNAL; 433; 443; 10; 4683
INTERNAL; 444; 444; 0; 4384; INTERNAL; 433; 443; 10; 2444
INTERNAL; 433; 443; 10; 2444; INTERNAL; 422; 442; 20; 459
INTERNAL; 445; 445; 0; 4509; INTERNAL; 433; 444; 11; 3934
INTERNAL; 433; 444; 11; 3934; INTERNAL; 423; 443; 20; 1883
INTERNAL; 445; 445; 0; 4509; INTERNAL; 444; 444; 0; 4511
INTERNAL; 446; 446; 0; 4132; INTERNAL; 445; 445; 0; 4140
INTERNAL; 445; 445; 0; 4140; INTERNAL; 433; 444; 11; 2863
INTERNAL; 447; 467; 20; 3675; INTERNAL; 446; 446; 0; 4508
INTERNAL; 454; 468; 14; 4438; INTERNAL; 453; 453; 0; 3165
INTERNAL; 453; 453; 0; 3165; INTERNAL; 452; 452; 0; 1942
INTERNAL; 452; 452; 0; 1942; INTERNAL; 451; 451; 0; 3094
INTERNAL; 451; 451; 0; 3094; INTERNAL; 450; 450; 0; 1967
INTERNAL; 450; 450; 0; 1967; INTERNAL; 433; 449; 16; 448
INTERNAL; 450; 450; 0; 1967; INTERNAL; 449; 449; 0; 4494
INTERNAL; 449; 449; 0; 4494; INTERNAL; 448; 448; 0; 4499
INTERNAL; 448; 448; 0; 4499; INTERNAL; 433; 447; 14; 4500
INTERNAL; 433; 447; 14; 4500; INTERNAL; 426; 446; 20; 451
INTERNAL; 448; 448; 0; 4499; INTERNAL; 447; 447; 0; 3297
INTERNAL; 448; 448; 0; 4499; INTERNAL; 433; 447; 14; 2794
INTERNAL; 448; 448; 0; 4499; INTERNAL; 447; 447; 0; 4501
INTERNAL; 449; 449; 0; 4494; INTERNAL; 433; 448; 15; 4734
INTERNAL; 433; 448; 15; 4734; INTERNAL; 427; 447; 20; 829
INTERNAL; 449; 449; 0; 4494; INTERNAL; 448; 448; 0; 3278
INTERNAL; 449; 449; 0; 4494; INTERNAL; 433; 448; 15; 450
INTERNAL; 450; 450; 0; 1967; INTERNAL; 449; 449; 0; 2310
INTERNAL; 450; 450; 0; 1967; INTERNAL; 433; 449; 16; 3129
INTERNAL; 433; 449; 16; 3129; INTERNAL; 428; 448; 20; 449
INTERNAL; 451; 451; 0; 3094; INTERNAL; 450; 450; 0; 3929
INTERNAL; 451; 451; 0; 3094; INTERNAL; 433; 450; 17; 4530
INTERNAL; 433; 450; 17; 4530; INTERNAL; 429; 449; 20; 714
INTERNAL; 452; 452; 0; 1942; INTERNAL; 433; 451; 18; 3593
INTERNAL; 433; 451; 18; 3593; INTERNAL; 430; 450; 20; 444
INTERNAL; 452; 452; 0; 1942; INTERNAL; 433; 450; 17; 4778
INTERNAL; 452; 452; 0; 1942; INTERNAL; 451; 451; 0; 4490
INTERNAL; 451; 451; 0; 4490; INTERNAL; 433; 450; 17; 447
INTERNAL; 452; 452; 0; 1942; INTERNAL; 433; 451; 18; 2971
INTERNAL; 433; 451; 18; 2971; INTERNAL; 431; 450; 19; 445
INTERNAL; 453; 453; 0; 3165; INTERNAL; 452; 452; 0; 2923
INTERNAL; 452; 452; 0; 2923; INTERNAL; 434; 451; 17; 4488
INTERNAL; 469; 469; 0; 4430; INTERNAL; 454; 468; 14; 4064
INTERNAL; 469; 469; 0; 4430; INTERNAL; 468; 468; 0; 4435
INTERNAL; 468; 468; 0; 4435; INTERNAL; 454; 467; 13; 1996
INTERNAL; 454; 467; 13; 1996; INTERNAL; 446; 466; 20; 3749
INTERNAL; 468; 468; 0; 4435; INTERNAL; 454; 467; 13; 4441
INTERNAL; 468; 468; 0; 4435; INTERNAL; 467; 467; 0; 2090
INTERNAL; 467; 467; 0; 2090; INTERNAL; 454; 466; 12; 3984
INTERNAL; 454; 466; 12; 3984; INTERNAL; 445; 465; 20; 3921
INTERNAL; 467; 467; 0; 2090; INTERNAL; 466; 466; 0; 2731
INTERNAL; 466; 466; 0; 2731; INTERNAL; 454; 465; 11; 4933
INTERNAL; 454; 465; 11; 4933; INTERNAL; 444; 464; 20; 429
INTERNAL; 466; 466; 0; 2731; INTERNAL; 465; 465; 0; 3090
INTERNAL; 465; 465; 0; 3090; INTERNAL; 454; 464; 10; 4450
INTERNAL; 465; 465; 0; 3090; INTERNAL; 454; 464; 10; 4448
INTERNAL; 454; 464; 10; 4448; INTERNAL; 443; 463; 20; 2143
INTERNAL; 465; 465; 0; 3090; INTERNAL; 464; 464; 0; 2292
INTERNAL; 464; 464; 0; 2292; INTERNAL; 454; 463; 9; 2226
INTERNAL; 454; 463; 9; 2226; INTERNAL; 442; 462; 20; 430
INTERNAL; 464; 464; 0; 2292; INTERNAL; 463; 463; 0; 2742
INTERNAL; 463; 463; 0; 2742; INTERNAL; 454; 462; 8; 4067
INTERNAL; 463; 463; 0; 2742; INTERNAL; 462; 462; 0; 4454
INTERNAL; 462; 462; 0; 4454; INTERNAL; 455; 461; 6; 2380
INTERNAL; 455; 461; 6; 2380; INTERNAL; 454; 460; 6; 433
INTERNAL; 462; 462; 0; 4454; INTERNAL; 454; 461; 7; 4462
INTERNAL; 462; 462; 0; 4454; INTERNAL; 461; 461; 0; 4459
INTERNAL; 461; 461; 0; 4459; INTERNAL; 454; 460; 6; 3382
INTERNAL; 461; 461; 0; 4459; INTERNAL; 460; 460; 0; 4464
INTERNAL; 460; 460; 0; 4464; INTERNAL; 454; 459; 5; 4473
INTERNAL; 460; 460; 0; 4464; INTERNAL; 459; 459; 0; 4468
INTERNAL; 459; 459; 0; 4468; INTERNAL; 454; 458; 4; 4475
INTERNAL; 454; 458; 4; 4475; INTERNAL; 437; 456; 19; 438
INTERNAL; 454; 458; 4; 4475; INTERNAL; 437; 456; 19; 437
INTERNAL; 459; 459; 0; 4468; INTERNAL; 458; 458; 0; 3713
INTERNAL; 458; 458; 0; 3713; INTERNAL; 457; 457; 0; 3325
INTERNAL; 457; 457; 0; 3325; INTERNAL; 454; 456; 2; 3376
INTERNAL; 454; 456; 2; 3376; INTERNAL; 435; 455; 20; 441
INTERNAL; 454; 456; 2; 3376; INTERNAL; 435; 455; 20; 3839
INTERNAL; 457; 457; 0; 3325; INTERNAL; 456; 456; 0; 2833
INTERNAL; 456; 456; 0; 2833; INTERNAL; 454; 455; 1; 4481
INTERNAL; 454; 455; 1; 4481; INTERNAL; 434; 454; 20; 1112
INTERNAL; 454; 455; 1; 4481; INTERNAL; 434; 454; 20; 442
INTERNAL; 456; 456; 0; 2833; INTERNAL; 455; 455; 0; 4478
INTERNAL; 455; 455; 0; 4478; INTERNAL; 454; 454; 0; 4482
INTERNAL; 454; 454; 0; 4482; INTERNAL; 453; 453; 0; 4443
INTERNAL; 454; 454; 0; 4482; INTERNAL; 453; 453; 0; 4485
INTERNAL; 453; 453; 0; 4485; INTERNAL; 2; 452; 450; 2084
INTERNAL; 2; 452; 450; 2084; INPUT; 1; 451; 450; 3668
INTERNAL; 2; 452; 450; 2084; INPUT; 1; 451; 450; 3819
INTERNAL; 454; 454; 0; 4482; INTERNAL; 453; 453; 0; 4371
INTERNAL; 453; 453; 0; 4371; INTERNAL; 432; 452; 20; 443
INTERNAL; 455; 455; 0; 4478; INTERNAL; 454; 454; 0; 4425
INTERNAL; 455; 455; 0; 4478; INTERNAL; 454; 454; 0; 4483
INTERNAL; 454; 454; 0; 4483; INTERNAL; 433; 453; 20; 1813
INTERNAL; 456; 456; 0; 2833; INTERNAL; 454; 455; 1; 3850
INTERNAL; 457; 457; 0; 3325; INTERNAL; 454; 456; 2; 4477
INTERNAL; 458; 458; 0; 3713; INTERNAL; 454; 457; 3; 3353
INTERNAL; 454; 457; 3; 3353; INTERNAL; 436; 456; 20; 439
INTERNAL; 454; 457; 3; 3353; INTERNAL; 436; 456; 20; 440
INTERNAL; 458; 458; 0; 3713; INTERNAL; 454; 457; 3; 4507
INTERNAL; 459; 459; 0; 4468; INTERNAL; 454; 458; 4; 4023
INTERNAL; 454; 458; 4; 4023; INTERNAL; 438; 457; 19; 436
INTERNAL; 460; 460; 0; 4464; INTERNAL; 454; 459; 5; 4472
INTERNAL; 454; 459; 5; 4472; INTERNAL; 438; 458; 20; 435
INTERNAL; 461; 461; 0; 4459; INTERNAL; 454; 460; 6; 4465
INTERNAL; 454; 460; 6; 4465; INTERNAL; 439; 459; 20; 434
INTERNAL; 463; 463; 0; 2742; INTERNAL; 454; 462; 8; 4456
INTERNAL; 454; 462; 8; 4456; INTERNAL; 441; 461; 20; 432
INTERNAL; 464; 464; 0; 2292; INTERNAL; 454; 463; 9; 4453
INTERNAL; 466; 466; 0; 2731; INTERNAL; 454; 465; 11; 2047
INTERNAL; 467; 467; 0; 2090; INTERNAL; 454; 466; 12; 4182
INTERNAL; 470; 470; 0; 1874; INTERNAL; 454; 469; 15; 4433
INTERNAL; 454; 469; 15; 4433; INTERNAL; 448; 468; 20; 428
INTERNAL; 470; 470; 0; 1874; INTERNAL; 454; 469; 15; 2209
INTERNAL; 475; 493; 18; 4335; INTERNAL; 474; 474; 0; 1947
INTERNAL; 474; 474; 0; 1947; INTERNAL; 473; 473; 0; 2392
INTERNAL; 473; 473; 0; 2392; INTERNAL; 472; 472; 0; 3172
INTERNAL; 472; 472; 0; 3172; INTERNAL; 454; 471; 17; 2498
INTERNAL; 472; 472; 0; 3172; INTERNAL; 471; 471; 0; 3879
INTERNAL; 471; 471; 0; 3879; INTERNAL; 454; 470; 16; 4564
INTERNAL; 471; 471; 0; 3879; INTERNAL; 454; 470; 16; 4428
INTERNAL; 454; 470; 16; 4428; INTERNAL; 449; 469; 20; 857
INTERNAL; 472; 472; 0; 3172; INTERNAL; 454; 471; 17; 4422
INTERNAL; 454; 471; 17; 4422; INTERNAL; 450; 470; 20; 4295
INTERNAL; 473; 473; 0; 2392; INTERNAL; 454; 472; 18; 4758
INTERNAL; 454; 472; 18; 4758; INTERNAL; 451; 471; 20; 427
INTERNAL; 473; 473; 0; 2392; INTERNAL; 455; 472; 17; 4420
INTERNAL; 455; 472; 17; 4420; INTERNAL; 452; 471; 19; 1977
INTERNAL; 455; 472; 17; 4420; INTERNAL; 454; 471; 17; 3029
INTERNAL; 473; 473; 0; 2392; INTERNAL; 454; 472; 18; 2594
INTERNAL; 474; 474; 0; 1947; INTERNAL; 454; 473; 19; 4416
INTERNAL; 474; 474; 0; 1947; INTERNAL; 473; 473; 0; 2672
INTERNAL; 475; 493; 18; 4335; INTERNAL; 471; 491; 20; 415
INTERNAL; 497; 516; 19; 3615; INTERNAL; 496; 496; 0; 3379
INTERNAL; 496; 496; 0; 3379; INTERNAL; 495; 495; 0; 4322
INTERNAL; 495; 495; 0; 4322; INTERNAL; 494; 494; 0; 4328
INTERNAL; 494; 494; 0; 4328; INTERNAL; 493; 493; 0; 4789
INTERNAL; 493; 493; 0; 4789; INTERNAL; 475; 492; 17; 2129
INTERNAL; 493; 493; 0; 4789; INTERNAL; 475; 492; 17; 4239
INTERNAL; 493; 493; 0; 4789; INTERNAL; 492; 492; 0; 1971
INTERNAL; 492; 492; 0; 1971; INTERNAL; 491; 491; 0; 4337
INTERNAL; 491; 491; 0; 4337; INTERNAL; 475; 490; 15; 3336
INTERNAL; 491; 491; 0; 4337; INTERNAL; 490; 490; 0; 4358
INTERNAL; 490; 490; 0; 4358; INTERNAL; 489; 489; 0; 2336
INTERNAL; 489; 489; 0; 2336; INTERNAL; 475; 488; 13; 4345
INTERNAL; 475; 488; 13; 4345; INTERNAL; 467; 487; 20; 419
INTERNAL; 475; 488; 13; 4345; INTERNAL; 467; 487; 20; 418
INTERNAL; 489; 489; 0; 2336; INTERNAL; 475; 488; 13; 4347
INTERNAL; 489; 489; 0; 2336; INTERNAL; 488; 488; 0; 4341
INTERNAL; 488; 488; 0; 4341; INTERNAL; 475; 487; 12; 4348
INTERNAL; 488; 488; 0; 4341; INTERNAL; 475; 487; 12; 4351
INTERNAL; 475; 487; 12; 4351; INTERNAL; 465; 485; 20; 421
INTERNAL; 475; 487; 12; 4351; INTERNAL; 465; 485; 20; 420
INTERNAL; 488; 488; 0; 4341; INTERNAL; 487; 487; 0; 1940
INTERNAL; 487; 487; 0; 1940; INTERNAL; 486; 486; 0; 3152
INTERNAL; 486; 486; 0; 3152; INTERNAL; 475; 485; 10; 4369
INTERNAL; 475; 485; 10; 4369; INTERNAL; 463; 483; 20; 425
INTERNAL; 475; 485; 10; 4369; INTERNAL; 463; 483; 20; 424
INTERNAL; 486; 486; 0; 3152; INTERNAL; 485; 485; 0; 4362
INTERNAL; 485; 485; 0; 4362; INTERNAL; 475; 484; 9; 4360
INTERNAL; 485; 485; 0; 4362; INTERNAL; 484; 484; 0; 4376
INTERNAL; 484; 484; 0; 4376; INTERNAL; 475; 483; 8; 4346
INTERNAL; 475; 483; 8; 4346; INTERNAL; 461; 481; 20; 4744
INTERNAL; 475; 483; 8; 4346; INTERNAL; 461; 481; 20; 426
INTERNAL; 484; 484; 0; 4376; INTERNAL; 483; 483; 0; 4427
INTERNAL; 483; 483; 0; 4427; INTERNAL; 482; 482; 0; 4379
INTERNAL; 482; 482; 0; 4379; INTERNAL; 475; 481; 6; 2797
INTERNAL; 482; 482; 0; 4379; INTERNAL; 481; 481; 0; 2661
INTERNAL; 481; 481; 0; 2661; INTERNAL; 480; 480; 0; 4380
INTERNAL; 480; 480; 0; 4380; INTERNAL; 475; 479; 4; 2197
INTERNAL; 480; 480; 0; 4380; INTERNAL; 475; 479; 4; 3467
INTERNAL; 480; 480; 0; 4380; INTERNAL; 479; 479; 0; 4383
INTERNAL; 479; 479; 0; 4383; INTERNAL; 478; 478; 0; 4385
INTERNAL; 478; 478; 0; 4385; INTERNAL; 475; 477; 2; 4392
INTERNAL; 478; 478; 0; 4385; INTERNAL; 477; 477; 0; 4390
INTERNAL; 477; 477; 0; 4390; INTERNAL; 475; 476; 1; 3804
INTERNAL; 477; 477; 0; 4390; INTERNAL; 476; 476; 0; 4400
INTERNAL; 476; 476; 0; 4400; INTERNAL; 475; 475; 0; 4409
INTERNAL; 476; 476; 0; 4400; INTERNAL; 475; 475; 0; 4404
INTERNAL; 475; 475; 0; 4404; INTERNAL; 474; 474; 0; 4411
INTERNAL; 474; 474; 0; 4411; INTERNAL; 2; 473; 471; 3394
INTERNAL; 2; 473; 471; 3394; INPUT; 1; 472; 471; 851
INTERNAL; 2; 473; 471; 3394; INPUT; 1; 472; 471; 3179
INTERNAL; 475; 475; 0; 4404; INTERNAL; 474; 474; 0; 4231
INTERNAL; 475; 475; 0; 4404; INTERNAL; 474; 474; 0; 3287
INTERNAL; 476; 476; 0; 4400; INTERNAL; 475; 475; 0; 4407
INTERNAL; 477; 477; 0; 4390; INTERNAL; 475; 476; 1; 2082
INTERNAL; 478; 478; 0; 4385; INTERNAL; 475; 477; 2; 4395
INTERNAL; 479; 479; 0; 4383; INTERNAL; 475; 478; 3; 4387
INTERNAL; 479; 479; 0; 4383; INTERNAL; 475; 478; 3; 2975
INTERNAL; 481; 481; 0; 2661; INTERNAL; 475; 480; 5; 3840
INTERNAL; 481; 481; 0; 2661; INTERNAL; 475; 480; 5; 4381
INTERNAL; 482; 482; 0; 4379; INTERNAL; 475; 481; 6; 2301
INTERNAL; 483; 483; 0; 4427; INTERNAL; 475; 482; 7; 3919
INTERNAL; 483; 483; 0; 4427; INTERNAL; 475; 482; 7; 4669
INTERNAL; 484; 484; 0; 4376; INTERNAL; 475; 483; 8; 4377
INTERNAL; 485; 485; 0; 4362; INTERNAL; 475; 484; 9; 3511
INTERNAL; 486; 486; 0; 3152; INTERNAL; 475; 485; 10; 4365
INTERNAL; 475; 485; 10; 4365; INTERNAL; 464; 484; 20; 2110
INTERNAL; 475; 485; 10; 4365; INTERNAL; 464; 484; 20; 422
INTERNAL; 487; 487; 0; 1940; INTERNAL; 475; 486; 11; 4552
INTERNAL; 487; 487; 0; 1940; INTERNAL; 475; 486; 11; 4356
INTERNAL; 490; 490; 0; 4358; INTERNAL; 475; 489; 14; 2538
INTERNAL; 490; 490; 0; 4358; INTERNAL; 475; 489; 14; 4340
INTERNAL; 491; 491; 0; 4337; INTERNAL; 475; 490; 15; 4339
INTERNAL; 475; 490; 15; 4339; INTERNAL; 469; 489; 20; 1864
INTERNAL; 475; 490; 15; 4339; INTERNAL; 469; 489; 20; 417
INTERNAL; 492; 492; 0; 1971; INTERNAL; 475; 491; 16; 3680
INTERNAL; 492; 492; 0; 1971; INTERNAL; 475; 491; 16; 3918
INTERNAL; 494; 494; 0; 4328; INTERNAL; 475; 493; 18; 4333
INTERNAL; 495; 495; 0; 4322; INTERNAL; 475; 494; 19; 2954
INTERNAL; 495; 495; 0; 4322; INTERNAL; 475; 494; 19; 4330
INTERNAL; 475; 494; 19; 4330; INTERNAL; 473; 492; 19; 4248
INTERNAL; 475; 494; 19; 4330; INTERNAL; 473; 492; 19; 3483
INTERNAL; 495; 495; 0; 4322; INTERNAL; 476; 494; 18; 4005
INTERNAL; 476; 494; 18; 4005; INTERNAL; 475; 493; 18; 431
INTERNAL; 476; 494; 18; 4005; INTERNAL; 473; 493; 20; 2223
INTERNAL; 496; 496; 0; 3379; INTERNAL; 495; 495; 0; 4326
INTERNAL; 496; 496; 0; 3379; INTERNAL; 475; 495; 20; 3870
INTERNAL; 517; 517; 0; 4229; INTERNAL; 516; 516; 0; 4233
INTERNAL; 516; 516; 0; 4233; INTERNAL; 497; 515; 18; 389
INTERNAL; 497; 515; 18; 389; INTERNAL; 493; 514; 21; 390
INTERNAL; 497; 515; 18; 389; INTERNAL; 493; 514; 21; 4753
INTERNAL; 516; 516; 0; 4233; INTERNAL; 515; 515; 0; 4237
INTERNAL; 515; 515; 0; 4237; INTERNAL; 497; 514; 17; 3998
INTERNAL; 497; 514; 17; 3998; INTERNAL; 492; 513; 21; 1956
INTERNAL; 497; 514; 17; 3998; INTERNAL; 492; 513; 21; 391
INTERNAL; 515; 515; 0; 4237; INTERNAL; 514; 514; 0; 4241
INTERNAL; 514; 514; 0; 4241; INTERNAL; 513; 513; 0; 4244
INTERNAL; 513; 513; 0; 4244; INTERNAL; 512; 512; 0; 4245
INTERNAL; 512; 512; 0; 4245; INTERNAL; 511; 511; 0; 4249
INTERNAL; 511; 511; 0; 4249; INTERNAL; 510; 510; 0; 3075
INTERNAL; 510; 510; 0; 3075; INTERNAL; 509; 509; 0; 2810
INTERNAL; 509; 509; 0; 2810; INTERNAL; 508; 508; 0; 3363
INTERNAL; 508; 508; 0; 3363; INTERNAL; 507; 507; 0; 4077
INTERNAL; 507; 507; 0; 4077; INTERNAL; 506; 506; 0; 4265
INTERNAL; 506; 506; 0; 4265; INTERNAL; 505; 505; 0; 4270
INTERNAL; 505; 505; 0; 4270; INTERNAL; 504; 504; 0; 4272
INTERNAL; 504; 504; 0; 4272; INTERNAL; 503; 503; 0; 4217
INTERNAL; 503; 503; 0; 4217; INTERNAL; 502; 502; 0; 4278
INTERNAL; 502; 502; 0; 4278; INTERNAL; 497; 501; 4; 409
INTERNAL; 502; 502; 0; 4278; INTERNAL; 497; 501; 4; 4264
INTERNAL; 502; 502; 0; 4278; INTERNAL; 501; 501; 0; 2274
INTERNAL; 501; 501; 0; 2274; INTERNAL; 500; 500; 0; 4281
INTERNAL; 500; 500; 0; 4281; INTERNAL; 499; 499; 0; 3989
INTERNAL; 499; 499; 0; 3989; INTERNAL; 497; 498; 1; 4298
INTERNAL; 499; 499; 0; 3989; INTERNAL; 498; 498; 0; 4299
INTERNAL; 498; 498; 0; 4299; INTERNAL; 497; 497; 0; 1253
INTERNAL; 497; 497; 0; 1253; INTERNAL; 475; 496; 21; 411
INTERNAL; 497; 497; 0; 1253; INTERNAL; 475; 496; 21; 412
INTERNAL; 498; 498; 0; 4299; INTERNAL; 497; 497; 0; 4305
INTERNAL; 497; 497; 0; 4305; INTERNAL; 496; 496; 0; 4312
INTERNAL; 496; 496; 0; 4312; INTERNAL; 2; 495; 493; 4324
INTERNAL; 2; 495; 493; 4324; INPUT; 1; 494; 493; 4223
INTERNAL; 2; 495; 493; 4324; INPUT; 1; 494; 493; 2674
INTERNAL; 497; 497; 0; 4305; INTERNAL; 496; 496; 0; 4317
INTERNAL; 497; 497; 0; 4305; INTERNAL; 496; 496; 0; 413
INTERNAL; 498; 498; 0; 4299; INTERNAL; 497; 497; 0; 4302
INTERNAL; 498; 498; 0; 4299; INTERNAL; 497; 497; 0; 4306
INTERNAL; 499; 499; 0; 3989; INTERNAL; 498; 498; 0; 3608
INTERNAL; 500; 500; 0; 4281; INTERNAL; 499; 499; 0; 4296
INTERNAL; 499; 499; 0; 4296; INTERNAL; 497; 498; 1; 4405
INTERNAL; 500; 500; 0; 4281; INTERNAL; 497; 499; 2; 4292
INTERNAL; 500; 500; 0; 4281; INTERNAL; 497; 499; 2; 410
INTERNAL; 501; 501; 0; 2274; INTERNAL; 497; 500; 3; 3716
INTERNAL; 501; 501; 0; 2274; INTERNAL; 500; 500; 0; 4284
INTERNAL; 501; 501; 0; 2274; INTERNAL; 497; 500; 3; 2566
INTERNAL; 502; 502; 0; 4278; INTERNAL; 501; 501; 0; 4279
INTERNAL; 503; 503; 0; 4217; INTERNAL; 497; 502; 5; 4275
INTERNAL; 503; 503; 0; 4217; INTERNAL; 502; 502; 0; 3255
INTERNAL; 503; 503; 0; 4217; INTERNAL; 497; 502; 5; 952
INTERNAL; 504; 504; 0; 4272; INTERNAL; 503; 503; 0; 3996
INTERNAL; 504; 504; 0; 4272; INTERNAL; 497; 503; 6; 4274
INTERNAL; 497; 503; 6; 4274; INTERNAL; 481; 502; 21; 4170
INTERNAL; 497; 503; 6; 4274; INTERNAL; 481; 502; 21; 408
INTERNAL; 505; 505; 0; 4270; INTERNAL; 497; 504; 7; 4271
INTERNAL; 505; 505; 0; 4270; INTERNAL; 504; 504; 0; 2527
INTERNAL; 504; 504; 0; 2527; INTERNAL; 497; 503; 6; 552
INTERNAL; 506; 506; 0; 4265; INTERNAL; 505; 505; 0; 4267
INTERNAL; 505; 505; 0; 4267; INTERNAL; 497; 504; 7; 3224
INTERNAL; 506; 506; 0; 4265; INTERNAL; 497; 505; 8; 4834
INTERNAL; 497; 505; 8; 4834; INTERNAL; 483; 504; 21; 406
INTERNAL; 497; 505; 8; 4834; INTERNAL; 483; 504; 21; 407
INTERNAL; 507; 507; 0; 4077; INTERNAL; 506; 506; 0; 2993
INTERNAL; 506; 506; 0; 2993; INTERNAL; 497; 505; 8; 405
INTERNAL; 507; 507; 0; 4077; INTERNAL; 497; 506; 9; 404
INTERNAL; 507; 507; 0; 4077; INTERNAL; 497; 506; 9; 4262
INTERNAL; 508; 508; 0; 3363; INTERNAL; 497; 507; 10; 4259
INTERNAL; 497; 507; 10; 4259; INTERNAL; 485; 506; 21; 403
INTERNAL; 497; 507; 10; 4259; INTERNAL; 485; 506; 21; 788
INTERNAL; 508; 508; 0; 3363; INTERNAL; 497; 507; 10; 4261
INTERNAL; 508; 508; 0; 3363; INTERNAL; 507; 507; 0; 2470
INTERNAL; 509; 509; 0; 2810; INTERNAL; 497; 508; 11; 4258
INTERNAL; 497; 508; 11; 4258; INTERNAL; 486; 507; 21; 402
INTERNAL; 497; 508; 11; 4258; INTERNAL; 486; 507; 21; 401
INTERNAL; 509; 509; 0; 2810; INTERNAL; 508; 508; 0; 3602
INTERNAL; 510; 510; 0; 3075; INTERNAL; 497; 509; 12; 4255
INTERNAL; 497; 509; 12; 4255; INTERNAL; 487; 508; 21; 398
INTERNAL; 497; 509; 12; 4255; INTERNAL; 487; 508; 21; 1010
INTERNAL; 510; 510; 0; 3075; INTERNAL; 509; 509; 0; 2852
INTERNAL; 509; 509; 0; 2852; INTERNAL; 497; 508; 11; 399
INTERNAL; 511; 511; 0; 4249; INTERNAL; 510; 510; 0; 4251
INTERNAL; 510; 510; 0; 4251; INTERNAL; 497; 509; 12; 397
INTERNAL; 511; 511; 0; 4249; INTERNAL; 497; 510; 13; 4250
INTERNAL; 497; 510; 13; 4250; INTERNAL; 488; 509; 21; 3327
INTERNAL; 497; 510; 13; 4250; INTERNAL; 488; 509; 21; 396
INTERNAL; 512; 512; 0; 4245; INTERNAL; 497; 511; 14; 4246
INTERNAL; 497; 511; 14; 4246; INTERNAL; 489; 510; 21; 4163
INTERNAL; 497; 511; 14; 4246; INTERNAL; 489; 510; 21; 2720
INTERNAL; 512; 512; 0; 4245; INTERNAL; 511; 511; 0; 4247
INTERNAL; 511; 511; 0; 4247; INTERNAL; 497; 510; 13; 395
INTERNAL; 513; 513; 0; 4244; INTERNAL; 512; 512; 0; 4149
INTERNAL; 512; 512; 0; 4149; INTERNAL; 497; 511; 14; 393
INTERNAL; 513; 513; 0; 4244; INTERNAL; 497; 512; 15; 4106
INTERNAL; 497; 512; 15; 4106; INTERNAL; 490; 511; 21; 2691
INTERNAL; 497; 512; 15; 4106; INTERNAL; 490; 511; 21; 2735
INTERNAL; 513; 513; 0; 4244; INTERNAL; 497; 512; 15; 3817
INTERNAL; 514; 514; 0; 4241; INTERNAL; 497; 513; 16; 1681
INTERNAL; 497; 513; 16; 1681; INTERNAL; 491; 512; 21; 1072
INTERNAL; 497; 513; 16; 1681; INTERNAL; 491; 512; 21; 2480
INTERNAL; 514; 514; 0; 4241; INTERNAL; 497; 513; 16; 392
INTERNAL; 514; 514; 0; 4241; INTERNAL; 513; 513; 0; 3752
INTERNAL; 515; 515; 0; 4237; INTERNAL; 514; 514; 0; 2101
INTERNAL; 515; 515; 0; 4237; INTERNAL; 497; 514; 17; 847
INTERNAL; 516; 516; 0; 4233; INTERNAL; 497; 515; 18; 3733
INTERNAL; 516; 516; 0; 4233; INTERNAL; 515; 515; 0; 4238
INTERNAL; 517; 517; 0; 4229; INTERNAL; 516; 516; 0; 4235
INTERNAL; 520; 539; 19; 369; INTERNAL; 497; 517; 20; 4227
INTERNAL; 497; 517; 20; 4227; INTERNAL; 495; 515; 20; 487
INTERNAL; 497; 517; 20; 4227; INTERNAL; 495; 515; 20; 4004
INTERNAL; 520; 539; 19; 369; INTERNAL; 517; 517; 0; 3116
INTERNAL; 517; 517; 0; 3116; INTERNAL; 497; 516; 19; 2578
INTERNAL; 520; 539; 19; 369; INTERNAL; 519; 519; 0; 3022
INTERNAL; 519; 519; 0; 3022; INTERNAL; 518; 518; 0; 3924
INTERNAL; 518; 518; 0; 3924; INTERNAL; 497; 517; 20; 1759
INTERNAL; 497; 517; 20; 1759; INTERNAL; 495; 516; 21; 2409
INTERNAL; 518; 518; 0; 3924; INTERNAL; 497; 516; 19; 3099
INTERNAL; 519; 519; 0; 3022; INTERNAL; 518; 518; 0; 1914
INTERNAL; 518; 518; 0; 1914; INTERNAL; 498; 517; 19; 2858
INTERNAL; 541; 541; 0; 1755; INTERNAL; 540; 540; 0; 2344
INTERNAL; 540; 540; 0; 2344; INTERNAL; 520; 539; 19; 4622
INTERNAL; 520; 539; 19; 4622; INTERNAL; 516; 538; 22; 371
INTERNAL; 540; 540; 0; 2344; INTERNAL; 539; 539; 0; 4135
INTERNAL; 539; 539; 0; 4135; INTERNAL; 538; 538; 0; 3074
INTERNAL; 538; 538; 0; 3074; INTERNAL; 537; 537; 0; 1691
INTERNAL; 537; 537; 0; 1691; INTERNAL; 520; 536; 16; 4141
INTERNAL; 520; 536; 16; 4141; INTERNAL; 513; 535; 22; 531
INTERNAL; 537; 537; 0; 1691; INTERNAL; 536; 536; 0; 1679
INTERNAL; 536; 536; 0; 1679; INTERNAL; 520; 535; 15; 2977
INTERNAL; 520; 535; 15; 2977; INTERNAL; 513; 534; 21; 3334
INTERNAL; 513; 534; 21; 3334; INTERNAL; 512; 533; 21; 4732
INTERNAL; 513; 534; 21; 3334; INTERNAL; 512; 533; 21; 3088
INTERNAL; 536; 536; 0; 1679; INTERNAL; 535; 535; 0; 4144
INTERNAL; 535; 535; 0; 4144; INTERNAL; 534; 534; 0; 1685
INTERNAL; 534; 534; 0; 1685; INTERNAL; 533; 533; 0; 4155
INTERNAL; 533; 533; 0; 4155; INTERNAL; 520; 532; 12; 4920
INTERNAL; 533; 533; 0; 4155; INTERNAL; 532; 532; 0; 2284
INTERNAL; 532; 532; 0; 2284; INTERNAL; 531; 531; 0; 1743
INTERNAL; 531; 531; 0; 1743; INTERNAL; 520; 530; 10; 4159
INTERNAL; 520; 530; 10; 4159; INTERNAL; 507; 529; 22; 377
INTERNAL; 531; 531; 0; 1743; INTERNAL; 530; 530; 0; 4806
INTERNAL; 530; 530; 0; 4806; INTERNAL; 529; 529; 0; 4397
INTERNAL; 529; 529; 0; 4397; INTERNAL; 528; 528; 0; 3401
INTERNAL; 528; 528; 0; 3401; INTERNAL; 527; 527; 0; 4173
INTERNAL; 527; 527; 0; 4173; INTERNAL; 520; 526; 6; 3538
INTERNAL; 520; 526; 6; 3538; INTERNAL; 503; 525; 22; 379
INTERNAL; 527; 527; 0; 4173; INTERNAL; 526; 526; 0; 2093
INTERNAL; 526; 526; 0; 2093; INTERNAL; 520; 525; 5; 4180
INTERNAL; 520; 525; 5; 4180; INTERNAL; 503; 524; 21; 381
INTERNAL; 503; 524; 21; 381; INTERNAL; 502; 523; 21; 2042
INTERNAL; 503; 524; 21; 381; INTERNAL; 502; 523; 21; 382
INTERNAL; 526; 526; 0; 2093; INTERNAL; 520; 525; 5; 380
INTERNAL; 526; 526; 0; 2093; INTERNAL; 525; 525; 0; 4185
INTERNAL; 525; 525; 0; 4185; INTERNAL; 524; 524; 0; 1795
INTERNAL; 524; 524; 0; 1795; INTERNAL; 520; 523; 3; 2738
INTERNAL; 520; 523; 3; 2738; INTERNAL; 500; 522; 22; 384
INTERNAL; 524; 524; 0; 1795; INTERNAL; 523; 523; 0; 3508
INTERNAL; 523; 523; 0; 3508; INTERNAL; 522; 522; 0; 4197
INTERNAL; 522; 522; 0; 4197; INTERNAL; 520; 521; 1; 386
INTERNAL; 522; 522; 0; 4197; INTERNAL; 521; 521; 0; 4207
INTERNAL; 521; 521; 0; 4207; INTERNAL; 520; 520; 0; 4210
INTERNAL; 520; 520; 0; 4210; INTERNAL; 497; 519; 22; 4263
INTERNAL; 520; 520; 0; 4210; INTERNAL; 497; 519; 22; 387
INTERNAL; 521; 521; 0; 4207; INTERNAL; 520; 520; 0; 4212
INTERNAL; 520; 520; 0; 4212; INTERNAL; 519; 519; 0; 2158
INTERNAL; 520; 520; 0; 4212; INTERNAL; 519; 519; 0; 4215
INTERNAL; 519; 519; 0; 4215; INTERNAL; 2; 518; 516; 4221
INTERNAL; 2; 518; 516; 4221; INPUT; 1; 517; 516; 4045
INTERNAL; 2; 518; 516; 4221; INPUT; 1; 517; 516; 4133
INTERNAL; 520; 520; 0; 4212; INTERNAL; 519; 519; 0; 2402
INTERNAL; 520; 520; 0; 4212; INTERNAL; 519; 519; 0; 2258
INTERNAL; 521; 521; 0; 4207; INTERNAL; 520; 520; 0; 4213
INTERNAL; 522; 522; 0; 4197; INTERNAL; 520; 521; 1; 4201
INTERNAL; 520; 521; 1; 4201; INTERNAL; 498; 520; 22; 4372
INTERNAL; 522; 522; 0; 4197; INTERNAL; 521; 521; 0; 4203
INTERNAL; 521; 521; 0; 4203; INTERNAL; 520; 520; 0; 2116
INTERNAL; 523; 523; 0; 3508; INTERNAL; 520; 522; 2; 1279
INTERNAL; 523; 523; 0; 3508; INTERNAL; 522; 522; 0; 4199
INTERNAL; 523; 523; 0; 3508; INTERNAL; 520; 522; 2; 4195
INTERNAL; 520; 522; 2; 4195; INTERNAL; 499; 521; 22; 385
INTERNAL; 524; 524; 0; 1795; INTERNAL; 523; 523; 0; 4190
INTERNAL; 525; 525; 0; 4185; INTERNAL; 524; 524; 0; 4186
INTERNAL; 524; 524; 0; 4186; INTERNAL; 520; 523; 3; 383
INTERNAL; 525; 525; 0; 4185; INTERNAL; 520; 524; 4; 2751
INTERNAL; 520; 524; 4; 2751; INTERNAL; 501; 523; 22; 537
INTERNAL; 526; 526; 0; 2093; INTERNAL; 525; 525; 0; 3380
INTERNAL; 525; 525; 0; 3380; INTERNAL; 520; 524; 4; 4314
INTERNAL; 527; 527; 0; 4173; INTERNAL; 520; 526; 6; 1335
INTERNAL; 527; 527; 0; 4173; INTERNAL; 526; 526; 0; 4970
INTERNAL; 528; 528; 0; 3401; INTERNAL; 527; 527; 0; 4176
INTERNAL; 528; 528; 0; 3401; INTERNAL; 520; 527; 7; 4169
INTERNAL; 520; 527; 7; 4169; INTERNAL; 504; 526; 22; 1152
INTERNAL; 529; 529; 0; 4397; INTERNAL; 520; 528; 8; 4164
INTERNAL; 520; 528; 8; 4164; INTERNAL; 505; 527; 22; 3097
INTERNAL; 529; 529; 0; 4397; INTERNAL; 520; 528; 8; 470
INTERNAL; 529; 529; 0; 4397; INTERNAL; 528; 528; 0; 3346
INTERNAL; 528; 528; 0; 3346; INTERNAL; 520; 527; 7; 4850
INTERNAL; 530; 530; 0; 4806; INTERNAL; 529; 529; 0; 4162
INTERNAL; 530; 530; 0; 4806; INTERNAL; 520; 529; 9; 378
INTERNAL; 530; 530; 0; 4806; INTERNAL; 520; 529; 9; 4161
INTERNAL; 520; 529; 9; 4161; INTERNAL; 506; 528; 22; 1039
INTERNAL; 531; 531; 0; 1743; INTERNAL; 530; 530; 0; 1868
INTERNAL; 532; 532; 0; 2284; INTERNAL; 531; 531; 0; 4158
INTERNAL; 531; 531; 0; 4158; INTERNAL; 520; 530; 10; 623
INTERNAL; 532; 532; 0; 2284; INTERNAL; 520; 531; 11; 2182
INTERNAL; 520; 531; 11; 2182; INTERNAL; 508; 530; 22; 1097
INTERNAL; 533; 533; 0; 4155; INTERNAL; 520; 532; 12; 4156
INTERNAL; 520; 532; 12; 4156; INTERNAL; 509; 531; 22; 375
INTERNAL; 533; 533; 0; 4155; INTERNAL; 532; 532; 0; 1889
INTERNAL; 532; 532; 0; 1889; INTERNAL; 520; 531; 11; 376
INTERNAL; 534; 534; 0; 1685; INTERNAL; 533; 533; 0; 2884
INTERNAL; 534; 534; 0; 1685; INTERNAL; 520; 533; 13; 4865
INTERNAL; 520; 533; 13; 4865; INTERNAL; 510; 532; 22; 1921
INTERNAL; 535; 535; 0; 4144; INTERNAL; 534; 534; 0; 4152
INTERNAL; 534; 534; 0; 4152; INTERNAL; 520; 533; 13; 374
INTERNAL; 535; 535; 0; 4144; INTERNAL; 520; 534; 14; 1135
INTERNAL; 535; 535; 0; 4144; INTERNAL; 520; 534; 14; 4147
INTERNAL; 520; 534; 14; 4147; INTERNAL; 511; 533; 22; 373
INTERNAL; 536; 536; 0; 1679; INTERNAL; 520; 535; 15; 4044
INTERNAL; 536; 536; 0; 1679; INTERNAL; 535; 535; 0; 4145
INTERNAL; 537; 537; 0; 1691; INTERNAL; 520; 536; 16; 3209
INTERNAL; 537; 537; 0; 1691; INTERNAL; 536; 536; 0; 2614
INTERNAL; 538; 538; 0; 3074; INTERNAL; 520; 537; 17; 4138
INTERNAL; 520; 537; 17; 4138; INTERNAL; 514; 536; 22; 2007
INTERNAL; 538; 538; 0; 3074; INTERNAL; 537; 537; 0; 4139
INTERNAL; 539; 539; 0; 4135; INTERNAL; 538; 538; 0; 4136
INTERNAL; 538; 538; 0; 4136; INTERNAL; 520; 537; 17; 372
INTERNAL; 539; 539; 0; 4135; INTERNAL; 520; 538; 18; 2746
INTERNAL; 520; 538; 18; 2746; INTERNAL; 515; 537; 22; 1341
INTERNAL; 540; 540; 0; 2344; INTERNAL; 539; 539; 0; 3624
INTERNAL; 539; 539; 0; 3624; INTERNAL; 520; 538; 18; 1208
INTERNAL; 540; 540; 0; 2344; INTERNAL; 520; 539; 19; 3275
INTERNAL; 541; 541; 0; 1755; INTERNAL; 520; 540; 20; 3692
INTERNAL; 520; 540; 20; 3692; INTERNAL; 518; 539; 21; 370
INTERNAL; 541; 541; 0; 1755; INTERNAL; 540; 540; 0; 4134
INTERNAL; 541; 541; 0; 1755; INTERNAL; 520; 540; 20; 2099
INTERNAL; 520; 540; 20; 2099; INTERNAL; 517; 539; 22; 619
INTERNAL; 542; 542; 0; 2917; INTERNAL; 541; 541; 0; 4129
INTERNAL; 541; 541; 0; 4129; INTERNAL; 521; 540; 19; 2451
INTERNAL; 543; 559; 16; 2869; INTERNAL; 536; 558; 22; 357
INTERNAL; 560; 560; 0; 4063; INTERNAL; 559; 559; 0; 4529
INTERNAL; 559; 559; 0; 4529; INTERNAL; 543; 558; 15; 3778
INTERNAL; 543; 558; 15; 3778; INTERNAL; 535; 557; 22; 358
INTERNAL; 559; 559; 0; 4529; INTERNAL; 558; 558; 0; 4065
INTERNAL; 558; 558; 0; 4065; INTERNAL; 543; 557; 14; 4069
INTERNAL; 543; 557; 14; 4069; INTERNAL; 534; 556; 22; 1181
INTERNAL; 558; 558; 0; 4065; INTERNAL; 557; 557; 0; 4068
INTERNAL; 557; 557; 0; 4068; INTERNAL; 543; 556; 13; 3174
INTERNAL; 543; 556; 13; 3174; INTERNAL; 533; 555; 22; 360
INTERNAL; 557; 557; 0; 4068; INTERNAL; 556; 556; 0; 4071
INTERNAL; 556; 556; 0; 4071; INTERNAL; 543; 555; 12; 2577
INTERNAL; 556; 556; 0; 4071; INTERNAL; 555; 555; 0; 4078
INTERNAL; 555; 555; 0; 4078; INTERNAL; 543; 554; 11; 4084
INTERNAL; 555; 555; 0; 4078; INTERNAL; 543; 554; 11; 4083
INTERNAL; 543; 554; 11; 4083; INTERNAL; 531; 553; 22; 362
INTERNAL; 555; 555; 0; 4078; INTERNAL; 554; 554; 0; 3705
INTERNAL; 554; 554; 0; 3705; INTERNAL; 553; 553; 0; 4085
INTERNAL; 553; 553; 0; 4085; INTERNAL; 543; 552; 9; 4096
INTERNAL; 553; 553; 0; 4085; INTERNAL; 543; 552; 9; 4093
INTERNAL; 543; 552; 9; 4093; INTERNAL; 529; 551; 22; 364
INTERNAL; 553; 553; 0; 4085; INTERNAL; 552; 552; 0; 4089
INTERNAL; 552; 552; 0; 4089; INTERNAL; 543; 551; 8; 4760
INTERNAL; 552; 552; 0; 4089; INTERNAL; 543; 551; 8; 2067
INTERNAL; 543; 551; 8; 2067; INTERNAL; 528; 550; 22; 4646
INTERNAL; 552; 552; 0; 4089; INTERNAL; 551; 551; 0; 4099
INTERNAL; 551; 551; 0; 4099; INTERNAL; 550; 550; 0; 1782
INTERNAL; 550; 550; 0; 1782; INTERNAL; 543; 549; 6; 4109
INTERNAL; 550; 550; 0; 1782; INTERNAL; 549; 549; 0; 4105
INTERNAL; 549; 549; 0; 4105; INTERNAL; 543; 548; 5; 4110
INTERNAL; 543; 548; 5; 4110; INTERNAL; 525; 547; 22; 1125
INTERNAL; 549; 549; 0; 4105; INTERNAL; 548; 548; 0; 3643
INTERNAL; 548; 548; 0; 3643; INTERNAL; 543; 547; 4; 4114
INTERNAL; 543; 547; 4; 4114; INTERNAL; 524; 545; 21; 992
INTERNAL; 543; 547; 4; 4114; INTERNAL; 524; 545; 21; 366
INTERNAL; 548; 548; 0; 3643; INTERNAL; 543; 547; 4; 3339
INTERNAL; 543; 547; 4; 3339; INTERNAL; 525; 546; 21; 365
INTERNAL; 548; 548; 0; 3643; INTERNAL; 547; 547; 0; 2049
INTERNAL; 547; 547; 0; 2049; INTERNAL; 543; 546; 3; 3818
INTERNAL; 543; 546; 3; 3818; INTERNAL; 523; 545; 22; 4897
INTERNAL; 543; 546; 3; 3818; INTERNAL; 523; 545; 22; 811
INTERNAL; 547; 547; 0; 2049; INTERNAL; 546; 546; 0; 2476
INTERNAL; 546; 546; 0; 2476; INTERNAL; 545; 545; 0; 2211
INTERNAL; 545; 545; 0; 2211; INTERNAL; 543; 544; 1; 2125
INTERNAL; 543; 544; 1; 2125; INTERNAL; 521; 543; 22; 2912
INTERNAL; 543; 544; 1; 2125; INTERNAL; 521; 543; 22; 367
INTERNAL; 545; 545; 0; 2211; INTERNAL; 544; 544; 0; 4118
INTERNAL; 544; 544; 0; 4118; INTERNAL; 543; 543; 0; 1904
INTERNAL; 543; 543; 0; 1904; INTERNAL; 520; 542; 22; 368
INTERNAL; 544; 544; 0; 4118; INTERNAL; 543; 543; 0; 4123
INTERNAL; 544; 544; 0; 4118; INTERNAL; 543; 543; 0; 4119
INTERNAL; 543; 543; 0; 4119; INTERNAL; 542; 542; 0; 3945
INTERNAL; 543; 543; 0; 4119; INTERNAL; 542; 542; 0; 4127
INTERNAL; 542; 542; 0; 4127; INTERNAL; 519; 541; 22; 2750
INTERNAL; 543; 543; 0; 4119; INTERNAL; 542; 542; 0; 1804
INTERNAL; 542; 542; 0; 1804; INTERNAL; 2; 541; 539; 4128
INTERNAL; 2; 541; 539; 4128; INPUT; 1; 540; 539; 686
INTERNAL; 2; 541; 539; 4128; INPUT; 1; 540; 539; 2612
INTERNAL; 545; 545; 0; 2211; INTERNAL; 543; 544; 1; 3251
INTERNAL; 546; 546; 0; 2476; INTERNAL; 543; 545; 2; 4116
INTERNAL; 543; 545; 2; 4116; INTERNAL; 522; 544; 22; 4121
INTERNAL; 543; 545; 2; 4116; INTERNAL; 522; 544; 22; 2062
INTERNAL; 546; 546; 0; 2476; INTERNAL; 543; 545; 2; 2654
INTERNAL; 547; 547; 0; 2049; INTERNAL; 543; 546; 3; 4148
INTERNAL; 549; 549; 0; 4105; INTERNAL; 543; 548; 5; 4112
INTERNAL; 550; 550; 0; 1782; INTERNAL; 543; 549; 6; 4108
INTERNAL; 543; 549; 6; 4108; INTERNAL; 526; 548; 22; 4751
INTERNAL; 551; 551; 0; 4099; INTERNAL; 543; 550; 7; 4104
INTERNAL; 551; 551; 0; 4099; INTERNAL; 543; 550; 7; 4102
INTERNAL; 543; 550; 7; 4102; INTERNAL; 527; 549; 22; 2657
INTERNAL; 554; 554; 0; 3705; INTERNAL; 543; 553; 10; 4087
INTERNAL; 543; 553; 10; 4087; INTERNAL; 530; 552; 22; 363
INTERNAL; 554; 554; 0; 3705; INTERNAL; 543; 553; 10; 4088
INTERNAL; 556; 556; 0; 4071; INTERNAL; 543; 555; 12; 4081
INTERNAL; 543; 555; 12; 4081; INTERNAL; 532; 554; 22; 361
INTERNAL; 557; 557; 0; 4068; INTERNAL; 543; 556; 13; 4075
INTERNAL; 558; 558; 0; 4065; INTERNAL; 543; 557; 14; 3060
INTERNAL; 559; 559; 0; 4529; INTERNAL; 543; 558; 15; 4767
INTERNAL; 560; 560; 0; 4063; INTERNAL; 543; 559; 16; 2491
INTERNAL; 566; 585; 19; 3975; INTERNAL; 543; 560; 17; 3331
INTERNAL; 566; 585; 19; 3975; INTERNAL; 543; 560; 17; 1723
INTERNAL; 543; 560; 17; 1723; INTERNAL; 537; 559; 22; 1897
INTERNAL; 566; 585; 19; 3975; INTERNAL; 565; 565; 0; 3220
INTERNAL; 565; 565; 0; 3220; INTERNAL; 543; 564; 21; 4052
INTERNAL; 543; 564; 21; 4052; INTERNAL; 541; 562; 21; 4737
INTERNAL; 565; 565; 0; 3220; INTERNAL; 564; 564; 0; 4051
INTERNAL; 564; 564; 0; 4051; INTERNAL; 543; 562; 19; 1997
INTERNAL; 564; 564; 0; 4051; INTERNAL; 543; 563; 20; 4054
INTERNAL; 543; 563; 20; 4054; INTERNAL; 540; 562; 22; 355
INTERNAL; 564; 564; 0; 4051; INTERNAL; 543; 563; 20; 2879
INTERNAL; 564; 564; 0; 4051; INTERNAL; 563; 563; 0; 3320
INTERNAL; 563; 563; 0; 3320; INTERNAL; 543; 562; 19; 4061
INTERNAL; 563; 563; 0; 3320; INTERNAL; 562; 562; 0; 4057
INTERNAL; 562; 562; 0; 4057; INTERNAL; 561; 561; 0; 3344
INTERNAL; 562; 562; 0; 4057; INTERNAL; 543; 561; 18; 4055
INTERNAL; 562; 562; 0; 4057; INTERNAL; 543; 561; 18; 4673
INTERNAL; 543; 561; 18; 4673; INTERNAL; 538; 560; 22; 4177
INTERNAL; 563; 563; 0; 3320; INTERNAL; 543; 562; 19; 4058
INTERNAL; 543; 562; 19; 4058; INTERNAL; 539; 561; 22; 356
INTERNAL; 565; 565; 0; 3220; INTERNAL; 564; 564; 0; 2807
INTERNAL; 564; 564; 0; 2807; INTERNAL; 544; 563; 19; 2108
INTERNAL; 590; 610; 20; 3031; INTERNAL; 586; 609; 23; 4881
INTERNAL; 586; 609; 23; 4881; INTERNAL; 585; 585; 0; 2213
INTERNAL; 585; 585; 0; 2213; INTERNAL; 566; 584; 18; 3715
INTERNAL; 566; 584; 18; 3715; INTERNAL; 560; 582; 22; 346
INTERNAL; 566; 584; 18; 3715; INTERNAL; 560; 582; 22; 345
INTERNAL; 585; 585; 0; 2213; INTERNAL; 566; 584; 18; 3285
INTERNAL; 585; 585; 0; 2213; INTERNAL; 584; 584; 0; 2381
INTERNAL; 584; 584; 0; 2381; INTERNAL; 583; 583; 0; 3421
INTERNAL; 583; 583; 0; 3421; INTERNAL; 566; 582; 16; 3461
INTERNAL; 566; 582; 16; 3461; INTERNAL; 558; 580; 22; 347
INTERNAL; 566; 582; 16; 3461; INTERNAL; 558; 580; 22; 4965
INTERNAL; 583; 583; 0; 3421; INTERNAL; 566; 582; 16; 1692
INTERNAL; 583; 583; 0; 3421; INTERNAL; 582; 582; 0; 3976
INTERNAL; 582; 582; 0; 3976; INTERNAL; 581; 581; 0; 3978
INTERNAL; 581; 581; 0; 3978; INTERNAL; 566; 580; 14; 3767
INTERNAL; 566; 580; 14; 3767; INTERNAL; 556; 578; 22; 349
INTERNAL; 566; 580; 14; 3767; INTERNAL; 556; 578; 22; 1018
INTERNAL; 581; 581; 0; 3978; INTERNAL; 566; 580; 14; 3603
INTERNAL; 566; 580; 14; 3603; INTERNAL; 557; 579; 22; 348
INTERNAL; 566; 580; 14; 3603; INTERNAL; 557; 579; 22; 3433
INTERNAL; 581; 581; 0; 3978; INTERNAL; 580; 580; 0; 2072
INTERNAL; 580; 580; 0; 2072; INTERNAL; 566; 579; 13; 3990
INTERNAL; 580; 580; 0; 2072; INTERNAL; 579; 579; 0; 2001
INTERNAL; 579; 579; 0; 2001; INTERNAL; 578; 578; 0; 4769
INTERNAL; 578; 578; 0; 4769; INTERNAL; 566; 577; 11; 3197
INTERNAL; 578; 578; 0; 4769; INTERNAL; 577; 577; 0; 3994
INTERNAL; 577; 577; 0; 3994; INTERNAL; 566; 576; 10; 4086
INTERNAL; 577; 577; 0; 3994; INTERNAL; 566; 576; 10; 4003
INTERNAL; 566; 576; 10; 4003; INTERNAL; 552; 574; 22; 351
INTERNAL; 566; 576; 10; 4003; INTERNAL; 552; 574; 22; 350
INTERNAL; 577; 577; 0; 3994; INTERNAL; 576; 576; 0; 3043
INTERNAL; 576; 576; 0; 3043; INTERNAL; 566; 575; 9; 2741
INTERNAL; 576; 576; 0; 3043; INTERNAL; 566; 575; 9; 1775
INTERNAL; 576; 576; 0; 3043; INTERNAL; 575; 575; 0; 4007
INTERNAL; 575; 575; 0; 4007; INTERNAL; 566; 574; 8; 4009
INTERNAL; 566; 574; 8; 4009; INTERNAL; 550; 572; 22; 352
INTERNAL; 566; 574; 8; 4009; INTERNAL; 550; 572; 22; 1248
INTERNAL; 575; 575; 0; 4007; INTERNAL; 566; 574; 8; 4008
INTERNAL; 575; 575; 0; 4007; INTERNAL; 574; 574; 0; 3830
INTERNAL; 574; 574; 0; 3830; INTERNAL; 566; 573; 7; 1690
INTERNAL; 574; 574; 0; 3830; INTERNAL; 566; 573; 7; 4012
INTERNAL; 574; 574; 0; 3830; INTERNAL; 573; 573; 0; 4010
INTERNAL; 573; 573; 0; 4010; INTERNAL; 566; 572; 6; 4892
INTERNAL; 573; 573; 0; 4010; INTERNAL; 566; 572; 6; 4015
INTERNAL; 573; 573; 0; 4010; INTERNAL; 572; 572; 0; 4013
INTERNAL; 572; 572; 0; 4013; INTERNAL; 571; 571; 0; 4018
INTERNAL; 571; 571; 0; 4018; INTERNAL; 566; 570; 4; 4021
INTERNAL; 571; 571; 0; 4018; INTERNAL; 566; 570; 4; 2401
INTERNAL; 571; 571; 0; 4018; INTERNAL; 570; 570; 0; 3853
INTERNAL; 570; 570; 0; 3853; INTERNAL; 566; 569; 3; 4031
INTERNAL; 570; 570; 0; 3853; INTERNAL; 566; 569; 3; 4027
INTERNAL; 570; 570; 0; 3853; INTERNAL; 569; 569; 0; 4022
INTERNAL; 569; 569; 0; 4022; INTERNAL; 566; 568; 2; 4056
INTERNAL; 569; 569; 0; 4022; INTERNAL; 568; 568; 0; 4033
INTERNAL; 568; 568; 0; 4033; INTERNAL; 566; 567; 1; 4471
INTERNAL; 568; 568; 0; 4033; INTERNAL; 566; 567; 1; 4034
INTERNAL; 568; 568; 0; 4033; INTERNAL; 567; 567; 0; 4437
INTERNAL; 567; 567; 0; 4437; INTERNAL; 566; 566; 0; 4035
INTERNAL; 566; 566; 0; 4035; INTERNAL; 565; 565; 0; 3411
INTERNAL; 566; 566; 0; 4035; INTERNAL; 565; 565; 0; 4041
INTERNAL; 566; 566; 0; 4035; INTERNAL; 565; 565; 0; 4036
INTERNAL; 565; 565; 0; 4036; INTERNAL; 2; 564; 562; 2650
INTERNAL; 2; 564; 562; 2650; INPUT; 1; 563; 562; 353
INTERNAL; 2; 564; 562; 2650; INPUT; 1; 563; 562; 3315
INTERNAL; 567; 567; 0; 4437; INTERNAL; 566; 566; 0; 3366
INTERNAL; 567; 567; 0; 4437; INTERNAL; 566; 566; 0; 3922
INTERNAL; 569; 569; 0; 4022; INTERNAL; 566; 568; 2; 3472
INTERNAL; 572; 572; 0; 4013; INTERNAL; 566; 571; 5; 4019
INTERNAL; 572; 572; 0; 4013; INTERNAL; 566; 571; 5; 3816
INTERNAL; 578; 578; 0; 4769; INTERNAL; 566; 577; 11; 3491
INTERNAL; 566; 577; 11; 3491; INTERNAL; 554; 576; 22; 4461
INTERNAL; 566; 577; 11; 3491; INTERNAL; 554; 576; 22; 3866
INTERNAL; 579; 579; 0; 2001; INTERNAL; 566; 578; 12; 3992
INTERNAL; 579; 579; 0; 2001; INTERNAL; 566; 578; 12; 3216
INTERNAL; 580; 580; 0; 2072; INTERNAL; 566; 579; 13; 1856
INTERNAL; 582; 582; 0; 3976; INTERNAL; 566; 581; 15; 3981
INTERNAL; 582; 582; 0; 3976; INTERNAL; 566; 581; 15; 3987
INTERNAL; 584; 584; 0; 2381; INTERNAL; 566; 583; 17; 2232
INTERNAL; 584; 584; 0; 2381; INTERNAL; 566; 583; 17; 3265
INTERNAL; 590; 610; 20; 3031; INTERNAL; 586; 609; 23; 1797
INTERNAL; 590; 610; 20; 3031; INTERNAL; 589; 589; 0; 3230
INTERNAL; 589; 589; 0; 3230; INTERNAL; 588; 588; 0; 3971
INTERNAL; 588; 588; 0; 3971; INTERNAL; 587; 587; 0; 2097
INTERNAL; 587; 587; 0; 2097; INTERNAL; 586; 586; 0; 4467
INTERNAL; 586; 586; 0; 4467; INTERNAL; 566; 585; 19; 3980
INTERNAL; 566; 585; 19; 3980; INTERNAL; 562; 584; 22; 3633
INTERNAL; 566; 585; 19; 3980; INTERNAL; 562; 584; 22; 4728
INTERNAL; 587; 587; 0; 2097; INTERNAL; 566; 586; 20; 3210
INTERNAL; 587; 587; 0; 2097; INTERNAL; 566; 586; 20; 3936
INTERNAL; 588; 588; 0; 3971; INTERNAL; 566; 587; 21; 4766
INTERNAL; 566; 587; 21; 4766; INTERNAL; 564; 585; 21; 1825
INTERNAL; 566; 587; 21; 4766; INTERNAL; 564; 585; 21; 344
INTERNAL; 588; 588; 0; 3971; INTERNAL; 566; 586; 20; 3821
INTERNAL; 588; 588; 0; 3971; INTERNAL; 566; 587; 21; 4864
INTERNAL; 589; 589; 0; 3230; INTERNAL; 566; 588; 22; 3004
INTERNAL; 566; 588; 22; 3004; INTERNAL; 564; 586; 22; 4001
INTERNAL; 589; 589; 0; 3230; INTERNAL; 588; 588; 0; 3969
INTERNAL; 588; 588; 0; 3969; INTERNAL; 567; 587; 20; 2157
INTERNAL; 611; 635; 24; 297; INTERNAL; 610; 610; 0; 3078
INTERNAL; 610; 610; 0; 3078; INTERNAL; 590; 609; 19; 324
INTERNAL; 590; 609; 19; 324; INTERNAL; 585; 608; 23; 325
INTERNAL; 590; 609; 19; 324; INTERNAL; 585; 608; 23; 1055
INTERNAL; 610; 610; 0; 3078; INTERNAL; 609; 609; 0; 3204
INTERNAL; 609; 609; 0; 3204; INTERNAL; 590; 608; 18; 3911
INTERNAL; 590; 608; 18; 3911; INTERNAL; 584; 607; 23; 326
INTERNAL; 590; 608; 18; 3911; INTERNAL; 584; 607; 23; 4762
INTERNAL; 609; 609; 0; 3204; INTERNAL; 608; 608; 0; 3913
INTERNAL; 608; 608; 0; 3913; INTERNAL; 590; 607; 17; 3914
INTERNAL; 608; 608; 0; 3913; INTERNAL; 607; 607; 0; 3915
INTERNAL; 607; 607; 0; 3915; INTERNAL; 590; 606; 16; 2902
INTERNAL; 590; 606; 16; 2902; INTERNAL; 582; 605; 23; 328
INTERNAL; 590; 606; 16; 2902; INTERNAL; 582; 605; 23; 327
INTERNAL; 607; 607; 0; 3915; INTERNAL; 606; 606; 0; 2282
INTERNAL; 606; 606; 0; 2282; INTERNAL; 605; 605; 0; 3182
INTERNAL; 605; 605; 0; 3182; INTERNAL; 590; 604; 14; 3925
INTERNAL; 590; 604; 14; 3925; INTERNAL; 580; 603; 23; 1540
INTERNAL; 590; 604; 14; 3925; INTERNAL; 580; 603; 23; 332
INTERNAL; 605; 605; 0; 3182; INTERNAL; 590; 604; 14; 3920
INTERNAL; 605; 605; 0; 3182; INTERNAL; 604; 604; 0; 3033
INTERNAL; 604; 604; 0; 3033; INTERNAL; 590; 603; 13; 3930
INTERNAL; 590; 603; 13; 3930; INTERNAL; 579; 602; 23; 949
INTERNAL; 590; 603; 13; 3930; INTERNAL; 579; 602; 23; 4011
INTERNAL; 604; 604; 0; 3033; INTERNAL; 603; 603; 0; 2572
INTERNAL; 603; 603; 0; 2572; INTERNAL; 590; 602; 12; 3932
INTERNAL; 590; 602; 12; 3932; INTERNAL; 578; 601; 23; 513
INTERNAL; 590; 602; 12; 3932; INTERNAL; 578; 601; 23; 336
INTERNAL; 603; 603; 0; 2572; INTERNAL; 590; 602; 12; 335
INTERNAL; 603; 603; 0; 2572; INTERNAL; 602; 602; 0; 3933
INTERNAL; 602; 602; 0; 3933; INTERNAL; 590; 601; 11; 4639
INTERNAL; 602; 602; 0; 3933; INTERNAL; 601; 601; 0; 3938
INTERNAL; 601; 601; 0; 3938; INTERNAL; 590; 600; 10; 2164
INTERNAL; 590; 600; 10; 2164; INTERNAL; 576; 599; 23; 3900
INTERNAL; 590; 600; 10; 2164; INTERNAL; 576; 599; 23; 4918
INTERNAL; 601; 601; 0; 3938; INTERNAL; 600; 600; 0; 3940
INTERNAL; 600; 600; 0; 3940; INTERNAL; 599; 599; 0; 3621
INTERNAL; 599; 599; 0; 3621; INTERNAL; 598; 598; 0; 4484
INTERNAL; 598; 598; 0; 4484; INTERNAL; 590; 597; 7; 1485
INTERNAL; 598; 598; 0; 4484; INTERNAL; 597; 597; 0; 3951
INTERNAL; 597; 597; 0; 3951; INTERNAL; 596; 596; 0; 3066
INTERNAL; 596; 596; 0; 3066; INTERNAL; 590; 595; 5; 3516
INTERNAL; 596; 596; 0; 3066; INTERNAL; 595; 595; 0; 3952
INTERNAL; 595; 595; 0; 3952; INTERNAL; 594; 594; 0; 3214
INTERNAL; 594; 594; 0; 3214; INTERNAL; 590; 593; 3; 1078
INTERNAL; 594; 594; 0; 3214; INTERNAL; 590; 593; 3; 4178
INTERNAL; 594; 594; 0; 3214; INTERNAL; 593; 593; 0; 3958
INTERNAL; 593; 593; 0; 3958; INTERNAL; 592; 592; 0; 3961
INTERNAL; 592; 592; 0; 3961; INTERNAL; 590; 591; 1; 3963
INTERNAL; 592; 592; 0; 3961; INTERNAL; 591; 591; 0; 2562
INTERNAL; 591; 591; 0; 2562; INTERNAL; 590; 590; 0; 976
INTERNAL; 590; 590; 0; 976; INTERNAL; 566; 589; 23; 565
INTERNAL; 590; 590; 0; 976; INTERNAL; 566; 589; 23; 343
INTERNAL; 591; 591; 0; 2562; INTERNAL; 590; 590; 0; 4730
INTERNAL; 590; 590; 0; 4730; INTERNAL; 589; 589; 0; 3968
INTERNAL; 590; 590; 0; 4730; INTERNAL; 589; 589; 0; 3258
INTERNAL; 590; 590; 0; 4730; INTERNAL; 589; 589; 0; 3966
INTERNAL; 589; 589; 0; 3966; INTERNAL; 2; 588; 586; 1829
INTERNAL; 2; 588; 586; 1829; INPUT; 1; 587; 586; 3896
INTERNAL; 2; 588; 586; 1829; INPUT; 1; 587; 586; 933
INTERNAL; 591; 591; 0; 2562; INTERNAL; 590; 590; 0; 3965
INTERNAL; 591; 591; 0; 2562; INTERNAL; 590; 590; 0; 2478
INTERNAL; 592; 592; 0; 3961; INTERNAL; 591; 591; 0; 1893
INTERNAL; 592; 592; 0; 3961; INTERNAL; 590; 591; 1; 546
INTERNAL; 593; 593; 0; 3958; INTERNAL; 590; 592; 2; 3959
INTERNAL; 593; 593; 0; 3958; INTERNAL; 590; 592; 2; 342
INTERNAL; 593; 593; 0; 3958; INTERNAL; 592; 592; 0; 3962
INTERNAL; 594; 594; 0; 3214; INTERNAL; 593; 593; 0; 3592
INTERNAL; 595; 595; 0; 3952; INTERNAL; 594; 594; 0; 3956
INTERNAL; 595; 595; 0; 3952; INTERNAL; 590; 594; 4; 341
INTERNAL; 595; 595; 0; 3952; INTERNAL; 590; 594; 4; 3954
INTERNAL; 596; 596; 0; 3066; INTERNAL; 595; 595; 0; 2748
INTERNAL; 597; 597; 0; 3951; INTERNAL; 590; 596; 6; 340
INTERNAL; 590; 596; 6; 340; INTERNAL; 572; 595; 23; 2031
INTERNAL; 590; 596; 6; 340; INTERNAL; 572; 595; 23; 1601
INTERNAL; 597; 597; 0; 3951; INTERNAL; 590; 596; 6; 2530
INTERNAL; 597; 597; 0; 3951; INTERNAL; 596; 596; 0; 3872
INTERNAL; 596; 596; 0; 3872; INTERNAL; 590; 595; 5; 4388
INTERNAL; 598; 598; 0; 4484; INTERNAL; 597; 597; 0; 2924
INTERNAL; 598; 598; 0; 4484; INTERNAL; 590; 597; 7; 3947
INTERNAL; 599; 599; 0; 3621; INTERNAL; 598; 598; 0; 3503
INTERNAL; 599; 599; 0; 3621; INTERNAL; 590; 598; 8; 339
INTERNAL; 590; 598; 8; 339; INTERNAL; 574; 597; 23; 4334
INTERNAL; 590; 598; 8; 339; INTERNAL; 574; 597; 23; 1697
INTERNAL; 599; 599; 0; 3621; INTERNAL; 590; 598; 8; 3946
INTERNAL; 600; 600; 0; 3940; INTERNAL; 590; 599; 9; 3942
INTERNAL; 600; 600; 0; 3940; INTERNAL; 599; 599; 0; 1662
INTERNAL; 600; 600; 0; 3940; INTERNAL; 590; 599; 9; 338
INTERNAL; 601; 601; 0; 3938; INTERNAL; 600; 600; 0; 3916
INTERNAL; 601; 601; 0; 3938; INTERNAL; 590; 600; 10; 337
INTERNAL; 602; 602; 0; 3933; INTERNAL; 601; 601; 0; 3939
INTERNAL; 602; 602; 0; 3933; INTERNAL; 590; 601; 11; 3559
INTERNAL; 603; 603; 0; 2572; INTERNAL; 602; 602; 0; 4634
INTERNAL; 604; 604; 0; 3033; INTERNAL; 603; 603; 0; 1661
INTERNAL; 605; 605; 0; 3182; INTERNAL; 604; 604; 0; 3927
INTERNAL; 604; 604; 0; 3927; INTERNAL; 590; 603; 13; 333
INTERNAL; 606; 606; 0; 2282; INTERNAL; 590; 605; 15; 2981
INTERNAL; 590; 605; 15; 2981; INTERNAL; 581; 604; 23; 330
INTERNAL; 590; 605; 15; 2981; INTERNAL; 581; 604; 23; 2283
INTERNAL; 606; 606; 0; 2282; INTERNAL; 605; 605; 0; 2289
INTERNAL; 607; 607; 0; 3915; INTERNAL; 606; 606; 0; 3310
INTERNAL; 606; 606; 0; 3310; INTERNAL; 590; 605; 15; 329
INTERNAL; 608; 608; 0; 3913; INTERNAL; 607; 607; 0; 3638
INTERNAL; 607; 607; 0; 3638; INTERNAL; 590; 606; 16; 1703
INTERNAL; 609; 609; 0; 3204; INTERNAL; 590; 608; 18; 835
INTERNAL; 609; 609; 0; 3204; INTERNAL; 608; 608; 0; 3912
INTERNAL; 608; 608; 0; 3912; INTERNAL; 590; 607; 17; 2835
INTERNAL; 610; 610; 0; 3078; INTERNAL; 609; 609; 0; 2230
INTERNAL; 610; 610; 0; 3078; INTERNAL; 590; 609; 19; 4179
INTERNAL; 611; 635; 24; 297; INTERNAL; 610; 610; 0; 3095
INTERNAL; 615; 636; 21; 3795; INTERNAL; 614; 614; 0; 2653
INTERNAL; 614; 614; 0; 2653; INTERNAL; 613; 613; 0; 3944
INTERNAL; 613; 613; 0; 3944; INTERNAL; 590; 611; 21; 947
INTERNAL; 590; 611; 21; 947; INTERNAL; 588; 610; 22; 1328
INTERNAL; 590; 611; 21; 947; INTERNAL; 588; 610; 22; 2167
INTERNAL; 613; 613; 0; 3944; INTERNAL; 612; 612; 0; 3905
INTERNAL; 612; 612; 0; 3905; INTERNAL; 590; 611; 21; 2708
INTERNAL; 612; 612; 0; 3905; INTERNAL; 611; 611; 0; 3907
INTERNAL; 611; 611; 0; 3907; INTERNAL; 590; 610; 20; 323
INTERNAL; 612; 612; 0; 3905; INTERNAL; 611; 611; 0; 2537
INTERNAL; 613; 613; 0; 3944; INTERNAL; 590; 612; 22; 525
INTERNAL; 590; 612; 22; 525; INTERNAL; 588; 611; 23; 322
INTERNAL; 613; 613; 0; 3944; INTERNAL; 590; 612; 22; 2608
INTERNAL; 613; 613; 0; 3944; INTERNAL; 612; 612; 0; 4588
INTERNAL; 612; 612; 0; 4588; INTERNAL; 590; 611; 21; 3145
INTERNAL; 614; 614; 0; 2653; INTERNAL; 613; 613; 0; 2636
INTERNAL; 613; 613; 0; 2636; INTERNAL; 591; 612; 21; 3899
INTERNAL; 637; 661; 24; 267; INTERNAL; 636; 636; 0; 1674
INTERNAL; 636; 636; 0; 1674; INTERNAL; 635; 635; 0; 3800
INTERNAL; 635; 635; 0; 3800; INTERNAL; 634; 634; 0; 3414
INTERNAL; 634; 634; 0; 3414; INTERNAL; 633; 633; 0; 3805
INTERNAL; 633; 633; 0; 3805; INTERNAL; 632; 632; 0; 3812
INTERNAL; 632; 632; 0; 3812; INTERNAL; 631; 631; 0; 3824
INTERNAL; 631; 631; 0; 3824; INTERNAL; 630; 630; 0; 3829
INTERNAL; 630; 630; 0; 3829; INTERNAL; 615; 629; 14; 3470
INTERNAL; 615; 629; 14; 3470; INTERNAL; 604; 628; 24; 4638
INTERNAL; 630; 630; 0; 3829; INTERNAL; 629; 629; 0; 1729
INTERNAL; 629; 629; 0; 1729; INTERNAL; 628; 628; 0; 3831
INTERNAL; 628; 628; 0; 3831; INTERNAL; 615; 627; 12; 306
INTERNAL; 628; 628; 0; 3831; INTERNAL; 615; 627; 12; 3837
INTERNAL; 615; 627; 12; 3837; INTERNAL; 602; 626; 24; 1211
INTERNAL; 628; 628; 0; 3831; INTERNAL; 627; 627; 0; 4424
INTERNAL; 627; 627; 0; 4424; INTERNAL; 626; 626; 0; 3842
INTERNAL; 626; 626; 0; 3842; INTERNAL; 625; 625; 0; 2250
INTERNAL; 625; 625; 0; 2250; INTERNAL; 624; 624; 0; 3848
INTERNAL; 624; 624; 0; 3848; INTERNAL; 623; 623; 0; 3851
INTERNAL; 623; 623; 0; 3851; INTERNAL; 615; 622; 7; 3855
INTERNAL; 615; 622; 7; 3855; INTERNAL; 597; 621; 24; 312
INTERNAL; 623; 623; 0; 3851; INTERNAL; 615; 622; 7; 2459
INTERNAL; 623; 623; 0; 3851; INTERNAL; 622; 622; 0; 3856
INTERNAL; 622; 622; 0; 3856; INTERNAL; 621; 621; 0; 1686
INTERNAL; 621; 621; 0; 1686; INTERNAL; 615; 620; 5; 3864
INTERNAL; 615; 620; 5; 3864; INTERNAL; 595; 619; 24; 881
INTERNAL; 621; 621; 0; 1686; INTERNAL; 620; 620; 0; 3868
INTERNAL; 620; 620; 0; 3868; INTERNAL; 619; 619; 0; 3869
INTERNAL; 619; 619; 0; 3869; INTERNAL; 618; 618; 0; 3206
INTERNAL; 618; 618; 0; 3206; INTERNAL; 617; 617; 0; 2838
INTERNAL; 617; 617; 0; 2838; INTERNAL; 616; 616; 0; 3880
INTERNAL; 616; 616; 0; 3880; INTERNAL; 615; 615; 0; 319
INTERNAL; 616; 616; 0; 3880; INTERNAL; 615; 615; 0; 1871
INTERNAL; 615; 615; 0; 1871; INTERNAL; 614; 614; 0; 3301
INTERNAL; 615; 615; 0; 1871; INTERNAL; 614; 614; 0; 3890
INTERNAL; 614; 614; 0; 3890; INTERNAL; 2; 613; 611; 3891
INTERNAL; 2; 613; 611; 3891; INPUT; 1; 612; 611; 3793
INTERNAL; 2; 613; 611; 3891; INPUT; 1; 612; 611; 3689
INTERNAL; 615; 615; 0; 1871; INTERNAL; 614; 614; 0; 3385
INTERNAL; 615; 615; 0; 1871; INTERNAL; 614; 614; 0; 3888
INTERNAL; 616; 616; 0; 3880; INTERNAL; 615; 615; 0; 3469
INTERNAL; 615; 615; 0; 3469; INTERNAL; 590; 614; 24; 320
INTERNAL; 615; 615; 0; 3469; INTERNAL; 590; 614; 24; 321
INTERNAL; 616; 616; 0; 3880; INTERNAL; 615; 615; 0; 3886
INTERNAL; 617; 617; 0; 2838; INTERNAL; 616; 616; 0; 3883
INTERNAL; 617; 617; 0; 2838; INTERNAL; 615; 616; 1; 1846
INTERNAL; 617; 617; 0; 2838; INTERNAL; 615; 616; 1; 3876
INTERNAL; 615; 616; 1; 3876; INTERNAL; 591; 615; 24; 318
INTERNAL; 618; 618; 0; 3206; INTERNAL; 617; 617; 0; 3871
INTERNAL; 618; 618; 0; 3206; INTERNAL; 615; 617; 2; 4386
INTERNAL; 615; 617; 2; 4386; INTERNAL; 592; 616; 24; 817
INTERNAL; 619; 619; 0; 3869; INTERNAL; 615; 618; 3; 4610
INTERNAL; 615; 618; 3; 4610; INTERNAL; 593; 617; 24; 317
INTERNAL; 619; 619; 0; 3869; INTERNAL; 618; 618; 0; 3245
INTERNAL; 618; 618; 0; 3245; INTERNAL; 615; 617; 2; 1168
INTERNAL; 620; 620; 0; 3868; INTERNAL; 615; 619; 4; 3798
INTERNAL; 615; 619; 4; 3798; INTERNAL; 594; 618; 24; 316
INTERNAL; 620; 620; 0; 3868; INTERNAL; 619; 619; 0; 2524
INTERNAL; 619; 619; 0; 2524; INTERNAL; 615; 618; 3; 1384
INTERNAL; 620; 620; 0; 3868; INTERNAL; 615; 619; 4; 315
INTERNAL; 621; 621; 0; 1686; INTERNAL; 615; 620; 5; 4707
INTERNAL; 621; 621; 0; 1686; INTERNAL; 620; 620; 0; 3237
INTERNAL; 622; 622; 0; 3856; INTERNAL; 615; 621; 6; 3863
INTERNAL; 615; 621; 6; 3863; INTERNAL; 596; 620; 24; 314
INTERNAL; 622; 622; 0; 3856; INTERNAL; 621; 621; 0; 2332
INTERNAL; 622; 622; 0; 3856; INTERNAL; 615; 621; 6; 313
INTERNAL; 623; 623; 0; 3851; INTERNAL; 622; 622; 0; 1838
INTERNAL; 624; 624; 0; 3848; INTERNAL; 615; 623; 8; 4214
INTERNAL; 615; 623; 8; 4214; INTERNAL; 598; 622; 24; 669
INTERNAL; 624; 624; 0; 3848; INTERNAL; 615; 623; 8; 310
INTERNAL; 624; 624; 0; 3848; INTERNAL; 623; 623; 0; 2754
INTERNAL; 625; 625; 0; 2250; INTERNAL; 615; 624; 9; 4111
INTERNAL; 625; 625; 0; 2250; INTERNAL; 615; 624; 9; 3847
INTERNAL; 615; 624; 9; 3847; INTERNAL; 599; 623; 24; 309
INTERNAL; 625; 625; 0; 2250; INTERNAL; 624; 624; 0; 3849
INTERNAL; 626; 626; 0; 3842; INTERNAL; 615; 625; 10; 3843
INTERNAL; 615; 625; 10; 3843; INTERNAL; 600; 624; 24; 4447
INTERNAL; 626; 626; 0; 3842; INTERNAL; 615; 625; 10; 308
INTERNAL; 626; 626; 0; 3842; INTERNAL; 625; 625; 0; 3845
INTERNAL; 627; 627; 0; 4424; INTERNAL; 615; 626; 11; 3838
INTERNAL; 615; 626; 11; 3838; INTERNAL; 601; 625; 24; 307
INTERNAL; 627; 627; 0; 4424; INTERNAL; 626; 626; 0; 4909
INTERNAL; 628; 628; 0; 3831; INTERNAL; 627; 627; 0; 4243
INTERNAL; 627; 627; 0; 4243; INTERNAL; 615; 626; 11; 3047
INTERNAL; 629; 629; 0; 1729; INTERNAL; 615; 628; 13; 4525
INTERNAL; 629; 629; 0; 1729; INTERNAL; 628; 628; 0; 3833
INTERNAL; 629; 629; 0; 1729; INTERNAL; 615; 628; 13; 1717
INTERNAL; 615; 628; 13; 1717; INTERNAL; 603; 627; 24; 3877
INTERNAL; 630; 630; 0; 3829; INTERNAL; 615; 629; 14; 3664
INTERNAL; 630; 630; 0; 3829; INTERNAL; 629; 629; 0; 1992
INTERNAL; 631; 631; 0; 3824; INTERNAL; 615; 630; 15; 304
INTERNAL; 631; 631; 0; 3824; INTERNAL; 630; 630; 0; 3806
INTERNAL; 631; 631; 0; 3824; INTERNAL; 615; 630; 15; 4378
INTERNAL; 615; 630; 15; 4378; INTERNAL; 605; 629; 24; 305
INTERNAL; 632; 632; 0; 3812; INTERNAL; 615; 631; 16; 3823
INTERNAL; 615; 631; 16; 3823; INTERNAL; 606; 630; 24; 303
INTERNAL; 632; 632; 0; 3812; INTERNAL; 631; 631; 0; 3828
INTERNAL; 633; 633; 0; 3805; INTERNAL; 632; 632; 0; 3809
INTERNAL; 632; 632; 0; 3809; INTERNAL; 615; 631; 16; 1987
INTERNAL; 633; 633; 0; 3805; INTERNAL; 615; 632; 17; 3808
INTERNAL; 615; 632; 17; 3808; INTERNAL; 607; 631; 24; 2346
INTERNAL; 633; 633; 0; 3805; INTERNAL; 615; 632; 17; 301
INTERNAL; 634; 634; 0; 3414; INTERNAL; 633; 633; 0; 3807
INTERNAL; 634; 634; 0; 3414; INTERNAL; 615; 633; 18; 3803
INTERNAL; 615; 633; 18; 3803; INTERNAL; 608; 632; 24; 300
INTERNAL; 635; 635; 0; 3800; INTERNAL; 615; 634; 19; 3801
INTERNAL; 615; 634; 19; 3801; INTERNAL; 609; 633; 24; 2259
INTERNAL; 635; 635; 0; 3800; INTERNAL; 634; 634; 0; 2061
INTERNAL; 634; 634; 0; 2061; INTERNAL; 615; 633; 18; 299
INTERNAL; 635; 635; 0; 3800; INTERNAL; 615; 634; 19; 2918
INTERNAL; 636; 636; 0; 1674; INTERNAL; 635; 635; 0; 2663
INTERNAL; 636; 636; 0; 1674; INTERNAL; 615; 635; 20; 3799
INTERNAL; 615; 635; 20; 3799; INTERNAL; 610; 634; 24; 1481
INTERNAL; 636; 636; 0; 1674; INTERNAL; 615; 635; 20; 298
INTERNAL; 637; 661; 24; 267; INTERNAL; 636; 636; 0; 3349
INTERNAL; 640; 662; 22; 3695; INTERNAL; 615; 636; 21; 296
INTERNAL; 640; 662; 22; 3695; INTERNAL; 639; 639; 0; 2675
INTERNAL; 639; 639; 0; 2675; INTERNAL; 638; 638; 0; 3788
INTERNAL; 638; 638; 0; 3788; INTERNAL; 637; 637; 0; 3759
INTERNAL; 638; 638; 0; 3788; INTERNAL; 616; 637; 21; 2107
INTERNAL; 616; 637; 21; 2107; INTERNAL; 613; 636; 23; 295
INTERNAL; 616; 637; 21; 2107; INTERNAL; 615; 636; 21; 294
INTERNAL; 638; 638; 0; 3788; INTERNAL; 615; 637; 22; 3794
INTERNAL; 615; 637; 22; 3794; INTERNAL; 612; 636; 24; 293
INTERNAL; 638; 638; 0; 3788; INTERNAL; 637; 637; 0; 2843
INTERNAL; 639; 639; 0; 2675; INTERNAL; 638; 638; 0; 3789
INTERNAL; 638; 638; 0; 3789; INTERNAL; 615; 637; 22; 4399
INTERNAL; 663; 663; 0; 3375; INTERNAL; 640; 662; 22; 3696
INTERNAL; 663; 663; 0; 3375; INTERNAL; 662; 662; 0; 3007
INTERNAL; 662; 662; 0; 3007; INTERNAL; 661; 661; 0; 3701
INTERNAL; 661; 661; 0; 3701; INTERNAL; 660; 660; 0; 3706
INTERNAL; 660; 660; 0; 3706; INTERNAL; 640; 659; 19; 2102
INTERNAL; 660; 660; 0; 3706; INTERNAL; 659; 659; 0; 3711
INTERNAL; 659; 659; 0; 3711; INTERNAL; 640; 658; 18; 3717
INTERNAL; 659; 659; 0; 3711; INTERNAL; 658; 658; 0; 3330
INTERNAL; 658; 658; 0; 3330; INTERNAL; 657; 657; 0; 3487
INTERNAL; 657; 657; 0; 3487; INTERNAL; 656; 656; 0; 3724
INTERNAL; 656; 656; 0; 3724; INTERNAL; 640; 655; 15; 3732
INTERNAL; 656; 656; 0; 3724; INTERNAL; 640; 655; 15; 3730
INTERNAL; 640; 655; 15; 3730; INTERNAL; 630; 654; 24; 4457
INTERNAL; 656; 656; 0; 3724; INTERNAL; 655; 655; 0; 3727
INTERNAL; 655; 655; 0; 3727; INTERNAL; 640; 654; 14; 2910
INTERNAL; 640; 654; 14; 2910; INTERNAL; 629; 653; 24; 1392
INTERNAL; 655; 655; 0; 3727; INTERNAL; 654; 654; 0; 3735
INTERNAL; 654; 654; 0; 3735; INTERNAL; 653; 653; 0; 2114
INTERNAL; 653; 653; 0; 2114; INTERNAL; 652; 652; 0; 4343
INTERNAL; 652; 652; 0; 4343; INTERNAL; 640; 651; 11; 3745
INTERNAL; 640; 651; 11; 3745; INTERNAL; 626; 650; 24; 274
INTERNAL; 652; 652; 0; 4343; INTERNAL; 640; 651; 11; 3746
INTERNAL; 652; 652; 0; 4343; INTERNAL; 651; 651; 0; 3744
INTERNAL; 651; 651; 0; 3744; INTERNAL; 640; 650; 10; 2510
INTERNAL; 640; 650; 10; 2510; INTERNAL; 625; 649; 24; 278
INTERNAL; 651; 651; 0; 3744; INTERNAL; 640; 650; 10; 3753
INTERNAL; 651; 651; 0; 3744; INTERNAL; 650; 650; 0; 3750
INTERNAL; 650; 650; 0; 3750; INTERNAL; 649; 649; 0; 3755
INTERNAL; 649; 649; 0; 3755; INTERNAL; 648; 648; 0; 3758
INTERNAL; 648; 648; 0; 3758; INTERNAL; 647; 647; 0; 3762
INTERNAL; 647; 647; 0; 3762; INTERNAL; 646; 646; 0; 3765
INTERNAL; 646; 646; 0; 3765; INTERNAL; 640; 645; 5; 3770
INTERNAL; 640; 645; 5; 3770; INTERNAL; 620; 644; 24; 281
INTERNAL; 646; 646; 0; 3765; INTERNAL; 645; 645; 0; 3768
INTERNAL; 645; 645; 0; 3768; INTERNAL; 640; 644; 4; 3773
INTERNAL; 640; 644; 4; 3773; INTERNAL; 620; 643; 23; 283
INTERNAL; 620; 643; 23; 283; INTERNAL; 619; 642; 23; 1999
INTERNAL; 620; 643; 23; 283; INTERNAL; 619; 642; 23; 284
INTERNAL; 645; 645; 0; 3768; INTERNAL; 640; 644; 4; 2719
INTERNAL; 645; 645; 0; 3768; INTERNAL; 644; 644; 0; 2887
INTERNAL; 644; 644; 0; 2887; INTERNAL; 643; 643; 0; 1785
INTERNAL; 643; 643; 0; 1785; INTERNAL; 642; 642; 0; 3365
INTERNAL; 642; 642; 0; 3365; INTERNAL; 640; 641; 1; 3723
INTERNAL; 640; 641; 1; 3723; INTERNAL; 617; 640; 23; 287
INTERNAL; 617; 640; 23; 287; INTERNAL; 616; 639; 23; 288
INTERNAL; 617; 640; 23; 287; INTERNAL; 616; 639; 23; 289
INTERNAL; 642; 642; 0; 3365; INTERNAL; 640; 641; 1; 2866
INTERNAL; 642; 642; 0; 3365; INTERNAL; 641; 641; 0; 1913
INTERNAL; 641; 641; 0; 1913; INTERNAL; 640; 640; 0; 4291
INTERNAL; 640; 640; 0; 4291; INTERNAL; 616; 639; 23; 290
INTERNAL; 616; 639; 23; 290; INTERNAL; 615; 638; 23; 3509
INTERNAL; 616; 639; 23; 290; INTERNAL; 615; 638; 23; 2055
INTERNAL; 641; 641; 0; 1913; INTERNAL; 640; 640; 0; 3782
INTERNAL; 641; 641; 0; 1913; INTERNAL; 640; 640; 0; 2224
INTERNAL; 640; 640; 0; 2224; INTERNAL; 639; 639; 0; 3783
INTERNAL; 639; 639; 0; 3783; INTERNAL; 614; 638; 24; 291
INTERNAL; 640; 640; 0; 2224; INTERNAL; 639; 639; 0; 4353
INTERNAL; 639; 639; 0; 4353; INTERNAL; 2; 638; 636; 3048
INTERNAL; 2; 638; 636; 3048; INPUT; 1; 637; 636; 3693
INTERNAL; 2; 638; 636; 3048; INPUT; 1; 637; 636; 292
INTERNAL; 640; 640; 0; 2224; INTERNAL; 639; 639; 0; 3785
INTERNAL; 643; 643; 0; 1785; INTERNAL; 640; 642; 2; 3613
INTERNAL; 643; 643; 0; 1785; INTERNAL; 640; 642; 2; 3780
INTERNAL; 640; 642; 2; 3780; INTERNAL; 617; 641; 24; 286
INTERNAL; 644; 644; 0; 2887; INTERNAL; 640; 643; 3; 3775
INTERNAL; 640; 643; 3; 3775; INTERNAL; 618; 642; 24; 1304
INTERNAL; 640; 643; 3; 3775; INTERNAL; 618; 642; 24; 285
INTERNAL; 644; 644; 0; 2887; INTERNAL; 640; 643; 3; 3777
INTERNAL; 646; 646; 0; 3765; INTERNAL; 640; 645; 5; 3772
INTERNAL; 647; 647; 0; 3762; INTERNAL; 640; 646; 6; 3405
INTERNAL; 640; 646; 6; 3405; INTERNAL; 621; 645; 24; 280
INTERNAL; 647; 647; 0; 3762; INTERNAL; 640; 646; 6; 3766
INTERNAL; 648; 648; 0; 3758; INTERNAL; 640; 647; 7; 2837
INTERNAL; 648; 648; 0; 3758; INTERNAL; 640; 647; 7; 3764
INTERNAL; 640; 647; 7; 3764; INTERNAL; 622; 646; 24; 279
INTERNAL; 649; 649; 0; 3755; INTERNAL; 640; 648; 8; 4771
INTERNAL; 640; 648; 8; 4771; INTERNAL; 623; 647; 24; 277
INTERNAL; 649; 649; 0; 3755; INTERNAL; 640; 648; 8; 3760
INTERNAL; 650; 650; 0; 3750; INTERNAL; 640; 649; 9; 3757
INTERNAL; 650; 650; 0; 3750; INTERNAL; 640; 649; 9; 3756
INTERNAL; 640; 649; 9; 3756; INTERNAL; 624; 648; 24; 275
INTERNAL; 653; 653; 0; 2114; INTERNAL; 640; 652; 12; 3739
INTERNAL; 640; 652; 12; 3739; INTERNAL; 627; 651; 24; 273
INTERNAL; 653; 653; 0; 2114; INTERNAL; 640; 652; 12; 3742
INTERNAL; 654; 654; 0; 3735; INTERNAL; 640; 653; 13; 2060
INTERNAL; 654; 654; 0; 3735; INTERNAL; 640; 653; 13; 4480
INTERNAL; 640; 653; 13; 4480; INTERNAL; 628; 652; 24; 959
INTERNAL; 655; 655; 0; 3727; INTERNAL; 640; 654; 14; 3736
INTERNAL; 657; 657; 0; 3487; INTERNAL; 640; 656; 16; 4633
INTERNAL; 640; 656; 16; 4633; INTERNAL; 631; 655; 24; 1708
INTERNAL; 657; 657; 0; 3487; INTERNAL; 640; 656; 16; 3019
INTERNAL; 658; 658; 0; 3330; INTERNAL; 640; 657; 17; 3722
INTERNAL; 658; 658; 0; 3330; INTERNAL; 640; 657; 17; 3721
INTERNAL; 640; 657; 17; 3721; INTERNAL; 632; 656; 24; 1122
INTERNAL; 659; 659; 0; 3711; INTERNAL; 640; 658; 18; 2201
INTERNAL; 640; 658; 18; 2201; INTERNAL; 633; 657; 24; 271
INTERNAL; 660; 660; 0; 3706; INTERNAL; 640; 659; 19; 3714
INTERNAL; 640; 659; 19; 3714; INTERNAL; 634; 658; 24; 272
INTERNAL; 661; 661; 0; 3701; INTERNAL; 640; 660; 20; 3743
INTERNAL; 661; 661; 0; 3701; INTERNAL; 640; 660; 20; 3708
INTERNAL; 640; 660; 20; 3708; INTERNAL; 635; 659; 24; 270
INTERNAL; 662; 662; 0; 3007; INTERNAL; 640; 661; 21; 3703
INTERNAL; 662; 662; 0; 3007; INTERNAL; 640; 661; 21; 4423
INTERNAL; 640; 661; 21; 4423; INTERNAL; 636; 660; 24; 269
INTERNAL; 663; 663; 0; 3375; INTERNAL; 641; 662; 21; 3699
INTERNAL; 641; 662; 21; 3699; INTERNAL; 640; 661; 21; 268
INTERNAL; 641; 662; 21; 3699; INTERNAL; 638; 661; 23; 2620
INTERNAL; 664; 664; 0; 2496; INTERNAL; 640; 663; 23; 2469
INTERNAL; 664; 664; 0; 2496; INTERNAL; 663; 663; 0; 3691
UNKNOWN; -1; -1; -1; -1; OUTPUT; 858; 1010; 152; 2034
OUTPUT; 858; 1010; 152; 2034; INTERNAL; 857; 857; 0; 3771
INTERNAL; 857; 857; 0; 3771; INTERNAL; 856; 856; 0; 3655
INTERNAL; 856; 856; 0; 3655; INTERNAL; 855; 855; 0; 2398
INTERNAL; 855; 855; 0; 2398; INTERNAL; 854; 854; 0; 2391
INTERNAL; 854; 854; 0; 2391; INTERNAL; 853; 853; 0; 1805
INTERNAL; 853; 853; 0; 1805; INTERNAL; 829; 852; 23; 4476
INTERNAL; 829; 852; 23; 4476; INTERNAL; 828; 828; 0; 4749
INTERNAL; 828; 828; 0; 4749; INTERNAL; 827; 827; 0; 3354
INTERNAL; 827; 827; 0; 3354; INTERNAL; 800; 826; 26; 2234
INTERNAL; 800; 826; 26; 2234; INTERNAL; 798; 824; 26; 157
INTERNAL; 798; 824; 26; 157; INTERNAL; 797; 797; 0; 2104
INTERNAL; 797; 797; 0; 2104; INTERNAL; 772; 796; 24; 2092
INTERNAL; 772; 796; 24; 2092; INTERNAL; 745; 768; 23; 2065
INTERNAL; 745; 768; 23; 2065; INTERNAL; 740; 740; 0; 1862
INTERNAL; 740; 740; 0; 1862; INTERNAL; 718; 739; 21; 2520
INTERNAL; 718; 739; 21; 2520; INTERNAL; 717; 717; 0; 3776
INTERNAL; 717; 717; 0; 3776; INTERNAL; 716; 716; 0; 2130
INTERNAL; 716; 716; 0; 2130; INTERNAL; 691; 715; 24; 3397
INTERNAL; 691; 715; 24; 3397; INTERNAL; 690; 690; 0; 2617
INTERNAL; 690; 690; 0; 2617; INTERNAL; 689; 689; 0; 2703
INTERNAL; 689; 689; 0; 2703; INTERNAL; 665; 688; 23; 3632
INTERNAL; 665; 688; 23; 3632; INTERNAL; 663; 686; 23; 258
INTERNAL; 665; 688; 23; 3632; INTERNAL; 663; 686; 23; 1101
INTERNAL; 689; 689; 0; 2703; INTERNAL; 665; 687; 22; 259
INTERNAL; 689; 689; 0; 2703; INTERNAL; 665; 688; 23; 1716
INTERNAL; 689; 689; 0; 2703; INTERNAL; 688; 688; 0; 1680
INTERNAL; 688; 688; 0; 1680; INTERNAL; 665; 687; 22; 4567
INTERNAL; 665; 687; 22; 4567; INTERNAL; 661; 685; 24; 3979
INTERNAL; 665; 687; 22; 4567; INTERNAL; 661; 685; 24; 2849
INTERNAL; 688; 688; 0; 1680; INTERNAL; 665; 687; 22; 3027
INTERNAL; 688; 688; 0; 1680; INTERNAL; 687; 687; 0; 3525
INTERNAL; 687; 687; 0; 3525; INTERNAL; 665; 686; 21; 4745
INTERNAL; 687; 687; 0; 3525; INTERNAL; 665; 686; 21; 1673
INTERNAL; 687; 687; 0; 3525; INTERNAL; 686; 686; 0; 1735
INTERNAL; 686; 686; 0; 1735; INTERNAL; 665; 685; 20; 1810
INTERNAL; 686; 686; 0; 1735; INTERNAL; 665; 685; 20; 3006
INTERNAL; 665; 685; 20; 3006; INTERNAL; 659; 683; 24; 260
INTERNAL; 665; 685; 20; 3006; INTERNAL; 659; 683; 24; 2495
INTERNAL; 686; 686; 0; 1735; INTERNAL; 685; 685; 0; 1943
INTERNAL; 685; 685; 0; 1943; INTERNAL; 665; 684; 19; 2076
INTERNAL; 685; 685; 0; 1943; INTERNAL; 684; 684; 0; 1779
INTERNAL; 684; 684; 0; 1779; INTERNAL; 665; 683; 18; 3523
INTERNAL; 665; 683; 18; 3523; INTERNAL; 657; 681; 24; 263
INTERNAL; 665; 683; 18; 3523; INTERNAL; 657; 681; 24; 1258
INTERNAL; 684; 684; 0; 1779; INTERNAL; 683; 683; 0; 1670
INTERNAL; 683; 683; 0; 1670; INTERNAL; 682; 682; 0; 3154
INTERNAL; 682; 682; 0; 3154; INTERNAL; 665; 681; 16; 4503
INTERNAL; 665; 681; 16; 4503; INTERNAL; 655; 679; 24; 4915
INTERNAL; 665; 681; 16; 4503; INTERNAL; 655; 679; 24; 2112
INTERNAL; 682; 682; 0; 3154; INTERNAL; 665; 681; 16; 1666
INTERNAL; 682; 682; 0; 3154; INTERNAL; 681; 681; 0; 2957
INTERNAL; 681; 681; 0; 2957; INTERNAL; 665; 680; 15; 1709
INTERNAL; 681; 681; 0; 2957; INTERNAL; 680; 680; 0; 2697
INTERNAL; 680; 680; 0; 2697; INTERNAL; 679; 679; 0; 1664
INTERNAL; 679; 679; 0; 1664; INTERNAL; 665; 678; 13; 1954
INTERNAL; 679; 679; 0; 1664; INTERNAL; 678; 678; 0; 3707
INTERNAL; 678; 678; 0; 3707; INTERNAL; 665; 677; 12; 2851
INTERNAL; 678; 678; 0; 3707; INTERNAL; 665; 677; 12; 2899
INTERNAL; 665; 677; 12; 2899; INTERNAL; 651; 675; 24; 2251
INTERNAL; 665; 677; 12; 2899; INTERNAL; 651; 675; 24; 3834
INTERNAL; 678; 678; 0; 3707; INTERNAL; 677; 677; 0; 1657
INTERNAL; 677; 677; 0; 1657; INTERNAL; 665; 676; 11; 2983
INTERNAL; 677; 677; 0; 1657; INTERNAL; 665; 676; 11; 3231
INTERNAL; 677; 677; 0; 1657; INTERNAL; 676; 676; 0; 2400
INTERNAL; 676; 676; 0; 2400; INTERNAL; 675; 675; 0; 1894
INTERNAL; 675; 675; 0; 1894; INTERNAL; 674; 674; 0; 2285
INTERNAL; 674; 674; 0; 2285; INTERNAL; 665; 673; 8; 2367
INTERNAL; 674; 674; 0; 2285; INTERNAL; 665; 673; 8; 2019
INTERNAL; 665; 673; 8; 2019; INTERNAL; 647; 671; 24; 264
INTERNAL; 665; 673; 8; 2019; INTERNAL; 647; 671; 24; 265
INTERNAL; 674; 674; 0; 2285; INTERNAL; 673; 673; 0; 1736
INTERNAL; 673; 673; 0; 1736; INTERNAL; 665; 672; 7; 2825
INTERNAL; 673; 673; 0; 1736; INTERNAL; 672; 672; 0; 3648
INTERNAL; 672; 672; 0; 3648; INTERNAL; 665; 671; 6; 2900
INTERNAL; 672; 672; 0; 3648; INTERNAL; 671; 671; 0; 3659
INTERNAL; 671; 671; 0; 3659; INTERNAL; 665; 670; 5; 1907
INTERNAL; 671; 671; 0; 3659; INTERNAL; 665; 670; 5; 3666
INTERNAL; 671; 671; 0; 3659; INTERNAL; 670; 670; 0; 3663
INTERNAL; 670; 670; 0; 3663; INTERNAL; 669; 669; 0; 3964
INTERNAL; 669; 669; 0; 3964; INTERNAL; 668; 668; 0; 2308
INTERNAL; 668; 668; 0; 2308; INTERNAL; 667; 667; 0; 3565
INTERNAL; 667; 667; 0; 3565; INTERNAL; 665; 666; 1; 3674
INTERNAL; 667; 667; 0; 3565; INTERNAL; 666; 666; 0; 3671
INTERNAL; 666; 666; 0; 3671; INTERNAL; 665; 665; 0; 2196
INTERNAL; 666; 666; 0; 3671; INTERNAL; 665; 665; 0; 3681
INTERNAL; 665; 665; 0; 3681; INTERNAL; 664; 664; 0; 3685
INTERNAL; 665; 665; 0; 3681; INTERNAL; 664; 664; 0; 2764
INTERNAL; 664; 664; 0; 2764; INTERNAL; 2; 663; 661; 3430
INTERNAL; 2; 663; 661; 3430; INPUT; 1; 662; 661; 3087
INTERNAL; 2; 663; 661; 3430; INPUT; 1; 662; 661; 1886
INTERNAL; 665; 665; 0; 3681; INTERNAL; 664; 664; 0; 2648
INTERNAL; 666; 666; 0; 3671; INTERNAL; 665; 665; 0; 3682
INTERNAL; 667; 667; 0; 3565; INTERNAL; 666; 666; 0; 4816
INTERNAL; 667; 667; 0; 3565; INTERNAL; 665; 666; 1; 3679
INTERNAL; 668; 668; 0; 2308; INTERNAL; 665; 667; 2; 4704
INTERNAL; 668; 668; 0; 2308; INTERNAL; 665; 667; 2; 3670
INTERNAL; 669; 669; 0; 3964; INTERNAL; 665; 668; 3; 3669
INTERNAL; 669; 669; 0; 3964; INTERNAL; 665; 668; 3; 4666
INTERNAL; 670; 670; 0; 3663; INTERNAL; 665; 669; 4; 3446
INTERNAL; 670; 670; 0; 3663; INTERNAL; 665; 669; 4; 3667
INTERNAL; 672; 672; 0; 3648; INTERNAL; 665; 671; 6; 3660
INTERNAL; 673; 673; 0; 1736; INTERNAL; 665; 672; 7; 2855
INTERNAL; 675; 675; 0; 1894; INTERNAL; 665; 674; 9; 1850
INTERNAL; 675; 675; 0; 1894; INTERNAL; 665; 674; 9; 4074
INTERNAL; 665; 674; 9; 4074; INTERNAL; 649; 673; 24; 2360
INTERNAL; 665; 674; 9; 4074; INTERNAL; 649; 673; 24; 1733
INTERNAL; 676; 676; 0; 2400; INTERNAL; 665; 675; 10; 1656
INTERNAL; 676; 676; 0; 2400; INTERNAL; 665; 675; 10; 3326
INTERNAL; 679; 679; 0; 1664; INTERNAL; 665; 678; 13; 3574
INTERNAL; 665; 678; 13; 3574; INTERNAL; 653; 677; 24; 2732
INTERNAL; 665; 678; 13; 3574; INTERNAL; 653; 677; 24; 4947
INTERNAL; 680; 680; 0; 2697; INTERNAL; 665; 679; 14; 3013
INTERNAL; 680; 680; 0; 2697; INTERNAL; 665; 679; 14; 3577
INTERNAL; 681; 681; 0; 2957; INTERNAL; 665; 680; 15; 2300
INTERNAL; 683; 683; 0; 1670; INTERNAL; 665; 682; 17; 2222
INTERNAL; 683; 683; 0; 1670; INTERNAL; 665; 682; 17; 2662
INTERNAL; 684; 684; 0; 1779; INTERNAL; 665; 683; 18; 3547
INTERNAL; 665; 683; 18; 3547; INTERNAL; 658; 682; 24; 261
INTERNAL; 665; 683; 18; 3547; INTERNAL; 658; 682; 24; 262
INTERNAL; 685; 685; 0; 1943; INTERNAL; 665; 684; 19; 1672
INTERNAL; 690; 690; 0; 2617; INTERNAL; 689; 689; 0; 1687
INTERNAL; 689; 689; 0; 1687; INTERNAL; 666; 688; 22; 2160
INTERNAL; 666; 688; 22; 2160; INTERNAL; 663; 687; 24; 446
INTERNAL; 690; 690; 0; 2617; INTERNAL; 665; 689; 24; 4350
INTERNAL; 691; 715; 24; 3397; INTERNAL; 689; 713; 24; 232
INTERNAL; 691; 715; 24; 3397; INTERNAL; 689; 713; 24; 231
INTERNAL; 716; 716; 0; 2130; INTERNAL; 715; 715; 0; 2536
INTERNAL; 715; 715; 0; 2536; INTERNAL; 714; 714; 0; 1771
INTERNAL; 714; 714; 0; 1771; INTERNAL; 713; 713; 0; 1769
INTERNAL; 713; 713; 0; 1769; INTERNAL; 712; 712; 0; 1854
INTERNAL; 712; 712; 0; 1854; INTERNAL; 711; 711; 0; 2453
INTERNAL; 711; 711; 0; 2453; INTERNAL; 691; 710; 19; 3917
INTERNAL; 691; 710; 19; 3917; INTERNAL; 684; 709; 25; 237
INTERNAL; 691; 710; 19; 3917; INTERNAL; 684; 709; 25; 767
INTERNAL; 711; 711; 0; 2453; INTERNAL; 710; 710; 0; 4913
INTERNAL; 710; 710; 0; 4913; INTERNAL; 691; 709; 18; 2331
INTERNAL; 691; 709; 18; 2331; INTERNAL; 683; 708; 25; 238
INTERNAL; 691; 709; 18; 2331; INTERNAL; 683; 708; 25; 239
INTERNAL; 710; 710; 0; 4913; INTERNAL; 709; 709; 0; 1752
INTERNAL; 709; 709; 0; 1752; INTERNAL; 708; 708; 0; 4631
INTERNAL; 708; 708; 0; 4631; INTERNAL; 691; 707; 16; 1750
INTERNAL; 691; 707; 16; 1750; INTERNAL; 681; 706; 25; 1378
INTERNAL; 691; 707; 16; 1750; INTERNAL; 681; 706; 25; 2493
INTERNAL; 708; 708; 0; 4631; INTERNAL; 707; 707; 0; 2225
INTERNAL; 707; 707; 0; 2225; INTERNAL; 706; 706; 0; 1746
INTERNAL; 706; 706; 0; 1746; INTERNAL; 691; 705; 14; 1745
INTERNAL; 691; 705; 14; 1745; INTERNAL; 679; 704; 25; 3076
INTERNAL; 691; 705; 14; 1745; INTERNAL; 679; 704; 25; 3014
INTERNAL; 706; 706; 0; 1746; INTERNAL; 705; 705; 0; 1740
INTERNAL; 705; 705; 0; 1740; INTERNAL; 691; 704; 13; 1731
INTERNAL; 705; 705; 0; 1740; INTERNAL; 704; 704; 0; 3272
INTERNAL; 704; 704; 0; 3272; INTERNAL; 703; 703; 0; 1720
INTERNAL; 703; 703; 0; 1720; INTERNAL; 691; 702; 11; 1715
INTERNAL; 703; 703; 0; 1720; INTERNAL; 702; 702; 0; 3208
INTERNAL; 702; 702; 0; 3208; INTERNAL; 691; 701; 10; 1840
INTERNAL; 691; 701; 10; 1840; INTERNAL; 675; 700; 25; 2137
INTERNAL; 691; 701; 10; 1840; INTERNAL; 675; 700; 25; 250
INTERNAL; 702; 702; 0; 3208; INTERNAL; 701; 701; 0; 3267
INTERNAL; 701; 701; 0; 3267; INTERNAL; 700; 700; 0; 1707
INTERNAL; 700; 700; 0; 1707; INTERNAL; 691; 699; 8; 1776
INTERNAL; 691; 699; 8; 1776; INTERNAL; 673; 698; 25; 2600
INTERNAL; 691; 699; 8; 1776; INTERNAL; 673; 698; 25; 452
INTERNAL; 700; 700; 0; 1707; INTERNAL; 699; 699; 0; 2713
INTERNAL; 699; 699; 0; 2713; INTERNAL; 698; 698; 0; 2712
INTERNAL; 698; 698; 0; 2712; INTERNAL; 697; 697; 0; 1953
INTERNAL; 697; 697; 0; 1953; INTERNAL; 696; 696; 0; 1699
INTERNAL; 696; 696; 0; 1699; INTERNAL; 695; 695; 0; 3002
INTERNAL; 695; 695; 0; 3002; INTERNAL; 694; 694; 0; 2542
INTERNAL; 694; 694; 0; 2542; INTERNAL; 693; 693; 0; 2952
INTERNAL; 693; 693; 0; 2952; INTERNAL; 692; 692; 0; 2008
INTERNAL; 692; 692; 0; 2008; INTERNAL; 691; 691; 0; 2168
INTERNAL; 691; 691; 0; 2168; INTERNAL; 690; 690; 0; 256
INTERNAL; 691; 691; 0; 2168; INTERNAL; 690; 690; 0; 3583
INTERNAL; 690; 690; 0; 3583; INTERNAL; 2; 689; 687; 2871
INTERNAL; 2; 689; 687; 2871; INPUT; 1; 688; 687; 2934
INTERNAL; 2; 689; 687; 2871; INPUT; 1; 688; 687; 257
INTERNAL; 691; 691; 0; 2168; INTERNAL; 690; 690; 0; 3607
INTERNAL; 692; 692; 0; 2008; INTERNAL; 691; 691; 0; 2188
INTERNAL; 692; 692; 0; 2008; INTERNAL; 691; 691; 0; 1780
INTERNAL; 693; 693; 0; 2952; INTERNAL; 691; 692; 1; 4451
INTERNAL; 691; 692; 1; 4451; INTERNAL; 666; 691; 25; 3191
INTERNAL; 691; 692; 1; 4451; INTERNAL; 666; 691; 25; 254
INTERNAL; 693; 693; 0; 2952; INTERNAL; 692; 692; 0; 2482
INTERNAL; 692; 692; 0; 2482; INTERNAL; 691; 691; 0; 4885
INTERNAL; 691; 691; 0; 4885; INTERNAL; 665; 690; 25; 255
INTERNAL; 691; 691; 0; 4885; INTERNAL; 665; 690; 25; 4331
INTERNAL; 693; 693; 0; 2952; INTERNAL; 691; 692; 1; 1748
INTERNAL; 694; 694; 0; 2542; INTERNAL; 691; 693; 2; 1401
INTERNAL; 691; 693; 2; 1401; INTERNAL; 667; 692; 25; 3796
INTERNAL; 694; 694; 0; 2542; INTERNAL; 691; 693; 2; 1793
INTERNAL; 694; 694; 0; 2542; INTERNAL; 693; 693; 0; 2806
INTERNAL; 695; 695; 0; 3002; INTERNAL; 694; 694; 0; 2096
INTERNAL; 695; 695; 0; 3002; INTERNAL; 691; 694; 3; 1698
INTERNAL; 695; 695; 0; 3002; INTERNAL; 691; 694; 3; 253
INTERNAL; 696; 696; 0; 1699; INTERNAL; 695; 695; 0; 2266
INTERNAL; 696; 696; 0; 1699; INTERNAL; 691; 695; 4; 1763
INTERNAL; 697; 697; 0; 1953; INTERNAL; 691; 696; 5; 1701
INTERNAL; 697; 697; 0; 1953; INTERNAL; 691; 696; 5; 4228
INTERNAL; 697; 697; 0; 1953; INTERNAL; 696; 696; 0; 2628
INTERNAL; 696; 696; 0; 2628; INTERNAL; 691; 695; 4; 2592
INTERNAL; 698; 698; 0; 2712; INTERNAL; 691; 697; 6; 3941
INTERNAL; 691; 697; 6; 3941; INTERNAL; 671; 696; 25; 1298
INTERNAL; 691; 697; 6; 3941; INTERNAL; 671; 696; 25; 1042
INTERNAL; 698; 698; 0; 2712; INTERNAL; 691; 697; 6; 587
INTERNAL; 698; 698; 0; 2712; INTERNAL; 697; 697; 0; 2200
INTERNAL; 699; 699; 0; 2713; INTERNAL; 698; 698; 0; 2698
INTERNAL; 699; 699; 0; 2713; INTERNAL; 691; 698; 7; 2913
INTERNAL; 691; 698; 7; 2913; INTERNAL; 672; 697; 25; 2369
INTERNAL; 691; 698; 7; 2913; INTERNAL; 672; 697; 25; 252
INTERNAL; 700; 700; 0; 1707; INTERNAL; 699; 699; 0; 1859
INTERNAL; 699; 699; 0; 1859; INTERNAL; 691; 698; 7; 3412
INTERNAL; 700; 700; 0; 1707; INTERNAL; 691; 699; 8; 3392
INTERNAL; 701; 701; 0; 3267; INTERNAL; 700; 700; 0; 1774
INTERNAL; 701; 701; 0; 3267; INTERNAL; 691; 700; 9; 3720
INTERNAL; 701; 701; 0; 3267; INTERNAL; 691; 700; 9; 251
INTERNAL; 702; 702; 0; 3208; INTERNAL; 701; 701; 0; 1712
INTERNAL; 702; 702; 0; 3208; INTERNAL; 691; 701; 10; 249
INTERNAL; 703; 703; 0; 1720; INTERNAL; 702; 702; 0; 1714
INTERNAL; 704; 704; 0; 3272; INTERNAL; 703; 703; 0; 1721
INTERNAL; 703; 703; 0; 1721; INTERNAL; 691; 702; 11; 1538
INTERNAL; 704; 704; 0; 3272; INTERNAL; 691; 703; 12; 1724
INTERNAL; 691; 703; 12; 1724; INTERNAL; 677; 702; 25; 248
INTERNAL; 691; 703; 12; 1724; INTERNAL; 677; 702; 25; 247
INTERNAL; 705; 705; 0; 1740; INTERNAL; 704; 704; 0; 3700
INTERNAL; 704; 704; 0; 3700; INTERNAL; 691; 703; 12; 784
INTERNAL; 706; 706; 0; 1746; INTERNAL; 705; 705; 0; 3606
INTERNAL; 705; 705; 0; 3606; INTERNAL; 691; 704; 13; 246
INTERNAL; 707; 707; 0; 2225; INTERNAL; 706; 706; 0; 3986
INTERNAL; 706; 706; 0; 3986; INTERNAL; 691; 705; 14; 2958
INTERNAL; 707; 707; 0; 2225; INTERNAL; 691; 706; 15; 3277
INTERNAL; 691; 706; 15; 3277; INTERNAL; 680; 705; 25; 245
INTERNAL; 691; 706; 15; 3277; INTERNAL; 680; 705; 25; 243
INTERNAL; 708; 708; 0; 4631; INTERNAL; 707; 707; 0; 3188
INTERNAL; 707; 707; 0; 3188; INTERNAL; 691; 706; 15; 242
INTERNAL; 709; 709; 0; 1752; INTERNAL; 708; 708; 0; 3364
INTERNAL; 708; 708; 0; 3364; INTERNAL; 691; 707; 16; 1044
INTERNAL; 709; 709; 0; 1752; INTERNAL; 691; 708; 17; 2103
INTERNAL; 691; 708; 17; 2103; INTERNAL; 682; 707; 25; 2938
INTERNAL; 691; 708; 17; 2103; INTERNAL; 682; 707; 25; 240
INTERNAL; 710; 710; 0; 4913; INTERNAL; 709; 709; 0; 3383
INTERNAL; 709; 709; 0; 3383; INTERNAL; 691; 708; 17; 2714
INTERNAL; 710; 710; 0; 4913; INTERNAL; 691; 709; 18; 4050
INTERNAL; 711; 711; 0; 2453; INTERNAL; 710; 710; 0; 3215
INTERNAL; 712; 712; 0; 1854; INTERNAL; 691; 711; 20; 1757
INTERNAL; 712; 712; 0; 1854; INTERNAL; 711; 711; 0; 2414
INTERNAL; 711; 711; 0; 2414; INTERNAL; 691; 710; 19; 3781
INTERNAL; 713; 713; 0; 1769; INTERNAL; 712; 712; 0; 1762
INTERNAL; 712; 712; 0; 1762; INTERNAL; 691; 711; 20; 2787
INTERNAL; 713; 713; 0; 1769; INTERNAL; 691; 712; 21; 1764
INTERNAL; 714; 714; 0; 1771; INTERNAL; 691; 713; 22; 1802
INTERNAL; 691; 713; 22; 1802; INTERNAL; 687; 712; 25; 1702
INTERNAL; 691; 713; 22; 1802; INTERNAL; 687; 712; 25; 235
INTERNAL; 714; 714; 0; 1771; INTERNAL; 691; 713; 22; 2338
INTERNAL; 714; 714; 0; 1771; INTERNAL; 713; 713; 0; 2604
INTERNAL; 713; 713; 0; 2604; INTERNAL; 691; 712; 21; 236
INTERNAL; 715; 715; 0; 2536; INTERNAL; 691; 714; 23; 1773
INTERNAL; 715; 715; 0; 2536; INTERNAL; 714; 714; 0; 2184
INTERNAL; 716; 716; 0; 2130; INTERNAL; 691; 714; 23; 233
INTERNAL; 716; 716; 0; 2130; INTERNAL; 715; 715; 0; 2752
INTERNAL; 715; 715; 0; 2752; INTERNAL; 691; 714; 23; 234
INTERNAL; 716; 716; 0; 2130; INTERNAL; 691; 715; 24; 230
INTERNAL; 691; 715; 24; 230; INTERNAL; 689; 714; 25; 799
INTERNAL; 717; 717; 0; 3776; INTERNAL; 716; 716; 0; 4513
INTERNAL; 716; 716; 0; 4513; INTERNAL; 692; 715; 23; 4863
INTERNAL; 718; 739; 21; 2520; INTERNAL; 712; 738; 26; 212
INTERNAL; 740; 740; 0; 1862; INTERNAL; 739; 739; 0; 3540
INTERNAL; 739; 739; 0; 3540; INTERNAL; 738; 738; 0; 3734
INTERNAL; 738; 738; 0; 3734; INTERNAL; 718; 737; 19; 1711
INTERNAL; 718; 737; 19; 1711; INTERNAL; 710; 736; 26; 2029
INTERNAL; 738; 738; 0; 3734; INTERNAL; 737; 737; 0; 2951
INTERNAL; 737; 737; 0; 2951; INTERNAL; 718; 736; 18; 1844
INTERNAL; 718; 736; 18; 1844; INTERNAL; 709; 735; 26; 3616
INTERNAL; 737; 737; 0; 2951; INTERNAL; 736; 736; 0; 2370
INTERNAL; 736; 736; 0; 2370; INTERNAL; 718; 735; 17; 213
INTERNAL; 736; 736; 0; 2370; INTERNAL; 735; 735; 0; 3515
INTERNAL; 735; 735; 0; 3515; INTERNAL; 734; 734; 0; 2248
INTERNAL; 734; 734; 0; 2248; INTERNAL; 718; 733; 15; 3358
INTERNAL; 734; 734; 0; 2248; INTERNAL; 718; 733; 15; 1832
INTERNAL; 718; 733; 15; 1832; INTERNAL; 706; 732; 26; 2831
INTERNAL; 734; 734; 0; 2248; INTERNAL; 733; 733; 0; 2621
INTERNAL; 733; 733; 0; 2621; INTERNAL; 732; 732; 0; 1995
INTERNAL; 732; 732; 0; 1995; INTERNAL; 731; 731; 0; 1830
INTERNAL; 731; 731; 0; 1830; INTERNAL; 718; 730; 12; 1828
INTERNAL; 718; 730; 12; 1828; INTERNAL; 703; 729; 26; 4495
INTERNAL; 731; 731; 0; 1830; INTERNAL; 730; 730; 0; 3140
INTERNAL; 730; 730; 0; 3140; INTERNAL; 718; 729; 11; 2848
INTERNAL; 718; 729; 11; 2848; INTERNAL; 702; 728; 26; 220
INTERNAL; 730; 730; 0; 3140; INTERNAL; 718; 729; 11; 219
INTERNAL; 730; 730; 0; 3140; INTERNAL; 729; 729; 0; 4686
INTERNAL; 729; 729; 0; 4686; INTERNAL; 728; 728; 0; 3329
INTERNAL; 728; 728; 0; 3329; INTERNAL; 727; 727; 0; 1807
INTERNAL; 727; 727; 0; 1807; INTERNAL; 726; 726; 0; 3052
INTERNAL; 726; 726; 0; 3052; INTERNAL; 725; 725; 0; 1801
INTERNAL; 725; 725; 0; 1801; INTERNAL; 724; 724; 0; 2342
INTERNAL; 724; 724; 0; 2342; INTERNAL; 718; 723; 5; 3037
INTERNAL; 718; 723; 5; 3037; INTERNAL; 696; 722; 26; 400
INTERNAL; 724; 724; 0; 2342; INTERNAL; 723; 723; 0; 1789
INTERNAL; 723; 723; 0; 1789; INTERNAL; 722; 722; 0; 2801
INTERNAL; 722; 722; 0; 2801; INTERNAL; 718; 721; 3; 2554
INTERNAL; 718; 721; 3; 2554; INTERNAL; 694; 720; 26; 634
INTERNAL; 722; 722; 0; 2801; INTERNAL; 718; 721; 3; 225
INTERNAL; 722; 722; 0; 2801; INTERNAL; 721; 721; 0; 3236
INTERNAL; 721; 721; 0; 3236; INTERNAL; 720; 720; 0; 2183
INTERNAL; 720; 720; 0; 2183; INTERNAL; 718; 719; 1; 4942
INTERNAL; 718; 719; 1; 4942; INTERNAL; 692; 718; 26; 3567
INTERNAL; 720; 720; 0; 2183; INTERNAL; 719; 719; 0; 4336
INTERNAL; 719; 719; 0; 4336; INTERNAL; 718; 718; 0; 3377
INTERNAL; 718; 718; 0; 3377; INTERNAL; 691; 717; 26; 228
INTERNAL; 718; 718; 0; 3377; INTERNAL; 691; 717; 26; 1842
INTERNAL; 719; 719; 0; 4336; INTERNAL; 718; 718; 0; 2885
INTERNAL; 718; 718; 0; 2885; INTERNAL; 717; 717; 0; 4685
INTERNAL; 717; 717; 0; 4685; INTERNAL; 2; 716; 714; 4062
INTERNAL; 2; 716; 714; 4062; INPUT; 1; 715; 714; 3147
INTERNAL; 2; 716; 714; 4062; INPUT; 1; 715; 714; 4318
INTERNAL; 718; 718; 0; 2885; INTERNAL; 717; 717; 0; 1989
INTERNAL; 718; 718; 0; 2885; INTERNAL; 717; 717; 0; 3445
INTERNAL; 719; 719; 0; 4336; INTERNAL; 718; 718; 0; 227
INTERNAL; 719; 719; 0; 4336; INTERNAL; 718; 718; 0; 2141
INTERNAL; 718; 718; 0; 2141; INTERNAL; 717; 717; 0; 229
INTERNAL; 720; 720; 0; 2183; INTERNAL; 719; 719; 0; 3595
INTERNAL; 721; 721; 0; 3236; INTERNAL; 720; 720; 0; 3256
INTERNAL; 720; 720; 0; 3256; INTERNAL; 718; 719; 1; 3369
INTERNAL; 721; 721; 0; 3236; INTERNAL; 718; 720; 2; 3656
INTERNAL; 718; 720; 2; 3656; INTERNAL; 693; 719; 26; 226
INTERNAL; 722; 722; 0; 2801; INTERNAL; 721; 721; 0; 1781
INTERNAL; 721; 721; 0; 1781; INTERNAL; 718; 720; 2; 4679
INTERNAL; 723; 723; 0; 1789; INTERNAL; 718; 722; 4; 1784
INTERNAL; 718; 722; 4; 1784; INTERNAL; 695; 721; 26; 1278
INTERNAL; 723; 723; 0; 1789; INTERNAL; 722; 722; 0; 3408
INTERNAL; 724; 724; 0; 2342; INTERNAL; 723; 723; 0; 4585
INTERNAL; 723; 723; 0; 4585; INTERNAL; 718; 722; 4; 1547
INTERNAL; 725; 725; 0; 1801; INTERNAL; 718; 724; 6; 1800
INTERNAL; 718; 724; 6; 1800; INTERNAL; 697; 723; 26; 224
INTERNAL; 725; 725; 0; 1801; INTERNAL; 718; 724; 6; 4446
INTERNAL; 725; 725; 0; 1801; INTERNAL; 724; 724; 0; 1798
INTERNAL; 724; 724; 0; 1798; INTERNAL; 718; 723; 5; 4521
INTERNAL; 726; 726; 0; 3052; INTERNAL; 718; 725; 7; 3672
INTERNAL; 726; 726; 0; 3052; INTERNAL; 725; 725; 0; 2700
INTERNAL; 726; 726; 0; 3052; INTERNAL; 718; 725; 7; 4677
INTERNAL; 718; 725; 7; 4677; INTERNAL; 698; 724; 26; 223
INTERNAL; 727; 727; 0; 1807; INTERNAL; 726; 726; 0; 2677
INTERNAL; 727; 727; 0; 1807; INTERNAL; 718; 726; 8; 3026
INTERNAL; 718; 726; 8; 3026; INTERNAL; 699; 725; 26; 2911
INTERNAL; 728; 728; 0; 3329; INTERNAL; 718; 727; 9; 1811
INTERNAL; 718; 727; 9; 1811; INTERNAL; 700; 726; 26; 2105
INTERNAL; 728; 728; 0; 3329; INTERNAL; 718; 727; 9; 222
INTERNAL; 728; 728; 0; 3329; INTERNAL; 727; 727; 0; 3243
INTERNAL; 727; 727; 0; 3243; INTERNAL; 718; 726; 8; 2411
INTERNAL; 729; 729; 0; 4686; INTERNAL; 718; 728; 10; 221
INTERNAL; 729; 729; 0; 4686; INTERNAL; 728; 728; 0; 4131
INTERNAL; 729; 729; 0; 4686; INTERNAL; 718; 728; 10; 2208
INTERNAL; 718; 728; 10; 2208; INTERNAL; 701; 727; 26; 311
INTERNAL; 730; 730; 0; 3140; INTERNAL; 729; 729; 0; 2362
INTERNAL; 731; 731; 0; 1830; INTERNAL; 730; 730; 0; 3568
INTERNAL; 731; 731; 0; 1830; INTERNAL; 718; 730; 12; 3057
INTERNAL; 732; 732; 0; 1995; INTERNAL; 718; 731; 13; 2965
INTERNAL; 732; 732; 0; 1995; INTERNAL; 718; 731; 13; 1814
INTERNAL; 718; 731; 13; 1814; INTERNAL; 704; 730; 26; 2868
INTERNAL; 732; 732; 0; 1995; INTERNAL; 731; 731; 0; 2073
INTERNAL; 733; 733; 0; 2621; INTERNAL; 718; 732; 14; 4862
INTERNAL; 718; 732; 14; 4862; INTERNAL; 705; 731; 26; 218
INTERNAL; 733; 733; 0; 2621; INTERNAL; 732; 732; 0; 3257
INTERNAL; 734; 734; 0; 2248; INTERNAL; 733; 733; 0; 2115
INTERNAL; 733; 733; 0; 2115; INTERNAL; 718; 732; 14; 1932
INTERNAL; 735; 735; 0; 3515; INTERNAL; 718; 734; 16; 4939
INTERNAL; 718; 734; 16; 4939; INTERNAL; 708; 733; 25; 1928
INTERNAL; 718; 734; 16; 4939; INTERNAL; 708; 733; 25; 215
INTERNAL; 735; 735; 0; 3515; INTERNAL; 734; 734; 0; 2772
INTERNAL; 735; 735; 0; 3515; INTERNAL; 718; 734; 16; 1834
INTERNAL; 718; 734; 16; 1834; INTERNAL; 707; 733; 26; 216
INTERNAL; 736; 736; 0; 2370; INTERNAL; 735; 735; 0; 1835
INTERNAL; 736; 736; 0; 2370; INTERNAL; 718; 735; 17; 2306
INTERNAL; 718; 735; 17; 2306; INTERNAL; 709; 734; 25; 214
INTERNAL; 737; 737; 0; 2951; INTERNAL; 736; 736; 0; 4505
INTERNAL; 738; 738; 0; 3734; INTERNAL; 737; 737; 0; 1845
INTERNAL; 737; 737; 0; 1845; INTERNAL; 718; 736; 18; 3193
INTERNAL; 739; 739; 0; 3540; INTERNAL; 738; 738; 0; 3036
INTERNAL; 738; 738; 0; 3036; INTERNAL; 718; 737; 19; 211
INTERNAL; 739; 739; 0; 3540; INTERNAL; 718; 738; 20; 1852
INTERNAL; 718; 738; 20; 1852; INTERNAL; 711; 737; 26; 210
INTERNAL; 739; 739; 0; 3540; INTERNAL; 718; 738; 20; 458
INTERNAL; 740; 740; 0; 1862; INTERNAL; 739; 739; 0; 1857
INTERNAL; 745; 768; 23; 2065; INTERNAL; 718; 740; 22; 4891
INTERNAL; 718; 740; 22; 4891; INTERNAL; 713; 739; 26; 1086
INTERNAL; 745; 768; 23; 2065; INTERNAL; 740; 740; 0; 4615
INTERNAL; 740; 740; 0; 4615; INTERNAL; 718; 739; 21; 209
INTERNAL; 745; 768; 23; 2065; INTERNAL; 744; 744; 0; 2642
INTERNAL; 744; 744; 0; 2642; INTERNAL; 743; 743; 0; 2601
INTERNAL; 743; 743; 0; 2601; INTERNAL; 742; 742; 0; 3875
INTERNAL; 742; 742; 0; 3875; INTERNAL; 741; 741; 0; 3328
INTERNAL; 741; 741; 0; 3328; INTERNAL; 718; 740; 22; 1140
INTERNAL; 742; 742; 0; 3875; INTERNAL; 718; 741; 23; 1865
INTERNAL; 718; 741; 23; 1865; INTERNAL; 714; 740; 26; 207
INTERNAL; 742; 742; 0; 3875; INTERNAL; 741; 741; 0; 2739
INTERNAL; 742; 742; 0; 3875; INTERNAL; 718; 741; 23; 3244
INTERNAL; 743; 743; 0; 2601; INTERNAL; 718; 742; 24; 3120
INTERNAL; 718; 742; 24; 3120; INTERNAL; 715; 741; 26; 204
INTERNAL; 743; 743; 0; 2601; INTERNAL; 719; 742; 23; 2857
INTERNAL; 719; 742; 23; 2857; INTERNAL; 718; 741; 23; 2574
INTERNAL; 719; 742; 23; 2857; INTERNAL; 716; 741; 25; 205
INTERNAL; 743; 743; 0; 2601; INTERNAL; 742; 742; 0; 1870
INTERNAL; 744; 744; 0; 2642; INTERNAL; 743; 743; 0; 3878
INTERNAL; 743; 743; 0; 3878; INTERNAL; 718; 742; 24; 203
INTERNAL; 772; 796; 24; 2092; INTERNAL; 771; 771; 0; 3997
INTERNAL; 771; 771; 0; 3997; INTERNAL; 770; 770; 0; 2303
INTERNAL; 770; 770; 0; 2303; INTERNAL; 745; 769; 24; 3893
INTERNAL; 770; 770; 0; 2303; INTERNAL; 745; 769; 24; 1966
INTERNAL; 745; 769; 24; 1966; INTERNAL; 742; 768; 26; 189
INTERNAL; 770; 770; 0; 2303; INTERNAL; 745; 768; 23; 3132
INTERNAL; 770; 770; 0; 2303; INTERNAL; 769; 769; 0; 1722
INTERNAL; 769; 769; 0; 1722; INTERNAL; 745; 768; 23; 2202
INTERNAL; 745; 768; 23; 2202; INTERNAL; 741; 767; 26; 190
INTERNAL; 769; 769; 0; 1722; INTERNAL; 768; 768; 0; 3260
INTERNAL; 768; 768; 0; 3260; INTERNAL; 767; 767; 0; 1962
INTERNAL; 767; 767; 0; 1962; INTERNAL; 766; 766; 0; 1955
INTERNAL; 766; 766; 0; 1955; INTERNAL; 745; 765; 20; 3529
INTERNAL; 766; 766; 0; 1955; INTERNAL; 765; 765; 0; 1952
INTERNAL; 765; 765; 0; 1952; INTERNAL; 745; 764; 19; 1754
INTERNAL; 765; 765; 0; 1952; INTERNAL; 745; 764; 19; 3008
INTERNAL; 745; 764; 19; 3008; INTERNAL; 737; 763; 26; 193
INTERNAL; 765; 765; 0; 1952; INTERNAL; 764; 764; 0; 2877
INTERNAL; 764; 764; 0; 2877; INTERNAL; 745; 763; 18; 3289
INTERNAL; 745; 763; 18; 3289; INTERNAL; 736; 762; 26; 194
INTERNAL; 764; 764; 0; 2877; INTERNAL; 763; 763; 0; 2013
INTERNAL; 763; 763; 0; 2013; INTERNAL; 745; 762; 17; 3422
INTERNAL; 745; 762; 17; 3422; INTERNAL; 735; 761; 26; 195
INTERNAL; 763; 763; 0; 2013; INTERNAL; 762; 762; 0; 1927
INTERNAL; 762; 762; 0; 1927; INTERNAL; 745; 761; 16; 1934
INTERNAL; 762; 762; 0; 1927; INTERNAL; 761; 761; 0; 1946
INTERNAL; 761; 761; 0; 1946; INTERNAL; 760; 760; 0; 1931
INTERNAL; 760; 760; 0; 1931; INTERNAL; 759; 759; 0; 3651
INTERNAL; 759; 759; 0; 3651; INTERNAL; 745; 758; 13; 1915
INTERNAL; 759; 759; 0; 3651; INTERNAL; 758; 758; 0; 1925
INTERNAL; 758; 758; 0; 1925; INTERNAL; 757; 757; 0; 2036
INTERNAL; 757; 757; 0; 2036; INTERNAL; 756; 756; 0; 3747
INTERNAL; 756; 756; 0; 3747; INTERNAL; 745; 755; 10; 2652
INTERNAL; 745; 755; 10; 2652; INTERNAL; 728; 754; 26; 198
INTERNAL; 756; 756; 0; 3747; INTERNAL; 745; 755; 10; 2256
INTERNAL; 756; 756; 0; 3747; INTERNAL; 755; 755; 0; 1979
INTERNAL; 755; 755; 0; 1979; INTERNAL; 745; 754; 9; 3234
INTERNAL; 745; 754; 9; 3234; INTERNAL; 727; 753; 26; 199
INTERNAL; 755; 755; 0; 1979; INTERNAL; 745; 754; 9; 1905
INTERNAL; 755; 755; 0; 1979; INTERNAL; 754; 754; 0; 2235
INTERNAL; 754; 754; 0; 2235; INTERNAL; 753; 753; 0; 1901
INTERNAL; 753; 753; 0; 1901; INTERNAL; 745; 752; 7; 1892
INTERNAL; 745; 752; 7; 1892; INTERNAL; 725; 751; 26; 4878
INTERNAL; 753; 753; 0; 1901; INTERNAL; 752; 752; 0; 1899
INTERNAL; 752; 752; 0; 1899; INTERNAL; 745; 751; 6; 1695
INTERNAL; 745; 751; 6; 1695; INTERNAL; 724; 750; 26; 4784
INTERNAL; 752; 752; 0; 1899; INTERNAL; 745; 751; 6; 4720
INTERNAL; 752; 752; 0; 1899; INTERNAL; 751; 751; 0; 3175
INTERNAL; 751; 751; 0; 3175; INTERNAL; 745; 750; 5; 1965
INTERNAL; 745; 750; 5; 1965; INTERNAL; 723; 749; 26; 3436
INTERNAL; 751; 751; 0; 3175; INTERNAL; 750; 750; 0; 1863
INTERNAL; 750; 750; 0; 1863; INTERNAL; 745; 749; 4; 2094
INTERNAL; 745; 749; 4; 2094; INTERNAL; 723; 748; 25; 200
INTERNAL; 723; 748; 25; 200; INTERNAL; 722; 747; 25; 4014
INTERNAL; 723; 748; 25; 200; INTERNAL; 722; 747; 25; 201
INTERNAL; 750; 750; 0; 1863; INTERNAL; 745; 749; 4; 1890
INTERNAL; 750; 750; 0; 1863; INTERNAL; 749; 749; 0; 3352
INTERNAL; 749; 749; 0; 3352; INTERNAL; 748; 748; 0; 1998
INTERNAL; 748; 748; 0; 1998; INTERNAL; 747; 747; 0; 2311
INTERNAL; 747; 747; 0; 2311; INTERNAL; 745; 746; 1; 3617
INTERNAL; 745; 746; 1; 3617; INTERNAL; 719; 745; 26; 202
INTERNAL; 745; 746; 1; 3617; INTERNAL; 719; 745; 26; 3628
INTERNAL; 747; 747; 0; 2311; INTERNAL; 746; 746; 0; 4440
INTERNAL; 746; 746; 0; 4440; INTERNAL; 745; 745; 0; 3065
INTERNAL; 745; 745; 0; 3065; INTERNAL; 744; 744; 0; 4375
INTERNAL; 744; 744; 0; 4375; INTERNAL; 718; 743; 25; 1297
INTERNAL; 745; 745; 0; 3065; INTERNAL; 718; 744; 26; 2522
INTERNAL; 745; 745; 0; 3065; INTERNAL; 744; 744; 0; 1983
INTERNAL; 745; 745; 0; 3065; INTERNAL; 744; 744; 0; 1880
INTERNAL; 744; 744; 0; 1880; INTERNAL; 2; 743; 741; 4204
INTERNAL; 2; 743; 741; 4204; INPUT; 1; 742; 741; 3857
INTERNAL; 2; 743; 741; 4204; INPUT; 1; 742; 741; 3792
INTERNAL; 746; 746; 0; 4440; INTERNAL; 745; 745; 0; 2828
INTERNAL; 745; 745; 0; 2828; INTERNAL; 718; 744; 26; 3139
INTERNAL; 746; 746; 0; 4440; INTERNAL; 745; 745; 0; 3292
INTERNAL; 747; 747; 0; 2311; INTERNAL; 745; 746; 1; 2521
INTERNAL; 748; 748; 0; 1998; INTERNAL; 745; 747; 2; 2287
INTERNAL; 745; 747; 2; 2287; INTERNAL; 720; 746; 26; 414
INTERNAL; 745; 747; 2; 2287; INTERNAL; 720; 746; 26; 502
INTERNAL; 748; 748; 0; 1998; INTERNAL; 745; 747; 2; 1885
INTERNAL; 749; 749; 0; 3352; INTERNAL; 745; 748; 3; 4455
INTERNAL; 745; 748; 3; 4455; INTERNAL; 721; 747; 26; 3631
INTERNAL; 745; 748; 3; 4455; INTERNAL; 721; 747; 26; 1204
INTERNAL; 749; 749; 0; 3352; INTERNAL; 745; 748; 3; 3300
INTERNAL; 751; 751; 0; 3175; INTERNAL; 745; 750; 5; 2896
INTERNAL; 753; 753; 0; 1901; INTERNAL; 745; 752; 7; 2071
INTERNAL; 754; 754; 0; 2235; INTERNAL; 745; 753; 8; 2418
INTERNAL; 754; 754; 0; 2235; INTERNAL; 745; 753; 8; 2898
INTERNAL; 745; 753; 8; 2898; INTERNAL; 726; 752; 26; 4792
INTERNAL; 757; 757; 0; 2036; INTERNAL; 745; 756; 11; 1910
INTERNAL; 757; 757; 0; 2036; INTERNAL; 745; 756; 11; 4175
INTERNAL; 745; 756; 11; 4175; INTERNAL; 729; 755; 26; 197
INTERNAL; 758; 758; 0; 1925; INTERNAL; 745; 757; 12; 2920
INTERNAL; 745; 757; 12; 2920; INTERNAL; 730; 756; 26; 196
INTERNAL; 758; 758; 0; 1925; INTERNAL; 745; 757; 12; 2363
INTERNAL; 759; 759; 0; 3651; INTERNAL; 745; 758; 13; 1918
INTERNAL; 745; 758; 13; 1918; INTERNAL; 731; 757; 26; 2051
INTERNAL; 760; 760; 0; 1931; INTERNAL; 745; 759; 14; 2427
INTERNAL; 760; 760; 0; 1931; INTERNAL; 745; 759; 14; 3262
INTERNAL; 745; 759; 14; 3262; INTERNAL; 732; 758; 26; 2634
INTERNAL; 761; 761; 0; 1946; INTERNAL; 745; 760; 15; 4202
INTERNAL; 745; 760; 15; 4202; INTERNAL; 733; 759; 26; 706
INTERNAL; 761; 761; 0; 1946; INTERNAL; 745; 760; 15; 1929
INTERNAL; 762; 762; 0; 1927; INTERNAL; 745; 761; 16; 2432
INTERNAL; 745; 761; 16; 2432; INTERNAL; 734; 760; 26; 1596
INTERNAL; 763; 763; 0; 2013; INTERNAL; 745; 762; 17; 1949
INTERNAL; 764; 764; 0; 2877; INTERNAL; 745; 763; 18; 1950
INTERNAL; 766; 766; 0; 1955; INTERNAL; 745; 765; 20; 2987
INTERNAL; 745; 765; 20; 2987; INTERNAL; 738; 764; 26; 1082
INTERNAL; 767; 767; 0; 1962; INTERNAL; 745; 766; 21; 3030
INTERNAL; 767; 767; 0; 1962; INTERNAL; 745; 766; 21; 3136
INTERNAL; 745; 766; 21; 3136; INTERNAL; 739; 765; 26; 191
INTERNAL; 768; 768; 0; 3260; INTERNAL; 745; 767; 22; 2740
INTERNAL; 745; 767; 22; 2740; INTERNAL; 740; 766; 26; 1976
INTERNAL; 768; 768; 0; 3260; INTERNAL; 745; 767; 22; 3303
INTERNAL; 771; 771; 0; 3997; INTERNAL; 770; 770; 0; 1972
INTERNAL; 770; 770; 0; 1972; INTERNAL; 746; 769; 23; 3020
INTERNAL; 746; 769; 23; 3020; INTERNAL; 743; 768; 25; 4313
INTERNAL; 771; 771; 0; 3997; INTERNAL; 745; 770; 25; 3107
INTERNAL; 797; 797; 0; 2104; INTERNAL; 796; 796; 0; 2980
INTERNAL; 796; 796; 0; 2980; INTERNAL; 772; 795; 23; 2378
INTERNAL; 772; 795; 23; 2378; INTERNAL; 767; 793; 26; 182
INTERNAL; 772; 795; 23; 2378; INTERNAL; 767; 793; 26; 3686
INTERNAL; 796; 796; 0; 2980; INTERNAL; 795; 795; 0; 3200
INTERNAL; 795; 795; 0; 3200; INTERNAL; 772; 794; 22; 2789
INTERNAL; 795; 795; 0; 3200; INTERNAL; 794; 794; 0; 3362
INTERNAL; 794; 794; 0; 3362; INTERNAL; 793; 793; 0; 2241
INTERNAL; 793; 793; 0; 2241; INTERNAL; 792; 792; 0; 3011
INTERNAL; 792; 792; 0; 3011; INTERNAL; 772; 791; 19; 1902
INTERNAL; 772; 791; 19; 1902; INTERNAL; 764; 790; 26; 184
INTERNAL; 772; 791; 19; 1902; INTERNAL; 764; 790; 26; 480
INTERNAL; 792; 792; 0; 3011; INTERNAL; 772; 791; 19; 2734
INTERNAL; 792; 792; 0; 3011; INTERNAL; 791; 791; 0; 1675
INTERNAL; 791; 791; 0; 1675; INTERNAL; 772; 790; 18; 2410
INTERNAL; 791; 791; 0; 1675; INTERNAL; 790; 790; 0; 2815
INTERNAL; 790; 790; 0; 2815; INTERNAL; 772; 789; 17; 2069
INTERNAL; 790; 790; 0; 2815; INTERNAL; 772; 789; 17; 2075
INTERNAL; 772; 789; 17; 2075; INTERNAL; 762; 788; 26; 3950
INTERNAL; 772; 789; 17; 2075; INTERNAL; 762; 788; 26; 2597
INTERNAL; 790; 790; 0; 2815; INTERNAL; 789; 789; 0; 3507
INTERNAL; 789; 789; 0; 3507; INTERNAL; 788; 788; 0; 3649
INTERNAL; 788; 788; 0; 3649; INTERNAL; 772; 787; 15; 3273
INTERNAL; 788; 788; 0; 3649; INTERNAL; 787; 787; 0; 4894
INTERNAL; 787; 787; 0; 4894; INTERNAL; 772; 786; 14; 4640
INTERNAL; 787; 787; 0; 4894; INTERNAL; 772; 786; 14; 3881
INTERNAL; 772; 786; 14; 3881; INTERNAL; 758; 784; 26; 2639
INTERNAL; 772; 786; 14; 3881; INTERNAL; 758; 784; 26; 2015
INTERNAL; 787; 787; 0; 4894; INTERNAL; 786; 786; 0; 2064
INTERNAL; 786; 786; 0; 2064; INTERNAL; 772; 785; 13; 2056
INTERNAL; 786; 786; 0; 2064; INTERNAL; 785; 785; 0; 2058
INTERNAL; 785; 785; 0; 2058; INTERNAL; 784; 784; 0; 2172
INTERNAL; 784; 784; 0; 2172; INTERNAL; 772; 783; 11; 3071
INTERNAL; 784; 784; 0; 2172; INTERNAL; 772; 783; 11; 2045
INTERNAL; 772; 783; 11; 2045; INTERNAL; 756; 782; 26; 185
INTERNAL; 772; 783; 11; 2045; INTERNAL; 756; 782; 26; 1551
INTERNAL; 784; 784; 0; 2172; INTERNAL; 783; 783; 0; 2048
INTERNAL; 783; 783; 0; 2048; INTERNAL; 772; 782; 10; 3537
INTERNAL; 783; 783; 0; 2048; INTERNAL; 782; 782; 0; 2044
INTERNAL; 782; 782; 0; 2044; INTERNAL; 772; 781; 9; 2026
INTERNAL; 782; 782; 0; 2044; INTERNAL; 781; 781; 0; 4230
INTERNAL; 781; 781; 0; 4230; INTERNAL; 772; 780; 8; 2145
INTERNAL; 781; 781; 0; 4230; INTERNAL; 772; 780; 8; 4194
INTERNAL; 772; 780; 8; 4194; INTERNAL; 752; 778; 26; 187
INTERNAL; 772; 780; 8; 4194; INTERNAL; 752; 778; 26; 186
INTERNAL; 781; 781; 0; 4230; INTERNAL; 780; 780; 0; 3343
INTERNAL; 780; 780; 0; 3343; INTERNAL; 772; 779; 7; 2016
INTERNAL; 780; 780; 0; 3343; INTERNAL; 772; 779; 7; 2011
INTERNAL; 780; 780; 0; 3343; INTERNAL; 779; 779; 0; 2021
INTERNAL; 779; 779; 0; 2021; INTERNAL; 772; 778; 6; 2009
INTERNAL; 779; 779; 0; 2021; INTERNAL; 778; 778; 0; 2561
INTERNAL; 778; 778; 0; 2561; INTERNAL; 772; 777; 5; 4643
INTERNAL; 778; 778; 0; 2561; INTERNAL; 777; 777; 0; 2006
INTERNAL; 777; 777; 0; 2006; INTERNAL; 772; 776; 4; 2000
INTERNAL; 777; 777; 0; 2006; INTERNAL; 772; 776; 4; 3552
INTERNAL; 777; 777; 0; 2006; INTERNAL; 776; 776; 0; 2368
INTERNAL; 776; 776; 0; 2368; INTERNAL; 775; 775; 0; 3620
INTERNAL; 775; 775; 0; 3620; INTERNAL; 774; 774; 0; 4570
INTERNAL; 774; 774; 0; 4570; INTERNAL; 773; 773; 0; 1993
INTERNAL; 773; 773; 0; 1993; INTERNAL; 772; 772; 0; 4904
INTERNAL; 772; 772; 0; 4904; INTERNAL; 745; 771; 26; 188
INTERNAL; 772; 772; 0; 4904; INTERNAL; 745; 771; 26; 359
INTERNAL; 773; 773; 0; 1993; INTERNAL; 772; 772; 0; 1985
INTERNAL; 772; 772; 0; 1985; INTERNAL; 771; 771; 0; 1980
INTERNAL; 771; 771; 0; 1980; INTERNAL; 2; 770; 768; 2704
INTERNAL; 2; 770; 768; 2704; INPUT; 1; 769; 768; 1077
INTERNAL; 2; 770; 768; 2704; INPUT; 1; 769; 768; 3098
INTERNAL; 772; 772; 0; 1985; INTERNAL; 771; 771; 0; 2038
INTERNAL; 772; 772; 0; 1985; INTERNAL; 771; 771; 0; 1974
INTERNAL; 773; 773; 0; 1993; INTERNAL; 772; 772; 0; 1982
INTERNAL; 774; 774; 0; 4570; INTERNAL; 773; 773; 0; 2819
INTERNAL; 774; 774; 0; 4570; INTERNAL; 772; 773; 1; 1990
INTERNAL; 774; 774; 0; 4570; INTERNAL; 772; 773; 1; 1991
INTERNAL; 772; 773; 1; 1991; INTERNAL; 746; 772; 26; 664
INTERNAL; 775; 775; 0; 3620; INTERNAL; 772; 774; 2; 2998
INTERNAL; 775; 775; 0; 3620; INTERNAL; 772; 774; 2; 1994
INTERNAL; 776; 776; 0; 2368; INTERNAL; 772; 775; 3; 2394
INTERNAL; 776; 776; 0; 2368; INTERNAL; 772; 775; 3; 3623
INTERNAL; 778; 778; 0; 2561; INTERNAL; 772; 777; 5; 2004
INTERNAL; 779; 779; 0; 2021; INTERNAL; 772; 778; 6; 2416
INTERNAL; 782; 782; 0; 2044; INTERNAL; 772; 781; 9; 3450
INTERNAL; 772; 781; 9; 3450; INTERNAL; 754; 780; 26; 1028
INTERNAL; 772; 781; 9; 3450; INTERNAL; 754; 780; 26; 1222
INTERNAL; 783; 783; 0; 2048; INTERNAL; 772; 782; 10; 2212
INTERNAL; 785; 785; 0; 2058; INTERNAL; 772; 784; 12; 2053
INTERNAL; 785; 785; 0; 2058; INTERNAL; 772; 784; 12; 2334
INTERNAL; 786; 786; 0; 2064; INTERNAL; 772; 785; 13; 2057
INTERNAL; 788; 788; 0; 3649; INTERNAL; 772; 787; 15; 2066
INTERNAL; 772; 787; 15; 2066; INTERNAL; 760; 786; 26; 2445
INTERNAL; 772; 787; 15; 2066; INTERNAL; 760; 786; 26; 1926
INTERNAL; 789; 789; 0; 3507; INTERNAL; 772; 788; 16; 2431
INTERNAL; 789; 789; 0; 3507; INTERNAL; 772; 788; 16; 2630
INTERNAL; 791; 791; 0; 1675; INTERNAL; 772; 790; 18; 2422
INTERNAL; 793; 793; 0; 2241; INTERNAL; 772; 792; 20; 2080
INTERNAL; 793; 793; 0; 2241; INTERNAL; 772; 792; 20; 2078
INTERNAL; 794; 794; 0; 3362; INTERNAL; 772; 793; 21; 3306
INTERNAL; 772; 793; 21; 3306; INTERNAL; 766; 792; 26; 183
INTERNAL; 772; 793; 21; 3306; INTERNAL; 766; 792; 26; 769
INTERNAL; 794; 794; 0; 3362; INTERNAL; 772; 793; 21; 2083
INTERNAL; 795; 795; 0; 3200; INTERNAL; 772; 794; 22; 2085
INTERNAL; 796; 796; 0; 2980; INTERNAL; 772; 795; 23; 2878
INTERNAL; 772; 795; 23; 2878; INTERNAL; 768; 794; 26; 2817
INTERNAL; 772; 795; 23; 2878; INTERNAL; 768; 794; 26; 1290
INTERNAL; 797; 797; 0; 2104; INTERNAL; 772; 796; 24; 2089
INTERNAL; 800; 826; 26; 2234; INTERNAL; 798; 824; 26; 2046
INTERNAL; 800; 826; 26; 2234; INTERNAL; 799; 799; 0; 3295
INTERNAL; 799; 799; 0; 3295; INTERNAL; 772; 798; 26; 3882
INTERNAL; 772; 798; 26; 3882; INTERNAL; 770; 796; 26; 4037
INTERNAL; 799; 799; 0; 3295; INTERNAL; 798; 798; 0; 1896
INTERNAL; 798; 798; 0; 1896; INTERNAL; 772; 797; 25; 3389
INTERNAL; 772; 797; 25; 3389; INTERNAL; 770; 795; 25; 1509
INTERNAL; 772; 797; 25; 3389; INTERNAL; 770; 795; 25; 559
INTERNAL; 798; 798; 0; 1896; INTERNAL; 772; 796; 24; 2557
INTERNAL; 798; 798; 0; 1896; INTERNAL; 772; 797; 25; 4452
INTERNAL; 799; 799; 0; 3295; INTERNAL; 798; 798; 0; 2606
INTERNAL; 798; 798; 0; 2606; INTERNAL; 773; 797; 24; 2744
INTERNAL; 827; 827; 0; 3354; INTERNAL; 801; 826; 25; 2800
INTERNAL; 801; 826; 25; 2800; INTERNAL; 798; 825; 27; 158
INTERNAL; 801; 826; 25; 2800; INTERNAL; 800; 825; 25; 1163
INTERNAL; 827; 827; 0; 3354; INTERNAL; 826; 826; 0; 4060
INTERNAL; 826; 826; 0; 4060; INTERNAL; 825; 825; 0; 3056
INTERNAL; 825; 825; 0; 3056; INTERNAL; 800; 824; 24; 2443
INTERNAL; 825; 825; 0; 3056; INTERNAL; 824; 824; 0; 2214
INTERNAL; 824; 824; 0; 2214; INTERNAL; 823; 823; 0; 2946
INTERNAL; 823; 823; 0; 2946; INTERNAL; 822; 822; 0; 2193
INTERNAL; 822; 822; 0; 2193; INTERNAL; 821; 821; 0; 3473
INTERNAL; 821; 821; 0; 3473; INTERNAL; 820; 820; 0; 2181
INTERNAL; 820; 820; 0; 2181; INTERNAL; 819; 819; 0; 2180
INTERNAL; 819; 819; 0; 2180; INTERNAL; 818; 818; 0; 2166
INTERNAL; 818; 818; 0; 2166; INTERNAL; 817; 817; 0; 2452
INTERNAL; 817; 817; 0; 2452; INTERNAL; 800; 816; 16; 4282
INTERNAL; 800; 816; 16; 4282; INTERNAL; 788; 815; 27; 2054
INTERNAL; 800; 816; 16; 4282; INTERNAL; 788; 815; 27; 1855
INTERNAL; 817; 817; 0; 2452; INTERNAL; 816; 816; 0; 2964
INTERNAL; 816; 816; 0; 2964; INTERNAL; 815; 815; 0; 2156
INTERNAL; 815; 815; 0; 2156; INTERNAL; 814; 814; 0; 2299
INTERNAL; 814; 814; 0; 2299; INTERNAL; 813; 813; 0; 2170
INTERNAL; 813; 813; 0; 2170; INTERNAL; 812; 812; 0; 2154
INTERNAL; 812; 812; 0; 2154; INTERNAL; 811; 811; 0; 2152
INTERNAL; 811; 811; 0; 2152; INTERNAL; 810; 810; 0; 2149
INTERNAL; 810; 810; 0; 2149; INTERNAL; 800; 809; 9; 1831
INTERNAL; 800; 809; 9; 1831; INTERNAL; 781; 808; 27; 484
INTERNAL; 800; 809; 9; 1831; INTERNAL; 781; 808; 27; 4309
INTERNAL; 810; 810; 0; 2149; INTERNAL; 800; 809; 9; 2316
INTERNAL; 810; 810; 0; 2149; INTERNAL; 809; 809; 0; 3418
INTERNAL; 809; 809; 0; 3418; INTERNAL; 808; 808; 0; 4273
INTERNAL; 808; 808; 0; 4273; INTERNAL; 800; 807; 7; 2135
INTERNAL; 800; 807; 7; 2135; INTERNAL; 779; 806; 27; 2665
INTERNAL; 800; 807; 7; 2135; INTERNAL; 779; 806; 27; 175
INTERNAL; 808; 808; 0; 4273; INTERNAL; 807; 807; 0; 4742
INTERNAL; 807; 807; 0; 4742; INTERNAL; 806; 806; 0; 3531
INTERNAL; 806; 806; 0; 3531; INTERNAL; 805; 805; 0; 2590
INTERNAL; 805; 805; 0; 2590; INTERNAL; 804; 804; 0; 2231
INTERNAL; 804; 804; 0; 2231; INTERNAL; 803; 803; 0; 2122
INTERNAL; 803; 803; 0; 2122; INTERNAL; 802; 802; 0; 2488
INTERNAL; 802; 802; 0; 2488; INTERNAL; 801; 801; 0; 4101
INTERNAL; 801; 801; 0; 4101; INTERNAL; 800; 800; 0; 2106
INTERNAL; 800; 800; 0; 2106; INTERNAL; 799; 799; 0; 2841
INTERNAL; 799; 799; 0; 2841; INTERNAL; 2; 798; 796; 2286
INTERNAL; 2; 798; 796; 2286; INPUT; 1; 797; 796; 3226
INTERNAL; 2; 798; 796; 2286; INPUT; 1; 797; 796; 2492
INTERNAL; 800; 800; 0; 2106; INTERNAL; 799; 799; 0; 3332
INTERNAL; 801; 801; 0; 4101; INTERNAL; 800; 800; 0; 1786
INTERNAL; 800; 800; 0; 1786; INTERNAL; 772; 799; 27; 181
INTERNAL; 800; 800; 0; 1786; INTERNAL; 772; 799; 27; 2177
INTERNAL; 801; 801; 0; 4101; INTERNAL; 800; 800; 0; 2111
INTERNAL; 800; 800; 0; 2111; INTERNAL; 799; 799; 0; 455
INTERNAL; 801; 801; 0; 4101; INTERNAL; 800; 800; 0; 2553
INTERNAL; 802; 802; 0; 2488; INTERNAL; 801; 801; 0; 3618
INTERNAL; 802; 802; 0; 2488; INTERNAL; 800; 801; 1; 2523
INTERNAL; 803; 803; 0; 2122; INTERNAL; 800; 802; 2; 2194
INTERNAL; 800; 802; 2; 2194; INTERNAL; 774; 801; 27; 629
INTERNAL; 774; 801; 27; 629; INTERNAL; 773; 800; 27; 179
INTERNAL; 774; 801; 27; 629; INTERNAL; 773; 800; 27; 4903
INTERNAL; 803; 803; 0; 2122; INTERNAL; 800; 802; 2; 2147
INTERNAL; 803; 803; 0; 2122; INTERNAL; 802; 802; 0; 2119
INTERNAL; 802; 802; 0; 2119; INTERNAL; 800; 801; 1; 180
INTERNAL; 804; 804; 0; 2231; INTERNAL; 800; 803; 3; 2128
INTERNAL; 804; 804; 0; 2231; INTERNAL; 803; 803; 0; 2640
INTERNAL; 805; 805; 0; 2590; INTERNAL; 800; 804; 4; 2405
INTERNAL; 805; 805; 0; 2590; INTERNAL; 804; 804; 0; 2142
INTERNAL; 804; 804; 0; 2142; INTERNAL; 800; 803; 3; 4286
INTERNAL; 806; 806; 0; 3531; INTERNAL; 800; 805; 5; 2327
INTERNAL; 806; 806; 0; 3531; INTERNAL; 805; 805; 0; 3569
INTERNAL; 805; 805; 0; 3569; INTERNAL; 800; 804; 4; 178
INTERNAL; 807; 807; 0; 4742; INTERNAL; 800; 806; 6; 176
INTERNAL; 800; 806; 6; 176; INTERNAL; 778; 805; 27; 2349
INTERNAL; 800; 806; 6; 176; INTERNAL; 778; 805; 27; 3247
INTERNAL; 807; 807; 0; 4742; INTERNAL; 806; 806; 0; 4883
INTERNAL; 806; 806; 0; 4883; INTERNAL; 800; 805; 5; 2726
INTERNAL; 807; 807; 0; 4742; INTERNAL; 800; 806; 6; 2132
INTERNAL; 808; 808; 0; 4273; INTERNAL; 807; 807; 0; 2512
INTERNAL; 809; 809; 0; 3418; INTERNAL; 808; 808; 0; 2139
INTERNAL; 808; 808; 0; 2139; INTERNAL; 800; 807; 7; 807
INTERNAL; 809; 809; 0; 3418; INTERNAL; 800; 808; 8; 2605
INTERNAL; 800; 808; 8; 2605; INTERNAL; 780; 807; 27; 3368
INTERNAL; 800; 808; 8; 2605; INTERNAL; 780; 807; 27; 174
INTERNAL; 810; 810; 0; 2149; INTERNAL; 809; 809; 0; 2979
INTERNAL; 809; 809; 0; 2979; INTERNAL; 800; 808; 8; 4183
INTERNAL; 811; 811; 0; 2152; INTERNAL; 800; 810; 10; 4046
INTERNAL; 800; 810; 10; 4046; INTERNAL; 782; 809; 27; 173
INTERNAL; 800; 810; 10; 4046; INTERNAL; 782; 809; 27; 2705
INTERNAL; 811; 811; 0; 2152; INTERNAL; 810; 810; 0; 2385
INTERNAL; 812; 812; 0; 2154; INTERNAL; 811; 811; 0; 3040
INTERNAL; 811; 811; 0; 3040; INTERNAL; 800; 810; 10; 172
INTERNAL; 812; 812; 0; 2154; INTERNAL; 800; 811; 11; 2153
INTERNAL; 813; 813; 0; 2170; INTERNAL; 800; 812; 12; 2326
INTERNAL; 800; 812; 12; 2326; INTERNAL; 784; 811; 27; 1794
INTERNAL; 800; 812; 12; 2326; INTERNAL; 784; 811; 27; 1768
INTERNAL; 813; 813; 0; 2170; INTERNAL; 800; 812; 12; 2638
INTERNAL; 813; 813; 0; 2170; INTERNAL; 812; 812; 0; 2442
INTERNAL; 812; 812; 0; 2442; INTERNAL; 800; 811; 11; 171
INTERNAL; 814; 814; 0; 2299; INTERNAL; 800; 813; 13; 3111
INTERNAL; 814; 814; 0; 2299; INTERNAL; 813; 813; 0; 2995
INTERNAL; 815; 815; 0; 2156; INTERNAL; 800; 814; 14; 4242
INTERNAL; 800; 814; 14; 4242; INTERNAL; 786; 813; 27; 168
INTERNAL; 800; 814; 14; 4242; INTERNAL; 786; 813; 27; 169
INTERNAL; 815; 815; 0; 2156; INTERNAL; 800; 814; 14; 3077
INTERNAL; 815; 815; 0; 2156; INTERNAL; 814; 814; 0; 3281
INTERNAL; 814; 814; 0; 3281; INTERNAL; 800; 813; 13; 170
INTERNAL; 816; 816; 0; 2964; INTERNAL; 800; 815; 15; 1963
INTERNAL; 816; 816; 0; 2964; INTERNAL; 815; 815; 0; 3626
INTERNAL; 817; 817; 0; 2452; INTERNAL; 816; 816; 0; 2249
INTERNAL; 816; 816; 0; 2249; INTERNAL; 800; 815; 15; 167
INTERNAL; 818; 818; 0; 2166; INTERNAL; 800; 817; 17; 2144
INTERNAL; 800; 817; 17; 2144; INTERNAL; 789; 816; 27; 667
INTERNAL; 800; 817; 17; 2144; INTERNAL; 789; 816; 27; 2960
INTERNAL; 818; 818; 0; 2166; INTERNAL; 817; 817; 0; 2163
INTERNAL; 817; 817; 0; 2163; INTERNAL; 800; 816; 16; 1719
INTERNAL; 819; 819; 0; 2180; INTERNAL; 818; 818; 0; 2171
INTERNAL; 818; 818; 0; 2171; INTERNAL; 800; 817; 17; 890
INTERNAL; 819; 819; 0; 2180; INTERNAL; 800; 818; 18; 166
INTERNAL; 800; 818; 18; 166; INTERNAL; 790; 817; 27; 750
INTERNAL; 800; 818; 18; 166; INTERNAL; 790; 817; 27; 423
INTERNAL; 819; 819; 0; 2180; INTERNAL; 800; 818; 18; 2176
INTERNAL; 820; 820; 0; 2181; INTERNAL; 800; 819; 19; 1778
INTERNAL; 800; 819; 19; 1778; INTERNAL; 791; 818; 27; 165
INTERNAL; 800; 819; 19; 1778; INTERNAL; 791; 818; 27; 1823
INTERNAL; 820; 820; 0; 2181; INTERNAL; 819; 819; 0; 3151
INTERNAL; 821; 821; 0; 3473; INTERNAL; 820; 820; 0; 2186
INTERNAL; 820; 820; 0; 2186; INTERNAL; 800; 819; 19; 394
INTERNAL; 821; 821; 0; 3473; INTERNAL; 800; 820; 20; 3453
INTERNAL; 800; 820; 20; 3453; INTERNAL; 792; 819; 27; 162
INTERNAL; 800; 820; 20; 3453; INTERNAL; 792; 819; 27; 3223
INTERNAL; 822; 822; 0; 2193; INTERNAL; 800; 821; 21; 2479
INTERNAL; 800; 821; 21; 2479; INTERNAL; 793; 820; 27; 2915
INTERNAL; 800; 821; 21; 2479; INTERNAL; 793; 820; 27; 160
INTERNAL; 822; 822; 0; 2193; INTERNAL; 821; 821; 0; 2028
INTERNAL; 821; 821; 0; 2028; INTERNAL; 800; 820; 20; 161
INTERNAL; 822; 822; 0; 2193; INTERNAL; 800; 821; 21; 1537
INTERNAL; 823; 823; 0; 2946; INTERNAL; 822; 822; 0; 2199
INTERNAL; 823; 823; 0; 2946; INTERNAL; 800; 822; 22; 2531
INTERNAL; 800; 822; 22; 2531; INTERNAL; 794; 821; 27; 1202
INTERNAL; 800; 822; 22; 2531; INTERNAL; 794; 821; 27; 2407
INTERNAL; 823; 823; 0; 2946; INTERNAL; 800; 822; 22; 2205
INTERNAL; 824; 824; 0; 2214; INTERNAL; 800; 823; 23; 4431
INTERNAL; 800; 823; 23; 4431; INTERNAL; 795; 822; 27; 2245
INTERNAL; 800; 823; 23; 4431; INTERNAL; 795; 822; 27; 1386
INTERNAL; 824; 824; 0; 2214; INTERNAL; 823; 823; 0; 2940
INTERNAL; 824; 824; 0; 2214; INTERNAL; 800; 823; 23; 3740
INTERNAL; 825; 825; 0; 3056; INTERNAL; 824; 824; 0; 2876
INTERNAL; 826; 826; 0; 4060; INTERNAL; 800; 825; 25; 2220
INTERNAL; 826; 826; 0; 4060; INTERNAL; 825; 825; 0; 2217
INTERNAL; 825; 825; 0; 2217; INTERNAL; 800; 824; 24; 2517
INTERNAL; 827; 827; 0; 3354; INTERNAL; 826; 826; 0; 2228
INTERNAL; 826; 826; 0; 2228; INTERNAL; 800; 825; 25; 159
INTERNAL; 828; 828; 0; 4749; INTERNAL; 827; 827; 0; 2238
INTERNAL; 827; 827; 0; 2238; INTERNAL; 800; 826; 26; 1853
INTERNAL; 829; 852; 23; 4476; INTERNAL; 823; 851; 28; 4875
INTERNAL; 853; 853; 0; 1805; INTERNAL; 852; 852; 0; 1841
INTERNAL; 852; 852; 0; 1841; INTERNAL; 851; 851; 0; 2373
INTERNAL; 851; 851; 0; 2373; INTERNAL; 829; 850; 21; 2027
INTERNAL; 829; 850; 21; 2027; INTERNAL; 821; 849; 28; 2942
INTERNAL; 851; 851; 0; 2373; INTERNAL; 850; 850; 0; 4370
INTERNAL; 850; 850; 0; 4370; INTERNAL; 829; 849; 20; 2366
INTERNAL; 829; 849; 20; 2366; INTERNAL; 820; 848; 28; 241
INTERNAL; 850; 850; 0; 4370; INTERNAL; 829; 849; 20; 474
INTERNAL; 850; 850; 0; 4370; INTERNAL; 849; 849; 0; 2364
INTERNAL; 849; 849; 0; 2364; INTERNAL; 829; 848; 19; 2361
INTERNAL; 829; 848; 19; 2361; INTERNAL; 819; 847; 28; 472
INTERNAL; 849; 849; 0; 2364; INTERNAL; 848; 848; 0; 2357
INTERNAL; 848; 848; 0; 2357; INTERNAL; 829; 847; 18; 3128
INTERNAL; 829; 847; 18; 3128; INTERNAL; 818; 846; 28; 135
INTERNAL; 848; 848; 0; 2357; INTERNAL; 847; 847; 0; 2353
INTERNAL; 847; 847; 0; 2353; INTERNAL; 846; 846; 0; 2347
INTERNAL; 846; 846; 0; 2347; INTERNAL; 845; 845; 0; 3582
INTERNAL; 845; 845; 0; 3582; INTERNAL; 829; 844; 15; 2278
INTERNAL; 829; 844; 15; 2278; INTERNAL; 815; 843; 28; 864
INTERNAL; 845; 845; 0; 3582; INTERNAL; 829; 844; 15; 1023
INTERNAL; 845; 845; 0; 3582; INTERNAL; 844; 844; 0; 2335
INTERNAL; 844; 844; 0; 2335; INTERNAL; 829; 843; 14; 2328
INTERNAL; 829; 843; 14; 2328; INTERNAL; 814; 842; 28; 141
INTERNAL; 844; 844; 0; 2335; INTERNAL; 843; 843; 0; 2633
INTERNAL; 843; 843; 0; 2633; INTERNAL; 829; 842; 13; 3653
INTERNAL; 829; 842; 13; 3653; INTERNAL; 813; 841; 28; 144
INTERNAL; 843; 843; 0; 2633; INTERNAL; 842; 842; 0; 2323
INTERNAL; 842; 842; 0; 2323; INTERNAL; 841; 841; 0; 2573
INTERNAL; 841; 841; 0; 2573; INTERNAL; 829; 840; 11; 2321
INTERNAL; 829; 840; 11; 2321; INTERNAL; 811; 839; 28; 146
INTERNAL; 841; 841; 0; 2573; INTERNAL; 840; 840; 0; 2319
INTERNAL; 840; 840; 0; 2319; INTERNAL; 839; 839; 0; 2314
INTERNAL; 839; 839; 0; 2314; INTERNAL; 838; 838; 0; 3501
INTERNAL; 838; 838; 0; 3501; INTERNAL; 837; 837; 0; 2548
INTERNAL; 837; 837; 0; 2548; INTERNAL; 829; 836; 7; 177
INTERNAL; 837; 837; 0; 2548; INTERNAL; 829; 836; 7; 2304
INTERNAL; 829; 836; 7; 2304; INTERNAL; 807; 835; 28; 4600
INTERNAL; 837; 837; 0; 2548; INTERNAL; 836; 836; 0; 3283
INTERNAL; 836; 836; 0; 3283; INTERNAL; 835; 835; 0; 3512
INTERNAL; 835; 835; 0; 3512; INTERNAL; 829; 834; 5; 861
INTERNAL; 835; 835; 0; 3512; INTERNAL; 834; 834; 0; 2302
INTERNAL; 834; 834; 0; 2302; INTERNAL; 833; 833; 0; 2277
INTERNAL; 833; 833; 0; 2277; INTERNAL; 832; 832; 0; 3313
INTERNAL; 832; 832; 0; 3313; INTERNAL; 831; 831; 0; 2267
INTERNAL; 831; 831; 0; 2267; INTERNAL; 830; 830; 0; 2263
INTERNAL; 830; 830; 0; 2263; INTERNAL; 829; 829; 0; 2260
INTERNAL; 829; 829; 0; 2260; INTERNAL; 800; 828; 28; 156
INTERNAL; 829; 829; 0; 2260; INTERNAL; 800; 828; 28; 154
INTERNAL; 830; 830; 0; 2263; INTERNAL; 829; 829; 0; 3263
INTERNAL; 829; 829; 0; 3263; INTERNAL; 828; 828; 0; 1958
INTERNAL; 828; 828; 0; 1958; INTERNAL; 2; 827; 825; 2240
INTERNAL; 2; 827; 825; 2240; INPUT; 1; 826; 825; 3500
INTERNAL; 2; 827; 825; 2240; INPUT; 1; 826; 825; 3541
INTERNAL; 829; 829; 0; 3263; INTERNAL; 828; 828; 0; 2247
INTERNAL; 829; 829; 0; 3263; INTERNAL; 828; 828; 0; 2253
INTERNAL; 830; 830; 0; 2263; INTERNAL; 829; 829; 0; 3342
INTERNAL; 829; 829; 0; 3342; INTERNAL; 828; 828; 0; 4357
INTERNAL; 831; 831; 0; 2267; INTERNAL; 829; 830; 1; 3614
INTERNAL; 829; 830; 1; 3614; INTERNAL; 801; 829; 28; 152
INTERNAL; 831; 831; 0; 2267; INTERNAL; 830; 830; 0; 4802
INTERNAL; 830; 830; 0; 4802; INTERNAL; 829; 829; 0; 153
INTERNAL; 832; 832; 0; 3313; INTERNAL; 829; 831; 2; 3061
INTERNAL; 829; 831; 2; 3061; INTERNAL; 802; 830; 28; 2206
INTERNAL; 832; 832; 0; 3313; INTERNAL; 829; 831; 2; 3166
INTERNAL; 832; 832; 0; 3313; INTERNAL; 831; 831; 0; 3333
INTERNAL; 831; 831; 0; 3333; INTERNAL; 829; 830; 1; 2434
INTERNAL; 833; 833; 0; 2277; INTERNAL; 832; 832; 0; 2190
INTERNAL; 833; 833; 0; 2277; INTERNAL; 829; 832; 3; 2269
INTERNAL; 829; 832; 3; 2269; INTERNAL; 803; 831; 28; 4418
INTERNAL; 834; 834; 0; 2302; INTERNAL; 833; 833; 0; 2279
INTERNAL; 833; 833; 0; 2279; INTERNAL; 829; 832; 3; 3280
INTERNAL; 834; 834; 0; 2302; INTERNAL; 829; 833; 4; 151
INTERNAL; 834; 834; 0; 2302; INTERNAL; 829; 833; 4; 3484
INTERNAL; 829; 833; 4; 3484; INTERNAL; 804; 832; 28; 1935
INTERNAL; 835; 835; 0; 3512; INTERNAL; 829; 834; 5; 4548
INTERNAL; 829; 834; 5; 4548; INTERNAL; 805; 833; 28; 150
INTERNAL; 835; 835; 0; 3512; INTERNAL; 834; 834; 0; 4804
INTERNAL; 836; 836; 0; 3283; INTERNAL; 829; 835; 6; 4696
INTERNAL; 836; 836; 0; 3283; INTERNAL; 829; 835; 6; 2293
INTERNAL; 829; 835; 6; 2293; INTERNAL; 806; 834; 28; 149
INTERNAL; 836; 836; 0; 3283; INTERNAL; 835; 835; 0; 2581
INTERNAL; 837; 837; 0; 2548; INTERNAL; 836; 836; 0; 2296
INTERNAL; 838; 838; 0; 3501; INTERNAL; 837; 837; 0; 3586
INTERNAL; 838; 838; 0; 3501; INTERNAL; 829; 837; 8; 1861
INTERNAL; 829; 837; 8; 1861; INTERNAL; 808; 836; 28; 4551
INTERNAL; 839; 839; 0; 2314; INTERNAL; 829; 838; 9; 2541
INTERNAL; 829; 838; 9; 2541; INTERNAL; 809; 837; 28; 815
INTERNAL; 839; 839; 0; 2314; INTERNAL; 829; 838; 9; 148
INTERNAL; 839; 839; 0; 2314; INTERNAL; 838; 838; 0; 2305
INTERNAL; 838; 838; 0; 2305; INTERNAL; 829; 837; 8; 3609
INTERNAL; 840; 840; 0; 2319; INTERNAL; 829; 839; 10; 3225
INTERNAL; 829; 839; 10; 3225; INTERNAL; 810; 838; 28; 147
INTERNAL; 840; 840; 0; 2319; INTERNAL; 839; 839; 0; 2313
INTERNAL; 841; 841; 0; 2573; INTERNAL; 840; 840; 0; 2586
INTERNAL; 840; 840; 0; 2586; INTERNAL; 829; 839; 10; 2707
INTERNAL; 842; 842; 0; 2323; INTERNAL; 829; 841; 12; 2999
INTERNAL; 829; 841; 12; 2999; INTERNAL; 812; 840; 28; 145
INTERNAL; 842; 842; 0; 2323; INTERNAL; 841; 841; 0; 2872
INTERNAL; 841; 841; 0; 2872; INTERNAL; 829; 840; 11; 2447
INTERNAL; 843; 843; 0; 2633; INTERNAL; 842; 842; 0; 2324
INTERNAL; 842; 842; 0; 2324; INTERNAL; 829; 841; 12; 4604
INTERNAL; 844; 844; 0; 2335; INTERNAL; 843; 843; 0; 1705
INTERNAL; 843; 843; 0; 1705; INTERNAL; 829; 842; 13; 143
INTERNAL; 845; 845; 0; 3582; INTERNAL; 844; 844; 0; 2339
INTERNAL; 844; 844; 0; 2339; INTERNAL; 829; 843; 14; 140
INTERNAL; 846; 846; 0; 2347; INTERNAL; 829; 845; 16; 138
INTERNAL; 846; 846; 0; 2347; INTERNAL; 845; 845; 0; 3957
INTERNAL; 846; 846; 0; 2347; INTERNAL; 829; 845; 16; 2456
INTERNAL; 829; 845; 16; 2456; INTERNAL; 816; 844; 28; 139
INTERNAL; 847; 847; 0; 2353; INTERNAL; 829; 846; 17; 136
INTERNAL; 847; 847; 0; 2353; INTERNAL; 846; 846; 0; 3173
INTERNAL; 847; 847; 0; 2353; INTERNAL; 829; 846; 17; 2348
INTERNAL; 829; 846; 17; 2348; INTERNAL; 817; 845; 28; 3885
INTERNAL; 848; 848; 0; 2357; INTERNAL; 847; 847; 0; 2350
INTERNAL; 849; 849; 0; 2364; INTERNAL; 848; 848; 0; 2701
INTERNAL; 848; 848; 0; 2701; INTERNAL; 829; 847; 18; 134
INTERNAL; 850; 850; 0; 4370; INTERNAL; 849; 849; 0; 2376
INTERNAL; 849; 849; 0; 2376; INTERNAL; 829; 848; 19; 133
INTERNAL; 851; 851; 0; 2373; INTERNAL; 850; 850; 0; 1891
INTERNAL; 851; 851; 0; 2373; INTERNAL; 829; 850; 21; 586
INTERNAL; 852; 852; 0; 1841; INTERNAL; 851; 851; 0; 3311
INTERNAL; 852; 852; 0; 1841; INTERNAL; 829; 851; 22; 2109
INTERNAL; 852; 852; 0; 1841; INTERNAL; 829; 851; 22; 4332
INTERNAL; 829; 851; 22; 4332; INTERNAL; 822; 850; 28; 132
INTERNAL; 853; 853; 0; 1805; INTERNAL; 852; 852; 0; 2374
INTERNAL; 854; 854; 0; 2391; INTERNAL; 829; 853; 24; 2384
INTERNAL; 829; 853; 24; 2384; INTERNAL; 824; 852; 28; 3496
INTERNAL; 854; 854; 0; 2391; INTERNAL; 853; 853; 0; 2383
INTERNAL; 853; 853; 0; 2383; INTERNAL; 829; 852; 23; 748
INTERNAL; 855; 855; 0; 2398; INTERNAL; 829; 854; 25; 3338
INTERNAL; 829; 854; 25; 3338; INTERNAL; 825; 853; 28; 130
INTERNAL; 855; 855; 0; 2398; INTERNAL; 854; 854; 0; 2397
INTERNAL; 854; 854; 0; 2397; INTERNAL; 829; 853; 24; 131
INTERNAL; 856; 856; 0; 3655; INTERNAL; 829; 855; 26; 3555
INTERNAL; 829; 855; 26; 3555; INTERNAL; 826; 854; 28; 127
INTERNAL; 856; 856; 0; 3655; INTERNAL; 830; 855; 25; 4269
INTERNAL; 830; 855; 25; 4269; INTERNAL; 829; 854; 25; 128
INTERNAL; 830; 855; 25; 4269; INTERNAL; 827; 854; 27; 129
INTERNAL; 856; 856; 0; 3655; INTERNAL; 855; 855; 0; 4219
INTERNAL; 855; 855; 0; 4219; INTERNAL; 829; 854; 25; 4612
INTERNAL; 857; 857; 0; 3771; INTERNAL; 856; 856; 0; 3442
INTERNAL; 856; 856; 0; 3442; INTERNAL; 829; 855; 26; 126
UNKNOWN; -1; -1; -1; -1; OUTPUT; 800; 1010; 210; 945
UNKNOWN; -1; -1; -1; -1; OUTPUT; 140; 1010; 870; 155
UNKNOWN; -1; -1; -1; -1; OUTPUT; 1010; 1010; 0; 1676
OUTPUT; 1010; 1010; 0; 1676; INTERNAL; 1009; 1009; 0; 2873
INTERNAL; 1009; 1009; 0; 2873; INTERNAL; 1008; 1008; 0; 3143
INTERNAL; 1008; 1008; 0; 3143; INTERNAL; 1007; 1007; 0; 4648
INTERNAL; 1007; 1007; 0; 4648; INTERNAL; 948; 974; 26; 3105
INTERNAL; 948; 974; 26; 3105; INTERNAL; 943; 943; 0; 3249
INTERNAL; 943; 943; 0; 3249; INTERNAL; 942; 942; 0; 4574
INTERNAL; 942; 942; 0; 4574; INTERNAL; 917; 941; 24; 2017
INTERNAL; 917; 941; 24; 2017; INTERNAL; 887; 910; 23; 3862
INTERNAL; 887; 910; 23; 3862; INTERNAL; 858; 880; 22; 2684
INTERNAL; 887; 910; 23; 3862; INTERNAL; 881; 909; 28; 108
INTERNAL; 881; 909; 28; 108; INTERNAL; 880; 880; 0; 2824
INTERNAL; 880; 880; 0; 2824; INTERNAL; 879; 879; 0; 2926
INTERNAL; 879; 879; 0; 2926; INTERNAL; 858; 878; 20; 2948
INTERNAL; 858; 878; 20; 2948; INTERNAL; 849; 877; 28; 3731
INTERNAL; 879; 879; 0; 2926; INTERNAL; 878; 878; 0; 3594
INTERNAL; 878; 878; 0; 3594; INTERNAL; 858; 877; 19; 2984
INTERNAL; 878; 878; 0; 3594; INTERNAL; 877; 877; 0; 2050
INTERNAL; 877; 877; 0; 2050; INTERNAL; 858; 876; 18; 3083
INTERNAL; 877; 877; 0; 2050; INTERNAL; 858; 876; 18; 3751
INTERNAL; 858; 876; 18; 3751; INTERNAL; 847; 875; 28; 965
INTERNAL; 877; 877; 0; 2050; INTERNAL; 876; 876; 0; 2793
INTERNAL; 876; 876; 0; 2793; INTERNAL; 858; 875; 17; 3410
INTERNAL; 876; 876; 0; 2793; INTERNAL; 875; 875; 0; 3610
INTERNAL; 875; 875; 0; 3610; INTERNAL; 858; 874; 16; 4293
INTERNAL; 875; 875; 0; 3610; INTERNAL; 858; 874; 16; 4410
INTERNAL; 858; 874; 16; 4410; INTERNAL; 845; 873; 28; 2086
INTERNAL; 875; 875; 0; 3610; INTERNAL; 874; 874; 0; 3211
INTERNAL; 874; 874; 0; 3211; INTERNAL; 858; 873; 15; 3601
INTERNAL; 858; 873; 15; 3601; INTERNAL; 844; 872; 28; 4535
INTERNAL; 874; 874; 0; 3211; INTERNAL; 858; 873; 15; 4166
INTERNAL; 874; 874; 0; 3211; INTERNAL; 873; 873; 0; 2956
INTERNAL; 873; 873; 0; 2956; INTERNAL; 872; 872; 0; 4107
INTERNAL; 872; 872; 0; 4107; INTERNAL; 858; 871; 13; 2611
INTERNAL; 872; 872; 0; 4107; INTERNAL; 871; 871; 0; 2486
INTERNAL; 871; 871; 0; 2486; INTERNAL; 870; 870; 0; 3049
INTERNAL; 870; 870; 0; 3049; INTERNAL; 869; 869; 0; 3127
INTERNAL; 869; 869; 0; 3127; INTERNAL; 868; 868; 0; 2088
INTERNAL; 868; 868; 0; 2088; INTERNAL; 858; 867; 9; 3246
INTERNAL; 868; 868; 0; 2088; INTERNAL; 867; 867; 0; 2136
INTERNAL; 867; 867; 0; 2136; INTERNAL; 866; 866; 0; 2564
INTERNAL; 866; 866; 0; 2564; INTERNAL; 858; 865; 7; 1873
INTERNAL; 866; 866; 0; 2564; INTERNAL; 858; 865; 7; 4581
INTERNAL; 858; 865; 7; 4581; INTERNAL; 836; 864; 28; 1696
INTERNAL; 866; 866; 0; 2564; INTERNAL; 865; 865; 0; 2441
INTERNAL; 865; 865; 0; 2441; INTERNAL; 858; 864; 6; 3573
INTERNAL; 865; 865; 0; 2441; INTERNAL; 858; 864; 6; 3222
INTERNAL; 858; 864; 6; 3222; INTERNAL; 835; 863; 28; 2455
INTERNAL; 865; 865; 0; 2441; INTERNAL; 864; 864; 0; 3646
INTERNAL; 864; 864; 0; 3646; INTERNAL; 863; 863; 0; 2785
INTERNAL; 863; 863; 0; 2785; INTERNAL; 858; 862; 4; 3650
INTERNAL; 858; 862; 4; 3650; INTERNAL; 833; 860; 27; 4868
INTERNAL; 858; 862; 4; 3650; INTERNAL; 833; 860; 27; 1457
INTERNAL; 863; 863; 0; 2785; INTERNAL; 858; 862; 4; 3630
INTERNAL; 858; 862; 4; 3630; INTERNAL; 834; 861; 27; 217
INTERNAL; 863; 863; 0; 2785; INTERNAL; 862; 862; 0; 3427
INTERNAL; 862; 862; 0; 3427; INTERNAL; 858; 861; 3; 3372
INTERNAL; 858; 861; 3; 3372; INTERNAL; 832; 860; 28; 334
INTERNAL; 858; 861; 3; 3372; INTERNAL; 832; 860; 28; 122
INTERNAL; 862; 862; 0; 3427; INTERNAL; 858; 861; 3; 3652
INTERNAL; 862; 862; 0; 3427; INTERNAL; 861; 861; 0; 2969
INTERNAL; 861; 861; 0; 2969; INTERNAL; 858; 860; 2; 4937
INTERNAL; 858; 860; 2; 4937; INTERNAL; 831; 859; 28; 2904
INTERNAL; 858; 860; 2; 4937; INTERNAL; 831; 859; 28; 3388
INTERNAL; 861; 861; 0; 2969; INTERNAL; 858; 860; 2; 2694
INTERNAL; 861; 861; 0; 2969; INTERNAL; 860; 860; 0; 3261
INTERNAL; 860; 860; 0; 3261; INTERNAL; 859; 859; 0; 3894
INTERNAL; 859; 859; 0; 3894; INTERNAL; 858; 858; 0; 3654
INTERNAL; 858; 858; 0; 3654; INTERNAL; 829; 857; 28; 124
INTERNAL; 859; 859; 0; 3894; INTERNAL; 858; 858; 0; 2460
INTERNAL; 858; 858; 0; 2460; INTERNAL; 857; 857; 0; 2602
INTERNAL; 857; 857; 0; 2602; INTERNAL; 2; 856; 854; 3063
INTERNAL; 2; 856; 854; 3063; INPUT; 1; 855; 854; 1879
INTERNAL; 2; 856; 854; 3063; INPUT; 1; 855; 854; 2909
INTERNAL; 858; 858; 0; 2460; INTERNAL; 857; 857; 0; 3557
INTERNAL; 858; 858; 0; 2460; INTERNAL; 857; 857; 0; 2890
INTERNAL; 857; 857; 0; 2890; INTERNAL; 828; 856; 28; 125
INTERNAL; 859; 859; 0; 3894; INTERNAL; 858; 858; 0; 2603
INTERNAL; 860; 860; 0; 3261; INTERNAL; 858; 859; 1; 2625
INTERNAL; 858; 859; 1; 2625; INTERNAL; 830; 858; 28; 4090
INTERNAL; 858; 859; 1; 2625; INTERNAL; 830; 858; 28; 123
INTERNAL; 860; 860; 0; 3261; INTERNAL; 858; 859; 1; 2457
INTERNAL; 864; 864; 0; 3646; INTERNAL; 858; 863; 5; 2682
INTERNAL; 864; 864; 0; 3646; INTERNAL; 858; 863; 5; 2830
INTERNAL; 858; 863; 5; 2830; INTERNAL; 834; 862; 28; 4791
INTERNAL; 867; 867; 0; 2136; INTERNAL; 858; 866; 8; 3641
INTERNAL; 858; 866; 8; 3641; INTERNAL; 837; 865; 28; 121
INTERNAL; 867; 867; 0; 2136; INTERNAL; 858; 866; 8; 3644
INTERNAL; 868; 868; 0; 2088; INTERNAL; 858; 867; 9; 3091
INTERNAL; 858; 867; 9; 3091; INTERNAL; 838; 866; 28; 4048
INTERNAL; 869; 869; 0; 3127; INTERNAL; 858; 868; 10; 3514
INTERNAL; 858; 868; 10; 3514; INTERNAL; 839; 867; 28; 120
INTERNAL; 869; 869; 0; 3127; INTERNAL; 858; 868; 10; 3673
INTERNAL; 870; 870; 0; 3049; INTERNAL; 858; 869; 11; 1767
INTERNAL; 870; 870; 0; 3049; INTERNAL; 858; 869; 11; 4458
INTERNAL; 858; 869; 11; 4458; INTERNAL; 840; 868; 28; 2619
INTERNAL; 871; 871; 0; 2486; INTERNAL; 858; 870; 12; 3688
INTERNAL; 858; 870; 12; 3688; INTERNAL; 841; 869; 28; 119
INTERNAL; 871; 871; 0; 2486; INTERNAL; 858; 870; 12; 4316
INTERNAL; 872; 872; 0; 4107; INTERNAL; 858; 871; 13; 2571
INTERNAL; 858; 871; 13; 2571; INTERNAL; 842; 870; 28; 118
INTERNAL; 873; 873; 0; 2956; INTERNAL; 858; 872; 14; 4781
INTERNAL; 858; 872; 14; 4781; INTERNAL; 843; 871; 28; 846
INTERNAL; 873; 873; 0; 2956; INTERNAL; 858; 872; 14; 1689
INTERNAL; 876; 876; 0; 2793; INTERNAL; 858; 875; 17; 3611
INTERNAL; 858; 875; 17; 3611; INTERNAL; 846; 874; 28; 2508
INTERNAL; 878; 878; 0; 3594; INTERNAL; 858; 877; 19; 3112
INTERNAL; 858; 877; 19; 3112; INTERNAL; 848; 876; 28; 550
INTERNAL; 879; 879; 0; 2926; INTERNAL; 858; 878; 20; 3012
INTERNAL; 880; 880; 0; 2824; INTERNAL; 858; 879; 21; 2668
INTERNAL; 858; 879; 21; 2668; INTERNAL; 850; 878; 28; 798
INTERNAL; 880; 880; 0; 2824; INTERNAL; 858; 879; 21; 3590
INTERNAL; 887; 910; 23; 3862; INTERNAL; 881; 909; 28; 3067
INTERNAL; 887; 910; 23; 3862; INTERNAL; 886; 886; 0; 2412
INTERNAL; 886; 886; 0; 2412; INTERNAL; 885; 885; 0; 3481
INTERNAL; 885; 885; 0; 3481; INTERNAL; 858; 884; 26; 3578
INTERNAL; 885; 885; 0; 3481; INTERNAL; 884; 884; 0; 2545
INTERNAL; 884; 884; 0; 2545; INTERNAL; 858; 883; 25; 4257
INTERNAL; 884; 884; 0; 2545; INTERNAL; 883; 883; 0; 2481
INTERNAL; 883; 883; 0; 2481; INTERNAL; 858; 882; 24; 3576
INTERNAL; 858; 882; 24; 3576; INTERNAL; 853; 881; 28; 2914
INTERNAL; 883; 883; 0; 2481; INTERNAL; 858; 882; 24; 2729
INTERNAL; 883; 883; 0; 2481; INTERNAL; 882; 882; 0; 2733
INTERNAL; 882; 882; 0; 2733; INTERNAL; 881; 881; 0; 1984
INTERNAL; 881; 881; 0; 1984; INTERNAL; 858; 880; 22; 3676
INTERNAL; 858; 880; 22; 3676; INTERNAL; 851; 879; 28; 2359
INTERNAL; 882; 882; 0; 2733; INTERNAL; 858; 881; 23; 3579
INTERNAL; 858; 881; 23; 3579; INTERNAL; 852; 880; 28; 117
INTERNAL; 882; 882; 0; 2733; INTERNAL; 858; 881; 23; 3195
INTERNAL; 884; 884; 0; 2545; INTERNAL; 858; 883; 25; 3400
INTERNAL; 858; 883; 25; 3400; INTERNAL; 854; 882; 28; 116
INTERNAL; 885; 885; 0; 3481; INTERNAL; 859; 884; 25; 2281
INTERNAL; 859; 884; 25; 2281; INTERNAL; 858; 883; 25; 114
INTERNAL; 859; 884; 25; 2281; INTERNAL; 856; 883; 27; 115
INTERNAL; 885; 885; 0; 3481; INTERNAL; 858; 884; 26; 3149
INTERNAL; 858; 884; 26; 3149; INTERNAL; 855; 883; 28; 142
INTERNAL; 886; 886; 0; 2412; INTERNAL; 885; 885; 0; 1669
INTERNAL; 886; 886; 0; 2412; INTERNAL; 858; 885; 27; 3146
INTERNAL; 917; 941; 24; 2017; INTERNAL; 916; 916; 0; 1732
INTERNAL; 916; 916; 0; 1732; INTERNAL; 915; 915; 0; 3387
INTERNAL; 915; 915; 0; 3387; INTERNAL; 887; 914; 27; 2500
INTERNAL; 887; 914; 27; 2500; INTERNAL; 885; 912; 27; 104
INTERNAL; 887; 914; 27; 2500; INTERNAL; 885; 912; 27; 208
INTERNAL; 915; 915; 0; 3387; INTERNAL; 888; 914; 26; 3115
INTERNAL; 888; 914; 26; 3115; INTERNAL; 887; 913; 26; 4297
INTERNAL; 888; 914; 26; 3115; INTERNAL; 885; 913; 28; 105
INTERNAL; 915; 915; 0; 3387; INTERNAL; 914; 914; 0; 2379
INTERNAL; 914; 914; 0; 2379; INTERNAL; 887; 913; 26; 3370
INTERNAL; 887; 913; 26; 3370; INTERNAL; 884; 912; 28; 106
INTERNAL; 887; 913; 26; 3370; INTERNAL; 884; 912; 28; 2393
INTERNAL; 914; 914; 0; 2379; INTERNAL; 887; 913; 26; 2842
INTERNAL; 887; 913; 26; 2842; INTERNAL; 883; 911; 28; 107
INTERNAL; 887; 913; 26; 2842; INTERNAL; 883; 911; 28; 2320
INTERNAL; 914; 914; 0; 2379; INTERNAL; 913; 913; 0; 2928
INTERNAL; 913; 913; 0; 2928; INTERNAL; 912; 912; 0; 3471
INTERNAL; 912; 912; 0; 3471; INTERNAL; 911; 911; 0; 2355
INTERNAL; 911; 911; 0; 2355; INTERNAL; 910; 910; 0; 3474
INTERNAL; 910; 910; 0; 3474; INTERNAL; 909; 909; 0; 3068
INTERNAL; 909; 909; 0; 3068; INTERNAL; 908; 908; 0; 2717
INTERNAL; 908; 908; 0; 2717; INTERNAL; 887; 907; 20; 3423
INTERNAL; 887; 907; 20; 3423; INTERNAL; 877; 905; 28; 111
INTERNAL; 887; 907; 20; 3423; INTERNAL; 877; 905; 28; 110
INTERNAL; 908; 908; 0; 2717; INTERNAL; 887; 907; 20; 2505
INTERNAL; 908; 908; 0; 2717; INTERNAL; 907; 907; 0; 3415
INTERNAL; 907; 907; 0; 3415; INTERNAL; 887; 906; 19; 3441
INTERNAL; 907; 907; 0; 3415; INTERNAL; 906; 906; 0; 3122
INTERNAL; 906; 906; 0; 3122; INTERNAL; 887; 905; 18; 3176
INTERNAL; 906; 906; 0; 3122; INTERNAL; 905; 905; 0; 3309
INTERNAL; 905; 905; 0; 3309; INTERNAL; 904; 904; 0; 3988
INTERNAL; 904; 904; 0; 3988; INTERNAL; 903; 903; 0; 3587
INTERNAL; 903; 903; 0; 3587; INTERNAL; 887; 902; 15; 2315
INTERNAL; 903; 903; 0; 3587; INTERNAL; 887; 902; 15; 3169
INTERNAL; 903; 903; 0; 3587; INTERNAL; 902; 902; 0; 3449
INTERNAL; 902; 902; 0; 3449; INTERNAL; 887; 901; 14; 3170
INTERNAL; 902; 902; 0; 3449; INTERNAL; 901; 901; 0; 3452
INTERNAL; 901; 901; 0; 3452; INTERNAL; 900; 900; 0; 1948
INTERNAL; 900; 900; 0; 1948; INTERNAL; 899; 899; 0; 4746
INTERNAL; 899; 899; 0; 4746; INTERNAL; 887; 898; 11; 2989
INTERNAL; 899; 899; 0; 4746; INTERNAL; 898; 898; 0; 4659
INTERNAL; 898; 898; 0; 4659; INTERNAL; 887; 897; 10; 4493
INTERNAL; 898; 898; 0; 4659; INTERNAL; 897; 897; 0; 3384
INTERNAL; 897; 897; 0; 3384; INTERNAL; 896; 896; 0; 2345
INTERNAL; 896; 896; 0; 2345; INTERNAL; 887; 895; 8; 4113
INTERNAL; 887; 895; 8; 4113; INTERNAL; 865; 893; 28; 946
INTERNAL; 887; 895; 8; 4113; INTERNAL; 865; 893; 28; 164
INTERNAL; 896; 896; 0; 2345; INTERNAL; 895; 895; 0; 2023
INTERNAL; 895; 895; 0; 2023; INTERNAL; 887; 894; 7; 3407
INTERNAL; 895; 895; 0; 2023; INTERNAL; 887; 894; 7; 3498
INTERNAL; 895; 895; 0; 2023; INTERNAL; 894; 894; 0; 3495
INTERNAL; 894; 894; 0; 3495; INTERNAL; 893; 893; 0; 4070
INTERNAL; 893; 893; 0; 4070; INTERNAL; 892; 892; 0; 3524
INTERNAL; 892; 892; 0; 3524; INTERNAL; 887; 891; 4; 3527
INTERNAL; 892; 892; 0; 3524; INTERNAL; 891; 891; 0; 2874
INTERNAL; 891; 891; 0; 2874; INTERNAL; 887; 890; 3; 1986
INTERNAL; 891; 891; 0; 2874; INTERNAL; 887; 890; 3; 1867
INTERNAL; 891; 891; 0; 2874; INTERNAL; 890; 890; 0; 3535
INTERNAL; 890; 890; 0; 3535; INTERNAL; 887; 889; 2; 3543
INTERNAL; 890; 890; 0; 3535; INTERNAL; 887; 889; 2; 3177
INTERNAL; 890; 890; 0; 3535; INTERNAL; 889; 889; 0; 4277
INTERNAL; 889; 889; 0; 4277; INTERNAL; 887; 888; 1; 3144
INTERNAL; 889; 889; 0; 4277; INTERNAL; 887; 888; 1; 3546
INTERNAL; 889; 889; 0; 4277; INTERNAL; 888; 888; 0; 2988
INTERNAL; 888; 888; 0; 2988; INTERNAL; 887; 887; 0; 3425
INTERNAL; 888; 888; 0; 2988; INTERNAL; 887; 887; 0; 4538
INTERNAL; 888; 888; 0; 2988; INTERNAL; 887; 887; 0; 3550
INTERNAL; 887; 887; 0; 3550; INTERNAL; 886; 886; 0; 2660
INTERNAL; 887; 887; 0; 3550; INTERNAL; 886; 886; 0; 2743
INTERNAL; 887; 887; 0; 3550; INTERNAL; 886; 886; 0; 4146
INTERNAL; 886; 886; 0; 4146; INTERNAL; 2; 885; 883; 3563
INTERNAL; 2; 885; 883; 3563; INPUT; 1; 884; 883; 564
INTERNAL; 2; 885; 883; 3563; INPUT; 1; 884; 883; 3402
INTERNAL; 892; 892; 0; 3524; INTERNAL; 887; 891; 4; 3235
INTERNAL; 893; 893; 0; 4070; INTERNAL; 887; 892; 5; 2588
INTERNAL; 893; 893; 0; 4070; INTERNAL; 887; 892; 5; 3168
INTERNAL; 894; 894; 0; 3495; INTERNAL; 893; 893; 0; 3499
INTERNAL; 894; 894; 0; 3495; INTERNAL; 887; 893; 6; 3506
INTERNAL; 894; 894; 0; 3495; INTERNAL; 887; 893; 6; 3468
INTERNAL; 896; 896; 0; 2345; INTERNAL; 887; 895; 8; 4066
INTERNAL; 897; 897; 0; 3384; INTERNAL; 887; 896; 9; 2901
INTERNAL; 897; 897; 0; 3384; INTERNAL; 887; 896; 9; 4856
INTERNAL; 887; 896; 9; 4856; INTERNAL; 867; 895; 28; 4150
INTERNAL; 887; 896; 9; 4856; INTERNAL; 867; 895; 28; 113
INTERNAL; 898; 898; 0; 4659; INTERNAL; 887; 897; 10; 3480
INTERNAL; 899; 899; 0; 4746; INTERNAL; 887; 898; 11; 2430
INTERNAL; 887; 898; 11; 2430; INTERNAL; 869; 897; 28; 719
INTERNAL; 887; 898; 11; 2430; INTERNAL; 869; 897; 28; 1020
INTERNAL; 900; 900; 0; 1948; INTERNAL; 887; 899; 12; 3463
INTERNAL; 900; 900; 0; 1948; INTERNAL; 887; 899; 12; 3761
INTERNAL; 901; 901; 0; 3452; INTERNAL; 887; 900; 13; 3390
INTERNAL; 901; 901; 0; 3452; INTERNAL; 887; 900; 13; 3684
INTERNAL; 902; 902; 0; 3449; INTERNAL; 901; 901; 0; 2745
INTERNAL; 902; 902; 0; 3449; INTERNAL; 887; 901; 14; 3148
INTERNAL; 904; 904; 0; 3988; INTERNAL; 887; 903; 16; 3482
INTERNAL; 904; 904; 0; 3988; INTERNAL; 887; 903; 16; 2440
INTERNAL; 904; 904; 0; 3988; INTERNAL; 903; 903; 0; 4563
INTERNAL; 905; 905; 0; 3309; INTERNAL; 887; 904; 17; 3192
INTERNAL; 905; 905; 0; 3309; INTERNAL; 887; 904; 17; 4327
INTERNAL; 887; 904; 17; 4327; INTERNAL; 875; 903; 28; 112
INTERNAL; 887; 904; 17; 4327; INTERNAL; 875; 903; 28; 1006
INTERNAL; 906; 906; 0; 3122; INTERNAL; 887; 905; 18; 4624
INTERNAL; 906; 906; 0; 3122; INTERNAL; 905; 905; 0; 2598
INTERNAL; 907; 907; 0; 3415; INTERNAL; 887; 906; 19; 3299
INTERNAL; 908; 908; 0; 2717; INTERNAL; 907; 907; 0; 3432
INTERNAL; 909; 909; 0; 3068; INTERNAL; 887; 908; 21; 4967
INTERNAL; 909; 909; 0; 3068; INTERNAL; 887; 908; 21; 3003
INTERNAL; 887; 908; 21; 3003; INTERNAL; 879; 907; 28; 1650
INTERNAL; 887; 908; 21; 3003; INTERNAL; 879; 907; 28; 2725
INTERNAL; 910; 910; 0; 3474; INTERNAL; 887; 909; 22; 2504
INTERNAL; 910; 910; 0; 3474; INTERNAL; 887; 909; 22; 3420
INTERNAL; 911; 911; 0; 2355; INTERNAL; 887; 910; 23; 3416
INTERNAL; 912; 912; 0; 3471; INTERNAL; 887; 911; 24; 2507
INTERNAL; 912; 912; 0; 3471; INTERNAL; 887; 911; 24; 2575
INTERNAL; 912; 912; 0; 3471; INTERNAL; 911; 911; 0; 2584
INTERNAL; 913; 913; 0; 2928; INTERNAL; 887; 912; 25; 2963
INTERNAL; 913; 913; 0; 2928; INTERNAL; 887; 912; 25; 2417
INTERNAL; 915; 915; 0; 3387; INTERNAL; 887; 914; 27; 4543
INTERNAL; 916; 916; 0; 1732; INTERNAL; 887; 915; 28; 2847
INTERNAL; 916; 916; 0; 1732; INTERNAL; 915; 915; 0; 3399
INTERNAL; 917; 941; 24; 2017; INTERNAL; 911; 940; 29; 2718
INTERNAL; 917; 941; 24; 2017; INTERNAL; 912; 940; 28; 4198
INTERNAL; 912; 940; 28; 4198; INTERNAL; 911; 939; 28; 78
INTERNAL; 942; 942; 0; 4574; INTERNAL; 941; 941; 0; 4715
INTERNAL; 941; 941; 0; 4715; INTERNAL; 940; 940; 0; 3199
INTERNAL; 940; 940; 0; 3199; INTERNAL; 939; 939; 0; 2490
INTERNAL; 939; 939; 0; 2490; INTERNAL; 917; 938; 21; 2669
INTERNAL; 939; 939; 0; 2490; INTERNAL; 938; 938; 0; 2770
INTERNAL; 938; 938; 0; 2770; INTERNAL; 917; 937; 20; 2616
INTERNAL; 917; 937; 20; 2616; INTERNAL; 907; 936; 29; 1391
INTERNAL; 917; 937; 20; 2616; INTERNAL; 907; 936; 29; 84
INTERNAL; 938; 938; 0; 2770; INTERNAL; 937; 937; 0; 2607
INTERNAL; 937; 937; 0; 2607; INTERNAL; 917; 936; 19; 3274
INTERNAL; 937; 937; 0; 2607; INTERNAL; 936; 936; 0; 2271
INTERNAL; 936; 936; 0; 2271; INTERNAL; 935; 935; 0; 2760
INTERNAL; 935; 935; 0; 2760; INTERNAL; 934; 934; 0; 3291
INTERNAL; 934; 934; 0; 3291; INTERNAL; 933; 933; 0; 2681
INTERNAL; 933; 933; 0; 2681; INTERNAL; 932; 932; 0; 2970
INTERNAL; 932; 932; 0; 2970; INTERNAL; 917; 931; 14; 4945
INTERNAL; 917; 931; 14; 4945; INTERNAL; 901; 930; 29; 89
INTERNAL; 917; 931; 14; 4945; INTERNAL; 901; 930; 29; 90
INTERNAL; 932; 932; 0; 2970; INTERNAL; 931; 931; 0; 3316
INTERNAL; 931; 931; 0; 3316; INTERNAL; 930; 930; 0; 3324
INTERNAL; 930; 930; 0; 3324; INTERNAL; 917; 929; 12; 2454
INTERNAL; 917; 929; 12; 2454; INTERNAL; 899; 928; 29; 1487
INTERNAL; 917; 929; 12; 2454; INTERNAL; 899; 928; 29; 91
INTERNAL; 930; 930; 0; 3324; INTERNAL; 929; 929; 0; 3183
INTERNAL; 929; 929; 0; 3183; INTERNAL; 928; 928; 0; 3296
INTERNAL; 928; 928; 0; 3296; INTERNAL; 927; 927; 0; 3931
INTERNAL; 927; 927; 0; 3931; INTERNAL; 926; 926; 0; 2933
INTERNAL; 926; 926; 0; 2933; INTERNAL; 925; 925; 0; 2472
INTERNAL; 925; 925; 0; 2472; INTERNAL; 917; 924; 7; 3345
INTERNAL; 917; 924; 7; 3345; INTERNAL; 895; 923; 28; 93
INTERNAL; 895; 923; 28; 93; INTERNAL; 893; 922; 29; 97
INTERNAL; 895; 923; 28; 93; INTERNAL; 894; 922; 28; 94
INTERNAL; 894; 922; 28; 94; INTERNAL; 893; 921; 28; 96
INTERNAL; 925; 925; 0; 2472; INTERNAL; 924; 924; 0; 4842
INTERNAL; 924; 924; 0; 4842; INTERNAL; 917; 923; 6; 3106
INTERNAL; 924; 924; 0; 4842; INTERNAL; 917; 923; 6; 95
INTERNAL; 924; 924; 0; 4842; INTERNAL; 923; 923; 0; 2475
INTERNAL; 923; 923; 0; 2475; INTERNAL; 917; 922; 5; 3351
INTERNAL; 923; 923; 0; 2475; INTERNAL; 922; 922; 0; 2462
INTERNAL; 922; 922; 0; 2462; INTERNAL; 917; 921; 4; 2474
INTERNAL; 922; 922; 0; 2462; INTERNAL; 921; 921; 0; 3189
INTERNAL; 921; 921; 0; 3189; INTERNAL; 920; 920; 0; 3413
INTERNAL; 920; 920; 0; 3413; INTERNAL; 919; 919; 0; 3118
INTERNAL; 919; 919; 0; 3118; INTERNAL; 917; 918; 1; 3269
INTERNAL; 919; 919; 0; 3118; INTERNAL; 918; 918; 0; 3662
INTERNAL; 918; 918; 0; 3662; INTERNAL; 917; 917; 0; 3373
INTERNAL; 917; 917; 0; 3373; INTERNAL; 916; 916; 0; 3522
INTERNAL; 917; 917; 0; 3373; INTERNAL; 916; 916; 0; 3935
INTERNAL; 916; 916; 0; 3935; INTERNAL; 2; 915; 913; 2925
INTERNAL; 2; 915; 913; 2925; INPUT; 1; 914; 913; 2403
INTERNAL; 2; 915; 913; 2925; INPUT; 1; 914; 913; 103
INTERNAL; 918; 918; 0; 3662; INTERNAL; 917; 917; 0; 2936
INTERNAL; 917; 917; 0; 2936; INTERNAL; 887; 916; 29; 3081
INTERNAL; 918; 918; 0; 3662; INTERNAL; 917; 917; 0; 4026
INTERNAL; 918; 918; 0; 3662; INTERNAL; 917; 917; 0; 3371
INTERNAL; 917; 917; 0; 3371; INTERNAL; 916; 916; 0; 102
INTERNAL; 919; 919; 0; 3118; INTERNAL; 917; 918; 1; 101
INTERNAL; 919; 919; 0; 3118; INTERNAL; 918; 918; 0; 2966
INTERNAL; 920; 920; 0; 3413; INTERNAL; 919; 919; 0; 2516
INTERNAL; 920; 920; 0; 3413; INTERNAL; 917; 919; 2; 2816
INTERNAL; 921; 921; 0; 3189; INTERNAL; 917; 920; 3; 3355
INTERNAL; 921; 921; 0; 3189; INTERNAL; 920; 920; 0; 3440
INTERNAL; 920; 920; 0; 3440; INTERNAL; 917; 919; 2; 3443
INTERNAL; 922; 922; 0; 2462; INTERNAL; 921; 921; 0; 2599
INTERNAL; 921; 921; 0; 2599; INTERNAL; 917; 920; 3; 99
INTERNAL; 923; 923; 0; 2475; INTERNAL; 922; 922; 0; 1847
INTERNAL; 922; 922; 0; 1847; INTERNAL; 917; 921; 4; 98
INTERNAL; 924; 924; 0; 4842; INTERNAL; 923; 923; 0; 4205
INTERNAL; 923; 923; 0; 4205; INTERNAL; 917; 922; 5; 137
INTERNAL; 925; 925; 0; 2472; INTERNAL; 917; 924; 7; 3948
INTERNAL; 925; 925; 0; 2472; INTERNAL; 924; 924; 0; 3161
INTERNAL; 926; 926; 0; 2933; INTERNAL; 917; 925; 8; 3240
INTERNAL; 926; 926; 0; 2933; INTERNAL; 925; 925; 0; 2173
INTERNAL; 927; 927; 0; 3931; INTERNAL; 926; 926; 0; 4668
INTERNAL; 926; 926; 0; 4668; INTERNAL; 917; 925; 8; 3028
INTERNAL; 927; 927; 0; 3931; INTERNAL; 917; 926; 9; 4415
INTERNAL; 928; 928; 0; 3296; INTERNAL; 927; 927; 0; 3341
INTERNAL; 927; 927; 0; 3341; INTERNAL; 917; 926; 9; 1567
INTERNAL; 928; 928; 0; 3296; INTERNAL; 917; 927; 10; 92
INTERNAL; 928; 928; 0; 3296; INTERNAL; 917; 927; 10; 3460
INTERNAL; 929; 929; 0; 3183; INTERNAL; 917; 928; 11; 2325
INTERNAL; 929; 929; 0; 3183; INTERNAL; 928; 928; 0; 2728
INTERNAL; 929; 929; 0; 3183; INTERNAL; 917; 928; 11; 3810
INTERNAL; 930; 930; 0; 3324; INTERNAL; 929; 929; 0; 3232
INTERNAL; 930; 930; 0; 3324; INTERNAL; 917; 929; 12; 4614
INTERNAL; 931; 931; 0; 3316; INTERNAL; 930; 930; 0; 2839
INTERNAL; 931; 931; 0; 3316; INTERNAL; 917; 930; 13; 4032
INTERNAL; 932; 932; 0; 2970; INTERNAL; 931; 931; 0; 4470
INTERNAL; 931; 931; 0; 4470; INTERNAL; 917; 930; 13; 2461
INTERNAL; 933; 933; 0; 2681; INTERNAL; 917; 932; 15; 2563
INTERNAL; 933; 933; 0; 2681; INTERNAL; 932; 932; 0; 3305
INTERNAL; 932; 932; 0; 3305; INTERNAL; 917; 931; 14; 88
INTERNAL; 934; 934; 0; 3291; INTERNAL; 933; 933; 0; 2779
INTERNAL; 933; 933; 0; 2779; INTERNAL; 917; 932; 15; 2676
INTERNAL; 934; 934; 0; 3291; INTERNAL; 917; 933; 16; 4489
INTERNAL; 917; 933; 16; 4489; INTERNAL; 903; 932; 29; 87
INTERNAL; 917; 933; 16; 4489; INTERNAL; 903; 932; 29; 2781
INTERNAL; 935; 935; 0; 2760; INTERNAL; 917; 934; 17; 3121
INTERNAL; 935; 935; 0; 2760; INTERNAL; 934; 934; 0; 2552
INTERNAL; 934; 934; 0; 2552; INTERNAL; 917; 933; 16; 86
INTERNAL; 936; 936; 0; 2271; INTERNAL; 935; 935; 0; 3284
INTERNAL; 935; 935; 0; 3284; INTERNAL; 917; 934; 17; 4232
INTERNAL; 936; 936; 0; 2271; INTERNAL; 917; 935; 18; 3282
INTERNAL; 917; 935; 18; 3282; INTERNAL; 905; 934; 29; 3865
INTERNAL; 917; 935; 18; 3282; INTERNAL; 905; 934; 29; 85
INTERNAL; 936; 936; 0; 2271; INTERNAL; 917; 935; 18; 491
INTERNAL; 937; 937; 0; 2607; INTERNAL; 936; 936; 0; 3279
INTERNAL; 937; 937; 0; 2607; INTERNAL; 917; 936; 19; 2294
INTERNAL; 938; 938; 0; 2770; INTERNAL; 917; 937; 20; 2387
INTERNAL; 938; 938; 0; 2770; INTERNAL; 937; 937; 0; 3055
INTERNAL; 939; 939; 0; 2490; INTERNAL; 938; 938; 0; 2976
INTERNAL; 940; 940; 0; 3199; INTERNAL; 917; 939; 22; 3570
INTERNAL; 917; 939; 22; 3570; INTERNAL; 909; 938; 29; 82
INTERNAL; 917; 939; 22; 3570; INTERNAL; 909; 938; 29; 83
INTERNAL; 940; 940; 0; 3199; INTERNAL; 917; 939; 22; 81
INTERNAL; 940; 940; 0; 3199; INTERNAL; 939; 939; 0; 2711
INTERNAL; 939; 939; 0; 2711; INTERNAL; 917; 938; 21; 2525
INTERNAL; 941; 941; 0; 4715; INTERNAL; 917; 940; 23; 3266
INTERNAL; 917; 940; 23; 3266; INTERNAL; 910; 939; 29; 2133
INTERNAL; 917; 940; 23; 3266; INTERNAL; 910; 939; 29; 80
INTERNAL; 941; 941; 0; 4715; INTERNAL; 940; 940; 0; 2778
INTERNAL; 941; 941; 0; 4715; INTERNAL; 917; 940; 23; 79
INTERNAL; 942; 942; 0; 4574; INTERNAL; 917; 941; 24; 2955
INTERNAL; 942; 942; 0; 4574; INTERNAL; 941; 941; 0; 3072
INTERNAL; 943; 943; 0; 3249; INTERNAL; 917; 942; 25; 3293
INTERNAL; 917; 942; 25; 3293; INTERNAL; 913; 941; 28; 1332
INTERNAL; 943; 943; 0; 3249; INTERNAL; 917; 942; 25; 77
INTERNAL; 943; 943; 0; 3249; INTERNAL; 942; 942; 0; 3636
INTERNAL; 948; 974; 26; 3105; INTERNAL; 917; 943; 26; 3242
INTERNAL; 917; 943; 26; 3242; INTERNAL; 913; 942; 29; 3302
INTERNAL; 917; 943; 26; 3242; INTERNAL; 913; 942; 29; 76
INTERNAL; 948; 974; 26; 3105; INTERNAL; 943; 943; 0; 3253
INTERNAL; 948; 974; 26; 3105; INTERNAL; 947; 947; 0; 71
INTERNAL; 947; 947; 0; 71; INTERNAL; 946; 946; 0; 2978
INTERNAL; 946; 946; 0; 2978; INTERNAL; 945; 945; 0; 4304
INTERNAL; 945; 945; 0; 4304; INTERNAL; 917; 944; 27; 4717
INTERNAL; 917; 944; 27; 4717; INTERNAL; 914; 943; 29; 3647
INTERNAL; 917; 944; 27; 4717; INTERNAL; 914; 943; 29; 4276
INTERNAL; 945; 945; 0; 4304; INTERNAL; 917; 944; 27; 75
INTERNAL; 945; 945; 0; 4304; INTERNAL; 944; 944; 0; 1816
INTERNAL; 945; 945; 0; 4304; INTERNAL; 944; 944; 0; 4419
INTERNAL; 944; 944; 0; 4419; INTERNAL; 917; 943; 26; 1725
INTERNAL; 946; 946; 0; 2978; INTERNAL; 917; 945; 28; 2484
INTERNAL; 917; 945; 28; 2484; INTERNAL; 915; 943; 28; 1515
INTERNAL; 917; 945; 28; 2484; INTERNAL; 915; 943; 28; 4417
INTERNAL; 946; 946; 0; 2978; INTERNAL; 918; 945; 27; 3953
INTERNAL; 918; 945; 27; 3953; INTERNAL; 917; 944; 27; 74
INTERNAL; 918; 945; 27; 3953; INTERNAL; 915; 944; 29; 1728
INTERNAL; 946; 946; 0; 2978; INTERNAL; 945; 945; 0; 1911
INTERNAL; 947; 947; 0; 71; INTERNAL; 946; 946; 0; 3439
INTERNAL; 946; 946; 0; 3439; INTERNAL; 917; 945; 28; 73
INTERNAL; 1007; 1007; 0; 4648; INTERNAL; 979; 1006; 27; 2919
INTERNAL; 979; 1006; 27; 2919; INTERNAL; 974; 974; 0; 4602
INTERNAL; 974; 974; 0; 4602; INTERNAL; 973; 973; 0; 2502
INTERNAL; 973; 973; 0; 2502; INTERNAL; 972; 972; 0; 2696
INTERNAL; 972; 972; 0; 2696; INTERNAL; 948; 971; 23; 2549
INTERNAL; 948; 971; 23; 2549; INTERNAL; 941; 970; 29; 2150
INTERNAL; 941; 970; 29; 2150; INTERNAL; 940; 969; 29; 3181
INTERNAL; 941; 970; 29; 2150; INTERNAL; 940; 969; 29; 109
INTERNAL; 972; 972; 0; 2696; INTERNAL; 971; 971; 0; 3698
INTERNAL; 971; 971; 0; 3698; INTERNAL; 948; 970; 22; 2990
INTERNAL; 948; 970; 22; 2990; INTERNAL; 939; 969; 30; 625
INTERNAL; 971; 971; 0; 3698; INTERNAL; 948; 970; 22; 47
INTERNAL; 971; 971; 0; 3698; INTERNAL; 970; 970; 0; 3548
INTERNAL; 970; 970; 0; 3548; INTERNAL; 948; 969; 21; 507
INTERNAL; 970; 970; 0; 3548; INTERNAL; 969; 969; 0; 1749
INTERNAL; 969; 969; 0; 1749; INTERNAL; 948; 968; 20; 50
INTERNAL; 948; 968; 20; 50; INTERNAL; 938; 967; 29; 510
INTERNAL; 948; 968; 20; 50; INTERNAL; 938; 967; 29; 49
INTERNAL; 969; 969; 0; 1749; INTERNAL; 968; 968; 0; 2483
INTERNAL; 968; 968; 0; 2483; INTERNAL; 967; 967; 0; 2533
INTERNAL; 967; 967; 0; 2533; INTERNAL; 948; 966; 18; 2992
INTERNAL; 948; 966; 18; 2992; INTERNAL; 935; 965; 30; 3378
INTERNAL; 967; 967; 0; 2533; INTERNAL; 966; 966; 0; 2514
INTERNAL; 966; 966; 0; 2514; INTERNAL; 948; 965; 17; 2513
INTERNAL; 948; 965; 17; 2513; INTERNAL; 935; 964; 29; 1803
INTERNAL; 935; 964; 29; 1803; INTERNAL; 934; 963; 29; 53
INTERNAL; 935; 964; 29; 1803; INTERNAL; 934; 963; 29; 1377
INTERNAL; 966; 966; 0; 2514; INTERNAL; 965; 965; 0; 3064
INTERNAL; 965; 965; 0; 3064; INTERNAL; 964; 964; 0; 2471
INTERNAL; 964; 964; 0; 2471; INTERNAL; 963; 963; 0; 2244
INTERNAL; 963; 963; 0; 2244; INTERNAL; 962; 962; 0; 2949
INTERNAL; 962; 962; 0; 2949; INTERNAL; 961; 961; 0; 2867
INTERNAL; 961; 961; 0; 2867; INTERNAL; 948; 960; 12; 3492
INTERNAL; 961; 961; 0; 2867; INTERNAL; 960; 960; 0; 2788
INTERNAL; 960; 960; 0; 2788; INTERNAL; 959; 959; 0; 3016
INTERNAL; 959; 959; 0; 3016; INTERNAL; 958; 958; 0; 2272
INTERNAL; 958; 958; 0; 2272; INTERNAL; 948; 957; 9; 2477
INTERNAL; 948; 957; 9; 2477; INTERNAL; 927; 956; 29; 3640
INTERNAL; 927; 956; 29; 3640; INTERNAL; 926; 955; 29; 468
INTERNAL; 927; 956; 29; 3640; INTERNAL; 926; 955; 29; 2215
INTERNAL; 958; 958; 0; 2272; INTERNAL; 948; 957; 9; 2264
INTERNAL; 958; 958; 0; 2272; INTERNAL; 957; 957; 0; 3212
INTERNAL; 957; 957; 0; 3212; INTERNAL; 948; 956; 8; 64
INTERNAL; 957; 957; 0; 3212; INTERNAL; 948; 956; 8; 3268
INTERNAL; 948; 956; 8; 3268; INTERNAL; 925; 955; 30; 2811
INTERNAL; 957; 957; 0; 3212; INTERNAL; 956; 956; 0; 4240
INTERNAL; 956; 956; 0; 4240; INTERNAL; 955; 955; 0; 2544
INTERNAL; 955; 955; 0; 2544; INTERNAL; 948; 954; 6; 302
INTERNAL; 955; 955; 0; 2544; INTERNAL; 948; 954; 6; 3596
INTERNAL; 948; 954; 6; 3596; INTERNAL; 923; 953; 30; 3504
INTERNAL; 955; 955; 0; 2544; INTERNAL; 954; 954; 0; 3219
INTERNAL; 954; 954; 0; 3219; INTERNAL; 953; 953; 0; 2585
INTERNAL; 953; 953; 0; 2585; INTERNAL; 952; 952; 0; 4808
INTERNAL; 952; 952; 0; 4808; INTERNAL; 951; 951; 0; 2216
INTERNAL; 951; 951; 0; 2216; INTERNAL; 950; 950; 0; 2423
INTERNAL; 950; 950; 0; 2423; INTERNAL; 949; 949; 0; 3130
INTERNAL; 949; 949; 0; 3130; INTERNAL; 948; 948; 0; 3562
INTERNAL; 948; 948; 0; 3562; INTERNAL; 947; 947; 0; 4076
INTERNAL; 947; 947; 0; 4076; INTERNAL; 2; 946; 944; 2632
INTERNAL; 2; 946; 944; 2632; INPUT; 1; 945; 944; 72
INTERNAL; 2; 946; 944; 2632; INPUT; 1; 945; 944; 2473
INTERNAL; 948; 948; 0; 3562; INTERNAL; 947; 947; 0; 2406
INTERNAL; 948; 948; 0; 3562; INTERNAL; 947; 947; 0; 2888
INTERNAL; 949; 949; 0; 3130; INTERNAL; 948; 948; 0; 2318
INTERNAL; 948; 948; 0; 2318; INTERNAL; 917; 947; 30; 1360
INTERNAL; 948; 948; 0; 2318; INTERNAL; 917; 947; 30; 3092
INTERNAL; 949; 949; 0; 3130; INTERNAL; 948; 948; 0; 3135
INTERNAL; 948; 948; 0; 3135; INTERNAL; 947; 947; 0; 2692
INTERNAL; 950; 950; 0; 2423; INTERNAL; 948; 949; 1; 3556
INTERNAL; 948; 949; 1; 3556; INTERNAL; 918; 948; 30; 70
INTERNAL; 950; 950; 0; 2423; INTERNAL; 949; 949; 0; 2790
INTERNAL; 949; 949; 0; 2790; INTERNAL; 948; 948; 0; 522
INTERNAL; 951; 951; 0; 2216; INTERNAL; 950; 950; 0; 2433
INTERNAL; 950; 950; 0; 2433; INTERNAL; 948; 949; 1; 3032
INTERNAL; 951; 951; 0; 2216; INTERNAL; 948; 950; 2; 4300
INTERNAL; 948; 950; 2; 4300; INTERNAL; 919; 949; 30; 3627
INTERNAL; 951; 951; 0; 2216; INTERNAL; 948; 950; 2; 1858
INTERNAL; 952; 952; 0; 4808; INTERNAL; 948; 951; 3; 2767
INTERNAL; 948; 951; 3; 2767; INTERNAL; 920; 950; 30; 69
INTERNAL; 952; 952; 0; 4808; INTERNAL; 951; 951; 0; 2567
INTERNAL; 953; 953; 0; 2585; INTERNAL; 948; 952; 4; 2656
INTERNAL; 948; 952; 4; 2656; INTERNAL; 921; 951; 30; 68
INTERNAL; 953; 953; 0; 2585; INTERNAL; 952; 952; 0; 2448
INTERNAL; 952; 952; 0; 2448; INTERNAL; 948; 951; 3; 2953
INTERNAL; 954; 954; 0; 3219; INTERNAL; 948; 953; 5; 2894
INTERNAL; 948; 953; 5; 2894; INTERNAL; 922; 952; 30; 3712
INTERNAL; 954; 954; 0; 3219; INTERNAL; 953; 953; 0; 2862
INTERNAL; 953; 953; 0; 2862; INTERNAL; 948; 952; 4; 244
INTERNAL; 955; 955; 0; 2544; INTERNAL; 954; 954; 0; 2646
INTERNAL; 954; 954; 0; 2646; INTERNAL; 948; 953; 5; 67
INTERNAL; 956; 956; 0; 4240; INTERNAL; 955; 955; 0; 2468
INTERNAL; 956; 956; 0; 4240; INTERNAL; 948; 955; 7; 2237
INTERNAL; 948; 955; 7; 2237; INTERNAL; 924; 954; 30; 66
INTERNAL; 957; 957; 0; 3212; INTERNAL; 956; 956; 0; 2673
INTERNAL; 956; 956; 0; 2673; INTERNAL; 948; 955; 7; 65
INTERNAL; 958; 958; 0; 2272; INTERNAL; 957; 957; 0; 2757
INTERNAL; 959; 959; 0; 3016; INTERNAL; 948; 958; 10; 2774
INTERNAL; 948; 958; 10; 2774; INTERNAL; 927; 957; 30; 63
INTERNAL; 959; 959; 0; 3016; INTERNAL; 958; 958; 0; 4576
INTERNAL; 960; 960; 0; 2788; INTERNAL; 959; 959; 0; 2613
INTERNAL; 959; 959; 0; 2613; INTERNAL; 948; 958; 10; 897
INTERNAL; 960; 960; 0; 2788; INTERNAL; 948; 959; 11; 1937
INTERNAL; 948; 959; 11; 1937; INTERNAL; 928; 958; 30; 62
INTERNAL; 961; 961; 0; 2867; INTERNAL; 960; 960; 0; 2860
INTERNAL; 960; 960; 0; 2860; INTERNAL; 948; 959; 11; 60
INTERNAL; 961; 961; 0; 2867; INTERNAL; 948; 960; 12; 3133
INTERNAL; 948; 960; 12; 3133; INTERNAL; 929; 959; 30; 59
INTERNAL; 962; 962; 0; 2949; INTERNAL; 961; 961; 0; 4757
INTERNAL; 962; 962; 0; 2949; INTERNAL; 948; 961; 13; 3455
INTERNAL; 948; 961; 13; 3455; INTERNAL; 930; 960; 30; 2891
INTERNAL; 963; 963; 0; 2244; INTERNAL; 962; 962; 0; 3150
INTERNAL; 962; 962; 0; 3150; INTERNAL; 948; 961; 13; 58
INTERNAL; 963; 963; 0; 2244; INTERNAL; 948; 962; 14; 56
INTERNAL; 963; 963; 0; 2244; INTERNAL; 948; 962; 14; 4821
INTERNAL; 948; 962; 14; 4821; INTERNAL; 931; 961; 30; 57
INTERNAL; 964; 964; 0; 2471; INTERNAL; 948; 963; 15; 2506
INTERNAL; 948; 963; 15; 2506; INTERNAL; 932; 962; 30; 55
INTERNAL; 964; 964; 0; 2471; INTERNAL; 963; 963; 0; 3158
INTERNAL; 965; 965; 0; 3064; INTERNAL; 948; 964; 16; 1944
INTERNAL; 948; 964; 16; 1944; INTERNAL; 933; 963; 30; 2022
INTERNAL; 965; 965; 0; 3064; INTERNAL; 964; 964; 0; 3276
INTERNAL; 964; 964; 0; 3276; INTERNAL; 948; 963; 15; 4196
INTERNAL; 965; 965; 0; 3064; INTERNAL; 948; 964; 16; 54
INTERNAL; 966; 966; 0; 2514; INTERNAL; 965; 965; 0; 2766
INTERNAL; 967; 967; 0; 2533; INTERNAL; 966; 966; 0; 4301
INTERNAL; 966; 966; 0; 4301; INTERNAL; 948; 965; 17; 2803
INTERNAL; 968; 968; 0; 2483; INTERNAL; 967; 967; 0; 2655
INTERNAL; 967; 967; 0; 2655; INTERNAL; 948; 966; 18; 3462
INTERNAL; 948; 966; 18; 3462; INTERNAL; 936; 965; 29; 1461
INTERNAL; 948; 966; 18; 3462; INTERNAL; 936; 965; 29; 52
INTERNAL; 968; 968; 0; 2483; INTERNAL; 948; 967; 19; 2529
INTERNAL; 948; 967; 19; 2529; INTERNAL; 937; 966; 29; 51
INTERNAL; 969; 969; 0; 1749; INTERNAL; 968; 968; 0; 3521
INTERNAL; 968; 968; 0; 3521; INTERNAL; 948; 967; 19; 2041
INTERNAL; 969; 969; 0; 1749; INTERNAL; 948; 968; 20; 2487
INTERNAL; 948; 968; 20; 2487; INTERNAL; 937; 967; 30; 163
INTERNAL; 970; 970; 0; 3548; INTERNAL; 969; 969; 0; 2686
INTERNAL; 970; 970; 0; 3548; INTERNAL; 948; 969; 21; 2534
INTERNAL; 948; 969; 21; 2534; INTERNAL; 939; 968; 29; 48
INTERNAL; 971; 971; 0; 3698; INTERNAL; 970; 970; 0; 2161
INTERNAL; 972; 972; 0; 2696; INTERNAL; 971; 971; 0; 2210
INTERNAL; 973; 973; 0; 2502; INTERNAL; 972; 972; 0; 2555
INTERNAL; 972; 972; 0; 2555; INTERNAL; 948; 971; 23; 4000
INTERNAL; 973; 973; 0; 2502; INTERNAL; 948; 972; 24; 2558
INTERNAL; 948; 972; 24; 2558; INTERNAL; 941; 971; 30; 4142
INTERNAL; 973; 973; 0; 2502; INTERNAL; 948; 972; 24; 3466
INTERNAL; 974; 974; 0; 4602; INTERNAL; 973; 973; 0; 3488
INTERNAL; 974; 974; 0; 4602; INTERNAL; 948; 973; 25; 3079
INTERNAL; 948; 973; 25; 3079; INTERNAL; 942; 972; 30; 46
INTERNAL; 979; 1006; 27; 2919; INTERNAL; 974; 974; 0; 3634
INTERNAL; 974; 974; 0; 3634; INTERNAL; 948; 973; 25; 45
INTERNAL; 979; 1006; 27; 2919; INTERNAL; 948; 974; 26; 3533
INTERNAL; 948; 974; 26; 3533; INTERNAL; 943; 973; 30; 4924
INTERNAL; 979; 1006; 27; 2919; INTERNAL; 978; 978; 0; 2494
INTERNAL; 978; 978; 0; 2494; INTERNAL; 977; 977; 0; 2804
INTERNAL; 977; 977; 0; 2804; INTERNAL; 976; 976; 0; 2450
INTERNAL; 976; 976; 0; 2450; INTERNAL; 975; 975; 0; 2947
INTERNAL; 976; 976; 0; 2450; INTERNAL; 975; 975; 0; 2689
INTERNAL; 976; 976; 0; 2450; INTERNAL; 949; 975; 26; 3131
INTERNAL; 949; 975; 26; 3131; INTERNAL; 948; 974; 26; 1526
INTERNAL; 977; 977; 0; 2804; INTERNAL; 976; 976; 0; 2974
INTERNAL; 976; 976; 0; 2974; INTERNAL; 948; 975; 27; 44
INTERNAL; 977; 977; 0; 2804; INTERNAL; 948; 976; 28; 206
INTERNAL; 948; 976; 28; 206; INTERNAL; 946; 975; 29; 43
INTERNAL; 977; 977; 0; 2804; INTERNAL; 948; 975; 27; 2906
INTERNAL; 977; 977; 0; 2804; INTERNAL; 948; 976; 28; 2351
INTERNAL; 948; 976; 28; 2351; INTERNAL; 945; 975; 30; 1592
INTERNAL; 978; 978; 0; 2494; INTERNAL; 977; 977; 0; 3201
INTERNAL; 977; 977; 0; 3201; INTERNAL; 949; 976; 27; 2436
INTERNAL; 1007; 1007; 0; 4648; INTERNAL; 979; 1006; 27; 2678
INTERNAL; 1007; 1007; 0; 4648; INTERNAL; 1006; 1006; 0; 1817
INTERNAL; 1006; 1006; 0; 1817; INTERNAL; 979; 1005; 26; 2865
INTERNAL; 1006; 1006; 0; 1817; INTERNAL; 1005; 1005; 0; 3178
INTERNAL; 1005; 1005; 0; 3178; INTERNAL; 979; 1004; 25; 3080
INTERNAL; 979; 1004; 25; 3080; INTERNAL; 973; 1003; 30; 100
INTERNAL; 1005; 1005; 0; 3178; INTERNAL; 1004; 1004; 0; 3314
INTERNAL; 1004; 1004; 0; 3314; INTERNAL; 1003; 1003; 0; 2699
INTERNAL; 1003; 1003; 0; 2699; INTERNAL; 979; 1002; 23; 3519
INTERNAL; 1003; 1003; 0; 2699; INTERNAL; 979; 1002; 23; 3102
INTERNAL; 979; 1002; 23; 3102; INTERNAL; 971; 1001; 30; 1960
INTERNAL; 1003; 1003; 0; 2699; INTERNAL; 1002; 1002; 0; 2780
INTERNAL; 1002; 1002; 0; 2780; INTERNAL; 979; 1001; 22; 2826
INTERNAL; 1002; 1002; 0; 2780; INTERNAL; 979; 1001; 22; 3164
INTERNAL; 979; 1001; 22; 3164; INTERNAL; 970; 1000; 30; 28
INTERNAL; 1002; 1002; 0; 2780; INTERNAL; 1001; 1001; 0; 4172
INTERNAL; 1001; 1001; 0; 4172; INTERNAL; 979; 1000; 21; 2352
INTERNAL; 979; 1000; 21; 2352; INTERNAL; 969; 999; 30; 1718
INTERNAL; 1001; 1001; 0; 4172; INTERNAL; 1000; 1000; 0; 3228
INTERNAL; 1000; 1000; 0; 3228; INTERNAL; 979; 999; 20; 3254
INTERNAL; 1000; 1000; 0; 3228; INTERNAL; 999; 999; 0; 3444
INTERNAL; 999; 999; 0; 3444; INTERNAL; 979; 998; 19; 1860
INTERNAL; 999; 999; 0; 3444; INTERNAL; 979; 998; 19; 2749
INTERNAL; 979; 998; 19; 2749; INTERNAL; 967; 997; 30; 3034
INTERNAL; 999; 999; 0; 3444; INTERNAL; 998; 998; 0; 3196
INTERNAL; 998; 998; 0; 3196; INTERNAL; 979; 997; 18; 2702
INTERNAL; 979; 997; 18; 2702; INTERNAL; 966; 996; 30; 29
INTERNAL; 998; 998; 0; 3196; INTERNAL; 979; 997; 18; 3017
INTERNAL; 998; 998; 0; 3196; INTERNAL; 997; 997; 0; 3447
INTERNAL; 997; 997; 0; 3447; INTERNAL; 979; 996; 17; 3086
INTERNAL; 997; 997; 0; 3447; INTERNAL; 996; 996; 0; 2834
INTERNAL; 996; 996; 0; 2834; INTERNAL; 979; 995; 16; 2280
INTERNAL; 979; 995; 16; 2280; INTERNAL; 964; 994; 30; 4363
INTERNAL; 996; 996; 0; 2834; INTERNAL; 979; 995; 16; 3910
INTERNAL; 996; 996; 0; 2834; INTERNAL; 995; 995; 0; 3155
INTERNAL; 995; 995; 0; 3155; INTERNAL; 979; 994; 15; 2961
INTERNAL; 995; 995; 0; 3155; INTERNAL; 994; 994; 0; 2710
INTERNAL; 994; 994; 0; 2710; INTERNAL; 979; 993; 14; 3337
INTERNAL; 979; 993; 14; 3337; INTERNAL; 962; 992; 30; 30
INTERNAL; 994; 994; 0; 2710; INTERNAL; 979; 993; 14; 1727
INTERNAL; 994; 994; 0; 2710; INTERNAL; 993; 993; 0; 2792
INTERNAL; 993; 993; 0; 2792; INTERNAL; 979; 992; 13; 3553
INTERNAL; 979; 992; 13; 3553; INTERNAL; 961; 991; 30; 689
INTERNAL; 993; 993; 0; 2792; INTERNAL; 992; 992; 0; 3084
INTERNAL; 992; 992; 0; 3084; INTERNAL; 979; 991; 12; 4254
INTERNAL; 979; 991; 12; 4254; INTERNAL; 960; 990; 30; 1619
INTERNAL; 992; 992; 0; 3084; INTERNAL; 979; 991; 12; 3575
INTERNAL; 992; 992; 0; 3084; INTERNAL; 991; 991; 0; 3114
INTERNAL; 991; 991; 0; 3114; INTERNAL; 979; 990; 11; 3198
INTERNAL; 991; 991; 0; 3114; INTERNAL; 990; 990; 0; 2706
INTERNAL; 990; 990; 0; 2706; INTERNAL; 979; 989; 10; 2658
INTERNAL; 979; 989; 10; 2658; INTERNAL; 958; 988; 30; 31
INTERNAL; 990; 990; 0; 2706; INTERNAL; 989; 989; 0; 3683
INTERNAL; 989; 989; 0; 3683; INTERNAL; 979; 988; 9; 2690
INTERNAL; 979; 988; 9; 2690; INTERNAL; 957; 987; 30; 2556
INTERNAL; 989; 989; 0; 3683; INTERNAL; 979; 988; 9; 2255
INTERNAL; 989; 989; 0; 3683; INTERNAL; 988; 988; 0; 3459
INTERNAL; 988; 988; 0; 3459; INTERNAL; 979; 987; 8; 3141
INTERNAL; 979; 987; 8; 3141; INTERNAL; 956; 986; 30; 806
INTERNAL; 988; 988; 0; 3459; INTERNAL; 979; 987; 8; 3391
INTERNAL; 988; 988; 0; 3459; INTERNAL; 987; 987; 0; 2892
INTERNAL; 987; 987; 0; 2892; INTERNAL; 986; 986; 0; 3558
INTERNAL; 986; 986; 0; 3558; INTERNAL; 979; 985; 6; 3635
INTERNAL; 979; 985; 6; 3635; INTERNAL; 954; 984; 30; 32
INTERNAL; 986; 986; 0; 3558; INTERNAL; 979; 985; 6; 1920
INTERNAL; 986; 986; 0; 3558; INTERNAL; 985; 985; 0; 3205
INTERNAL; 985; 985; 0; 3205; INTERNAL; 979; 984; 5; 3046
INTERNAL; 979; 984; 5; 3046; INTERNAL; 953; 983; 30; 4517
INTERNAL; 985; 985; 0; 3205; INTERNAL; 979; 984; 5; 3678
INTERNAL; 985; 985; 0; 3205; INTERNAL; 984; 984; 0; 4200
INTERNAL; 984; 984; 0; 4200; INTERNAL; 983; 983; 0; 3096
INTERNAL; 983; 983; 0; 3096; INTERNAL; 982; 982; 0; 2635
INTERNAL; 982; 982; 0; 2635; INTERNAL; 979; 981; 2; 3465
INTERNAL; 979; 981; 2; 3465; INTERNAL; 950; 979; 29; 35
INTERNAL; 979; 981; 2; 3465; INTERNAL; 950; 979; 29; 34
INTERNAL; 982; 982; 0; 2635; INTERNAL; 979; 981; 2; 2610
INTERNAL; 979; 981; 2; 2610; INTERNAL; 951; 980; 29; 36
INTERNAL; 982; 982; 0; 2635; INTERNAL; 981; 981; 0; 3404
INTERNAL; 981; 981; 0; 3404; INTERNAL; 980; 980; 0; 2595
INTERNAL; 980; 980; 0; 2595; INTERNAL; 979; 979; 0; 2037
INTERNAL; 979; 979; 0; 2037; INTERNAL; 948; 977; 29; 42
INTERNAL; 979; 979; 0; 2037; INTERNAL; 948; 977; 29; 41
INTERNAL; 980; 980; 0; 2595; INTERNAL; 979; 979; 0; 2580
INTERNAL; 979; 979; 0; 2580; INTERNAL; 949; 978; 29; 2631
INTERNAL; 980; 980; 0; 2595; INTERNAL; 979; 979; 0; 2903
INTERNAL; 979; 979; 0; 2903; INTERNAL; 978; 978; 0; 2535
INTERNAL; 979; 979; 0; 2903; INTERNAL; 978; 978; 0; 39
INTERNAL; 978; 978; 0; 39; INTERNAL; 947; 977; 30; 4801
INTERNAL; 979; 979; 0; 2903; INTERNAL; 978; 978; 0; 38
INTERNAL; 978; 978; 0; 38; INTERNAL; 2; 977; 975; 2724
INTERNAL; 2; 977; 975; 2724; INPUT; 1; 976; 975; 37
INTERNAL; 2; 977; 975; 2724; INPUT; 1; 976; 975; 2059
INTERNAL; 981; 981; 0; 3404; INTERNAL; 979; 980; 1; 2591
INTERNAL; 979; 980; 1; 2591; INTERNAL; 949; 979; 30; 1137
INTERNAL; 979; 980; 1; 2591; INTERNAL; 949; 979; 30; 3018
INTERNAL; 981; 981; 0; 3404; INTERNAL; 979; 980; 1; 2589
INTERNAL; 983; 983; 0; 3096; INTERNAL; 979; 982; 3; 2627
INTERNAL; 983; 983; 0; 3096; INTERNAL; 979; 982; 3; 2985
INTERNAL; 979; 982; 3; 2985; INTERNAL; 951; 981; 30; 4236
INTERNAL; 984; 984; 0; 4200; INTERNAL; 979; 983; 4; 3062
INTERNAL; 979; 983; 4; 3062; INTERNAL; 952; 982; 30; 33
INTERNAL; 984; 984; 0; 4200; INTERNAL; 979; 983; 4; 3185
INTERNAL; 987; 987; 0; 2892; INTERNAL; 979; 986; 7; 3171
INTERNAL; 987; 987; 0; 2892; INTERNAL; 979; 986; 7; 3186
INTERNAL; 979; 986; 7; 3186; INTERNAL; 955; 985; 30; 1173
INTERNAL; 990; 990; 0; 2706; INTERNAL; 979; 989; 10; 3159
INTERNAL; 991; 991; 0; 3114; INTERNAL; 979; 990; 11; 3687
INTERNAL; 979; 990; 11; 3687; INTERNAL; 959; 989; 30; 331
INTERNAL; 993; 993; 0; 2792; INTERNAL; 979; 992; 13; 2131
INTERNAL; 995; 995; 0; 3155; INTERNAL; 979; 994; 15; 2737
INTERNAL; 979; 994; 15; 2737; INTERNAL; 963; 993; 30; 1369
INTERNAL; 997; 997; 0; 3447; INTERNAL; 979; 996; 17; 2931
INTERNAL; 979; 996; 17; 2931; INTERNAL; 965; 995; 30; 672
INTERNAL; 1000; 1000; 0; 3228; INTERNAL; 979; 999; 20; 3419
INTERNAL; 979; 999; 20; 3419; INTERNAL; 968; 998; 30; 3233
INTERNAL; 1001; 1001; 0; 4172; INTERNAL; 979; 1000; 21; 2886
INTERNAL; 1004; 1004; 0; 3314; INTERNAL; 979; 1003; 24; 2755
INTERNAL; 979; 1003; 24; 2755; INTERNAL; 972; 1002; 30; 27
INTERNAL; 1004; 1004; 0; 3314; INTERNAL; 979; 1003; 24; 2371
INTERNAL; 1005; 1005; 0; 3178; INTERNAL; 979; 1004; 25; 2962
INTERNAL; 1006; 1006; 0; 1817; INTERNAL; 979; 1005; 26; 2647
INTERNAL; 979; 1005; 26; 2647; INTERNAL; 974; 1004; 30; 3238
INTERNAL; 1008; 1008; 0; 3143; INTERNAL; 979; 1007; 28; 3429
INTERNAL; 1008; 1008; 0; 3143; INTERNAL; 979; 1007; 28; 2437
INTERNAL; 979; 1007; 28; 2437; INTERNAL; 976; 1006; 30; 26
INTERNAL; 1009; 1009; 0; 2873; INTERNAL; 979; 1008; 29; 2290
INTERNAL; 979; 1008; 29; 2290; INTERNAL; 977; 1007; 30; 4043
INTERNAL; 979; 1008; 29; 2290; INTERNAL; 977; 1007; 30; 910
INTERNAL; 1009; 1009; 0; 2873; INTERNAL; 978; 1008; 30; 2796
UNKNOWN; -1; -1; -1; -1; OUTPUT; 220; 1010; 790; 13
UNKNOWN; -1; -1; -1; -1; OUTPUT; 35; 1010; 975; 6
UNKNOWN; -1; -1; -1; -1; OUTPUT; 887; 1010; 123; 2382
UNKNOWN; -1; -1; -1; -1; OUTPUT; 745; 1010; 265; 1095
UNKNOWN; -1; -1; -1; -1; OUTPUT; 79; 1010; 931; 4285
UNKNOWN; -1; -1; -1; -1; OUTPUT; 178; 1010; 832; 1833
UNKNOWN; -1; -1; -1; -1; OUTPUT; 300; 1010; 710; 17
UNKNOWN; -1; -1; -1; -1; OUTPUT; 475; 1010; 535; 2438
UNKNOWN; -1; -1; -1; -1; OUTPUT; 948; 1010; 62; 3207
UNKNOWN; -1; -1; -1; -1; OUTPUT; 7; 1010; 1003; 1
UNKNOWN; -1; -1; -1; -1; OUTPUT; 433; 1010; 577; 20
UNKNOWN; -1; -1; -1; -1; OUTPUT; 41; 1010; 969; 581
UNKNOWN; -1; -1; -1; -1; OUTPUT; 55; 1010; 955; 7
UNKNOWN; -1; -1; -1; -1; OUTPUT; 979; 1010; 31; 25
UNKNOWN; -1; -1; -1; -1; OUTPUT; 16; 1010; 994; 3
UNKNOWN; -1; -1; -1; -1; OUTPUT; 13; 1010; 997; 2
UNKNOWN; -1; -1; -1; -1; OUTPUT; 235; 1010; 775; 14
UNKNOWN; -1; -1; -1; -1; OUTPUT; 5; 1010; 1005; 276
UNKNOWN; -1; -1; -1; -1; OUTPUT; 317; 1010; 693; 18
UNKNOWN; -1; -1; -1; -1; OUTPUT; 97; 1010; 913; 4016
UNKNOWN; -1; -1; -1; -1; OUTPUT; 615; 1010; 395; 40
UNKNOWN; -1; -1; -1; -1; OUTPUT; 520; 1010; 490; 21
UNKNOWN; -1; -1; -1; -1; OUTPUT; 772; 1010; 238; 24
UNKNOWN; -1; -1; -1; -1; OUTPUT; 118; 1010; 892; 61
UNKNOWN; -1; -1; -1; -1; OUTPUT; 20; 1010; 990; 4
UNKNOWN; -1; -1; -1; -1; OUTPUT; 10; 1010; 1000; 2765
UNKNOWN; -1; -1; -1; -1; OUTPUT; 640; 1010; 370; 1627
UNKNOWN; -1; -1; -1; -1; OUTPUT; 62; 1010; 948; 8
UNKNOWN; -1; -1; -1; -1; OUTPUT; 829; 1010; 181; 775
UNKNOWN; -1; -1; -1; -1; OUTPUT; 691; 1010; 319; 3591
UNKNOWN; -1; -1; -1; -1; OUTPUT; 392; 1010; 618; 1900
UNKNOWN; -1; -1; -1; -1; OUTPUT; 30; 1010; 980; 710
UNKNOWN; -1; -1; -1; -1; OUTPUT; 718; 1010; 292; 282
UNKNOWN; -1; -1; -1; -1; OUTPUT; 497; 1010; 513; 388
UNKNOWN; -1; -1; -1; -1; OUTPUT; 590; 1010; 420; 3884
UNKNOWN; -1; -1; -1; -1; OUTPUT; 454; 1010; 556; 266
UNKNOWN; -1; -1; -1; -1; OUTPUT; 205; 1010; 805; 1609
UNKNOWN; -1; -1; -1; -1; OUTPUT; 152; 1010; 858; 932
UNKNOWN; -1; -1; -1; -1; OUTPUT; 250; 1010; 760; 15
UNKNOWN; -1; -1; -1; -1; OUTPUT; 266; 1010; 744; 16
UNKNOWN; -1; -1; -1; -1; OUTPUT; 373; 1010; 637; 2941
UNKNOWN; -1; -1; -1; -1; OUTPUT; 354; 1010; 656; 19
UNKNOWN; -1; -1; -1; -1; OUTPUT; 566; 1010; 444; 2583
UNKNOWN; -1; -1; -1; -1; OUTPUT; 283; 1010; 727; 354
UNKNOWN; -1; -1; -1; -1; OUTPUT; 48; 1010; 962; 3361
UNKNOWN; -1; -1; -1; -1; OUTPUT; 917; 1010; 93; 2501
UNKNOWN; -1; -1; -1; -1; OUTPUT; 3; 1010; 1007; 1199
UNKNOWN; -1; -1; -1; -1; OUTPUT; 543; 1010; 467; 22
UNKNOWN; -1; -1; -1; -1; OUTPUT; 165; 1010; 845; 2565
UNKNOWN; -1; -1; -1; -1; OUTPUT; 3; 1010; 1007; 972
UNKNOWN; -1; -1; -1; -1; OUTPUT; 412; 1010; 598; 3599
UNKNOWN; -1; -1; -1; -1; OUTPUT; 3; 1010; 1007; 0
UNKNOWN; -1; -1; -1; -1; OUTPUT; 129; 1010; 881; 11
