TYPE; ASAP; ALAP; SLACK; A; TYPE; ASAP; ALAP; SLACK; B
UNKNOWN; -1; -1; -1; -1; OUTPUT; 29; 30; 1; 6129
OUTPUT; 29; 30; 1; 6129; INTERNAL; 28; 29; 1; 8335
INTERNAL; 28; 29; 1; 8335; INTERNAL; 27; 27; 0; 4
INTERNAL; 27; 27; 0; 4; INTERNAL; 26; 26; 0; 4028
INTERNAL; 26; 26; 0; 4028; INTERNAL; 21; 25; 4; 3505
INTERNAL; 21; 25; 4; 3505; INTERNAL; 20; 20; 0; 4024
INTERNAL; 20; 20; 0; 4024; INTERNAL; 19; 19; 0; 3527
INTERNAL; 19; 19; 0; 3527; INTERNAL; 14; 18; 4; 6565
INTERNAL; 14; 18; 4; 6565; INTERNAL; 13; 16; 3; 3327
INTERNAL; 13; 16; 3; 3327; INTERNAL; 12; 15; 3; 5354
INTERNAL; 12; 15; 3; 5354; INTERNAL; 11; 14; 3; 6225
INTERNAL; 11; 14; 3; 6225; INTERNAL; 10; 11; 1; 6187
INTERNAL; 10; 11; 1; 6187; INTERNAL; 8; 10; 2; 5621
INTERNAL; 8; 10; 2; 5621; INTERNAL; 7; 9; 2; 6097
INTERNAL; 7; 9; 2; 6097; INTERNAL; 5; 8; 3; 6098
INTERNAL; 5; 8; 3; 6098; INTERNAL; 2; 6; 4; 2395
INTERNAL; 2; 6; 4; 2395; INPUT; 1; 4; 3; 4476
INTERNAL; 2; 6; 4; 2395; INPUT; 1; 4; 3; 3261
INTERNAL; 2; 6; 4; 2395; INPUT; 1; 4; 3; 5352
INTERNAL; 2; 6; 4; 2395; INPUT; 1; 4; 3; 6182
INTERNAL; 5; 8; 3; 6098; INTERNAL; 2; 5; 3; 5345
INTERNAL; 2; 5; 3; 5345; INPUT; 1; 3; 2; 5095
INTERNAL; 2; 5; 3; 5345; INPUT; 1; 3; 2; 5096
INTERNAL; 2; 5; 3; 5345; INPUT; 1; 3; 2; 5106
INTERNAL; 2; 5; 3; 5345; INPUT; 1; 3; 2; 2292
INTERNAL; 5; 8; 3; 6098; INTERNAL; 3; 5; 2; 3823
INTERNAL; 3; 5; 2; 3823; INPUT; 1; 3; 2; 4185
INTERNAL; 3; 5; 2; 3823; INPUT; 1; 3; 2; 4286
INTERNAL; 3; 5; 2; 3823; INTERNAL; 2; 4; 2; 5467
INTERNAL; 2; 4; 2; 5467; INPUT; 1; 3; 2; 2853
INTERNAL; 2; 4; 2; 5467; INPUT; 1; 3; 2; 2857
INTERNAL; 2; 4; 2; 5467; INPUT; 1; 3; 2; 2355
INTERNAL; 2; 4; 2; 5467; INPUT; 1; 3; 2; 4540
INTERNAL; 3; 5; 2; 3823; INPUT; 1; 3; 2; 2198
INTERNAL; 3; 5; 2; 3823; INPUT; 1; 3; 2; 2144
INTERNAL; 5; 8; 3; 6098; INTERNAL; 2; 4; 2; 2357
INTERNAL; 2; 4; 2; 2357; INPUT; 1; 3; 2; 4640
INTERNAL; 2; 4; 2; 2357; INPUT; 1; 3; 2; 2351
INTERNAL; 2; 4; 2; 2357; INPUT; 1; 3; 2; 2349
INTERNAL; 2; 4; 2; 2357; INPUT; 1; 3; 2; 3351
INTERNAL; 5; 8; 3; 6098; INTERNAL; 4; 7; 3; 6112
INTERNAL; 4; 7; 3; 6112; INTERNAL; 3; 6; 3; 4349
INTERNAL; 3; 6; 3; 4349; INTERNAL; 2; 3; 1; 4779
INTERNAL; 2; 3; 1; 4779; INPUT; 1; 2; 1; 5104
INTERNAL; 2; 3; 1; 4779; INPUT; 1; 2; 1; 5297
INTERNAL; 2; 3; 1; 4779; INPUT; 1; 2; 1; 4331
INTERNAL; 2; 3; 1; 4779; INPUT; 1; 2; 1; 7979
INTERNAL; 3; 6; 3; 4349; INTERNAL; 2; 4; 2; 4121
INTERNAL; 2; 4; 2; 4121; INPUT; 1; 3; 2; 4764
INTERNAL; 2; 4; 2; 4121; INPUT; 1; 3; 2; 3394
INTERNAL; 2; 4; 2; 4121; INPUT; 1; 3; 2; 3704
INTERNAL; 3; 6; 3; 4349; INTERNAL; 2; 4; 2; 4220
INTERNAL; 2; 4; 2; 4220; INPUT; 1; 3; 2; 5532
INTERNAL; 2; 4; 2; 4220; INPUT; 1; 3; 2; 3082
INTERNAL; 3; 6; 3; 4349; INTERNAL; 2; 4; 2; 6996
INTERNAL; 2; 4; 2; 6996; INPUT; 1; 3; 2; 4921
INTERNAL; 2; 4; 2; 6996; INPUT; 1; 3; 2; 3983
INTERNAL; 2; 4; 2; 6996; INPUT; 1; 3; 2; 4960
INTERNAL; 2; 4; 2; 6996; INPUT; 1; 3; 2; 4107
INTERNAL; 3; 6; 3; 4349; INTERNAL; 2; 4; 2; 2385
INTERNAL; 2; 4; 2; 2385; INPUT; 1; 3; 2; 2421
INTERNAL; 2; 4; 2; 2385; INPUT; 1; 3; 2; 2759
INTERNAL; 3; 6; 3; 4349; INTERNAL; 2; 3; 1; 6265
INTERNAL; 2; 3; 1; 6265; INPUT; 1; 2; 1; 3595
INTERNAL; 2; 3; 1; 6265; INPUT; 1; 2; 1; 5528
INTERNAL; 2; 3; 1; 6265; INPUT; 1; 2; 1; 3545
INTERNAL; 4; 7; 3; 6112; INTERNAL; 2; 4; 2; 3594
INTERNAL; 2; 4; 2; 3594; INPUT; 1; 3; 2; 4952
INTERNAL; 2; 4; 2; 3594; INPUT; 1; 3; 2; 4869
INTERNAL; 2; 4; 2; 3594; INPUT; 1; 3; 2; 7430
INTERNAL; 2; 4; 2; 3594; INPUT; 1; 3; 2; 4588
INTERNAL; 4; 7; 3; 6112; INTERNAL; 2; 4; 2; 8027
INTERNAL; 2; 4; 2; 8027; INPUT; 1; 3; 2; 3556
INTERNAL; 2; 4; 2; 8027; INPUT; 1; 3; 2; 5340
INTERNAL; 2; 4; 2; 8027; INPUT; 1; 3; 2; 6666
INTERNAL; 2; 4; 2; 8027; INPUT; 1; 3; 2; 4768
INTERNAL; 4; 7; 3; 6112; INTERNAL; 3; 4; 1; 7698
INTERNAL; 3; 4; 1; 7698; INTERNAL; 2; 3; 1; 3404
INTERNAL; 2; 3; 1; 3404; INPUT; 1; 2; 1; 4432
INTERNAL; 2; 3; 1; 3404; INPUT; 1; 2; 1; 2301
INTERNAL; 3; 4; 1; 7698; INPUT; 1; 3; 2; 6275
INTERNAL; 3; 4; 1; 7698; INPUT; 1; 3; 2; 4483
INTERNAL; 4; 7; 3; 6112; INTERNAL; 3; 5; 2; 5308
INTERNAL; 3; 5; 2; 5308; INTERNAL; 2; 4; 2; 2442
INTERNAL; 2; 4; 2; 2442; INPUT; 1; 3; 2; 3380
INTERNAL; 2; 4; 2; 2442; INPUT; 1; 3; 2; 7251
INTERNAL; 3; 5; 2; 5308; INPUT; 1; 4; 3; 5192
INTERNAL; 3; 5; 2; 5308; INTERNAL; 2; 4; 2; 4891
INTERNAL; 2; 4; 2; 4891; INPUT; 1; 3; 2; 3973
INTERNAL; 2; 4; 2; 4891; INPUT; 1; 3; 2; 3238
INTERNAL; 2; 4; 2; 4891; INPUT; 1; 3; 2; 8325
INTERNAL; 2; 4; 2; 4891; INPUT; 1; 3; 2; 5582
INTERNAL; 3; 5; 2; 5308; INPUT; 1; 4; 3; 3682
INTERNAL; 4; 7; 3; 6112; INTERNAL; 2; 5; 3; 2386
INTERNAL; 2; 5; 3; 2386; INPUT; 1; 4; 3; 4073
INTERNAL; 2; 5; 3; 2386; INPUT; 1; 4; 3; 2359
INTERNAL; 2; 5; 3; 2386; INPUT; 1; 4; 3; 3129
INTERNAL; 2; 5; 3; 2386; INPUT; 1; 4; 3; 5826
INTERNAL; 7; 9; 2; 6097; INTERNAL; 6; 8; 2; 7098
INTERNAL; 6; 8; 2; 7098; INTERNAL; 2; 5; 3; 6155
INTERNAL; 2; 5; 3; 6155; INPUT; 1; 4; 3; 2210
INTERNAL; 2; 5; 3; 6155; INPUT; 1; 4; 3; 2747
INTERNAL; 6; 8; 2; 7098; INTERNAL; 2; 5; 3; 6020
INTERNAL; 2; 5; 3; 6020; INPUT; 1; 4; 3; 2248
INTERNAL; 2; 5; 3; 6020; INPUT; 1; 4; 3; 2699
INTERNAL; 2; 5; 3; 6020; INPUT; 1; 4; 3; 4654
INTERNAL; 2; 5; 3; 6020; INPUT; 1; 4; 3; 3166
INTERNAL; 6; 8; 2; 7098; INTERNAL; 3; 5; 2; 3984
INTERNAL; 3; 5; 2; 3984; INPUT; 1; 3; 2; 2813
INTERNAL; 3; 5; 2; 3984; INPUT; 1; 3; 2; 7415
INTERNAL; 3; 5; 2; 3984; INTERNAL; 2; 3; 1; 6049
INTERNAL; 2; 3; 1; 6049; INPUT; 1; 2; 1; 2937
INTERNAL; 2; 3; 1; 6049; INPUT; 1; 2; 1; 4334
INTERNAL; 6; 8; 2; 7098; INTERNAL; 2; 5; 3; 4411
INTERNAL; 2; 5; 3; 4411; INPUT; 1; 4; 3; 2700
INTERNAL; 2; 5; 3; 4411; INPUT; 1; 4; 3; 3501
INTERNAL; 2; 5; 3; 4411; INPUT; 1; 4; 3; 3583
INTERNAL; 2; 5; 3; 4411; INPUT; 1; 4; 3; 5116
INTERNAL; 6; 8; 2; 7098; INTERNAL; 3; 5; 2; 5277
INTERNAL; 3; 5; 2; 5277; INPUT; 1; 4; 3; 2367
INTERNAL; 3; 5; 2; 5277; INTERNAL; 2; 4; 2; 6197
INTERNAL; 2; 4; 2; 6197; INPUT; 1; 3; 2; 5586
INTERNAL; 2; 4; 2; 6197; INPUT; 1; 3; 2; 2242
INTERNAL; 3; 5; 2; 5277; INPUT; 1; 4; 3; 4429
INTERNAL; 6; 8; 2; 7098; INTERNAL; 5; 7; 2; 4225
INTERNAL; 5; 7; 2; 4225; INTERNAL; 3; 6; 3; 4183
INTERNAL; 3; 6; 3; 4183; INTERNAL; 2; 5; 3; 4539
INTERNAL; 2; 5; 3; 4539; INPUT; 1; 4; 3; 2214
INTERNAL; 2; 5; 3; 4539; INPUT; 1; 4; 3; 4376
INTERNAL; 2; 5; 3; 4539; INPUT; 1; 4; 3; 2217
INTERNAL; 2; 5; 3; 4539; INPUT; 1; 4; 3; 3504
INTERNAL; 3; 6; 3; 4183; INTERNAL; 2; 5; 3; 4645
INTERNAL; 2; 5; 3; 4645; INPUT; 1; 4; 3; 7622
INTERNAL; 2; 5; 3; 4645; INPUT; 1; 4; 3; 2211
INTERNAL; 2; 5; 3; 4645; INPUT; 1; 4; 3; 2212
INTERNAL; 2; 5; 3; 4645; INPUT; 1; 4; 3; 3562
INTERNAL; 3; 6; 3; 4183; INTERNAL; 2; 5; 3; 2521
INTERNAL; 2; 5; 3; 2521; INPUT; 1; 3; 2; 4366
INTERNAL; 2; 5; 3; 2521; INPUT; 1; 3; 2; 4057
INTERNAL; 2; 5; 3; 2521; INPUT; 1; 3; 2; 3676
INTERNAL; 2; 5; 3; 2521; INPUT; 1; 3; 2; 4364
INTERNAL; 5; 7; 2; 4225; INTERNAL; 4; 6; 2; 4778
INTERNAL; 4; 6; 2; 4778; INPUT; 1; 4; 3; 4940
INTERNAL; 4; 6; 2; 4778; INPUT; 1; 4; 3; 2760
INTERNAL; 4; 6; 2; 4778; INPUT; 1; 4; 3; 4938
INTERNAL; 4; 6; 2; 4778; INTERNAL; 2; 5; 3; 5081
INTERNAL; 2; 5; 3; 5081; INPUT; 1; 4; 3; 6109
INTERNAL; 2; 5; 3; 5081; INPUT; 1; 4; 3; 2580
INTERNAL; 2; 5; 3; 5081; INPUT; 1; 4; 3; 4911
INTERNAL; 2; 5; 3; 5081; INPUT; 1; 4; 3; 6110
INTERNAL; 4; 6; 2; 4778; INTERNAL; 3; 5; 2; 2854
INTERNAL; 3; 5; 2; 2854; INTERNAL; 2; 4; 2; 3910
INTERNAL; 2; 4; 2; 3910; INPUT; 1; 3; 2; 5424
INTERNAL; 2; 4; 2; 3910; INPUT; 1; 3; 2; 3368
INTERNAL; 3; 5; 2; 2854; INPUT; 1; 3; 2; 3996
INTERNAL; 3; 5; 2; 2854; INPUT; 1; 3; 2; 4353
INTERNAL; 5; 7; 2; 4225; INTERNAL; 3; 5; 2; 5402
INTERNAL; 3; 5; 2; 5402; INTERNAL; 2; 4; 2; 3564
INTERNAL; 2; 4; 2; 3564; INPUT; 1; 3; 2; 2290
INTERNAL; 2; 4; 2; 3564; INPUT; 1; 3; 2; 2940
INTERNAL; 2; 4; 2; 3564; INPUT; 1; 3; 2; 3028
INTERNAL; 3; 5; 2; 5402; INPUT; 1; 4; 3; 2229
INTERNAL; 5; 7; 2; 4225; INTERNAL; 3; 6; 3; 4855
INTERNAL; 3; 6; 3; 4855; INPUT; 1; 2; 1; 4363
INTERNAL; 3; 6; 3; 4855; INPUT; 1; 2; 1; 5285
INTERNAL; 3; 6; 3; 4855; INPUT; 1; 2; 1; 2574
INTERNAL; 3; 6; 3; 4855; INPUT; 1; 2; 1; 4329
INTERNAL; 5; 7; 2; 4225; INTERNAL; 3; 5; 2; 7496
INTERNAL; 3; 5; 2; 7496; INTERNAL; 2; 4; 2; 3438
INTERNAL; 2; 4; 2; 3438; INPUT; 1; 3; 2; 2983
INTERNAL; 2; 4; 2; 3438; INPUT; 1; 3; 2; 2979
INTERNAL; 3; 5; 2; 7496; INPUT; 1; 4; 3; 4215
INTERNAL; 3; 5; 2; 7496; INPUT; 1; 4; 3; 5025
INTERNAL; 5; 7; 2; 4225; INTERNAL; 4; 6; 2; 4242
INTERNAL; 4; 6; 2; 4242; INTERNAL; 3; 5; 2; 3104
INTERNAL; 3; 5; 2; 3104; INPUT; 1; 4; 3; 3835
INTERNAL; 3; 5; 2; 3104; INPUT; 1; 4; 3; 4694
INTERNAL; 3; 5; 2; 3104; INTERNAL; 2; 4; 2; 6284
INTERNAL; 2; 4; 2; 6284; INPUT; 1; 3; 2; 3233
INTERNAL; 2; 4; 2; 6284; INPUT; 1; 3; 2; 2963
INTERNAL; 4; 6; 2; 4242; INPUT; 1; 2; 1; 5450
INTERNAL; 4; 6; 2; 4242; INPUT; 1; 2; 1; 3658
INTERNAL; 4; 6; 2; 4242; INPUT; 1; 2; 1; 5159
INTERNAL; 4; 6; 2; 4242; INPUT; 1; 5; 4; 6106
INTERNAL; 7; 9; 2; 6097; INTERNAL; 6; 8; 2; 2758
INTERNAL; 6; 8; 2; 2758; INTERNAL; 3; 5; 2; 3195
INTERNAL; 3; 5; 2; 3195; INTERNAL; 2; 4; 2; 2277
INTERNAL; 2; 4; 2; 2277; INPUT; 1; 3; 2; 3185
INTERNAL; 2; 4; 2; 2277; INPUT; 1; 3; 2; 3183
INTERNAL; 3; 5; 2; 3195; INPUT; 1; 4; 3; 3194
INTERNAL; 3; 5; 2; 3195; INPUT; 1; 4; 3; 3191
INTERNAL; 6; 8; 2; 2758; INTERNAL; 3; 7; 4; 5969
INTERNAL; 3; 7; 4; 5969; INTERNAL; 2; 2; 0; 6801
INTERNAL; 2; 2; 0; 6801; INPUT; 1; 1; 0; 3450
INTERNAL; 2; 2; 0; 6801; INPUT; 1; 1; 0; 5425
INTERNAL; 3; 7; 4; 5969; INPUT; 1; 2; 1; 3615
INTERNAL; 3; 7; 4; 5969; INPUT; 1; 2; 1; 3559
INTERNAL; 6; 8; 2; 2758; INTERNAL; 3; 6; 3; 4160
INTERNAL; 3; 6; 3; 4160; INPUT; 1; 5; 4; 3116
INTERNAL; 3; 6; 3; 4160; INPUT; 1; 5; 4; 4819
INTERNAL; 3; 6; 3; 4160; INTERNAL; 2; 5; 3; 3041
INTERNAL; 2; 5; 3; 3041; INPUT; 1; 4; 3; 3907
INTERNAL; 2; 5; 3; 3041; INPUT; 1; 4; 3; 5556
INTERNAL; 6; 8; 2; 2758; INTERNAL; 5; 7; 2; 6102
INTERNAL; 5; 7; 2; 6102; INTERNAL; 2; 5; 3; 6848
INTERNAL; 2; 5; 3; 6848; INPUT; 1; 4; 3; 3772
INTERNAL; 2; 5; 3; 6848; INPUT; 1; 4; 3; 4439
INTERNAL; 2; 5; 3; 6848; INPUT; 1; 4; 3; 4524
INTERNAL; 2; 5; 3; 6848; INPUT; 1; 4; 3; 2923
INTERNAL; 5; 7; 2; 6102; INTERNAL; 2; 6; 4; 5992
INTERNAL; 2; 6; 4; 5992; INPUT; 1; 5; 4; 5720
INTERNAL; 2; 6; 4; 5992; INPUT; 1; 5; 4; 5721
INTERNAL; 2; 6; 4; 5992; INPUT; 1; 5; 4; 2509
INTERNAL; 5; 7; 2; 6102; INTERNAL; 4; 6; 2; 6104
INTERNAL; 4; 6; 2; 6104; INTERNAL; 3; 4; 1; 2329
INTERNAL; 3; 4; 1; 2329; INTERNAL; 2; 3; 1; 4747
INTERNAL; 2; 3; 1; 4747; INPUT; 1; 2; 1; 2551
INTERNAL; 2; 3; 1; 4747; INPUT; 1; 2; 1; 4993
INTERNAL; 3; 4; 1; 2329; INPUT; 1; 3; 2; 2325
INTERNAL; 3; 4; 1; 2329; INPUT; 1; 3; 2; 8136
INTERNAL; 4; 6; 2; 6104; INTERNAL; 2; 4; 2; 6371
INTERNAL; 2; 4; 2; 6371; INPUT; 1; 3; 2; 3626
INTERNAL; 2; 4; 2; 6371; INPUT; 1; 3; 2; 2531
INTERNAL; 2; 4; 2; 6371; INPUT; 1; 3; 2; 4039
INTERNAL; 2; 4; 2; 6371; INPUT; 1; 3; 2; 3449
INTERNAL; 4; 6; 2; 6104; INTERNAL; 2; 4; 2; 4967
INTERNAL; 2; 4; 2; 4967; INPUT; 1; 3; 2; 5163
INTERNAL; 2; 4; 2; 4967; INPUT; 1; 3; 2; 8078
INTERNAL; 2; 4; 2; 4967; INPUT; 1; 3; 2; 2315
INTERNAL; 2; 4; 2; 4967; INPUT; 1; 3; 2; 5591
INTERNAL; 4; 6; 2; 6104; INTERNAL; 2; 5; 3; 5980
INTERNAL; 2; 5; 3; 5980; INPUT; 1; 4; 3; 5539
INTERNAL; 4; 6; 2; 6104; INTERNAL; 2; 4; 2; 2401
INTERNAL; 2; 4; 2; 2401; INPUT; 1; 3; 2; 2459
INTERNAL; 2; 4; 2; 2401; INPUT; 1; 3; 2; 5458
INTERNAL; 2; 4; 2; 2401; INPUT; 1; 3; 2; 3927
INTERNAL; 2; 4; 2; 2401; INPUT; 1; 3; 2; 2052
INTERNAL; 5; 7; 2; 6102; INTERNAL; 2; 6; 4; 6000
INTERNAL; 2; 6; 4; 6000; INPUT; 1; 4; 3; 2344
INTERNAL; 2; 6; 4; 6000; INPUT; 1; 4; 3; 8092
INTERNAL; 2; 6; 4; 6000; INPUT; 1; 4; 3; 2340
INTERNAL; 2; 6; 4; 6000; INPUT; 1; 4; 3; 3532
INTERNAL; 6; 8; 2; 2758; INTERNAL; 2; 4; 2; 6740
INTERNAL; 2; 4; 2; 6740; INPUT; 1; 3; 2; 4266
INTERNAL; 2; 4; 2; 6740; INPUT; 1; 3; 2; 3430
INTERNAL; 8; 10; 2; 5621; INTERNAL; 7; 9; 2; 5261
INTERNAL; 7; 9; 2; 5261; INTERNAL; 6; 7; 1; 4932
INTERNAL; 6; 7; 1; 4932; INTERNAL; 2; 3; 1; 5043
INTERNAL; 2; 3; 1; 5043; INPUT; 1; 2; 1; 3923
INTERNAL; 2; 3; 1; 5043; INPUT; 1; 2; 1; 4879
INTERNAL; 2; 3; 1; 5043; INPUT; 1; 2; 1; 3714
INTERNAL; 2; 3; 1; 5043; INPUT; 1; 2; 1; 4883
INTERNAL; 6; 7; 1; 4932; INTERNAL; 5; 6; 1; 2282
INTERNAL; 5; 6; 1; 2282; INTERNAL; 2; 4; 2; 5242
INTERNAL; 5; 6; 1; 2282; INTERNAL; 3; 5; 2; 4312
INTERNAL; 3; 5; 2; 4312; INTERNAL; 2; 4; 2; 6251
INTERNAL; 2; 4; 2; 6251; INPUT; 1; 3; 2; 6983
INTERNAL; 2; 4; 2; 6251; INPUT; 1; 3; 2; 5542
INTERNAL; 2; 4; 2; 6251; INPUT; 1; 3; 2; 2494
INTERNAL; 2; 4; 2; 6251; INPUT; 1; 3; 2; 2472
INTERNAL; 3; 5; 2; 4312; INPUT; 1; 4; 3; 5381
INTERNAL; 3; 5; 2; 4312; INPUT; 1; 4; 3; 7801
INTERNAL; 3; 5; 2; 4312; INPUT; 1; 4; 3; 2272
INTERNAL; 3; 5; 2; 4312; INPUT; 1; 4; 3; 3070
INTERNAL; 5; 6; 1; 2282; INTERNAL; 2; 4; 2; 4589
INTERNAL; 2; 4; 2; 4589; INPUT; 1; 3; 2; 6821
INTERNAL; 2; 4; 2; 4589; INPUT; 1; 3; 2; 6212
INTERNAL; 2; 4; 2; 4589; INPUT; 1; 3; 2; 5960
INTERNAL; 2; 4; 2; 4589; INPUT; 1; 3; 2; 4990
INTERNAL; 5; 6; 1; 2282; INTERNAL; 2; 4; 2; 6754
INTERNAL; 2; 4; 2; 6754; INPUT; 1; 3; 2; 7043
INTERNAL; 2; 4; 2; 6754; INPUT; 1; 3; 2; 3938
INTERNAL; 2; 4; 2; 6754; INPUT; 1; 3; 2; 5400
INTERNAL; 2; 4; 2; 6754; INPUT; 1; 3; 2; 3023
INTERNAL; 5; 6; 1; 2282; INTERNAL; 4; 5; 1; 4241
INTERNAL; 4; 5; 1; 4241; INPUT; 1; 4; 3; 4605
INTERNAL; 4; 5; 1; 4241; INPUT; 1; 4; 3; 4873
INTERNAL; 4; 5; 1; 4241; INTERNAL; 2; 4; 2; 2942
INTERNAL; 2; 4; 2; 2942; INPUT; 1; 3; 2; 7160
INTERNAL; 2; 4; 2; 2942; INPUT; 1; 3; 2; 3213
INTERNAL; 4; 5; 1; 4241; INTERNAL; 3; 4; 1; 3787
INTERNAL; 4; 5; 1; 4241; INTERNAL; 3; 4; 1; 2279
INTERNAL; 3; 4; 1; 2279; INPUT; 1; 3; 2; 2736
INTERNAL; 3; 4; 1; 2279; INPUT; 1; 3; 2; 2577
INTERNAL; 3; 4; 1; 2279; INTERNAL; 2; 3; 1; 2275
INTERNAL; 2; 3; 1; 2275; INPUT; 1; 2; 1; 2576
INTERNAL; 2; 3; 1; 2275; INPUT; 1; 2; 1; 3107
INTERNAL; 6; 7; 1; 4932; INTERNAL; 2; 5; 3; 6946
INTERNAL; 2; 5; 3; 6946; INPUT; 1; 4; 3; 3831
INTERNAL; 2; 5; 3; 6946; INPUT; 1; 4; 3; 3026
INTERNAL; 2; 5; 3; 6946; INPUT; 1; 4; 3; 4403
INTERNAL; 2; 5; 3; 6946; INPUT; 1; 4; 3; 3920
INTERNAL; 6; 7; 1; 4932; INTERNAL; 4; 6; 2; 2605
INTERNAL; 4; 6; 2; 2605; INTERNAL; 3; 5; 2; 5260
INTERNAL; 3; 5; 2; 5260; INTERNAL; 2; 4; 2; 2244
INTERNAL; 4; 6; 2; 2605; INTERNAL; 2; 5; 3; 5225
INTERNAL; 2; 5; 3; 5225; INPUT; 1; 4; 3; 3272
INTERNAL; 2; 5; 3; 5225; INPUT; 1; 3; 2; 3930
INTERNAL; 2; 5; 3; 5225; INPUT; 1; 3; 2; 4323
INTERNAL; 4; 6; 2; 2605; INTERNAL; 3; 5; 2; 3009
INTERNAL; 3; 5; 2; 3009; INPUT; 1; 4; 3; 3281
INTERNAL; 3; 5; 2; 3009; INTERNAL; 2; 4; 2; 3872
INTERNAL; 6; 7; 1; 4932; INTERNAL; 4; 6; 2; 4117
INTERNAL; 4; 6; 2; 4117; INPUT; 1; 4; 3; 3771
INTERNAL; 4; 6; 2; 4117; INTERNAL; 2; 4; 2; 5218
INTERNAL; 2; 4; 2; 5218; INPUT; 1; 3; 2; 3295
INTERNAL; 2; 4; 2; 5218; INPUT; 1; 3; 2; 5585
INTERNAL; 4; 6; 2; 4117; INTERNAL; 2; 5; 3; 2653
INTERNAL; 2; 5; 3; 2653; INPUT; 1; 4; 3; 4804
INTERNAL; 2; 5; 3; 2653; INPUT; 1; 4; 3; 5239
INTERNAL; 4; 6; 2; 4117; INPUT; 1; 3; 2; 4101
INTERNAL; 6; 7; 1; 4932; INTERNAL; 4; 6; 2; 5928
INTERNAL; 4; 6; 2; 5928; INTERNAL; 2; 5; 3; 2265
INTERNAL; 2; 5; 3; 2265; INPUT; 1; 4; 3; 7904
INTERNAL; 2; 5; 3; 2265; INPUT; 1; 3; 2; 3684
INTERNAL; 2; 5; 3; 2265; INPUT; 1; 3; 2; 3799
INTERNAL; 2; 5; 3; 2265; INPUT; 1; 3; 2; 3401
INTERNAL; 4; 6; 2; 5928; INTERNAL; 2; 5; 3; 2262
INTERNAL; 2; 5; 3; 2262; INPUT; 1; 2; 1; 4314
INTERNAL; 2; 5; 3; 2262; INPUT; 1; 3; 2; 3665
INTERNAL; 2; 5; 3; 2262; INPUT; 1; 2; 1; 4618
INTERNAL; 2; 5; 3; 2262; INPUT; 1; 3; 2; 4232
INTERNAL; 4; 6; 2; 5928; INTERNAL; 2; 5; 3; 5175
INTERNAL; 2; 5; 3; 5175; INPUT; 1; 3; 2; 4978
INTERNAL; 2; 5; 3; 5175; INPUT; 1; 3; 2; 5358
INTERNAL; 2; 5; 3; 5175; INPUT; 1; 3; 2; 4698
INTERNAL; 4; 6; 2; 5928; INTERNAL; 3; 5; 2; 2260
INTERNAL; 3; 5; 2; 2260; INTERNAL; 2; 4; 2; 2768
INTERNAL; 2; 4; 2; 2768; INPUT; 1; 3; 2; 4235
INTERNAL; 2; 4; 2; 2768; INPUT; 1; 3; 2; 5290
INTERNAL; 3; 5; 2; 2260; INPUT; 1; 4; 3; 3525
INTERNAL; 3; 5; 2; 2260; INPUT; 1; 4; 3; 3845
INTERNAL; 4; 6; 2; 5928; INTERNAL; 2; 5; 3; 2252
INTERNAL; 2; 5; 3; 2252; INPUT; 1; 4; 3; 2889
INTERNAL; 2; 5; 3; 2252; INPUT; 1; 4; 3; 2250
INTERNAL; 2; 5; 3; 2252; INPUT; 1; 4; 3; 2956
INTERNAL; 2; 5; 3; 2252; INPUT; 1; 4; 3; 5323
INTERNAL; 7; 9; 2; 5261; INTERNAL; 5; 7; 2; 8256
INTERNAL; 5; 7; 2; 8256; INTERNAL; 4; 6; 2; 6352
INTERNAL; 4; 6; 2; 6352; INTERNAL; 2; 5; 3; 3647
INTERNAL; 2; 5; 3; 3647; INPUT; 1; 2; 1; 5523
INTERNAL; 2; 5; 3; 3647; INPUT; 1; 2; 1; 7601
INTERNAL; 2; 5; 3; 3647; INPUT; 1; 2; 1; 4757
INTERNAL; 4; 6; 2; 6352; INTERNAL; 2; 5; 3; 3751
INTERNAL; 5; 7; 2; 8256; INTERNAL; 4; 6; 2; 5639
INTERNAL; 4; 6; 2; 5639; INPUT; 1; 5; 4; 2203
INTERNAL; 4; 6; 2; 5639; INPUT; 1; 5; 4; 2224
INTERNAL; 4; 6; 2; 5639; INPUT; 1; 5; 4; 3588
INTERNAL; 5; 7; 2; 8256; INTERNAL; 4; 6; 2; 2905
INTERNAL; 4; 6; 2; 2905; INTERNAL; 3; 5; 2; 4360
INTERNAL; 7; 9; 2; 5261; INTERNAL; 5; 7; 2; 3441
INTERNAL; 5; 7; 2; 3441; INTERNAL; 3; 6; 3; 5641
INTERNAL; 3; 6; 3; 5641; INPUT; 1; 5; 4; 3899
INTERNAL; 3; 6; 3; 5641; INPUT; 1; 5; 4; 2409
INTERNAL; 3; 6; 3; 5641; INPUT; 1; 5; 4; 7796
INTERNAL; 3; 6; 3; 5641; INTERNAL; 2; 5; 3; 3056
INTERNAL; 2; 5; 3; 3056; INPUT; 1; 4; 3; 3718
INTERNAL; 2; 5; 3; 3056; INPUT; 1; 4; 3; 3724
INTERNAL; 2; 5; 3; 3056; INPUT; 1; 4; 3; 3745
INTERNAL; 2; 5; 3; 3056; INPUT; 1; 4; 3; 3752
INTERNAL; 3; 6; 3; 5641; INPUT; 1; 5; 4; 6938
INTERNAL; 5; 7; 2; 3441; INTERNAL; 2; 4; 2; 5087
INTERNAL; 5; 7; 2; 3441; INTERNAL; 4; 6; 2; 3925
INTERNAL; 4; 6; 2; 3925; INTERNAL; 2; 5; 3; 3204
INTERNAL; 2; 5; 3; 3204; INPUT; 1; 3; 2; 5353
INTERNAL; 4; 6; 2; 3925; INTERNAL; 3; 5; 2; 3243
INTERNAL; 3; 5; 2; 3243; INPUT; 1; 4; 3; 2847
INTERNAL; 3; 5; 2; 3243; INPUT; 1; 4; 3; 4709
INTERNAL; 3; 5; 2; 3243; INPUT; 1; 4; 3; 2457
INTERNAL; 4; 6; 2; 3925; INTERNAL; 2; 5; 3; 4825
INTERNAL; 2; 5; 3; 4825; INPUT; 1; 3; 2; 5160
INTERNAL; 2; 5; 3; 4825; INPUT; 1; 3; 2; 2806
INTERNAL; 2; 5; 3; 4825; INPUT; 1; 3; 2; 3373
INTERNAL; 5; 7; 2; 3441; INTERNAL; 2; 5; 3; 5051
INTERNAL; 2; 5; 3; 5051; INPUT; 1; 4; 3; 2234
INTERNAL; 2; 5; 3; 5051; INPUT; 1; 4; 3; 4597
INTERNAL; 2; 5; 3; 5051; INPUT; 1; 4; 3; 2231
INTERNAL; 2; 5; 3; 5051; INPUT; 1; 4; 3; 4150
INTERNAL; 5; 7; 2; 3441; INTERNAL; 2; 5; 3; 2243
INTERNAL; 2; 5; 3; 2243; INPUT; 1; 4; 3; 4862
INTERNAL; 2; 5; 3; 2243; INPUT; 1; 4; 3; 4860
INTERNAL; 2; 5; 3; 2243; INPUT; 1; 4; 3; 3294
INTERNAL; 2; 5; 3; 2243; INPUT; 1; 4; 3; 3138
INTERNAL; 5; 7; 2; 3441; INTERNAL; 4; 6; 2; 5477
INTERNAL; 4; 6; 2; 5477; INTERNAL; 3; 5; 2; 2879
INTERNAL; 3; 5; 2; 2879; INTERNAL; 2; 4; 2; 4667
INTERNAL; 2; 4; 2; 4667; INPUT; 1; 3; 2; 6087
INTERNAL; 2; 4; 2; 4667; INPUT; 1; 3; 2; 5052
INTERNAL; 3; 5; 2; 2879; INPUT; 1; 3; 2; 6702
INTERNAL; 3; 5; 2; 2879; INPUT; 1; 4; 3; 5636
INTERNAL; 3; 5; 2; 2879; INPUT; 1; 4; 3; 5158
INTERNAL; 3; 5; 2; 2879; INPUT; 1; 3; 2; 4326
INTERNAL; 4; 6; 2; 5477; INTERNAL; 3; 5; 2; 4230
INTERNAL; 3; 5; 2; 4230; INTERNAL; 2; 4; 2; 5419
INTERNAL; 2; 4; 2; 5419; INPUT; 1; 3; 2; 4064
INTERNAL; 2; 4; 2; 5419; INPUT; 1; 3; 2; 3673
INTERNAL; 3; 5; 2; 4230; INPUT; 1; 3; 2; 6910
INTERNAL; 3; 5; 2; 4230; INPUT; 1; 3; 2; 4966
INTERNAL; 8; 10; 2; 5621; INTERNAL; 7; 9; 2; 6165
INTERNAL; 7; 9; 2; 6165; INTERNAL; 6; 8; 2; 5457
INTERNAL; 6; 8; 2; 5457; INTERNAL; 4; 7; 3; 6114
INTERNAL; 4; 7; 3; 6114; INTERNAL; 3; 6; 3; 3814
INTERNAL; 3; 6; 3; 3814; INPUT; 1; 5; 4; 4480
INTERNAL; 3; 6; 3; 3814; INTERNAL; 2; 5; 3; 8310
INTERNAL; 2; 5; 3; 8310; INPUT; 1; 2; 1; 4116
INTERNAL; 2; 5; 3; 8310; INPUT; 1; 3; 2; 2990
INTERNAL; 2; 5; 3; 8310; INPUT; 1; 2; 1; 2063
INTERNAL; 2; 5; 3; 8310; INPUT; 1; 2; 1; 7678
INTERNAL; 3; 6; 3; 3814; INPUT; 1; 5; 4; 2827
INTERNAL; 3; 6; 3; 3814; INPUT; 1; 5; 4; 5998
INTERNAL; 3; 6; 3; 3814; INTERNAL; 2; 5; 3; 6125
INTERNAL; 2; 5; 3; 6125; INPUT; 1; 3; 2; 3692
INTERNAL; 2; 5; 3; 6125; INPUT; 1; 3; 2; 5196
INTERNAL; 2; 5; 3; 6125; INPUT; 1; 3; 2; 6076
INTERNAL; 3; 6; 3; 3814; INPUT; 1; 5; 4; 5995
INTERNAL; 6; 8; 2; 5457; INTERNAL; 5; 7; 2; 6115
INTERNAL; 5; 7; 2; 6115; INTERNAL; 3; 6; 3; 3105
INTERNAL; 3; 6; 3; 3105; INTERNAL; 2; 5; 3; 4541
INTERNAL; 2; 5; 3; 4541; INPUT; 1; 2; 1; 7212
INTERNAL; 2; 5; 3; 4541; INPUT; 1; 3; 2; 2629
INTERNAL; 2; 5; 3; 4541; INPUT; 1; 2; 1; 2628
INTERNAL; 3; 6; 3; 3105; INPUT; 1; 5; 4; 5754
INTERNAL; 3; 6; 3; 3105; INPUT; 1; 5; 4; 5973
INTERNAL; 3; 6; 3; 3105; INPUT; 1; 5; 4; 6458
INTERNAL; 3; 6; 3; 3105; INTERNAL; 2; 5; 3; 6122
INTERNAL; 7; 9; 2; 6165; INTERNAL; 6; 8; 2; 4827
INTERNAL; 6; 8; 2; 4827; INTERNAL; 5; 7; 2; 6134
INTERNAL; 5; 7; 2; 6134; INTERNAL; 4; 6; 2; 2371
INTERNAL; 4; 6; 2; 2371; INTERNAL; 3; 5; 2; 6135
INTERNAL; 3; 5; 2; 6135; INPUT; 1; 4; 3; 5322
INTERNAL; 3; 5; 2; 6135; INPUT; 1; 4; 3; 3145
INTERNAL; 3; 5; 2; 6135; INPUT; 1; 4; 3; 5438
INTERNAL; 4; 6; 2; 2371; INTERNAL; 3; 5; 2; 7573
INTERNAL; 3; 5; 2; 7573; INPUT; 1; 2; 1; 3934
INTERNAL; 3; 5; 2; 7573; INTERNAL; 2; 4; 2; 6137
INTERNAL; 2; 4; 2; 6137; INPUT; 1; 1; 0; 4047
INTERNAL; 2; 4; 2; 6137; INPUT; 1; 1; 0; 4216
INTERNAL; 3; 5; 2; 7573; INPUT; 1; 2; 1; 7881
INTERNAL; 6; 8; 2; 4827; INTERNAL; 4; 7; 3; 4300
INTERNAL; 4; 7; 3; 4300; INTERNAL; 3; 6; 3; 2976
INTERNAL; 7; 9; 2; 6165; INTERNAL; 6; 8; 2; 5363
INTERNAL; 6; 8; 2; 5363; INTERNAL; 2; 4; 2; 2397
INTERNAL; 2; 4; 2; 2397; INPUT; 1; 3; 2; 3319
INTERNAL; 2; 4; 2; 2397; INPUT; 1; 3; 2; 6186
INTERNAL; 2; 4; 2; 2397; INPUT; 1; 3; 2; 7530
INTERNAL; 2; 4; 2; 2397; INPUT; 1; 3; 2; 7833
INTERNAL; 6; 8; 2; 5363; INTERNAL; 3; 7; 4; 3103
INTERNAL; 3; 7; 4; 3103; INTERNAL; 2; 6; 4; 4054
INTERNAL; 3; 7; 4; 3103; INPUT; 1; 4; 3; 5047
INTERNAL; 3; 7; 4; 3103; INPUT; 1; 4; 3; 8221
INTERNAL; 3; 7; 4; 3103; INTERNAL; 2; 5; 3; 5596
INTERNAL; 2; 5; 3; 5596; INPUT; 1; 4; 3; 4304
INTERNAL; 2; 5; 3; 5596; INPUT; 1; 3; 2; 6038
INTERNAL; 2; 5; 3; 5596; INPUT; 1; 4; 3; 3811
INTERNAL; 2; 5; 3; 5596; INPUT; 1; 3; 2; 3715
INTERNAL; 3; 7; 4; 3103; INPUT; 1; 3; 2; 4875
INTERNAL; 6; 8; 2; 5363; INTERNAL; 5; 7; 2; 3690
INTERNAL; 5; 7; 2; 3690; INTERNAL; 4; 6; 2; 6128
INTERNAL; 4; 6; 2; 6128; INTERNAL; 2; 5; 3; 3406
INTERNAL; 2; 5; 3; 3406; INPUT; 1; 4; 3; 2726
INTERNAL; 4; 6; 2; 6128; INTERNAL; 3; 5; 2; 6039
INTERNAL; 3; 5; 2; 6039; INPUT; 1; 4; 3; 3064
INTERNAL; 3; 5; 2; 6039; INPUT; 1; 4; 3; 3483
INTERNAL; 3; 5; 2; 6039; INTERNAL; 2; 4; 2; 2422
INTERNAL; 2; 4; 2; 2422; INPUT; 1; 3; 2; 2461
INTERNAL; 2; 4; 2; 2422; INPUT; 1; 3; 2; 7191
INTERNAL; 5; 7; 2; 3690; INTERNAL; 3; 5; 2; 2816
INTERNAL; 3; 5; 2; 2816; INPUT; 1; 4; 3; 4900
INTERNAL; 3; 5; 2; 2816; INPUT; 1; 4; 3; 6063
INTERNAL; 3; 5; 2; 2816; INTERNAL; 2; 4; 2; 6064
INTERNAL; 2; 4; 2; 6064; INPUT; 1; 3; 2; 6065
INTERNAL; 2; 4; 2; 6064; INPUT; 1; 3; 2; 3678
INTERNAL; 5; 7; 2; 3690; INTERNAL; 4; 6; 2; 4367
INTERNAL; 4; 6; 2; 4367; INTERNAL; 3; 5; 2; 6034
INTERNAL; 3; 5; 2; 6034; INPUT; 1; 4; 3; 2129
INTERNAL; 3; 5; 2; 6034; INPUT; 1; 4; 3; 3011
INTERNAL; 4; 6; 2; 4367; INPUT; 1; 5; 4; 6032
INTERNAL; 4; 6; 2; 4367; INTERNAL; 3; 5; 2; 6131
INTERNAL; 3; 5; 2; 6131; INTERNAL; 2; 4; 2; 2953
INTERNAL; 2; 4; 2; 2953; INPUT; 1; 3; 2; 2773
INTERNAL; 2; 4; 2; 2953; INPUT; 1; 3; 2; 4358
INTERNAL; 2; 4; 2; 2953; INPUT; 1; 3; 2; 3317
INTERNAL; 2; 4; 2; 2953; INPUT; 1; 3; 2; 3463
INTERNAL; 3; 5; 2; 6131; INPUT; 1; 4; 3; 7605
INTERNAL; 3; 5; 2; 6131; INPUT; 1; 4; 3; 3943
INTERNAL; 4; 6; 2; 4367; INTERNAL; 2; 5; 3; 6030
INTERNAL; 6; 8; 2; 5363; INPUT; 1; 3; 2; 5555
INTERNAL; 10; 11; 1; 6187; INTERNAL; 9; 10; 1; 6074
INTERNAL; 9; 10; 1; 6074; INTERNAL; 7; 8; 1; 3324
INTERNAL; 9; 10; 1; 6074; INTERNAL; 8; 8; 0; 5382
INTERNAL; 8; 8; 0; 5382; INTERNAL; 7; 7; 0; 5592
INTERNAL; 7; 7; 0; 5592; INTERNAL; 6; 6; 0; 2930
INTERNAL; 6; 6; 0; 2930; INTERNAL; 5; 5; 0; 2388
INTERNAL; 5; 5; 0; 2388; INTERNAL; 4; 4; 0; 2376
INTERNAL; 4; 4; 0; 2376; INTERNAL; 3; 3; 0; 2630
INTERNAL; 3; 3; 0; 2630; INPUT; 1; 2; 1; 2951
INTERNAL; 3; 3; 0; 2630; INTERNAL; 2; 2; 0; 2715
INTERNAL; 2; 2; 0; 2715; INPUT; 1; 1; 0; 2861
INTERNAL; 2; 2; 0; 2715; INPUT; 1; 1; 0; 3235
INTERNAL; 3; 3; 0; 2630; INPUT; 1; 2; 1; 3135
INTERNAL; 5; 5; 0; 2388; INTERNAL; 2; 4; 2; 2380
INTERNAL; 2; 4; 2; 2380; INPUT; 1; 3; 2; 5349
INTERNAL; 2; 4; 2; 2380; INPUT; 1; 3; 2; 4649
INTERNAL; 2; 4; 2; 2380; INPUT; 1; 3; 2; 3219
INTERNAL; 2; 4; 2; 2380; INPUT; 1; 3; 2; 4115
INTERNAL; 6; 6; 0; 2930; INTERNAL; 3; 5; 2; 6528
INTERNAL; 3; 5; 2; 6528; INPUT; 1; 4; 3; 8168
INTERNAL; 3; 5; 2; 6528; INPUT; 1; 4; 3; 3703
INTERNAL; 3; 5; 2; 6528; INPUT; 1; 4; 3; 6221
INTERNAL; 3; 5; 2; 6528; INPUT; 1; 4; 3; 2719
INTERNAL; 6; 6; 0; 2930; INTERNAL; 4; 5; 1; 2389
INTERNAL; 4; 5; 1; 2389; INPUT; 1; 4; 3; 2373
INTERNAL; 4; 5; 1; 2389; INPUT; 1; 4; 3; 4562
INTERNAL; 7; 7; 0; 5592; INTERNAL; 4; 6; 2; 5112
INTERNAL; 4; 6; 2; 5112; INPUT; 1; 5; 4; 4876
INTERNAL; 7; 7; 0; 5592; INTERNAL; 3; 6; 3; 2400
INTERNAL; 3; 6; 3; 2400; INPUT; 1; 5; 4; 3289
INTERNAL; 3; 6; 3; 2400; INTERNAL; 2; 5; 3; 3039
INTERNAL; 2; 5; 3; 3039; INPUT; 1; 3; 2; 3833
INTERNAL; 2; 5; 3; 3039; INPUT; 1; 3; 2; 4051
INTERNAL; 2; 5; 3; 3039; INPUT; 1; 3; 2; 3900
INTERNAL; 2; 5; 3; 3039; INPUT; 1; 3; 2; 4638
INTERNAL; 3; 6; 3; 2400; INPUT; 1; 5; 4; 2797
INTERNAL; 3; 6; 3; 2400; INPUT; 1; 4; 3; 5580
INTERNAL; 3; 6; 3; 2400; INPUT; 1; 5; 4; 4382
INTERNAL; 8; 8; 0; 5382; INTERNAL; 6; 7; 1; 3935
INTERNAL; 6; 7; 1; 3935; INTERNAL; 3; 6; 3; 3132
INTERNAL; 3; 6; 3; 3132; INTERNAL; 2; 5; 3; 2313
INTERNAL; 2; 5; 3; 2313; INPUT; 1; 4; 3; 6621
INTERNAL; 2; 5; 3; 2313; INPUT; 1; 4; 3; 2310
INTERNAL; 3; 6; 3; 3132; INTERNAL; 2; 5; 3; 5212
INTERNAL; 2; 5; 3; 5212; INPUT; 1; 3; 2; 8110
INTERNAL; 2; 5; 3; 5212; INPUT; 1; 3; 2; 4534
INTERNAL; 2; 5; 3; 5212; INPUT; 1; 3; 2; 3566
INTERNAL; 2; 5; 3; 5212; INPUT; 1; 3; 2; 2694
INTERNAL; 3; 6; 3; 3132; INTERNAL; 2; 5; 3; 2497
INTERNAL; 6; 7; 1; 3935; INTERNAL; 3; 6; 3; 2335
INTERNAL; 3; 6; 3; 2335; INTERNAL; 2; 5; 3; 2871
INTERNAL; 2; 5; 3; 2871; INPUT; 1; 4; 3; 2866
INTERNAL; 2; 5; 3; 2871; INPUT; 1; 4; 3; 7957
INTERNAL; 2; 5; 3; 2871; INPUT; 1; 4; 3; 2864
INTERNAL; 2; 5; 3; 2871; INPUT; 1; 4; 3; 5213
INTERNAL; 3; 6; 3; 2335; INTERNAL; 2; 5; 3; 2317
INTERNAL; 2; 5; 3; 2317; INPUT; 1; 4; 3; 2514
INTERNAL; 2; 5; 3; 2317; INPUT; 1; 4; 3; 2750
INTERNAL; 2; 5; 3; 2317; INPUT; 1; 4; 3; 3270
INTERNAL; 2; 5; 3; 2317; INPUT; 1; 4; 3; 4652
INTERNAL; 3; 6; 3; 2335; INTERNAL; 2; 5; 3; 7324
INTERNAL; 2; 5; 3; 7324; INPUT; 1; 4; 3; 5265
INTERNAL; 2; 5; 3; 7324; INPUT; 1; 3; 2; 6540
INTERNAL; 2; 5; 3; 7324; INPUT; 1; 3; 2; 5599
INTERNAL; 2; 5; 3; 7324; INPUT; 1; 3; 2; 5432
INTERNAL; 6; 7; 1; 3935; INTERNAL; 2; 6; 4; 5839
INTERNAL; 2; 6; 4; 5839; INPUT; 1; 2; 1; 4207
INTERNAL; 2; 6; 4; 5839; INPUT; 1; 2; 1; 3467
INTERNAL; 2; 6; 4; 5839; INPUT; 1; 3; 2; 4560
INTERNAL; 2; 6; 4; 5839; INPUT; 1; 3; 2; 3774
INTERNAL; 6; 7; 1; 3935; INTERNAL; 5; 6; 1; 2774
INTERNAL; 5; 6; 1; 2774; INTERNAL; 3; 5; 2; 2443
INTERNAL; 3; 5; 2; 2443; INPUT; 1; 4; 3; 4786
INTERNAL; 3; 5; 2; 2443; INPUT; 1; 4; 3; 2959
INTERNAL; 3; 5; 2; 2443; INTERNAL; 2; 4; 2; 2321
INTERNAL; 3; 5; 2; 2443; INTERNAL; 2; 4; 2; 6130
INTERNAL; 2; 4; 2; 6130; INPUT; 1; 3; 2; 4088
INTERNAL; 2; 4; 2; 6130; INPUT; 1; 3; 2; 8253
INTERNAL; 2; 4; 2; 6130; INPUT; 1; 3; 2; 4792
INTERNAL; 2; 4; 2; 6130; INPUT; 1; 3; 2; 5361
INTERNAL; 3; 5; 2; 2443; INPUT; 1; 4; 3; 5543
INTERNAL; 3; 5; 2; 2443; INTERNAL; 2; 4; 2; 2320
INTERNAL; 2; 4; 2; 2320; INPUT; 1; 3; 2; 5487
INTERNAL; 2; 4; 2; 2320; INPUT; 1; 3; 2; 4018
INTERNAL; 2; 4; 2; 2320; INPUT; 1; 3; 2; 5474
INTERNAL; 5; 6; 1; 2774; INTERNAL; 3; 5; 2; 7897
INTERNAL; 3; 5; 2; 7897; INTERNAL; 2; 3; 1; 5299
INTERNAL; 2; 3; 1; 5299; INPUT; 1; 2; 1; 3989
INTERNAL; 2; 3; 1; 5299; INPUT; 1; 2; 1; 3466
INTERNAL; 2; 3; 1; 5299; INPUT; 1; 2; 1; 5471
INTERNAL; 2; 3; 1; 5299; INPUT; 1; 2; 1; 4007
INTERNAL; 5; 6; 1; 2774; INTERNAL; 4; 5; 1; 6688
INTERNAL; 4; 5; 1; 6688; INTERNAL; 2; 4; 2; 2327
INTERNAL; 4; 5; 1; 6688; INPUT; 1; 3; 2; 4800
INTERNAL; 4; 5; 1; 6688; INPUT; 1; 3; 2; 5178
INTERNAL; 4; 5; 1; 6688; INPUT; 1; 3; 2; 3328
INTERNAL; 4; 5; 1; 6688; INPUT; 1; 3; 2; 4979
INTERNAL; 5; 6; 1; 2774; INTERNAL; 2; 5; 3; 4852
INTERNAL; 2; 5; 3; 4852; INPUT; 1; 4; 3; 3180
INTERNAL; 2; 5; 3; 4852; INPUT; 1; 4; 3; 2466
INTERNAL; 2; 5; 3; 4852; INPUT; 1; 4; 3; 3520
INTERNAL; 5; 6; 1; 2774; INTERNAL; 4; 5; 1; 2331
INTERNAL; 4; 5; 1; 2331; INPUT; 1; 4; 3; 4123
INTERNAL; 4; 5; 1; 2331; INTERNAL; 2; 4; 2; 3612
INTERNAL; 2; 4; 2; 3612; INPUT; 1; 3; 2; 5521
INTERNAL; 2; 4; 2; 3612; INPUT; 1; 3; 2; 4586
INTERNAL; 2; 4; 2; 3612; INPUT; 1; 3; 2; 6797
INTERNAL; 2; 4; 2; 3612; INPUT; 1; 3; 2; 3246
INTERNAL; 4; 5; 1; 2331; INPUT; 1; 4; 3; 2950
INTERNAL; 4; 5; 1; 2331; INPUT; 1; 4; 3; 7315
INTERNAL; 5; 6; 1; 2774; INTERNAL; 3; 5; 2; 2333
INTERNAL; 3; 5; 2; 2333; INPUT; 1; 2; 1; 3030
INTERNAL; 3; 5; 2; 2333; INPUT; 1; 2; 1; 2041
INTERNAL; 3; 5; 2; 2333; INPUT; 1; 2; 1; 5027
INTERNAL; 6; 7; 1; 3935; INTERNAL; 2; 6; 4; 7676
INTERNAL; 2; 6; 4; 7676; INPUT; 1; 4; 3; 2308
INTERNAL; 2; 6; 4; 7676; INPUT; 1; 4; 3; 5014
INTERNAL; 2; 6; 4; 7676; INPUT; 1; 4; 3; 2353
INTERNAL; 8; 8; 0; 5382; INTERNAL; 6; 7; 1; 4606
INTERNAL; 6; 7; 1; 4606; INTERNAL; 3; 6; 3; 5036
INTERNAL; 3; 6; 3; 5036; INTERNAL; 2; 5; 3; 2307
INTERNAL; 2; 5; 3; 2307; INPUT; 1; 4; 3; 2299
INTERNAL; 2; 5; 3; 2307; INPUT; 1; 4; 3; 3223
INTERNAL; 2; 5; 3; 2307; INPUT; 1; 4; 3; 4080
INTERNAL; 2; 5; 3; 2307; INPUT; 1; 4; 3; 7775
INTERNAL; 3; 6; 3; 5036; INTERNAL; 2; 5; 3; 2286
INTERNAL; 2; 5; 3; 2286; INPUT; 1; 3; 2; 2245
INTERNAL; 2; 5; 3; 2286; INPUT; 1; 3; 2; 8347
INTERNAL; 2; 5; 3; 2286; INPUT; 1; 3; 2; 7070
INTERNAL; 6; 7; 1; 4606; INTERNAL; 4; 6; 2; 5727
INTERNAL; 4; 6; 2; 5727; INTERNAL; 2; 5; 3; 2293
INTERNAL; 2; 5; 3; 2293; INPUT; 1; 4; 3; 3311
INTERNAL; 2; 5; 3; 2293; INPUT; 1; 4; 3; 3675
INTERNAL; 2; 5; 3; 2293; INPUT; 1; 4; 3; 5333
INTERNAL; 4; 6; 2; 5727; INTERNAL; 3; 5; 2; 7488
INTERNAL; 3; 5; 2; 7488; INTERNAL; 2; 4; 2; 2444
INTERNAL; 2; 4; 2; 2444; INPUT; 1; 3; 2; 4629
INTERNAL; 2; 4; 2; 2444; INPUT; 1; 3; 2; 2495
INTERNAL; 2; 4; 2; 2444; INPUT; 1; 3; 2; 6133
INTERNAL; 4; 6; 2; 5727; INTERNAL; 2; 5; 3; 4069
INTERNAL; 2; 5; 3; 4069; INPUT; 1; 4; 3; 4188
INTERNAL; 2; 5; 3; 4069; INPUT; 1; 4; 3; 5084
INTERNAL; 2; 5; 3; 4069; INPUT; 1; 4; 3; 7347
INTERNAL; 4; 6; 2; 5727; INTERNAL; 3; 5; 2; 2298
INTERNAL; 3; 5; 2; 2298; INPUT; 1; 4; 3; 4836
INTERNAL; 3; 5; 2; 2298; INPUT; 1; 4; 3; 2347
INTERNAL; 3; 5; 2; 2298; INTERNAL; 2; 4; 2; 7584
INTERNAL; 2; 4; 2; 7584; INPUT; 1; 3; 2; 2291
INTERNAL; 2; 4; 2; 7584; INPUT; 1; 3; 2; 3848
INTERNAL; 2; 4; 2; 7584; INPUT; 1; 3; 2; 4254
INTERNAL; 3; 5; 2; 2298; INPUT; 1; 4; 3; 3078
INTERNAL; 3; 5; 2; 2298; INPUT; 1; 4; 3; 2860
INTERNAL; 4; 6; 2; 5727; INTERNAL; 3; 5; 2; 3193
INTERNAL; 3; 5; 2; 3193; INTERNAL; 2; 4; 2; 5619
INTERNAL; 6; 7; 1; 4606; INTERNAL; 5; 6; 1; 2194
INTERNAL; 5; 6; 1; 2194; INTERNAL; 3; 4; 1; 3515
INTERNAL; 3; 4; 1; 3515; INTERNAL; 2; 3; 1; 2038
INTERNAL; 2; 3; 1; 2038; INPUT; 1; 2; 1; 5561
INTERNAL; 2; 3; 1; 2038; INPUT; 1; 2; 1; 3314
INTERNAL; 3; 4; 1; 3515; INPUT; 1; 3; 2; 3990
INTERNAL; 3; 4; 1; 3515; INPUT; 1; 3; 2; 3416
INTERNAL; 5; 6; 1; 2194; INTERNAL; 2; 5; 3; 5224
INTERNAL; 5; 6; 1; 2194; INTERNAL; 4; 5; 1; 5567
INTERNAL; 4; 5; 1; 5567; INTERNAL; 2; 4; 2; 3561
INTERNAL; 2; 4; 2; 3561; INPUT; 1; 3; 2; 6079
INTERNAL; 2; 4; 2; 3561; INPUT; 1; 3; 2; 2493
INTERNAL; 2; 4; 2; 3561; INPUT; 1; 3; 2; 2303
INTERNAL; 2; 4; 2; 3561; INPUT; 1; 3; 2; 4644
INTERNAL; 4; 5; 1; 5567; INTERNAL; 2; 4; 2; 4370
INTERNAL; 6; 7; 1; 4606; INTERNAL; 3; 6; 3; 3964
INTERNAL; 3; 6; 3; 3964; INPUT; 1; 3; 2; 5472
INTERNAL; 3; 6; 3; 3964; INTERNAL; 2; 5; 3; 5138
INTERNAL; 3; 6; 3; 3964; INPUT; 1; 3; 2; 5473
INTERNAL; 3; 6; 3; 3964; INPUT; 1; 3; 2; 4769
INTERNAL; 9; 10; 1; 6074; INTERNAL; 4; 8; 4; 5559
INTERNAL; 4; 8; 4; 5559; INTERNAL; 2; 6; 4; 2772
INTERNAL; 4; 8; 4; 5559; INTERNAL; 2; 6; 4; 2208
INTERNAL; 2; 6; 4; 2208; INPUT; 1; 4; 3; 3897
INTERNAL; 2; 6; 4; 2208; INPUT; 1; 4; 3; 4291
INTERNAL; 2; 6; 4; 2208; INPUT; 1; 4; 3; 2207
INTERNAL; 2; 6; 4; 2208; INPUT; 1; 4; 3; 4229
INTERNAL; 4; 8; 4; 5559; INTERNAL; 3; 7; 4; 3886
INTERNAL; 3; 7; 4; 3886; INPUT; 1; 4; 3; 5498
INTERNAL; 3; 7; 4; 3886; INPUT; 1; 4; 3; 3959
INTERNAL; 3; 7; 4; 3886; INTERNAL; 2; 3; 1; 4263
INTERNAL; 2; 3; 1; 4263; INPUT; 1; 2; 1; 3057
INTERNAL; 2; 3; 1; 4263; INPUT; 1; 2; 1; 2987
INTERNAL; 3; 7; 4; 3886; INPUT; 1; 4; 3; 4549
INTERNAL; 3; 7; 4; 3886; INTERNAL; 2; 6; 4; 7956
INTERNAL; 3; 7; 4; 3886; INTERNAL; 2; 6; 4; 4004
INTERNAL; 4; 8; 4; 5559; INTERNAL; 3; 4; 1; 4745
INTERNAL; 3; 4; 1; 4745; INTERNAL; 2; 3; 1; 3354
INTERNAL; 2; 3; 1; 3354; INPUT; 1; 2; 1; 4959
INTERNAL; 2; 3; 1; 3354; INPUT; 1; 2; 1; 4590
INTERNAL; 3; 4; 1; 4745; INPUT; 1; 3; 2; 3871
INTERNAL; 3; 4; 1; 4745; INPUT; 1; 3; 2; 4309
INTERNAL; 4; 8; 4; 5559; INTERNAL; 2; 6; 4; 5097
INTERNAL; 2; 6; 4; 5097; INPUT; 1; 4; 3; 3374
INTERNAL; 2; 6; 4; 5097; INPUT; 1; 3; 2; 7708
INTERNAL; 2; 6; 4; 5097; INPUT; 1; 4; 3; 3313
INTERNAL; 2; 6; 4; 5097; INPUT; 1; 3; 2; 2960
INTERNAL; 10; 11; 1; 6187; INTERNAL; 9; 10; 1; 4924
INTERNAL; 9; 10; 1; 4924; INTERNAL; 7; 9; 2; 6608
INTERNAL; 7; 9; 2; 6608; INTERNAL; 6; 7; 1; 4352
INTERNAL; 6; 7; 1; 4352; INTERNAL; 2; 6; 4; 4886
INTERNAL; 6; 7; 1; 4352; INTERNAL; 2; 6; 4; 2162
INTERNAL; 2; 6; 4; 2162; INPUT; 1; 4; 3; 2136
INTERNAL; 2; 6; 4; 2162; INPUT; 1; 5; 4; 5560
INTERNAL; 2; 6; 4; 2162; INPUT; 1; 5; 4; 2228
INTERNAL; 2; 6; 4; 2162; INPUT; 1; 4; 3; 4906
INTERNAL; 6; 7; 1; 4352; INTERNAL; 5; 6; 1; 6576
INTERNAL; 5; 6; 1; 6576; INTERNAL; 4; 5; 1; 3793
INTERNAL; 4; 5; 1; 3793; INTERNAL; 3; 4; 1; 7854
INTERNAL; 3; 4; 1; 7854; INPUT; 1; 3; 2; 5984
INTERNAL; 3; 4; 1; 7854; INPUT; 1; 3; 2; 3869
INTERNAL; 3; 4; 1; 7854; INTERNAL; 2; 3; 1; 2197
INTERNAL; 2; 3; 1; 2197; INPUT; 1; 2; 1; 2599
INTERNAL; 2; 3; 1; 2197; INPUT; 1; 2; 1; 2855
INTERNAL; 4; 5; 1; 3793; INTERNAL; 2; 4; 2; 4996
INTERNAL; 2; 4; 2; 4996; INPUT; 1; 3; 2; 3002
INTERNAL; 2; 4; 2; 4996; INPUT; 1; 3; 2; 3606
INTERNAL; 2; 4; 2; 4996; INPUT; 1; 3; 2; 3000
INTERNAL; 2; 4; 2; 4996; INPUT; 1; 3; 2; 3641
INTERNAL; 4; 5; 1; 3793; INTERNAL; 2; 4; 2; 2660
INTERNAL; 2; 4; 2; 2660; INPUT; 1; 3; 2; 4678
INTERNAL; 5; 6; 1; 6576; INPUT; 1; 5; 4; 2283
INTERNAL; 5; 6; 1; 6576; INPUT; 1; 5; 4; 6040
INTERNAL; 5; 6; 1; 6576; INPUT; 1; 5; 4; 2160
INTERNAL; 5; 6; 1; 6576; INPUT; 1; 5; 4; 4097
INTERNAL; 5; 6; 1; 6576; INTERNAL; 3; 5; 2; 5187
INTERNAL; 6; 7; 1; 4352; INTERNAL; 5; 6; 1; 2569
INTERNAL; 5; 6; 1; 2569; INTERNAL; 3; 5; 2; 6756
INTERNAL; 3; 5; 2; 6756; INTERNAL; 2; 4; 2; 4545
INTERNAL; 5; 6; 1; 2569; INTERNAL; 2; 5; 3; 4843
INTERNAL; 5; 6; 1; 2569; INTERNAL; 4; 5; 1; 5768
INTERNAL; 4; 5; 1; 5768; INTERNAL; 3; 4; 1; 5945
INTERNAL; 3; 4; 1; 5945; INPUT; 1; 3; 2; 7809
INTERNAL; 3; 4; 1; 5945; INTERNAL; 2; 3; 1; 5982
INTERNAL; 2; 3; 1; 5982; INPUT; 1; 2; 1; 4527
INTERNAL; 3; 4; 1; 5945; INTERNAL; 2; 3; 1; 2337
INTERNAL; 2; 3; 1; 2337; INPUT; 1; 2; 1; 5977
INTERNAL; 2; 3; 1; 2337; INPUT; 1; 2; 1; 4767
INTERNAL; 2; 3; 1; 2337; INPUT; 1; 2; 1; 2139
INTERNAL; 2; 3; 1; 2337; INPUT; 1; 2; 1; 2141
INTERNAL; 3; 4; 1; 5945; INPUT; 1; 3; 2; 2188
INTERNAL; 3; 4; 1; 5945; INPUT; 1; 3; 2; 4385
INTERNAL; 3; 4; 1; 5945; INPUT; 1; 3; 2; 2788
INTERNAL; 4; 5; 1; 5768; INPUT; 1; 3; 2; 5564
INTERNAL; 4; 5; 1; 5768; INPUT; 1; 3; 2; 3791
INTERNAL; 4; 5; 1; 5768; INPUT; 1; 3; 2; 2035
INTERNAL; 5; 6; 1; 2569; INTERNAL; 2; 5; 3; 2153
INTERNAL; 5; 6; 1; 2569; INTERNAL; 4; 5; 1; 4683
INTERNAL; 4; 5; 1; 4683; INTERNAL; 2; 3; 1; 3188
INTERNAL; 2; 3; 1; 3188; INPUT; 1; 2; 1; 3736
INTERNAL; 2; 3; 1; 3188; INPUT; 1; 2; 1; 5670
INTERNAL; 2; 3; 1; 3188; INPUT; 1; 2; 1; 2147
INTERNAL; 2; 3; 1; 3188; INPUT; 1; 2; 1; 5273
INTERNAL; 4; 5; 1; 4683; INTERNAL; 2; 4; 2; 4089
INTERNAL; 4; 5; 1; 4683; INTERNAL; 3; 4; 1; 8026
INTERNAL; 3; 4; 1; 8026; INPUT; 1; 3; 2; 3577
INTERNAL; 3; 4; 1; 8026; INPUT; 1; 3; 2; 4625
INTERNAL; 3; 4; 1; 8026; INPUT; 1; 3; 2; 5485
INTERNAL; 3; 4; 1; 8026; INPUT; 1; 3; 2; 4992
INTERNAL; 5; 6; 1; 2569; INPUT; 1; 4; 3; 3014
INTERNAL; 6; 7; 1; 4352; INTERNAL; 4; 6; 2; 2874
INTERNAL; 4; 6; 2; 2874; INPUT; 1; 4; 3; 5059
INTERNAL; 4; 6; 2; 2874; INPUT; 1; 4; 3; 5455
INTERNAL; 4; 6; 2; 2874; INTERNAL; 3; 5; 2; 2138
INTERNAL; 3; 5; 2; 2138; INTERNAL; 2; 4; 2; 5657
INTERNAL; 6; 7; 1; 4352; INTERNAL; 2; 5; 3; 2267
INTERNAL; 7; 9; 2; 6608; INTERNAL; 6; 7; 1; 2116
INTERNAL; 6; 7; 1; 2116; INTERNAL; 2; 5; 3; 5607
INTERNAL; 2; 5; 3; 5607; INPUT; 1; 4; 3; 4566
INTERNAL; 2; 5; 3; 5607; INPUT; 1; 4; 3; 4082
INTERNAL; 2; 5; 3; 5607; INPUT; 1; 4; 3; 8329
INTERNAL; 2; 5; 3; 5607; INPUT; 1; 4; 3; 5070
INTERNAL; 6; 7; 1; 2116; INTERNAL; 2; 6; 4; 2326
INTERNAL; 6; 7; 1; 2116; INTERNAL; 5; 6; 1; 2201
INTERNAL; 5; 6; 1; 2201; INTERNAL; 3; 5; 2; 5189
INTERNAL; 3; 5; 2; 5189; INPUT; 1; 4; 3; 5307
INTERNAL; 3; 5; 2; 5189; INPUT; 1; 4; 3; 4795
INTERNAL; 3; 5; 2; 5189; INPUT; 1; 4; 3; 2189
INTERNAL; 3; 5; 2; 5189; INPUT; 1; 4; 3; 4585
INTERNAL; 5; 6; 1; 2201; INTERNAL; 2; 5; 3; 4616
INTERNAL; 2; 5; 3; 4616; INPUT; 1; 4; 3; 5291
INTERNAL; 2; 5; 3; 4616; INPUT; 1; 4; 3; 4219
INTERNAL; 5; 6; 1; 2201; INPUT; 1; 3; 2; 3841
INTERNAL; 5; 6; 1; 2201; INTERNAL; 4; 5; 1; 3122
INTERNAL; 4; 5; 1; 3122; INTERNAL; 2; 4; 2; 7006
INTERNAL; 2; 4; 2; 7006; INPUT; 1; 3; 2; 3777
INTERNAL; 2; 4; 2; 7006; INPUT; 1; 3; 2; 2338
INTERNAL; 2; 4; 2; 7006; INPUT; 1; 3; 2; 3065
INTERNAL; 4; 5; 1; 3122; INTERNAL; 3; 4; 1; 3858
INTERNAL; 3; 4; 1; 3858; INTERNAL; 2; 3; 1; 3228
INTERNAL; 4; 5; 1; 3122; INTERNAL; 3; 4; 1; 7739
INTERNAL; 3; 4; 1; 7739; INTERNAL; 2; 3; 1; 2485
INTERNAL; 2; 3; 1; 2485; INPUT; 1; 2; 1; 7797
INTERNAL; 2; 3; 1; 2485; INPUT; 1; 2; 1; 2997
INTERNAL; 2; 3; 1; 2485; INPUT; 1; 2; 1; 7980
INTERNAL; 2; 3; 1; 2485; INPUT; 1; 2; 1; 2191
INTERNAL; 3; 4; 1; 7739; INPUT; 1; 3; 2; 7576
INTERNAL; 5; 6; 1; 2201; INTERNAL; 2; 5; 3; 2296
INTERNAL; 6; 7; 1; 2116; INTERNAL; 3; 6; 3; 2204
INTERNAL; 3; 6; 3; 2204; INTERNAL; 2; 5; 3; 4928
INTERNAL; 3; 6; 3; 2204; INTERNAL; 2; 5; 3; 6113
INTERNAL; 2; 5; 3; 6113; INPUT; 1; 4; 3; 2655
INTERNAL; 2; 5; 3; 6113; INPUT; 1; 4; 3; 4090
INTERNAL; 2; 5; 3; 6113; INPUT; 1; 4; 3; 3928
INTERNAL; 6; 7; 1; 2116; INTERNAL; 3; 6; 3; 2202
INTERNAL; 3; 6; 3; 2202; INTERNAL; 2; 5; 3; 2182
INTERNAL; 3; 6; 3; 2202; INPUT; 1; 5; 4; 8057
INTERNAL; 3; 6; 3; 2202; INPUT; 1; 5; 4; 7384
INTERNAL; 3; 6; 3; 2202; INPUT; 1; 5; 4; 4627
INTERNAL; 3; 6; 3; 2202; INPUT; 1; 5; 4; 3227
INTERNAL; 3; 6; 3; 2202; INTERNAL; 2; 5; 3; 7239
INTERNAL; 2; 5; 3; 7239; INPUT; 1; 3; 2; 4071
INTERNAL; 2; 5; 3; 7239; INPUT; 1; 3; 2; 4568
INTERNAL; 2; 5; 3; 7239; INPUT; 1; 4; 3; 5597
INTERNAL; 7; 9; 2; 6608; INTERNAL; 6; 7; 1; 2705
INTERNAL; 6; 7; 1; 2705; INTERNAL; 2; 6; 4; 2453
INTERNAL; 2; 6; 4; 2453; INPUT; 1; 5; 4; 5168
INTERNAL; 2; 6; 4; 2453; INPUT; 1; 5; 4; 2980
INTERNAL; 6; 7; 1; 2705; INTERNAL; 2; 6; 4; 2897
INTERNAL; 6; 7; 1; 2705; INTERNAL; 5; 6; 1; 2180
INTERNAL; 5; 6; 1; 2180; INTERNAL; 4; 5; 1; 4222
INTERNAL; 4; 5; 1; 4222; INTERNAL; 2; 4; 2; 2698
INTERNAL; 2; 4; 2; 2698; INPUT; 1; 2; 1; 5371
INTERNAL; 2; 4; 2; 2698; INPUT; 1; 2; 1; 3628
INTERNAL; 4; 5; 1; 4222; INTERNAL; 3; 4; 1; 4050
INTERNAL; 3; 4; 1; 4050; INTERNAL; 2; 3; 1; 7516
INTERNAL; 2; 3; 1; 7516; INPUT; 1; 2; 1; 3948
INTERNAL; 3; 4; 1; 4050; INTERNAL; 2; 3; 1; 2413
INTERNAL; 4; 5; 1; 4222; INPUT; 1; 3; 2; 2080
INTERNAL; 4; 5; 1; 4222; INTERNAL; 2; 4; 2; 2609
INTERNAL; 2; 4; 2; 2609; INPUT; 1; 3; 2; 7992
INTERNAL; 2; 4; 2; 2609; INPUT; 1; 3; 2; 6264
INTERNAL; 2; 4; 2; 2609; INPUT; 1; 3; 2; 3421
INTERNAL; 2; 4; 2; 2609; INPUT; 1; 3; 2; 5421
INTERNAL; 5; 6; 1; 2180; INTERNAL; 2; 5; 3; 2175
INTERNAL; 2; 5; 3; 2175; INPUT; 1; 3; 2; 3242
INTERNAL; 2; 5; 3; 2175; INPUT; 1; 3; 2; 3963
INTERNAL; 2; 5; 3; 2175; INPUT; 1; 3; 2; 5020
INTERNAL; 5; 6; 1; 2180; INTERNAL; 2; 5; 3; 3924
INTERNAL; 2; 5; 3; 3924; INPUT; 1; 4; 3; 5276
INTERNAL; 2; 5; 3; 3924; INPUT; 1; 4; 3; 2179
INTERNAL; 5; 6; 1; 2180; INTERNAL; 2; 5; 3; 3357
INTERNAL; 2; 5; 3; 3357; INPUT; 1; 4; 3; 4391
INTERNAL; 2; 5; 3; 3357; INPUT; 1; 4; 3; 5030
INTERNAL; 2; 5; 3; 3357; INPUT; 1; 4; 3; 3977
INTERNAL; 5; 6; 1; 2180; INTERNAL; 2; 5; 3; 3382
INTERNAL; 2; 5; 3; 3382; INPUT; 1; 4; 3; 2165
INTERNAL; 2; 5; 3; 3382; INPUT; 1; 4; 3; 2589
INTERNAL; 5; 6; 1; 2180; INTERNAL; 3; 5; 2; 3933
INTERNAL; 3; 5; 2; 3933; INPUT; 1; 4; 3; 5023
INTERNAL; 3; 5; 2; 3933; INPUT; 1; 4; 3; 4520
INTERNAL; 3; 5; 2; 3933; INTERNAL; 2; 4; 2; 2173
INTERNAL; 2; 4; 2; 2173; INPUT; 1; 3; 2; 2170
INTERNAL; 2; 4; 2; 2173; INPUT; 1; 3; 2; 2168
INTERNAL; 9; 10; 1; 4924; INTERNAL; 8; 9; 1; 6075
INTERNAL; 9; 10; 1; 4924; INTERNAL; 7; 9; 2; 6209
INTERNAL; 7; 9; 2; 6209; INTERNAL; 6; 8; 2; 6078
INTERNAL; 6; 8; 2; 6078; INTERNAL; 5; 7; 2; 6080
INTERNAL; 5; 7; 2; 6080; INTERNAL; 2; 6; 4; 4268
INTERNAL; 5; 7; 2; 6080; INTERNAL; 4; 6; 2; 6082
INTERNAL; 5; 7; 2; 6080; INTERNAL; 2; 6; 4; 6081
INTERNAL; 2; 6; 4; 6081; INPUT; 1; 5; 4; 5383
INTERNAL; 2; 6; 4; 6081; INPUT; 1; 5; 4; 5005
INTERNAL; 2; 6; 4; 6081; INPUT; 1; 5; 4; 5522
INTERNAL; 2; 6; 4; 6081; INPUT; 1; 5; 4; 5240
INTERNAL; 7; 9; 2; 6209; INTERNAL; 6; 8; 2; 5679
INTERNAL; 6; 8; 2; 5679; INTERNAL; 5; 7; 2; 2511
INTERNAL; 5; 7; 2; 2511; INTERNAL; 4; 6; 2; 5935
INTERNAL; 4; 6; 2; 5935; INTERNAL; 3; 5; 2; 5801
INTERNAL; 3; 5; 2; 5801; INTERNAL; 2; 4; 2; 5943
INTERNAL; 4; 6; 2; 5935; INTERNAL; 3; 5; 2; 5940
INTERNAL; 3; 5; 2; 5940; INPUT; 1; 3; 2; 3236
INTERNAL; 3; 5; 2; 5940; INPUT; 1; 3; 2; 3442
INTERNAL; 3; 5; 2; 5940; INTERNAL; 2; 4; 2; 6997
INTERNAL; 2; 4; 2; 6997; INPUT; 1; 3; 2; 7032
INTERNAL; 2; 4; 2; 6997; INPUT; 1; 3; 2; 3497
INTERNAL; 4; 6; 2; 5935; INTERNAL; 3; 5; 2; 5938
INTERNAL; 5; 7; 2; 2511; INTERNAL; 3; 4; 1; 2662
INTERNAL; 3; 4; 1; 2662; INPUT; 1; 3; 2; 2989
INTERNAL; 3; 4; 1; 2662; INPUT; 1; 3; 2; 5441
INTERNAL; 5; 7; 2; 2511; INTERNAL; 2; 5; 3; 2047
INTERNAL; 2; 5; 3; 2047; INPUT; 1; 3; 2; 4179
INTERNAL; 2; 5; 3; 2047; INPUT; 1; 3; 2; 6296
INTERNAL; 2; 5; 3; 2047; INPUT; 1; 3; 2; 3838
INTERNAL; 6; 8; 2; 5679; INTERNAL; 5; 7; 2; 2730
INTERNAL; 5; 7; 2; 2730; INTERNAL; 4; 6; 2; 7027
INTERNAL; 4; 6; 2; 7027; INPUT; 1; 4; 3; 3356
INTERNAL; 4; 6; 2; 7027; INTERNAL; 2; 5; 3; 2955
INTERNAL; 2; 5; 3; 2955; INPUT; 1; 4; 3; 7766
INTERNAL; 2; 5; 3; 2955; INPUT; 1; 4; 3; 4002
INTERNAL; 2; 5; 3; 2955; INPUT; 1; 4; 3; 4521
INTERNAL; 2; 5; 3; 2955; INPUT; 1; 4; 3; 5243
INTERNAL; 5; 7; 2; 2730; INTERNAL; 4; 6; 2; 5933
INTERNAL; 4; 6; 2; 5933; INPUT; 1; 3; 2; 4510
INTERNAL; 4; 6; 2; 5933; INPUT; 1; 3; 2; 6717
INTERNAL; 4; 6; 2; 5933; INTERNAL; 2; 5; 3; 2185
INTERNAL; 4; 6; 2; 5933; INPUT; 1; 3; 2; 4889
INTERNAL; 5; 7; 2; 2730; INPUT; 1; 6; 5; 3711
INTERNAL; 6; 8; 2; 5679; INTERNAL; 3; 7; 4; 6084
INTERNAL; 3; 7; 4; 6084; INTERNAL; 2; 6; 4; 7857
INTERNAL; 2; 6; 4; 7857; INPUT; 1; 4; 3; 2830
INTERNAL; 2; 6; 4; 7857; INPUT; 1; 5; 4; 5923
INTERNAL; 2; 6; 4; 7857; INPUT; 1; 4; 3; 5312
INTERNAL; 2; 6; 4; 7857; INPUT; 1; 5; 4; 7824
INTERNAL; 3; 7; 4; 6084; INTERNAL; 2; 6; 4; 5947
INTERNAL; 3; 7; 4; 6084; INTERNAL; 2; 6; 4; 5948
INTERNAL; 2; 6; 4; 5948; INPUT; 1; 2; 1; 4027
INTERNAL; 2; 6; 4; 5948; INPUT; 1; 4; 3; 2777
INTERNAL; 2; 6; 4; 5948; INPUT; 1; 2; 1; 4719
INTERNAL; 2; 6; 4; 5948; INPUT; 1; 2; 1; 4846
INTERNAL; 7; 9; 2; 6209; INTERNAL; 5; 8; 3; 5065
INTERNAL; 5; 8; 3; 5065; INTERNAL; 2; 7; 5; 2837
INTERNAL; 5; 8; 3; 5065; INTERNAL; 4; 7; 3; 6088
INTERNAL; 4; 7; 3; 6088; INPUT; 1; 4; 3; 3358
INTERNAL; 4; 7; 3; 6088; INTERNAL; 3; 6; 3; 6094
INTERNAL; 3; 6; 3; 6094; INPUT; 1; 4; 3; 5248
INTERNAL; 3; 6; 3; 6094; INPUT; 1; 4; 3; 5278
INTERNAL; 3; 6; 3; 6094; INTERNAL; 2; 5; 3; 6096
INTERNAL; 3; 6; 3; 6094; INPUT; 1; 4; 3; 2885
INTERNAL; 4; 7; 3; 6088; INPUT; 1; 4; 3; 5281
INTERNAL; 5; 8; 3; 5065; INTERNAL; 4; 7; 3; 6090
INTERNAL; 4; 7; 3; 6090; INTERNAL; 2; 5; 3; 2051
INTERNAL; 2; 5; 3; 2051; INPUT; 1; 4; 3; 5380
INTERNAL; 2; 5; 3; 2051; INPUT; 1; 4; 3; 7436
INTERNAL; 2; 5; 3; 2051; INPUT; 1; 4; 3; 3168
INTERNAL; 2; 5; 3; 2051; INPUT; 1; 4; 3; 2257
INTERNAL; 4; 7; 3; 6090; INTERNAL; 2; 6; 4; 3172
INTERNAL; 2; 6; 4; 3172; INPUT; 1; 5; 4; 6148
INTERNAL; 2; 6; 4; 3172; INPUT; 1; 5; 4; 3162
INTERNAL; 2; 6; 4; 3172; INPUT; 1; 5; 4; 3155
INTERNAL; 2; 6; 4; 3172; INPUT; 1; 5; 4; 3148
INTERNAL; 4; 7; 3; 6090; INTERNAL; 2; 6; 4; 6735
INTERNAL; 2; 6; 4; 6735; INPUT; 1; 5; 4; 6019
INTERNAL; 2; 6; 4; 6735; INPUT; 1; 5; 4; 4823
INTERNAL; 2; 6; 4; 6735; INPUT; 1; 5; 4; 2540
INTERNAL; 2; 6; 4; 6735; INPUT; 1; 5; 4; 3089
INTERNAL; 4; 7; 3; 6090; INTERNAL; 3; 6; 3; 6003
INTERNAL; 3; 6; 3; 6003; INPUT; 1; 5; 4; 6028
INTERNAL; 3; 6; 3; 6003; INTERNAL; 2; 5; 3; 5792
INTERNAL; 2; 5; 3; 5792; INPUT; 1; 4; 3; 6908
INTERNAL; 2; 5; 3; 5792; INPUT; 1; 4; 3; 2686
INTERNAL; 2; 5; 3; 5792; INPUT; 1; 4; 3; 4623
INTERNAL; 2; 5; 3; 5792; INPUT; 1; 4; 3; 4417
INTERNAL; 4; 7; 3; 6090; INTERNAL; 3; 6; 3; 6016
INTERNAL; 3; 6; 3; 6016; INPUT; 1; 4; 3; 5695
INTERNAL; 3; 6; 3; 6016; INTERNAL; 2; 5; 3; 6466
INTERNAL; 2; 5; 3; 6466; INPUT; 1; 4; 3; 4656
INTERNAL; 2; 5; 3; 6466; INPUT; 1; 4; 3; 4042
INTERNAL; 3; 6; 3; 6016; INPUT; 1; 4; 3; 3199
INTERNAL; 5; 8; 3; 5065; INTERNAL; 3; 7; 4; 7500
INTERNAL; 3; 7; 4; 7500; INTERNAL; 2; 6; 4; 5275
INTERNAL; 3; 7; 4; 7500; INTERNAL; 2; 6; 4; 6023
INTERNAL; 2; 6; 4; 6023; INPUT; 1; 4; 3; 5850
INTERNAL; 2; 6; 4; 6023; INPUT; 1; 3; 2; 4348
INTERNAL; 2; 6; 4; 6023; INPUT; 1; 4; 3; 4872
INTERNAL; 3; 7; 4; 7500; INPUT; 1; 3; 2; 4673
INTERNAL; 5; 8; 3; 5065; INTERNAL; 4; 7; 3; 6013
INTERNAL; 4; 7; 3; 6013; INTERNAL; 3; 5; 2; 2122
INTERNAL; 3; 5; 2; 2122; INPUT; 1; 4; 3; 3914
INTERNAL; 3; 5; 2; 2122; INTERNAL; 2; 4; 2; 7456
INTERNAL; 2; 4; 2; 7456; INPUT; 1; 3; 2; 5090
INTERNAL; 2; 4; 2; 7456; INPUT; 1; 3; 2; 4435
INTERNAL; 3; 5; 2; 2122; INPUT; 1; 4; 3; 6901
INTERNAL; 4; 7; 3; 6013; INTERNAL; 3; 5; 2; 4518
INTERNAL; 3; 5; 2; 4518; INTERNAL; 2; 4; 2; 5247
INTERNAL; 4; 7; 3; 6013; INTERNAL; 2; 6; 4; 6014
INTERNAL; 2; 6; 4; 6014; INPUT; 1; 4; 3; 3512
INTERNAL; 2; 6; 4; 6014; INPUT; 1; 4; 3; 5759
INTERNAL; 2; 6; 4; 6014; INPUT; 1; 4; 3; 3127
INTERNAL; 2; 6; 4; 6014; INPUT; 1; 4; 3; 5738
INTERNAL; 4; 7; 3; 6013; INTERNAL; 3; 6; 3; 2968
INTERNAL; 3; 6; 3; 2968; INPUT; 1; 5; 4; 6404
INTERNAL; 3; 6; 3; 2968; INPUT; 1; 5; 4; 3538
INTERNAL; 3; 6; 3; 2968; INPUT; 1; 5; 4; 5292
INTERNAL; 3; 6; 3; 2968; INTERNAL; 2; 5; 3; 3712
INTERNAL; 2; 5; 3; 3712; INPUT; 1; 4; 3; 6015
INTERNAL; 3; 6; 3; 2968; INPUT; 1; 5; 4; 5255
INTERNAL; 5; 8; 3; 5065; INTERNAL; 3; 5; 2; 6011
INTERNAL; 3; 5; 2; 6011; INPUT; 1; 4; 3; 4035
INTERNAL; 3; 5; 2; 6011; INPUT; 1; 4; 3; 5039
INTERNAL; 3; 5; 2; 6011; INTERNAL; 2; 4; 2; 4713
INTERNAL; 2; 4; 2; 4713; INPUT; 1; 3; 2; 2206
INTERNAL; 2; 4; 2; 4713; INPUT; 1; 3; 2; 3710
INTERNAL; 11; 14; 3; 6225; INTERNAL; 9; 11; 2; 6189
INTERNAL; 9; 11; 2; 6189; INTERNAL; 8; 10; 2; 6194
INTERNAL; 8; 10; 2; 6194; INTERNAL; 7; 9; 2; 4642
INTERNAL; 8; 10; 2; 6194; INTERNAL; 7; 9; 2; 6217
INTERNAL; 9; 11; 2; 6189; INTERNAL; 8; 10; 2; 6199
INTERNAL; 9; 11; 2; 6189; INTERNAL; 8; 10; 2; 3424
INTERNAL; 8; 10; 2; 3424; INTERNAL; 7; 9; 2; 6201
INTERNAL; 8; 10; 2; 3424; INTERNAL; 7; 9; 2; 2516
INTERNAL; 7; 9; 2; 2516; INTERNAL; 6; 8; 2; 3892
INTERNAL; 6; 8; 2; 3892; INTERNAL; 4; 7; 3; 6208
INTERNAL; 6; 8; 2; 3892; INTERNAL; 5; 7; 2; 8166
INTERNAL; 5; 7; 2; 8166; INTERNAL; 4; 6; 2; 6210
INTERNAL; 6; 8; 2; 3892; INTERNAL; 4; 7; 3; 6227
INTERNAL; 4; 7; 3; 6227; INPUT; 1; 6; 5; 6214
INTERNAL; 4; 7; 3; 6227; INPUT; 1; 6; 5; 3306
INTERNAL; 4; 7; 3; 6227; INPUT; 1; 6; 5; 6213
INTERNAL; 4; 7; 3; 6227; INPUT; 1; 6; 5; 3867
INTERNAL; 8; 10; 2; 3424; INTERNAL; 6; 9; 3; 6204
INTERNAL; 6; 9; 3; 6204; INTERNAL; 2; 6; 4; 2486
INTERNAL; 2; 6; 4; 2486; INPUT; 1; 4; 3; 2548
INTERNAL; 2; 6; 4; 2486; INPUT; 1; 4; 3; 7225
INTERNAL; 2; 6; 4; 2486; INPUT; 1; 4; 3; 5321
INTERNAL; 2; 6; 4; 2486; INPUT; 1; 4; 3; 4333
INTERNAL; 6; 9; 3; 6204; INTERNAL; 2; 7; 5; 5766
INTERNAL; 6; 9; 3; 6204; INTERNAL; 2; 6; 4; 5760
INTERNAL; 2; 6; 4; 5760; INPUT; 1; 5; 4; 5816
INTERNAL; 2; 6; 4; 5760; INPUT; 1; 5; 4; 5814
INTERNAL; 2; 6; 4; 5760; INPUT; 1; 5; 4; 5810
INTERNAL; 2; 6; 4; 5760; INPUT; 1; 5; 4; 5818
INTERNAL; 6; 9; 3; 6204; INTERNAL; 5; 8; 3; 7275
INTERNAL; 5; 8; 3; 7275; INTERNAL; 2; 7; 5; 2523
INTERNAL; 5; 8; 3; 7275; INTERNAL; 4; 7; 3; 3754
INTERNAL; 4; 7; 3; 3754; INTERNAL; 2; 6; 4; 6033
INTERNAL; 2; 6; 4; 6033; INPUT; 1; 5; 4; 7834
INTERNAL; 11; 14; 3; 6225; INTERNAL; 10; 11; 1; 6183
INTERNAL; 10; 11; 1; 6183; INTERNAL; 8; 10; 2; 6485
INTERNAL; 8; 10; 2; 6485; INTERNAL; 7; 9; 2; 6147
INTERNAL; 7; 9; 2; 6147; INTERNAL; 6; 8; 2; 6150
INTERNAL; 6; 8; 2; 6150; INTERNAL; 5; 7; 2; 6154
INTERNAL; 5; 7; 2; 6154; INTERNAL; 4; 6; 2; 4829
INTERNAL; 6; 8; 2; 6150; INTERNAL; 3; 7; 4; 6152
INTERNAL; 7; 9; 2; 6147; INTERNAL; 4; 8; 4; 4224
INTERNAL; 4; 8; 4; 4224; INTERNAL; 2; 7; 5; 6156
INTERNAL; 7; 9; 2; 6147; INTERNAL; 4; 8; 4; 8318
INTERNAL; 4; 8; 4; 8318; INTERNAL; 3; 7; 4; 5919
INTERNAL; 3; 7; 4; 5919; INPUT; 1; 6; 5; 5395
INTERNAL; 3; 7; 4; 5919; INTERNAL; 2; 6; 4; 6167
INTERNAL; 2; 6; 4; 6167; INPUT; 1; 2; 1; 5366
INTERNAL; 2; 6; 4; 6167; INPUT; 1; 2; 1; 3607
INTERNAL; 3; 7; 4; 5919; INPUT; 1; 2; 1; 3982
INTERNAL; 8; 10; 2; 6485; INTERNAL; 7; 9; 2; 6145
INTERNAL; 7; 9; 2; 6145; INTERNAL; 6; 7; 1; 4022
INTERNAL; 6; 7; 1; 4022; INTERNAL; 3; 6; 3; 3875
INTERNAL; 3; 6; 3; 3875; INTERNAL; 2; 5; 3; 2094
INTERNAL; 2; 5; 3; 2094; INPUT; 1; 4; 3; 6774
INTERNAL; 2; 5; 3; 2094; INPUT; 1; 4; 3; 6610
INTERNAL; 2; 5; 3; 2094; INPUT; 1; 4; 3; 8159
INTERNAL; 2; 5; 3; 2094; INPUT; 1; 4; 3; 2091
INTERNAL; 6; 7; 1; 4022; INTERNAL; 4; 6; 2; 2945
INTERNAL; 4; 6; 2; 2945; INPUT; 1; 5; 4; 3749
INTERNAL; 4; 6; 2; 2945; INTERNAL; 2; 5; 3; 2399
INTERNAL; 2; 5; 3; 2399; INPUT; 1; 3; 2; 5583
INTERNAL; 2; 5; 3; 2399; INPUT; 1; 3; 2; 5574
INTERNAL; 2; 5; 3; 2399; INPUT; 1; 3; 2; 5575
INTERNAL; 2; 5; 3; 2399; INPUT; 1; 3; 2; 6193
INTERNAL; 4; 6; 2; 2945; INPUT; 1; 5; 4; 2096
INTERNAL; 4; 6; 2; 2945; INTERNAL; 3; 4; 1; 3783
INTERNAL; 3; 4; 1; 3783; INPUT; 1; 3; 2; 2659
INTERNAL; 3; 4; 1; 3783; INTERNAL; 2; 3; 1; 6750
INTERNAL; 4; 6; 2; 2945; INPUT; 1; 5; 4; 4941
INTERNAL; 6; 7; 1; 4022; INTERNAL; 2; 4; 2; 6322
INTERNAL; 2; 4; 2; 6322; INPUT; 1; 3; 2; 6111
INTERNAL; 2; 4; 2; 6322; INPUT; 1; 3; 2; 4610
INTERNAL; 2; 4; 2; 6322; INPUT; 1; 3; 2; 7905
INTERNAL; 2; 4; 2; 6322; INPUT; 1; 3; 2; 4395
INTERNAL; 6; 7; 1; 4022; INTERNAL; 3; 6; 3; 2097
INTERNAL; 3; 6; 3; 2097; INTERNAL; 2; 5; 3; 3361
INTERNAL; 3; 6; 3; 2097; INPUT; 1; 5; 4; 3268
INTERNAL; 3; 6; 3; 2097; INPUT; 1; 5; 4; 2440
INTERNAL; 3; 6; 3; 2097; INPUT; 1; 5; 4; 2095
INTERNAL; 3; 6; 3; 2097; INPUT; 1; 5; 4; 2148
INTERNAL; 6; 7; 1; 4022; INTERNAL; 5; 6; 1; 2835
INTERNAL; 5; 6; 1; 2835; INTERNAL; 2; 4; 2; 3681
INTERNAL; 2; 4; 2; 3681; INPUT; 1; 3; 2; 6430
INTERNAL; 2; 4; 2; 3681; INPUT; 1; 3; 2; 4338
INTERNAL; 5; 6; 1; 2835; INTERNAL; 2; 3; 1; 4468
INTERNAL; 5; 6; 1; 2835; INPUT; 1; 4; 3; 4574
INTERNAL; 5; 6; 1; 2835; INTERNAL; 4; 5; 1; 2707
INTERNAL; 4; 5; 1; 2707; INTERNAL; 2; 4; 2; 5360
INTERNAL; 2; 4; 2; 5360; INPUT; 1; 3; 2; 2729
INTERNAL; 2; 4; 2; 5360; INPUT; 1; 3; 2; 5236
INTERNAL; 2; 4; 2; 5360; INPUT; 1; 3; 2; 2725
INTERNAL; 2; 4; 2; 5360; INPUT; 1; 3; 2; 2727
INTERNAL; 4; 5; 1; 2707; INTERNAL; 3; 4; 1; 4336
INTERNAL; 3; 4; 1; 4336; INTERNAL; 2; 3; 1; 4427
INTERNAL; 5; 6; 1; 2835; INPUT; 1; 4; 3; 7147
INTERNAL; 7; 9; 2; 6145; INTERNAL; 6; 7; 1; 2151
INTERNAL; 6; 7; 1; 2151; INTERNAL; 2; 6; 4; 3345
INTERNAL; 6; 7; 1; 2151; INTERNAL; 5; 6; 1; 3257
INTERNAL; 5; 6; 1; 3257; INTERNAL; 4; 5; 1; 7885
INTERNAL; 4; 5; 1; 7885; INTERNAL; 2; 4; 2; 7350
INTERNAL; 2; 4; 2; 7350; INPUT; 1; 3; 2; 5466
INTERNAL; 4; 5; 1; 7885; INTERNAL; 3; 4; 1; 5094
INTERNAL; 3; 4; 1; 5094; INPUT; 1; 3; 2; 5374
INTERNAL; 3; 4; 1; 5094; INPUT; 1; 3; 2; 3593
INTERNAL; 3; 4; 1; 5094; INTERNAL; 2; 3; 1; 5136
INTERNAL; 2; 3; 1; 5136; INPUT; 1; 2; 1; 3375
INTERNAL; 2; 3; 1; 5136; INPUT; 1; 2; 1; 5197
INTERNAL; 5; 6; 1; 3257; INTERNAL; 2; 4; 2; 2235
INTERNAL; 2; 4; 2; 2235; INPUT; 1; 3; 2; 4166
INTERNAL; 5; 6; 1; 3257; INTERNAL; 2; 5; 3; 7625
INTERNAL; 6; 7; 1; 2151; INTERNAL; 4; 6; 2; 2114
INTERNAL; 4; 6; 2; 2114; INPUT; 1; 3; 2; 3803
INTERNAL; 4; 6; 2; 2114; INTERNAL; 3; 5; 2; 2098
INTERNAL; 3; 5; 2; 2098; INPUT; 1; 3; 2; 4340
INTERNAL; 3; 5; 2; 2098; INPUT; 1; 3; 2; 4727
INTERNAL; 3; 5; 2; 2098; INTERNAL; 2; 4; 2; 5449
INTERNAL; 2; 4; 2; 5449; INPUT; 1; 3; 2; 3425
INTERNAL; 2; 4; 2; 5449; INPUT; 1; 3; 2; 5611
INTERNAL; 3; 5; 2; 2098; INPUT; 1; 3; 2; 4612
INTERNAL; 7; 9; 2; 6145; INTERNAL; 5; 7; 2; 4696
INTERNAL; 5; 7; 2; 4696; INTERNAL; 4; 6; 2; 2088
INTERNAL; 4; 6; 2; 2088; INTERNAL; 2; 5; 3; 2742
INTERNAL; 2; 5; 3; 2742; INPUT; 1; 4; 3; 4980
INTERNAL; 2; 5; 3; 2742; INPUT; 1; 4; 3; 3902
INTERNAL; 2; 5; 3; 2742; INPUT; 1; 4; 3; 3843
INTERNAL; 4; 6; 2; 2088; INTERNAL; 2; 5; 3; 2087
INTERNAL; 2; 5; 3; 2087; INPUT; 1; 4; 3; 2085
INTERNAL; 2; 5; 3; 2087; INPUT; 1; 4; 3; 6462
INTERNAL; 2; 5; 3; 2087; INPUT; 1; 4; 3; 3725
INTERNAL; 2; 5; 3; 2087; INPUT; 1; 4; 3; 4260
INTERNAL; 5; 7; 2; 4696; INTERNAL; 2; 6; 4; 3251
INTERNAL; 2; 6; 4; 3251; INPUT; 1; 5; 4; 2072
INTERNAL; 2; 6; 4; 3251; INPUT; 1; 5; 4; 2520
INTERNAL; 5; 7; 2; 4696; INTERNAL; 2; 6; 4; 4496
INTERNAL; 2; 6; 4; 4496; INPUT; 1; 5; 4; 4347
INTERNAL; 2; 6; 4; 4496; INPUT; 1; 5; 4; 3602
INTERNAL; 2; 6; 4; 4496; INPUT; 1; 5; 4; 2073
INTERNAL; 2; 6; 4; 4496; INPUT; 1; 5; 4; 4015
INTERNAL; 5; 7; 2; 4696; INTERNAL; 3; 6; 3; 2089
INTERNAL; 3; 6; 3; 2089; INTERNAL; 2; 5; 3; 8055
INTERNAL; 2; 5; 3; 8055; INPUT; 1; 4; 3; 2075
INTERNAL; 2; 5; 3; 8055; INPUT; 1; 4; 3; 2418
INTERNAL; 3; 6; 3; 2089; INPUT; 1; 5; 4; 2081
INTERNAL; 3; 6; 3; 2089; INPUT; 1; 5; 4; 2187
INTERNAL; 8; 10; 2; 6485; INTERNAL; 7; 9; 2; 6149
INTERNAL; 7; 9; 2; 6149; INTERNAL; 6; 8; 2; 8357
INTERNAL; 6; 8; 2; 8357; INTERNAL; 4; 7; 3; 5514
INTERNAL; 4; 7; 3; 5514; INTERNAL; 3; 6; 3; 3499
INTERNAL; 3; 6; 3; 3499; INPUT; 1; 4; 3; 4045
INTERNAL; 3; 6; 3; 3499; INTERNAL; 2; 5; 3; 5784
INTERNAL; 3; 6; 3; 3499; INPUT; 1; 4; 3; 4766
INTERNAL; 4; 7; 3; 5514; INTERNAL; 2; 5; 3; 6312
INTERNAL; 4; 7; 3; 5514; INTERNAL; 2; 6; 4; 5771
INTERNAL; 4; 7; 3; 5514; INTERNAL; 3; 6; 3; 5773
INTERNAL; 3; 6; 3; 5773; INPUT; 1; 5; 4; 5776
INTERNAL; 3; 6; 3; 5773; INTERNAL; 2; 5; 3; 5778
INTERNAL; 2; 5; 3; 5778; INPUT; 1; 3; 2; 5343
INTERNAL; 2; 5; 3; 5778; INPUT; 1; 3; 2; 4275
INTERNAL; 3; 6; 3; 5773; INPUT; 1; 3; 2; 4244
INTERNAL; 6; 8; 2; 8357; INTERNAL; 4; 7; 3; 4383
INTERNAL; 4; 7; 3; 4383; INTERNAL; 2; 6; 4; 5785
INTERNAL; 2; 6; 4; 5785; INPUT; 1; 5; 4; 3558
INTERNAL; 2; 6; 4; 5785; INPUT; 1; 5; 4; 3117
INTERNAL; 2; 6; 4; 5785; INPUT; 1; 5; 4; 5744
INTERNAL; 2; 6; 4; 5785; INPUT; 1; 5; 4; 5787
INTERNAL; 4; 7; 3; 4383; INTERNAL; 2; 6; 4; 4641
INTERNAL; 6; 8; 2; 8357; INTERNAL; 5; 7; 2; 6160
INTERNAL; 5; 7; 2; 6160; INTERNAL; 4; 6; 2; 5758
INTERNAL; 4; 6; 2; 5758; INTERNAL; 2; 5; 3; 5793
INTERNAL; 2; 5; 3; 5793; INPUT; 1; 4; 3; 4950
INTERNAL; 2; 5; 3; 5793; INPUT; 1; 4; 3; 5704
INTERNAL; 2; 5; 3; 5793; INPUT; 1; 4; 3; 5705
INTERNAL; 2; 5; 3; 5793; INPUT; 1; 4; 3; 7671
INTERNAL; 4; 6; 2; 5758; INTERNAL; 3; 5; 2; 5798
INTERNAL; 3; 5; 2; 5798; INTERNAL; 2; 4; 2; 5803
INTERNAL; 5; 7; 2; 6160; INTERNAL; 2; 6; 4; 5379
INTERNAL; 2; 6; 4; 5379; INPUT; 1; 4; 3; 4728
INTERNAL; 2; 6; 4; 5379; INPUT; 1; 4; 3; 3865
INTERNAL; 2; 6; 4; 5379; INPUT; 1; 4; 3; 3644
INTERNAL; 5; 7; 2; 6160; INTERNAL; 2; 6; 4; 6406
INTERNAL; 2; 6; 4; 6406; INPUT; 1; 5; 4; 3021
INTERNAL; 2; 6; 4; 6406; INPUT; 1; 4; 3; 6925
INTERNAL; 7; 9; 2; 6149; INTERNAL; 5; 8; 3; 6158
INTERNAL; 5; 8; 3; 6158; INTERNAL; 4; 7; 3; 6166
INTERNAL; 7; 9; 2; 6149; INTERNAL; 6; 8; 2; 5391
INTERNAL; 6; 8; 2; 5391; INTERNAL; 5; 7; 2; 6163
INTERNAL; 10; 11; 1; 6183; INTERNAL; 9; 10; 1; 5972
INTERNAL; 10; 11; 1; 6183; INTERNAL; 7; 10; 3; 6191
INTERNAL; 12; 15; 3; 5354; INTERNAL; 11; 14; 3; 6223
INTERNAL; 11; 14; 3; 6223; INTERNAL; 10; 13; 3; 5643
INTERNAL; 11; 14; 3; 6223; INTERNAL; 8; 13; 5; 6228
INTERNAL; 8; 13; 5; 6228; INTERNAL; 5; 10; 5; 6220
INTERNAL; 5; 10; 5; 6220; INTERNAL; 4; 9; 5; 6174
INTERNAL; 4; 9; 5; 6174; INTERNAL; 3; 7; 4; 5742
INTERNAL; 3; 7; 4; 5742; INPUT; 1; 2; 1; 4182
INTERNAL; 3; 7; 4; 5742; INPUT; 1; 2; 1; 4982
INTERNAL; 3; 7; 4; 5742; INPUT; 1; 2; 1; 4981
INTERNAL; 4; 9; 5; 6174; INTERNAL; 2; 5; 3; 6928
INTERNAL; 4; 9; 5; 6174; INTERNAL; 3; 7; 4; 4865
INTERNAL; 3; 7; 4; 4865; INPUT; 1; 5; 4; 8323
INTERNAL; 3; 7; 4; 4865; INTERNAL; 2; 6; 4; 2113
INTERNAL; 2; 6; 4; 2113; INPUT; 1; 3; 2; 5396
INTERNAL; 2; 6; 4; 2113; INPUT; 1; 3; 2; 6347
INTERNAL; 2; 6; 4; 2113; INPUT; 1; 3; 2; 6547
INTERNAL; 3; 7; 4; 4865; INPUT; 1; 5; 4; 5748
INTERNAL; 3; 7; 4; 4865; INPUT; 1; 5; 4; 5756
INTERNAL; 4; 9; 5; 6174; INTERNAL; 2; 5; 3; 7270
INTERNAL; 2; 5; 3; 7270; INPUT; 1; 4; 3; 4632
INTERNAL; 2; 5; 3; 7270; INPUT; 1; 4; 3; 4310
INTERNAL; 2; 5; 3; 7270; INPUT; 1; 4; 3; 5121
INTERNAL; 2; 5; 3; 7270; INPUT; 1; 4; 3; 8065
INTERNAL; 5; 10; 5; 6220; INTERNAL; 4; 9; 5; 6175
INTERNAL; 8; 13; 5; 6228; INTERNAL; 7; 10; 3; 6219
INTERNAL; 12; 15; 3; 5354; INTERNAL; 10; 14; 4; 3956
INTERNAL; 10; 14; 4; 3956; INTERNAL; 9; 13; 4; 6230
INTERNAL; 9; 13; 4; 6230; INTERNAL; 8; 12; 4; 6237
INTERNAL; 9; 13; 4; 6230; INTERNAL; 7; 12; 5; 6239
INTERNAL; 9; 13; 4; 6230; INTERNAL; 6; 12; 6; 6243
INTERNAL; 10; 14; 4; 3956; INTERNAL; 8; 13; 5; 6235
INTERNAL; 10; 14; 4; 3956; INTERNAL; 9; 13; 4; 6233
INTERNAL; 13; 16; 3; 3327; INTERNAL; 10; 15; 5; 4942
INTERNAL; 10; 15; 5; 4942; INTERNAL; 9; 11; 2; 5901
INTERNAL; 9; 11; 2; 5901; INTERNAL; 8; 10; 2; 3596
INTERNAL; 9; 11; 2; 5901; INTERNAL; 8; 10; 2; 6141
INTERNAL; 8; 10; 2; 6141; INTERNAL; 7; 8; 1; 4870
INTERNAL; 8; 10; 2; 6141; INTERNAL; 5; 8; 3; 2079
INTERNAL; 5; 8; 3; 2079; INTERNAL; 4; 7; 3; 2135
INTERNAL; 4; 7; 3; 2135; INTERNAL; 3; 6; 3; 3891
INTERNAL; 3; 6; 3; 3891; INTERNAL; 2; 5; 3; 5071
INTERNAL; 4; 7; 3; 2135; INTERNAL; 2; 6; 4; 2825
INTERNAL; 5; 8; 3; 2079; INTERNAL; 3; 7; 4; 4535
INTERNAL; 3; 7; 4; 4535; INPUT; 1; 4; 3; 3366
INTERNAL; 3; 7; 4; 4535; INPUT; 1; 4; 3; 3494
INTERNAL; 3; 7; 4; 4535; INTERNAL; 2; 6; 4; 2133
INTERNAL; 2; 6; 4; 2133; INPUT; 1; 4; 3; 3972
INTERNAL; 2; 6; 4; 2133; INPUT; 1; 5; 4; 7595
INTERNAL; 2; 6; 4; 2133; INPUT; 1; 4; 3; 2658
INTERNAL; 3; 7; 4; 4535; INTERNAL; 2; 5; 3; 4111
INTERNAL; 5; 8; 3; 2079; INTERNAL; 3; 7; 4; 4359
INTERNAL; 3; 7; 4; 4359; INPUT; 1; 6; 5; 3085
INTERNAL; 3; 7; 4; 4359; INTERNAL; 2; 6; 4; 5267
INTERNAL; 5; 8; 3; 2079; INTERNAL; 2; 7; 5; 2111
INTERNAL; 2; 7; 5; 2111; INPUT; 1; 6; 5; 6703
INTERNAL; 2; 7; 5; 2111; INPUT; 1; 6; 5; 5287
INTERNAL; 2; 7; 5; 2111; INPUT; 1; 6; 5; 4811
INTERNAL; 2; 7; 5; 2111; INPUT; 1; 6; 5; 3260
INTERNAL; 5; 8; 3; 2079; INTERNAL; 2; 7; 5; 3695
INTERNAL; 2; 7; 5; 3695; INPUT; 1; 6; 5; 5177
INTERNAL; 2; 7; 5; 3695; INPUT; 1; 6; 5; 3178
INTERNAL; 2; 7; 5; 3695; INPUT; 1; 6; 5; 2318
INTERNAL; 9; 11; 2; 5901; INTERNAL; 8; 10; 2; 6144
INTERNAL; 8; 10; 2; 6144; INTERNAL; 7; 8; 1; 3962
INTERNAL; 7; 8; 1; 3962; INTERNAL; 5; 7; 2; 7562
INTERNAL; 5; 7; 2; 7562; INTERNAL; 2; 6; 4; 3827
INTERNAL; 2; 6; 4; 3827; INPUT; 1; 3; 2; 5860
INTERNAL; 2; 6; 4; 3827; INPUT; 1; 3; 2; 4316
INTERNAL; 2; 6; 4; 3827; INPUT; 1; 3; 2; 3381
INTERNAL; 2; 6; 4; 3827; INPUT; 1; 3; 2; 3176
INTERNAL; 5; 7; 2; 7562; INTERNAL; 2; 6; 4; 3458
INTERNAL; 2; 6; 4; 3458; INPUT; 1; 5; 4; 5677
INTERNAL; 2; 6; 4; 3458; INPUT; 1; 5; 4; 2163
INTERNAL; 2; 6; 4; 3458; INPUT; 1; 5; 4; 5675
INTERNAL; 2; 6; 4; 3458; INPUT; 1; 5; 4; 5673
INTERNAL; 5; 7; 2; 7562; INTERNAL; 2; 6; 4; 5661
INTERNAL; 5; 7; 2; 7562; INTERNAL; 4; 6; 2; 5659
INTERNAL; 4; 6; 2; 5659; INTERNAL; 2; 5; 3; 5663
INTERNAL; 2; 5; 3; 5663; INPUT; 1; 2; 1; 4478
INTERNAL; 2; 5; 3; 5663; INPUT; 1; 2; 1; 5566
INTERNAL; 2; 5; 3; 5663; INPUT; 1; 2; 1; 5062
INTERNAL; 2; 5; 3; 5663; INPUT; 1; 2; 1; 2377
INTERNAL; 4; 6; 2; 5659; INTERNAL; 3; 5; 2; 5666
INTERNAL; 3; 5; 2; 5666; INTERNAL; 2; 4; 2; 5667
INTERNAL; 3; 5; 2; 5666; INTERNAL; 2; 4; 2; 5669
INTERNAL; 5; 7; 2; 7562; INTERNAL; 3; 6; 3; 5176
INTERNAL; 3; 6; 3; 5176; INTERNAL; 2; 5; 3; 7918
INTERNAL; 3; 6; 3; 5176; INTERNAL; 2; 4; 2; 3075
INTERNAL; 7; 8; 1; 3962; INTERNAL; 6; 7; 1; 2070
INTERNAL; 6; 7; 1; 2070; INPUT; 1; 5; 4; 5772
INTERNAL; 6; 7; 1; 2070; INTERNAL; 2; 4; 2; 6119
INTERNAL; 6; 7; 1; 2070; INTERNAL; 2; 6; 4; 2062
INTERNAL; 2; 6; 4; 2062; INPUT; 1; 4; 3; 2054
INTERNAL; 2; 6; 4; 2062; INPUT; 1; 4; 3; 2745
INTERNAL; 2; 6; 4; 2062; INPUT; 1; 4; 3; 3660
INTERNAL; 2; 6; 4; 2062; INPUT; 1; 4; 3; 3435
INTERNAL; 6; 7; 1; 2070; INTERNAL; 5; 6; 1; 2068
INTERNAL; 5; 6; 1; 2068; INTERNAL; 3; 5; 2; 2697
INTERNAL; 3; 5; 2; 2697; INTERNAL; 2; 4; 2; 4472
INTERNAL; 3; 5; 2; 2697; INTERNAL; 2; 4; 2; 5491
INTERNAL; 2; 4; 2; 5491; INPUT; 1; 3; 2; 2055
INTERNAL; 2; 4; 2; 5491; INPUT; 1; 3; 2; 2056
INTERNAL; 2; 4; 2; 5491; INPUT; 1; 3; 2; 2164
INTERNAL; 3; 5; 2; 2697; INTERNAL; 2; 4; 2; 3029
INTERNAL; 3; 5; 2; 2697; INTERNAL; 2; 4; 2; 8290
INTERNAL; 2; 4; 2; 8290; INPUT; 1; 3; 2; 7411
INTERNAL; 2; 4; 2; 8290; INPUT; 1; 3; 2; 3707
INTERNAL; 2; 4; 2; 8290; INPUT; 1; 3; 2; 8001
INTERNAL; 2; 4; 2; 8290; INPUT; 1; 3; 2; 2881
INTERNAL; 5; 6; 1; 2068; INTERNAL; 2; 5; 3; 2645
INTERNAL; 5; 6; 1; 2068; INTERNAL; 3; 5; 2; 2061
INTERNAL; 5; 6; 1; 2068; INTERNAL; 4; 5; 1; 3786
INTERNAL; 4; 5; 1; 3786; INTERNAL; 2; 4; 2; 2779
INTERNAL; 2; 4; 2; 2779; INPUT; 1; 3; 2; 3599
INTERNAL; 2; 4; 2; 2779; INPUT; 1; 3; 2; 2155
INTERNAL; 2; 4; 2; 2779; INPUT; 1; 3; 2; 5422
INTERNAL; 2; 4; 2; 2779; INPUT; 1; 3; 2; 3524
INTERNAL; 4; 5; 1; 3786; INTERNAL; 3; 4; 1; 3474
INTERNAL; 3; 4; 1; 3474; INTERNAL; 2; 3; 1; 5007
INTERNAL; 3; 4; 1; 3474; INTERNAL; 2; 3; 1; 7817
INTERNAL; 2; 3; 1; 7817; INPUT; 1; 2; 1; 4812
INTERNAL; 3; 4; 1; 3474; INTERNAL; 2; 3; 1; 2058
INTERNAL; 6; 7; 1; 2070; INTERNAL; 2; 6; 4; 6447
INTERNAL; 6; 7; 1; 2070; INTERNAL; 2; 6; 4; 3708
INTERNAL; 7; 8; 1; 3962; INTERNAL; 6; 7; 1; 2069
INTERNAL; 6; 7; 1; 2069; INTERNAL; 3; 6; 3; 2271
INTERNAL; 3; 6; 3; 2271; INTERNAL; 2; 5; 3; 3071
INTERNAL; 6; 7; 1; 2069; INTERNAL; 5; 6; 1; 6234
INTERNAL; 5; 6; 1; 6234; INTERNAL; 3; 5; 2; 4318
INTERNAL; 3; 5; 2; 4318; INPUT; 1; 4; 3; 3269
INTERNAL; 3; 5; 2; 4318; INPUT; 1; 4; 3; 4341
INTERNAL; 3; 5; 2; 4318; INPUT; 1; 4; 3; 3173
INTERNAL; 3; 5; 2; 4318; INTERNAL; 2; 4; 2; 2034
INTERNAL; 2; 4; 2; 2034; INPUT; 1; 3; 2; 7453
INTERNAL; 2; 4; 2; 2034; INPUT; 1; 3; 2; 2977
INTERNAL; 2; 4; 2; 2034; INPUT; 1; 3; 2; 2499
INTERNAL; 2; 4; 2; 2034; INPUT; 1; 3; 2; 2970
INTERNAL; 5; 6; 1; 6234; INTERNAL; 4; 5; 1; 3174
INTERNAL; 4; 5; 1; 3174; INTERNAL; 2; 4; 2; 2925
INTERNAL; 2; 4; 2; 2925; INPUT; 1; 3; 2; 3459
INTERNAL; 2; 4; 2; 2925; INPUT; 1; 3; 2; 5446
INTERNAL; 2; 4; 2; 2925; INPUT; 1; 3; 2; 3016
INTERNAL; 5; 6; 1; 6234; INTERNAL; 2; 5; 3; 3792
INTERNAL; 5; 6; 1; 6234; INTERNAL; 2; 5; 3; 7592
INTERNAL; 2; 5; 3; 7592; INPUT; 1; 4; 3; 4691
INTERNAL; 2; 5; 3; 7592; INPUT; 1; 4; 3; 2924
INTERNAL; 2; 5; 3; 7592; INPUT; 1; 4; 3; 2031
INTERNAL; 2; 5; 3; 7592; INPUT; 1; 4; 3; 4025
INTERNAL; 6; 7; 1; 2069; INTERNAL; 3; 6; 3; 2158
INTERNAL; 3; 6; 3; 2158; INTERNAL; 2; 5; 3; 3209
INTERNAL; 3; 6; 3; 2158; INTERNAL; 2; 5; 3; 8059
INTERNAL; 2; 5; 3; 8059; INPUT; 1; 4; 3; 3630
INTERNAL; 2; 5; 3; 8059; INPUT; 1; 4; 3; 7252
INTERNAL; 2; 5; 3; 8059; INPUT; 1; 4; 3; 5647
INTERNAL; 2; 5; 3; 8059; INPUT; 1; 4; 3; 5652
INTERNAL; 6; 7; 1; 2069; INTERNAL; 5; 6; 1; 3266
INTERNAL; 5; 6; 1; 3266; INTERNAL; 3; 5; 2; 2253
INTERNAL; 3; 5; 2; 2253; INTERNAL; 2; 4; 2; 4033
INTERNAL; 2; 4; 2; 4033; INPUT; 1; 3; 2; 4736
INTERNAL; 2; 4; 2; 4033; INPUT; 1; 3; 2; 5201
INTERNAL; 3; 5; 2; 2253; INPUT; 1; 4; 3; 2663
INTERNAL; 3; 5; 2; 2253; INPUT; 1; 4; 3; 2237
INTERNAL; 5; 6; 1; 3266; INTERNAL; 2; 5; 3; 3414
INTERNAL; 5; 6; 1; 3266; INTERNAL; 4; 5; 1; 5478
INTERNAL; 4; 5; 1; 5478; INTERNAL; 2; 4; 2; 5613
INTERNAL; 4; 5; 1; 5478; INTERNAL; 2; 4; 2; 5496
INTERNAL; 2; 4; 2; 5496; INPUT; 1; 3; 2; 2877
INTERNAL; 2; 4; 2; 5496; INPUT; 1; 3; 2; 8193
INTERNAL; 2; 4; 2; 5496; INPUT; 1; 3; 2; 3436
INTERNAL; 2; 4; 2; 5496; INPUT; 1; 3; 2; 4874
INTERNAL; 6; 7; 1; 2069; INTERNAL; 3; 6; 3; 8107
INTERNAL; 3; 6; 3; 8107; INTERNAL; 2; 5; 3; 4302
INTERNAL; 8; 10; 2; 6144; INTERNAL; 7; 8; 1; 2100
INTERNAL; 8; 10; 2; 6144; INTERNAL; 5; 8; 3; 3526
INTERNAL; 5; 8; 3; 3526; INTERNAL; 4; 7; 3; 5681
INTERNAL; 4; 7; 3; 5681; INPUT; 1; 5; 4; 2791
INTERNAL; 4; 7; 3; 5681; INPUT; 1; 5; 4; 3019
INTERNAL; 4; 7; 3; 5681; INPUT; 1; 5; 4; 3391
INTERNAL; 4; 7; 3; 5681; INPUT; 1; 5; 4; 3091
INTERNAL; 5; 8; 3; 3526; INTERNAL; 3; 7; 4; 4393
INTERNAL; 3; 7; 4; 4393; INTERNAL; 2; 5; 3; 5718
INTERNAL; 2; 5; 3; 5718; INPUT; 1; 4; 3; 2892
INTERNAL; 3; 7; 4; 4393; INTERNAL; 2; 6; 4; 5716
INTERNAL; 5; 8; 3; 3526; INTERNAL; 4; 7; 3; 2677
INTERNAL; 4; 7; 3; 2677; INTERNAL; 2; 6; 4; 5708
INTERNAL; 2; 6; 4; 5708; INPUT; 1; 5; 4; 5714
INTERNAL; 2; 6; 4; 5708; INPUT; 1; 5; 4; 6263
INTERNAL; 2; 6; 4; 5708; INPUT; 1; 5; 4; 4634
INTERNAL; 4; 7; 3; 2677; INTERNAL; 3; 6; 3; 4832
INTERNAL; 3; 6; 3; 4832; INPUT; 1; 5; 4; 5387
INTERNAL; 3; 6; 3; 4832; INPUT; 1; 5; 4; 7325
INTERNAL; 3; 6; 3; 4832; INPUT; 1; 5; 4; 5723
INTERNAL; 3; 6; 3; 4832; INTERNAL; 2; 5; 3; 5693
INTERNAL; 3; 6; 3; 4832; INPUT; 1; 5; 4; 5709
INTERNAL; 5; 8; 3; 3526; INTERNAL; 4; 7; 3; 5205
INTERNAL; 4; 7; 3; 5205; INTERNAL; 2; 6; 4; 2319
INTERNAL; 2; 6; 4; 2319; INPUT; 1; 4; 3; 6973
INTERNAL; 2; 6; 4; 2319; INPUT; 1; 4; 3; 2919
INTERNAL; 4; 7; 3; 5205; INTERNAL; 3; 5; 2; 5690
INTERNAL; 3; 5; 2; 5690; INTERNAL; 2; 4; 2; 5698
INTERNAL; 4; 7; 3; 5205; INTERNAL; 3; 6; 3; 5689
INTERNAL; 3; 6; 3; 5689; INTERNAL; 2; 5; 3; 5702
INTERNAL; 5; 8; 3; 3526; INTERNAL; 2; 7; 5; 6261
INTERNAL; 2; 7; 5; 6261; INPUT; 1; 5; 4; 3330
INTERNAL; 10; 15; 5; 4942; INTERNAL; 8; 11; 3; 3563
INTERNAL; 10; 15; 5; 4942; INTERNAL; 8; 11; 3; 6218
INTERNAL; 8; 11; 3; 6218; INTERNAL; 6; 10; 4; 6169
INTERNAL; 6; 10; 4; 6169; INTERNAL; 5; 8; 3; 5846
INTERNAL; 5; 8; 3; 5846; INTERNAL; 4; 7; 3; 5853
INTERNAL; 4; 7; 3; 5853; INTERNAL; 3; 6; 3; 7348
INTERNAL; 3; 6; 3; 7348; INTERNAL; 2; 5; 3; 2115
INTERNAL; 4; 7; 3; 5853; INTERNAL; 2; 6; 4; 5864
INTERNAL; 4; 7; 3; 5853; INTERNAL; 2; 5; 3; 4511
INTERNAL; 4; 7; 3; 5853; INTERNAL; 2; 6; 4; 5866
INTERNAL; 5; 8; 3; 5846; INTERNAL; 3; 7; 4; 5859
INTERNAL; 3; 7; 4; 5859; INTERNAL; 2; 6; 4; 5871
INTERNAL; 3; 7; 4; 5859; INTERNAL; 2; 6; 4; 3495
INTERNAL; 3; 7; 4; 5859; INTERNAL; 2; 5; 3; 5468
INTERNAL; 2; 5; 3; 5468; INPUT; 1; 3; 2; 5637
INTERNAL; 2; 5; 3; 5468; INPUT; 1; 3; 2; 7757
INTERNAL; 2; 5; 3; 5468; INPUT; 1; 3; 2; 8231
INTERNAL; 3; 7; 4; 5859; INTERNAL; 2; 5; 3; 5867
INTERNAL; 2; 5; 3; 5867; INPUT; 1; 4; 3; 5480
INTERNAL; 3; 7; 4; 5859; INTERNAL; 2; 6; 4; 5874
INTERNAL; 6; 10; 4; 6169; INTERNAL; 5; 8; 3; 5835
INTERNAL; 5; 8; 3; 5835; INTERNAL; 4; 7; 3; 5876
INTERNAL; 4; 7; 3; 5876; INTERNAL; 3; 6; 3; 5885
INTERNAL; 3; 6; 3; 5885; INTERNAL; 2; 4; 2; 5193
INTERNAL; 4; 7; 3; 5876; INTERNAL; 2; 6; 4; 5246
INTERNAL; 4; 7; 3; 5876; INTERNAL; 2; 6; 4; 5891
INTERNAL; 4; 7; 3; 5876; INTERNAL; 2; 6; 4; 5881
INTERNAL; 4; 7; 3; 5876; INTERNAL; 3; 6; 3; 5889
INTERNAL; 3; 6; 3; 5889; INPUT; 1; 5; 4; 3806
INTERNAL; 3; 6; 3; 5889; INPUT; 1; 5; 4; 4788
INTERNAL; 3; 6; 3; 5889; INPUT; 1; 5; 4; 3578
INTERNAL; 3; 6; 3; 5889; INTERNAL; 2; 5; 3; 3672
INTERNAL; 5; 8; 3; 5835; INTERNAL; 3; 5; 2; 4423
INTERNAL; 3; 5; 2; 4423; INTERNAL; 2; 4; 2; 4721
INTERNAL; 2; 4; 2; 4721; INPUT; 1; 3; 2; 3529
INTERNAL; 2; 4; 2; 4721; INPUT; 1; 3; 2; 3748
INTERNAL; 3; 5; 2; 4423; INPUT; 1; 3; 2; 7154
INTERNAL; 3; 5; 2; 4423; INPUT; 1; 3; 2; 2048
INTERNAL; 6; 10; 4; 6169; INTERNAL; 4; 8; 4; 5805
INTERNAL; 4; 8; 4; 5805; INTERNAL; 2; 2; 0; 5676
INTERNAL; 4; 8; 4; 5805; INTERNAL; 2; 7; 5; 7304
INTERNAL; 2; 7; 5; 7304; INPUT; 1; 6; 5; 2533
INTERNAL; 2; 7; 5; 7304; INPUT; 1; 5; 4; 2534
INTERNAL; 2; 7; 5; 7304; INPUT; 1; 5; 4; 3255
INTERNAL; 2; 7; 5; 7304; INPUT; 1; 5; 4; 5274
INTERNAL; 4; 8; 4; 5805; INTERNAL; 3; 7; 4; 5896
INTERNAL; 3; 7; 4; 5896; INTERNAL; 2; 6; 4; 4251
INTERNAL; 2; 6; 4; 4251; INPUT; 1; 5; 4; 6715
INTERNAL; 2; 6; 4; 4251; INPUT; 1; 5; 4; 2704
INTERNAL; 2; 6; 4; 4251; INPUT; 1; 5; 4; 5329
INTERNAL; 3; 7; 4; 5896; INTERNAL; 2; 6; 4; 5898
INTERNAL; 3; 7; 4; 5896; INTERNAL; 2; 6; 4; 5897
INTERNAL; 4; 8; 4; 5805; INTERNAL; 2; 5; 3; 5895
INTERNAL; 2; 5; 3; 5895; INPUT; 1; 4; 3; 5356
INTERNAL; 4; 8; 4; 5805; INTERNAL; 2; 7; 5; 5811
INTERNAL; 8; 11; 3; 6218; INTERNAL; 5; 10; 5; 2428
INTERNAL; 8; 11; 3; 6218; INTERNAL; 7; 10; 3; 4953
INTERNAL; 13; 16; 3; 3327; INTERNAL; 12; 15; 3; 8217
INTERNAL; 12; 15; 3; 8217; INTERNAL; 11; 12; 1; 5710
INTERNAL; 11; 12; 1; 5710; INTERNAL; 9; 11; 2; 3796
INTERNAL; 11; 12; 1; 5710; INTERNAL; 10; 11; 1; 6072
INTERNAL; 10; 11; 1; 6072; INTERNAL; 9; 9; 0; 2402
INTERNAL; 10; 11; 1; 6072; INTERNAL; 8; 9; 1; 4361
INTERNAL; 10; 11; 1; 6072; INTERNAL; 6; 9; 3; 4963
INTERNAL; 6; 9; 3; 4963; INTERNAL; 3; 8; 5; 3874
INTERNAL; 3; 8; 5; 3874; INTERNAL; 2; 7; 5; 2110
INTERNAL; 2; 7; 5; 2110; INPUT; 1; 5; 4; 2131
INTERNAL; 2; 7; 5; 2110; INPUT; 1; 4; 3; 5118
INTERNAL; 2; 7; 5; 2110; INPUT; 1; 4; 3; 4951
INTERNAL; 2; 7; 5; 2110; INPUT; 1; 5; 4; 2381
INTERNAL; 3; 8; 5; 3874; INPUT; 1; 4; 3; 2675
INTERNAL; 3; 8; 5; 3874; INTERNAL; 2; 6; 4; 2118
INTERNAL; 6; 9; 3; 4963; INTERNAL; 3; 8; 5; 3885
INTERNAL; 3; 8; 5; 3885; INTERNAL; 2; 7; 5; 6614
INTERNAL; 6; 9; 3; 4963; INTERNAL; 5; 8; 3; 2127
INTERNAL; 5; 8; 3; 2127; INTERNAL; 2; 7; 5; 2124
INTERNAL; 5; 8; 3; 2127; INTERNAL; 3; 7; 4; 2119
INTERNAL; 3; 7; 4; 2119; INTERNAL; 2; 6; 4; 4868
INTERNAL; 2; 6; 4; 4868; INPUT; 1; 4; 3; 3893
INTERNAL; 3; 7; 4; 2119; INTERNAL; 2; 6; 4; 8080
INTERNAL; 5; 8; 3; 2127; INTERNAL; 4; 7; 3; 2852
INTERNAL; 4; 7; 3; 2852; INTERNAL; 3; 6; 3; 4529
INTERNAL; 3; 6; 3; 4529; INTERNAL; 2; 5; 3; 8012
INTERNAL; 3; 6; 3; 4529; INPUT; 1; 5; 4; 2706
INTERNAL; 3; 6; 3; 4529; INTERNAL; 2; 5; 3; 3746
INTERNAL; 4; 7; 3; 2852; INTERNAL; 3; 6; 3; 2117
INTERNAL; 3; 6; 3; 2117; INTERNAL; 2; 5; 3; 3513
INTERNAL; 3; 6; 3; 2117; INTERNAL; 2; 5; 3; 2435
INTERNAL; 4; 7; 3; 2852; INTERNAL; 2; 6; 4; 4181
INTERNAL; 5; 8; 3; 2127; INTERNAL; 3; 5; 2; 2125
INTERNAL; 11; 12; 1; 5710; INTERNAL; 10; 11; 1; 3482
INTERNAL; 12; 15; 3; 8217; INTERNAL; 10; 12; 2; 6179
INTERNAL; 12; 15; 3; 8217; INTERNAL; 11; 12; 1; 7663
INTERNAL; 14; 18; 4; 6565; INTERNAL; 13; 16; 3; 3475
INTERNAL; 13; 16; 3; 3475; INTERNAL; 12; 15; 3; 6245
INTERNAL; 13; 16; 3; 3475; INTERNAL; 11; 15; 4; 6248
INTERNAL; 13; 16; 3; 3475; INTERNAL; 11; 15; 4; 6246
INTERNAL; 11; 15; 4; 6246; INTERNAL; 10; 14; 4; 4218
INTERNAL; 11; 15; 4; 6246; INTERNAL; 9; 14; 5; 6254
INTERNAL; 19; 19; 0; 3527; INTERNAL; 18; 18; 0; 5165
INTERNAL; 18; 18; 0; 5165; INTERNAL; 17; 17; 0; 3766
INTERNAL; 17; 17; 0; 3766; INTERNAL; 13; 16; 3; 2416
INTERNAL; 13; 16; 3; 2416; INTERNAL; 12; 13; 1; 7104
INTERNAL; 12; 13; 1; 7104; INTERNAL; 10; 12; 2; 2582
INTERNAL; 10; 12; 2; 2582; INTERNAL; 9; 11; 2; 6168
INTERNAL; 9; 11; 2; 6168; INTERNAL; 6; 9; 3; 2743
INTERNAL; 6; 9; 3; 2743; INTERNAL; 5; 8; 3; 7578
INTERNAL; 5; 8; 3; 7578; INTERNAL; 3; 7; 4; 5244
INTERNAL; 3; 7; 4; 5244; INTERNAL; 2; 6; 4; 5734
INTERNAL; 5; 8; 3; 7578; INTERNAL; 2; 5; 3; 5726
INTERNAL; 2; 5; 3; 5726; INPUT; 1; 4; 3; 2810
INTERNAL; 5; 8; 3; 7578; INTERNAL; 2; 4; 2; 4976
INTERNAL; 5; 8; 3; 7578; INTERNAL; 4; 7; 3; 2875
INTERNAL; 4; 7; 3; 2875; INTERNAL; 3; 6; 3; 5728
INTERNAL; 3; 6; 3; 5728; INPUT; 1; 5; 4; 3688
INTERNAL; 3; 6; 3; 5728; INPUT; 1; 4; 3; 2794
INTERNAL; 3; 6; 3; 5728; INPUT; 1; 4; 3; 5730
INTERNAL; 3; 6; 3; 5728; INTERNAL; 2; 5; 3; 8021
INTERNAL; 6; 9; 3; 2743; INTERNAL; 5; 8; 3; 5577
INTERNAL; 5; 8; 3; 5577; INTERNAL; 2; 5; 3; 7150
INTERNAL; 5; 8; 3; 5577; INTERNAL; 4; 7; 3; 5724
INTERNAL; 4; 7; 3; 5724; INPUT; 1; 6; 5; 6552
INTERNAL; 4; 7; 3; 5724; INPUT; 1; 6; 5; 5365
INTERNAL; 4; 7; 3; 5724; INPUT; 1; 6; 5; 5725
INTERNAL; 4; 7; 3; 5724; INPUT; 1; 6; 5; 2687
INTERNAL; 6; 9; 3; 2743; INTERNAL; 3; 8; 5; 4388
INTERNAL; 3; 8; 5; 4388; INTERNAL; 2; 7; 5; 2284
INTERNAL; 3; 8; 5; 4388; INTERNAL; 2; 7; 5; 3669
INTERNAL; 2; 7; 5; 3669; INPUT; 1; 4; 3; 8122
INTERNAL; 3; 8; 5; 4388; INTERNAL; 2; 5; 3; 3136
INTERNAL; 2; 5; 3; 3136; INPUT; 1; 4; 3; 6037
INTERNAL; 2; 5; 3; 3136; INPUT; 1; 4; 3; 3113
INTERNAL; 2; 5; 3; 3136; INPUT; 1; 4; 3; 7217
INTERNAL; 9; 11; 2; 6168; INTERNAL; 5; 9; 4; 2105
INTERNAL; 5; 9; 4; 2105; INTERNAL; 4; 8; 4; 5739
INTERNAL; 4; 8; 4; 5739; INTERNAL; 2; 7; 5; 5740
INTERNAL; 5; 9; 4; 2105; INTERNAL; 2; 8; 6; 5736
INTERNAL; 9; 11; 2; 6168; INTERNAL; 8; 9; 1; 6830
INTERNAL; 10; 12; 2; 2582; INTERNAL; 7; 11; 4; 7284
INTERNAL; 7; 11; 4; 7284; INTERNAL; 6; 9; 3; 4151
INTERNAL; 7; 11; 4; 7284; INTERNAL; 6; 9; 3; 2467
INTERNAL; 6; 9; 3; 2467; INTERNAL; 2; 7; 5; 5825
INTERNAL; 2; 7; 5; 5825; INPUT; 1; 3; 2; 4178
INTERNAL; 2; 7; 5; 5825; INPUT; 1; 3; 2; 3471
INTERNAL; 2; 7; 5; 5825; INPUT; 1; 3; 2; 3478
INTERNAL; 2; 7; 5; 5825; INPUT; 1; 3; 2; 3487
INTERNAL; 6; 9; 3; 2467; INTERNAL; 2; 4; 2; 4203
INTERNAL; 2; 4; 2; 4203; INPUT; 1; 3; 2; 4351
INTERNAL; 2; 4; 2; 4203; INPUT; 1; 3; 2; 2807
INTERNAL; 2; 4; 2; 4203; INPUT; 1; 3; 2; 3919
INTERNAL; 6; 9; 3; 2467; INTERNAL; 5; 8; 3; 5829
INTERNAL; 5; 8; 3; 5829; INTERNAL; 4; 7; 3; 7086
INTERNAL; 4; 7; 3; 7086; INTERNAL; 3; 6; 3; 2512
INTERNAL; 3; 6; 3; 2512; INTERNAL; 2; 5; 3; 3316
INTERNAL; 3; 6; 3; 2512; INPUT; 1; 5; 4; 2364
INTERNAL; 5; 8; 3; 5829; INTERNAL; 3; 7; 4; 5844
INTERNAL; 3; 7; 4; 5844; INTERNAL; 2; 6; 4; 5845
INTERNAL; 6; 9; 3; 2467; INTERNAL; 2; 6; 4; 5823
INTERNAL; 6; 9; 3; 2467; INTERNAL; 2; 6; 4; 4306
INTERNAL; 10; 12; 2; 2582; INTERNAL; 8; 11; 3; 4122
INTERNAL; 12; 13; 1; 7104; INTERNAL; 11; 12; 1; 6330
INTERNAL; 12; 13; 1; 7104; INTERNAL; 11; 12; 1; 6071
INTERNAL; 11; 12; 1; 6071; INTERNAL; 9; 10; 1; 5963
INTERNAL; 11; 12; 1; 6071; INTERNAL; 10; 10; 0; 2403
INTERNAL; 11; 12; 1; 6071; INTERNAL; 6; 10; 4; 5925
INTERNAL; 6; 10; 4; 5925; INTERNAL; 5; 9; 4; 3224
INTERNAL; 5; 9; 4; 3224; INTERNAL; 3; 8; 5; 5767
INTERNAL; 3; 8; 5; 5767; INTERNAL; 2; 7; 5; 3949
INTERNAL; 2; 7; 5; 3949; INPUT; 1; 5; 4; 5056
INTERNAL; 2; 7; 5; 3949; INPUT; 1; 5; 4; 7022
INTERNAL; 2; 7; 5; 3949; INPUT; 1; 6; 5; 8171
INTERNAL; 2; 7; 5; 3949; INPUT; 1; 5; 4; 5800
INTERNAL; 5; 9; 4; 3224; INTERNAL; 4; 8; 4; 5770
INTERNAL; 4; 8; 4; 5770; INTERNAL; 3; 7; 4; 4619
INTERNAL; 6; 10; 4; 5925; INTERNAL; 4; 9; 5; 5763
INTERNAL; 4; 9; 5; 5763; INTERNAL; 3; 8; 5; 5806
INTERNAL; 13; 16; 3; 2416; INTERNAL; 10; 13; 3; 6177
INTERNAL; 13; 16; 3; 2416; INTERNAL; 12; 13; 1; 6176
INTERNAL; 17; 17; 0; 3766; INTERNAL; 16; 16; 0; 2415
INTERNAL; 16; 16; 0; 2415; INTERNAL; 15; 15; 0; 4666
INTERNAL; 15; 15; 0; 4666; INTERNAL; 13; 14; 1; 2311
INTERNAL; 13; 14; 1; 2311; INTERNAL; 6; 12; 6; 7599
INTERNAL; 6; 12; 6; 7599; INTERNAL; 4; 11; 7; 6009
INTERNAL; 6; 12; 6; 7599; INTERNAL; 5; 11; 6; 2553
INTERNAL; 5; 11; 6; 2553; INTERNAL; 3; 10; 7; 6012
INTERNAL; 13; 14; 1; 2311; INTERNAL; 12; 12; 0; 4881
INTERNAL; 12; 12; 0; 4881; INTERNAL; 11; 11; 0; 2692
INTERNAL; 12; 12; 0; 4881; INTERNAL; 8; 11; 3; 3866
INTERNAL; 8; 11; 3; 3866; INTERNAL; 5; 10; 5; 5820
INTERNAL; 5; 10; 5; 5820; INTERNAL; 4; 9; 5; 5732
INTERNAL; 4; 9; 5; 5732; INTERNAL; 3; 6; 3; 2666
INTERNAL; 3; 6; 3; 2666; INTERNAL; 2; 5; 3; 3488
INTERNAL; 3; 6; 3; 2666; INPUT; 1; 5; 4; 2341
INTERNAL; 4; 9; 5; 5732; INTERNAL; 2; 7; 5; 4600
INTERNAL; 5; 10; 5; 5820; INTERNAL; 4; 9; 5; 4848
INTERNAL; 4; 9; 5; 4848; INTERNAL; 3; 8; 5; 5917
INTERNAL; 3; 8; 5; 5917; INPUT; 1; 6; 5; 5920
INTERNAL; 3; 8; 5; 5917; INTERNAL; 2; 7; 5; 5926
INTERNAL; 2; 7; 5; 5926; INPUT; 1; 5; 4; 8040
INTERNAL; 2; 7; 5; 5926; INPUT; 1; 5; 4; 6725
INTERNAL; 3; 8; 5; 5917; INPUT; 1; 7; 6; 5924
INTERNAL; 5; 10; 5; 5820; INTERNAL; 4; 9; 5; 5912
INTERNAL; 4; 9; 5; 5912; INTERNAL; 2; 5; 3; 5326
INTERNAL; 2; 5; 3; 5326; INPUT; 1; 4; 3; 5337
INTERNAL; 2; 5; 3; 5326; INPUT; 1; 4; 3; 2895
INTERNAL; 2; 5; 3; 5326; INPUT; 1; 4; 3; 4406
INTERNAL; 2; 5; 3; 5326; INPUT; 1; 4; 3; 3003
INTERNAL; 4; 9; 5; 5912; INTERNAL; 3; 8; 5; 2570
INTERNAL; 3; 8; 5; 2570; INTERNAL; 2; 7; 5; 6529
INTERNAL; 3; 8; 5; 2570; INTERNAL; 2; 6; 4; 8228
INTERNAL; 4; 9; 5; 5912; INTERNAL; 2; 8; 6; 5916
INTERNAL; 2; 8; 6; 5916; INPUT; 1; 5; 4; 3221
INTERNAL; 2; 8; 6; 5916; INPUT; 1; 5; 4; 3222
INTERNAL; 2; 8; 6; 5916; INPUT; 1; 5; 4; 3217
INTERNAL; 4; 9; 5; 5912; INTERNAL; 2; 8; 6; 5911
INTERNAL; 2; 8; 6; 5911; INPUT; 1; 5; 4; 5377
INTERNAL; 2; 8; 6; 5911; INPUT; 1; 5; 4; 4424
INTERNAL; 2; 8; 6; 5911; INPUT; 1; 5; 4; 5378
INTERNAL; 2; 8; 6; 5911; INPUT; 1; 5; 4; 5376
INTERNAL; 5; 10; 5; 5820; INTERNAL; 3; 9; 6; 5909
INTERNAL; 3; 9; 6; 5909; INTERNAL; 2; 6; 4; 7369
INTERNAL; 3; 9; 6; 5909; INTERNAL; 2; 6; 4; 6277
INTERNAL; 8; 11; 3; 3866; INTERNAL; 6; 10; 4; 2346
INTERNAL; 6; 10; 4; 2346; INTERNAL; 5; 9; 4; 4555
INTERNAL; 5; 9; 4; 4555; INTERNAL; 4; 8; 4; 5905
INTERNAL; 5; 9; 4; 4555; INTERNAL; 4; 8; 4; 5900
INTERNAL; 6; 10; 4; 2346; INTERNAL; 4; 9; 5; 3164
INTERNAL; 8; 11; 3; 3866; INTERNAL; 7; 10; 3; 5819
INTERNAL; 12; 12; 0; 4881; INTERNAL; 6; 11; 5; 5028
INTERNAL; 6; 11; 5; 5028; INTERNAL; 5; 10; 5; 5932
INTERNAL; 5; 10; 5; 5932; INTERNAL; 4; 9; 5; 4512
INTERNAL; 4; 9; 5; 4512; INTERNAL; 2; 4; 2; 5170
INTERNAL; 2; 4; 2; 5170; INPUT; 1; 3; 2; 4595
INTERNAL; 2; 4; 2; 5170; INPUT; 1; 3; 2; 4354
INTERNAL; 2; 4; 2; 5170; INPUT; 1; 3; 2; 4760
INTERNAL; 2; 4; 2; 5170; INPUT; 1; 3; 2; 5174
INTERNAL; 4; 9; 5; 4512; INPUT; 1; 3; 2; 4023
INTERNAL; 4; 9; 5; 4512; INPUT; 1; 3; 2; 4975
INTERNAL; 13; 14; 1; 2311; INTERNAL; 6; 12; 6; 4100
INTERNAL; 6; 12; 6; 4100; INTERNAL; 5; 11; 6; 3785
INTERNAL; 5; 11; 6; 3785; INPUT; 1; 7; 6; 5746
INTERNAL; 5; 11; 6; 3785; INTERNAL; 4; 10; 6; 2437
INTERNAL; 4; 10; 6; 2437; INPUT; 1; 9; 8; 5979
INTERNAL; 4; 10; 6; 2437; INPUT; 1; 9; 8; 5978
INTERNAL; 4; 10; 6; 2437; INPUT; 1; 9; 8; 5976
INTERNAL; 4; 10; 6; 2437; INPUT; 1; 9; 8; 3417
INTERNAL; 5; 11; 6; 3785; INTERNAL; 4; 10; 6; 5955
INTERNAL; 4; 10; 6; 5955; INTERNAL; 2; 9; 7; 5958
INTERNAL; 2; 9; 7; 5958; INPUT; 1; 5; 4; 3046
INTERNAL; 4; 10; 6; 5955; INPUT; 1; 5; 4; 2701
INTERNAL; 4; 10; 6; 5955; INTERNAL; 2; 8; 6; 5964
INTERNAL; 6; 12; 6; 4100; INTERNAL; 3; 11; 8; 4124
INTERNAL; 6; 12; 6; 4100; INTERNAL; 3; 11; 8; 5952
INTERNAL; 6; 12; 6; 4100; INTERNAL; 3; 11; 8; 3422
INTERNAL; 3; 11; 8; 3422; INTERNAL; 2; 5; 3; 8019
INTERNAL; 3; 11; 8; 3422; INTERNAL; 2; 10; 8; 5981
INTERNAL; 2; 10; 8; 5981; INPUT; 1; 9; 8; 5988
INTERNAL; 2; 10; 8; 5981; INPUT; 1; 9; 8; 5983
INTERNAL; 2; 10; 8; 5981; INPUT; 1; 9; 8; 5990
INTERNAL; 15; 15; 0; 4666; INTERNAL; 13; 14; 1; 3007
INTERNAL; 13; 14; 1; 3007; INTERNAL; 8; 13; 5; 6070
INTERNAL; 13; 14; 1; 3007; INTERNAL; 12; 13; 1; 6067
INTERNAL; 13; 14; 1; 3007; INTERNAL; 12; 13; 1; 2328
INTERNAL; 15; 15; 0; 4666; INTERNAL; 14; 14; 0; 5700
INTERNAL; 14; 14; 0; 5700; INTERNAL; 5; 13; 8; 2407
INTERNAL; 5; 13; 8; 2407; INTERNAL; 4; 12; 8; 6295
INTERNAL; 5; 13; 8; 2407; INTERNAL; 4; 12; 8; 6029
INTERNAL; 4; 12; 8; 6029; INTERNAL; 2; 11; 9; 8262
INTERNAL; 2; 11; 9; 8262; INPUT; 1; 3; 2; 6048
INTERNAL; 2; 11; 9; 8262; INPUT; 1; 4; 3; 6046
INTERNAL; 2; 11; 9; 8262; INPUT; 1; 4; 3; 6044
INTERNAL; 4; 12; 8; 6029; INTERNAL; 2; 11; 9; 6036
INTERNAL; 4; 12; 8; 6029; INTERNAL; 2; 6; 4; 2541
INTERNAL; 5; 13; 8; 2407; INTERNAL; 4; 12; 8; 3709
INTERNAL; 4; 12; 8; 3709; INTERNAL; 3; 11; 8; 6050
INTERNAL; 4; 12; 8; 3709; INTERNAL; 3; 11; 8; 7148
INTERNAL; 3; 11; 8; 7148; INPUT; 1; 10; 9; 6061
INTERNAL; 3; 11; 8; 7148; INPUT; 1; 10; 9; 6054
INTERNAL; 3; 11; 8; 7148; INPUT; 1; 10; 9; 6062
INTERNAL; 3; 11; 8; 7148; INPUT; 1; 10; 9; 6057
INTERNAL; 14; 14; 0; 5700; INTERNAL; 13; 13; 0; 3781
INTERNAL; 16; 16; 0; 2415; INTERNAL; 14; 15; 1; 2504
INTERNAL; 14; 15; 1; 2504; INTERNAL; 13; 14; 1; 2617
INTERNAL; 14; 15; 1; 2504; INTERNAL; 13; 14; 1; 5807
INTERNAL; 17; 17; 0; 3766; INTERNAL; 14; 16; 2; 4327
INTERNAL; 17; 17; 0; 3766; INTERNAL; 13; 16; 3; 4136
INTERNAL; 18; 18; 0; 5165; INTERNAL; 14; 17; 3; 2419
INTERNAL; 20; 20; 0; 4024; INTERNAL; 14; 19; 5; 5719
INTERNAL; 14; 19; 5; 5719; INTERNAL; 11; 18; 7; 6257
INTERNAL; 14; 19; 5; 5719; INTERNAL; 13; 18; 5; 7281
INTERNAL; 21; 25; 4; 3505; INTERNAL; 20; 24; 4; 127
INTERNAL; 20; 24; 4; 127; INTERNAL; 18; 23; 5; 4295
INTERNAL; 18; 23; 5; 4295; INTERNAL; 15; 20; 5; 5576
INTERNAL; 15; 20; 5; 5576; INTERNAL; 14; 17; 3; 821
INTERNAL; 14; 17; 3; 821; INTERNAL; 13; 16; 3; 380
INTERNAL; 13; 16; 3; 380; INTERNAL; 12; 15; 3; 379
INTERNAL; 12; 15; 3; 379; INTERNAL; 11; 14; 3; 7123
INTERNAL; 11; 14; 3; 7123; INTERNAL; 5; 13; 8; 375
INTERNAL; 5; 13; 8; 375; INTERNAL; 3; 12; 9; 333
INTERNAL; 3; 12; 9; 333; INPUT; 1; 4; 3; 5741
INTERNAL; 3; 12; 9; 333; INPUT; 1; 4; 3; 2190
INTERNAL; 3; 12; 9; 333; INTERNAL; 2; 11; 9; 331
INTERNAL; 2; 11; 9; 331; INPUT; 1; 7; 6; 5869
INTERNAL; 2; 11; 9; 331; INPUT; 1; 7; 6; 5861
INTERNAL; 2; 11; 9; 331; INPUT; 1; 7; 6; 7316
INTERNAL; 2; 11; 9; 331; INPUT; 1; 7; 6; 2913
INTERNAL; 3; 12; 9; 333; INTERNAL; 2; 6; 4; 5306
INTERNAL; 2; 6; 4; 5306; INPUT; 1; 4; 3; 4717
INTERNAL; 2; 6; 4; 5306; INPUT; 1; 4; 3; 5155
INTERNAL; 2; 6; 4; 5306; INPUT; 1; 4; 3; 2795
INTERNAL; 3; 12; 9; 333; INPUT; 1; 4; 3; 4281
INTERNAL; 3; 12; 9; 333; INTERNAL; 2; 7; 5; 6730
INTERNAL; 5; 13; 8; 375; INTERNAL; 3; 12; 9; 1568
INTERNAL; 3; 12; 9; 1568; INPUT; 1; 5; 4; 7745
INTERNAL; 3; 12; 9; 1568; INTERNAL; 2; 7; 5; 7444
INTERNAL; 5; 13; 8; 375; INTERNAL; 4; 12; 8; 872
INTERNAL; 4; 12; 8; 872; INTERNAL; 2; 11; 9; 1564
INTERNAL; 4; 12; 8; 872; INTERNAL; 3; 11; 8; 332
INTERNAL; 3; 11; 8; 332; INTERNAL; 2; 4; 2; 4125
INTERNAL; 2; 4; 2; 4125; INPUT; 1; 3; 2; 4453
INTERNAL; 4; 12; 8; 872; INTERNAL; 2; 5; 3; 4213
INTERNAL; 2; 5; 3; 4213; INPUT; 1; 4; 3; 3854
INTERNAL; 2; 5; 3; 4213; INPUT; 1; 4; 3; 2120
INTERNAL; 4; 12; 8; 872; INTERNAL; 2; 10; 8; 4020
INTERNAL; 5; 13; 8; 375; INTERNAL; 2; 10; 8; 7733
INTERNAL; 2; 10; 8; 7733; INPUT; 1; 5; 4; 6846
INTERNAL; 2; 10; 8; 7733; INPUT; 1; 7; 6; 7298
INTERNAL; 2; 10; 8; 7733; INPUT; 1; 7; 6; 2587
INTERNAL; 2; 10; 8; 7733; INPUT; 1; 5; 4; 6851
INTERNAL; 5; 13; 8; 375; INTERNAL; 3; 12; 9; 334
INTERNAL; 3; 12; 9; 334; INPUT; 1; 5; 4; 6663
INTERNAL; 3; 12; 9; 334; INPUT; 1; 5; 4; 3822
INTERNAL; 3; 12; 9; 334; INTERNAL; 2; 6; 4; 5729
INTERNAL; 2; 6; 4; 5729; INPUT; 1; 3; 2; 3882
INTERNAL; 2; 6; 4; 5729; INPUT; 1; 3; 2; 3861
INTERNAL; 2; 6; 4; 5729; INPUT; 1; 3; 2; 3878
INTERNAL; 3; 12; 9; 334; INPUT; 1; 5; 4; 3299
INTERNAL; 3; 12; 9; 334; INPUT; 1; 5; 4; 4856
INTERNAL; 5; 13; 8; 375; INTERNAL; 3; 12; 9; 5490
INTERNAL; 11; 14; 3; 7123; INTERNAL; 6; 13; 7; 376
INTERNAL; 6; 13; 7; 376; INTERNAL; 5; 12; 7; 6025
INTERNAL; 5; 12; 7; 6025; INTERNAL; 2; 11; 9; 338
INTERNAL; 2; 11; 9; 338; INPUT; 1; 3; 2; 3790
INTERNAL; 2; 11; 9; 338; INPUT; 1; 4; 3; 6335
INTERNAL; 2; 11; 9; 338; INPUT; 1; 4; 3; 3571
INTERNAL; 2; 11; 9; 338; INPUT; 1; 3; 2; 4647
INTERNAL; 5; 12; 7; 6025; INTERNAL; 4; 11; 7; 337
INTERNAL; 4; 11; 7; 337; INPUT; 1; 5; 4; 4794
INTERNAL; 4; 11; 7; 337; INTERNAL; 2; 9; 7; 1286
INTERNAL; 4; 11; 7; 337; INTERNAL; 3; 7; 4; 3523
INTERNAL; 3; 7; 4; 3523; INTERNAL; 2; 4; 2; 5875
INTERNAL; 2; 4; 2; 5875; INPUT; 1; 3; 2; 2547
INTERNAL; 2; 4; 2; 5875; INPUT; 1; 3; 2; 5346
INTERNAL; 3; 7; 4; 3523; INPUT; 1; 4; 3; 4853
INTERNAL; 3; 7; 4; 3523; INPUT; 1; 4; 3; 3550
INTERNAL; 4; 11; 7; 337; INPUT; 1; 5; 4; 4530
INTERNAL; 5; 12; 7; 6025; INTERNAL; 2; 11; 9; 336
INTERNAL; 2; 11; 9; 336; INPUT; 1; 3; 2; 3862
INTERNAL; 2; 11; 9; 336; INPUT; 1; 3; 2; 6022
INTERNAL; 5; 12; 7; 6025; INTERNAL; 2; 10; 8; 3640
INTERNAL; 2; 10; 8; 3640; INPUT; 1; 5; 4; 6802
INTERNAL; 2; 10; 8; 3640; INPUT; 1; 6; 5; 6795
INTERNAL; 2; 10; 8; 3640; INPUT; 1; 6; 5; 2751
INTERNAL; 2; 10; 8; 3640; INPUT; 1; 5; 4; 5989
INTERNAL; 6; 13; 7; 376; INTERNAL; 2; 10; 8; 3617
INTERNAL; 6; 13; 7; 376; INTERNAL; 4; 12; 8; 339
INTERNAL; 4; 12; 8; 339; INPUT; 1; 5; 4; 7195
INTERNAL; 4; 12; 8; 339; INPUT; 1; 5; 4; 3533
INTERNAL; 4; 12; 8; 339; INTERNAL; 3; 11; 8; 335
INTERNAL; 3; 11; 8; 335; INTERNAL; 2; 7; 5; 7684
INTERNAL; 6; 13; 7; 376; INTERNAL; 2; 12; 10; 3448
INTERNAL; 2; 12; 10; 3448; INPUT; 1; 4; 3; 6470
INTERNAL; 2; 12; 10; 3448; INPUT; 1; 4; 3; 5203
INTERNAL; 2; 12; 10; 3448; INPUT; 1; 4; 3; 5119
INTERNAL; 2; 12; 10; 3448; INPUT; 1; 4; 3; 5131
INTERNAL; 11; 14; 3; 7123; INTERNAL; 10; 13; 3; 5796
INTERNAL; 10; 13; 3; 5796; INTERNAL; 9; 12; 3; 374
INTERNAL; 9; 12; 3; 374; INTERNAL; 8; 11; 3; 3395
INTERNAL; 8; 11; 3; 3395; INTERNAL; 5; 10; 5; 480
INTERNAL; 5; 10; 5; 480; INTERNAL; 3; 9; 6; 351
INTERNAL; 3; 9; 6; 351; INPUT; 1; 4; 3; 2304
INTERNAL; 3; 9; 6; 351; INTERNAL; 2; 7; 5; 1618
INTERNAL; 2; 7; 5; 1618; INPUT; 1; 6; 5; 7524
INTERNAL; 2; 7; 5; 1618; INPUT; 1; 6; 5; 7491
INTERNAL; 2; 7; 5; 1618; INPUT; 1; 6; 5; 6591
INTERNAL; 2; 7; 5; 1618; INPUT; 1; 6; 5; 8348
INTERNAL; 3; 9; 6; 351; INPUT; 1; 4; 3; 7187
INTERNAL; 3; 9; 6; 351; INPUT; 1; 4; 3; 5199
INTERNAL; 3; 9; 6; 351; INTERNAL; 2; 8; 6; 6502
INTERNAL; 5; 10; 5; 480; INTERNAL; 3; 9; 6; 4913
INTERNAL; 3; 9; 6; 4913; INTERNAL; 2; 6; 4; 6651
INTERNAL; 2; 6; 4; 6651; INPUT; 1; 4; 3; 3998
INTERNAL; 2; 6; 4; 6651; INPUT; 1; 4; 3; 2749
INTERNAL; 2; 6; 4; 6651; INPUT; 1; 4; 3; 6329
INTERNAL; 3; 9; 6; 4913; INPUT; 1; 4; 3; 1890
INTERNAL; 3; 9; 6; 4913; INPUT; 1; 4; 3; 5465
INTERNAL; 3; 9; 6; 4913; INTERNAL; 2; 5; 3; 6850
INTERNAL; 2; 5; 3; 6850; INPUT; 1; 4; 3; 2571
INTERNAL; 2; 5; 3; 6850; INPUT; 1; 4; 3; 8281
INTERNAL; 2; 5; 3; 6850; INPUT; 1; 4; 3; 3177
INTERNAL; 2; 5; 3; 6850; INPUT; 1; 4; 3; 8154
INTERNAL; 3; 9; 6; 4913; INPUT; 1; 4; 3; 3137
INTERNAL; 3; 9; 6; 4913; INPUT; 1; 4; 3; 1889
INTERNAL; 5; 10; 5; 480; INTERNAL; 3; 9; 6; 2542
INTERNAL; 3; 9; 6; 2542; INPUT; 1; 4; 3; 4398
INTERNAL; 3; 9; 6; 2542; INPUT; 1; 4; 3; 5902
INTERNAL; 3; 9; 6; 2542; INTERNAL; 2; 8; 6; 8364
INTERNAL; 3; 9; 6; 2542; INPUT; 1; 4; 3; 6599
INTERNAL; 3; 9; 6; 2542; INPUT; 1; 4; 3; 6069
INTERNAL; 5; 10; 5; 480; INTERNAL; 2; 9; 7; 2249
INTERNAL; 5; 10; 5; 480; INTERNAL; 4; 9; 5; 4197
INTERNAL; 4; 9; 5; 4197; INTERNAL; 2; 8; 6; 3632
INTERNAL; 4; 9; 5; 4197; INTERNAL; 2; 8; 6; 7691
INTERNAL; 2; 8; 6; 7691; INPUT; 1; 4; 3; 2752
INTERNAL; 4; 9; 5; 4197; INTERNAL; 3; 8; 5; 4731
INTERNAL; 3; 8; 5; 4731; INTERNAL; 2; 7; 5; 865
INTERNAL; 2; 7; 5; 865; INPUT; 1; 6; 5; 3986
INTERNAL; 2; 7; 5; 865; INPUT; 1; 6; 5; 7660
INTERNAL; 2; 7; 5; 865; INPUT; 1; 6; 5; 5858
INTERNAL; 2; 7; 5; 865; INPUT; 1; 6; 5; 7016
INTERNAL; 5; 10; 5; 480; INTERNAL; 4; 9; 5; 350
INTERNAL; 4; 9; 5; 350; INTERNAL; 2; 5; 3; 8288
INTERNAL; 4; 9; 5; 350; INTERNAL; 2; 4; 2; 3031
INTERNAL; 8; 11; 3; 3395; INTERNAL; 7; 10; 3; 370
INTERNAL; 7; 10; 3; 370; INTERNAL; 6; 9; 3; 367
INTERNAL; 6; 9; 3; 367; INTERNAL; 5; 8; 3; 366
INTERNAL; 5; 8; 3; 366; INTERNAL; 2; 6; 4; 8307
INTERNAL; 5; 8; 3; 366; INTERNAL; 3; 7; 4; 365
INTERNAL; 3; 7; 4; 365; INTERNAL; 2; 5; 3; 7279
INTERNAL; 3; 7; 4; 365; INPUT; 1; 5; 4; 7302
INTERNAL; 5; 8; 3; 366; INTERNAL; 2; 7; 5; 3095
INTERNAL; 5; 8; 3; 366; INTERNAL; 2; 7; 5; 3812
INTERNAL; 5; 8; 3; 366; INTERNAL; 4; 7; 3; 364
INTERNAL; 4; 7; 3; 364; INTERNAL; 2; 6; 4; 363
INTERNAL; 4; 7; 3; 364; INTERNAL; 3; 6; 3; 4621
INTERNAL; 3; 6; 3; 4621; INTERNAL; 2; 5; 3; 6858
INTERNAL; 6; 9; 3; 367; INTERNAL; 4; 8; 4; 4437
INTERNAL; 4; 8; 4; 4437; INTERNAL; 3; 7; 4; 362
INTERNAL; 3; 7; 4; 362; INPUT; 1; 5; 4; 4155
INTERNAL; 3; 7; 4; 362; INTERNAL; 2; 5; 3; 2740
INTERNAL; 4; 8; 4; 4437; INTERNAL; 3; 7; 4; 361
INTERNAL; 3; 7; 4; 361; INTERNAL; 2; 6; 4; 5125
INTERNAL; 2; 6; 4; 5125; INPUT; 1; 5; 4; 2993
INTERNAL; 2; 6; 4; 5125; INPUT; 1; 5; 4; 6804
INTERNAL; 2; 6; 4; 5125; INPUT; 1; 5; 4; 2778
INTERNAL; 2; 6; 4; 5125; INPUT; 1; 5; 4; 7547
INTERNAL; 3; 7; 4; 361; INTERNAL; 2; 6; 4; 3784
INTERNAL; 4; 8; 4; 4437; INTERNAL; 2; 4; 2; 4839
INTERNAL; 2; 4; 2; 4839; INPUT; 1; 3; 2; 4828
INTERNAL; 2; 4; 2; 4839; INPUT; 1; 3; 2; 2584
INTERNAL; 2; 4; 2; 4839; INPUT; 1; 3; 2; 4056
INTERNAL; 2; 4; 2; 4839; INPUT; 1; 3; 2; 3407
INTERNAL; 7; 10; 3; 370; INTERNAL; 4; 9; 5; 368
INTERNAL; 4; 9; 5; 368; INTERNAL; 2; 5; 3; 5620
INTERNAL; 2; 5; 3; 5620; INPUT; 1; 4; 3; 5338
INTERNAL; 2; 5; 3; 5620; INPUT; 1; 4; 3; 5064
INTERNAL; 2; 5; 3; 5620; INPUT; 1; 4; 3; 5327
INTERNAL; 2; 5; 3; 5620; INPUT; 1; 4; 3; 4522
INTERNAL; 4; 9; 5; 368; INTERNAL; 3; 8; 5; 359
INTERNAL; 3; 8; 5; 359; INPUT; 1; 5; 4; 6424
INTERNAL; 3; 8; 5; 359; INPUT; 1; 5; 4; 2496
INTERNAL; 3; 8; 5; 359; INPUT; 1; 5; 4; 4375
INTERNAL; 3; 8; 5; 359; INTERNAL; 2; 7; 5; 360
INTERNAL; 2; 7; 5; 360; INPUT; 1; 5; 4; 4765
INTERNAL; 3; 8; 5; 359; INPUT; 1; 5; 4; 5328
INTERNAL; 4; 9; 5; 368; INTERNAL; 2; 6; 4; 7688
INTERNAL; 2; 6; 4; 7688; INPUT; 1; 5; 4; 6874
INTERNAL; 2; 6; 4; 7688; INPUT; 1; 5; 4; 3058
INTERNAL; 2; 6; 4; 7688; INPUT; 1; 5; 4; 6871
INTERNAL; 2; 6; 4; 7688; INPUT; 1; 5; 4; 8255
INTERNAL; 7; 10; 3; 370; INTERNAL; 4; 9; 5; 369
INTERNAL; 4; 9; 5; 369; INTERNAL; 3; 8; 5; 8189
INTERNAL; 3; 8; 5; 8189; INTERNAL; 2; 7; 5; 3557
INTERNAL; 4; 9; 5; 369; INTERNAL; 3; 8; 5; 2644
INTERNAL; 3; 8; 5; 2644; INTERNAL; 2; 7; 5; 1187
INTERNAL; 3; 8; 5; 2644; INTERNAL; 2; 7; 5; 935
INTERNAL; 3; 8; 5; 2644; INPUT; 1; 4; 3; 4643
INTERNAL; 3; 8; 5; 2644; INPUT; 1; 4; 3; 6662
INTERNAL; 3; 8; 5; 2644; INTERNAL; 2; 6; 4; 6831
INTERNAL; 2; 6; 4; 6831; INPUT; 1; 4; 3; 6659
INTERNAL; 2; 6; 4; 6831; INPUT; 1; 5; 4; 8205
INTERNAL; 8; 11; 3; 3395; INTERNAL; 6; 10; 4; 4052
INTERNAL; 6; 10; 4; 4052; INTERNAL; 4; 9; 5; 4288
INTERNAL; 4; 9; 5; 4288; INTERNAL; 3; 5; 2; 5372
INTERNAL; 6; 10; 4; 4052; INTERNAL; 3; 7; 4; 7606
INTERNAL; 3; 7; 4; 7606; INPUT; 1; 2; 1; 5439
INTERNAL; 3; 7; 4; 7606; INTERNAL; 2; 6; 4; 3654
INTERNAL; 2; 6; 4; 3654; INPUT; 1; 3; 2; 5200
INTERNAL; 2; 6; 4; 3654; INPUT; 1; 3; 2; 5102
INTERNAL; 3; 7; 4; 7606; INPUT; 1; 2; 1; 4817
INTERNAL; 6; 10; 4; 4052; INTERNAL; 5; 9; 4; 357
INTERNAL; 5; 9; 4; 357; INTERNAL; 2; 7; 5; 6841
INTERNAL; 5; 9; 4; 357; INTERNAL; 2; 5; 3; 3415
INTERNAL; 2; 5; 3; 3415; INPUT; 1; 4; 3; 3392
INTERNAL; 5; 9; 4; 357; INTERNAL; 2; 7; 5; 618
INTERNAL; 5; 9; 4; 357; INTERNAL; 2; 5; 3; 6366
INTERNAL; 2; 5; 3; 6366; INPUT; 1; 4; 3; 2878
INTERNAL; 2; 5; 3; 6366; INPUT; 1; 4; 3; 3728
INTERNAL; 2; 5; 3; 6366; INPUT; 1; 4; 3; 5399
INTERNAL; 5; 9; 4; 357; INTERNAL; 4; 8; 4; 356
INTERNAL; 4; 8; 4; 356; INTERNAL; 3; 7; 4; 355
INTERNAL; 3; 7; 4; 355; INPUT; 1; 5; 4; 5228
INTERNAL; 3; 7; 4; 355; INTERNAL; 2; 6; 4; 7765
INTERNAL; 3; 7; 4; 355; INTERNAL; 2; 6; 4; 8349
INTERNAL; 2; 6; 4; 8349; INPUT; 1; 5; 4; 4238
INTERNAL; 2; 6; 4; 8349; INPUT; 1; 5; 4; 5529
INTERNAL; 3; 7; 4; 355; INPUT; 1; 5; 4; 8158
INTERNAL; 4; 8; 4; 356; INTERNAL; 2; 5; 3; 6934
INTERNAL; 2; 5; 3; 6934; INPUT; 1; 4; 3; 5001
INTERNAL; 2; 5; 3; 6934; INPUT; 1; 4; 3; 4997
INTERNAL; 2; 5; 3; 6934; INPUT; 1; 4; 3; 5769
INTERNAL; 2; 5; 3; 6934; INPUT; 1; 4; 3; 2770
INTERNAL; 6; 10; 4; 4052; INTERNAL; 3; 9; 6; 5156
INTERNAL; 3; 9; 6; 5156; INPUT; 1; 6; 5; 1012
INTERNAL; 3; 9; 6; 5156; INPUT; 1; 6; 5; 3613
INTERNAL; 3; 9; 6; 5156; INPUT; 1; 7; 6; 352
INTERNAL; 3; 9; 6; 5156; INPUT; 1; 6; 5; 6919
INTERNAL; 3; 9; 6; 5156; INTERNAL; 2; 4; 2; 5315
INTERNAL; 2; 4; 2; 5315; INPUT; 1; 3; 2; 8276
INTERNAL; 2; 4; 2; 5315; INPUT; 1; 3; 2; 3887
INTERNAL; 2; 4; 2; 5315; INPUT; 1; 3; 2; 5464
INTERNAL; 2; 4; 2; 5315; INPUT; 1; 3; 2; 5513
INTERNAL; 6; 10; 4; 4052; INTERNAL; 4; 9; 5; 358
INTERNAL; 4; 9; 5; 358; INTERNAL; 3; 8; 5; 354
INTERNAL; 9; 12; 3; 374; INTERNAL; 6; 11; 5; 397
INTERNAL; 6; 11; 5; 397; INTERNAL; 4; 10; 6; 5459
INTERNAL; 4; 10; 6; 5459; INTERNAL; 3; 5; 2; 5541
INTERNAL; 4; 10; 6; 5459; INTERNAL; 3; 9; 6; 3645
INTERNAL; 3; 9; 6; 3645; INTERNAL; 2; 7; 5; 5426
INTERNAL; 3; 9; 6; 3645; INTERNAL; 2; 7; 5; 3901
INTERNAL; 4; 10; 6; 5459; INTERNAL; 2; 9; 7; 452
INTERNAL; 2; 9; 7; 452; INPUT; 1; 4; 3; 3894
INTERNAL; 2; 9; 7; 452; INPUT; 1; 5; 4; 6226
INTERNAL; 2; 9; 7; 452; INPUT; 1; 4; 3; 5548
INTERNAL; 2; 9; 7; 452; INPUT; 1; 4; 3; 2800
INTERNAL; 6; 11; 5; 397; INTERNAL; 5; 10; 5; 2167
INTERNAL; 5; 10; 5; 2167; INTERNAL; 3; 9; 6; 4292
INTERNAL; 3; 9; 6; 4292; INTERNAL; 2; 8; 6; 809
INTERNAL; 5; 10; 5; 2167; INTERNAL; 2; 3; 1; 3706
INTERNAL; 2; 3; 1; 3706; INPUT; 1; 2; 1; 3693
INTERNAL; 2; 3; 1; 3706; INPUT; 1; 2; 1; 4704
INTERNAL; 5; 10; 5; 2167; INTERNAL; 2; 3; 1; 4019
INTERNAL; 2; 3; 1; 4019; INPUT; 1; 2; 1; 4583
INTERNAL; 2; 3; 1; 4019; INPUT; 1; 2; 1; 4898
INTERNAL; 2; 3; 1; 4019; INPUT; 1; 2; 1; 4890
INTERNAL; 2; 3; 1; 4019; INPUT; 1; 2; 1; 5804
INTERNAL; 5; 10; 5; 2167; INTERNAL; 3; 9; 6; 1990
INTERNAL; 3; 9; 6; 1990; INTERNAL; 2; 6; 4; 6687
INTERNAL; 3; 9; 6; 1990; INTERNAL; 2; 8; 6; 2971
INTERNAL; 5; 10; 5; 2167; INTERNAL; 4; 9; 5; 349
INTERNAL; 4; 9; 5; 349; INTERNAL; 2; 8; 6; 4200
INTERNAL; 4; 9; 5; 349; INTERNAL; 2; 7; 5; 7735
INTERNAL; 4; 9; 5; 349; INTERNAL; 3; 8; 5; 348
INTERNAL; 3; 8; 5; 348; INTERNAL; 2; 6; 4; 7145
INTERNAL; 3; 8; 5; 348; INTERNAL; 2; 4; 2; 4508
INTERNAL; 9; 12; 3; 374; INTERNAL; 4; 11; 7; 371
INTERNAL; 4; 11; 7; 371; INTERNAL; 2; 8; 6; 1425
INTERNAL; 2; 8; 6; 1425; INPUT; 1; 4; 3; 1744
INTERNAL; 2; 8; 6; 1425; INPUT; 1; 4; 3; 6881
INTERNAL; 2; 8; 6; 1425; INPUT; 1; 4; 3; 1745
INTERNAL; 2; 8; 6; 1425; INPUT; 1; 4; 3; 2695
INTERNAL; 4; 11; 7; 371; INTERNAL; 2; 4; 2; 5553
INTERNAL; 2; 4; 2; 5553; INPUT; 1; 3; 2; 3863
INTERNAL; 2; 4; 2; 5553; INPUT; 1; 3; 2; 3597
INTERNAL; 2; 4; 2; 5553; INPUT; 1; 3; 2; 2488
INTERNAL; 4; 11; 7; 371; INTERNAL; 3; 7; 4; 7381
INTERNAL; 3; 7; 4; 7381; INTERNAL; 2; 6; 4; 5957
INTERNAL; 10; 13; 3; 5796; INTERNAL; 5; 12; 7; 373
INTERNAL; 5; 12; 7; 373; INTERNAL; 3; 9; 6; 476
INTERNAL; 3; 9; 6; 476; INTERNAL; 2; 8; 6; 2222
INTERNAL; 3; 9; 6; 476; INPUT; 1; 6; 5; 2414
INTERNAL; 3; 9; 6; 476; INPUT; 1; 6; 5; 343
INTERNAL; 3; 9; 6; 476; INTERNAL; 2; 7; 5; 2360
INTERNAL; 2; 7; 5; 2360; INPUT; 1; 4; 3; 4805
INTERNAL; 2; 7; 5; 2360; INPUT; 1; 4; 3; 4680
INTERNAL; 2; 7; 5; 2360; INPUT; 1; 5; 4; 3365
INTERNAL; 2; 7; 5; 2360; INPUT; 1; 5; 4; 2478
INTERNAL; 3; 9; 6; 476; INPUT; 1; 6; 5; 5231
INTERNAL; 5; 12; 7; 373; INTERNAL; 4; 11; 7; 347
INTERNAL; 4; 11; 7; 347; INPUT; 1; 3; 2; 3303
INTERNAL; 4; 11; 7; 347; INPUT; 1; 3; 2; 5999
INTERNAL; 4; 11; 7; 347; INTERNAL; 3; 8; 5; 345
INTERNAL; 3; 8; 5; 345; INTERNAL; 2; 6; 4; 7483
INTERNAL; 4; 11; 7; 347; INPUT; 1; 3; 2; 3302
INTERNAL; 5; 12; 7; 373; INTERNAL; 3; 9; 6; 2287
INTERNAL; 3; 9; 6; 2287; INPUT; 1; 5; 4; 3190
INTERNAL; 3; 9; 6; 2287; INPUT; 1; 6; 5; 3573
INTERNAL; 3; 9; 6; 2287; INTERNAL; 2; 5; 3; 5271
INTERNAL; 2; 5; 3; 5271; INPUT; 1; 4; 3; 5184
INTERNAL; 2; 5; 3; 5271; INPUT; 1; 4; 3; 4171
INTERNAL; 5; 12; 7; 373; INTERNAL; 4; 11; 7; 346
INTERNAL; 4; 11; 7; 346; INTERNAL; 2; 8; 6; 344
INTERNAL; 4; 11; 7; 346; INTERNAL; 3; 8; 5; 619
INTERNAL; 3; 8; 5; 619; INTERNAL; 2; 3; 1; 3496
INTERNAL; 3; 8; 5; 619; INTERNAL; 2; 7; 5; 5518
INTERNAL; 3; 8; 5; 619; INTERNAL; 2; 7; 5; 2150
INTERNAL; 4; 11; 7; 346; INTERNAL; 3; 8; 5; 4205
INTERNAL; 3; 8; 5; 4205; INTERNAL; 2; 7; 5; 8316
INTERNAL; 2; 7; 5; 8316; INPUT; 1; 6; 5; 2239
INTERNAL; 2; 7; 5; 8316; INPUT; 1; 6; 5; 8317
INTERNAL; 2; 7; 5; 8316; INPUT; 1; 6; 5; 7725
INTERNAL; 2; 7; 5; 8316; INPUT; 1; 6; 5; 5609
INTERNAL; 3; 8; 5; 4205; INTERNAL; 2; 6; 4; 4971
INTERNAL; 4; 11; 7; 346; INTERNAL; 2; 7; 5; 1154
INTERNAL; 2; 7; 5; 1154; INPUT; 1; 3; 2; 8003
INTERNAL; 2; 7; 5; 1154; INPUT; 1; 3; 2; 7387
INTERNAL; 4; 11; 7; 346; INTERNAL; 2; 8; 6; 2550
INTERNAL; 2; 8; 6; 2550; INPUT; 1; 5; 4; 6399
INTERNAL; 2; 8; 6; 2550; INPUT; 1; 5; 4; 6401
INTERNAL; 2; 8; 6; 2550; INPUT; 1; 5; 4; 6403
INTERNAL; 2; 8; 6; 2550; INPUT; 1; 7; 6; 6612
INTERNAL; 10; 13; 3; 5796; INTERNAL; 5; 12; 7; 372
INTERNAL; 5; 12; 7; 372; INTERNAL; 2; 8; 6; 524
INTERNAL; 2; 8; 6; 524; INPUT; 1; 3; 2; 3377
INTERNAL; 2; 8; 6; 524; INPUT; 1; 3; 2; 5026
INTERNAL; 2; 8; 6; 524; INPUT; 1; 3; 2; 5022
INTERNAL; 2; 8; 6; 524; INPUT; 1; 3; 2; 5024
INTERNAL; 5; 12; 7; 372; INTERNAL; 3; 11; 8; 341
INTERNAL; 3; 11; 8; 341; INTERNAL; 2; 6; 4; 5633
INTERNAL; 2; 6; 4; 5633; INPUT; 1; 4; 3; 3115
INTERNAL; 5; 12; 7; 372; INTERNAL; 4; 11; 7; 342
INTERNAL; 4; 11; 7; 342; INTERNAL; 3; 10; 7; 8244
INTERNAL; 4; 11; 7; 342; INTERNAL; 2; 10; 8; 340
INTERNAL; 2; 10; 8; 340; INPUT; 1; 4; 3; 2583
INTERNAL; 2; 10; 8; 340; INPUT; 1; 4; 3; 4515
INTERNAL; 2; 10; 8; 340; INPUT; 1; 4; 3; 3144
INTERNAL; 5; 12; 7; 372; INTERNAL; 2; 5; 3; 6948
INTERNAL; 2; 5; 3; 6948; INPUT; 1; 4; 3; 4908
INTERNAL; 2; 5; 3; 6948; INPUT; 1; 4; 3; 6952
INTERNAL; 2; 5; 3; 6948; INPUT; 1; 4; 3; 4113
INTERNAL; 2; 5; 3; 6948; INPUT; 1; 4; 3; 3936
INTERNAL; 5; 12; 7; 372; INTERNAL; 2; 5; 3; 3283
INTERNAL; 2; 5; 3; 3283; INPUT; 1; 4; 3; 4284
INTERNAL; 2; 5; 3; 3283; INPUT; 1; 4; 3; 6188
INTERNAL; 12; 15; 3; 379; INTERNAL; 10; 14; 4; 377
INTERNAL; 10; 14; 4; 377; INTERNAL; 9; 13; 4; 4401
INTERNAL; 9; 13; 4; 4401; INTERNAL; 4; 12; 8; 6419
INTERNAL; 4; 12; 8; 6419; INTERNAL; 2; 6; 4; 3099
INTERNAL; 4; 12; 8; 6419; INTERNAL; 2; 8; 6; 8219
INTERNAL; 4; 12; 8; 6419; INTERNAL; 3; 11; 8; 269
INTERNAL; 3; 11; 8; 269; INTERNAL; 2; 6; 4; 8139
INTERNAL; 3; 11; 8; 269; INTERNAL; 2; 8; 6; 2964
INTERNAL; 3; 11; 8; 269; INTERNAL; 2; 7; 5; 1606
INTERNAL; 3; 11; 8; 269; INTERNAL; 2; 6; 4; 1626
INTERNAL; 2; 6; 4; 1626; INPUT; 1; 4; 3; 6478
INTERNAL; 3; 11; 8; 269; INTERNAL; 2; 8; 6; 549
INTERNAL; 4; 12; 8; 6419; INTERNAL; 2; 7; 5; 1252
INTERNAL; 4; 12; 8; 6419; INTERNAL; 2; 7; 5; 4669
INTERNAL; 9; 13; 4; 4401; INTERNAL; 8; 12; 4; 4651
INTERNAL; 8; 12; 4; 4651; INTERNAL; 7; 11; 4; 304
INTERNAL; 7; 11; 4; 304; INTERNAL; 6; 10; 4; 4264
INTERNAL; 6; 10; 4; 4264; INTERNAL; 4; 9; 5; 294
INTERNAL; 4; 9; 5; 294; INTERNAL; 3; 8; 5; 3027
INTERNAL; 3; 8; 5; 3027; INTERNAL; 2; 5; 3; 6549
INTERNAL; 2; 5; 3; 6549; INPUT; 1; 3; 2; 4256
INTERNAL; 2; 5; 3; 6549; INPUT; 1; 3; 2; 3455
INTERNAL; 2; 5; 3; 6549; INPUT; 1; 3; 2; 3699
INTERNAL; 4; 9; 5; 294; INTERNAL; 3; 7; 4; 4144
INTERNAL; 3; 7; 4; 4144; INTERNAL; 2; 6; 4; 8326
INTERNAL; 4; 9; 5; 294; INTERNAL; 2; 7; 5; 976
INTERNAL; 2; 7; 5; 976; INPUT; 1; 3; 2; 2104
INTERNAL; 2; 7; 5; 976; INPUT; 1; 3; 2; 7222
INTERNAL; 2; 7; 5; 976; INPUT; 1; 3; 2; 4657
INTERNAL; 4; 9; 5; 294; INTERNAL; 2; 8; 6; 295
INTERNAL; 2; 8; 6; 295; INPUT; 1; 3; 2; 3614
INTERNAL; 2; 8; 6; 295; INPUT; 1; 5; 4; 7334
INTERNAL; 2; 8; 6; 295; INPUT; 1; 3; 2; 4607
INTERNAL; 2; 8; 6; 295; INPUT; 1; 3; 2; 7037
INTERNAL; 4; 9; 5; 294; INTERNAL; 2; 5; 3; 4387
INTERNAL; 6; 10; 4; 4264; INTERNAL; 3; 9; 6; 3762
INTERNAL; 3; 9; 6; 3762; INTERNAL; 2; 7; 5; 7171
INTERNAL; 3; 9; 6; 3762; INTERNAL; 2; 6; 4; 3446
INTERNAL; 6; 10; 4; 4264; INTERNAL; 5; 9; 4; 6472
INTERNAL; 5; 9; 4; 6472; INTERNAL; 2; 8; 6; 290
INTERNAL; 5; 9; 4; 6472; INTERNAL; 4; 8; 4; 292
INTERNAL; 4; 8; 4; 292; INTERNAL; 2; 7; 5; 3569
INTERNAL; 2; 7; 5; 3569; INPUT; 1; 5; 4; 6769
INTERNAL; 2; 7; 5; 3569; INPUT; 1; 5; 4; 4808
INTERNAL; 4; 8; 4; 292; INTERNAL; 3; 7; 4; 6833
INTERNAL; 3; 7; 4; 6833; INTERNAL; 2; 6; 4; 7543
INTERNAL; 2; 6; 4; 7543; INPUT; 1; 4; 3; 3932
INTERNAL; 2; 6; 4; 7543; INPUT; 1; 4; 3; 5407
INTERNAL; 5; 9; 4; 6472; INTERNAL; 4; 8; 4; 293
INTERNAL; 4; 8; 4; 293; INTERNAL; 2; 6; 4; 7513
INTERNAL; 2; 6; 4; 7513; INPUT; 1; 5; 4; 7498
INTERNAL; 2; 6; 4; 7513; INPUT; 1; 5; 4; 7214
INTERNAL; 2; 6; 4; 7513; INPUT; 1; 5; 4; 4322
INTERNAL; 2; 6; 4; 7513; INPUT; 1; 5; 4; 7269
INTERNAL; 5; 9; 4; 6472; INTERNAL; 2; 8; 6; 4735
INTERNAL; 2; 8; 6; 4735; INPUT; 1; 5; 4; 6729
INTERNAL; 2; 8; 6; 4735; INPUT; 1; 5; 4; 6726
INTERNAL; 5; 9; 4; 6472; INTERNAL; 2; 8; 6; 2177
INTERNAL; 2; 8; 6; 2177; INPUT; 1; 4; 3; 2934
INTERNAL; 2; 8; 6; 2177; INPUT; 1; 7; 6; 7820
INTERNAL; 2; 8; 6; 2177; INPUT; 1; 4; 3; 7674
INTERNAL; 2; 8; 6; 2177; INPUT; 1; 4; 3; 6136
INTERNAL; 6; 10; 4; 4264; INTERNAL; 2; 6; 4; 6475
INTERNAL; 7; 11; 4; 304; INTERNAL; 6; 10; 4; 7126
INTERNAL; 6; 10; 4; 7126; INTERNAL; 5; 9; 4; 3367
INTERNAL; 5; 9; 4; 3367; INTERNAL; 4; 8; 4; 7162
INTERNAL; 4; 8; 4; 7162; INTERNAL; 3; 7; 4; 1291
INTERNAL; 3; 7; 4; 1291; INTERNAL; 2; 6; 4; 4190
INTERNAL; 5; 9; 4; 3367; INTERNAL; 3; 8; 5; 4837
INTERNAL; 3; 8; 5; 4837; INPUT; 1; 6; 5; 7642
INTERNAL; 3; 8; 5; 4837; INPUT; 1; 6; 5; 4888
INTERNAL; 3; 8; 5; 4837; INTERNAL; 2; 6; 4; 6083
INTERNAL; 2; 6; 4; 6083; INPUT; 1; 5; 4; 7057
INTERNAL; 6; 10; 4; 7126; INTERNAL; 3; 9; 6; 296
INTERNAL; 6; 10; 4; 7126; INTERNAL; 4; 9; 5; 4084
INTERNAL; 7; 11; 4; 304; INTERNAL; 6; 10; 4; 302
INTERNAL; 6; 10; 4; 302; INTERNAL; 2; 9; 7; 5408
INTERNAL; 2; 9; 7; 5408; INPUT; 1; 5; 4; 6961
INTERNAL; 2; 9; 7; 5408; INPUT; 1; 5; 4; 6959
INTERNAL; 2; 9; 7; 5408; INPUT; 1; 5; 4; 6001
INTERNAL; 6; 10; 4; 302; INTERNAL; 4; 9; 5; 301
INTERNAL; 4; 9; 5; 301; INTERNAL; 2; 8; 6; 3580
INTERNAL; 4; 9; 5; 301; INTERNAL; 3; 6; 3; 4277
INTERNAL; 3; 6; 3; 4277; INPUT; 1; 2; 1; 8094
INTERNAL; 3; 6; 3; 4277; INPUT; 1; 2; 1; 4128
INTERNAL; 4; 9; 5; 301; INTERNAL; 3; 8; 5; 7446
INTERNAL; 3; 8; 5; 7446; INTERNAL; 2; 7; 5; 7585
INTERNAL; 4; 9; 5; 301; INTERNAL; 2; 6; 4; 6453
INTERNAL; 6; 10; 4; 302; INTERNAL; 2; 6; 4; 1632
INTERNAL; 6; 10; 4; 302; INTERNAL; 5; 9; 4; 300
INTERNAL; 5; 9; 4; 300; INTERNAL; 4; 8; 4; 7632
INTERNAL; 4; 8; 4; 7632; INPUT; 1; 5; 4; 6708
INTERNAL; 4; 8; 4; 7632; INTERNAL; 2; 7; 5; 3037
INTERNAL; 2; 7; 5; 3037; INPUT; 1; 5; 4; 6460
INTERNAL; 2; 7; 5; 3037; INPUT; 1; 5; 4; 6124
INTERNAL; 2; 7; 5; 3037; INPUT; 1; 5; 4; 4034
INTERNAL; 4; 8; 4; 7632; INTERNAL; 3; 7; 4; 2045
INTERNAL; 3; 7; 4; 2045; INPUT; 1; 4; 3; 7271
INTERNAL; 3; 7; 4; 2045; INTERNAL; 2; 6; 4; 3620
INTERNAL; 3; 7; 4; 2045; INPUT; 1; 4; 3; 5602
INTERNAL; 3; 7; 4; 2045; INPUT; 1; 4; 3; 6355
INTERNAL; 4; 8; 4; 7632; INTERNAL; 3; 7; 4; 298
INTERNAL; 3; 7; 4; 298; INPUT; 1; 5; 4; 6970
INTERNAL; 3; 7; 4; 298; INPUT; 1; 5; 4; 6977
INTERNAL; 3; 7; 4; 298; INPUT; 1; 5; 4; 6979
INTERNAL; 3; 7; 4; 298; INPUT; 1; 5; 4; 5098
INTERNAL; 4; 8; 4; 7632; INPUT; 1; 5; 4; 6706
INTERNAL; 4; 8; 4; 7632; INTERNAL; 2; 7; 5; 5565
INTERNAL; 5; 9; 4; 300; INTERNAL; 2; 7; 5; 6161
INTERNAL; 5; 9; 4; 300; INTERNAL; 3; 8; 5; 299
INTERNAL; 3; 8; 5; 299; INTERNAL; 2; 7; 5; 1581
INTERNAL; 3; 8; 5; 299; INTERNAL; 2; 7; 5; 297
INTERNAL; 3; 8; 5; 299; INPUT; 1; 4; 3; 6390
INTERNAL; 3; 8; 5; 299; INPUT; 1; 4; 3; 5975
INTERNAL; 3; 8; 5; 299; INPUT; 1; 4; 3; 3616
INTERNAL; 3; 8; 5; 299; INPUT; 1; 4; 3; 6389
INTERNAL; 6; 10; 4; 302; INTERNAL; 3; 9; 6; 4399
INTERNAL; 3; 9; 6; 4399; INTERNAL; 2; 6; 4; 7398
INTERNAL; 2; 6; 4; 7398; INPUT; 1; 5; 4; 6146
INTERNAL; 2; 6; 4; 7398; INPUT; 1; 5; 4; 7176
INTERNAL; 2; 6; 4; 7398; INPUT; 1; 5; 4; 4221
INTERNAL; 2; 6; 4; 7398; INPUT; 1; 5; 4; 7408
INTERNAL; 3; 9; 6; 4399; INTERNAL; 2; 8; 6; 2387
INTERNAL; 3; 9; 6; 4399; INTERNAL; 2; 5; 3; 4857
INTERNAL; 2; 5; 3; 4857; INPUT; 1; 4; 3; 4915
INTERNAL; 2; 5; 3; 4857; INPUT; 1; 4; 3; 4871
INTERNAL; 2; 5; 3; 4857; INPUT; 1; 4; 3; 4729
INTERNAL; 2; 5; 3; 4857; INPUT; 1; 4; 3; 5840
INTERNAL; 3; 9; 6; 4399; INTERNAL; 2; 7; 5; 1504
INTERNAL; 3; 9; 6; 4399; INTERNAL; 2; 5; 3; 4016
INTERNAL; 8; 12; 4; 4651; INTERNAL; 3; 11; 8; 6764
INTERNAL; 3; 11; 8; 6764; INPUT; 1; 5; 4; 2196
INTERNAL; 3; 11; 8; 6764; INTERNAL; 2; 9; 7; 305
INTERNAL; 2; 9; 7; 305; INPUT; 1; 8; 7; 2858
INTERNAL; 2; 9; 7; 305; INPUT; 1; 8; 7; 7901
INTERNAL; 2; 9; 7; 305; INPUT; 1; 8; 7; 1338
INTERNAL; 3; 11; 8; 6764; INTERNAL; 2; 8; 6; 5368
INTERNAL; 2; 8; 6; 5368; INPUT; 1; 5; 4; 6770
INTERNAL; 8; 12; 4; 4651; INTERNAL; 7; 11; 4; 303
INTERNAL; 7; 11; 4; 303; INTERNAL; 6; 10; 4; 3262
INTERNAL; 6; 10; 4; 3262; INTERNAL; 3; 9; 6; 276
INTERNAL; 3; 9; 6; 276; INPUT; 1; 5; 4; 6800
INTERNAL; 3; 9; 6; 276; INTERNAL; 2; 8; 6; 7612
INTERNAL; 3; 9; 6; 276; INPUT; 1; 5; 4; 6397
INTERNAL; 3; 9; 6; 276; INTERNAL; 2; 8; 6; 271
INTERNAL; 6; 10; 4; 3262; INTERNAL; 4; 9; 5; 278
INTERNAL; 4; 9; 5; 278; INTERNAL; 3; 8; 5; 274
INTERNAL; 4; 9; 5; 278; INTERNAL; 3; 6; 3; 6467
INTERNAL; 4; 9; 5; 278; INTERNAL; 2; 8; 6; 7218
INTERNAL; 4; 9; 5; 278; INTERNAL; 3; 8; 5; 5135
INTERNAL; 3; 8; 5; 5135; INTERNAL; 2; 6; 4; 4455
INTERNAL; 3; 8; 5; 5135; INTERNAL; 2; 7; 5; 273
INTERNAL; 2; 7; 5; 273; INPUT; 1; 6; 5; 272
INTERNAL; 2; 7; 5; 273; INPUT; 1; 5; 4; 6962
INTERNAL; 2; 7; 5; 273; INPUT; 1; 5; 4; 6963
INTERNAL; 2; 7; 5; 273; INPUT; 1; 5; 4; 6964
INTERNAL; 6; 10; 4; 3262; INTERNAL; 5; 9; 4; 7933
INTERNAL; 5; 9; 4; 7933; INTERNAL; 2; 6; 4; 1736
INTERNAL; 2; 6; 4; 1736; INPUT; 1; 5; 4; 2449
INTERNAL; 2; 6; 4; 1736; INPUT; 1; 5; 4; 1735
INTERNAL; 5; 9; 4; 7933; INPUT; 1; 5; 4; 8242
INTERNAL; 5; 9; 4; 7933; INTERNAL; 4; 8; 4; 275
INTERNAL; 4; 8; 4; 275; INTERNAL; 2; 7; 5; 1156
INTERNAL; 5; 9; 4; 7933; INPUT; 1; 5; 4; 7312
INTERNAL; 6; 10; 4; 3262; INTERNAL; 4; 9; 5; 277
INTERNAL; 4; 9; 5; 277; INPUT; 1; 5; 4; 4646
INTERNAL; 4; 9; 5; 277; INTERNAL; 3; 7; 4; 7515
INTERNAL; 4; 9; 5; 277; INPUT; 1; 5; 4; 4689
INTERNAL; 4; 9; 5; 277; INPUT; 1; 5; 4; 2680
INTERNAL; 7; 11; 4; 303; INTERNAL; 5; 10; 5; 3290
INTERNAL; 5; 10; 5; 3290; INTERNAL; 2; 5; 3; 5549
INTERNAL; 5; 10; 5; 3290; INTERNAL; 4; 9; 5; 1929
INTERNAL; 4; 9; 5; 1929; INTERNAL; 2; 5; 3; 4153
INTERNAL; 2; 5; 3; 4153; INPUT; 1; 4; 3; 1874
INTERNAL; 2; 5; 3; 4153; INPUT; 1; 4; 3; 4517
INTERNAL; 2; 5; 3; 4153; INPUT; 1; 4; 3; 1871
INTERNAL; 2; 5; 3; 4153; INPUT; 1; 4; 3; 1873
INTERNAL; 4; 9; 5; 1929; INTERNAL; 3; 8; 5; 1247
INTERNAL; 3; 8; 5; 1247; INTERNAL; 2; 7; 5; 7648
INTERNAL; 2; 7; 5; 7648; INPUT; 1; 3; 2; 3439
INTERNAL; 5; 10; 5; 3290; INTERNAL; 3; 9; 6; 3468
INTERNAL; 3; 9; 6; 3468; INPUT; 1; 5; 4; 4127
INTERNAL; 3; 9; 6; 3468; INTERNAL; 2; 6; 4; 2690
INTERNAL; 2; 6; 4; 2690; INPUT; 1; 5; 4; 2184
INTERNAL; 2; 6; 4; 2690; INPUT; 1; 5; 4; 6589
INTERNAL; 2; 6; 4; 2690; INPUT; 1; 5; 4; 6262
INTERNAL; 2; 6; 4; 2690; INPUT; 1; 5; 4; 5082
INTERNAL; 5; 10; 5; 3290; INTERNAL; 4; 9; 5; 270
INTERNAL; 4; 9; 5; 270; INTERNAL; 3; 8; 5; 1280
INTERNAL; 3; 8; 5; 1280; INPUT; 1; 5; 4; 5841
INTERNAL; 3; 8; 5; 1280; INTERNAL; 2; 7; 5; 439
INTERNAL; 4; 9; 5; 270; INTERNAL; 3; 8; 5; 2330
INTERNAL; 3; 8; 5; 2330; INTERNAL; 2; 7; 5; 7780
INTERNAL; 3; 8; 5; 2330; INTERNAL; 2; 7; 5; 7441
INTERNAL; 3; 8; 5; 2330; INTERNAL; 2; 7; 5; 2622
INTERNAL; 2; 7; 5; 2622; INPUT; 1; 4; 3; 2297
INTERNAL; 2; 7; 5; 2622; INPUT; 1; 4; 3; 3735
INTERNAL; 2; 7; 5; 2622; INPUT; 1; 4; 3; 8201
INTERNAL; 2; 7; 5; 2622; INPUT; 1; 4; 3; 4861
INTERNAL; 4; 9; 5; 270; INTERNAL; 2; 6; 4; 2693
INTERNAL; 4; 9; 5; 270; INTERNAL; 3; 8; 5; 2691
INTERNAL; 3; 8; 5; 2691; INPUT; 1; 5; 4; 4180
INTERNAL; 7; 11; 4; 303; INTERNAL; 6; 10; 4; 5083
INTERNAL; 6; 10; 4; 5083; INTERNAL; 4; 9; 5; 288
INTERNAL; 4; 9; 5; 288; INTERNAL; 2; 8; 6; 283
INTERNAL; 2; 8; 6; 283; INPUT; 1; 7; 6; 279
INTERNAL; 2; 8; 6; 283; INPUT; 1; 7; 6; 280
INTERNAL; 2; 8; 6; 283; INPUT; 1; 7; 6; 4202
INTERNAL; 2; 8; 6; 283; INPUT; 1; 7; 6; 291
INTERNAL; 4; 9; 5; 288; INTERNAL; 3; 8; 5; 282
INTERNAL; 3; 8; 5; 282; INTERNAL; 2; 7; 5; 281
INTERNAL; 2; 7; 5; 281; INPUT; 1; 4; 3; 4397
INTERNAL; 6; 10; 4; 5083; INTERNAL; 5; 9; 4; 8074
INTERNAL; 5; 9; 4; 8074; INTERNAL; 2; 7; 5; 5682
INTERNAL; 5; 9; 4; 8074; INTERNAL; 4; 8; 4; 286
INTERNAL; 4; 8; 4; 286; INTERNAL; 3; 7; 4; 6727
INTERNAL; 3; 7; 4; 6727; INPUT; 1; 6; 5; 3267
INTERNAL; 4; 8; 4; 286; INTERNAL; 2; 7; 5; 8300
INTERNAL; 4; 8; 4; 286; INTERNAL; 2; 5; 3; 4755
INTERNAL; 4; 8; 4; 286; INTERNAL; 2; 6; 4; 5890
INTERNAL; 2; 6; 4; 5890; INPUT; 1; 4; 3; 3292
INTERNAL; 5; 9; 4; 8074; INTERNAL; 3; 8; 5; 479
INTERNAL; 3; 8; 5; 479; INPUT; 1; 3; 2; 6960
INTERNAL; 3; 8; 5; 479; INTERNAL; 2; 5; 3; 6517
INTERNAL; 2; 5; 3; 6517; INPUT; 1; 3; 2; 5499
INTERNAL; 2; 5; 3; 6517; INPUT; 1; 3; 2; 5470
INTERNAL; 3; 8; 5; 479; INPUT; 1; 4; 3; 5211
INTERNAL; 6; 10; 4; 5083; INTERNAL; 4; 9; 5; 287
INTERNAL; 4; 9; 5; 287; INTERNAL; 3; 8; 5; 285
INTERNAL; 3; 8; 5; 285; INTERNAL; 2; 6; 4; 7734
INTERNAL; 3; 8; 5; 285; INTERNAL; 2; 7; 5; 284
INTERNAL; 2; 7; 5; 284; INPUT; 1; 6; 5; 771
INTERNAL; 2; 7; 5; 284; INPUT; 1; 6; 5; 772
INTERNAL; 2; 7; 5; 284; INPUT; 1; 6; 5; 1100
INTERNAL; 3; 8; 5; 285; INTERNAL; 2; 7; 5; 5147
INTERNAL; 4; 9; 5; 287; INTERNAL; 3; 8; 5; 846
INTERNAL; 9; 13; 4; 4401; INTERNAL; 8; 12; 4; 329
INTERNAL; 8; 12; 4; 329; INTERNAL; 7; 11; 4; 328
INTERNAL; 7; 11; 4; 328; INTERNAL; 5; 10; 5; 2865
INTERNAL; 5; 10; 5; 2865; INTERNAL; 3; 9; 6; 2193
INTERNAL; 3; 9; 6; 2193; INTERNAL; 2; 6; 4; 4482
INTERNAL; 3; 9; 6; 2193; INTERNAL; 2; 6; 4; 6031
INTERNAL; 5; 10; 5; 2865; INTERNAL; 4; 9; 5; 4939
INTERNAL; 4; 9; 5; 4939; INTERNAL; 3; 8; 5; 5836
INTERNAL; 3; 8; 5; 5836; INTERNAL; 2; 7; 5; 6103
INTERNAL; 4; 9; 5; 4939; INTERNAL; 3; 8; 5; 311
INTERNAL; 3; 8; 5; 311; INTERNAL; 2; 5; 3; 5066
INTERNAL; 5; 10; 5; 2865; INTERNAL; 4; 9; 5; 5169
INTERNAL; 4; 9; 5; 5169; INTERNAL; 3; 8; 5; 3088
INTERNAL; 3; 8; 5; 3088; INPUT; 1; 6; 5; 7680
INTERNAL; 3; 8; 5; 3088; INPUT; 1; 5; 4; 3591
INTERNAL; 3; 8; 5; 3088; INPUT; 1; 5; 4; 4445
INTERNAL; 3; 8; 5; 3088; INTERNAL; 2; 7; 5; 7948
INTERNAL; 4; 9; 5; 5169; INTERNAL; 3; 8; 5; 313
INTERNAL; 3; 8; 5; 313; INTERNAL; 2; 7; 5; 669
INTERNAL; 3; 8; 5; 313; INPUT; 1; 2; 1; 2517
INTERNAL; 3; 8; 5; 313; INTERNAL; 2; 7; 5; 312
INTERNAL; 3; 8; 5; 313; INPUT; 1; 2; 1; 7893
INTERNAL; 3; 8; 5; 313; INPUT; 1; 3; 2; 4599
INTERNAL; 7; 11; 4; 328; INTERNAL; 6; 10; 4; 327
INTERNAL; 6; 10; 4; 327; INTERNAL; 5; 9; 4; 932
INTERNAL; 5; 9; 4; 932; INTERNAL; 2; 4; 2; 3169
INTERNAL; 5; 9; 4; 932; INTERNAL; 4; 8; 4; 322
INTERNAL; 4; 8; 4; 322; INTERNAL; 3; 4; 1; 4269
INTERNAL; 6; 10; 4; 327; INTERNAL; 3; 9; 6; 326
INTERNAL; 3; 9; 6; 326; INPUT; 1; 4; 3; 3868
INTERNAL; 3; 9; 6; 326; INPUT; 1; 4; 3; 4261
INTERNAL; 3; 9; 6; 326; INPUT; 1; 4; 3; 3308
INTERNAL; 6; 10; 4; 327; INTERNAL; 5; 9; 4; 325
INTERNAL; 5; 9; 4; 325; INTERNAL; 4; 8; 4; 1317
INTERNAL; 4; 8; 4; 1317; INTERNAL; 3; 7; 4; 2484
INTERNAL; 5; 9; 4; 325; INTERNAL; 2; 7; 5; 8131
INTERNAL; 2; 7; 5; 8131; INPUT; 1; 5; 4; 6385
INTERNAL; 5; 9; 4; 325; INTERNAL; 4; 8; 4; 7770
INTERNAL; 4; 8; 4; 7770; INPUT; 1; 6; 5; 2021
INTERNAL; 4; 8; 4; 7770; INTERNAL; 2; 7; 5; 323
INTERNAL; 2; 7; 5; 323; INPUT; 1; 4; 3; 3310
INTERNAL; 4; 8; 4; 7770; INTERNAL; 2; 7; 5; 1629
INTERNAL; 2; 7; 5; 1629; INPUT; 1; 5; 4; 3744
INTERNAL; 2; 7; 5; 1629; INPUT; 1; 5; 4; 4129
INTERNAL; 4; 8; 4; 7770; INPUT; 1; 5; 4; 4201
INTERNAL; 4; 8; 4; 7770; INTERNAL; 3; 7; 4; 324
INTERNAL; 5; 9; 4; 325; INTERNAL; 4; 8; 4; 1473
INTERNAL; 4; 8; 4; 1473; INPUT; 1; 6; 5; 3305
INTERNAL; 4; 8; 4; 1473; INPUT; 1; 6; 5; 3476
INTERNAL; 4; 8; 4; 1473; INPUT; 1; 6; 5; 2814
INTERNAL; 4; 8; 4; 1473; INPUT; 1; 6; 5; 2812
INTERNAL; 7; 11; 4; 328; INTERNAL; 5; 10; 5; 4847
INTERNAL; 5; 10; 5; 4847; INTERNAL; 4; 9; 5; 321
INTERNAL; 4; 9; 5; 321; INTERNAL; 2; 6; 4; 5683
INTERNAL; 4; 9; 5; 321; INTERNAL; 3; 7; 4; 6661
INTERNAL; 3; 7; 4; 6661; INTERNAL; 2; 6; 4; 7305
INTERNAL; 2; 6; 4; 7305; INPUT; 1; 5; 4; 2776
INTERNAL; 2; 6; 4; 7305; INPUT; 1; 5; 4; 3832
INTERNAL; 3; 7; 4; 6661; INPUT; 1; 6; 5; 7303
INTERNAL; 3; 7; 4; 6661; INPUT; 1; 5; 4; 3410
INTERNAL; 5; 10; 5; 4847; INTERNAL; 3; 9; 6; 320
INTERNAL; 3; 9; 6; 320; INTERNAL; 2; 6; 4; 6575
INTERNAL; 3; 9; 6; 320; INPUT; 1; 4; 3; 2918
INTERNAL; 3; 9; 6; 320; INPUT; 1; 4; 3; 2914
INTERNAL; 5; 10; 5; 4847; INTERNAL; 4; 9; 5; 5743
INTERNAL; 4; 9; 5; 5743; INPUT; 1; 8; 7; 7178
INTERNAL; 4; 9; 5; 5743; INPUT; 1; 6; 5; 7014
INTERNAL; 4; 9; 5; 5743; INPUT; 1; 6; 5; 6853
INTERNAL; 4; 9; 5; 5743; INTERNAL; 3; 8; 5; 318
INTERNAL; 3; 8; 5; 318; INPUT; 1; 7; 6; 1471
INTERNAL; 4; 9; 5; 5743; INTERNAL; 3; 8; 5; 317
INTERNAL; 3; 8; 5; 317; INPUT; 1; 7; 6; 1222
INTERNAL; 3; 8; 5; 317; INTERNAL; 2; 7; 5; 316
INTERNAL; 2; 7; 5; 316; INPUT; 1; 6; 5; 853
INTERNAL; 3; 8; 5; 317; INPUT; 1; 7; 6; 6723
INTERNAL; 3; 8; 5; 317; INPUT; 1; 7; 6; 2537
INTERNAL; 4; 9; 5; 5743; INPUT; 1; 6; 5; 1636
INTERNAL; 5; 10; 5; 4847; INTERNAL; 4; 9; 5; 319
INTERNAL; 4; 9; 5; 319; INTERNAL; 3; 8; 5; 314
INTERNAL; 3; 8; 5; 314; INTERNAL; 2; 6; 4; 6799
INTERNAL; 3; 8; 5; 314; INTERNAL; 2; 5; 3; 6412
INTERNAL; 4; 9; 5; 319; INTERNAL; 2; 8; 6; 315
INTERNAL; 4; 9; 5; 319; INPUT; 1; 3; 2; 3896
INTERNAL; 4; 9; 5; 319; INTERNAL; 2; 8; 6; 7394
INTERNAL; 8; 12; 4; 329; INTERNAL; 5; 11; 6; 6206
INTERNAL; 5; 11; 6; 6206; INTERNAL; 2; 10; 8; 1512
INTERNAL; 5; 11; 6; 6206; INTERNAL; 3; 10; 7; 964
INTERNAL; 3; 10; 7; 964; INTERNAL; 2; 9; 7; 3087
INTERNAL; 2; 9; 7; 3087; INPUT; 1; 4; 3; 4337
INTERNAL; 3; 10; 7; 964; INTERNAL; 2; 8; 6; 4617
INTERNAL; 2; 8; 6; 4617; INPUT; 1; 5; 4; 7361
INTERNAL; 2; 8; 6; 4617; INPUT; 1; 5; 4; 5075
INTERNAL; 2; 8; 6; 4617; INPUT; 1; 5; 4; 7360
INTERNAL; 5; 11; 6; 6206; INTERNAL; 4; 10; 6; 309
INTERNAL; 4; 10; 6; 309; INTERNAL; 3; 9; 6; 908
INTERNAL; 3; 9; 6; 908; INTERNAL; 2; 6; 4; 3212
INTERNAL; 4; 10; 6; 309; INTERNAL; 2; 5; 3; 3004
INTERNAL; 4; 10; 6; 309; INTERNAL; 3; 9; 6; 308
INTERNAL; 3; 9; 6; 308; INTERNAL; 2; 8; 6; 3372
INTERNAL; 3; 9; 6; 308; INTERNAL; 2; 8; 6; 307
INTERNAL; 2; 8; 6; 307; INPUT; 1; 4; 3; 6381
INTERNAL; 2; 8; 6; 307; INPUT; 1; 4; 3; 6384
INTERNAL; 2; 8; 6; 307; INPUT; 1; 4; 3; 6383
INTERNAL; 3; 9; 6; 308; INTERNAL; 2; 8; 6; 4443
INTERNAL; 4; 10; 6; 309; INTERNAL; 2; 7; 5; 1991
INTERNAL; 5; 11; 6; 6206; INTERNAL; 3; 10; 7; 3674
INTERNAL; 3; 10; 7; 3674; INTERNAL; 2; 9; 7; 306
INTERNAL; 3; 10; 7; 3674; INTERNAL; 2; 6; 4; 3161
INTERNAL; 2; 6; 4; 3161; INPUT; 1; 5; 4; 6027
INTERNAL; 2; 6; 4; 3161; INPUT; 1; 5; 4; 3486
INTERNAL; 2; 6; 4; 3161; INPUT; 1; 5; 4; 6173
INTERNAL; 2; 6; 4; 3161; INPUT; 1; 5; 4; 7142
INTERNAL; 5; 11; 6; 6206; INTERNAL; 3; 10; 7; 310
INTERNAL; 3; 10; 7; 310; INTERNAL; 2; 7; 5; 3742
INTERNAL; 5; 11; 6; 6206; INTERNAL; 2; 6; 4; 3937
INTERNAL; 2; 6; 4; 3937; INPUT; 1; 3; 2; 6516
INTERNAL; 2; 6; 4; 3937; INPUT; 1; 3; 2; 5153
INTERNAL; 10; 14; 4; 377; INTERNAL; 9; 13; 4; 1859
INTERNAL; 9; 13; 4; 1859; INTERNAL; 8; 12; 4; 268
INTERNAL; 8; 12; 4; 268; INTERNAL; 7; 11; 4; 267
INTERNAL; 7; 11; 4; 267; INTERNAL; 5; 10; 5; 2733
INTERNAL; 5; 10; 5; 2733; INTERNAL; 3; 9; 6; 250
INTERNAL; 3; 9; 6; 250; INPUT; 1; 5; 4; 6862
INTERNAL; 3; 9; 6; 250; INTERNAL; 2; 8; 6; 245
INTERNAL; 2; 8; 6; 245; INPUT; 1; 5; 4; 3904
INTERNAL; 3; 9; 6; 250; INTERNAL; 2; 8; 6; 558
INTERNAL; 3; 9; 6; 250; INPUT; 1; 5; 4; 6865
INTERNAL; 3; 9; 6; 250; INTERNAL; 2; 8; 6; 2109
INTERNAL; 5; 10; 5; 2733; INTERNAL; 2; 7; 5; 6524
INTERNAL; 2; 7; 5; 6524; INPUT; 1; 2; 1; 4904
INTERNAL; 2; 7; 5; 6524; INPUT; 1; 2; 1; 3629
INTERNAL; 5; 10; 5; 2733; INTERNAL; 4; 9; 5; 249
INTERNAL; 4; 9; 5; 249; INTERNAL; 3; 8; 5; 247
INTERNAL; 3; 8; 5; 247; INTERNAL; 2; 7; 5; 3847
INTERNAL; 3; 8; 5; 247; INPUT; 1; 5; 4; 5080
INTERNAL; 3; 8; 5; 247; INPUT; 1; 5; 4; 3776
INTERNAL; 3; 8; 5; 247; INPUT; 1; 5; 4; 6820
INTERNAL; 3; 8; 5; 247; INPUT; 1; 5; 4; 5388
INTERNAL; 5; 10; 5; 2733; INTERNAL; 3; 9; 6; 887
INTERNAL; 3; 9; 6; 887; INTERNAL; 2; 8; 6; 3396
INTERNAL; 5; 10; 5; 2733; INTERNAL; 4; 9; 5; 248
INTERNAL; 4; 9; 5; 248; INTERNAL; 2; 8; 6; 1981
INTERNAL; 4; 9; 5; 248; INTERNAL; 3; 8; 5; 2383
INTERNAL; 3; 8; 5; 2383; INTERNAL; 2; 6; 4; 5882
INTERNAL; 3; 8; 5; 2383; INTERNAL; 2; 7; 5; 1826
INTERNAL; 3; 8; 5; 2383; INTERNAL; 2; 5; 3; 3460
INTERNAL; 2; 5; 3; 3460; INPUT; 1; 4; 3; 3432
INTERNAL; 2; 5; 3; 3460; INPUT; 1; 3; 2; 7629
INTERNAL; 2; 5; 3; 3460; INPUT; 1; 3; 2; 3350
INTERNAL; 2; 5; 3; 3460; INPUT; 1; 3; 2; 5775
INTERNAL; 3; 8; 5; 2383; INTERNAL; 2; 7; 5; 856
INTERNAL; 2; 7; 5; 856; INPUT; 1; 5; 4; 4762
INTERNAL; 3; 8; 5; 2383; INTERNAL; 2; 7; 5; 4464
INTERNAL; 4; 9; 5; 248; INTERNAL; 3; 8; 5; 246
INTERNAL; 3; 8; 5; 246; INTERNAL; 2; 6; 4; 4707
INTERNAL; 3; 8; 5; 246; INTERNAL; 2; 7; 5; 6778
INTERNAL; 7; 11; 4; 267; INTERNAL; 6; 10; 4; 423
INTERNAL; 6; 10; 4; 423; INTERNAL; 5; 9; 4; 1506
INTERNAL; 5; 9; 4; 1506; INTERNAL; 4; 8; 4; 3518
INTERNAL; 4; 8; 4; 3518; INPUT; 1; 6; 5; 2554
INTERNAL; 4; 8; 4; 3518; INTERNAL; 3; 6; 3; 1781
INTERNAL; 3; 6; 3; 1781; INTERNAL; 2; 5; 3; 3548
INTERNAL; 5; 9; 4; 1506; INTERNAL; 2; 6; 4; 7536
INTERNAL; 2; 6; 4; 7536; INPUT; 1; 5; 4; 2408
INTERNAL; 2; 6; 4; 7536; INPUT; 1; 5; 4; 4332
INTERNAL; 2; 6; 4; 7536; INPUT; 1; 5; 4; 7789
INTERNAL; 2; 6; 4; 7536; INPUT; 1; 5; 4; 6955
INTERNAL; 5; 9; 4; 1506; INTERNAL; 4; 8; 4; 5347
INTERNAL; 4; 8; 4; 5347; INTERNAL; 2; 7; 5; 251
INTERNAL; 2; 7; 5; 251; INPUT; 1; 5; 4; 6395
INTERNAL; 2; 7; 5; 251; INPUT; 1; 5; 4; 6398
INTERNAL; 2; 7; 5; 251; INPUT; 1; 5; 4; 2762
INTERNAL; 2; 7; 5; 251; INPUT; 1; 5; 4; 6681
INTERNAL; 4; 8; 4; 5347; INTERNAL; 3; 7; 4; 7462
INTERNAL; 3; 7; 4; 7462; INTERNAL; 2; 6; 4; 6522
INTERNAL; 5; 9; 4; 1506; INTERNAL; 2; 8; 6; 3794
INTERNAL; 2; 8; 6; 3794; INPUT; 1; 4; 3; 4449
INTERNAL; 2; 8; 6; 3794; INPUT; 1; 4; 3; 3575
INTERNAL; 2; 8; 6; 3794; INPUT; 1; 4; 3; 3763
INTERNAL; 5; 9; 4; 1506; INTERNAL; 2; 6; 4; 2891
INTERNAL; 2; 6; 4; 2891; INPUT; 1; 4; 3; 4523
INTERNAL; 6; 10; 4; 423; INTERNAL; 5; 9; 4; 7391
INTERNAL; 5; 9; 4; 7391; INTERNAL; 2; 4; 2; 5715
INTERNAL; 5; 9; 4; 7391; INTERNAL; 4; 8; 4; 252
INTERNAL; 4; 8; 4; 252; INTERNAL; 2; 5; 3; 7428
INTERNAL; 2; 5; 3; 7428; INPUT; 1; 3; 2; 4961
INTERNAL; 4; 8; 4; 252; INPUT; 1; 3; 2; 3815
INTERNAL; 4; 8; 4; 252; INTERNAL; 3; 7; 4; 7803
INTERNAL; 5; 9; 4; 7391; INTERNAL; 2; 4; 2; 4290
INTERNAL; 5; 9; 4; 7391; INTERNAL; 2; 3; 1; 6463
INTERNAL; 6; 10; 4; 423; INTERNAL; 4; 9; 5; 253
INTERNAL; 4; 9; 5; 253; INTERNAL; 3; 8; 5; 7373
INTERNAL; 3; 8; 5; 7373; INTERNAL; 2; 7; 5; 7614
INTERNAL; 2; 7; 5; 7614; INPUT; 1; 6; 5; 7328
INTERNAL; 6; 10; 4; 423; INTERNAL; 3; 8; 5; 636
INTERNAL; 3; 8; 5; 636; INTERNAL; 2; 4; 2; 3567
INTERNAL; 7; 11; 4; 267; INTERNAL; 6; 10; 4; 7103
INTERNAL; 6; 10; 4; 7103; INTERNAL; 2; 5; 3; 3208
INTERNAL; 6; 10; 4; 7103; INTERNAL; 5; 9; 4; 258
INTERNAL; 5; 9; 4; 258; INTERNAL; 4; 8; 4; 256
INTERNAL; 4; 8; 4; 256; INTERNAL; 3; 7; 4; 3978
INTERNAL; 4; 8; 4; 256; INTERNAL; 2; 7; 5; 4622
INTERNAL; 4; 8; 4; 256; INTERNAL; 3; 7; 4; 254
INTERNAL; 4; 8; 4; 256; INTERNAL; 2; 7; 5; 1833
INTERNAL; 4; 8; 4; 256; INTERNAL; 2; 7; 5; 2199
INTERNAL; 4; 8; 4; 256; INTERNAL; 2; 7; 5; 255
INTERNAL; 2; 7; 5; 255; INPUT; 1; 3; 2; 3036
INTERNAL; 2; 7; 5; 255; INPUT; 1; 3; 2; 3531
INTERNAL; 2; 7; 5; 255; INPUT; 1; 3; 2; 7400
INTERNAL; 2; 7; 5; 255; INPUT; 1; 3; 2; 3045
INTERNAL; 5; 9; 4; 258; INTERNAL; 4; 8; 4; 4274
INTERNAL; 4; 8; 4; 4274; INTERNAL; 3; 7; 4; 5191
INTERNAL; 5; 9; 4; 258; INTERNAL; 4; 8; 4; 257
INTERNAL; 6; 10; 4; 7103; INTERNAL; 3; 9; 6; 2121
INTERNAL; 3; 9; 6; 2121; INPUT; 1; 7; 6; 7332
INTERNAL; 8; 12; 4; 268; INTERNAL; 7; 11; 4; 3044
INTERNAL; 7; 11; 4; 3044; INTERNAL; 4; 10; 6; 265
INTERNAL; 4; 10; 6; 265; INTERNAL; 3; 9; 6; 5847
INTERNAL; 3; 9; 6; 5847; INTERNAL; 2; 8; 6; 5185
INTERNAL; 2; 8; 6; 5185; INPUT; 1; 3; 2; 2382
INTERNAL; 4; 10; 6; 265; INTERNAL; 3; 9; 6; 5456
INTERNAL; 3; 9; 6; 5456; INPUT; 1; 3; 2; 3639
INTERNAL; 3; 9; 6; 5456; INTERNAL; 2; 7; 5; 1212
INTERNAL; 3; 9; 6; 5456; INPUT; 1; 3; 2; 3637
INTERNAL; 3; 9; 6; 5456; INPUT; 1; 3; 2; 6058
INTERNAL; 4; 10; 6; 265; INTERNAL; 3; 9; 6; 2890
INTERNAL; 3; 9; 6; 2890; INTERNAL; 2; 7; 5; 8267
INTERNAL; 3; 9; 6; 2890; INTERNAL; 2; 6; 4; 4897
INTERNAL; 4; 10; 6; 265; INTERNAL; 3; 9; 6; 7880
INTERNAL; 3; 9; 6; 7880; INPUT; 1; 4; 3; 5238
INTERNAL; 3; 9; 6; 7880; INTERNAL; 2; 4; 2; 3737
INTERNAL; 3; 9; 6; 7880; INTERNAL; 2; 8; 6; 4506
INTERNAL; 3; 9; 6; 7880; INPUT; 1; 7; 6; 3842
INTERNAL; 7; 11; 4; 3044; INTERNAL; 5; 10; 5; 266
INTERNAL; 5; 10; 5; 266; INTERNAL; 2; 6; 4; 7283
INTERNAL; 5; 10; 5; 266; INTERNAL; 3; 9; 6; 260
INTERNAL; 3; 9; 6; 260; INTERNAL; 2; 6; 4; 1747
INTERNAL; 3; 9; 6; 260; INTERNAL; 2; 8; 6; 3146
INTERNAL; 2; 8; 6; 3146; INPUT; 1; 2; 1; 3816
INTERNAL; 2; 8; 6; 3146; INPUT; 1; 2; 1; 7711
INTERNAL; 5; 10; 5; 266; INTERNAL; 2; 6; 4; 8145
INTERNAL; 5; 10; 5; 266; INTERNAL; 3; 9; 6; 259
INTERNAL; 3; 9; 6; 259; INTERNAL; 2; 7; 5; 7426
INTERNAL; 5; 10; 5; 266; INTERNAL; 3; 9; 6; 1060
INTERNAL; 3; 9; 6; 1060; INTERNAL; 2; 6; 4; 3274
INTERNAL; 2; 6; 4; 3274; INPUT; 1; 4; 3; 3083
INTERNAL; 3; 9; 6; 1060; INTERNAL; 2; 6; 4; 8280
INTERNAL; 2; 6; 4; 8280; INPUT; 1; 5; 4; 3729
INTERNAL; 2; 6; 4; 8280; INPUT; 1; 3; 2; 4592
INTERNAL; 2; 6; 4; 8280; INPUT; 1; 3; 2; 6434
INTERNAL; 2; 6; 4; 8280; INPUT; 1; 3; 2; 4138
INTERNAL; 5; 10; 5; 266; INTERNAL; 4; 9; 5; 2130
INTERNAL; 4; 9; 5; 2130; INTERNAL; 2; 8; 6; 2236
INTERNAL; 4; 9; 5; 2130; INTERNAL; 2; 8; 6; 1588
INTERNAL; 4; 9; 5; 2130; INTERNAL; 3; 8; 5; 6292
INTERNAL; 3; 8; 5; 6292; INTERNAL; 2; 7; 5; 6164
INTERNAL; 3; 8; 5; 6292; INTERNAL; 2; 7; 5; 2309
INTERNAL; 3; 8; 5; 6292; INTERNAL; 2; 7; 5; 774
INTERNAL; 2; 7; 5; 774; INPUT; 1; 6; 5; 7707
INTERNAL; 4; 9; 5; 2130; INTERNAL; 2; 7; 5; 6593
INTERNAL; 7; 11; 4; 3044; INTERNAL; 6; 10; 4; 7899
INTERNAL; 6; 10; 4; 7899; INTERNAL; 5; 9; 4; 263
INTERNAL; 5; 9; 4; 263; INTERNAL; 2; 6; 4; 2233
INTERNAL; 5; 9; 4; 263; INTERNAL; 4; 8; 4; 6085
INTERNAL; 4; 8; 4; 6085; INTERNAL; 3; 6; 3; 1977
INTERNAL; 3; 6; 3; 1977; INPUT; 1; 5; 4; 4572
INTERNAL; 3; 6; 3; 1977; INTERNAL; 2; 5; 3; 3852
INTERNAL; 3; 6; 3; 1977; INPUT; 1; 5; 4; 4809
INTERNAL; 4; 8; 4; 6085; INTERNAL; 3; 7; 4; 4248
INTERNAL; 3; 7; 4; 4248; INPUT; 1; 6; 5; 5954
INTERNAL; 3; 7; 4; 4248; INPUT; 1; 6; 5; 3084
INTERNAL; 3; 7; 4; 4248; INPUT; 1; 6; 5; 8035
INTERNAL; 4; 8; 4; 6085; INTERNAL; 2; 7; 5; 7094
INTERNAL; 4; 8; 4; 6085; INTERNAL; 2; 7; 5; 3181
INTERNAL; 5; 9; 4; 263; INTERNAL; 2; 8; 6; 3778
INTERNAL; 5; 9; 4; 263; INTERNAL; 2; 6; 4; 6714
INTERNAL; 5; 9; 4; 263; INTERNAL; 2; 8; 6; 4305
INTERNAL; 6; 10; 4; 7899; INTERNAL; 4; 9; 5; 6796
INTERNAL; 4; 9; 5; 6796; INTERNAL; 2; 8; 6; 6826
INTERNAL; 2; 8; 6; 6826; INPUT; 1; 5; 4; 7009
INTERNAL; 2; 8; 6; 6826; INPUT; 1; 5; 4; 6636
INTERNAL; 2; 8; 6; 6826; INPUT; 1; 5; 4; 7174
INTERNAL; 2; 8; 6; 6826; INPUT; 1; 5; 4; 2274
INTERNAL; 4; 9; 5; 6796; INTERNAL; 3; 8; 5; 262
INTERNAL; 3; 8; 5; 262; INTERNAL; 2; 7; 5; 7380
INTERNAL; 4; 9; 5; 6796; INTERNAL; 2; 8; 6; 261
INTERNAL; 2; 8; 6; 261; INPUT; 1; 5; 4; 2588
INTERNAL; 6; 10; 4; 7899; INTERNAL; 3; 9; 6; 264
INTERNAL; 3; 9; 6; 264; INTERNAL; 2; 5; 3; 5557
INTERNAL; 3; 9; 6; 264; INTERNAL; 2; 8; 6; 8071
INTERNAL; 2; 8; 6; 8071; INPUT; 1; 5; 4; 6635
INTERNAL; 2; 8; 6; 8071; INPUT; 1; 5; 4; 6632
INTERNAL; 3; 9; 6; 264; INTERNAL; 2; 8; 6; 4925
INTERNAL; 2; 8; 6; 4925; INPUT; 1; 4; 3; 2714
INTERNAL; 3; 9; 6; 264; INTERNAL; 2; 7; 5; 3086
INTERNAL; 6; 10; 4; 7899; INTERNAL; 2; 5; 3; 6855
INTERNAL; 9; 13; 4; 1859; INTERNAL; 6; 12; 6; 4287
INTERNAL; 6; 12; 6; 4287; INTERNAL; 4; 11; 7; 2922
INTERNAL; 4; 11; 7; 2922; INTERNAL; 2; 3; 1; 5325
INTERNAL; 4; 11; 7; 2922; INTERNAL; 3; 10; 7; 5627
INTERNAL; 3; 10; 7; 5627; INTERNAL; 2; 9; 7; 863
INTERNAL; 3; 10; 7; 5627; INTERNAL; 2; 9; 7; 2792
INTERNAL; 6; 12; 6; 4287; INTERNAL; 5; 11; 6; 885
INTERNAL; 5; 11; 6; 885; INTERNAL; 3; 6; 3; 6912
INTERNAL; 5; 11; 6; 885; INTERNAL; 4; 10; 6; 8287
INTERNAL; 4; 10; 6; 8287; INTERNAL; 3; 9; 6; 3991
INTERNAL; 3; 9; 6; 3991; INPUT; 1; 4; 3; 4933
INTERNAL; 4; 10; 6; 8287; INPUT; 1; 4; 3; 7636
INTERNAL; 4; 10; 6; 8287; INPUT; 1; 4; 3; 8239
INTERNAL; 4; 10; 6; 8287; INPUT; 1; 4; 3; 6585
INTERNAL; 5; 11; 6; 885; INTERNAL; 3; 10; 7; 243
INTERNAL; 6; 12; 6; 4287; INTERNAL; 4; 11; 7; 3716
INTERNAL; 4; 11; 7; 3716; INTERNAL; 2; 7; 5; 7665
INTERNAL; 4; 11; 7; 3716; INTERNAL; 2; 10; 8; 242
INTERNAL; 2; 10; 8; 242; INPUT; 1; 5; 4; 6716
INTERNAL; 2; 10; 8; 242; INPUT; 1; 5; 4; 6719
INTERNAL; 2; 10; 8; 242; INPUT; 1; 5; 4; 6724
INTERNAL; 6; 12; 6; 4287; INTERNAL; 2; 11; 9; 3730
INTERNAL; 2; 11; 9; 3730; INPUT; 1; 5; 4; 2305
INTERNAL; 2; 11; 9; 3730; INPUT; 1; 5; 4; 8218
INTERNAL; 12; 15; 3; 379; INTERNAL; 6; 14; 8; 1137
INTERNAL; 6; 14; 8; 1137; INTERNAL; 4; 13; 9; 241
INTERNAL; 4; 13; 9; 241; INTERNAL; 3; 12; 9; 5779
INTERNAL; 3; 12; 9; 5779; INTERNAL; 2; 10; 8; 4355
INTERNAL; 4; 13; 9; 241; INTERNAL; 2; 8; 6; 239
INTERNAL; 4; 13; 9; 241; INTERNAL; 2; 7; 5; 7532
INTERNAL; 6; 14; 8; 1137; INTERNAL; 5; 13; 8; 2336
INTERNAL; 5; 13; 8; 2336; INTERNAL; 2; 6; 4; 3005
INTERNAL; 5; 13; 8; 2336; INPUT; 1; 6; 5; 7876
INTERNAL; 5; 13; 8; 2336; INTERNAL; 2; 6; 4; 6904
INTERNAL; 5; 13; 8; 2336; INTERNAL; 3; 9; 6; 3271
INTERNAL; 3; 9; 6; 3271; INTERNAL; 2; 7; 5; 3764
INTERNAL; 5; 13; 8; 2336; INTERNAL; 4; 12; 8; 240
INTERNAL; 4; 12; 8; 240; INTERNAL; 3; 5; 2; 3638
INTERNAL; 6; 14; 8; 1137; INTERNAL; 4; 13; 9; 1724
INTERNAL; 4; 13; 9; 1724; INTERNAL; 3; 12; 9; 2448
INTERNAL; 6; 14; 8; 1137; INTERNAL; 2; 7; 5; 900
INTERNAL; 6; 14; 8; 1137; INTERNAL; 4; 13; 9; 6906
INTERNAL; 4; 13; 9; 6906; INTERNAL; 2; 11; 9; 1242
INTERNAL; 4; 13; 9; 6906; INTERNAL; 3; 7; 4; 6808
INTERNAL; 3; 7; 4; 6808; INTERNAL; 2; 6; 4; 6809
INTERNAL; 4; 13; 9; 6906; INTERNAL; 2; 5; 3; 7116
INTERNAL; 13; 16; 3; 380; INTERNAL; 6; 15; 9; 7681
INTERNAL; 6; 15; 9; 7681; INTERNAL; 5; 14; 9; 289
INTERNAL; 5; 14; 9; 289; INTERNAL; 3; 6; 3; 7748
INTERNAL; 3; 6; 3; 7748; INTERNAL; 2; 5; 3; 7749
INTERNAL; 5; 14; 9; 289; INTERNAL; 4; 9; 5; 1737
INTERNAL; 4; 9; 5; 1737; INTERNAL; 2; 8; 6; 236
INTERNAL; 2; 8; 6; 236; INPUT; 1; 5; 4; 6501
INTERNAL; 2; 8; 6; 236; INPUT; 1; 5; 4; 6504
INTERNAL; 2; 8; 6; 236; INPUT; 1; 5; 4; 5827
INTERNAL; 2; 8; 6; 236; INPUT; 1; 5; 4; 3111
INTERNAL; 5; 14; 9; 289; INTERNAL; 3; 13; 10; 6876
INTERNAL; 3; 13; 10; 6876; INTERNAL; 2; 7; 5; 2581
INTERNAL; 5; 14; 9; 289; INTERNAL; 4; 13; 9; 238
INTERNAL; 4; 13; 9; 238; INTERNAL; 2; 9; 7; 5123
INTERNAL; 4; 13; 9; 238; INTERNAL; 2; 9; 7; 1122
INTERNAL; 4; 13; 9; 238; INTERNAL; 3; 12; 9; 2334
INTERNAL; 3; 12; 9; 2334; INTERNAL; 2; 7; 5; 7383
INTERNAL; 2; 7; 5; 7383; INPUT; 1; 5; 4; 2696
INTERNAL; 5; 14; 9; 289; INTERNAL; 2; 8; 6; 6369
INTERNAL; 6; 15; 9; 7681; INPUT; 1; 6; 5; 7597
INTERNAL; 6; 15; 9; 7681; INTERNAL; 2; 5; 3; 6373
INTERNAL; 2; 5; 3; 6373; INPUT; 1; 4; 3; 5893
INTERNAL; 2; 5; 3; 6373; INPUT; 1; 4; 3; 6378
INTERNAL; 6; 15; 9; 7681; INTERNAL; 3; 14; 11; 6792
INTERNAL; 3; 14; 11; 6792; INTERNAL; 2; 5; 3; 2851
INTERNAL; 3; 14; 11; 6792; INTERNAL; 2; 5; 3; 6896
INTERNAL; 3; 14; 11; 6792; INTERNAL; 2; 7; 5; 7813
INTERNAL; 2; 7; 5; 7813; INPUT; 1; 3; 2; 5644
INTERNAL; 2; 7; 5; 7813; INPUT; 1; 3; 2; 3256
INTERNAL; 2; 7; 5; 7813; INPUT; 1; 3; 2; 4469
INTERNAL; 3; 14; 11; 6792; INTERNAL; 2; 4; 2; 6679
INTERNAL; 13; 16; 3; 380; INTERNAL; 5; 15; 10; 378
INTERNAL; 5; 15; 10; 378; INTERNAL; 2; 8; 6; 1817
INTERNAL; 5; 15; 10; 378; INTERNAL; 3; 14; 11; 234
INTERNAL; 3; 14; 11; 234; INTERNAL; 2; 13; 11; 6481
INTERNAL; 3; 14; 11; 234; INTERNAL; 2; 9; 7; 6921
INTERNAL; 3; 14; 11; 234; INTERNAL; 2; 6; 4; 2462
INTERNAL; 5; 15; 10; 378; INTERNAL; 4; 14; 10; 233
INTERNAL; 4; 14; 10; 233; INTERNAL; 2; 6; 4; 1884
INTERNAL; 4; 14; 10; 233; INTERNAL; 3; 9; 6; 230
INTERNAL; 3; 9; 6; 230; INPUT; 1; 5; 4; 8204
INTERNAL; 3; 9; 6; 230; INPUT; 1; 5; 4; 1879
INTERNAL; 3; 9; 6; 230; INPUT; 1; 5; 4; 1870
INTERNAL; 3; 9; 6; 230; INPUT; 1; 5; 4; 3825
INTERNAL; 4; 14; 10; 233; INTERNAL; 2; 8; 6; 1587
INTERNAL; 4; 14; 10; 233; INTERNAL; 3; 9; 6; 2883
INTERNAL; 3; 9; 6; 2883; INTERNAL; 2; 8; 6; 3020
INTERNAL; 2; 8; 6; 3020; INPUT; 1; 5; 4; 7716
INTERNAL; 2; 8; 6; 3020; INPUT; 1; 5; 4; 6372
INTERNAL; 5; 15; 10; 378; INTERNAL; 4; 14; 10; 4567
INTERNAL; 4; 14; 10; 4567; INTERNAL; 3; 13; 10; 1083
INTERNAL; 4; 14; 10; 4567; INTERNAL; 2; 9; 7; 229
INTERNAL; 4; 14; 10; 4567; INTERNAL; 2; 6; 4; 2220
INTERNAL; 4; 14; 10; 4567; INTERNAL; 3; 9; 6; 1217
INTERNAL; 3; 9; 6; 1217; INTERNAL; 2; 6; 4; 3120
INTERNAL; 3; 9; 6; 1217; INPUT; 1; 8; 7; 226
INTERNAL; 3; 9; 6; 1217; INPUT; 1; 8; 7; 3670
INTERNAL; 3; 9; 6; 1217; INPUT; 1; 8; 7; 228
INTERNAL; 3; 9; 6; 1217; INPUT; 1; 8; 7; 227
INTERNAL; 5; 15; 10; 378; INTERNAL; 2; 10; 8; 231
INTERNAL; 2; 10; 8; 231; INPUT; 1; 8; 7; 3648
INTERNAL; 2; 10; 8; 231; INPUT; 1; 9; 8; 224
INTERNAL; 2; 10; 8; 231; INPUT; 1; 8; 7; 7017
INTERNAL; 2; 10; 8; 231; INPUT; 1; 8; 7; 8248
INTERNAL; 5; 15; 10; 378; INTERNAL; 4; 14; 10; 235
INTERNAL; 4; 14; 10; 235; INTERNAL; 2; 4; 2; 6350
INTERNAL; 4; 14; 10; 235; INTERNAL; 3; 13; 10; 225
INTERNAL; 3; 13; 10; 225; INTERNAL; 2; 5; 3; 1746
INTERNAL; 3; 13; 10; 225; INTERNAL; 2; 10; 8; 7875
INTERNAL; 14; 17; 3; 821; INTERNAL; 5; 16; 11; 1484
INTERNAL; 5; 16; 11; 1484; INTERNAL; 2; 8; 6; 8025
INTERNAL; 2; 8; 6; 8025; INPUT; 1; 6; 5; 4209
INTERNAL; 5; 16; 11; 1484; INTERNAL; 4; 15; 11; 215
INTERNAL; 4; 15; 11; 215; INTERNAL; 2; 14; 12; 213
INTERNAL; 4; 15; 11; 215; INTERNAL; 3; 14; 11; 2049
INTERNAL; 3; 14; 11; 2049; INTERNAL; 2; 5; 3; 4193
INTERNAL; 3; 14; 11; 2049; INTERNAL; 2; 7; 5; 2746
INTERNAL; 2; 7; 5; 2746; INPUT; 1; 4; 3; 7866
INTERNAL; 2; 7; 5; 2746; INPUT; 1; 4; 3; 3713
INTERNAL; 2; 7; 5; 2746; INPUT; 1; 5; 4; 7823
INTERNAL; 5; 16; 11; 1484; INTERNAL; 3; 15; 12; 214
INTERNAL; 14; 17; 3; 821; INTERNAL; 6; 16; 10; 5747
INTERNAL; 6; 16; 10; 5747; INTERNAL; 5; 15; 10; 223
INTERNAL; 5; 15; 10; 223; INTERNAL; 4; 14; 10; 221
INTERNAL; 4; 14; 10; 221; INTERNAL; 3; 9; 6; 6024
INTERNAL; 3; 9; 6; 6024; INTERNAL; 2; 8; 6; 220
INTERNAL; 3; 9; 6; 6024; INTERNAL; 2; 8; 6; 5552
INTERNAL; 4; 14; 10; 221; INPUT; 1; 4; 3; 5077
INTERNAL; 4; 14; 10; 221; INPUT; 1; 4; 3; 4431
INTERNAL; 4; 14; 10; 221; INPUT; 1; 4; 3; 7615
INTERNAL; 4; 14; 10; 221; INPUT; 1; 4; 3; 4214
INTERNAL; 5; 15; 10; 223; INTERNAL; 2; 6; 4; 6649
INTERNAL; 5; 15; 10; 223; INTERNAL; 4; 14; 10; 769
INTERNAL; 4; 14; 10; 769; INTERNAL; 2; 9; 7; 219
INTERNAL; 2; 9; 7; 219; INPUT; 1; 7; 6; 2470
INTERNAL; 2; 9; 7; 219; INPUT; 1; 7; 6; 6840
INTERNAL; 2; 9; 7; 219; INPUT; 1; 8; 7; 1593
INTERNAL; 2; 9; 7; 219; INPUT; 1; 8; 7; 217
INTERNAL; 4; 14; 10; 769; INTERNAL; 2; 6; 4; 2507
INTERNAL; 4; 14; 10; 769; INTERNAL; 3; 13; 10; 3864
INTERNAL; 3; 13; 10; 3864; INTERNAL; 2; 6; 4; 7063
INTERNAL; 2; 6; 4; 7063; INPUT; 1; 5; 4; 6718
INTERNAL; 3; 13; 10; 3864; INTERNAL; 2; 9; 7; 218
INTERNAL; 6; 16; 10; 5747; INTERNAL; 5; 15; 10; 1993
INTERNAL; 5; 15; 10; 1993; INTERNAL; 2; 7; 5; 5752
INTERNAL; 5; 15; 10; 1993; INTERNAL; 4; 14; 10; 216
INTERNAL; 4; 14; 10; 216; INTERNAL; 2; 8; 6; 971
INTERNAL; 2; 8; 6; 971; INPUT; 1; 5; 4; 6958
INTERNAL; 4; 14; 10; 216; INTERNAL; 3; 13; 10; 7228
INTERNAL; 3; 13; 10; 7228; INTERNAL; 2; 5; 3; 5069
INTERNAL; 3; 13; 10; 7228; INTERNAL; 2; 7; 5; 7133
INTERNAL; 4; 14; 10; 216; INTERNAL; 2; 8; 6; 2157
INTERNAL; 5; 15; 10; 1993; INTERNAL; 2; 8; 6; 5154
INTERNAL; 5; 15; 10; 1993; INTERNAL; 4; 14; 10; 5035
INTERNAL; 15; 20; 5; 5576; INTERNAL; 6; 17; 11; 6318
INTERNAL; 6; 17; 11; 6318; INTERNAL; 5; 16; 11; 212
INTERNAL; 5; 16; 11; 212; INTERNAL; 3; 15; 12; 209
INTERNAL; 3; 15; 12; 209; INTERNAL; 2; 6; 4; 6780
INTERNAL; 5; 16; 11; 212; INTERNAL; 2; 5; 3; 3969
INTERNAL; 5; 16; 11; 212; INTERNAL; 2; 6; 4; 8011
INTERNAL; 5; 16; 11; 212; INTERNAL; 2; 9; 7; 6975
INTERNAL; 2; 9; 7; 6975; INPUT; 1; 8; 7; 7322
INTERNAL; 2; 9; 7; 6975; INPUT; 1; 8; 7; 207
INTERNAL; 2; 9; 7; 6975; INPUT; 1; 8; 7; 3094
INTERNAL; 2; 9; 7; 6975; INPUT; 1; 8; 7; 1674
INTERNAL; 5; 16; 11; 212; INTERNAL; 3; 7; 4; 1682
INTERNAL; 3; 7; 4; 1682; INTERNAL; 2; 6; 4; 7732
INTERNAL; 3; 7; 4; 1682; INPUT; 1; 6; 5; 1681
INTERNAL; 3; 7; 4; 1682; INPUT; 1; 6; 5; 7736
INTERNAL; 5; 16; 11; 212; INTERNAL; 4; 15; 11; 208
INTERNAL; 4; 15; 11; 208; INTERNAL; 3; 7; 4; 8330
INTERNAL; 4; 15; 11; 208; INTERNAL; 3; 14; 11; 6519
INTERNAL; 3; 14; 11; 6519; INPUT; 1; 5; 4; 6842
INTERNAL; 3; 14; 11; 6519; INPUT; 1; 5; 4; 3025
INTERNAL; 3; 14; 11; 6519; INPUT; 1; 5; 4; 3965
INTERNAL; 4; 15; 11; 208; INTERNAL; 2; 6; 4; 5484
INTERNAL; 6; 17; 11; 6318; INTERNAL; 4; 16; 12; 211
INTERNAL; 4; 16; 12; 211; INTERNAL; 2; 6; 4; 2410
INTERNAL; 4; 16; 12; 211; INTERNAL; 3; 8; 5; 3587
INTERNAL; 3; 8; 5; 3587; INTERNAL; 2; 7; 5; 5434
INTERNAL; 4; 16; 12; 211; INTERNAL; 3; 15; 12; 1226
INTERNAL; 6; 17; 11; 6318; INTERNAL; 4; 16; 12; 210
INTERNAL; 4; 16; 12; 210; INTERNAL; 2; 6; 4; 3325
INTERNAL; 4; 16; 12; 210; INTERNAL; 3; 15; 12; 1545
INTERNAL; 3; 15; 12; 1545; INTERNAL; 2; 8; 6; 7860
INTERNAL; 3; 15; 12; 1545; INTERNAL; 2; 9; 7; 7581
INTERNAL; 2; 9; 7; 7581; INPUT; 1; 8; 7; 7024
INTERNAL; 2; 9; 7; 7581; INPUT; 1; 8; 7; 3967
INTERNAL; 2; 9; 7; 7581; INPUT; 1; 8; 7; 7025
INTERNAL; 2; 9; 7; 7581; INPUT; 1; 8; 7; 206
INTERNAL; 4; 16; 12; 210; INTERNAL; 2; 15; 13; 638
INTERNAL; 18; 23; 5; 4295; INTERNAL; 17; 21; 4; 130
INTERNAL; 17; 21; 4; 130; INTERNAL; 15; 19; 4; 1211
INTERNAL; 15; 19; 4; 1211; INTERNAL; 14; 18; 4; 161
INTERNAL; 14; 18; 4; 161; INTERNAL; 13; 17; 4; 2674
INTERNAL; 13; 17; 4; 2674; INTERNAL; 12; 16; 4; 159
INTERNAL; 12; 16; 4; 159; INTERNAL; 10; 15; 5; 6720
INTERNAL; 10; 15; 5; 6720; INTERNAL; 9; 14; 5; 3214
INTERNAL; 10; 15; 5; 6720; INTERNAL; 9; 14; 5; 5600
INTERNAL; 9; 14; 5; 5600; INTERNAL; 8; 13; 5; 188
INTERNAL; 8; 13; 5; 188; INTERNAL; 7; 12; 5; 2525
INTERNAL; 8; 13; 5; 188; INTERNAL; 7; 12; 5; 3187
INTERNAL; 7; 12; 5; 3187; INTERNAL; 6; 11; 5; 182
INTERNAL; 6; 11; 5; 182; INTERNAL; 4; 10; 6; 1923
INTERNAL; 4; 10; 6; 1923; INTERNAL; 3; 9; 6; 176
INTERNAL; 3; 9; 6; 176; INTERNAL; 2; 6; 4; 3604
INTERNAL; 3; 9; 6; 176; INTERNAL; 2; 6; 4; 6776
INTERNAL; 6; 11; 5; 182; INTERNAL; 5; 10; 5; 430
INTERNAL; 5; 10; 5; 430; INTERNAL; 4; 9; 5; 4720
INTERNAL; 5; 10; 5; 430; INTERNAL; 4; 9; 5; 5974
INTERNAL; 4; 9; 5; 5974; INTERNAL; 3; 6; 3; 4802
INTERNAL; 3; 6; 3; 4802; INTERNAL; 2; 4; 2; 3378
INTERNAL; 6; 11; 5; 182; INTERNAL; 4; 10; 6; 3993
INTERNAL; 7; 12; 5; 3187; INTERNAL; 6; 11; 5; 834
INTERNAL; 6; 11; 5; 834; INTERNAL; 5; 10; 5; 8365
INTERNAL; 5; 10; 5; 8365; INTERNAL; 4; 9; 5; 177
INTERNAL; 5; 10; 5; 8365; INTERNAL; 4; 9; 5; 179
INTERNAL; 6; 11; 5; 834; INTERNAL; 5; 10; 5; 180
INTERNAL; 5; 10; 5; 180; INTERNAL; 2; 9; 7; 6950
INTERNAL; 5; 10; 5; 180; INTERNAL; 4; 9; 5; 3276
INTERNAL; 7; 12; 5; 3187; INTERNAL; 5; 11; 6; 181
INTERNAL; 5; 11; 6; 181; INTERNAL; 4; 10; 6; 7053
INTERNAL; 4; 10; 6; 7053; INTERNAL; 3; 9; 6; 175
INTERNAL; 5; 11; 6; 181; INTERNAL; 4; 10; 6; 3189
INTERNAL; 4; 10; 6; 3189; INTERNAL; 3; 9; 6; 174
INTERNAL; 8; 13; 5; 188; INTERNAL; 7; 12; 5; 3398
INTERNAL; 7; 12; 5; 3398; INTERNAL; 5; 11; 6; 330
INTERNAL; 5; 11; 6; 330; INTERNAL; 4; 10; 6; 3668
INTERNAL; 5; 11; 6; 330; INTERNAL; 4; 10; 6; 183
INTERNAL; 7; 12; 5; 3398; INTERNAL; 6; 11; 5; 187
INTERNAL; 6; 11; 5; 187; INTERNAL; 3; 10; 7; 1370
INTERNAL; 3; 10; 7; 1370; INTERNAL; 2; 7; 5; 4276
INTERNAL; 3; 10; 7; 1370; INPUT; 1; 4; 3; 5113
INTERNAL; 6; 11; 5; 187; INTERNAL; 5; 10; 5; 1759
INTERNAL; 5; 10; 5; 1759; INTERNAL; 4; 9; 5; 1472
INTERNAL; 4; 9; 5; 1472; INTERNAL; 3; 8; 5; 8165
INTERNAL; 3; 8; 5; 8165; INPUT; 1; 7; 6; 1715
INTERNAL; 3; 8; 5; 8165; INPUT; 1; 7; 6; 185
INTERNAL; 3; 8; 5; 8165; INPUT; 1; 7; 6; 184
INTERNAL; 5; 10; 5; 1759; INTERNAL; 3; 9; 6; 5645
INTERNAL; 6; 11; 5; 187; INTERNAL; 4; 10; 6; 408
INTERNAL; 4; 10; 6; 408; INTERNAL; 2; 4; 2; 4761
INTERNAL; 6; 11; 5; 187; INTERNAL; 4; 10; 6; 186
INTERNAL; 4; 10; 6; 186; INTERNAL; 2; 7; 5; 3318
INTERNAL; 9; 14; 5; 5600; INTERNAL; 8; 13; 5; 2156
INTERNAL; 9; 14; 5; 5600; INTERNAL; 8; 13; 5; 7779
INTERNAL; 8; 13; 5; 7779; INTERNAL; 7; 12; 5; 173
INTERNAL; 8; 13; 5; 7779; INTERNAL; 7; 12; 5; 6937
INTERNAL; 7; 12; 5; 6937; INTERNAL; 6; 11; 5; 172
INTERNAL; 6; 11; 5; 172; INTERNAL; 4; 10; 6; 3997
INTERNAL; 6; 11; 5; 172; INTERNAL; 5; 10; 5; 3941
INTERNAL; 5; 10; 5; 3941; INTERNAL; 2; 7; 5; 820
INTERNAL; 5; 10; 5; 3941; INTERNAL; 4; 9; 5; 5921
INTERNAL; 7; 12; 5; 6937; INTERNAL; 5; 11; 6; 170
INTERNAL; 5; 11; 6; 170; INTERNAL; 4; 10; 6; 165
INTERNAL; 4; 10; 6; 165; INTERNAL; 3; 9; 6; 5605
INTERNAL; 3; 9; 6; 5605; INPUT; 1; 4; 3; 4810
INTERNAL; 3; 9; 6; 5605; INPUT; 1; 4; 3; 4937
INTERNAL; 5; 11; 6; 170; INTERNAL; 3; 10; 7; 166
INTERNAL; 3; 10; 7; 166; INTERNAL; 2; 8; 6; 5887
INTERNAL; 5; 11; 6; 170; INTERNAL; 4; 10; 6; 164
INTERNAL; 4; 10; 6; 164; INTERNAL; 3; 9; 6; 4718
INTERNAL; 3; 9; 6; 4718; INTERNAL; 2; 7; 5; 2019
INTERNAL; 4; 10; 6; 164; INTERNAL; 2; 9; 7; 5269
INTERNAL; 7; 12; 5; 6937; INTERNAL; 5; 11; 6; 171
INTERNAL; 5; 11; 6; 171; INTERNAL; 3; 10; 7; 2590
INTERNAL; 5; 11; 6; 171; INTERNAL; 4; 10; 6; 169
INTERNAL; 5; 11; 6; 171; INTERNAL; 4; 10; 6; 167
INTERNAL; 4; 10; 6; 167; INTERNAL; 3; 9; 6; 6665
INTERNAL; 8; 13; 5; 7779; INTERNAL; 7; 12; 5; 898
INTERNAL; 10; 15; 5; 6720; INTERNAL; 9; 14; 5; 196
INTERNAL; 9; 14; 5; 196; INTERNAL; 8; 13; 5; 6616
INTERNAL; 8; 13; 5; 6616; INTERNAL; 7; 12; 5; 6449
INTERNAL; 7; 12; 5; 6449; INTERNAL; 6; 11; 5; 193
INTERNAL; 6; 11; 5; 193; INTERNAL; 3; 10; 7; 541
INTERNAL; 6; 11; 5; 193; INTERNAL; 2; 5; 3; 6985
INTERNAL; 6; 11; 5; 193; INTERNAL; 5; 10; 5; 992
INTERNAL; 7; 12; 5; 6449; INTERNAL; 3; 11; 8; 6255
INTERNAL; 7; 12; 5; 6449; INTERNAL; 5; 11; 6; 5272
INTERNAL; 5; 11; 6; 5272; INTERNAL; 4; 10; 6; 192
INTERNAL; 8; 13; 5; 6616; INTERNAL; 7; 12; 5; 705
INTERNAL; 8; 13; 5; 6616; INTERNAL; 6; 12; 6; 194
INTERNAL; 6; 12; 6; 194; INTERNAL; 4; 11; 7; 191
INTERNAL; 6; 12; 6; 194; INTERNAL; 5; 11; 6; 1062
INTERNAL; 5; 11; 6; 1062; INTERNAL; 3; 10; 7; 190
INTERNAL; 5; 11; 6; 1062; INTERNAL; 4; 10; 6; 189
INTERNAL; 5; 11; 6; 1062; INTERNAL; 4; 10; 6; 1417
INTERNAL; 4; 10; 6; 1417; INTERNAL; 3; 6; 3; 2473
INTERNAL; 6; 12; 6; 194; INTERNAL; 4; 11; 7; 6052
INTERNAL; 9; 14; 5; 196; INTERNAL; 8; 13; 5; 232
INTERNAL; 9; 14; 5; 196; INTERNAL; 8; 13; 5; 195
INTERNAL; 12; 16; 4; 159; INTERNAL; 11; 15; 4; 546
INTERNAL; 11; 15; 4; 546; INTERNAL; 9; 14; 5; 2532
INTERNAL; 9; 14; 5; 2532; INTERNAL; 8; 13; 5; 143
INTERNAL; 9; 14; 5; 2532; INTERNAL; 7; 13; 6; 237
INTERNAL; 9; 14; 5; 2532; INTERNAL; 8; 13; 5; 144
INTERNAL; 11; 15; 4; 546; INTERNAL; 9; 14; 5; 156
INTERNAL; 11; 15; 4; 546; INTERNAL; 10; 14; 4; 157
INTERNAL; 10; 14; 4; 157; INTERNAL; 9; 13; 4; 155
INTERNAL; 9; 13; 4; 155; INTERNAL; 8; 12; 4; 154
INTERNAL; 8; 12; 4; 154; INTERNAL; 4; 11; 7; 150
INTERNAL; 8; 12; 4; 154; INTERNAL; 3; 11; 8; 152
INTERNAL; 8; 12; 4; 154; INTERNAL; 7; 11; 4; 151
INTERNAL; 7; 11; 4; 151; INTERNAL; 6; 10; 4; 3536
INTERNAL; 6; 10; 4; 3536; INTERNAL; 3; 9; 6; 2961
INTERNAL; 3; 9; 6; 2961; INTERNAL; 2; 6; 4; 6356
INTERNAL; 6; 10; 4; 3536; INTERNAL; 5; 9; 4; 147
INTERNAL; 5; 9; 4; 147; INTERNAL; 4; 8; 4; 6660
INTERNAL; 4; 8; 4; 6660; INPUT; 1; 5; 4; 3789
INTERNAL; 6; 10; 4; 3536; INTERNAL; 3; 5; 2; 5594
INTERNAL; 7; 11; 4; 151; INTERNAL; 4; 10; 6; 148
INTERNAL; 9; 13; 4; 155; INTERNAL; 7; 12; 5; 153
INTERNAL; 10; 14; 4; 157; INTERNAL; 8; 13; 5; 2076
INTERNAL; 8; 13; 5; 2076; INTERNAL; 7; 12; 5; 145
INTERNAL; 8; 13; 5; 2076; INTERNAL; 7; 12; 5; 146
INTERNAL; 10; 14; 4; 157; INTERNAL; 8; 13; 5; 7390
INTERNAL; 12; 16; 4; 159; INTERNAL; 11; 15; 4; 158
INTERNAL; 11; 15; 4; 158; INTERNAL; 10; 14; 4; 7051
INTERNAL; 10; 14; 4; 7051; INTERNAL; 7; 13; 6; 142
INTERNAL; 7; 13; 6; 142; INTERNAL; 5; 12; 7; 140
INTERNAL; 5; 12; 7; 140; INTERNAL; 4; 11; 7; 197
INTERNAL; 4; 11; 7; 197; INTERNAL; 3; 10; 7; 3809
INTERNAL; 5; 12; 7; 140; INTERNAL; 3; 11; 8; 816
INTERNAL; 5; 12; 7; 140; INTERNAL; 4; 11; 7; 2240
INTERNAL; 7; 13; 6; 142; INTERNAL; 6; 12; 6; 141
INTERNAL; 10; 14; 4; 7051; INTERNAL; 9; 13; 4; 6376
INTERNAL; 9; 13; 4; 6376; INTERNAL; 8; 12; 4; 200
INTERNAL; 9; 13; 4; 6376; INTERNAL; 7; 12; 5; 199
INTERNAL; 9; 13; 4; 6376; INTERNAL; 5; 12; 7; 198
INTERNAL; 11; 15; 4; 158; INTERNAL; 9; 14; 5; 1183
INTERNAL; 11; 15; 4; 158; INTERNAL; 10; 14; 4; 2011
INTERNAL; 10; 14; 4; 2011; INTERNAL; 9; 13; 4; 1311
INTERNAL; 10; 14; 4; 2011; INTERNAL; 9; 13; 4; 201
INTERNAL; 10; 14; 4; 2011; INTERNAL; 5; 13; 8; 6421
INTERNAL; 5; 13; 8; 6421; INTERNAL; 3; 12; 9; 2429
INTERNAL; 13; 17; 4; 2674; INTERNAL; 12; 16; 4; 5139
INTERNAL; 12; 16; 4; 5139; INTERNAL; 10; 15; 5; 7669
INTERNAL; 12; 16; 4; 5139; INTERNAL; 11; 15; 4; 4798
INTERNAL; 11; 15; 4; 4798; INTERNAL; 9; 14; 5; 202
INTERNAL; 11; 15; 4; 4798; INTERNAL; 10; 14; 4; 1511
INTERNAL; 11; 15; 4; 4798; INTERNAL; 10; 14; 4; 6787
INTERNAL; 12; 16; 4; 5139; INTERNAL; 10; 15; 5; 203
INTERNAL; 13; 17; 4; 2674; INTERNAL; 11; 16; 5; 7922
INTERNAL; 14; 18; 4; 161; INTERNAL; 13; 17; 4; 160
INTERNAL; 13; 17; 4; 160; INTERNAL; 12; 16; 4; 5862
INTERNAL; 13; 17; 4; 160; INTERNAL; 11; 16; 5; 6982
INTERNAL; 13; 17; 4; 160; INTERNAL; 12; 16; 4; 7309
INTERNAL; 15; 19; 4; 1211; INTERNAL; 14; 18; 4; 162
INTERNAL; 14; 18; 4; 162; INTERNAL; 3; 17; 14; 204
INTERNAL; 14; 18; 4; 162; INTERNAL; 13; 17; 4; 577
INTERNAL; 14; 18; 4; 162; INTERNAL; 13; 17; 4; 205
INTERNAL; 17; 21; 4; 130; INTERNAL; 16; 19; 3; 383
INTERNAL; 16; 19; 3; 383; INTERNAL; 15; 18; 3; 381
INTERNAL; 16; 19; 3; 383; INTERNAL; 14; 18; 4; 712
INTERNAL; 16; 19; 3; 383; INTERNAL; 14; 18; 4; 4289
INTERNAL; 18; 23; 5; 4295; INTERNAL; 15; 18; 3; 3807
INTERNAL; 18; 23; 5; 4295; INTERNAL; 16; 18; 2; 6626
INTERNAL; 18; 23; 5; 4295; INTERNAL; 16; 20; 4; 128
INTERNAL; 18; 23; 5; 4295; INTERNAL; 14; 18; 4; 6273
INTERNAL; 20; 24; 4; 127; INTERNAL; 17; 19; 2; 4752
INTERNAL; 20; 24; 4; 127; INTERNAL; 18; 19; 1; 5300
INTERNAL; 20; 24; 4; 127; INTERNAL; 18; 21; 3; 131
INTERNAL; 18; 21; 3; 131; INTERNAL; 14; 20; 6; 8097
INTERNAL; 18; 21; 3; 131; INTERNAL; 14; 20; 6; 384
INTERNAL; 14; 20; 6; 384; INTERNAL; 13; 19; 6; 4451
INTERNAL; 13; 19; 6; 4451; INTERNAL; 11; 18; 7; 5554
INTERNAL; 13; 19; 6; 4451; INTERNAL; 12; 18; 6; 1534
INTERNAL; 12; 18; 6; 1534; INTERNAL; 11; 17; 6; 708
INTERNAL; 11; 17; 6; 708; INTERNAL; 10; 16; 6; 5865
INTERNAL; 11; 17; 6; 708; INTERNAL; 9; 16; 7; 136
INTERNAL; 11; 17; 6; 708; INTERNAL; 7; 16; 9; 135
INTERNAL; 12; 18; 6; 1534; INTERNAL; 11; 17; 6; 1965
INTERNAL; 11; 17; 6; 1965; INTERNAL; 8; 16; 8; 7084
INTERNAL; 11; 17; 6; 1965; INTERNAL; 10; 16; 6; 8007
INTERNAL; 11; 17; 6; 1965; INTERNAL; 10; 16; 6; 137
INTERNAL; 10; 16; 6; 137; INTERNAL; 9; 15; 6; 561
INTERNAL; 10; 16; 6; 137; INTERNAL; 8; 15; 7; 1718
INTERNAL; 12; 18; 6; 1534; INTERNAL; 11; 17; 6; 138
INTERNAL; 13; 19; 6; 4451; INTERNAL; 12; 18; 6; 139
INTERNAL; 14; 20; 6; 384; INTERNAL; 13; 19; 6; 7029
INTERNAL; 18; 21; 3; 131; INTERNAL; 15; 20; 5; 4438
INTERNAL; 18; 21; 3; 131; INTERNAL; 17; 20; 3; 2678
INTERNAL; 20; 24; 4; 127; INTERNAL; 19; 22; 3; 556
INTERNAL; 19; 22; 3; 556; INTERNAL; 18; 21; 3; 4008
INTERNAL; 19; 22; 3; 556; INTERNAL; 15; 21; 6; 2572
INTERNAL; 15; 21; 6; 2572; INTERNAL; 14; 20; 6; 1496
INTERNAL; 14; 20; 6; 1496; INTERNAL; 13; 19; 6; 2460
INTERNAL; 13; 19; 6; 2460; INTERNAL; 12; 18; 6; 4850
INTERNAL; 13; 19; 6; 2460; INTERNAL; 11; 18; 7; 133
INTERNAL; 13; 19; 6; 2460; INTERNAL; 12; 18; 6; 2828
INTERNAL; 12; 18; 6; 2828; INTERNAL; 11; 17; 6; 8084
INTERNAL; 12; 18; 6; 2828; INTERNAL; 10; 17; 7; 615
INTERNAL; 14; 20; 6; 1496; INTERNAL; 13; 19; 6; 7297
INTERNAL; 15; 21; 6; 2572; INTERNAL; 14; 20; 6; 134
INTERNAL; 21; 25; 4; 3505; INTERNAL; 20; 23; 3; 389
INTERNAL; 20; 23; 3; 389; INTERNAL; 12; 22; 10; 1315
INTERNAL; 20; 23; 3; 389; INTERNAL; 15; 22; 7; 1330
INTERNAL; 20; 23; 3; 389; INTERNAL; 19; 22; 3; 386
INTERNAL; 20; 23; 3; 389; INTERNAL; 13; 22; 9; 2948
INTERNAL; 20; 23; 3; 389; INTERNAL; 14; 22; 8; 385
INTERNAL; 21; 25; 4; 3505; INTERNAL; 20; 23; 3; 388
INTERNAL; 21; 25; 4; 3505; INTERNAL; 19; 21; 2; 3849
INTERNAL; 26; 26; 0; 4028; INTERNAL; 25; 25; 0; 4240
INTERNAL; 25; 25; 0; 4240; INTERNAL; 21; 23; 2; 4106
INTERNAL; 21; 23; 2; 4106; INTERNAL; 18; 21; 3; 681
INTERNAL; 18; 21; 3; 681; INTERNAL; 17; 20; 3; 7870
INTERNAL; 17; 20; 3; 7870; INTERNAL; 16; 19; 3; 679
INTERNAL; 16; 19; 3; 679; INTERNAL; 13; 18; 5; 676
INTERNAL; 13; 18; 5; 676; INTERNAL; 12; 17; 5; 407
INTERNAL; 12; 17; 5; 407; INTERNAL; 11; 14; 3; 4685
INTERNAL; 11; 14; 3; 4685; INTERNAL; 10; 13; 3; 489
INTERNAL; 10; 13; 3; 489; INTERNAL; 9; 12; 3; 417
INTERNAL; 9; 12; 3; 417; INTERNAL; 8; 11; 3; 7100
INTERNAL; 8; 11; 3; 7100; INTERNAL; 6; 10; 4; 660
INTERNAL; 6; 10; 4; 660; INTERNAL; 5; 9; 4; 649
INTERNAL; 5; 9; 4; 649; INTERNAL; 3; 8; 5; 648
INTERNAL; 3; 8; 5; 648; INPUT; 1; 5; 4; 3747
INTERNAL; 3; 8; 5; 648; INPUT; 1; 5; 4; 1706
INTERNAL; 3; 8; 5; 648; INTERNAL; 2; 7; 5; 4851
INTERNAL; 5; 9; 4; 649; INPUT; 1; 8; 7; 4085
INTERNAL; 5; 9; 4; 649; INTERNAL; 4; 8; 4; 5479
INTERNAL; 6; 10; 4; 660; INTERNAL; 4; 9; 5; 2276
INTERNAL; 4; 9; 5; 2276; INTERNAL; 2; 5; 3; 6391
INTERNAL; 4; 9; 5; 2276; INTERNAL; 2; 6; 4; 7215
INTERNAL; 4; 9; 5; 2276; INTERNAL; 3; 8; 5; 6465
INTERNAL; 6; 10; 4; 660; INTERNAL; 3; 9; 6; 650
INTERNAL; 3; 9; 6; 650; INTERNAL; 2; 7; 5; 1883
INTERNAL; 2; 7; 5; 1883; INPUT; 1; 6; 5; 3006
INTERNAL; 2; 7; 5; 1883; INPUT; 1; 6; 5; 6734
INTERNAL; 2; 7; 5; 1883; INPUT; 1; 6; 5; 4070
INTERNAL; 2; 7; 5; 1883; INPUT; 1; 6; 5; 7056
INTERNAL; 6; 10; 4; 660; INTERNAL; 2; 8; 6; 5173
INTERNAL; 2; 8; 6; 5173; INPUT; 1; 6; 5; 5910
INTERNAL; 2; 8; 6; 5173; INPUT; 1; 6; 5; 3773
INTERNAL; 2; 8; 6; 5173; INPUT; 1; 6; 5; 5617
INTERNAL; 2; 8; 6; 5173; INPUT; 1; 6; 5; 4859
INTERNAL; 6; 10; 4; 660; INTERNAL; 4; 9; 5; 726
INTERNAL; 4; 9; 5; 726; INTERNAL; 2; 6; 4; 4985
INTERNAL; 2; 6; 4; 4985; INPUT; 1; 4; 3; 7425
INTERNAL; 2; 6; 4; 4985; INPUT; 1; 2; 1; 4246
INTERNAL; 2; 6; 4; 4985; INPUT; 1; 2; 1; 4446
INTERNAL; 2; 6; 4; 4985; INPUT; 1; 2; 1; 4426
INTERNAL; 4; 9; 5; 726; INTERNAL; 2; 8; 6; 1385
INTERNAL; 4; 9; 5; 726; INTERNAL; 2; 8; 6; 647
INTERNAL; 2; 8; 6; 647; INPUT; 1; 6; 5; 7561
INTERNAL; 2; 8; 6; 647; INPUT; 1; 6; 5; 6939
INTERNAL; 2; 8; 6; 647; INPUT; 1; 6; 5; 7386
INTERNAL; 2; 8; 6; 647; INPUT; 1; 6; 5; 7237
INTERNAL; 4; 9; 5; 726; INTERNAL; 3; 8; 5; 3388
INTERNAL; 3; 8; 5; 3388; INTERNAL; 2; 7; 5; 6351
INTERNAL; 3; 8; 5; 3388; INTERNAL; 2; 7; 5; 646
INTERNAL; 8; 11; 3; 7100; INTERNAL; 7; 10; 3; 661
INTERNAL; 7; 10; 3; 661; INTERNAL; 2; 8; 6; 658
INTERNAL; 7; 10; 3; 661; INTERNAL; 3; 9; 6; 2477
INTERNAL; 3; 9; 6; 2477; INTERNAL; 2; 8; 6; 1333
INTERNAL; 3; 9; 6; 2477; INTERNAL; 2; 6; 4; 6680
INTERNAL; 7; 10; 3; 661; INTERNAL; 4; 9; 5; 7841
INTERNAL; 4; 9; 5; 7841; INTERNAL; 2; 6; 4; 1646
INTERNAL; 4; 9; 5; 7841; INTERNAL; 3; 6; 3; 2621
INTERNAL; 7; 10; 3; 661; INTERNAL; 6; 9; 3; 657
INTERNAL; 6; 9; 3; 657; INTERNAL; 2; 7; 5; 883
INTERNAL; 6; 9; 3; 657; INTERNAL; 5; 8; 3; 656
INTERNAL; 5; 8; 3; 656; INTERNAL; 4; 7; 3; 1239
INTERNAL; 4; 7; 3; 1239; INPUT; 1; 6; 5; 6818
INTERNAL; 4; 7; 3; 1239; INTERNAL; 2; 6; 4; 7758
INTERNAL; 4; 7; 3; 1239; INTERNAL; 2; 4; 2; 4730
INTERNAL; 4; 7; 3; 1239; INPUT; 1; 6; 5; 5057
INTERNAL; 4; 7; 3; 1239; INTERNAL; 2; 6; 4; 654
INTERNAL; 2; 6; 4; 654; INPUT; 1; 5; 4; 3906
INTERNAL; 2; 6; 4; 654; INPUT; 1; 5; 4; 653
INTERNAL; 4; 7; 3; 1239; INTERNAL; 3; 6; 3; 5286
INTERNAL; 5; 8; 3; 656; INTERNAL; 3; 7; 4; 1325
INTERNAL; 3; 7; 4; 1325; INTERNAL; 2; 6; 4; 4489
INTERNAL; 5; 8; 3; 656; INTERNAL; 2; 7; 5; 655
INTERNAL; 6; 9; 3; 657; INTERNAL; 3; 8; 5; 1487
INTERNAL; 3; 8; 5; 1487; INTERNAL; 2; 6; 4; 8129
INTERNAL; 7; 10; 3; 661; INTERNAL; 5; 9; 4; 3484
INTERNAL; 5; 9; 4; 3484; INTERNAL; 2; 8; 6; 2378
INTERNAL; 5; 9; 4; 3484; INTERNAL; 3; 8; 5; 651
INTERNAL; 3; 8; 5; 651; INTERNAL; 2; 5; 3; 6886
INTERNAL; 5; 9; 4; 3484; INTERNAL; 4; 8; 4; 652
INTERNAL; 4; 8; 4; 652; INTERNAL; 3; 7; 4; 953
INTERNAL; 8; 11; 3; 7100; INTERNAL; 6; 10; 4; 659
INTERNAL; 6; 10; 4; 659; INTERNAL; 3; 9; 6; 645
INTERNAL; 3; 9; 6; 645; INTERNAL; 2; 8; 6; 637
INTERNAL; 6; 10; 4; 659; INTERNAL; 2; 7; 5; 2805
INTERNAL; 6; 10; 4; 659; INTERNAL; 4; 9; 5; 643
INTERNAL; 4; 9; 5; 643; INTERNAL; 2; 8; 6; 639
INTERNAL; 2; 8; 6; 639; INPUT; 1; 4; 3; 6306
INTERNAL; 2; 8; 6; 639; INPUT; 1; 4; 3; 4999
INTERNAL; 2; 8; 6; 639; INPUT; 1; 4; 3; 5166
INTERNAL; 4; 9; 5; 643; INTERNAL; 2; 7; 5; 3121
INTERNAL; 4; 9; 5; 643; INTERNAL; 3; 6; 3; 1714
INTERNAL; 3; 6; 3; 1714; INPUT; 1; 5; 4; 2093
INTERNAL; 3; 6; 3; 1714; INPUT; 1; 3; 2; 5245
INTERNAL; 3; 6; 3; 1714; INTERNAL; 2; 3; 1; 4702
INTERNAL; 2; 3; 1; 4702; INPUT; 1; 2; 1; 3592
INTERNAL; 2; 3; 1; 4702; INPUT; 1; 2; 1; 7197
INTERNAL; 6; 10; 4; 659; INTERNAL; 3; 9; 6; 644
INTERNAL; 3; 9; 6; 644; INPUT; 1; 7; 6; 915
INTERNAL; 3; 9; 6; 644; INTERNAL; 2; 8; 6; 3656
INTERNAL; 2; 8; 6; 3656; INPUT; 1; 3; 2; 2838
INTERNAL; 2; 8; 6; 3656; INPUT; 1; 3; 2; 3226
INTERNAL; 2; 8; 6; 3656; INPUT; 1; 3; 2; 5997
INTERNAL; 2; 8; 6; 3656; INPUT; 1; 3; 2; 3017
INTERNAL; 6; 10; 4; 659; INTERNAL; 5; 9; 4; 4059
INTERNAL; 5; 9; 4; 4059; INTERNAL; 2; 4; 2; 3954
INTERNAL; 5; 9; 4; 4059; INTERNAL; 3; 8; 5; 2132
INTERNAL; 5; 9; 4; 4059; INTERNAL; 4; 8; 4; 641
INTERNAL; 4; 8; 4; 641; INPUT; 1; 6; 5; 4929
INTERNAL; 4; 8; 4; 641; INTERNAL; 3; 7; 4; 5802
INTERNAL; 3; 7; 4; 5802; INTERNAL; 2; 5; 3; 5209
INTERNAL; 3; 7; 4; 5802; INTERNAL; 2; 6; 4; 6375
INTERNAL; 4; 8; 4; 641; INPUT; 1; 6; 5; 7608
INTERNAL; 5; 9; 4; 4059; INTERNAL; 4; 8; 4; 642
INTERNAL; 4; 8; 4; 642; INTERNAL; 2; 7; 5; 8245
INTERNAL; 4; 8; 4; 642; INTERNAL; 3; 7; 4; 1517
INTERNAL; 5; 9; 4; 4059; INTERNAL; 2; 4; 2; 4237
INTERNAL; 2; 4; 2; 4237; INPUT; 1; 3; 2; 4321
INTERNAL; 2; 4; 2; 4237; INPUT; 1; 3; 2; 5822
INTERNAL; 2; 4; 2; 4237; INPUT; 1; 3; 2; 5016
INTERNAL; 2; 4; 2; 4237; INPUT; 1; 3; 2; 5013
INTERNAL; 9; 12; 3; 417; INTERNAL; 7; 11; 4; 496
INTERNAL; 7; 11; 4; 496; INTERNAL; 5; 10; 5; 4965
INTERNAL; 5; 10; 5; 4965; INTERNAL; 3; 9; 6; 612
INTERNAL; 3; 9; 6; 612; INTERNAL; 2; 7; 5; 1003
INTERNAL; 3; 9; 6; 612; INTERNAL; 2; 6; 4; 6486
INTERNAL; 3; 9; 6; 612; INTERNAL; 2; 7; 5; 4467
INTERNAL; 5; 10; 5; 4965; INTERNAL; 4; 9; 5; 611
INTERNAL; 4; 9; 5; 611; INPUT; 1; 8; 7; 6824
INTERNAL; 4; 9; 5; 611; INPUT; 1; 8; 7; 6402
INTERNAL; 4; 9; 5; 611; INTERNAL; 3; 8; 5; 5837
INTERNAL; 3; 8; 5; 5837; INTERNAL; 2; 5; 3; 5642
INTERNAL; 3; 8; 5; 5837; INTERNAL; 2; 6; 4; 8163
INTERNAL; 4; 9; 5; 611; INPUT; 1; 8; 7; 6093
INTERNAL; 4; 9; 5; 611; INPUT; 1; 8; 7; 3481
INTERNAL; 5; 10; 5; 4965; INTERNAL; 3; 9; 6; 5351
INTERNAL; 5; 10; 5; 4965; INTERNAL; 4; 9; 5; 2840
INTERNAL; 4; 9; 5; 2840; INTERNAL; 2; 8; 6; 1159
INTERNAL; 4; 9; 5; 2840; INTERNAL; 2; 8; 6; 3340
INTERNAL; 4; 9; 5; 2840; INTERNAL; 2; 7; 5; 7250
INTERNAL; 4; 9; 5; 2840; INTERNAL; 2; 8; 6; 980
INTERNAL; 2; 8; 6; 980; INPUT; 1; 6; 5; 2637
INTERNAL; 2; 8; 6; 980; INPUT; 1; 6; 5; 2639
INTERNAL; 2; 8; 6; 980; INPUT; 1; 7; 6; 5180
INTERNAL; 2; 8; 6; 980; INPUT; 1; 6; 5; 2597
INTERNAL; 4; 9; 5; 2840; INTERNAL; 2; 5; 3; 3800
INTERNAL; 4; 9; 5; 2840; INTERNAL; 3; 6; 3; 6515
INTERNAL; 7; 11; 4; 496; INTERNAL; 6; 10; 4; 628
INTERNAL; 6; 10; 4; 628; INTERNAL; 5; 9; 4; 2843
INTERNAL; 5; 9; 4; 2843; INTERNAL; 3; 8; 5; 5966
INTERNAL; 3; 8; 5; 5966; INTERNAL; 2; 7; 5; 2952
INTERNAL; 5; 9; 4; 2843; INTERNAL; 2; 7; 5; 8366
INTERNAL; 5; 9; 4; 2843; INTERNAL; 2; 7; 5; 620
INTERNAL; 2; 7; 5; 620; INPUT; 1; 5; 4; 2867
INTERNAL; 2; 7; 5; 620; INPUT; 1; 5; 4; 3895
INTERNAL; 2; 7; 5; 620; INPUT; 1; 6; 5; 7437
INTERNAL; 2; 7; 5; 620; INPUT; 1; 6; 5; 7131
INTERNAL; 5; 9; 4; 2843; INTERNAL; 4; 8; 4; 5848
INTERNAL; 4; 8; 4; 5848; INTERNAL; 2; 7; 5; 2426
INTERNAL; 4; 8; 4; 5848; INTERNAL; 2; 7; 5; 6900
INTERNAL; 4; 8; 4; 5848; INTERNAL; 3; 7; 4; 5630
INTERNAL; 6; 10; 4; 628; INTERNAL; 5; 9; 4; 7232
INTERNAL; 5; 9; 4; 7232; INTERNAL; 2; 7; 5; 1713
INTERNAL; 2; 7; 5; 1713; INPUT; 1; 5; 4; 5996
INTERNAL; 5; 9; 4; 7232; INTERNAL; 2; 6; 4; 2613
INTERNAL; 5; 9; 4; 7232; INTERNAL; 4; 8; 4; 614
INTERNAL; 5; 9; 4; 7232; INTERNAL; 2; 8; 6; 616
INTERNAL; 2; 8; 6; 616; INPUT; 1; 4; 3; 4674
INTERNAL; 2; 8; 6; 616; INPUT; 1; 4; 3; 4893
INTERNAL; 2; 8; 6; 616; INPUT; 1; 4; 3; 3775
INTERNAL; 6; 10; 4; 628; INTERNAL; 5; 9; 4; 837
INTERNAL; 5; 9; 4; 837; INTERNAL; 2; 8; 6; 6611
INTERNAL; 5; 9; 4; 837; INTERNAL; 4; 8; 4; 617
INTERNAL; 6; 10; 4; 628; INTERNAL; 2; 8; 6; 621
INTERNAL; 7; 11; 4; 496; INTERNAL; 6; 10; 4; 629
INTERNAL; 6; 10; 4; 629; INTERNAL; 4; 9; 5; 625
INTERNAL; 4; 9; 5; 625; INTERNAL; 2; 7; 5; 2757
INTERNAL; 4; 9; 5; 625; INTERNAL; 2; 8; 6; 622
INTERNAL; 2; 8; 6; 622; INPUT; 1; 5; 4; 4083
INTERNAL; 2; 8; 6; 622; INPUT; 1; 5; 4; 3489
INTERNAL; 2; 8; 6; 622; INPUT; 1; 5; 4; 2769
INTERNAL; 2; 8; 6; 622; INPUT; 1; 5; 4; 3522
INTERNAL; 4; 9; 5; 625; INTERNAL; 3; 5; 2; 6345
INTERNAL; 4; 9; 5; 625; INTERNAL; 2; 8; 6; 6935
INTERNAL; 6; 10; 4; 629; INTERNAL; 3; 7; 4; 2689
INTERNAL; 3; 7; 4; 2689; INPUT; 1; 5; 4; 4484
INTERNAL; 3; 7; 4; 2689; INTERNAL; 2; 5; 3; 6645
INTERNAL; 6; 10; 4; 629; INTERNAL; 5; 9; 4; 746
INTERNAL; 5; 9; 4; 746; INTERNAL; 3; 8; 5; 4816
INTERNAL; 3; 8; 5; 4816; INTERNAL; 2; 6; 4; 5516
INTERNAL; 3; 8; 5; 4816; INPUT; 1; 7; 6; 1761
INTERNAL; 3; 8; 5; 4816; INPUT; 1; 7; 6; 7093
INTERNAL; 3; 8; 5; 4816; INPUT; 1; 7; 6; 624
INTERNAL; 3; 8; 5; 4816; INPUT; 1; 7; 6; 623
INTERNAL; 5; 9; 4; 746; INTERNAL; 2; 8; 6; 3096
INTERNAL; 5; 9; 4; 746; INTERNAL; 4; 8; 4; 2908
INTERNAL; 4; 8; 4; 2908; INTERNAL; 2; 7; 5; 7953
INTERNAL; 6; 10; 4; 629; INTERNAL; 2; 8; 6; 626
INTERNAL; 6; 10; 4; 629; INTERNAL; 2; 7; 5; 4565
INTERNAL; 6; 10; 4; 629; INTERNAL; 4; 9; 5; 627
INTERNAL; 4; 9; 5; 627; INPUT; 1; 7; 6; 7830
INTERNAL; 4; 9; 5; 627; INPUT; 1; 6; 5; 8153
INTERNAL; 9; 12; 3; 417; INTERNAL; 7; 11; 4; 943
INTERNAL; 7; 11; 4; 943; INTERNAL; 4; 10; 6; 2215
INTERNAL; 4; 10; 6; 2215; INTERNAL; 3; 9; 6; 474
INTERNAL; 7; 11; 4; 943; INTERNAL; 6; 10; 4; 5762
INTERNAL; 6; 10; 4; 5762; INTERNAL; 5; 9; 4; 3788
INTERNAL; 5; 9; 4; 3788; INTERNAL; 4; 8; 4; 492
INTERNAL; 4; 8; 4; 492; INTERNAL; 3; 7; 4; 1743
INTERNAL; 3; 7; 4; 1743; INPUT; 1; 6; 5; 1478
INTERNAL; 3; 7; 4; 1743; INPUT; 1; 6; 5; 491
INTERNAL; 3; 7; 4; 1743; INPUT; 1; 6; 5; 4210
INTERNAL; 3; 7; 4; 1743; INTERNAL; 2; 6; 4; 4462
INTERNAL; 3; 7; 4; 1743; INTERNAL; 2; 5; 3; 3860
INTERNAL; 2; 5; 3; 3860; INPUT; 1; 4; 3; 3958
INTERNAL; 2; 5; 3; 3860; INPUT; 1; 4; 3; 4594
INTERNAL; 2; 5; 3; 3860; INPUT; 1; 4; 3; 3389
INTERNAL; 2; 5; 3; 3860; INPUT; 1; 4; 3; 3244
INTERNAL; 3; 7; 4; 1743; INTERNAL; 2; 6; 4; 2481
INTERNAL; 4; 8; 4; 492; INPUT; 1; 5; 4; 7557
INTERNAL; 4; 8; 4; 492; INPUT; 1; 5; 4; 7560
INTERNAL; 4; 8; 4; 492; INTERNAL; 2; 7; 5; 1141
INTERNAL; 5; 9; 4; 3788; INPUT; 1; 3; 2; 5616
INTERNAL; 5; 9; 4; 3788; INTERNAL; 2; 7; 5; 4132
INTERNAL; 2; 7; 5; 4132; INPUT; 1; 3; 2; 4664
INTERNAL; 2; 7; 5; 4132; INPUT; 1; 4; 3; 5501
INTERNAL; 2; 7; 5; 4132; INPUT; 1; 3; 2; 2474
INTERNAL; 5; 9; 4; 3788; INPUT; 1; 3; 2; 5403
INTERNAL; 5; 9; 4; 3788; INTERNAL; 3; 8; 5; 6866
INTERNAL; 3; 8; 5; 6866; INTERNAL; 2; 6; 4; 1722
INTERNAL; 3; 8; 5; 6866; INTERNAL; 2; 7; 5; 490
INTERNAL; 6; 10; 4; 5762; INTERNAL; 4; 9; 5; 6819
INTERNAL; 4; 9; 5; 6819; INPUT; 1; 8; 7; 484
INTERNAL; 4; 9; 5; 6819; INTERNAL; 2; 8; 6; 482
INTERNAL; 4; 9; 5; 6819; INTERNAL; 2; 8; 6; 483
INTERNAL; 2; 8; 6; 483; INPUT; 1; 7; 6; 481
INTERNAL; 2; 8; 6; 483; INPUT; 1; 7; 6; 1592
INTERNAL; 2; 8; 6; 483; INPUT; 1; 7; 6; 478
INTERNAL; 6; 10; 4; 5762; INTERNAL; 3; 9; 6; 494
INTERNAL; 6; 10; 4; 5762; INTERNAL; 4; 9; 5; 1557
INTERNAL; 4; 9; 5; 1557; INTERNAL; 2; 6; 4; 6766
INTERNAL; 2; 6; 4; 6766; INPUT; 1; 4; 3; 2927
INTERNAL; 2; 6; 4; 6766; INPUT; 1; 4; 3; 5126
INTERNAL; 4; 9; 5; 1557; INTERNAL; 3; 8; 5; 7923
INTERNAL; 3; 8; 5; 7923; INPUT; 1; 7; 6; 5233
INTERNAL; 3; 8; 5; 7923; INPUT; 1; 7; 6; 4227
INTERNAL; 3; 8; 5; 7923; INPUT; 1; 7; 6; 486
INTERNAL; 3; 8; 5; 7923; INTERNAL; 2; 7; 5; 5103
INTERNAL; 2; 7; 5; 5103; INPUT; 1; 6; 5; 733
INTERNAL; 2; 7; 5; 5103; INPUT; 1; 6; 5; 7591
INTERNAL; 2; 7; 5; 5103; INPUT; 1; 6; 5; 1006
INTERNAL; 2; 7; 5; 5103; INPUT; 1; 6; 5; 1712
INTERNAL; 3; 8; 5; 7923; INPUT; 1; 7; 6; 485
INTERNAL; 4; 9; 5; 1557; INTERNAL; 3; 8; 5; 488
INTERNAL; 3; 8; 5; 488; INPUT; 1; 5; 4; 3241
INTERNAL; 3; 8; 5; 488; INTERNAL; 2; 7; 5; 487
INTERNAL; 2; 7; 5; 487; INPUT; 1; 4; 3; 4296
INTERNAL; 3; 8; 5; 488; INPUT; 1; 5; 4; 3237
INTERNAL; 3; 8; 5; 488; INPUT; 1; 5; 4; 2398
INTERNAL; 6; 10; 4; 5762; INTERNAL; 2; 9; 7; 493
INTERNAL; 7; 11; 4; 943; INTERNAL; 5; 10; 5; 495
INTERNAL; 5; 10; 5; 495; INTERNAL; 2; 8; 6; 2819
INTERNAL; 5; 10; 5; 495; INTERNAL; 3; 9; 6; 477
INTERNAL; 3; 9; 6; 477; INTERNAL; 2; 8; 6; 475
INTERNAL; 5; 10; 5; 495; INTERNAL; 4; 9; 5; 7756
INTERNAL; 4; 9; 5; 7756; INTERNAL; 2; 5; 3; 4660
INTERNAL; 10; 13; 3; 489; INTERNAL; 8; 12; 4; 415
INTERNAL; 8; 12; 4; 415; INTERNAL; 7; 11; 4; 471
INTERNAL; 7; 11; 4; 471; INTERNAL; 6; 10; 4; 810
INTERNAL; 6; 10; 4; 810; INTERNAL; 4; 9; 5; 2935
INTERNAL; 4; 9; 5; 2935; INTERNAL; 3; 8; 5; 3636
INTERNAL; 6; 10; 4; 810; INTERNAL; 4; 9; 5; 464
INTERNAL; 7; 11; 4; 471; INTERNAL; 3; 10; 7; 664
INTERNAL; 3; 10; 7; 664; INTERNAL; 2; 7; 5; 2996
INTERNAL; 3; 10; 7; 664; INTERNAL; 2; 9; 7; 2077
INTERNAL; 7; 11; 4; 471; INTERNAL; 3; 10; 7; 1697
INTERNAL; 8; 12; 4; 415; INTERNAL; 7; 11; 4; 4096
INTERNAL; 7; 11; 4; 4096; INTERNAL; 6; 10; 4; 469
INTERNAL; 6; 10; 4; 469; INTERNAL; 3; 9; 6; 2368
INTERNAL; 6; 10; 4; 469; INTERNAL; 4; 9; 5; 4405
INTERNAL; 4; 9; 5; 4405; INTERNAL; 3; 8; 5; 466
INTERNAL; 3; 8; 5; 466; INPUT; 1; 5; 4; 3680
INTERNAL; 4; 9; 5; 4405; INTERNAL; 3; 8; 5; 5055
INTERNAL; 7; 11; 4; 4096; INTERNAL; 5; 10; 5; 468
INTERNAL; 5; 10; 5; 468; INTERNAL; 4; 9; 5; 7759
INTERNAL; 7; 11; 4; 4096; INTERNAL; 4; 10; 6; 467
INTERNAL; 4; 10; 6; 467; INTERNAL; 2; 9; 7; 529
INTERNAL; 2; 9; 7; 529; INPUT; 1; 4; 3; 4055
INTERNAL; 2; 9; 7; 529; INPUT; 1; 4; 3; 6947
INTERNAL; 2; 9; 7; 529; INPUT; 1; 4; 3; 5088
INTERNAL; 2; 9; 7; 529; INPUT; 1; 4; 3; 5904
INTERNAL; 4; 10; 6; 467; INTERNAL; 3; 9; 6; 465
INTERNAL; 3; 9; 6; 465; INTERNAL; 2; 4; 2; 3741
INTERNAL; 3; 9; 6; 465; INTERNAL; 2; 8; 6; 6425
INTERNAL; 3; 9; 6; 465; INTERNAL; 2; 5; 3; 5230
INTERNAL; 4; 10; 6; 467; INTERNAL; 2; 6; 4; 3068
INTERNAL; 8; 12; 4; 415; INTERNAL; 6; 11; 5; 470
INTERNAL; 6; 11; 5; 470; INTERNAL; 5; 10; 5; 562
INTERNAL; 5; 10; 5; 562; INTERNAL; 3; 9; 6; 680
INTERNAL; 3; 9; 6; 680; INTERNAL; 2; 5; 3; 7280
INTERNAL; 3; 9; 6; 680; INTERNAL; 2; 5; 3; 4413
INTERNAL; 2; 5; 3; 4413; INPUT; 1; 4; 3; 5235
INTERNAL; 3; 9; 6; 680; INTERNAL; 2; 4; 2; 3332
INTERNAL; 3; 9; 6; 680; INTERNAL; 2; 7; 5; 3263
INTERNAL; 5; 10; 5; 562; INTERNAL; 4; 9; 5; 1234
INTERNAL; 4; 9; 5; 1234; INTERNAL; 2; 6; 4; 6418
INTERNAL; 4; 9; 5; 1234; INTERNAL; 2; 8; 6; 5258
INTERNAL; 4; 9; 5; 1234; INTERNAL; 3; 8; 5; 552
INTERNAL; 3; 8; 5; 552; INTERNAL; 2; 6; 4; 2028
INTERNAL; 3; 8; 5; 552; INTERNAL; 2; 7; 5; 7533
INTERNAL; 4; 9; 5; 1234; INTERNAL; 2; 8; 6; 4899
INTERNAL; 5; 10; 5; 562; INTERNAL; 3; 9; 6; 7819
INTERNAL; 3; 9; 6; 7819; INTERNAL; 2; 7; 5; 3355
INTERNAL; 3; 9; 6; 7819; INTERNAL; 2; 8; 6; 3247
INTERNAL; 2; 8; 6; 3247; INPUT; 1; 4; 3; 4863
INTERNAL; 6; 11; 5; 470; INTERNAL; 5; 10; 5; 559
INTERNAL; 5; 10; 5; 559; INTERNAL; 4; 9; 5; 551
INTERNAL; 4; 9; 5; 551; INTERNAL; 2; 8; 6; 550
INTERNAL; 4; 9; 5; 551; INTERNAL; 3; 6; 3; 3275
INTERNAL; 5; 10; 5; 559; INTERNAL; 4; 9; 5; 792
INTERNAL; 4; 9; 5; 792; INTERNAL; 2; 7; 5; 7668
INTERNAL; 4; 9; 5; 792; INTERNAL; 3; 8; 5; 7432
INTERNAL; 3; 8; 5; 7432; INTERNAL; 2; 7; 5; 8322
INTERNAL; 3; 8; 5; 7432; INTERNAL; 2; 6; 4; 2423
INTERNAL; 5; 10; 5; 559; INTERNAL; 2; 9; 7; 6989
INTERNAL; 6; 11; 5; 470; INTERNAL; 5; 10; 5; 563
INTERNAL; 5; 10; 5; 563; INTERNAL; 2; 9; 7; 557
INTERNAL; 5; 10; 5; 563; INTERNAL; 4; 9; 5; 555
INTERNAL; 4; 9; 5; 555; INTERNAL; 3; 8; 5; 6930
INTERNAL; 3; 8; 5; 6930; INPUT; 1; 5; 4; 7358
INTERNAL; 3; 8; 5; 6930; INPUT; 1; 5; 4; 2181
INTERNAL; 4; 9; 5; 555; INTERNAL; 2; 8; 6; 553
INTERNAL; 5; 10; 5; 563; INTERNAL; 2; 8; 6; 4684
INTERNAL; 5; 10; 5; 563; INTERNAL; 2; 9; 7; 3915
INTERNAL; 2; 9; 7; 3915; INPUT; 1; 8; 7; 6924
INTERNAL; 10; 13; 3; 489; INTERNAL; 7; 12; 5; 414
INTERNAL; 11; 14; 3; 4685; INTERNAL; 10; 13; 3; 433
INTERNAL; 10; 13; 3; 433; INTERNAL; 9; 12; 3; 431
INTERNAL; 9; 12; 3; 431; INTERNAL; 7; 11; 4; 4672
INTERNAL; 7; 11; 4; 4672; INTERNAL; 6; 10; 4; 427
INTERNAL; 6; 10; 4; 427; INTERNAL; 2; 8; 6; 6004
INTERNAL; 6; 10; 4; 427; INTERNAL; 2; 7; 5; 8179
INTERNAL; 6; 10; 4; 427; INTERNAL; 5; 9; 4; 3987
INTERNAL; 5; 9; 4; 3987; INTERNAL; 2; 7; 5; 2966
INTERNAL; 5; 9; 4; 3987; INTERNAL; 2; 4; 2; 2238
INTERNAL; 2; 4; 2; 2238; INPUT; 1; 3; 2; 4012
INTERNAL; 5; 9; 4; 3987; INTERNAL; 2; 7; 5; 7274
INTERNAL; 2; 7; 5; 7274; INPUT; 1; 3; 2; 4593
INTERNAL; 5; 9; 4; 3987; INTERNAL; 4; 8; 4; 424
INTERNAL; 6; 10; 4; 427; INTERNAL; 4; 9; 5; 425
INTERNAL; 4; 9; 5; 425; INTERNAL; 3; 8; 5; 6604
INTERNAL; 3; 8; 5; 6604; INPUT; 1; 7; 6; 590
INTERNAL; 3; 8; 5; 6604; INPUT; 1; 7; 6; 591
INTERNAL; 3; 8; 5; 6604; INPUT; 1; 7; 6; 589
INTERNAL; 3; 8; 5; 6604; INPUT; 1; 7; 6; 594
INTERNAL; 4; 9; 5; 425; INTERNAL; 2; 7; 5; 4544
INTERNAL; 4; 9; 5; 425; INTERNAL; 2; 6; 4; 7891
INTERNAL; 6; 10; 4; 427; INTERNAL; 2; 6; 4; 7420
INTERNAL; 2; 6; 4; 7420; INPUT; 1; 5; 4; 7356
INTERNAL; 2; 6; 4; 7420; INPUT; 1; 5; 4; 3402
INTERNAL; 7; 11; 4; 4672; INTERNAL; 5; 10; 5; 426
INTERNAL; 5; 10; 5; 426; INTERNAL; 3; 8; 5; 812
INTERNAL; 3; 8; 5; 812; INTERNAL; 2; 7; 5; 7921
INTERNAL; 2; 7; 5; 7921; INPUT; 1; 4; 3; 4198
INTERNAL; 5; 10; 5; 426; INTERNAL; 4; 9; 5; 421
INTERNAL; 4; 9; 5; 421; INTERNAL; 2; 6; 4; 3051
INTERNAL; 4; 9; 5; 421; INTERNAL; 2; 7; 5; 3547
INTERNAL; 4; 9; 5; 421; INTERNAL; 3; 6; 3; 7134
INTERNAL; 3; 6; 3; 7134; INTERNAL; 2; 5; 3; 6678
INTERNAL; 4; 9; 5; 421; INTERNAL; 3; 7; 4; 993
INTERNAL; 5; 10; 5; 426; INTERNAL; 2; 9; 7; 554
INTERNAL; 9; 12; 3; 431; INTERNAL; 8; 11; 3; 2086
INTERNAL; 8; 11; 3; 2086; INTERNAL; 5; 10; 5; 513
INTERNAL; 5; 10; 5; 513; INTERNAL; 3; 9; 6; 508
INTERNAL; 5; 10; 5; 513; INTERNAL; 4; 9; 5; 507
INTERNAL; 4; 9; 5; 507; INTERNAL; 3; 8; 5; 595
INTERNAL; 4; 9; 5; 507; INTERNAL; 3; 8; 5; 5462
INTERNAL; 3; 8; 5; 5462; INTERNAL; 2; 7; 5; 5210
INTERNAL; 5; 10; 5; 513; INTERNAL; 4; 9; 5; 2471
INTERNAL; 4; 9; 5; 2471; INTERNAL; 3; 8; 5; 597
INTERNAL; 3; 8; 5; 597; INTERNAL; 2; 7; 5; 598
INTERNAL; 8; 11; 3; 2086; INTERNAL; 7; 10; 3; 514
INTERNAL; 7; 10; 3; 514; INTERNAL; 5; 9; 4; 1934
INTERNAL; 5; 9; 4; 1934; INPUT; 1; 5; 4; 3552
INTERNAL; 5; 9; 4; 1934; INPUT; 1; 7; 6; 3273
INTERNAL; 5; 9; 4; 1934; INPUT; 1; 5; 4; 2254
INTERNAL; 5; 9; 4; 1934; INTERNAL; 2; 7; 5; 2771
INTERNAL; 5; 9; 4; 1934; INTERNAL; 4; 8; 4; 5254
INTERNAL; 4; 8; 4; 5254; INTERNAL; 3; 6; 3; 2809
INTERNAL; 3; 6; 3; 2809; INTERNAL; 2; 5; 3; 6518
INTERNAL; 4; 8; 4; 5254; INPUT; 1; 5; 4; 2555
INTERNAL; 4; 8; 4; 5254; INPUT; 1; 5; 4; 2316
INTERNAL; 7; 10; 3; 514; INTERNAL; 4; 9; 5; 2568
INTERNAL; 4; 9; 5; 2568; INTERNAL; 2; 8; 6; 3015
INTERNAL; 4; 9; 5; 2568; INTERNAL; 2; 8; 6; 7205
INTERNAL; 2; 8; 6; 7205; INPUT; 1; 7; 6; 509
INTERNAL; 2; 8; 6; 7205; INPUT; 1; 7; 6; 510
INTERNAL; 4; 9; 5; 2568; INTERNAL; 2; 8; 6; 2648
INTERNAL; 7; 10; 3; 514; INTERNAL; 2; 6; 4; 2226
INTERNAL; 7; 10; 3; 514; INTERNAL; 6; 9; 3; 1074
INTERNAL; 6; 9; 3; 1074; INTERNAL; 2; 7; 5; 985
INTERNAL; 6; 9; 3; 1074; INTERNAL; 3; 8; 5; 512
INTERNAL; 3; 8; 5; 512; INTERNAL; 2; 7; 5; 1361
INTERNAL; 6; 9; 3; 1074; INTERNAL; 5; 8; 3; 919
INTERNAL; 5; 8; 3; 919; INTERNAL; 4; 7; 3; 511
INTERNAL; 9; 12; 3; 431; INTERNAL; 6; 11; 5; 3156
INTERNAL; 6; 11; 5; 3156; INTERNAL; 5; 10; 5; 1492
INTERNAL; 5; 10; 5; 1492; INTERNAL; 3; 9; 6; 419
INTERNAL; 3; 9; 6; 419; INTERNAL; 2; 6; 4; 925
INTERNAL; 2; 6; 4; 925; INPUT; 1; 5; 4; 6283
INTERNAL; 3; 9; 6; 419; INTERNAL; 2; 7; 5; 8095
INTERNAL; 5; 10; 5; 1492; INTERNAL; 2; 8; 6; 607
INTERNAL; 5; 10; 5; 1492; INTERNAL; 3; 7; 4; 604
INTERNAL; 3; 7; 4; 604; INPUT; 1; 6; 5; 602
INTERNAL; 3; 7; 4; 604; INPUT; 1; 6; 5; 601
INTERNAL; 3; 7; 4; 604; INPUT; 1; 6; 5; 600
INTERNAL; 3; 7; 4; 604; INPUT; 1; 6; 5; 603
INTERNAL; 5; 10; 5; 1492; INTERNAL; 3; 8; 5; 605
INTERNAL; 5; 10; 5; 1492; INTERNAL; 4; 9; 5; 6362
INTERNAL; 4; 9; 5; 6362; INTERNAL; 2; 7; 5; 5108
INTERNAL; 6; 11; 5; 3156; INTERNAL; 3; 10; 7; 420
INTERNAL; 10; 13; 3; 433; INTERNAL; 9; 12; 3; 429
INTERNAL; 9; 12; 3; 429; INTERNAL; 7; 11; 4; 418
INTERNAL; 9; 12; 3; 429; INTERNAL; 8; 11; 3; 3035
INTERNAL; 8; 11; 3; 3035; INTERNAL; 5; 10; 5; 6785
INTERNAL; 5; 10; 5; 6785; INTERNAL; 4; 9; 5; 497
INTERNAL; 4; 9; 5; 497; INTERNAL; 2; 4; 2; 6496
INTERNAL; 2; 4; 2; 6496; INPUT; 1; 2; 1; 6490
INTERNAL; 2; 4; 2; 6496; INPUT; 1; 2; 1; 3192
INTERNAL; 2; 4; 2; 6496; INPUT; 1; 2; 1; 5142
INTERNAL; 8; 11; 3; 3035; INTERNAL; 7; 10; 3; 506
INTERNAL; 7; 10; 3; 506; INTERNAL; 4; 9; 5; 505
INTERNAL; 4; 9; 5; 505; INTERNAL; 2; 5; 3; 6422
INTERNAL; 4; 9; 5; 505; INTERNAL; 2; 2; 0; 3795
INTERNAL; 2; 2; 0; 3795; INPUT; 1; 1; 0; 3451
INTERNAL; 2; 2; 0; 3795; INPUT; 1; 1; 0; 4475
INTERNAL; 4; 9; 5; 505; INTERNAL; 2; 5; 3; 7731
INTERNAL; 7; 10; 3; 506; INTERNAL; 6; 9; 3; 1847
INTERNAL; 6; 9; 3; 1847; INTERNAL; 2; 8; 6; 5511
INTERNAL; 6; 9; 3; 1847; INTERNAL; 2; 5; 3; 6368
INTERNAL; 6; 9; 3; 1847; INTERNAL; 3; 8; 5; 4104
INTERNAL; 3; 8; 5; 4104; INTERNAL; 2; 7; 5; 6180
INTERNAL; 6; 9; 3; 1847; INTERNAL; 5; 8; 3; 504
INTERNAL; 5; 8; 3; 504; INTERNAL; 2; 7; 5; 526
INTERNAL; 2; 7; 5; 526; INPUT; 1; 5; 4; 2802
INTERNAL; 2; 7; 5; 526; INPUT; 1; 5; 4; 5009
INTERNAL; 2; 7; 5; 526; INPUT; 1; 5; 4; 5249
INTERNAL; 5; 8; 3; 504; INTERNAL; 4; 7; 3; 503
INTERNAL; 5; 8; 3; 504; INTERNAL; 2; 7; 5; 1995
INTERNAL; 7; 10; 3; 506; INTERNAL; 3; 9; 6; 4350
INTERNAL; 3; 9; 6; 4350; INTERNAL; 2; 5; 3; 4267
INTERNAL; 2; 5; 3; 4267; INPUT; 1; 3; 2; 5623
INTERNAL; 8; 11; 3; 3035; INTERNAL; 6; 10; 4; 936
INTERNAL; 6; 10; 4; 936; INTERNAL; 4; 9; 5; 501
INTERNAL; 4; 9; 5; 501; INTERNAL; 2; 6; 4; 7092
INTERNAL; 4; 9; 5; 501; INTERNAL; 3; 8; 5; 751
INTERNAL; 3; 8; 5; 751; INTERNAL; 2; 7; 5; 934
INTERNAL; 4; 9; 5; 501; INTERNAL; 3; 8; 5; 498
INTERNAL; 4; 9; 5; 501; INTERNAL; 3; 8; 5; 7255
INTERNAL; 3; 8; 5; 7255; INTERNAL; 2; 7; 5; 3696
INTERNAL; 6; 10; 4; 936; INTERNAL; 4; 9; 5; 502
INTERNAL; 4; 9; 5; 502; INTERNAL; 2; 7; 5; 7393
INTERNAL; 4; 9; 5; 502; INTERNAL; 3; 8; 5; 499
INTERNAL; 3; 8; 5; 499; INTERNAL; 2; 7; 5; 2528
INTERNAL; 4; 9; 5; 502; INTERNAL; 2; 7; 5; 4601
INTERNAL; 6; 10; 4; 936; INTERNAL; 2; 7; 5; 6784
INTERNAL; 6; 10; 4; 936; INTERNAL; 5; 9; 4; 640
INTERNAL; 5; 9; 4; 640; INTERNAL; 2; 6; 4; 3804
INTERNAL; 5; 9; 4; 640; INTERNAL; 4; 8; 4; 500
INTERNAL; 10; 13; 3; 433; INTERNAL; 9; 12; 3; 987
INTERNAL; 9; 12; 3; 987; INTERNAL; 8; 11; 3; 4877
INTERNAL; 9; 12; 3; 987; INTERNAL; 8; 11; 3; 516
INTERNAL; 9; 12; 3; 987; INTERNAL; 7; 11; 4; 515
INTERNAL; 7; 11; 4; 515; INTERNAL; 6; 10; 4; 610
INTERNAL; 6; 10; 4; 610; INTERNAL; 5; 9; 4; 3601
INTERNAL; 5; 9; 4; 3601; INTERNAL; 4; 8; 4; 8054
INTERNAL; 5; 9; 4; 3601; INTERNAL; 4; 8; 4; 606
INTERNAL; 5; 9; 4; 3601; INTERNAL; 4; 8; 4; 5968
INTERNAL; 6; 10; 4; 610; INTERNAL; 3; 9; 6; 4774
INTERNAL; 6; 10; 4; 610; INTERNAL; 4; 9; 5; 608
INTERNAL; 4; 9; 5; 608; INTERNAL; 3; 8; 5; 599
INTERNAL; 7; 11; 4; 515; INTERNAL; 5; 10; 5; 609
INTERNAL; 5; 10; 5; 609; INTERNAL; 4; 9; 5; 2042
INTERNAL; 5; 10; 5; 609; INTERNAL; 4; 9; 5; 7609
INTERNAL; 5; 10; 5; 609; INTERNAL; 4; 9; 5; 2247
INTERNAL; 4; 9; 5; 2247; INTERNAL; 3; 8; 5; 596
INTERNAL; 4; 9; 5; 2247; INTERNAL; 2; 6; 4; 2269
INTERNAL; 11; 14; 3; 4685; INTERNAL; 10; 13; 3; 432
INTERNAL; 10; 13; 3; 432; INTERNAL; 9; 12; 3; 517
INTERNAL; 10; 13; 3; 432; INTERNAL; 9; 12; 3; 518
INTERNAL; 10; 13; 3; 432; INTERNAL; 8; 12; 4; 588
INTERNAL; 8; 12; 4; 588; INTERNAL; 7; 11; 4; 1720
INTERNAL; 8; 12; 4; 588; INTERNAL; 7; 11; 4; 630
INTERNAL; 8; 12; 4; 588; INTERNAL; 6; 11; 5; 2640
INTERNAL; 6; 11; 5; 2640; INTERNAL; 3; 10; 7; 6105
INTERNAL; 3; 10; 7; 6105; INTERNAL; 2; 9; 7; 585
INTERNAL; 3; 10; 7; 6105; INTERNAL; 2; 4; 2; 3727
INTERNAL; 3; 10; 7; 6105; INTERNAL; 2; 7; 5; 4986
INTERNAL; 6; 11; 5; 2640; INTERNAL; 5; 10; 5; 2969
INTERNAL; 5; 10; 5; 2969; INTERNAL; 3; 9; 6; 587
INTERNAL; 5; 10; 5; 2969; INTERNAL; 4; 9; 5; 8036
INTERNAL; 4; 9; 5; 8036; INTERNAL; 3; 8; 5; 586
INTERNAL; 12; 17; 5; 407; INTERNAL; 11; 14; 3; 3609
INTERNAL; 11; 14; 3; 3609; INTERNAL; 10; 13; 3; 1319
INTERNAL; 10; 13; 3; 1319; INTERNAL; 9; 12; 3; 665
INTERNAL; 9; 12; 3; 665; INTERNAL; 5; 11; 6; 1532
INTERNAL; 5; 11; 6; 1532; INTERNAL; 4; 10; 6; 6789
INTERNAL; 4; 10; 6; 6789; INTERNAL; 3; 9; 6; 632
INTERNAL; 3; 9; 6; 632; INTERNAL; 2; 6; 4; 2731
INTERNAL; 4; 10; 6; 6789; INTERNAL; 2; 7; 5; 7343
INTERNAL; 5; 11; 6; 1532; INTERNAL; 4; 10; 6; 2527
INTERNAL; 4; 10; 6; 2527; INTERNAL; 3; 9; 6; 634
INTERNAL; 3; 9; 6; 634; INPUT; 1; 4; 3; 5223
INTERNAL; 3; 9; 6; 634; INPUT; 1; 4; 3; 2739
INTERNAL; 4; 10; 6; 2527; INTERNAL; 3; 9; 6; 633
INTERNAL; 3; 9; 6; 633; INTERNAL; 2; 7; 5; 7460
INTERNAL; 3; 9; 6; 633; INPUT; 1; 3; 2; 3250
INTERNAL; 3; 9; 6; 633; INPUT; 1; 3; 2; 3254
INTERNAL; 5; 11; 6; 1532; INTERNAL; 4; 10; 6; 635
INTERNAL; 4; 10; 6; 635; INTERNAL; 2; 8; 6; 1495
INTERNAL; 4; 10; 6; 635; INTERNAL; 3; 7; 4; 4139
INTERNAL; 3; 7; 4; 4139; INPUT; 1; 3; 2; 5045
INTERNAL; 3; 7; 4; 4139; INPUT; 1; 3; 2; 5151
INTERNAL; 4; 10; 6; 635; INTERNAL; 3; 9; 6; 4087
INTERNAL; 5; 11; 6; 1532; INTERNAL; 3; 10; 7; 7117
INTERNAL; 3; 10; 7; 7117; INTERNAL; 2; 9; 7; 631
INTERNAL; 3; 10; 7; 7117; INTERNAL; 2; 6; 4; 2154
INTERNAL; 9; 12; 3; 665; INTERNAL; 8; 11; 3; 6941
INTERNAL; 9; 12; 3; 665; INTERNAL; 6; 11; 5; 662
INTERNAL; 6; 11; 5; 662; INTERNAL; 4; 10; 6; 5109
INTERNAL; 4; 10; 6; 5109; INTERNAL; 2; 9; 7; 4936
INTERNAL; 4; 10; 6; 5109; INTERNAL; 2; 6; 4; 1672
INTERNAL; 4; 10; 6; 5109; INTERNAL; 3; 9; 6; 2559
INTERNAL; 4; 10; 6; 5109; INTERNAL; 2; 6; 4; 5134
INTERNAL; 6; 11; 5; 662; INTERNAL; 5; 10; 5; 2957
INTERNAL; 5; 10; 5; 2957; INTERNAL; 2; 9; 7; 4864
INTERNAL; 5; 10; 5; 2957; INTERNAL; 4; 9; 5; 2295
INTERNAL; 4; 9; 5; 2295; INTERNAL; 2; 7; 5; 8049
INTERNAL; 2; 7; 5; 8049; INPUT; 1; 5; 4; 3097
INTERNAL; 2; 7; 5; 8049; INPUT; 1; 5; 4; 2862
INTERNAL; 2; 7; 5; 8049; INPUT; 1; 5; 4; 3092
INTERNAL; 2; 7; 5; 8049; INPUT; 1; 5; 4; 4776
INTERNAL; 6; 11; 5; 662; INTERNAL; 2; 5; 3; 6944
INTERNAL; 10; 13; 3; 1319; INTERNAL; 6; 12; 6; 3502
INTERNAL; 6; 12; 6; 3502; INTERNAL; 3; 11; 8; 584
INTERNAL; 3; 11; 8; 584; INTERNAL; 2; 10; 8; 4159
INTERNAL; 3; 11; 8; 584; INTERNAL; 2; 6; 4; 7445
INTERNAL; 6; 12; 6; 3502; INTERNAL; 5; 11; 6; 583
INTERNAL; 5; 11; 6; 583; INTERNAL; 4; 10; 6; 581
INTERNAL; 5; 11; 6; 583; INTERNAL; 3; 6; 3; 5656
INTERNAL; 6; 12; 6; 3502; INTERNAL; 3; 11; 8; 582
INTERNAL; 3; 11; 8; 582; INTERNAL; 2; 8; 6; 860
INTERNAL; 10; 13; 3; 1319; INTERNAL; 8; 12; 4; 663
INTERNAL; 11; 14; 3; 3609; INTERNAL; 10; 13; 3; 520
INTERNAL; 11; 14; 3; 3609; INTERNAL; 10; 13; 3; 519
INTERNAL; 10; 13; 3; 519; INTERNAL; 8; 12; 4; 472
INTERNAL; 8; 12; 4; 472; INTERNAL; 6; 11; 5; 579
INTERNAL; 8; 12; 4; 472; INTERNAL; 5; 11; 6; 578
INTERNAL; 5; 11; 6; 578; INTERNAL; 4; 10; 6; 6249
INTERNAL; 4; 10; 6; 6249; INTERNAL; 3; 9; 6; 1500
INTERNAL; 3; 9; 6; 1500; INTERNAL; 2; 7; 5; 3170
INTERNAL; 3; 9; 6; 1500; INTERNAL; 2; 8; 6; 545
INTERNAL; 4; 10; 6; 6249; INTERNAL; 2; 7; 5; 7085
INTERNAL; 4; 10; 6; 6249; INTERNAL; 3; 9; 6; 4092
INTERNAL; 3; 9; 6; 4092; INTERNAL; 2; 8; 6; 1157
INTERNAL; 5; 11; 6; 578; INTERNAL; 4; 10; 6; 547
INTERNAL; 4; 10; 6; 547; INTERNAL; 3; 9; 6; 544
INTERNAL; 4; 10; 6; 547; INTERNAL; 2; 7; 5; 2361
INTERNAL; 4; 10; 6; 547; INTERNAL; 2; 8; 6; 2016
INTERNAL; 5; 11; 6; 578; INTERNAL; 3; 10; 7; 548
INTERNAL; 3; 10; 7; 548; INPUT; 1; 5; 4; 2536
INTERNAL; 3; 10; 7; 548; INTERNAL; 2; 7; 5; 5435
INTERNAL; 3; 10; 7; 548; INPUT; 1; 5; 4; 3851
INTERNAL; 8; 12; 4; 472; INTERNAL; 7; 11; 4; 3913
INTERNAL; 7; 11; 4; 3913; INTERNAL; 5; 10; 5; 999
INTERNAL; 5; 10; 5; 999; INTERNAL; 4; 9; 5; 571
INTERNAL; 4; 9; 5; 571; INTERNAL; 3; 8; 5; 569
INTERNAL; 3; 8; 5; 569; INPUT; 1; 6; 5; 3437
INTERNAL; 3; 8; 5; 569; INPUT; 1; 6; 5; 5288
INTERNAL; 3; 8; 5; 569; INPUT; 1; 6; 5; 2685
INTERNAL; 4; 9; 5; 571; INTERNAL; 3; 8; 5; 568
INTERNAL; 4; 9; 5; 571; INTERNAL; 2; 6; 4; 5227
INTERNAL; 5; 10; 5; 999; INTERNAL; 4; 9; 5; 5486
INTERNAL; 4; 9; 5; 5486; INTERNAL; 3; 8; 5; 570
INTERNAL; 4; 9; 5; 5486; INTERNAL; 2; 8; 6; 4739
INTERNAL; 4; 9; 5; 5486; INTERNAL; 2; 8; 6; 5221
INTERNAL; 4; 9; 5; 5486; INTERNAL; 2; 6; 4; 7914
INTERNAL; 4; 9; 5; 5486; INTERNAL; 2; 7; 5; 4498
INTERNAL; 5; 10; 5; 999; INTERNAL; 3; 9; 6; 7504
INTERNAL; 3; 9; 6; 7504; INTERNAL; 2; 8; 6; 7503
INTERNAL; 7; 11; 4; 3913; INTERNAL; 6; 10; 4; 735
INTERNAL; 6; 10; 4; 735; INTERNAL; 5; 9; 4; 575
INTERNAL; 5; 9; 4; 575; INTERNAL; 2; 7; 5; 5635
INTERNAL; 5; 9; 4; 575; INTERNAL; 4; 8; 4; 573
INTERNAL; 4; 8; 4; 573; INTERNAL; 3; 7; 4; 572
INTERNAL; 3; 7; 4; 572; INTERNAL; 2; 6; 4; 2200
INTERNAL; 3; 7; 4; 572; INTERNAL; 2; 6; 4; 5364
INTERNAL; 4; 8; 4; 573; INTERNAL; 2; 7; 5; 4948
INTERNAL; 6; 10; 4; 735; INTERNAL; 5; 9; 4; 2039
INTERNAL; 5; 9; 4; 2039; INTERNAL; 2; 7; 5; 7293
INTERNAL; 5; 9; 4; 2039; INTERNAL; 3; 8; 5; 892
INTERNAL; 3; 8; 5; 892; INPUT; 1; 4; 3; 5183
INTERNAL; 3; 8; 5; 892; INPUT; 1; 5; 4; 2363
INTERNAL; 3; 8; 5; 892; INTERNAL; 2; 5; 3; 6562
INTERNAL; 2; 5; 3; 6562; INPUT; 1; 4; 3; 3411
INTERNAL; 2; 5; 3; 6562; INPUT; 1; 4; 3; 4659
INTERNAL; 5; 9; 4; 2039; INTERNAL; 4; 8; 4; 1834
INTERNAL; 4; 8; 4; 1834; INTERNAL; 3; 7; 4; 574
INTERNAL; 3; 7; 4; 574; INTERNAL; 2; 6; 4; 1986
INTERNAL; 4; 8; 4; 1834; INTERNAL; 2; 5; 3; 7944
INTERNAL; 4; 8; 4; 1834; INTERNAL; 2; 7; 5; 2186
INTERNAL; 7; 11; 4; 3913; INTERNAL; 5; 10; 5; 576
INTERNAL; 5; 10; 5; 576; INTERNAL; 4; 9; 5; 567
INTERNAL; 4; 9; 5; 567; INTERNAL; 3; 8; 5; 565
INTERNAL; 3; 8; 5; 565; INTERNAL; 2; 6; 4; 1571
INTERNAL; 3; 8; 5; 565; INTERNAL; 2; 7; 5; 1976
INTERNAL; 4; 9; 5; 567; INTERNAL; 3; 8; 5; 564
INTERNAL; 5; 10; 5; 576; INTERNAL; 4; 9; 5; 566
INTERNAL; 4; 9; 5; 566; INTERNAL; 2; 8; 6; 942
INTERNAL; 4; 9; 5; 566; INTERNAL; 2; 8; 6; 1607
INTERNAL; 5; 10; 5; 576; INTERNAL; 3; 9; 6; 3218
INTERNAL; 3; 9; 6; 3218; INTERNAL; 2; 8; 6; 841
INTERNAL; 3; 9; 6; 3218; INTERNAL; 2; 8; 6; 7363
INTERNAL; 3; 9; 6; 3218; INTERNAL; 2; 8; 6; 8362
INTERNAL; 10; 13; 3; 519; INTERNAL; 9; 12; 3; 3298
INTERNAL; 10; 13; 3; 519; INTERNAL; 8; 12; 4; 473
INTERNAL; 12; 17; 5; 407; INTERNAL; 11; 14; 3; 6253
INTERNAL; 11; 14; 3; 6253; INTERNAL; 10; 13; 3; 434
INTERNAL; 11; 14; 3; 6253; INTERNAL; 7; 13; 6; 3738
INTERNAL; 11; 14; 3; 6253; INTERNAL; 8; 13; 5; 1263
INTERNAL; 8; 13; 5; 1263; INTERNAL; 5; 12; 7; 5348
INTERNAL; 5; 12; 7; 5348; INTERNAL; 2; 11; 9; 533
INTERNAL; 5; 12; 7; 5348; INTERNAL; 4; 11; 7; 534
INTERNAL; 4; 11; 7; 534; INTERNAL; 2; 10; 8; 7791
INTERNAL; 4; 11; 7; 534; INTERNAL; 2; 6; 4; 3820
INTERNAL; 4; 11; 7; 534; INTERNAL; 3; 10; 7; 532
INTERNAL; 3; 10; 7; 532; INTERNAL; 2; 8; 6; 7616
INTERNAL; 5; 12; 7; 5348; INTERNAL; 3; 10; 7; 4926
INTERNAL; 3; 10; 7; 4926; INTERNAL; 2; 6; 4; 4095
INTERNAL; 3; 10; 7; 4926; INTERNAL; 2; 6; 4; 6713
INTERNAL; 5; 12; 7; 5348; INTERNAL; 4; 11; 7; 536
INTERNAL; 4; 11; 7; 536; INTERNAL; 2; 10; 8; 6739
INTERNAL; 4; 11; 7; 536; INTERNAL; 3; 10; 7; 2369
INTERNAL; 4; 11; 7; 536; INTERNAL; 2; 10; 8; 531
INTERNAL; 2; 10; 8; 531; INPUT; 1; 5; 4; 5204
INTERNAL; 4; 11; 7; 536; INTERNAL; 2; 6; 4; 6479
INTERNAL; 5; 12; 7; 5348; INTERNAL; 3; 11; 8; 461
INTERNAL; 3; 11; 8; 461; INTERNAL; 2; 8; 6; 869
INTERNAL; 8; 13; 5; 1263; INTERNAL; 7; 12; 5; 463
INTERNAL; 8; 13; 5; 1263; INTERNAL; 7; 12; 5; 2826
INTERNAL; 7; 12; 5; 2826; INTERNAL; 4; 11; 7; 462
INTERNAL; 13; 18; 5; 676; INTERNAL; 12; 17; 5; 406
INTERNAL; 12; 17; 5; 406; INTERNAL; 11; 16; 5; 5782
INTERNAL; 11; 16; 5; 5782; INTERNAL; 9; 15; 6; 4452
INTERNAL; 11; 16; 5; 5782; INTERNAL; 10; 15; 5; 4473
INTERNAL; 10; 15; 5; 4473; INTERNAL; 7; 14; 7; 3551
INTERNAL; 10; 15; 5; 4473; INTERNAL; 6; 14; 8; 402
INTERNAL; 10; 15; 5; 4473; INTERNAL; 9; 14; 5; 403
INTERNAL; 11; 16; 5; 5782; INTERNAL; 10; 15; 5; 404
INTERNAL; 12; 17; 5; 406; INTERNAL; 11; 16; 5; 2669
INTERNAL; 12; 17; 5; 406; INTERNAL; 10; 16; 6; 405
INTERNAL; 13; 18; 5; 676; INTERNAL; 11; 17; 6; 5283
INTERNAL; 16; 19; 3; 679; INTERNAL; 14; 18; 4; 677
INTERNAL; 14; 18; 4; 677; INTERNAL; 13; 16; 3; 2268
INTERNAL; 13; 16; 3; 2268; INTERNAL; 12; 15; 3; 4041
INTERNAL; 12; 15; 3; 4041; INTERNAL; 11; 14; 3; 670
INTERNAL; 12; 15; 3; 4041; INTERNAL; 11; 14; 3; 671
INTERNAL; 11; 14; 3; 671; INTERNAL; 10; 13; 3; 667
INTERNAL; 11; 14; 3; 671; INTERNAL; 6; 13; 7; 666
INTERNAL; 6; 13; 7; 666; INTERNAL; 5; 12; 7; 527
INTERNAL; 5; 12; 7; 527; INTERNAL; 4; 11; 7; 525
INTERNAL; 4; 11; 7; 525; INTERNAL; 3; 5; 2; 3537
INTERNAL; 3; 5; 2; 3537; INTERNAL; 2; 4; 2; 7690
INTERNAL; 2; 4; 2; 7690; INPUT; 1; 3; 2; 4404
INTERNAL; 2; 4; 2; 7690; INPUT; 1; 3; 2; 2046
INTERNAL; 3; 5; 2; 3537; INPUT; 1; 4; 3; 4635
INTERNAL; 3; 5; 2; 3537; INPUT; 1; 4; 3; 2789
INTERNAL; 5; 12; 7; 527; INTERNAL; 3; 11; 8; 6836
INTERNAL; 5; 12; 7; 527; INTERNAL; 3; 11; 8; 1110
INTERNAL; 3; 11; 8; 1110; INTERNAL; 2; 10; 8; 8044
INTERNAL; 3; 11; 8; 1110; INTERNAL; 2; 5; 3; 3265
INTERNAL; 2; 5; 3; 3265; INPUT; 1; 4; 3; 4714
INTERNAL; 2; 5; 3; 3265; INPUT; 1; 4; 3; 5195
INTERNAL; 2; 5; 3; 3265; INPUT; 1; 4; 3; 5317
INTERNAL; 2; 5; 3; 3265; INPUT; 1; 4; 3; 3429
INTERNAL; 3; 11; 8; 1110; INTERNAL; 2; 7; 5; 2723
INTERNAL; 6; 13; 7; 666; INTERNAL; 4; 12; 8; 528
INTERNAL; 4; 12; 8; 528; INPUT; 1; 3; 2; 4923
INTERNAL; 4; 12; 8; 528; INPUT; 1; 4; 3; 5418
INTERNAL; 4; 12; 8; 528; INTERNAL; 3; 11; 8; 522
INTERNAL; 3; 11; 8; 522; INTERNAL; 2; 7; 5; 8152
INTERNAL; 3; 11; 8; 522; INTERNAL; 2; 10; 8; 521
INTERNAL; 4; 12; 8; 528; INPUT; 1; 4; 3; 3452
INTERNAL; 4; 12; 8; 528; INTERNAL; 3; 11; 8; 523
INTERNAL; 4; 12; 8; 528; INPUT; 1; 3; 2; 3782
INTERNAL; 6; 13; 7; 666; INTERNAL; 3; 12; 9; 530
INTERNAL; 3; 12; 9; 530; INTERNAL; 2; 4; 2; 4820
INTERNAL; 11; 14; 3; 671; INTERNAL; 9; 13; 4; 3433
INTERNAL; 9; 13; 4; 3433; INTERNAL; 5; 12; 7; 5150
INTERNAL; 5; 12; 7; 5150; INTERNAL; 4; 11; 7; 7300
INTERNAL; 4; 11; 7; 7300; INTERNAL; 3; 8; 5; 1526
INTERNAL; 5; 12; 7; 5150; INTERNAL; 3; 11; 8; 535
INTERNAL; 3; 11; 8; 535; INTERNAL; 2; 7; 5; 7594
INTERNAL; 9; 13; 4; 3433; INTERNAL; 6; 12; 6; 580
INTERNAL; 6; 12; 6; 580; INTERNAL; 5; 11; 6; 540
INTERNAL; 5; 11; 6; 540; INTERNAL; 4; 10; 6; 539
INTERNAL; 4; 10; 6; 539; INTERNAL; 2; 9; 7; 537
INTERNAL; 4; 10; 6; 539; INTERNAL; 2; 9; 7; 7165
INTERNAL; 5; 11; 6; 540; INTERNAL; 3; 10; 7; 538
INTERNAL; 3; 10; 7; 538; INTERNAL; 2; 9; 7; 4968
INTERNAL; 6; 12; 6; 580; INTERNAL; 4; 11; 7; 1671
INTERNAL; 4; 11; 7; 1671; INTERNAL; 3; 10; 7; 1265
INTERNAL; 3; 10; 7; 1265; INPUT; 1; 4; 3; 6353
INTERNAL; 3; 10; 7; 1265; INPUT; 1; 2; 1; 4716
INTERNAL; 4; 11; 7; 1671; INTERNAL; 2; 4; 2; 4803
INTERNAL; 2; 4; 2; 4803; INPUT; 1; 3; 2; 3344
INTERNAL; 2; 4; 2; 4803; INPUT; 1; 3; 2; 4777
INTERNAL; 2; 4; 2; 4803; INPUT; 1; 3; 2; 3445
INTERNAL; 6; 12; 6; 580; INTERNAL; 4; 11; 7; 542
INTERNAL; 4; 11; 7; 542; INTERNAL; 2; 6; 4; 3889
INTERNAL; 4; 11; 7; 542; INTERNAL; 2; 4; 2; 5003
INTERNAL; 2; 4; 2; 5003; INPUT; 1; 3; 2; 4830
INTERNAL; 4; 11; 7; 542; INTERNAL; 2; 10; 8; 819
INTERNAL; 2; 10; 8; 819; INPUT; 1; 6; 5; 3761
INTERNAL; 6; 12; 6; 580; INTERNAL; 3; 11; 8; 543
INTERNAL; 3; 11; 8; 543; INTERNAL; 2; 7; 5; 3855
INTERNAL; 9; 13; 4; 3433; INTERNAL; 8; 12; 4; 994
INTERNAL; 12; 15; 3; 4041; INTERNAL; 10; 14; 4; 668
INTERNAL; 10; 14; 4; 668; INTERNAL; 7; 13; 6; 7720
INTERNAL; 7; 13; 6; 7720; INTERNAL; 6; 12; 6; 460
INTERNAL; 6; 12; 6; 460; INTERNAL; 2; 5; 3; 7002
INTERNAL; 6; 12; 6; 460; INTERNAL; 4; 11; 7; 7700
INTERNAL; 4; 11; 7; 7700; INTERNAL; 3; 9; 6; 1214
INTERNAL; 6; 12; 6; 460; INTERNAL; 5; 11; 6; 4670
INTERNAL; 5; 11; 6; 4670; INTERNAL; 4; 10; 6; 458
INTERNAL; 4; 10; 6; 458; INTERNAL; 3; 9; 6; 7763
INTERNAL; 3; 9; 6; 7763; INTERNAL; 2; 4; 2; 5048
INTERNAL; 6; 12; 6; 460; INTERNAL; 5; 11; 6; 848
INTERNAL; 5; 11; 6; 848; INTERNAL; 4; 10; 6; 7973
INTERNAL; 4; 10; 6; 7973; INTERNAL; 2; 7; 5; 7610
INTERNAL; 4; 10; 6; 7973; INTERNAL; 3; 6; 3; 6887
INTERNAL; 3; 6; 3; 6887; INTERNAL; 2; 3; 1; 5266
INTERNAL; 4; 10; 6; 7973; INTERNAL; 2; 9; 7; 8051
INTERNAL; 5; 11; 6; 848; INTERNAL; 2; 7; 5; 905
INTERNAL; 7; 13; 6; 7720; INTERNAL; 6; 12; 6; 1090
INTERNAL; 6; 12; 6; 1090; INTERNAL; 2; 10; 8; 457
INTERNAL; 6; 12; 6; 1090; INTERNAL; 5; 11; 6; 456
INTERNAL; 5; 11; 6; 456; INTERNAL; 4; 10; 6; 7008
INTERNAL; 4; 10; 6; 7008; INTERNAL; 3; 9; 6; 3152
INTERNAL; 5; 11; 6; 456; INTERNAL; 2; 6; 4; 4335
INTERNAL; 5; 11; 6; 456; INTERNAL; 4; 10; 6; 4821
INTERNAL; 4; 10; 6; 4821; INTERNAL; 3; 9; 6; 4315
INTERNAL; 5; 11; 6; 456; INTERNAL; 3; 10; 7; 455
INTERNAL; 3; 10; 7; 455; INTERNAL; 2; 9; 7; 3301
INTERNAL; 3; 10; 7; 455; INTERNAL; 2; 5; 3; 4076
INTERNAL; 7; 13; 6; 7720; INTERNAL; 5; 12; 7; 459
INTERNAL; 5; 12; 7; 459; INTERNAL; 4; 11; 7; 451
INTERNAL; 4; 11; 7; 451; INTERNAL; 3; 10; 7; 4466
INTERNAL; 3; 10; 7; 4466; INTERNAL; 2; 7; 5; 1572
INTERNAL; 5; 12; 7; 459; INTERNAL; 2; 5; 3; 2679
INTERNAL; 5; 12; 7; 459; INTERNAL; 4; 11; 7; 454
INTERNAL; 4; 11; 7; 454; INTERNAL; 2; 7; 5; 7588
INTERNAL; 5; 12; 7; 459; INTERNAL; 4; 11; 7; 918
INTERNAL; 4; 11; 7; 918; INTERNAL; 2; 8; 6; 7487
INTERNAL; 4; 11; 7; 918; INTERNAL; 2; 6; 4; 6270
INTERNAL; 4; 11; 7; 918; INTERNAL; 3; 10; 7; 450
INTERNAL; 3; 10; 7; 450; INPUT; 1; 5; 4; 1875
INTERNAL; 3; 10; 7; 450; INPUT; 1; 9; 8; 449
INTERNAL; 3; 10; 7; 450; INPUT; 1; 5; 4; 1876
INTERNAL; 3; 10; 7; 450; INPUT; 1; 5; 4; 1877
INTERNAL; 5; 12; 7; 459; INTERNAL; 3; 11; 8; 3929
INTERNAL; 3; 11; 8; 3929; INTERNAL; 2; 4; 2; 2102
INTERNAL; 3; 11; 8; 3929; INTERNAL; 2; 7; 5; 6042
INTERNAL; 3; 11; 8; 3929; INTERNAL; 2; 6; 4; 6557
INTERNAL; 10; 14; 4; 668; INTERNAL; 8; 13; 5; 6269
INTERNAL; 10; 14; 4; 668; INTERNAL; 9; 13; 4; 4677
INTERNAL; 13; 16; 3; 2268; INTERNAL; 12; 15; 3; 673
INTERNAL; 12; 15; 3; 673; INTERNAL; 11; 14; 3; 448
INTERNAL; 12; 15; 3; 673; INTERNAL; 6; 14; 8; 6017
INTERNAL; 6; 14; 8; 6017; INTERNAL; 5; 13; 8; 438
INTERNAL; 5; 13; 8; 438; INTERNAL; 4; 12; 8; 7289
INTERNAL; 4; 12; 8; 7289; INTERNAL; 3; 11; 8; 5357
INTERNAL; 5; 13; 8; 438; INTERNAL; 3; 12; 9; 1470
INTERNAL; 6; 14; 8; 6017; INTERNAL; 4; 13; 9; 1966
INTERNAL; 4; 13; 9; 1966; INTERNAL; 3; 12; 9; 437
INTERNAL; 12; 15; 3; 673; INTERNAL; 8; 14; 6; 447
INTERNAL; 8; 14; 6; 447; INTERNAL; 4; 13; 9; 2822
INTERNAL; 4; 13; 9; 2822; INTERNAL; 2; 8; 6; 8337
INTERNAL; 4; 13; 9; 2822; INTERNAL; 3; 12; 9; 440
INTERNAL; 4; 13; 9; 2822; INTERNAL; 3; 12; 9; 988
INTERNAL; 4; 13; 9; 2822; INTERNAL; 3; 12; 9; 441
INTERNAL; 3; 12; 9; 441; INTERNAL; 2; 7; 5; 7429
INTERNAL; 2; 7; 5; 7429; INPUT; 1; 5; 4; 6459
INTERNAL; 8; 14; 6; 447; INTERNAL; 5; 13; 8; 1256
INTERNAL; 5; 13; 8; 1256; INTERNAL; 4; 12; 8; 445
INTERNAL; 4; 12; 8; 445; INTERNAL; 3; 11; 8; 444
INTERNAL; 3; 11; 8; 444; INTERNAL; 2; 10; 8; 442
INTERNAL; 2; 10; 8; 442; INPUT; 1; 5; 4; 5601
INTERNAL; 2; 10; 8; 442; INPUT; 1; 5; 4; 5037
INTERNAL; 4; 12; 8; 445; INTERNAL; 2; 7; 5; 7744
INTERNAL; 4; 12; 8; 445; INTERNAL; 3; 11; 8; 2728
INTERNAL; 3; 11; 8; 2728; INTERNAL; 2; 10; 8; 6828
INTERNAL; 3; 11; 8; 2728; INTERNAL; 2; 8; 6; 2015
INTERNAL; 4; 12; 8; 445; INTERNAL; 3; 11; 8; 443
INTERNAL; 5; 13; 8; 1256; INTERNAL; 3; 12; 9; 2611
INTERNAL; 8; 14; 6; 447; INTERNAL; 7; 13; 6; 446
INTERNAL; 13; 16; 3; 2268; INTERNAL; 8; 15; 7; 672
INTERNAL; 14; 18; 4; 677; INTERNAL; 13; 16; 3; 674
INTERNAL; 13; 16; 3; 674; INTERNAL; 12; 15; 3; 436
INTERNAL; 13; 16; 3; 674; INTERNAL; 10; 15; 5; 435
INTERNAL; 13; 16; 3; 674; INTERNAL; 12; 15; 3; 4236
INTERNAL; 16; 19; 3; 679; INTERNAL; 13; 18; 5; 2748
INTERNAL; 16; 19; 3; 679; INTERNAL; 15; 18; 3; 8067
INTERNAL; 15; 18; 3; 8067; INTERNAL; 14; 17; 3; 7306
INTERNAL; 15; 18; 3; 8067; INTERNAL; 14; 17; 3; 675
INTERNAL; 14; 17; 3; 675; INTERNAL; 13; 16; 3; 413
INTERNAL; 14; 17; 3; 675; INTERNAL; 13; 16; 3; 3511
INTERNAL; 13; 16; 3; 3511; INTERNAL; 12; 15; 3; 6878
INTERNAL; 13; 16; 3; 3511; INTERNAL; 6; 15; 9; 1002
INTERNAL; 6; 15; 9; 1002; INTERNAL; 3; 14; 11; 410
INTERNAL; 6; 15; 9; 1002; INTERNAL; 5; 14; 9; 4365
INTERNAL; 5; 14; 9; 4365; INTERNAL; 4; 13; 9; 409
INTERNAL; 6; 15; 9; 1002; INTERNAL; 4; 14; 10; 2393
INTERNAL; 4; 14; 10; 2393; INTERNAL; 3; 13; 10; 3304
INTERNAL; 13; 16; 3; 3511; INTERNAL; 7; 15; 8; 6673
INTERNAL; 7; 15; 8; 6673; INTERNAL; 4; 14; 10; 6229
INTERNAL; 4; 14; 10; 6229; INTERNAL; 3; 13; 10; 7021
INTERNAL; 3; 13; 10; 7021; INTERNAL; 2; 8; 6; 966
INTERNAL; 4; 14; 10; 6229; INTERNAL; 3; 13; 10; 2602
INTERNAL; 7; 15; 8; 6673; INTERNAL; 3; 14; 11; 412
INTERNAL; 7; 15; 8; 6673; INTERNAL; 6; 14; 8; 2888
INTERNAL; 6; 14; 8; 2888; INTERNAL; 3; 13; 10; 4036
INTERNAL; 6; 14; 8; 2888; INTERNAL; 5; 13; 8; 411
INTERNAL; 5; 13; 8; 411; INTERNAL; 4; 12; 8; 3700
INTERNAL; 17; 20; 3; 7870; INTERNAL; 14; 19; 5; 678
INTERNAL; 14; 19; 5; 678; INTERNAL; 13; 18; 5; 2476
INTERNAL; 14; 19; 5; 678; INTERNAL; 13; 18; 5; 401
INTERNAL; 13; 18; 5; 401; INTERNAL; 12; 17; 5; 7211
INTERNAL; 12; 17; 5; 7211; INTERNAL; 10; 16; 6; 399
INTERNAL; 12; 17; 5; 7211; INTERNAL; 11; 16; 5; 5101
INTERNAL; 13; 18; 5; 401; INTERNAL; 12; 17; 5; 400
INTERNAL; 18; 21; 3; 681; INTERNAL; 12; 20; 8; 394
INTERNAL; 18; 21; 3; 681; INTERNAL; 13; 20; 7; 395
INTERNAL; 18; 21; 3; 681; INTERNAL; 14; 20; 6; 393
INTERNAL; 21; 23; 2; 4106; INTERNAL; 20; 20; 0; 4245
INTERNAL; 21; 23; 2; 4106; INTERNAL; 18; 21; 3; 682
INTERNAL; 21; 23; 2; 4106; INTERNAL; 19; 22; 3; 6494
INTERNAL; 19; 22; 3; 6494; INTERNAL; 16; 19; 3; 6744
INTERNAL; 19; 22; 3; 6494; INTERNAL; 17; 21; 4; 5578
INTERNAL; 17; 21; 4; 5578; INTERNAL; 15; 19; 4; 2241
INTERNAL; 17; 21; 4; 5578; INTERNAL; 14; 18; 4; 398
INTERNAL; 17; 21; 4; 5578; INTERNAL; 13; 18; 5; 396
INTERNAL; 19; 22; 3; 6494; INTERNAL; 17; 20; 3; 729
INTERNAL; 25; 25; 0; 4240; INTERNAL; 21; 23; 2; 4065
INTERNAL; 21; 23; 2; 4065; INTERNAL; 19; 22; 3; 392
INTERNAL; 19; 22; 3; 392; INTERNAL; 18; 21; 3; 390
INTERNAL; 18; 21; 3; 390; INTERNAL; 16; 20; 4; 828
INTERNAL; 25; 25; 0; 4240; INTERNAL; 21; 24; 3; 3918
INTERNAL; 21; 24; 3; 3918; INTERNAL; 19; 22; 3; 1036
INTERNAL; 19; 22; 3; 1036; INTERNAL; 12; 21; 9; 1030
INTERNAL; 12; 21; 9; 1030; INTERNAL; 11; 17; 6; 689
INTERNAL; 11; 17; 6; 689; INTERNAL; 10; 16; 6; 691
INTERNAL; 10; 16; 6; 691; INTERNAL; 6; 15; 9; 5697
INTERNAL; 6; 15; 9; 5697; INTERNAL; 4; 11; 7; 6380
INTERNAL; 4; 11; 7; 6380; INTERNAL; 2; 5; 3; 5406
INTERNAL; 4; 11; 7; 6380; INTERNAL; 2; 7; 5; 7554
INTERNAL; 4; 11; 7; 6380; INTERNAL; 3; 7; 4; 1005
INTERNAL; 3; 7; 4; 1005; INPUT; 1; 6; 5; 1004
INTERNAL; 6; 15; 9; 5697; INTERNAL; 3; 8; 5; 737
INTERNAL; 6; 15; 9; 5697; INTERNAL; 5; 11; 6; 696
INTERNAL; 5; 11; 6; 696; INTERNAL; 4; 10; 6; 6056
INTERNAL; 5; 11; 6; 696; INTERNAL; 2; 8; 6; 996
INTERNAL; 5; 11; 6; 696; INTERNAL; 4; 10; 6; 695
INTERNAL; 4; 10; 6; 695; INTERNAL; 2; 7; 5; 984
INTERNAL; 4; 10; 6; 695; INTERNAL; 2; 6; 4; 2557
INTERNAL; 4; 10; 6; 695; INTERNAL; 2; 5; 3; 4750
INTERNAL; 2; 5; 3; 4750; INPUT; 1; 3; 2; 4486
INTERNAL; 2; 5; 3; 4750; INPUT; 1; 3; 2; 5313
INTERNAL; 4; 10; 6; 695; INTERNAL; 3; 9; 6; 7874
INTERNAL; 3; 9; 6; 7874; INTERNAL; 2; 8; 6; 986
INTERNAL; 5; 11; 6; 696; INTERNAL; 4; 10; 6; 1032
INTERNAL; 5; 11; 6; 696; INTERNAL; 2; 8; 6; 997
INTERNAL; 2; 8; 6; 997; INPUT; 1; 7; 6; 990
INTERNAL; 2; 8; 6; 997; INPUT; 1; 7; 6; 991
INTERNAL; 2; 8; 6; 997; INPUT; 1; 7; 6; 5526
INTERNAL; 2; 8; 6; 997; INPUT; 1; 7; 6; 989
INTERNAL; 10; 16; 6; 691; INTERNAL; 9; 15; 6; 5303
INTERNAL; 9; 15; 6; 5303; INTERNAL; 6; 12; 6; 3038
INTERNAL; 9; 15; 6; 5303; INTERNAL; 8; 12; 4; 697
INTERNAL; 8; 12; 4; 697; INTERNAL; 7; 11; 4; 3418
INTERNAL; 7; 11; 4; 3418; INTERNAL; 6; 10; 4; 7714
INTERNAL; 6; 10; 4; 7714; INTERNAL; 2; 6; 4; 1633
INTERNAL; 6; 10; 4; 7714; INTERNAL; 4; 9; 5; 7920
INTERNAL; 4; 9; 5; 7920; INTERNAL; 2; 7; 5; 1147
INTERNAL; 6; 10; 4; 7714; INTERNAL; 2; 8; 6; 5654
INTERNAL; 6; 10; 4; 7714; INTERNAL; 5; 9; 4; 739
INTERNAL; 5; 9; 4; 739; INTERNAL; 2; 8; 6; 868
INTERNAL; 2; 8; 6; 868; INPUT; 1; 5; 4; 2998
INTERNAL; 2; 8; 6; 868; INPUT; 1; 5; 4; 7994
INTERNAL; 2; 8; 6; 868; INPUT; 1; 5; 4; 7996
INTERNAL; 5; 9; 4; 739; INTERNAL; 4; 8; 4; 738
INTERNAL; 4; 8; 4; 738; INPUT; 1; 5; 4; 6967
INTERNAL; 4; 8; 4; 738; INPUT; 1; 5; 4; 4909
INTERNAL; 5; 9; 4; 739; INPUT; 1; 5; 4; 7997
INTERNAL; 5; 9; 4; 739; INTERNAL; 3; 5; 2; 3950
INTERNAL; 7; 11; 4; 3418; INTERNAL; 3; 10; 7; 741
INTERNAL; 3; 10; 7; 741; INTERNAL; 2; 6; 4; 7355
INTERNAL; 7; 11; 4; 3418; INTERNAL; 3; 9; 6; 3315
INTERNAL; 7; 11; 4; 3418; INTERNAL; 5; 10; 5; 740
INTERNAL; 5; 10; 5; 740; INTERNAL; 4; 9; 5; 2255
INTERNAL; 4; 9; 5; 2255; INTERNAL; 2; 6; 4; 3323
INTERNAL; 8; 12; 4; 697; INTERNAL; 6; 11; 5; 742
INTERNAL; 6; 11; 5; 742; INTERNAL; 4; 10; 6; 734
INTERNAL; 4; 10; 6; 734; INTERNAL; 3; 9; 6; 5215
INTERNAL; 4; 10; 6; 734; INTERNAL; 3; 9; 6; 1304
INTERNAL; 3; 9; 6; 1304; INTERNAL; 2; 8; 6; 4049
INTERNAL; 2; 8; 6; 4049; INPUT; 1; 7; 6; 7466
INTERNAL; 2; 8; 6; 4049; INPUT; 1; 6; 5; 3694
INTERNAL; 2; 8; 6; 4049; INPUT; 1; 6; 5; 7463
INTERNAL; 2; 8; 6; 4049; INPUT; 1; 6; 5; 7465
INTERNAL; 6; 11; 5; 742; INTERNAL; 5; 10; 5; 736
INTERNAL; 5; 10; 5; 736; INTERNAL; 4; 8; 4; 6993
INTERNAL; 5; 10; 5; 736; INTERNAL; 2; 6; 4; 7990
INTERNAL; 6; 11; 5; 742; INTERNAL; 4; 10; 6; 3200
INTERNAL; 11; 17; 6; 689; INTERNAL; 10; 16; 6; 692
INTERNAL; 10; 16; 6; 692; INTERNAL; 9; 13; 4; 5906
INTERNAL; 10; 16; 6; 692; INTERNAL; 9; 13; 4; 2904
INTERNAL; 9; 13; 4; 2904; INTERNAL; 8; 12; 4; 1580
INTERNAL; 8; 12; 4; 1580; INTERNAL; 5; 11; 6; 763
INTERNAL; 5; 11; 6; 763; INTERNAL; 2; 6; 4; 8069
INTERNAL; 2; 6; 4; 8069; INPUT; 1; 5; 4; 4746
INTERNAL; 2; 6; 4; 8069; INPUT; 1; 5; 4; 6701
INTERNAL; 5; 11; 6; 763; INTERNAL; 4; 10; 6; 794
INTERNAL; 4; 10; 6; 794; INTERNAL; 3; 9; 6; 3249
INTERNAL; 3; 9; 6; 3249; INTERNAL; 2; 7; 5; 8100
INTERNAL; 3; 9; 6; 3249; INPUT; 1; 5; 4; 4091
INTERNAL; 3; 9; 6; 3249; INTERNAL; 2; 8; 6; 788
INTERNAL; 3; 9; 6; 3249; INPUT; 1; 5; 4; 3770
INTERNAL; 3; 9; 6; 3249; INPUT; 1; 8; 7; 790
INTERNAL; 3; 9; 6; 3249; INPUT; 1; 5; 4; 2332
INTERNAL; 5; 11; 6; 763; INTERNAL; 4; 10; 6; 782
INTERNAL; 4; 10; 6; 782; INTERNAL; 3; 9; 6; 888
INTERNAL; 3; 9; 6; 888; INTERNAL; 2; 8; 6; 6445
INTERNAL; 3; 9; 6; 888; INTERNAL; 2; 7; 5; 7449
INTERNAL; 3; 9; 6; 888; INTERNAL; 2; 8; 6; 753
INTERNAL; 4; 10; 6; 782; INTERNAL; 2; 9; 7; 784
INTERNAL; 4; 10; 6; 782; INTERNAL; 2; 5; 3; 5658
INTERNAL; 4; 10; 6; 782; INTERNAL; 2; 5; 3; 4060
INTERNAL; 5; 11; 6; 763; INTERNAL; 3; 10; 7; 756
INTERNAL; 3; 10; 7; 756; INPUT; 1; 5; 4; 7140
INTERNAL; 3; 10; 7; 756; INTERNAL; 2; 8; 6; 7738
INTERNAL; 3; 10; 7; 756; INPUT; 1; 5; 4; 8006
INTERNAL; 3; 10; 7; 756; INPUT; 1; 5; 4; 5971
INTERNAL; 3; 10; 7; 756; INPUT; 1; 5; 4; 6980
INTERNAL; 5; 11; 6; 763; INTERNAL; 3; 10; 7; 754
INTERNAL; 5; 11; 6; 763; INTERNAL; 2; 8; 6; 5688
INTERNAL; 8; 12; 4; 1580; INTERNAL; 7; 11; 4; 4029
INTERNAL; 7; 11; 4; 4029; INTERNAL; 5; 10; 5; 759
INTERNAL; 5; 10; 5; 759; INTERNAL; 2; 4; 2; 4537
INTERNAL; 2; 4; 2; 4537; INPUT; 1; 3; 2; 5546
INTERNAL; 2; 4; 2; 4537; INPUT; 1; 3; 2; 4553
INTERNAL; 2; 4; 2; 4537; INPUT; 1; 3; 2; 4771
INTERNAL; 2; 4; 2; 4537; INPUT; 1; 3; 2; 7655
INTERNAL; 5; 10; 5; 759; INTERNAL; 4; 9; 5; 5143
INTERNAL; 4; 9; 5; 5143; INTERNAL; 3; 8; 5; 6035
INTERNAL; 4; 9; 5; 5143; INTERNAL; 2; 8; 6; 3108
INTERNAL; 7; 11; 4; 4029; INTERNAL; 4; 10; 6; 761
INTERNAL; 4; 10; 6; 761; INTERNAL; 2; 9; 7; 757
INTERNAL; 4; 10; 6; 761; INTERNAL; 3; 9; 6; 758
INTERNAL; 3; 9; 6; 758; INTERNAL; 2; 4; 2; 4342
INTERNAL; 3; 9; 6; 758; INTERNAL; 2; 8; 6; 1001
INTERNAL; 4; 10; 6; 761; INTERNAL; 2; 9; 7; 1429
INTERNAL; 7; 11; 4; 4029; INTERNAL; 6; 9; 3; 1168
INTERNAL; 6; 9; 3; 1168; INTERNAL; 4; 8; 4; 4919
INTERNAL; 4; 8; 4; 4919; INTERNAL; 2; 5; 3; 5494
INTERNAL; 2; 5; 3; 5494; INPUT; 1; 4; 3; 3507
INTERNAL; 4; 8; 4; 4919; INTERNAL; 3; 7; 4; 4371
INTERNAL; 6; 9; 3; 1168; INTERNAL; 3; 8; 5; 1007
INTERNAL; 6; 9; 3; 1168; INTERNAL; 5; 8; 3; 2899
INTERNAL; 5; 8; 3; 2899; INTERNAL; 4; 7; 3; 7613
INTERNAL; 4; 7; 3; 7613; INTERNAL; 2; 6; 4; 2718
INTERNAL; 4; 7; 3; 7613; INTERNAL; 2; 6; 4; 1808
INTERNAL; 2; 6; 4; 1808; INPUT; 1; 5; 4; 2544
INTERNAL; 2; 6; 4; 1808; INPUT; 1; 5; 4; 6936
INTERNAL; 5; 8; 3; 2899; INTERNAL; 2; 7; 5; 8041
INTERNAL; 8; 12; 4; 1580; INTERNAL; 5; 11; 6; 762
INTERNAL; 5; 11; 6; 762; INTERNAL; 4; 10; 6; 749
INTERNAL; 4; 10; 6; 749; INTERNAL; 3; 9; 6; 748
INTERNAL; 3; 9; 6; 748; INTERNAL; 2; 6; 4; 4513
INTERNAL; 4; 10; 6; 749; INTERNAL; 2; 6; 4; 5031
INTERNAL; 2; 6; 4; 5031; INPUT; 1; 4; 3; 3836
INTERNAL; 2; 6; 4; 5031; INPUT; 1; 4; 3; 5214
INTERNAL; 2; 6; 4; 5031; INPUT; 1; 4; 3; 2358
INTERNAL; 2; 6; 4; 5031; INPUT; 1; 4; 3; 3286
INTERNAL; 4; 10; 6; 749; INTERNAL; 2; 6; 4; 1742
INTERNAL; 4; 10; 6; 749; INTERNAL; 2; 4; 2; 6999
INTERNAL; 5; 11; 6; 762; INTERNAL; 3; 10; 7; 6580
INTERNAL; 3; 10; 7; 6580; INTERNAL; 2; 7; 5; 7180
INTERNAL; 3; 10; 7; 6580; INTERNAL; 2; 9; 7; 747
INTERNAL; 3; 10; 7; 6580; INTERNAL; 2; 9; 7; 775
INTERNAL; 3; 10; 7; 6580; INTERNAL; 2; 9; 7; 1903
INTERNAL; 2; 9; 7; 1903; INPUT; 1; 8; 7; 744
INTERNAL; 2; 9; 7; 1903; INPUT; 1; 8; 7; 745
INTERNAL; 2; 9; 7; 1903; INPUT; 1; 8; 7; 743
INTERNAL; 3; 10; 7; 6580; INTERNAL; 2; 7; 5; 4172
INTERNAL; 5; 11; 6; 762; INTERNAL; 4; 10; 6; 752
INTERNAL; 4; 10; 6; 752; INTERNAL; 3; 8; 5; 1270
INTERNAL; 4; 10; 6; 752; INTERNAL; 2; 9; 7; 5061
INTERNAL; 4; 10; 6; 752; INTERNAL; 3; 4; 1; 4519
INTERNAL; 3; 4; 1; 4519; INTERNAL; 2; 3; 1; 4550
INTERNAL; 5; 11; 6; 762; INTERNAL; 4; 10; 6; 2915
INTERNAL; 4; 10; 6; 2915; INTERNAL; 2; 7; 5; 5610
INTERNAL; 4; 10; 6; 2915; INTERNAL; 2; 9; 7; 5295
INTERNAL; 9; 13; 4; 2904; INTERNAL; 8; 12; 4; 1103
INTERNAL; 8; 12; 4; 1103; INTERNAL; 6; 10; 4; 1009
INTERNAL; 6; 10; 4; 1009; INTERNAL; 5; 9; 4; 8315
INTERNAL; 5; 9; 4; 8315; INTERNAL; 4; 8; 4; 983
INTERNAL; 4; 8; 4; 983; INPUT; 1; 7; 6; 7469
INTERNAL; 5; 9; 4; 8315; INTERNAL; 4; 8; 4; 7650
INTERNAL; 4; 8; 4; 7650; INTERNAL; 2; 7; 5; 982
INTERNAL; 2; 7; 5; 982; INPUT; 1; 5; 4; 3348
INTERNAL; 6; 10; 4; 1009; INTERNAL; 3; 9; 6; 1143
INTERNAL; 8; 12; 4; 1103; INTERNAL; 7; 10; 3; 7545
INTERNAL; 7; 10; 3; 7545; INTERNAL; 4; 9; 5; 5086
INTERNAL; 7; 10; 3; 7545; INTERNAL; 4; 9; 5; 1008
INTERNAL; 4; 9; 5; 1008; INTERNAL; 3; 8; 5; 4011
INTERNAL; 3; 8; 5; 4011; INPUT; 1; 6; 5; 5953
INTERNAL; 3; 8; 5; 4011; INPUT; 1; 7; 6; 3153
INTERNAL; 3; 8; 5; 4011; INPUT; 1; 6; 5; 7351
INTERNAL; 3; 8; 5; 4011; INPUT; 1; 6; 5; 2405
INTERNAL; 8; 12; 4; 1103; INTERNAL; 7; 10; 3; 1010
INTERNAL; 7; 10; 3; 1010; INTERNAL; 4; 9; 5; 1000
INTERNAL; 4; 9; 5; 1000; INTERNAL; 3; 8; 5; 1292
INTERNAL; 3; 8; 5; 1292; INTERNAL; 2; 7; 5; 7713
INTERNAL; 7; 10; 3; 1010; INTERNAL; 6; 9; 3; 998
INTERNAL; 6; 9; 3; 998; INTERNAL; 5; 8; 3; 4557
INTERNAL; 5; 8; 3; 4557; INTERNAL; 2; 7; 5; 995
INTERNAL; 2; 7; 5; 995; INPUT; 1; 6; 5; 5040
INTERNAL; 2; 7; 5; 995; INPUT; 1; 6; 5; 2900
INTERNAL; 2; 7; 5; 995; INPUT; 1; 6; 5; 1524
INTERNAL; 2; 7; 5; 995; INPUT; 1; 6; 5; 1525
INTERNAL; 5; 8; 3; 4557; INTERNAL; 4; 7; 3; 3337
INTERNAL; 9; 13; 4; 2904; INTERNAL; 8; 12; 4; 5834
INTERNAL; 10; 16; 6; 692; INTERNAL; 9; 13; 4; 7653
INTERNAL; 9; 13; 4; 7653; INTERNAL; 8; 12; 4; 4785
INTERNAL; 9; 13; 4; 7653; INTERNAL; 7; 12; 5; 698
INTERNAL; 7; 12; 5; 698; INTERNAL; 6; 11; 5; 728
INTERNAL; 6; 11; 5; 728; INTERNAL; 5; 10; 5; 1040
INTERNAL; 5; 10; 5; 1040; INTERNAL; 4; 9; 5; 3720
INTERNAL; 4; 9; 5; 3720; INTERNAL; 2; 8; 6; 5854
INTERNAL; 4; 9; 5; 3720; INPUT; 1; 5; 4; 5507
INTERNAL; 4; 9; 5; 3720; INTERNAL; 3; 8; 5; 1335
INTERNAL; 4; 9; 5; 3720; INTERNAL; 2; 8; 6; 3349
INTERNAL; 4; 9; 5; 3720; INPUT; 1; 5; 4; 7421
INTERNAL; 4; 9; 5; 3720; INTERNAL; 2; 7; 5; 2112
INTERNAL; 5; 10; 5; 1040; INTERNAL; 2; 7; 5; 7903
INTERNAL; 5; 10; 5; 1040; INTERNAL; 2; 9; 7; 776
INTERNAL; 2; 9; 7; 776; INPUT; 1; 6; 5; 6442
INTERNAL; 2; 9; 7; 776; INPUT; 1; 6; 5; 2781
INTERNAL; 2; 9; 7; 776; INPUT; 1; 6; 5; 6994
INTERNAL; 2; 9; 7; 776; INPUT; 1; 6; 5; 5937
INTERNAL; 5; 10; 5; 1040; INTERNAL; 4; 9; 5; 723
INTERNAL; 4; 9; 5; 723; INTERNAL; 3; 8; 5; 1886
INTERNAL; 3; 8; 5; 1886; INTERNAL; 2; 5; 3; 6331
INTERNAL; 6; 11; 5; 728; INTERNAL; 4; 10; 6; 7955
INTERNAL; 4; 10; 6; 7955; INTERNAL; 2; 6; 4; 8004
INTERNAL; 4; 10; 6; 7955; INTERNAL; 2; 7; 5; 1505
INTERNAL; 4; 10; 6; 7955; INTERNAL; 2; 9; 7; 1163
INTERNAL; 6; 11; 5; 728; INTERNAL; 4; 10; 6; 724
INTERNAL; 4; 10; 6; 724; INTERNAL; 3; 9; 6; 6852
INTERNAL; 3; 9; 6; 6852; INTERNAL; 2; 8; 6; 8188
INTERNAL; 4; 10; 6; 724; INTERNAL; 3; 9; 6; 3767
INTERNAL; 3; 9; 6; 3767; INPUT; 1; 5; 4; 8093
INTERNAL; 6; 11; 5; 728; INTERNAL; 2; 10; 8; 808
INTERNAL; 7; 12; 5; 698; INTERNAL; 6; 11; 5; 727
INTERNAL; 6; 11; 5; 727; INTERNAL; 5; 10; 5; 722
INTERNAL; 5; 10; 5; 722; INTERNAL; 2; 6; 4; 8130
INTERNAL; 5; 10; 5; 722; INTERNAL; 3; 9; 6; 6650
INTERNAL; 3; 9; 6; 6650; INTERNAL; 2; 8; 6; 3390
INTERNAL; 2; 8; 6; 3390; INPUT; 1; 7; 6; 2949
INTERNAL; 2; 8; 6; 3390; INPUT; 1; 7; 6; 1540
INTERNAL; 2; 8; 6; 3390; INPUT; 1; 7; 6; 7842
INTERNAL; 2; 8; 6; 3390; INPUT; 1; 7; 6; 1541
INTERNAL; 5; 10; 5; 722; INTERNAL; 4; 9; 5; 1634
INTERNAL; 4; 9; 5; 1634; INTERNAL; 3; 7; 4; 1108
INTERNAL; 5; 10; 5; 722; INTERNAL; 2; 5; 3; 5660
INTERNAL; 6; 11; 5; 727; INTERNAL; 2; 7; 5; 1812
INTERNAL; 7; 12; 5; 698; INTERNAL; 4; 11; 7; 725
INTERNAL; 4; 11; 7; 725; INTERNAL; 2; 8; 6; 5584
INTERNAL; 4; 11; 7; 725; INTERNAL; 3; 10; 7; 2169
INTERNAL; 3; 10; 7; 2169; INTERNAL; 2; 7; 5; 5936
INTERNAL; 3; 10; 7; 2169; INTERNAL; 2; 6; 4; 7822
INTERNAL; 11; 17; 6; 689; INTERNAL; 9; 16; 7; 690
INTERNAL; 12; 21; 9; 1030; INTERNAL; 10; 17; 7; 688
INTERNAL; 19; 22; 3; 1036; INTERNAL; 18; 21; 3; 1034
INTERNAL; 18; 21; 3; 1034; INTERNAL; 14; 20; 6; 1327
INTERNAL; 14; 20; 6; 1327; INTERNAL; 13; 19; 6; 4072
INTERNAL; 13; 19; 6; 4072; INTERNAL; 12; 18; 6; 693
INTERNAL; 12; 18; 6; 693; INTERNAL; 10; 15; 5; 699
INTERNAL; 10; 15; 5; 699; INTERNAL; 6; 14; 8; 1250
INTERNAL; 6; 14; 8; 1250; INTERNAL; 3; 11; 8; 709
INTERNAL; 3; 11; 8; 709; INTERNAL; 2; 7; 5; 6945
INTERNAL; 2; 7; 5; 6945; INPUT; 1; 6; 5; 8033
INTERNAL; 3; 11; 8; 709; INTERNAL; 2; 8; 6; 4262
INTERNAL; 3; 11; 8; 709; INTERNAL; 2; 7; 5; 5335
INTERNAL; 3; 11; 8; 709; INTERNAL; 2; 7; 5; 1135
INTERNAL; 6; 14; 8; 1250; INTERNAL; 5; 11; 6; 710
INTERNAL; 5; 11; 6; 710; INTERNAL; 2; 6; 4; 1711
INTERNAL; 2; 6; 4; 1711; INPUT; 1; 5; 4; 1710
INTERNAL; 2; 6; 4; 1711; INPUT; 1; 5; 4; 1708
INTERNAL; 2; 6; 4; 1711; INPUT; 1; 5; 4; 1707
INTERNAL; 2; 6; 4; 1711; INPUT; 1; 5; 4; 1709
INTERNAL; 5; 11; 6; 710; INTERNAL; 3; 9; 6; 5668
INTERNAL; 3; 9; 6; 5668; INTERNAL; 2; 4; 2; 3326
INTERNAL; 5; 11; 6; 710; INTERNAL; 3; 10; 7; 5311
INTERNAL; 3; 10; 7; 5311; INTERNAL; 2; 5; 3; 3909
INTERNAL; 5; 11; 6; 710; INTERNAL; 4; 10; 6; 2856
INTERNAL; 4; 10; 6; 2856; INTERNAL; 3; 6; 3; 1573
INTERNAL; 3; 6; 3; 1573; INTERNAL; 2; 5; 3; 4637
INTERNAL; 4; 10; 6; 2856; INTERNAL; 2; 7; 5; 5489
INTERNAL; 5; 11; 6; 710; INTERNAL; 2; 4; 2; 2323
INTERNAL; 6; 14; 8; 1250; INTERNAL; 5; 11; 6; 7618
INTERNAL; 5; 11; 6; 7618; INTERNAL; 2; 10; 8; 1654
INTERNAL; 5; 11; 6; 7618; INTERNAL; 4; 10; 6; 1793
INTERNAL; 4; 10; 6; 1793; INTERNAL; 2; 9; 7; 2615
INTERNAL; 5; 11; 6; 7618; INTERNAL; 2; 10; 8; 5684
INTERNAL; 5; 11; 6; 7618; INTERNAL; 2; 10; 8; 2411
INTERNAL; 5; 11; 6; 7618; INTERNAL; 3; 10; 7; 3818
INTERNAL; 3; 10; 7; 3818; INTERNAL; 2; 9; 7; 3462
INTERNAL; 10; 15; 5; 699; INTERNAL; 9; 14; 5; 1749
INTERNAL; 9; 14; 5; 1749; INTERNAL; 8; 13; 5; 720
INTERNAL; 8; 13; 5; 720; INTERNAL; 7; 12; 5; 4775
INTERNAL; 7; 12; 5; 4775; INTERNAL; 6; 11; 5; 718
INTERNAL; 6; 11; 5; 718; INTERNAL; 4; 10; 6; 800
INTERNAL; 4; 10; 6; 800; INTERNAL; 3; 9; 6; 7628
INTERNAL; 6; 11; 5; 718; INTERNAL; 3; 9; 6; 5384
INTERNAL; 6; 11; 5; 718; INTERNAL; 5; 10; 5; 714
INTERNAL; 5; 10; 5; 714; INPUT; 1; 9; 8; 4142
INTERNAL; 5; 10; 5; 714; INTERNAL; 4; 9; 5; 799
INTERNAL; 4; 9; 5; 799; INPUT; 1; 8; 7; 797
INTERNAL; 4; 9; 5; 799; INPUT; 1; 8; 7; 798
INTERNAL; 4; 9; 5; 799; INPUT; 1; 8; 7; 3080
INTERNAL; 4; 9; 5; 799; INTERNAL; 3; 8; 5; 1767
INTERNAL; 3; 8; 5; 1767; INTERNAL; 2; 7; 5; 795
INTERNAL; 4; 9; 5; 799; INTERNAL; 3; 8; 5; 796
INTERNAL; 5; 10; 5; 714; INPUT; 1; 9; 8; 954
INTERNAL; 5; 10; 5; 714; INPUT; 1; 9; 8; 952
INTERNAL; 5; 10; 5; 714; INPUT; 1; 9; 8; 6408
INTERNAL; 7; 12; 5; 4775; INTERNAL; 5; 11; 6; 717
INTERNAL; 5; 11; 6; 717; INTERNAL; 2; 8; 6; 968
INTERNAL; 5; 11; 6; 717; INTERNAL; 4; 10; 6; 3743
INTERNAL; 4; 10; 6; 3743; INTERNAL; 3; 9; 6; 969
INTERNAL; 4; 10; 6; 3743; INTERNAL; 2; 6; 4; 7330
INTERNAL; 4; 10; 6; 3743; INTERNAL; 2; 4; 2; 3931
INTERNAL; 4; 10; 6; 3743; INTERNAL; 3; 3; 0; 3837
INTERNAL; 7; 12; 5; 4775; INTERNAL; 5; 11; 6; 716
INTERNAL; 5; 11; 6; 716; INTERNAL; 2; 6; 4; 5268
INTERNAL; 5; 11; 6; 716; INTERNAL; 4; 10; 6; 711
INTERNAL; 4; 10; 6; 711; INTERNAL; 2; 6; 4; 3456
INTERNAL; 4; 10; 6; 711; INTERNAL; 3; 9; 6; 896
INTERNAL; 3; 9; 6; 896; INTERNAL; 2; 6; 4; 5072
INTERNAL; 3; 9; 6; 896; INTERNAL; 2; 8; 6; 8182
INTERNAL; 4; 10; 6; 711; INTERNAL; 2; 7; 5; 7620
INTERNAL; 5; 11; 6; 716; INTERNAL; 2; 7; 5; 1676
INTERNAL; 5; 11; 6; 716; INTERNAL; 2; 10; 8; 713
INTERNAL; 8; 13; 5; 720; INTERNAL; 6; 12; 6; 760
INTERNAL; 8; 13; 5; 720; INTERNAL; 7; 12; 5; 755
INTERNAL; 7; 12; 5; 755; INTERNAL; 6; 10; 4; 2711
INTERNAL; 6; 10; 4; 2711; INTERNAL; 4; 9; 5; 917
INTERNAL; 4; 9; 5; 917; INTERNAL; 3; 8; 5; 7715
INTERNAL; 4; 9; 5; 917; INTERNAL; 3; 8; 5; 7067
INTERNAL; 6; 10; 4; 2711; INTERNAL; 5; 9; 4; 7096
INTERNAL; 5; 9; 4; 7096; INTERNAL; 4; 8; 4; 4412
INTERNAL; 4; 8; 4; 4412; INTERNAL; 2; 4; 2; 6737
INTERNAL; 2; 4; 2; 6737; INPUT; 1; 3; 2; 5093
INTERNAL; 2; 4; 2; 6737; INPUT; 1; 3; 2; 4995
INTERNAL; 6; 10; 4; 2711; INTERNAL; 4; 9; 5; 2216
INTERNAL; 4; 9; 5; 2216; INTERNAL; 3; 8; 5; 913
INTERNAL; 3; 8; 5; 913; INTERNAL; 2; 7; 5; 912
INTERNAL; 6; 10; 4; 2711; INTERNAL; 5; 9; 4; 916
INTERNAL; 5; 9; 4; 916; INTERNAL; 4; 8; 4; 914
INTERNAL; 4; 8; 4; 914; INTERNAL; 3; 7; 4; 1954
INTERNAL; 5; 9; 4; 916; INTERNAL; 2; 3; 1; 5332
INTERNAL; 7; 12; 5; 755; INTERNAL; 5; 10; 5; 2137
INTERNAL; 5; 10; 5; 2137; INTERNAL; 4; 9; 5; 899
INTERNAL; 4; 9; 5; 899; INTERNAL; 3; 8; 5; 959
INTERNAL; 4; 9; 5; 899; INTERNAL; 3; 8; 5; 897
INTERNAL; 3; 8; 5; 897; INTERNAL; 2; 7; 5; 895
INTERNAL; 5; 10; 5; 2137; INPUT; 1; 7; 6; 8111
INTERNAL; 5; 10; 5; 2137; INPUT; 1; 7; 6; 8279
INTERNAL; 5; 10; 5; 2137; INPUT; 1; 7; 6; 7353
INTERNAL; 7; 12; 5; 755; INTERNAL; 6; 10; 4; 920
INTERNAL; 6; 10; 4; 920; INTERNAL; 5; 9; 4; 1609
INTERNAL; 5; 9; 4; 1609; INTERNAL; 4; 8; 4; 906
INTERNAL; 4; 8; 4; 906; INTERNAL; 3; 7; 4; 1380
INTERNAL; 5; 9; 4; 1609; INTERNAL; 3; 8; 5; 907
INTERNAL; 3; 8; 5; 907; INTERNAL; 2; 7; 5; 903
INTERNAL; 5; 9; 4; 1609; INTERNAL; 3; 8; 5; 909
INTERNAL; 3; 8; 5; 909; INTERNAL; 2; 7; 5; 904
INTERNAL; 3; 8; 5; 909; INTERNAL; 2; 7; 5; 6722
INTERNAL; 5; 9; 4; 1609; INTERNAL; 4; 8; 4; 5509
INTERNAL; 5; 9; 4; 1609; INTERNAL; 2; 7; 5; 5318
INTERNAL; 6; 10; 4; 920; INTERNAL; 2; 7; 5; 6624
INTERNAL; 2; 7; 5; 6624; INPUT; 1; 3; 2; 3543
INTERNAL; 2; 7; 5; 6624; INPUT; 1; 6; 5; 6641
INTERNAL; 6; 10; 4; 920; INTERNAL; 4; 9; 5; 910
INTERNAL; 4; 9; 5; 910; INTERNAL; 3; 8; 5; 901
INTERNAL; 3; 8; 5; 901; INTERNAL; 2; 6; 4; 2417
INTERNAL; 3; 8; 5; 901; INTERNAL; 2; 6; 4; 5504
INTERNAL; 4; 9; 5; 910; INTERNAL; 3; 8; 5; 902
INTERNAL; 6; 10; 4; 920; INTERNAL; 2; 9; 7; 911
INTERNAL; 6; 10; 4; 920; INTERNAL; 2; 9; 7; 2450
INTERNAL; 9; 14; 5; 1749; INTERNAL; 8; 13; 5; 719
INTERNAL; 8; 13; 5; 719; INTERNAL; 6; 11; 5; 5414
INTERNAL; 6; 11; 5; 5414; INTERNAL; 2; 10; 8; 940
INTERNAL; 6; 11; 5; 5414; INTERNAL; 2; 10; 8; 2174
INTERNAL; 6; 11; 5; 5414; INTERNAL; 3; 10; 7; 944
INTERNAL; 3; 10; 7; 944; INTERNAL; 2; 9; 7; 931
INTERNAL; 6; 11; 5; 5414; INTERNAL; 5; 10; 5; 941
INTERNAL; 5; 10; 5; 941; INTERNAL; 3; 9; 6; 3431
INTERNAL; 3; 9; 6; 3431; INTERNAL; 2; 7; 5; 2394
INTERNAL; 5; 10; 5; 941; INTERNAL; 3; 9; 6; 939
INTERNAL; 5; 10; 5; 941; INTERNAL; 3; 9; 6; 938
INTERNAL; 3; 9; 6; 938; INTERNAL; 2; 8; 6; 933
INTERNAL; 5; 10; 5; 941; INTERNAL; 4; 9; 5; 937
INTERNAL; 8; 13; 5; 719; INTERNAL; 4; 11; 7; 1011
INTERNAL; 4; 11; 7; 1011; INTERNAL; 2; 9; 7; 7689
INTERNAL; 4; 11; 7; 1011; INTERNAL; 2; 10; 8; 2818
INTERNAL; 4; 11; 7; 1011; INTERNAL; 3; 10; 7; 7157
INTERNAL; 8; 13; 5; 719; INTERNAL; 7; 11; 4; 4945
INTERNAL; 7; 11; 4; 4945; INTERNAL; 5; 10; 5; 963
INTERNAL; 5; 10; 5; 963; INTERNAL; 4; 9; 5; 956
INTERNAL; 4; 9; 5; 956; INTERNAL; 3; 8; 5; 8099
INTERNAL; 3; 8; 5; 8099; INTERNAL; 2; 7; 5; 2342
INTERNAL; 3; 8; 5; 8099; INTERNAL; 2; 6; 4; 6471
INTERNAL; 4; 9; 5; 956; INTERNAL; 3; 8; 5; 1176
INTERNAL; 3; 8; 5; 1176; INTERNAL; 2; 5; 3; 6861
INTERNAL; 3; 8; 5; 1176; INTERNAL; 2; 7; 5; 1457
INTERNAL; 2; 7; 5; 1457; INPUT; 1; 5; 4; 7167
INTERNAL; 4; 9; 5; 956; INTERNAL; 3; 8; 5; 955
INTERNAL; 7; 11; 4; 4945; INTERNAL; 5; 10; 5; 962
INTERNAL; 5; 10; 5; 962; INTERNAL; 4; 9; 5; 6728
INTERNAL; 4; 9; 5; 6728; INTERNAL; 2; 8; 6; 951
INTERNAL; 4; 9; 5; 6728; INTERNAL; 2; 7; 5; 8096
INTERNAL; 4; 9; 5; 6728; INTERNAL; 2; 8; 6; 7638
INTERNAL; 4; 9; 5; 6728; INTERNAL; 3; 8; 5; 950
INTERNAL; 3; 8; 5; 950; INTERNAL; 2; 7; 5; 949
INTERNAL; 5; 10; 5; 962; INTERNAL; 4; 9; 5; 5987
INTERNAL; 4; 9; 5; 5987; INTERNAL; 2; 8; 6; 5085
INTERNAL; 4; 9; 5; 5987; INTERNAL; 2; 8; 6; 4026
INTERNAL; 4; 9; 5; 5987; INTERNAL; 3; 8; 5; 5737
INTERNAL; 3; 8; 5; 5737; INTERNAL; 2; 7; 5; 946
INTERNAL; 3; 8; 5; 5737; INTERNAL; 2; 7; 5; 945
INTERNAL; 4; 9; 5; 5987; INTERNAL; 2; 8; 6; 948
INTERNAL; 7; 11; 4; 4945; INTERNAL; 6; 10; 4; 965
INTERNAL; 6; 10; 4; 965; INTERNAL; 3; 9; 6; 1615
INTERNAL; 6; 10; 4; 965; INTERNAL; 5; 9; 4; 1198
INTERNAL; 5; 9; 4; 1198; INTERNAL; 3; 8; 5; 958
INTERNAL; 3; 8; 5; 958; INTERNAL; 2; 7; 5; 957
INTERNAL; 2; 7; 5; 957; INPUT; 1; 5; 4; 4357
INTERNAL; 2; 7; 5; 957; INPUT; 1; 5; 4; 2682
INTERNAL; 2; 7; 5; 957; INPUT; 1; 5; 4; 7946
INTERNAL; 2; 7; 5; 957; INPUT; 1; 5; 4; 3098
INTERNAL; 3; 8; 5; 958; INTERNAL; 2; 6; 4; 5293
INTERNAL; 3; 8; 5; 958; INTERNAL; 2; 7; 5; 5530
INTERNAL; 2; 7; 5; 5530; INPUT; 1; 2; 1; 4373
INTERNAL; 2; 7; 5; 5530; INPUT; 1; 2; 1; 4692
INTERNAL; 5; 9; 4; 1198; INTERNAL; 4; 8; 4; 960
INTERNAL; 5; 9; 4; 1198; INTERNAL; 3; 8; 5; 961
INTERNAL; 9; 14; 5; 1749; INTERNAL; 8; 13; 5; 721
INTERNAL; 8; 13; 5; 721; INTERNAL; 7; 11; 4; 922
INTERNAL; 7; 11; 4; 922; INTERNAL; 5; 10; 5; 1878
INTERNAL; 5; 10; 5; 1878; INTERNAL; 4; 9; 5; 873
INTERNAL; 4; 9; 5; 873; INTERNAL; 2; 8; 6; 870
INTERNAL; 5; 10; 5; 1878; INTERNAL; 4; 9; 5; 874
INTERNAL; 4; 9; 5; 874; INTERNAL; 2; 7; 5; 1558
INTERNAL; 2; 7; 5; 1558; INPUT; 1; 6; 5; 8296
INTERNAL; 2; 7; 5; 1558; INPUT; 1; 6; 5; 4253
INTERNAL; 2; 7; 5; 1558; INPUT; 1; 6; 5; 8174
INTERNAL; 4; 9; 5; 874; INTERNAL; 3; 8; 5; 1663
INTERNAL; 5; 10; 5; 1878; INTERNAL; 3; 9; 6; 871
INTERNAL; 7; 11; 4; 922; INTERNAL; 6; 10; 4; 894
INTERNAL; 6; 10; 4; 894; INTERNAL; 4; 9; 5; 890
INTERNAL; 4; 9; 5; 890; INTERNAL; 3; 6; 3; 8232
INTERNAL; 3; 6; 3; 8232; INTERNAL; 2; 5; 3; 3798
INTERNAL; 4; 9; 5; 890; INTERNAL; 3; 8; 5; 3252
INTERNAL; 6; 10; 4; 894; INTERNAL; 4; 9; 5; 891
INTERNAL; 4; 9; 5; 891; INTERNAL; 2; 8; 6; 4408
INTERNAL; 4; 9; 5; 891; INTERNAL; 3; 8; 5; 1997
INTERNAL; 6; 10; 4; 894; INTERNAL; 5; 9; 4; 889
INTERNAL; 5; 9; 4; 889; INTERNAL; 3; 8; 5; 886
INTERNAL; 3; 8; 5; 886; INTERNAL; 2; 7; 5; 884
INTERNAL; 2; 7; 5; 884; INPUT; 1; 3; 2; 3369
INTERNAL; 3; 8; 5; 886; INTERNAL; 2; 7; 5; 1343
INTERNAL; 3; 8; 5; 886; INTERNAL; 2; 6; 4; 7073
INTERNAL; 3; 8; 5; 886; INTERNAL; 2; 7; 5; 8085
INTERNAL; 5; 9; 4; 889; INTERNAL; 3; 8; 5; 1725
INTERNAL; 3; 8; 5; 1725; INTERNAL; 2; 6; 4; 6845
INTERNAL; 3; 8; 5; 1725; INTERNAL; 2; 7; 5; 5194
INTERNAL; 5; 9; 4; 889; INTERNAL; 3; 8; 5; 4067
INTERNAL; 5; 9; 4; 889; INTERNAL; 2; 6; 4; 7589
INTERNAL; 5; 9; 4; 889; INTERNAL; 4; 8; 4; 3661
INTERNAL; 7; 11; 4; 922; INTERNAL; 6; 10; 4; 893
INTERNAL; 6; 10; 4; 893; INTERNAL; 3; 9; 6; 882
INTERNAL; 3; 9; 6; 882; INTERNAL; 2; 6; 4; 2392
INTERNAL; 6; 10; 4; 893; INTERNAL; 5; 9; 4; 5531
INTERNAL; 5; 9; 4; 5531; INTERNAL; 2; 8; 6; 7760
INTERNAL; 2; 8; 6; 7760; INPUT; 1; 3; 2; 8333
INTERNAL; 2; 8; 6; 7760; INPUT; 1; 3; 2; 3590
INTERNAL; 2; 8; 6; 7760; INPUT; 1; 3; 2; 5665
INTERNAL; 5; 9; 4; 5531; INTERNAL; 3; 8; 5; 880
INTERNAL; 5; 9; 4; 5531; INTERNAL; 2; 6; 4; 3239
INTERNAL; 5; 9; 4; 5531; INTERNAL; 4; 8; 4; 4381
INTERNAL; 4; 8; 4; 4381; INTERNAL; 2; 7; 5; 879
INTERNAL; 4; 8; 4; 4381; INTERNAL; 2; 7; 5; 876
INTERNAL; 4; 8; 4; 4381; INTERNAL; 3; 7; 4; 878
INTERNAL; 3; 7; 4; 878; INTERNAL; 2; 6; 4; 875
INTERNAL; 3; 7; 4; 878; INTERNAL; 2; 6; 4; 1994
INTERNAL; 4; 8; 4; 4381; INTERNAL; 2; 7; 5; 877
INTERNAL; 4; 8; 4; 4381; INTERNAL; 2; 5; 3; 4734
INTERNAL; 6; 10; 4; 893; INTERNAL; 3; 9; 6; 881
INTERNAL; 3; 9; 6; 881; INTERNAL; 2; 8; 6; 3739
INTERNAL; 3; 9; 6; 881; INTERNAL; 2; 8; 6; 6303
INTERNAL; 8; 13; 5; 721; INTERNAL; 7; 11; 4; 923
INTERNAL; 8; 13; 5; 721; INTERNAL; 5; 11; 6; 921
INTERNAL; 5; 11; 6; 921; INTERNAL; 4; 10; 6; 4690
INTERNAL; 4; 10; 6; 4690; INTERNAL; 2; 9; 7; 861
INTERNAL; 4; 10; 6; 4690; INTERNAL; 2; 7; 5; 7548
INTERNAL; 2; 7; 5; 7548; INPUT; 1; 5; 4; 7611
INTERNAL; 2; 7; 5; 7548; INPUT; 1; 4; 3; 3102
INTERNAL; 2; 7; 5; 7548; INPUT; 1; 5; 4; 3110
INTERNAL; 2; 7; 5; 7548; INPUT; 1; 4; 3; 8048
INTERNAL; 4; 10; 6; 4690; INTERNAL; 3; 9; 6; 862
INTERNAL; 3; 9; 6; 862; INTERNAL; 2; 5; 3; 6783
INTERNAL; 4; 10; 6; 4690; INTERNAL; 2; 9; 7; 8186
INTERNAL; 5; 11; 6; 921; INTERNAL; 2; 10; 8; 864
INTERNAL; 5; 11; 6; 921; INTERNAL; 3; 10; 7; 867
INTERNAL; 3; 10; 7; 867; INTERNAL; 2; 7; 5; 3584
INTERNAL; 2; 7; 5; 3584; INPUT; 1; 6; 5; 8083
INTERNAL; 5; 11; 6; 921; INTERNAL; 3; 10; 7; 866
INTERNAL; 3; 10; 7; 866; INTERNAL; 2; 7; 5; 7372
INTERNAL; 3; 10; 7; 866; INTERNAL; 2; 9; 7; 859
INTERNAL; 10; 15; 5; 699; INTERNAL; 8; 14; 6; 694
INTERNAL; 8; 14; 6; 694; INTERNAL; 4; 13; 9; 703
INTERNAL; 8; 14; 6; 694; INTERNAL; 3; 13; 10; 1054
INTERNAL; 3; 13; 10; 1054; INTERNAL; 2; 7; 5; 1605
INTERNAL; 3; 13; 10; 1054; INTERNAL; 2; 11; 9; 2082
INTERNAL; 8; 14; 6; 694; INTERNAL; 7; 13; 6; 706
INTERNAL; 12; 18; 6; 693; INTERNAL; 11; 15; 4; 4499
INTERNAL; 11; 15; 4; 4499; INTERNAL; 10; 14; 4; 5831
INTERNAL; 10; 14; 4; 5831; INTERNAL; 8; 13; 5; 6721
INTERNAL; 8; 13; 5; 6721; INTERNAL; 7; 12; 5; 731
INTERNAL; 8; 13; 5; 6721; INTERNAL; 7; 12; 5; 730
INTERNAL; 8; 13; 5; 6721; INTERNAL; 7; 12; 5; 732
INTERNAL; 7; 12; 5; 732; INTERNAL; 5; 10; 5; 3202
INTERNAL; 5; 10; 5; 3202; INTERNAL; 3; 9; 6; 970
INTERNAL; 3; 9; 6; 970; INTERNAL; 2; 6; 4; 2161
INTERNAL; 2; 6; 4; 2161; INPUT; 1; 5; 4; 7090
INTERNAL; 2; 6; 4; 2161; INPUT; 1; 5; 4; 5415
INTERNAL; 2; 6; 4; 2161; INPUT; 1; 5; 4; 5161
INTERNAL; 2; 6; 4; 2161; INPUT; 1; 5; 4; 5941
INTERNAL; 5; 10; 5; 3202; INTERNAL; 4; 9; 5; 2886
INTERNAL; 4; 9; 5; 2886; INTERNAL; 2; 8; 6; 1373
INTERNAL; 5; 10; 5; 3202; INTERNAL; 4; 9; 5; 4208
INTERNAL; 4; 9; 5; 4208; INTERNAL; 3; 8; 5; 967
INTERNAL; 3; 8; 5; 967; INPUT; 1; 7; 6; 1063
INTERNAL; 3; 8; 5; 967; INTERNAL; 2; 5; 3; 3140
INTERNAL; 7; 12; 5; 732; INTERNAL; 6; 10; 4; 7484
INTERNAL; 6; 10; 4; 7484; INTERNAL; 4; 9; 5; 5706
INTERNAL; 4; 9; 5; 5706; INTERNAL; 3; 8; 5; 1601
INTERNAL; 3; 8; 5; 1601; INPUT; 1; 5; 4; 6602
INTERNAL; 3; 8; 5; 1601; INPUT; 1; 5; 4; 5838
INTERNAL; 3; 8; 5; 1601; INPUT; 1; 5; 4; 5544
INTERNAL; 3; 8; 5; 1601; INPUT; 1; 5; 4; 6605
INTERNAL; 6; 10; 4; 7484; INTERNAL; 5; 9; 4; 2438
INTERNAL; 5; 9; 4; 2438; INTERNAL; 4; 8; 4; 977
INTERNAL; 4; 8; 4; 977; INTERNAL; 3; 7; 4; 975
INTERNAL; 5; 9; 4; 2438; INTERNAL; 4; 8; 4; 5757
INTERNAL; 4; 8; 4; 5757; INTERNAL; 3; 7; 4; 6586
INTERNAL; 3; 7; 4; 6586; INTERNAL; 2; 6; 4; 5873
INTERNAL; 4; 8; 4; 5757; INTERNAL; 2; 7; 5; 7755
INTERNAL; 6; 10; 4; 7484; INTERNAL; 4; 9; 5; 978
INTERNAL; 4; 9; 5; 978; INTERNAL; 3; 8; 5; 974
INTERNAL; 6; 10; 4; 7484; INTERNAL; 3; 9; 6; 979
INTERNAL; 3; 9; 6; 979; INTERNAL; 2; 4; 2; 3343
INTERNAL; 7; 12; 5; 732; INTERNAL; 6; 10; 4; 981
INTERNAL; 6; 10; 4; 981; INTERNAL; 5; 9; 4; 1909
INTERNAL; 5; 9; 4; 1909; INTERNAL; 3; 8; 5; 972
INTERNAL; 5; 9; 4; 1909; INTERNAL; 4; 8; 4; 4444
INTERNAL; 4; 8; 4; 4444; INTERNAL; 2; 6; 4; 4703
INTERNAL; 4; 8; 4; 4444; INTERNAL; 2; 7; 5; 4001
INTERNAL; 6; 10; 4; 981; INTERNAL; 3; 9; 6; 7847
INTERNAL; 3; 9; 6; 7847; INTERNAL; 2; 8; 6; 1158
INTERNAL; 3; 9; 6; 7847; INTERNAL; 2; 7; 5; 7527
INTERNAL; 6; 10; 4; 981; INTERNAL; 3; 9; 6; 973
INTERNAL; 6; 10; 4; 981; INTERNAL; 4; 9; 5; 5237
INTERNAL; 10; 14; 4; 5831; INTERNAL; 9; 13; 4; 3753
INTERNAL; 9; 13; 4; 3753; INTERNAL; 8; 11; 3; 1013
INTERNAL; 9; 13; 4; 3753; INTERNAL; 7; 11; 4; 6657
INTERNAL; 10; 14; 4; 5831; INTERNAL; 9; 13; 4; 764
INTERNAL; 11; 15; 4; 4499; INTERNAL; 10; 14; 4; 765
INTERNAL; 10; 14; 4; 765; INTERNAL; 8; 12; 4; 1015
INTERNAL; 10; 14; 4; 765; INTERNAL; 6; 12; 6; 1014
INTERNAL; 6; 12; 6; 1014; INTERNAL; 5; 11; 6; 928
INTERNAL; 5; 11; 6; 928; INTERNAL; 4; 10; 6; 3258
INTERNAL; 5; 11; 6; 928; INTERNAL; 4; 10; 6; 7229
INTERNAL; 4; 10; 6; 7229; INTERNAL; 2; 6; 4; 8141
INTERNAL; 5; 11; 6; 928; INTERNAL; 3; 10; 7; 926
INTERNAL; 3; 10; 7; 926; INTERNAL; 2; 7; 5; 3521
INTERNAL; 2; 7; 5; 3521; INPUT; 1; 5; 4; 6759
INTERNAL; 2; 7; 5; 3521; INPUT; 1; 5; 4; 6758
INTERNAL; 2; 7; 5; 3521; INPUT; 1; 5; 4; 6760
INTERNAL; 2; 7; 5; 3521; INPUT; 1; 5; 4; 6577
INTERNAL; 6; 12; 6; 1014; INTERNAL; 4; 11; 7; 8345
INTERNAL; 6; 12; 6; 1014; INTERNAL; 4; 11; 7; 930
INTERNAL; 4; 11; 7; 930; INTERNAL; 3; 5; 2; 5122
INTERNAL; 3; 5; 2; 5122; INTERNAL; 2; 4; 2; 3370
INTERNAL; 4; 11; 7; 930; INTERNAL; 2; 6; 4; 2456
INTERNAL; 6; 12; 6; 1014; INTERNAL; 4; 11; 7; 929
INTERNAL; 4; 11; 7; 929; INTERNAL; 3; 10; 7; 1321
INTERNAL; 4; 11; 7; 929; INTERNAL; 2; 9; 7; 1372
INTERNAL; 10; 14; 4; 765; INTERNAL; 9; 12; 3; 1016
INTERNAL; 11; 15; 4; 4499; INTERNAL; 9; 14; 5; 7264
INTERNAL; 12; 18; 6; 693; INTERNAL; 11; 15; 4; 700
INTERNAL; 11; 15; 4; 700; INTERNAL; 9; 14; 5; 1395
INTERNAL; 9; 14; 5; 1395; INTERNAL; 8; 13; 5; 2992
INTERNAL; 9; 14; 5; 1395; INTERNAL; 8; 13; 5; 7480
INTERNAL; 9; 14; 5; 1395; INTERNAL; 7; 13; 6; 2798
INTERNAL; 11; 15; 4; 700; INTERNAL; 10; 14; 4; 1071
INTERNAL; 11; 15; 4; 700; INTERNAL; 10; 14; 4; 2183
INTERNAL; 13; 19; 6; 4072; INTERNAL; 10; 18; 8; 7018
INTERNAL; 13; 19; 6; 4072; INTERNAL; 12; 18; 6; 6181
INTERNAL; 12; 18; 6; 6181; INTERNAL; 11; 17; 6; 5110
INTERNAL; 12; 18; 6; 6181; INTERNAL; 9; 17; 8; 3683
INTERNAL; 12; 18; 6; 6181; INTERNAL; 11; 17; 6; 3879
INTERNAL; 14; 20; 6; 1327; INTERNAL; 13; 19; 6; 1915
INTERNAL; 13; 19; 6; 1915; INTERNAL; 12; 18; 6; 2627
INTERNAL; 13; 19; 6; 1915; INTERNAL; 12; 18; 6; 1853
INTERNAL; 18; 21; 3; 1034; INTERNAL; 17; 20; 3; 1029
INTERNAL; 17; 20; 3; 1029; INTERNAL; 14; 19; 5; 7687
INTERNAL; 14; 19; 5; 7687; INTERNAL; 13; 17; 4; 2896
INTERNAL; 13; 17; 4; 2896; INTERNAL; 12; 16; 4; 1460
INTERNAL; 12; 16; 4; 1460; INTERNAL; 10; 15; 5; 767
INTERNAL; 10; 15; 5; 767; INTERNAL; 9; 14; 5; 1659
INTERNAL; 9; 14; 5; 1659; INTERNAL; 7; 12; 5; 5002
INTERNAL; 7; 12; 5; 5002; INTERNAL; 6; 11; 5; 1194
INTERNAL; 6; 11; 5; 1194; INTERNAL; 5; 10; 5; 2225
INTERNAL; 5; 10; 5; 2225; INTERNAL; 2; 9; 7; 857
INTERNAL; 5; 10; 5; 2225; INTERNAL; 4; 9; 5; 855
INTERNAL; 4; 9; 5; 855; INTERNAL; 2; 6; 4; 1693
INTERNAL; 4; 9; 5; 855; INTERNAL; 3; 7; 4; 6505
INTERNAL; 6; 11; 5; 1194; INTERNAL; 2; 7; 5; 5367
INTERNAL; 6; 11; 5; 1194; INTERNAL; 4; 10; 6; 3336
INTERNAL; 7; 12; 5; 5002; INTERNAL; 4; 11; 7; 8209
INTERNAL; 4; 11; 7; 8209; INTERNAL; 3; 10; 7; 3081
INTERNAL; 3; 10; 7; 3081; INTERNAL; 2; 9; 7; 852
INTERNAL; 2; 9; 7; 852; INPUT; 1; 6; 5; 4140
INTERNAL; 2; 9; 7; 852; INPUT; 1; 6; 5; 6068
INTERNAL; 2; 9; 7; 852; INPUT; 1; 6; 5; 4456
INTERNAL; 2; 9; 7; 852; INPUT; 1; 6; 5; 5294
INTERNAL; 3; 10; 7; 3081; INTERNAL; 2; 9; 7; 854
INTERNAL; 4; 11; 7; 8209; INTERNAL; 2; 6; 4; 5060
INTERNAL; 7; 12; 5; 5002; INTERNAL; 4; 11; 7; 4554
INTERNAL; 4; 11; 7; 4554; INTERNAL; 2; 7; 5; 3118
INTERNAL; 4; 11; 7; 4554; INTERNAL; 3; 6; 3; 6704
INTERNAL; 4; 11; 7; 4554; INTERNAL; 2; 6; 4; 8088
INTERNAL; 9; 14; 5; 1659; INTERNAL; 8; 12; 4; 924
INTERNAL; 9; 14; 5; 1659; INTERNAL; 6; 12; 6; 5488
INTERNAL; 6; 12; 6; 5488; INTERNAL; 3; 11; 8; 6618
INTERNAL; 3; 11; 8; 6618; INTERNAL; 2; 10; 8; 849
INTERNAL; 3; 11; 8; 6618; INTERNAL; 2; 6; 4; 2618
INTERNAL; 6; 12; 6; 5488; INTERNAL; 5; 11; 6; 850
INTERNAL; 5; 11; 6; 850; INTERNAL; 4; 10; 6; 5788
INTERNAL; 4; 10; 6; 5788; INTERNAL; 3; 9; 6; 7694
INTERNAL; 4; 10; 6; 5788; INTERNAL; 2; 6; 4; 1851
INTERNAL; 6; 12; 6; 5488; INTERNAL; 4; 11; 7; 851
INTERNAL; 4; 11; 7; 851; INTERNAL; 3; 10; 7; 5927
INTERNAL; 3; 10; 7; 5927; INTERNAL; 2; 6; 4; 5461
INTERNAL; 3; 10; 7; 5927; INTERNAL; 2; 5; 3; 2322
INTERNAL; 10; 15; 5; 767; INTERNAL; 8; 14; 6; 7924
INTERNAL; 10; 15; 5; 767; INTERNAL; 7; 14; 7; 707
INTERNAL; 7; 14; 7; 707; INTERNAL; 5; 12; 7; 3717
INTERNAL; 5; 12; 7; 3717; INTERNAL; 4; 11; 7; 4723
INTERNAL; 5; 12; 7; 3717; INTERNAL; 4; 11; 7; 822
INTERNAL; 4; 11; 7; 822; INTERNAL; 2; 7; 5; 3722
INTERNAL; 5; 12; 7; 3717; INTERNAL; 4; 11; 7; 1864
INTERNAL; 5; 12; 7; 3717; INTERNAL; 2; 4; 2; 4584
INTERNAL; 7; 14; 7; 707; INTERNAL; 6; 12; 6; 836
INTERNAL; 6; 12; 6; 836; INTERNAL; 5; 11; 6; 5856
INTERNAL; 5; 11; 6; 5856; INTERNAL; 4; 10; 6; 3768
INTERNAL; 4; 10; 6; 3768; INTERNAL; 3; 9; 6; 832
INTERNAL; 3; 9; 6; 832; INTERNAL; 2; 8; 6; 830
INTERNAL; 4; 10; 6; 3768; INTERNAL; 2; 9; 7; 831
INTERNAL; 5; 11; 6; 5856; INTERNAL; 3; 7; 4; 4630
INTERNAL; 5; 11; 6; 5856; INTERNAL; 2; 7; 5; 1795
INTERNAL; 5; 11; 6; 5856; INTERNAL; 2; 7; 5; 5301
INTERNAL; 5; 11; 6; 5856; INTERNAL; 2; 7; 5; 7301
INTERNAL; 6; 12; 6; 836; INTERNAL; 3; 11; 8; 833
INTERNAL; 3; 11; 8; 833; INTERNAL; 2; 10; 8; 827
INTERNAL; 6; 12; 6; 836; INTERNAL; 4; 11; 7; 835
INTERNAL; 4; 11; 7; 835; INTERNAL; 3; 10; 7; 829
INTERNAL; 7; 14; 7; 707; INTERNAL; 5; 12; 7; 3198
INTERNAL; 5; 12; 7; 3198; INTERNAL; 2; 11; 9; 824
INTERNAL; 5; 12; 7; 3198; INTERNAL; 3; 11; 8; 826
INTERNAL; 3; 11; 8; 826; INTERNAL; 2; 5; 3; 6931
INTERNAL; 5; 12; 7; 3198; INTERNAL; 4; 11; 7; 825
INTERNAL; 4; 11; 7; 825; INTERNAL; 2; 6; 4; 5430
INTERNAL; 4; 11; 7; 825; INTERNAL; 2; 10; 8; 823
INTERNAL; 4; 11; 7; 825; INTERNAL; 3; 7; 4; 7818
INTERNAL; 5; 12; 7; 3198; INTERNAL; 4; 11; 7; 5229
INTERNAL; 4; 11; 7; 5229; INTERNAL; 3; 10; 7; 6416
INTERNAL; 5; 12; 7; 3198; INTERNAL; 2; 8; 6; 7539
INTERNAL; 12; 16; 4; 1460; INTERNAL; 11; 15; 4; 2067
INTERNAL; 11; 15; 4; 2067; INTERNAL; 10; 13; 3; 1017
INTERNAL; 11; 15; 4; 2067; INTERNAL; 6; 13; 7; 7571
INTERNAL; 6; 13; 7; 7571; INTERNAL; 5; 12; 7; 2006
INTERNAL; 5; 12; 7; 2006; INTERNAL; 4; 11; 7; 6282
INTERNAL; 4; 11; 7; 6282; INTERNAL; 2; 6; 4; 5262
INTERNAL; 5; 12; 7; 2006; INTERNAL; 3; 11; 8; 1783
INTERNAL; 5; 12; 7; 2006; INTERNAL; 3; 11; 8; 842
INTERNAL; 3; 11; 8; 842; INTERNAL; 2; 7; 5; 8058
INTERNAL; 6; 13; 7; 7571; INTERNAL; 5; 12; 7; 7464
INTERNAL; 5; 12; 7; 7464; INTERNAL; 3; 11; 8; 847
INTERNAL; 3; 11; 8; 847; INPUT; 1; 5; 4; 5078
INTERNAL; 3; 11; 8; 847; INPUT; 1; 5; 4; 2664
INTERNAL; 3; 11; 8; 847; INTERNAL; 2; 10; 8; 843
INTERNAL; 5; 12; 7; 7464; INTERNAL; 2; 6; 4; 6332
INTERNAL; 5; 12; 7; 7464; INTERNAL; 4; 11; 7; 845
INTERNAL; 4; 11; 7; 845; INTERNAL; 2; 10; 8; 844
INTERNAL; 4; 11; 7; 845; INTERNAL; 3; 10; 7; 6654
INTERNAL; 4; 11; 7; 845; INTERNAL; 3; 10; 7; 4580
INTERNAL; 11; 15; 4; 2067; INTERNAL; 9; 13; 4; 1345
INTERNAL; 12; 16; 4; 1460; INTERNAL; 11; 15; 4; 1403
INTERNAL; 13; 17; 4; 2896; INTERNAL; 8; 16; 8; 768
INTERNAL; 8; 16; 8; 768; INTERNAL; 6; 13; 7; 838
INTERNAL; 6; 13; 7; 838; INTERNAL; 3; 12; 9; 807
INTERNAL; 3; 12; 9; 807; INTERNAL; 2; 11; 9; 8332
INTERNAL; 6; 13; 7; 838; INTERNAL; 5; 12; 7; 806
INTERNAL; 5; 12; 7; 806; INTERNAL; 3; 11; 8; 6142
INTERNAL; 3; 11; 8; 6142; INTERNAL; 2; 7; 5; 6807
INTERNAL; 5; 12; 7; 806; INTERNAL; 4; 11; 7; 2281
INTERNAL; 4; 11; 7; 2281; INTERNAL; 2; 10; 8; 803
INTERNAL; 4; 11; 7; 2281; INTERNAL; 3; 10; 7; 3119
INTERNAL; 3; 10; 7; 3119; INTERNAL; 2; 6; 4; 2513
INTERNAL; 3; 10; 7; 3119; INTERNAL; 2; 9; 7; 802
INTERNAL; 4; 11; 7; 2281; INTERNAL; 3; 10; 7; 5167
INTERNAL; 3; 10; 7; 5167; INTERNAL; 2; 4; 2; 3293
INTERNAL; 4; 11; 7; 2281; INTERNAL; 3; 10; 7; 804
INTERNAL; 3; 10; 7; 804; INPUT; 1; 4; 3; 6365
INTERNAL; 6; 13; 7; 838; INTERNAL; 4; 12; 8; 805
INTERNAL; 6; 13; 7; 838; INTERNAL; 3; 12; 9; 6746
INTERNAL; 3; 12; 9; 6746; INTERNAL; 2; 8; 6; 7754
INTERNAL; 8; 16; 8; 768; INTERNAL; 6; 13; 7; 839
INTERNAL; 6; 13; 7; 839; INTERNAL; 4; 12; 8; 818
INTERNAL; 6; 13; 7; 839; INTERNAL; 3; 12; 9; 4575
INTERNAL; 3; 12; 9; 4575; INTERNAL; 2; 11; 9; 817
INTERNAL; 6; 13; 7; 839; INTERNAL; 5; 12; 7; 815
INTERNAL; 5; 12; 7; 815; INTERNAL; 3; 11; 8; 814
INTERNAL; 5; 12; 7; 815; INTERNAL; 3; 11; 8; 5649
INTERNAL; 3; 11; 8; 5649; INTERNAL; 2; 10; 8; 811
INTERNAL; 5; 12; 7; 815; INTERNAL; 4; 11; 7; 6752
INTERNAL; 5; 12; 7; 815; INTERNAL; 4; 11; 7; 813
INTERNAL; 4; 11; 7; 813; INTERNAL; 2; 8; 6; 7461
INTERNAL; 8; 16; 8; 768; INTERNAL; 7; 13; 6; 840
INTERNAL; 13; 17; 4; 2896; INTERNAL; 12; 16; 4; 770
INTERNAL; 12; 16; 4; 770; INTERNAL; 8; 14; 6; 1020
INTERNAL; 12; 16; 4; 770; INTERNAL; 6; 14; 8; 1018
INTERNAL; 6; 14; 8; 1018; INTERNAL; 5; 13; 8; 801
INTERNAL; 5; 13; 8; 801; INTERNAL; 2; 6; 4; 5428
INTERNAL; 6; 14; 8; 1018; INTERNAL; 5; 13; 8; 2302
INTERNAL; 12; 16; 4; 770; INTERNAL; 11; 14; 3; 4048
INTERNAL; 14; 19; 5; 7687; INTERNAL; 13; 17; 4; 702
INTERNAL; 13; 17; 4; 702; INTERNAL; 10; 16; 6; 3844
INTERNAL; 13; 17; 4; 702; INTERNAL; 12; 16; 4; 7667
INTERNAL; 13; 17; 4; 702; INTERNAL; 12; 16; 4; 701
INTERNAL; 17; 20; 3; 1029; INTERNAL; 13; 19; 6; 7365
INTERNAL; 17; 20; 3; 1029; INTERNAL; 16; 19; 3; 1028
INTERNAL; 16; 19; 3; 1028; INTERNAL; 15; 18; 3; 1026
INTERNAL; 15; 18; 3; 1026; INTERNAL; 13; 17; 4; 1025
INTERNAL; 13; 17; 4; 1025; INTERNAL; 5; 15; 10; 1021
INTERNAL; 5; 15; 10; 1021; INTERNAL; 4; 14; 10; 777
INTERNAL; 5; 15; 10; 1021; INTERNAL; 4; 14; 10; 6132
INTERNAL; 4; 14; 10; 6132; INTERNAL; 3; 13; 10; 1643
INTERNAL; 5; 15; 10; 1021; INTERNAL; 4; 14; 10; 780
INTERNAL; 4; 14; 10; 780; INTERNAL; 3; 7; 4; 7138
INTERNAL; 3; 7; 4; 7138; INTERNAL; 2; 6; 4; 6880
INTERNAL; 5; 15; 10; 1021; INTERNAL; 3; 14; 11; 779
INTERNAL; 13; 17; 4; 1025; INTERNAL; 5; 15; 10; 6685
INTERNAL; 5; 15; 10; 6685; INTERNAL; 4; 14; 10; 791
INTERNAL; 4; 14; 10; 791; INTERNAL; 3; 13; 10; 785
INTERNAL; 3; 13; 10; 785; INTERNAL; 2; 6; 4; 7943
INTERNAL; 4; 14; 10; 791; INTERNAL; 3; 13; 10; 4551
INTERNAL; 5; 15; 10; 6685; INTERNAL; 4; 14; 10; 7290
INTERNAL; 4; 14; 10; 7290; INTERNAL; 3; 13; 10; 787
INTERNAL; 3; 13; 10; 787; INPUT; 1; 12; 11; 786
INTERNAL; 3; 13; 10; 787; INPUT; 1; 12; 11; 7977
INTERNAL; 3; 13; 10; 787; INPUT; 1; 12; 11; 6899
INTERNAL; 4; 14; 10; 7290; INTERNAL; 3; 13; 10; 2744
INTERNAL; 5; 15; 10; 6685; INTERNAL; 3; 14; 11; 793
INTERNAL; 3; 14; 11; 793; INTERNAL; 2; 13; 11; 783
INTERNAL; 13; 17; 4; 1025; INTERNAL; 12; 15; 3; 1022
INTERNAL; 15; 18; 3; 1026; INTERNAL; 13; 17; 4; 4077
INTERNAL; 15; 18; 3; 1026; INTERNAL; 14; 17; 3; 4228
INTERNAL; 14; 17; 3; 4228; INTERNAL; 6; 16; 10; 1023
INTERNAL; 6; 16; 10; 1023; INTERNAL; 3; 15; 12; 2936
INTERNAL; 6; 16; 10; 1023; INTERNAL; 5; 15; 10; 4741
INTERNAL; 5; 15; 10; 4741; INTERNAL; 4; 14; 10; 8183
INTERNAL; 4; 14; 10; 8183; INTERNAL; 3; 13; 10; 773
INTERNAL; 3; 13; 10; 773; INTERNAL; 2; 6; 4; 5753
INTERNAL; 6; 16; 10; 1023; INTERNAL; 4; 15; 11; 5907
INTERNAL; 14; 17; 3; 4228; INTERNAL; 13; 16; 3; 1024
INTERNAL; 16; 19; 3; 1028; INTERNAL; 14; 18; 4; 1027
INTERNAL; 17; 20; 3; 1029; INTERNAL; 13; 19; 6; 7988
INTERNAL; 19; 22; 3; 1036; INTERNAL; 14; 21; 7; 1033
INTERNAL; 19; 22; 3; 1036; INTERNAL; 13; 21; 8; 1031
INTERNAL; 21; 24; 3; 3918; INTERNAL; 19; 22; 3; 1035
INTERNAL; 21; 24; 3; 3918; INTERNAL; 19; 23; 4; 7927
INTERNAL; 19; 23; 4; 7927; INTERNAL; 17; 20; 3; 8356
INTERNAL; 19; 23; 4; 7927; INTERNAL; 17; 22; 5; 4017
INTERNAL; 17; 22; 5; 4017; INTERNAL; 16; 20; 4; 686
INTERNAL; 17; 22; 5; 4017; INTERNAL; 14; 19; 5; 685
INTERNAL; 17; 22; 5; 4017; INTERNAL; 15; 19; 4; 4386
INTERNAL; 19; 23; 4; 7927; INTERNAL; 18; 21; 3; 687
INTERNAL; 25; 25; 0; 4240; INTERNAL; 24; 24; 0; 7546
INTERNAL; 24; 24; 0; 7546; INTERNAL; 22; 23; 1; 4301
INTERNAL; 22; 23; 1; 4301; INTERNAL; 21; 22; 1; 7945
INTERNAL; 21; 22; 1; 7945; INTERNAL; 18; 21; 3; 7786
INTERNAL; 18; 21; 3; 7786; INTERNAL; 15; 20; 5; 1927
INTERNAL; 15; 20; 5; 1927; INTERNAL; 14; 16; 2; 7960
INTERNAL; 14; 16; 2; 7960; INTERNAL; 13; 15; 2; 1950
INTERNAL; 13; 15; 2; 1950; INTERNAL; 12; 14; 2; 7962
INTERNAL; 12; 14; 2; 7962; INTERNAL; 11; 13; 2; 7968
INTERNAL; 11; 13; 2; 7968; INTERNAL; 9; 12; 3; 4708
INTERNAL; 9; 12; 3; 4708; INTERNAL; 8; 11; 3; 8309
INTERNAL; 8; 11; 3; 8309; INTERNAL; 6; 10; 4; 8282
INTERNAL; 6; 10; 4; 8282; INTERNAL; 2; 9; 7; 5604
INTERNAL; 6; 10; 4; 8282; INTERNAL; 3; 9; 6; 6348
INTERNAL; 3; 9; 6; 6348; INTERNAL; 2; 6; 4; 6810
INTERNAL; 6; 10; 4; 8282; INTERNAL; 5; 9; 4; 5476
INTERNAL; 5; 9; 4; 5476; INTERNAL; 2; 5; 3; 6550
INTERNAL; 5; 9; 4; 5476; INTERNAL; 4; 8; 4; 8304
INTERNAL; 4; 8; 4; 8304; INTERNAL; 2; 7; 5; 8305
INTERNAL; 4; 8; 4; 8304; INTERNAL; 3; 7; 4; 6888
INTERNAL; 3; 7; 4; 6888; INPUT; 1; 4; 3; 2431
INTERNAL; 4; 8; 4; 8304; INTERNAL; 2; 7; 5; 8306
INTERNAL; 2; 7; 5; 8306; INPUT; 1; 5; 4; 5696
INTERNAL; 2; 7; 5; 8306; INPUT; 1; 5; 4; 7718
INTERNAL; 2; 7; 5; 8306; INPUT; 1; 5; 4; 7062
INTERNAL; 6; 10; 4; 8282; INTERNAL; 4; 9; 5; 6570
INTERNAL; 4; 9; 5; 6570; INTERNAL; 3; 8; 5; 3186
INTERNAL; 3; 8; 5; 3186; INTERNAL; 2; 6; 4; 3341
INTERNAL; 4; 9; 5; 6570; INTERNAL; 2; 8; 6; 8308
INTERNAL; 4; 9; 5; 6570; INTERNAL; 2; 6; 4; 6215
INTERNAL; 8; 11; 3; 8309; INTERNAL; 7; 10; 3; 7102
INTERNAL; 7; 10; 3; 7102; INTERNAL; 6; 9; 3; 4570
INTERNAL; 6; 9; 3; 4570; INTERNAL; 4; 8; 4; 6854
INTERNAL; 4; 8; 4; 6854; INTERNAL; 2; 7; 5; 6971
INTERNAL; 6; 9; 3; 4570; INTERNAL; 3; 8; 5; 8146
INTERNAL; 3; 8; 5; 8146; INTERNAL; 2; 7; 5; 8164
INTERNAL; 3; 8; 5; 8146; INPUT; 1; 4; 3; 8352
INTERNAL; 3; 8; 5; 8146; INPUT; 1; 4; 3; 4500
INTERNAL; 6; 9; 3; 4570; INTERNAL; 5; 8; 3; 8147
INTERNAL; 5; 8; 3; 8147; INTERNAL; 3; 7; 4; 8161
INTERNAL; 3; 7; 4; 8161; INTERNAL; 2; 6; 4; 8162
INTERNAL; 2; 6; 4; 8162; INPUT; 1; 5; 4; 3346
INTERNAL; 5; 8; 3; 8147; INTERNAL; 4; 7; 3; 4880
INTERNAL; 4; 7; 3; 4880; INTERNAL; 2; 6; 4; 5703
INTERNAL; 6; 9; 3; 4570; INTERNAL; 5; 8; 3; 8148
INTERNAL; 5; 8; 3; 8148; INTERNAL; 4; 7; 3; 5843
INTERNAL; 5; 8; 3; 8148; INTERNAL; 2; 6; 4; 8150
INTERNAL; 5; 8; 3; 8148; INTERNAL; 4; 7; 3; 7975
INTERNAL; 4; 7; 3; 7975; INTERNAL; 2; 6; 4; 3570
INTERNAL; 4; 7; 3; 7975; INTERNAL; 3; 6; 3; 8157
INTERNAL; 4; 7; 3; 7975; INTERNAL; 3; 6; 3; 5253
INTERNAL; 3; 6; 3; 5253; INTERNAL; 2; 5; 3; 4120
INTERNAL; 2; 5; 3; 4120; INPUT; 1; 4; 3; 2535
INTERNAL; 2; 5; 3; 4120; INPUT; 1; 4; 3; 6066
INTERNAL; 3; 6; 3; 5253; INTERNAL; 2; 5; 3; 2782
INTERNAL; 4; 7; 3; 7975; INTERNAL; 3; 6; 3; 8155
INTERNAL; 6; 9; 3; 4570; INTERNAL; 2; 8; 6; 8149
INTERNAL; 7; 10; 3; 7102; INTERNAL; 6; 9; 3; 6603
INTERNAL; 6; 9; 3; 6603; INTERNAL; 4; 8; 4; 8133
INTERNAL; 4; 8; 4; 8133; INTERNAL; 2; 6; 4; 6101
INTERNAL; 4; 8; 4; 8133; INTERNAL; 3; 7; 4; 5680
INTERNAL; 3; 7; 4; 5680; INTERNAL; 2; 6; 4; 8143
INTERNAL; 3; 7; 4; 5680; INTERNAL; 2; 6; 4; 4030
INTERNAL; 4; 8; 4; 8133; INTERNAL; 3; 7; 4; 8142
INTERNAL; 3; 7; 4; 8142; INTERNAL; 2; 4; 2; 4109
INTERNAL; 4; 8; 4; 8133; INTERNAL; 3; 7; 4; 8119
INTERNAL; 6; 9; 3; 6603; INTERNAL; 5; 8; 3; 8134
INTERNAL; 5; 8; 3; 8134; INTERNAL; 4; 7; 3; 2767
INTERNAL; 4; 7; 3; 2767; INTERNAL; 3; 6; 3; 6190
INTERNAL; 3; 6; 3; 6190; INPUT; 1; 5; 4; 2567
INTERNAL; 3; 6; 3; 6190; INPUT; 1; 5; 4; 3143
INTERNAL; 3; 6; 3; 6190; INPUT; 1; 5; 4; 7909
INTERNAL; 4; 7; 3; 2767; INTERNAL; 2; 6; 4; 6897
INTERNAL; 5; 8; 3; 8134; INTERNAL; 4; 7; 3; 8138
INTERNAL; 4; 7; 3; 8138; INTERNAL; 2; 6; 4; 3072
INTERNAL; 7; 10; 3; 7102; INTERNAL; 6; 9; 3; 2348
INTERNAL; 6; 9; 3; 2348; INTERNAL; 2; 8; 6; 8170
INTERNAL; 6; 9; 3; 2348; INTERNAL; 4; 8; 4; 8167
INTERNAL; 4; 8; 4; 8167; INTERNAL; 2; 7; 5; 5012
INTERNAL; 4; 8; 4; 8167; INTERNAL; 3; 7; 4; 8175
INTERNAL; 3; 7; 4; 8175; INTERNAL; 2; 6; 4; 7377
INTERNAL; 6; 9; 3; 2348; INTERNAL; 4; 8; 4; 5385
INTERNAL; 4; 8; 4; 5385; INTERNAL; 3; 7; 4; 6393
INTERNAL; 3; 7; 4; 6393; INTERNAL; 2; 6; 4; 7435
INTERNAL; 3; 7; 4; 6393; INTERNAL; 2; 6; 4; 5469
INTERNAL; 3; 7; 4; 6393; INTERNAL; 2; 6; 4; 4239
INTERNAL; 6; 9; 3; 2348; INTERNAL; 4; 8; 4; 8169
INTERNAL; 4; 8; 4; 8169; INTERNAL; 2; 7; 5; 8177
INTERNAL; 6; 9; 3; 2348; INTERNAL; 5; 8; 3; 8250
INTERNAL; 5; 8; 3; 8250; INTERNAL; 2; 7; 5; 6285
INTERNAL; 5; 8; 3; 8250; INTERNAL; 4; 7; 3; 8173
INTERNAL; 5; 8; 3; 8250; INTERNAL; 2; 7; 5; 6100
INTERNAL; 8; 11; 3; 8309; INTERNAL; 6; 10; 4; 6045
INTERNAL; 6; 10; 4; 6045; INTERNAL; 2; 9; 7; 5581
INTERNAL; 2; 9; 7; 5581; INPUT; 1; 8; 7; 8045
INTERNAL; 2; 9; 7; 5581; INPUT; 1; 8; 7; 5618
INTERNAL; 2; 9; 7; 5581; INPUT; 1; 8; 7; 8302
INTERNAL; 6; 10; 4; 6045; INTERNAL; 2; 9; 7; 8285
INTERNAL; 6; 10; 4; 6045; INTERNAL; 5; 9; 4; 8283
INTERNAL; 5; 9; 4; 8283; INTERNAL; 2; 8; 6; 4784
INTERNAL; 5; 9; 4; 8283; INTERNAL; 4; 8; 4; 8291
INTERNAL; 5; 9; 4; 8283; INTERNAL; 3; 8; 5; 8289
INTERNAL; 3; 8; 5; 8289; INPUT; 1; 6; 5; 5877
INTERNAL; 3; 8; 5; 8289; INTERNAL; 2; 7; 5; 4356
INTERNAL; 3; 8; 5; 8289; INPUT; 1; 6; 5; 6495
INTERNAL; 3; 8; 5; 8289; INPUT; 1; 6; 5; 6709
INTERNAL; 3; 8; 5; 8289; INTERNAL; 2; 7; 5; 8295
INTERNAL; 2; 7; 5; 8295; INPUT; 1; 6; 5; 6711
INTERNAL; 5; 9; 4; 8283; INTERNAL; 3; 8; 5; 8286
INTERNAL; 3; 8; 5; 8286; INTERNAL; 2; 7; 5; 8297
INTERNAL; 5; 9; 4; 8283; INTERNAL; 3; 8; 5; 8293
INTERNAL; 3; 8; 5; 8293; INTERNAL; 2; 7; 5; 7010
INTERNAL; 2; 7; 5; 7010; INPUT; 1; 5; 4; 7124
INTERNAL; 2; 7; 5; 7010; INPUT; 1; 5; 4; 5570
INTERNAL; 2; 7; 5; 7010; INPUT; 1; 5; 4; 3755
INTERNAL; 2; 7; 5; 7010; INPUT; 1; 5; 4; 4901
INTERNAL; 3; 8; 5; 8293; INTERNAL; 2; 7; 5; 8298
INTERNAL; 6; 10; 4; 6045; INTERNAL; 4; 9; 5; 4009
INTERNAL; 4; 9; 5; 4009; INTERNAL; 2; 7; 5; 6337
INTERNAL; 4; 9; 5; 4009; INTERNAL; 2; 6; 4; 2920
INTERNAL; 9; 12; 3; 4708; INTERNAL; 7; 11; 4; 8039
INTERNAL; 7; 11; 4; 8039; INTERNAL; 4; 10; 6; 2775
INTERNAL; 4; 10; 6; 2775; INTERNAL; 3; 6; 3; 5282
INTERNAL; 4; 10; 6; 2775; INTERNAL; 3; 9; 6; 8091
INTERNAL; 4; 10; 6; 2775; INTERNAL; 3; 9; 6; 5222
INTERNAL; 3; 9; 6; 5222; INTERNAL; 2; 5; 3; 7619
INTERNAL; 7; 11; 4; 8039; INTERNAL; 6; 10; 4; 3859
INTERNAL; 6; 10; 4; 3859; INTERNAL; 5; 9; 4; 8313
INTERNAL; 5; 9; 4; 8313; INTERNAL; 4; 8; 4; 8314
INTERNAL; 4; 8; 4; 8314; INTERNAL; 2; 6; 4; 6698
INTERNAL; 6; 10; 4; 3859; INTERNAL; 4; 9; 5; 4917
INTERNAL; 4; 9; 5; 4917; INTERNAL; 3; 8; 5; 2849
INTERNAL; 7; 11; 4; 8039; INTERNAL; 4; 10; 6; 8312
INTERNAL; 4; 10; 6; 8312; INTERNAL; 2; 6; 4; 4697
INTERNAL; 4; 10; 6; 8312; INTERNAL; 2; 8; 6; 5791
INTERNAL; 4; 10; 6; 8312; INTERNAL; 3; 9; 6; 8319
INTERNAL; 3; 9; 6; 8319; INTERNAL; 2; 8; 6; 8320
INTERNAL; 4; 10; 6; 8312; INTERNAL; 2; 7; 5; 2475
INTERNAL; 9; 12; 3; 4708; INTERNAL; 8; 11; 3; 8311
INTERNAL; 8; 11; 3; 8311; INTERNAL; 7; 10; 3; 2608
INTERNAL; 7; 10; 3; 2608; INTERNAL; 5; 9; 4; 4231
INTERNAL; 5; 9; 4; 4231; INTERNAL; 4; 8; 4; 8120
INTERNAL; 4; 8; 4; 8120; INTERNAL; 3; 7; 4; 8124
INTERNAL; 4; 8; 4; 8120; INTERNAL; 3; 7; 4; 8125
INTERNAL; 3; 7; 4; 8125; INTERNAL; 2; 6; 4; 7041
INTERNAL; 4; 8; 4; 8120; INTERNAL; 2; 7; 5; 8126
INTERNAL; 4; 8; 4; 8120; INTERNAL; 3; 7; 4; 2939
INTERNAL; 3; 7; 4; 2939; INTERNAL; 2; 6; 4; 4931
INTERNAL; 4; 8; 4; 8120; INTERNAL; 3; 7; 4; 8127
INTERNAL; 5; 9; 4; 4231; INTERNAL; 3; 8; 5; 7427
INTERNAL; 3; 8; 5; 7427; INTERNAL; 2; 7; 5; 8210
INTERNAL; 3; 8; 5; 7427; INTERNAL; 2; 7; 5; 4233
INTERNAL; 5; 9; 4; 4231; INTERNAL; 4; 8; 4; 8118
INTERNAL; 4; 8; 4; 8118; INTERNAL; 3; 7; 4; 4835
INTERNAL; 3; 7; 4; 4835; INTERNAL; 2; 6; 4; 7433
INTERNAL; 4; 8; 4; 8118; INTERNAL; 2; 7; 5; 3691
INTERNAL; 4; 8; 4; 8118; INTERNAL; 3; 7; 4; 8121
INTERNAL; 5; 9; 4; 4231; INTERNAL; 3; 8; 5; 8117
INTERNAL; 7; 10; 3; 2608; INTERNAL; 6; 9; 3; 4701
INTERNAL; 6; 9; 3; 4701; INTERNAL; 2; 7; 5; 5437
INTERNAL; 6; 9; 3; 4701; INTERNAL; 4; 7; 3; 4989
INTERNAL; 4; 7; 3; 4989; INTERNAL; 3; 6; 3; 3047
INTERNAL; 3; 6; 3; 3047; INTERNAL; 2; 5; 3; 7741
INTERNAL; 4; 7; 3; 4989; INTERNAL; 2; 6; 4; 2882
INTERNAL; 6; 9; 3; 4701; INTERNAL; 4; 8; 4; 3158
INTERNAL; 4; 8; 4; 3158; INTERNAL; 2; 7; 5; 6843
INTERNAL; 4; 8; 4; 3158; INTERNAL; 2; 7; 5; 4061
INTERNAL; 4; 8; 4; 3158; INTERNAL; 3; 7; 4; 7137
INTERNAL; 6; 9; 3; 4701; INTERNAL; 5; 8; 3; 7721
INTERNAL; 5; 8; 3; 7721; INTERNAL; 3; 7; 4; 8104
INTERNAL; 3; 7; 4; 8104; INTERNAL; 2; 6; 4; 6974
INTERNAL; 5; 8; 3; 7721; INTERNAL; 4; 7; 3; 8102
INTERNAL; 4; 7; 3; 8102; INTERNAL; 3; 6; 3; 8109
INTERNAL; 3; 6; 3; 8109; INTERNAL; 2; 5; 3; 8034
INTERNAL; 3; 6; 3; 8109; INTERNAL; 2; 5; 3; 8112
INTERNAL; 5; 8; 3; 7721; INTERNAL; 3; 7; 4; 8087
INTERNAL; 7; 10; 3; 2608; INTERNAL; 6; 9; 3; 8101
INTERNAL; 6; 9; 3; 8101; INTERNAL; 2; 7; 5; 7141
INTERNAL; 6; 9; 3; 8101; INTERNAL; 5; 8; 3; 8115
INTERNAL; 5; 8; 3; 8115; INTERNAL; 4; 7; 3; 7853
INTERNAL; 4; 7; 3; 7853; INTERNAL; 3; 6; 3; 6409
INTERNAL; 5; 8; 3; 8115; INTERNAL; 4; 7; 3; 3231
INTERNAL; 4; 7; 3; 3231; INTERNAL; 3; 6; 3; 7542
INTERNAL; 5; 8; 3; 8115; INTERNAL; 4; 7; 3; 8116
INTERNAL; 4; 7; 3; 8116; INTERNAL; 2; 6; 4; 7659
INTERNAL; 6; 9; 3; 8101; INTERNAL; 3; 8; 5; 6513
INTERNAL; 6; 9; 3; 8101; INTERNAL; 3; 7; 4; 8113
INTERNAL; 3; 7; 4; 8113; INTERNAL; 2; 6; 4; 4602
INTERNAL; 3; 7; 4; 8113; INTERNAL; 2; 6; 4; 4158
INTERNAL; 6; 9; 3; 8101; INTERNAL; 4; 8; 4; 7895
INTERNAL; 4; 8; 4; 7895; INTERNAL; 3; 7; 4; 7989
INTERNAL; 3; 7; 4; 7989; INTERNAL; 2; 4; 2; 4463
INTERNAL; 3; 7; 4; 7989; INTERNAL; 2; 6; 4; 5648
INTERNAL; 8; 11; 3; 8311; INTERNAL; 7; 10; 3; 3985
INTERNAL; 7; 10; 3; 3985; INTERNAL; 5; 9; 4; 6432
INTERNAL; 5; 9; 4; 6432; INTERNAL; 2; 7; 5; 8022
INTERNAL; 5; 9; 4; 6432; INTERNAL; 4; 8; 4; 5562
INTERNAL; 4; 8; 4; 5562; INTERNAL; 3; 7; 4; 2842
INTERNAL; 3; 7; 4; 2842; INTERNAL; 2; 6; 4; 2683
INTERNAL; 3; 7; 4; 2842; INTERNAL; 2; 6; 4; 7525
INTERNAL; 3; 7; 4; 2842; INTERNAL; 2; 6; 4; 2880
INTERNAL; 4; 8; 4; 5562; INTERNAL; 3; 7; 4; 8061
INTERNAL; 5; 9; 4; 6432; INTERNAL; 4; 8; 4; 7153
INTERNAL; 5; 9; 4; 6432; INTERNAL; 3; 8; 5; 6121
INTERNAL; 3; 8; 5; 6121; INTERNAL; 2; 4; 2; 4528
INTERNAL; 7; 10; 3; 3985; INTERNAL; 5; 9; 4; 5324
INTERNAL; 5; 9; 4; 5324; INTERNAL; 2; 8; 6; 5006
INTERNAL; 5; 9; 4; 5324; INTERNAL; 4; 8; 4; 2066
INTERNAL; 4; 8; 4; 2066; INTERNAL; 3; 7; 4; 5781
INTERNAL; 4; 8; 4; 2066; INTERNAL; 3; 7; 4; 4504
INTERNAL; 5; 9; 4; 5324; INTERNAL; 4; 8; 4; 8066
INTERNAL; 4; 8; 4; 8066; INTERNAL; 3; 6; 3; 8010
INTERNAL; 4; 8; 4; 8066; INTERNAL; 2; 7; 5; 8056
INTERNAL; 5; 9; 4; 5324; INTERNAL; 4; 8; 4; 7963
INTERNAL; 4; 8; 4; 7963; INTERNAL; 2; 7; 5; 7493
INTERNAL; 5; 9; 4; 5324; INTERNAL; 4; 8; 4; 8063
INTERNAL; 7; 10; 3; 3985; INTERNAL; 6; 9; 3; 8053
INTERNAL; 6; 9; 3; 8053; INTERNAL; 5; 7; 2; 7985
INTERNAL; 5; 7; 2; 7985; INTERNAL; 4; 6; 2; 7344
INTERNAL; 4; 6; 2; 7344; INTERNAL; 2; 5; 3; 4743
INTERNAL; 5; 7; 2; 7985; INTERNAL; 2; 4; 2; 4531
INTERNAL; 6; 9; 3; 8053; INTERNAL; 4; 8; 4; 2898
INTERNAL; 4; 8; 4; 2898; INTERNAL; 3; 7; 4; 7983
INTERNAL; 4; 8; 4; 2898; INTERNAL; 2; 7; 5; 5068
INTERNAL; 4; 8; 4; 2898; INTERNAL; 2; 7; 5; 8060
INTERNAL; 6; 9; 3; 8053; INTERNAL; 4; 8; 4; 8350
INTERNAL; 4; 8; 4; 8350; INTERNAL; 2; 7; 5; 7986
INTERNAL; 4; 8; 4; 8350; INTERNAL; 2; 7; 5; 2713
INTERNAL; 4; 8; 4; 8350; INTERNAL; 2; 7; 5; 2873
INTERNAL; 6; 9; 3; 8053; INTERNAL; 4; 8; 4; 7683
INTERNAL; 4; 8; 4; 7683; INTERNAL; 3; 6; 3; 7291
INTERNAL; 4; 8; 4; 7683; INTERNAL; 2; 6; 4; 7125
INTERNAL; 8; 11; 3; 8311; INTERNAL; 7; 10; 3; 5735
INTERNAL; 7; 10; 3; 5735; INTERNAL; 4; 9; 5; 6933
INTERNAL; 4; 9; 5; 6933; INTERNAL; 3; 8; 5; 8185
INTERNAL; 7; 10; 3; 5735; INTERNAL; 6; 9; 3; 3995
INTERNAL; 6; 9; 3; 3995; INTERNAL; 3; 8; 5; 7196
INTERNAL; 3; 8; 5; 7196; INTERNAL; 2; 4; 2; 8176
INTERNAL; 2; 4; 2; 8176; INPUT; 1; 3; 2; 4494
INTERNAL; 6; 9; 3; 3995; INTERNAL; 2; 8; 6; 2221
INTERNAL; 6; 9; 3; 3995; INTERNAL; 5; 8; 3; 2270
INTERNAL; 5; 8; 3; 2270; INTERNAL; 4; 7; 3; 6480
INTERNAL; 7; 10; 3; 5735; INTERNAL; 5; 9; 4; 8181
INTERNAL; 5; 9; 4; 8181; INTERNAL; 2; 7; 5; 2043
INTERNAL; 2; 7; 5; 2043; INPUT; 1; 2; 1; 2684
INTERNAL; 5; 9; 4; 8181; INTERNAL; 4; 8; 4; 6578
INTERNAL; 4; 8; 4; 6578; INTERNAL; 3; 3; 0; 3480
INTERNAL; 7; 10; 3; 5735; INTERNAL; 3; 6; 3; 7861
INTERNAL; 11; 13; 2; 7968; INTERNAL; 10; 12; 2; 6388
INTERNAL; 10; 12; 2; 6388; INTERNAL; 9; 11; 2; 8190
INTERNAL; 9; 11; 2; 8190; INTERNAL; 6; 10; 4; 8197
INTERNAL; 6; 10; 4; 8197; INTERNAL; 4; 9; 5; 7887
INTERNAL; 4; 9; 5; 7887; INTERNAL; 3; 8; 5; 5115
INTERNAL; 3; 8; 5; 5115; INTERNAL; 2; 6; 4; 4394
INTERNAL; 4; 9; 5; 7887; INTERNAL; 2; 8; 6; 6464
INTERNAL; 6; 10; 4; 8197; INTERNAL; 4; 9; 5; 3139
INTERNAL; 4; 9; 5; 3139; INTERNAL; 3; 8; 5; 8261
INTERNAL; 4; 9; 5; 3139; INTERNAL; 2; 8; 6; 3141
INTERNAL; 6; 10; 4; 8197; INTERNAL; 5; 9; 4; 4711
INTERNAL; 5; 9; 4; 4711; INTERNAL; 3; 8; 5; 4514
INTERNAL; 3; 8; 5; 4514; INTERNAL; 2; 7; 5; 2404
INTERNAL; 5; 9; 4; 4711; INTERNAL; 3; 8; 5; 6359
INTERNAL; 3; 8; 5; 6359; INTERNAL; 2; 7; 5; 8259
INTERNAL; 3; 8; 5; 6359; INTERNAL; 2; 4; 2; 4037
INTERNAL; 5; 9; 4; 4711; INTERNAL; 4; 8; 4; 8258
INTERNAL; 9; 11; 2; 8190; INTERNAL; 8; 10; 2; 8191
INTERNAL; 8; 10; 2; 8191; INTERNAL; 6; 9; 3; 6943
INTERNAL; 6; 9; 3; 6943; INTERNAL; 5; 8; 3; 3622
INTERNAL; 5; 8; 3; 3622; INTERNAL; 4; 7; 3; 8030
INTERNAL; 4; 7; 3; 8030; INTERNAL; 3; 6; 3; 8213
INTERNAL; 4; 7; 3; 8030; INTERNAL; 2; 6; 4; 8214
INTERNAL; 4; 7; 3; 8030; INTERNAL; 2; 6; 4; 8106
INTERNAL; 5; 8; 3; 3622; INTERNAL; 2; 7; 5; 6923
INTERNAL; 5; 8; 3; 3622; INTERNAL; 3; 7; 4; 8211
INTERNAL; 3; 7; 4; 8211; INTERNAL; 2; 6; 4; 2578
INTERNAL; 6; 9; 3; 6943; INTERNAL; 4; 8; 4; 5392
INTERNAL; 4; 8; 4; 5392; INTERNAL; 3; 7; 4; 8216
INTERNAL; 4; 8; 4; 5392; INTERNAL; 2; 7; 5; 8215
INTERNAL; 6; 9; 3; 6943; INTERNAL; 3; 8; 5; 8338
INTERNAL; 3; 8; 5; 8338; INTERNAL; 2; 7; 5; 8220
INTERNAL; 3; 8; 5; 8338; INTERNAL; 2; 7; 5; 2565
INTERNAL; 3; 8; 5; 8338; INTERNAL; 2; 6; 4; 2433
INTERNAL; 3; 8; 5; 8338; INTERNAL; 2; 7; 5; 2652
INTERNAL; 6; 9; 3; 6943; INTERNAL; 3; 5; 2; 5032
INTERNAL; 8; 10; 2; 8191; INTERNAL; 6; 9; 3; 8200
INTERNAL; 6; 9; 3; 8200; INTERNAL; 4; 8; 4; 2083
INTERNAL; 4; 8; 4; 2083; INTERNAL; 3; 7; 4; 8233
INTERNAL; 6; 9; 3; 8200; INTERNAL; 5; 8; 3; 5712
INTERNAL; 5; 8; 3; 5712; INTERNAL; 2; 7; 5; 6623
INTERNAL; 5; 8; 3; 5712; INTERNAL; 4; 7; 3; 8227
INTERNAL; 4; 7; 3; 8227; INTERNAL; 2; 6; 4; 8229
INTERNAL; 6; 9; 3; 8200; INTERNAL; 4; 8; 4; 8222
INTERNAL; 4; 8; 4; 8222; INTERNAL; 2; 7; 5; 2289
INTERNAL; 4; 8; 4; 8222; INTERNAL; 3; 7; 4; 8234
INTERNAL; 4; 8; 4; 8222; INTERNAL; 2; 7; 5; 5492
INTERNAL; 6; 9; 3; 8200; INTERNAL; 4; 8; 4; 8223
INTERNAL; 4; 8; 4; 8223; INTERNAL; 2; 5; 3; 5569
INTERNAL; 4; 8; 4; 8223; INTERNAL; 3; 7; 4; 2033
INTERNAL; 3; 7; 4; 2033; INTERNAL; 2; 6; 4; 7795
INTERNAL; 6; 9; 3; 8200; INTERNAL; 3; 8; 5; 3485
INTERNAL; 8; 10; 2; 8191; INTERNAL; 7; 9; 2; 4681
INTERNAL; 7; 9; 2; 4681; INTERNAL; 3; 8; 5; 8202
INTERNAL; 7; 9; 2; 4681; INTERNAL; 6; 8; 2; 7341
INTERNAL; 6; 8; 2; 7341; INTERNAL; 3; 7; 4; 5017
INTERNAL; 3; 7; 4; 5017; INTERNAL; 2; 5; 3; 3008
INTERNAL; 3; 7; 4; 5017; INTERNAL; 2; 6; 4; 8206
INTERNAL; 3; 7; 4; 5017; INTERNAL; 2; 6; 4; 6162
INTERNAL; 6; 8; 2; 7341; INTERNAL; 2; 7; 5; 2887
INTERNAL; 6; 8; 2; 7341; INTERNAL; 5; 7; 2; 7917
INTERNAL; 5; 7; 2; 7917; INTERNAL; 2; 6; 4; 5985
INTERNAL; 5; 7; 2; 7917; INTERNAL; 4; 6; 2; 6439
INTERNAL; 5; 7; 2; 7917; INTERNAL; 2; 6; 4; 4658
INTERNAL; 6; 8; 2; 7341; INTERNAL; 3; 7; 4; 5851
INTERNAL; 3; 7; 4; 5851; INTERNAL; 2; 6; 4; 8208
INTERNAL; 7; 9; 2; 4681; INTERNAL; 3; 8; 5; 7357
INTERNAL; 7; 9; 2; 4681; INTERNAL; 2; 8; 6; 8203
INTERNAL; 9; 11; 2; 8190; INTERNAL; 7; 10; 3; 8194
INTERNAL; 7; 10; 3; 8194; INTERNAL; 6; 9; 3; 6307
INTERNAL; 6; 9; 3; 6307; INTERNAL; 3; 8; 5; 6929
INTERNAL; 6; 9; 3; 6307; INTERNAL; 4; 8; 4; 8236
INTERNAL; 4; 8; 4; 8236; INTERNAL; 3; 7; 4; 8240
INTERNAL; 3; 7; 4; 8240; INTERNAL; 2; 6; 4; 2829
INTERNAL; 6; 9; 3; 6307; INTERNAL; 5; 8; 3; 5579
INTERNAL; 5; 8; 3; 5579; INTERNAL; 4; 7; 3; 8237
INTERNAL; 4; 7; 3; 8237; INTERNAL; 2; 6; 4; 2834
INTERNAL; 5; 8; 3; 5579; INTERNAL; 4; 7; 3; 5545
INTERNAL; 4; 7; 3; 5545; INTERNAL; 3; 6; 3; 8238
INTERNAL; 6; 9; 3; 6307; INTERNAL; 3; 8; 5; 7455
INTERNAL; 3; 8; 5; 7455; INTERNAL; 2; 7; 5; 8241
INTERNAL; 7; 10; 3; 8194; INTERNAL; 6; 9; 3; 5099
INTERNAL; 6; 9; 3; 5099; INTERNAL; 4; 8; 4; 7198
INTERNAL; 4; 8; 4; 7198; INTERNAL; 3; 7; 4; 3024
INTERNAL; 3; 7; 4; 3024; INTERNAL; 2; 6; 4; 8247
INTERNAL; 4; 8; 4; 7198; INTERNAL; 3; 7; 4; 8246
INTERNAL; 4; 8; 4; 7198; INTERNAL; 2; 7; 5; 2518
INTERNAL; 2; 7; 5; 2518; INPUT; 1; 3; 2; 3940
INTERNAL; 2; 7; 5; 2518; INPUT; 1; 3; 2; 3469
INTERNAL; 2; 7; 5; 2518; INPUT; 1; 3; 2; 7307
INTERNAL; 2; 7; 5; 2518; INPUT; 1; 3; 2; 5812
INTERNAL; 6; 9; 3; 5099; INTERNAL; 4; 8; 4; 8243
INTERNAL; 4; 8; 4; 8243; INTERNAL; 3; 7; 4; 4344
INTERNAL; 3; 7; 4; 4344; INTERNAL; 2; 6; 4; 2246
INTERNAL; 6; 9; 3; 5099; INTERNAL; 5; 8; 3; 2037
INTERNAL; 5; 8; 3; 2037; INTERNAL; 2; 6; 4; 3945
INTERNAL; 5; 8; 3; 2037; INTERNAL; 4; 7; 3; 2601
INTERNAL; 5; 8; 3; 2037; INTERNAL; 4; 7; 3; 4460
INTERNAL; 4; 7; 3; 4460; INTERNAL; 2; 6; 4; 7627
INTERNAL; 7; 10; 3; 8194; INTERNAL; 5; 9; 4; 8235
INTERNAL; 5; 9; 4; 8235; INTERNAL; 4; 8; 4; 8249
INTERNAL; 4; 8; 4; 8249; INTERNAL; 3; 7; 4; 2965
INTERNAL; 4; 8; 4; 8249; INTERNAL; 3; 7; 4; 8254
INTERNAL; 5; 9; 4; 8235; INTERNAL; 4; 8; 4; 5302
INTERNAL; 4; 8; 4; 5302; INTERNAL; 3; 7; 4; 4428
INTERNAL; 4; 8; 4; 5302; INTERNAL; 2; 4; 2; 4675
INTERNAL; 5; 9; 4; 8235; INTERNAL; 4; 8; 4; 3721
INTERNAL; 4; 8; 4; 3721; INTERNAL; 2; 6; 4; 2610
INTERNAL; 4; 8; 4; 3721; INTERNAL; 3; 7; 4; 8252
INTERNAL; 10; 12; 2; 6388; INTERNAL; 9; 11; 2; 7226
INTERNAL; 9; 11; 2; 7226; INTERNAL; 7; 10; 3; 8263
INTERNAL; 7; 10; 3; 8263; INTERNAL; 5; 9; 4; 4756
INTERNAL; 5; 9; 4; 4756; INTERNAL; 4; 8; 4; 8268
INTERNAL; 4; 8; 4; 8268; INTERNAL; 3; 7; 4; 7807
INTERNAL; 4; 8; 4; 8268; INTERNAL; 2; 7; 5; 8271
INTERNAL; 4; 8; 4; 8268; INTERNAL; 3; 7; 4; 8270
INTERNAL; 5; 9; 4; 4756; INTERNAL; 4; 8; 4; 7005
INTERNAL; 4; 8; 4; 7005; INTERNAL; 2; 7; 5; 7600
INTERNAL; 4; 8; 4; 7005; INTERNAL; 3; 7; 4; 6340
INTERNAL; 3; 7; 4; 6340; INTERNAL; 2; 6; 4; 2824
INTERNAL; 5; 9; 4; 4756; INTERNAL; 2; 8; 6; 8269
INTERNAL; 2; 8; 6; 8269; INPUT; 1; 4; 3; 5614
INTERNAL; 2; 8; 6; 8269; INPUT; 1; 4; 3; 4447
INTERNAL; 5; 9; 4; 4756; INTERNAL; 3; 8; 5; 8266
INTERNAL; 5; 9; 4; 4756; INTERNAL; 2; 5; 3; 5054
INTERNAL; 7; 10; 3; 8263; INTERNAL; 6; 9; 3; 8264
INTERNAL; 6; 9; 3; 8264; INTERNAL; 4; 8; 4; 8160
INTERNAL; 6; 9; 3; 8264; INTERNAL; 5; 8; 3; 5162
INTERNAL; 5; 8; 3; 5162; INTERNAL; 4; 7; 3; 4192
INTERNAL; 4; 7; 3; 4192; INPUT; 1; 4; 3; 3363
INTERNAL; 4; 7; 3; 4192; INPUT; 1; 4; 3; 5133
INTERNAL; 4; 7; 3; 4192; INPUT; 1; 4; 3; 5130
INTERNAL; 4; 7; 3; 4192; INPUT; 1; 4; 3; 5129
INTERNAL; 5; 8; 3; 5162; INTERNAL; 3; 7; 4; 6738
INTERNAL; 7; 10; 3; 8263; INTERNAL; 5; 9; 4; 4093
INTERNAL; 5; 9; 4; 4093; INTERNAL; 2; 8; 6; 4377
INTERNAL; 5; 9; 4; 4093; INTERNAL; 4; 8; 4; 8272
INTERNAL; 4; 8; 4; 8272; INTERNAL; 3; 7; 4; 6815
INTERNAL; 5; 9; 4; 4093; INTERNAL; 3; 8; 5; 3201
INTERNAL; 3; 8; 5; 3201; INTERNAL; 2; 6; 4; 6236
INTERNAL; 3; 8; 5; 3201; INTERNAL; 2; 7; 5; 2790
INTERNAL; 3; 8; 5; 3201; INTERNAL; 2; 7; 5; 2844
INTERNAL; 9; 11; 2; 7226; INTERNAL; 7; 10; 3; 6798
INTERNAL; 7; 10; 3; 6798; INTERNAL; 4; 9; 5; 2974
INTERNAL; 4; 9; 5; 2974; INTERNAL; 3; 8; 5; 4075
INTERNAL; 4; 9; 5; 2974; INTERNAL; 2; 8; 6; 7507
INTERNAL; 4; 9; 5; 2974; INTERNAL; 2; 8; 6; 5257
INTERNAL; 4; 9; 5; 2974; INTERNAL; 2; 8; 6; 6026
INTERNAL; 7; 10; 3; 6798; INTERNAL; 6; 9; 3; 8275
INTERNAL; 6; 9; 3; 8275; INTERNAL; 4; 8; 4; 3259
INTERNAL; 7; 10; 3; 6798; INTERNAL; 3; 9; 6; 8277
INTERNAL; 9; 11; 2; 7226; INTERNAL; 8; 10; 2; 6860
INTERNAL; 10; 12; 2; 6388; INTERNAL; 8; 11; 3; 4419
INTERNAL; 11; 13; 2; 7968; INTERNAL; 10; 12; 2; 7969
INTERNAL; 10; 12; 2; 7969; INTERNAL; 8; 11; 3; 4991
INTERNAL; 10; 12; 2; 7969; INTERNAL; 8; 11; 3; 7972
INTERNAL; 8; 11; 3; 7972; INTERNAL; 7; 10; 3; 8070
INTERNAL; 7; 10; 3; 8070; INTERNAL; 6; 9; 3; 4833
INTERNAL; 6; 9; 3; 4833; INTERNAL; 5; 8; 3; 8076
INTERNAL; 5; 8; 3; 8076; INTERNAL; 2; 7; 5; 6468
INTERNAL; 5; 8; 3; 8076; INTERNAL; 3; 7; 4; 2159
INTERNAL; 3; 7; 4; 2159; INTERNAL; 2; 4; 2; 3600
INTERNAL; 6; 9; 3; 4833; INTERNAL; 4; 8; 4; 8079
INTERNAL; 7; 10; 3; 8070; INTERNAL; 5; 9; 4; 8072
INTERNAL; 5; 9; 4; 8072; INTERNAL; 3; 8; 5; 4955
INTERNAL; 5; 9; 4; 8072; INTERNAL; 2; 6; 4; 2209
INTERNAL; 2; 6; 4; 2209; INPUT; 1; 5; 4; 7508
INTERNAL; 2; 6; 4; 2209; INPUT; 1; 5; 4; 6159
INTERNAL; 2; 6; 4; 2209; INPUT; 1; 5; 4; 8098
INTERNAL; 2; 6; 4; 2209; INPUT; 1; 5; 4; 7308
INTERNAL; 5; 9; 4; 8072; INTERNAL; 3; 8; 5; 4912
INTERNAL; 3; 8; 5; 4912; INTERNAL; 2; 4; 2; 5707
INTERNAL; 5; 9; 4; 8072; INTERNAL; 4; 8; 4; 4543
INTERNAL; 7; 10; 3; 8070; INTERNAL; 5; 9; 4; 8073
INTERNAL; 5; 9; 4; 8073; INTERNAL; 4; 8; 4; 4569
INTERNAL; 8; 11; 3; 7972; INTERNAL; 7; 10; 3; 3971
INTERNAL; 8; 11; 3; 7972; INTERNAL; 7; 10; 3; 8212
INTERNAL; 10; 12; 2; 7969; INTERNAL; 9; 11; 2; 7645
INTERNAL; 9; 11; 2; 7645; INTERNAL; 7; 10; 3; 7976
INTERNAL; 7; 10; 3; 7976; INTERNAL; 5; 9; 4; 4044
INTERNAL; 5; 9; 4; 4044; INTERNAL; 4; 8; 4; 8038
INTERNAL; 4; 8; 4; 8038; INTERNAL; 2; 6; 4; 6339
INTERNAL; 5; 9; 4; 4044; INTERNAL; 4; 8; 4; 6060
INTERNAL; 5; 9; 4; 4044; INTERNAL; 3; 8; 5; 2108
INTERNAL; 3; 8; 5; 2108; INTERNAL; 2; 7; 5; 7013
INTERNAL; 5; 9; 4; 4044; INTERNAL; 4; 8; 4; 8043
INTERNAL; 4; 8; 4; 8043; INTERNAL; 3; 7; 4; 6184
INTERNAL; 4; 8; 4; 8043; INTERNAL; 3; 7; 4; 8047
INTERNAL; 3; 7; 4; 8047; INTERNAL; 2; 6; 4; 6920
INTERNAL; 3; 7; 4; 8047; INTERNAL; 2; 6; 4; 8050
INTERNAL; 2; 6; 4; 8050; INPUT; 1; 5; 4; 8052
INTERNAL; 2; 6; 4; 8050; INPUT; 1; 5; 4; 7405
INTERNAL; 2; 6; 4; 8050; INPUT; 1; 5; 4; 3760
INTERNAL; 2; 6; 4; 8050; INPUT; 1; 5; 4; 5878
INTERNAL; 3; 7; 4; 8047; INTERNAL; 2; 6; 4; 5915
INTERNAL; 7; 10; 3; 7976; INTERNAL; 6; 9; 3; 8013
INTERNAL; 6; 9; 3; 8013; INTERNAL; 4; 8; 4; 8018
INTERNAL; 6; 9; 3; 8013; INTERNAL; 5; 8; 3; 3335
INTERNAL; 5; 8; 3; 3335; INTERNAL; 3; 7; 4; 8020
INTERNAL; 3; 7; 4; 8020; INTERNAL; 2; 6; 4; 4234
INTERNAL; 5; 8; 3; 3335; INTERNAL; 4; 7; 3; 6976
INTERNAL; 4; 7; 3; 6976; INTERNAL; 2; 6; 4; 8023
INTERNAL; 4; 7; 3; 6976; INTERNAL; 2; 6; 4; 2661
INTERNAL; 6; 9; 3; 8013; INTERNAL; 4; 8; 4; 8015
INTERNAL; 4; 8; 4; 8015; INTERNAL; 3; 7; 4; 8024
INTERNAL; 7; 10; 3; 7976; INTERNAL; 5; 9; 4; 8014
INTERNAL; 5; 9; 4; 8014; INTERNAL; 2; 8; 6; 8028
INTERNAL; 5; 9; 4; 8014; INTERNAL; 4; 8; 4; 2994
INTERNAL; 4; 8; 4; 2994; INTERNAL; 3; 7; 4; 8032
INTERNAL; 4; 8; 4; 2994; INTERNAL; 2; 7; 5; 5537
INTERNAL; 4; 8; 4; 2994; INTERNAL; 3; 7; 4; 8031
INTERNAL; 3; 7; 4; 8031; INTERNAL; 2; 5; 3; 6648
INTERNAL; 4; 8; 4; 2994; INTERNAL; 3; 7; 4; 7471
INTERNAL; 5; 9; 4; 8014; INTERNAL; 2; 8; 6; 8029
INTERNAL; 5; 9; 4; 8014; INTERNAL; 2; 8; 6; 4081
INTERNAL; 9; 11; 2; 7645; INTERNAL; 7; 10; 3; 7978
INTERNAL; 9; 11; 2; 7645; INTERNAL; 8; 10; 2; 6224
INTERNAL; 8; 10; 2; 6224; INTERNAL; 7; 9; 2; 7019
INTERNAL; 7; 9; 2; 7019; INTERNAL; 6; 8; 2; 4308
INTERNAL; 6; 8; 2; 4308; INTERNAL; 4; 7; 3; 7984
INTERNAL; 7; 9; 2; 7019; INTERNAL; 4; 8; 4; 7089
INTERNAL; 4; 8; 4; 7089; INTERNAL; 2; 6; 4; 6767
INTERNAL; 2; 6; 4; 6767; INPUT; 1; 5; 4; 3338
INTERNAL; 2; 6; 4; 6767; INPUT; 1; 5; 4; 6771
INTERNAL; 2; 6; 4; 6767; INPUT; 1; 5; 4; 4972
INTERNAL; 2; 6; 4; 6767; INPUT; 1; 5; 4; 7333
INTERNAL; 8; 10; 2; 6224; INTERNAL; 6; 9; 3; 7982
INTERNAL; 6; 9; 3; 7982; INTERNAL; 4; 8; 4; 7998
INTERNAL; 4; 8; 4; 7998; INTERNAL; 3; 7; 4; 2646
INTERNAL; 3; 7; 4; 2646; INTERNAL; 2; 4; 2; 6400
INTERNAL; 6; 9; 3; 7982; INTERNAL; 5; 8; 3; 7999
INTERNAL; 5; 8; 3; 7999; INTERNAL; 4; 7; 3; 8002
INTERNAL; 5; 8; 3; 7999; INTERNAL; 4; 7; 3; 8000
INTERNAL; 5; 8; 3; 7999; INTERNAL; 2; 7; 5; 4415
INTERNAL; 12; 14; 2; 7962; INTERNAL; 11; 13; 2; 2632
INTERNAL; 11; 13; 2; 2632; INTERNAL; 8; 12; 4; 6991
INTERNAL; 8; 12; 4; 6991; INTERNAL; 4; 11; 7; 8339
INTERNAL; 8; 12; 4; 6991; INTERNAL; 7; 11; 4; 8334
INTERNAL; 8; 12; 4; 6991; INTERNAL; 5; 11; 6; 6755
INTERNAL; 5; 11; 6; 6755; INTERNAL; 4; 10; 6; 2634
INTERNAL; 5; 11; 6; 6755; INTERNAL; 4; 10; 6; 8328
INTERNAL; 4; 10; 6; 8328; INPUT; 1; 6; 5; 7666
INTERNAL; 5; 11; 6; 6755; INTERNAL; 3; 10; 7; 8327
INTERNAL; 3; 10; 7; 8327; INTERNAL; 2; 9; 7; 2278
INTERNAL; 11; 13; 2; 2632; INTERNAL; 10; 12; 2; 4726
INTERNAL; 10; 12; 2; 4726; INTERNAL; 5; 11; 6; 8017
INTERNAL; 5; 11; 6; 8017; INTERNAL; 4; 10; 6; 4571
INTERNAL; 4; 10; 6; 4571; INTERNAL; 3; 9; 6; 7336
INTERNAL; 3; 9; 6; 7336; INTERNAL; 2; 8; 6; 7403
INTERNAL; 4; 10; 6; 4571; INTERNAL; 3; 9; 6; 8331
INTERNAL; 5; 11; 6; 8017; INTERNAL; 4; 10; 6; 5410
INTERNAL; 4; 10; 6; 5410; INTERNAL; 2; 9; 7; 3342
INTERNAL; 10; 12; 2; 4726; INTERNAL; 7; 11; 4; 6647
INTERNAL; 7; 11; 4; 6647; INTERNAL; 6; 10; 4; 5270
INTERNAL; 6; 10; 4; 5270; INTERNAL; 3; 9; 6; 6320
INTERNAL; 6; 10; 4; 5270; INTERNAL; 5; 9; 4; 4324
INTERNAL; 5; 9; 4; 4324; INTERNAL; 4; 8; 4; 2625
INTERNAL; 4; 8; 4; 2625; INTERNAL; 3; 7; 4; 2626
INTERNAL; 3; 7; 4; 2626; INTERNAL; 2; 6; 4; 3608
INTERNAL; 6; 10; 4; 5270; INTERNAL; 2; 9; 7; 2870
INTERNAL; 7; 11; 4; 6647; INTERNAL; 6; 10; 4; 7865
INTERNAL; 6; 10; 4; 7865; INTERNAL; 5; 9; 4; 8103
INTERNAL; 5; 9; 4; 8103; INTERNAL; 4; 8; 4; 5986
INTERNAL; 4; 8; 4; 5986; INTERNAL; 2; 4; 2; 5519
INTERNAL; 5; 9; 4; 8103; INTERNAL; 3; 8; 5; 8324
INTERNAL; 10; 12; 2; 4726; INTERNAL; 9; 11; 2; 6272
INTERNAL; 11; 13; 2; 2632; INTERNAL; 8; 12; 4; 8321
INTERNAL; 8; 12; 4; 8321; INTERNAL; 7; 11; 4; 3980
INTERNAL; 7; 11; 4; 3980; INTERNAL; 3; 10; 7; 5914
INTERNAL; 7; 11; 4; 3980; INTERNAL; 6; 10; 4; 4040
INTERNAL; 6; 10; 4; 4040; INTERNAL; 5; 9; 4; 5505
INTERNAL; 5; 9; 4; 5505; INTERNAL; 3; 7; 4; 7285
INTERNAL; 5; 9; 4; 5505; INTERNAL; 4; 8; 4; 8346
INTERNAL; 5; 9; 4; 5505; INTERNAL; 2; 8; 6; 4866
INTERNAL; 5; 9; 4; 5505; INTERNAL; 3; 8; 5; 8344
INTERNAL; 7; 11; 4; 3980; INTERNAL; 2; 5; 3; 8108
INTERNAL; 7; 11; 4; 3980; INTERNAL; 5; 10; 5; 8343
INTERNAL; 5; 10; 5; 8343; INTERNAL; 4; 9; 5; 8351
INTERNAL; 4; 9; 5; 8351; INTERNAL; 3; 8; 5; 3296
INTERNAL; 5; 10; 5; 8343; INTERNAL; 4; 9; 5; 2995
INTERNAL; 4; 9; 5; 2995; INTERNAL; 3; 8; 5; 2365
INTERNAL; 8; 12; 4; 8321; INTERNAL; 6; 11; 5; 8342
INTERNAL; 6; 11; 5; 8342; INTERNAL; 5; 10; 5; 2027
INTERNAL; 5; 10; 5; 2027; INTERNAL; 2; 6; 4; 2023
INTERNAL; 2; 6; 4; 2023; INPUT; 1; 5; 4; 7060
INTERNAL; 5; 10; 5; 2027; INTERNAL; 4; 9; 5; 2024
INTERNAL; 4; 9; 5; 2024; INTERNAL; 2; 4; 2; 2845
INTERNAL; 5; 10; 5; 2027; INTERNAL; 3; 9; 6; 2026
INTERNAL; 5; 10; 5; 2027; INTERNAL; 4; 9; 5; 2022
INTERNAL; 4; 9; 5; 2022; INTERNAL; 3; 8; 5; 3464
INTERNAL; 3; 8; 5; 3464; INTERNAL; 2; 6; 4; 4787
INTERNAL; 4; 9; 5; 2022; INTERNAL; 2; 8; 6; 2020
INTERNAL; 6; 11; 5; 8342; INTERNAL; 4; 10; 6; 8370
INTERNAL; 4; 10; 6; 8370; INTERNAL; 2; 6; 4; 4339
INTERNAL; 4; 10; 6; 8370; INTERNAL; 3; 9; 6; 2018
INTERNAL; 4; 10; 6; 8370; INTERNAL; 3; 9; 6; 2017
INTERNAL; 6; 11; 5; 8342; INTERNAL; 4; 10; 6; 8369
INTERNAL; 4; 10; 6; 8369; INTERNAL; 3; 9; 6; 6628
INTERNAL; 3; 9; 6; 6628; INTERNAL; 2; 8; 6; 7919
INTERNAL; 4; 10; 6; 8369; INTERNAL; 2; 6; 4; 5631
INTERNAL; 8; 12; 4; 8321; INTERNAL; 6; 11; 5; 8340
INTERNAL; 6; 11; 5; 8340; INTERNAL; 3; 10; 7; 8354
INTERNAL; 3; 10; 7; 8354; INTERNAL; 2; 9; 7; 8368
INTERNAL; 6; 11; 5; 8340; INTERNAL; 4; 10; 6; 8353
INTERNAL; 4; 10; 6; 8353; INTERNAL; 3; 9; 6; 3184
INTERNAL; 6; 11; 5; 8340; INTERNAL; 5; 10; 5; 8355
INTERNAL; 5; 10; 5; 8355; INTERNAL; 3; 9; 6; 3207
INTERNAL; 3; 9; 6; 3207; INTERNAL; 2; 7; 5; 8360
INTERNAL; 3; 9; 6; 3207; INTERNAL; 2; 8; 6; 6123
INTERNAL; 5; 10; 5; 8355; INTERNAL; 3; 9; 6; 8359
INTERNAL; 5; 10; 5; 8355; INTERNAL; 4; 9; 5; 6344
INTERNAL; 5; 10; 5; 8355; INTERNAL; 4; 9; 5; 4273
INTERNAL; 12; 14; 2; 7962; INTERNAL; 11; 13; 2; 3154
INTERNAL; 11; 13; 2; 3154; INTERNAL; 10; 12; 2; 2014
INTERNAL; 11; 13; 2; 3154; INTERNAL; 6; 12; 6; 2012
INTERNAL; 6; 12; 6; 2012; INTERNAL; 5; 11; 6; 2007
INTERNAL; 5; 11; 6; 2007; INTERNAL; 4; 10; 6; 2005
INTERNAL; 5; 11; 6; 2007; INTERNAL; 3; 10; 7; 2560
INTERNAL; 3; 10; 7; 2560; INTERNAL; 2; 6; 4; 6773
INTERNAL; 2; 6; 4; 6773; INPUT; 1; 4; 3; 3701
INTERNAL; 2; 6; 4; 6773; INPUT; 1; 4; 3; 7118
INTERNAL; 5; 11; 6; 2007; INTERNAL; 4; 10; 6; 5722
INTERNAL; 6; 12; 6; 2012; INTERNAL; 4; 11; 7; 2009
INTERNAL; 6; 12; 6; 2012; INTERNAL; 3; 11; 8; 5745
INTERNAL; 11; 13; 2; 3154; INTERNAL; 9; 12; 3; 2603
INTERNAL; 13; 15; 2; 1950; INTERNAL; 12; 14; 2; 7965
INTERNAL; 12; 14; 2; 7965; INTERNAL; 6; 13; 7; 7805
INTERNAL; 6; 13; 7; 7805; INTERNAL; 3; 12; 9; 1983
INTERNAL; 3; 12; 9; 1983; INTERNAL; 2; 11; 9; 1974
INTERNAL; 3; 12; 9; 1983; INTERNAL; 2; 11; 9; 2724
INTERNAL; 6; 13; 7; 7805; INTERNAL; 3; 12; 9; 5259
INTERNAL; 3; 12; 9; 5259; INTERNAL; 2; 7; 5; 1975
INTERNAL; 6; 13; 7; 7805; INTERNAL; 5; 12; 7; 1982
INTERNAL; 5; 12; 7; 1982; INTERNAL; 3; 11; 8; 1980
INTERNAL; 5; 12; 7; 1982; INTERNAL; 4; 11; 7; 7376
INTERNAL; 4; 11; 7; 7376; INTERNAL; 3; 10; 7; 1979
INTERNAL; 5; 12; 7; 1982; INTERNAL; 2; 6; 4; 5284
INTERNAL; 12; 14; 2; 7965; INTERNAL; 9; 13; 4; 7774
INTERNAL; 9; 13; 4; 7774; INTERNAL; 6; 12; 6; 2002
INTERNAL; 6; 12; 6; 2002; INTERNAL; 4; 11; 7; 7486
INTERNAL; 6; 12; 6; 2002; INTERNAL; 4; 11; 7; 1999
INTERNAL; 4; 11; 7; 1999; INTERNAL; 3; 10; 7; 1985
INTERNAL; 6; 12; 6; 2002; INTERNAL; 5; 11; 6; 1989
INTERNAL; 5; 11; 6; 1989; INTERNAL; 4; 10; 6; 1987
INTERNAL; 6; 12; 6; 2002; INTERNAL; 3; 11; 8; 1992
INTERNAL; 3; 11; 8; 1992; INTERNAL; 2; 6; 4; 1984
INTERNAL; 9; 13; 4; 7774; INTERNAL; 8; 12; 4; 2004
INTERNAL; 9; 13; 4; 7774; INTERNAL; 6; 12; 6; 4379
INTERNAL; 6; 12; 6; 4379; INTERNAL; 5; 11; 6; 2000
INTERNAL; 5; 11; 6; 2000; INTERNAL; 4; 10; 6; 1998
INTERNAL; 4; 10; 6; 1998; INTERNAL; 3; 8; 5; 7672
INTERNAL; 6; 12; 6; 4379; INTERNAL; 4; 11; 7; 2001
INTERNAL; 4; 11; 7; 2001; INTERNAL; 3; 10; 7; 1996
INTERNAL; 6; 12; 6; 4379; INTERNAL; 3; 11; 8; 5651
INTERNAL; 3; 11; 8; 5651; INTERNAL; 2; 7; 5; 6988
INTERNAL; 12; 14; 2; 7965; INTERNAL; 11; 13; 2; 8062
INTERNAL; 13; 15; 2; 1950; INTERNAL; 9; 14; 5; 7966
INTERNAL; 14; 16; 2; 7960; INTERNAL; 13; 15; 2; 1949
INTERNAL; 13; 15; 2; 1949; INTERNAL; 12; 14; 2; 5263
INTERNAL; 13; 15; 2; 1949; INTERNAL; 6; 14; 8; 1948
INTERNAL; 6; 14; 8; 1948; INTERNAL; 4; 13; 9; 1945
INTERNAL; 4; 13; 9; 1945; INTERNAL; 3; 12; 9; 1942
INTERNAL; 4; 13; 9; 1945; INTERNAL; 2; 12; 10; 2832
INTERNAL; 6; 14; 8; 1948; INTERNAL; 3; 13; 10; 4474
INTERNAL; 6; 14; 8; 1948; INTERNAL; 3; 13; 10; 1946
INTERNAL; 6; 14; 8; 1948; INTERNAL; 5; 13; 8; 5628
INTERNAL; 5; 13; 8; 5628; INTERNAL; 4; 12; 8; 1944
INTERNAL; 4; 12; 8; 1944; INTERNAL; 3; 11; 8; 1943
INTERNAL; 15; 20; 5; 1927; INTERNAL; 14; 16; 2; 7577
INTERNAL; 14; 16; 2; 7577; INTERNAL; 13; 15; 2; 7961
INTERNAL; 14; 16; 2; 7577; INTERNAL; 13; 15; 2; 7925
INTERNAL; 13; 15; 2; 7925; INTERNAL; 11; 14; 3; 1972
INTERNAL; 13; 15; 2; 7925; INTERNAL; 12; 14; 2; 2264
INTERNAL; 13; 15; 2; 7925; INTERNAL; 12; 14; 2; 1973
INTERNAL; 12; 14; 2; 1973; INTERNAL; 11; 13; 2; 1968
INTERNAL; 11; 13; 2; 1968; INTERNAL; 8; 12; 4; 1952
INTERNAL; 11; 13; 2; 1968; INTERNAL; 7; 12; 5; 1951
INTERNAL; 11; 13; 2; 1968; INTERNAL; 10; 12; 2; 1953
INTERNAL; 12; 14; 2; 1973; INTERNAL; 11; 13; 2; 1970
INTERNAL; 11; 13; 2; 1970; INTERNAL; 10; 12; 2; 4603
INTERNAL; 10; 12; 2; 4603; INTERNAL; 9; 11; 2; 1963
INTERNAL; 10; 12; 2; 4603; INTERNAL; 8; 11; 3; 1962
INTERNAL; 8; 11; 3; 1962; INTERNAL; 7; 10; 3; 1956
INTERNAL; 8; 11; 3; 1962; INTERNAL; 7; 10; 3; 5188
INTERNAL; 10; 12; 2; 4603; INTERNAL; 9; 11; 2; 2982
INTERNAL; 9; 11; 2; 2982; INTERNAL; 7; 10; 3; 1960
INTERNAL; 7; 10; 3; 1960; INTERNAL; 6; 9; 3; 1959
INTERNAL; 6; 9; 3; 1959; INTERNAL; 5; 8; 3; 5008
INTERNAL; 5; 8; 3; 5008; INTERNAL; 4; 7; 3; 1958
INTERNAL; 4; 7; 3; 1958; INTERNAL; 2; 6; 4; 1957
INTERNAL; 9; 11; 2; 2982; INTERNAL; 8; 10; 2; 1961
INTERNAL; 11; 13; 2; 1970; INTERNAL; 10; 12; 2; 1964
INTERNAL; 10; 12; 2; 1964; INTERNAL; 9; 11; 2; 7621
INTERNAL; 10; 12; 2; 1964; INTERNAL; 7; 11; 4; 4536
INTERNAL; 10; 12; 2; 1964; INTERNAL; 8; 11; 3; 1955
INTERNAL; 11; 13; 2; 1970; INTERNAL; 10; 12; 2; 6127
INTERNAL; 12; 14; 2; 1973; INTERNAL; 11; 13; 2; 1971
INTERNAL; 18; 21; 3; 7786; INTERNAL; 16; 20; 4; 5615
INTERNAL; 16; 20; 4; 5615; INTERNAL; 14; 19; 5; 3347
INTERNAL; 16; 20; 4; 5615; INTERNAL; 13; 19; 6; 1926
INTERNAL; 18; 21; 3; 7786; INTERNAL; 16; 20; 4; 2300
INTERNAL; 16; 20; 4; 2300; INTERNAL; 14; 17; 3; 7954
INTERNAL; 16; 20; 4; 2300; INTERNAL; 13; 17; 4; 7959
INTERNAL; 13; 17; 4; 7959; INTERNAL; 12; 16; 4; 7549
INTERNAL; 13; 17; 4; 7959; INTERNAL; 12; 16; 4; 2831
INTERNAL; 12; 16; 4; 2831; INTERNAL; 10; 15; 5; 1939
INTERNAL; 12; 16; 4; 2831; INTERNAL; 11; 15; 4; 6753
INTERNAL; 11; 15; 4; 6753; INTERNAL; 10; 14; 4; 8042
INTERNAL; 10; 14; 4; 8042; INTERNAL; 7; 13; 6; 1936
INTERNAL; 10; 14; 4; 8042; INTERNAL; 9; 13; 4; 1937
INTERNAL; 11; 15; 4; 6753; INTERNAL; 10; 14; 4; 1938
INTERNAL; 11; 15; 4; 6753; INTERNAL; 8; 14; 6; 3012
INTERNAL; 12; 16; 4; 2831; INTERNAL; 11; 15; 4; 1941
INTERNAL; 13; 17; 4; 7959; INTERNAL; 11; 16; 5; 3829
INTERNAL; 16; 20; 4; 2300; INTERNAL; 15; 17; 2; 7958
INTERNAL; 16; 20; 4; 2300; INTERNAL; 13; 17; 4; 6521
INTERNAL; 21; 22; 1; 7945; INTERNAL; 19; 21; 2; 6823
INTERNAL; 19; 21; 2; 6823; INTERNAL; 14; 20; 6; 4947
INTERNAL; 14; 20; 6; 4947; INTERNAL; 13; 19; 6; 1930
INTERNAL; 13; 19; 6; 1930; INTERNAL; 12; 16; 4; 1932
INTERNAL; 13; 19; 6; 1930; INTERNAL; 12; 16; 4; 4715
INTERNAL; 12; 16; 4; 4715; INTERNAL; 10; 15; 5; 5483
INTERNAL; 12; 16; 4; 4715; INTERNAL; 11; 15; 4; 1931
INTERNAL; 14; 20; 6; 4947; INTERNAL; 12; 19; 7; 1928
INTERNAL; 19; 21; 2; 6823; INTERNAL; 18; 20; 2; 7950
INTERNAL; 18; 20; 2; 7950; INTERNAL; 14; 19; 5; 7951
INTERNAL; 14; 19; 5; 7951; INTERNAL; 13; 17; 4; 1935
INTERNAL; 14; 19; 5; 7951; INTERNAL; 13; 17; 4; 1933
INTERNAL; 18; 20; 2; 7950; INTERNAL; 17; 19; 2; 4433
INTERNAL; 17; 19; 2; 4433; INTERNAL; 16; 18; 2; 4954
INTERNAL; 17; 19; 2; 4433; INTERNAL; 14; 18; 4; 7952
INTERNAL; 21; 22; 1; 7945; INTERNAL; 17; 21; 4; 7949
INTERNAL; 22; 23; 1; 4301; INTERNAL; 18; 22; 4; 7947
INTERNAL; 22; 23; 1; 4301; INTERNAL; 19; 22; 3; 3952
INTERNAL; 24; 24; 0; 7546; INTERNAL; 21; 23; 2; 4184
INTERNAL; 21; 23; 2; 4184; INTERNAL; 19; 21; 2; 4591
INTERNAL; 19; 21; 2; 4591; INTERNAL; 14; 20; 6; 1922
INTERNAL; 14; 20; 6; 1922; INTERNAL; 12; 19; 7; 2050
INTERNAL; 12; 19; 7; 2050; INTERNAL; 10; 15; 5; 7693
INTERNAL; 10; 15; 5; 7693; INTERNAL; 9; 13; 4; 1432
INTERNAL; 9; 13; 4; 1432; INTERNAL; 7; 10; 3; 1456
INTERNAL; 7; 10; 3; 1456; INTERNAL; 2; 7; 5; 5833
INTERNAL; 7; 10; 3; 1456; INTERNAL; 3; 7; 4; 1801
INTERNAL; 7; 10; 3; 1456; INTERNAL; 6; 9; 3; 7396
INTERNAL; 6; 9; 3; 7396; INTERNAL; 4; 8; 4; 1739
INTERNAL; 4; 8; 4; 1739; INTERNAL; 3; 7; 4; 2350
INTERNAL; 3; 7; 4; 2350; INTERNAL; 2; 5; 3; 1891
INTERNAL; 3; 7; 4; 2350; INPUT; 1; 4; 3; 6990
INTERNAL; 3; 7; 4; 2350; INPUT; 1; 4; 3; 2633
INTERNAL; 6; 9; 3; 7396; INTERNAL; 2; 6; 4; 1882
INTERNAL; 2; 6; 4; 1882; INPUT; 1; 5; 4; 1865
INTERNAL; 2; 6; 4; 1882; INPUT; 1; 5; 4; 7598
INTERNAL; 2; 6; 4; 1882; INPUT; 1; 5; 4; 6008
INTERNAL; 2; 6; 4; 1882; INPUT; 1; 5; 4; 1867
INTERNAL; 6; 9; 3; 7396; INTERNAL; 5; 8; 3; 1969
INTERNAL; 5; 8; 3; 1969; INTERNAL; 4; 7; 3; 1454
INTERNAL; 4; 7; 3; 1454; INTERNAL; 2; 6; 4; 3225
INTERNAL; 5; 8; 3; 1969; INTERNAL; 4; 7; 3; 1453
INTERNAL; 4; 7; 3; 1453; INTERNAL; 2; 6; 4; 3890
INTERNAL; 4; 7; 3; 1453; INTERNAL; 2; 6; 4; 1881
INTERNAL; 4; 7; 3; 1453; INTERNAL; 2; 6; 4; 4146
INTERNAL; 2; 6; 4; 4146; INPUT; 1; 5; 4; 4175
INTERNAL; 2; 6; 4; 4146; INPUT; 1; 5; 4; 7349
INTERNAL; 2; 6; 4; 4146; INPUT; 1; 5; 4; 5144
INTERNAL; 2; 6; 4; 4146; INPUT; 1; 5; 4; 7345
INTERNAL; 4; 7; 3; 1453; INTERNAL; 3; 6; 3; 1849
INTERNAL; 3; 6; 3; 1849; INPUT; 1; 5; 4; 2013
INTERNAL; 3; 6; 3; 1849; INPUT; 1; 5; 4; 6334
INTERNAL; 3; 6; 3; 1849; INPUT; 1; 5; 4; 1845
INTERNAL; 3; 6; 3; 1849; INPUT; 1; 5; 4; 1844
INTERNAL; 5; 8; 3; 1969; INTERNAL; 2; 6; 4; 7792
INTERNAL; 5; 8; 3; 1969; INTERNAL; 2; 6; 4; 3651
INTERNAL; 6; 9; 3; 7396; INTERNAL; 3; 8; 5; 1455
INTERNAL; 9; 13; 4; 1432; INTERNAL; 8; 10; 2; 1458
INTERNAL; 8; 10; 2; 1458; INTERNAL; 6; 9; 3; 5536
INTERNAL; 6; 9; 3; 5536; INTERNAL; 5; 8; 3; 6153
INTERNAL; 5; 8; 3; 6153; INTERNAL; 3; 7; 4; 1869
INTERNAL; 5; 8; 3; 6153; INTERNAL; 4; 7; 3; 1868
INTERNAL; 6; 9; 3; 5536; INTERNAL; 5; 8; 3; 5304
INTERNAL; 5; 8; 3; 5304; INTERNAL; 4; 7; 3; 5000
INTERNAL; 8; 10; 2; 1458; INTERNAL; 7; 9; 2; 1897
INTERNAL; 7; 9; 2; 1897; INTERNAL; 3; 8; 5; 1896
INTERNAL; 3; 8; 5; 1896; INTERNAL; 2; 7; 5; 1885
INTERNAL; 2; 7; 5; 1885; INPUT; 1; 4; 3; 2756
INTERNAL; 2; 7; 5; 1885; INPUT; 1; 4; 3; 4742
INTERNAL; 2; 7; 5; 1885; INPUT; 1; 4; 3; 4867
INTERNAL; 2; 7; 5; 1885; INPUT; 1; 4; 3; 2171
INTERNAL; 3; 8; 5; 1896; INPUT; 1; 4; 3; 8077
INTERNAL; 3; 8; 5; 1896; INTERNAL; 2; 6; 4; 7259
INTERNAL; 3; 8; 5; 1896; INPUT; 1; 5; 4; 1893
INTERNAL; 3; 8; 5; 1896; INPUT; 1; 4; 3; 1887
INTERNAL; 7; 9; 2; 1897; INTERNAL; 3; 8; 5; 6890
INTERNAL; 7; 9; 2; 1897; INTERNAL; 6; 8; 2; 7368
INTERNAL; 6; 8; 2; 7368; INTERNAL; 3; 7; 4; 1895
INTERNAL; 6; 8; 2; 7368; INTERNAL; 3; 7; 4; 7559
INTERNAL; 6; 8; 2; 7368; INTERNAL; 2; 7; 5; 1894
INTERNAL; 6; 8; 2; 7368; INTERNAL; 5; 7; 2; 3560
INTERNAL; 5; 7; 2; 3560; INTERNAL; 4; 6; 2; 3444
INTERNAL; 4; 6; 2; 3444; INTERNAL; 2; 5; 3; 1892
INTERNAL; 4; 6; 2; 3444; INPUT; 1; 5; 4; 7633
INTERNAL; 7; 9; 2; 1897; INTERNAL; 4; 8; 4; 2008
INTERNAL; 4; 8; 4; 2008; INTERNAL; 2; 7; 5; 6596
INTERNAL; 10; 15; 5; 7693; INTERNAL; 7; 13; 6; 1431
INTERNAL; 12; 19; 7; 2050; INTERNAL; 11; 15; 4; 1426
INTERNAL; 11; 15; 4; 1426; INTERNAL; 10; 14; 4; 1901
INTERNAL; 11; 15; 4; 1426; INTERNAL; 9; 14; 5; 6392
INTERNAL; 9; 14; 5; 6392; INTERNAL; 7; 10; 3; 7109
INTERNAL; 7; 10; 3; 7109; INTERNAL; 6; 9; 3; 1843
INTERNAL; 6; 9; 3; 1843; INTERNAL; 3; 8; 5; 6426
INTERNAL; 3; 8; 5; 6426; INTERNAL; 2; 7; 5; 1807
INTERNAL; 3; 8; 5; 6426; INTERNAL; 2; 7; 5; 2944
INTERNAL; 6; 9; 3; 1843; INTERNAL; 5; 8; 3; 1815
INTERNAL; 5; 8; 3; 1815; INTERNAL; 2; 7; 5; 1813
INTERNAL; 5; 8; 3; 1815; INTERNAL; 4; 7; 3; 1811
INTERNAL; 4; 7; 3; 1811; INTERNAL; 2; 5; 3; 1809
INTERNAL; 4; 7; 3; 1811; INTERNAL; 3; 5; 2; 7685
INTERNAL; 5; 8; 3; 1815; INTERNAL; 3; 7; 4; 4687
INTERNAL; 3; 7; 4; 4687; INTERNAL; 2; 5; 3; 6832
INTERNAL; 6; 9; 3; 1843; INTERNAL; 4; 8; 4; 1816
INTERNAL; 4; 8; 4; 1816; INTERNAL; 3; 7; 4; 6806
INTERNAL; 3; 7; 4; 6806; INTERNAL; 2; 4; 2; 3926
INTERNAL; 7; 10; 3; 7109; INTERNAL; 6; 9; 3; 3857
INTERNAL; 6; 9; 3; 3857; INTERNAL; 4; 8; 4; 7249
INTERNAL; 4; 8; 4; 7249; INTERNAL; 3; 7; 4; 5079
INTERNAL; 6; 9; 3; 3857; INTERNAL; 5; 8; 3; 1836
INTERNAL; 5; 8; 3; 1836; INTERNAL; 2; 7; 5; 1835
INTERNAL; 2; 7; 5; 1835; INPUT; 1; 6; 5; 1830
INTERNAL; 2; 7; 5; 1835; INPUT; 1; 6; 5; 1832
INTERNAL; 2; 7; 5; 1835; INPUT; 1; 6; 5; 6315
INTERNAL; 2; 7; 5; 1835; INPUT; 1; 6; 5; 1831
INTERNAL; 5; 8; 3; 1836; INTERNAL; 4; 7; 3; 4789
INTERNAL; 4; 7; 3; 4789; INTERNAL; 2; 6; 4; 4066
INTERNAL; 6; 9; 3; 3857; INTERNAL; 3; 8; 5; 1838
INTERNAL; 6; 9; 3; 3857; INTERNAL; 5; 8; 3; 1839
INTERNAL; 5; 8; 3; 1839; INTERNAL; 2; 7; 5; 1829
INTERNAL; 5; 8; 3; 1839; INTERNAL; 3; 7; 4; 3491
INTERNAL; 5; 8; 3; 1839; INTERNAL; 4; 7; 3; 6200
INTERNAL; 4; 7; 3; 6200; INTERNAL; 3; 6; 3; 1828
INTERNAL; 7; 10; 3; 7109; INTERNAL; 6; 9; 3; 6537
INTERNAL; 6; 9; 3; 6537; INTERNAL; 4; 8; 4; 4488
INTERNAL; 6; 9; 3; 6537; INTERNAL; 3; 8; 5; 7418
INTERNAL; 3; 8; 5; 7418; INTERNAL; 2; 6; 4; 1852
INTERNAL; 2; 6; 4; 1852; INPUT; 1; 5; 4; 4668
INTERNAL; 6; 9; 3; 6537; INTERNAL; 4; 8; 4; 1825
INTERNAL; 4; 8; 4; 1825; INTERNAL; 2; 7; 5; 6590
INTERNAL; 4; 8; 4; 1825; INTERNAL; 2; 7; 5; 1819
INTERNAL; 4; 8; 4; 1825; INTERNAL; 2; 7; 5; 1818
INTERNAL; 4; 8; 4; 1825; INTERNAL; 3; 7; 4; 1856
INTERNAL; 3; 7; 4; 1856; INTERNAL; 2; 6; 4; 1850
INTERNAL; 6; 9; 3; 6537; INTERNAL; 5; 8; 3; 1823
INTERNAL; 5; 8; 3; 1823; INPUT; 1; 7; 6; 1821
INTERNAL; 5; 8; 3; 1823; INPUT; 1; 7; 6; 3142
INTERNAL; 5; 8; 3; 1823; INTERNAL; 4; 7; 3; 8114
INTERNAL; 5; 8; 3; 1823; INPUT; 1; 7; 6; 1822
INTERNAL; 5; 8; 3; 1823; INPUT; 1; 7; 6; 1820
INTERNAL; 9; 14; 5; 6392; INTERNAL; 8; 10; 2; 1452
INTERNAL; 8; 10; 2; 1452; INTERNAL; 5; 9; 4; 1802
INTERNAL; 5; 9; 4; 1802; INTERNAL; 3; 8; 5; 1775
INTERNAL; 3; 8; 5; 1775; INTERNAL; 2; 6; 4; 1762
INTERNAL; 3; 8; 5; 1775; INPUT; 1; 7; 6; 1764
INTERNAL; 5; 9; 4; 1802; INTERNAL; 4; 8; 4; 1773
INTERNAL; 4; 8; 4; 1773; INTERNAL; 2; 5; 3; 2985
INTERNAL; 4; 8; 4; 1773; INTERNAL; 3; 7; 4; 7850
INTERNAL; 3; 7; 4; 7850; INTERNAL; 2; 6; 4; 1771
INTERNAL; 2; 6; 4; 1771; INPUT; 1; 5; 4; 1766
INTERNAL; 2; 6; 4; 1771; INPUT; 1; 5; 4; 1769
INTERNAL; 2; 6; 4; 1771; INPUT; 1; 5; 4; 1768
INTERNAL; 2; 6; 4; 1771; INPUT; 1; 5; 4; 1765
INTERNAL; 3; 7; 4; 7850; INTERNAL; 2; 6; 4; 1770
INTERNAL; 4; 8; 4; 1773; INTERNAL; 2; 7; 5; 3033
INTERNAL; 4; 8; 4; 1773; INTERNAL; 2; 7; 5; 1772
INTERNAL; 5; 9; 4; 1802; INTERNAL; 3; 8; 5; 1774
INTERNAL; 3; 8; 5; 1774; INTERNAL; 2; 7; 5; 1760
INTERNAL; 3; 8; 5; 1774; INTERNAL; 2; 7; 5; 1758
INTERNAL; 2; 7; 5; 1758; INPUT; 1; 4; 3; 4671
INTERNAL; 8; 10; 2; 1452; INTERNAL; 7; 9; 2; 1804
INTERNAL; 7; 9; 2; 1804; INTERNAL; 3; 8; 5; 1798
INTERNAL; 3; 8; 5; 1798; INTERNAL; 2; 6; 4; 3540
INTERNAL; 2; 6; 4; 3540; INPUT; 1; 5; 4; 3801
INTERNAL; 7; 9; 2; 1804; INTERNAL; 3; 8; 5; 3408
INTERNAL; 7; 9; 2; 1804; INTERNAL; 6; 8; 2; 6892
INTERNAL; 6; 8; 2; 6892; INTERNAL; 2; 7; 5; 1796
INTERNAL; 6; 8; 2; 6892; INTERNAL; 5; 7; 2; 1792
INTERNAL; 5; 7; 2; 1792; INTERNAL; 4; 6; 2; 1791
INTERNAL; 4; 6; 2; 1791; INTERNAL; 2; 5; 3; 7443
INTERNAL; 7; 9; 2; 1804; INTERNAL; 2; 8; 6; 1800
INTERNAL; 2; 8; 6; 1800; INPUT; 1; 7; 6; 2372
INTERNAL; 2; 8; 6; 1800; INPUT; 1; 7; 6; 5956
INTERNAL; 2; 8; 6; 1800; INPUT; 1; 7; 6; 1790
INTERNAL; 2; 8; 6; 1800; INPUT; 1; 7; 6; 7800
INTERNAL; 8; 10; 2; 1452; INTERNAL; 6; 9; 3; 1803
INTERNAL; 6; 9; 3; 1803; INTERNAL; 2; 8; 6; 1789
INTERNAL; 6; 9; 3; 1803; INTERNAL; 3; 8; 5; 8303
INTERNAL; 3; 8; 5; 8303; INTERNAL; 2; 5; 3; 4270
INTERNAL; 3; 8; 5; 8303; INTERNAL; 2; 7; 5; 1777
INTERNAL; 6; 9; 3; 1803; INTERNAL; 3; 8; 5; 4920
INTERNAL; 3; 8; 5; 4920; INTERNAL; 2; 5; 3; 1776
INTERNAL; 6; 9; 3; 1803; INTERNAL; 5; 8; 3; 1788
INTERNAL; 5; 8; 3; 1788; INTERNAL; 4; 7; 3; 5279
INTERNAL; 4; 7; 3; 5279; INPUT; 1; 6; 5; 6542
INTERNAL; 4; 7; 3; 5279; INPUT; 1; 6; 5; 3151
INTERNAL; 4; 7; 3; 5279; INPUT; 1; 6; 5; 2502
INTERNAL; 4; 7; 3; 5279; INPUT; 1; 6; 5; 1782
INTERNAL; 5; 8; 3; 1788; INTERNAL; 2; 7; 5; 1785
INTERNAL; 2; 7; 5; 1785; INPUT; 1; 6; 5; 1780
INTERNAL; 2; 7; 5; 1785; INPUT; 1; 6; 5; 1779
INTERNAL; 2; 7; 5; 1785; INPUT; 1; 6; 5; 5959
INTERNAL; 5; 8; 3; 1788; INTERNAL; 3; 7; 4; 1988
INTERNAL; 11; 15; 4; 1426; INTERNAL; 10; 14; 4; 1433
INTERNAL; 10; 14; 4; 1433; INTERNAL; 9; 11; 2; 7049
INTERNAL; 10; 14; 4; 1433; INTERNAL; 9; 11; 2; 1461
INTERNAL; 9; 11; 2; 1461; INTERNAL; 7; 10; 3; 1900
INTERNAL; 7; 10; 3; 1900; INTERNAL; 5; 9; 4; 1862
INTERNAL; 5; 9; 4; 1862; INTERNAL; 4; 8; 4; 1848
INTERNAL; 4; 8; 4; 1848; INTERNAL; 3; 7; 4; 2836
INTERNAL; 5; 9; 4; 1862; INTERNAL; 4; 8; 4; 5046
INTERNAL; 4; 8; 4; 5046; INTERNAL; 3; 7; 4; 1846
INTERNAL; 4; 8; 4; 5046; INTERNAL; 3; 7; 4; 5870
INTERNAL; 3; 7; 4; 5870; INTERNAL; 2; 5; 3; 6346
INTERNAL; 7; 10; 3; 1900; INTERNAL; 6; 9; 3; 1863
INTERNAL; 6; 9; 3; 1863; INTERNAL; 4; 8; 4; 1861
INTERNAL; 6; 9; 3; 1863; INTERNAL; 4; 8; 4; 1860
INTERNAL; 6; 9; 3; 1863; INTERNAL; 5; 8; 3; 1858
INTERNAL; 5; 8; 3; 1858; INTERNAL; 4; 7; 3; 1857
INTERNAL; 7; 10; 3; 1900; INTERNAL; 6; 9; 3; 6705
INTERNAL; 6; 9; 3; 6705; INTERNAL; 3; 8; 5; 8156
INTERNAL; 3; 8; 5; 8156; INTERNAL; 2; 4; 2; 5420
INTERNAL; 6; 9; 3; 6705; INTERNAL; 5; 8; 3; 1855
INTERNAL; 5; 8; 3; 1855; INTERNAL; 3; 7; 4; 5852
INTERNAL; 3; 7; 4; 5852; INTERNAL; 2; 6; 4; 7583
INTERNAL; 5; 8; 3; 1855; INTERNAL; 4; 7; 3; 1854
INTERNAL; 4; 7; 3; 1854; INTERNAL; 3; 4; 1; 5394
INTERNAL; 9; 11; 2; 1461; INTERNAL; 8; 10; 2; 1902
INTERNAL; 9; 11; 2; 1461; INTERNAL; 7; 10; 3; 1898
INTERNAL; 10; 14; 4; 1433; INTERNAL; 9; 11; 2; 1459
INTERNAL; 14; 20; 6; 1922; INTERNAL; 13; 19; 6; 1424
INTERNAL; 13; 19; 6; 1424; INTERNAL; 12; 16; 4; 1428
INTERNAL; 13; 19; 6; 1424; INTERNAL; 11; 16; 5; 1427
INTERNAL; 11; 16; 5; 1427; INTERNAL; 10; 14; 4; 1660
INTERNAL; 10; 14; 4; 1660; INTERNAL; 9; 11; 2; 1451
INTERNAL; 9; 11; 2; 1451; INTERNAL; 8; 10; 2; 1806
INTERNAL; 9; 11; 2; 1451; INTERNAL; 8; 10; 2; 3549
INTERNAL; 8; 10; 2; 3549; INTERNAL; 6; 9; 3; 1756
INTERNAL; 6; 9; 3; 1756; INTERNAL; 5; 8; 3; 1731
INTERNAL; 5; 8; 3; 1731; INTERNAL; 2; 7; 5; 1730
INTERNAL; 5; 8; 3; 1731; INTERNAL; 4; 7; 3; 1824
INTERNAL; 4; 7; 3; 1824; INPUT; 1; 6; 5; 4165
INTERNAL; 4; 7; 3; 1824; INPUT; 1; 6; 5; 1728
INTERNAL; 4; 7; 3; 1824; INPUT; 1; 6; 5; 6267
INTERNAL; 4; 7; 3; 1824; INPUT; 1; 6; 5; 1729
INTERNAL; 6; 9; 3; 1756; INTERNAL; 3; 8; 5; 1733
INTERNAL; 6; 9; 3; 1756; INTERNAL; 3; 8; 5; 1732
INTERNAL; 8; 10; 2; 3549; INTERNAL; 7; 9; 2; 1757
INTERNAL; 7; 9; 2; 1757; INTERNAL; 4; 8; 4; 3605
INTERNAL; 4; 8; 4; 3605; INTERNAL; 2; 7; 5; 1740
INTERNAL; 4; 8; 4; 3605; INTERNAL; 3; 7; 4; 6790
INTERNAL; 4; 8; 4; 3605; INTERNAL; 2; 7; 5; 2266
INTERNAL; 7; 9; 2; 1757; INTERNAL; 3; 8; 5; 1753
INTERNAL; 3; 8; 5; 1753; INTERNAL; 2; 7; 5; 1734
INTERNAL; 7; 9; 2; 1757; INTERNAL; 6; 8; 2; 1752
INTERNAL; 6; 8; 2; 1752; INTERNAL; 3; 7; 4; 1751
INTERNAL; 6; 8; 2; 1752; INTERNAL; 5; 7; 2; 4661
INTERNAL; 5; 7; 2; 4661; INTERNAL; 4; 6; 2; 1750
INTERNAL; 4; 6; 2; 1750; INTERNAL; 2; 5; 3; 6926
INTERNAL; 6; 8; 2; 1752; INTERNAL; 3; 6; 3; 2981
INTERNAL; 8; 10; 2; 3549; INTERNAL; 5; 9; 4; 1754
INTERNAL; 5; 9; 4; 1754; INTERNAL; 3; 8; 5; 4330
INTERNAL; 5; 9; 4; 1754; INTERNAL; 4; 8; 4; 1726
INTERNAL; 4; 8; 4; 1726; INTERNAL; 3; 7; 4; 1723
INTERNAL; 5; 9; 4; 1754; INTERNAL; 4; 8; 4; 1727
INTERNAL; 4; 8; 4; 1727; INTERNAL; 3; 7; 4; 8008
INTERNAL; 4; 8; 4; 1727; INTERNAL; 3; 7; 4; 1721
INTERNAL; 3; 7; 4; 1721; INPUT; 1; 5; 4; 3133
INTERNAL; 3; 7; 4; 1721; INPUT; 1; 5; 4; 7981
INTERNAL; 3; 7; 4; 1721; INTERNAL; 2; 6; 4; 3898
INTERNAL; 9; 11; 2; 1451; INTERNAL; 7; 10; 3; 1805
INTERNAL; 7; 10; 3; 1805; INTERNAL; 5; 9; 4; 2223
INTERNAL; 5; 9; 4; 2223; INTERNAL; 3; 8; 5; 3150
INTERNAL; 3; 8; 5; 3150; INTERNAL; 2; 7; 5; 1691
INTERNAL; 3; 8; 5; 3150; INTERNAL; 2; 7; 5; 1690
INTERNAL; 3; 8; 5; 3150; INTERNAL; 2; 6; 4; 1699
INTERNAL; 3; 8; 5; 3150; INTERNAL; 2; 7; 5; 1692
INTERNAL; 5; 9; 4; 2223; INTERNAL; 4; 8; 4; 5993
INTERNAL; 4; 8; 4; 5993; INTERNAL; 3; 7; 4; 5021
INTERNAL; 5; 9; 4; 2223; INTERNAL; 4; 8; 4; 1700
INTERNAL; 4; 8; 4; 1700; INTERNAL; 3; 7; 4; 1694
INTERNAL; 4; 8; 4; 1700; INTERNAL; 2; 7; 5; 1696
INTERNAL; 4; 8; 4; 1700; INTERNAL; 3; 7; 4; 1698
INTERNAL; 7; 10; 3; 1805; INTERNAL; 6; 9; 3; 1719
INTERNAL; 6; 9; 3; 1719; INTERNAL; 5; 8; 3; 5939
INTERNAL; 5; 8; 3; 5939; INTERNAL; 4; 7; 3; 6558
INTERNAL; 6; 9; 3; 1719; INTERNAL; 4; 8; 4; 1717
INTERNAL; 4; 8; 4; 1717; INTERNAL; 2; 7; 5; 4558
INTERNAL; 4; 8; 4; 1717; INTERNAL; 3; 7; 4; 1705
INTERNAL; 3; 7; 4; 1705; INTERNAL; 2; 6; 4; 1704
INTERNAL; 3; 7; 4; 1705; INTERNAL; 2; 4; 2; 4345
INTERNAL; 6; 9; 3; 1719; INTERNAL; 3; 8; 5; 1716
INTERNAL; 3; 8; 5; 1716; INTERNAL; 2; 7; 5; 2025
INTERNAL; 3; 8; 5; 1716; INTERNAL; 2; 7; 5; 2811
INTERNAL; 3; 8; 5; 1716; INTERNAL; 2; 7; 5; 1702
INTERNAL; 6; 9; 3; 1719; INTERNAL; 4; 8; 4; 3908
INTERNAL; 4; 8; 4; 3908; INTERNAL; 3; 7; 4; 5124
INTERNAL; 3; 7; 4; 5124; INPUT; 1; 5; 4; 3663
INTERNAL; 3; 7; 4; 5124; INPUT; 1; 5; 4; 3386
INTERNAL; 7; 10; 3; 1805; INTERNAL; 5; 9; 4; 3159
INTERNAL; 5; 9; 4; 3159; INTERNAL; 4; 8; 4; 1687
INTERNAL; 4; 8; 4; 1687; INTERNAL; 2; 7; 5; 1677
INTERNAL; 4; 8; 4; 1687; INTERNAL; 2; 7; 5; 1680
INTERNAL; 2; 7; 5; 1680; INPUT; 1; 5; 4; 3819
INTERNAL; 2; 7; 5; 1680; INPUT; 1; 5; 4; 6598
INTERNAL; 2; 7; 5; 1680; INPUT; 1; 5; 4; 7644
INTERNAL; 2; 7; 5; 1680; INPUT; 1; 5; 4; 6051
INTERNAL; 4; 8; 4; 1687; INTERNAL; 2; 5; 3; 8144
INTERNAL; 4; 8; 4; 1687; INTERNAL; 3; 7; 4; 1678
INTERNAL; 3; 7; 4; 1678; INTERNAL; 2; 6; 4; 7020
INTERNAL; 3; 7; 4; 1678; INTERNAL; 2; 6; 4; 5440
INTERNAL; 5; 9; 4; 3159; INTERNAL; 3; 8; 5; 1686
INTERNAL; 3; 8; 5; 1686; INTERNAL; 2; 7; 5; 6872
INTERNAL; 3; 8; 5; 1686; INTERNAL; 2; 7; 5; 6293
INTERNAL; 5; 9; 4; 3159; INTERNAL; 3; 8; 5; 3090
INTERNAL; 3; 8; 5; 3090; INTERNAL; 2; 5; 3; 5931
INTERNAL; 5; 9; 4; 3159; INTERNAL; 4; 8; 4; 1689
INTERNAL; 4; 8; 4; 1689; INTERNAL; 2; 6; 4; 4845
INTERNAL; 4; 8; 4; 1689; INTERNAL; 3; 7; 4; 1683
INTERNAL; 3; 7; 4; 1683; INPUT; 1; 4; 3; 6526
INTERNAL; 3; 7; 4; 1683; INPUT; 1; 4; 3; 2823
INTERNAL; 3; 7; 4; 1683; INPUT; 1; 6; 5; 1695
INTERNAL; 3; 7; 4; 1683; INPUT; 1; 4; 3; 6527
INTERNAL; 5; 9; 4; 3159; INTERNAL; 3; 8; 5; 2195
INTERNAL; 3; 8; 5; 2195; INTERNAL; 2; 5; 3; 6420
INTERNAL; 2; 5; 3; 6420; INPUT; 1; 4; 3; 5824
INTERNAL; 10; 14; 4; 1660; INTERNAL; 7; 11; 4; 5664
INTERNAL; 7; 11; 4; 5664; INTERNAL; 6; 9; 3; 1647
INTERNAL; 6; 9; 3; 1647; INTERNAL; 4; 8; 4; 3698
INTERNAL; 4; 8; 4; 3698; INTERNAL; 3; 7; 4; 1630
INTERNAL; 3; 7; 4; 1630; INTERNAL; 2; 6; 4; 2954
INTERNAL; 4; 8; 4; 3698; INTERNAL; 2; 7; 5; 1631
INTERNAL; 6; 9; 3; 1647; INTERNAL; 3; 8; 5; 7935
INTERNAL; 6; 9; 3; 1647; INTERNAL; 5; 8; 3; 1640
INTERNAL; 5; 8; 3; 1640; INTERNAL; 3; 7; 4; 1638
INTERNAL; 3; 7; 4; 1638; INTERNAL; 2; 6; 4; 2988
INTERNAL; 5; 8; 3; 1640; INTERNAL; 4; 7; 3; 1637
INTERNAL; 4; 7; 3; 1637; INTERNAL; 3; 6; 3; 7329
INTERNAL; 4; 7; 3; 1637; INTERNAL; 2; 6; 4; 1635
INTERNAL; 5; 8; 3; 1640; INTERNAL; 2; 7; 5; 1639
INTERNAL; 7; 11; 4; 5664; INTERNAL; 6; 9; 3; 1648
INTERNAL; 6; 9; 3; 1648; INTERNAL; 3; 8; 5; 1644
INTERNAL; 3; 8; 5; 1644; INTERNAL; 2; 7; 5; 4079
INTERNAL; 2; 7; 5; 4079; INPUT; 1; 6; 5; 7769
INTERNAL; 2; 7; 5; 4079; INPUT; 1; 6; 5; 7767
INTERNAL; 2; 7; 5; 4079; INPUT; 1; 6; 5; 3157
INTERNAL; 2; 7; 5; 4079; INPUT; 1; 6; 5; 3203
INTERNAL; 6; 9; 3; 1648; INTERNAL; 5; 8; 3; 1642
INTERNAL; 5; 8; 3; 1642; INTERNAL; 2; 6; 4; 6885
INTERNAL; 5; 8; 3; 1642; INTERNAL; 4; 7; 3; 2178
INTERNAL; 7; 11; 4; 5664; INTERNAL; 5; 9; 4; 1645
INTERNAL; 5; 9; 4; 1645; INTERNAL; 4; 8; 4; 6010
INTERNAL; 4; 8; 4; 6010; INTERNAL; 2; 7; 5; 5589
INTERNAL; 4; 8; 4; 6010; INTERNAL; 3; 7; 4; 1627
INTERNAL; 4; 8; 4; 6010; INTERNAL; 3; 7; 4; 3069
INTERNAL; 5; 9; 4; 1645; INTERNAL; 3; 8; 5; 1628
INTERNAL; 3; 8; 5; 1628; INTERNAL; 2; 7; 5; 3765
INTERNAL; 5; 9; 4; 1645; INTERNAL; 4; 8; 4; 1794
INTERNAL; 4; 8; 4; 1794; INTERNAL; 2; 7; 5; 1625
INTERNAL; 4; 8; 4; 1794; INTERNAL; 3; 6; 3; 6710
INTERNAL; 3; 6; 3; 6710; INPUT; 1; 4; 3; 5370
INTERNAL; 10; 14; 4; 1660; INTERNAL; 8; 11; 3; 1450
INTERNAL; 8; 11; 3; 1450; INTERNAL; 7; 10; 3; 1814
INTERNAL; 8; 11; 3; 1450; INTERNAL; 5; 10; 5; 1649
INTERNAL; 5; 10; 5; 1649; INTERNAL; 4; 9; 5; 4279
INTERNAL; 4; 9; 5; 4279; INTERNAL; 3; 8; 5; 1590
INTERNAL; 5; 10; 5; 1649; INTERNAL; 3; 9; 6; 6143
INTERNAL; 5; 10; 5; 1649; INTERNAL; 3; 9; 6; 1591
INTERNAL; 3; 9; 6; 1591; INTERNAL; 2; 8; 6; 7107
INTERNAL; 3; 9; 6; 1591; INTERNAL; 2; 5; 3; 2673
INTERNAL; 3; 9; 6; 1591; INTERNAL; 2; 8; 6; 1589
INTERNAL; 8; 11; 3; 1450; INTERNAL; 7; 10; 3; 1650
INTERNAL; 7; 10; 3; 1650; INTERNAL; 6; 9; 3; 1624
INTERNAL; 6; 9; 3; 1624; INTERNAL; 3; 8; 5; 1620
INTERNAL; 3; 8; 5; 1620; INTERNAL; 2; 7; 5; 1888
INTERNAL; 2; 7; 5; 1888; INPUT; 1; 5; 4; 8284
INTERNAL; 2; 7; 5; 1888; INPUT; 1; 5; 4; 4772
INTERNAL; 2; 7; 5; 1888; INPUT; 1; 5; 4; 2850
INTERNAL; 2; 7; 5; 1888; INPUT; 1; 5; 4; 2803
INTERNAL; 3; 8; 5; 1620; INTERNAL; 2; 7; 5; 1616
INTERNAL; 3; 8; 5; 1620; INTERNAL; 2; 7; 5; 1617
INTERNAL; 2; 7; 5; 1617; INPUT; 1; 4; 3; 3229
INTERNAL; 2; 7; 5; 1617; INPUT; 1; 4; 3; 4613
INTERNAL; 2; 7; 5; 1617; INPUT; 1; 4; 3; 5412
INTERNAL; 2; 7; 5; 1617; INPUT; 1; 4; 3; 4824
INTERNAL; 6; 9; 3; 1624; INTERNAL; 3; 8; 5; 7075
INTERNAL; 3; 8; 5; 7075; INTERNAL; 2; 7; 5; 3618
INTERNAL; 6; 9; 3; 1624; INTERNAL; 3; 8; 5; 1621
INTERNAL; 3; 8; 5; 1621; INTERNAL; 2; 6; 4; 3032
INTERNAL; 6; 9; 3; 1624; INTERNAL; 5; 8; 3; 1619
INTERNAL; 5; 8; 3; 1619; INTERNAL; 3; 7; 4; 5944
INTERNAL; 5; 8; 3; 1619; INTERNAL; 4; 7; 3; 1842
INTERNAL; 7; 10; 3; 1650; INTERNAL; 6; 9; 3; 1623
INTERNAL; 6; 9; 3; 1623; INTERNAL; 4; 8; 4; 6286
INTERNAL; 4; 8; 4; 6286; INTERNAL; 3; 7; 4; 1610
INTERNAL; 4; 8; 4; 6286; INTERNAL; 2; 7; 5; 1608
INTERNAL; 6; 9; 3; 1623; INTERNAL; 5; 8; 3; 1613
INTERNAL; 5; 8; 3; 1613; INTERNAL; 3; 7; 4; 1612
INTERNAL; 3; 7; 4; 1612; INTERNAL; 2; 6; 4; 2991
INTERNAL; 5; 8; 3; 1613; INTERNAL; 4; 7; 3; 2465
INTERNAL; 4; 7; 3; 2465; INTERNAL; 2; 6; 4; 1611
INTERNAL; 6; 9; 3; 1623; INTERNAL; 3; 8; 5; 2815
INTERNAL; 6; 9; 3; 1623; INTERNAL; 3; 8; 5; 1614
INTERNAL; 3; 8; 5; 1614; INTERNAL; 2; 7; 5; 1603
INTERNAL; 7; 10; 3; 1650; INTERNAL; 5; 9; 4; 4384
INTERNAL; 5; 9; 4; 4384; INTERNAL; 3; 8; 5; 8135
INTERNAL; 3; 8; 5; 8135; INTERNAL; 2; 7; 5; 1594
INTERNAL; 5; 9; 4; 4384; INTERNAL; 4; 8; 4; 1600
INTERNAL; 4; 8; 4; 1600; INTERNAL; 3; 7; 4; 4639
INTERNAL; 3; 7; 4; 4639; INTERNAL; 2; 6; 4; 1597
INTERNAL; 4; 8; 4; 1600; INTERNAL; 3; 7; 4; 4177
INTERNAL; 5; 9; 4; 4384; INTERNAL; 2; 8; 6; 1599
INTERNAL; 2; 8; 6; 1599; INPUT; 1; 4; 3; 7511
INTERNAL; 5; 9; 4; 4384; INTERNAL; 4; 8; 4; 1602
INTERNAL; 4; 8; 4; 1602; INTERNAL; 3; 7; 4; 1596
INTERNAL; 4; 8; 4; 1602; INTERNAL; 3; 7; 4; 1595
INTERNAL; 3; 7; 4; 1595; INTERNAL; 2; 6; 4; 5624
INTERNAL; 11; 16; 5; 1427; INTERNAL; 9; 14; 5; 4252
INTERNAL; 9; 14; 5; 4252; INTERNAL; 6; 11; 5; 6116
INTERNAL; 6; 11; 5; 6116; INTERNAL; 5; 10; 5; 6506
INTERNAL; 5; 10; 5; 6506; INTERNAL; 4; 9; 5; 1515
INTERNAL; 4; 9; 5; 1515; INTERNAL; 3; 8; 5; 1513
INTERNAL; 5; 10; 5; 6506; INTERNAL; 3; 9; 6; 1514
INTERNAL; 5; 10; 5; 6506; INTERNAL; 3; 9; 6; 6883
INTERNAL; 3; 9; 6; 6883; INTERNAL; 2; 6; 4; 7362
INTERNAL; 3; 9; 6; 6883; INPUT; 1; 8; 7; 1657
INTERNAL; 6; 11; 5; 6116; INTERNAL; 5; 10; 5; 1444
INTERNAL; 9; 14; 5; 4252; INTERNAL; 8; 11; 3; 1445
INTERNAL; 8; 11; 3; 1445; INTERNAL; 5; 10; 5; 6837
INTERNAL; 8; 11; 3; 1445; INTERNAL; 7; 10; 3; 6140
INTERNAL; 7; 10; 3; 6140; INTERNAL; 6; 9; 3; 1584
INTERNAL; 6; 9; 3; 1584; INTERNAL; 5; 8; 3; 6382
INTERNAL; 5; 8; 3; 6382; INTERNAL; 3; 7; 4; 1575
INTERNAL; 5; 8; 3; 6382; INTERNAL; 4; 7; 3; 1576
INTERNAL; 6; 9; 3; 1584; INTERNAL; 5; 8; 3; 1578
INTERNAL; 5; 8; 3; 1578; INTERNAL; 4; 7; 3; 5495
INTERNAL; 4; 7; 3; 5495; INTERNAL; 2; 6; 4; 6301
INTERNAL; 4; 7; 3; 5495; INTERNAL; 2; 6; 4; 7574
INTERNAL; 4; 7; 3; 5495; INTERNAL; 3; 6; 3; 6138
INTERNAL; 4; 7; 3; 5495; INTERNAL; 3; 6; 3; 1577
INTERNAL; 3; 6; 3; 1577; INPUT; 1; 5; 4; 6499
INTERNAL; 6; 9; 3; 1584; INTERNAL; 4; 8; 4; 1579
INTERNAL; 4; 8; 4; 1579; INTERNAL; 3; 7; 4; 8105
INTERNAL; 7; 10; 3; 6140; INTERNAL; 4; 9; 5; 7743
INTERNAL; 4; 9; 5; 7743; INTERNAL; 3; 8; 5; 5790
INTERNAL; 4; 9; 5; 7743; INTERNAL; 3; 8; 5; 4062
INTERNAL; 4; 9; 5; 7743; INPUT; 1; 5; 4; 3546
INTERNAL; 4; 9; 5; 7743; INPUT; 1; 5; 4; 4174
INTERNAL; 7; 10; 3; 6140; INTERNAL; 6; 9; 3; 4818
INTERNAL; 6; 9; 3; 4818; INTERNAL; 5; 8; 3; 2600
INTERNAL; 5; 8; 3; 2600; INTERNAL; 2; 7; 5; 3322
INTERNAL; 5; 8; 3; 2600; INTERNAL; 3; 7; 4; 1583
INTERNAL; 3; 7; 4; 1583; INTERNAL; 2; 6; 4; 2720
INTERNAL; 5; 8; 3; 2600; INTERNAL; 4; 7; 3; 1582
INTERNAL; 4; 7; 3; 1582; INTERNAL; 3; 6; 3; 6256
INTERNAL; 4; 7; 3; 1582; INTERNAL; 2; 6; 4; 1679
INTERNAL; 6; 9; 3; 4818; INTERNAL; 2; 5; 3; 6336
INTERNAL; 2; 5; 3; 6336; INPUT; 1; 4; 3; 6341
INTERNAL; 2; 5; 3; 6336; INPUT; 1; 4; 3; 5894
INTERNAL; 2; 5; 3; 6336; INPUT; 1; 4; 3; 5929
INTERNAL; 2; 5; 3; 6336; INPUT; 1; 4; 3; 8172
INTERNAL; 8; 11; 3; 1445; INTERNAL; 7; 10; 3; 1533
INTERNAL; 7; 10; 3; 1533; INTERNAL; 5; 9; 4; 1530
INTERNAL; 5; 9; 4; 1530; INTERNAL; 4; 8; 4; 6707
INTERNAL; 4; 8; 4; 6707; INTERNAL; 2; 7; 5; 7371
INTERNAL; 5; 9; 4; 1530; INTERNAL; 3; 8; 5; 1519
INTERNAL; 3; 8; 5; 1519; INTERNAL; 2; 7; 5; 1516
INTERNAL; 3; 8; 5; 1519; INTERNAL; 2; 5; 3; 3359
INTERNAL; 5; 9; 4; 1530; INTERNAL; 3; 8; 5; 2258
INTERNAL; 5; 9; 4; 1530; INTERNAL; 4; 8; 4; 1518
INTERNAL; 4; 8; 4; 1518; INTERNAL; 2; 7; 5; 2650
INTERNAL; 7; 10; 3; 1533; INTERNAL; 6; 9; 3; 1531
INTERNAL; 6; 9; 3; 1531; INTERNAL; 4; 8; 4; 6859
INTERNAL; 4; 8; 4; 6859; INTERNAL; 3; 7; 4; 1527
INTERNAL; 6; 9; 3; 1531; INTERNAL; 2; 7; 5; 8082
INTERNAL; 6; 9; 3; 1531; INTERNAL; 2; 8; 6; 1529
INTERNAL; 6; 9; 3; 1531; INTERNAL; 5; 8; 3; 6765
INTERNAL; 5; 8; 3; 6765; INTERNAL; 4; 7; 3; 7852
INTERNAL; 4; 7; 3; 7852; INTERNAL; 3; 6; 3; 8207
INTERNAL; 3; 6; 3; 8207; INTERNAL; 2; 5; 3; 5011
INTERNAL; 5; 8; 3; 6765; INTERNAL; 2; 6; 4; 7044
INTERNAL; 5; 8; 3; 6765; INTERNAL; 4; 7; 3; 1528
INTERNAL; 7; 10; 3; 1533; INTERNAL; 6; 9; 3; 4187
INTERNAL; 6; 9; 3; 4187; INTERNAL; 3; 8; 5; 5226
INTERNAL; 3; 8; 5; 5226; INTERNAL; 2; 5; 3; 6583
INTERNAL; 6; 9; 3; 4187; INTERNAL; 2; 8; 6; 1521
INTERNAL; 6; 9; 3; 4187; INTERNAL; 3; 8; 5; 1523
INTERNAL; 6; 9; 3; 4187; INTERNAL; 4; 8; 4; 1622
INTERNAL; 6; 9; 3; 4187; INTERNAL; 5; 8; 3; 1522
INTERNAL; 5; 8; 3; 1522; INTERNAL; 3; 7; 4; 1520
INTERNAL; 5; 8; 3; 1522; INTERNAL; 3; 7; 4; 1841
INTERNAL; 5; 8; 3; 1522; INTERNAL; 4; 7; 3; 3750
INTERNAL; 4; 7; 3; 3750; INTERNAL; 3; 6; 3; 8230
INTERNAL; 3; 6; 3; 8230; INTERNAL; 2; 5; 3; 6018
INTERNAL; 11; 16; 5; 1427; INTERNAL; 6; 14; 8; 5731
INTERNAL; 13; 19; 6; 1424; INTERNAL; 12; 16; 4; 1447
INTERNAL; 12; 16; 4; 1447; INTERNAL; 11; 15; 4; 1435
INTERNAL; 12; 16; 4; 1447; INTERNAL; 11; 15; 4; 1434
INTERNAL; 11; 15; 4; 1434; INTERNAL; 10; 12; 2; 1463
INTERNAL; 11; 15; 4; 1434; INTERNAL; 10; 12; 2; 8299
INTERNAL; 10; 12; 2; 8299; INTERNAL; 9; 11; 2; 1905
INTERNAL; 10; 12; 2; 8299; INTERNAL; 9; 11; 2; 1906
INTERNAL; 10; 12; 2; 8299; INTERNAL; 9; 11; 2; 1904
INTERNAL; 9; 11; 2; 1904; INTERNAL; 8; 10; 2; 4780
INTERNAL; 9; 11; 2; 1904; INTERNAL; 7; 10; 3; 1675
INTERNAL; 9; 11; 2; 1904; INTERNAL; 4; 10; 6; 1673
INTERNAL; 11; 15; 4; 1434; INTERNAL; 10; 12; 2; 1462
INTERNAL; 12; 16; 4; 1447; INTERNAL; 11; 15; 4; 6829
INTERNAL; 19; 21; 2; 4591; INTERNAL; 18; 20; 2; 1924
INTERNAL; 18; 20; 2; 1924; INTERNAL; 14; 19; 5; 1921
INTERNAL; 14; 19; 5; 1921; INTERNAL; 13; 17; 4; 7534
INTERNAL; 13; 17; 4; 7534; INTERNAL; 12; 16; 4; 1437
INTERNAL; 13; 17; 4; 7534; INTERNAL; 10; 16; 6; 1449
INTERNAL; 10; 16; 6; 1449; INTERNAL; 9; 12; 3; 1448
INTERNAL; 10; 16; 6; 1449; INTERNAL; 9; 12; 3; 7317
INTERNAL; 9; 12; 3; 7317; INTERNAL; 8; 11; 3; 1651
INTERNAL; 8; 11; 3; 1651; INTERNAL; 7; 10; 3; 1585
INTERNAL; 8; 11; 3; 1651; INTERNAL; 6; 10; 4; 3179
INTERNAL; 6; 10; 4; 3179; INTERNAL; 5; 9; 4; 1763
INTERNAL; 5; 9; 4; 1763; INTERNAL; 4; 8; 4; 1567
INTERNAL; 4; 8; 4; 1567; INTERNAL; 2; 7; 5; 1565
INTERNAL; 6; 10; 4; 3179; INTERNAL; 4; 9; 5; 6699
INTERNAL; 6; 10; 4; 3179; INPUT; 1; 9; 8; 1569
INTERNAL; 6; 10; 4; 3179; INPUT; 1; 5; 4; 6639
INTERNAL; 8; 11; 3; 1651; INTERNAL; 7; 10; 3; 1586
INTERNAL; 9; 12; 3; 7317; INTERNAL; 8; 11; 3; 1652
INTERNAL; 8; 11; 3; 1652; INTERNAL; 7; 10; 3; 5794
INTERNAL; 8; 11; 3; 1652; INTERNAL; 6; 10; 4; 4068
INTERNAL; 6; 10; 4; 4068; INTERNAL; 4; 9; 5; 1666
INTERNAL; 4; 9; 5; 1666; INTERNAL; 3; 8; 5; 5783
INTERNAL; 6; 10; 4; 4068; INTERNAL; 4; 9; 5; 8090
INTERNAL; 6; 10; 4; 4068; INTERNAL; 2; 9; 7; 1667
INTERNAL; 6; 10; 4; 4068; INTERNAL; 5; 9; 4; 1665
INTERNAL; 5; 9; 4; 1665; INTERNAL; 4; 8; 4; 1664
INTERNAL; 4; 8; 4; 1664; INTERNAL; 3; 7; 4; 5217
INTERNAL; 5; 9; 4; 1665; INTERNAL; 3; 8; 5; 7804
INTERNAL; 3; 8; 5; 7804; INTERNAL; 2; 7; 5; 7003
INTERNAL; 9; 12; 3; 7317; INTERNAL; 8; 11; 3; 1653
INTERNAL; 10; 16; 6; 1449; INTERNAL; 9; 12; 3; 1446
INTERNAL; 9; 12; 3; 1446; INTERNAL; 8; 11; 3; 1536
INTERNAL; 8; 11; 3; 1536; INTERNAL; 5; 10; 5; 7654
INTERNAL; 5; 10; 5; 7654; INTERNAL; 4; 9; 5; 1509
INTERNAL; 4; 9; 5; 1509; INTERNAL; 3; 8; 5; 2084
INTERNAL; 5; 10; 5; 7654; INTERNAL; 2; 7; 5; 5386
INTERNAL; 5; 10; 5; 7654; INTERNAL; 4; 9; 5; 1508
INTERNAL; 4; 9; 5; 1508; INTERNAL; 3; 8; 5; 1688
INTERNAL; 3; 8; 5; 1688; INTERNAL; 2; 7; 5; 1507
INTERNAL; 4; 9; 5; 1508; INTERNAL; 2; 6; 4; 4505
INTERNAL; 4; 9; 5; 1508; INTERNAL; 2; 8; 6; 2103
INTERNAL; 8; 11; 3; 1536; INTERNAL; 7; 10; 3; 1510
INTERNAL; 9; 12; 3; 1446; INTERNAL; 3; 11; 8; 1535
INTERNAL; 9; 12; 3; 1446; INTERNAL; 8; 11; 3; 5687
INTERNAL; 13; 17; 4; 7534; INTERNAL; 12; 16; 4; 1436
INTERNAL; 12; 16; 4; 1436; INTERNAL; 10; 13; 3; 1464
INTERNAL; 12; 16; 4; 1436; INTERNAL; 11; 13; 2; 6834
INTERNAL; 11; 13; 2; 6834; INTERNAL; 10; 12; 2; 1908
INTERNAL; 11; 13; 2; 6834; INTERNAL; 10; 12; 2; 7184
INTERNAL; 10; 12; 2; 7184; INTERNAL; 5; 11; 6; 1668
INTERNAL; 5; 11; 6; 1668; INTERNAL; 4; 10; 6; 1662
INTERNAL; 5; 11; 6; 1668; INTERNAL; 3; 10; 7; 1658
INTERNAL; 5; 11; 6; 1668; INTERNAL; 4; 10; 6; 1661
INTERNAL; 4; 10; 6; 1661; INTERNAL; 3; 9; 6; 1655
INTERNAL; 10; 12; 2; 7184; INTERNAL; 8; 11; 3; 1669
INTERNAL; 10; 12; 2; 7184; INTERNAL; 9; 11; 2; 1670
INTERNAL; 11; 13; 2; 6834; INTERNAL; 9; 12; 3; 1907
INTERNAL; 12; 16; 4; 1436; INTERNAL; 11; 13; 2; 1465
INTERNAL; 14; 19; 5; 1921; INTERNAL; 13; 17; 4; 1430
INTERNAL; 18; 20; 2; 1924; INTERNAL; 17; 19; 2; 3419
INTERNAL; 17; 19; 2; 3419; INTERNAL; 14; 18; 4; 1940
INTERNAL; 17; 19; 2; 3419; INTERNAL; 16; 18; 2; 7001
INTERNAL; 16; 18; 2; 7001; INTERNAL; 13; 17; 4; 1920
INTERNAL; 13; 17; 4; 1920; INTERNAL; 12; 14; 2; 3979
INTERNAL; 12; 14; 2; 3979; INTERNAL; 11; 13; 2; 1910
INTERNAL; 12; 14; 2; 3979; INTERNAL; 10; 13; 3; 3160
INTERNAL; 10; 13; 3; 3160; INTERNAL; 9; 12; 3; 1538
INTERNAL; 10; 13; 3; 3160; INTERNAL; 9; 12; 3; 3555
INTERNAL; 9; 12; 3; 3555; INTERNAL; 8; 11; 3; 6692
INTERNAL; 9; 12; 3; 3555; INTERNAL; 5; 11; 6; 4495
INTERNAL; 5; 11; 6; 4495; INTERNAL; 4; 10; 6; 1551
INTERNAL; 4; 10; 6; 1551; INTERNAL; 3; 9; 6; 7054
INTERNAL; 4; 10; 6; 1551; INTERNAL; 3; 9; 6; 5903
INTERNAL; 3; 9; 6; 5903; INTERNAL; 2; 6; 4; 3586
INTERNAL; 4; 10; 6; 1551; INTERNAL; 3; 9; 6; 1550
INTERNAL; 3; 9; 6; 1550; INTERNAL; 2; 6; 4; 6493
INTERNAL; 3; 9; 6; 1550; INTERNAL; 2; 8; 6; 4542
INTERNAL; 5; 11; 6; 4495; INTERNAL; 2; 10; 8; 1552
INTERNAL; 5; 11; 6; 4495; INTERNAL; 2; 8; 6; 6898
INTERNAL; 9; 12; 3; 3555; INTERNAL; 6; 11; 5; 1562
INTERNAL; 6; 11; 5; 1562; INTERNAL; 5; 10; 5; 1561
INTERNAL; 5; 10; 5; 1561; INTERNAL; 4; 9; 5; 2594
INTERNAL; 4; 9; 5; 2594; INTERNAL; 3; 5; 2; 6476
INTERNAL; 5; 10; 5; 1561; INTERNAL; 3; 9; 6; 6606
INTERNAL; 5; 10; 5; 1561; INTERNAL; 2; 9; 7; 1880
INTERNAL; 5; 10; 5; 1561; INTERNAL; 4; 9; 5; 1554
INTERNAL; 4; 9; 5; 1554; INTERNAL; 3; 8; 5; 5042
INTERNAL; 5; 10; 5; 1561; INTERNAL; 4; 9; 5; 1553
INTERNAL; 4; 9; 5; 1553; INTERNAL; 2; 8; 6; 6630
INTERNAL; 6; 11; 5; 1562; INTERNAL; 5; 10; 5; 1560
INTERNAL; 5; 10; 5; 1560; INTERNAL; 3; 9; 6; 2893
INTERNAL; 5; 10; 5; 1560; INTERNAL; 3; 9; 6; 5475
INTERNAL; 3; 9; 6; 5475; INTERNAL; 2; 8; 6; 1556
INTERNAL; 3; 9; 6; 5475; INTERNAL; 2; 8; 6; 1555
INTERNAL; 5; 10; 5; 1560; INTERNAL; 4; 9; 5; 2543
INTERNAL; 4; 9; 5; 2543; INTERNAL; 3; 8; 5; 1559
INTERNAL; 4; 9; 5; 2543; INTERNAL; 2; 8; 6; 7494
INTERNAL; 2; 8; 6; 7494; INPUT; 1; 4; 3; 5107
INTERNAL; 4; 9; 5; 2543; INTERNAL; 2; 8; 6; 7034
INTERNAL; 10; 13; 3; 3160; INTERNAL; 9; 12; 3; 1537
INTERNAL; 9; 12; 3; 1537; INTERNAL; 6; 11; 5; 3509
INTERNAL; 6; 11; 5; 3509; INTERNAL; 3; 10; 7; 1502
INTERNAL; 3; 10; 7; 1502; INTERNAL; 2; 5; 3; 6192
INTERNAL; 6; 11; 5; 3509; INTERNAL; 5; 10; 5; 1501
INTERNAL; 5; 10; 5; 1501; INTERNAL; 4; 9; 5; 8184
INTERNAL; 4; 9; 5; 8184; INTERNAL; 2; 8; 6; 1497
INTERNAL; 5; 10; 5; 1501; INTERNAL; 4; 9; 5; 1498
INTERNAL; 5; 10; 5; 1501; INTERNAL; 4; 9; 5; 1499
INTERNAL; 9; 12; 3; 1537; INTERNAL; 8; 11; 3; 4578
INTERNAL; 9; 12; 3; 1537; INTERNAL; 5; 11; 6; 4796
INTERNAL; 5; 11; 6; 4796; INTERNAL; 4; 10; 6; 2030
INTERNAL; 4; 10; 6; 2030; INTERNAL; 2; 9; 7; 1493
INTERNAL; 2; 9; 7; 1493; INPUT; 1; 8; 7; 2641
INTERNAL; 4; 10; 6; 2030; INTERNAL; 3; 9; 6; 1547
INTERNAL; 5; 11; 6; 4796; INTERNAL; 3; 10; 7; 5342
INTERNAL; 3; 10; 7; 5342; INTERNAL; 2; 9; 7; 7320
INTERNAL; 5; 11; 6; 4796; INTERNAL; 2; 10; 8; 2489
INTERNAL; 5; 11; 6; 4796; INTERNAL; 4; 10; 6; 1494
INTERNAL; 12; 14; 2; 3979; INTERNAL; 11; 13; 2; 7397
INTERNAL; 11; 13; 2; 7397; INTERNAL; 6; 12; 6; 8273
INTERNAL; 6; 12; 6; 8273; INTERNAL; 4; 11; 7; 1549
INTERNAL; 4; 11; 7; 1549; INTERNAL; 3; 10; 7; 3702
INTERNAL; 6; 12; 6; 8273; INTERNAL; 3; 11; 8; 5073
INTERNAL; 3; 11; 8; 5073; INTERNAL; 2; 6; 4; 1539
INTERNAL; 6; 12; 6; 8273; INTERNAL; 5; 11; 6; 1548
INTERNAL; 5; 11; 6; 1548; INTERNAL; 4; 10; 6; 1543
INTERNAL; 5; 11; 6; 1548; INTERNAL; 3; 10; 7; 1544
INTERNAL; 3; 10; 7; 1544; INTERNAL; 2; 9; 7; 5694
INTERNAL; 5; 11; 6; 1548; INTERNAL; 4; 10; 6; 2585
INTERNAL; 5; 11; 6; 1548; INTERNAL; 3; 10; 7; 1546
INTERNAL; 11; 13; 2; 7397; INTERNAL; 9; 12; 3; 2616
INTERNAL; 11; 13; 2; 7397; INTERNAL; 10; 12; 2; 1563
INTERNAL; 13; 17; 4; 1920; INTERNAL; 12; 14; 2; 1468
INTERNAL; 13; 17; 4; 1920; INTERNAL; 10; 14; 4; 1466
INTERNAL; 16; 18; 2; 7001; INTERNAL; 13; 17; 4; 1917
INTERNAL; 16; 18; 2; 7001; INTERNAL; 15; 17; 2; 1918
INTERNAL; 15; 17; 2; 1918; INTERNAL; 14; 16; 2; 1914
INTERNAL; 14; 16; 2; 1914; INTERNAL; 13; 15; 2; 1442
INTERNAL; 13; 15; 2; 1442; INTERNAL; 6; 14; 8; 3994
INTERNAL; 6; 14; 8; 3994; INTERNAL; 5; 13; 8; 2213
INTERNAL; 5; 13; 8; 2213; INTERNAL; 4; 12; 8; 5686
INTERNAL; 6; 14; 8; 3994; INTERNAL; 3; 13; 10; 1440
INTERNAL; 6; 14; 8; 3994; INTERNAL; 5; 13; 8; 1439
INTERNAL; 5; 13; 8; 1439; INTERNAL; 4; 12; 8; 1438
INTERNAL; 13; 15; 2; 1442; INTERNAL; 12; 14; 2; 1441
INTERNAL; 12; 14; 2; 1441; INTERNAL; 11; 13; 2; 1491
INTERNAL; 12; 14; 2; 1441; INTERNAL; 10; 13; 3; 6652
INTERNAL; 10; 13; 3; 6652; INTERNAL; 9; 12; 3; 1488
INTERNAL; 10; 13; 3; 6652; INTERNAL; 6; 12; 6; 6968
INTERNAL; 6; 12; 6; 6968; INTERNAL; 3; 11; 8; 1485
INTERNAL; 6; 12; 6; 6968; INTERNAL; 4; 11; 7; 7912
INTERNAL; 4; 11; 7; 7912; INTERNAL; 3; 10; 7; 2620
INTERNAL; 6; 12; 6; 6968; INTERNAL; 5; 11; 6; 1483
INTERNAL; 5; 11; 6; 1483; INTERNAL; 4; 10; 6; 8226
INTERNAL; 5; 11; 6; 1483; INTERNAL; 3; 10; 7; 1482
INTERNAL; 5; 11; 6; 1483; INTERNAL; 4; 10; 6; 3624
INTERNAL; 5; 11; 6; 1483; INTERNAL; 3; 10; 7; 5179
INTERNAL; 10; 13; 3; 6652; INTERNAL; 6; 12; 6; 1486
INTERNAL; 6; 12; 6; 1486; INTERNAL; 5; 11; 6; 1778
INTERNAL; 5; 11; 6; 1778; INTERNAL; 4; 10; 6; 6782
INTERNAL; 4; 10; 6; 6782; INTERNAL; 3; 9; 6; 6568
INTERNAL; 5; 11; 6; 1778; INTERNAL; 3; 10; 7; 1480
INTERNAL; 6; 12; 6; 1486; INTERNAL; 4; 11; 7; 1481
INTERNAL; 4; 11; 7; 1481; INTERNAL; 3; 10; 7; 5015
INTERNAL; 6; 12; 6; 1486; INTERNAL; 5; 11; 6; 1703
INTERNAL; 5; 11; 6; 1703; INTERNAL; 2; 6; 4; 5216
INTERNAL; 5; 11; 6; 1703; INTERNAL; 4; 10; 6; 5128
INTERNAL; 4; 10; 6; 5128; INTERNAL; 2; 6; 4; 8137
INTERNAL; 12; 14; 2; 1441; INTERNAL; 6; 13; 7; 1489
INTERNAL; 6; 13; 7; 1489; INTERNAL; 5; 12; 7; 1476
INTERNAL; 5; 12; 7; 1476; INTERNAL; 3; 11; 8; 1474
INTERNAL; 5; 12; 7; 1476; INTERNAL; 4; 11; 7; 3922
INTERNAL; 5; 12; 7; 1476; INTERNAL; 3; 11; 8; 1475
INTERNAL; 6; 13; 7; 1489; INTERNAL; 4; 12; 8; 4705
INTERNAL; 4; 12; 8; 4705; INTERNAL; 3; 11; 8; 1469
INTERNAL; 3; 11; 8; 1469; INPUT; 1; 5; 4; 3196
INTERNAL; 3; 11; 8; 1469; INPUT; 1; 5; 4; 3206
INTERNAL; 6; 13; 7; 1489; INTERNAL; 4; 12; 8; 1477
INTERNAL; 14; 16; 2; 1914; INTERNAL; 13; 15; 2; 1443
INTERNAL; 13; 15; 2; 1443; INTERNAL; 12; 14; 2; 3282
INTERNAL; 13; 15; 2; 1443; INTERNAL; 12; 14; 2; 1911
INTERNAL; 13; 15; 2; 1443; INTERNAL; 10; 14; 4; 7552
INTERNAL; 15; 17; 2; 1918; INTERNAL; 14; 16; 2; 1916
INTERNAL; 14; 16; 2; 1916; INTERNAL; 13; 15; 2; 1913
INTERNAL; 14; 16; 2; 1916; INTERNAL; 13; 15; 2; 1912
INTERNAL; 16; 18; 2; 7001; INTERNAL; 14; 17; 3; 1919
INTERNAL; 21; 23; 2; 4184; INTERNAL; 19; 22; 3; 8292
INTERNAL; 19; 22; 3; 8292; INTERNAL; 16; 20; 4; 1422
INTERNAL; 19; 22; 3; 8292; INTERNAL; 17; 21; 4; 3731
INTERNAL; 17; 21; 4; 3731; INTERNAL; 15; 19; 4; 1420
INTERNAL; 17; 21; 4; 3731; INTERNAL; 14; 19; 5; 1421
INTERNAL; 17; 21; 4; 3731; INTERNAL; 13; 19; 6; 7424
INTERNAL; 19; 22; 3; 8292; INTERNAL; 17; 20; 3; 1967
INTERNAL; 21; 23; 2; 4184; INTERNAL; 18; 22; 4; 1925
INTERNAL; 24; 24; 0; 7546; INTERNAL; 22; 23; 1; 4134
INTERNAL; 22; 23; 1; 4134; INTERNAL; 19; 22; 3; 2586
INTERNAL; 22; 23; 1; 4134; INTERNAL; 21; 22; 1; 7477
INTERNAL; 21; 22; 1; 7477; INTERNAL; 19; 21; 2; 4470
INTERNAL; 19; 21; 2; 4470; INTERNAL; 17; 20; 3; 7647
INTERNAL; 24; 24; 0; 7546; INTERNAL; 23; 23; 0; 4946
INTERNAL; 23; 23; 0; 4946; INTERNAL; 21; 22; 1; 4977
INTERNAL; 21; 22; 1; 4977; INTERNAL; 18; 21; 3; 4493
INTERNAL; 18; 21; 3; 4493; INTERNAL; 17; 20; 3; 4885
INTERNAL; 17; 20; 3; 4885; INTERNAL; 14; 19; 5; 7245
INTERNAL; 14; 19; 5; 7245; INTERNAL; 13; 18; 5; 4934
INTERNAL; 13; 18; 5; 4934; INTERNAL; 10; 17; 7; 7936
INTERNAL; 10; 17; 7; 7936; INTERNAL; 9; 15; 6; 6497
INTERNAL; 9; 15; 6; 6497; INTERNAL; 6; 12; 6; 7910
INTERNAL; 6; 12; 6; 7910; INTERNAL; 5; 10; 5; 2064
INTERNAL; 5; 10; 5; 2064; INTERNAL; 2; 9; 7; 8128
INTERNAL; 5; 10; 5; 2064; INTERNAL; 3; 9; 6; 7190
INTERNAL; 5; 10; 5; 2064; INTERNAL; 4; 9; 5; 7867
INTERNAL; 4; 9; 5; 7867; INTERNAL; 2; 8; 6; 3053
INTERNAL; 5; 10; 5; 2064; INTERNAL; 2; 9; 7; 5632
INTERNAL; 6; 12; 6; 7910; INTERNAL; 5; 10; 5; 6021
INTERNAL; 5; 10; 5; 6021; INTERNAL; 4; 9; 5; 7869
INTERNAL; 4; 9; 5; 7869; INTERNAL; 2; 7; 5; 5662
INTERNAL; 4; 9; 5; 7869; INTERNAL; 3; 8; 5; 6777
INTERNAL; 4; 9; 5; 7869; INTERNAL; 2; 8; 6; 7535
INTERNAL; 4; 9; 5; 7869; INTERNAL; 2; 8; 6; 7761
INTERNAL; 6; 12; 6; 7910; INTERNAL; 5; 10; 5; 6676
INTERNAL; 5; 10; 5; 6676; INTERNAL; 4; 9; 5; 5863
INTERNAL; 4; 9; 5; 5863; INTERNAL; 3; 7; 4; 5629
INTERNAL; 4; 9; 5; 5863; INTERNAL; 2; 7; 5; 7454
INTERNAL; 4; 9; 5; 5863; INTERNAL; 2; 8; 6; 7871
INTERNAL; 9; 15; 6; 6497; INTERNAL; 8; 12; 4; 3677
INTERNAL; 8; 12; 4; 3677; INTERNAL; 6; 11; 5; 7864
INTERNAL; 6; 11; 5; 7864; INTERNAL; 4; 10; 6; 3877
INTERNAL; 4; 10; 6; 3877; INTERNAL; 2; 8; 6; 7479
INTERNAL; 4; 10; 6; 3877; INTERNAL; 2; 8; 6; 7478
INTERNAL; 4; 10; 6; 3877; INTERNAL; 3; 9; 6; 3883
INTERNAL; 3; 9; 6; 3883; INPUT; 1; 8; 7; 7468
INTERNAL; 6; 11; 5; 7864; INTERNAL; 4; 10; 6; 6446
INTERNAL; 4; 10; 6; 6446; INTERNAL; 2; 9; 7; 8046
INTERNAL; 4; 10; 6; 6446; INTERNAL; 2; 9; 7; 5653
INTERNAL; 4; 10; 6; 6446; INTERNAL; 3; 9; 6; 7878
INTERNAL; 3; 9; 6; 7878; INTERNAL; 2; 8; 6; 4156
INTERNAL; 4; 10; 6; 6446; INTERNAL; 3; 9; 6; 7631
INTERNAL; 3; 9; 6; 7631; INTERNAL; 2; 7; 5; 3399
INTERNAL; 3; 9; 6; 7631; INTERNAL; 2; 8; 6; 7635
INTERNAL; 6; 11; 5; 7864; INTERNAL; 5; 10; 5; 7873
INTERNAL; 5; 10; 5; 7873; INTERNAL; 4; 9; 5; 2755
INTERNAL; 4; 9; 5; 2755; INTERNAL; 3; 8; 5; 4078
INTERNAL; 3; 8; 5; 4078; INTERNAL; 2; 7; 5; 7607
INTERNAL; 5; 10; 5; 7873; INTERNAL; 3; 9; 6; 7877
INTERNAL; 3; 9; 6; 7877; INTERNAL; 2; 7; 5; 5789
INTERNAL; 3; 9; 6; 7877; INTERNAL; 2; 7; 5; 7395
INTERNAL; 5; 10; 5; 7873; INTERNAL; 3; 9; 6; 7359
INTERNAL; 5; 10; 5; 7873; INTERNAL; 2; 7; 5; 6202
INTERNAL; 8; 12; 4; 3677; INTERNAL; 6; 11; 5; 2352
INTERNAL; 8; 12; 4; 3677; INTERNAL; 7; 11; 4; 7863
INTERNAL; 7; 11; 4; 7863; INTERNAL; 6; 10; 4; 7522
INTERNAL; 6; 10; 4; 7522; INTERNAL; 5; 9; 4; 2106
INTERNAL; 5; 9; 4; 2106; INTERNAL; 3; 8; 5; 7938
INTERNAL; 3; 8; 5; 7938; INTERNAL; 2; 7; 5; 5899
INTERNAL; 5; 9; 4; 2106; INTERNAL; 2; 8; 6; 2593
INTERNAL; 5; 9; 4; 2106; INTERNAL; 4; 8; 4; 7540
INTERNAL; 4; 8; 4; 7540; INTERNAL; 3; 7; 4; 7310
INTERNAL; 6; 10; 4; 7522; INTERNAL; 2; 9; 7; 7097
INTERNAL; 6; 10; 4; 7522; INTERNAL; 3; 9; 6; 3264
INTERNAL; 3; 9; 6; 3264; INTERNAL; 2; 8; 6; 7544
INTERNAL; 6; 10; 4; 7522; INTERNAL; 3; 9; 6; 4108
INTERNAL; 3; 9; 6; 4108; INTERNAL; 2; 8; 6; 7550
INTERNAL; 3; 9; 6; 4108; INTERNAL; 2; 5; 3; 6857
INTERNAL; 6; 10; 4; 7522; INTERNAL; 3; 9; 6; 6091
INTERNAL; 7; 11; 4; 7863; INTERNAL; 6; 10; 4; 7521
INTERNAL; 6; 10; 4; 7521; INTERNAL; 4; 9; 5; 4693
INTERNAL; 4; 9; 5; 4693; INTERNAL; 3; 8; 5; 7529
INTERNAL; 4; 9; 5; 4693; INTERNAL; 3; 8; 5; 4665
INTERNAL; 6; 10; 4; 7521; INTERNAL; 4; 9; 5; 7526
INTERNAL; 4; 9; 5; 7526; INTERNAL; 2; 8; 6; 7537
INTERNAL; 6; 10; 4; 7521; INTERNAL; 5; 9; 4; 7523
INTERNAL; 5; 9; 4; 7523; INTERNAL; 4; 8; 4; 7528
INTERNAL; 5; 9; 4; 7523; INTERNAL; 4; 8; 4; 6271
INTERNAL; 7; 11; 4; 7863; INTERNAL; 6; 10; 4; 2074
INTERNAL; 6; 10; 4; 2074; INTERNAL; 5; 9; 4; 4299
INTERNAL; 5; 9; 4; 4299; INTERNAL; 4; 8; 4; 7555
INTERNAL; 4; 8; 4; 7555; INTERNAL; 3; 7; 4; 4303
INTERNAL; 5; 9; 4; 4299; INTERNAL; 4; 8; 4; 3643
INTERNAL; 4; 8; 4; 3643; INTERNAL; 2; 7; 5; 3780
INTERNAL; 5; 9; 4; 4299; INTERNAL; 4; 8; 4; 6749
INTERNAL; 4; 8; 4; 6749; INTERNAL; 2; 7; 5; 7492
INTERNAL; 6; 10; 4; 2074; INTERNAL; 5; 9; 4; 4896
INTERNAL; 5; 9; 4; 4896; INTERNAL; 2; 8; 6; 4533
INTERNAL; 5; 9; 4; 4896; INTERNAL; 2; 8; 6; 7553
INTERNAL; 5; 9; 4; 4896; INTERNAL; 2; 8; 6; 5872
INTERNAL; 5; 9; 4; 4896; INTERNAL; 4; 8; 4; 4700
INTERNAL; 9; 15; 6; 6497; INTERNAL; 8; 12; 4; 7906
INTERNAL; 8; 12; 4; 7906; INTERNAL; 7; 11; 4; 4695
INTERNAL; 7; 11; 4; 4695; INTERNAL; 4; 10; 6; 7851
INTERNAL; 4; 10; 6; 7851; INTERNAL; 3; 9; 6; 5855
INTERNAL; 3; 9; 6; 5855; INTERNAL; 2; 8; 6; 7374
INTERNAL; 3; 9; 6; 5855; INTERNAL; 2; 8; 6; 5145
INTERNAL; 7; 11; 4; 4695; INTERNAL; 4; 10; 6; 7855
INTERNAL; 4; 10; 6; 7855; INTERNAL; 2; 8; 6; 5355
INTERNAL; 4; 10; 6; 7855; INTERNAL; 3; 9; 6; 3073
INTERNAL; 7; 11; 4; 4695; INTERNAL; 6; 10; 4; 7849
INTERNAL; 6; 10; 4; 7849; INTERNAL; 4; 9; 5; 4440
INTERNAL; 4; 9; 5; 4440; INTERNAL; 2; 8; 6; 7728
INTERNAL; 4; 9; 5; 4440; INTERNAL; 2; 8; 6; 5880
INTERNAL; 2; 8; 6; 5880; INPUT; 1; 5; 4; 2722
INTERNAL; 2; 8; 6; 5880; INPUT; 1; 5; 4; 7091
INTERNAL; 2; 8; 6; 5880; INPUT; 1; 5; 4; 7894
INTERNAL; 6; 10; 4; 7849; INTERNAL; 2; 5; 3; 3853
INTERNAL; 6; 10; 4; 7849; INTERNAL; 5; 9; 4; 7856
INTERNAL; 5; 9; 4; 7856; INTERNAL; 3; 8; 5; 4058
INTERNAL; 3; 8; 5; 4058; INPUT; 1; 7; 6; 7858
INTERNAL; 3; 8; 5; 4058; INPUT; 1; 7; 6; 3554
INTERNAL; 3; 8; 5; 4058; INPUT; 1; 7; 6; 3657
INTERNAL; 3; 8; 5; 4058; INPUT; 1; 7; 6; 7323
INTERNAL; 5; 9; 4; 7856; INTERNAL; 4; 8; 4; 4430
INTERNAL; 4; 8; 4; 4430; INTERNAL; 2; 7; 5; 7737
INTERNAL; 2; 7; 5; 7737; INPUT; 1; 4; 3; 2515
INTERNAL; 2; 7; 5; 7737; INPUT; 1; 4; 3; 5774
INTERNAL; 2; 7; 5; 7737; INPUT; 1; 4; 3; 6500
INTERNAL; 2; 7; 5; 7737; INPUT; 1; 4; 3; 7277
INTERNAL; 4; 8; 4; 4430; INTERNAL; 3; 7; 4; 6914
INTERNAL; 3; 7; 4; 6914; INTERNAL; 2; 6; 4; 5127
INTERNAL; 5; 9; 4; 7856; INTERNAL; 3; 8; 5; 7254
INTERNAL; 8; 12; 4; 7906; INTERNAL; 7; 11; 4; 7848
INTERNAL; 7; 11; 4; 7848; INTERNAL; 6; 10; 4; 8196
INTERNAL; 6; 10; 4; 8196; INTERNAL; 4; 9; 5; 6617
INTERNAL; 4; 9; 5; 6617; INTERNAL; 3; 8; 5; 7367
INTERNAL; 3; 8; 5; 7367; INTERNAL; 2; 7; 5; 7370
INTERNAL; 6; 10; 4; 8196; INTERNAL; 5; 9; 4; 3079
INTERNAL; 5; 9; 4; 3079; INTERNAL; 4; 8; 4; 7364
INTERNAL; 4; 8; 4; 7364; INTERNAL; 2; 7; 5; 5761
INTERNAL; 2; 7; 5; 5761; INPUT; 1; 6; 5; 7366
INTERNAL; 2; 7; 5; 5761; INPUT; 1; 5; 4; 3826
INTERNAL; 2; 7; 5; 5761; INPUT; 1; 5; 4; 7163
INTERNAL; 2; 7; 5; 5761; INPUT; 1; 5; 4; 4854
INTERNAL; 5; 9; 4; 3079; INTERNAL; 3; 8; 5; 4598
INTERNAL; 6; 10; 4; 8196; INTERNAL; 4; 9; 5; 5423
INTERNAL; 7; 11; 4; 7848; INTERNAL; 5; 10; 5; 2929
INTERNAL; 5; 10; 5; 2929; INTERNAL; 4; 9; 5; 7402
INTERNAL; 4; 9; 5; 7402; INTERNAL; 3; 8; 5; 7404
INTERNAL; 4; 9; 5; 7402; INTERNAL; 3; 8; 5; 7457
INTERNAL; 3; 8; 5; 7457; INPUT; 1; 7; 6; 7407
INTERNAL; 3; 8; 5; 7457; INPUT; 1; 7; 6; 2314
INTERNAL; 5; 10; 5; 2929; INTERNAL; 3; 9; 6; 3013
INTERNAL; 3; 9; 6; 3013; INPUT; 1; 5; 4; 5256
INTERNAL; 3; 9; 6; 3013; INPUT; 1; 5; 4; 6488
INTERNAL; 3; 9; 6; 3013; INPUT; 1; 5; 4; 5044
INTERNAL; 3; 9; 6; 3013; INPUT; 1; 5; 4; 5341
INTERNAL; 5; 10; 5; 2929; INTERNAL; 3; 9; 6; 7401
INTERNAL; 7; 11; 4; 7848; INTERNAL; 6; 10; 4; 4319
INTERNAL; 6; 10; 4; 4319; INTERNAL; 5; 9; 4; 7634
INTERNAL; 5; 9; 4; 7634; INTERNAL; 4; 8; 4; 4094
INTERNAL; 5; 9; 4; 7634; INTERNAL; 3; 8; 5; 7378
INTERNAL; 5; 9; 4; 7634; INTERNAL; 3; 8; 5; 7379
INTERNAL; 5; 9; 4; 7634; INTERNAL; 3; 8; 5; 7375
INTERNAL; 6; 10; 4; 4319; INTERNAL; 3; 9; 6; 3001
INTERNAL; 3; 9; 6; 3001; INTERNAL; 2; 6; 4; 4492
INTERNAL; 3; 9; 6; 3001; INTERNAL; 2; 8; 6; 7385
INTERNAL; 3; 9; 6; 3001; INTERNAL; 2; 8; 6; 5502
INTERNAL; 6; 10; 4; 4319; INTERNAL; 4; 9; 5; 2604
INTERNAL; 6; 10; 4; 4319; INTERNAL; 4; 9; 5; 7136
INTERNAL; 4; 9; 5; 7136; INTERNAL; 3; 8; 5; 7389
INTERNAL; 8; 12; 4; 7906; INTERNAL; 7; 11; 4; 6631
INTERNAL; 7; 11; 4; 6631; INTERNAL; 5; 10; 5; 4307
INTERNAL; 5; 10; 5; 4307; INTERNAL; 4; 9; 5; 2931
INTERNAL; 5; 10; 5; 4307; INTERNAL; 3; 9; 6; 7459
INTERNAL; 3; 9; 6; 7459; INTERNAL; 2; 8; 6; 7473
INTERNAL; 5; 10; 5; 4307; INTERNAL; 4; 9; 5; 4167
INTERNAL; 4; 9; 5; 4167; INTERNAL; 3; 8; 5; 6291
INTERNAL; 7; 11; 4; 6631; INTERNAL; 5; 10; 5; 6567
INTERNAL; 5; 10; 5; 6567; INTERNAL; 3; 9; 6; 7439
INTERNAL; 3; 9; 6; 7439; INTERNAL; 2; 8; 6; 4614
INTERNAL; 2; 8; 6; 4614; INPUT; 1; 7; 6; 7458
INTERNAL; 2; 8; 6; 4614; INPUT; 1; 7; 6; 2649
INTERNAL; 2; 8; 6; 4614; INPUT; 1; 7; 6; 7452
INTERNAL; 2; 8; 6; 4614; INPUT; 1; 7; 6; 3010
INTERNAL; 5; 10; 5; 6567; INTERNAL; 2; 9; 7; 7143
INTERNAL; 5; 10; 5; 6567; INTERNAL; 4; 9; 5; 7438
INTERNAL; 4; 9; 5; 7438; INTERNAL; 2; 8; 6; 2665
INTERNAL; 4; 9; 5; 7438; INTERNAL; 3; 8; 5; 5206
INTERNAL; 3; 8; 5; 5206; INTERNAL; 2; 7; 5; 7451
INTERNAL; 3; 8; 5; 5206; INTERNAL; 2; 5; 3; 4481
INTERNAL; 5; 10; 5; 6567; INTERNAL; 4; 9; 5; 7440
INTERNAL; 4; 9; 5; 7440; INTERNAL; 3; 8; 5; 5182
INTERNAL; 5; 10; 5; 6567; INTERNAL; 4; 9; 5; 7971
INTERNAL; 4; 9; 5; 7971; INTERNAL; 3; 8; 5; 5436
INTERNAL; 3; 8; 5; 5436; INTERNAL; 2; 7; 5; 7450
INTERNAL; 7; 11; 4; 6631; INTERNAL; 6; 10; 4; 7413
INTERNAL; 6; 10; 4; 7413; INTERNAL; 5; 9; 4; 7417
INTERNAL; 5; 9; 4; 7417; INTERNAL; 4; 8; 4; 7419
INTERNAL; 4; 8; 4; 7419; INTERNAL; 2; 7; 5; 7422
INTERNAL; 4; 8; 4; 7419; INTERNAL; 2; 7; 5; 3288
INTERNAL; 4; 8; 4; 7419; INTERNAL; 3; 7; 4; 6252
INTERNAL; 5; 9; 4; 7417; INTERNAL; 3; 8; 5; 4259
INTERNAL; 3; 8; 5; 4259; INTERNAL; 2; 7; 5; 7035
INTERNAL; 5; 9; 4; 7417; INTERNAL; 3; 8; 5; 6290
INTERNAL; 3; 8; 5; 6290; INTERNAL; 2; 7; 5; 5339
INTERNAL; 6; 10; 4; 7413; INTERNAL; 4; 9; 5; 4325
INTERNAL; 4; 9; 5; 4325; INTERNAL; 3; 8; 5; 7431
INTERNAL; 6; 10; 4; 7413; INTERNAL; 4; 9; 5; 7416
INTERNAL; 4; 9; 5; 7416; INTERNAL; 3; 8; 5; 7423
INTERNAL; 10; 17; 7; 7936; INTERNAL; 7; 15; 8; 2166
INTERNAL; 7; 15; 8; 2166; INTERNAL; 6; 12; 6; 2230
INTERNAL; 6; 12; 6; 2230; INTERNAL; 5; 11; 6; 7105
INTERNAL; 5; 11; 6; 7105; INTERNAL; 4; 10; 6; 3589
INTERNAL; 6; 12; 6; 2230; INTERNAL; 4; 11; 7; 2592
INTERNAL; 4; 11; 7; 2592; INTERNAL; 3; 10; 7; 7883
INTERNAL; 3; 10; 7; 7883; INTERNAL; 2; 9; 7; 5389
INTERNAL; 4; 11; 7; 2592; INTERNAL; 3; 10; 7; 7884
INTERNAL; 3; 10; 7; 7884; INTERNAL; 2; 9; 7; 7506
INTERNAL; 4; 11; 7; 2592; INTERNAL; 3; 10; 7; 6498
INTERNAL; 3; 10; 7; 6498; INTERNAL; 2; 9; 7; 7510
INTERNAL; 6; 12; 6; 2230; INTERNAL; 3; 11; 8; 7223
INTERNAL; 7; 15; 8; 2166; INTERNAL; 6; 12; 6; 7673
INTERNAL; 13; 18; 5; 4934; INTERNAL; 12; 17; 5; 7026
INTERNAL; 12; 17; 5; 7026; INTERNAL; 10; 16; 6; 6171
INTERNAL; 12; 17; 5; 7026; INTERNAL; 11; 16; 5; 7929
INTERNAL; 11; 16; 5; 7929; INTERNAL; 8; 15; 7; 7932
INTERNAL; 8; 15; 7; 7932; INTERNAL; 6; 14; 8; 2999
INTERNAL; 6; 14; 8; 2999; INTERNAL; 5; 10; 5; 6073
INTERNAL; 5; 10; 5; 6073; INTERNAL; 3; 9; 6; 7902
INTERNAL; 5; 10; 5; 6073; INTERNAL; 4; 9; 5; 6326
INTERNAL; 4; 9; 5; 6326; INTERNAL; 3; 8; 5; 7288
INTERNAL; 5; 10; 5; 6073; INTERNAL; 4; 9; 5; 7296
INTERNAL; 4; 9; 5; 7296; INTERNAL; 3; 6; 3; 7240
INTERNAL; 6; 14; 8; 2999; INTERNAL; 5; 10; 5; 3077
INTERNAL; 5; 10; 5; 3077; INTERNAL; 3; 8; 5; 7840
INTERNAL; 3; 8; 5; 7840; INTERNAL; 2; 5; 3; 4491
INTERNAL; 3; 8; 5; 7840; INTERNAL; 2; 7; 5; 4826
INTERNAL; 5; 10; 5; 3077; INTERNAL; 2; 8; 6; 6622
INTERNAL; 5; 10; 5; 3077; INTERNAL; 4; 9; 5; 6043
INTERNAL; 4; 9; 5; 6043; INTERNAL; 3; 5; 2; 3413
INTERNAL; 4; 9; 5; 6043; INTERNAL; 3; 8; 5; 7835
INTERNAL; 3; 8; 5; 7835; INTERNAL; 2; 7; 5; 7346
INTERNAL; 3; 8; 5; 7835; INTERNAL; 2; 7; 5; 5674
INTERNAL; 8; 15; 7; 7932; INTERNAL; 7; 14; 7; 3870
INTERNAL; 7; 14; 7; 3870; INTERNAL; 6; 11; 5; 7080
INTERNAL; 6; 11; 5; 7080; INTERNAL; 5; 10; 5; 7832
INTERNAL; 5; 10; 5; 7832; INTERNAL; 4; 9; 5; 6877
INTERNAL; 4; 9; 5; 6877; INTERNAL; 3; 8; 5; 2152
INTERNAL; 3; 8; 5; 2152; INPUT; 1; 7; 6; 8037
INTERNAL; 3; 8; 5; 2152; INPUT; 1; 7; 6; 2396
INTERNAL; 3; 8; 5; 2152; INPUT; 1; 7; 6; 7843
INTERNAL; 3; 8; 5; 2152; INPUT; 1; 7; 6; 7845
INTERNAL; 6; 11; 5; 7080; INTERNAL; 5; 10; 5; 6172
INTERNAL; 5; 10; 5; 6172; INTERNAL; 4; 9; 5; 7846
INTERNAL; 5; 10; 5; 6172; INTERNAL; 3; 9; 6; 4773
INTERNAL; 7; 14; 7; 3870; INTERNAL; 6; 11; 5; 7481
INTERNAL; 11; 16; 5; 7929; INTERNAL; 10; 15; 5; 5572
INTERNAL; 10; 15; 5; 5572; INTERNAL; 9; 12; 3; 7890
INTERNAL; 9; 12; 3; 7890; INTERNAL; 7; 11; 4; 5409
INTERNAL; 7; 11; 4; 5409; INTERNAL; 6; 10; 4; 7785
INTERNAL; 6; 10; 4; 7785; INTERNAL; 3; 9; 6; 7793
INTERNAL; 3; 9; 6; 7793; INTERNAL; 2; 7; 5; 4615
INTERNAL; 3; 9; 6; 7793; INTERNAL; 2; 6; 4; 7326
INTERNAL; 6; 10; 4; 7785; INTERNAL; 2; 5; 3; 6546
INTERNAL; 6; 10; 4; 7785; INTERNAL; 5; 9; 4; 6957
INTERNAL; 5; 9; 4; 6957; INTERNAL; 2; 7; 5; 2884
INTERNAL; 5; 9; 4; 6957; INTERNAL; 3; 8; 5; 4706
INTERNAL; 5; 9; 4; 6957; INTERNAL; 4; 8; 4; 7799
INTERNAL; 4; 8; 4; 7799; INTERNAL; 2; 7; 5; 7055
INTERNAL; 5; 9; 4; 6957; INTERNAL; 2; 8; 6; 7319
INTERNAL; 6; 10; 4; 7785; INTERNAL; 3; 7; 4; 7327
INTERNAL; 6; 10; 4; 7785; INTERNAL; 4; 9; 5; 7794
INTERNAL; 4; 9; 5; 7794; INTERNAL; 2; 8; 6; 3500
INTERNAL; 2; 8; 6; 3500; INPUT; 1; 7; 6; 7811
INTERNAL; 2; 8; 6; 3500; INPUT; 1; 7; 6; 7810
INTERNAL; 2; 8; 6; 3500; INPUT; 1; 7; 6; 7808
INTERNAL; 2; 8; 6; 3500; INPUT; 1; 7; 6; 6244
INTERNAL; 4; 9; 5; 7794; INTERNAL; 2; 7; 5; 7321
INTERNAL; 7; 11; 4; 5409; INTERNAL; 6; 10; 4; 7244
INTERNAL; 6; 10; 4; 7244; INTERNAL; 5; 9; 4; 3633
INTERNAL; 5; 9; 4; 3633; INTERNAL; 2; 8; 6; 6178
INTERNAL; 5; 9; 4; 3633; INTERNAL; 4; 8; 4; 2294
INTERNAL; 4; 8; 4; 2294; INTERNAL; 3; 7; 4; 3352
INTERNAL; 3; 7; 4; 3352; INTERNAL; 2; 5; 3; 2059
INTERNAL; 4; 8; 4; 2294; INTERNAL; 2; 7; 5; 6120
INTERNAL; 6; 10; 4; 7244; INTERNAL; 4; 9; 5; 7829
INTERNAL; 4; 9; 5; 7829; INTERNAL; 2; 8; 6; 6951
INTERNAL; 4; 9; 5; 7829; INTERNAL; 3; 8; 5; 2984
INTERNAL; 4; 9; 5; 7829; INTERNAL; 3; 8; 5; 2219
INTERNAL; 7; 11; 4; 5409; INTERNAL; 6; 10; 4; 7790
INTERNAL; 6; 10; 4; 7790; INTERNAL; 3; 9; 6; 3412
INTERNAL; 3; 9; 6; 3412; INTERNAL; 2; 8; 6; 7826
INTERNAL; 6; 10; 4; 7790; INTERNAL; 4; 9; 5; 5220
INTERNAL; 6; 10; 4; 7790; INTERNAL; 5; 9; 4; 2370
INTERNAL; 5; 9; 4; 2370; INTERNAL; 4; 8; 4; 7815
INTERNAL; 4; 8; 4; 7815; INTERNAL; 3; 7; 4; 7816
INTERNAL; 5; 9; 4; 2370; INTERNAL; 4; 8; 4; 7814
INTERNAL; 4; 8; 4; 7814; INTERNAL; 2; 6; 4; 6601
INTERNAL; 5; 9; 4; 2370; INTERNAL; 2; 8; 6; 3492
INTERNAL; 9; 12; 3; 7890; INTERNAL; 6; 11; 5; 2452
INTERNAL; 9; 12; 3; 7890; INTERNAL; 8; 11; 3; 7784
INTERNAL; 8; 11; 3; 7784; INTERNAL; 5; 10; 5; 5350
INTERNAL; 5; 10; 5; 5350; INTERNAL; 3; 9; 6; 7337
INTERNAL; 5; 10; 5; 5350; INTERNAL; 4; 9; 5; 7339
INTERNAL; 4; 9; 5; 7339; INTERNAL; 3; 8; 5; 7342
INTERNAL; 4; 9; 5; 7339; INTERNAL; 3; 8; 5; 6077
INTERNAL; 5; 10; 5; 5350; INTERNAL; 4; 9; 5; 7335
INTERNAL; 4; 9; 5; 7335; INTERNAL; 3; 8; 5; 7839
INTERNAL; 5; 10; 5; 5350; INTERNAL; 4; 9; 5; 3360
INTERNAL; 8; 11; 3; 7784; INTERNAL; 6; 10; 4; 5092
INTERNAL; 6; 10; 4; 5092; INTERNAL; 4; 9; 5; 7318
INTERNAL; 4; 9; 5; 7318; INTERNAL; 3; 8; 5; 4400
INTERNAL; 6; 10; 4; 5092; INTERNAL; 5; 9; 4; 4434
INTERNAL; 5; 9; 4; 4434; INTERNAL; 4; 8; 4; 4194
INTERNAL; 4; 8; 4; 4194; INTERNAL; 2; 5; 3; 3353
INTERNAL; 8; 11; 3; 7784; INTERNAL; 7; 10; 3; 7276
INTERNAL; 7; 10; 3; 7276; INTERNAL; 4; 9; 5; 7278
INTERNAL; 4; 9; 5; 7278; INPUT; 1; 8; 7; 7314
INTERNAL; 4; 9; 5; 7278; INPUT; 1; 8; 7; 7050
INTERNAL; 4; 9; 5; 7278; INPUT; 1; 8; 7; 6530
INTERNAL; 4; 9; 5; 7278; INPUT; 1; 8; 7; 7311
INTERNAL; 7; 10; 3; 7276; INTERNAL; 6; 9; 3; 6694
INTERNAL; 6; 9; 3; 6694; INTERNAL; 5; 8; 3; 7287
INTERNAL; 5; 8; 3; 7287; INTERNAL; 2; 7; 5; 7292
INTERNAL; 5; 8; 3; 7287; INTERNAL; 4; 7; 3; 7299
INTERNAL; 7; 10; 3; 7276; INTERNAL; 4; 9; 5; 7282
INTERNAL; 10; 15; 5; 5572; INTERNAL; 8; 12; 4; 7892
INTERNAL; 8; 12; 4; 7892; INTERNAL; 7; 11; 4; 3635
INTERNAL; 8; 12; 4; 7892; INTERNAL; 7; 11; 4; 7900
INTERNAL; 10; 15; 5; 5572; INTERNAL; 7; 12; 5; 7898
INTERNAL; 11; 16; 5; 7929; INTERNAL; 8; 15; 7; 6294
INTERNAL; 12; 17; 5; 7026; INTERNAL; 11; 16; 5; 4010
INTERNAL; 11; 16; 5; 4010; INTERNAL; 9; 13; 4; 7889
INTERNAL; 11; 16; 5; 4010; INTERNAL; 10; 13; 3; 6588
INTERNAL; 11; 16; 5; 4010; INTERNAL; 10; 13; 3; 6357
INTERNAL; 10; 13; 3; 6357; INTERNAL; 8; 12; 4; 4887
INTERNAL; 10; 13; 3; 6357; INTERNAL; 9; 12; 3; 7782
INTERNAL; 9; 12; 3; 7782; INTERNAL; 3; 11; 8; 7272
INTERNAL; 3; 11; 8; 7272; INTERNAL; 2; 10; 8; 7409
INTERNAL; 9; 12; 3; 7782; INTERNAL; 8; 11; 3; 6423
INTERNAL; 9; 12; 3; 7782; INTERNAL; 7; 11; 4; 5252
INTERNAL; 10; 13; 3; 6357; INTERNAL; 9; 12; 3; 7781
INTERNAL; 13; 18; 5; 4934; INTERNAL; 12; 17; 5; 5444
INTERNAL; 12; 17; 5; 5444; INTERNAL; 8; 16; 8; 7937
INTERNAL; 12; 17; 5; 5444; INTERNAL; 11; 16; 5; 5967
INTERNAL; 14; 19; 5; 7245; INTERNAL; 13; 18; 5; 7934
INTERNAL; 13; 18; 5; 7934; INTERNAL; 12; 17; 5; 7928
INTERNAL; 13; 18; 5; 7934; INTERNAL; 12; 17; 5; 7926
INTERNAL; 12; 17; 5; 7926; INTERNAL; 10; 14; 4; 2784
INTERNAL; 10; 14; 4; 2784; INTERNAL; 9; 13; 4; 7512
INTERNAL; 9; 13; 4; 7512; INTERNAL; 8; 12; 4; 5375
INTERNAL; 8; 12; 4; 5375; INTERNAL; 6; 11; 5; 5563
INTERNAL; 6; 11; 5; 5563; INTERNAL; 5; 10; 5; 7485
INTERNAL; 5; 10; 5; 7485; INTERNAL; 2; 8; 6; 7518
INTERNAL; 5; 10; 5; 7485; INTERNAL; 4; 9; 5; 7495
INTERNAL; 6; 11; 5; 5563; INTERNAL; 4; 10; 6; 7338
INTERNAL; 4; 10; 6; 7338; INTERNAL; 3; 9; 6; 6813
INTERNAL; 3; 9; 6; 6813; INTERNAL; 2; 8; 6; 5879
INTERNAL; 4; 10; 6; 7338; INTERNAL; 2; 9; 7; 7499
INTERNAL; 6; 11; 5; 5563; INTERNAL; 5; 10; 5; 4507
INTERNAL; 5; 10; 5; 4507; INTERNAL; 2; 5; 3; 2754
INTERNAL; 5; 10; 5; 4507; INTERNAL; 4; 9; 5; 7787
INTERNAL; 4; 9; 5; 7787; INTERNAL; 3; 8; 5; 7490
INTERNAL; 3; 8; 5; 7490; INTERNAL; 2; 5; 3; 5606
INTERNAL; 8; 12; 4; 5375; INTERNAL; 7; 11; 4; 7412
INTERNAL; 9; 13; 4; 7512; INTERNAL; 8; 12; 4; 7740
INTERNAL; 9; 13; 4; 7512; INTERNAL; 8; 12; 4; 7862
INTERNAL; 8; 12; 4; 7862; INTERNAL; 5; 11; 6; 3642
INTERNAL; 5; 11; 6; 3642; INPUT; 1; 10; 9; 7872
INTERNAL; 5; 11; 6; 3642; INTERNAL; 4; 10; 6; 3659
INTERNAL; 4; 10; 6; 3659; INTERNAL; 3; 9; 6; 7617
INTERNAL; 3; 9; 6; 7617; INTERNAL; 2; 6; 4; 6667
INTERNAL; 5; 11; 6; 3642; INPUT; 1; 10; 9; 7392
INTERNAL; 5; 11; 6; 3642; INTERNAL; 4; 10; 6; 4648
INTERNAL; 4; 10; 6; 4648; INTERNAL; 3; 9; 6; 7623
INTERNAL; 3; 9; 6; 7623; INTERNAL; 2; 5; 3; 5777
INTERNAL; 4; 10; 6; 4648; INTERNAL; 2; 4; 2; 5463
INTERNAL; 5; 11; 6; 3642; INPUT; 1; 10; 9; 3130
INTERNAL; 5; 11; 6; 3642; INPUT; 1; 10; 9; 2753
INTERNAL; 8; 12; 4; 7862; INTERNAL; 7; 11; 4; 7519
INTERNAL; 8; 12; 4; 7862; INTERNAL; 7; 11; 4; 4636
INTERNAL; 7; 11; 4; 4636; INTERNAL; 6; 10; 4; 7567
INTERNAL; 6; 10; 4; 7567; INTERNAL; 5; 9; 4; 7582
INTERNAL; 5; 9; 4; 7582; INTERNAL; 4; 8; 4; 7931
INTERNAL; 4; 8; 4; 7931; INTERNAL; 3; 7; 4; 6907
INTERNAL; 5; 9; 4; 7582; INTERNAL; 4; 8; 4; 2036
INTERNAL; 4; 8; 4; 2036; INTERNAL; 2; 7; 5; 4196
INTERNAL; 6; 10; 4; 7567; INTERNAL; 5; 9; 4; 3916
INTERNAL; 5; 9; 4; 3916; INTERNAL; 4; 8; 4; 7587
INTERNAL; 5; 9; 4; 3916; INTERNAL; 4; 8; 4; 4738
INTERNAL; 4; 8; 4; 4738; INTERNAL; 2; 6; 4; 3220
INTERNAL; 5; 9; 4; 3916; INTERNAL; 3; 8; 5; 2876
INTERNAL; 3; 8; 5; 2876; INTERNAL; 2; 7; 5; 7590
INTERNAL; 3; 8; 5; 2876; INTERNAL; 2; 7; 5; 7593
INTERNAL; 3; 8; 5; 2876; INTERNAL; 2; 7; 5; 7596
INTERNAL; 7; 11; 4; 4636; INTERNAL; 6; 10; 4; 7570
INTERNAL; 6; 10; 4; 7570; INTERNAL; 3; 9; 6; 5797
INTERNAL; 3; 9; 6; 5797; INTERNAL; 2; 8; 6; 7475
INTERNAL; 3; 9; 6; 5797; INTERNAL; 2; 7; 5; 4098
INTERNAL; 3; 9; 6; 5797; INTERNAL; 2; 5; 3; 5626
INTERNAL; 3; 9; 6; 5797; INTERNAL; 2; 5; 3; 5699
INTERNAL; 6; 10; 4; 7570; INTERNAL; 5; 9; 4; 3248
INTERNAL; 5; 9; 4; 3248; INTERNAL; 4; 8; 4; 6364
INTERNAL; 5; 9; 4; 3248; INTERNAL; 3; 8; 5; 4882
INTERNAL; 6; 10; 4; 7570; INTERNAL; 2; 9; 7; 4831
INTERNAL; 6; 10; 4; 7570; INTERNAL; 5; 9; 4; 7602
INTERNAL; 5; 9; 4; 7602; INTERNAL; 4; 8; 4; 4074
INTERNAL; 6; 10; 4; 7570; INTERNAL; 4; 9; 5; 7604
INTERNAL; 4; 9; 5; 7604; INTERNAL; 2; 8; 6; 8358
INTERNAL; 4; 9; 5; 7604; INTERNAL; 2; 5; 3; 5634
INTERNAL; 4; 9; 5; 7604; INTERNAL; 2; 8; 6; 2362
INTERNAL; 7; 11; 4; 4636; INTERNAL; 6; 10; 4; 6747
INTERNAL; 6; 10; 4; 6747; INTERNAL; 5; 9; 4; 7572
INTERNAL; 5; 9; 4; 7572; INTERNAL; 2; 8; 6; 4448
INTERNAL; 5; 9; 4; 7572; INTERNAL; 2; 8; 6; 4984
INTERNAL; 5; 9; 4; 7572; INTERNAL; 4; 8; 4; 5264
INTERNAL; 4; 8; 4; 5264; INTERNAL; 3; 7; 4; 7575
INTERNAL; 3; 7; 4; 7575; INTERNAL; 2; 6; 4; 7580
INTERNAL; 10; 14; 4; 2784; INTERNAL; 7; 13; 6; 5512
INTERNAL; 10; 14; 4; 2784; INTERNAL; 8; 13; 5; 7911
INTERNAL; 8; 13; 5; 7911; INTERNAL; 7; 12; 5; 7882
INTERNAL; 8; 13; 5; 7911; INTERNAL; 6; 12; 6; 7135
INTERNAL; 8; 13; 5; 7911; INTERNAL; 7; 12; 5; 2324
INTERNAL; 7; 12; 5; 2324; INTERNAL; 5; 11; 6; 7639
INTERNAL; 5; 11; 6; 7639; INTERNAL; 4; 10; 6; 6151
INTERNAL; 4; 10; 6; 6151; INTERNAL; 3; 9; 6; 6864
INTERNAL; 3; 9; 6; 6864; INTERNAL; 2; 8; 6; 7120
INTERNAL; 5; 11; 6; 7639; INTERNAL; 2; 9; 7; 7692
INTERNAL; 5; 11; 6; 7639; INTERNAL; 4; 10; 6; 7695
INTERNAL; 4; 10; 6; 7695; INTERNAL; 3; 9; 6; 7696
INTERNAL; 4; 10; 6; 7695; INTERNAL; 3; 9; 6; 5750
INTERNAL; 3; 9; 6; 5750; INTERNAL; 2; 8; 6; 6473
INTERNAL; 3; 9; 6; 5750; INTERNAL; 2; 7; 5; 2786
INTERNAL; 7; 12; 5; 2324; INTERNAL; 5; 11; 6; 6691
INTERNAL; 5; 11; 6; 6691; INTERNAL; 4; 10; 6; 2764
INTERNAL; 4; 10; 6; 2764; INTERNAL; 3; 9; 6; 3197
INTERNAL; 4; 10; 6; 2764; INTERNAL; 3; 9; 6; 7686
INTERNAL; 3; 9; 6; 7686; INTERNAL; 2; 8; 6; 7564
INTERNAL; 4; 10; 6; 2764; INTERNAL; 3; 9; 6; 5711
INTERNAL; 3; 9; 6; 5711; INTERNAL; 2; 8; 6; 3881
INTERNAL; 3; 9; 6; 5711; INTERNAL; 2; 8; 6; 5951
INTERNAL; 7; 12; 5; 2324; INTERNAL; 6; 11; 5; 6386
INTERNAL; 6; 11; 5; 6386; INPUT; 1; 6; 5; 7206
INTERNAL; 6; 11; 5; 6386; INPUT; 1; 6; 5; 6429
INTERNAL; 6; 11; 5; 6386; INPUT; 1; 6; 5; 6440
INTERNAL; 6; 11; 5; 6386; INTERNAL; 5; 10; 5; 7682
INTERNAL; 5; 10; 5; 7682; INTERNAL; 4; 9; 5; 7059
INTERNAL; 4; 9; 5; 7059; INTERNAL; 2; 5; 3; 6646
INTERNAL; 4; 9; 5; 7059; INTERNAL; 3; 8; 5; 4547
INTERNAL; 5; 10; 5; 7682; INTERNAL; 3; 9; 6; 3970
INTERNAL; 6; 11; 5; 6386; INPUT; 1; 6; 5; 6433
INTERNAL; 12; 17; 5; 7926; INTERNAL; 11; 14; 3; 7888
INTERNAL; 12; 17; 5; 7926; INTERNAL; 11; 14; 3; 5691
INTERNAL; 11; 14; 3; 5691; INTERNAL; 10; 13; 3; 6491
INTERNAL; 10; 13; 3; 6491; INTERNAL; 6; 12; 6; 7267
INTERNAL; 6; 12; 6; 7267; INTERNAL; 5; 11; 6; 6092
INTERNAL; 5; 11; 6; 6092; INTERNAL; 4; 10; 6; 2783
INTERNAL; 5; 11; 6; 6092; INTERNAL; 4; 10; 6; 7505
INTERNAL; 4; 10; 6; 7505; INTERNAL; 3; 9; 6; 7088
INTERNAL; 5; 11; 6; 6092; INTERNAL; 2; 10; 8; 4425
INTERNAL; 5; 11; 6; 6092; INTERNAL; 3; 10; 7; 3611
INTERNAL; 6; 12; 6; 7267; INTERNAL; 4; 11; 7; 7502
INTERNAL; 4; 11; 7; 7502; INTERNAL; 3; 10; 7; 7509
INTERNAL; 6; 12; 6; 7267; INTERNAL; 4; 11; 7; 5120
INTERNAL; 4; 11; 7; 5120; INTERNAL; 3; 10; 7; 5795
INTERNAL; 10; 13; 3; 6491; INTERNAL; 8; 12; 4; 2451
INTERNAL; 10; 13; 3; 6491; INTERNAL; 9; 12; 3; 4582
INTERNAL; 11; 14; 3; 5691; INTERNAL; 10; 13; 3; 6427
INTERNAL; 11; 14; 3; 5691; INTERNAL; 9; 13; 4; 7778
INTERNAL; 13; 18; 5; 7934; INTERNAL; 10; 17; 7; 5280
INTERNAL; 17; 20; 3; 4885; INTERNAL; 16; 19; 3; 7243
INTERNAL; 16; 19; 3; 7243; INTERNAL; 13; 18; 5; 7248
INTERNAL; 13; 18; 5; 7248; INTERNAL; 12; 15; 3; 4459
INTERNAL; 13; 18; 5; 7248; INTERNAL; 12; 15; 3; 4457
INTERNAL; 12; 15; 3; 4457; INTERNAL; 10; 14; 4; 7168
INTERNAL; 10; 14; 4; 7168; INTERNAL; 8; 13; 5; 7879
INTERNAL; 10; 14; 4; 7168; INTERNAL; 8; 13; 5; 3240
INTERNAL; 8; 13; 5; 3240; INTERNAL; 6; 12; 6; 7679
INTERNAL; 6; 12; 6; 7679; INTERNAL; 5; 11; 6; 7703
INTERNAL; 5; 11; 6; 7703; INTERNAL; 3; 10; 7; 7705
INTERNAL; 5; 11; 6; 7703; INTERNAL; 4; 10; 6; 7706
INTERNAL; 4; 10; 6; 7706; INTERNAL; 2; 8; 6; 7115
INTERNAL; 4; 10; 6; 7706; INTERNAL; 3; 9; 6; 5137
INTERNAL; 4; 10; 6; 7706; INTERNAL; 2; 8; 6; 2285
INTERNAL; 4; 10; 6; 7706; INTERNAL; 2; 9; 7; 4813
INTERNAL; 6; 12; 6; 7679; INTERNAL; 4; 11; 7; 2480
INTERNAL; 4; 11; 7; 2480; INTERNAL; 3; 10; 7; 3947
INTERNAL; 4; 11; 7; 2480; INTERNAL; 3; 10; 7; 7709
INTERNAL; 4; 11; 7; 2480; INTERNAL; 3; 10; 7; 4526
INTERNAL; 4; 11; 7; 2480; INTERNAL; 3; 10; 7; 7712
INTERNAL; 3; 10; 7; 7712; INTERNAL; 2; 9; 7; 7719
INTERNAL; 8; 13; 5; 3240; INTERNAL; 7; 12; 5; 7677
INTERNAL; 8; 13; 5; 3240; INTERNAL; 6; 12; 6; 6232
INTERNAL; 6; 12; 6; 6232; INTERNAL; 3; 11; 8; 7762
INTERNAL; 3; 11; 8; 7762; INTERNAL; 2; 10; 8; 7702
INTERNAL; 6; 12; 6; 6232; INTERNAL; 5; 11; 6; 5809
INTERNAL; 5; 11; 6; 5809; INTERNAL; 4; 10; 6; 4294
INTERNAL; 5; 11; 6; 5809; INTERNAL; 3; 10; 7; 7699
INTERNAL; 6; 12; 6; 6232; INTERNAL; 3; 11; 8; 5442
INTERNAL; 3; 11; 8; 5442; INPUT; 1; 4; 3; 6847
INTERNAL; 10; 14; 4; 7168; INTERNAL; 9; 13; 4; 5672
INTERNAL; 9; 13; 4; 5672; INTERNAL; 8; 12; 4; 7514
INTERNAL; 9; 13; 4; 5672; INTERNAL; 6; 12; 6; 7831
INTERNAL; 6; 12; 6; 7831; INTERNAL; 4; 11; 7; 6507
INTERNAL; 4; 11; 7; 6507; INTERNAL; 2; 10; 8; 6772
INTERNAL; 4; 11; 7; 6507; INTERNAL; 2; 3; 1; 3574
INTERNAL; 6; 12; 6; 7831; INTERNAL; 5; 11; 6; 6279
INTERNAL; 5; 11; 6; 6279; INTERNAL; 4; 10; 6; 7630
INTERNAL; 4; 10; 6; 7630; INTERNAL; 3; 9; 6; 6563
INTERNAL; 6; 12; 6; 7831; INTERNAL; 3; 11; 8; 7624
INTERNAL; 3; 11; 8; 7624; INTERNAL; 2; 10; 8; 7637
INTERNAL; 9; 13; 4; 5672; INTERNAL; 6; 12; 6; 2657
INTERNAL; 6; 12; 6; 2657; INTERNAL; 5; 11; 6; 7641
INTERNAL; 5; 11; 6; 7641; INTERNAL; 4; 10; 6; 7643
INTERNAL; 4; 10; 6; 7643; INTERNAL; 3; 9; 6; 5713
INTERNAL; 4; 10; 6; 7643; INTERNAL; 2; 9; 7; 5701
INTERNAL; 6; 12; 6; 2657; INTERNAL; 5; 11; 6; 7640
INTERNAL; 5; 11; 6; 7640; INTERNAL; 4; 10; 6; 7646
INTERNAL; 4; 10; 6; 7646; INTERNAL; 3; 9; 6; 7649
INTERNAL; 12; 15; 3; 4457; INTERNAL; 11; 14; 3; 7773
INTERNAL; 11; 14; 3; 7773; INTERNAL; 6; 13; 7; 7266
INTERNAL; 6; 13; 7; 7266; INTERNAL; 5; 12; 7; 7410
INTERNAL; 5; 12; 7; 7410; INTERNAL; 3; 11; 8; 6998
INTERNAL; 5; 12; 7; 7410; INTERNAL; 4; 11; 7; 7664
INTERNAL; 4; 11; 7; 7664; INTERNAL; 3; 10; 7; 5171
INTERNAL; 5; 12; 7; 7410; INTERNAL; 4; 11; 7; 7661
INTERNAL; 6; 13; 7; 7266; INTERNAL; 5; 12; 7; 2312
INTERNAL; 5; 12; 7; 2312; INTERNAL; 2; 11; 9; 7652
INTERNAL; 5; 12; 7; 2312; INTERNAL; 4; 11; 7; 7656
INTERNAL; 5; 12; 7; 2312; INTERNAL; 4; 11; 7; 7207
INTERNAL; 4; 11; 7; 7207; INTERNAL; 3; 10; 7; 6674
INTERNAL; 3; 10; 7; 6674; INTERNAL; 2; 9; 7; 7657
INTERNAL; 2; 9; 7; 7657; INPUT; 1; 8; 7; 7658
INTERNAL; 2; 9; 7; 7657; INPUT; 1; 5; 4; 4471
INTERNAL; 11; 14; 3; 7773; INTERNAL; 10; 13; 3; 6436
INTERNAL; 11; 14; 3; 7773; INTERNAL; 9; 13; 4; 7110
INTERNAL; 12; 15; 3; 4457; INTERNAL; 11; 14; 3; 7777
INTERNAL; 13; 18; 5; 7248; INTERNAL; 10; 15; 5; 7886
INTERNAL; 16; 19; 3; 7243; INTERNAL; 15; 18; 3; 2354
INTERNAL; 15; 18; 3; 2354; INTERNAL; 14; 17; 3; 4032
INTERNAL; 14; 17; 3; 4032; INTERNAL; 13; 16; 3; 3457
INTERNAL; 14; 17; 3; 4032; INTERNAL; 13; 16; 3; 7257
INTERNAL; 13; 16; 3; 7257; INTERNAL; 12; 15; 3; 7517
INTERNAL; 13; 16; 3; 7257; INTERNAL; 12; 15; 3; 7258
INTERNAL; 12; 15; 3; 7258; INTERNAL; 9; 14; 5; 3443
INTERNAL; 9; 14; 5; 3443; INTERNAL; 5; 13; 8; 4722
INTERNAL; 5; 13; 8; 4722; INTERNAL; 4; 12; 8; 3697
INTERNAL; 4; 12; 8; 3697; INTERNAL; 2; 11; 9; 7730
INTERNAL; 4; 12; 8; 3697; INTERNAL; 2; 10; 8; 7746
INTERNAL; 4; 12; 8; 3697; INTERNAL; 3; 11; 8; 7742
INTERNAL; 5; 13; 8; 4722; INTERNAL; 4; 12; 8; 4688
INTERNAL; 5; 13; 8; 4722; INTERNAL; 4; 12; 8; 3409
INTERNAL; 4; 12; 8; 3409; INTERNAL; 3; 11; 8; 7753
INTERNAL; 4; 12; 8; 3409; INTERNAL; 3; 11; 8; 7752
INTERNAL; 4; 12; 8; 3409; INTERNAL; 3; 11; 8; 4118
INTERNAL; 9; 14; 5; 3443; INTERNAL; 6; 13; 7; 7675
INTERNAL; 6; 13; 7; 7675; INTERNAL; 4; 12; 8; 7722
INTERNAL; 6; 13; 7; 7675; INTERNAL; 5; 12; 7; 7724
INTERNAL; 5; 12; 7; 7724; INTERNAL; 4; 11; 7; 7729
INTERNAL; 6; 13; 7; 7675; INTERNAL; 4; 12; 8; 7726
INTERNAL; 9; 14; 5; 3443; INTERNAL; 8; 13; 5; 6629
INTERNAL; 12; 15; 3; 7258; INTERNAL; 6; 14; 8; 7263
INTERNAL; 6; 14; 8; 7263; INTERNAL; 3; 13; 10; 3279
INTERNAL; 3; 13; 10; 3279; INTERNAL; 2; 12; 10; 4754
INTERNAL; 2; 12; 10; 4754; INPUT; 1; 11; 10; 3307
INTERNAL; 2; 12; 10; 4754; INPUT; 1; 11; 10; 7260
INTERNAL; 2; 12; 10; 4754; INPUT; 1; 11; 10; 7771
INTERNAL; 2; 12; 10; 4754; INPUT; 1; 11; 10; 7569
INTERNAL; 6; 14; 8; 7263; INTERNAL; 4; 13; 9; 6503
INTERNAL; 4; 13; 9; 6503; INTERNAL; 2; 12; 10; 5817
INTERNAL; 2; 12; 10; 5817; INPUT; 1; 9; 8; 4257
INTERNAL; 2; 12; 10; 5817; INPUT; 1; 8; 7; 2946
INTERNAL; 2; 12; 10; 5817; INPUT; 1; 8; 7; 4922
INTERNAL; 2; 12; 10; 5817; INPUT; 1; 8; 7; 3309
INTERNAL; 6; 14; 8; 7263; INTERNAL; 5; 13; 8; 2546
INTERNAL; 5; 13; 8; 2546; INTERNAL; 4; 12; 8; 4402
INTERNAL; 12; 15; 3; 7258; INTERNAL; 11; 14; 3; 4392
INTERNAL; 13; 16; 3; 7257; INTERNAL; 9; 15; 6; 7261
INTERNAL; 15; 18; 3; 2354; INTERNAL; 14; 17; 3; 6949
INTERNAL; 14; 17; 3; 6949; INTERNAL; 13; 16; 3; 3182
INTERNAL; 14; 17; 3; 6949; INTERNAL; 13; 16; 3; 7913
INTERNAL; 13; 16; 3; 7913; INTERNAL; 12; 15; 3; 5886
INTERNAL; 13; 16; 3; 7913; INTERNAL; 6; 15; 9; 4163
INTERNAL; 6; 15; 9; 4163; INTERNAL; 5; 14; 9; 3598
INTERNAL; 5; 14; 9; 3598; INTERNAL; 3; 13; 10; 7915
INTERNAL; 5; 14; 9; 3598; INTERNAL; 3; 13; 10; 7916
INTERNAL; 3; 13; 10; 7916; INTERNAL; 2; 10; 8; 3076
INTERNAL; 6; 15; 9; 4163; INTERNAL; 4; 14; 10; 4114
INTERNAL; 4; 14; 10; 4114; INTERNAL; 2; 6; 4; 5198
INTERNAL; 6; 15; 9; 4163; INTERNAL; 3; 14; 11; 7247
INTERNAL; 16; 19; 3; 7243; INTERNAL; 13; 18; 5; 5063
INTERNAL; 16; 19; 3; 7243; INTERNAL; 14; 18; 4; 7253
INTERNAL; 18; 21; 3; 4493; INTERNAL; 13; 20; 7; 7940
INTERNAL; 18; 21; 3; 4493; INTERNAL; 14; 20; 6; 6342
INTERNAL; 18; 21; 3; 4493; INTERNAL; 12; 20; 8; 7941
INTERNAL; 21; 22; 1; 4977; INTERNAL; 18; 21; 3; 3627
INTERNAL; 21; 22; 1; 4977; INTERNAL; 19; 21; 2; 7238
INTERNAL; 19; 21; 2; 7238; INTERNAL; 16; 19; 3; 4907
INTERNAL; 19; 21; 2; 7238; INTERNAL; 17; 20; 3; 7241
INTERNAL; 19; 21; 2; 7238; INTERNAL; 17; 20; 3; 7242
INTERNAL; 17; 20; 3; 7242; INTERNAL; 13; 18; 5; 7939
INTERNAL; 17; 20; 3; 7242; INTERNAL; 14; 18; 4; 6786
INTERNAL; 17; 20; 3; 7242; INTERNAL; 15; 19; 4; 6387
INTERNAL; 23; 23; 0; 4946; INTERNAL; 22; 22; 0; 4157
INTERNAL; 22; 22; 0; 4157; INTERNAL; 19; 21; 2; 6274
INTERNAL; 19; 21; 2; 6274; INTERNAL; 18; 19; 1; 6280
INTERNAL; 18; 19; 1; 6280; INTERNAL; 14; 18; 4; 4892
INTERNAL; 14; 18; 4; 4892; INTERNAL; 13; 16; 3; 7219
INTERNAL; 13; 16; 3; 7219; INTERNAL; 12; 15; 3; 7201
INTERNAL; 12; 15; 3; 7201; INTERNAL; 11; 14; 3; 7203
INTERNAL; 11; 14; 3; 7203; INTERNAL; 10; 13; 3; 7204
INTERNAL; 10; 13; 3; 7204; INTERNAL; 8; 10; 2; 7170
INTERNAL; 8; 10; 2; 7170; INTERNAL; 4; 9; 5; 7173
INTERNAL; 4; 9; 5; 7173; INTERNAL; 3; 7; 4; 6827
INTERNAL; 3; 7; 4; 6827; INTERNAL; 2; 6; 4; 6835
INTERNAL; 8; 10; 2; 7170; INTERNAL; 7; 9; 2; 4878
INTERNAL; 7; 9; 2; 4878; INTERNAL; 4; 8; 4; 3067
INTERNAL; 4; 8; 4; 3067; INTERNAL; 2; 6; 4; 7177
INTERNAL; 2; 6; 4; 7177; INPUT; 1; 4; 3; 6917
INTERNAL; 2; 6; 4; 7177; INPUT; 1; 4; 3; 5334
INTERNAL; 2; 6; 4; 7177; INPUT; 1; 4; 3; 5815
INTERNAL; 2; 6; 4; 7177; INPUT; 1; 4; 3; 6918
INTERNAL; 4; 8; 4; 3067; INTERNAL; 2; 6; 4; 8274
INTERNAL; 2; 6; 4; 8274; INPUT; 1; 5; 4; 7586
INTERNAL; 2; 6; 4; 8274; INPUT; 1; 5; 4; 6561
INTERNAL; 2; 6; 4; 8274; INPUT; 1; 5; 4; 6564
INTERNAL; 7; 9; 2; 4878; INTERNAL; 4; 8; 4; 7175
INTERNAL; 4; 8; 4; 7175; INTERNAL; 3; 7; 4; 4679
INTERNAL; 7; 9; 2; 4878; INTERNAL; 6; 8; 2; 7128
INTERNAL; 6; 8; 2; 7128; INTERNAL; 5; 7; 2; 2868
INTERNAL; 5; 7; 2; 2868; INTERNAL; 4; 6; 2; 2765
INTERNAL; 4; 6; 2; 2765; INTERNAL; 2; 5; 3; 4186
INTERNAL; 4; 6; 2; 2765; INTERNAL; 2; 5; 3; 6487
INTERNAL; 4; 6; 2; 2765; INTERNAL; 2; 5; 3; 6484
INTERNAL; 5; 7; 2; 2868; INTERNAL; 2; 6; 4; 6454
INTERNAL; 5; 7; 2; 2868; INTERNAL; 3; 4; 1; 5612
INTERNAL; 6; 8; 2; 7128; INTERNAL; 4; 7; 3; 3944
INTERNAL; 4; 7; 3; 3944; INTERNAL; 3; 6; 3; 5049
INTERNAL; 3; 6; 3; 5049; INPUT; 1; 5; 4; 6482
INTERNAL; 3; 6; 3; 5049; INTERNAL; 2; 5; 3; 6483
INTERNAL; 2; 5; 3; 6483; INPUT; 1; 4; 3; 7723
INTERNAL; 2; 5; 3; 6483; INPUT; 1; 4; 3; 7234
INTERNAL; 3; 6; 3; 5049; INPUT; 1; 5; 4; 7626
INTERNAL; 6; 8; 2; 7128; INTERNAL; 5; 7; 2; 5401
INTERNAL; 5; 7; 2; 5401; INTERNAL; 2; 5; 3; 5140
INTERNAL; 5; 7; 2; 5401; INTERNAL; 4; 6; 2; 2656
INTERNAL; 8; 10; 2; 7170; INTERNAL; 7; 9; 2; 7603
INTERNAL; 7; 9; 2; 7603; INTERNAL; 6; 8; 2; 6531
INTERNAL; 6; 8; 2; 6531; INTERNAL; 4; 7; 3; 6538
INTERNAL; 4; 7; 3; 6538; INTERNAL; 3; 6; 3; 2259
INTERNAL; 4; 7; 3; 6538; INTERNAL; 2; 6; 4; 3383
INTERNAL; 4; 7; 3; 6538; INTERNAL; 3; 6; 3; 6548
INTERNAL; 3; 6; 3; 6548; INTERNAL; 2; 5; 3; 6553
INTERNAL; 3; 6; 3; 6548; INTERNAL; 2; 5; 3; 6551
INTERNAL; 6; 8; 2; 6531; INTERNAL; 5; 7; 2; 6541
INTERNAL; 5; 7; 2; 6541; INTERNAL; 4; 6; 2; 2820
INTERNAL; 4; 6; 2; 2820; INTERNAL; 2; 5; 3; 6543
INTERNAL; 7; 9; 2; 7603; INTERNAL; 6; 8; 2; 3470
INTERNAL; 6; 8; 2; 3470; INTERNAL; 5; 7; 2; 6535
INTERNAL; 5; 7; 2; 6535; INTERNAL; 4; 5; 1; 6461
INTERNAL; 6; 8; 2; 3470; INTERNAL; 4; 7; 3; 5671
INTERNAL; 6; 8; 2; 3470; INTERNAL; 3; 7; 4; 6536
INTERNAL; 7; 9; 2; 7603; INTERNAL; 5; 8; 3; 6533
INTERNAL; 5; 8; 3; 6533; INTERNAL; 4; 7; 3; 6556
INTERNAL; 5; 8; 3; 6533; INTERNAL; 3; 7; 4; 6560
INTERNAL; 3; 7; 4; 6560; INTERNAL; 2; 5; 3; 6525
INTERNAL; 5; 8; 3; 6533; INTERNAL; 3; 7; 4; 5314
INTERNAL; 5; 8; 3; 6533; INTERNAL; 3; 6; 3; 6512
INTERNAL; 3; 6; 3; 6512; INTERNAL; 2; 5; 3; 6520
INTERNAL; 10; 13; 3; 7204; INTERNAL; 9; 10; 1; 6198
INTERNAL; 9; 10; 1; 6198; INTERNAL; 8; 9; 1; 6316
INTERNAL; 8; 9; 1; 6316; INTERNAL; 5; 8; 3; 6448
INTERNAL; 5; 8; 3; 6448; INTERNAL; 3; 7; 4; 3939
INTERNAL; 5; 8; 3; 6448; INTERNAL; 4; 7; 3; 4781
INTERNAL; 4; 7; 3; 4781; INTERNAL; 2; 6; 4; 5405
INTERNAL; 4; 7; 3; 4781; INTERNAL; 3; 6; 3; 6509
INTERNAL; 3; 6; 3; 6509; INTERNAL; 2; 5; 3; 6511
INTERNAL; 5; 8; 3; 6448; INTERNAL; 4; 7; 3; 6508
INTERNAL; 4; 7; 3; 6508; INTERNAL; 3; 6; 3; 7472
INTERNAL; 8; 9; 1; 6316; INTERNAL; 7; 8; 1; 6444
INTERNAL; 7; 8; 1; 6444; INTERNAL; 5; 7; 2; 7388
INTERNAL; 5; 7; 2; 7388; INTERNAL; 4; 6; 2; 6474
INTERNAL; 7; 8; 1; 6444; INTERNAL; 3; 7; 4; 5749
INTERNAL; 7; 8; 1; 6444; INTERNAL; 3; 7; 4; 6450
INTERNAL; 7; 8; 1; 6444; INTERNAL; 6; 7; 1; 6451
INTERNAL; 6; 7; 1; 6451; INTERNAL; 5; 6; 1; 6457
INTERNAL; 8; 9; 1; 6316; INTERNAL; 6; 8; 2; 7209
INTERNAL; 6; 8; 2; 7209; INTERNAL; 5; 7; 2; 6492
INTERNAL; 5; 7; 2; 6492; INTERNAL; 4; 6; 2; 7717
INTERNAL; 6; 8; 2; 7209; INTERNAL; 4; 7; 3; 6489
INTERNAL; 4; 7; 3; 6489; INTERNAL; 2; 6; 4; 6415
INTERNAL; 6; 8; 2; 7209; INTERNAL; 4; 7; 3; 5918
INTERNAL; 4; 7; 3; 5918; INTERNAL; 2; 6; 4; 3830
INTERNAL; 6; 8; 2; 7209; INTERNAL; 4; 7; 3; 5733
INTERNAL; 4; 7; 3; 5733; INTERNAL; 3; 6; 3; 6413
INTERNAL; 9; 10; 1; 6198; INTERNAL; 8; 9; 1; 3362
INTERNAL; 8; 9; 1; 3362; INTERNAL; 5; 8; 3; 6655
INTERNAL; 5; 8; 3; 6655; INTERNAL; 4; 7; 3; 6410
INTERNAL; 4; 7; 3; 6410; INTERNAL; 3; 6; 3; 6414
INTERNAL; 5; 8; 3; 6655; INTERNAL; 4; 7; 3; 6407
INTERNAL; 5; 8; 3; 6655; INTERNAL; 4; 7; 3; 6405
INTERNAL; 5; 8; 3; 6655; INTERNAL; 3; 7; 4; 7579
INTERNAL; 8; 9; 1; 3362; INTERNAL; 7; 8; 1; 6321
INTERNAL; 7; 8; 1; 6321; INTERNAL; 3; 7; 4; 6323
INTERNAL; 3; 7; 4; 6323; INTERNAL; 2; 5; 3; 3211
INTERNAL; 7; 8; 1; 6321; INTERNAL; 4; 7; 3; 5991
INTERNAL; 4; 7; 3; 5991; INTERNAL; 2; 6; 4; 6354
INTERNAL; 2; 6; 4; 6354; INPUT; 1; 4; 3; 6361
INTERNAL; 7; 8; 1; 6321; INTERNAL; 6; 7; 1; 5289
INTERNAL; 6; 7; 1; 5289; INTERNAL; 2; 6; 4; 6327
INTERNAL; 6; 7; 1; 5289; INTERNAL; 5; 6; 1; 6325
INTERNAL; 5; 6; 1; 6325; INTERNAL; 4; 5; 1; 6333
INTERNAL; 6; 7; 1; 5289; INTERNAL; 4; 6; 2; 3112
INTERNAL; 4; 6; 2; 3112; INTERNAL; 2; 5; 3; 6349
INTERNAL; 8; 9; 1; 3362; INTERNAL; 6; 8; 2; 2591
INTERNAL; 6; 8; 2; 2591; INTERNAL; 5; 7; 2; 6370
INTERNAL; 5; 7; 2; 6370; INTERNAL; 4; 6; 2; 6377
INTERNAL; 5; 7; 2; 6370; INTERNAL; 3; 6; 3; 7023
INTERNAL; 3; 6; 3; 7023; INTERNAL; 2; 5; 3; 4282
INTERNAL; 6; 8; 2; 2591; INTERNAL; 4; 7; 3; 6367
INTERNAL; 4; 7; 3; 6367; INTERNAL; 2; 6; 4; 2261
INTERNAL; 4; 7; 3; 6367; INTERNAL; 3; 6; 3; 2505
INTERNAL; 6; 8; 2; 2591; INTERNAL; 4; 7; 3; 5074
INTERNAL; 4; 7; 3; 5074; INTERNAL; 2; 6; 4; 3210
INTERNAL; 9; 10; 1; 6198; INTERNAL; 7; 9; 2; 6317
INTERNAL; 10; 13; 3; 7204; INTERNAL; 9; 10; 1; 7169
INTERNAL; 9; 10; 1; 7169; INTERNAL; 7; 9; 2; 6396
INTERNAL; 7; 9; 2; 6396; INTERNAL; 3; 8; 5; 6669
INTERNAL; 3; 8; 5; 6669; INTERNAL; 2; 6; 4; 6625
INTERNAL; 2; 6; 4; 6625; INPUT; 1; 5; 4; 6638
INTERNAL; 2; 6; 4; 6625; INPUT; 1; 5; 4; 8180
INTERNAL; 2; 6; 4; 6625; INPUT; 1; 5; 4; 8278
INTERNAL; 2; 6; 4; 6625; INPUT; 1; 5; 4; 6637
INTERNAL; 7; 9; 2; 6396; INTERNAL; 6; 8; 2; 6664
INTERNAL; 6; 8; 2; 6664; INTERNAL; 5; 7; 2; 6700
INTERNAL; 5; 7; 2; 6700; INTERNAL; 4; 6; 2; 5913
INTERNAL; 4; 6; 2; 5913; INTERNAL; 2; 5; 3; 6677
INTERNAL; 4; 6; 2; 5913; INTERNAL; 3; 5; 2; 6675
INTERNAL; 5; 7; 2; 6700; INTERNAL; 2; 6; 4; 6672
INTERNAL; 6; 8; 2; 6664; INTERNAL; 2; 5; 3; 6671
INTERNAL; 6; 8; 2; 6664; INTERNAL; 4; 7; 3; 6670
INTERNAL; 4; 7; 3; 6670; INTERNAL; 2; 6; 4; 6686
INTERNAL; 4; 7; 3; 6670; INTERNAL; 3; 6; 3; 6684
INTERNAL; 4; 7; 3; 6670; INTERNAL; 2; 6; 4; 2672
INTERNAL; 4; 7; 3; 6670; INTERNAL; 3; 6; 3; 6683
INTERNAL; 6; 8; 2; 6664; INTERNAL; 4; 7; 3; 4173
INTERNAL; 4; 7; 3; 4173; INTERNAL; 2; 6; 4; 6431
INTERNAL; 7; 9; 2; 6396; INTERNAL; 5; 8; 3; 4577
INTERNAL; 5; 8; 3; 4577; INTERNAL; 4; 7; 3; 4732
INTERNAL; 4; 7; 3; 4732; INTERNAL; 2; 6; 4; 6696
INTERNAL; 5; 8; 3; 4577; INTERNAL; 2; 7; 5; 5427
INTERNAL; 5; 8; 3; 4577; INTERNAL; 3; 7; 4; 6690
INTERNAL; 3; 7; 4; 6690; INTERNAL; 2; 6; 4; 7838
INTERNAL; 5; 8; 3; 4577; INTERNAL; 2; 7; 5; 6693
INTERNAL; 5; 8; 3; 4577; INTERNAL; 3; 7; 4; 6689
INTERNAL; 9; 10; 1; 7169; INTERNAL; 8; 9; 1; 6041
INTERNAL; 11; 14; 3; 7203; INTERNAL; 9; 13; 4; 7210
INTERNAL; 9; 13; 4; 7210; INTERNAL; 7; 12; 5; 6668
INTERNAL; 9; 13; 4; 7210; INTERNAL; 8; 12; 4; 7216
INTERNAL; 11; 14; 3; 7203; INTERNAL; 9; 13; 4; 7213
INTERNAL; 12; 15; 3; 7201; INTERNAL; 10; 14; 4; 5506
INTERNAL; 10; 14; 4; 5506; INTERNAL; 7; 13; 6; 2654
INTERNAL; 7; 13; 6; 2654; INTERNAL; 6; 9; 3; 5780
INTERNAL; 6; 9; 3; 5780; INTERNAL; 5; 8; 3; 7827
INTERNAL; 5; 8; 3; 7827; INTERNAL; 4; 7; 3; 5091
INTERNAL; 4; 7; 3; 5091; INTERNAL; 2; 6; 4; 7467
INTERNAL; 4; 7; 3; 5091; INTERNAL; 2; 6; 4; 5608
INTERNAL; 5; 8; 3; 7827; INTERNAL; 4; 7; 3; 2563
INTERNAL; 4; 7; 3; 2563; INTERNAL; 3; 6; 3; 7072
INTERNAL; 3; 6; 3; 7072; INTERNAL; 2; 5; 3; 6889
INTERNAL; 4; 7; 3; 2563; INTERNAL; 2; 6; 4; 6882
INTERNAL; 4; 7; 3; 2563; INTERNAL; 2; 6; 4; 6884
INTERNAL; 5; 8; 3; 7827; INTERNAL; 3; 7; 4; 6875
INTERNAL; 6; 9; 3; 5780; INTERNAL; 3; 8; 5; 7069
INTERNAL; 3; 8; 5; 7069; INTERNAL; 2; 6; 4; 7074
INTERNAL; 6; 9; 3; 5780; INTERNAL; 5; 8; 3; 7066
INTERNAL; 5; 8; 3; 7066; INTERNAL; 4; 7; 3; 5250
INTERNAL; 4; 7; 3; 5250; INTERNAL; 3; 6; 3; 5571
INTERNAL; 5; 8; 3; 7066; INTERNAL; 3; 7; 4; 7071
INTERNAL; 5; 8; 3; 7066; INTERNAL; 2; 7; 5; 6987
INTERNAL; 7; 13; 6; 2654; INTERNAL; 6; 9; 3; 4611
INTERNAL; 6; 9; 3; 4611; INTERNAL; 5; 8; 3; 6873
INTERNAL; 5; 8; 3; 6873; INTERNAL; 4; 7; 3; 4964
INTERNAL; 4; 7; 3; 4964; INTERNAL; 3; 6; 3; 6903
INTERNAL; 5; 8; 3; 6873; INTERNAL; 3; 7; 4; 6456
INTERNAL; 3; 7; 4; 6456; INTERNAL; 2; 6; 4; 6902
INTERNAL; 5; 8; 3; 6873; INTERNAL; 3; 7; 4; 6055
INTERNAL; 3; 7; 4; 6055; INTERNAL; 2; 6; 4; 2099
INTERNAL; 6; 9; 3; 4611; INTERNAL; 5; 8; 3; 3976
INTERNAL; 5; 8; 3; 3976; INTERNAL; 4; 7; 3; 6379
INTERNAL; 4; 7; 3; 6379; INTERNAL; 2; 6; 4; 6895
INTERNAL; 6; 9; 3; 4611; INTERNAL; 5; 8; 3; 6893
INTERNAL; 5; 8; 3; 6893; INTERNAL; 4; 7; 3; 6894
INTERNAL; 4; 7; 3; 6894; INTERNAL; 3; 6; 3; 6781
INTERNAL; 10; 14; 4; 5506; INTERNAL; 9; 13; 4; 2482
INTERNAL; 9; 13; 4; 2482; INTERNAL; 8; 10; 2; 7179
INTERNAL; 8; 10; 2; 7179; INTERNAL; 6; 9; 3; 6814
INTERNAL; 8; 10; 2; 7179; INTERNAL; 7; 9; 2; 3921
INTERNAL; 7; 9; 2; 3921; INTERNAL; 4; 8; 4; 6816
INTERNAL; 4; 8; 4; 6816; INTERNAL; 2; 4; 2; 6742
INTERNAL; 2; 4; 2; 6742; INPUT; 1; 3; 2; 5369
INTERNAL; 2; 4; 2; 6742; INPUT; 1; 3; 2; 2839
INTERNAL; 2; 4; 2; 6742; INPUT; 1; 3; 2; 6748
INTERNAL; 2; 4; 2; 6742; INPUT; 1; 3; 2; 6745
INTERNAL; 4; 8; 4; 6816; INTERNAL; 2; 7; 5; 4149
INTERNAL; 4; 8; 4; 6816; INTERNAL; 3; 7; 4; 2060
INTERNAL; 7; 9; 2; 3921; INTERNAL; 6; 8; 2; 5331
INTERNAL; 6; 8; 2; 5331; INTERNAL; 2; 7; 5; 5460
INTERNAL; 2; 7; 5; 5460; INPUT; 1; 5; 4; 3285
INTERNAL; 2; 7; 5; 5460; INPUT; 1; 5; 4; 6597
INTERNAL; 2; 7; 5; 5460; INPUT; 1; 5; 4; 6594
INTERNAL; 6; 8; 2; 5331; INTERNAL; 5; 7; 2; 4682
INTERNAL; 5; 7; 2; 4682; INTERNAL; 2; 6; 4; 6574
INTERNAL; 5; 7; 2; 4682; INTERNAL; 2; 5; 3; 4247
INTERNAL; 5; 7; 2; 4682; INTERNAL; 4; 6; 2; 6817
INTERNAL; 4; 6; 2; 6817; INTERNAL; 3; 5; 2; 6579
INTERNAL; 5; 7; 2; 4682; INTERNAL; 2; 5; 3; 4628
INTERNAL; 7; 9; 2; 3921; INTERNAL; 5; 8; 3; 8257
INTERNAL; 5; 8; 3; 8257; INTERNAL; 2; 7; 5; 4974
INTERNAL; 5; 8; 3; 8257; INTERNAL; 3; 7; 4; 6822
INTERNAL; 5; 8; 3; 8257; INTERNAL; 4; 7; 3; 6825
INTERNAL; 4; 7; 3; 6825; INTERNAL; 3; 6; 3; 6634
INTERNAL; 8; 10; 2; 7179; INTERNAL; 7; 9; 2; 3960
INTERNAL; 7; 9; 2; 3960; INTERNAL; 5; 8; 3; 7235
INTERNAL; 5; 8; 3; 7235; INTERNAL; 3; 7; 4; 6891
INTERNAL; 3; 7; 4; 6891; INPUT; 1; 6; 5; 5105
INTERNAL; 3; 7; 4; 6891; INPUT; 1; 6; 5; 6653
INTERNAL; 3; 7; 4; 6891; INTERNAL; 2; 6; 4; 6510
INTERNAL; 3; 7; 4; 6891; INTERNAL; 2; 6; 4; 7783
INTERNAL; 3; 7; 4; 6891; INTERNAL; 2; 6; 4; 4749
INTERNAL; 2; 6; 4; 4749; INPUT; 1; 5; 4; 6656
INTERNAL; 2; 6; 4; 4749; INPUT; 1; 5; 4; 6658
INTERNAL; 5; 8; 3; 7235; INTERNAL; 4; 7; 3; 8260
INTERNAL; 4; 7; 3; 8260; INTERNAL; 2; 6; 4; 6108
INTERNAL; 4; 7; 3; 8260; INTERNAL; 3; 6; 3; 7825
INTERNAL; 5; 8; 3; 7235; INTERNAL; 3; 7; 4; 6644
INTERNAL; 5; 8; 3; 7235; INTERNAL; 3; 7; 4; 2498
INTERNAL; 7; 9; 2; 3960; INTERNAL; 6; 8; 2; 4265
INTERNAL; 6; 8; 2; 4265; INTERNAL; 2; 7; 5; 6839
INTERNAL; 6; 8; 2; 4265; INTERNAL; 5; 7; 2; 7313
INTERNAL; 5; 7; 2; 7313; INTERNAL; 4; 6; 2; 6844
INTERNAL; 4; 6; 2; 6844; INTERNAL; 2; 5; 3; 6849
INTERNAL; 4; 6; 2; 6844; INTERNAL; 3; 5; 2; 2090
INTERNAL; 6; 8; 2; 4265; INTERNAL; 4; 7; 3; 6838
INTERNAL; 4; 7; 3; 6838; INTERNAL; 3; 6; 3; 4487
INTERNAL; 3; 6; 3; 4487; INTERNAL; 2; 5; 3; 4119
INTERNAL; 2; 5; 3; 4119; INPUT; 1; 4; 3; 6869
INTERNAL; 2; 5; 3; 4119; INPUT; 1; 4; 3; 6554
INTERNAL; 2; 5; 3; 4119; INPUT; 1; 4; 3; 3385
INTERNAL; 2; 5; 3; 4119; INPUT; 1; 4; 3; 6867
INTERNAL; 3; 6; 3; 4487; INPUT; 1; 5; 4; 6258
INTERNAL; 4; 7; 3; 6838; INTERNAL; 3; 6; 3; 6856
INTERNAL; 3; 6; 3; 6856; INTERNAL; 2; 5; 3; 4516
INTERNAL; 7; 9; 2; 3960; INTERNAL; 5; 8; 3; 4962
INTERNAL; 5; 8; 3; 4962; INTERNAL; 4; 7; 3; 6879
INTERNAL; 4; 7; 3; 6879; INTERNAL; 3; 6; 3; 5525
INTERNAL; 9; 13; 4; 2482; INTERNAL; 8; 10; 2; 7268
INTERNAL; 8; 10; 2; 7268; INTERNAL; 7; 9; 2; 5397
INTERNAL; 7; 9; 2; 5397; INTERNAL; 6; 8; 2; 4943
INTERNAL; 6; 8; 2; 4943; INTERNAL; 3; 7; 4; 6736
INTERNAL; 6; 8; 2; 4943; INTERNAL; 4; 7; 3; 8294
INTERNAL; 4; 7; 3; 8294; INTERNAL; 2; 6; 4; 6751
INTERNAL; 4; 7; 3; 8294; INTERNAL; 3; 6; 3; 2737
INTERNAL; 6; 8; 2; 4943; INTERNAL; 5; 7; 2; 5534
INTERNAL; 5; 7; 2; 5534; INTERNAL; 4; 6; 2; 3287
INTERNAL; 4; 6; 2; 3287; INTERNAL; 3; 5; 2; 7193
INTERNAL; 3; 5; 2; 7193; INPUT; 1; 4; 3; 3379
INTERNAL; 3; 5; 2; 7193; INPUT; 1; 4; 3; 6743
INTERNAL; 5; 7; 2; 5534; INTERNAL; 4; 6; 2; 6741
INTERNAL; 4; 6; 2; 6741; INTERNAL; 3; 5; 2; 4141
INTERNAL; 5; 7; 2; 5534; INTERNAL; 2; 6; 4; 3205
INTERNAL; 7; 9; 2; 5397; INTERNAL; 5; 8; 3; 6732
INTERNAL; 5; 8; 3; 6732; INTERNAL; 4; 7; 3; 4169
INTERNAL; 5; 8; 3; 6732; INTERNAL; 4; 7; 3; 6775
INTERNAL; 7; 9; 2; 5397; INTERNAL; 6; 8; 2; 6731
INTERNAL; 6; 8; 2; 6731; INTERNAL; 5; 7; 2; 6241
INTERNAL; 5; 7; 2; 6241; INTERNAL; 3; 6; 3; 5452
INTERNAL; 5; 7; 2; 6241; INTERNAL; 4; 6; 2; 7501
INTERNAL; 4; 6; 2; 7501; INTERNAL; 3; 5; 2; 3621
INTERNAL; 3; 5; 2; 3621; INPUT; 1; 4; 3; 4131
INTERNAL; 3; 5; 2; 3621; INPUT; 1; 4; 3; 4454
INTERNAL; 3; 5; 2; 3621; INTERNAL; 2; 4; 2; 2642
INTERNAL; 3; 5; 2; 3621; INPUT; 1; 4; 3; 7497
INTERNAL; 3; 5; 2; 3621; INPUT; 1; 4; 3; 6768
INTERNAL; 5; 7; 2; 6241; INTERNAL; 3; 6; 3; 5029
INTERNAL; 3; 6; 3; 5029; INPUT; 1; 5; 4; 6195
INTERNAL; 6; 8; 2; 6731; INTERNAL; 4; 7; 3; 6762
INTERNAL; 4; 7; 3; 6762; INTERNAL; 3; 6; 3; 3911
INTERNAL; 4; 7; 3; 6762; INTERNAL; 3; 6; 3; 4581
INTERNAL; 8; 10; 2; 7268; INTERNAL; 7; 9; 2; 4759
INTERNAL; 8; 10; 2; 7268; INTERNAL; 7; 9; 2; 3534
INTERNAL; 7; 9; 2; 3534; INTERNAL; 6; 8; 2; 6569
INTERNAL; 6; 8; 2; 6569; INTERNAL; 3; 7; 4; 6438
INTERNAL; 6; 8; 2; 6569; INTERNAL; 3; 7; 4; 3376
INTERNAL; 3; 7; 4; 3376; INPUT; 1; 6; 5; 5786
INTERNAL; 3; 7; 4; 3376; INPUT; 1; 6; 5; 3988
INTERNAL; 3; 7; 4; 3376; INPUT; 1; 6; 5; 6600
INTERNAL; 3; 7; 4; 3376; INTERNAL; 2; 6; 4; 5067
INTERNAL; 6; 8; 2; 6569; INTERNAL; 4; 7; 3; 6573
INTERNAL; 4; 7; 3; 6573; INTERNAL; 3; 6; 3; 6592
INTERNAL; 3; 6; 3; 6592; INTERNAL; 2; 5; 3; 4822
INTERNAL; 6; 8; 2; 6569; INTERNAL; 5; 7; 2; 3165
INTERNAL; 5; 7; 2; 3165; INTERNAL; 3; 6; 3; 2053
INTERNAL; 5; 7; 2; 3165; INTERNAL; 4; 6; 2; 3655
INTERNAL; 4; 6; 2; 3655; INTERNAL; 2; 5; 3; 6581
INTERNAL; 7; 9; 2; 3534; INTERNAL; 5; 8; 3; 6571
INTERNAL; 5; 8; 3; 6571; INTERNAL; 3; 7; 4; 7995
INTERNAL; 5; 8; 3; 6571; INTERNAL; 4; 7; 3; 2406
INTERNAL; 5; 8; 3; 6571; INTERNAL; 4; 7; 3; 4662
INTERNAL; 4; 7; 3; 4662; INTERNAL; 3; 6; 3; 6615
INTERNAL; 3; 6; 3; 6615; INTERNAL; 2; 5; 3; 4987
INTERNAL; 4; 7; 3; 4662; INTERNAL; 2; 6; 4; 6613
INTERNAL; 7; 9; 2; 3534; INTERNAL; 5; 8; 3; 6572
INTERNAL; 5; 8; 3; 6572; INTERNAL; 4; 7; 3; 6620
INTERNAL; 4; 7; 3; 6620; INTERNAL; 2; 6; 4; 6627
INTERNAL; 5; 8; 3; 6572; INTERNAL; 3; 7; 4; 6619
INTERNAL; 3; 7; 4; 6619; INTERNAL; 2; 6; 4; 2638
INTERNAL; 9; 13; 4; 2482; INTERNAL; 7; 10; 3; 3544
INTERNAL; 10; 14; 4; 5506; INTERNAL; 9; 13; 4; 7751
INTERNAL; 9; 13; 4; 7751; INTERNAL; 8; 10; 2; 3625
INTERNAL; 8; 10; 2; 3625; INTERNAL; 6; 9; 3; 7031
INTERNAL; 6; 9; 3; 7031; INTERNAL; 5; 8; 3; 7036
INTERNAL; 5; 8; 3; 7036; INTERNAL; 2; 7; 5; 7040
INTERNAL; 5; 8; 3; 7036; INTERNAL; 2; 4; 2; 7806
INTERNAL; 5; 8; 3; 7036; INTERNAL; 4; 7; 3; 6117
INTERNAL; 4; 7; 3; 6117; INTERNAL; 3; 6; 3; 7046
INTERNAL; 3; 6; 3; 7046; INTERNAL; 2; 5; 3; 5344
INTERNAL; 4; 7; 3; 6117; INTERNAL; 3; 6; 3; 7042
INTERNAL; 4; 7; 3; 6117; INTERNAL; 2; 6; 4; 2912
INTERNAL; 6; 9; 3; 7031; INTERNAL; 5; 8; 3; 7039
INTERNAL; 5; 8; 3; 7039; INTERNAL; 4; 7; 3; 2716
INTERNAL; 4; 7; 3; 2716; INTERNAL; 2; 6; 4; 4418
INTERNAL; 4; 7; 3; 2716; INTERNAL; 3; 6; 3; 7065
INTERNAL; 4; 7; 3; 2716; INTERNAL; 3; 6; 3; 7568
INTERNAL; 5; 8; 3; 7039; INTERNAL; 3; 7; 4; 7061
INTERNAL; 5; 8; 3; 7039; INTERNAL; 2; 6; 4; 6437
INTERNAL; 5; 8; 3; 7039; INTERNAL; 4; 7; 3; 3066
INTERNAL; 6; 9; 3; 7031; INTERNAL; 5; 8; 3; 7038
INTERNAL; 5; 8; 3; 7038; INTERNAL; 3; 7; 4; 7048
INTERNAL; 3; 7; 4; 7048; INTERNAL; 2; 6; 4; 7058
INTERNAL; 5; 8; 3; 7038; INTERNAL; 2; 7; 5; 6310
INTERNAL; 5; 8; 3; 7038; INTERNAL; 4; 7; 3; 8367
INTERNAL; 4; 7; 3; 8367; INTERNAL; 3; 6; 3; 2232
INTERNAL; 4; 7; 3; 8367; INTERNAL; 3; 6; 3; 7052
INTERNAL; 8; 10; 2; 3625; INTERNAL; 7; 9; 2; 5208
INTERNAL; 7; 9; 2; 5208; INTERNAL; 6; 8; 2; 6909
INTERNAL; 6; 8; 2; 6909; INTERNAL; 5; 7; 2; 4414
INTERNAL; 5; 7; 2; 4414; INTERNAL; 4; 6; 2; 6915
INTERNAL; 4; 6; 2; 6915; INTERNAL; 2; 5; 3; 6609
INTERNAL; 4; 6; 2; 6915; INTERNAL; 3; 5; 2; 3846
INTERNAL; 5; 7; 2; 4414; INTERNAL; 3; 6; 3; 3284
INTERNAL; 3; 6; 3; 3284; INTERNAL; 2; 5; 3; 6922
INTERNAL; 6; 8; 2; 6909; INTERNAL; 3; 7; 4; 3277
INTERNAL; 7; 9; 2; 5208; INTERNAL; 6; 8; 2; 6911
INTERNAL; 6; 8; 2; 6911; INTERNAL; 4; 7; 3; 6932
INTERNAL; 4; 7; 3; 6932; INTERNAL; 3; 6; 3; 6942
INTERNAL; 4; 7; 3; 6932; INTERNAL; 3; 6; 3; 6940
INTERNAL; 3; 6; 3; 6940; INTERNAL; 2; 5; 3; 4212
INTERNAL; 3; 6; 3; 6940; INTERNAL; 2; 3; 1; 2708
INTERNAL; 4; 7; 3; 6932; INTERNAL; 2; 6; 4; 6139
INTERNAL; 6; 8; 2; 6911; INTERNAL; 5; 7; 2; 6927
INTERNAL; 5; 7; 2; 6927; INTERNAL; 3; 6; 3; 5590
INTERNAL; 5; 7; 2; 6927; INTERNAL; 4; 6; 2; 2738
INTERNAL; 7; 9; 2; 5208; INTERNAL; 5; 8; 3; 5830
INTERNAL; 5; 8; 3; 5830; INTERNAL; 3; 7; 4; 6205
INTERNAL; 5; 8; 3; 5830; INTERNAL; 3; 7; 4; 6763
INTERNAL; 5; 8; 3; 5830; INTERNAL; 4; 7; 3; 6953
INTERNAL; 4; 7; 3; 6953; INTERNAL; 2; 6; 4; 6363
INTERNAL; 5; 8; 3; 5830; INTERNAL; 4; 7; 3; 2972
INTERNAL; 4; 7; 3; 2972; INTERNAL; 3; 6; 3; 6954
INTERNAL; 3; 6; 3; 6954; INTERNAL; 2; 5; 3; 4737
INTERNAL; 8; 10; 2; 3625; INTERNAL; 6; 9; 3; 7033
INTERNAL; 9; 13; 4; 7751; INTERNAL; 7; 10; 3; 7185
INTERNAL; 12; 15; 3; 7201; INTERNAL; 11; 14; 3; 2958
INTERNAL; 11; 14; 3; 2958; INTERNAL; 9; 11; 2; 3951
INTERNAL; 11; 14; 3; 2958; INTERNAL; 10; 11; 1; 4916
INTERNAL; 10; 11; 1; 4916; INTERNAL; 9; 10; 1; 7531
INTERNAL; 9; 10; 1; 7531; INTERNAL; 5; 9; 4; 3726
INTERNAL; 5; 9; 4; 3726; INTERNAL; 3; 8; 5; 5157
INTERNAL; 5; 9; 4; 3726; INTERNAL; 4; 8; 4; 6222
INTERNAL; 4; 8; 4; 6222; INTERNAL; 3; 7; 4; 2928
INTERNAL; 9; 10; 1; 7531; INTERNAL; 8; 9; 1; 5416
INTERNAL; 9; 10; 1; 7531; INTERNAL; 7; 9; 2; 6566
INTERNAL; 10; 11; 1; 4916; INTERNAL; 9; 10; 1; 3528
INTERNAL; 10; 11; 1; 4916; INTERNAL; 8; 10; 2; 6314
INTERNAL; 11; 14; 3; 2958; INTERNAL; 10; 11; 1; 7166
INTERNAL; 13; 16; 3; 7219; INTERNAL; 12; 15; 3; 7202
INTERNAL; 12; 15; 3; 7202; INTERNAL; 11; 12; 1; 7354
INTERNAL; 12; 15; 3; 7202; INTERNAL; 11; 12; 1; 7161
INTERNAL; 11; 12; 1; 7161; INTERNAL; 10; 11; 1; 6309
INTERNAL; 10; 11; 1; 6309; INTERNAL; 9; 10; 1; 7406
INTERNAL; 10; 11; 1; 6309; INTERNAL; 6; 10; 4; 3840
INTERNAL; 6; 10; 4; 3840; INTERNAL; 4; 9; 5; 2717
INTERNAL; 6; 10; 4; 3840; INTERNAL; 5; 9; 4; 6805
INTERNAL; 5; 9; 4; 6805; INTERNAL; 4; 8; 4; 6441
INTERNAL; 6; 10; 4; 3840; INTERNAL; 4; 9; 5; 7798
INTERNAL; 4; 9; 5; 7798; INTERNAL; 3; 6; 3; 3687
INTERNAL; 4; 9; 5; 7798; INTERNAL; 2; 4; 2; 6582
INTERNAL; 10; 11; 1; 6309; INTERNAL; 8; 10; 2; 6788
INTERNAL; 8; 10; 2; 6788; INTERNAL; 7; 9; 2; 6791
INTERNAL; 8; 10; 2; 6788; INTERNAL; 5; 9; 4; 5813
INTERNAL; 5; 9; 4; 5813; INTERNAL; 4; 8; 4; 6793
INTERNAL; 4; 8; 4; 6793; INTERNAL; 2; 7; 5; 6803
INTERNAL; 5; 9; 4; 5813; INTERNAL; 4; 8; 4; 6695
INTERNAL; 4; 8; 4; 6695; INTERNAL; 3; 7; 4; 4217
INTERNAL; 5; 9; 4; 5813; INTERNAL; 2; 8; 6; 6794
INTERNAL; 5; 9; 4; 5813; INTERNAL; 3; 8; 5; 2848
INTERNAL; 5; 9; 4; 5813; INTERNAL; 4; 8; 4; 4226
INTERNAL; 4; 8; 4; 4226; INTERNAL; 3; 7; 4; 2863
INTERNAL; 11; 12; 1; 7161; INTERNAL; 9; 11; 2; 6311
INTERNAL; 9; 11; 2; 6311; INTERNAL; 8; 10; 2; 6811
INTERNAL; 9; 11; 2; 6311; INTERNAL; 8; 10; 2; 6812
INTERNAL; 9; 11; 2; 6311; INTERNAL; 8; 10; 2; 4910
INTERNAL; 8; 10; 2; 4910; INTERNAL; 4; 9; 5; 6905
INTERNAL; 8; 10; 2; 4910; INTERNAL; 7; 9; 2; 3440
INTERNAL; 8; 10; 2; 4910; INTERNAL; 7; 9; 2; 5550
INTERNAL; 11; 12; 1; 7161; INTERNAL; 10; 11; 1; 7047
INTERNAL; 12; 15; 3; 7202; INTERNAL; 10; 12; 2; 7164
INTERNAL; 10; 12; 2; 7164; INTERNAL; 9; 11; 2; 7181
INTERNAL; 10; 12; 2; 7164; INTERNAL; 9; 11; 2; 7183
INTERNAL; 10; 12; 2; 7164; INTERNAL; 9; 11; 2; 6089
INTERNAL; 9; 11; 2; 6089; INTERNAL; 8; 10; 2; 3040
INTERNAL; 9; 11; 2; 6089; INTERNAL; 6; 10; 4; 6053
INTERNAL; 6; 10; 4; 6053; INTERNAL; 5; 9; 4; 4944
INTERNAL; 5; 9; 4; 4944; INTERNAL; 4; 8; 4; 5373
INTERNAL; 9; 11; 2; 6089; INTERNAL; 7; 10; 3; 7028
INTERNAL; 7; 10; 3; 7028; INTERNAL; 6; 9; 3; 7076
INTERNAL; 6; 9; 3; 7076; INTERNAL; 5; 8; 3; 2926
INTERNAL; 5; 8; 3; 2926; INTERNAL; 3; 7; 4; 7081
INTERNAL; 5; 8; 3; 2926; INTERNAL; 4; 7; 3; 2917
INTERNAL; 4; 7; 3; 2917; INTERNAL; 2; 6; 4; 5034
INTERNAL; 4; 7; 3; 2917; INTERNAL; 3; 6; 3; 3888
INTERNAL; 3; 6; 3; 3888; INPUT; 1; 5; 4; 7083
INTERNAL; 3; 6; 3; 3888; INPUT; 1; 5; 4; 7489
INTERNAL; 3; 6; 3; 3888; INPUT; 1; 5; 4; 8081
INTERNAL; 3; 6; 3; 3888; INPUT; 1; 5; 4; 3506
INTERNAL; 6; 9; 3; 7076; INTERNAL; 3; 8; 5; 7078
INTERNAL; 6; 9; 3; 7076; INTERNAL; 3; 8; 5; 6595
INTERNAL; 6; 9; 3; 7076; INTERNAL; 4; 8; 4; 3671
INTERNAL; 4; 8; 4; 3671; INTERNAL; 3; 7; 4; 7087
INTERNAL; 7; 10; 3; 7028; INTERNAL; 6; 9; 3; 7772
INTERNAL; 13; 16; 3; 7219; INTERNAL; 10; 15; 5; 2503
INTERNAL; 14; 18; 4; 4892; INTERNAL; 13; 16; 3; 7220
INTERNAL; 13; 16; 3; 7220; INTERNAL; 10; 15; 5; 7221
INTERNAL; 13; 16; 3; 7220; INTERNAL; 12; 15; 3; 5942
INTERNAL; 13; 16; 3; 7220; INTERNAL; 12; 15; 3; 3465
INTERNAL; 12; 15; 3; 3465; INTERNAL; 11; 14; 3; 7227
INTERNAL; 12; 15; 3; 3465; INTERNAL; 9; 14; 5; 6313
INTERNAL; 18; 19; 1; 6280; INTERNAL; 17; 18; 1; 6287
INTERNAL; 17; 18; 1; 6287; INTERNAL; 14; 17; 3; 6297
INTERNAL; 17; 18; 1; 6287; INTERNAL; 16; 17; 1; 4806
INTERNAL; 16; 17; 1; 4806; INTERNAL; 13; 16; 3; 5431
INTERNAL; 16; 17; 1; 4806; INTERNAL; 13; 16; 3; 6298
INTERNAL; 13; 16; 3; 6298; INTERNAL; 10; 13; 3; 7159
INTERNAL; 10; 13; 3; 7159; INTERNAL; 9; 11; 2; 2903
INTERNAL; 9; 11; 2; 2903; INTERNAL; 6; 10; 4; 6268
INTERNAL; 6; 10; 4; 6268; INTERNAL; 5; 9; 4; 4271
INTERNAL; 5; 9; 4; 4271; INTERNAL; 4; 8; 4; 5520
INTERNAL; 6; 10; 4; 6268; INTERNAL; 3; 9; 6; 6972
INTERNAL; 9; 11; 2; 2903; INTERNAL; 8; 10; 2; 6863
INTERNAL; 9; 11; 2; 2903; INTERNAL; 6; 10; 4; 6969
INTERNAL; 6; 10; 4; 6969; INTERNAL; 3; 9; 6; 3961
INTERNAL; 6; 10; 4; 6969; INTERNAL; 5; 9; 4; 6981
INTERNAL; 5; 9; 4; 6981; INTERNAL; 3; 8; 5; 6995
INTERNAL; 3; 8; 5; 6995; INTERNAL; 2; 7; 5; 3662
INTERNAL; 5; 9; 4; 6981; INTERNAL; 3; 8; 5; 7000
INTERNAL; 5; 9; 4; 6981; INTERNAL; 3; 8; 5; 6992
INTERNAL; 6; 10; 4; 6969; INTERNAL; 3; 9; 6; 6986
INTERNAL; 6; 10; 4; 6969; INTERNAL; 4; 9; 5; 4390
INTERNAL; 10; 13; 3; 7159; INTERNAL; 9; 11; 2; 6358
INTERNAL; 10; 13; 3; 7159; INTERNAL; 8; 11; 3; 6005
INTERNAL; 8; 11; 3; 6005; INTERNAL; 6; 10; 4; 7095
INTERNAL; 6; 10; 4; 7095; INTERNAL; 5; 9; 4; 7122
INTERNAL; 5; 9; 4; 7122; INTERNAL; 2; 8; 6; 4133
INTERNAL; 5; 9; 4; 7122; INTERNAL; 4; 8; 4; 7127
INTERNAL; 4; 8; 4; 7127; INTERNAL; 2; 7; 5; 5962
INTERNAL; 4; 8; 4; 7127; INTERNAL; 2; 7; 5; 5949
INTERNAL; 5; 9; 4; 7122; INTERNAL; 3; 8; 5; 5883
INTERNAL; 6; 10; 4; 7095; INTERNAL; 4; 9; 5; 3666
INTERNAL; 6; 10; 4; 7095; INTERNAL; 4; 9; 5; 7119
INTERNAL; 6; 10; 4; 7095; INTERNAL; 4; 9; 5; 7121
INTERNAL; 4; 9; 5; 7121; INTERNAL; 3; 8; 5; 7130
INTERNAL; 8; 11; 3; 6005; INTERNAL; 6; 10; 4; 3334
INTERNAL; 6; 10; 4; 3334; INTERNAL; 4; 9; 5; 7099
INTERNAL; 6; 10; 4; 3334; INTERNAL; 5; 9; 4; 6555
INTERNAL; 5; 9; 4; 6555; INTERNAL; 4; 8; 4; 7106
INTERNAL; 4; 8; 4; 7106; INTERNAL; 2; 7; 5; 7108
INTERNAL; 2; 7; 5; 7108; INPUT; 1; 6; 5; 7111
INTERNAL; 2; 7; 5; 7108; INPUT; 1; 6; 5; 7113
INTERNAL; 2; 7; 5; 7108; INPUT; 1; 6; 5; 3603
INTERNAL; 5; 9; 4; 6555; INTERNAL; 3; 8; 5; 7101
INTERNAL; 3; 8; 5; 7101; INPUT; 1; 7; 6; 7114
INTERNAL; 3; 8; 5; 7101; INPUT; 1; 7; 6; 3109
INTERNAL; 3; 8; 5; 7101; INPUT; 1; 7; 6; 5535
INTERNAL; 8; 11; 3; 6005; INTERNAL; 7; 10; 3; 5404
INTERNAL; 13; 16; 3; 6298; INTERNAL; 12; 13; 1; 7158
INTERNAL; 12; 13; 1; 7158; INTERNAL; 10; 12; 2; 6308
INTERNAL; 12; 13; 1; 7158; INTERNAL; 11; 12; 1; 5950
INTERNAL; 12; 13; 1; 7158; INTERNAL; 11; 12; 1; 6305
INTERNAL; 11; 12; 1; 6305; INTERNAL; 10; 11; 1; 6965
INTERNAL; 11; 12; 1; 6305; INTERNAL; 9; 11; 2; 6231
INTERNAL; 11; 12; 1; 6305; INTERNAL; 6; 11; 5; 6966
INTERNAL; 6; 11; 5; 6966; INTERNAL; 3; 10; 7; 3216
INTERNAL; 6; 11; 5; 6966; INTERNAL; 5; 10; 5; 7011
INTERNAL; 5; 10; 5; 7011; INTERNAL; 4; 9; 5; 2149
INTERNAL; 4; 9; 5; 2149; INTERNAL; 2; 8; 6; 3461
INTERNAL; 4; 9; 5; 2149; INTERNAL; 3; 8; 5; 7802
INTERNAL; 5; 10; 5; 7011; INTERNAL; 3; 9; 6; 8123
INTERNAL; 6; 11; 5; 6966; INTERNAL; 3; 10; 7; 7004
INTERNAL; 6; 11; 5; 6966; INTERNAL; 4; 10; 6; 7007
INTERNAL; 4; 10; 6; 7007; INTERNAL; 2; 9; 7; 7015
INTERNAL; 4; 10; 6; 7007; INTERNAL; 3; 9; 6; 4561
INTERNAL; 13; 16; 3; 6298; INTERNAL; 12; 13; 1; 7156
INTERNAL; 16; 17; 1; 4806; INTERNAL; 14; 16; 2; 6299
INTERNAL; 14; 16; 2; 6299; INTERNAL; 13; 14; 1; 2176
INTERNAL; 14; 16; 2; 6299; INTERNAL; 13; 14; 1; 6300
INTERNAL; 13; 14; 1; 6300; INTERNAL; 12; 13; 1; 6302
INTERNAL; 13; 14; 1; 6300; INTERNAL; 9; 13; 4; 7964
INTERNAL; 9; 13; 4; 7964; INTERNAL; 8; 11; 3; 3535
INTERNAL; 9; 13; 4; 7964; INTERNAL; 5; 11; 6; 5842
INTERNAL; 5; 11; 6; 5842; INTERNAL; 4; 10; 6; 6682
INTERNAL; 5; 11; 6; 5842; INTERNAL; 3; 10; 7; 6435
INTERNAL; 9; 13; 4; 7964; INTERNAL; 6; 11; 5; 2524
INTERNAL; 6; 11; 5; 2524; INTERNAL; 4; 10; 6; 3581
INTERNAL; 4; 10; 6; 3581; INTERNAL; 3; 9; 6; 3234
INTERNAL; 6; 11; 5; 2524; INTERNAL; 4; 10; 6; 7991
INTERNAL; 13; 14; 1; 6300; INTERNAL; 12; 13; 1; 2390
INTERNAL; 12; 13; 1; 2390; INTERNAL; 6; 12; 6; 7139
INTERNAL; 6; 12; 6; 7139; INTERNAL; 5; 11; 6; 8086
INTERNAL; 5; 11; 6; 8086; INTERNAL; 3; 10; 7; 7144
INTERNAL; 6; 12; 6; 7139; INTERNAL; 4; 11; 7; 4564
INTERNAL; 4; 11; 7; 4564; INPUT; 1; 10; 9; 7155
INTERNAL; 6; 12; 6; 7139; INTERNAL; 4; 11; 7; 5638
INTERNAL; 4; 11; 7; 5638; INPUT; 1; 10; 9; 7146
INTERNAL; 4; 11; 7; 5638; INPUT; 1; 10; 9; 7152
INTERNAL; 4; 11; 7; 5638; INPUT; 1; 10; 9; 7151
INTERNAL; 4; 11; 7; 5638; INPUT; 1; 10; 9; 7149
INTERNAL; 12; 13; 1; 2390; INTERNAL; 11; 12; 1; 4903
INTERNAL; 12; 13; 1; 2390; INTERNAL; 9; 12; 3; 2251
INTERNAL; 16; 17; 1; 4806; INTERNAL; 15; 16; 1; 4313
INTERNAL; 15; 16; 1; 4313; INTERNAL; 14; 15; 1; 7286
INTERNAL; 15; 16; 1; 4313; INTERNAL; 14; 15; 1; 6761
INTERNAL; 14; 15; 1; 6761; INTERNAL; 13; 14; 1; 7188
INTERNAL; 13; 14; 1; 7188; INTERNAL; 12; 13; 1; 3576
INTERNAL; 13; 14; 1; 7188; INTERNAL; 5; 13; 8; 7189
INTERNAL; 5; 13; 8; 7189; INTERNAL; 4; 12; 8; 7192
INTERNAL; 4; 12; 8; 7192; INTERNAL; 3; 11; 8; 8251
INTERNAL; 4; 12; 8; 7192; INTERNAL; 3; 11; 8; 7200
INTERNAL; 5; 13; 8; 7189; INTERNAL; 4; 12; 8; 3147
INTERNAL; 4; 12; 8; 3147; INTERNAL; 3; 11; 8; 6207
INTERNAL; 4; 12; 8; 3147; INTERNAL; 3; 11; 8; 7194
INTERNAL; 5; 13; 8; 7189; INTERNAL; 4; 12; 8; 5970
INTERNAL; 14; 15; 1; 6761; INTERNAL; 13; 14; 1; 2869
INTERNAL; 19; 21; 2; 6274; INTERNAL; 14; 19; 5; 6281
INTERNAL; 14; 19; 5; 6281; INTERNAL; 13; 18; 5; 7230
INTERNAL; 14; 19; 5; 6281; INTERNAL; 12; 18; 6; 7231
INTERNAL; 22; 22; 0; 4157; INTERNAL; 21; 21; 0; 4161
INTERNAL; 21; 21; 0; 4161; INTERNAL; 19; 20; 1; 6278
INTERNAL; 21; 21; 0; 4161; INTERNAL; 19; 20; 1; 6276
INTERNAL; 19; 20; 1; 6276; INTERNAL; 16; 19; 3; 5965
INTERNAL; 19; 20; 1; 6276; INTERNAL; 17; 19; 2; 7750
INTERNAL; 19; 20; 1; 6276; INTERNAL; 17; 19; 2; 7233
INTERNAL; 17; 19; 2; 7233; INTERNAL; 15; 18; 3; 2799
INTERNAL; 17; 19; 2; 7233; INTERNAL; 14; 18; 4; 2343
INTERNAL; 17; 19; 2; 7233; INTERNAL; 13; 18; 5; 7236
INTERNAL; 22; 22; 0; 4157; INTERNAL; 18; 21; 3; 6047
INTERNAL; 23; 23; 0; 4946; INTERNAL; 21; 22; 1; 5207
INTERNAL; 21; 22; 1; 5207; INTERNAL; 19; 21; 2; 8187
INTERNAL; 19; 21; 2; 8187; INTERNAL; 18; 20; 2; 4031
INTERNAL; 18; 20; 2; 4031; INTERNAL; 16; 19; 3; 7942
INTERNAL; 23; 23; 0; 4946; INTERNAL; 21; 22; 1; 5149
INTERNAL; 21; 22; 1; 5149; INTERNAL; 19; 21; 2; 2044
INTERNAL; 19; 21; 2; 2044; INTERNAL; 17; 20; 3; 6559
INTERNAL; 23; 23; 0; 4946; INTERNAL; 21; 22; 1; 4609
INTERNAL; 21; 22; 1; 4609; INTERNAL; 19; 21; 2; 6757
INTERNAL; 19; 21; 2; 6757; INTERNAL; 18; 19; 1; 6260
INTERNAL; 18; 19; 1; 6260; INTERNAL; 13; 16; 3; 3516
INTERNAL; 13; 16; 3; 3516; INTERNAL; 12; 15; 3; 6196
INTERNAL; 12; 15; 3; 6196; INTERNAL; 11; 12; 1; 2469
INTERNAL; 11; 12; 1; 2469; INTERNAL; 5; 11; 6; 6443
INTERNAL; 5; 11; 6; 6443; INTERNAL; 4; 8; 4; 5041
INTERNAL; 5; 11; 6; 6443; INTERNAL; 4; 8; 4; 4396
INTERNAL; 4; 8; 4; 4396; INTERNAL; 3; 7; 4; 2479
INTERNAL; 3; 7; 4; 2479; INTERNAL; 2; 5; 3; 4958
INTERNAL; 4; 8; 4; 4396; INTERNAL; 3; 7; 4; 5625
INTERNAL; 3; 7; 4; 5625; INTERNAL; 2; 5; 3; 2780
INTERNAL; 3; 7; 4; 5625; INTERNAL; 2; 3; 1; 4994
INTERNAL; 3; 7; 4; 5625; INTERNAL; 2; 5; 3; 3320
INTERNAL; 11; 12; 1; 2469; INTERNAL; 10; 11; 1; 4006
INTERNAL; 10; 11; 1; 4006; INTERNAL; 9; 10; 1; 2491
INTERNAL; 9; 10; 1; 2491; INTERNAL; 8; 9; 1; 2573
INTERNAL; 8; 9; 1; 2573; INTERNAL; 5; 7; 2; 4653
INTERNAL; 5; 7; 2; 4653; INTERNAL; 3; 6; 3; 4102
INTERNAL; 5; 7; 2; 4653; INTERNAL; 3; 6; 3; 4842
INTERNAL; 3; 6; 3; 4842; INTERNAL; 2; 5; 3; 4894
INTERNAL; 5; 7; 2; 4653; INTERNAL; 4; 6; 2; 5588
INTERNAL; 5; 7; 2; 4653; INTERNAL; 4; 6; 2; 5587
INTERNAL; 4; 6; 2; 5587; INTERNAL; 3; 5; 2; 4195
INTERNAL; 8; 9; 1; 2573; INTERNAL; 5; 7; 2; 5202
INTERNAL; 5; 7; 2; 5202; INTERNAL; 4; 6; 2; 5508
INTERNAL; 4; 6; 2; 5508; INTERNAL; 2; 5; 3; 5517
INTERNAL; 4; 6; 2; 5508; INTERNAL; 3; 5; 2; 5515
INTERNAL; 5; 7; 2; 5202; INTERNAL; 4; 6; 2; 4409
INTERNAL; 4; 6; 2; 4409; INTERNAL; 3; 5; 2; 5547
INTERNAL; 3; 5; 2; 5547; INTERNAL; 2; 4; 2; 5558
INTERNAL; 4; 6; 2; 4409; INTERNAL; 2; 4; 2; 6095
INTERNAL; 4; 6; 2; 4409; INTERNAL; 3; 5; 2; 5305
INTERNAL; 5; 7; 2; 5202; INTERNAL; 4; 6; 2; 5510
INTERNAL; 8; 9; 1; 2573; INTERNAL; 7; 7; 0; 4914
INTERNAL; 7; 7; 0; 4914; INTERNAL; 2; 6; 4; 4791
INTERNAL; 2; 6; 4; 4791; INPUT; 1; 5; 4; 5500
INTERNAL; 7; 7; 0; 4914; INTERNAL; 4; 6; 2; 5100
INTERNAL; 4; 6; 2; 5100; INTERNAL; 2; 5; 3; 5152
INTERNAL; 4; 6; 2; 5100; INTERNAL; 3; 5; 2; 4858
INTERNAL; 7; 7; 0; 4914; INTERNAL; 6; 6; 0; 5646
INTERNAL; 6; 6; 0; 5646; INTERNAL; 3; 5; 2; 4176
INTERNAL; 6; 6; 0; 5646; INTERNAL; 5; 5; 0; 5433
INTERNAL; 5; 5; 0; 5433; INTERNAL; 4; 4; 0; 3427
INTERNAL; 4; 4; 0; 3427; INTERNAL; 3; 3; 0; 5447
INTERNAL; 5; 5; 0; 5433; INTERNAL; 3; 4; 1; 5443
INTERNAL; 9; 10; 1; 2491; INTERNAL; 5; 9; 4; 2490
INTERNAL; 9; 10; 1; 2491; INTERNAL; 7; 9; 2; 2205
INTERNAL; 7; 9; 2; 2205; INTERNAL; 5; 8; 3; 3653
INTERNAL; 5; 8; 3; 3653; INTERNAL; 4; 7; 3; 5117
INTERNAL; 4; 7; 3; 5117; INTERNAL; 2; 6; 4; 3054
INTERNAL; 4; 7; 3; 5117; INTERNAL; 3; 6; 3; 4838
INTERNAL; 4; 7; 3; 5117; INTERNAL; 3; 6; 3; 2763
INTERNAL; 7; 9; 2; 2205; INTERNAL; 5; 8; 3; 5849
INTERNAL; 5; 8; 3; 5849; INTERNAL; 3; 7; 4; 2483
INTERNAL; 5; 8; 3; 5849; INTERNAL; 2; 5; 3; 4624
INTERNAL; 5; 8; 3; 5849; INTERNAL; 4; 7; 3; 8151
INTERNAL; 4; 7; 3; 8151; INTERNAL; 3; 5; 2; 4840
INTERNAL; 3; 5; 2; 4840; INTERNAL; 2; 4; 2; 2339
INTERNAL; 5; 8; 3; 5849; INTERNAL; 2; 5; 3; 5892
INTERNAL; 7; 9; 2; 2205; INTERNAL; 6; 8; 2; 2487
INTERNAL; 6; 8; 2; 2487; INTERNAL; 4; 7; 3; 5310
INTERNAL; 4; 7; 3; 5310; INTERNAL; 3; 6; 3; 2526
INTERNAL; 3; 6; 3; 2526; INTERNAL; 2; 5; 3; 5234
INTERNAL; 3; 6; 3; 2526; INTERNAL; 2; 5; 3; 3060
INTERNAL; 4; 7; 3; 5310; INTERNAL; 3; 6; 3; 7868
INTERNAL; 3; 6; 3; 7868; INPUT; 1; 5; 4; 3759
INTERNAL; 6; 8; 2; 2487; INTERNAL; 2; 6; 4; 3757
INTERNAL; 6; 8; 2; 2487; INTERNAL; 5; 7; 2; 3539
INTERNAL; 5; 7; 2; 3539; INTERNAL; 4; 5; 1; 3397
INTERNAL; 4; 5; 1; 3397; INTERNAL; 3; 4; 1; 7172
INTERNAL; 6; 8; 2; 2487; INTERNAL; 4; 7; 3; 6216
INTERNAL; 4; 7; 3; 6216; INTERNAL; 3; 4; 1; 3649
INTERNAL; 3; 4; 1; 3649; INTERNAL; 2; 3; 1; 4525
INTERNAL; 3; 4; 1; 3649; INTERNAL; 2; 3; 1; 4579
INTERNAL; 4; 7; 3; 6216; INTERNAL; 2; 4; 2; 3856
INTERNAL; 2; 4; 2; 3856; INPUT; 1; 3; 2; 7662
INTERNAL; 10; 11; 1; 4006; INTERNAL; 9; 10; 1; 2492
INTERNAL; 9; 10; 1; 2492; INTERNAL; 4; 8; 4; 3719
INTERNAL; 4; 8; 4; 3719; INTERNAL; 2; 7; 5; 3364
INTERNAL; 4; 8; 4; 3719; INTERNAL; 3; 7; 4; 3175
INTERNAL; 3; 7; 4; 3175; INTERNAL; 2; 6; 4; 3171
INTERNAL; 9; 10; 1; 2492; INTERNAL; 8; 8; 0; 7199
INTERNAL; 9; 10; 1; 2492; INTERNAL; 7; 8; 1; 3434
INTERNAL; 7; 8; 1; 3434; INTERNAL; 6; 7; 1; 5111
INTERNAL; 6; 7; 1; 5111; INTERNAL; 2; 6; 4; 7079
INTERNAL; 6; 7; 1; 5111; INTERNAL; 3; 6; 3; 4782
INTERNAL; 6; 7; 1; 5111; INTERNAL; 5; 6; 1; 3808
INTERNAL; 5; 6; 1; 3808; INTERNAL; 4; 5; 1; 4126
INTERNAL; 4; 5; 1; 4126; INTERNAL; 2; 4; 2; 5298
INTERNAL; 5; 6; 1; 3808; INTERNAL; 3; 5; 2; 3942
INTERNAL; 5; 6; 1; 3808; INTERNAL; 3; 5; 2; 3232
INTERNAL; 7; 8; 1; 3434; INTERNAL; 5; 7; 2; 2172
INTERNAL; 5; 7; 2; 2172; INTERNAL; 4; 6; 2; 3215
INTERNAL; 4; 6; 2; 3215; INTERNAL; 2; 5; 3; 4378
INTERNAL; 5; 7; 2; 2172; INTERNAL; 4; 6; 2; 6984
INTERNAL; 4; 6; 2; 6984; INTERNAL; 3; 5; 2; 2280
INTERNAL; 7; 8; 1; 3434; INTERNAL; 6; 7; 1; 5622
INTERNAL; 6; 7; 1; 5622; INTERNAL; 5; 6; 1; 4895
INTERNAL; 5; 6; 1; 4895; INTERNAL; 4; 5; 1; 2379
INTERNAL; 4; 5; 1; 2379; INTERNAL; 3; 4; 1; 4421
INTERNAL; 4; 5; 1; 2379; INTERNAL; 3; 4; 1; 7563
INTERNAL; 10; 11; 1; 4006; INTERNAL; 9; 10; 1; 2218
INTERNAL; 9; 10; 1; 2218; INTERNAL; 5; 8; 3; 3339
INTERNAL; 5; 8; 3; 3339; INTERNAL; 4; 7; 3; 3619
INTERNAL; 4; 7; 3; 3619; INTERNAL; 3; 6; 3; 5316
INTERNAL; 3; 6; 3; 5316; INTERNAL; 2; 5; 3; 5448
INTERNAL; 4; 7; 3; 3619; INTERNAL; 2; 6; 4; 5717
INTERNAL; 9; 10; 1; 2218; INTERNAL; 6; 8; 2; 4710
INTERNAL; 6; 8; 2; 4710; INTERNAL; 5; 7; 2; 4372
INTERNAL; 5; 7; 2; 4372; INTERNAL; 4; 6; 2; 3568
INTERNAL; 4; 6; 2; 3568; INTERNAL; 2; 5; 3; 4436
INTERNAL; 9; 10; 1; 2218; INTERNAL; 8; 8; 0; 4686
INTERNAL; 8; 8; 0; 4686; INTERNAL; 7; 7; 0; 4841
INTERNAL; 7; 7; 0; 4841; INTERNAL; 4; 6; 2; 6203
INTERNAL; 4; 6; 2; 6203; INTERNAL; 3; 5; 2; 5888
INTERNAL; 4; 6; 2; 6203; INTERNAL; 3; 5; 2; 4935
INTERNAL; 3; 5; 2; 4935; INTERNAL; 2; 4; 2; 8336
INTERNAL; 3; 5; 2; 4935; INTERNAL; 2; 4; 2; 4956
INTERNAL; 7; 7; 0; 4841; INTERNAL; 6; 6; 0; 2273
INTERNAL; 6; 6; 0; 2273; INTERNAL; 3; 5; 2; 5219
INTERNAL; 6; 6; 0; 2273; INTERNAL; 5; 5; 0; 4744
INTERNAL; 5; 5; 0; 4744; INTERNAL; 4; 4; 0; 4189
INTERNAL; 5; 5; 0; 4744; INTERNAL; 3; 4; 1; 2374
INTERNAL; 3; 4; 1; 2374; INTERNAL; 2; 3; 1; 4884
INTERNAL; 8; 8; 0; 4686; INTERNAL; 6; 7; 1; 3253
INTERNAL; 6; 7; 1; 3253; INTERNAL; 5; 6; 1; 7828
INTERNAL; 5; 6; 1; 7828; INTERNAL; 4; 5; 1; 4604
INTERNAL; 4; 5; 1; 4604; INTERNAL; 3; 4; 1; 2455
INTERNAL; 3; 4; 1; 2455; INPUT; 1; 3; 2; 5010
INTERNAL; 3; 4; 1; 2455; INPUT; 1; 3; 2; 6059
INTERNAL; 3; 4; 1; 2455; INPUT; 1; 3; 2; 4563
INTERNAL; 3; 4; 1; 2455; INPUT; 1; 3; 2; 4587
INTERNAL; 6; 7; 1; 3253; INTERNAL; 4; 6; 2; 3974
INTERNAL; 6; 7; 1; 3253; INTERNAL; 3; 6; 3; 2288
INTERNAL; 6; 7; 1; 3253; INTERNAL; 4; 6; 2; 3810
INTERNAL; 4; 6; 2; 3810; INTERNAL; 3; 5; 2; 5058
INTERNAL; 4; 6; 2; 3810; INTERNAL; 2; 5; 3; 4317
INTERNAL; 4; 6; 2; 3810; INTERNAL; 2; 5; 3; 5050
INTERNAL; 8; 8; 0; 4686; INTERNAL; 5; 7; 2; 4849
INTERNAL; 5; 7; 2; 4849; INTERNAL; 3; 6; 3; 4346
INTERNAL; 5; 7; 2; 4849; INTERNAL; 3; 6; 3; 5146
INTERNAL; 5; 7; 2; 4849; INTERNAL; 4; 6; 2; 6607
INTERNAL; 4; 6; 2; 6607; INTERNAL; 3; 5; 2; 2932
INTERNAL; 5; 7; 2; 4849; INTERNAL; 4; 6; 2; 3769
INTERNAL; 4; 6; 2; 3769; INTERNAL; 3; 5; 2; 4663
INTERNAL; 4; 6; 2; 3769; INTERNAL; 3; 5; 2; 3805
INTERNAL; 12; 15; 3; 6196; INTERNAL; 11; 12; 1; 2468
INTERNAL; 11; 12; 1; 2468; INTERNAL; 10; 11; 1; 2558
INTERNAL; 10; 11; 1; 2558; INTERNAL; 9; 9; 0; 3946
INTERNAL; 10; 11; 1; 2558; INTERNAL; 9; 9; 0; 4552
INTERNAL; 9; 9; 0; 4552; INTERNAL; 7; 8; 1; 4086
INTERNAL; 7; 8; 1; 4086; INTERNAL; 5; 7; 2; 4320
INTERNAL; 5; 7; 2; 4320; INTERNAL; 3; 6; 3; 3876
INTERNAL; 5; 7; 2; 4320; INTERNAL; 4; 6; 2; 4844
INTERNAL; 4; 6; 2; 4844; INTERNAL; 2; 5; 3; 5019
INTERNAL; 4; 6; 2; 4844; INTERNAL; 3; 5; 2; 5540
INTERNAL; 3; 5; 2; 5540; INPUT; 1; 4; 3; 6452
INTERNAL; 3; 5; 2; 5540; INPUT; 1; 4; 3; 4147
INTERNAL; 5; 7; 2; 4320; INTERNAL; 3; 6; 3; 4740
INTERNAL; 5; 7; 2; 4320; INTERNAL; 4; 6; 2; 5655
INTERNAL; 4; 6; 2; 5655; INTERNAL; 2; 5; 3; 3541
INTERNAL; 4; 6; 2; 5655; INTERNAL; 3; 5; 2; 5503
INTERNAL; 7; 8; 1; 4086; INTERNAL; 6; 7; 1; 6523
INTERNAL; 6; 7; 1; 6523; INTERNAL; 4; 6; 2; 5033
INTERNAL; 4; 6; 2; 5033; INTERNAL; 2; 5; 3; 3779
INTERNAL; 6; 7; 1; 6523; INTERNAL; 4; 6; 2; 3514
INTERNAL; 4; 6; 2; 3514; INTERNAL; 3; 5; 2; 3733
INTERNAL; 6; 7; 1; 6523; INTERNAL; 5; 6; 1; 3542
INTERNAL; 5; 6; 1; 3542; INTERNAL; 2; 5; 3; 3508
INTERNAL; 5; 6; 1; 3542; INTERNAL; 4; 5; 1; 6374
INTERNAL; 4; 5; 1; 6374; INTERNAL; 3; 4; 1; 4162
INTERNAL; 4; 5; 1; 6374; INTERNAL; 2; 4; 2; 4573
INTERNAL; 9; 9; 0; 4552; INTERNAL; 5; 8; 3; 4152
INTERNAL; 5; 8; 3; 4152; INTERNAL; 3; 7; 4; 3329
INTERNAL; 5; 8; 3; 4152; INTERNAL; 4; 7; 3; 4374
INTERNAL; 4; 7; 3; 4374; INTERNAL; 3; 6; 3; 4790
INTERNAL; 4; 7; 3; 4374; INTERNAL; 2; 6; 4; 4793
INTERNAL; 9; 9; 0; 4552; INTERNAL; 8; 8; 0; 4204
INTERNAL; 8; 8; 0; 4204; INTERNAL; 6; 7; 1; 4103
INTERNAL; 6; 7; 1; 4103; INTERNAL; 5; 6; 1; 4458
INTERNAL; 5; 6; 1; 4458; INTERNAL; 3; 5; 2; 4988
INTERNAL; 3; 5; 2; 4988; INTERNAL; 2; 4; 2; 4733
INTERNAL; 5; 6; 1; 4458; INTERNAL; 2; 5; 3; 7012
INTERNAL; 5; 6; 1; 4458; INTERNAL; 4; 5; 1; 4389
INTERNAL; 6; 7; 1; 4103; INTERNAL; 3; 6; 3; 5961
INTERNAL; 3; 6; 3; 5961; INTERNAL; 2; 5; 3; 3802
INTERNAL; 6; 7; 1; 4103; INTERNAL; 4; 6; 2; 6319
INTERNAL; 6; 7; 1; 4103; INTERNAL; 5; 6; 1; 3517
INTERNAL; 5; 6; 1; 3517; INTERNAL; 4; 5; 1; 7434
INTERNAL; 5; 6; 1; 3517; INTERNAL; 4; 5; 1; 3917
INTERNAL; 5; 6; 1; 3517; INTERNAL; 2; 5; 3; 3652
INTERNAL; 8; 8; 0; 4204; INTERNAL; 7; 7; 0; 8178
INTERNAL; 7; 7; 0; 8178; INTERNAL; 2; 6; 4; 2142
INTERNAL; 7; 7; 0; 8178; INTERNAL; 6; 6; 0; 2078
INTERNAL; 6; 6; 0; 2078; INTERNAL; 5; 5; 0; 7701
INTERNAL; 5; 5; 0; 7701; INTERNAL; 4; 4; 0; 7082
INTERNAL; 4; 4; 0; 7082; INTERNAL; 2; 3; 1; 3447
INTERNAL; 7; 7; 0; 8178; INTERNAL; 4; 6; 2; 3912
INTERNAL; 4; 6; 2; 3912; INTERNAL; 3; 5; 2; 4311
INTERNAL; 4; 6; 2; 3912; INTERNAL; 3; 5; 2; 2263
INTERNAL; 8; 8; 0; 4204; INTERNAL; 6; 7; 1; 5148
INTERNAL; 6; 7; 1; 5148; INTERNAL; 3; 6; 3; 5336
INTERNAL; 3; 6; 3; 5336; INTERNAL; 2; 5; 3; 4902
INTERNAL; 6; 7; 1; 5148; INTERNAL; 5; 6; 1; 3758
INTERNAL; 5; 6; 1; 3758; INTERNAL; 4; 5; 1; 5551
INTERNAL; 5; 6; 1; 3758; INTERNAL; 4; 5; 1; 2432
INTERNAL; 5; 6; 1; 3758; INTERNAL; 3; 5; 2; 3519
INTERNAL; 6; 7; 1; 5148; INTERNAL; 4; 6; 2; 4815
INTERNAL; 4; 6; 2; 4815; INTERNAL; 3; 5; 2; 6247
INTERNAL; 10; 11; 1; 2558; INTERNAL; 6; 9; 3; 4751
INTERNAL; 6; 9; 3; 4751; INTERNAL; 3; 8; 5; 4485
INTERNAL; 3; 8; 5; 4485; INTERNAL; 2; 7; 5; 4135
INTERNAL; 6; 9; 3; 4751; INTERNAL; 2; 6; 4; 4465
INTERNAL; 6; 9; 3; 4751; INTERNAL; 5; 8; 3; 3312
INTERNAL; 5; 8; 3; 3312; INTERNAL; 4; 7; 3; 3634
INTERNAL; 4; 7; 3; 3634; INTERNAL; 2; 6; 4; 5533
INTERNAL; 6; 9; 3; 4751; INTERNAL; 3; 8; 5; 2741
INTERNAL; 3; 8; 5; 2741; INTERNAL; 2; 7; 5; 3280
INTERNAL; 11; 12; 1; 2468; INTERNAL; 10; 11; 1; 2561
INTERNAL; 11; 12; 1; 2468; INTERNAL; 10; 11; 1; 2564
INTERNAL; 10; 11; 1; 2564; INTERNAL; 8; 10; 2; 7129
INTERNAL; 8; 10; 2; 7129; INTERNAL; 7; 9; 2; 2529
INTERNAL; 7; 9; 2; 2529; INTERNAL; 6; 8; 2; 2721
INTERNAL; 6; 8; 2; 2721; INTERNAL; 5; 7; 2; 3966
INTERNAL; 5; 7; 2; 3966; INTERNAL; 4; 6; 2; 2859
INTERNAL; 4; 6; 2; 2859; INTERNAL; 3; 5; 2; 2519
INTERNAL; 5; 7; 2; 3966; INTERNAL; 3; 6; 3; 2522
INTERNAL; 6; 8; 2; 2721; INTERNAL; 3; 7; 4; 2384
INTERNAL; 3; 7; 4; 2384; INTERNAL; 2; 6; 4; 2606
INTERNAL; 6; 8; 2; 2721; INTERNAL; 3; 7; 4; 2670
INTERNAL; 6; 8; 2; 2721; INTERNAL; 2; 7; 5; 3048
INTERNAL; 7; 9; 2; 2529; INTERNAL; 5; 8; 3; 3321
INTERNAL; 5; 8; 3; 3321; INTERNAL; 4; 7; 3; 4461
INTERNAL; 4; 7; 3; 4461; INTERNAL; 3; 6; 3; 2508
INTERNAL; 5; 8; 3; 3321; INTERNAL; 3; 7; 4; 3685
INTERNAL; 5; 8; 3; 3321; INTERNAL; 3; 7; 4; 2510
INTERNAL; 8; 10; 2; 7129; INTERNAL; 7; 9; 2; 3686
INTERNAL; 7; 9; 2; 3686; INTERNAL; 6; 8; 2; 2539
INTERNAL; 6; 8; 2; 2539; INTERNAL; 4; 7; 3; 4633
INTERNAL; 4; 7; 3; 4633; INTERNAL; 3; 6; 3; 8341
INTERNAL; 6; 8; 2; 2539; INTERNAL; 5; 7; 2; 3331
INTERNAL; 5; 7; 2; 3331; INTERNAL; 4; 6; 2; 4420
INTERNAL; 7; 9; 2; 3686; INTERNAL; 6; 8; 2; 2506
INTERNAL; 6; 8; 2; 2506; INTERNAL; 3; 7; 4; 6118
INTERNAL; 6; 8; 2; 2506; INTERNAL; 5; 7; 2; 6477
INTERNAL; 6; 8; 2; 2506; INTERNAL; 4; 7; 3; 4724
INTERNAL; 7; 9; 2; 3686; INTERNAL; 5; 8; 3; 2391
INTERNAL; 5; 8; 3; 2391; INTERNAL; 4; 7; 3; 2501
INTERNAL; 5; 8; 3; 2391; INTERNAL; 3; 7; 4; 5868
INTERNAL; 5; 8; 3; 2391; INTERNAL; 4; 7; 3; 4814
INTERNAL; 4; 7; 3; 4814; INTERNAL; 2; 6; 4; 2500
INTERNAL; 4; 7; 3; 4814; INTERNAL; 3; 6; 3; 2040
INTERNAL; 3; 6; 3; 2040; INTERNAL; 2; 5; 3; 3050
INTERNAL; 3; 6; 3; 2040; INTERNAL; 2; 5; 3; 6868
INTERNAL; 4; 7; 3; 4814; INTERNAL; 3; 6; 3; 3756
INTERNAL; 8; 10; 2; 7129; INTERNAL; 7; 9; 2; 7566
INTERNAL; 10; 11; 1; 2564; INTERNAL; 9; 10; 1; 2556
INTERNAL; 10; 11; 1; 2564; INTERNAL; 9; 10; 1; 4148
INTERNAL; 9; 10; 1; 4148; INTERNAL; 8; 9; 1; 7448
INTERNAL; 9; 10; 1; 4148; INTERNAL; 8; 9; 1; 2549
INTERNAL; 9; 10; 1; 4148; INTERNAL; 7; 9; 2; 8075
INTERNAL; 7; 9; 2; 8075; INTERNAL; 5; 8; 3; 2894
INTERNAL; 5; 8; 3; 2894; INTERNAL; 4; 7; 3; 2538
INTERNAL; 4; 7; 3; 2538; INTERNAL; 3; 6; 3; 7908
INTERNAL; 3; 6; 3; 7908; INTERNAL; 2; 5; 3; 5934
INTERNAL; 4; 7; 3; 2538; INTERNAL; 3; 6; 3; 2938
INTERNAL; 7; 9; 2; 8075; INTERNAL; 5; 8; 3; 5164
INTERNAL; 5; 8; 3; 5164; INTERNAL; 4; 7; 3; 5994
INTERNAL; 4; 7; 3; 5994; INTERNAL; 3; 6; 3; 4293
INTERNAL; 4; 7; 3; 5994; INTERNAL; 3; 6; 3; 4949
INTERNAL; 5; 8; 3; 5164; INTERNAL; 4; 7; 3; 8199
INTERNAL; 4; 7; 3; 8199; INTERNAL; 3; 6; 3; 3565
INTERNAL; 3; 6; 3; 3565; INTERNAL; 2; 5; 3; 5053
INTERNAL; 5; 8; 3; 5164; INTERNAL; 4; 7; 3; 4272
INTERNAL; 4; 7; 3; 4272; INTERNAL; 3; 6; 3; 2671
INTERNAL; 4; 7; 3; 4272; INTERNAL; 3; 6; 3; 3490
INTERNAL; 3; 6; 3; 3490; INTERNAL; 2; 5; 3; 2667
INTERNAL; 7; 9; 2; 8075; INTERNAL; 6; 8; 2; 2545
INTERNAL; 6; 8; 2; 2545; INTERNAL; 5; 7; 2; 5493
INTERNAL; 5; 7; 2; 5493; INTERNAL; 4; 6; 2; 4556
INTERNAL; 4; 6; 2; 4556; INTERNAL; 3; 5; 2; 2624
INTERNAL; 5; 7; 2; 5493; INTERNAL; 2; 6; 4; 8363
INTERNAL; 6; 8; 2; 2545; INTERNAL; 2; 7; 5; 3126
INTERNAL; 6; 8; 2; 2545; INTERNAL; 3; 7; 4; 2910
INTERNAL; 3; 7; 4; 2910; INTERNAL; 2; 6; 4; 6643
INTERNAL; 6; 8; 2; 2545; INTERNAL; 4; 7; 3; 2785
INTERNAL; 12; 15; 3; 6196; INTERNAL; 11; 12; 1; 2872
INTERNAL; 11; 12; 1; 2872; INTERNAL; 10; 11; 1; 4501
INTERNAL; 11; 12; 1; 2872; INTERNAL; 10; 11; 1; 2464
INTERNAL; 10; 11; 1; 2464; INTERNAL; 9; 10; 1; 2458
INTERNAL; 10; 11; 1; 2464; INTERNAL; 7; 10; 3; 3163
INTERNAL; 10; 11; 1; 2464; INTERNAL; 9; 10; 1; 4918
INTERNAL; 11; 12; 1; 2872; INTERNAL; 9; 11; 2; 2463
INTERNAL; 9; 11; 2; 2463; INTERNAL; 8; 10; 2; 4490
INTERNAL; 8; 10; 2; 4490; INTERNAL; 7; 9; 2; 2441
INTERNAL; 8; 10; 2; 4490; INTERNAL; 7; 9; 2; 3454
INTERNAL; 9; 11; 2; 2463; INTERNAL; 8; 10; 2; 2454
INTERNAL; 8; 10; 2; 2454; INTERNAL; 6; 9; 3; 2447
INTERNAL; 6; 9; 3; 2447; INTERNAL; 5; 8; 3; 4626
INTERNAL; 5; 8; 3; 4626; INTERNAL; 4; 7; 3; 2901
INTERNAL; 4; 7; 3; 2901; INTERNAL; 3; 6; 3; 2446
INTERNAL; 4; 7; 3; 2901; INTERNAL; 2; 6; 4; 4343
INTERNAL; 6; 9; 3; 2447; INTERNAL; 3; 8; 5; 5765
INTERNAL; 8; 10; 2; 2454; INTERNAL; 7; 9; 2; 7788
INTERNAL; 9; 11; 2; 2463; INTERNAL; 8; 10; 2; 2057
INTERNAL; 13; 16; 3; 3516; INTERNAL; 12; 15; 3; 3400
INTERNAL; 12; 15; 3; 3400; INTERNAL; 10; 14; 4; 2430
INTERNAL; 10; 14; 4; 2430; INTERNAL; 9; 13; 4; 4712
INTERNAL; 9; 13; 4; 4712; INTERNAL; 8; 12; 4; 4748
INTERNAL; 9; 13; 4; 4712; INTERNAL; 6; 12; 6; 5076
INTERNAL; 10; 14; 4; 2430; INTERNAL; 8; 13; 5; 2425
INTERNAL; 10; 14; 4; 2430; INTERNAL; 9; 13; 4; 2703
INTERNAL; 12; 15; 3; 3400; INTERNAL; 11; 14; 3; 3479
INTERNAL; 12; 15; 3; 3400; INTERNAL; 10; 14; 4; 8016
INTERNAL; 13; 16; 3; 3516; INTERNAL; 11; 15; 4; 2562
INTERNAL; 18; 19; 1; 6260; INTERNAL; 13; 16; 3; 2817
INTERNAL; 13; 16; 3; 2817; INTERNAL; 12; 13; 1; 5309
INTERNAL; 13; 16; 3; 2817; INTERNAL; 11; 13; 2; 4255
INTERNAL; 11; 13; 2; 4255; INTERNAL; 10; 11; 1; 5568
INTERNAL; 10; 11; 1; 5568; INTERNAL; 5; 9; 4; 5755
INTERNAL; 5; 9; 4; 5755; INTERNAL; 4; 8; 4; 3428
INTERNAL; 4; 8; 4; 3428; INTERNAL; 3; 7; 4; 4063
INTERNAL; 4; 8; 4; 3428; INTERNAL; 2; 7; 5; 5481
INTERNAL; 5; 9; 4; 5755; INTERNAL; 4; 8; 4; 3667
INTERNAL; 4; 8; 4; 3667; INTERNAL; 3; 7; 4; 3055
INTERNAL; 5; 9; 4; 5755; INTERNAL; 4; 8; 4; 3062
INTERNAL; 4; 8; 4; 3062; INTERNAL; 2; 7; 5; 2101
INTERNAL; 4; 8; 4; 3062; INTERNAL; 3; 7; 4; 3022
INTERNAL; 5; 9; 4; 5755; INTERNAL; 3; 8; 5; 2434
INTERNAL; 10; 11; 1; 5568; INTERNAL; 9; 9; 0; 5413
INTERNAL; 10; 11; 1; 5568; INTERNAL; 6; 9; 3; 3968
INTERNAL; 6; 9; 3; 3968; INTERNAL; 5; 8; 3; 3131
INTERNAL; 5; 8; 3; 3131; INTERNAL; 2; 6; 4; 3123
INTERNAL; 5; 8; 3; 3131; INTERNAL; 3; 7; 4; 3125
INTERNAL; 3; 7; 4; 3125; INTERNAL; 2; 6; 4; 3100
INTERNAL; 3; 7; 4; 3125; INTERNAL; 2; 6; 4; 4407
INTERNAL; 5; 8; 3; 3131; INTERNAL; 4; 7; 3; 3610
INTERNAL; 4; 7; 3; 3610; INTERNAL; 3; 6; 3; 4014
INTERNAL; 5; 8; 3; 3131; INTERNAL; 3; 7; 4; 3371
INTERNAL; 6; 9; 3; 3968; INTERNAL; 4; 8; 4; 3134
INTERNAL; 4; 8; 4; 3134; INTERNAL; 3; 7; 4; 3074
INTERNAL; 6; 9; 3; 3968; INTERNAL; 3; 8; 5; 3128
INTERNAL; 11; 13; 2; 4255; INTERNAL; 7; 11; 4; 4969
INTERNAL; 13; 16; 3; 2817; INTERNAL; 12; 13; 1; 3167
INTERNAL; 12; 13; 1; 3167; INTERNAL; 11; 12; 1; 3278
INTERNAL; 12; 13; 1; 3167; INTERNAL; 11; 12; 1; 4998
INTERNAL; 11; 12; 1; 4998; INTERNAL; 5; 10; 5; 2345
INTERNAL; 5; 10; 5; 2345; INTERNAL; 2; 9; 7; 4502
INTERNAL; 5; 10; 5; 2345; INTERNAL; 4; 9; 5; 6157
INTERNAL; 5; 10; 5; 2345; INTERNAL; 4; 9; 5; 2947
INTERNAL; 4; 9; 5; 2947; INTERNAL; 3; 8; 5; 3734
INTERNAL; 11; 12; 1; 4998; INTERNAL; 10; 10; 0; 3975
INTERNAL; 11; 12; 1; 4998; INTERNAL; 10; 10; 0; 4631
INTERNAL; 12; 13; 1; 3167; INTERNAL; 11; 12; 1; 6916
INTERNAL; 18; 19; 1; 6260; INTERNAL; 17; 18; 1; 6266
INTERNAL; 17; 18; 1; 6266; INTERNAL; 16; 16; 0; 3828
INTERNAL; 16; 16; 0; 3828; INTERNAL; 14; 15; 1; 5132
INTERNAL; 14; 15; 1; 5132; INTERNAL; 13; 14; 1; 4021
INTERNAL; 14; 15; 1; 5132; INTERNAL; 13; 14; 1; 3873
INTERNAL; 13; 14; 1; 3873; INTERNAL; 12; 13; 1; 4596
INTERNAL; 12; 13; 1; 4596; INTERNAL; 11; 11; 0; 5251
INTERNAL; 12; 13; 1; 4596; INTERNAL; 6; 11; 5; 3992
INTERNAL; 6; 11; 5; 3992; INTERNAL; 5; 10; 5; 2801
INTERNAL; 5; 10; 5; 2801; INTERNAL; 4; 9; 5; 3063
INTERNAL; 5; 10; 5; 2801; INTERNAL; 2; 9; 7; 5390
INTERNAL; 6; 11; 5; 3992; INTERNAL; 3; 10; 7; 2732
INTERNAL; 3; 10; 7; 2732; INTERNAL; 2; 9; 7; 3880
INTERNAL; 3; 10; 7; 2732; INTERNAL; 2; 8; 6; 2833
INTERNAL; 6; 11; 5; 3992; INTERNAL; 5; 10; 5; 5362
INTERNAL; 5; 10; 5; 5362; INTERNAL; 4; 9; 5; 5946
INTERNAL; 6; 11; 5; 3992; INTERNAL; 4; 10; 6; 2793
INTERNAL; 4; 10; 6; 2793; INTERNAL; 3; 9; 6; 5398
INTERNAL; 12; 13; 1; 4596; INTERNAL; 7; 11; 4; 7993
INTERNAL; 7; 11; 4; 7993; INTERNAL; 5; 10; 5; 3034
INTERNAL; 5; 10; 5; 3034; INTERNAL; 4; 9; 5; 2445
INTERNAL; 4; 9; 5; 2445; INTERNAL; 3; 8; 5; 8361
INTERNAL; 5; 10; 5; 3034; INTERNAL; 2; 9; 7; 3043
INTERNAL; 7; 11; 4; 7993; INTERNAL; 5; 10; 5; 2909
INTERNAL; 5; 10; 5; 2909; INTERNAL; 4; 9; 5; 2846
INTERNAL; 4; 9; 5; 2846; INTERNAL; 2; 8; 6; 2841
INTERNAL; 4; 9; 5; 2846; INTERNAL; 3; 8; 5; 4410
INTERNAL; 5; 10; 5; 2909; INTERNAL; 4; 9; 5; 4905
INTERNAL; 4; 9; 5; 4905; INTERNAL; 3; 8; 5; 3821
INTERNAL; 4; 9; 5; 4905; INTERNAL; 3; 8; 5; 2821
INTERNAL; 4; 9; 5; 4905; INTERNAL; 3; 8; 5; 7930
INTERNAL; 3; 8; 5; 7930; INTERNAL; 2; 7; 5; 3493
INTERNAL; 4; 9; 5; 4905; INTERNAL; 3; 8; 5; 4532
INTERNAL; 7; 11; 4; 7993; INTERNAL; 6; 10; 4; 2911
INTERNAL; 6; 10; 4; 2911; INTERNAL; 5; 9; 4; 2907
INTERNAL; 5; 9; 4; 2907; INTERNAL; 3; 8; 5; 2906
INTERNAL; 5; 9; 4; 2907; INTERNAL; 3; 8; 5; 4368
INTERNAL; 3; 8; 5; 4368; INTERNAL; 2; 7; 5; 3387
INTERNAL; 5; 9; 4; 2907; INTERNAL; 4; 8; 4; 3510
INTERNAL; 4; 8; 4; 3510; INTERNAL; 3; 7; 4; 2933
INTERNAL; 4; 8; 4; 3510; INTERNAL; 2; 7; 5; 3291
INTERNAL; 6; 10; 4; 2911; INTERNAL; 3; 9; 6; 3503
INTERNAL; 13; 14; 1; 3873; INTERNAL; 7; 13; 6; 4559
INTERNAL; 13; 14; 1; 3873; INTERNAL; 12; 13; 1; 2566
INTERNAL; 16; 16; 0; 3828; INTERNAL; 15; 15; 0; 4783
INTERNAL; 15; 15; 0; 4783; INTERNAL; 13; 14; 1; 5018
INTERNAL; 15; 15; 0; 4783; INTERNAL; 14; 14; 0; 4249
INTERNAL; 14; 14; 0; 4249; INTERNAL; 6; 13; 7; 4046
INTERNAL; 6; 13; 7; 4046; INTERNAL; 5; 12; 7; 5232
INTERNAL; 5; 12; 7; 5232; INTERNAL; 4; 11; 7; 2607
INTERNAL; 4; 11; 7; 2607; INTERNAL; 3; 10; 7; 2595
INTERNAL; 3; 10; 7; 2595; INPUT; 1; 9; 8; 2032
INTERNAL; 3; 10; 7; 2595; INPUT; 1; 9; 8; 4655
INTERNAL; 4; 11; 7; 2607; INTERNAL; 3; 10; 7; 2596
INTERNAL; 6; 13; 7; 4046; INTERNAL; 4; 12; 8; 2614
INTERNAL; 6; 13; 7; 4046; INTERNAL; 3; 12; 9; 2623
INTERNAL; 14; 14; 0; 4249; INTERNAL; 7; 13; 6; 3646
INTERNAL; 7; 13; 6; 3646; INTERNAL; 3; 12; 9; 2651
INTERNAL; 7; 13; 6; 3646; INTERNAL; 6; 12; 6; 2643
INTERNAL; 6; 12; 6; 2643; INTERNAL; 2; 11; 9; 5497
INTERNAL; 6; 12; 6; 2643; INTERNAL; 4; 11; 7; 3052
INTERNAL; 6; 12; 6; 2643; INTERNAL; 5; 11; 6; 3042
INTERNAL; 5; 11; 6; 3042; INTERNAL; 4; 10; 6; 4770
INTERNAL; 4; 10; 6; 4770; INPUT; 1; 9; 8; 3689
INTERNAL; 4; 10; 6; 4770; INPUT; 1; 9; 8; 2702
INTERNAL; 4; 10; 6; 4770; INPUT; 1; 9; 8; 6870
INTERNAL; 4; 10; 6; 4770; INPUT; 1; 9; 8; 2636
INTERNAL; 7; 13; 6; 3646; INTERNAL; 4; 12; 8; 2647
INTERNAL; 14; 14; 0; 4249; INTERNAL; 13; 13; 0; 5527
INTERNAL; 13; 13; 0; 5527; INTERNAL; 5; 12; 7; 4298
INTERNAL; 5; 12; 7; 4298; INTERNAL; 4; 11; 7; 4000
INTERNAL; 4; 11; 7; 4000; INTERNAL; 3; 10; 7; 3420
INTERNAL; 4; 11; 7; 4000; INTERNAL; 3; 10; 7; 4441
INTERNAL; 5; 12; 7; 4298; INTERNAL; 3; 11; 8; 2735
INTERNAL; 5; 12; 7; 4298; INTERNAL; 4; 11; 7; 2734
INTERNAL; 4; 11; 7; 2734; INTERNAL; 3; 10; 7; 2808
INTERNAL; 13; 13; 0; 5527; INTERNAL; 5; 12; 7; 3999
INTERNAL; 5; 12; 7; 3999; INTERNAL; 4; 11; 7; 5603
INTERNAL; 13; 13; 0; 5527; INTERNAL; 12; 12; 0; 2145
INTERNAL; 15; 15; 0; 4783; INTERNAL; 13; 14; 1; 5538
INTERNAL; 17; 18; 1; 6266; INTERNAL; 14; 16; 2; 8009
INTERNAL; 19; 21; 2; 6757; INTERNAL; 17; 20; 3; 3732
INTERNAL; 17; 20; 3; 3732; INTERNAL; 15; 18; 3; 5451
INTERNAL; 17; 20; 3; 3732; INTERNAL; 14; 18; 4; 2710
INTERNAL; 17; 20; 3; 3732; INTERNAL; 16; 19; 3; 6259
INTERNAL; 19; 21; 2; 6757; INTERNAL; 18; 20; 2; 4110
INTERNAL; 18; 20; 2; 4110; INTERNAL; 17; 17; 0; 4199
INTERNAL; 18; 20; 2; 4110; INTERNAL; 14; 17; 3; 4280
INTERNAL; 14; 17; 3; 4280; INTERNAL; 13; 16; 3; 2439
INTERNAL; 13; 16; 3; 2439; INTERNAL; 11; 15; 4; 2575
INTERNAL; 11; 15; 4; 2575; INTERNAL; 9; 14; 5; 3679
INTERNAL; 11; 15; 4; 2575; INTERNAL; 10; 14; 4; 3297
INTERNAL; 13; 16; 3; 2439; INTERNAL; 12; 15; 3; 2424
INTERNAL; 14; 17; 3; 4280; INTERNAL; 13; 16; 3; 4797
INTERNAL; 21; 22; 1; 4609; INTERNAL; 19; 21; 2; 3817
INTERNAL; 19; 21; 2; 3817; INTERNAL; 13; 18; 5; 3059
INTERNAL; 19; 21; 2; 3817; INTERNAL; 11; 18; 7; 2420
INTERNAL; 19; 21; 2; 3817; INTERNAL; 14; 18; 4; 7776
INTERNAL; 19; 21; 2; 3817; INTERNAL; 18; 18; 0; 4442
INTERNAL; 21; 22; 1; 4609; INTERNAL; 20; 20; 0; 4223
INTERNAL; 20; 20; 0; 4223; INTERNAL; 19; 19; 0; 4328
INTERNAL; 20; 20; 0; 4223; INTERNAL; 14; 19; 5; 4143
INTERNAL; 23; 23; 0; 4946; INTERNAL; 22; 22; 0; 4509
INTERNAL; 22; 22; 0; 4509; INTERNAL; 21; 21; 0; 5330
INTERNAL; 21; 21; 0; 5330; INTERNAL; 19; 20; 1; 4191
INTERNAL; 19; 20; 1; 4191; INTERNAL; 18; 19; 1; 2192
INTERNAL; 19; 20; 1; 4191; INTERNAL; 16; 19; 3; 4154
INTERNAL; 22; 22; 0; 4509; INTERNAL; 20; 21; 1; 8265
INTERNAL; 24; 24; 0; 7546; INTERNAL; 21; 23; 2; 4422
INTERNAL; 21; 23; 2; 4422; INTERNAL; 19; 22; 3; 3498
INTERNAL; 19; 22; 3; 3498; INTERNAL; 17; 21; 4; 1419
INTERNAL; 25; 25; 0; 4240; INTERNAL; 21; 24; 3; 7520
INTERNAL; 21; 24; 3; 7520; INTERNAL; 19; 23; 4; 7474
INTERNAL; 19; 23; 4; 7474; INTERNAL; 17; 22; 5; 1041
INTERNAL; 17; 22; 5; 1041; INTERNAL; 16; 20; 4; 5296
INTERNAL; 16; 20; 4; 5296; INTERNAL; 14; 19; 5; 1405
INTERNAL; 14; 19; 5; 1405; INTERNAL; 13; 18; 5; 8068
INTERNAL; 13; 18; 5; 8068; INTERNAL; 10; 17; 7; 1136
INTERNAL; 10; 17; 7; 1136; INTERNAL; 6; 14; 8; 1237
INTERNAL; 6; 14; 8; 1237; INTERNAL; 5; 13; 8; 7670
INTERNAL; 5; 13; 8; 7670; INTERNAL; 3; 10; 7; 1186
INTERNAL; 5; 13; 8; 7670; INTERNAL; 4; 12; 8; 1185
INTERNAL; 4; 12; 8; 1185; INTERNAL; 3; 11; 8; 1184
INTERNAL; 6; 14; 8; 1237; INTERNAL; 2; 11; 9; 1190
INTERNAL; 2; 11; 9; 1190; INPUT; 1; 10; 9; 1178
INTERNAL; 2; 11; 9; 1190; INPUT; 1; 10; 9; 7068
INTERNAL; 2; 11; 9; 1190; INPUT; 1; 10; 9; 4416
INTERNAL; 2; 11; 9; 1190; INPUT; 1; 10; 9; 1179
INTERNAL; 6; 14; 8; 1237; INTERNAL; 4; 13; 9; 1188
INTERNAL; 4; 13; 9; 1188; INTERNAL; 3; 12; 9; 1182
INTERNAL; 3; 12; 9; 1182; INTERNAL; 2; 11; 9; 1181
INTERNAL; 3; 12; 9; 1182; INTERNAL; 2; 10; 8; 1180
INTERNAL; 6; 14; 8; 1237; INTERNAL; 4; 13; 9; 1189
INTERNAL; 4; 13; 9; 1189; INTERNAL; 3; 10; 7; 2436
INTERNAL; 10; 17; 7; 1136; INTERNAL; 9; 14; 5; 2375
INTERNAL; 9; 14; 5; 2375; INTERNAL; 6; 13; 7; 1233
INTERNAL; 6; 13; 7; 1233; INTERNAL; 5; 12; 7; 4930
INTERNAL; 5; 12; 7; 4930; INTERNAL; 3; 11; 8; 1192
INTERNAL; 5; 12; 7; 4930; INTERNAL; 4; 11; 7; 1191
INTERNAL; 4; 11; 7; 1191; INTERNAL; 2; 10; 8; 1249
INTERNAL; 4; 11; 7; 1191; INTERNAL; 3; 10; 7; 5685
INTERNAL; 4; 11; 7; 1191; INTERNAL; 2; 10; 8; 7246
INTERNAL; 6; 13; 7; 1233; INTERNAL; 3; 10; 7; 1253
INTERNAL; 3; 10; 7; 1253; INPUT; 1; 9; 8; 1251
INTERNAL; 6; 13; 7; 1233; INTERNAL; 4; 12; 8; 1193
INTERNAL; 4; 12; 8; 1193; INTERNAL; 3; 10; 7; 6304
INTERNAL; 6; 13; 7; 1233; INTERNAL; 2; 10; 8; 5172
INTERNAL; 9; 14; 5; 2375; INTERNAL; 6; 13; 7; 1235
INTERNAL; 6; 13; 7; 1235; INTERNAL; 5; 12; 7; 1200
INTERNAL; 5; 12; 7; 1200; INTERNAL; 2; 11; 9; 1196
INTERNAL; 5; 12; 7; 1200; INTERNAL; 4; 11; 7; 1872
INTERNAL; 5; 12; 7; 1200; INTERNAL; 4; 11; 7; 1197
INTERNAL; 4; 11; 7; 1197; INTERNAL; 3; 10; 7; 1195
INTERNAL; 4; 11; 7; 1197; INTERNAL; 2; 10; 8; 8089
INTERNAL; 5; 12; 7; 1200; INTERNAL; 3; 11; 8; 1199
INTERNAL; 6; 13; 7; 1235; INTERNAL; 5; 12; 7; 1201
INTERNAL; 5; 12; 7; 1201; INTERNAL; 4; 11; 7; 2681
INTERNAL; 6; 13; 7; 1235; INTERNAL; 3; 12; 9; 1203
INTERNAL; 9; 14; 5; 2375; INTERNAL; 8; 13; 5; 1236
INTERNAL; 8; 13; 5; 1236; INTERNAL; 5; 12; 7; 1296
INTERNAL; 5; 12; 7; 1296; INTERNAL; 4; 11; 7; 7821
INTERNAL; 5; 12; 7; 1296; INTERNAL; 4; 11; 7; 1255
INTERNAL; 5; 12; 7; 1296; INTERNAL; 4; 11; 7; 1254
INTERNAL; 8; 13; 5; 1236; INTERNAL; 7; 12; 5; 1232
INTERNAL; 7; 12; 5; 1232; INTERNAL; 6; 11; 5; 1230
INTERNAL; 6; 11; 5; 1230; INTERNAL; 3; 10; 7; 1227
INTERNAL; 3; 10; 7; 1227; INTERNAL; 2; 9; 7; 1218
INTERNAL; 6; 11; 5; 1230; INTERNAL; 5; 10; 5; 1225
INTERNAL; 5; 10; 5; 1225; INTERNAL; 3; 9; 6; 1221
INTERNAL; 3; 9; 6; 1221; INTERNAL; 2; 8; 6; 1219
INTERNAL; 3; 9; 6; 1221; INPUT; 1; 7; 6; 1369
INTERNAL; 3; 9; 6; 1221; INPUT; 1; 7; 6; 1371
INTERNAL; 5; 10; 5; 1225; INTERNAL; 3; 9; 6; 1220
INTERNAL; 5; 10; 5; 1225; INTERNAL; 4; 9; 5; 2796
INTERNAL; 5; 10; 5; 1225; INTERNAL; 3; 9; 6; 1223
INTERNAL; 7; 12; 5; 1232; INTERNAL; 6; 11; 5; 1229
INTERNAL; 6; 11; 5; 1229; INTERNAL; 5; 10; 5; 1216
INTERNAL; 5; 10; 5; 1216; INTERNAL; 4; 9; 5; 5393
INTERNAL; 5; 10; 5; 1216; INTERNAL; 4; 9; 5; 1215
INTERNAL; 4; 9; 5; 1215; INTERNAL; 3; 8; 5; 1213
INTERNAL; 7; 12; 5; 1232; INTERNAL; 4; 11; 7; 6779
INTERNAL; 4; 11; 7; 6779; INTERNAL; 3; 10; 7; 6428
INTERNAL; 4; 11; 7; 6779; INTERNAL; 3; 10; 7; 1210
INTERNAL; 4; 11; 7; 6779; INTERNAL; 3; 10; 7; 3797
INTERNAL; 3; 10; 7; 3797; INTERNAL; 2; 9; 7; 1209
INTERNAL; 8; 13; 5; 1236; INTERNAL; 6; 12; 6; 1231
INTERNAL; 6; 12; 6; 1231; INTERNAL; 4; 11; 7; 1207
INTERNAL; 4; 11; 7; 1207; INTERNAL; 3; 10; 7; 1228
INTERNAL; 6; 12; 6; 1231; INTERNAL; 5; 11; 6; 5482
INTERNAL; 5; 11; 6; 5482; INTERNAL; 4; 10; 6; 7256
INTERNAL; 4; 10; 6; 7256; INTERNAL; 3; 9; 6; 1205
INTERNAL; 4; 10; 6; 7256; INTERNAL; 2; 9; 7; 2973
INTERNAL; 6; 12; 6; 1231; INTERNAL; 3; 11; 8; 1206
INTERNAL; 3; 11; 8; 1206; INTERNAL; 2; 10; 8; 1204
INTERNAL; 10; 17; 7; 1136; INTERNAL; 5; 14; 9; 7541
INTERNAL; 5; 14; 9; 7541; INTERNAL; 4; 13; 9; 1177
INTERNAL; 4; 13; 9; 1177; INTERNAL; 3; 11; 8; 1173
INTERNAL; 5; 14; 9; 7541; INTERNAL; 4; 13; 9; 1174
INTERNAL; 4; 13; 9; 1174; INTERNAL; 3; 12; 9; 3903
INTERNAL; 4; 13; 9; 1174; INTERNAL; 3; 12; 9; 1165
INTERNAL; 4; 13; 9; 1174; INTERNAL; 2; 11; 9; 2962
INTERNAL; 4; 13; 9; 1174; INTERNAL; 3; 12; 9; 1164
INTERNAL; 4; 13; 9; 1174; INTERNAL; 3; 10; 7; 2306
INTERNAL; 5; 14; 9; 7541; INTERNAL; 4; 13; 9; 1175
INTERNAL; 4; 13; 9; 1175; INTERNAL; 3; 12; 9; 1172
INTERNAL; 3; 12; 9; 1172; INTERNAL; 2; 11; 9; 1171
INTERNAL; 2; 11; 9; 1171; INPUT; 1; 10; 9; 1167
INTERNAL; 2; 11; 9; 1171; INPUT; 1; 10; 9; 1166
INTERNAL; 2; 11; 9; 1171; INPUT; 1; 10; 9; 1169
INTERNAL; 2; 11; 9; 1171; INPUT; 1; 10; 9; 1170
INTERNAL; 13; 18; 5; 8068; INTERNAL; 12; 17; 5; 1490
INTERNAL; 12; 17; 5; 1490; INTERNAL; 4; 15; 11; 1394
INTERNAL; 4; 15; 11; 1394; INPUT; 1; 11; 10; 5186
INTERNAL; 4; 15; 11; 1394; INPUT; 1; 11; 10; 5573
INTERNAL; 4; 15; 11; 1394; INTERNAL; 3; 11; 8; 6126
INTERNAL; 4; 15; 11; 1394; INPUT; 1; 11; 10; 5808
INTERNAL; 12; 17; 5; 1490; INTERNAL; 10; 15; 5; 1396
INTERNAL; 12; 17; 5; 1490; INTERNAL; 11; 15; 4; 3582
INTERNAL; 11; 15; 4; 3582; INTERNAL; 6; 14; 8; 3393
INTERNAL; 6; 14; 8; 3393; INTERNAL; 4; 13; 9; 1245
INTERNAL; 4; 13; 9; 1245; INTERNAL; 2; 9; 7; 1240
INTERNAL; 4; 13; 9; 1245; INTERNAL; 3; 10; 7; 1238
INTERNAL; 6; 14; 8; 3393; INTERNAL; 4; 13; 9; 1566
INTERNAL; 6; 14; 8; 3393; INTERNAL; 5; 13; 8; 3572
INTERNAL; 5; 13; 8; 3572; INTERNAL; 2; 11; 9; 1244
INTERNAL; 5; 13; 8; 3572; INTERNAL; 2; 9; 7; 1283
INTERNAL; 5; 13; 8; 3572; INTERNAL; 3; 12; 9; 1685
INTERNAL; 5; 13; 8; 3572; INTERNAL; 4; 12; 8; 1243
INTERNAL; 4; 12; 8; 1243; INTERNAL; 2; 10; 8; 1241
INTERNAL; 4; 12; 8; 1243; INTERNAL; 3; 10; 7; 1741
INTERNAL; 11; 15; 4; 3582; INTERNAL; 9; 14; 5; 1393
INTERNAL; 9; 14; 5; 1393; INTERNAL; 4; 13; 9; 3884
INTERNAL; 4; 13; 9; 3884; INTERNAL; 2; 10; 8; 5692
INTERNAL; 4; 13; 9; 3884; INTERNAL; 3; 12; 9; 4013
INTERNAL; 4; 13; 9; 3884; INTERNAL; 3; 12; 9; 1299
INTERNAL; 3; 12; 9; 1299; INTERNAL; 2; 10; 8; 8005
INTERNAL; 2; 10; 8; 8005; INPUT; 1; 9; 8; 1364
INTERNAL; 2; 10; 8; 8005; INPUT; 1; 9; 8; 1366
INTERNAL; 2; 10; 8; 8005; INPUT; 1; 9; 8; 1365
INTERNAL; 2; 10; 8; 8005; INPUT; 1; 9; 8; 1367
INTERNAL; 4; 13; 9; 3884; INTERNAL; 3; 12; 9; 3245
INTERNAL; 3; 12; 9; 3245; INTERNAL; 2; 9; 7; 7482
INTERNAL; 9; 14; 5; 1393; INTERNAL; 6; 13; 7; 7967
INTERNAL; 6; 13; 7; 7967; INTERNAL; 3; 11; 8; 1246
INTERNAL; 6; 13; 7; 7967; INTERNAL; 4; 12; 8; 1248
INTERNAL; 6; 13; 7; 7967; INTERNAL; 2; 9; 7; 6534
INTERNAL; 6; 13; 7; 7967; INTERNAL; 3; 12; 9; 5524
INTERNAL; 6; 13; 7; 7967; INTERNAL; 2; 10; 8; 7747
INTERNAL; 6; 13; 7; 7967; INTERNAL; 5; 12; 7; 6328
INTERNAL; 5; 12; 7; 6328; INTERNAL; 4; 11; 7; 3824
INTERNAL; 9; 14; 5; 1393; INTERNAL; 8; 13; 5; 3664
INTERNAL; 8; 13; 5; 3664; INTERNAL; 7; 12; 5; 1298
INTERNAL; 7; 12; 5; 1298; INTERNAL; 5; 11; 6; 1294
INTERNAL; 5; 11; 6; 1294; INTERNAL; 3; 10; 7; 6343
INTERNAL; 3; 10; 7; 6343; INTERNAL; 2; 9; 7; 4137
INTERNAL; 5; 11; 6; 1294; INTERNAL; 4; 10; 6; 7352
INTERNAL; 4; 10; 6; 7352; INTERNAL; 3; 9; 6; 4753
INTERNAL; 3; 9; 6; 4753; INTERNAL; 2; 8; 6; 4206
INTERNAL; 5; 11; 6; 1294; INTERNAL; 4; 10; 6; 3955
INTERNAL; 4; 10; 6; 3955; INTERNAL; 3; 9; 6; 1284
INTERNAL; 5; 11; 6; 1294; INTERNAL; 2; 9; 7; 1287
INTERNAL; 2; 9; 7; 1287; INPUT; 1; 8; 7; 1282
INTERNAL; 2; 9; 7; 1287; INPUT; 1; 8; 7; 7974
INTERNAL; 2; 9; 7; 1287; INPUT; 1; 8; 7; 6107
INTERNAL; 5; 11; 6; 1294; INTERNAL; 4; 10; 6; 1341
INTERNAL; 4; 10; 6; 1341; INTERNAL; 2; 9; 7; 1285
INTERNAL; 7; 12; 5; 1298; INTERNAL; 5; 11; 6; 1293
INTERNAL; 5; 11; 6; 1293; INTERNAL; 4; 10; 6; 1281
INTERNAL; 4; 10; 6; 1281; INTERNAL; 3; 9; 6; 1279
INTERNAL; 5; 11; 6; 1293; INTERNAL; 4; 10; 6; 3530
INTERNAL; 4; 10; 6; 3530; INTERNAL; 3; 9; 6; 1278
INTERNAL; 4; 10; 6; 3530; INTERNAL; 3; 9; 6; 1570
INTERNAL; 7; 12; 5; 1298; INTERNAL; 6; 11; 5; 1295
INTERNAL; 6; 11; 5; 1295; INTERNAL; 4; 10; 6; 7045
INTERNAL; 6; 11; 5; 1295; INTERNAL; 5; 10; 5; 1290
INTERNAL; 5; 10; 5; 1290; INTERNAL; 4; 9; 5; 1289
INTERNAL; 5; 10; 5; 1290; INTERNAL; 4; 9; 5; 2631
INTERNAL; 5; 10; 5; 1290; INTERNAL; 4; 9; 5; 1288
INTERNAL; 4; 9; 5; 1288; INTERNAL; 3; 8; 5; 6532
INTERNAL; 6; 11; 5; 1295; INTERNAL; 2; 10; 8; 2146
INTERNAL; 8; 13; 5; 3664; INTERNAL; 7; 12; 5; 1297
INTERNAL; 7; 12; 5; 1297; INTERNAL; 6; 11; 5; 1277
INTERNAL; 6; 11; 5; 1277; INTERNAL; 5; 10; 5; 1275
INTERNAL; 5; 10; 5; 1275; INTERNAL; 4; 9; 5; 2941
INTERNAL; 4; 9; 5; 2941; INTERNAL; 2; 8; 6; 1271
INTERNAL; 5; 10; 5; 1275; INTERNAL; 3; 9; 6; 1274
INTERNAL; 5; 10; 5; 1275; INTERNAL; 4; 9; 5; 1272
INTERNAL; 4; 9; 5; 1272; INTERNAL; 3; 8; 5; 4807
INTERNAL; 4; 9; 5; 1272; INTERNAL; 2; 8; 6; 1269
INTERNAL; 6; 11; 5; 1277; INTERNAL; 2; 10; 8; 1276
INTERNAL; 7; 12; 5; 1297; INTERNAL; 6; 11; 5; 2712
INTERNAL; 6; 11; 5; 2712; INTERNAL; 4; 10; 6; 1268
INTERNAL; 4; 10; 6; 1268; INTERNAL; 2; 9; 7; 1262
INTERNAL; 2; 9; 7; 1262; INPUT; 1; 8; 7; 1260
INTERNAL; 4; 10; 6; 1268; INTERNAL; 3; 9; 6; 5411
INTERNAL; 3; 9; 6; 5411; INTERNAL; 2; 8; 6; 1261
INTERNAL; 6; 11; 5; 2712; INTERNAL; 5; 10; 5; 6185
INTERNAL; 5; 10; 5; 6185; INTERNAL; 3; 9; 6; 1264
INTERNAL; 5; 10; 5; 6185; INTERNAL; 3; 9; 6; 1266
INTERNAL; 5; 10; 5; 6185; INTERNAL; 4; 9; 5; 1267
INTERNAL; 7; 12; 5; 1297; INTERNAL; 5; 11; 6; 4278
INTERNAL; 5; 11; 6; 4278; INTERNAL; 4; 10; 6; 1258
INTERNAL; 4; 10; 6; 1258; INTERNAL; 3; 9; 6; 4763
INTERNAL; 4; 10; 6; 1258; INTERNAL; 3; 9; 6; 1257
INTERNAL; 3; 9; 6; 1257; INTERNAL; 2; 8; 6; 1413
INTERNAL; 5; 11; 6; 4278; INTERNAL; 4; 10; 6; 1259
INTERNAL; 5; 11; 6; 4278; INTERNAL; 3; 10; 7; 5598
INTERNAL; 11; 15; 4; 3582; INTERNAL; 10; 14; 4; 7182
INTERNAL; 10; 14; 4; 7182; INTERNAL; 9; 13; 4; 1392
INTERNAL; 9; 13; 4; 1392; INTERNAL; 8; 12; 4; 7340
INTERNAL; 8; 12; 4; 7340; INTERNAL; 6; 11; 5; 6211
INTERNAL; 6; 11; 5; 6211; INTERNAL; 4; 10; 6; 1378
INTERNAL; 4; 10; 6; 1378; INPUT; 1; 9; 8; 6360
INTERNAL; 6; 11; 5; 6211; INTERNAL; 3; 10; 7; 1379
INTERNAL; 6; 11; 5; 6211; INTERNAL; 5; 10; 5; 6324
INTERNAL; 5; 10; 5; 6324; INTERNAL; 3; 9; 6; 1376
INTERNAL; 5; 10; 5; 6324; INTERNAL; 4; 9; 5; 1377
INTERNAL; 4; 9; 5; 1377; INTERNAL; 3; 8; 5; 1375
INTERNAL; 3; 8; 5; 1375; INTERNAL; 2; 7; 5; 1374
INTERNAL; 4; 9; 5; 1377; INTERNAL; 3; 8; 5; 4758
INTERNAL; 8; 12; 4; 7340; INTERNAL; 5; 11; 6; 1978
INTERNAL; 5; 11; 6; 1978; INTERNAL; 3; 10; 7; 7476
INTERNAL; 5; 11; 6; 1978; INTERNAL; 4; 10; 6; 4834
INTERNAL; 4; 10; 6; 4834; INTERNAL; 3; 9; 6; 6250
INTERNAL; 5; 11; 6; 1978; INTERNAL; 3; 10; 7; 2943
INTERNAL; 3; 10; 7; 2943; INPUT; 1; 9; 8; 3705
INTERNAL; 3; 10; 7; 2943; INPUT; 1; 9; 8; 1866
INTERNAL; 3; 10; 7; 2943; INPUT; 1; 9; 8; 1368
INTERNAL; 8; 12; 4; 7340; INTERNAL; 7; 11; 4; 1389
INTERNAL; 7; 11; 4; 1389; INTERNAL; 6; 10; 4; 7768
INTERNAL; 6; 10; 4; 7768; INTERNAL; 5; 9; 4; 7447
INTERNAL; 5; 9; 4; 7447; INTERNAL; 4; 8; 4; 1384
INTERNAL; 4; 8; 4; 1384; INPUT; 1; 7; 6; 5764
INTERNAL; 4; 8; 4; 1384; INTERNAL; 3; 7; 4; 2065
INTERNAL; 4; 8; 4; 1384; INPUT; 1; 7; 6; 1381
INTERNAL; 4; 8; 4; 1384; INPUT; 1; 7; 6; 5751
INTERNAL; 4; 8; 4; 1384; INPUT; 1; 7; 6; 1383
INTERNAL; 6; 10; 4; 7768; INTERNAL; 4; 9; 5; 1387
INTERNAL; 6; 10; 4; 7768; INTERNAL; 2; 9; 7; 6007
INTERNAL; 6; 10; 4; 7768; INTERNAL; 2; 9; 7; 1386
INTERNAL; 7; 11; 4; 1389; INTERNAL; 4; 10; 6; 3114
INTERNAL; 4; 10; 6; 3114; INTERNAL; 2; 9; 7; 5922
INTERNAL; 7; 11; 4; 1389; INTERNAL; 3; 10; 7; 1388
INTERNAL; 9; 13; 4; 1392; INTERNAL; 5; 12; 7; 1391
INTERNAL; 5; 12; 7; 1391; INTERNAL; 2; 11; 9; 1363
INTERNAL; 5; 12; 7; 1391; INTERNAL; 4; 11; 7; 6394
INTERNAL; 4; 11; 7; 6394; INTERNAL; 3; 10; 7; 2071
INTERNAL; 5; 12; 7; 1391; INTERNAL; 4; 11; 7; 3957
INTERNAL; 4; 11; 7; 3957; INTERNAL; 3; 10; 7; 2530
INTERNAL; 4; 11; 7; 3957; INTERNAL; 3; 10; 7; 1362
INTERNAL; 9; 13; 4; 1392; INTERNAL; 4; 12; 8; 1390
INTERNAL; 10; 14; 4; 7182; INTERNAL; 9; 13; 4; 7556
INTERNAL; 9; 13; 4; 7556; INTERNAL; 7; 12; 5; 1359
INTERNAL; 7; 12; 5; 1359; INTERNAL; 5; 11; 6; 7186
INTERNAL; 5; 11; 6; 7186; INTERNAL; 4; 10; 6; 2134
INTERNAL; 4; 10; 6; 2134; INTERNAL; 3; 9; 6; 3553
INTERNAL; 3; 9; 6; 3553; INTERNAL; 2; 8; 6; 1316
INTERNAL; 5; 11; 6; 7186; INTERNAL; 4; 10; 6; 1322
INTERNAL; 4; 10; 6; 1322; INTERNAL; 2; 9; 7; 4053
INTERNAL; 4; 10; 6; 1322; INTERNAL; 3; 9; 6; 1320
INTERNAL; 3; 9; 6; 1320; INTERNAL; 2; 8; 6; 4970
INTERNAL; 3; 9; 6; 1320; INTERNAL; 2; 8; 6; 1318
INTERNAL; 5; 11; 6; 7186; INTERNAL; 3; 10; 7; 8192
INTERNAL; 3; 10; 7; 8192; INTERNAL; 2; 9; 7; 1314
INTERNAL; 7; 12; 5; 1359; INTERNAL; 5; 11; 6; 1332
INTERNAL; 5; 11; 6; 1332; INTERNAL; 3; 10; 7; 3149
INTERNAL; 3; 10; 7; 3149; INTERNAL; 2; 9; 7; 4576
INTERNAL; 3; 10; 7; 3149; INTERNAL; 2; 9; 7; 3740
INTERNAL; 3; 10; 7; 3149; INTERNAL; 2; 9; 7; 1423
INTERNAL; 5; 11; 6; 1332; INTERNAL; 3; 10; 7; 1313
INTERNAL; 3; 10; 7; 1313; INTERNAL; 2; 9; 7; 1300
INTERNAL; 5; 11; 6; 1332; INTERNAL; 4; 10; 6; 1310
INTERNAL; 4; 10; 6; 1310; INTERNAL; 3; 9; 6; 7710
INTERNAL; 4; 10; 6; 1310; INTERNAL; 3; 9; 6; 1307
INTERNAL; 3; 9; 6; 1307; INTERNAL; 2; 8; 6; 1306
INTERNAL; 4; 10; 6; 1310; INTERNAL; 2; 9; 7; 5908
INTERNAL; 5; 11; 6; 1332; INTERNAL; 4; 10; 6; 1312
INTERNAL; 4; 10; 6; 1312; INTERNAL; 2; 9; 7; 7837
INTERNAL; 2; 9; 7; 7837; INPUT; 1; 8; 7; 1302
INTERNAL; 4; 10; 6; 1312; INTERNAL; 2; 9; 7; 1303
INTERNAL; 4; 10; 6; 1312; INTERNAL; 2; 8; 6; 1305
INTERNAL; 2; 8; 6; 1305; INPUT; 1; 7; 6; 1339
INTERNAL; 2; 8; 6; 1305; INPUT; 1; 7; 6; 1340
INTERNAL; 5; 11; 6; 1332; INTERNAL; 2; 10; 8; 1309
INTERNAL; 7; 12; 5; 1359; INTERNAL; 6; 11; 5; 6006
INTERNAL; 6; 11; 5; 6006; INTERNAL; 4; 10; 6; 3473
INTERNAL; 4; 10; 6; 3473; INTERNAL; 2; 9; 7; 4130
INTERNAL; 4; 10; 6; 3473; INTERNAL; 3; 9; 6; 1323
INTERNAL; 6; 11; 5; 6006; INTERNAL; 2; 10; 8; 1331
INTERNAL; 6; 11; 5; 6006; INTERNAL; 5; 10; 5; 1329
INTERNAL; 5; 10; 5; 1329; INTERNAL; 3; 9; 6; 3403
INTERNAL; 5; 10; 5; 1329; INTERNAL; 4; 9; 5; 1784
INTERNAL; 5; 10; 5; 1329; INTERNAL; 3; 9; 6; 1326
INTERNAL; 3; 9; 6; 1326; INTERNAL; 2; 8; 6; 1324
INTERNAL; 6; 11; 5; 6006; INTERNAL; 3; 10; 7; 1328
INTERNAL; 9; 13; 4; 7556; INTERNAL; 8; 12; 4; 1360
INTERNAL; 8; 12; 4; 1360; INTERNAL; 7; 11; 4; 1358
INTERNAL; 7; 11; 4; 1358; INTERNAL; 4; 10; 6; 1356
INTERNAL; 4; 10; 6; 1356; INTERNAL; 2; 9; 7; 1351
INTERNAL; 7; 11; 4; 1358; INTERNAL; 3; 10; 7; 5114
INTERNAL; 7; 11; 4; 1358; INTERNAL; 6; 10; 4; 6539
INTERNAL; 6; 10; 4; 6539; INTERNAL; 4; 9; 5; 1355
INTERNAL; 6; 10; 4; 6539; INTERNAL; 4; 9; 5; 1354
INTERNAL; 6; 10; 4; 6539; INTERNAL; 5; 9; 4; 1353
INTERNAL; 5; 9; 4; 1353; INTERNAL; 4; 8; 4; 1352
INTERNAL; 5; 9; 4; 1353; INTERNAL; 2; 8; 6; 1503
INTERNAL; 8; 12; 4; 1360; INTERNAL; 6; 11; 5; 1357
INTERNAL; 6; 11; 5; 1357; INTERNAL; 5; 10; 5; 2140
INTERNAL; 5; 10; 5; 2140; INTERNAL; 3; 9; 6; 1350
INTERNAL; 3; 9; 6; 1350; INTERNAL; 2; 8; 6; 1342
INTERNAL; 5; 10; 5; 2140; INTERNAL; 2; 9; 7; 1348
INTERNAL; 2; 9; 7; 1348; INPUT; 1; 8; 7; 1337
INTERNAL; 5; 10; 5; 2140; INTERNAL; 2; 9; 7; 6099
INTERNAL; 5; 10; 5; 2140; INTERNAL; 4; 9; 5; 6170
INTERNAL; 4; 9; 5; 6170; INTERNAL; 2; 8; 6; 1346
INTERNAL; 4; 9; 5; 6170; INTERNAL; 2; 8; 6; 1344
INTERNAL; 6; 11; 5; 1357; INTERNAL; 2; 10; 8; 4973
INTERNAL; 6; 11; 5; 1357; INTERNAL; 5; 10; 5; 6697
INTERNAL; 5; 10; 5; 6697; INTERNAL; 3; 9; 6; 1336
INTERNAL; 5; 10; 5; 6697; INTERNAL; 4; 9; 5; 1334
INTERNAL; 4; 9; 5; 1334; INTERNAL; 2; 8; 6; 4546
INTERNAL; 4; 9; 5; 1334; INTERNAL; 2; 8; 6; 4497
INTERNAL; 13; 18; 5; 8068; INTERNAL; 12; 17; 5; 1138
INTERNAL; 12; 17; 5; 1138; INTERNAL; 11; 16; 5; 1134
INTERNAL; 12; 17; 5; 1138; INTERNAL; 10; 16; 6; 3723
INTERNAL; 10; 16; 6; 3723; INTERNAL; 9; 15; 6; 7442
INTERNAL; 10; 16; 6; 3723; INTERNAL; 9; 15; 6; 2356
INTERNAL; 9; 15; 6; 2356; INTERNAL; 4; 14; 10; 1086
INTERNAL; 4; 14; 10; 1086; INTERNAL; 3; 13; 10; 7704
INTERNAL; 4; 14; 10; 1086; INTERNAL; 3; 13; 10; 2227
INTERNAL; 9; 15; 6; 2356; INTERNAL; 8; 14; 6; 6642
INTERNAL; 9; 15; 6; 2356; INTERNAL; 8; 14; 6; 2366
INTERNAL; 8; 14; 6; 2366; INTERNAL; 6; 13; 7; 1085
INTERNAL; 6; 13; 7; 1085; INTERNAL; 4; 12; 8; 3477
INTERNAL; 6; 13; 7; 1085; INTERNAL; 5; 12; 7; 1082
INTERNAL; 5; 12; 7; 1082; INTERNAL; 4; 11; 7; 1077
INTERNAL; 5; 12; 7; 1082; INTERNAL; 3; 11; 8; 1078
INTERNAL; 6; 13; 7; 1085; INTERNAL; 5; 12; 7; 1084
INTERNAL; 5; 12; 7; 1084; INTERNAL; 4; 11; 7; 7565
INTERNAL; 5; 12; 7; 1084; INTERNAL; 4; 11; 7; 1079
INTERNAL; 5; 12; 7; 1084; INTERNAL; 3; 11; 8; 1081
INTERNAL; 8; 14; 6; 2366; INTERNAL; 7; 13; 6; 4285
INTERNAL; 8; 14; 6; 2366; INTERNAL; 7; 13; 6; 5799
INTERNAL; 10; 16; 6; 3723; INTERNAL; 9; 15; 6; 1087
INTERNAL; 12; 17; 5; 1138; INTERNAL; 11; 16; 5; 3453
INTERNAL; 11; 16; 5; 3453; INTERNAL; 10; 15; 5; 1131
INTERNAL; 11; 16; 5; 3453; INTERNAL; 10; 15; 5; 1133
INTERNAL; 10; 15; 5; 1133; INTERNAL; 9; 14; 5; 1128
INTERNAL; 9; 14; 5; 1128; INTERNAL; 7; 13; 6; 1120
INTERNAL; 7; 13; 6; 1120; INTERNAL; 4; 12; 8; 2612
INTERNAL; 4; 12; 8; 2612; INTERNAL; 3; 11; 8; 6417
INTERNAL; 3; 11; 8; 6417; INTERNAL; 2; 10; 8; 1113
INTERNAL; 3; 11; 8; 6417; INPUT; 1; 10; 9; 6913
INTERNAL; 3; 11; 8; 6417; INPUT; 1; 10; 9; 3423
INTERNAL; 3; 11; 8; 6417; INPUT; 1; 10; 9; 1114
INTERNAL; 3; 11; 8; 6417; INTERNAL; 2; 10; 8; 1347
INTERNAL; 3; 11; 8; 6417; INPUT; 1; 10; 9; 1112
INTERNAL; 4; 12; 8; 2612; INTERNAL; 2; 11; 9; 7295
INTERNAL; 4; 12; 8; 2612; INTERNAL; 2; 11; 9; 1146
INTERNAL; 7; 13; 6; 1120; INTERNAL; 6; 12; 6; 1656
INTERNAL; 6; 12; 6; 1656; INTERNAL; 5; 11; 6; 4250
INTERNAL; 5; 11; 6; 4250; INTERNAL; 4; 10; 6; 1115
INTERNAL; 6; 12; 6; 1656; INTERNAL; 4; 11; 7; 3426
INTERNAL; 6; 12; 6; 1656; INTERNAL; 3; 11; 8; 4105
INTERNAL; 7; 13; 6; 1120; INTERNAL; 6; 12; 6; 7538
INTERNAL; 6; 12; 6; 7538; INTERNAL; 5; 11; 6; 1118
INTERNAL; 5; 11; 6; 1118; INTERNAL; 4; 10; 6; 1117
INTERNAL; 4; 10; 6; 1117; INTERNAL; 3; 9; 6; 1116
INTERNAL; 6; 12; 6; 7538; INTERNAL; 3; 11; 8; 1349
INTERNAL; 9; 14; 5; 1128; INTERNAL; 7; 13; 6; 1119
INTERNAL; 7; 13; 6; 1119; INTERNAL; 6; 12; 6; 1111
INTERNAL; 6; 12; 6; 1111; INTERNAL; 5; 11; 6; 6240
INTERNAL; 5; 11; 6; 6240; INTERNAL; 4; 10; 6; 8225
INTERNAL; 6; 12; 6; 1111; INTERNAL; 4; 11; 7; 7077
INTERNAL; 4; 11; 7; 7077; INTERNAL; 3; 10; 7; 1107
INTERNAL; 3; 10; 7; 1107; INTERNAL; 2; 9; 7; 1144
INTERNAL; 3; 10; 7; 1107; INTERNAL; 2; 9; 7; 2978
INTERNAL; 4; 11; 7; 7077; INTERNAL; 2; 10; 8; 1142
INTERNAL; 6; 12; 6; 1111; INTERNAL; 4; 11; 7; 2619
INTERNAL; 4; 11; 7; 2619; INTERNAL; 2; 10; 8; 1106
INTERNAL; 7; 13; 6; 1119; INTERNAL; 5; 12; 7; 1109
INTERNAL; 5; 12; 7; 1109; INTERNAL; 4; 11; 7; 1701
INTERNAL; 4; 11; 7; 1701; INTERNAL; 2; 10; 8; 1104
INTERNAL; 5; 12; 7; 1109; INTERNAL; 3; 11; 8; 1105
INTERNAL; 5; 12; 7; 1109; INTERNAL; 4; 11; 7; 2107
INTERNAL; 9; 14; 5; 1128; INTERNAL; 8; 13; 5; 6712
INTERNAL; 10; 15; 5; 1133; INTERNAL; 9; 14; 5; 1129
INTERNAL; 10; 15; 5; 1133; INTERNAL; 9; 14; 5; 1130
INTERNAL; 9; 14; 5; 1130; INTERNAL; 7; 13; 6; 6411
INTERNAL; 9; 14; 5; 1130; INTERNAL; 6; 13; 7; 1126
INTERNAL; 6; 13; 7; 1126; INTERNAL; 4; 12; 8; 1947
INTERNAL; 4; 12; 8; 1947; INTERNAL; 3; 11; 8; 1121
INTERNAL; 6; 13; 7; 1126; INTERNAL; 5; 12; 7; 1574
INTERNAL; 5; 12; 7; 1574; INTERNAL; 4; 11; 7; 1125
INTERNAL; 4; 11; 7; 1125; INTERNAL; 3; 10; 7; 4362
INTERNAL; 6; 13; 7; 1126; INTERNAL; 4; 12; 8; 2003
INTERNAL; 4; 12; 8; 2003; INTERNAL; 3; 11; 8; 1123
INTERNAL; 4; 12; 8; 2003; INTERNAL; 2; 11; 9; 1148
INTERNAL; 4; 12; 8; 2003; INTERNAL; 2; 11; 9; 1124
INTERNAL; 4; 12; 8; 2003; INTERNAL; 2; 11; 9; 1149
INTERNAL; 9; 14; 5; 1130; INTERNAL; 8; 13; 5; 1127
INTERNAL; 11; 16; 5; 3453; INTERNAL; 10; 15; 5; 1132
INTERNAL; 10; 15; 5; 1132; INTERNAL; 8; 14; 6; 1102
INTERNAL; 8; 14; 6; 1102; INTERNAL; 7; 13; 6; 1101
INTERNAL; 7; 13; 6; 1101; INTERNAL; 6; 12; 6; 1099
INTERNAL; 6; 12; 6; 1099; INTERNAL; 3; 11; 8; 1097
INTERNAL; 6; 12; 6; 1099; INTERNAL; 3; 11; 8; 7030
INTERNAL; 7; 13; 6; 1101; INTERNAL; 6; 12; 6; 1098
INTERNAL; 6; 12; 6; 1098; INTERNAL; 4; 11; 7; 2688
INTERNAL; 6; 12; 6; 1098; INTERNAL; 5; 11; 6; 5828
INTERNAL; 5; 11; 6; 5828; INTERNAL; 4; 10; 6; 4799
INTERNAL; 7; 13; 6; 1101; INTERNAL; 4; 12; 8; 6978
INTERNAL; 8; 14; 6; 1102; INTERNAL; 7; 13; 6; 2143
INTERNAL; 8; 14; 6; 1102; INTERNAL; 6; 13; 7; 7651
INTERNAL; 6; 13; 7; 7651; INTERNAL; 5; 12; 7; 1096
INTERNAL; 5; 12; 7; 1096; INTERNAL; 2; 11; 9; 5857
INTERNAL; 5; 12; 7; 1096; INTERNAL; 4; 11; 7; 1094
INTERNAL; 6; 13; 7; 7651; INTERNAL; 5; 12; 7; 3101
INTERNAL; 5; 12; 7; 3101; INTERNAL; 4; 11; 7; 1092
INTERNAL; 4; 11; 7; 1092; INTERNAL; 3; 10; 7; 1091
INTERNAL; 5; 12; 7; 3101; INTERNAL; 4; 11; 7; 1093
INTERNAL; 6; 13; 7; 7651; INTERNAL; 4; 12; 8; 1095
INTERNAL; 4; 12; 8; 1095; INTERNAL; 2; 11; 9; 1088
INTERNAL; 4; 12; 8; 1095; INTERNAL; 3; 11; 8; 1089
INTERNAL; 10; 15; 5; 1132; INTERNAL; 8; 14; 6; 1202
INTERNAL; 10; 15; 5; 1132; INTERNAL; 9; 14; 5; 2123
INTERNAL; 14; 19; 5; 1405; INTERNAL; 13; 18; 5; 1076
INTERNAL; 13; 18; 5; 1076; INTERNAL; 12; 17; 5; 7414
INTERNAL; 13; 18; 5; 1076; INTERNAL; 10; 17; 7; 1075
INTERNAL; 13; 18; 5; 1076; INTERNAL; 12; 17; 5; 4297
INTERNAL; 12; 17; 5; 4297; INTERNAL; 11; 16; 5; 6086
INTERNAL; 12; 17; 5; 4297; INTERNAL; 11; 16; 5; 1073
INTERNAL; 11; 16; 5; 1073; INTERNAL; 10; 15; 5; 1072
INTERNAL; 10; 15; 5; 1072; INTERNAL; 7; 14; 7; 1068
INTERNAL; 10; 15; 5; 1072; INTERNAL; 9; 14; 5; 1308
INTERNAL; 10; 15; 5; 1072; INTERNAL; 8; 14; 6; 1069
INTERNAL; 11; 16; 5; 1073; INTERNAL; 10; 15; 5; 4243
INTERNAL; 11; 16; 5; 1073; INTERNAL; 10; 15; 5; 1070
INTERNAL; 10; 15; 5; 1070; INTERNAL; 8; 14; 6; 1067
INTERNAL; 8; 14; 6; 1067; INTERNAL; 5; 13; 8; 1065
INTERNAL; 5; 13; 8; 1065; INTERNAL; 4; 12; 8; 1057
INTERNAL; 8; 14; 6; 1067; INTERNAL; 6; 13; 7; 1066
INTERNAL; 6; 13; 7; 1066; INTERNAL; 5; 12; 7; 1064
INTERNAL; 5; 12; 7; 1064; INTERNAL; 4; 11; 7; 4479
INTERNAL; 5; 12; 7; 1064; INTERNAL; 3; 11; 8; 5678
INTERNAL; 5; 12; 7; 1064; INTERNAL; 4; 11; 7; 3061
INTERNAL; 5; 12; 7; 1064; INTERNAL; 3; 11; 8; 1059
INTERNAL; 6; 13; 7; 1066; INTERNAL; 4; 12; 8; 1061
INTERNAL; 4; 12; 8; 1061; INTERNAL; 3; 11; 8; 1058
INTERNAL; 8; 14; 6; 1067; INTERNAL; 7; 13; 6; 7265
INTERNAL; 10; 15; 5; 1070; INTERNAL; 9; 14; 5; 4608
INTERNAL; 10; 15; 5; 1070; INTERNAL; 8; 14; 6; 1140
INTERNAL; 8; 14; 6; 1140; INTERNAL; 7; 13; 6; 1840
INTERNAL; 8; 14; 6; 1140; INTERNAL; 6; 13; 7; 5650
INTERNAL; 12; 17; 5; 4297; INTERNAL; 11; 16; 5; 6455
INTERNAL; 11; 16; 5; 6455; INTERNAL; 9; 15; 6; 1056
INTERNAL; 11; 16; 5; 6455; INTERNAL; 10; 15; 5; 2804
INTERNAL; 11; 16; 5; 6455; INTERNAL; 9; 15; 6; 1055
INTERNAL; 9; 15; 6; 1055; INTERNAL; 8; 14; 6; 1053
INTERNAL; 9; 15; 6; 1055; INTERNAL; 7; 14; 7; 7764
INTERNAL; 7; 14; 7; 7764; INTERNAL; 6; 13; 7; 3631
INTERNAL; 7; 14; 7; 7764; INTERNAL; 6; 13; 7; 3333
INTERNAL; 16; 20; 4; 5296; INTERNAL; 15; 19; 4; 1404
INTERNAL; 15; 19; 4; 1404; INTERNAL; 14; 18; 4; 1402
INTERNAL; 14; 18; 4; 1402; INTERNAL; 13; 17; 4; 1399
INTERNAL; 13; 17; 4; 1399; INTERNAL; 5; 16; 11; 2916
INTERNAL; 5; 16; 11; 2916; INTERNAL; 3; 15; 12; 2256
INTERNAL; 5; 16; 11; 2916; INTERNAL; 4; 15; 11; 1161
INTERNAL; 4; 15; 11; 1161; INTERNAL; 3; 14; 11; 4538
INTERNAL; 4; 15; 11; 1161; INTERNAL; 3; 14; 11; 5832
INTERNAL; 4; 15; 11; 1161; INTERNAL; 3; 14; 11; 1160
INTERNAL; 4; 15; 11; 1161; INTERNAL; 3; 14; 11; 2092
INTERNAL; 5; 16; 11; 2916; INTERNAL; 3; 15; 12; 1162
INTERNAL; 3; 15; 12; 1162; INTERNAL; 2; 14; 12; 4283
INTERNAL; 3; 15; 12; 1162; INTERNAL; 2; 14; 12; 1155
INTERNAL; 13; 17; 4; 1399; INTERNAL; 12; 16; 4; 1598
INTERNAL; 13; 17; 4; 1399; INTERNAL; 5; 16; 11; 7064
INTERNAL; 5; 16; 11; 7064; INTERNAL; 4; 15; 11; 1755
INTERNAL; 4; 15; 11; 1755; INTERNAL; 3; 14; 11; 1151
INTERNAL; 3; 14; 11; 1151; INTERNAL; 2; 13; 11; 1150
INTERNAL; 5; 16; 11; 7064; INTERNAL; 4; 15; 11; 1153
INTERNAL; 4; 15; 11; 1153; INTERNAL; 3; 14; 11; 1479
INTERNAL; 3; 14; 11; 1479; INTERNAL; 2; 13; 11; 8132
INTERNAL; 5; 16; 11; 7064; INTERNAL; 3; 15; 12; 1152
INTERNAL; 14; 18; 4; 1402; INTERNAL; 5; 17; 12; 1397
INTERNAL; 5; 17; 12; 1397; INTERNAL; 4; 16; 12; 4477
INTERNAL; 4; 16; 12; 4477; INTERNAL; 2; 15; 13; 1139
INTERNAL; 5; 17; 12; 1397; INTERNAL; 4; 16; 12; 2412
INTERNAL; 4; 16; 12; 2412; INTERNAL; 3; 15; 12; 5821
INTERNAL; 4; 16; 12; 2412; INTERNAL; 3; 15; 12; 6640
INTERNAL; 5; 17; 12; 1397; INTERNAL; 4; 16; 12; 1145
INTERNAL; 14; 18; 4; 1402; INTERNAL; 6; 17; 11; 1398
INTERNAL; 6; 17; 11; 1398; INTERNAL; 5; 16; 11; 4957
INTERNAL; 5; 16; 11; 4957; INTERNAL; 3; 15; 12; 4112
INTERNAL; 5; 16; 11; 4957; INTERNAL; 4; 15; 11; 7558
INTERNAL; 5; 16; 11; 4957; INTERNAL; 3; 15; 12; 1810
INTERNAL; 6; 17; 11; 1398; INTERNAL; 4; 16; 12; 2598
INTERNAL; 15; 19; 4; 1404; INTERNAL; 13; 18; 5; 1400
INTERNAL; 15; 19; 4; 1404; INTERNAL; 13; 18; 5; 1401
INTERNAL; 17; 22; 5; 1041; INTERNAL; 14; 20; 6; 1407
INTERNAL; 17; 22; 5; 1041; INTERNAL; 13; 20; 7; 1408
INTERNAL; 17; 22; 5; 1041; INTERNAL; 13; 20; 7; 1406
INTERNAL; 13; 20; 7; 1406; INTERNAL; 12; 19; 7; 1052
INTERNAL; 13; 20; 7; 1406; INTERNAL; 12; 19; 7; 7836
INTERNAL; 12; 19; 7; 7836; INTERNAL; 11; 18; 7; 4164
INTERNAL; 12; 19; 7; 7836; INTERNAL; 11; 18; 7; 1050
INTERNAL; 11; 18; 7; 1050; INTERNAL; 10; 17; 7; 1047
INTERNAL; 11; 18; 7; 1050; INTERNAL; 9; 17; 8; 2709
INTERNAL; 9; 17; 8; 2709; INTERNAL; 6; 16; 10; 1382
INTERNAL; 9; 17; 8; 2709; INTERNAL; 8; 16; 8; 7294
INTERNAL; 11; 18; 7; 1050; INTERNAL; 8; 17; 9; 7470
INTERNAL; 12; 19; 7; 7836; INTERNAL; 11; 18; 7; 4211
INTERNAL; 11; 18; 7; 4211; INTERNAL; 7; 17; 10; 1048
INTERNAL; 11; 18; 7; 4211; INTERNAL; 9; 17; 8; 1049
INTERNAL; 11; 18; 7; 4211; INTERNAL; 10; 17; 7; 5004
INTERNAL; 13; 20; 7; 1406; INTERNAL; 11; 19; 8; 1051
INTERNAL; 19; 23; 4; 7474; INTERNAL; 18; 22; 4; 1042
INTERNAL; 18; 22; 4; 1042; INTERNAL; 14; 21; 7; 1410
INTERNAL; 14; 21; 7; 1410; INTERNAL; 13; 20; 7; 1467
INTERNAL; 13; 20; 7; 1467; INTERNAL; 11; 19; 8; 1044
INTERNAL; 13; 20; 7; 1467; INTERNAL; 12; 19; 7; 1045
INTERNAL; 12; 19; 7; 1045; INTERNAL; 9; 18; 9; 8140
INTERNAL; 12; 19; 7; 1045; INTERNAL; 11; 18; 7; 1043
INTERNAL; 13; 20; 7; 1467; INTERNAL; 12; 19; 7; 1046
INTERNAL; 14; 21; 7; 1410; INTERNAL; 13; 20; 7; 8195
INTERNAL; 18; 22; 4; 1042; INTERNAL; 17; 21; 4; 1409
INTERNAL; 19; 23; 4; 7474; INTERNAL; 17; 22; 5; 1038
INTERNAL; 17; 22; 5; 1038; INTERNAL; 16; 21; 5; 1039
INTERNAL; 17; 22; 5; 1038; INTERNAL; 16; 21; 5; 1037
INTERNAL; 16; 21; 5; 1037; INTERNAL; 15; 20; 5; 6587
INTERNAL; 16; 21; 5; 1037; INTERNAL; 14; 20; 6; 6238
INTERNAL; 21; 24; 3; 7520; INTERNAL; 19; 23; 4; 1415
INTERNAL; 19; 23; 4; 1415; INTERNAL; 17; 22; 5; 1738
INTERNAL; 21; 24; 3; 7520; INTERNAL; 19; 23; 4; 1416
INTERNAL; 19; 23; 4; 1416; INTERNAL; 18; 22; 4; 2635
INTERNAL; 19; 23; 4; 1416; INTERNAL; 14; 22; 8; 1414
INTERNAL; 19; 23; 4; 1416; INTERNAL; 13; 22; 9; 1412
INTERNAL; 19; 23; 4; 1416; INTERNAL; 12; 22; 10; 1411
INTERNAL; 21; 24; 3; 7520; INTERNAL; 19; 23; 4; 1418
INTERNAL; 25; 25; 0; 4240; INTERNAL; 21; 24; 3; 4099
INTERNAL; 21; 24; 3; 4099; INTERNAL; 19; 23; 4; 4043
INTERNAL; 19; 23; 4; 4043; INTERNAL; 18; 22; 4; 684
INTERNAL; 18; 22; 4; 684; INTERNAL; 16; 21; 5; 683
INTERNAL; 26; 26; 0; 4028; INTERNAL; 21; 25; 4; 4168
INTERNAL; 21; 25; 4; 4168; INTERNAL; 20; 24; 4; 387
INTERNAL; 20; 24; 4; 387; INTERNAL; 19; 23; 4; 132
INTERNAL; 19; 23; 4; 132; INTERNAL; 17; 22; 5; 129
INTERNAL; 27; 27; 0; 4; INTERNAL; 26; 26; 0; 7224
INTERNAL; 26; 26; 0; 7224; INTERNAL; 21; 25; 4; 33
INTERNAL; 21; 25; 4; 33; INTERNAL; 20; 24; 4; 2676
INTERNAL; 20; 24; 4; 2676; INTERNAL; 19; 23; 4; 1301
INTERNAL; 19; 23; 4; 1301; INTERNAL; 17; 22; 5; 32
INTERNAL; 26; 26; 0; 7224; INTERNAL; 22; 24; 2; 1837
INTERNAL; 22; 24; 2; 1837; INTERNAL; 21; 23; 2; 178
INTERNAL; 21; 23; 2; 178; INTERNAL; 19; 22; 3; 3585
INTERNAL; 19; 22; 3; 3585; INTERNAL; 16; 21; 5; 24
INTERNAL; 26; 26; 0; 7224; INTERNAL; 21; 25; 4; 7970
INTERNAL; 21; 25; 4; 7970; INTERNAL; 19; 24; 5; 9
INTERNAL; 19; 24; 5; 9; INTERNAL; 17; 23; 6; 6469
INTERNAL; 21; 25; 4; 7970; INTERNAL; 19; 24; 5; 8
INTERNAL; 19; 24; 5; 8; INTERNAL; 17; 23; 6; 7
INTERNAL; 17; 23; 6; 7; INTERNAL; 16; 22; 6; 6
INTERNAL; 26; 26; 0; 7224; INTERNAL; 21; 24; 3; 25
INTERNAL; 21; 24; 3; 25; INTERNAL; 19; 23; 4; 23
INTERNAL; 19; 23; 4; 23; INTERNAL; 17; 22; 5; 353
INTERNAL; 26; 26; 0; 7224; INTERNAL; 21; 25; 4; 453
INTERNAL; 21; 25; 4; 453; INTERNAL; 20; 24; 4; 3981
INTERNAL; 20; 24; 4; 3981; INTERNAL; 18; 23; 5; 4038
INTERNAL; 26; 26; 0; 7224; INTERNAL; 25; 25; 0; 8198
INTERNAL; 25; 25; 0; 8198; INTERNAL; 21; 24; 3; 79
INTERNAL; 21; 24; 3; 79; INTERNAL; 19; 23; 4; 77
INTERNAL; 19; 23; 4; 77; INTERNAL; 17; 22; 5; 2967
INTERNAL; 25; 25; 0; 8198; INTERNAL; 22; 24; 2; 4003
INTERNAL; 22; 24; 2; 4003; INTERNAL; 21; 23; 2; 8064
INTERNAL; 21; 23; 2; 8064; INTERNAL; 19; 22; 3; 78
INTERNAL; 19; 22; 3; 78; INTERNAL; 16; 21; 5; 428
INTERNAL; 25; 25; 0; 8198; INTERNAL; 22; 24; 2; 55
INTERNAL; 22; 24; 2; 55; INTERNAL; 21; 23; 2; 2579
INTERNAL; 21; 23; 2; 2579; INTERNAL; 19; 22; 3; 54
INTERNAL; 19; 22; 3; 54; INTERNAL; 17; 21; 4; 53
INTERNAL; 25; 25; 0; 8198; INTERNAL; 21; 24; 3; 8224
INTERNAL; 21; 24; 3; 8224; INTERNAL; 19; 23; 4; 52
INTERNAL; 19; 23; 4; 52; INTERNAL; 17; 22; 5; 3049
INTERNAL; 25; 25; 0; 8198; INTERNAL; 24; 24; 0; 10
INTERNAL; 24; 24; 0; 10; INTERNAL; 21; 23; 2; 789
INTERNAL; 21; 23; 2; 789; INTERNAL; 19; 22; 3; 13
INTERNAL; 19; 22; 3; 13; INTERNAL; 17; 21; 4; 5640
INTERNAL; 24; 24; 0; 10; INTERNAL; 23; 23; 0; 8301
INTERNAL; 23; 23; 0; 8301; INTERNAL; 21; 22; 1; 120
INTERNAL; 21; 22; 1; 120; INTERNAL; 19; 21; 2; 116
INTERNAL; 19; 21; 2; 116; INTERNAL; 17; 20; 3; 1273
INTERNAL; 23; 23; 0; 8301; INTERNAL; 21; 22; 1; 2787
INTERNAL; 21; 22; 1; 2787; INTERNAL; 19; 21; 2; 2010
INTERNAL; 19; 21; 2; 2010; INTERNAL; 17; 20; 3; 89
INTERNAL; 23; 23; 0; 8301; INTERNAL; 21; 22; 1; 7273
INTERNAL; 21; 22; 1; 7273; INTERNAL; 19; 21; 2; 91
INTERNAL; 19; 21; 2; 91; INTERNAL; 17; 20; 3; 90
INTERNAL; 23; 23; 0; 8301; INTERNAL; 22; 22; 0; 119
INTERNAL; 22; 22; 0; 119; INTERNAL; 21; 21; 0; 5417
INTERNAL; 21; 21; 0; 5417; INTERNAL; 19; 20; 1; 118
INTERNAL; 19; 20; 1; 118; INTERNAL; 16; 19; 3; 117
INTERNAL; 24; 24; 0; 10; INTERNAL; 21; 23; 2; 3472
INTERNAL; 21; 23; 2; 3472; INTERNAL; 19; 22; 3; 12
INTERNAL; 19; 22; 3; 12; INTERNAL; 17; 21; 4; 613
INTERNAL; 28; 29; 1; 8335; INTERNAL; 25; 27; 2; 6288
INTERNAL; 25; 27; 2; 6288; INTERNAL; 24; 26; 2; 4380
INTERNAL; 24; 26; 2; 4380; INTERNAL; 21; 24; 3; 5453
INTERNAL; 21; 24; 3; 5453; INTERNAL; 20; 23; 3; 36
INTERNAL; 20; 23; 3; 36; INTERNAL; 19; 22; 3; 35
INTERNAL; 19; 22; 3; 35; INTERNAL; 17; 21; 4; 3300
INTERNAL; 24; 26; 2; 4380; INTERNAL; 21; 24; 3; 1019
INTERNAL; 21; 24; 3; 1019; INTERNAL; 20; 23; 3; 34
INTERNAL; 20; 23; 3; 34; INTERNAL; 18; 22; 4; 927
INTERNAL; 24; 26; 2; 4380; INTERNAL; 23; 25; 2; 27
INTERNAL; 23; 25; 2; 27; INTERNAL; 20; 24; 4; 416
INTERNAL; 20; 24; 4; 416; INTERNAL; 19; 23; 4; 22
INTERNAL; 19; 23; 4; 22; INTERNAL; 17; 22; 5; 20
INTERNAL; 17; 22; 5; 20; INTERNAL; 16; 21; 5; 19
INTERNAL; 20; 24; 4; 416; INTERNAL; 19; 23; 4; 21
INTERNAL; 19; 23; 4; 21; INTERNAL; 17; 22; 5; 47
INTERNAL; 23; 25; 2; 27; INTERNAL; 21; 24; 3; 4650
INTERNAL; 21; 24; 3; 4650; INTERNAL; 20; 23; 3; 5190
INTERNAL; 20; 23; 3; 5190; INTERNAL; 19; 22; 3; 6545
INTERNAL; 19; 22; 3; 6545; INTERNAL; 18; 21; 3; 3106
INTERNAL; 18; 21; 3; 3106; INTERNAL; 16; 20; 4; 5181
INTERNAL; 21; 24; 3; 4650; INTERNAL; 20; 23; 3; 106
INTERNAL; 20; 23; 3; 106; INTERNAL; 19; 22; 3; 1641
INTERNAL; 19; 22; 3; 1641; INTERNAL; 17; 21; 4; 5429
INTERNAL; 21; 24; 3; 4650; INTERNAL; 20; 23; 3; 4699
INTERNAL; 20; 23; 3; 4699; INTERNAL; 19; 22; 3; 66
INTERNAL; 19; 22; 3; 66; INTERNAL; 17; 21; 4; 3623
INTERNAL; 21; 24; 3; 4650; INTERNAL; 20; 23; 3; 67
INTERNAL; 20; 23; 3; 67; INTERNAL; 19; 22; 3; 3813
INTERNAL; 19; 22; 3; 3813; INTERNAL; 18; 21; 3; 65
INTERNAL; 18; 21; 3; 65; INTERNAL; 16; 20; 4; 64
INTERNAL; 24; 26; 2; 4380; INTERNAL; 21; 25; 4; 26
INTERNAL; 21; 25; 4; 26; INTERNAL; 20; 24; 4; 1542
INTERNAL; 20; 24; 4; 1542; INTERNAL; 19; 23; 4; 1797
INTERNAL; 19; 23; 4; 1797; INTERNAL; 17; 22; 5; 17
INTERNAL; 21; 25; 4; 26; INTERNAL; 20; 24; 4; 18
INTERNAL; 20; 24; 4; 18; INTERNAL; 19; 23; 4; 6289
INTERNAL; 19; 23; 4; 6289; INTERNAL; 18; 22; 4; 16
INTERNAL; 18; 22; 4; 16; INTERNAL; 16; 21; 5; 15
INTERNAL; 21; 25; 4; 26; INTERNAL; 20; 23; 3; 92
INTERNAL; 20; 23; 3; 92; INTERNAL; 19; 22; 3; 3834
INTERNAL; 19; 22; 3; 3834; INTERNAL; 17; 21; 4; 85
INTERNAL; 21; 25; 4; 26; INTERNAL; 20; 24; 4; 1786
INTERNAL; 20; 24; 4; 1786; INTERNAL; 19; 23; 4; 391
INTERNAL; 19; 23; 4; 391; INTERNAL; 18; 22; 4; 51
INTERNAL; 18; 22; 4; 51; INTERNAL; 16; 21; 5; 592
INTERNAL; 21; 25; 4; 26; INTERNAL; 20; 24; 4; 778
INTERNAL; 20; 24; 4; 778; INTERNAL; 19; 23; 4; 5930
INTERNAL; 19; 23; 4; 5930; INTERNAL; 17; 22; 5; 3579
INTERNAL; 21; 25; 4; 26; INTERNAL; 20; 23; 3; 4548
INTERNAL; 20; 23; 3; 4548; INTERNAL; 19; 22; 3; 1899
INTERNAL; 19; 22; 3; 1899; INTERNAL; 18; 21; 3; 5241
INTERNAL; 18; 21; 3; 5241; INTERNAL; 16; 20; 4; 86
INTERNAL; 25; 27; 2; 6288; INTERNAL; 24; 26; 2; 4927
INTERNAL; 24; 26; 2; 4927; INTERNAL; 23; 25; 2; 2427
INTERNAL; 23; 25; 2; 2427; INTERNAL; 19; 24; 5; 45
INTERNAL; 19; 24; 5; 45; INTERNAL; 18; 23; 5; 1827
INTERNAL; 18; 23; 5; 1827; INTERNAL; 16; 22; 6; 1224
INTERNAL; 16; 22; 6; 1224; INTERNAL; 15; 21; 6; 87
INTERNAL; 23; 25; 2; 2427; INTERNAL; 22; 24; 2; 2975
INTERNAL; 22; 24; 2; 2975; INTERNAL; 20; 23; 3; 124
INTERNAL; 20; 23; 3; 124; INTERNAL; 18; 22; 4; 112
INTERNAL; 18; 22; 4; 112; INTERNAL; 17; 21; 4; 3230
INTERNAL; 17; 21; 4; 3230; INTERNAL; 15; 20; 5; 111
INTERNAL; 22; 24; 2; 2975; INTERNAL; 20; 23; 3; 7262
INTERNAL; 20; 23; 3; 7262; INTERNAL; 18; 22; 4; 110
INTERNAL; 18; 22; 4; 110; INTERNAL; 16; 21; 5; 593
INTERNAL; 23; 25; 2; 2427; INTERNAL; 20; 24; 4; 46
INTERNAL; 20; 24; 4; 46; INTERNAL; 18; 23; 5; 2029
INTERNAL; 18; 23; 5; 2029; INTERNAL; 16; 22; 6; 7697
INTERNAL; 23; 25; 2; 2427; INTERNAL; 20; 24; 4; 14
INTERNAL; 20; 24; 4; 14; INTERNAL; 18; 23; 5; 11
INTERNAL; 18; 23; 5; 11; INTERNAL; 17; 22; 5; 6242
INTERNAL; 20; 24; 4; 14; INTERNAL; 18; 23; 5; 2766
INTERNAL; 18; 23; 5; 2766; INTERNAL; 16; 22; 6; 7551
INTERNAL; 24; 26; 2; 4927; INTERNAL; 21; 24; 3; 6002
INTERNAL; 21; 24; 3; 6002; INTERNAL; 20; 23; 3; 40
INTERNAL; 20; 23; 3; 40; INTERNAL; 19; 22; 3; 39
INTERNAL; 19; 22; 3; 39; INTERNAL; 17; 21; 4; 38
INTERNAL; 24; 26; 2; 4927; INTERNAL; 21; 25; 4; 5038
INTERNAL; 21; 25; 4; 5038; INTERNAL; 20; 24; 4; 68
INTERNAL; 20; 24; 4; 68; INTERNAL; 18; 23; 5; 63
INTERNAL; 18; 23; 5; 63; INTERNAL; 16; 22; 6; 62
INTERNAL; 21; 25; 4; 5038; INTERNAL; 20; 24; 4; 766
INTERNAL; 20; 24; 4; 766; INTERNAL; 18; 23; 5; 61
INTERNAL; 18; 23; 5; 61; INTERNAL; 17; 22; 5; 60
INTERNAL; 17; 22; 5; 60; INTERNAL; 15; 21; 6; 59
INTERNAL; 21; 25; 4; 5038; INTERNAL; 19; 22; 3; 6633
INTERNAL; 19; 22; 3; 6633; INTERNAL; 18; 21; 3; 96
INTERNAL; 18; 21; 3; 96; INTERNAL; 17; 20; 3; 6584
INTERNAL; 17; 20; 3; 6584; INTERNAL; 15; 19; 4; 3905
INTERNAL; 21; 25; 4; 5038; INTERNAL; 19; 22; 3; 98
INTERNAL; 19; 22; 3; 98; INTERNAL; 18; 21; 3; 6514
INTERNAL; 18; 21; 3; 6514; INTERNAL; 16; 20; 4; 97
INTERNAL; 24; 26; 2; 4927; INTERNAL; 21; 24; 3; 6544
INTERNAL; 21; 24; 3; 6544; INTERNAL; 20; 23; 3; 1748
INTERNAL; 20; 23; 3; 1748; INTERNAL; 18; 22; 4; 37
INTERNAL; 28; 29; 1; 8335; INTERNAL; 24; 27; 3; 4258
INTERNAL; 24; 27; 3; 4258; INTERNAL; 21; 25; 4; 101
INTERNAL; 21; 25; 4; 101; INTERNAL; 20; 24; 4; 7844
INTERNAL; 20; 24; 4; 7844; INTERNAL; 19; 23; 4; 5319
INTERNAL; 19; 23; 4; 5319; INTERNAL; 17; 22; 5; 7727
INTERNAL; 24; 27; 3; 4258; INTERNAL; 22; 26; 4; 43
INTERNAL; 22; 26; 4; 43; INTERNAL; 21; 25; 4; 5359
INTERNAL; 21; 25; 4; 5359; INTERNAL; 20; 24; 4; 4620
INTERNAL; 20; 24; 4; 4620; INTERNAL; 18; 23; 5; 44
INTERNAL; 22; 26; 4; 43; INTERNAL; 21; 25; 4; 7399
INTERNAL; 21; 25; 4; 7399; INTERNAL; 20; 24; 4; 750
INTERNAL; 20; 24; 4; 750; INTERNAL; 19; 23; 4; 704
INTERNAL; 19; 23; 4; 704; INTERNAL; 17; 22; 5; 4725
INTERNAL; 24; 27; 3; 4258; INTERNAL; 23; 26; 3; 5089
INTERNAL; 23; 26; 3; 5089; INTERNAL; 22; 25; 3; 41
INTERNAL; 23; 26; 3; 5089; INTERNAL; 21; 25; 4; 3850
INTERNAL; 21; 25; 4; 3850; INTERNAL; 20; 24; 4; 70
INTERNAL; 20; 24; 4; 70; INTERNAL; 18; 23; 5; 69
INTERNAL; 23; 26; 3; 5089; INTERNAL; 21; 25; 4; 2128
INTERNAL; 21; 25; 4; 2128; INTERNAL; 20; 24; 4; 108
INTERNAL; 20; 24; 4; 108; INTERNAL; 18; 23; 5; 107
INTERNAL; 23; 26; 3; 5089; INTERNAL; 21; 25; 4; 3405
INTERNAL; 21; 25; 4; 3405; INTERNAL; 20; 24; 4; 5884
INTERNAL; 20; 24; 4; 5884; INTERNAL; 19; 23; 4; 109
INTERNAL; 19; 23; 4; 109; INTERNAL; 17; 22; 5; 560
INTERNAL; 23; 26; 3; 5089; INTERNAL; 21; 25; 4; 4801
INTERNAL; 21; 25; 4; 4801; INTERNAL; 20; 24; 4; 7859
INTERNAL; 20; 24; 4; 7859; INTERNAL; 19; 23; 4; 71
INTERNAL; 19; 23; 4; 71; INTERNAL; 17; 22; 5; 1684
INTERNAL; 24; 27; 3; 4258; INTERNAL; 21; 26; 5; 42
INTERNAL; 21; 26; 5; 42; INTERNAL; 20; 25; 5; 31
INTERNAL; 20; 25; 5; 31; INTERNAL; 18; 24; 6; 28
INTERNAL; 21; 26; 5; 42; INTERNAL; 20; 25; 5; 30
INTERNAL; 20; 25; 5; 30; INTERNAL; 18; 24; 6; 29
INTERNAL; 18; 24; 6; 29; INTERNAL; 17; 23; 6; 715
INTERNAL; 24; 27; 3; 4258; INTERNAL; 21; 25; 4; 102
INTERNAL; 21; 25; 4; 102; INTERNAL; 20; 24; 4; 82
INTERNAL; 20; 24; 4; 82; INTERNAL; 18; 23; 5; 81
INTERNAL; 28; 29; 1; 8335; INTERNAL; 25; 27; 2; 5454
INTERNAL; 25; 27; 2; 5454; INTERNAL; 20; 23; 3; 6733
INTERNAL; 20; 23; 3; 6733; INTERNAL; 18; 22; 4; 88
INTERNAL; 18; 22; 4; 88; INTERNAL; 17; 21; 4; 3018
INTERNAL; 17; 21; 4; 3018; INTERNAL; 15; 20; 5; 5445
INTERNAL; 25; 27; 2; 5454; INTERNAL; 23; 26; 3; 58
INTERNAL; 23; 26; 3; 58; INTERNAL; 20; 24; 4; 149
INTERNAL; 20; 24; 4; 149; INTERNAL; 18; 23; 5; 74
INTERNAL; 18; 23; 5; 74; INTERNAL; 16; 22; 6; 73
INTERNAL; 23; 26; 3; 58; INTERNAL; 21; 24; 3; 858
INTERNAL; 21; 24; 3; 858; INTERNAL; 20; 23; 3; 76
INTERNAL; 20; 23; 3; 76; INTERNAL; 17; 22; 5; 4676
INTERNAL; 17; 22; 5; 4676; INTERNAL; 15; 21; 6; 75
INTERNAL; 25; 27; 2; 5454; INTERNAL; 20; 23; 3; 7112
INTERNAL; 20; 23; 3; 7112; INTERNAL; 18; 22; 4; 2552
INTERNAL; 18; 22; 4; 2552; INTERNAL; 16; 21; 5; 1799
INTERNAL; 25; 27; 2; 5454; INTERNAL; 24; 26; 2; 57
INTERNAL; 24; 26; 2; 57; INTERNAL; 20; 25; 5; 56
INTERNAL; 20; 25; 5; 56; INTERNAL; 19; 24; 5; 50
INTERNAL; 19; 24; 5; 50; INTERNAL; 17; 23; 6; 3953
INTERNAL; 20; 25; 5; 56; INTERNAL; 19; 24; 5; 49
INTERNAL; 19; 24; 5; 49; INTERNAL; 17; 23; 6; 1604
INTERNAL; 17; 23; 6; 1604; INTERNAL; 16; 22; 6; 48
INTERNAL; 24; 26; 2; 57; INTERNAL; 23; 25; 2; 5593
INTERNAL; 23; 25; 2; 5593; INTERNAL; 21; 24; 3; 123
INTERNAL; 21; 24; 3; 123; INTERNAL; 20; 23; 3; 168
INTERNAL; 20; 23; 3; 168; INTERNAL; 18; 22; 4; 113
INTERNAL; 18; 22; 4; 113; INTERNAL; 16; 21; 5; 244
INTERNAL; 23; 25; 2; 5593; INTERNAL; 20; 24; 4; 122
INTERNAL; 20; 24; 4; 122; INTERNAL; 18; 23; 5; 6956
INTERNAL; 18; 23; 5; 6956; INTERNAL; 16; 22; 6; 1208
INTERNAL; 28; 29; 1; 8335; INTERNAL; 26; 27; 1; 5
INTERNAL; 26; 27; 1; 5; INTERNAL; 25; 26; 1; 2986
INTERNAL; 25; 26; 1; 2986; INTERNAL; 21; 25; 4; 125
INTERNAL; 21; 25; 4; 125; INTERNAL; 20; 24; 4; 105
INTERNAL; 20; 24; 4; 105; INTERNAL; 19; 23; 4; 7132
INTERNAL; 19; 23; 4; 7132; INTERNAL; 17; 22; 5; 2761
INTERNAL; 17; 22; 5; 2761; INTERNAL; 16; 21; 5; 4005
INTERNAL; 20; 24; 4; 105; INTERNAL; 19; 23; 4; 104
INTERNAL; 19; 23; 4; 104; INTERNAL; 17; 22; 5; 2126
INTERNAL; 25; 26; 1; 2986; INTERNAL; 24; 25; 1; 126
INTERNAL; 24; 25; 1; 126; INTERNAL; 23; 24; 1; 3650
INTERNAL; 23; 24; 1; 3650; INTERNAL; 20; 23; 3; 121
INTERNAL; 20; 23; 3; 121; INTERNAL; 18; 22; 4; 1080
INTERNAL; 18; 22; 4; 1080; INTERNAL; 16; 21; 5; 115
INTERNAL; 23; 24; 1; 3650; INTERNAL; 20; 23; 3; 7987
INTERNAL; 20; 23; 3; 7987; INTERNAL; 18; 22; 4; 114
INTERNAL; 18; 22; 4; 114; INTERNAL; 16; 21; 5; 4983
INTERNAL; 16; 21; 5; 4983; INTERNAL; 15; 20; 5; 2921
INTERNAL; 25; 26; 1; 2986; INTERNAL; 20; 22; 2; 947
INTERNAL; 20; 22; 2; 947; INTERNAL; 18; 21; 3; 5320
INTERNAL; 18; 21; 3; 5320; INTERNAL; 17; 20; 3; 3839
INTERNAL; 17; 20; 3; 3839; INTERNAL; 15; 19; 4; 4369
INTERNAL; 25; 26; 1; 2986; INTERNAL; 20; 22; 2; 4170
INTERNAL; 20; 22; 2; 4170; INTERNAL; 18; 21; 3; 7907
INTERNAL; 18; 21; 3; 7907; INTERNAL; 16; 20; 4; 103
INTERNAL; 26; 27; 1; 5; INTERNAL; 24; 26; 2; 7331
INTERNAL; 24; 26; 2; 7331; INTERNAL; 23; 25; 2; 100
INTERNAL; 23; 25; 2; 100; INTERNAL; 20; 24; 4; 1787
INTERNAL; 20; 24; 4; 1787; INTERNAL; 18; 23; 5; 2668
INTERNAL; 18; 23; 5; 2668; INTERNAL; 16; 22; 6; 83
INTERNAL; 20; 24; 4; 1787; INTERNAL; 18; 23; 5; 84
INTERNAL; 18; 23; 5; 84; INTERNAL; 17; 22; 5; 4503
INTERNAL; 23; 25; 2; 100; INTERNAL; 22; 24; 2; 7382
INTERNAL; 23; 25; 2; 100; INTERNAL; 22; 24; 2; 2902
INTERNAL; 22; 24; 2; 2902; INTERNAL; 21; 23; 2; 99
INTERNAL; 22; 24; 2; 2902; INTERNAL; 20; 23; 3; 222
INTERNAL; 20; 23; 3; 222; INTERNAL; 18; 22; 4; 163
INTERNAL; 18; 22; 4; 163; INTERNAL; 16; 21; 5; 95
INTERNAL; 22; 24; 2; 2902; INTERNAL; 20; 23; 3; 781
INTERNAL; 20; 23; 3; 781; INTERNAL; 18; 22; 4; 3384
INTERNAL; 18; 22; 4; 3384; INTERNAL; 17; 21; 4; 94
INTERNAL; 17; 21; 4; 94; INTERNAL; 15; 20; 5; 93
UNKNOWN; -1; -1; -1; -1; OUTPUT; 29; 30; 1; 2
OUTPUT; 29; 30; 1; 2; INTERNAL; 28; 29; 1; 4145
INTERNAL; 28; 29; 1; 4145; INTERNAL; 27; 28; 1; 7208
INTERNAL; 27; 28; 1; 7208; INTERNAL; 26; 27; 1; 4450
INTERNAL; 26; 27; 1; 4450; INTERNAL; 21; 26; 5; 5141
INTERNAL; 26; 27; 1; 4450; INTERNAL; 24; 26; 2; 7812
INTERNAL; 24; 26; 2; 7812; INTERNAL; 20; 25; 5; 80
INTERNAL; 20; 25; 5; 80; INTERNAL; 19; 24; 5; 5595
INTERNAL; 19; 24; 5; 5595; INTERNAL; 17; 23; 6; 7896
INTERNAL; 20; 25; 5; 80; INTERNAL; 18; 24; 6; 422
INTERNAL; 18; 24; 6; 422; INTERNAL; 16; 23; 7; 72
INTERNAL; 24; 26; 2; 7812; INTERNAL; 23; 25; 2; 382
UNKNOWN; -1; -1; -1; -1; OUTPUT; 30; 30; 0; 1
OUTPUT; 30; 30; 0; 1; INTERNAL; 29; 29; 0; 3093
INTERNAL; 29; 29; 0; 3093; INTERNAL; 28; 28; 0; 6338
INTERNAL; 29; 29; 0; 3093; INTERNAL; 27; 28; 1; 3124
UNKNOWN; -1; -1; -1; -1; OUTPUT; 30; 30; 0; 0
OUTPUT; 30; 30; 0; 0; INTERNAL; 29; 29; 0; 3
