TYPE; ASAP; ALAP; SLACK; A; TYPE; ASAP; ALAP; SLACK; B
UNKNOWN; -1; -1; -1; -1; OUTPUT; 255; 860; 605; 6882
OUTPUT; 255; 860; 605; 6882; INTERNAL; 254; 254; 0; 7212
INTERNAL; 254; 254; 0; 7212; INTERNAL; 5; 253; 248; 7224
INTERNAL; 5; 253; 248; 7224; INPUT; 1; 1; 0; 5191
INTERNAL; 5; 253; 248; 7224; INTERNAL; 4; 4; 0; 8501
INTERNAL; 4; 4; 0; 8501; INTERNAL; 3; 3; 0; 4416
INTERNAL; 3; 3; 0; 4416; INPUT; 1; 1; 0; 5600
INTERNAL; 3; 3; 0; 4416; INPUT; 1; 1; 0; 9436
INTERNAL; 3; 3; 0; 4416; INTERNAL; 2; 2; 0; 8382
INTERNAL; 2; 2; 0; 8382; INPUT; 1; 1; 0; 5311
INTERNAL; 2; 2; 0; 8382; INPUT; 1; 1; 0; 5827
INTERNAL; 2; 2; 0; 8382; INPUT; 1; 1; 0; 4731
INTERNAL; 2; 2; 0; 8382; INPUT; 1; 1; 0; 5386
INTERNAL; 3; 3; 0; 4416; INTERNAL; 2; 2; 0; 9984
INTERNAL; 2; 2; 0; 9984; INPUT; 1; 1; 0; 5836
INTERNAL; 2; 2; 0; 9984; INPUT; 1; 1; 0; 6862
INTERNAL; 2; 2; 0; 9984; INPUT; 1; 1; 0; 5452
INTERNAL; 2; 2; 0; 9984; INPUT; 1; 1; 0; 5533
INTERNAL; 3; 3; 0; 4416; INPUT; 1; 2; 1; 9793
INTERNAL; 3; 3; 0; 4416; INPUT; 1; 2; 1; 7166
INTERNAL; 4; 4; 0; 8501; INTERNAL; 3; 3; 0; 8379
INTERNAL; 3; 3; 0; 8379; INTERNAL; 2; 2; 0; 8383
INTERNAL; 2; 2; 0; 8383; INPUT; 1; 1; 0; 8428
INTERNAL; 2; 2; 0; 8383; INPUT; 1; 1; 0; 5905
INTERNAL; 2; 2; 0; 8383; INPUT; 1; 1; 0; 5922
INTERNAL; 2; 2; 0; 8383; INPUT; 1; 1; 0; 6539
INTERNAL; 3; 3; 0; 8379; INTERNAL; 2; 2; 0; 6417
INTERNAL; 2; 2; 0; 6417; INPUT; 1; 1; 0; 7814
INTERNAL; 2; 2; 0; 6417; INPUT; 1; 1; 0; 5066
INTERNAL; 2; 2; 0; 6417; INPUT; 1; 1; 0; 8475
INTERNAL; 2; 2; 0; 6417; INPUT; 1; 1; 0; 8860
INTERNAL; 3; 3; 0; 8379; INPUT; 1; 1; 0; 3793
INTERNAL; 3; 3; 0; 8379; INPUT; 1; 1; 0; 4748
INTERNAL; 3; 3; 0; 8379; INTERNAL; 2; 2; 0; 8308
INTERNAL; 2; 2; 0; 8308; INPUT; 1; 1; 0; 5747
INTERNAL; 2; 2; 0; 8308; INPUT; 1; 1; 0; 5033
INTERNAL; 3; 3; 0; 8379; INTERNAL; 2; 2; 0; 5090
INTERNAL; 2; 2; 0; 5090; INPUT; 1; 1; 0; 3753
INTERNAL; 2; 2; 0; 5090; INPUT; 1; 1; 0; 8836
INTERNAL; 2; 2; 0; 5090; INPUT; 1; 1; 0; 5362
INTERNAL; 2; 2; 0; 5090; INPUT; 1; 1; 0; 6206
INTERNAL; 5; 253; 248; 7224; INPUT; 1; 1; 0; 8331
INTERNAL; 254; 254; 0; 7212; INPUT; 1; 1; 0; 8719
INTERNAL; 254; 254; 0; 7212; INTERNAL; 241; 253; 12; 7223
INTERNAL; 241; 253; 12; 7223; INTERNAL; 240; 240; 0; 7299
INTERNAL; 240; 240; 0; 7299; INTERNAL; 228; 239; 11; 8559
INTERNAL; 228; 239; 11; 8559; INTERNAL; 227; 238; 11; 5762
INTERNAL; 227; 238; 11; 5762; INTERNAL; 226; 237; 11; 5332
INTERNAL; 226; 237; 11; 5332; INTERNAL; 225; 225; 0; 7388
INTERNAL; 225; 225; 0; 7388; INTERNAL; 224; 224; 0; 6982
INTERNAL; 224; 224; 0; 6982; INTERNAL; 214; 223; 9; 6434
INTERNAL; 214; 223; 9; 6434; INTERNAL; 201; 208; 7; 9041
INTERNAL; 201; 208; 7; 9041; INTERNAL; 189; 197; 8; 8882
INTERNAL; 189; 197; 8; 8882; INTERNAL; 177; 184; 7; 9034
INTERNAL; 177; 184; 7; 9034; INTERNAL; 176; 176; 0; 3182
INTERNAL; 176; 176; 0; 3182; INTERNAL; 165; 175; 10; 7621
INTERNAL; 165; 175; 10; 7621; INTERNAL; 153; 162; 9; 8939
INTERNAL; 153; 162; 9; 8939; INPUT; 1; 1; 0; 6173
INTERNAL; 153; 162; 9; 8939; INTERNAL; 142; 152; 10; 8739
INTERNAL; 142; 152; 10; 8739; INTERNAL; 141; 141; 0; 5324
INTERNAL; 141; 141; 0; 5324; INTERNAL; 140; 140; 0; 7791
INTERNAL; 140; 140; 0; 7791; INTERNAL; 134; 139; 5; 3143
INTERNAL; 134; 139; 5; 3143; INPUT; 1; 1; 0; 6660
INTERNAL; 134; 139; 5; 3143; INTERNAL; 133; 138; 5; 8879
INTERNAL; 133; 138; 5; 8879; INTERNAL; 123; 129; 6; 7832
INTERNAL; 123; 129; 6; 7832; INPUT; 1; 1; 0; 5677
INTERNAL; 123; 129; 6; 7832; INTERNAL; 114; 119; 5; 7878
INTERNAL; 114; 119; 5; 7878; INTERNAL; 104; 110; 6; 7926
INTERNAL; 104; 110; 6; 7926; INTERNAL; 101; 109; 8; 9879
INTERNAL; 101; 109; 8; 9879; INPUT; 1; 1; 0; 7583
INTERNAL; 101; 109; 8; 9879; INTERNAL; 95; 100; 5; 7974
INTERNAL; 95; 100; 5; 7974; INPUT; 1; 1; 0; 5808
INTERNAL; 95; 100; 5; 7974; INTERNAL; 91; 91; 0; 8012
INTERNAL; 91; 91; 0; 8012; INTERNAL; 90; 90; 0; 4901
INTERNAL; 90; 90; 0; 4901; INTERNAL; 87; 89; 2; 4146
INTERNAL; 87; 89; 2; 4146; INTERNAL; 86; 86; 0; 8037
INTERNAL; 86; 86; 0; 8037; INTERNAL; 78; 85; 7; 9187
INTERNAL; 78; 85; 7; 9187; INPUT; 1; 1; 0; 5323
INTERNAL; 78; 85; 7; 9187; INTERNAL; 5; 26; 21; 9510
INTERNAL; 5; 26; 21; 9510; INTERNAL; 2; 2; 0; 8421
INTERNAL; 2; 2; 0; 8421; INPUT; 1; 1; 0; 4975
INTERNAL; 2; 2; 0; 8421; INPUT; 1; 1; 0; 8949
INTERNAL; 2; 2; 0; 8421; INPUT; 1; 1; 0; 5300
INTERNAL; 5; 26; 21; 9510; INTERNAL; 2; 2; 0; 8215
INTERNAL; 2; 2; 0; 8215; INPUT; 1; 1; 0; 5014
INTERNAL; 2; 2; 0; 8215; INPUT; 1; 1; 0; 5556
INTERNAL; 2; 2; 0; 8215; INPUT; 1; 1; 0; 5089
INTERNAL; 5; 26; 21; 9510; INTERNAL; 4; 4; 0; 7304
INTERNAL; 4; 4; 0; 7304; INTERNAL; 3; 3; 0; 8406
INTERNAL; 3; 3; 0; 8406; INTERNAL; 2; 2; 0; 5060
INTERNAL; 3; 3; 0; 8406; INTERNAL; 2; 2; 0; 9329
INTERNAL; 2; 2; 0; 9329; INPUT; 1; 1; 0; 5932
INTERNAL; 3; 3; 0; 8406; INTERNAL; 2; 2; 0; 7406
INTERNAL; 4; 4; 0; 7304; INTERNAL; 3; 3; 0; 4467
INTERNAL; 3; 3; 0; 4467; INTERNAL; 2; 2; 0; 5879
INTERNAL; 3; 3; 0; 4467; INTERNAL; 2; 2; 0; 8416
INTERNAL; 3; 3; 0; 4467; INTERNAL; 2; 2; 0; 8415
INTERNAL; 3; 3; 0; 4467; INTERNAL; 2; 2; 0; 3416
INTERNAL; 5; 26; 21; 9510; INTERNAL; 2; 2; 0; 8425
INTERNAL; 2; 2; 0; 8425; INPUT; 1; 1; 0; 3939
INTERNAL; 2; 2; 0; 8425; INPUT; 1; 1; 0; 8993
INTERNAL; 2; 2; 0; 8425; INPUT; 1; 1; 0; 8231
INTERNAL; 5; 26; 21; 9510; INTERNAL; 2; 2; 0; 8429
INTERNAL; 2; 2; 0; 8429; INPUT; 1; 1; 0; 9119
INTERNAL; 2; 2; 0; 8429; INPUT; 1; 1; 0; 5499
INTERNAL; 78; 85; 7; 9187; INTERNAL; 71; 76; 5; 3816
INTERNAL; 71; 76; 5; 3816; INPUT; 1; 1; 0; 5917
INTERNAL; 71; 76; 5; 3816; INTERNAL; 70; 70; 0; 8106
INTERNAL; 70; 70; 0; 8106; INTERNAL; 69; 69; 0; 8989
INTERNAL; 69; 69; 0; 8989; INTERNAL; 65; 68; 3; 8120
INTERNAL; 65; 68; 3; 8120; INPUT; 1; 1; 0; 8938
INTERNAL; 65; 68; 3; 8120; INTERNAL; 64; 67; 3; 4888
INTERNAL; 64; 67; 3; 4888; INTERNAL; 6; 6; 0; 8141
INTERNAL; 6; 6; 0; 8141; INTERNAL; 5; 5; 0; 7386
INTERNAL; 5; 5; 0; 7386; INTERNAL; 2; 3; 1; 7397
INTERNAL; 6; 6; 0; 8141; INTERNAL; 3; 3; 0; 3090
INTERNAL; 3; 3; 0; 3090; INTERNAL; 2; 2; 0; 8386
INTERNAL; 3; 3; 0; 3090; INTERNAL; 2; 2; 0; 6163
INTERNAL; 3; 3; 0; 3090; INTERNAL; 2; 2; 0; 8390
INTERNAL; 3; 3; 0; 3090; INTERNAL; 2; 2; 0; 3943
INTERNAL; 64; 67; 3; 4888; INTERNAL; 58; 60; 2; 8651
INTERNAL; 58; 60; 2; 8651; INTERNAL; 55; 55; 0; 7844
INTERNAL; 55; 55; 0; 7844; INTERNAL; 51; 54; 3; 5275
INTERNAL; 51; 54; 3; 5275; INTERNAL; 46; 48; 2; 8211
INTERNAL; 46; 48; 2; 8211; INTERNAL; 43; 46; 3; 8605
INTERNAL; 43; 46; 3; 8605; INPUT; 1; 1; 0; 4721
INTERNAL; 43; 46; 3; 8605; INTERNAL; 40; 42; 2; 8245
INTERNAL; 40; 42; 2; 8245; INTERNAL; 37; 40; 3; 8100
INTERNAL; 37; 40; 3; 8100; INTERNAL; 35; 36; 1; 8038
INTERNAL; 35; 36; 1; 8038; INTERNAL; 31; 34; 3; 5414
INTERNAL; 31; 34; 3; 5414; INTERNAL; 30; 30; 0; 8196
INTERNAL; 30; 30; 0; 8196; INPUT; 1; 1; 0; 5700
INTERNAL; 30; 30; 0; 8196; INTERNAL; 25; 25; 0; 7759
INTERNAL; 25; 25; 0; 7759; INPUT; 1; 1; 0; 5569
INTERNAL; 25; 25; 0; 7759; INTERNAL; 24; 24; 0; 8312
INTERNAL; 24; 24; 0; 8312; INTERNAL; 22; 23; 1; 7429
INTERNAL; 22; 23; 1; 7429; INTERNAL; 21; 22; 1; 7048
INTERNAL; 21; 22; 1; 7048; INTERNAL; 20; 20; 0; 8323
INTERNAL; 20; 20; 0; 8323; INTERNAL; 19; 19; 0; 9355
INTERNAL; 19; 19; 0; 9355; INTERNAL; 18; 18; 0; 8491
INTERNAL; 18; 18; 0; 8491; INPUT; 1; 1; 0; 5184
INTERNAL; 18; 18; 0; 8491; INTERNAL; 14; 14; 0; 3407
INTERNAL; 14; 14; 0; 3407; INTERNAL; 2; 11; 9; 3935
INTERNAL; 2; 11; 9; 3935; INPUT; 1; 1; 0; 8414
INTERNAL; 2; 11; 9; 3935; INPUT; 1; 10; 9; 5711
INTERNAL; 14; 14; 0; 3407; INTERNAL; 9; 9; 0; 7586
INTERNAL; 9; 9; 0; 7586; INPUT; 1; 1; 0; 4727
INTERNAL; 9; 9; 0; 7586; INPUT; 1; 1; 0; 5553
INTERNAL; 9; 9; 0; 7586; INTERNAL; 8; 8; 0; 9120
INTERNAL; 8; 8; 0; 9120; INTERNAL; 7; 7; 0; 4495
INTERNAL; 7; 7; 0; 4495; INTERNAL; 2; 6; 4; 8376
INTERNAL; 7; 7; 0; 4495; INPUT; 1; 1; 0; 5112
INTERNAL; 8; 8; 0; 9120; INTERNAL; 2; 2; 0; 8368
INTERNAL; 2; 2; 0; 8368; INPUT; 1; 1; 0; 7059
INTERNAL; 2; 2; 0; 8368; INPUT; 1; 1; 0; 5619
INTERNAL; 2; 2; 0; 8368; INPUT; 1; 1; 0; 4499
INTERNAL; 14; 14; 0; 3407; INTERNAL; 11; 11; 0; 7987
INTERNAL; 11; 11; 0; 7987; INPUT; 1; 1; 0; 5759
INTERNAL; 11; 11; 0; 7987; INTERNAL; 10; 10; 0; 8352
INTERNAL; 10; 10; 0; 8352; INTERNAL; 9; 9; 0; 6050
INTERNAL; 9; 9; 0; 6050; INTERNAL; 5; 6; 1; 8452
INTERNAL; 5; 6; 1; 8452; INTERNAL; 4; 4; 0; 8448
INTERNAL; 4; 4; 0; 8448; INTERNAL; 2; 2; 0; 8372
INTERNAL; 2; 2; 0; 8372; INPUT; 1; 1; 0; 8247
INTERNAL; 4; 4; 0; 8448; INTERNAL; 3; 3; 0; 5797
INTERNAL; 3; 3; 0; 5797; INTERNAL; 2; 2; 0; 8442
INTERNAL; 5; 6; 1; 8452; INTERNAL; 2; 2; 0; 8443
INTERNAL; 9; 9; 0; 6050; INPUT; 1; 4; 3; 8451
INTERNAL; 9; 9; 0; 6050; INTERNAL; 5; 8; 3; 7310
INTERNAL; 5; 8; 3; 7310; INTERNAL; 3; 7; 4; 8465
INTERNAL; 5; 8; 3; 7310; INTERNAL; 2; 6; 4; 4362
INTERNAL; 2; 6; 4; 4362; INPUT; 1; 5; 4; 8454
INTERNAL; 5; 8; 3; 7310; INTERNAL; 4; 4; 0; 4803
INTERNAL; 4; 4; 0; 4803; INTERNAL; 3; 3; 0; 8435
INTERNAL; 9; 9; 0; 6050; INTERNAL; 8; 8; 0; 8455
INTERNAL; 8; 8; 0; 8455; INTERNAL; 7; 7; 0; 8364
INTERNAL; 7; 7; 0; 8364; INTERNAL; 2; 5; 3; 8397
INTERNAL; 7; 7; 0; 8364; INTERNAL; 6; 6; 0; 8399
INTERNAL; 6; 6; 0; 8399; INTERNAL; 5; 5; 0; 5396
INTERNAL; 5; 5; 0; 5396; INTERNAL; 4; 4; 0; 5236
INTERNAL; 4; 4; 0; 5236; INTERNAL; 3; 3; 0; 8439
INTERNAL; 3; 3; 0; 8439; INTERNAL; 2; 2; 0; 8440
INTERNAL; 2; 2; 0; 8440; INPUT; 1; 1; 0; 8405
INTERNAL; 3; 3; 0; 8439; INPUT; 1; 1; 0; 6844
INTERNAL; 4; 4; 0; 5236; INTERNAL; 3; 3; 0; 8436
INTERNAL; 3; 3; 0; 8436; INTERNAL; 2; 2; 0; 7365
INTERNAL; 5; 5; 0; 5396; INTERNAL; 2; 4; 2; 8449
INTERNAL; 6; 6; 0; 8399; INTERNAL; 5; 5; 0; 8402
INTERNAL; 5; 5; 0; 8402; INTERNAL; 3; 3; 0; 6947
INTERNAL; 5; 5; 0; 8402; INTERNAL; 4; 4; 0; 8404
INTERNAL; 4; 4; 0; 8404; INTERNAL; 2; 3; 1; 8409
INTERNAL; 4; 4; 0; 8404; INTERNAL; 3; 3; 0; 4775
INTERNAL; 3; 3; 0; 4775; INTERNAL; 2; 2; 0; 8433
INTERNAL; 3; 3; 0; 4775; INTERNAL; 2; 2; 0; 7603
INTERNAL; 7; 7; 0; 8364; INTERNAL; 5; 5; 0; 8450
INTERNAL; 5; 5; 0; 8450; INTERNAL; 4; 4; 0; 8325
INTERNAL; 7; 7; 0; 8364; INTERNAL; 5; 5; 0; 8396
INTERNAL; 8; 8; 0; 8455; INTERNAL; 7; 7; 0; 4222
INTERNAL; 7; 7; 0; 4222; INTERNAL; 6; 6; 0; 4917
INTERNAL; 7; 7; 0; 4222; INTERNAL; 6; 6; 0; 7594
INTERNAL; 8; 8; 0; 8455; INTERNAL; 7; 7; 0; 4514
INTERNAL; 10; 10; 0; 8352; INTERNAL; 9; 9; 0; 4564
INTERNAL; 9; 9; 0; 4564; INTERNAL; 8; 8; 0; 8367
INTERNAL; 10; 10; 0; 8352; INTERNAL; 9; 9; 0; 8358
INTERNAL; 9; 9; 0; 8358; INTERNAL; 7; 8; 1; 7039
INTERNAL; 7; 8; 1; 7039; INTERNAL; 6; 7; 1; 8458
INTERNAL; 6; 7; 1; 8458; INTERNAL; 5; 6; 1; 8188
INTERNAL; 9; 9; 0; 8358; INTERNAL; 5; 8; 3; 7263
INTERNAL; 9; 9; 0; 8358; INTERNAL; 2; 8; 6; 6818
INTERNAL; 2; 8; 6; 6818; INPUT; 1; 7; 6; 8463
INTERNAL; 10; 10; 0; 8352; INTERNAL; 9; 9; 0; 8360
INTERNAL; 11; 11; 0; 7987; INTERNAL; 9; 10; 1; 8355
INTERNAL; 11; 11; 0; 7987; INTERNAL; 10; 10; 0; 6636
INTERNAL; 14; 14; 0; 3407; INTERNAL; 13; 13; 0; 8005
INTERNAL; 13; 13; 0; 8005; INTERNAL; 12; 12; 0; 4916
INTERNAL; 12; 12; 0; 4916; INTERNAL; 10; 11; 1; 8432
INTERNAL; 10; 11; 1; 8432; INTERNAL; 9; 10; 1; 8479
INTERNAL; 12; 12; 0; 4916; INTERNAL; 11; 11; 0; 8351
INTERNAL; 11; 11; 0; 8351; INTERNAL; 8; 9; 1; 8357
INTERNAL; 8; 9; 1; 8357; INTERNAL; 7; 8; 1; 8470
INTERNAL; 7; 8; 1; 8470; INTERNAL; 3; 7; 4; 8122
INTERNAL; 3; 7; 4; 8122; INTERNAL; 2; 6; 4; 8474
INTERNAL; 7; 8; 1; 8470; INTERNAL; 6; 7; 1; 3164
INTERNAL; 6; 7; 1; 3164; INTERNAL; 5; 6; 1; 3910
INTERNAL; 5; 6; 1; 3910; INTERNAL; 4; 5; 1; 6670
INTERNAL; 8; 9; 1; 8357; INTERNAL; 4; 8; 4; 5912
INTERNAL; 4; 8; 4; 5912; INTERNAL; 2; 7; 5; 8476
INTERNAL; 4; 8; 4; 5912; INTERNAL; 3; 7; 4; 4772
INTERNAL; 3; 7; 4; 4772; INTERNAL; 2; 6; 4; 8477
INTERNAL; 12; 12; 0; 4916; INTERNAL; 10; 11; 1; 8347
INTERNAL; 12; 12; 0; 4916; INTERNAL; 10; 11; 1; 7332
INTERNAL; 13; 13; 0; 8005; INTERNAL; 12; 12; 0; 8344
INTERNAL; 13; 13; 0; 8005; INTERNAL; 12; 12; 0; 3216
INTERNAL; 12; 12; 0; 3216; INTERNAL; 11; 11; 0; 6075
INTERNAL; 11; 11; 0; 6075; INTERNAL; 9; 10; 1; 8481
INTERNAL; 11; 11; 0; 6075; INTERNAL; 9; 10; 1; 5783
INTERNAL; 13; 13; 0; 8005; INTERNAL; 12; 12; 0; 6743
INTERNAL; 12; 12; 0; 6743; INTERNAL; 11; 11; 0; 3513
INTERNAL; 14; 14; 0; 3407; INTERNAL; 12; 13; 1; 8607
INTERNAL; 18; 18; 0; 8491; INTERNAL; 17; 17; 0; 8335
INTERNAL; 17; 17; 0; 8335; INTERNAL; 15; 16; 1; 8337
INTERNAL; 15; 16; 1; 8337; INTERNAL; 13; 15; 2; 9300
INTERNAL; 15; 16; 1; 8337; INTERNAL; 14; 14; 0; 8342
INTERNAL; 17; 17; 0; 8335; INTERNAL; 16; 16; 0; 6863
INTERNAL; 16; 16; 0; 6863; INTERNAL; 15; 15; 0; 5835
INTERNAL; 16; 16; 0; 6863; INTERNAL; 15; 15; 0; 4468
INTERNAL; 16; 16; 0; 6863; INTERNAL; 15; 15; 0; 5705
INTERNAL; 15; 15; 0; 5705; INTERNAL; 2; 14; 12; 5147
INTERNAL; 2; 14; 12; 5147; INPUT; 1; 13; 12; 8649
INTERNAL; 15; 15; 0; 5705; INTERNAL; 14; 14; 0; 4286
INTERNAL; 14; 14; 0; 4286; INTERNAL; 12; 13; 1; 7679
INTERNAL; 15; 15; 0; 5705; INTERNAL; 14; 14; 0; 8483
INTERNAL; 16; 16; 0; 6863; INTERNAL; 15; 15; 0; 5379
INTERNAL; 17; 17; 0; 8335; INTERNAL; 13; 16; 3; 8338
INTERNAL; 13; 16; 3; 8338; INTERNAL; 12; 15; 3; 7570
INTERNAL; 12; 15; 3; 7570; INTERNAL; 11; 14; 3; 8486
INTERNAL; 11; 14; 3; 8486; INTERNAL; 10; 13; 3; 7971
INTERNAL; 10; 13; 3; 7971; INTERNAL; 9; 12; 3; 5674
INTERNAL; 9; 12; 3; 5674; INTERNAL; 8; 11; 3; 9443
INTERNAL; 8; 11; 3; 9443; INTERNAL; 7; 10; 3; 7750
INTERNAL; 18; 18; 0; 8491; INTERNAL; 15; 16; 1; 5924
INTERNAL; 19; 19; 0; 9355; INTERNAL; 18; 18; 0; 8490
INTERNAL; 19; 19; 0; 9355; INTERNAL; 18; 18; 0; 8493
INTERNAL; 18; 18; 0; 8493; INTERNAL; 16; 17; 1; 8499
INTERNAL; 18; 18; 0; 8493; INTERNAL; 15; 17; 2; 8502
INTERNAL; 19; 19; 0; 9355; INTERNAL; 18; 18; 0; 9824
INTERNAL; 19; 19; 0; 9355; INTERNAL; 18; 18; 0; 8497
INTERNAL; 18; 18; 0; 8497; INTERNAL; 16; 17; 1; 4542
INTERNAL; 19; 19; 0; 9355; INTERNAL; 18; 18; 0; 8489
INTERNAL; 18; 18; 0; 8489; INPUT; 1; 17; 16; 8511
INTERNAL; 18; 18; 0; 8489; INTERNAL; 17; 17; 0; 8506
INTERNAL; 17; 17; 0; 8506; INTERNAL; 10; 16; 6; 8513
INTERNAL; 10; 16; 6; 8513; INTERNAL; 9; 15; 6; 8251
INTERNAL; 17; 17; 0; 8506; INTERNAL; 8; 16; 8; 8515
INTERNAL; 18; 18; 0; 8489; INTERNAL; 17; 17; 0; 8504
INTERNAL; 17; 17; 0; 8504; INTERNAL; 15; 16; 1; 5689
INTERNAL; 20; 20; 0; 8323; INTERNAL; 17; 19; 2; 8332
INTERNAL; 20; 20; 0; 8323; INTERNAL; 18; 19; 1; 5198
INTERNAL; 20; 20; 0; 8323; INTERNAL; 19; 19; 0; 8334
INTERNAL; 19; 19; 0; 8334; INTERNAL; 18; 18; 0; 5427
INTERNAL; 21; 22; 1; 7048; INTERNAL; 20; 21; 1; 5987
INTERNAL; 21; 22; 1; 7048; INTERNAL; 7; 20; 13; 8326
INTERNAL; 24; 24; 0; 8312; INTERNAL; 22; 23; 1; 5128
INTERNAL; 22; 23; 1; 5128; INTERNAL; 21; 21; 0; 8317
INTERNAL; 24; 24; 0; 8312; INTERNAL; 23; 23; 0; 6468
INTERNAL; 23; 23; 0; 6468; INTERNAL; 22; 22; 0; 3415
INTERNAL; 22; 22; 0; 3415; INTERNAL; 21; 21; 0; 7178
INTERNAL; 22; 22; 0; 3415; INTERNAL; 21; 21; 0; 8315
INTERNAL; 21; 21; 0; 8315; INTERNAL; 18; 20; 2; 5763
INTERNAL; 22; 22; 0; 3415; INTERNAL; 21; 21; 0; 8519
INTERNAL; 21; 21; 0; 8519; INTERNAL; 13; 20; 7; 8522
INTERNAL; 13; 20; 7; 8522; INTERNAL; 2; 19; 17; 8529
INTERNAL; 21; 21; 0; 8519; INTERNAL; 2; 20; 18; 8526
INTERNAL; 2; 20; 18; 8526; INPUT; 1; 19; 18; 5475
INTERNAL; 22; 22; 0; 3415; INTERNAL; 21; 21; 0; 8520
INTERNAL; 21; 21; 0; 8520; INTERNAL; 18; 20; 2; 8516
INTERNAL; 23; 23; 0; 6468; INTERNAL; 22; 22; 0; 5287
INTERNAL; 22; 22; 0; 5287; INTERNAL; 21; 21; 0; 5403
INTERNAL; 23; 23; 0; 6468; INTERNAL; 22; 22; 0; 8316
INTERNAL; 22; 22; 0; 8316; INTERNAL; 19; 20; 1; 9488
INTERNAL; 22; 22; 0; 8316; INTERNAL; 18; 21; 3; 8319
INTERNAL; 23; 23; 0; 6468; INTERNAL; 21; 22; 1; 7566
INTERNAL; 21; 22; 1; 7566; INTERNAL; 20; 21; 1; 8532
INTERNAL; 24; 24; 0; 8312; INTERNAL; 22; 23; 1; 9266
INTERNAL; 25; 25; 0; 7759; INTERNAL; 21; 24; 3; 8478
INTERNAL; 30; 30; 0; 8196; INTERNAL; 29; 29; 0; 7982
INTERNAL; 29; 29; 0; 7982; INTERNAL; 28; 28; 0; 4152
INTERNAL; 28; 28; 0; 4152; INTERNAL; 27; 27; 0; 5624
INTERNAL; 27; 27; 0; 5624; INTERNAL; 25; 26; 1; 8300
INTERNAL; 25; 26; 1; 8300; INTERNAL; 23; 25; 2; 8538
INTERNAL; 23; 25; 2; 8538; INTERNAL; 22; 24; 2; 5934
INTERNAL; 27; 27; 0; 5624; INTERNAL; 26; 26; 0; 8302
INTERNAL; 26; 26; 0; 8302; INTERNAL; 25; 25; 0; 8296
INTERNAL; 27; 27; 0; 5624; INTERNAL; 25; 26; 1; 8298
INTERNAL; 27; 27; 0; 5624; INTERNAL; 26; 26; 0; 8305
INTERNAL; 26; 26; 0; 8305; INTERNAL; 25; 25; 0; 8534
INTERNAL; 26; 26; 0; 8305; INTERNAL; 25; 25; 0; 8193
INTERNAL; 26; 26; 0; 8305; INTERNAL; 25; 25; 0; 7903
INTERNAL; 25; 25; 0; 7903; INPUT; 1; 24; 23; 5489
INTERNAL; 28; 28; 0; 4152; INTERNAL; 26; 27; 1; 8081
INTERNAL; 26; 27; 1; 8081; INTERNAL; 25; 26; 1; 8540
INTERNAL; 25; 26; 1; 8540; INTERNAL; 24; 25; 1; 8543
INTERNAL; 28; 28; 0; 4152; INTERNAL; 25; 27; 2; 9799
INTERNAL; 28; 28; 0; 4152; INTERNAL; 25; 27; 2; 9737
INTERNAL; 25; 27; 2; 9737; INTERNAL; 23; 26; 3; 8547
INTERNAL; 29; 29; 0; 7982; INTERNAL; 7; 27; 20; 8090
INTERNAL; 7; 27; 20; 8090; INTERNAL; 3; 26; 23; 4931
INTERNAL; 29; 29; 0; 7982; INTERNAL; 26; 28; 2; 5094
INTERNAL; 30; 30; 0; 8196; INTERNAL; 26; 28; 2; 8380
INTERNAL; 31; 34; 3; 5414; INTERNAL; 30; 30; 0; 5166
INTERNAL; 30; 30; 0; 5166; INTERNAL; 29; 29; 0; 8550
INTERNAL; 29; 29; 0; 8550; INTERNAL; 26; 28; 2; 8553
INTERNAL; 26; 28; 2; 8553; INTERNAL; 25; 27; 2; 8014
INTERNAL; 30; 30; 0; 5166; INTERNAL; 2; 29; 27; 7228
INTERNAL; 2; 29; 27; 7228; INPUT; 1; 28; 27; 5444
INTERNAL; 30; 30; 0; 5166; INTERNAL; 29; 29; 0; 8552
INTERNAL; 29; 29; 0; 8552; INTERNAL; 7; 28; 21; 7833
INTERNAL; 7; 28; 21; 7833; INTERNAL; 6; 27; 21; 9649
INTERNAL; 29; 29; 0; 8552; INTERNAL; 8; 28; 20; 8555
INTERNAL; 30; 30; 0; 5166; INTERNAL; 29; 29; 0; 4976
INTERNAL; 35; 36; 1; 8038; INTERNAL; 30; 30; 0; 8291
INTERNAL; 30; 30; 0; 8291; INTERNAL; 26; 29; 3; 5832
INTERNAL; 35; 36; 1; 8038; INTERNAL; 34; 34; 0; 6635
INTERNAL; 34; 34; 0; 6635; INTERNAL; 33; 33; 0; 8273
INTERNAL; 33; 33; 0; 8273; INTERNAL; 30; 32; 2; 4924
INTERNAL; 33; 33; 0; 8273; INTERNAL; 31; 32; 1; 8287
INTERNAL; 31; 32; 1; 8287; INTERNAL; 30; 30; 0; 8618
INTERNAL; 33; 33; 0; 8273; INTERNAL; 29; 32; 3; 8276
INTERNAL; 29; 32; 3; 8276; INTERNAL; 28; 31; 3; 8558
INTERNAL; 33; 33; 0; 8273; INTERNAL; 32; 32; 0; 8283
INTERNAL; 32; 32; 0; 8283; INTERNAL; 31; 31; 0; 3121
INTERNAL; 32; 32; 0; 8283; INTERNAL; 30; 31; 1; 8290
INTERNAL; 30; 31; 1; 8290; INTERNAL; 27; 30; 3; 8690
INTERNAL; 32; 32; 0; 8283; INTERNAL; 31; 31; 0; 9508
INTERNAL; 31; 31; 0; 9508; INTERNAL; 30; 30; 0; 3473
INTERNAL; 32; 32; 0; 8283; INTERNAL; 30; 31; 1; 4032
INTERNAL; 37; 40; 3; 8100; INTERNAL; 36; 36; 0; 8267
INTERNAL; 36; 36; 0; 8267; INTERNAL; 35; 35; 0; 6512
INTERNAL; 35; 35; 0; 6512; INTERNAL; 34; 34; 0; 9476
INTERNAL; 34; 34; 0; 9476; INTERNAL; 30; 33; 3; 8495
INTERNAL; 34; 34; 0; 9476; INTERNAL; 30; 33; 3; 6233
INTERNAL; 35; 35; 0; 6512; INTERNAL; 34; 34; 0; 8208
INTERNAL; 35; 35; 0; 6512; INTERNAL; 34; 34; 0; 5126
INTERNAL; 35; 35; 0; 6512; INTERNAL; 2; 34; 32; 8563
INTERNAL; 2; 34; 32; 8563; INPUT; 1; 33; 32; 8567
INTERNAL; 36; 36; 0; 8267; INTERNAL; 35; 35; 0; 8272
INTERNAL; 36; 36; 0; 8267; INTERNAL; 35; 35; 0; 6531
INTERNAL; 35; 35; 0; 6531; INTERNAL; 31; 34; 3; 8544
INTERNAL; 35; 35; 0; 6531; INTERNAL; 30; 34; 4; 8561
INTERNAL; 36; 36; 0; 8267; INTERNAL; 35; 35; 0; 5364
INTERNAL; 40; 42; 2; 8245; INTERNAL; 35; 36; 1; 8269
INTERNAL; 40; 42; 2; 8245; INTERNAL; 39; 39; 0; 5779
INTERNAL; 39; 39; 0; 5779; INTERNAL; 35; 38; 3; 8255
INTERNAL; 35; 38; 3; 8255; INTERNAL; 34; 37; 3; 8703
INTERNAL; 34; 37; 3; 8703; INTERNAL; 33; 36; 3; 7777
INTERNAL; 39; 39; 0; 5779; INTERNAL; 38; 38; 0; 4296
INTERNAL; 38; 38; 0; 4296; INTERNAL; 35; 37; 2; 8258
INTERNAL; 38; 38; 0; 4296; INTERNAL; 37; 37; 0; 6724
INTERNAL; 37; 37; 0; 6724; INTERNAL; 36; 36; 0; 8270
INTERNAL; 36; 36; 0; 8270; INTERNAL; 35; 35; 0; 8568
INTERNAL; 35; 35; 0; 8568; INTERNAL; 32; 34; 2; 8573
INTERNAL; 38; 38; 0; 4296; INTERNAL; 36; 37; 1; 7910
INTERNAL; 38; 38; 0; 4296; INTERNAL; 35; 37; 2; 8263
INTERNAL; 35; 37; 2; 8263; INTERNAL; 33; 36; 3; 8574
INTERNAL; 39; 39; 0; 5779; INTERNAL; 35; 38; 3; 4861
INTERNAL; 43; 46; 3; 8605; INTERNAL; 42; 42; 0; 8243
INTERNAL; 42; 42; 0; 8243; INTERNAL; 40; 41; 1; 8248
INTERNAL; 42; 42; 0; 8243; INTERNAL; 41; 41; 0; 8756
INTERNAL; 41; 41; 0; 8756; INTERNAL; 40; 40; 0; 4635
INTERNAL; 40; 40; 0; 4635; INTERNAL; 36; 39; 3; 8200
INTERNAL; 41; 41; 0; 8756; INTERNAL; 40; 40; 0; 9740
INTERNAL; 40; 40; 0; 9740; INTERNAL; 36; 39; 3; 6541
INTERNAL; 36; 39; 3; 6541; INTERNAL; 35; 38; 3; 7412
INTERNAL; 40; 40; 0; 9740; INTERNAL; 35; 39; 4; 9451
INTERNAL; 41; 41; 0; 8756; INTERNAL; 40; 40; 0; 7439
INTERNAL; 41; 41; 0; 8756; INTERNAL; 40; 40; 0; 4078
INTERNAL; 40; 40; 0; 4078; INPUT; 1; 39; 38; 5086
INTERNAL; 40; 40; 0; 4078; INTERNAL; 39; 39; 0; 3632
INTERNAL; 40; 40; 0; 4078; INTERNAL; 39; 39; 0; 5562
INTERNAL; 39; 39; 0; 5562; INTERNAL; 35; 38; 3; 8580
INTERNAL; 42; 42; 0; 8243; INTERNAL; 40; 41; 1; 8252
INTERNAL; 42; 42; 0; 8243; INTERNAL; 41; 41; 0; 8253
INTERNAL; 41; 41; 0; 8253; INTERNAL; 40; 40; 0; 8232
INTERNAL; 46; 48; 2; 8211; INTERNAL; 40; 42; 2; 4324
INTERNAL; 40; 42; 2; 4324; INTERNAL; 38; 41; 3; 8799
INTERNAL; 46; 48; 2; 8211; INTERNAL; 45; 45; 0; 8241
INTERNAL; 45; 45; 0; 8241; INTERNAL; 44; 44; 0; 3860
INTERNAL; 44; 44; 0; 3860; INTERNAL; 39; 43; 4; 5394
INTERNAL; 44; 44; 0; 3860; INTERNAL; 41; 43; 2; 6915
INTERNAL; 41; 43; 2; 6915; INTERNAL; 40; 41; 1; 8581
INTERNAL; 44; 44; 0; 3860; INTERNAL; 40; 43; 3; 7453
INTERNAL; 40; 43; 3; 7453; INTERNAL; 38; 42; 4; 8584
INTERNAL; 44; 44; 0; 3860; INTERNAL; 43; 43; 0; 9308
INTERNAL; 43; 43; 0; 9308; INTERNAL; 41; 42; 1; 3947
INTERNAL; 51; 54; 3; 5275; INTERNAL; 50; 50; 0; 4052
INTERNAL; 50; 50; 0; 4052; INTERNAL; 49; 49; 0; 8082
INTERNAL; 49; 49; 0; 8082; INTERNAL; 46; 48; 2; 8209
INTERNAL; 46; 48; 2; 8209; INTERNAL; 44; 47; 3; 8599
INTERNAL; 49; 49; 0; 8082; INTERNAL; 47; 48; 1; 8212
INTERNAL; 47; 48; 1; 8212; INTERNAL; 46; 46; 0; 8597
INTERNAL; 49; 49; 0; 8082; INTERNAL; 48; 48; 0; 6219
INTERNAL; 48; 48; 0; 6219; INTERNAL; 47; 47; 0; 8219
INTERNAL; 48; 48; 0; 6219; INTERNAL; 46; 47; 1; 8242
INTERNAL; 46; 47; 1; 8242; INTERNAL; 42; 46; 4; 7497
INTERNAL; 48; 48; 0; 6219; INTERNAL; 46; 47; 1; 4113
INTERNAL; 48; 48; 0; 6219; INTERNAL; 47; 47; 0; 8216
INTERNAL; 47; 47; 0; 8216; INTERNAL; 46; 46; 0; 8227
INTERNAL; 46; 46; 0; 8227; INTERNAL; 45; 45; 0; 7704
INTERNAL; 46; 46; 0; 8227; INTERNAL; 45; 45; 0; 8265
INTERNAL; 45; 45; 0; 8265; INTERNAL; 2; 44; 42; 6136
INTERNAL; 2; 44; 42; 6136; INPUT; 1; 43; 42; 8596
INTERNAL; 45; 45; 0; 8265; INTERNAL; 7; 44; 37; 6612
INTERNAL; 45; 45; 0; 8265; INTERNAL; 6; 44; 38; 5131
INTERNAL; 46; 46; 0; 8227; INTERNAL; 45; 45; 0; 8594
INTERNAL; 45; 45; 0; 8594; INTERNAL; 41; 44; 3; 8591
INTERNAL; 46; 46; 0; 8227; INTERNAL; 45; 45; 0; 8206
INTERNAL; 45; 45; 0; 8206; INTERNAL; 40; 44; 4; 7950
INTERNAL; 47; 47; 0; 8216; INTERNAL; 46; 46; 0; 8226
INTERNAL; 47; 47; 0; 8216; INTERNAL; 46; 46; 0; 4472
INTERNAL; 46; 46; 0; 4472; INTERNAL; 41; 44; 3; 8587
INTERNAL; 47; 47; 0; 8216; INTERNAL; 46; 46; 0; 8220
INTERNAL; 46; 46; 0; 8220; INTERNAL; 42; 45; 3; 8235
INTERNAL; 50; 50; 0; 4052; INTERNAL; 46; 49; 3; 8169
INTERNAL; 50; 50; 0; 4052; INTERNAL; 7; 49; 42; 5203
INTERNAL; 50; 50; 0; 4052; INTERNAL; 45; 49; 4; 7102
INTERNAL; 45; 49; 4; 7102; INTERNAL; 44; 48; 4; 8611
INTERNAL; 55; 55; 0; 7844; INTERNAL; 54; 54; 0; 8178
INTERNAL; 54; 54; 0; 8178; INTERNAL; 51; 53; 2; 9274
INTERNAL; 54; 54; 0; 8178; INTERNAL; 53; 53; 0; 8180
INTERNAL; 53; 53; 0; 8180; INTERNAL; 52; 52; 0; 7881
INTERNAL; 52; 52; 0; 7881; INTERNAL; 51; 51; 0; 8168
INTERNAL; 51; 51; 0; 8168; INTERNAL; 46; 50; 4; 8203
INTERNAL; 53; 53; 0; 8180; INTERNAL; 51; 52; 1; 8192
INTERNAL; 51; 52; 1; 8192; INTERNAL; 47; 51; 4; 5157
INTERNAL; 53; 53; 0; 8180; INTERNAL; 52; 52; 0; 8201
INTERNAL; 52; 52; 0; 8201; INTERNAL; 51; 51; 0; 9595
INTERNAL; 52; 52; 0; 8201; INTERNAL; 51; 51; 0; 8614
INTERNAL; 51; 51; 0; 8614; INTERNAL; 50; 50; 0; 7090
INTERNAL; 50; 50; 0; 7090; INTERNAL; 13; 49; 36; 8616
INTERNAL; 13; 49; 36; 8616; INTERNAL; 12; 48; 36; 8175
INTERNAL; 51; 51; 0; 8614; INPUT; 1; 50; 49; 4553
INTERNAL; 52; 52; 0; 8201; INTERNAL; 51; 51; 0; 3328
INTERNAL; 51; 51; 0; 3328; INTERNAL; 45; 50; 5; 7354
INTERNAL; 52; 52; 0; 8201; INTERNAL; 51; 51; 0; 7841
INTERNAL; 53; 53; 0; 8180; INTERNAL; 51; 52; 1; 8197
INTERNAL; 51; 52; 1; 8197; INTERNAL; 47; 51; 4; 5416
INTERNAL; 51; 52; 1; 8197; INTERNAL; 46; 51; 5; 8617
INTERNAL; 54; 54; 0; 8178; INTERNAL; 51; 53; 2; 4169
INTERNAL; 54; 54; 0; 8178; INTERNAL; 52; 53; 1; 8185
INTERNAL; 52; 53; 1; 8185; INTERNAL; 51; 52; 1; 5115
INTERNAL; 51; 52; 1; 5115; INTERNAL; 48; 51; 3; 8620
INTERNAL; 55; 55; 0; 7844; INTERNAL; 52; 54; 2; 10001
INTERNAL; 55; 55; 0; 7844; INTERNAL; 51; 54; 3; 3530
INTERNAL; 51; 54; 3; 3530; INTERNAL; 49; 53; 4; 5237
INTERNAL; 58; 60; 2; 8651; INTERNAL; 51; 55; 4; 6418
INTERNAL; 51; 55; 4; 6418; INTERNAL; 49; 54; 5; 8622
INTERNAL; 58; 60; 2; 8651; INTERNAL; 57; 57; 0; 8159
INTERNAL; 57; 57; 0; 8159; INTERNAL; 56; 56; 0; 8174
INTERNAL; 56; 56; 0; 8174; INTERNAL; 51; 55; 4; 7964
INTERNAL; 51; 55; 4; 7964; INTERNAL; 50; 54; 4; 8628
INTERNAL; 56; 56; 0; 8174; INTERNAL; 51; 55; 4; 8177
INTERNAL; 57; 57; 0; 8159; INTERNAL; 51; 56; 5; 3897
INTERNAL; 64; 67; 3; 4888; INTERNAL; 63; 63; 0; 8086
INTERNAL; 63; 63; 0; 8086; INTERNAL; 58; 62; 4; 10011
INTERNAL; 58; 62; 4; 10011; INTERNAL; 57; 61; 4; 10028
INTERNAL; 57; 61; 4; 10028; INTERNAL; 56; 60; 4; 8656
INTERNAL; 63; 63; 0; 8086; INTERNAL; 62; 62; 0; 8143
INTERNAL; 62; 62; 0; 8143; INTERNAL; 59; 61; 2; 8147
INTERNAL; 62; 62; 0; 8143; INTERNAL; 58; 61; 3; 6377
INTERNAL; 58; 61; 3; 6377; INTERNAL; 55; 60; 5; 8655
INTERNAL; 62; 62; 0; 8143; INTERNAL; 58; 61; 3; 8145
INTERNAL; 62; 62; 0; 8143; INTERNAL; 61; 61; 0; 3487
INTERNAL; 61; 61; 0; 3487; INTERNAL; 58; 60; 2; 5994
INTERNAL; 58; 60; 2; 5994; INTERNAL; 55; 59; 4; 6891
INTERNAL; 55; 59; 4; 6891; INTERNAL; 54; 58; 4; 8648
INTERNAL; 61; 61; 0; 3487; INTERNAL; 59; 60; 1; 8149
INTERNAL; 59; 60; 1; 8149; INTERNAL; 58; 58; 0; 8645
INTERNAL; 61; 61; 0; 3487; INTERNAL; 60; 60; 0; 3704
INTERNAL; 60; 60; 0; 3704; INTERNAL; 59; 59; 0; 7443
INTERNAL; 60; 60; 0; 3704; INTERNAL; 59; 59; 0; 3742
INTERNAL; 59; 59; 0; 3742; INTERNAL; 58; 58; 0; 8154
INTERNAL; 58; 58; 0; 8154; INTERNAL; 52; 56; 4; 8631
INTERNAL; 59; 59; 0; 3742; INTERNAL; 58; 58; 0; 6411
INTERNAL; 58; 58; 0; 6411; INTERNAL; 57; 57; 0; 8092
INTERNAL; 58; 58; 0; 6411; INTERNAL; 57; 57; 0; 7915
INTERNAL; 58; 58; 0; 6411; INTERNAL; 2; 57; 55; 4616
INTERNAL; 2; 57; 55; 4616; INPUT; 1; 56; 55; 8643
INTERNAL; 58; 58; 0; 6411; INTERNAL; 57; 57; 0; 8636
INTERNAL; 57; 57; 0; 8636; INTERNAL; 51; 55; 4; 8638
INTERNAL; 57; 57; 0; 8636; INTERNAL; 52; 56; 4; 7977
INTERNAL; 59; 59; 0; 3742; INTERNAL; 58; 58; 0; 8132
INTERNAL; 58; 58; 0; 8132; INTERNAL; 53; 57; 4; 8163
INTERNAL; 53; 57; 4; 8163; INTERNAL; 52; 56; 4; 3949
INTERNAL; 59; 59; 0; 3742; INTERNAL; 58; 58; 0; 8157
INTERNAL; 59; 59; 0; 3742; INTERNAL; 58; 58; 0; 5781
INTERNAL; 58; 58; 0; 5781; INTERNAL; 53; 57; 4; 4357
INTERNAL; 59; 59; 0; 3742; INTERNAL; 58; 58; 0; 8131
INTERNAL; 60; 60; 0; 3704; INTERNAL; 58; 59; 1; 8152
INTERNAL; 60; 60; 0; 3704; INTERNAL; 58; 59; 1; 8151
INTERNAL; 58; 59; 1; 8151; INTERNAL; 53; 58; 5; 8646
INTERNAL; 61; 61; 0; 3487; INTERNAL; 58; 60; 2; 9058
INTERNAL; 63; 63; 0; 8086; INTERNAL; 58; 62; 4; 6621
INTERNAL; 63; 63; 0; 8086; INTERNAL; 59; 62; 3; 6899
INTERNAL; 64; 67; 3; 4888; INTERNAL; 62; 66; 4; 8688
INTERNAL; 69; 69; 0; 8989; INTERNAL; 65; 68; 3; 8116
INTERNAL; 65; 68; 3; 8116; INTERNAL; 64; 64; 0; 8137
INTERNAL; 69; 69; 0; 8989; INTERNAL; 65; 68; 3; 3271
INTERNAL; 69; 69; 0; 8989; INTERNAL; 68; 68; 0; 8115
INTERNAL; 68; 68; 0; 8115; INTERNAL; 66; 67; 1; 7193
INTERNAL; 66; 67; 1; 7193; INTERNAL; 65; 65; 0; 3787
INTERNAL; 65; 65; 0; 3787; INTERNAL; 60; 64; 4; 8684
INTERNAL; 68; 68; 0; 8115; INTERNAL; 67; 67; 0; 8124
INTERNAL; 67; 67; 0; 8124; INTERNAL; 66; 66; 0; 4487
INTERNAL; 67; 67; 0; 8124; INTERNAL; 65; 66; 1; 7493
INTERNAL; 67; 67; 0; 8124; INTERNAL; 65; 66; 1; 10056
INTERNAL; 67; 67; 0; 8124; INTERNAL; 66; 66; 0; 7880
INTERNAL; 66; 66; 0; 7880; INTERNAL; 65; 65; 0; 9748
INTERNAL; 65; 65; 0; 9748; INTERNAL; 64; 64; 0; 8667
INTERNAL; 64; 64; 0; 8667; INTERNAL; 58; 62; 4; 6215
INTERNAL; 65; 65; 0; 9748; INTERNAL; 64; 64; 0; 8671
INTERNAL; 64; 64; 0; 8671; INTERNAL; 58; 63; 5; 8665
INTERNAL; 64; 64; 0; 8671; INTERNAL; 59; 63; 4; 8659
INTERNAL; 65; 65; 0; 9748; INTERNAL; 64; 64; 0; 8670
INTERNAL; 65; 65; 0; 9748; INTERNAL; 64; 64; 0; 6111
INTERNAL; 64; 64; 0; 6111; INTERNAL; 13; 63; 50; 8675
INTERNAL; 13; 63; 50; 8675; INTERNAL; 12; 62; 50; 4303
INTERNAL; 64; 64; 0; 6111; INTERNAL; 7; 63; 56; 8680
INTERNAL; 64; 64; 0; 6111; INTERNAL; 2; 63; 61; 8718
INTERNAL; 2; 63; 61; 8718; INPUT; 1; 62; 61; 8681
INTERNAL; 66; 66; 0; 7880; INTERNAL; 65; 65; 0; 8103
INTERNAL; 66; 66; 0; 7880; INTERNAL; 65; 65; 0; 6070
INTERNAL; 65; 65; 0; 6070; INTERNAL; 59; 64; 5; 8128
INTERNAL; 66; 66; 0; 7880; INTERNAL; 65; 65; 0; 9607
INTERNAL; 65; 65; 0; 9607; INTERNAL; 58; 64; 6; 8127
INTERNAL; 68; 68; 0; 8115; INTERNAL; 65; 67; 2; 3265
INTERNAL; 68; 68; 0; 8115; INTERNAL; 65; 67; 2; 8123
INTERNAL; 65; 67; 2; 8123; INTERNAL; 61; 66; 5; 8686
INTERNAL; 70; 70; 0; 8106; INTERNAL; 65; 69; 4; 8108
INTERNAL; 70; 70; 0; 8106; INTERNAL; 65; 69; 4; 8113
INTERNAL; 70; 70; 0; 8106; INTERNAL; 64; 69; 5; 8111
INTERNAL; 64; 69; 5; 8111; INTERNAL; 63; 68; 5; 6236
INTERNAL; 71; 76; 5; 3816; INTERNAL; 70; 75; 5; 8722
INTERNAL; 78; 85; 7; 9187; INTERNAL; 77; 77; 0; 7581
INTERNAL; 77; 77; 0; 7581; INTERNAL; 73; 76; 3; 8080
INTERNAL; 73; 76; 3; 8080; INTERNAL; 72; 74; 2; 8715
INTERNAL; 72; 74; 2; 8715; INTERNAL; 71; 71; 0; 8104
INTERNAL; 77; 77; 0; 7581; INTERNAL; 71; 76; 5; 8074
INTERNAL; 71; 76; 5; 8074; INTERNAL; 69; 75; 6; 8720
INTERNAL; 77; 77; 0; 7581; INTERNAL; 76; 76; 0; 8077
INTERNAL; 76; 76; 0; 8077; INTERNAL; 72; 75; 3; 6005
INTERNAL; 72; 75; 3; 6005; INTERNAL; 68; 74; 6; 6372
INTERNAL; 76; 76; 0; 8077; INTERNAL; 73; 75; 2; 8083
INTERNAL; 76; 76; 0; 8077; INTERNAL; 75; 75; 0; 6488
INTERNAL; 75; 75; 0; 6488; INTERNAL; 71; 74; 3; 8257
INTERNAL; 71; 74; 3; 8257; INTERNAL; 67; 73; 6; 3180
INTERNAL; 75; 75; 0; 6488; INTERNAL; 72; 74; 2; 7384
INTERNAL; 75; 75; 0; 6488; INTERNAL; 73; 74; 1; 8087
INTERNAL; 73; 74; 1; 8087; INTERNAL; 72; 72; 0; 8711
INTERNAL; 75; 75; 0; 6488; INTERNAL; 74; 74; 0; 8084
INTERNAL; 74; 74; 0; 8084; INTERNAL; 72; 73; 1; 8096
INTERNAL; 72; 73; 1; 8096; INTERNAL; 66; 72; 6; 8712
INTERNAL; 74; 74; 0; 8084; INTERNAL; 72; 73; 1; 8091
INTERNAL; 74; 74; 0; 8084; INTERNAL; 73; 73; 0; 3802
INTERNAL; 73; 73; 0; 3802; INTERNAL; 72; 72; 0; 8101
INTERNAL; 72; 72; 0; 8101; INTERNAL; 66; 70; 4; 3610
INTERNAL; 66; 70; 4; 3610; INTERNAL; 65; 69; 4; 8691
INTERNAL; 73; 73; 0; 3802; INTERNAL; 71; 72; 1; 7996
INTERNAL; 71; 72; 1; 7996; INTERNAL; 65; 71; 6; 8708
INTERNAL; 71; 72; 1; 7996; INTERNAL; 66; 71; 5; 8701
INTERNAL; 73; 73; 0; 3802; INTERNAL; 72; 72; 0; 8098
INTERNAL; 73; 73; 0; 3802; INTERNAL; 72; 72; 0; 8099
INTERNAL; 72; 72; 0; 8099; INTERNAL; 71; 71; 0; 8069
INTERNAL; 72; 72; 0; 8099; INTERNAL; 71; 71; 0; 9077
INTERNAL; 71; 71; 0; 9077; INTERNAL; 64; 70; 6; 5738
INTERNAL; 72; 72; 0; 8099; INTERNAL; 71; 71; 0; 8695
INTERNAL; 72; 72; 0; 8099; INTERNAL; 71; 71; 0; 3188
INTERNAL; 71; 71; 0; 3188; INTERNAL; 2; 70; 68; 5104
INTERNAL; 2; 70; 68; 5104; INPUT; 1; 69; 68; 7179
INTERNAL; 71; 71; 0; 3188; INTERNAL; 9; 70; 61; 6347
INTERNAL; 9; 70; 61; 6347; INTERNAL; 8; 69; 61; 7825
INTERNAL; 8; 69; 61; 7825; INTERNAL; 7; 68; 61; 7261
INTERNAL; 7; 68; 61; 7261; INTERNAL; 6; 67; 61; 7623
INTERNAL; 74; 74; 0; 8084; INTERNAL; 73; 73; 0; 5720
INTERNAL; 76; 76; 0; 8077; INTERNAL; 72; 75; 3; 8928
INTERNAL; 77; 77; 0; 7581; INTERNAL; 72; 76; 4; 8070
INTERNAL; 78; 85; 7; 9187; INTERNAL; 9; 76; 67; 9298
INTERNAL; 86; 86; 0; 8037; INTERNAL; 7; 84; 77; 8040
INTERNAL; 7; 84; 77; 8040; INTERNAL; 6; 83; 77; 7701
INTERNAL; 6; 83; 77; 7701; INTERNAL; 5; 82; 77; 4661
INTERNAL; 86; 86; 0; 8037; INTERNAL; 85; 85; 0; 3661
INTERNAL; 85; 85; 0; 3661; INTERNAL; 84; 84; 0; 7826
INTERNAL; 84; 84; 0; 7826; INTERNAL; 80; 83; 3; 8048
INTERNAL; 80; 83; 3; 8048; INTERNAL; 79; 82; 3; 8742
INTERNAL; 79; 82; 3; 8742; INTERNAL; 78; 78; 0; 5950
INTERNAL; 78; 78; 0; 5950; INTERNAL; 72; 77; 5; 9343
INTERNAL; 78; 78; 0; 5950; INTERNAL; 72; 77; 5; 8777
INTERNAL; 79; 82; 3; 8742; INTERNAL; 76; 81; 5; 8743
INTERNAL; 84; 84; 0; 7826; INTERNAL; 83; 83; 0; 8043
INTERNAL; 83; 83; 0; 8043; INTERNAL; 79; 82; 3; 4647
INTERNAL; 79; 82; 3; 4647; INTERNAL; 75; 81; 6; 8740
INTERNAL; 83; 83; 0; 8043; INTERNAL; 79; 82; 3; 4610
INTERNAL; 83; 83; 0; 8043; INTERNAL; 82; 82; 0; 9723
INTERNAL; 82; 82; 0; 9723; INTERNAL; 80; 81; 1; 8059
INTERNAL; 80; 81; 1; 8059; INTERNAL; 79; 80; 1; 8733
INTERNAL; 79; 80; 1; 8733; INTERNAL; 74; 79; 5; 5890
INTERNAL; 82; 82; 0; 9723; INTERNAL; 81; 81; 0; 6559
INTERNAL; 81; 81; 0; 6559; INTERNAL; 79; 80; 1; 8061
INTERNAL; 79; 80; 1; 8061; INTERNAL; 73; 79; 6; 4039
INTERNAL; 81; 81; 0; 6559; INTERNAL; 80; 80; 0; 8065
INTERNAL; 80; 80; 0; 8065; INTERNAL; 79; 79; 0; 5243
INTERNAL; 80; 80; 0; 8065; INTERNAL; 79; 79; 0; 9697
INTERNAL; 79; 79; 0; 9697; INTERNAL; 72; 78; 6; 3573
INTERNAL; 79; 79; 0; 9697; INTERNAL; 72; 78; 6; 4919
INTERNAL; 80; 80; 0; 8065; INTERNAL; 79; 79; 0; 7488
INTERNAL; 79; 79; 0; 7488; INTERNAL; 72; 78; 6; 6361
INTERNAL; 80; 80; 0; 8065; INTERNAL; 79; 79; 0; 8725
INTERNAL; 80; 80; 0; 8065; INTERNAL; 79; 79; 0; 5077
INTERNAL; 79; 79; 0; 5077; INTERNAL; 78; 78; 0; 7715
INTERNAL; 78; 78; 0; 7715; INTERNAL; 71; 76; 5; 5988
INTERNAL; 78; 78; 0; 7715; INTERNAL; 72; 77; 5; 8726
INTERNAL; 79; 79; 0; 5077; INTERNAL; 2; 78; 76; 7898
INTERNAL; 2; 78; 76; 7898; INPUT; 1; 77; 76; 8727
INTERNAL; 79; 79; 0; 5077; INTERNAL; 78; 78; 0; 7078
INTERNAL; 81; 81; 0; 6559; INTERNAL; 79; 80; 1; 6763
INTERNAL; 81; 81; 0; 6559; INTERNAL; 80; 80; 0; 8063
INTERNAL; 80; 80; 0; 8063; INTERNAL; 79; 79; 0; 8066
INTERNAL; 82; 82; 0; 9723; INTERNAL; 79; 81; 2; 8056
INTERNAL; 82; 82; 0; 9723; INTERNAL; 79; 81; 2; 8052
INTERNAL; 83; 83; 0; 8043; INTERNAL; 80; 82; 2; 4255
INTERNAL; 84; 84; 0; 7826; INTERNAL; 79; 83; 4; 8888
INTERNAL; 84; 84; 0; 7826; INTERNAL; 79; 83; 4; 8046
INTERNAL; 85; 85; 0; 3661; INTERNAL; 79; 84; 5; 4247
INTERNAL; 85; 85; 0; 3661; INTERNAL; 80; 84; 4; 4626
INTERNAL; 85; 85; 0; 3661; INTERNAL; 79; 84; 5; 8798
INTERNAL; 79; 84; 5; 8798; INTERNAL; 77; 83; 6; 8623
INTERNAL; 90; 90; 0; 4901; INTERNAL; 88; 89; 1; 8022
INTERNAL; 88; 89; 1; 8022; INTERNAL; 87; 88; 1; 5589
INTERNAL; 87; 88; 1; 5589; INTERNAL; 81; 87; 6; 8579
INTERNAL; 90; 90; 0; 4901; INTERNAL; 88; 89; 1; 7580
INTERNAL; 90; 90; 0; 4901; INTERNAL; 89; 89; 0; 7817
INTERNAL; 89; 89; 0; 7817; INTERNAL; 87; 88; 1; 8026
INTERNAL; 87; 88; 1; 8026; INTERNAL; 86; 86; 0; 8764
INTERNAL; 86; 86; 0; 8764; INTERNAL; 79; 85; 6; 8766
INTERNAL; 86; 86; 0; 8764; INTERNAL; 80; 85; 5; 4709
INTERNAL; 89; 89; 0; 7817; INTERNAL; 87; 88; 1; 8023
INTERNAL; 89; 89; 0; 7817; INTERNAL; 87; 88; 1; 5011
INTERNAL; 87; 88; 1; 5011; INTERNAL; 80; 87; 7; 8768
INTERNAL; 89; 89; 0; 7817; INTERNAL; 88; 88; 0; 8025
INTERNAL; 88; 88; 0; 8025; INTERNAL; 87; 87; 0; 8027
INTERNAL; 88; 88; 0; 8025; INTERNAL; 87; 87; 0; 8035
INTERNAL; 88; 88; 0; 8025; INTERNAL; 87; 87; 0; 8028
INTERNAL; 88; 88; 0; 8025; INTERNAL; 87; 87; 0; 10129
INTERNAL; 87; 87; 0; 10129; INTERNAL; 86; 86; 0; 9871
INTERNAL; 86; 86; 0; 9871; INTERNAL; 79; 85; 6; 8750
INTERNAL; 87; 87; 0; 10129; INTERNAL; 86; 86; 0; 8745
INTERNAL; 86; 86; 0; 8745; INTERNAL; 9; 85; 76; 6764
INTERNAL; 9; 85; 76; 6764; INTERNAL; 8; 84; 76; 8760
INTERNAL; 86; 86; 0; 8745; INTERNAL; 8; 85; 77; 8753
INTERNAL; 87; 87; 0; 10129; INTERNAL; 2; 86; 84; 8746
INTERNAL; 2; 86; 84; 8746; INPUT; 1; 85; 84; 8763
INTERNAL; 88; 88; 0; 8025; INTERNAL; 87; 87; 0; 7999
INTERNAL; 90; 90; 0; 4901; INTERNAL; 88; 89; 1; 5652
INTERNAL; 88; 89; 1; 5652; INTERNAL; 87; 88; 1; 7774
INTERNAL; 91; 91; 0; 8012; INTERNAL; 88; 90; 2; 9272
INTERNAL; 91; 91; 0; 8012; INTERNAL; 87; 90; 3; 8018
INTERNAL; 91; 91; 0; 8012; INTERNAL; 87; 90; 3; 8020
INTERNAL; 87; 90; 3; 8020; INTERNAL; 82; 89; 7; 8770
INTERNAL; 95; 100; 5; 7974; INTERNAL; 87; 91; 4; 8016
INTERNAL; 87; 91; 4; 8016; INTERNAL; 83; 90; 7; 8772
INTERNAL; 95; 100; 5; 7974; INTERNAL; 87; 91; 4; 5643
INTERNAL; 95; 100; 5; 7974; INTERNAL; 94; 94; 0; 7998
INTERNAL; 94; 94; 0; 7998; INTERNAL; 87; 93; 6; 8003
INTERNAL; 87; 93; 6; 8003; INTERNAL; 85; 92; 7; 8775
INTERNAL; 94; 94; 0; 7998; INTERNAL; 86; 93; 7; 8001
INTERNAL; 94; 94; 0; 7998; INTERNAL; 93; 93; 0; 8604
INTERNAL; 93; 93; 0; 8604; INTERNAL; 92; 92; 0; 6840
INTERNAL; 92; 92; 0; 6840; INTERNAL; 88; 91; 3; 3654
INTERNAL; 88; 91; 3; 3654; INTERNAL; 87; 90; 3; 8771
INTERNAL; 93; 93; 0; 8604; INTERNAL; 87; 92; 5; 8010
INTERNAL; 87; 92; 5; 8010; INTERNAL; 84; 91; 7; 9201
INTERNAL; 93; 93; 0; 8604; INTERNAL; 88; 92; 4; 3310
INTERNAL; 93; 93; 0; 8604; INTERNAL; 87; 92; 5; 8008
INTERNAL; 101; 109; 8; 9879; INTERNAL; 96; 100; 4; 7220
INTERNAL; 96; 100; 4; 7220; INTERNAL; 95; 98; 3; 3564
INTERNAL; 101; 109; 8; 9879; INTERNAL; 100; 100; 0; 7975
INTERNAL; 100; 100; 0; 7975; INTERNAL; 96; 99; 3; 7985
INTERNAL; 100; 100; 0; 7975; INTERNAL; 95; 99; 4; 7981
INTERNAL; 100; 100; 0; 7975; INTERNAL; 95; 99; 4; 7979
INTERNAL; 95; 99; 4; 7979; INTERNAL; 91; 98; 7; 8783
INTERNAL; 100; 100; 0; 7975; INTERNAL; 99; 99; 0; 6981
INTERNAL; 99; 99; 0; 6981; INTERNAL; 98; 98; 0; 7989
INTERNAL; 98; 98; 0; 7989; INTERNAL; 95; 97; 2; 9074
INTERNAL; 95; 97; 2; 9074; INTERNAL; 89; 96; 7; 8293
INTERNAL; 98; 98; 0; 7989; INTERNAL; 97; 97; 0; 7052
INTERNAL; 97; 97; 0; 7052; INTERNAL; 95; 96; 1; 7995
INTERNAL; 95; 96; 1; 7995; INTERNAL; 89; 95; 6; 4101
INTERNAL; 89; 95; 6; 4101; INTERNAL; 88; 94; 6; 8780
INTERNAL; 97; 97; 0; 7052; INTERNAL; 96; 96; 0; 7997
INTERNAL; 96; 96; 0; 7997; INTERNAL; 95; 95; 0; 7128
INTERNAL; 97; 97; 0; 7052; INTERNAL; 96; 96; 0; 3814
INTERNAL; 96; 96; 0; 3814; INTERNAL; 95; 95; 0; 3284
INTERNAL; 96; 96; 0; 3814; INTERNAL; 95; 95; 0; 8385
INTERNAL; 96; 96; 0; 3814; INTERNAL; 95; 95; 0; 7978
INTERNAL; 95; 95; 0; 7978; INTERNAL; 2; 94; 92; 4458
INTERNAL; 2; 94; 92; 4458; INPUT; 1; 93; 92; 8779
INTERNAL; 95; 95; 0; 7978; INTERNAL; 9; 94; 85; 6404
INTERNAL; 95; 95; 0; 7978; INTERNAL; 94; 94; 0; 8778
INTERNAL; 95; 95; 0; 7978; INTERNAL; 7; 94; 87; 6166
INTERNAL; 7; 94; 87; 6166; INTERNAL; 6; 93; 87; 8221
INTERNAL; 96; 96; 0; 3814; INTERNAL; 95; 95; 0; 5769
INTERNAL; 97; 97; 0; 7052; INTERNAL; 95; 96; 1; 8343
INTERNAL; 95; 96; 1; 8343; INTERNAL; 87; 95; 8; 5129
INTERNAL; 98; 98; 0; 7989; INTERNAL; 95; 97; 2; 7993
INTERNAL; 98; 98; 0; 7989; INTERNAL; 96; 97; 1; 3270
INTERNAL; 96; 97; 1; 3270; INTERNAL; 95; 96; 1; 8782
INTERNAL; 99; 99; 0; 6981; INTERNAL; 95; 98; 3; 7045
INTERNAL; 99; 99; 0; 6981; INTERNAL; 96; 98; 2; 7991
INTERNAL; 99; 99; 0; 6981; INTERNAL; 95; 98; 3; 7988
INTERNAL; 95; 98; 3; 7988; INTERNAL; 90; 97; 7; 4058
INTERNAL; 104; 110; 6; 7926; INTERNAL; 103; 103; 0; 7961
INTERNAL; 103; 103; 0; 7961; INTERNAL; 95; 102; 7; 7969
INTERNAL; 103; 103; 0; 7961; INTERNAL; 95; 102; 7; 7972
INTERNAL; 95; 102; 7; 7972; INTERNAL; 94; 101; 7; 7105
INTERNAL; 103; 103; 0; 7961; INTERNAL; 95; 102; 7; 3128
INTERNAL; 103; 103; 0; 7961; INTERNAL; 102; 102; 0; 7965
INTERNAL; 102; 102; 0; 7965; INTERNAL; 95; 101; 6; 7678
INTERNAL; 95; 101; 6; 7678; INTERNAL; 93; 100; 7; 8786
INTERNAL; 102; 102; 0; 7965; INTERNAL; 95; 101; 6; 7973
INTERNAL; 102; 102; 0; 7965; INTERNAL; 101; 101; 0; 6505
INTERNAL; 101; 101; 0; 6505; INTERNAL; 95; 100; 5; 6298
INTERNAL; 95; 100; 5; 6298; INTERNAL; 92; 99; 7; 8785
INTERNAL; 114; 119; 5; 7878; INTERNAL; 110; 110; 0; 4136
INTERNAL; 110; 110; 0; 4136; INTERNAL; 104; 109; 5; 7933
INTERNAL; 110; 110; 0; 4136; INTERNAL; 109; 109; 0; 7379
INTERNAL; 109; 109; 0; 7379; INTERNAL; 105; 108; 3; 7945
INTERNAL; 105; 108; 3; 7945; INTERNAL; 104; 107; 3; 4982
INTERNAL; 109; 109; 0; 7379; INTERNAL; 104; 108; 4; 7943
INTERNAL; 104; 108; 4; 7943; INTERNAL; 99; 107; 8; 5682
INTERNAL; 109; 109; 0; 7379; INTERNAL; 108; 108; 0; 7937
INTERNAL; 108; 108; 0; 7937; INTERNAL; 104; 107; 3; 7946
INTERNAL; 104; 107; 3; 7946; INTERNAL; 99; 106; 7; 6340
INTERNAL; 99; 106; 7; 6340; INTERNAL; 98; 104; 6; 7600
INTERNAL; 108; 108; 0; 7937; INTERNAL; 104; 107; 3; 4284
INTERNAL; 108; 108; 0; 7937; INTERNAL; 105; 107; 2; 6853
INTERNAL; 105; 107; 2; 6853; INTERNAL; 104; 105; 1; 7064
INTERNAL; 108; 108; 0; 7937; INTERNAL; 107; 107; 0; 5532
INTERNAL; 107; 107; 0; 5532; INTERNAL; 105; 106; 1; 7190
INTERNAL; 107; 107; 0; 5532; INTERNAL; 106; 106; 0; 7947
INTERNAL; 106; 106; 0; 7947; INTERNAL; 105; 105; 0; 7956
INTERNAL; 105; 105; 0; 7956; INTERNAL; 104; 104; 0; 7959
INTERNAL; 104; 104; 0; 7959; INTERNAL; 96; 103; 7; 7962
INTERNAL; 106; 106; 0; 7947; INTERNAL; 105; 105; 0; 7957
INTERNAL; 105; 105; 0; 7957; INTERNAL; 104; 104; 0; 8793
INTERNAL; 105; 105; 0; 7957; INTERNAL; 104; 104; 0; 8792
INTERNAL; 104; 104; 0; 8792; INPUT; 1; 102; 101; 8797
INTERNAL; 105; 105; 0; 7957; INTERNAL; 104; 104; 0; 8790
INTERNAL; 104; 104; 0; 8790; INTERNAL; 95; 103; 8; 8795
INTERNAL; 105; 105; 0; 7957; INTERNAL; 104; 104; 0; 8788
INTERNAL; 106; 106; 0; 7947; INTERNAL; 104; 105; 1; 7954
INTERNAL; 104; 105; 1; 7954; INTERNAL; 97; 104; 7; 5558
INTERNAL; 106; 106; 0; 7947; INTERNAL; 104; 105; 1; 7913
INTERNAL; 104; 105; 1; 7913; INTERNAL; 97; 104; 7; 9601
INTERNAL; 107; 107; 0; 5532; INTERNAL; 104; 106; 2; 9143
INTERNAL; 107; 107; 0; 5532; INTERNAL; 104; 106; 2; 7949
INTERNAL; 109; 109; 0; 7379; INTERNAL; 104; 108; 4; 7939
INTERNAL; 110; 110; 0; 4136; INTERNAL; 104; 109; 5; 7428
INTERNAL; 104; 109; 5; 7428; INTERNAL; 100; 108; 8; 8802
INTERNAL; 110; 110; 0; 4136; INTERNAL; 105; 109; 4; 7935
INTERNAL; 114; 119; 5; 7878; INTERNAL; 113; 113; 0; 4044
INTERNAL; 113; 113; 0; 4044; INTERNAL; 9; 111; 102; 7918
INTERNAL; 113; 113; 0; 4044; INTERNAL; 112; 112; 0; 3161
INTERNAL; 112; 112; 0; 3161; INTERNAL; 104; 111; 7; 9080
INTERNAL; 104; 111; 7; 9080; INTERNAL; 103; 110; 7; 6562
INTERNAL; 112; 112; 0; 3161; INTERNAL; 111; 111; 0; 6155
INTERNAL; 111; 111; 0; 6155; INTERNAL; 105; 110; 5; 7927
INTERNAL; 105; 110; 5; 7927; INTERNAL; 104; 109; 5; 8808
INTERNAL; 111; 111; 0; 6155; INTERNAL; 104; 110; 6; 7923
INTERNAL; 112; 112; 0; 3161; INTERNAL; 105; 111; 6; 8724
INTERNAL; 112; 112; 0; 3161; INTERNAL; 104; 111; 7; 7921
INTERNAL; 123; 129; 6; 7832; INTERNAL; 119; 119; 0; 7876
INTERNAL; 119; 119; 0; 7876; INTERNAL; 114; 118; 4; 6318
INTERNAL; 114; 118; 4; 6318; INTERNAL; 109; 115; 6; 8828
INTERNAL; 119; 119; 0; 7876; INTERNAL; 118; 118; 0; 6932
INTERNAL; 118; 118; 0; 6932; INTERNAL; 115; 117; 2; 6893
INTERNAL; 115; 117; 2; 6893; INTERNAL; 114; 116; 2; 6534
INTERNAL; 118; 118; 0; 6932; INTERNAL; 117; 117; 0; 7887
INTERNAL; 117; 117; 0; 7887; INTERNAL; 115; 116; 1; 7293
INTERNAL; 115; 116; 1; 7293; INTERNAL; 114; 114; 0; 8822
INTERNAL; 114; 114; 0; 8822; INTERNAL; 107; 113; 6; 8824
INTERNAL; 117; 117; 0; 7887; INTERNAL; 116; 116; 0; 7893
INTERNAL; 116; 116; 0; 7893; INTERNAL; 115; 115; 0; 3849
INTERNAL; 115; 115; 0; 3849; INTERNAL; 114; 114; 0; 7907
INTERNAL; 114; 114; 0; 7907; INTERNAL; 106; 113; 7; 7008
INTERNAL; 106; 113; 7; 7008; INTERNAL; 105; 111; 6; 4315
INTERNAL; 115; 115; 0; 3849; INTERNAL; 114; 114; 0; 7908
INTERNAL; 114; 114; 0; 7908; INTERNAL; 113; 113; 0; 3655
INTERNAL; 114; 114; 0; 7908; INTERNAL; 113; 113; 0; 8110
INTERNAL; 113; 113; 0; 8110; INTERNAL; 2; 103; 101; 8818
INTERNAL; 113; 113; 0; 8110; INTERNAL; 104; 112; 8; 6408
INTERNAL; 114; 114; 0; 7908; INTERNAL; 113; 113; 0; 9188
INTERNAL; 113; 113; 0; 9188; INTERNAL; 106; 112; 6; 6312
INTERNAL; 114; 114; 0; 7908; INTERNAL; 113; 113; 0; 8816
INTERNAL; 113; 113; 0; 8816; INTERNAL; 10; 112; 102; 7280
INTERNAL; 113; 113; 0; 8816; INTERNAL; 11; 112; 101; 8819
INTERNAL; 11; 112; 101; 8819; INTERNAL; 10; 111; 101; 7869
INTERNAL; 113; 113; 0; 8816; INTERNAL; 2; 112; 110; 5549
INTERNAL; 2; 112; 110; 5549; INPUT; 1; 111; 110; 9467
INTERNAL; 115; 115; 0; 3849; INTERNAL; 114; 114; 0; 3298
INTERNAL; 115; 115; 0; 3849; INTERNAL; 114; 114; 0; 7906
INTERNAL; 114; 114; 0; 7906; INTERNAL; 106; 113; 7; 7909
INTERNAL; 116; 116; 0; 7893; INTERNAL; 115; 115; 0; 7904
INTERNAL; 116; 116; 0; 7893; INTERNAL; 114; 115; 1; 7899
INTERNAL; 116; 116; 0; 7893; INTERNAL; 114; 115; 1; 7902
INTERNAL; 117; 117; 0; 7887; INTERNAL; 114; 116; 2; 7891
INTERNAL; 114; 116; 2; 7891; INTERNAL; 108; 115; 7; 8825
INTERNAL; 117; 117; 0; 7887; INTERNAL; 114; 116; 2; 7888
INTERNAL; 114; 116; 2; 7888; INTERNAL; 108; 115; 7; 8064
INTERNAL; 118; 118; 0; 6932; INTERNAL; 114; 117; 3; 5592
INTERNAL; 118; 118; 0; 6932; INTERNAL; 114; 117; 3; 4172
INTERNAL; 119; 119; 0; 7876; INTERNAL; 115; 118; 3; 5786
INTERNAL; 119; 119; 0; 7876; INTERNAL; 114; 118; 4; 7885
INTERNAL; 114; 118; 4; 7885; INTERNAL; 110; 117; 7; 4092
INTERNAL; 123; 129; 6; 7832; INTERNAL; 114; 119; 5; 3422
INTERNAL; 123; 129; 6; 7832; INTERNAL; 122; 122; 0; 7822
INTERNAL; 122; 122; 0; 7822; INTERNAL; 121; 121; 0; 7866
INTERNAL; 121; 121; 0; 7866; INTERNAL; 115; 120; 5; 9817
INTERNAL; 115; 120; 5; 9817; INTERNAL; 114; 118; 4; 8829
INTERNAL; 114; 118; 4; 8829; INTERNAL; 111; 117; 6; 5259
INTERNAL; 121; 121; 0; 7866; INTERNAL; 114; 120; 6; 9109
INTERNAL; 121; 121; 0; 7866; INTERNAL; 120; 120; 0; 7871
INTERNAL; 120; 120; 0; 7871; INTERNAL; 115; 119; 4; 5800
INTERNAL; 121; 121; 0; 7866; INTERNAL; 113; 120; 7; 10016
INTERNAL; 113; 120; 7; 10016; INTERNAL; 112; 119; 7; 7380
INTERNAL; 122; 122; 0; 7822; INTERNAL; 113; 121; 8; 4389
INTERNAL; 113; 121; 8; 4389; INTERNAL; 112; 120; 8; 7264
INTERNAL; 133; 138; 5; 8879; INTERNAL; 130; 137; 7; 8883
INTERNAL; 130; 137; 7; 8883; INTERNAL; 123; 129; 6; 7835
INTERNAL; 130; 137; 7; 8883; INTERNAL; 129; 129; 0; 5180
INTERNAL; 129; 129; 0; 5180; INTERNAL; 124; 128; 4; 6799
INTERNAL; 124; 128; 4; 6799; INTERNAL; 123; 126; 3; 8848
INTERNAL; 123; 126; 3; 8848; INTERNAL; 118; 125; 7; 8809
INTERNAL; 129; 129; 0; 5180; INTERNAL; 123; 128; 5; 7840
INTERNAL; 123; 128; 5; 7840; INTERNAL; 119; 127; 8; 5565
INTERNAL; 129; 129; 0; 5180; INTERNAL; 123; 128; 5; 7842
INTERNAL; 129; 129; 0; 5180; INTERNAL; 128; 128; 0; 7845
INTERNAL; 128; 128; 0; 7845; INTERNAL; 123; 127; 4; 4582
INTERNAL; 128; 128; 0; 7845; INTERNAL; 123; 127; 4; 3424
INTERNAL; 128; 128; 0; 7845; INTERNAL; 127; 127; 0; 3087
INTERNAL; 127; 127; 0; 3087; INTERNAL; 123; 126; 3; 7849
INTERNAL; 123; 126; 3; 7849; INTERNAL; 117; 125; 8; 6058
INTERNAL; 127; 127; 0; 3087; INTERNAL; 126; 126; 0; 7850
INTERNAL; 126; 126; 0; 7850; INTERNAL; 125; 125; 0; 7852
INTERNAL; 125; 125; 0; 7852; INTERNAL; 123; 124; 1; 5510
INTERNAL; 123; 124; 1; 5510; INTERNAL; 115; 123; 8; 8844
INTERNAL; 125; 125; 0; 7852; INTERNAL; 124; 124; 0; 6339
INTERNAL; 124; 124; 0; 6339; INTERNAL; 123; 123; 0; 8837
INTERNAL; 123; 123; 0; 8837; INTERNAL; 114; 121; 7; 8831
INTERNAL; 124; 124; 0; 6339; INTERNAL; 123; 123; 0; 3080
INTERNAL; 123; 123; 0; 3080; INTERNAL; 114; 122; 8; 7820
INTERNAL; 124; 124; 0; 6339; INTERNAL; 123; 123; 0; 10062
INTERNAL; 123; 123; 0; 10062; INTERNAL; 122; 122; 0; 7375
INTERNAL; 122; 122; 0; 7375; INTERNAL; 9; 121; 112; 6944
INTERNAL; 123; 123; 0; 10062; INTERNAL; 122; 122; 0; 8952
INTERNAL; 122; 122; 0; 8952; INTERNAL; 114; 121; 7; 4614
INTERNAL; 114; 121; 7; 4614; INTERNAL; 113; 120; 7; 8842
INTERNAL; 123; 123; 0; 10062; INTERNAL; 122; 122; 0; 3269
INTERNAL; 123; 123; 0; 10062; INTERNAL; 2; 122; 120; 5983
INTERNAL; 2; 122; 120; 5983; INPUT; 1; 121; 120; 8508
INTERNAL; 124; 124; 0; 6339; INTERNAL; 123; 123; 0; 8911
INTERNAL; 123; 123; 0; 8911; INTERNAL; 114; 122; 8; 4107
INTERNAL; 123; 123; 0; 8911; INTERNAL; 115; 122; 7; 7863
INTERNAL; 124; 124; 0; 6339; INTERNAL; 123; 123; 0; 8832
INTERNAL; 125; 125; 0; 7852; INTERNAL; 124; 124; 0; 7861
INTERNAL; 124; 124; 0; 7861; INTERNAL; 123; 123; 0; 3572
INTERNAL; 125; 125; 0; 7852; INTERNAL; 123; 124; 1; 3702
INTERNAL; 126; 126; 0; 7850; INTERNAL; 123; 125; 2; 7855
INTERNAL; 126; 126; 0; 7850; INTERNAL; 123; 125; 2; 7854
INTERNAL; 123; 125; 2; 7854; INTERNAL; 116; 122; 6; 8094
INTERNAL; 126; 126; 0; 7850; INTERNAL; 124; 125; 1; 3476
INTERNAL; 124; 125; 1; 3476; INTERNAL; 123; 124; 1; 8507
INTERNAL; 123; 124; 1; 8507; INTERNAL; 117; 123; 6; 8877
INTERNAL; 127; 127; 0; 3087; INTERNAL; 124; 126; 2; 4479
INTERNAL; 127; 127; 0; 3087; INTERNAL; 123; 126; 3; 9337
INTERNAL; 128; 128; 0; 7845; INTERNAL; 124; 127; 3; 7847
INTERNAL; 133; 138; 5; 8879; INTERNAL; 132; 132; 0; 9049
INTERNAL; 132; 132; 0; 9049; INTERNAL; 123; 131; 8; 7824
INTERNAL; 123; 131; 8; 7824; INTERNAL; 122; 130; 8; 9997
INTERNAL; 132; 132; 0; 9049; INTERNAL; 123; 131; 8; 7830
INTERNAL; 132; 132; 0; 9049; INTERNAL; 131; 131; 0; 9537
INTERNAL; 131; 131; 0; 9537; INTERNAL; 124; 130; 6; 7276
INTERNAL; 124; 130; 6; 7276; INTERNAL; 123; 128; 5; 8852
INTERNAL; 123; 128; 5; 8852; INTERNAL; 120; 127; 7; 8855
INTERNAL; 131; 131; 0; 9537; INTERNAL; 123; 130; 7; 5914
INTERNAL; 131; 131; 0; 9537; INTERNAL; 130; 130; 0; 7831
INTERNAL; 130; 130; 0; 7831; INTERNAL; 124; 129; 5; 7839
INTERNAL; 131; 131; 0; 9537; INTERNAL; 123; 130; 7; 6708
INTERNAL; 123; 130; 7; 6708; INTERNAL; 121; 129; 8; 8857
INTERNAL; 140; 140; 0; 7791; INTERNAL; 133; 139; 6; 8880
INTERNAL; 140; 140; 0; 7791; INTERNAL; 133; 139; 6; 6144
INTERNAL; 133; 139; 6; 6144; INTERNAL; 129; 138; 9; 8704
INTERNAL; 140; 140; 0; 7791; INTERNAL; 139; 139; 0; 5151
INTERNAL; 139; 139; 0; 5151; INTERNAL; 134; 138; 4; 9219
INTERNAL; 134; 138; 4; 9219; INTERNAL; 133; 136; 3; 5383
INTERNAL; 133; 136; 3; 5383; INTERNAL; 128; 135; 7; 8872
INTERNAL; 139; 139; 0; 5151; INTERNAL; 133; 138; 5; 4745
INTERNAL; 133; 138; 5; 4745; INTERNAL; 129; 137; 8; 8875
INTERNAL; 139; 139; 0; 5151; INTERNAL; 133; 138; 5; 7793
INTERNAL; 139; 139; 0; 5151; INTERNAL; 138; 138; 0; 5876
INTERNAL; 138; 138; 0; 5876; INTERNAL; 137; 137; 0; 7795
INTERNAL; 137; 137; 0; 7795; INTERNAL; 136; 136; 0; 9122
INTERNAL; 136; 136; 0; 9122; INTERNAL; 133; 135; 2; 7804
INTERNAL; 136; 136; 0; 9122; INTERNAL; 133; 135; 2; 9663
INTERNAL; 133; 135; 2; 9663; INTERNAL; 125; 133; 8; 8865
INTERNAL; 136; 136; 0; 9122; INTERNAL; 134; 135; 1; 7807
INTERNAL; 134; 135; 1; 7807; INTERNAL; 133; 134; 1; 8054
INTERNAL; 133; 134; 1; 8054; INTERNAL; 126; 133; 7; 8871
INTERNAL; 136; 136; 0; 9122; INTERNAL; 135; 135; 0; 7803
INTERNAL; 135; 135; 0; 7803; INTERNAL; 133; 134; 1; 7808
INTERNAL; 135; 135; 0; 7803; INTERNAL; 134; 134; 0; 7810
INTERNAL; 134; 134; 0; 7810; INTERNAL; 133; 133; 0; 7783
INTERNAL; 133; 133; 0; 7783; INTERNAL; 123; 130; 7; 8859
INTERNAL; 134; 134; 0; 7810; INTERNAL; 133; 133; 0; 7781
INTERNAL; 133; 133; 0; 7781; INTERNAL; 2; 132; 130; 7037
INTERNAL; 2; 132; 130; 7037; INPUT; 1; 131; 130; 3983
INTERNAL; 133; 133; 0; 7781; INTERNAL; 132; 132; 0; 3397
INTERNAL; 133; 133; 0; 7781; INTERNAL; 132; 132; 0; 8861
INTERNAL; 132; 132; 0; 8861; INTERNAL; 124; 131; 7; 8862
INTERNAL; 134; 134; 0; 7810; INTERNAL; 133; 133; 0; 5400
INTERNAL; 134; 134; 0; 7810; INTERNAL; 133; 133; 0; 7815
INTERNAL; 133; 133; 0; 7815; INTERNAL; 125; 132; 7; 8864
INTERNAL; 125; 132; 7; 8864; INTERNAL; 124; 131; 7; 4959
INTERNAL; 135; 135; 0; 7803; INTERNAL; 133; 134; 1; 7809
INTERNAL; 133; 134; 1; 7809; INTERNAL; 125; 133; 8; 8868
INTERNAL; 135; 135; 0; 7803; INTERNAL; 133; 134; 1; 7813
INTERNAL; 137; 137; 0; 7795; INTERNAL; 133; 136; 3; 7802
INTERNAL; 133; 136; 3; 7802; INTERNAL; 127; 135; 8; 8224
INTERNAL; 137; 137; 0; 7795; INTERNAL; 134; 136; 2; 7422
INTERNAL; 137; 137; 0; 7795; INTERNAL; 133; 136; 3; 4009
INTERNAL; 138; 138; 0; 5876; INTERNAL; 134; 137; 3; 7801
INTERNAL; 138; 138; 0; 5876; INTERNAL; 133; 137; 4; 7796
INTERNAL; 138; 138; 0; 5876; INTERNAL; 133; 137; 4; 3186
INTERNAL; 133; 137; 4; 3186; INTERNAL; 127; 136; 9; 5168
INTERNAL; 141; 141; 0; 5324; INTERNAL; 133; 140; 7; 7789
INTERNAL; 141; 141; 0; 5324; INTERNAL; 134; 140; 6; 6161
INTERNAL; 141; 141; 0; 5324; INTERNAL; 133; 140; 7; 7150
INTERNAL; 142; 152; 10; 8739; INTERNAL; 134; 141; 7; 7482
INTERNAL; 134; 141; 7; 7482; INTERNAL; 133; 140; 7; 6663
INTERNAL; 133; 140; 7; 6663; INTERNAL; 131; 139; 8; 8884
INTERNAL; 142; 152; 10; 8739; INTERNAL; 132; 141; 9; 3368
INTERNAL; 142; 152; 10; 8739; INTERNAL; 134; 141; 7; 7785
INTERNAL; 153; 162; 9; 8939; INTERNAL; 143; 152; 9; 3457
INTERNAL; 143; 152; 9; 3457; INTERNAL; 142; 142; 0; 7778
INTERNAL; 153; 162; 9; 8939; INTERNAL; 152; 152; 0; 6211
INTERNAL; 152; 152; 0; 6211; INTERNAL; 143; 151; 8; 7738
INTERNAL; 152; 152; 0; 6211; INTERNAL; 151; 151; 0; 5661
INTERNAL; 151; 151; 0; 5661; INTERNAL; 144; 150; 6; 7745
INTERNAL; 144; 150; 6; 7745; INTERNAL; 143; 148; 5; 5694
INTERNAL; 151; 151; 0; 5661; INTERNAL; 143; 150; 7; 7744
INTERNAL; 151; 151; 0; 5661; INTERNAL; 150; 150; 0; 4589
INTERNAL; 150; 150; 0; 4589; INTERNAL; 149; 149; 0; 7553
INTERNAL; 149; 149; 0; 7553; INTERNAL; 144; 148; 4; 8910
INTERNAL; 144; 148; 4; 8910; INTERNAL; 143; 146; 3; 8900
INTERNAL; 149; 149; 0; 7553; INTERNAL; 143; 148; 5; 5704
INTERNAL; 149; 149; 0; 7553; INTERNAL; 143; 148; 5; 7748
INTERNAL; 143; 148; 5; 7748; INTERNAL; 138; 147; 9; 6475
INTERNAL; 149; 149; 0; 7553; INTERNAL; 148; 148; 0; 7749
INTERNAL; 148; 148; 0; 7749; INTERNAL; 143; 147; 4; 7754
INTERNAL; 143; 147; 4; 7754; INTERNAL; 137; 146; 9; 6904
INTERNAL; 148; 148; 0; 7749; INTERNAL; 143; 147; 4; 7756
INTERNAL; 148; 148; 0; 7749; INTERNAL; 144; 147; 3; 7761
INTERNAL; 148; 148; 0; 7749; INTERNAL; 147; 147; 0; 7751
INTERNAL; 147; 147; 0; 7751; INTERNAL; 146; 146; 0; 7762
INTERNAL; 146; 146; 0; 7762; INTERNAL; 144; 145; 1; 7771
INTERNAL; 144; 145; 1; 7771; INTERNAL; 143; 144; 1; 5110
INTERNAL; 146; 146; 0; 7762; INTERNAL; 145; 145; 0; 6491
INTERNAL; 145; 145; 0; 6491; INTERNAL; 144; 144; 0; 7775
INTERNAL; 144; 144; 0; 7775; INTERNAL; 143; 143; 0; 3830
INTERNAL; 144; 144; 0; 7775; INTERNAL; 143; 143; 0; 8887
INTERNAL; 143; 143; 0; 8887; INTERNAL; 133; 142; 9; 8889
INTERNAL; 143; 143; 0; 8887; INTERNAL; 133; 142; 9; 8891
INTERNAL; 144; 144; 0; 7775; INTERNAL; 143; 143; 0; 8885
INTERNAL; 144; 144; 0; 7775; INTERNAL; 143; 143; 0; 7555
INTERNAL; 143; 143; 0; 7555; INTERNAL; 133; 142; 9; 4463
INTERNAL; 144; 144; 0; 7775; INTERNAL; 143; 143; 0; 5354
INTERNAL; 144; 144; 0; 7775; INTERNAL; 143; 143; 0; 5856
INTERNAL; 143; 143; 0; 5856; INTERNAL; 2; 142; 140; 7819
INTERNAL; 2; 142; 140; 7819; INPUT; 1; 141; 140; 4881
INTERNAL; 143; 143; 0; 5856; INTERNAL; 10; 142; 132; 8894
INTERNAL; 143; 143; 0; 5856; INTERNAL; 142; 142; 0; 6066
INTERNAL; 145; 145; 0; 6491; INTERNAL; 144; 144; 0; 7773
INTERNAL; 144; 144; 0; 7773; INTERNAL; 143; 143; 0; 6068
INTERNAL; 145; 145; 0; 6491; INTERNAL; 143; 144; 1; 3399
INTERNAL; 143; 144; 1; 3399; INTERNAL; 135; 143; 8; 8895
INTERNAL; 135; 143; 8; 8895; INTERNAL; 134; 142; 8; 9093
INTERNAL; 145; 145; 0; 6491; INTERNAL; 143; 144; 1; 4948
INTERNAL; 146; 146; 0; 7762; INTERNAL; 143; 145; 2; 7770
INTERNAL; 143; 145; 2; 7770; INTERNAL; 135; 144; 9; 4019
INTERNAL; 146; 146; 0; 7762; INTERNAL; 143; 145; 2; 6133
INTERNAL; 147; 147; 0; 7751; INTERNAL; 144; 146; 2; 7768
INTERNAL; 147; 147; 0; 7751; INTERNAL; 143; 146; 3; 4611
INTERNAL; 143; 146; 3; 4611; INTERNAL; 136; 144; 8; 3131
INTERNAL; 147; 147; 0; 7751; INTERNAL; 143; 146; 3; 9731
INTERNAL; 143; 146; 3; 9731; INTERNAL; 137; 145; 8; 8898
INTERNAL; 150; 150; 0; 4589; INTERNAL; 143; 149; 6; 7093
INTERNAL; 150; 150; 0; 4589; INTERNAL; 144; 149; 5; 7663
INTERNAL; 150; 150; 0; 4589; INTERNAL; 143; 149; 6; 7747
INTERNAL; 143; 149; 6; 7747; INTERNAL; 139; 148; 9; 3092
INTERNAL; 151; 151; 0; 5661; INTERNAL; 143; 150; 7; 7739
INTERNAL; 143; 150; 7; 7739; INTERNAL; 140; 149; 9; 8135
INTERNAL; 152; 152; 0; 6211; INTERNAL; 143; 151; 8; 9222
INTERNAL; 143; 151; 8; 9222; INTERNAL; 141; 150; 9; 8133
INTERNAL; 165; 175; 10; 7621; INTERNAL; 164; 174; 10; 8971
INTERNAL; 164; 174; 10; 8971; INTERNAL; 163; 163; 0; 7691
INTERNAL; 163; 163; 0; 7691; INTERNAL; 154; 162; 8; 5907
INTERNAL; 154; 162; 8; 5907; INTERNAL; 153; 153; 0; 7743
INTERNAL; 163; 163; 0; 7691; INTERNAL; 154; 162; 8; 7706
INTERNAL; 154; 162; 8; 7706; INTERNAL; 151; 161; 10; 3732
INTERNAL; 163; 163; 0; 7691; INTERNAL; 155; 162; 7; 8464
INTERNAL; 155; 162; 7; 8464; INTERNAL; 154; 161; 7; 8937
INTERNAL; 163; 163; 0; 7691; INTERNAL; 162; 162; 0; 7703
INTERNAL; 162; 162; 0; 7703; INTERNAL; 155; 161; 6; 7712
INTERNAL; 155; 161; 6; 7712; INTERNAL; 154; 159; 5; 8933
INTERNAL; 154; 159; 5; 8933; INTERNAL; 150; 158; 8; 8935
INTERNAL; 162; 162; 0; 7703; INTERNAL; 161; 161; 0; 7710
INTERNAL; 161; 161; 0; 7710; INTERNAL; 154; 160; 6; 7718
INTERNAL; 154; 160; 6; 7718; INTERNAL; 149; 159; 10; 5815
INTERNAL; 161; 161; 0; 7710; INTERNAL; 160; 160; 0; 7716
INTERNAL; 160; 160; 0; 7716; INTERNAL; 154; 159; 5; 6055
INTERNAL; 154; 159; 5; 6055; INTERNAL; 149; 158; 9; 8930
INTERNAL; 149; 158; 9; 8930; INTERNAL; 148; 156; 8; 8929
INTERNAL; 160; 160; 0; 7716; INTERNAL; 154; 159; 5; 3945
INTERNAL; 160; 160; 0; 7716; INTERNAL; 159; 159; 0; 7720
INTERNAL; 159; 159; 0; 7720; INTERNAL; 154; 158; 4; 7371
INTERNAL; 154; 158; 4; 7371; INTERNAL; 147; 156; 9; 8924
INTERNAL; 159; 159; 0; 7720; INTERNAL; 155; 158; 3; 7722
INTERNAL; 155; 158; 3; 7722; INTERNAL; 154; 157; 3; 9773
INTERNAL; 159; 159; 0; 7720; INTERNAL; 158; 158; 0; 10113
INTERNAL; 158; 158; 0; 10113; INTERNAL; 154; 157; 3; 4876
INTERNAL; 158; 158; 0; 10113; INTERNAL; 157; 157; 0; 7711
INTERNAL; 157; 157; 0; 7711; INTERNAL; 154; 156; 2; 7136
INTERNAL; 154; 156; 2; 7136; INTERNAL; 145; 154; 9; 4069
INTERNAL; 157; 157; 0; 7711; INTERNAL; 155; 156; 1; 6321
INTERNAL; 155; 156; 1; 6321; INTERNAL; 154; 155; 1; 8922
INTERNAL; 154; 155; 1; 8922; INTERNAL; 146; 154; 8; 5047
INTERNAL; 157; 157; 0; 7711; INTERNAL; 154; 156; 2; 7729
INTERNAL; 157; 157; 0; 7711; INTERNAL; 156; 156; 0; 7727
INTERNAL; 156; 156; 0; 7727; INTERNAL; 154; 155; 1; 7731
INTERNAL; 156; 156; 0; 7727; INTERNAL; 154; 155; 1; 5378
INTERNAL; 154; 155; 1; 5378; INTERNAL; 145; 154; 9; 8920
INTERNAL; 145; 154; 9; 8920; INTERNAL; 144; 153; 9; 4347
INTERNAL; 145; 154; 9; 8920; INTERNAL; 143; 153; 10; 5040
INTERNAL; 156; 156; 0; 7727; INTERNAL; 155; 155; 0; 7732
INTERNAL; 155; 155; 0; 7732; INTERNAL; 154; 154; 0; 9243
INTERNAL; 155; 155; 0; 7732; INTERNAL; 154; 154; 0; 7320
INTERNAL; 155; 155; 0; 7732; INTERNAL; 154; 154; 0; 7924
INTERNAL; 154; 154; 0; 7924; INTERNAL; 143; 153; 10; 7028
INTERNAL; 155; 155; 0; 7732; INTERNAL; 154; 154; 0; 8901
INTERNAL; 154; 154; 0; 8901; INPUT; 1; 153; 152; 8914
INTERNAL; 154; 154; 0; 8901; INTERNAL; 153; 153; 0; 8909
INTERNAL; 153; 153; 0; 8909; INTERNAL; 7; 152; 145; 8915
INTERNAL; 156; 156; 0; 7727; INTERNAL; 155; 155; 0; 3532
INTERNAL; 155; 155; 0; 3532; INTERNAL; 154; 154; 0; 7735
INTERNAL; 158; 158; 0; 10113; INTERNAL; 155; 157; 2; 5853
INTERNAL; 158; 158; 0; 10113; INTERNAL; 154; 157; 3; 7725
INTERNAL; 154; 157; 3; 7725; INTERNAL; 147; 156; 9; 8926
INTERNAL; 159; 159; 0; 7720; INTERNAL; 154; 158; 4; 7721
INTERNAL; 160; 160; 0; 7716; INTERNAL; 155; 159; 4; 6798
INTERNAL; 161; 161; 0; 7710; INTERNAL; 154; 160; 6; 4236
INTERNAL; 161; 161; 0; 7710; INTERNAL; 155; 160; 5; 4632
INTERNAL; 162; 162; 0; 7703; INTERNAL; 154; 161; 7; 7707
INTERNAL; 162; 162; 0; 7703; INTERNAL; 154; 161; 7; 6789
INTERNAL; 154; 161; 7; 6789; INTERNAL; 151; 160; 9; 8936
INTERNAL; 164; 174; 10; 8971; INTERNAL; 154; 163; 9; 7696
INTERNAL; 164; 174; 10; 8971; INTERNAL; 155; 163; 8; 7692
INTERNAL; 165; 175; 10; 7621; INTERNAL; 154; 163; 9; 7702
INTERNAL; 176; 176; 0; 3182; INTERNAL; 175; 175; 0; 5268
INTERNAL; 175; 175; 0; 5268; INTERNAL; 167; 174; 7; 3645
INTERNAL; 167; 174; 7; 3645; INTERNAL; 166; 172; 6; 7867
INTERNAL; 166; 172; 6; 7867; INTERNAL; 165; 165; 0; 8906
INTERNAL; 165; 165; 0; 8906; INTERNAL; 154; 164; 10; 5081
INTERNAL; 165; 165; 0; 8906; INTERNAL; 164; 164; 0; 7688
INTERNAL; 175; 175; 0; 5268; INTERNAL; 166; 174; 8; 6628
INTERNAL; 175; 175; 0; 5268; INTERNAL; 167; 174; 7; 8410
INTERNAL; 167; 174; 7; 8410; INTERNAL; 166; 173; 7; 9789
INTERNAL; 166; 173; 7; 9789; INTERNAL; 163; 172; 9; 8965
INTERNAL; 175; 175; 0; 5268; INTERNAL; 174; 174; 0; 3435
INTERNAL; 174; 174; 0; 3435; INTERNAL; 167; 173; 6; 7635
INTERNAL; 167; 173; 6; 7635; INTERNAL; 166; 172; 6; 8958
INTERNAL; 166; 172; 6; 8958; INTERNAL; 162; 171; 9; 8960
INTERNAL; 174; 174; 0; 3435; INTERNAL; 173; 173; 0; 7634
INTERNAL; 173; 173; 0; 7634; INTERNAL; 166; 172; 6; 7641
INTERNAL; 173; 173; 0; 7634; INTERNAL; 172; 172; 0; 7650
INTERNAL; 172; 172; 0; 7650; INTERNAL; 167; 171; 4; 7659
INTERNAL; 167; 171; 4; 7659; INTERNAL; 166; 170; 4; 6576
INTERNAL; 172; 172; 0; 7650; INTERNAL; 171; 171; 0; 7941
INTERNAL; 171; 171; 0; 7941; INTERNAL; 166; 170; 4; 7666
INTERNAL; 166; 170; 4; 7666; INTERNAL; 159; 167; 8; 9828
INTERNAL; 171; 171; 0; 7941; INTERNAL; 167; 170; 3; 3740
INTERNAL; 167; 170; 3; 3740; INTERNAL; 166; 168; 2; 6282
INTERNAL; 171; 171; 0; 7941; INTERNAL; 166; 170; 4; 7662
INTERNAL; 171; 171; 0; 7941; INTERNAL; 170; 170; 0; 7071
INTERNAL; 170; 170; 0; 7071; INTERNAL; 166; 169; 3; 9885
INTERNAL; 170; 170; 0; 7071; INTERNAL; 167; 169; 2; 9548
INTERNAL; 170; 170; 0; 7071; INTERNAL; 166; 169; 3; 6125
INTERNAL; 166; 169; 3; 6125; INTERNAL; 158; 167; 9; 3839
INTERNAL; 170; 170; 0; 7071; INTERNAL; 169; 169; 0; 9603
INTERNAL; 169; 169; 0; 9603; INTERNAL; 167; 168; 1; 7670
INTERNAL; 167; 168; 1; 7670; INTERNAL; 166; 166; 0; 8955
INTERNAL; 166; 166; 0; 8955; INTERNAL; 157; 165; 8; 4426
INTERNAL; 169; 169; 0; 9603; INTERNAL; 166; 168; 2; 6739
INTERNAL; 169; 169; 0; 9603; INTERNAL; 167; 168; 1; 6352
INTERNAL; 167; 168; 1; 6352; INTERNAL; 166; 167; 1; 9124
INTERNAL; 166; 167; 1; 9124; INTERNAL; 158; 166; 8; 8907
INTERNAL; 169; 169; 0; 9603; INTERNAL; 167; 168; 1; 7668
INTERNAL; 169; 169; 0; 9603; INTERNAL; 168; 168; 0; 5859
INTERNAL; 168; 168; 0; 5859; INTERNAL; 166; 167; 1; 4794
INTERNAL; 166; 167; 1; 4794; INTERNAL; 156; 165; 9; 7684
INTERNAL; 168; 168; 0; 5859; INTERNAL; 166; 167; 1; 7628
INTERNAL; 168; 168; 0; 5859; INTERNAL; 167; 167; 0; 7672
INTERNAL; 168; 168; 0; 5859; INTERNAL; 167; 167; 0; 6095
INTERNAL; 167; 167; 0; 6095; INTERNAL; 166; 166; 0; 7682
INTERNAL; 166; 166; 0; 7682; INTERNAL; 165; 165; 0; 7410
INTERNAL; 165; 165; 0; 7410; INTERNAL; 2; 164; 162; 8015
INTERNAL; 165; 165; 0; 7410; INTERNAL; 154; 164; 10; 8946
INTERNAL; 166; 166; 0; 7682; INTERNAL; 165; 165; 0; 3604
INTERNAL; 166; 166; 0; 7682; INTERNAL; 165; 165; 0; 8945
INTERNAL; 165; 165; 0; 8945; INTERNAL; 156; 164; 8; 7095
INTERNAL; 156; 164; 8; 7095; INTERNAL; 155; 163; 8; 8941
INTERNAL; 166; 166; 0; 7682; INTERNAL; 165; 165; 0; 8943
INTERNAL; 165; 165; 0; 8943; INPUT; 1; 164; 163; 8950
INTERNAL; 167; 167; 0; 6095; INTERNAL; 166; 166; 0; 3838
INTERNAL; 167; 167; 0; 6095; INTERNAL; 166; 166; 0; 7676
INTERNAL; 167; 167; 0; 6095; INTERNAL; 166; 166; 0; 7216
INTERNAL; 167; 167; 0; 6095; INTERNAL; 166; 166; 0; 7675
INTERNAL; 166; 166; 0; 7675; INTERNAL; 156; 165; 9; 6874
INTERNAL; 172; 172; 0; 7650; INTERNAL; 166; 171; 5; 6382
INTERNAL; 166; 171; 5; 6382; INTERNAL; 160; 170; 10; 8973
INTERNAL; 172; 172; 0; 7650; INTERNAL; 166; 171; 5; 7658
INTERNAL; 173; 173; 0; 7634; INTERNAL; 166; 172; 6; 7648
INTERNAL; 166; 172; 6; 7648; INTERNAL; 161; 171; 10; 8956
INTERNAL; 173; 173; 0; 7634; INTERNAL; 167; 172; 5; 7654
INTERNAL; 174; 174; 0; 3435; INTERNAL; 167; 173; 6; 7633
INTERNAL; 174; 174; 0; 3435; INTERNAL; 166; 173; 7; 5039
INTERNAL; 174; 174; 0; 3435; INTERNAL; 167; 173; 6; 7640
INTERNAL; 175; 175; 0; 5268; INTERNAL; 167; 174; 7; 7626
INTERNAL; 177; 184; 7; 9034; INTERNAL; 173; 183; 10; 9846
INTERNAL; 189; 197; 8; 8882; INTERNAL; 188; 188; 0; 4111
INTERNAL; 188; 188; 0; 4111; INTERNAL; 187; 187; 0; 7552
INTERNAL; 187; 187; 0; 7552; INTERNAL; 177; 186; 9; 7563
INTERNAL; 177; 186; 9; 7563; INTERNAL; 175; 185; 10; 8995
INTERNAL; 187; 187; 0; 7552; INTERNAL; 178; 186; 8; 7568
INTERNAL; 178; 186; 8; 7568; INTERNAL; 177; 185; 8; 7828
INTERNAL; 187; 187; 0; 7552; INTERNAL; 178; 186; 8; 7557
INTERNAL; 187; 187; 0; 7552; INTERNAL; 178; 186; 8; 7288
INTERNAL; 178; 186; 8; 7288; INTERNAL; 177; 184; 7; 3336
INTERNAL; 177; 184; 7; 3336; INTERNAL; 174; 183; 9; 6280
INTERNAL; 187; 187; 0; 7552; INTERNAL; 186; 186; 0; 7559
INTERNAL; 186; 186; 0; 7559; INTERNAL; 185; 185; 0; 7571
INTERNAL; 185; 185; 0; 7571; INTERNAL; 184; 184; 0; 5216
INTERNAL; 184; 184; 0; 5216; INTERNAL; 177; 183; 6; 7584
INTERNAL; 184; 184; 0; 5216; INTERNAL; 177; 183; 6; 4699
INTERNAL; 184; 184; 0; 5216; INTERNAL; 183; 183; 0; 7578
INTERNAL; 183; 183; 0; 7578; INTERNAL; 178; 182; 4; 7592
INTERNAL; 178; 182; 4; 7592; INTERNAL; 177; 180; 3; 10120
INTERNAL; 177; 180; 3; 10120; INTERNAL; 171; 179; 8; 3320
INTERNAL; 171; 179; 8; 3320; INTERNAL; 170; 178; 8; 8407
INTERNAL; 183; 183; 0; 7578; INTERNAL; 177; 182; 5; 6304
INTERNAL; 177; 182; 5; 6304; INTERNAL; 171; 181; 10; 4294
INTERNAL; 183; 183; 0; 7578; INTERNAL; 182; 182; 0; 7590
INTERNAL; 182; 182; 0; 7590; INTERNAL; 177; 181; 4; 8346
INTERNAL; 182; 182; 0; 7590; INTERNAL; 178; 181; 3; 4938
INTERNAL; 182; 182; 0; 7590; INTERNAL; 177; 181; 4; 10054
INTERNAL; 182; 182; 0; 7590; INTERNAL; 181; 181; 0; 9541
INTERNAL; 181; 181; 0; 9541; INTERNAL; 180; 180; 0; 5145
INTERNAL; 180; 180; 0; 5145; INTERNAL; 179; 179; 0; 7607
INTERNAL; 179; 179; 0; 7607; INTERNAL; 177; 178; 1; 7611
INTERNAL; 177; 178; 1; 7611; INTERNAL; 167; 177; 10; 8979
INTERNAL; 179; 179; 0; 7607; INTERNAL; 177; 178; 1; 6022
INTERNAL; 177; 178; 1; 6022; INTERNAL; 167; 176; 9; 7016
INTERNAL; 167; 176; 9; 7016; INTERNAL; 166; 175; 9; 7618
INTERNAL; 177; 178; 1; 6022; INTERNAL; 166; 176; 10; 8964
INTERNAL; 179; 179; 0; 7607; INTERNAL; 177; 178; 1; 7610
INTERNAL; 177; 178; 1; 7610; INTERNAL; 166; 177; 11; 8977
INTERNAL; 179; 179; 0; 7607; INTERNAL; 178; 178; 0; 7613
INTERNAL; 178; 178; 0; 7613; INTERNAL; 177; 177; 0; 7616
INTERNAL; 178; 178; 0; 7613; INTERNAL; 177; 177; 0; 7614
INTERNAL; 178; 178; 0; 7613; INTERNAL; 177; 177; 0; 5315
INTERNAL; 178; 178; 0; 7613; INTERNAL; 177; 177; 0; 8411
INTERNAL; 178; 178; 0; 7613; INTERNAL; 177; 177; 0; 3597
INTERNAL; 177; 177; 0; 3597; INTERNAL; 176; 176; 0; 6429
INTERNAL; 176; 176; 0; 6429; INTERNAL; 167; 175; 8; 6999
INTERNAL; 167; 175; 8; 6999; INTERNAL; 166; 174; 8; 8535
INTERNAL; 177; 177; 0; 3597; INTERNAL; 176; 176; 0; 8972
INTERNAL; 176; 176; 0; 8972; INTERNAL; 7; 175; 168; 8803
INTERNAL; 176; 176; 0; 8972; INTERNAL; 7; 175; 168; 8975
INTERNAL; 7; 175; 168; 8975; INTERNAL; 6; 174; 168; 6911
INTERNAL; 177; 177; 0; 3597; INTERNAL; 2; 176; 174; 8974
INTERNAL; 2; 176; 174; 8974; INPUT; 1; 175; 174; 8976
INTERNAL; 180; 180; 0; 5145; INTERNAL; 177; 179; 2; 6162
INTERNAL; 180; 180; 0; 5145; INTERNAL; 178; 179; 1; 7608
INTERNAL; 178; 179; 1; 7608; INTERNAL; 177; 178; 1; 8984
INTERNAL; 177; 178; 1; 8984; INTERNAL; 169; 177; 8; 8986
INTERNAL; 169; 177; 8; 8986; INTERNAL; 168; 176; 8; 6083
INTERNAL; 180; 180; 0; 5145; INTERNAL; 177; 179; 2; 6128
INTERNAL; 181; 181; 0; 9541; INTERNAL; 177; 180; 3; 7598
INTERNAL; 177; 180; 3; 7598; INTERNAL; 169; 179; 10; 8987
INTERNAL; 181; 181; 0; 9541; INTERNAL; 178; 180; 2; 7606
INTERNAL; 181; 181; 0; 9541; INTERNAL; 177; 180; 3; 7601
INTERNAL; 183; 183; 0; 7578; INTERNAL; 177; 182; 5; 7585
INTERNAL; 184; 184; 0; 5216; INTERNAL; 178; 183; 5; 4139
INTERNAL; 178; 183; 5; 4139; INTERNAL; 177; 182; 5; 5776
INTERNAL; 177; 182; 5; 5776; INTERNAL; 172; 181; 9; 8990
INTERNAL; 185; 185; 0; 7571; INTERNAL; 177; 184; 7; 7575
INTERNAL; 185; 185; 0; 7571; INTERNAL; 178; 184; 6; 4831
INTERNAL; 186; 186; 0; 7559; INTERNAL; 178; 185; 7; 7574
INTERNAL; 186; 186; 0; 7559; INTERNAL; 177; 185; 8; 7572
INTERNAL; 186; 186; 0; 7559; INTERNAL; 177; 185; 8; 6001
INTERNAL; 188; 188; 0; 4111; INTERNAL; 176; 187; 11; 4905
INTERNAL; 189; 197; 8; 8882; INTERNAL; 185; 195; 10; 9023
INTERNAL; 201; 208; 7; 9041; INTERNAL; 197; 197; 0; 7519
INTERNAL; 197; 197; 0; 7519; INTERNAL; 189; 196; 7; 10000
INTERNAL; 189; 196; 7; 10000; INTERNAL; 185; 195; 10; 6697
INTERNAL; 185; 195; 10; 6697; INTERNAL; 184; 193; 9; 9800
INTERNAL; 197; 197; 0; 7519; INTERNAL; 190; 196; 6; 7524
INTERNAL; 190; 196; 6; 7524; INTERNAL; 189; 194; 5; 8560
INTERNAL; 197; 197; 0; 7519; INTERNAL; 189; 196; 7; 7522
INTERNAL; 197; 197; 0; 7519; INTERNAL; 196; 196; 0; 7523
INTERNAL; 196; 196; 0; 7523; INTERNAL; 189; 195; 6; 7528
INTERNAL; 196; 196; 0; 7523; INTERNAL; 190; 195; 5; 7471
INTERNAL; 196; 196; 0; 7523; INTERNAL; 189; 195; 6; 9275
INTERNAL; 189; 195; 6; 9275; INTERNAL; 183; 193; 10; 5891
INTERNAL; 196; 196; 0; 7523; INTERNAL; 195; 195; 0; 7526
INTERNAL; 195; 195; 0; 7526; INTERNAL; 194; 194; 0; 7532
INTERNAL; 194; 194; 0; 7532; INTERNAL; 189; 193; 4; 7534
INTERNAL; 194; 194; 0; 7532; INTERNAL; 193; 193; 0; 7533
INTERNAL; 193; 193; 0; 7533; INTERNAL; 189; 192; 3; 4231
INTERNAL; 189; 192; 3; 4231; INTERNAL; 181; 191; 10; 9698
INTERNAL; 193; 193; 0; 7533; INTERNAL; 189; 192; 3; 3585
INTERNAL; 189; 192; 3; 3585; INTERNAL; 180; 189; 9; 9014
INTERNAL; 193; 193; 0; 7533; INTERNAL; 192; 192; 0; 5948
INTERNAL; 192; 192; 0; 5948; INTERNAL; 189; 191; 2; 7542
INTERNAL; 189; 191; 2; 7542; INTERNAL; 179; 189; 10; 8172
INTERNAL; 192; 192; 0; 5948; INTERNAL; 190; 191; 1; 4130
INTERNAL; 190; 191; 1; 4130; INTERNAL; 189; 190; 1; 3227
INTERNAL; 192; 192; 0; 5948; INTERNAL; 189; 191; 2; 9092
INTERNAL; 192; 192; 0; 5948; INTERNAL; 191; 191; 0; 3343
INTERNAL; 191; 191; 0; 3343; INTERNAL; 189; 190; 1; 9226
INTERNAL; 189; 190; 1; 9226; INTERNAL; 179; 189; 10; 9012
INTERNAL; 179; 189; 10; 9012; INTERNAL; 177; 188; 11; 9010
INTERNAL; 179; 189; 10; 9012; INTERNAL; 178; 187; 9; 9011
INTERNAL; 191; 191; 0; 3343; INTERNAL; 189; 190; 1; 7543
INTERNAL; 191; 191; 0; 3343; INTERNAL; 190; 190; 0; 4327
INTERNAL; 190; 190; 0; 4327; INTERNAL; 189; 189; 0; 7549
INTERNAL; 190; 190; 0; 4327; INTERNAL; 189; 189; 0; 9377
INTERNAL; 189; 189; 0; 9377; INTERNAL; 179; 188; 9; 9008
INTERNAL; 190; 190; 0; 4327; INTERNAL; 189; 189; 0; 7548
INTERNAL; 190; 190; 0; 4327; INTERNAL; 189; 189; 0; 7509
INTERNAL; 189; 189; 0; 7509; INTERNAL; 2; 188; 186; 8997
INTERNAL; 2; 188; 186; 8997; INPUT; 1; 187; 186; 9005
INTERNAL; 189; 189; 0; 7509; INTERNAL; 188; 188; 0; 6285
INTERNAL; 188; 188; 0; 6285; INTERNAL; 7; 187; 180; 9002
INTERNAL; 7; 187; 180; 9002; INTERNAL; 6; 186; 180; 7294
INTERNAL; 189; 189; 0; 7509; INTERNAL; 188; 188; 0; 7160
INTERNAL; 188; 188; 0; 7160; INTERNAL; 177; 187; 10; 8998
INTERNAL; 190; 190; 0; 4327; INTERNAL; 189; 189; 0; 5598
INTERNAL; 189; 189; 0; 5598; INTERNAL; 177; 188; 11; 6448
INTERNAL; 190; 190; 0; 4327; INTERNAL; 189; 189; 0; 7545
INTERNAL; 191; 191; 0; 3343; INTERNAL; 189; 190; 1; 7544
INTERNAL; 193; 193; 0; 7533; INTERNAL; 190; 192; 2; 7539
INTERNAL; 194; 194; 0; 7532; INTERNAL; 189; 193; 4; 8340
INTERNAL; 194; 194; 0; 7532; INTERNAL; 190; 193; 3; 7535
INTERNAL; 190; 193; 3; 7535; INTERNAL; 189; 192; 3; 9020
INTERNAL; 189; 192; 3; 9020; INTERNAL; 182; 191; 9; 9021
INTERNAL; 195; 195; 0; 7526; INTERNAL; 189; 194; 5; 7529
INTERNAL; 195; 195; 0; 7526; INTERNAL; 189; 194; 5; 5846
INTERNAL; 189; 194; 5; 5846; INTERNAL; 183; 193; 10; 9022
INTERNAL; 195; 195; 0; 7526; INTERNAL; 190; 194; 4; 3283
INTERNAL; 201; 208; 7; 9041; INTERNAL; 200; 200; 0; 4161
INTERNAL; 200; 200; 0; 4161; INTERNAL; 199; 199; 0; 4563
INTERNAL; 199; 199; 0; 4563; INTERNAL; 189; 198; 9; 6242
INTERNAL; 199; 199; 0; 4563; INTERNAL; 198; 198; 0; 7517
INTERNAL; 198; 198; 0; 7517; INTERNAL; 190; 197; 7; 7521
INTERNAL; 190; 197; 7; 7521; INTERNAL; 189; 196; 7; 7805
INTERNAL; 198; 198; 0; 7517; INTERNAL; 189; 197; 8; 7520
INTERNAL; 199; 199; 0; 4563; INTERNAL; 189; 198; 9; 6487
INTERNAL; 189; 198; 9; 6487; INTERNAL; 186; 197; 11; 8375
INTERNAL; 199; 199; 0; 4563; INTERNAL; 190; 198; 8; 6009
INTERNAL; 200; 200; 0; 4161; INTERNAL; 189; 199; 10; 7515
INTERNAL; 189; 199; 10; 7515; INTERNAL; 188; 198; 10; 9027
INTERNAL; 200; 200; 0; 4161; INTERNAL; 189; 199; 10; 7511
INTERNAL; 200; 200; 0; 4161; INTERNAL; 6; 198; 192; 5719
INTERNAL; 200; 200; 0; 4161; INTERNAL; 189; 199; 10; 7514
INTERNAL; 189; 199; 10; 7514; INTERNAL; 187; 198; 11; 9024
INTERNAL; 214; 223; 9; 6434; INTERNAL; 213; 213; 0; 7447
INTERNAL; 213; 213; 0; 7447; INTERNAL; 212; 212; 0; 5708
INTERNAL; 212; 212; 0; 5708; INTERNAL; 211; 211; 0; 3217
INTERNAL; 211; 211; 0; 3217; INTERNAL; 210; 210; 0; 8664
INTERNAL; 210; 210; 0; 8664; INTERNAL; 202; 209; 7; 6284
INTERNAL; 210; 210; 0; 8664; INTERNAL; 209; 209; 0; 3766
INTERNAL; 209; 209; 0; 3766; INTERNAL; 202; 208; 6; 5784
INTERNAL; 202; 208; 6; 5784; INTERNAL; 201; 206; 5; 9039
INTERNAL; 209; 209; 0; 3766; INTERNAL; 208; 208; 0; 7469
INTERNAL; 208; 208; 0; 7469; INTERNAL; 207; 207; 0; 7475
INTERNAL; 207; 207; 0; 7475; INTERNAL; 202; 206; 4; 7481
INTERNAL; 202; 206; 4; 7481; INTERNAL; 201; 204; 3; 6875
INTERNAL; 207; 207; 0; 7475; INTERNAL; 201; 206; 5; 6771
INTERNAL; 201; 206; 5; 6771; INTERNAL; 194; 205; 11; 9037
INTERNAL; 207; 207; 0; 7475; INTERNAL; 206; 206; 0; 4098
INTERNAL; 206; 206; 0; 4098; INTERNAL; 205; 205; 0; 4048
INTERNAL; 205; 205; 0; 4048; INTERNAL; 202; 204; 2; 7502
INTERNAL; 202; 204; 2; 7502; INTERNAL; 201; 202; 1; 7325
INTERNAL; 205; 205; 0; 4048; INTERNAL; 204; 204; 0; 7496
INTERNAL; 204; 204; 0; 7496; INTERNAL; 203; 203; 0; 7503
INTERNAL; 203; 203; 0; 7503; INTERNAL; 202; 202; 0; 8275
INTERNAL; 202; 202; 0; 8275; INTERNAL; 201; 201; 0; 3924
INTERNAL; 201; 201; 0; 3924; INTERNAL; 189; 200; 11; 7508
INTERNAL; 203; 203; 0; 7503; INTERNAL; 202; 202; 0; 7505
INTERNAL; 202; 202; 0; 7505; INTERNAL; 201; 201; 0; 7451
INTERNAL; 202; 202; 0; 7505; INTERNAL; 201; 201; 0; 7644
INTERNAL; 201; 201; 0; 7644; INPUT; 1; 200; 199; 6147
INTERNAL; 202; 202; 0; 7505; INTERNAL; 201; 201; 0; 3389
INTERNAL; 202; 202; 0; 7505; INTERNAL; 201; 201; 0; 6479
INTERNAL; 203; 203; 0; 7503; INTERNAL; 201; 202; 1; 5331
INTERNAL; 201; 202; 1; 5331; INTERNAL; 190; 200; 10; 4402
INTERNAL; 201; 202; 1; 5331; INTERNAL; 189; 201; 12; 8969
INTERNAL; 203; 203; 0; 7503; INTERNAL; 201; 202; 1; 5647
INTERNAL; 201; 202; 1; 5647; INTERNAL; 191; 201; 10; 4913
INTERNAL; 204; 204; 0; 7496; INTERNAL; 202; 203; 1; 6752
INTERNAL; 204; 204; 0; 7496; INTERNAL; 201; 203; 2; 5821
INTERNAL; 201; 203; 2; 5821; INTERNAL; 191; 202; 11; 9029
INTERNAL; 204; 204; 0; 7496; INTERNAL; 201; 203; 2; 7620
INTERNAL; 205; 205; 0; 4048; INTERNAL; 201; 204; 3; 8897
INTERNAL; 201; 204; 3; 8897; INTERNAL; 192; 202; 10; 9031
INTERNAL; 205; 205; 0; 4048; INTERNAL; 201; 204; 3; 9352
INTERNAL; 201; 204; 3; 9352; INTERNAL; 193; 203; 10; 9030
INTERNAL; 206; 206; 0; 4098; INTERNAL; 201; 205; 4; 7484
INTERNAL; 201; 205; 4; 7484; INTERNAL; 193; 204; 11; 9033
INTERNAL; 206; 206; 0; 4098; INTERNAL; 201; 205; 4; 7486
INTERNAL; 206; 206; 0; 4098; INTERNAL; 202; 205; 3; 7490
INTERNAL; 207; 207; 0; 7475; INTERNAL; 201; 206; 5; 6036
INTERNAL; 208; 208; 0; 7469; INTERNAL; 201; 207; 6; 7477
INTERNAL; 201; 207; 6; 7477; INTERNAL; 195; 206; 11; 9040
INTERNAL; 208; 208; 0; 7469; INTERNAL; 202; 207; 5; 3171
INTERNAL; 208; 208; 0; 7469; INTERNAL; 201; 207; 6; 7479
INTERNAL; 209; 209; 0; 3766; INTERNAL; 201; 208; 7; 7467
INTERNAL; 201; 208; 7; 7467; INTERNAL; 197; 207; 10; 5418
INTERNAL; 197; 207; 10; 5418; INTERNAL; 196; 206; 10; 6941
INTERNAL; 209; 209; 0; 3766; INTERNAL; 201; 208; 7; 7468
INTERNAL; 210; 210; 0; 8664; INTERNAL; 201; 209; 8; 9321
INTERNAL; 210; 210; 0; 8664; INTERNAL; 201; 209; 8; 7466
INTERNAL; 201; 209; 8; 7466; INTERNAL; 197; 208; 11; 9043
INTERNAL; 211; 211; 0; 3217; INTERNAL; 202; 210; 8; 7462
INTERNAL; 211; 211; 0; 3217; INTERNAL; 201; 210; 9; 4744
INTERNAL; 201; 210; 9; 4744; INTERNAL; 198; 209; 11; 9045
INTERNAL; 211; 211; 0; 3217; INTERNAL; 201; 210; 9; 7460
INTERNAL; 212; 212; 0; 5708; INTERNAL; 201; 211; 10; 6784
INTERNAL; 212; 212; 0; 5708; INTERNAL; 202; 211; 9; 7459
INTERNAL; 202; 211; 9; 7459; INTERNAL; 201; 210; 9; 8536
INTERNAL; 212; 212; 0; 5708; INTERNAL; 201; 211; 10; 7457
INTERNAL; 201; 211; 10; 7457; INTERNAL; 199; 210; 11; 9046
INTERNAL; 213; 213; 0; 7447; INTERNAL; 202; 212; 10; 7454
INTERNAL; 213; 213; 0; 7447; INTERNAL; 201; 212; 11; 5557
INTERNAL; 201; 212; 11; 5557; INTERNAL; 200; 211; 11; 9047
INTERNAL; 214; 223; 9; 6434; INTERNAL; 210; 222; 12; 9207
INTERNAL; 224; 224; 0; 6982; INTERNAL; 214; 223; 9; 7395
INTERNAL; 224; 224; 0; 6982; INTERNAL; 215; 223; 8; 7396
INTERNAL; 215; 223; 8; 7396; INTERNAL; 214; 221; 7; 4204
INTERNAL; 224; 224; 0; 6982; INTERNAL; 223; 223; 0; 3393
INTERNAL; 223; 223; 0; 3393; INTERNAL; 215; 222; 7; 7404
INTERNAL; 223; 223; 0; 3393; INTERNAL; 214; 222; 8; 3508
INTERNAL; 214; 222; 8; 3508; INTERNAL; 209; 221; 12; 6748
INTERNAL; 223; 223; 0; 3393; INTERNAL; 214; 222; 8; 8301
INTERNAL; 223; 223; 0; 3393; INTERNAL; 222; 222; 0; 7402
INTERNAL; 222; 222; 0; 7402; INTERNAL; 214; 221; 7; 9974
INTERNAL; 222; 222; 0; 7402; INTERNAL; 214; 221; 7; 7408
INTERNAL; 214; 221; 7; 7408; INTERNAL; 209; 220; 11; 9068
INTERNAL; 209; 220; 11; 9068; INTERNAL; 208; 218; 10; 9065
INTERNAL; 222; 222; 0; 7402; INTERNAL; 215; 221; 6; 6349
INTERNAL; 215; 221; 6; 6349; INTERNAL; 214; 219; 5; 9063
INTERNAL; 222; 222; 0; 7402; INTERNAL; 221; 221; 0; 7409
INTERNAL; 221; 221; 0; 7409; INTERNAL; 220; 220; 0; 7411
INTERNAL; 220; 220; 0; 7411; INTERNAL; 214; 219; 5; 6807
INTERNAL; 220; 220; 0; 7411; INTERNAL; 214; 219; 5; 7415
INTERNAL; 214; 219; 5; 7415; INTERNAL; 207; 218; 11; 5425
INTERNAL; 207; 218; 11; 5425; INTERNAL; 206; 216; 10; 9062
INTERNAL; 220; 220; 0; 7411; INTERNAL; 219; 219; 0; 7418
INTERNAL; 219; 219; 0; 7418; INTERNAL; 215; 218; 3; 6105
INTERNAL; 215; 218; 3; 6105; INTERNAL; 214; 217; 3; 5664
INTERNAL; 219; 219; 0; 7418; INTERNAL; 218; 218; 0; 5234
INTERNAL; 218; 218; 0; 5234; INTERNAL; 214; 217; 3; 7647
INTERNAL; 214; 217; 3; 7647; INTERNAL; 205; 216; 11; 9056
INTERNAL; 218; 218; 0; 5234; INTERNAL; 214; 217; 3; 5547
INTERNAL; 214; 217; 3; 5547; INTERNAL; 205; 216; 11; 9059
INTERNAL; 205; 216; 11; 9059; INTERNAL; 204; 214; 10; 9054
INTERNAL; 218; 218; 0; 5234; INTERNAL; 217; 217; 0; 4291
INTERNAL; 217; 217; 0; 4291; INTERNAL; 214; 216; 2; 6420
INTERNAL; 214; 216; 2; 6420; INTERNAL; 203; 214; 11; 6464
INTERNAL; 217; 217; 0; 4291; INTERNAL; 214; 216; 2; 4613
INTERNAL; 217; 217; 0; 4291; INTERNAL; 215; 216; 1; 3429
INTERNAL; 215; 216; 1; 3429; INTERNAL; 214; 215; 1; 7602
INTERNAL; 217; 217; 0; 4291; INTERNAL; 216; 216; 0; 5153
INTERNAL; 216; 216; 0; 5153; INTERNAL; 215; 215; 0; 3095
INTERNAL; 215; 215; 0; 3095; INTERNAL; 214; 214; 0; 3083
INTERNAL; 214; 214; 0; 3083; INTERNAL; 2; 213; 211; 9052
INTERNAL; 2; 213; 211; 9052; INPUT; 1; 212; 211; 8625
INTERNAL; 214; 214; 0; 3083; INTERNAL; 213; 213; 0; 8139
INTERNAL; 214; 214; 0; 3083; INTERNAL; 8; 213; 205; 4431
INTERNAL; 215; 215; 0; 3095; INTERNAL; 214; 214; 0; 7318
INTERNAL; 215; 215; 0; 3095; INTERNAL; 214; 214; 0; 9050
INTERNAL; 215; 215; 0; 3095; INTERNAL; 214; 214; 0; 3812
INTERNAL; 214; 214; 0; 3812; INTERNAL; 202; 213; 11; 7449
INTERNAL; 216; 216; 0; 5153; INTERNAL; 215; 215; 0; 7445
INTERNAL; 215; 215; 0; 7445; INTERNAL; 214; 214; 0; 7382
INTERNAL; 216; 216; 0; 5153; INTERNAL; 214; 215; 1; 7431
INTERNAL; 216; 216; 0; 5153; INTERNAL; 214; 215; 1; 7437
INTERNAL; 214; 215; 1; 7437; INTERNAL; 203; 214; 11; 8953
INTERNAL; 218; 218; 0; 5234; INTERNAL; 215; 217; 2; 7026
INTERNAL; 219; 219; 0; 7418; INTERNAL; 214; 218; 4; 7423
INTERNAL; 219; 219; 0; 7418; INTERNAL; 214; 218; 4; 6392
INTERNAL; 220; 220; 0; 7411; INTERNAL; 215; 219; 4; 6427
INTERNAL; 221; 221; 0; 7409; INTERNAL; 215; 220; 5; 7414
INTERNAL; 221; 221; 0; 7409; INTERNAL; 214; 220; 6; 7413
INTERNAL; 214; 220; 6; 7413; INTERNAL; 207; 219; 12; 5793
INTERNAL; 221; 221; 0; 7409; INTERNAL; 214; 220; 6; 9538
INTERNAL; 225; 225; 0; 7388; INTERNAL; 214; 224; 10; 7391
INTERNAL; 225; 225; 0; 7388; INTERNAL; 215; 224; 9; 7393
INTERNAL; 215; 224; 9; 7393; INTERNAL; 214; 223; 9; 9069
INTERNAL; 225; 225; 0; 7388; INTERNAL; 214; 224; 10; 7392
INTERNAL; 214; 224; 10; 7392; INTERNAL; 211; 223; 12; 9017
INTERNAL; 226; 237; 11; 5332; INTERNAL; 215; 225; 10; 7389
INTERNAL; 226; 237; 11; 5332; INTERNAL; 214; 225; 11; 4099
INTERNAL; 214; 225; 11; 4099; INTERNAL; 212; 224; 12; 9072
INTERNAL; 227; 238; 11; 5762; INTERNAL; 213; 225; 12; 7387
INTERNAL; 240; 240; 0; 7299; INTERNAL; 239; 239; 0; 6787
INTERNAL; 239; 239; 0; 6787; INTERNAL; 227; 238; 11; 7306
INTERNAL; 227; 238; 11; 7306; INTERNAL; 225; 237; 12; 6124
INTERNAL; 227; 238; 11; 7306; INTERNAL; 226; 226; 0; 7383
INTERNAL; 239; 239; 0; 6787; INTERNAL; 228; 238; 10; 5316
INTERNAL; 228; 238; 10; 5316; INTERNAL; 227; 227; 0; 7378
INTERNAL; 239; 239; 0; 6787; INTERNAL; 229; 238; 9; 7309
INTERNAL; 229; 238; 9; 7309; INTERNAL; 228; 236; 8; 9095
INTERNAL; 239; 239; 0; 6787; INTERNAL; 238; 238; 0; 7308
INTERNAL; 238; 238; 0; 7308; INTERNAL; 228; 237; 9; 4708
INTERNAL; 238; 238; 0; 7308; INTERNAL; 237; 237; 0; 10050
INTERNAL; 237; 237; 0; 10050; INTERNAL; 228; 236; 8; 8134
INTERNAL; 237; 237; 0; 10050; INTERNAL; 236; 236; 0; 7319
INTERNAL; 236; 236; 0; 7319; INTERNAL; 229; 235; 6; 5790
INTERNAL; 229; 235; 6; 5790; INTERNAL; 228; 234; 6; 7434
INTERNAL; 236; 236; 0; 7319; INTERNAL; 228; 235; 7; 6668
INTERNAL; 228; 235; 7; 6668; INTERNAL; 222; 234; 12; 9091
INTERNAL; 236; 236; 0; 7319; INTERNAL; 228; 235; 7; 6021
INTERNAL; 236; 236; 0; 7319; INTERNAL; 235; 235; 0; 7324
INTERNAL; 235; 235; 0; 7324; INTERNAL; 234; 234; 0; 7328
INTERNAL; 234; 234; 0; 7328; INTERNAL; 228; 233; 5; 6115
INTERNAL; 228; 233; 5; 6115; INTERNAL; 220; 232; 12; 9085
INTERNAL; 234; 234; 0; 7328; INTERNAL; 229; 233; 4; 7336
INTERNAL; 229; 233; 4; 7336; INTERNAL; 228; 232; 4; 9084
INTERNAL; 234; 234; 0; 7328; INTERNAL; 228; 233; 5; 7333
INTERNAL; 234; 234; 0; 7328; INTERNAL; 233; 233; 0; 7331
INTERNAL; 233; 233; 0; 7331; INTERNAL; 232; 232; 0; 5118
INTERNAL; 232; 232; 0; 5118; INTERNAL; 228; 231; 3; 8582
INTERNAL; 228; 231; 3; 8582; INTERNAL; 218; 230; 12; 4781
INTERNAL; 232; 232; 0; 5118; INTERNAL; 229; 231; 2; 5877
INTERNAL; 229; 231; 2; 5877; INTERNAL; 228; 230; 2; 9079
INTERNAL; 232; 232; 0; 5118; INTERNAL; 228; 231; 3; 7215
INTERNAL; 232; 232; 0; 5118; INTERNAL; 231; 231; 0; 3341
INTERNAL; 231; 231; 0; 3341; INTERNAL; 229; 230; 1; 7353
INTERNAL; 229; 230; 1; 7353; INTERNAL; 228; 228; 0; 9076
INTERNAL; 231; 231; 0; 3341; INTERNAL; 228; 230; 2; 7347
INTERNAL; 228; 230; 2; 7347; INTERNAL; 217; 228; 11; 9078
INTERNAL; 231; 231; 0; 3341; INTERNAL; 228; 230; 2; 5335
INTERNAL; 228; 230; 2; 5335; INTERNAL; 218; 229; 11; 8800
INTERNAL; 231; 231; 0; 3341; INTERNAL; 230; 230; 0; 6200
INTERNAL; 230; 230; 0; 6200; INTERNAL; 229; 229; 0; 7358
INTERNAL; 230; 230; 0; 6200; INTERNAL; 228; 229; 1; 7357
INTERNAL; 228; 229; 1; 7357; INTERNAL; 216; 228; 12; 9255
INTERNAL; 230; 230; 0; 6200; INTERNAL; 228; 229; 1; 5067
INTERNAL; 230; 230; 0; 6200; INTERNAL; 229; 229; 0; 7356
INTERNAL; 229; 229; 0; 7356; INTERNAL; 228; 228; 0; 7367
INTERNAL; 228; 228; 0; 7367; INTERNAL; 215; 226; 11; 7278
INTERNAL; 229; 229; 0; 7356; INTERNAL; 228; 228; 0; 7363
INTERNAL; 228; 228; 0; 7363; INTERNAL; 216; 227; 11; 8042
INTERNAL; 229; 229; 0; 7356; INTERNAL; 228; 228; 0; 7376
INTERNAL; 228; 228; 0; 7376; INTERNAL; 227; 227; 0; 7794
INTERNAL; 227; 227; 0; 7794; INTERNAL; 7; 226; 219; 5071
INTERNAL; 228; 228; 0; 7376; INTERNAL; 227; 227; 0; 7916
INTERNAL; 227; 227; 0; 7916; INTERNAL; 214; 226; 12; 10126
INTERNAL; 228; 228; 0; 7376; INTERNAL; 227; 227; 0; 9075
INTERNAL; 227; 227; 0; 9075; INTERNAL; 215; 226; 11; 5526
INTERNAL; 228; 228; 0; 7376; INTERNAL; 2; 227; 225; 9073
INTERNAL; 2; 227; 225; 9073; INPUT; 1; 226; 225; 4309
INTERNAL; 229; 229; 0; 7356; INTERNAL; 228; 228; 0; 7369
INTERNAL; 233; 233; 0; 7331; INTERNAL; 229; 232; 3; 7345
INTERNAL; 233; 233; 0; 7331; INTERNAL; 228; 232; 4; 5207
INTERNAL; 228; 232; 4; 5207; INTERNAL; 220; 231; 11; 9081
INTERNAL; 220; 231; 11; 9081; INTERNAL; 219; 230; 11; 9082
INTERNAL; 233; 233; 0; 7331; INTERNAL; 228; 232; 4; 7339
INTERNAL; 235; 235; 0; 7324; INTERNAL; 228; 234; 6; 7664
INTERNAL; 228; 234; 6; 7664; INTERNAL; 221; 232; 11; 9088
INTERNAL; 235; 235; 0; 7324; INTERNAL; 227; 234; 7; 5501
INTERNAL; 227; 234; 7; 5501; INTERNAL; 222; 233; 11; 4795
INTERNAL; 235; 235; 0; 7324; INTERNAL; 229; 234; 5; 7329
INTERNAL; 237; 237; 0; 10050; INTERNAL; 229; 236; 7; 7321
INTERNAL; 237; 237; 0; 10050; INTERNAL; 227; 236; 9; 4511
INTERNAL; 227; 236; 9; 4511; INTERNAL; 223; 235; 12; 9500
INTERNAL; 238; 238; 0; 7308; INTERNAL; 228; 237; 9; 9019
INTERNAL; 228; 237; 9; 9019; INTERNAL; 224; 236; 12; 8610
INTERNAL; 238; 238; 0; 7308; INTERNAL; 229; 237; 8; 3247
INTERNAL; 240; 240; 0; 7299; INTERNAL; 228; 239; 11; 7301
INTERNAL; 240; 240; 0; 7299; INTERNAL; 228; 239; 11; 7303
INTERNAL; 254; 254; 0; 7212; INTERNAL; 241; 253; 12; 7218
INTERNAL; 241; 253; 12; 7218; INTERNAL; 240; 252; 12; 4114
INTERNAL; 254; 254; 0; 7212; INTERNAL; 253; 253; 0; 9564
INTERNAL; 253; 253; 0; 9564; INTERNAL; 242; 252; 10; 7229
INTERNAL; 242; 252; 10; 7229; INTERNAL; 241; 250; 9; 9112
INTERNAL; 241; 250; 9; 9112; INTERNAL; 238; 249; 11; 4386
INTERNAL; 253; 253; 0; 9564; INTERNAL; 241; 252; 11; 3771
INTERNAL; 253; 253; 0; 9564; INTERNAL; 252; 252; 0; 7226
INTERNAL; 252; 252; 0; 7226; INTERNAL; 241; 251; 10; 3287
INTERNAL; 252; 252; 0; 7226; INTERNAL; 241; 251; 10; 3970
INTERNAL; 252; 252; 0; 7226; INTERNAL; 251; 251; 0; 7231
INTERNAL; 251; 251; 0; 7231; INTERNAL; 242; 250; 8; 7242
INTERNAL; 242; 250; 8; 7242; INTERNAL; 241; 248; 7; 8729
INTERNAL; 241; 248; 7; 8729; INTERNAL; 236; 247; 11; 8674
INTERNAL; 251; 251; 0; 7231; INTERNAL; 241; 250; 9; 3872
INTERNAL; 251; 251; 0; 7231; INTERNAL; 241; 250; 9; 7237
INTERNAL; 241; 250; 9; 7237; INTERNAL; 237; 249; 12; 9094
INTERNAL; 251; 251; 0; 7231; INTERNAL; 250; 250; 0; 7239
INTERNAL; 250; 250; 0; 7239; INTERNAL; 241; 249; 8; 5000
INTERNAL; 250; 250; 0; 7239; INTERNAL; 249; 249; 0; 6309
INTERNAL; 249; 249; 0; 6309; INTERNAL; 248; 248; 0; 7251
INTERNAL; 248; 248; 0; 7251; INTERNAL; 242; 247; 5; 4855
INTERNAL; 242; 247; 5; 4855; INTERNAL; 241; 246; 5; 9108
INTERNAL; 241; 246; 5; 9108; INTERNAL; 235; 245; 10; 9110
INTERNAL; 235; 245; 10; 9110; INTERNAL; 234; 244; 10; 9111
INTERNAL; 248; 248; 0; 7251; INTERNAL; 241; 247; 6; 7268
INTERNAL; 248; 248; 0; 7251; INTERNAL; 247; 247; 0; 7255
INTERNAL; 247; 247; 0; 7255; INTERNAL; 241; 246; 5; 7272
INTERNAL; 241; 246; 5; 7272; INTERNAL; 233; 245; 12; 9107
INTERNAL; 247; 247; 0; 7255; INTERNAL; 241; 246; 5; 7269
INTERNAL; 247; 247; 0; 7255; INTERNAL; 242; 246; 4; 4841
INTERNAL; 242; 246; 4; 4841; INTERNAL; 241; 244; 3; 5297
INTERNAL; 241; 244; 3; 5297; INTERNAL; 233; 243; 10; 9104
INTERNAL; 233; 243; 10; 9104; INTERNAL; 232; 242; 10; 6883
INTERNAL; 247; 247; 0; 7255; INTERNAL; 246; 246; 0; 5272
INTERNAL; 246; 246; 0; 5272; INTERNAL; 241; 245; 4; 4394
INTERNAL; 246; 246; 0; 5272; INTERNAL; 241; 245; 4; 7275
INTERNAL; 246; 246; 0; 5272; INTERNAL; 245; 245; 0; 7274
INTERNAL; 245; 245; 0; 7274; INTERNAL; 241; 244; 3; 4095
INTERNAL; 241; 244; 3; 4095; INTERNAL; 231; 243; 12; 9101
INTERNAL; 245; 245; 0; 7274; INTERNAL; 241; 244; 3; 7279
INTERNAL; 245; 245; 0; 7274; INTERNAL; 244; 244; 0; 7233
INTERNAL; 244; 244; 0; 7233; INTERNAL; 242; 243; 1; 7286
INTERNAL; 242; 243; 1; 7286; INTERNAL; 241; 242; 1; 9099
INTERNAL; 241; 242; 1; 9099; INTERNAL; 231; 241; 10; 6643
INTERNAL; 231; 241; 10; 6643; INTERNAL; 230; 240; 10; 7313
INTERNAL; 244; 244; 0; 7233; INTERNAL; 241; 243; 2; 7175
INTERNAL; 244; 244; 0; 7233; INTERNAL; 241; 243; 2; 9382
INTERNAL; 244; 244; 0; 7233; INTERNAL; 243; 243; 0; 7282
INTERNAL; 243; 243; 0; 7282; INTERNAL; 242; 242; 0; 3411
INTERNAL; 242; 242; 0; 3411; INTERNAL; 241; 241; 0; 5345
INTERNAL; 241; 241; 0; 5345; INTERNAL; 228; 240; 12; 6344
INTERNAL; 241; 241; 0; 5345; INTERNAL; 229; 240; 11; 6160
INTERNAL; 229; 240; 11; 6160; INTERNAL; 228; 239; 11; 8089
INTERNAL; 243; 243; 0; 7282; INTERNAL; 242; 242; 0; 7291
INTERNAL; 242; 242; 0; 7291; INTERNAL; 241; 241; 0; 9097
INTERNAL; 241; 241; 0; 9097; INPUT; 1; 240; 239; 5152
INTERNAL; 242; 242; 0; 7291; INTERNAL; 241; 241; 0; 8863
INTERNAL; 242; 242; 0; 7291; INTERNAL; 241; 241; 0; 7214
INTERNAL; 242; 242; 0; 7291; INTERNAL; 241; 241; 0; 8735
INTERNAL; 243; 243; 0; 7282; INTERNAL; 241; 242; 1; 7290
INTERNAL; 241; 242; 1; 7290; INTERNAL; 229; 241; 12; 9439
INTERNAL; 243; 243; 0; 7282; INTERNAL; 241; 242; 1; 4134
INTERNAL; 245; 245; 0; 7274; INTERNAL; 242; 244; 2; 3544
INTERNAL; 246; 246; 0; 5272; INTERNAL; 242; 245; 3; 4746
INTERNAL; 248; 248; 0; 7251; INTERNAL; 241; 247; 6; 7259
INTERNAL; 249; 249; 0; 6309; INTERNAL; 241; 248; 7; 7249
INTERNAL; 249; 249; 0; 6309; INTERNAL; 242; 248; 6; 7253
INTERNAL; 249; 249; 0; 6309; INTERNAL; 241; 248; 7; 8282
INTERNAL; 241; 248; 7; 8282; INTERNAL; 235; 247; 12; 8698
INTERNAL; 250; 250; 0; 7239; INTERNAL; 241; 249; 8; 7244
INTERNAL; 250; 250; 0; 7239; INTERNAL; 242; 249; 7; 7246
INTERNAL; 252; 252; 0; 7226; INTERNAL; 242; 251; 9; 7235
INTERNAL; 253; 253; 0; 9564; INTERNAL; 241; 252; 11; 5044
INTERNAL; 241; 252; 11; 5044; INTERNAL; 239; 251; 12; 8983
UNKNOWN; -1; -1; -1; -1; OUTPUT; 619; 860; 241; 43
OUTPUT; 619; 860; 241; 43; INTERNAL; 618; 618; 0; 6715
INTERNAL; 618; 618; 0; 6715; INTERNAL; 597; 617; 20; 3503
INTERNAL; 597; 617; 20; 3503; INTERNAL; 596; 616; 20; 9851
INTERNAL; 596; 616; 20; 9851; INTERNAL; 595; 595; 0; 7118
INTERNAL; 595; 595; 0; 7118; INTERNAL; 577; 594; 17; 5122
INTERNAL; 577; 594; 17; 5122; INTERNAL; 576; 592; 16; 7399
INTERNAL; 576; 592; 16; 7399; INTERNAL; 554; 572; 18; 5271
INTERNAL; 554; 572; 18; 5271; INTERNAL; 551; 551; 0; 8160
INTERNAL; 551; 551; 0; 8160; INTERNAL; 533; 550; 17; 6616
INTERNAL; 533; 550; 17; 6616; INTERNAL; 514; 529; 15; 9910
INTERNAL; 514; 529; 15; 9910; INTERNAL; 513; 528; 15; 9042
INTERNAL; 513; 528; 15; 9042; INTERNAL; 509; 527; 18; 9684
INTERNAL; 509; 527; 18; 9684; INTERNAL; 493; 508; 15; 7764
INTERNAL; 493; 508; 15; 7764; INTERNAL; 488; 488; 0; 3944
INTERNAL; 488; 488; 0; 3944; INTERNAL; 474; 487; 13; 5838
INTERNAL; 474; 487; 13; 5838; INTERNAL; 473; 473; 0; 4510
INTERNAL; 473; 473; 0; 4510; INTERNAL; 472; 472; 0; 6625
INTERNAL; 472; 472; 0; 6625; INTERNAL; 471; 471; 0; 3848
INTERNAL; 471; 471; 0; 3848; INTERNAL; 470; 470; 0; 4131
INTERNAL; 470; 470; 0; 4131; INTERNAL; 454; 469; 15; 4390
INTERNAL; 454; 469; 15; 4390; INTERNAL; 435; 450; 15; 3806
INTERNAL; 435; 450; 15; 3806; INTERNAL; 431; 431; 0; 3675
INTERNAL; 431; 431; 0; 3675; INTERNAL; 417; 430; 13; 3666
INTERNAL; 417; 430; 13; 3666; INTERNAL; 416; 416; 0; 3592
INTERNAL; 416; 416; 0; 3592; INTERNAL; 399; 415; 16; 3587
INTERNAL; 399; 415; 16; 3587; INTERNAL; 398; 414; 16; 9480
INTERNAL; 398; 414; 16; 9480; INTERNAL; 6; 396; 390; 5975
INTERNAL; 6; 396; 390; 5975; INTERNAL; 5; 395; 390; 9484
INTERNAL; 398; 414; 16; 9480; INTERNAL; 397; 397; 0; 3498
INTERNAL; 397; 397; 0; 3498; INTERNAL; 382; 396; 14; 3824
INTERNAL; 382; 396; 14; 3824; INTERNAL; 364; 379; 15; 4150
INTERNAL; 364; 379; 15; 4150; INTERNAL; 347; 362; 15; 3391
INTERNAL; 347; 362; 15; 3391; INTERNAL; 345; 345; 0; 3963
INTERNAL; 345; 345; 0; 3963; INTERNAL; 331; 344; 13; 3288
INTERNAL; 331; 344; 13; 3288; INTERNAL; 330; 330; 0; 6182
INTERNAL; 330; 330; 0; 6182; INTERNAL; 6; 329; 323; 4484
INTERNAL; 330; 330; 0; 6182; INTERNAL; 315; 329; 14; 8566
INTERNAL; 315; 329; 14; 8566; INTERNAL; 314; 328; 14; 6489
INTERNAL; 314; 328; 14; 6489; INTERNAL; 299; 313; 14; 3202
INTERNAL; 299; 313; 14; 3202; INTERNAL; 298; 298; 0; 3168
INTERNAL; 298; 298; 0; 3168; INTERNAL; 297; 297; 0; 7219
INTERNAL; 297; 297; 0; 7219; INTERNAL; 285; 296; 11; 3412
INTERNAL; 285; 296; 11; 3412; INTERNAL; 282; 293; 11; 9218
INTERNAL; 282; 293; 11; 9218; INTERNAL; 281; 281; 0; 7258
INTERNAL; 281; 281; 0; 7258; INTERNAL; 280; 280; 0; 3941
INTERNAL; 280; 280; 0; 3941; INTERNAL; 270; 279; 9; 4732
INTERNAL; 270; 279; 9; 4732; INTERNAL; 256; 264; 8; 3837
INTERNAL; 256; 264; 8; 3837; INTERNAL; 255; 262; 7; 5294
INTERNAL; 270; 279; 9; 4732; INTERNAL; 264; 264; 0; 7155
INTERNAL; 264; 264; 0; 7155; INTERNAL; 255; 263; 8; 7159
INTERNAL; 264; 264; 0; 7155; INTERNAL; 256; 263; 7; 5608
INTERNAL; 264; 264; 0; 7155; INTERNAL; 263; 263; 0; 7156
INTERNAL; 263; 263; 0; 7156; INTERNAL; 255; 262; 7; 6593
INTERNAL; 263; 263; 0; 7156; INTERNAL; 262; 262; 0; 7170
INTERNAL; 262; 262; 0; 7170; INTERNAL; 255; 261; 6; 7687
INTERNAL; 262; 262; 0; 7170; INTERNAL; 256; 261; 5; 3100
INTERNAL; 256; 261; 5; 3100; INTERNAL; 255; 260; 5; 3854
INTERNAL; 255; 260; 5; 3854; INTERNAL; 248; 259; 11; 3535
INTERNAL; 262; 262; 0; 7170; INTERNAL; 261; 261; 0; 7209
INTERNAL; 261; 261; 0; 7209; INTERNAL; 255; 260; 5; 7180
INTERNAL; 255; 260; 5; 7180; INTERNAL; 247; 259; 12; 7080
INTERNAL; 247; 259; 12; 7080; INTERNAL; 246; 257; 11; 9138
INTERNAL; 261; 261; 0; 7209; INTERNAL; 260; 260; 0; 6714
INTERNAL; 260; 260; 0; 6714; INTERNAL; 256; 259; 3; 8058
INTERNAL; 256; 259; 3; 8058; INTERNAL; 255; 258; 3; 6353
INTERNAL; 260; 260; 0; 6714; INTERNAL; 259; 259; 0; 7181
INTERNAL; 259; 259; 0; 7181; INTERNAL; 255; 258; 3; 7186
INTERNAL; 255; 258; 3; 7186; INTERNAL; 245; 257; 12; 3255
INTERNAL; 259; 259; 0; 7181; INTERNAL; 255; 258; 3; 5888
INTERNAL; 255; 258; 3; 5888; INTERNAL; 245; 257; 12; 9135
INTERNAL; 245; 257; 12; 9135; INTERNAL; 244; 255; 11; 9131
INTERNAL; 259; 259; 0; 7181; INTERNAL; 258; 258; 0; 7188
INTERNAL; 258; 258; 0; 7188; INTERNAL; 255; 257; 2; 7195
INTERNAL; 258; 258; 0; 7188; INTERNAL; 257; 257; 0; 6256
INTERNAL; 257; 257; 0; 6256; INTERNAL; 256; 256; 0; 7205
INTERNAL; 256; 256; 0; 7205; INTERNAL; 255; 255; 0; 3081
INTERNAL; 255; 255; 0; 3081; INTERNAL; 242; 254; 12; 4137
INTERNAL; 257; 257; 0; 6256; INTERNAL; 255; 256; 1; 7203
INTERNAL; 255; 256; 1; 7203; INTERNAL; 243; 255; 12; 4014
INTERNAL; 257; 257; 0; 6256; INTERNAL; 256; 256; 0; 7207
INTERNAL; 256; 256; 0; 7207; INTERNAL; 255; 255; 0; 9121
INTERNAL; 256; 256; 0; 7207; INTERNAL; 255; 255; 0; 9116
INTERNAL; 256; 256; 0; 7207; INTERNAL; 255; 255; 0; 9117
INTERNAL; 255; 255; 0; 9117; INTERNAL; 6; 254; 248; 7084
INTERNAL; 255; 255; 0; 9117; INTERNAL; 254; 254; 0; 6201
INTERNAL; 255; 255; 0; 9117; INTERNAL; 8; 254; 246; 9125
INTERNAL; 8; 254; 246; 9125; INTERNAL; 7; 253; 246; 4038
INTERNAL; 255; 255; 0; 9117; INTERNAL; 2; 254; 252; 6511
INTERNAL; 2; 254; 252; 6511; INPUT; 1; 253; 252; 8917
INTERNAL; 256; 256; 0; 7207; INTERNAL; 255; 255; 0; 3687
INTERNAL; 257; 257; 0; 6256; INTERNAL; 255; 256; 1; 7202
INTERNAL; 255; 256; 1; 7202; INTERNAL; 243; 255; 12; 9129
INTERNAL; 258; 258; 0; 7188; INTERNAL; 255; 257; 2; 7200
INTERNAL; 258; 258; 0; 7188; INTERNAL; 256; 257; 1; 5257
INTERNAL; 256; 257; 1; 5257; INTERNAL; 255; 256; 1; 6267
INTERNAL; 259; 259; 0; 7181; INTERNAL; 256; 258; 2; 7194
INTERNAL; 260; 260; 0; 6714; INTERNAL; 255; 259; 4; 7183
INTERNAL; 260; 260; 0; 6714; INTERNAL; 255; 259; 4; 4000
INTERNAL; 261; 261; 0; 7209; INTERNAL; 255; 260; 5; 7176
INTERNAL; 261; 261; 0; 7209; INTERNAL; 256; 260; 4; 4196
INTERNAL; 262; 262; 0; 7170; INTERNAL; 255; 261; 6; 7173
INTERNAL; 255; 261; 6; 7173; INTERNAL; 247; 260; 13; 9140
INTERNAL; 263; 263; 0; 7156; INTERNAL; 256; 262; 6; 7171
INTERNAL; 263; 263; 0; 7156; INTERNAL; 255; 262; 7; 7165
INTERNAL; 255; 262; 7; 7165; INTERNAL; 249; 261; 12; 3436
INTERNAL; 264; 264; 0; 7155; INTERNAL; 255; 263; 8; 7362
INTERNAL; 255; 263; 8; 7362; INTERNAL; 249; 262; 13; 8866
INTERNAL; 270; 279; 9; 4732; INTERNAL; 269; 269; 0; 4063
INTERNAL; 269; 269; 0; 4063; INTERNAL; 255; 268; 13; 9340
INTERNAL; 255; 268; 13; 9340; INTERNAL; 254; 266; 12; 9144
INTERNAL; 269; 269; 0; 4063; INTERNAL; 268; 268; 0; 6463
INTERNAL; 268; 268; 0; 6463; INTERNAL; 255; 267; 12; 3075
INTERNAL; 268; 268; 0; 6463; INTERNAL; 255; 267; 12; 4595
INTERNAL; 255; 267; 12; 4595; INTERNAL; 253; 266; 13; 7966
INTERNAL; 268; 268; 0; 6463; INTERNAL; 267; 267; 0; 5325
INTERNAL; 267; 267; 0; 5325; INTERNAL; 266; 266; 0; 4275
INTERNAL; 266; 266; 0; 4275; INTERNAL; 255; 265; 10; 9966
INTERNAL; 255; 265; 10; 9966; INTERNAL; 251; 264; 13; 7685
INTERNAL; 266; 266; 0; 4275; INTERNAL; 256; 265; 9; 6466
INTERNAL; 256; 265; 9; 6466; INTERNAL; 255; 264; 9; 5465
INTERNAL; 266; 266; 0; 4275; INTERNAL; 255; 265; 10; 3803
INTERNAL; 266; 266; 0; 4275; INTERNAL; 265; 265; 0; 3261
INTERNAL; 265; 265; 0; 3261; INTERNAL; 255; 264; 9; 7153
INTERNAL; 255; 264; 9; 7153; INTERNAL; 250; 263; 13; 4531
INTERNAL; 265; 265; 0; 3261; INTERNAL; 255; 264; 9; 7152
INTERNAL; 267; 267; 0; 5325; INTERNAL; 255; 266; 11; 3859
INTERNAL; 255; 266; 11; 3859; INTERNAL; 252; 265; 13; 9141
INTERNAL; 267; 267; 0; 5325; INTERNAL; 255; 266; 11; 3074
INTERNAL; 267; 267; 0; 5325; INTERNAL; 256; 266; 10; 4455
INTERNAL; 268; 268; 0; 6463; INTERNAL; 255; 267; 12; 6677
INTERNAL; 280; 280; 0; 3941; INTERNAL; 271; 279; 8; 3529
INTERNAL; 271; 279; 8; 3529; INTERNAL; 270; 278; 8; 8359
INTERNAL; 270; 278; 8; 8359; INTERNAL; 265; 277; 12; 9167
INTERNAL; 280; 280; 0; 3941; INTERNAL; 271; 279; 8; 3880
INTERNAL; 280; 280; 0; 3941; INTERNAL; 279; 279; 0; 6306
INTERNAL; 279; 279; 0; 6306; INTERNAL; 270; 278; 8; 3155
INTERNAL; 270; 278; 8; 3155; INTERNAL; 264; 277; 13; 8999
INTERNAL; 279; 279; 0; 6306; INTERNAL; 270; 278; 8; 3111
INTERNAL; 279; 279; 0; 6306; INTERNAL; 278; 278; 0; 5285
INTERNAL; 278; 278; 0; 5285; INTERNAL; 271; 277; 6; 5678
INTERNAL; 271; 277; 6; 5678; INTERNAL; 270; 276; 6; 3648
INTERNAL; 278; 278; 0; 5285; INTERNAL; 270; 277; 7; 4491
INTERNAL; 270; 277; 7; 4491; INTERNAL; 263; 276; 13; 9161
INTERNAL; 278; 278; 0; 5285; INTERNAL; 270; 277; 7; 9705
INTERNAL; 278; 278; 0; 5285; INTERNAL; 277; 277; 0; 3109
INTERNAL; 277; 277; 0; 3109; INTERNAL; 270; 276; 6; 5256
INTERNAL; 270; 276; 6; 5256; INTERNAL; 263; 275; 12; 9156
INTERNAL; 263; 275; 12; 9156; INTERNAL; 262; 274; 12; 9159
INTERNAL; 277; 277; 0; 3109; INTERNAL; 270; 276; 6; 3107
INTERNAL; 277; 277; 0; 3109; INTERNAL; 271; 276; 5; 3545
INTERNAL; 271; 276; 5; 3545; INTERNAL; 270; 274; 4; 9154
INTERNAL; 277; 277; 0; 3109; INTERNAL; 276; 276; 0; 7271
INTERNAL; 276; 276; 0; 7271; INTERNAL; 270; 275; 5; 3102
INTERNAL; 270; 275; 5; 3102; INTERNAL; 261; 274; 13; 9155
INTERNAL; 276; 276; 0; 7271; INTERNAL; 271; 275; 4; 5206
INTERNAL; 276; 276; 0; 7271; INTERNAL; 275; 275; 0; 3105
INTERNAL; 275; 275; 0; 3105; INTERNAL; 271; 274; 3; 6772
INTERNAL; 271; 274; 3; 6772; INTERNAL; 270; 272; 2; 5854
INTERNAL; 275; 275; 0; 3105; INTERNAL; 270; 274; 4; 5542
INTERNAL; 270; 274; 4; 5542; INTERNAL; 260; 272; 12; 8959
INTERNAL; 275; 275; 0; 3105; INTERNAL; 274; 274; 0; 4163
INTERNAL; 274; 274; 0; 4163; INTERNAL; 271; 273; 2; 7470
INTERNAL; 274; 274; 0; 4163; INTERNAL; 270; 273; 3; 4474
INTERNAL; 270; 273; 3; 4474; INTERNAL; 259; 272; 13; 8166
INTERNAL; 274; 274; 0; 4163; INTERNAL; 270; 273; 3; 5204
INTERNAL; 274; 274; 0; 4163; INTERNAL; 273; 273; 0; 6917
INTERNAL; 273; 273; 0; 6917; INTERNAL; 271; 272; 1; 3091
INTERNAL; 271; 272; 1; 3091; INTERNAL; 270; 270; 0; 9149
INTERNAL; 273; 273; 0; 6917; INTERNAL; 270; 272; 2; 3617
INTERNAL; 270; 272; 2; 3617; INTERNAL; 258; 270; 12; 6909
INTERNAL; 273; 273; 0; 6917; INTERNAL; 272; 272; 0; 5632
INTERNAL; 272; 272; 0; 5632; INTERNAL; 270; 271; 1; 6016
INTERNAL; 270; 271; 1; 6016; INTERNAL; 257; 270; 13; 9151
INTERNAL; 272; 272; 0; 5632; INTERNAL; 271; 271; 0; 9968
INTERNAL; 272; 272; 0; 5632; INTERNAL; 271; 271; 0; 3568
INTERNAL; 271; 271; 0; 3568; INTERNAL; 270; 270; 0; 5079
INTERNAL; 270; 270; 0; 5079; INTERNAL; 269; 269; 0; 5943
INTERNAL; 269; 269; 0; 5943; INTERNAL; 255; 268; 13; 9148
INTERNAL; 270; 270; 0; 5079; INTERNAL; 269; 269; 0; 8705
INTERNAL; 269; 269; 0; 8705; INTERNAL; 256; 268; 12; 6543
INTERNAL; 270; 270; 0; 5079; INTERNAL; 269; 269; 0; 9801
INTERNAL; 269; 269; 0; 9801; INTERNAL; 5; 268; 263; 6319
INTERNAL; 270; 270; 0; 5079; INTERNAL; 2; 269; 267; 9147
INTERNAL; 2; 269; 267; 9147; INPUT; 1; 268; 267; 7693
INTERNAL; 271; 271; 0; 3568; INTERNAL; 270; 270; 0; 3129
INTERNAL; 270; 270; 0; 3129; INTERNAL; 257; 269; 12; 6887
INTERNAL; 257; 269; 12; 6887; INTERNAL; 256; 268; 12; 9146
INTERNAL; 271; 271; 0; 3568; INTERNAL; 270; 270; 0; 6758
INTERNAL; 271; 271; 0; 3568; INTERNAL; 270; 270; 0; 3086
INTERNAL; 272; 272; 0; 5632; INTERNAL; 270; 271; 1; 5358
INTERNAL; 273; 273; 0; 6917; INTERNAL; 270; 272; 2; 4521
INTERNAL; 270; 272; 2; 4521; INTERNAL; 259; 271; 12; 8148
INTERNAL; 275; 275; 0; 3105; INTERNAL; 270; 274; 4; 5840
INTERNAL; 270; 274; 4; 5840; INTERNAL; 261; 273; 12; 9153
INTERNAL; 276; 276; 0; 7271; INTERNAL; 270; 275; 5; 3096
INTERNAL; 279; 279; 0; 6306; INTERNAL; 271; 278; 7; 4904
INTERNAL; 280; 280; 0; 3941; INTERNAL; 271; 279; 8; 3114
INTERNAL; 271; 279; 8; 3114; INTERNAL; 270; 278; 8; 9169
INTERNAL; 281; 281; 0; 7258; INTERNAL; 271; 280; 9; 4486
INTERNAL; 271; 280; 9; 4486; INTERNAL; 270; 279; 9; 7289
INTERNAL; 281; 281; 0; 7258; INTERNAL; 271; 280; 9; 5045
INTERNAL; 281; 281; 0; 7258; INTERNAL; 271; 280; 9; 9755
INTERNAL; 281; 281; 0; 7258; INTERNAL; 270; 280; 10; 5701
INTERNAL; 270; 280; 10; 5701; INTERNAL; 266; 279; 13; 6975
INTERNAL; 282; 293; 11; 9218; INTERNAL; 271; 281; 10; 3119
INTERNAL; 271; 281; 10; 3119; INTERNAL; 270; 280; 10; 9175
INTERNAL; 282; 293; 11; 9218; INTERNAL; 271; 281; 10; 7349
INTERNAL; 285; 296; 11; 3412; INTERNAL; 270; 280; 10; 9171
INTERNAL; 270; 280; 10; 9171; INTERNAL; 267; 279; 12; 9172
INTERNAL; 285; 296; 11; 3412; INTERNAL; 284; 284; 0; 4335
INTERNAL; 284; 284; 0; 4335; INTERNAL; 283; 283; 0; 6957
INTERNAL; 283; 283; 0; 6957; INTERNAL; 282; 282; 0; 6455
INTERNAL; 282; 282; 0; 6455; INTERNAL; 271; 281; 10; 3117
INTERNAL; 271; 281; 10; 3117; INTERNAL; 270; 280; 10; 8189
INTERNAL; 282; 282; 0; 6455; INTERNAL; 271; 281; 10; 3118
INTERNAL; 282; 282; 0; 6455; INTERNAL; 271; 281; 10; 3540
INTERNAL; 283; 283; 0; 6957; INTERNAL; 270; 282; 12; 5093
INTERNAL; 270; 282; 12; 5093; INTERNAL; 269; 281; 12; 9177
INTERNAL; 269; 281; 12; 9177; INTERNAL; 268; 280; 12; 9180
INTERNAL; 283; 283; 0; 6957; INTERNAL; 271; 282; 11; 8279
INTERNAL; 283; 283; 0; 6957; INTERNAL; 270; 282; 12; 3126
INTERNAL; 284; 284; 0; 4335; INTERNAL; 270; 283; 13; 5313
INTERNAL; 297; 297; 0; 7219; INTERNAL; 296; 296; 0; 3523
INTERNAL; 296; 296; 0; 3523; INTERNAL; 285; 295; 10; 7547
INTERNAL; 285; 295; 10; 7547; INTERNAL; 281; 294; 13; 9215
INTERNAL; 296; 296; 0; 3523; INTERNAL; 285; 295; 10; 5284
INTERNAL; 296; 296; 0; 3523; INTERNAL; 286; 295; 9; 4015
INTERNAL; 286; 295; 9; 4015; INTERNAL; 285; 293; 8; 3108
INTERNAL; 285; 293; 8; 3108; INTERNAL; 280; 292; 12; 6884
INTERNAL; 296; 296; 0; 3523; INTERNAL; 295; 295; 0; 3626
INTERNAL; 295; 295; 0; 3626; INTERNAL; 285; 294; 9; 9106
INTERNAL; 295; 295; 0; 3626; INTERNAL; 294; 294; 0; 3162
INTERNAL; 294; 294; 0; 3162; INTERNAL; 285; 293; 8; 3157
INTERNAL; 285; 293; 8; 3157; INTERNAL; 279; 292; 13; 3093
INTERNAL; 294; 294; 0; 3162; INTERNAL; 293; 293; 0; 5062
INTERNAL; 293; 293; 0; 5062; INTERNAL; 285; 292; 7; 3152
INTERNAL; 293; 293; 0; 5062; INTERNAL; 286; 292; 6; 6886
INTERNAL; 286; 292; 6; 6886; INTERNAL; 285; 291; 6; 8796
INTERNAL; 285; 291; 6; 8796; INTERNAL; 279; 290; 11; 6332
INTERNAL; 279; 290; 11; 6332; INTERNAL; 278; 289; 11; 9211
INTERNAL; 293; 293; 0; 5062; INTERNAL; 292; 292; 0; 5219
INTERNAL; 292; 292; 0; 5219; INTERNAL; 291; 291; 0; 7031
INTERNAL; 291; 291; 0; 7031; INTERNAL; 286; 290; 4; 6143
INTERNAL; 286; 290; 4; 6143; INTERNAL; 285; 289; 4; 9203
INTERNAL; 285; 289; 4; 9203; INTERNAL; 276; 288; 12; 9209
INTERNAL; 291; 291; 0; 7031; INTERNAL; 285; 290; 5; 4242
INTERNAL; 291; 291; 0; 7031; INTERNAL; 285; 290; 5; 4240
INTERNAL; 291; 291; 0; 7031; INTERNAL; 290; 290; 0; 6088
INTERNAL; 290; 290; 0; 6088; INTERNAL; 286; 289; 3; 7938
INTERNAL; 286; 289; 3; 7938; INTERNAL; 285; 287; 2; 5929
INTERNAL; 285; 287; 2; 5929; INTERNAL; 274; 286; 12; 9197
INTERNAL; 290; 290; 0; 6088; INTERNAL; 285; 289; 4; 5594
INTERNAL; 285; 289; 4; 5594; INTERNAL; 275; 288; 13; 9202
INTERNAL; 290; 290; 0; 6088; INTERNAL; 289; 289; 0; 8781
INTERNAL; 289; 289; 0; 8781; INTERNAL; 286; 288; 2; 6817
INTERNAL; 289; 289; 0; 8781; INTERNAL; 285; 288; 3; 5725
INTERNAL; 289; 289; 0; 8781; INTERNAL; 288; 288; 0; 4785
INTERNAL; 288; 288; 0; 4785; INTERNAL; 286; 287; 1; 3134
INTERNAL; 286; 287; 1; 3134; INTERNAL; 285; 285; 0; 9191
INTERNAL; 285; 285; 0; 9191; INTERNAL; 272; 284; 12; 9103
INTERNAL; 288; 288; 0; 4785; INTERNAL; 285; 287; 2; 3138
INTERNAL; 285; 287; 2; 3138; INTERNAL; 273; 286; 13; 9195
INTERNAL; 288; 288; 0; 4785; INTERNAL; 285; 287; 2; 3137
INTERNAL; 288; 288; 0; 4785; INTERNAL; 287; 287; 0; 7104
INTERNAL; 287; 287; 0; 7104; INTERNAL; 286; 286; 0; 5464
INTERNAL; 287; 287; 0; 7104; INTERNAL; 285; 286; 1; 6442
INTERNAL; 287; 287; 0; 7104; INTERNAL; 286; 286; 0; 4308
INTERNAL; 286; 286; 0; 4308; INTERNAL; 285; 285; 0; 3547
INTERNAL; 285; 285; 0; 3547; INTERNAL; 284; 284; 0; 9189
INTERNAL; 284; 284; 0; 9189; INPUT; 1; 283; 282; 7350
INTERNAL; 285; 285; 0; 3547; INTERNAL; 284; 284; 0; 8527
INTERNAL; 284; 284; 0; 8527; INTERNAL; 270; 282; 12; 9185
INTERNAL; 285; 285; 0; 3547; INTERNAL; 284; 284; 0; 9186
INTERNAL; 285; 285; 0; 3547; INTERNAL; 284; 284; 0; 9190
INTERNAL; 284; 284; 0; 9190; INTERNAL; 270; 283; 13; 9182
INTERNAL; 284; 284; 0; 9190; INTERNAL; 271; 283; 12; 9183
INTERNAL; 286; 286; 0; 4308; INTERNAL; 285; 285; 0; 3170
INTERNAL; 285; 285; 0; 3170; INTERNAL; 271; 284; 13; 5582
INTERNAL; 286; 286; 0; 4308; INTERNAL; 285; 285; 0; 3245
INTERNAL; 286; 286; 0; 4308; INTERNAL; 285; 285; 0; 4739
INTERNAL; 287; 287; 0; 7104; INTERNAL; 285; 286; 1; 3396
INTERNAL; 289; 289; 0; 8781; INTERNAL; 285; 288; 3; 3140
INTERNAL; 290; 290; 0; 6088; INTERNAL; 285; 289; 4; 8992
INTERNAL; 292; 292; 0; 5219; INTERNAL; 285; 291; 6; 3253
INTERNAL; 285; 291; 6; 3253; INTERNAL; 277; 290; 13; 4387
INTERNAL; 292; 292; 0; 5219; INTERNAL; 286; 291; 5; 5875
INTERNAL; 292; 292; 0; 5219; INTERNAL; 285; 291; 6; 3148
INTERNAL; 293; 293; 0; 5062; INTERNAL; 285; 292; 7; 3156
INTERNAL; 294; 294; 0; 3162; INTERNAL; 285; 293; 8; 3372
INTERNAL; 294; 294; 0; 3162; INTERNAL; 286; 293; 7; 6768
INTERNAL; 295; 295; 0; 3626; INTERNAL; 285; 294; 9; 3160
INTERNAL; 295; 295; 0; 3626; INTERNAL; 286; 294; 8; 4045
INTERNAL; 297; 297; 0; 7219; INTERNAL; 286; 296; 10; 6060
INTERNAL; 286; 296; 10; 6060; INTERNAL; 285; 295; 10; 8963
INTERNAL; 285; 295; 10; 8963; INTERNAL; 283; 294; 11; 9217
INTERNAL; 297; 297; 0; 7219; INTERNAL; 285; 296; 11; 4538
INTERNAL; 298; 298; 0; 3168; INTERNAL; 285; 297; 12; 4988
INTERNAL; 285; 297; 12; 4988; INTERNAL; 283; 295; 12; 4258
INTERNAL; 298; 298; 0; 3168; INTERNAL; 285; 297; 12; 6253
INTERNAL; 285; 297; 12; 6253; INTERNAL; 284; 296; 12; 9220
INTERNAL; 298; 298; 0; 3168; INTERNAL; 286; 297; 11; 5596
INTERNAL; 299; 313; 14; 3202; INTERNAL; 298; 312; 14; 6269
INTERNAL; 314; 328; 14; 6489; INTERNAL; 313; 313; 0; 3204
INTERNAL; 313; 313; 0; 3204; INTERNAL; 301; 312; 11; 3886
INTERNAL; 301; 312; 11; 3886; INTERNAL; 300; 310; 10; 9265
INTERNAL; 300; 310; 10; 9265; INTERNAL; 299; 299; 0; 5190
INTERNAL; 313; 313; 0; 3204; INTERNAL; 299; 312; 13; 4254
INTERNAL; 299; 312; 13; 4254; INTERNAL; 297; 311; 14; 8187
INTERNAL; 313; 313; 0; 3204; INTERNAL; 312; 312; 0; 6170
INTERNAL; 312; 312; 0; 6170; INTERNAL; 300; 311; 11; 6451
INTERNAL; 312; 312; 0; 6170; INTERNAL; 301; 311; 10; 3199
INTERNAL; 312; 312; 0; 6170; INTERNAL; 311; 311; 0; 4273
INTERNAL; 311; 311; 0; 4273; INTERNAL; 299; 310; 11; 3196
INTERNAL; 299; 310; 11; 3196; INTERNAL; 295; 309; 14; 9044
INTERNAL; 311; 311; 0; 4273; INTERNAL; 301; 310; 9; 3195
INTERNAL; 301; 310; 9; 3195; INTERNAL; 300; 308; 8; 9262
INTERNAL; 311; 311; 0; 4273; INTERNAL; 300; 310; 10; 3197
INTERNAL; 311; 311; 0; 4273; INTERNAL; 310; 310; 0; 7440
INTERNAL; 310; 310; 0; 7440; INTERNAL; 309; 309; 0; 3194
INTERNAL; 309; 309; 0; 3194; INTERNAL; 301; 308; 7; 5470
INTERNAL; 301; 308; 7; 5470; INTERNAL; 300; 306; 6; 5655
INTERNAL; 300; 306; 6; 5655; INTERNAL; 293; 305; 12; 7441
INTERNAL; 309; 309; 0; 3194; INTERNAL; 308; 308; 0; 3192
INTERNAL; 308; 308; 0; 3192; INTERNAL; 307; 307; 0; 6279
INTERNAL; 307; 307; 0; 6279; INTERNAL; 300; 306; 6; 6091
INTERNAL; 300; 306; 6; 6091; INTERNAL; 292; 305; 13; 7342
INTERNAL; 307; 307; 0; 6279; INTERNAL; 306; 306; 0; 8978
INTERNAL; 306; 306; 0; 8978; INTERNAL; 305; 305; 0; 4875
INTERNAL; 305; 305; 0; 4875; INTERNAL; 300; 304; 4; 3715
INTERNAL; 300; 304; 4; 3715; INTERNAL; 290; 303; 13; 9241
INTERNAL; 305; 305; 0; 4875; INTERNAL; 301; 304; 3; 9250
INTERNAL; 301; 304; 3; 9250; INTERNAL; 300; 302; 2; 5771
INTERNAL; 305; 305; 0; 4875; INTERNAL; 304; 304; 0; 3177
INTERNAL; 304; 304; 0; 3177; INTERNAL; 301; 303; 2; 7124
INTERNAL; 304; 304; 0; 3177; INTERNAL; 303; 303; 0; 6992
INTERNAL; 303; 303; 0; 6992; INTERNAL; 299; 302; 3; 7884
INTERNAL; 299; 302; 3; 7884; INTERNAL; 287; 301; 14; 9239
INTERNAL; 303; 303; 0; 6992; INTERNAL; 301; 302; 1; 4244
INTERNAL; 301; 302; 1; 4244; INTERNAL; 300; 300; 0; 9235
INTERNAL; 303; 303; 0; 6992; INTERNAL; 302; 302; 0; 3858
INTERNAL; 302; 302; 0; 3858; INTERNAL; 301; 301; 0; 8923
INTERNAL; 302; 302; 0; 3858; INTERNAL; 300; 301; 1; 8309
INTERNAL; 302; 302; 0; 3858; INTERNAL; 301; 301; 0; 4330
INTERNAL; 301; 301; 0; 4330; INTERNAL; 299; 300; 1; 3172
INTERNAL; 299; 300; 1; 3172; INTERNAL; 286; 299; 13; 4088
INTERNAL; 286; 299; 13; 4088; INTERNAL; 285; 297; 12; 7138
INTERNAL; 299; 300; 1; 3172; INTERNAL; 285; 299; 14; 5431
INTERNAL; 301; 301; 0; 4330; INTERNAL; 300; 300; 0; 6720
INTERNAL; 301; 301; 0; 4330; INTERNAL; 300; 300; 0; 3847
INTERNAL; 300; 300; 0; 3847; INTERNAL; 299; 299; 0; 9229
INTERNAL; 299; 299; 0; 9229; INTERNAL; 2; 298; 296; 7267
INTERNAL; 2; 298; 296; 7267; INPUT; 1; 297; 296; 9233
INTERNAL; 299; 299; 0; 9229; INTERNAL; 7; 298; 291; 8181
INTERNAL; 7; 298; 291; 8181; INTERNAL; 2; 297; 295; 9230
INTERNAL; 299; 299; 0; 9229; INTERNAL; 11; 298; 287; 9232
INTERNAL; 11; 298; 287; 9232; INTERNAL; 10; 297; 287; 5498
INTERNAL; 10; 297; 287; 5498; INTERNAL; 9; 296; 287; 7248
INTERNAL; 9; 296; 287; 7248; INTERNAL; 8; 295; 287; 3425
INTERNAL; 8; 295; 287; 3425; INTERNAL; 7; 294; 287; 3822
INTERNAL; 7; 294; 287; 3822; INTERNAL; 6; 293; 287; 8121
INTERNAL; 6; 293; 287; 8121; INTERNAL; 5; 292; 287; 5796
INTERNAL; 5; 292; 287; 5796; INTERNAL; 4; 291; 287; 4259
INTERNAL; 300; 300; 0; 3847; INTERNAL; 299; 299; 0; 9223
INTERNAL; 300; 300; 0; 3847; INTERNAL; 299; 299; 0; 3206
INTERNAL; 299; 299; 0; 3206; INTERNAL; 286; 298; 12; 9221
INTERNAL; 300; 300; 0; 3847; INTERNAL; 299; 299; 0; 9225
INTERNAL; 299; 299; 0; 9225; INTERNAL; 285; 298; 13; 3153
INTERNAL; 301; 301; 0; 4330; INTERNAL; 300; 300; 0; 4857
INTERNAL; 302; 302; 0; 3858; INTERNAL; 300; 301; 1; 3788
INTERNAL; 300; 301; 1; 3788; INTERNAL; 286; 300; 14; 8827
INTERNAL; 303; 303; 0; 6992; INTERNAL; 300; 302; 2; 3176
INTERNAL; 304; 304; 0; 3177; INTERNAL; 300; 303; 3; 5911
INTERNAL; 300; 303; 3; 5911; INTERNAL; 288; 302; 14; 9240
INTERNAL; 304; 304; 0; 3177; INTERNAL; 300; 303; 3; 9896
INTERNAL; 305; 305; 0; 4875; INTERNAL; 300; 304; 4; 4820
INTERNAL; 300; 304; 4; 4820; INTERNAL; 289; 303; 14; 9244
INTERNAL; 306; 306; 0; 8978; INTERNAL; 300; 305; 5; 8165
INTERNAL; 306; 306; 0; 8978; INTERNAL; 301; 305; 4; 3615
INTERNAL; 301; 305; 4; 3615; INTERNAL; 300; 304; 4; 9249
INTERNAL; 300; 304; 4; 9249; INTERNAL; 286; 303; 17; 9251
INTERNAL; 300; 304; 4; 9249; INTERNAL; 291; 303; 12; 3467
INTERNAL; 306; 306; 0; 8978; INTERNAL; 300; 305; 5; 6456
INTERNAL; 307; 307; 0; 6279; INTERNAL; 301; 306; 5; 3190
INTERNAL; 307; 307; 0; 6279; INTERNAL; 299; 306; 7; 8613
INTERNAL; 299; 306; 7; 8613; INTERNAL; 286; 305; 19; 7169
INTERNAL; 299; 306; 7; 8613; INTERNAL; 292; 305; 13; 5317
INTERNAL; 308; 308; 0; 3192; INTERNAL; 300; 307; 7; 8459
INTERNAL; 308; 308; 0; 3192; INTERNAL; 300; 307; 7; 4117
INTERNAL; 308; 308; 0; 3192; INTERNAL; 301; 307; 6; 8496
INTERNAL; 309; 309; 0; 3194; INTERNAL; 300; 308; 8; 3631
INTERNAL; 300; 308; 8; 3631; INTERNAL; 294; 307; 13; 9256
INTERNAL; 309; 309; 0; 3194; INTERNAL; 300; 308; 8; 7004
INTERNAL; 300; 308; 8; 7004; INTERNAL; 294; 307; 13; 9258
INTERNAL; 310; 310; 0; 7440; INTERNAL; 301; 309; 8; 4973
INTERNAL; 310; 310; 0; 7440; INTERNAL; 300; 309; 9; 4381
INTERNAL; 310; 310; 0; 7440; INTERNAL; 300; 309; 9; 4302
INTERNAL; 312; 312; 0; 6170; INTERNAL; 300; 311; 11; 6744
INTERNAL; 300; 311; 11; 6744; INTERNAL; 296; 310; 14; 8841
INTERNAL; 313; 313; 0; 3204; INTERNAL; 300; 312; 12; 9115
INTERNAL; 330; 330; 0; 6182; INTERNAL; 315; 329; 14; 6896
INTERNAL; 330; 330; 0; 6182; INTERNAL; 329; 329; 0; 3251
INTERNAL; 329; 329; 0; 3251; INTERNAL; 316; 328; 12; 3672
INTERNAL; 316; 328; 12; 3672; INTERNAL; 315; 327; 12; 9304
INTERNAL; 315; 327; 12; 9304; INTERNAL; 314; 314; 0; 4849
INTERNAL; 329; 329; 0; 3251; INTERNAL; 328; 328; 0; 8896
INTERNAL; 328; 328; 0; 8896; INTERNAL; 315; 327; 12; 4685
INTERNAL; 328; 328; 0; 8896; INTERNAL; 316; 327; 11; 5078
INTERNAL; 316; 327; 11; 5078; INTERNAL; 315; 326; 11; 5872
INTERNAL; 315; 326; 11; 5872; INTERNAL; 312; 325; 13; 9301
INTERNAL; 328; 328; 0; 8896; INTERNAL; 327; 327; 0; 6336
INTERNAL; 327; 327; 0; 6336; INTERNAL; 316; 326; 10; 5436
INTERNAL; 316; 326; 10; 5436; INTERNAL; 315; 324; 9; 9299
INTERNAL; 315; 324; 9; 9299; INTERNAL; 310; 323; 13; 6214
INTERNAL; 327; 327; 0; 6336; INTERNAL; 326; 326; 0; 5897
INTERNAL; 326; 326; 0; 5897; INTERNAL; 316; 325; 9; 4570
INTERNAL; 326; 326; 0; 5897; INTERNAL; 315; 325; 10; 6508
INTERNAL; 326; 326; 0; 5897; INTERNAL; 315; 325; 10; 3304
INTERNAL; 326; 326; 0; 5897; INTERNAL; 325; 325; 0; 4121
INTERNAL; 325; 325; 0; 4121; INTERNAL; 316; 324; 8; 3233
INTERNAL; 316; 324; 8; 3233; INTERNAL; 315; 322; 7; 3777
INTERNAL; 315; 322; 7; 3777; INTERNAL; 308; 321; 13; 7589
INTERNAL; 325; 325; 0; 4121; INTERNAL; 315; 324; 9; 7131
INTERNAL; 315; 324; 9; 7131; INTERNAL; 309; 323; 14; 9296
INTERNAL; 325; 325; 0; 4121; INTERNAL; 315; 324; 9; 4642
INTERNAL; 325; 325; 0; 4121; INTERNAL; 324; 324; 0; 9672
INTERNAL; 324; 324; 0; 9672; INTERNAL; 316; 323; 7; 3223
INTERNAL; 324; 324; 0; 9672; INTERNAL; 315; 323; 8; 3231
INTERNAL; 324; 324; 0; 9672; INTERNAL; 323; 323; 0; 3727
INTERNAL; 323; 323; 0; 3727; INTERNAL; 315; 322; 7; 3222
INTERNAL; 315; 322; 7; 3222; INTERNAL; 307; 321; 14; 3630
INTERNAL; 323; 323; 0; 3727; INTERNAL; 315; 322; 7; 9418
INTERNAL; 323; 323; 0; 3727; INTERNAL; 317; 322; 5; 4675
INTERNAL; 317; 322; 5; 4675; INTERNAL; 316; 320; 4; 9293
INTERNAL; 316; 320; 4; 9293; INTERNAL; 315; 319; 4; 9295
INTERNAL; 315; 319; 4; 9295; INTERNAL; 306; 318; 12; 6690
INTERNAL; 316; 320; 4; 9293; INTERNAL; 315; 319; 4; 6811
INTERNAL; 323; 323; 0; 3727; INTERNAL; 322; 322; 0; 6610
INTERNAL; 322; 322; 0; 6610; INTERNAL; 317; 321; 4; 9494
INTERNAL; 322; 322; 0; 6610; INTERNAL; 315; 321; 6; 3770
INTERNAL; 322; 322; 0; 6610; INTERNAL; 321; 321; 0; 4174
INTERNAL; 321; 321; 0; 4174; INTERNAL; 317; 320; 3; 3646
INTERNAL; 317; 320; 3; 3646; INTERNAL; 316; 318; 2; 4504
INTERNAL; 316; 318; 2; 4504; INTERNAL; 315; 317; 2; 9291
INTERNAL; 316; 318; 2; 4504; INTERNAL; 315; 317; 2; 8769
INTERNAL; 315; 317; 2; 8769; INTERNAL; 304; 316; 12; 7132
INTERNAL; 321; 321; 0; 4174; INTERNAL; 315; 320; 5; 3608
INTERNAL; 315; 320; 5; 3608; INTERNAL; 305; 319; 14; 7049
INTERNAL; 321; 321; 0; 4174; INTERNAL; 315; 320; 5; 3218
INTERNAL; 321; 321; 0; 4174; INTERNAL; 320; 320; 0; 7464
INTERNAL; 320; 320; 0; 7464; INTERNAL; 319; 319; 0; 8218
INTERNAL; 319; 319; 0; 8218; INTERNAL; 315; 318; 3; 4691
INTERNAL; 319; 319; 0; 8218; INTERNAL; 318; 318; 0; 9700
INTERNAL; 318; 318; 0; 9700; INTERNAL; 316; 317; 1; 3326
INTERNAL; 316; 317; 1; 3326; INTERNAL; 315; 316; 1; 9286
INTERNAL; 318; 318; 0; 9700; INTERNAL; 316; 317; 1; 3214
INTERNAL; 316; 317; 1; 3214; INTERNAL; 315; 316; 1; 9686
INTERNAL; 315; 316; 1; 9686; INTERNAL; 303; 315; 12; 9288
INTERNAL; 303; 315; 12; 9288; INTERNAL; 302; 314; 12; 9289
INTERNAL; 318; 318; 0; 9700; INTERNAL; 317; 317; 0; 6222
INTERNAL; 317; 317; 0; 6222; INTERNAL; 315; 316; 1; 3990
INTERNAL; 315; 316; 1; 3990; INTERNAL; 301; 315; 14; 9285
INTERNAL; 317; 317; 0; 6222; INTERNAL; 316; 316; 0; 9483
INTERNAL; 316; 316; 0; 9483; INTERNAL; 315; 315; 0; 4108
INTERNAL; 315; 315; 0; 4108; INTERNAL; 300; 314; 14; 5733
INTERNAL; 315; 315; 0; 4108; INTERNAL; 301; 314; 13; 6220
INTERNAL; 301; 314; 13; 6220; INTERNAL; 300; 313; 13; 4754
INTERNAL; 317; 317; 0; 6222; INTERNAL; 316; 316; 0; 3209
INTERNAL; 316; 316; 0; 3209; INTERNAL; 315; 315; 0; 9268
INTERNAL; 316; 316; 0; 3209; INTERNAL; 315; 315; 0; 7197
INTERNAL; 316; 316; 0; 3209; INTERNAL; 315; 315; 0; 6148
INTERNAL; 315; 315; 0; 6148; INTERNAL; 314; 314; 0; 9278
INTERNAL; 314; 314; 0; 9278; INTERNAL; 6; 313; 307; 9284
INTERNAL; 315; 315; 0; 6148; INTERNAL; 314; 314; 0; 6037
INTERNAL; 314; 314; 0; 6037; INTERNAL; 300; 313; 13; 9281
INTERNAL; 300; 313; 13; 9281; INTERNAL; 299; 312; 13; 9283
INTERNAL; 315; 315; 0; 6148; INTERNAL; 314; 314; 0; 9276
INTERNAL; 315; 315; 0; 6148; INTERNAL; 2; 314; 312; 9273
INTERNAL; 2; 314; 312; 9273; INPUT; 1; 313; 312; 5612
INTERNAL; 316; 316; 0; 3209; INTERNAL; 315; 315; 0; 7857
INTERNAL; 316; 316; 0; 3209; INTERNAL; 315; 315; 0; 9267
INTERNAL; 317; 317; 0; 6222; INTERNAL; 315; 316; 1; 4470
INTERNAL; 318; 318; 0; 9700; INTERNAL; 316; 317; 1; 7230
INTERNAL; 318; 318; 0; 9700; INTERNAL; 315; 317; 2; 4853
INTERNAL; 319; 319; 0; 8218; INTERNAL; 315; 318; 3; 3230
INTERNAL; 315; 318; 3; 3230; INTERNAL; 303; 317; 14; 5143
INTERNAL; 319; 319; 0; 8218; INTERNAL; 316; 318; 2; 6998
INTERNAL; 320; 320; 0; 7464; INTERNAL; 317; 319; 2; 3215
INTERNAL; 320; 320; 0; 7464; INTERNAL; 315; 319; 4; 4183
INTERNAL; 320; 320; 0; 7464; INTERNAL; 315; 319; 4; 5688
INTERNAL; 322; 322; 0; 6610; INTERNAL; 315; 321; 6; 3724
INTERNAL; 324; 324; 0; 9672; INTERNAL; 315; 323; 8; 3225
INTERNAL; 327; 327; 0; 6336; INTERNAL; 315; 326; 11; 3892
INTERNAL; 315; 326; 11; 3892; INTERNAL; 311; 325; 14; 9725
INTERNAL; 327; 327; 0; 6336; INTERNAL; 315; 326; 11; 4968
INTERNAL; 328; 328; 0; 8896; INTERNAL; 315; 327; 12; 4623
INTERNAL; 329; 329; 0; 3251; INTERNAL; 316; 328; 12; 3553
INTERNAL; 329; 329; 0; 3251; INTERNAL; 316; 328; 12; 7185
INTERNAL; 329; 329; 0; 3251; INTERNAL; 315; 328; 13; 3239
INTERNAL; 315; 328; 13; 3239; INTERNAL; 313; 327; 14; 9305
INTERNAL; 345; 345; 0; 3963; INTERNAL; 344; 344; 0; 8354
INTERNAL; 344; 344; 0; 8354; INTERNAL; 332; 343; 11; 3281
INTERNAL; 332; 343; 11; 3281; INTERNAL; 331; 342; 11; 7204
INTERNAL; 344; 344; 0; 8354; INTERNAL; 332; 343; 11; 6765
INTERNAL; 332; 343; 11; 6765; INTERNAL; 331; 342; 11; 4911
INTERNAL; 331; 342; 11; 4911; INTERNAL; 327; 341; 14; 7821
INTERNAL; 344; 344; 0; 8354; INTERNAL; 331; 343; 12; 3420
INTERNAL; 344; 344; 0; 8354; INTERNAL; 332; 343; 11; 6611
INTERNAL; 344; 344; 0; 8354; INTERNAL; 343; 343; 0; 4036
INTERNAL; 343; 343; 0; 4036; INTERNAL; 331; 342; 11; 3279
INTERNAL; 331; 342; 11; 3279; INTERNAL; 326; 341; 15; 9917
INTERNAL; 343; 343; 0; 4036; INTERNAL; 342; 342; 0; 9936
INTERNAL; 342; 342; 0; 9936; INTERNAL; 332; 341; 9; 5609
INTERNAL; 332; 341; 9; 5609; INTERNAL; 331; 340; 9; 9751
INTERNAL; 342; 342; 0; 9936; INTERNAL; 341; 341; 0; 3651
INTERNAL; 341; 341; 0; 3651; INTERNAL; 332; 340; 8; 5189
INTERNAL; 332; 340; 8; 5189; INTERNAL; 331; 338; 7; 9344
INTERNAL; 341; 341; 0; 3651; INTERNAL; 340; 340; 0; 3278
INTERNAL; 340; 340; 0; 3278; INTERNAL; 331; 339; 8; 7458
INTERNAL; 331; 339; 8; 7458; INTERNAL; 323; 337; 14; 6704
INTERNAL; 340; 340; 0; 3278; INTERNAL; 339; 339; 0; 8438
INTERNAL; 339; 339; 0; 8438; INTERNAL; 332; 338; 6; 3273
INTERNAL; 332; 338; 6; 3273; INTERNAL; 331; 336; 5; 7837
INTERNAL; 331; 336; 5; 7837; INTERNAL; 322; 335; 13; 6812
INTERNAL; 339; 339; 0; 8438; INTERNAL; 331; 338; 7; 6990
INTERNAL; 331; 338; 7; 6990; INTERNAL; 323; 337; 14; 5245
INTERNAL; 339; 339; 0; 8438; INTERNAL; 338; 338; 0; 3272
INTERNAL; 338; 338; 0; 3272; INTERNAL; 337; 337; 0; 3390
INTERNAL; 337; 337; 0; 3390; INTERNAL; 336; 336; 0; 6898
INTERNAL; 336; 336; 0; 6898; INTERNAL; 331; 335; 4; 8899
INTERNAL; 331; 335; 4; 8899; INTERNAL; 319; 333; 14; 7765
INTERNAL; 336; 336; 0; 6898; INTERNAL; 331; 335; 4; 3268
INTERNAL; 336; 336; 0; 6898; INTERNAL; 332; 335; 3; 6919
INTERNAL; 332; 335; 3; 6919; INTERNAL; 331; 334; 3; 9339
INTERNAL; 331; 334; 3; 9339; INTERNAL; 320; 333; 13; 5842
INTERNAL; 336; 336; 0; 6898; INTERNAL; 335; 335; 0; 4269
INTERNAL; 335; 335; 0; 4269; INTERNAL; 332; 334; 2; 3890
INTERNAL; 332; 334; 2; 3890; INTERNAL; 331; 333; 2; 8774
INTERNAL; 331; 333; 2; 8774; INTERNAL; 318; 332; 14; 4157
INTERNAL; 332; 334; 2; 3890; INTERNAL; 331; 333; 2; 9338
INTERNAL; 335; 335; 0; 4269; INTERNAL; 332; 334; 2; 3267
INTERNAL; 335; 335; 0; 4269; INTERNAL; 332; 334; 2; 5969
INTERNAL; 332; 334; 2; 5969; INTERNAL; 331; 332; 1; 9332
INTERNAL; 335; 335; 0; 4269; INTERNAL; 331; 334; 3; 5962
INTERNAL; 335; 335; 0; 4269; INTERNAL; 334; 334; 0; 3620
INTERNAL; 334; 334; 0; 3620; INTERNAL; 331; 333; 2; 4450
INTERNAL; 334; 334; 0; 3620; INTERNAL; 333; 333; 0; 3263
INTERNAL; 333; 333; 0; 3263; INTERNAL; 332; 332; 0; 3254
INTERNAL; 332; 332; 0; 3254; INTERNAL; 331; 331; 0; 9314
INTERNAL; 331; 331; 0; 9314; INTERNAL; 316; 330; 14; 3248
INTERNAL; 332; 332; 0; 3254; INTERNAL; 331; 331; 0; 6674
INTERNAL; 331; 331; 0; 6674; INTERNAL; 315; 330; 15; 9323
INTERNAL; 331; 331; 0; 6674; INTERNAL; 316; 330; 14; 4604
INTERNAL; 316; 330; 14; 4604; INTERNAL; 315; 328; 13; 9328
INTERNAL; 332; 332; 0; 3254; INTERNAL; 331; 331; 0; 5870
INTERNAL; 332; 332; 0; 3254; INTERNAL; 331; 331; 0; 4377
INTERNAL; 331; 331; 0; 4377; INTERNAL; 2; 330; 328; 8473
INTERNAL; 2; 330; 328; 8473; INPUT; 1; 329; 328; 9316
INTERNAL; 331; 331; 0; 4377; INTERNAL; 330; 330; 0; 9708
INTERNAL; 331; 331; 0; 4377; INTERNAL; 330; 330; 0; 8633
INTERNAL; 330; 330; 0; 8633; INTERNAL; 316; 329; 13; 9330
INTERNAL; 332; 332; 0; 3254; INTERNAL; 331; 331; 0; 9319
INTERNAL; 331; 331; 0; 9319; INTERNAL; 317; 330; 13; 8373
INTERNAL; 317; 330; 13; 8373; INTERNAL; 316; 329; 13; 9309
INTERNAL; 331; 331; 0; 9319; INTERNAL; 315; 330; 15; 6031
INTERNAL; 332; 332; 0; 3254; INTERNAL; 331; 331; 0; 9310
INTERNAL; 333; 333; 0; 3263; INTERNAL; 331; 332; 1; 3571
INTERNAL; 333; 333; 0; 3263; INTERNAL; 332; 332; 0; 4018
INTERNAL; 332; 332; 0; 4018; INTERNAL; 331; 331; 0; 7058
INTERNAL; 333; 333; 0; 3263; INTERNAL; 331; 332; 1; 3257
INTERNAL; 334; 334; 0; 3620; INTERNAL; 332; 333; 1; 4029
INTERNAL; 334; 334; 0; 3620; INTERNAL; 331; 333; 2; 3258
INTERNAL; 331; 333; 2; 3258; INTERNAL; 317; 332; 15; 9335
INTERNAL; 337; 337; 0; 3390; INTERNAL; 331; 336; 5; 10064
INTERNAL; 331; 336; 5; 10064; INTERNAL; 321; 335; 14; 9342
INTERNAL; 337; 337; 0; 3390; INTERNAL; 332; 336; 4; 5902
INTERNAL; 337; 337; 0; 3390; INTERNAL; 331; 336; 5; 6059
INTERNAL; 331; 336; 5; 6059; INTERNAL; 321; 335; 14; 9341
INTERNAL; 338; 338; 0; 3272; INTERNAL; 331; 337; 6; 7657
INTERNAL; 338; 338; 0; 3272; INTERNAL; 331; 337; 6; 4034
INTERNAL; 338; 338; 0; 3272; INTERNAL; 332; 337; 5; 3463
INTERNAL; 339; 339; 0; 8438; INTERNAL; 331; 338; 7; 3277
INTERNAL; 340; 340; 0; 3278; INTERNAL; 332; 339; 7; 3760
INTERNAL; 340; 340; 0; 3278; INTERNAL; 331; 339; 8; 8318
INTERNAL; 341; 341; 0; 3651; INTERNAL; 331; 340; 9; 6483
INTERNAL; 331; 340; 9; 6483; INTERNAL; 324; 339; 15; 9345
INTERNAL; 341; 341; 0; 3651; INTERNAL; 331; 340; 9; 7113
INTERNAL; 342; 342; 0; 9936; INTERNAL; 331; 341; 10; 3481
INTERNAL; 342; 342; 0; 9936; INTERNAL; 331; 341; 10; 5706
INTERNAL; 331; 341; 10; 5706; INTERNAL; 325; 340; 15; 8423
INTERNAL; 343; 343; 0; 4036; INTERNAL; 332; 342; 10; 7206
INTERNAL; 343; 343; 0; 4036; INTERNAL; 331; 342; 11; 3235
INTERNAL; 345; 345; 0; 3963; INTERNAL; 332; 344; 12; 3554
INTERNAL; 345; 345; 0; 3963; INTERNAL; 331; 344; 13; 3285
INTERNAL; 331; 344; 13; 3285; INTERNAL; 328; 343; 15; 10006
INTERNAL; 347; 362; 15; 3391; INTERNAL; 346; 346; 0; 5479
INTERNAL; 346; 346; 0; 5479; INTERNAL; 331; 345; 14; 3289
INTERNAL; 331; 345; 14; 3289; INTERNAL; 329; 344; 15; 9347
INTERNAL; 346; 346; 0; 5479; INTERNAL; 330; 345; 15; 3309
INTERNAL; 364; 379; 15; 4150; INTERNAL; 362; 362; 0; 3351
INTERNAL; 362; 362; 0; 3351; INTERNAL; 361; 361; 0; 6447
INTERNAL; 361; 361; 0; 6447; INTERNAL; 347; 360; 13; 4485
INTERNAL; 347; 360; 13; 4485; INTERNAL; 344; 359; 15; 8849
INTERNAL; 361; 361; 0; 6447; INTERNAL; 347; 360; 13; 3345
INTERNAL; 361; 361; 0; 6447; INTERNAL; 360; 360; 0; 6993
INTERNAL; 360; 360; 0; 6993; INTERNAL; 347; 359; 12; 3338
INTERNAL; 360; 360; 0; 6993; INTERNAL; 348; 359; 11; 3337
INTERNAL; 348; 359; 11; 3337; INTERNAL; 347; 358; 11; 7254
INTERNAL; 360; 360; 0; 6993; INTERNAL; 359; 359; 0; 4502
INTERNAL; 359; 359; 0; 4502; INTERNAL; 358; 358; 0; 4665
INTERNAL; 358; 358; 0; 4665; INTERNAL; 348; 357; 9; 5649
INTERNAL; 348; 357; 9; 5649; INTERNAL; 347; 356; 9; 9374
INTERNAL; 358; 358; 0; 4665; INTERNAL; 357; 357; 0; 3333
INTERNAL; 357; 357; 0; 3333; INTERNAL; 347; 356; 9; 5322
INTERNAL; 347; 356; 9; 5322; INTERNAL; 340; 355; 15; 9372
INTERNAL; 357; 357; 0; 3333; INTERNAL; 348; 356; 8; 3329
INTERNAL; 348; 356; 8; 3329; INTERNAL; 347; 354; 7; 9371
INTERNAL; 357; 357; 0; 3333; INTERNAL; 356; 356; 0; 3141
INTERNAL; 356; 356; 0; 3141; INTERNAL; 347; 355; 8; 3383
INTERNAL; 347; 355; 8; 3383; INTERNAL; 339; 354; 15; 7942
INTERNAL; 356; 356; 0; 3141; INTERNAL; 348; 355; 7; 8447
INTERNAL; 356; 356; 0; 3141; INTERNAL; 355; 355; 0; 8634
INTERNAL; 355; 355; 0; 8634; INTERNAL; 348; 354; 6; 3486
INTERNAL; 348; 354; 6; 3486; INTERNAL; 347; 352; 5; 7296
INTERNAL; 355; 355; 0; 8634; INTERNAL; 347; 354; 7; 3318
INTERNAL; 347; 354; 7; 3318; INTERNAL; 338; 352; 14; 9369
INTERNAL; 355; 355; 0; 8634; INTERNAL; 354; 354; 0; 6302
INTERNAL; 354; 354; 0; 6302; INTERNAL; 347; 353; 6; 6728
INTERNAL; 347; 353; 6; 6728; INTERNAL; 337; 352; 15; 9364
INTERNAL; 354; 354; 0; 6302; INTERNAL; 347; 353; 6; 3315
INTERNAL; 354; 354; 0; 6302; INTERNAL; 353; 353; 0; 4358
INTERNAL; 353; 353; 0; 4358; INTERNAL; 352; 352; 0; 3307
INTERNAL; 352; 352; 0; 3307; INTERNAL; 347; 351; 4; 5018
INTERNAL; 347; 351; 4; 5018; INTERNAL; 335; 350; 15; 9362
INTERNAL; 352; 352; 0; 3307; INTERNAL; 348; 351; 3; 3305
INTERNAL; 348; 351; 3; 3305; INTERNAL; 347; 350; 3; 4331
INTERNAL; 352; 352; 0; 3307; INTERNAL; 351; 351; 0; 8068
INTERNAL; 351; 351; 0; 8068; INTERNAL; 347; 350; 3; 5865
INTERNAL; 347; 350; 3; 5865; INTERNAL; 334; 349; 15; 9360
INTERNAL; 351; 351; 0; 8068; INTERNAL; 347; 350; 3; 8322
INTERNAL; 351; 351; 0; 8068; INTERNAL; 348; 350; 2; 3334
INTERNAL; 348; 350; 2; 3334; INTERNAL; 347; 348; 1; 7167
INTERNAL; 351; 351; 0; 8068; INTERNAL; 350; 350; 0; 3302
INTERNAL; 350; 350; 0; 3302; INTERNAL; 347; 349; 2; 4459
INTERNAL; 347; 349; 2; 4459; INTERNAL; 333; 348; 15; 5566
INTERNAL; 350; 350; 0; 3302; INTERNAL; 347; 349; 2; 3531
INTERNAL; 350; 350; 0; 3302; INTERNAL; 348; 349; 1; 3296
INTERNAL; 350; 350; 0; 3302; INTERNAL; 349; 349; 0; 8299
INTERNAL; 349; 349; 0; 8299; INTERNAL; 347; 348; 1; 7577
INTERNAL; 347; 348; 1; 7577; INTERNAL; 332; 347; 15; 3524
INTERNAL; 349; 349; 0; 8299; INTERNAL; 348; 348; 0; 4558
INTERNAL; 348; 348; 0; 4558; INTERNAL; 347; 347; 0; 9348
INTERNAL; 348; 348; 0; 4558; INTERNAL; 347; 347; 0; 6071
INTERNAL; 348; 348; 0; 4558; INTERNAL; 347; 347; 0; 9350
INTERNAL; 347; 347; 0; 9350; INTERNAL; 2; 346; 344; 7746
INTERNAL; 2; 346; 344; 7746; INPUT; 1; 345; 344; 9358
INTERNAL; 347; 347; 0; 9350; INTERNAL; 10; 346; 336; 9356
INTERNAL; 347; 347; 0; 9350; INTERNAL; 6; 346; 340; 6252
INTERNAL; 347; 347; 0; 9350; INTERNAL; 346; 346; 0; 9353
INTERNAL; 348; 348; 0; 4558; INTERNAL; 347; 347; 0; 9351
INTERNAL; 347; 347; 0; 9351; INTERNAL; 331; 346; 15; 3292
INTERNAL; 349; 349; 0; 8299; INTERNAL; 347; 348; 1; 4166
INTERNAL; 349; 349; 0; 8299; INTERNAL; 348; 348; 0; 3294
INTERNAL; 348; 348; 0; 3294; INTERNAL; 347; 347; 0; 10097
INTERNAL; 352; 352; 0; 3307; INTERNAL; 347; 351; 4; 5508
INTERNAL; 353; 353; 0; 4358; INTERNAL; 347; 352; 5; 4934
INTERNAL; 347; 352; 5; 4934; INTERNAL; 337; 351; 14; 9363
INTERNAL; 337; 351; 14; 9363; INTERNAL; 336; 350; 14; 4319
INTERNAL; 353; 353; 0; 4358; INTERNAL; 347; 352; 5; 3825
INTERNAL; 353; 353; 0; 4358; INTERNAL; 348; 352; 4; 8153
INTERNAL; 354; 354; 0; 6302; INTERNAL; 348; 353; 5; 3311
INTERNAL; 355; 355; 0; 8634; INTERNAL; 347; 354; 7; 6388
INTERNAL; 347; 354; 7; 6388; INTERNAL; 339; 353; 14; 9366
INTERNAL; 356; 356; 0; 3141; INTERNAL; 347; 355; 8; 3321
INTERNAL; 357; 357; 0; 3333; INTERNAL; 347; 356; 9; 7285
INTERNAL; 358; 358; 0; 4665; INTERNAL; 347; 357; 10; 5361
INTERNAL; 358; 358; 0; 4665; INTERNAL; 347; 357; 10; 3330
INTERNAL; 347; 357; 10; 3330; INTERNAL; 341; 356; 15; 9375
INTERNAL; 359; 359; 0; 4502; INTERNAL; 348; 358; 10; 5855
INTERNAL; 359; 359; 0; 4502; INTERNAL; 347; 358; 11; 6288
INTERNAL; 347; 358; 11; 6288; INTERNAL; 342; 357; 15; 9378
INTERNAL; 359; 359; 0; 4502; INTERNAL; 347; 358; 11; 3335
INTERNAL; 360; 360; 0; 6993; INTERNAL; 347; 359; 12; 5775
INTERNAL; 347; 359; 12; 5775; INTERNAL; 343; 358; 15; 9381
INTERNAL; 361; 361; 0; 6447; INTERNAL; 348; 360; 12; 3373
INTERNAL; 362; 362; 0; 3351; INTERNAL; 347; 361; 14; 7311
INTERNAL; 362; 362; 0; 3351; INTERNAL; 347; 361; 14; 3347
INTERNAL; 347; 361; 14; 3347; INTERNAL; 345; 360; 15; 4747
INTERNAL; 364; 379; 15; 4150; INTERNAL; 363; 363; 0; 3360
INTERNAL; 363; 363; 0; 3360; INTERNAL; 346; 362; 16; 3348
INTERNAL; 382; 396; 14; 3824; INTERNAL; 381; 381; 0; 6536
INTERNAL; 381; 381; 0; 6536; INTERNAL; 364; 380; 16; 4742
INTERNAL; 364; 380; 16; 4742; INTERNAL; 363; 378; 15; 9424
INTERNAL; 381; 381; 0; 6536; INTERNAL; 380; 380; 0; 5458
INTERNAL; 380; 380; 0; 5458; INTERNAL; 379; 379; 0; 5504
INTERNAL; 379; 379; 0; 5504; INTERNAL; 378; 378; 0; 3423
INTERNAL; 378; 378; 0; 3423; INTERNAL; 365; 377; 12; 6123
INTERNAL; 365; 377; 12; 6123; INTERNAL; 364; 375; 11; 8036
INTERNAL; 378; 378; 0; 3423; INTERNAL; 377; 377; 0; 3408
INTERNAL; 377; 377; 0; 3408; INTERNAL; 364; 376; 12; 4834
INTERNAL; 377; 377; 0; 3408; INTERNAL; 376; 376; 0; 9395
INTERNAL; 376; 376; 0; 9395; INTERNAL; 365; 375; 10; 3595
INTERNAL; 365; 375; 10; 3595; INTERNAL; 364; 373; 9; 9420
INTERNAL; 376; 376; 0; 9395; INTERNAL; 364; 375; 11; 3402
INTERNAL; 376; 376; 0; 9395; INTERNAL; 375; 375; 0; 4584
INTERNAL; 375; 375; 0; 4584; INTERNAL; 365; 374; 9; 9867
INTERNAL; 375; 375; 0; 4584; INTERNAL; 374; 374; 0; 4297
INTERNAL; 374; 374; 0; 4297; INTERNAL; 364; 373; 9; 3984
INTERNAL; 374; 374; 0; 4297; INTERNAL; 365; 373; 8; 3387
INTERNAL; 365; 373; 8; 3387; INTERNAL; 364; 371; 7; 5388
INTERNAL; 364; 371; 7; 5388; INTERNAL; 356; 370; 14; 3395
INTERNAL; 374; 374; 0; 4297; INTERNAL; 364; 373; 9; 5201
INTERNAL; 364; 373; 9; 5201; INTERNAL; 357; 372; 15; 5752
INTERNAL; 374; 374; 0; 4297; INTERNAL; 373; 373; 0; 3594
INTERNAL; 373; 373; 0; 3594; INTERNAL; 372; 372; 0; 7089
INTERNAL; 372; 372; 0; 7089; INTERNAL; 364; 371; 7; 5954
INTERNAL; 372; 372; 0; 7089; INTERNAL; 371; 371; 0; 7823
INTERNAL; 371; 371; 0; 7823; INTERNAL; 370; 370; 0; 4457
INTERNAL; 370; 370; 0; 4457; INTERNAL; 364; 369; 5; 9646
INTERNAL; 370; 370; 0; 4457; INTERNAL; 365; 369; 4; 4123
INTERNAL; 365; 369; 4; 4123; INTERNAL; 364; 367; 3; 3379
INTERNAL; 364; 367; 3; 3379; INTERNAL; 352; 366; 14; 9415
INTERNAL; 370; 370; 0; 4457; INTERNAL; 364; 369; 5; 4977
INTERNAL; 364; 369; 5; 4977; INTERNAL; 353; 368; 15; 8487
INTERNAL; 370; 370; 0; 4457; INTERNAL; 369; 369; 0; 7227
INTERNAL; 369; 369; 0; 7227; INTERNAL; 365; 368; 3; 6010
INTERNAL; 369; 369; 0; 7227; INTERNAL; 364; 368; 4; 4619
INTERNAL; 369; 369; 0; 7227; INTERNAL; 368; 368; 0; 3374
INTERNAL; 368; 368; 0; 3374; INTERNAL; 364; 367; 3; 3555
INTERNAL; 364; 367; 3; 3555; INTERNAL; 351; 366; 15; 4723
INTERNAL; 351; 366; 15; 4723; INTERNAL; 350; 364; 14; 9411
INTERNAL; 368; 368; 0; 3374; INTERNAL; 364; 367; 3; 5635
INTERNAL; 368; 368; 0; 3374; INTERNAL; 365; 367; 2; 6098
INTERNAL; 365; 367; 2; 6098; INTERNAL; 364; 365; 1; 3956
INTERNAL; 368; 368; 0; 3374; INTERNAL; 367; 367; 0; 3370
INTERNAL; 367; 367; 0; 3370; INTERNAL; 366; 366; 0; 3369
INTERNAL; 366; 366; 0; 3369; INTERNAL; 365; 365; 0; 7784
INTERNAL; 365; 365; 0; 7784; INTERNAL; 364; 364; 0; 6747
INTERNAL; 364; 364; 0; 6747; INTERNAL; 348; 363; 15; 3353
INTERNAL; 365; 365; 0; 7784; INTERNAL; 364; 364; 0; 9388
INTERNAL; 364; 364; 0; 9388; INTERNAL; 347; 363; 16; 3364
INTERNAL; 365; 365; 0; 7784; INTERNAL; 364; 364; 0; 9394
INTERNAL; 364; 364; 0; 9394; INTERNAL; 363; 363; 0; 9400
INTERNAL; 363; 363; 0; 9400; INTERNAL; 8; 362; 354; 9403
INTERNAL; 364; 364; 0; 9394; INPUT; 1; 363; 362; 7500
INTERNAL; 365; 365; 0; 7784; INTERNAL; 364; 364; 0; 9383
INTERNAL; 366; 366; 0; 3369; INTERNAL; 365; 365; 0; 4428
INTERNAL; 365; 365; 0; 4428; INTERNAL; 364; 364; 0; 3365
INTERNAL; 366; 366; 0; 3369; INTERNAL; 364; 365; 1; 3367
INTERNAL; 366; 366; 0; 3369; INTERNAL; 364; 365; 1; 4419
INTERNAL; 364; 365; 1; 4419; INTERNAL; 349; 364; 15; 9406
INTERNAL; 367; 367; 0; 3370; INTERNAL; 364; 366; 2; 5527
INTERNAL; 367; 367; 0; 3370; INTERNAL; 364; 366; 2; 3641
INTERNAL; 364; 366; 2; 3641; INTERNAL; 349; 365; 16; 9412
INTERNAL; 367; 367; 0; 3370; INTERNAL; 365; 366; 1; 4155
INTERNAL; 369; 369; 0; 7227; INTERNAL; 364; 368; 4; 9016
INTERNAL; 364; 368; 4; 9016; INTERNAL; 351; 367; 16; 9354
INTERNAL; 371; 371; 0; 7823; INTERNAL; 364; 370; 6; 7125
INTERNAL; 364; 370; 6; 7125; INTERNAL; 353; 369; 16; 8608
INTERNAL; 371; 371; 0; 7823; INTERNAL; 365; 370; 5; 5630
INTERNAL; 365; 370; 5; 5630; INTERNAL; 364; 369; 5; 9416
INTERNAL; 364; 369; 5; 9416; INTERNAL; 354; 368; 14; 4367
INTERNAL; 371; 371; 0; 7823; INTERNAL; 364; 370; 6; 8556
INTERNAL; 372; 372; 0; 7089; INTERNAL; 364; 371; 7; 3493
INTERNAL; 364; 371; 7; 3493; INTERNAL; 355; 370; 15; 7516
INTERNAL; 372; 372; 0; 7089; INTERNAL; 365; 371; 6; 8494
INTERNAL; 373; 373; 0; 3594; INTERNAL; 365; 372; 7; 6188
INTERNAL; 373; 373; 0; 3594; INTERNAL; 364; 372; 8; 6902
INTERNAL; 373; 373; 0; 3594; INTERNAL; 364; 372; 8; 3384
INTERNAL; 364; 372; 8; 3384; INTERNAL; 355; 371; 16; 9419
INTERNAL; 375; 375; 0; 4584; INTERNAL; 364; 374; 10; 3398
INTERNAL; 375; 375; 0; 4584; INTERNAL; 364; 374; 10; 4159
INTERNAL; 364; 374; 10; 4159; INTERNAL; 357; 373; 16; 8874
INTERNAL; 376; 376; 0; 9395; INTERNAL; 364; 375; 11; 6577
INTERNAL; 364; 375; 11; 6577; INTERNAL; 358; 374; 16; 5687
INTERNAL; 377; 377; 0; 3408; INTERNAL; 365; 376; 11; 3456
INTERNAL; 377; 377; 0; 3408; INTERNAL; 364; 376; 12; 3616
INTERNAL; 364; 376; 12; 3616; INTERNAL; 359; 375; 16; 9421
INTERNAL; 378; 378; 0; 3423; INTERNAL; 364; 377; 13; 3417
INTERNAL; 378; 378; 0; 3423; INTERNAL; 364; 377; 13; 5714
INTERNAL; 364; 377; 13; 5714; INTERNAL; 360; 376; 16; 5944
INTERNAL; 379; 379; 0; 5504; INTERNAL; 364; 378; 14; 6287
INTERNAL; 364; 378; 14; 6287; INTERNAL; 361; 377; 16; 8847
INTERNAL; 379; 379; 0; 5504; INTERNAL; 364; 378; 14; 3419
INTERNAL; 379; 379; 0; 5504; INTERNAL; 365; 378; 13; 4945
INTERNAL; 365; 378; 13; 4945; INTERNAL; 364; 377; 13; 9391
INTERNAL; 380; 380; 0; 5458; INTERNAL; 365; 379; 14; 4784
INTERNAL; 380; 380; 0; 5458; INTERNAL; 364; 379; 15; 7398
INTERNAL; 397; 397; 0; 3498; INTERNAL; 382; 396; 14; 3496
INTERNAL; 382; 396; 14; 3496; INTERNAL; 379; 395; 16; 7343
INTERNAL; 397; 397; 0; 3498; INTERNAL; 383; 396; 13; 5048
INTERNAL; 383; 396; 13; 5048; INTERNAL; 382; 394; 12; 8773
INTERNAL; 397; 397; 0; 3498; INTERNAL; 396; 396; 0; 4338
INTERNAL; 396; 396; 0; 4338; INTERNAL; 382; 395; 13; 3485
INTERNAL; 396; 396; 0; 4338; INTERNAL; 383; 395; 12; 6597
INTERNAL; 396; 396; 0; 4338; INTERNAL; 395; 395; 0; 3490
INTERNAL; 395; 395; 0; 3490; INTERNAL; 382; 394; 12; 3752
INTERNAL; 395; 395; 0; 3490; INTERNAL; 394; 394; 0; 4895
INTERNAL; 394; 394; 0; 4895; INTERNAL; 382; 393; 11; 3474
INTERNAL; 394; 394; 0; 4895; INTERNAL; 382; 393; 11; 3469
INTERNAL; 382; 393; 11; 3469; INTERNAL; 376; 391; 15; 9440
INTERNAL; 394; 394; 0; 4895; INTERNAL; 383; 393; 10; 6338
INTERNAL; 383; 393; 10; 6338; INTERNAL; 382; 392; 10; 9447
INTERNAL; 382; 392; 10; 9447; INTERNAL; 377; 391; 14; 3875
INTERNAL; 394; 394; 0; 4895; INTERNAL; 393; 393; 0; 3479
INTERNAL; 393; 393; 0; 3479; INTERNAL; 382; 392; 10; 5142
INTERNAL; 382; 392; 10; 5142; INTERNAL; 376; 391; 15; 9444
INTERNAL; 376; 391; 15; 9444; INTERNAL; 375; 389; 14; 9438
INTERNAL; 393; 393; 0; 3479; INTERNAL; 383; 392; 9; 3717
INTERNAL; 383; 392; 9; 3717; INTERNAL; 382; 390; 8; 7930
INTERNAL; 393; 393; 0; 3479; INTERNAL; 392; 392; 0; 3466
INTERNAL; 392; 392; 0; 3466; INTERNAL; 382; 391; 9; 3681
INTERNAL; 382; 391; 9; 3681; INTERNAL; 374; 390; 16; 5668
INTERNAL; 392; 392; 0; 3466; INTERNAL; 383; 391; 8; 9247
INTERNAL; 392; 392; 0; 3466; INTERNAL; 391; 391; 0; 6171
INTERNAL; 391; 391; 0; 6171; INTERNAL; 383; 390; 7; 3876
INTERNAL; 383; 390; 7; 3876; INTERNAL; 382; 388; 6; 9435
INTERNAL; 382; 388; 6; 9435; INTERNAL; 373; 387; 14; 9437
INTERNAL; 391; 391; 0; 6171; INTERNAL; 390; 390; 0; 9876
INTERNAL; 390; 390; 0; 9876; INTERNAL; 389; 389; 0; 6268
INTERNAL; 389; 389; 0; 6268; INTERNAL; 388; 388; 0; 4351
INTERNAL; 388; 388; 0; 4351; INTERNAL; 387; 387; 0; 6225
INTERNAL; 387; 387; 0; 6225; INTERNAL; 383; 386; 3; 3448
INTERNAL; 383; 386; 3; 3448; INTERNAL; 382; 384; 2; 5471
INTERNAL; 382; 384; 2; 5471; INTERNAL; 369; 383; 14; 9826
INTERNAL; 387; 387; 0; 6225; INTERNAL; 382; 386; 4; 7565
INTERNAL; 382; 386; 4; 7565; INTERNAL; 370; 385; 15; 6656
INTERNAL; 387; 387; 0; 6225; INTERNAL; 386; 386; 0; 4757
INTERNAL; 386; 386; 0; 4757; INTERNAL; 383; 385; 2; 5989
INTERNAL; 386; 386; 0; 4757; INTERNAL; 382; 385; 3; 7734
INTERNAL; 386; 386; 0; 4757; INTERNAL; 382; 385; 3; 3900
INTERNAL; 382; 385; 3; 3900; INTERNAL; 368; 383; 15; 8830
INTERNAL; 386; 386; 0; 4757; INTERNAL; 385; 385; 0; 6367
INTERNAL; 385; 385; 0; 6367; INTERNAL; 382; 384; 2; 3440
INTERNAL; 385; 385; 0; 6367; INTERNAL; 382; 384; 2; 3726
INTERNAL; 382; 384; 2; 3726; INTERNAL; 368; 383; 15; 3136
INTERNAL; 368; 383; 15; 3136; INTERNAL; 367; 381; 14; 9199
INTERNAL; 385; 385; 0; 6367; INTERNAL; 384; 384; 0; 3437
INTERNAL; 384; 384; 0; 3437; INTERNAL; 382; 383; 1; 4368
INTERNAL; 382; 383; 1; 4368; INTERNAL; 366; 381; 15; 7044
INTERNAL; 384; 384; 0; 3437; INTERNAL; 383; 383; 0; 5908
INTERNAL; 383; 383; 0; 5908; INTERNAL; 382; 382; 0; 3208
INTERNAL; 384; 384; 0; 3437; INTERNAL; 382; 383; 1; 6880
INTERNAL; 384; 384; 0; 3437; INTERNAL; 383; 383; 0; 4650
INTERNAL; 383; 383; 0; 4650; INTERNAL; 382; 382; 0; 3790
INTERNAL; 382; 382; 0; 3790; INTERNAL; 381; 381; 0; 4359
INTERNAL; 381; 381; 0; 4359; INTERNAL; 2; 380; 378; 9429
INTERNAL; 381; 381; 0; 4359; INTERNAL; 364; 380; 16; 9600
INTERNAL; 382; 382; 0; 3790; INTERNAL; 381; 381; 0; 9425
INTERNAL; 381; 381; 0; 9425; INTERNAL; 366; 380; 14; 7780
INTERNAL; 366; 380; 14; 7780; INTERNAL; 365; 379; 14; 5940
INTERNAL; 382; 382; 0; 3790; INTERNAL; 381; 381; 0; 8330
INTERNAL; 381; 381; 0; 8330; INPUT; 1; 380; 379; 8892
INTERNAL; 382; 382; 0; 3790; INTERNAL; 381; 381; 0; 9788
INTERNAL; 383; 383; 0; 4650; INTERNAL; 382; 382; 0; 8525
INTERNAL; 383; 383; 0; 4650; INTERNAL; 382; 382; 0; 7030
INTERNAL; 383; 383; 0; 4650; INTERNAL; 382; 382; 0; 3432
INTERNAL; 382; 382; 0; 3432; INTERNAL; 366; 381; 15; 5731
INTERNAL; 385; 385; 0; 6367; INTERNAL; 383; 384; 1; 5389
INTERNAL; 387; 387; 0; 6225; INTERNAL; 382; 386; 4; 5395
INTERNAL; 382; 386; 4; 5395; INTERNAL; 370; 385; 15; 3300
INTERNAL; 388; 388; 0; 4351; INTERNAL; 383; 387; 4; 8925
INTERNAL; 383; 387; 4; 8925; INTERNAL; 382; 386; 4; 9432
INTERNAL; 382; 386; 4; 9432; INTERNAL; 371; 385; 14; 3468
INTERNAL; 388; 388; 0; 4351; INTERNAL; 382; 387; 5; 3319
INTERNAL; 388; 388; 0; 4351; INTERNAL; 382; 387; 5; 6132
INTERNAL; 389; 389; 0; 6268; INTERNAL; 383; 388; 5; 4587
INTERNAL; 389; 389; 0; 6268; INTERNAL; 382; 388; 6; 3452
INTERNAL; 382; 388; 6; 3452; INTERNAL; 372; 387; 15; 9434
INTERNAL; 389; 389; 0; 6268; INTERNAL; 382; 388; 6; 5782
INTERNAL; 390; 390; 0; 9876; INTERNAL; 382; 389; 7; 3461
INTERNAL; 390; 390; 0; 9876; INTERNAL; 382; 389; 7; 3459
INTERNAL; 390; 390; 0; 9876; INTERNAL; 383; 389; 6; 6477
INTERNAL; 391; 391; 0; 6171; INTERNAL; 382; 390; 8; 6310
INTERNAL; 391; 391; 0; 6171; INTERNAL; 382; 390; 8; 3464
INTERNAL; 392; 392; 0; 3466; INTERNAL; 382; 391; 9; 3709
INTERNAL; 393; 393; 0; 3479; INTERNAL; 382; 392; 10; 6710
INTERNAL; 395; 395; 0; 3490; INTERNAL; 383; 394; 11; 5949
INTERNAL; 395; 395; 0; 3490; INTERNAL; 382; 394; 12; 3863
INTERNAL; 382; 394; 12; 3863; INTERNAL; 378; 393; 15; 6525
INTERNAL; 396; 396; 0; 4338; INTERNAL; 382; 395; 13; 3972
INTERNAL; 382; 395; 13; 3972; INTERNAL; 378; 394; 16; 7550
INTERNAL; 398; 414; 16; 9480; INTERNAL; 381; 397; 16; 6741
INTERNAL; 381; 397; 16; 6741; INTERNAL; 380; 396; 16; 10022
INTERNAL; 416; 416; 0; 3592; INTERNAL; 415; 415; 0; 8441
INTERNAL; 415; 415; 0; 8441; INTERNAL; 399; 414; 15; 5240
INTERNAL; 399; 414; 15; 5240; INTERNAL; 398; 398; 0; 6822
INTERNAL; 415; 415; 0; 8441; INTERNAL; 400; 414; 14; 4251
INTERNAL; 400; 414; 14; 4251; INTERNAL; 399; 412; 13; 3431
INTERNAL; 399; 412; 13; 3431; INTERNAL; 396; 411; 15; 6858
INTERNAL; 415; 415; 0; 8441; INTERNAL; 414; 414; 0; 3699
INTERNAL; 414; 414; 0; 3699; INTERNAL; 399; 413; 14; 3582
INTERNAL; 414; 414; 0; 3699; INTERNAL; 413; 413; 0; 5483
INTERNAL; 413; 413; 0; 5483; INTERNAL; 399; 412; 13; 6474
INTERNAL; 413; 413; 0; 5483; INTERNAL; 399; 412; 13; 3577
INTERNAL; 399; 412; 13; 3577; INTERNAL; 395; 411; 16; 9479
INTERNAL; 413; 413; 0; 5483; INTERNAL; 412; 412; 0; 3534
INTERNAL; 412; 412; 0; 3534; INTERNAL; 411; 411; 0; 6154
INTERNAL; 411; 411; 0; 6154; INTERNAL; 410; 410; 0; 9578
INTERNAL; 410; 410; 0; 9578; INTERNAL; 400; 409; 9; 3552
INTERNAL; 400; 409; 9; 3552; INTERNAL; 399; 408; 9; 8878
INTERNAL; 399; 408; 9; 8878; INTERNAL; 393; 407; 14; 3260
INTERNAL; 393; 407; 14; 3260; INTERNAL; 392; 406; 14; 9474
INTERNAL; 410; 410; 0; 9578; INTERNAL; 409; 409; 0; 3576
INTERNAL; 409; 409; 0; 3576; INTERNAL; 400; 408; 8; 4566
INTERNAL; 400; 408; 8; 4566; INTERNAL; 399; 406; 7; 9471
INTERNAL; 399; 406; 7; 9471; INTERNAL; 391; 405; 14; 8606
INTERNAL; 391; 405; 14; 8606; INTERNAL; 390; 404; 14; 7763
INTERNAL; 409; 409; 0; 3576; INTERNAL; 399; 408; 9; 6681
INTERNAL; 399; 408; 9; 6681; INTERNAL; 391; 407; 16; 9473
INTERNAL; 409; 409; 0; 3576; INTERNAL; 408; 408; 0; 8328
INTERNAL; 408; 408; 0; 8328; INTERNAL; 399; 407; 8; 7538
INTERNAL; 408; 408; 0; 8328; INTERNAL; 400; 407; 7; 5531
INTERNAL; 408; 408; 0; 8328; INTERNAL; 407; 407; 0; 4646
INTERNAL; 407; 407; 0; 4646; INTERNAL; 399; 406; 7; 6952
INTERNAL; 399; 406; 7; 6952; INTERNAL; 389; 405; 16; 9469
INTERNAL; 407; 407; 0; 4646; INTERNAL; 399; 406; 7; 6792
INTERNAL; 407; 407; 0; 4646; INTERNAL; 406; 406; 0; 3536
INTERNAL; 406; 406; 0; 3536; INTERNAL; 405; 405; 0; 3811
INTERNAL; 405; 405; 0; 3811; INTERNAL; 399; 404; 5; 7487
INTERNAL; 399; 404; 5; 7487; INTERNAL; 387; 403; 16; 8677
INTERNAL; 405; 405; 0; 3811; INTERNAL; 404; 404; 0; 3526
INTERNAL; 404; 404; 0; 3526; INTERNAL; 400; 403; 3; 3517
INTERNAL; 400; 403; 3; 3517; INTERNAL; 399; 402; 3; 8626
INTERNAL; 399; 402; 3; 8626; INTERNAL; 386; 400; 14; 7536
INTERNAL; 404; 404; 0; 3526; INTERNAL; 399; 403; 4; 3636
INTERNAL; 404; 404; 0; 3526; INTERNAL; 400; 403; 3; 4995
INTERNAL; 400; 403; 3; 4995; INTERNAL; 399; 402; 3; 9312
INTERNAL; 399; 402; 3; 9312; INTERNAL; 387; 401; 14; 9464
INTERNAL; 404; 404; 0; 3526; INTERNAL; 403; 403; 0; 3519
INTERNAL; 403; 403; 0; 3519; INTERNAL; 399; 402; 3; 3516
INTERNAL; 399; 402; 3; 3516; INTERNAL; 385; 401; 16; 7596
INTERNAL; 403; 403; 0; 3519; INTERNAL; 399; 402; 3; 4949
INTERNAL; 403; 403; 0; 3519; INTERNAL; 400; 402; 2; 5013
INTERNAL; 400; 402; 2; 5013; INTERNAL; 399; 400; 1; 9459
INTERNAL; 399; 400; 1; 9459; INTERNAL; 385; 399; 14; 9227
INTERNAL; 385; 399; 14; 9227; INTERNAL; 384; 398; 14; 9461
INTERNAL; 403; 403; 0; 3519; INTERNAL; 402; 402; 0; 3316
INTERNAL; 402; 402; 0; 3316; INTERNAL; 399; 401; 2; 3510
INTERNAL; 402; 402; 0; 3316; INTERNAL; 401; 401; 0; 3512
INTERNAL; 401; 401; 0; 3512; INTERNAL; 399; 400; 1; 6842
INTERNAL; 399; 400; 1; 6842; INTERNAL; 383; 399; 16; 9458
INTERNAL; 401; 401; 0; 3512; INTERNAL; 399; 400; 1; 9176
INTERNAL; 401; 401; 0; 3512; INTERNAL; 400; 400; 0; 3500
INTERNAL; 400; 400; 0; 3500; INTERNAL; 399; 399; 0; 9452
INTERNAL; 399; 399; 0; 9452; INTERNAL; 383; 398; 15; 4208
INTERNAL; 383; 398; 15; 4208; INTERNAL; 382; 397; 15; 4706
INTERNAL; 399; 399; 0; 9452; INTERNAL; 382; 398; 16; 5101
INTERNAL; 400; 400; 0; 3500; INTERNAL; 399; 399; 0; 6912
INTERNAL; 400; 400; 0; 3500; INTERNAL; 399; 399; 0; 9450
INTERNAL; 399; 399; 0; 9450; INTERNAL; 382; 398; 16; 9455
INTERNAL; 400; 400; 0; 3500; INTERNAL; 399; 399; 0; 9449
INTERNAL; 399; 399; 0; 9449; INTERNAL; 2; 398; 396; 4030
INTERNAL; 2; 398; 396; 4030; INPUT; 1; 397; 396; 9675
INTERNAL; 399; 399; 0; 9449; INTERNAL; 398; 398; 0; 9427
INTERNAL; 398; 398; 0; 9427; INTERNAL; 8; 397; 389; 9457
INTERNAL; 398; 398; 0; 9427; INTERNAL; 7; 397; 390; 8533
INTERNAL; 7; 397; 390; 8533; INTERNAL; 2; 396; 394; 9456
INTERNAL; 399; 399; 0; 9449; INTERNAL; 398; 398; 0; 7609
INTERNAL; 398; 398; 0; 7609; INTERNAL; 382; 396; 14; 7191
INTERNAL; 398; 398; 0; 7609; INTERNAL; 383; 397; 14; 3325
INTERNAL; 400; 400; 0; 3500; INTERNAL; 399; 399; 0; 8297
INTERNAL; 400; 400; 0; 3500; INTERNAL; 399; 399; 0; 8823
INTERNAL; 401; 401; 0; 3512; INTERNAL; 400; 400; 0; 3923
INTERNAL; 400; 400; 0; 3923; INTERNAL; 399; 399; 0; 3606
INTERNAL; 402; 402; 0; 3316; INTERNAL; 399; 401; 2; 4304
INTERNAL; 402; 402; 0; 3316; INTERNAL; 400; 401; 1; 3507
INTERNAL; 404; 404; 0; 3526; INTERNAL; 400; 403; 3; 6931
INTERNAL; 405; 405; 0; 3811; INTERNAL; 399; 404; 5; 5295
INTERNAL; 405; 405; 0; 3811; INTERNAL; 400; 404; 4; 5636
INTERNAL; 406; 406; 0; 3536; INTERNAL; 400; 405; 5; 3895
INTERNAL; 400; 405; 5; 3895; INTERNAL; 399; 404; 5; 9466
INTERNAL; 399; 404; 5; 9466; INTERNAL; 389; 403; 14; 9468
INTERNAL; 389; 403; 14; 9468; INTERNAL; 388; 402; 14; 4567
INTERNAL; 406; 406; 0; 3536; INTERNAL; 399; 405; 6; 6973
INTERNAL; 406; 406; 0; 3536; INTERNAL; 399; 405; 6; 3533
INTERNAL; 407; 407; 0; 4646; INTERNAL; 400; 406; 6; 5293
INTERNAL; 408; 408; 0; 8328; INTERNAL; 399; 407; 8; 3538
INTERNAL; 409; 409; 0; 3576; INTERNAL; 399; 408; 9; 5307
INTERNAL; 410; 410; 0; 9578; INTERNAL; 399; 409; 10; 8557
INTERNAL; 410; 410; 0; 9578; INTERNAL; 400; 409; 9; 4868
INTERNAL; 400; 409; 9; 4868; INTERNAL; 399; 408; 9; 8437
INTERNAL; 410; 410; 0; 9578; INTERNAL; 400; 409; 9; 3557
INTERNAL; 411; 411; 0; 6154; INTERNAL; 400; 410; 10; 6207
INTERNAL; 411; 411; 0; 6154; INTERNAL; 399; 410; 11; 7864
INTERNAL; 411; 411; 0; 6154; INTERNAL; 399; 410; 11; 3124
INTERNAL; 399; 410; 11; 3124; INTERNAL; 393; 409; 16; 3805
INTERNAL; 412; 412; 0; 3534; INTERNAL; 400; 411; 11; 3560
INTERNAL; 400; 411; 11; 3560; INTERNAL; 399; 410; 11; 9475
INTERNAL; 399; 410; 11; 9475; INTERNAL; 394; 409; 15; 8687
INTERNAL; 412; 412; 0; 3534; INTERNAL; 399; 411; 12; 3979
INTERNAL; 412; 412; 0; 3534; INTERNAL; 399; 411; 12; 7427
INTERNAL; 413; 413; 0; 5483; INTERNAL; 400; 412; 12; 3567
INTERNAL; 414; 414; 0; 3699; INTERNAL; 399; 413; 14; 9036
INTERNAL; 414; 414; 0; 3699; INTERNAL; 400; 413; 13; 3580
INTERNAL; 415; 415; 0; 8441; INTERNAL; 399; 414; 15; 3756
INTERNAL; 399; 414; 15; 3756; INTERNAL; 397; 413; 16; 5529
INTERNAL; 416; 416; 0; 3592; INTERNAL; 399; 415; 16; 4147
INTERNAL; 417; 430; 13; 3666; INTERNAL; 412; 429; 17; 8934
INTERNAL; 431; 431; 0; 3675; INTERNAL; 430; 430; 0; 4852
INTERNAL; 430; 430; 0; 4852; INTERNAL; 417; 429; 12; 6516
INTERNAL; 417; 429; 12; 6516; INTERNAL; 411; 427; 16; 9519
INTERNAL; 430; 430; 0; 4852; INTERNAL; 429; 429; 0; 4912
INTERNAL; 429; 429; 0; 4912; INTERNAL; 418; 428; 10; 3659
INTERNAL; 418; 428; 10; 3659; INTERNAL; 417; 426; 9; 9575
INTERNAL; 429; 429; 0; 4912; INTERNAL; 417; 428; 11; 5065
INTERNAL; 429; 429; 0; 4912; INTERNAL; 417; 428; 11; 3997
INTERNAL; 417; 428; 11; 3997; INTERNAL; 410; 427; 17; 9521
INTERNAL; 429; 429; 0; 4912; INTERNAL; 428; 428; 0; 3713
INTERNAL; 428; 428; 0; 3713; INTERNAL; 418; 427; 9; 4465
INTERNAL; 428; 428; 0; 3713; INTERNAL; 427; 427; 0; 6167
INTERNAL; 427; 427; 0; 6167; INTERNAL; 426; 426; 0; 3653
INTERNAL; 426; 426; 0; 3653; INTERNAL; 425; 425; 0; 4752
INTERNAL; 425; 425; 0; 4752; INTERNAL; 424; 424; 0; 3635
INTERNAL; 424; 424; 0; 3635; INTERNAL; 418; 423; 5; 3629
INTERNAL; 418; 423; 5; 3629; INTERNAL; 417; 422; 5; 3889
INTERNAL; 417; 422; 5; 3889; INTERNAL; 406; 421; 15; 9516
INTERNAL; 424; 424; 0; 3635; INTERNAL; 423; 423; 0; 8129
INTERNAL; 423; 423; 0; 8129; INTERNAL; 418; 422; 4; 3625
INTERNAL; 418; 422; 4; 3625; INTERNAL; 417; 421; 4; 6841
INTERNAL; 417; 421; 4; 6841; INTERNAL; 405; 420; 15; 5979
INTERNAL; 405; 420; 15; 5979; INTERNAL; 404; 419; 15; 7736
INTERNAL; 423; 423; 0; 8129; INTERNAL; 418; 422; 4; 3618
INTERNAL; 418; 422; 4; 3618; INTERNAL; 417; 420; 3; 9511
INTERNAL; 423; 423; 0; 8129; INTERNAL; 417; 422; 5; 7232
INTERNAL; 417; 422; 5; 7232; INTERNAL; 405; 421; 16; 6749
INTERNAL; 423; 423; 0; 8129; INTERNAL; 418; 422; 4; 4154
INTERNAL; 423; 423; 0; 8129; INTERNAL; 422; 422; 0; 6184
INTERNAL; 422; 422; 0; 6184; INTERNAL; 418; 421; 3; 3598
INTERNAL; 422; 422; 0; 6184; INTERNAL; 417; 421; 4; 3600
INTERNAL; 417; 421; 4; 3600; INTERNAL; 403; 419; 16; 9509
INTERNAL; 422; 422; 0; 6184; INTERNAL; 421; 421; 0; 3906
INTERNAL; 421; 421; 0; 3906; INTERNAL; 418; 420; 2; 3596
INTERNAL; 418; 420; 2; 3596; INTERNAL; 417; 418; 1; 4550
INTERNAL; 417; 418; 1; 4550; INTERNAL; 402; 417; 15; 6877
INTERNAL; 421; 421; 0; 3906; INTERNAL; 417; 420; 3; 6008
INTERNAL; 417; 420; 3; 6008; INTERNAL; 403; 419; 16; 6894
INTERNAL; 421; 421; 0; 3906; INTERNAL; 420; 420; 0; 6270
INTERNAL; 420; 420; 0; 6270; INTERNAL; 417; 419; 2; 7196
INTERNAL; 420; 420; 0; 6270; INTERNAL; 417; 419; 2; 7612
INTERNAL; 417; 419; 2; 7612; INTERNAL; 401; 417; 16; 8980
INTERNAL; 420; 420; 0; 6270; INTERNAL; 418; 419; 1; 3361
INTERNAL; 420; 420; 0; 6270; INTERNAL; 419; 419; 0; 6694
INTERNAL; 419; 419; 0; 6694; INTERNAL; 417; 418; 1; 3275
INTERNAL; 419; 419; 0; 6694; INTERNAL; 418; 418; 0; 8107
INTERNAL; 418; 418; 0; 8107; INTERNAL; 417; 417; 0; 9492
INTERNAL; 417; 417; 0; 9492; INTERNAL; 399; 416; 17; 3303
INTERNAL; 418; 418; 0; 8107; INTERNAL; 417; 417; 0; 9246
INTERNAL; 417; 417; 0; 9246; INTERNAL; 399; 416; 17; 9890
INTERNAL; 417; 417; 0; 9246; INTERNAL; 399; 416; 17; 9495
INTERNAL; 418; 418; 0; 8107; INTERNAL; 417; 417; 0; 9213
INTERNAL; 417; 417; 0; 9213; INTERNAL; 399; 416; 17; 8731
INTERNAL; 417; 417; 0; 9213; INTERNAL; 400; 416; 16; 3588
INTERNAL; 418; 418; 0; 8107; INTERNAL; 417; 417; 0; 3130
INTERNAL; 418; 418; 0; 8107; INTERNAL; 417; 417; 0; 9489
INTERNAL; 418; 418; 0; 8107; INTERNAL; 417; 417; 0; 3689
INTERNAL; 417; 417; 0; 3689; INTERNAL; 2; 416; 414; 9496
INTERNAL; 2; 416; 414; 9496; INPUT; 1; 415; 414; 9503
INTERNAL; 417; 417; 0; 3689; INTERNAL; 416; 416; 0; 9174
INTERNAL; 416; 416; 0; 9174; INTERNAL; 399; 415; 16; 9501
INTERNAL; 417; 417; 0; 3689; INTERNAL; 416; 416; 0; 5319
INTERNAL; 419; 419; 0; 6694; INTERNAL; 417; 418; 1; 4787
INTERNAL; 417; 418; 1; 4787; INTERNAL; 401; 417; 16; 9506
INTERNAL; 419; 419; 0; 6694; INTERNAL; 418; 418; 0; 10103
INTERNAL; 418; 418; 0; 10103; INTERNAL; 417; 417; 0; 3930
INTERNAL; 421; 421; 0; 3906; INTERNAL; 417; 420; 3; 4081
INTERNAL; 422; 422; 0; 6184; INTERNAL; 417; 421; 4; 4405
INTERNAL; 424; 424; 0; 3635; INTERNAL; 417; 423; 6; 5034
INTERNAL; 424; 424; 0; 3635; INTERNAL; 417; 423; 6; 8162
INTERNAL; 425; 425; 0; 4752; INTERNAL; 418; 424; 6; 8261
INTERNAL; 425; 425; 0; 4752; INTERNAL; 417; 424; 7; 8389
INTERNAL; 417; 424; 7; 8389; INTERNAL; 407; 423; 16; 9004
INTERNAL; 425; 425; 0; 4752; INTERNAL; 417; 424; 7; 5208
INTERNAL; 417; 424; 7; 5208; INTERNAL; 407; 423; 16; 7307
INTERNAL; 426; 426; 0; 3653; INTERNAL; 418; 425; 7; 3639
INTERNAL; 418; 425; 7; 3639; INTERNAL; 417; 424; 7; 7116
INTERNAL; 417; 424; 7; 7116; INTERNAL; 408; 423; 15; 9517
INTERNAL; 426; 426; 0; 3653; INTERNAL; 417; 425; 8; 8968
INTERNAL; 426; 426; 0; 3653; INTERNAL; 417; 425; 8; 6620
INTERNAL; 427; 427; 0; 6167; INTERNAL; 417; 426; 9; 3745
INTERNAL; 417; 426; 9; 3745; INTERNAL; 409; 425; 16; 3221
INTERNAL; 427; 427; 0; 6167; INTERNAL; 418; 426; 8; 3644
INTERNAL; 427; 427; 0; 6167; INTERNAL; 417; 426; 9; 5424
INTERNAL; 417; 426; 9; 5424; INTERNAL; 409; 425; 16; 5136
INTERNAL; 428; 428; 0; 3713; INTERNAL; 417; 427; 10; 3649
INTERNAL; 428; 428; 0; 3713; INTERNAL; 417; 427; 10; 3656
INTERNAL; 430; 430; 0; 4852; INTERNAL; 418; 429; 11; 5545
INTERNAL; 418; 429; 11; 5545; INTERNAL; 417; 428; 11; 9522
INTERNAL; 430; 430; 0; 4852; INTERNAL; 417; 429; 12; 8970
INTERNAL; 431; 431; 0; 3675; INTERNAL; 417; 430; 13; 5980
INTERNAL; 431; 431; 0; 3675; INTERNAL; 418; 430; 12; 4050
INTERNAL; 435; 450; 15; 3806; INTERNAL; 434; 434; 0; 5009
INTERNAL; 434; 434; 0; 5009; INTERNAL; 417; 433; 16; 3685
INTERNAL; 417; 433; 16; 3685; INTERNAL; 416; 432; 16; 7111
INTERNAL; 434; 434; 0; 5009; INTERNAL; 417; 433; 16; 6759
INTERNAL; 434; 434; 0; 5009; INTERNAL; 417; 433; 16; 3349
INTERNAL; 417; 433; 16; 3349; INTERNAL; 415; 432; 17; 6445
INTERNAL; 434; 434; 0; 5009; INTERNAL; 433; 433; 0; 3688
INTERNAL; 433; 433; 0; 3688; INTERNAL; 417; 432; 15; 3684
INTERNAL; 433; 433; 0; 3688; INTERNAL; 417; 432; 15; 3730
INTERNAL; 417; 432; 15; 3730; INTERNAL; 414; 431; 17; 8576
INTERNAL; 433; 433; 0; 3688; INTERNAL; 418; 432; 14; 6734
INTERNAL; 418; 432; 14; 6734; INTERNAL; 417; 430; 13; 5945
INTERNAL; 433; 433; 0; 3688; INTERNAL; 432; 432; 0; 4941
INTERNAL; 432; 432; 0; 4941; INTERNAL; 418; 431; 13; 6692
INTERNAL; 418; 431; 13; 6692; INTERNAL; 417; 430; 13; 4212
INTERNAL; 417; 430; 13; 4212; INTERNAL; 413; 429; 16; 5024
INTERNAL; 432; 432; 0; 4941; INTERNAL; 418; 431; 13; 3926
INTERNAL; 432; 432; 0; 4941; INTERNAL; 417; 431; 14; 3671
INTERNAL; 432; 432; 0; 4941; INTERNAL; 418; 431; 13; 9261
INTERNAL; 454; 469; 15; 4390; INTERNAL; 436; 450; 14; 7680
INTERNAL; 436; 450; 14; 7680; INTERNAL; 435; 448; 13; 4077
INTERNAL; 454; 469; 15; 4390; INTERNAL; 450; 450; 0; 7323
INTERNAL; 450; 450; 0; 7323; INTERNAL; 449; 449; 0; 4170
INTERNAL; 449; 449; 0; 4170; INTERNAL; 435; 448; 13; 4696
INTERNAL; 435; 448; 13; 4696; INTERNAL; 430; 447; 17; 9549
INTERNAL; 449; 449; 0; 4170; INTERNAL; 436; 448; 12; 4417
INTERNAL; 436; 448; 12; 4417; INTERNAL; 435; 446; 11; 9542
INTERNAL; 449; 449; 0; 4170; INTERNAL; 448; 448; 0; 4383
INTERNAL; 448; 448; 0; 4383; INTERNAL; 447; 447; 0; 9238
INTERNAL; 447; 447; 0; 9238; INTERNAL; 436; 446; 10; 3744
INTERNAL; 436; 446; 10; 3744; INTERNAL; 435; 444; 9; 4871
INTERNAL; 447; 447; 0; 9238; INTERNAL; 435; 446; 11; 7020
INTERNAL; 435; 446; 11; 7020; INTERNAL; 428; 445; 17; 9539
INTERNAL; 447; 447; 0; 9238; INTERNAL; 435; 446; 11; 6004
INTERNAL; 447; 447; 0; 9238; INTERNAL; 446; 446; 0; 3747
INTERNAL; 446; 446; 0; 3747; INTERNAL; 435; 445; 10; 3737
INTERNAL; 446; 446; 0; 3747; INTERNAL; 436; 445; 9; 3969
INTERNAL; 446; 446; 0; 3747; INTERNAL; 435; 445; 10; 3741
INTERNAL; 435; 445; 10; 3741; INTERNAL; 427; 444; 17; 9536
INTERNAL; 446; 446; 0; 3747; INTERNAL; 445; 445; 0; 6113
INTERNAL; 445; 445; 0; 6113; INTERNAL; 436; 444; 8; 8905
INTERNAL; 436; 444; 8; 8905; INTERNAL; 435; 442; 7; 8289
INTERNAL; 445; 445; 0; 6113; INTERNAL; 435; 444; 9; 4022
INTERNAL; 445; 445; 0; 6113; INTERNAL; 435; 444; 9; 3995
INTERNAL; 435; 444; 9; 3995; INTERNAL; 426; 443; 17; 9071
INTERNAL; 445; 445; 0; 6113; INTERNAL; 444; 444; 0; 3735
INTERNAL; 444; 444; 0; 3735; INTERNAL; 443; 443; 0; 3728
INTERNAL; 443; 443; 0; 3728; INTERNAL; 435; 442; 7; 3716
INTERNAL; 435; 442; 7; 3716; INTERNAL; 424; 441; 17; 9534
INTERNAL; 443; 443; 0; 3728; INTERNAL; 442; 442; 0; 3861
INTERNAL; 442; 442; 0; 3861; INTERNAL; 435; 441; 6; 6921
INTERNAL; 435; 441; 6; 6921; INTERNAL; 423; 440; 17; 9533
INTERNAL; 442; 442; 0; 3861; INTERNAL; 436; 441; 5; 7022
INTERNAL; 436; 441; 5; 7022; INTERNAL; 435; 440; 5; 3921
INTERNAL; 442; 442; 0; 3861; INTERNAL; 435; 441; 6; 6867
INTERNAL; 442; 442; 0; 3861; INTERNAL; 441; 441; 0; 8873
INTERNAL; 441; 441; 0; 8873; INTERNAL; 435; 440; 5; 6906
INTERNAL; 435; 440; 5; 6906; INTERNAL; 422; 438; 16; 9055
INTERNAL; 441; 441; 0; 8873; INTERNAL; 435; 440; 5; 4682
INTERNAL; 435; 440; 5; 4682; INTERNAL; 423; 439; 16; 9531
INTERNAL; 441; 441; 0; 8873; INTERNAL; 436; 440; 4; 6046
INTERNAL; 436; 440; 4; 6046; INTERNAL; 435; 438; 3; 6937
INTERNAL; 441; 441; 0; 8873; INTERNAL; 440; 440; 0; 5244
INTERNAL; 440; 440; 0; 5244; INTERNAL; 439; 439; 0; 5999
INTERNAL; 439; 439; 0; 5999; INTERNAL; 435; 438; 3; 4021
INTERNAL; 435; 438; 3; 4021; INTERNAL; 421; 437; 16; 3324
INTERNAL; 421; 437; 16; 3324; INTERNAL; 420; 436; 16; 9402
INTERNAL; 439; 439; 0; 5999; INTERNAL; 435; 438; 3; 3707
INTERNAL; 439; 439; 0; 5999; INTERNAL; 436; 438; 2; 3705
INTERNAL; 436; 438; 2; 3705; INTERNAL; 435; 436; 1; 5828
INTERNAL; 439; 439; 0; 5999; INTERNAL; 438; 438; 0; 5264
INTERNAL; 438; 438; 0; 5264; INTERNAL; 435; 437; 2; 6761
INTERNAL; 435; 437; 2; 6761; INTERNAL; 419; 436; 17; 9528
INTERNAL; 438; 438; 0; 5264; INTERNAL; 436; 437; 1; 5451
INTERNAL; 438; 438; 0; 5264; INTERNAL; 437; 437; 0; 5274
INTERNAL; 437; 437; 0; 5274; INTERNAL; 435; 436; 1; 3603
INTERNAL; 435; 436; 1; 3603; INTERNAL; 419; 435; 16; 5099
INTERNAL; 419; 435; 16; 5099; INTERNAL; 418; 434; 16; 9524
INTERNAL; 437; 437; 0; 5274; INTERNAL; 436; 436; 0; 6650
INTERNAL; 436; 436; 0; 6650; INTERNAL; 435; 435; 0; 8635
INTERNAL; 435; 435; 0; 8635; INTERNAL; 417; 434; 17; 3693
INTERNAL; 436; 436; 0; 6650; INTERNAL; 435; 435; 0; 4120
INTERNAL; 436; 436; 0; 6650; INTERNAL; 435; 435; 0; 9523
INTERNAL; 436; 436; 0; 6650; INTERNAL; 435; 435; 0; 6517
INTERNAL; 435; 435; 0; 6517; INPUT; 1; 434; 433; 6962
INTERNAL; 437; 437; 0; 5274; INTERNAL; 435; 436; 1; 3700
INTERNAL; 435; 436; 1; 3700; INTERNAL; 417; 435; 18; 3987
INTERNAL; 437; 437; 0; 5274; INTERNAL; 436; 436; 0; 3698
INTERNAL; 436; 436; 0; 3698; INTERNAL; 435; 435; 0; 3697
INTERNAL; 438; 438; 0; 5264; INTERNAL; 435; 437; 2; 3701
INTERNAL; 440; 440; 0; 5244; INTERNAL; 435; 439; 4; 5177
INTERNAL; 435; 439; 4; 5177; INTERNAL; 421; 438; 17; 9529
INTERNAL; 440; 440; 0; 5244; INTERNAL; 435; 439; 4; 6580
INTERNAL; 440; 440; 0; 5244; INTERNAL; 436; 439; 3; 8807
INTERNAL; 443; 443; 0; 3728; INTERNAL; 436; 442; 6; 3264
INTERNAL; 443; 443; 0; 3728; INTERNAL; 435; 442; 7; 3721
INTERNAL; 444; 444; 0; 3735; INTERNAL; 436; 443; 7; 3722
INTERNAL; 444; 444; 0; 3735; INTERNAL; 435; 443; 8; 3725
INTERNAL; 435; 443; 8; 3725; INTERNAL; 425; 442; 17; 4680
INTERNAL; 444; 444; 0; 3735; INTERNAL; 435; 443; 8; 3362
INTERNAL; 448; 448; 0; 4383; INTERNAL; 435; 447; 12; 8093
INTERNAL; 435; 447; 12; 8093; INTERNAL; 429; 446; 17; 9547
INTERNAL; 448; 448; 0; 4383; INTERNAL; 436; 447; 11; 6259
INTERNAL; 448; 448; 0; 4383; INTERNAL; 435; 447; 12; 5308
INTERNAL; 449; 449; 0; 4170; INTERNAL; 435; 448; 13; 4436
INTERNAL; 450; 450; 0; 7323; INTERNAL; 436; 449; 13; 5214
INTERNAL; 450; 450; 0; 7323; INTERNAL; 435; 449; 14; 7401
INTERNAL; 450; 450; 0; 7323; INTERNAL; 435; 449; 14; 3115
INTERNAL; 435; 449; 14; 3115; INTERNAL; 431; 448; 17; 9552
INTERNAL; 454; 469; 15; 4390; INTERNAL; 453; 453; 0; 3774
INTERNAL; 453; 453; 0; 3774; INTERNAL; 452; 452; 0; 3764
INTERNAL; 452; 452; 0; 3764; INTERNAL; 451; 451; 0; 4537
INTERNAL; 451; 451; 0; 4537; INTERNAL; 435; 450; 15; 3750
INTERNAL; 435; 450; 15; 3750; INTERNAL; 432; 449; 17; 9553
INTERNAL; 452; 452; 0; 3764; INTERNAL; 436; 451; 15; 3755
INTERNAL; 436; 451; 15; 3755; INTERNAL; 435; 450; 15; 9554
INTERNAL; 452; 452; 0; 3764; INTERNAL; 435; 451; 16; 3758
INTERNAL; 452; 452; 0; 3764; INTERNAL; 435; 451; 16; 3942
INTERNAL; 435; 451; 16; 3942; INTERNAL; 433; 450; 17; 9555
INTERNAL; 453; 453; 0; 3774; INTERNAL; 436; 452; 16; 3767
INTERNAL; 453; 453; 0; 3774; INTERNAL; 435; 452; 17; 7994
INTERNAL; 435; 452; 17; 7994; INTERNAL; 434; 451; 17; 9556
INTERNAL; 470; 470; 0; 4131; INTERNAL; 469; 469; 0; 4422
INTERNAL; 469; 469; 0; 4422; INTERNAL; 454; 468; 14; 5238
INTERNAL; 469; 469; 0; 4422; INTERNAL; 455; 468; 13; 7444
INTERNAL; 455; 468; 13; 7444; INTERNAL; 454; 467; 13; 8381
INTERNAL; 469; 469; 0; 4422; INTERNAL; 468; 468; 0; 3841
INTERNAL; 468; 468; 0; 3841; INTERNAL; 455; 467; 12; 6020
INTERNAL; 455; 467; 12; 6020; INTERNAL; 454; 465; 11; 9581
INTERNAL; 468; 468; 0; 3841; INTERNAL; 454; 467; 13; 3836
INTERNAL; 454; 467; 13; 3836; INTERNAL; 448; 466; 18; 6364
INTERNAL; 468; 468; 0; 3841; INTERNAL; 454; 467; 13; 6260
INTERNAL; 468; 468; 0; 3841; INTERNAL; 467; 467; 0; 6028
INTERNAL; 467; 467; 0; 6028; INTERNAL; 454; 466; 12; 6402
INTERNAL; 454; 466; 12; 6402; INTERNAL; 447; 465; 18; 3363
INTERNAL; 467; 467; 0; 6028; INTERNAL; 455; 466; 11; 9396
INTERNAL; 467; 467; 0; 6028; INTERNAL; 454; 466; 12; 3833
INTERNAL; 467; 467; 0; 6028; INTERNAL; 466; 466; 0; 6533
INTERNAL; 466; 466; 0; 6533; INTERNAL; 455; 465; 10; 3768
INTERNAL; 455; 465; 10; 3768; INTERNAL; 454; 463; 9; 9580
INTERNAL; 466; 466; 0; 6533; INTERNAL; 454; 465; 11; 5192
INTERNAL; 466; 466; 0; 6533; INTERNAL; 465; 465; 0; 3819
INTERNAL; 465; 465; 0; 3819; INTERNAL; 455; 464; 9; 3813
INTERNAL; 465; 465; 0; 3819; INTERNAL; 454; 464; 10; 5881
INTERNAL; 465; 465; 0; 3819; INTERNAL; 454; 464; 10; 5849
INTERNAL; 454; 464; 10; 5849; INTERNAL; 445; 463; 18; 9318
INTERNAL; 465; 465; 0; 3819; INTERNAL; 464; 464; 0; 4418
INTERNAL; 464; 464; 0; 4418; INTERNAL; 454; 463; 9; 4950
INTERNAL; 454; 463; 9; 4950; INTERNAL; 445; 462; 17; 5809
INTERNAL; 445; 462; 17; 5809; INTERNAL; 444; 460; 16; 9573
INTERNAL; 464; 464; 0; 4418; INTERNAL; 463; 463; 0; 4211
INTERNAL; 463; 463; 0; 4211; INTERNAL; 455; 462; 7; 6537
INTERNAL; 455; 462; 7; 6537; INTERNAL; 454; 461; 7; 6416
INTERNAL; 463; 463; 0; 4211; INTERNAL; 462; 462; 0; 4498
INTERNAL; 462; 462; 0; 4498; INTERNAL; 454; 461; 7; 3746
INTERNAL; 462; 462; 0; 4498; INTERNAL; 461; 461; 0; 3796
INTERNAL; 461; 461; 0; 3796; INTERNAL; 454; 460; 6; 8570
INTERNAL; 454; 460; 6; 8570; INTERNAL; 441; 458; 17; 7859
INTERNAL; 461; 461; 0; 3796; INTERNAL; 454; 460; 6; 8244
INTERNAL; 461; 461; 0; 3796; INTERNAL; 460; 460; 0; 5634
INTERNAL; 460; 460; 0; 5634; INTERNAL; 455; 459; 4; 3784
INTERNAL; 455; 459; 4; 3784; INTERNAL; 454; 457; 3; 8144
INTERNAL; 454; 457; 3; 8144; INTERNAL; 440; 456; 16; 9565
INTERNAL; 460; 460; 0; 5634; INTERNAL; 454; 459; 5; 6450
INTERNAL; 460; 460; 0; 5634; INTERNAL; 459; 459; 0; 5221
INTERNAL; 459; 459; 0; 5221; INTERNAL; 454; 458; 4; 7433
INTERNAL; 454; 458; 4; 7433; INTERNAL; 439; 456; 17; 5391
INTERNAL; 459; 459; 0; 5221; INTERNAL; 458; 458; 0; 9597
INTERNAL; 458; 458; 0; 9597; INTERNAL; 454; 457; 3; 9487
INTERNAL; 458; 458; 0; 9597; INTERNAL; 457; 457; 0; 3781
INTERNAL; 457; 457; 0; 3781; INTERNAL; 454; 456; 2; 3780
INTERNAL; 457; 457; 0; 3781; INTERNAL; 454; 456; 2; 6189
INTERNAL; 454; 456; 2; 6189; INTERNAL; 437; 454; 17; 8821
INTERNAL; 457; 457; 0; 3781; INTERNAL; 456; 456; 0; 9390
INTERNAL; 456; 456; 0; 9390; INTERNAL; 455; 455; 0; 3775
INTERNAL; 455; 455; 0; 3775; INTERNAL; 454; 454; 0; 9560
INTERNAL; 454; 454; 0; 9560; INTERNAL; 7; 453; 446; 9193
INTERNAL; 454; 454; 0; 9560; INTERNAL; 2; 453; 451; 9422
INTERNAL; 2; 453; 451; 9422; INPUT; 1; 452; 451; 6230
INTERNAL; 454; 454; 0; 9560; INTERNAL; 453; 453; 0; 9767
INTERNAL; 454; 454; 0; 9560; INTERNAL; 5; 453; 448; 9561
INTERNAL; 455; 455; 0; 3775; INTERNAL; 454; 454; 0; 8509
INTERNAL; 455; 455; 0; 3775; INTERNAL; 454; 454; 0; 6478
INTERNAL; 455; 455; 0; 3775; INTERNAL; 454; 454; 0; 9303
INTERNAL; 454; 454; 0; 9303; INTERNAL; 436; 453; 17; 4771
INTERNAL; 456; 456; 0; 9390; INTERNAL; 455; 455; 0; 7130
INTERNAL; 455; 455; 0; 7130; INTERNAL; 454; 454; 0; 8434
INTERNAL; 456; 456; 0; 9390; INTERNAL; 454; 455; 1; 3405
INTERNAL; 454; 455; 1; 3405; INTERNAL; 437; 454; 17; 9563
INTERNAL; 456; 456; 0; 9390; INTERNAL; 454; 455; 1; 6966
INTERNAL; 457; 457; 0; 3781; INTERNAL; 455; 456; 1; 7518
INTERNAL; 455; 456; 1; 7518; INTERNAL; 454; 455; 1; 5160
INTERNAL; 454; 455; 1; 5160; INTERNAL; 438; 454; 16; 7338
INTERNAL; 458; 458; 0; 9597; INTERNAL; 455; 457; 2; 9939
INTERNAL; 458; 458; 0; 9597; INTERNAL; 454; 457; 3; 4818
INTERNAL; 454; 457; 3; 4818; INTERNAL; 439; 456; 17; 5721
INTERNAL; 459; 459; 0; 5221; INTERNAL; 455; 458; 3; 4545
INTERNAL; 459; 459; 0; 5221; INTERNAL; 454; 458; 4; 9614
INTERNAL; 460; 460; 0; 5634; INTERNAL; 454; 459; 5; 3792
INTERNAL; 454; 459; 5; 3792; INTERNAL; 441; 458; 17; 9567
INTERNAL; 461; 461; 0; 3796; INTERNAL; 455; 460; 5; 8846
INTERNAL; 455; 460; 5; 8846; INTERNAL; 454; 459; 5; 3637
INTERNAL; 454; 459; 5; 3637; INTERNAL; 442; 458; 16; 4920
INTERNAL; 462; 462; 0; 4498; INTERNAL; 454; 461; 7; 9237
INTERNAL; 454; 461; 7; 9237; INTERNAL; 443; 460; 17; 9569
INTERNAL; 462; 462; 0; 4498; INTERNAL; 455; 461; 6; 6035
INTERNAL; 463; 463; 0; 4211; INTERNAL; 454; 462; 8; 8826
INTERNAL; 454; 462; 8; 8826; INTERNAL; 443; 461; 18; 9576
INTERNAL; 463; 463; 0; 4211; INTERNAL; 454; 462; 8; 3797
INTERNAL; 464; 464; 0; 4418; INTERNAL; 454; 463; 9; 9173
INTERNAL; 464; 464; 0; 4418; INTERNAL; 455; 463; 8; 3799
INTERNAL; 466; 466; 0; 6533; INTERNAL; 454; 465; 11; 3820
INTERNAL; 454; 465; 11; 3820; INTERNAL; 446; 464; 18; 5833
INTERNAL; 469; 469; 0; 4422; INTERNAL; 454; 468; 14; 6052
INTERNAL; 454; 468; 14; 6052; INTERNAL; 449; 467; 18; 9583
INTERNAL; 470; 470; 0; 4131; INTERNAL; 455; 469; 14; 3844
INTERNAL; 470; 470; 0; 4131; INTERNAL; 454; 469; 15; 3843
INTERNAL; 454; 469; 15; 3843; INTERNAL; 450; 468; 18; 9586
INTERNAL; 471; 471; 0; 3848; INTERNAL; 454; 470; 16; 3916
INTERNAL; 454; 470; 16; 3916; INTERNAL; 451; 469; 18; 9587
INTERNAL; 471; 471; 0; 3848; INTERNAL; 454; 470; 16; 8262
INTERNAL; 471; 471; 0; 3848; INTERNAL; 455; 470; 15; 5522
INTERNAL; 455; 470; 15; 5522; INTERNAL; 454; 469; 15; 5025
INTERNAL; 472; 472; 0; 6625; INTERNAL; 455; 471; 16; 6584
INTERNAL; 472; 472; 0; 6625; INTERNAL; 454; 471; 17; 9009
INTERNAL; 454; 471; 17; 9009; INTERNAL; 453; 470; 17; 9181
INTERNAL; 472; 472; 0; 6625; INTERNAL; 454; 471; 17; 4923
INTERNAL; 454; 471; 17; 4923; INTERNAL; 452; 470; 18; 8363
INTERNAL; 473; 473; 0; 4510; INTERNAL; 454; 472; 18; 3851
INTERNAL; 474; 487; 13; 5838; INTERNAL; 468; 486; 18; 7315
INTERNAL; 488; 488; 0; 3944; INTERNAL; 475; 487; 12; 4453
INTERNAL; 475; 487; 12; 4453; INTERNAL; 474; 486; 12; 3151
INTERNAL; 474; 486; 12; 3151; INTERNAL; 469; 485; 16; 7953
INTERNAL; 488; 488; 0; 3944; INTERNAL; 474; 487; 13; 3937
INTERNAL; 488; 488; 0; 3944; INTERNAL; 487; 487; 0; 7355
INTERNAL; 487; 487; 0; 7355; INTERNAL; 474; 486; 12; 8195
INTERNAL; 487; 487; 0; 7355; INTERNAL; 475; 486; 11; 3928
INTERNAL; 475; 486; 11; 3928; INTERNAL; 474; 484; 10; 9623
INTERNAL; 474; 484; 10; 9623; INTERNAL; 467; 483; 16; 5739
INTERNAL; 487; 487; 0; 7355; INTERNAL; 486; 486; 0; 6529
INTERNAL; 486; 486; 0; 6529; INTERNAL; 485; 485; 0; 8057
INTERNAL; 485; 485; 0; 8057; INTERNAL; 474; 484; 10; 5457
INTERNAL; 474; 484; 10; 5457; INTERNAL; 466; 483; 17; 7489
INTERNAL; 466; 483; 17; 7489; INTERNAL; 465; 481; 16; 4996
INTERNAL; 485; 485; 0; 8057; INTERNAL; 475; 484; 9; 3920
INTERNAL; 475; 484; 9; 3920; INTERNAL; 474; 482; 8; 9386
INTERNAL; 485; 485; 0; 8057; INTERNAL; 474; 484; 10; 4025
INTERNAL; 485; 485; 0; 8057; INTERNAL; 484; 484; 0; 6627
INTERNAL; 484; 484; 0; 6627; INTERNAL; 474; 483; 9; 4249
INTERNAL; 484; 484; 0; 6627; INTERNAL; 474; 483; 9; 6555
INTERNAL; 474; 483; 9; 6555; INTERNAL; 464; 481; 17; 8517
INTERNAL; 484; 484; 0; 6627; INTERNAL; 475; 483; 8; 5296
INTERNAL; 484; 484; 0; 6627; INTERNAL; 483; 483; 0; 3918
INTERNAL; 483; 483; 0; 3918; INTERNAL; 475; 482; 7; 3913
INTERNAL; 475; 482; 7; 3913; INTERNAL; 474; 480; 6; 3145
INTERNAL; 474; 480; 6; 3145; INTERNAL; 463; 479; 16; 6185
INTERNAL; 483; 483; 0; 3918; INTERNAL; 474; 482; 8; 4179
INTERNAL; 474; 482; 8; 4179; INTERNAL; 464; 481; 17; 9621
INTERNAL; 483; 483; 0; 3918; INTERNAL; 482; 482; 0; 6381
INTERNAL; 482; 482; 0; 6381; INTERNAL; 475; 481; 6; 3903
INTERNAL; 482; 482; 0; 6381; INTERNAL; 474; 481; 7; 3908
INTERNAL; 482; 482; 0; 6381; INTERNAL; 474; 481; 7; 3904
INTERNAL; 474; 481; 7; 3904; INTERNAL; 462; 479; 17; 9716
INTERNAL; 482; 482; 0; 6381; INTERNAL; 481; 481; 0; 3912
INTERNAL; 481; 481; 0; 3912; INTERNAL; 480; 480; 0; 4900
INTERNAL; 480; 480; 0; 4900; INTERNAL; 474; 479; 5; 4926
INTERNAL; 480; 480; 0; 4900; INTERNAL; 475; 479; 4; 5224
INTERNAL; 475; 479; 4; 5224; INTERNAL; 474; 478; 4; 9616
INTERNAL; 474; 478; 4; 9616; INTERNAL; 461; 477; 16; 9617
INTERNAL; 480; 480; 0; 4900; INTERNAL; 474; 479; 5; 3887
INTERNAL; 474; 479; 5; 3887; INTERNAL; 460; 477; 17; 9608
INTERNAL; 480; 480; 0; 4900; INTERNAL; 479; 479; 0; 5586
INTERNAL; 479; 479; 0; 5586; INTERNAL; 474; 478; 4; 9216
INTERNAL; 479; 479; 0; 5586; INTERNAL; 478; 478; 0; 5799
INTERNAL; 478; 478; 0; 5799; INTERNAL; 475; 477; 2; 9477
INTERNAL; 475; 477; 2; 9477; INTERNAL; 474; 476; 2; 9478
INTERNAL; 474; 476; 2; 9478; INTERNAL; 459; 475; 16; 5780
INTERNAL; 478; 478; 0; 5799; INTERNAL; 477; 477; 0; 3882
INTERNAL; 477; 477; 0; 3882; INTERNAL; 475; 476; 1; 3183
INTERNAL; 475; 476; 1; 3183; INTERNAL; 474; 474; 0; 9599
INTERNAL; 474; 474; 0; 9599; INTERNAL; 457; 473; 16; 6106
INTERNAL; 477; 477; 0; 3882; INTERNAL; 474; 476; 2; 3873
INTERNAL; 474; 476; 2; 3873; INTERNAL; 458; 475; 17; 9163
INTERNAL; 477; 477; 0; 3882; INTERNAL; 474; 476; 2; 3871
INTERNAL; 474; 476; 2; 3871; INTERNAL; 458; 475; 17; 9602
INTERNAL; 477; 477; 0; 3882; INTERNAL; 476; 476; 0; 3870
INTERNAL; 476; 476; 0; 3870; INTERNAL; 475; 475; 0; 5440
INTERNAL; 475; 475; 0; 5440; INTERNAL; 474; 474; 0; 4321
INTERNAL; 474; 474; 0; 4321; INTERNAL; 473; 473; 0; 9596
INTERNAL; 473; 473; 0; 9596; INTERNAL; 456; 472; 16; 9590
INTERNAL; 456; 472; 16; 9590; INTERNAL; 455; 471; 16; 5283
INTERNAL; 474; 474; 0; 4321; INTERNAL; 473; 473; 0; 9594
INTERNAL; 473; 473; 0; 9594; INPUT; 1; 472; 471; 9598
INTERNAL; 474; 474; 0; 4321; INTERNAL; 473; 473; 0; 8420
INTERNAL; 473; 473; 0; 8420; INTERNAL; 454; 472; 18; 5421
INTERNAL; 474; 474; 0; 4321; INTERNAL; 473; 473; 0; 9591
INTERNAL; 475; 475; 0; 5440; INTERNAL; 474; 474; 0; 5787
INTERNAL; 474; 474; 0; 5787; INTERNAL; 456; 473; 17; 9589
INTERNAL; 475; 475; 0; 5440; INTERNAL; 474; 474; 0; 3862
INTERNAL; 475; 475; 0; 5440; INTERNAL; 474; 474; 0; 3865
INTERNAL; 474; 474; 0; 3865; INTERNAL; 456; 473; 17; 3856
INTERNAL; 476; 476; 0; 3870; INTERNAL; 474; 475; 1; 6385
INTERNAL; 476; 476; 0; 3870; INTERNAL; 474; 475; 1; 8717
INTERNAL; 476; 476; 0; 3870; INTERNAL; 475; 475; 0; 3866
INTERNAL; 478; 478; 0; 5799; INTERNAL; 474; 477; 3; 6833
INTERNAL; 478; 478; 0; 5799; INTERNAL; 474; 477; 3; 3877
INTERNAL; 479; 479; 0; 5586; INTERNAL; 474; 478; 4; 3884
INTERNAL; 474; 478; 4; 3884; INTERNAL; 460; 477; 17; 9610
INTERNAL; 479; 479; 0; 5586; INTERNAL; 475; 478; 3; 5915
INTERNAL; 481; 481; 0; 3912; INTERNAL; 474; 480; 6; 3901
INTERNAL; 481; 481; 0; 3912; INTERNAL; 475; 480; 5; 3894
INTERNAL; 481; 481; 0; 3912; INTERNAL; 474; 480; 6; 3896
INTERNAL; 474; 480; 6; 3896; INTERNAL; 462; 479; 17; 9619
INTERNAL; 483; 483; 0; 3918; INTERNAL; 474; 482; 8; 6629
INTERNAL; 486; 486; 0; 6529; INTERNAL; 474; 485; 11; 3927
INTERNAL; 486; 486; 0; 6529; INTERNAL; 474; 485; 11; 4689
INTERNAL; 474; 485; 11; 4689; INTERNAL; 466; 484; 18; 9465
INTERNAL; 486; 486; 0; 6529; INTERNAL; 475; 485; 10; 3922
INTERNAL; 487; 487; 0; 7355; INTERNAL; 474; 486; 12; 5372
INTERNAL; 474; 486; 12; 5372; INTERNAL; 468; 485; 17; 9259
INTERNAL; 493; 508; 15; 7764; INTERNAL; 492; 492; 0; 4603
INTERNAL; 492; 492; 0; 4603; INTERNAL; 491; 491; 0; 7091
INTERNAL; 491; 491; 0; 7091; INTERNAL; 475; 490; 15; 7766
INTERNAL; 475; 490; 15; 7766; INTERNAL; 474; 488; 14; 9625
INTERNAL; 491; 491; 0; 7091; INTERNAL; 474; 490; 16; 3958
INTERNAL; 491; 491; 0; 7091; INTERNAL; 490; 490; 0; 6383
INTERNAL; 490; 490; 0; 6383; INTERNAL; 475; 489; 14; 6950
INTERNAL; 490; 490; 0; 6383; INTERNAL; 474; 489; 15; 4851
INTERNAL; 474; 489; 15; 4851; INTERNAL; 470; 488; 18; 7003
INTERNAL; 490; 490; 0; 6383; INTERNAL; 474; 489; 15; 3954
INTERNAL; 490; 490; 0; 6383; INTERNAL; 489; 489; 0; 3957
INTERNAL; 489; 489; 0; 3957; INTERNAL; 474; 488; 14; 9384
INTERNAL; 474; 488; 14; 9384; INTERNAL; 470; 487; 17; 4118
INTERNAL; 489; 489; 0; 3957; INTERNAL; 474; 488; 14; 3950
INTERNAL; 489; 489; 0; 3957; INTERNAL; 475; 488; 13; 5162
INTERNAL; 491; 491; 0; 7091; INTERNAL; 474; 490; 16; 6936
INTERNAL; 474; 490; 16; 6936; INTERNAL; 471; 489; 18; 9629
INTERNAL; 492; 492; 0; 4603; INTERNAL; 474; 491; 17; 3964
INTERNAL; 474; 491; 17; 3964; INTERNAL; 473; 490; 17; 8951
INTERNAL; 473; 490; 17; 8951; INTERNAL; 472; 489; 17; 7531
INTERNAL; 492; 492; 0; 4603; INTERNAL; 474; 491; 17; 3965
INTERNAL; 509; 527; 18; 9684; INTERNAL; 494; 508; 14; 6552
INTERNAL; 494; 508; 14; 6552; INTERNAL; 493; 506; 13; 9651
INTERNAL; 493; 506; 13; 9651; INTERNAL; 489; 505; 16; 9653
INTERNAL; 489; 505; 16; 9653; INTERNAL; 488; 504; 16; 5174
INTERNAL; 509; 527; 18; 9684; INTERNAL; 508; 508; 0; 4042
INTERNAL; 508; 508; 0; 4042; INTERNAL; 493; 507; 14; 6190
INTERNAL; 508; 508; 0; 4042; INTERNAL; 494; 507; 13; 7018
INTERNAL; 508; 508; 0; 4042; INTERNAL; 507; 507; 0; 6368
INTERNAL; 507; 507; 0; 6368; INTERNAL; 494; 506; 12; 4024
INTERNAL; 494; 506; 12; 4024; INTERNAL; 493; 504; 11; 9648
INTERNAL; 493; 504; 11; 9648; INTERNAL; 487; 503; 16; 10019
INTERNAL; 487; 503; 16; 10019; INTERNAL; 486; 502; 16; 9650
INTERNAL; 507; 507; 0; 6368; INTERNAL; 506; 506; 0; 4821
INTERNAL; 506; 506; 0; 4821; INTERNAL; 505; 505; 0; 4023
INTERNAL; 505; 505; 0; 4023; INTERNAL; 493; 504; 11; 4836
INTERNAL; 493; 504; 11; 4836; INTERNAL; 485; 503; 18; 7665
INTERNAL; 505; 505; 0; 4023; INTERNAL; 493; 504; 11; 6265
INTERNAL; 505; 505; 0; 4023; INTERNAL; 504; 504; 0; 9747
INTERNAL; 504; 504; 0; 9747; INTERNAL; 493; 503; 10; 3236
INTERNAL; 504; 504; 0; 9747; INTERNAL; 493; 503; 10; 7405
INTERNAL; 504; 504; 0; 9747; INTERNAL; 494; 503; 9; 4016
INTERNAL; 494; 503; 9; 4016; INTERNAL; 493; 502; 9; 6808
INTERNAL; 493; 502; 9; 6808; INTERNAL; 484; 501; 17; 9499
INTERNAL; 504; 504; 0; 9747; INTERNAL; 503; 503; 0; 4017
INTERNAL; 503; 503; 0; 4017; INTERNAL; 493; 502; 9; 4989
INTERNAL; 493; 502; 9; 4989; INTERNAL; 483; 501; 18; 3710
INTERNAL; 503; 503; 0; 4017; INTERNAL; 494; 502; 8; 4248
INTERNAL; 494; 502; 8; 4248; INTERNAL; 493; 500; 7; 3232
INTERNAL; 493; 500; 7; 3232; INTERNAL; 483; 499; 16; 5685
INTERNAL; 483; 499; 16; 5685; INTERNAL; 482; 498; 16; 6390
INTERNAL; 503; 503; 0; 4017; INTERNAL; 493; 502; 9; 9834
INTERNAL; 503; 503; 0; 4017; INTERNAL; 502; 502; 0; 8741
INTERNAL; 502; 502; 0; 8741; INTERNAL; 501; 501; 0; 8870
INTERNAL; 501; 501; 0; 8870; INTERNAL; 493; 500; 7; 7085
INTERNAL; 493; 500; 7; 7085; INTERNAL; 481; 499; 18; 7005
INTERNAL; 501; 501; 0; 8870; INTERNAL; 493; 500; 7; 4006
INTERNAL; 501; 501; 0; 8870; INTERNAL; 500; 500; 0; 4517
INTERNAL; 500; 500; 0; 4517; INTERNAL; 493; 499; 6; 7199
INTERNAL; 500; 500; 0; 4517; INTERNAL; 493; 499; 6; 4003
INTERNAL; 493; 499; 6; 4003; INTERNAL; 480; 496; 16; 9643
INTERNAL; 500; 500; 0; 4517; INTERNAL; 499; 499; 0; 6042
INTERNAL; 499; 499; 0; 6042; INTERNAL; 494; 498; 4; 6495
INTERNAL; 494; 498; 4; 6495; INTERNAL; 493; 496; 3; 9771
INTERNAL; 493; 496; 3; 9771; INTERNAL; 479; 495; 16; 3528
INTERNAL; 479; 495; 16; 3528; INTERNAL; 478; 494; 16; 9750
INTERNAL; 499; 499; 0; 6042; INTERNAL; 493; 498; 5; 5564
INTERNAL; 493; 498; 5; 5564; INTERNAL; 479; 497; 18; 9514
INTERNAL; 499; 499; 0; 6042; INTERNAL; 493; 498; 5; 6394
INTERNAL; 499; 499; 0; 6042; INTERNAL; 498; 498; 0; 6273
INTERNAL; 498; 498; 0; 6273; INTERNAL; 494; 497; 3; 4758
INTERNAL; 498; 498; 0; 6273; INTERNAL; 493; 497; 4; 9736
INTERNAL; 498; 498; 0; 6273; INTERNAL; 497; 497; 0; 8583
INTERNAL; 497; 497; 0; 8583; INTERNAL; 496; 496; 0; 4171
INTERNAL; 496; 496; 0; 4171; INTERNAL; 494; 495; 1; 4957
INTERNAL; 494; 495; 1; 4957; INTERNAL; 493; 494; 1; 7591
INTERNAL; 493; 494; 1; 7591; INTERNAL; 477; 493; 16; 6371
INTERNAL; 477; 493; 16; 6371; INTERNAL; 476; 492; 16; 8467
INTERNAL; 496; 496; 0; 4171; INTERNAL; 495; 495; 0; 3991
INTERNAL; 495; 495; 0; 3991; INTERNAL; 494; 494; 0; 4149
INTERNAL; 494; 494; 0; 4149; INTERNAL; 493; 493; 0; 3959
INTERNAL; 493; 493; 0; 3959; INTERNAL; 475; 492; 17; 5654
INTERNAL; 475; 492; 17; 5654; INTERNAL; 474; 491; 17; 9604
INTERNAL; 493; 493; 0; 3959; INTERNAL; 474; 492; 18; 3967
INTERNAL; 495; 495; 0; 3991; INTERNAL; 493; 494; 1; 3978
INTERNAL; 493; 494; 1; 3978; INTERNAL; 475; 493; 18; 9641
INTERNAL; 495; 495; 0; 3991; INTERNAL; 493; 494; 1; 3985
INTERNAL; 495; 495; 0; 3991; INTERNAL; 494; 494; 0; 3976
INTERNAL; 494; 494; 0; 3976; INTERNAL; 493; 493; 0; 8732
INTERNAL; 494; 494; 0; 3976; INTERNAL; 493; 493; 0; 7120
INTERNAL; 493; 493; 0; 7120; INTERNAL; 2; 492; 490; 8246
INTERNAL; 2; 492; 490; 8246; INPUT; 1; 491; 490; 6819
INTERNAL; 493; 493; 0; 7120; INTERNAL; 492; 492; 0; 9518
INTERNAL; 493; 493; 0; 7120; INTERNAL; 492; 492; 0; 6014
INTERNAL; 492; 492; 0; 6014; INTERNAL; 474; 490; 16; 9638
INTERNAL; 492; 492; 0; 6014; INTERNAL; 475; 491; 16; 9557
INTERNAL; 475; 491; 16; 9557; INTERNAL; 2; 490; 488; 3810
INTERNAL; 494; 494; 0; 3976; INTERNAL; 493; 493; 0; 9631
INTERNAL; 493; 493; 0; 9631; INTERNAL; 474; 492; 18; 9635
INTERNAL; 494; 494; 0; 3976; INTERNAL; 493; 493; 0; 3566
INTERNAL; 494; 494; 0; 3976; INTERNAL; 493; 493; 0; 9633
INTERNAL; 494; 494; 0; 3976; INTERNAL; 493; 493; 0; 5788
INTERNAL; 496; 496; 0; 4171; INTERNAL; 493; 495; 2; 3869
INTERNAL; 496; 496; 0; 4171; INTERNAL; 493; 495; 2; 5320
INTERNAL; 497; 497; 0; 8583; INTERNAL; 494; 496; 2; 5049
INTERNAL; 497; 497; 0; 8583; INTERNAL; 493; 496; 3; 9850
INTERNAL; 493; 496; 3; 9850; INTERNAL; 477; 495; 18; 9642
INTERNAL; 497; 497; 0; 8583; INTERNAL; 493; 496; 3; 3981
INTERNAL; 498; 498; 0; 6273; INTERNAL; 493; 497; 4; 4503
INTERNAL; 500; 500; 0; 4517; INTERNAL; 494; 499; 5; 3999
INTERNAL; 494; 499; 5; 3999; INTERNAL; 493; 498; 5; 8571
INTERNAL; 493; 498; 5; 8571; INTERNAL; 481; 497; 16; 5262
INTERNAL; 501; 501; 0; 8870; INTERNAL; 494; 500; 6; 9743
INTERNAL; 502; 502; 0; 8741; INTERNAL; 493; 501; 8; 4013
INTERNAL; 502; 502; 0; 8741; INTERNAL; 494; 501; 7; 4010
INTERNAL; 502; 502; 0; 8741; INTERNAL; 493; 501; 8; 4011
INTERNAL; 505; 505; 0; 4023; INTERNAL; 494; 504; 10; 5484
INTERNAL; 506; 506; 0; 4821; INTERNAL; 493; 505; 12; 4020
INTERNAL; 506; 506; 0; 4821; INTERNAL; 494; 505; 11; 6954
INTERNAL; 494; 505; 11; 6954; INTERNAL; 493; 504; 11; 9644
INTERNAL; 506; 506; 0; 4821; INTERNAL; 494; 505; 11; 9933
INTERNAL; 506; 506; 0; 4821; INTERNAL; 494; 505; 11; 5289
INTERNAL; 507; 507; 0; 6368; INTERNAL; 493; 506; 13; 4026
INTERNAL; 493; 506; 13; 4026; INTERNAL; 487; 505; 18; 6493
INTERNAL; 507; 507; 0; 6368; INTERNAL; 493; 506; 13; 8856
INTERNAL; 508; 508; 0; 4042; INTERNAL; 493; 507; 14; 6903
INTERNAL; 513; 528; 15; 9042; INTERNAL; 493; 508; 15; 4526
INTERNAL; 493; 508; 15; 4526; INTERNAL; 489; 507; 18; 9656
INTERNAL; 513; 528; 15; 9042; INTERNAL; 512; 512; 0; 4056
INTERNAL; 512; 512; 0; 4056; INTERNAL; 492; 511; 19; 5802
INTERNAL; 512; 512; 0; 4056; INTERNAL; 511; 511; 0; 5896
INTERNAL; 511; 511; 0; 5896; INTERNAL; 510; 510; 0; 4047
INTERNAL; 510; 510; 0; 4047; INTERNAL; 494; 509; 15; 4035
INTERNAL; 494; 509; 15; 4035; INTERNAL; 493; 508; 15; 5349
INTERNAL; 493; 508; 15; 5349; INTERNAL; 490; 507; 17; 9657
INTERNAL; 510; 510; 0; 4047; INTERNAL; 493; 509; 16; 4037
INTERNAL; 510; 510; 0; 4047; INTERNAL; 493; 509; 16; 5052
INTERNAL; 510; 510; 0; 4047; INTERNAL; 509; 509; 0; 4040
INTERNAL; 511; 511; 0; 5896; INTERNAL; 493; 510; 17; 3989
INTERNAL; 493; 510; 17; 3989; INTERNAL; 491; 509; 18; 7697
INTERNAL; 511; 511; 0; 5896; INTERNAL; 493; 510; 17; 4051
INTERNAL; 511; 511; 0; 5896; INTERNAL; 494; 510; 16; 5826
INTERNAL; 533; 550; 17; 6616; INTERNAL; 514; 529; 15; 4178
INTERNAL; 533; 550; 17; 6616; INTERNAL; 529; 529; 0; 5623
INTERNAL; 529; 529; 0; 5623; INTERNAL; 513; 528; 15; 5804
INTERNAL; 513; 528; 15; 5804; INTERNAL; 508; 527; 19; 3559
INTERNAL; 529; 529; 0; 5623; INTERNAL; 513; 528; 15; 5477
INTERNAL; 529; 529; 0; 5623; INTERNAL; 514; 528; 14; 3410
INTERNAL; 514; 528; 14; 3410; INTERNAL; 513; 526; 13; 9683
INTERNAL; 529; 529; 0; 5623; INTERNAL; 528; 528; 0; 4890
INTERNAL; 528; 528; 0; 4890; INTERNAL; 513; 527; 14; 4167
INTERNAL; 513; 527; 14; 4167; INTERNAL; 507; 525; 18; 7009
INTERNAL; 528; 528; 0; 4890; INTERNAL; 527; 527; 0; 8673
INTERNAL; 527; 527; 0; 8673; INTERNAL; 513; 526; 13; 4153
INTERNAL; 513; 526; 13; 4153; INTERNAL; 507; 525; 18; 9681
INTERNAL; 507; 525; 18; 9681; INTERNAL; 506; 523; 17; 3583
INTERNAL; 527; 527; 0; 8673; INTERNAL; 514; 526; 12; 5246
INTERNAL; 514; 526; 12; 5246; INTERNAL; 513; 524; 11; 9490
INTERNAL; 527; 527; 0; 8673; INTERNAL; 526; 526; 0; 3791
INTERNAL; 526; 526; 0; 3791; INTERNAL; 513; 525; 12; 4380
INTERNAL; 526; 526; 0; 3791; INTERNAL; 514; 525; 11; 4811
INTERNAL; 526; 526; 0; 3791; INTERNAL; 525; 525; 0; 3491
INTERNAL; 525; 525; 0; 3491; INTERNAL; 513; 524; 11; 6360
INTERNAL; 513; 524; 11; 6360; INTERNAL; 505; 523; 18; 9679
INTERNAL; 525; 525; 0; 3491; INTERNAL; 513; 524; 11; 5116
INTERNAL; 513; 524; 11; 5116; INTERNAL; 504; 523; 19; 8222
INTERNAL; 525; 525; 0; 3491; INTERNAL; 524; 524; 0; 4138
INTERNAL; 524; 524; 0; 4138; INTERNAL; 513; 523; 10; 4126
INTERNAL; 513; 523; 10; 4126; INTERNAL; 503; 521; 18; 9671
INTERNAL; 524; 524; 0; 4138; INTERNAL; 513; 523; 10; 5686
INTERNAL; 524; 524; 0; 4138; INTERNAL; 514; 523; 9; 4124
INTERNAL; 514; 523; 9; 4124; INTERNAL; 513; 522; 9; 4720
INTERNAL; 524; 524; 0; 4138; INTERNAL; 523; 523; 0; 5571
INTERNAL; 523; 523; 0; 5571; INTERNAL; 522; 522; 0; 8815
INTERNAL; 522; 522; 0; 8815; INTERNAL; 513; 521; 8; 4109
INTERNAL; 522; 522; 0; 8815; INTERNAL; 513; 521; 8; 8851
INTERNAL; 513; 521; 8; 8851; INTERNAL; 501; 519; 18; 3736
INTERNAL; 522; 522; 0; 8815; INTERNAL; 521; 521; 0; 4507
INTERNAL; 521; 521; 0; 4507; INTERNAL; 520; 520; 0; 4106
INTERNAL; 520; 520; 0; 4106; INTERNAL; 513; 519; 6; 4693
INTERNAL; 513; 519; 6; 4693; INTERNAL; 499; 517; 18; 3581
INTERNAL; 520; 520; 0; 4106; INTERNAL; 513; 519; 6; 4100
INTERNAL; 520; 520; 0; 4106; INTERNAL; 514; 519; 5; 6452
INTERNAL; 514; 519; 5; 6452; INTERNAL; 513; 518; 5; 8912
INTERNAL; 513; 518; 5; 8912; INTERNAL; 500; 517; 17; 7284
INTERNAL; 520; 520; 0; 4106; INTERNAL; 519; 519; 0; 4102
INTERNAL; 519; 519; 0; 4102; INTERNAL; 513; 518; 5; 5734
INTERNAL; 519; 519; 0; 4102; INTERNAL; 514; 518; 4; 4090
INTERNAL; 514; 518; 4; 4090; INTERNAL; 513; 516; 3; 9664
INTERNAL; 513; 516; 3; 9664; INTERNAL; 498; 515; 17; 9665
INTERNAL; 519; 519; 0; 4102; INTERNAL; 518; 518; 0; 4750
INTERNAL; 518; 518; 0; 4750; INTERNAL; 513; 517; 4; 6871
INTERNAL; 518; 518; 0; 4750; INTERNAL; 513; 517; 4; 7886
INTERNAL; 513; 517; 4; 7886; INTERNAL; 497; 515; 18; 4072
INTERNAL; 518; 518; 0; 4750; INTERNAL; 517; 517; 0; 5845
INTERNAL; 517; 517; 0; 5845; INTERNAL; 514; 516; 2; 4083
INTERNAL; 514; 516; 2; 4083; INTERNAL; 513; 514; 1; 8424
INTERNAL; 513; 514; 1; 8424; INTERNAL; 496; 513; 17; 9662
INTERNAL; 517; 517; 0; 5845; INTERNAL; 513; 516; 3; 4639
INTERNAL; 513; 516; 3; 4639; INTERNAL; 497; 515; 18; 4766
INTERNAL; 517; 517; 0; 5845; INTERNAL; 513; 516; 3; 9673
INTERNAL; 517; 517; 0; 5845; INTERNAL; 516; 516; 0; 4664
INTERNAL; 516; 516; 0; 4664; INTERNAL; 515; 515; 0; 4079
INTERNAL; 515; 515; 0; 4079; INTERNAL; 513; 514; 1; 4064
INTERNAL; 513; 514; 1; 4064; INTERNAL; 495; 513; 18; 8229
INTERNAL; 495; 513; 18; 8229; INTERNAL; 493; 512; 19; 4054
INTERNAL; 495; 513; 18; 8229; INTERNAL; 494; 512; 18; 4055
INTERNAL; 515; 515; 0; 4079; INTERNAL; 513; 514; 1; 4067
INTERNAL; 513; 514; 1; 4067; INTERNAL; 495; 513; 18; 8747
INTERNAL; 515; 515; 0; 4079; INTERNAL; 514; 514; 0; 4062
INTERNAL; 514; 514; 0; 4062; INTERNAL; 513; 513; 0; 9491
INTERNAL; 515; 515; 0; 4079; INTERNAL; 514; 514; 0; 6538
INTERNAL; 514; 514; 0; 6538; INTERNAL; 513; 513; 0; 4862
INTERNAL; 514; 514; 0; 6538; INTERNAL; 513; 513; 0; 4192
INTERNAL; 513; 513; 0; 4192; INTERNAL; 512; 512; 0; 5768
INTERNAL; 512; 512; 0; 5768; INTERNAL; 4; 511; 507; 8839
INTERNAL; 512; 512; 0; 5768; INTERNAL; 5; 511; 506; 6716
INTERNAL; 513; 513; 0; 4192; INTERNAL; 512; 512; 0; 9658
INTERNAL; 512; 512; 0; 9658; INTERNAL; 493; 511; 18; 9659
INTERNAL; 513; 513; 0; 4192; INTERNAL; 2; 512; 510; 8182
INTERNAL; 2; 512; 510; 8182; INPUT; 1; 511; 510; 9660
INTERNAL; 514; 514; 0; 6538; INTERNAL; 513; 513; 0; 5976
INTERNAL; 513; 513; 0; 5976; INTERNAL; 493; 512; 19; 3761
INTERNAL; 514; 514; 0; 6538; INTERNAL; 513; 513; 0; 6640
INTERNAL; 514; 514; 0; 6538; INTERNAL; 513; 513; 0; 10099
INTERNAL; 516; 516; 0; 4664; INTERNAL; 514; 515; 1; 7848
INTERNAL; 516; 516; 0; 4664; INTERNAL; 513; 515; 2; 8654
INTERNAL; 516; 516; 0; 4664; INTERNAL; 513; 515; 2; 4076
INTERNAL; 518; 518; 0; 4750; INTERNAL; 514; 517; 3; 4086
INTERNAL; 519; 519; 0; 4102; INTERNAL; 513; 518; 5; 9634
INTERNAL; 513; 518; 5; 9634; INTERNAL; 499; 517; 18; 9667
INTERNAL; 521; 521; 0; 4507; INTERNAL; 513; 520; 7; 4074
INTERNAL; 521; 521; 0; 4507; INTERNAL; 513; 520; 7; 3808
INTERNAL; 513; 520; 7; 3808; INTERNAL; 501; 519; 18; 9668
INTERNAL; 521; 521; 0; 4507; INTERNAL; 514; 520; 6; 4104
INTERNAL; 522; 522; 0; 8815; INTERNAL; 514; 521; 7; 7963
INTERNAL; 514; 521; 7; 7963; INTERNAL; 513; 520; 7; 6976
INTERNAL; 513; 520; 7; 6976; INTERNAL; 502; 519; 17; 9398
INTERNAL; 523; 523; 0; 5571; INTERNAL; 513; 522; 9; 4115
INTERNAL; 513; 522; 9; 4115; INTERNAL; 503; 521; 18; 9676
INTERNAL; 523; 523; 0; 5571; INTERNAL; 514; 522; 8; 5263
INTERNAL; 523; 523; 0; 5571; INTERNAL; 513; 522; 9; 4116
INTERNAL; 525; 525; 0; 3491; INTERNAL; 514; 524; 10; 4870
INTERNAL; 526; 526; 0; 3791; INTERNAL; 513; 525; 12; 4187
INTERNAL; 527; 527; 0; 8673; INTERNAL; 513; 526; 13; 4160
INTERNAL; 528; 528; 0; 4890; INTERNAL; 513; 527; 14; 7920
INTERNAL; 528; 528; 0; 4890; INTERNAL; 514; 527; 13; 4164
INTERNAL; 533; 550; 17; 6616; INTERNAL; 532; 532; 0; 4199
INTERNAL; 532; 532; 0; 4199; INTERNAL; 531; 531; 0; 4182
INTERNAL; 531; 531; 0; 4182; INTERNAL; 514; 530; 16; 5695
INTERNAL; 514; 530; 16; 5695; INTERNAL; 513; 528; 15; 6062
INTERNAL; 531; 531; 0; 4182; INTERNAL; 513; 530; 17; 6707
INTERNAL; 513; 530; 17; 6707; INTERNAL; 510; 529; 19; 8962
INTERNAL; 531; 531; 0; 4182; INTERNAL; 530; 530; 0; 5459
INTERNAL; 530; 530; 0; 5459; INTERNAL; 514; 529; 15; 4364
INTERNAL; 530; 530; 0; 5459; INTERNAL; 513; 529; 16; 5091
INTERNAL; 531; 531; 0; 4182; INTERNAL; 513; 530; 17; 3175
INTERNAL; 532; 532; 0; 4199; INTERNAL; 513; 531; 18; 4181
INTERNAL; 513; 531; 18; 4181; INTERNAL; 512; 530; 18; 9685
INTERNAL; 532; 532; 0; 4199; INTERNAL; 513; 531; 18; 7055
INTERNAL; 513; 531; 18; 7055; INTERNAL; 511; 530; 19; 8845
INTERNAL; 532; 532; 0; 4199; INTERNAL; 513; 531; 18; 4189
INTERNAL; 551; 551; 0; 8160; INTERNAL; 534; 550; 16; 4148
INTERNAL; 534; 550; 16; 4148; INTERNAL; 533; 548; 15; 8214
INTERNAL; 551; 551; 0; 8160; INTERNAL; 533; 550; 17; 8921
INTERNAL; 533; 550; 17; 8921; INTERNAL; 530; 549; 19; 9713
INTERNAL; 551; 551; 0; 8160; INTERNAL; 550; 550; 0; 3446
INTERNAL; 550; 550; 0; 3446; INTERNAL; 534; 549; 15; 4289
INTERNAL; 550; 550; 0; 3446; INTERNAL; 533; 549; 16; 5761
INTERNAL; 533; 549; 16; 5761; INTERNAL; 529; 548; 19; 9712
INTERNAL; 550; 550; 0; 3446; INTERNAL; 533; 549; 16; 6910
INTERNAL; 550; 550; 0; 3446; INTERNAL; 549; 549; 0; 4290
INTERNAL; 549; 549; 0; 4290; INTERNAL; 533; 548; 15; 6590
INTERNAL; 533; 548; 15; 6590; INTERNAL; 528; 547; 19; 9710
INTERNAL; 549; 549; 0; 4290; INTERNAL; 533; 548; 15; 9414
INTERNAL; 549; 549; 0; 4290; INTERNAL; 534; 548; 14; 4828
INTERNAL; 534; 548; 14; 4828; INTERNAL; 533; 546; 13; 8073
INTERNAL; 549; 549; 0; 4290; INTERNAL; 548; 548; 0; 4285
INTERNAL; 548; 548; 0; 4285; INTERNAL; 534; 547; 13; 4838
INTERNAL; 548; 548; 0; 4285; INTERNAL; 547; 547; 0; 4281
INTERNAL; 547; 547; 0; 4281; INTERNAL; 533; 546; 13; 6736
INTERNAL; 533; 546; 13; 6736; INTERNAL; 526; 545; 19; 8721
INTERNAL; 547; 547; 0; 4281; INTERNAL; 533; 546; 13; 4378
INTERNAL; 547; 547; 0; 4281; INTERNAL; 534; 546; 12; 7077
INTERNAL; 534; 546; 12; 7077; INTERNAL; 533; 544; 11; 9706
INTERNAL; 547; 547; 0; 4281; INTERNAL; 546; 546; 0; 4276
INTERNAL; 546; 546; 0; 4276; INTERNAL; 533; 545; 12; 4270
INTERNAL; 533; 545; 12; 4270; INTERNAL; 525; 544; 19; 9709
INTERNAL; 546; 546; 0; 4276; INTERNAL; 533; 545; 12; 4274
INTERNAL; 546; 546; 0; 4276; INTERNAL; 545; 545; 0; 5777
INTERNAL; 545; 545; 0; 5777; INTERNAL; 534; 544; 10; 7385
INTERNAL; 534; 544; 10; 7385; INTERNAL; 533; 542; 9; 3228
INTERNAL; 545; 545; 0; 5777; INTERNAL; 533; 544; 11; 4266
INTERNAL; 533; 544; 11; 4266; INTERNAL; 524; 543; 19; 9704
INTERNAL; 545; 545; 0; 5777; INTERNAL; 533; 544; 11; 7068
INTERNAL; 545; 545; 0; 5777; INTERNAL; 544; 544; 0; 4265
INTERNAL; 544; 544; 0; 4265; INTERNAL; 533; 543; 10; 4263
INTERNAL; 533; 543; 10; 4263; INTERNAL; 523; 542; 19; 9702
INTERNAL; 544; 544; 0; 4265; INTERNAL; 543; 543; 0; 6895
INTERNAL; 543; 543; 0; 6895; INTERNAL; 542; 542; 0; 8239
INTERNAL; 542; 542; 0; 8239; INTERNAL; 534; 541; 7; 4864
INTERNAL; 534; 541; 7; 4864; INTERNAL; 533; 540; 7; 10047
INTERNAL; 542; 542; 0; 8239; INTERNAL; 541; 541; 0; 6357
INTERNAL; 541; 541; 0; 6357; INTERNAL; 533; 540; 7; 4238
INTERNAL; 533; 540; 7; 4238; INTERNAL; 521; 539; 18; 7448
INTERNAL; 521; 539; 18; 7448; INTERNAL; 520; 538; 18; 4713
INTERNAL; 541; 541; 0; 6357; INTERNAL; 540; 540; 0; 4233
INTERNAL; 540; 540; 0; 4233; INTERNAL; 533; 539; 6; 6387
INTERNAL; 533; 539; 6; 6387; INTERNAL; 519; 538; 19; 3607
INTERNAL; 540; 540; 0; 4233; INTERNAL; 534; 539; 5; 4907
INTERNAL; 534; 539; 5; 4907; INTERNAL; 533; 538; 5; 9696
INTERNAL; 540; 540; 0; 4233; INTERNAL; 533; 539; 6; 4229
INTERNAL; 540; 540; 0; 4233; INTERNAL; 539; 539; 0; 6834
INTERNAL; 539; 539; 0; 6834; INTERNAL; 534; 538; 4; 4224
INTERNAL; 534; 538; 4; 4224; INTERNAL; 533; 536; 3; 9692
INTERNAL; 539; 539; 0; 6834; INTERNAL; 538; 538; 0; 5438
INTERNAL; 538; 538; 0; 5438; INTERNAL; 537; 537; 0; 4221
INTERNAL; 537; 537; 0; 4221; INTERNAL; 536; 536; 0; 5923
INTERNAL; 536; 536; 0; 5923; INTERNAL; 533; 535; 2; 4798
INTERNAL; 533; 535; 2; 4798; INTERNAL; 515; 534; 19; 7661
INTERNAL; 536; 536; 0; 5923; INTERNAL; 533; 535; 2; 5590
INTERNAL; 536; 536; 0; 5923; INTERNAL; 534; 535; 1; 4202
INTERNAL; 534; 535; 1; 4202; INTERNAL; 533; 534; 1; 6920
INTERNAL; 536; 536; 0; 5923; INTERNAL; 535; 535; 0; 4210
INTERNAL; 535; 535; 0; 4210; INTERNAL; 534; 534; 0; 8663
INTERNAL; 534; 534; 0; 8663; INTERNAL; 533; 533; 0; 3443
INTERNAL; 534; 534; 0; 8663; INTERNAL; 533; 533; 0; 5941
INTERNAL; 534; 534; 0; 8663; INTERNAL; 533; 533; 0; 9158
INTERNAL; 534; 534; 0; 8663; INTERNAL; 533; 533; 0; 6675
INTERNAL; 533; 533; 0; 6675; INPUT; 1; 532; 531; 9687
INTERNAL; 535; 535; 0; 4210; INTERNAL; 533; 534; 1; 6604
INTERNAL; 533; 534; 1; 6604; INTERNAL; 515; 533; 18; 3084
INTERNAL; 515; 533; 18; 3084; INTERNAL; 514; 532; 18; 9688
INTERNAL; 535; 535; 0; 4210; INTERNAL; 534; 534; 0; 4201
INTERNAL; 534; 534; 0; 4201; INTERNAL; 533; 533; 0; 4203
INTERNAL; 535; 535; 0; 4210; INTERNAL; 533; 534; 1; 7456
INTERNAL; 533; 534; 1; 7456; INTERNAL; 513; 533; 20; 9691
INTERNAL; 537; 537; 0; 4221; INTERNAL; 534; 536; 2; 4213
INTERNAL; 537; 537; 0; 4221; INTERNAL; 533; 536; 3; 4215
INTERNAL; 533; 536; 3; 4215; INTERNAL; 516; 534; 18; 6258
INTERNAL; 537; 537; 0; 4221; INTERNAL; 533; 536; 3; 5673
INTERNAL; 533; 536; 3; 5673; INTERNAL; 517; 535; 18; 5743
INTERNAL; 538; 538; 0; 5438; INTERNAL; 533; 537; 4; 4541
INTERNAL; 533; 537; 4; 4541; INTERNAL; 517; 536; 19; 7494
INTERNAL; 538; 538; 0; 5438; INTERNAL; 534; 537; 3; 6985
INTERNAL; 538; 538; 0; 5438; INTERNAL; 533; 537; 4; 4524
INTERNAL; 539; 539; 0; 6834; INTERNAL; 533; 538; 5; 3078
INTERNAL; 533; 538; 5; 3078; INTERNAL; 519; 537; 18; 4186
INTERNAL; 519; 537; 18; 4186; INTERNAL; 518; 536; 18; 9695
INTERNAL; 539; 539; 0; 6834; INTERNAL; 533; 538; 5; 4226
INTERNAL; 541; 541; 0; 6357; INTERNAL; 533; 540; 7; 6510
INTERNAL; 541; 541; 0; 6357; INTERNAL; 534; 540; 6; 5519
INTERNAL; 542; 542; 0; 8239; INTERNAL; 533; 541; 8; 4243
INTERNAL; 533; 541; 8; 4243; INTERNAL; 521; 540; 19; 9699
INTERNAL; 542; 542; 0; 8239; INTERNAL; 533; 541; 8; 4241
INTERNAL; 543; 543; 0; 6895; INTERNAL; 533; 542; 9; 4822
INTERNAL; 533; 542; 9; 4822; INTERNAL; 522; 541; 19; 4670
INTERNAL; 543; 543; 0; 6895; INTERNAL; 533; 542; 9; 5715
INTERNAL; 543; 543; 0; 6895; INTERNAL; 534; 542; 8; 4253
INTERNAL; 544; 544; 0; 4265; INTERNAL; 533; 543; 10; 4262
INTERNAL; 544; 544; 0; 4265; INTERNAL; 534; 543; 9; 6700
INTERNAL; 546; 546; 0; 4276; INTERNAL; 534; 545; 11; 7126
INTERNAL; 548; 548; 0; 4285; INTERNAL; 533; 547; 14; 9179
INTERNAL; 533; 547; 14; 9179; INTERNAL; 527; 546; 19; 7107
INTERNAL; 548; 548; 0; 4285; INTERNAL; 533; 547; 14; 8548
INTERNAL; 554; 572; 18; 5271; INTERNAL; 553; 553; 0; 6234
INTERNAL; 553; 553; 0; 6234; INTERNAL; 5; 552; 547; 7669
INTERNAL; 5; 552; 547; 7669; INTERNAL; 4; 551; 547; 4735
INTERNAL; 4; 551; 547; 4735; INTERNAL; 3; 550; 547; 9714
INTERNAL; 553; 553; 0; 6234; INTERNAL; 534; 552; 18; 5261
INTERNAL; 534; 552; 18; 5261; INTERNAL; 533; 550; 17; 8401
INTERNAL; 553; 553; 0; 6234; INTERNAL; 552; 552; 0; 8954
INTERNAL; 552; 552; 0; 8954; INTERNAL; 534; 551; 17; 4293
INTERNAL; 552; 552; 0; 8954; INTERNAL; 533; 551; 18; 5568
INTERNAL; 533; 551; 18; 5568; INTERNAL; 531; 550; 19; 3881
INTERNAL; 552; 552; 0; 8954; INTERNAL; 533; 551; 18; 8314
INTERNAL; 553; 553; 0; 6234; INTERNAL; 533; 552; 19; 6695
INTERNAL; 533; 552; 19; 6695; INTERNAL; 532; 551; 19; 8601
INTERNAL; 576; 592; 16; 7399; INTERNAL; 575; 575; 0; 4991
INTERNAL; 575; 575; 0; 4991; INTERNAL; 574; 574; 0; 4420
INTERNAL; 574; 574; 0; 4420; INTERNAL; 553; 573; 20; 5443
INTERNAL; 574; 574; 0; 4420; INTERNAL; 573; 573; 0; 4413
INTERNAL; 573; 573; 0; 4413; INTERNAL; 555; 572; 17; 4398
INTERNAL; 555; 572; 17; 4398; INTERNAL; 554; 571; 17; 8205
INTERNAL; 573; 573; 0; 4413; INTERNAL; 572; 572; 0; 4410
INTERNAL; 572; 572; 0; 4410; INTERNAL; 554; 571; 17; 7779
INTERNAL; 572; 572; 0; 4410; INTERNAL; 554; 571; 17; 4379
INTERNAL; 554; 571; 17; 4379; INTERNAL; 550; 570; 20; 8810
INTERNAL; 572; 572; 0; 4410; INTERNAL; 555; 571; 16; 4388
INTERNAL; 555; 571; 16; 4388; INTERNAL; 554; 569; 15; 8417
INTERNAL; 572; 572; 0; 4410; INTERNAL; 571; 571; 0; 3193
INTERNAL; 571; 571; 0; 3193; INTERNAL; 555; 570; 15; 9498
INTERNAL; 571; 571; 0; 3193; INTERNAL; 554; 570; 16; 4497
INTERNAL; 571; 571; 0; 3193; INTERNAL; 554; 570; 16; 10043
INTERNAL; 554; 570; 16; 10043; INTERNAL; 549; 569; 20; 9746
INTERNAL; 571; 571; 0; 3193; INTERNAL; 570; 570; 0; 5072
INTERNAL; 570; 570; 0; 5072; INTERNAL; 554; 569; 15; 3801
INTERNAL; 570; 570; 0; 5072; INTERNAL; 554; 569; 15; 3719
INTERNAL; 554; 569; 15; 3719; INTERNAL; 548; 568; 20; 8191
INTERNAL; 570; 570; 0; 5072; INTERNAL; 569; 569; 0; 6785
INTERNAL; 569; 569; 0; 6785; INTERNAL; 554; 568; 14; 5042
INTERNAL; 569; 569; 0; 6785; INTERNAL; 554; 568; 14; 4316
INTERNAL; 554; 568; 14; 4316; INTERNAL; 547; 567; 20; 3520
INTERNAL; 569; 569; 0; 6785; INTERNAL; 568; 568; 0; 4819
INTERNAL; 568; 568; 0; 4819; INTERNAL; 554; 567; 13; 4376
INTERNAL; 568; 568; 0; 4819; INTERNAL; 567; 567; 0; 4375
INTERNAL; 567; 567; 0; 4375; INTERNAL; 554; 566; 12; 4483
INTERNAL; 554; 566; 12; 4483; INTERNAL; 545; 564; 19; 3748
INTERNAL; 567; 567; 0; 4375; INTERNAL; 555; 566; 11; 4371
INTERNAL; 555; 566; 11; 4371; INTERNAL; 554; 565; 11; 3462
INTERNAL; 554; 565; 11; 3462; INTERNAL; 546; 564; 18; 9741
INTERNAL; 567; 567; 0; 4375; INTERNAL; 566; 566; 0; 6358
INTERNAL; 566; 566; 0; 6358; INTERNAL; 565; 565; 0; 5882
INTERNAL; 565; 565; 0; 5882; INTERNAL; 555; 564; 9; 4400
INTERNAL; 555; 564; 9; 4400; INTERNAL; 554; 563; 9; 9734
INTERNAL; 554; 563; 9; 9734; INTERNAL; 544; 562; 18; 6130
INTERNAL; 565; 565; 0; 5882; INTERNAL; 554; 564; 10; 4369
INTERNAL; 565; 565; 0; 5882; INTERNAL; 564; 564; 0; 6103
INTERNAL; 564; 564; 0; 6103; INTERNAL; 554; 563; 9; 9858
INTERNAL; 564; 564; 0; 6103; INTERNAL; 554; 563; 9; 4360
INTERNAL; 554; 563; 9; 4360; INTERNAL; 543; 562; 19; 9730
INTERNAL; 543; 562; 19; 9730; INTERNAL; 542; 560; 18; 9680
INTERNAL; 564; 564; 0; 6103; INTERNAL; 555; 563; 8; 7109
INTERNAL; 555; 563; 8; 7109; INTERNAL; 554; 561; 7; 7619
INTERNAL; 564; 564; 0; 6103; INTERNAL; 563; 563; 0; 4354
INTERNAL; 563; 563; 0; 4354; INTERNAL; 555; 562; 7; 4349
INTERNAL; 563; 563; 0; 4354; INTERNAL; 562; 562; 0; 7984
INTERNAL; 562; 562; 0; 7984; INTERNAL; 554; 561; 7; 9630
INTERNAL; 554; 561; 7; 9630; INTERNAL; 541; 560; 19; 9728
INTERNAL; 541; 560; 19; 9728; INTERNAL; 540; 558; 18; 4323
INTERNAL; 562; 562; 0; 7984; INTERNAL; 554; 561; 7; 5709
INTERNAL; 562; 562; 0; 7984; INTERNAL; 561; 561; 0; 7079
INTERNAL; 561; 561; 0; 7079; INTERNAL; 555; 560; 5; 6967
INTERNAL; 555; 560; 5; 6967; INTERNAL; 554; 559; 5; 9674
INTERNAL; 561; 561; 0; 7079; INTERNAL; 554; 560; 6; 4342
INTERNAL; 561; 561; 0; 7079; INTERNAL; 560; 560; 0; 5036
INTERNAL; 560; 560; 0; 5036; INTERNAL; 554; 559; 5; 4333
INTERNAL; 554; 559; 5; 4333; INTERNAL; 539; 558; 19; 8112
INTERNAL; 539; 558; 19; 8112; INTERNAL; 538; 556; 18; 9096
INTERNAL; 560; 560; 0; 5036; INTERNAL; 555; 559; 4; 4325
INTERNAL; 555; 559; 4; 4325; INTERNAL; 554; 557; 3; 9726
INTERNAL; 560; 560; 0; 5036; INTERNAL; 559; 559; 0; 4329
INTERNAL; 559; 559; 0; 4329; INTERNAL; 554; 558; 4; 6436
INTERNAL; 554; 558; 4; 6436; INTERNAL; 537; 556; 19; 9724
INTERNAL; 559; 559; 0; 4329; INTERNAL; 555; 558; 3; 4317
INTERNAL; 559; 559; 0; 4329; INTERNAL; 554; 558; 4; 6400
INTERNAL; 559; 559; 0; 4329; INTERNAL; 558; 558; 0; 4336
INTERNAL; 558; 558; 0; 4336; INTERNAL; 554; 557; 3; 9647
INTERNAL; 558; 558; 0; 4336; INTERNAL; 555; 557; 2; 6422
INTERNAL; 555; 557; 2; 6422; INTERNAL; 554; 555; 1; 9720
INTERNAL; 554; 555; 1; 9720; INTERNAL; 536; 554; 18; 9721
INTERNAL; 558; 558; 0; 4336; INTERNAL; 554; 557; 3; 9194
INTERNAL; 554; 557; 3; 9194; INTERNAL; 537; 556; 19; 4395
INTERNAL; 558; 558; 0; 4336; INTERNAL; 557; 557; 0; 4314
INTERNAL; 557; 557; 0; 4314; INTERNAL; 554; 556; 2; 6667
INTERNAL; 554; 556; 2; 6667; INTERNAL; 535; 554; 19; 9164
INTERNAL; 557; 557; 0; 4314; INTERNAL; 555; 556; 1; 5791
INTERNAL; 557; 557; 0; 4314; INTERNAL; 554; 556; 2; 4311
INTERNAL; 557; 557; 0; 4314; INTERNAL; 556; 556; 0; 6428
INTERNAL; 556; 556; 0; 6428; INTERNAL; 555; 555; 0; 9733
INTERNAL; 555; 555; 0; 9733; INTERNAL; 554; 554; 0; 3628
INTERNAL; 555; 555; 0; 9733; INTERNAL; 554; 554; 0; 9769
INTERNAL; 554; 554; 0; 9769; INTERNAL; 534; 553; 19; 5742
INTERNAL; 555; 555; 0; 9733; INTERNAL; 554; 554; 0; 9718
INTERNAL; 554; 554; 0; 9718; INPUT; 1; 553; 552; 4435
INTERNAL; 555; 555; 0; 9733; INTERNAL; 554; 554; 0; 9717
INTERNAL; 556; 556; 0; 6428; INTERNAL; 554; 555; 1; 4424
INTERNAL; 554; 555; 1; 4424; INTERNAL; 535; 554; 19; 8738
INTERNAL; 556; 556; 0; 6428; INTERNAL; 555; 555; 0; 4407
INTERNAL; 555; 555; 0; 4407; INTERNAL; 554; 554; 0; 4306
INTERNAL; 556; 556; 0; 6428; INTERNAL; 554; 555; 1; 4489
INTERNAL; 560; 560; 0; 5036; INTERNAL; 554; 559; 5; 7940
INTERNAL; 554; 559; 5; 7940; INTERNAL; 539; 558; 19; 8119
INTERNAL; 561; 561; 0; 7079; INTERNAL; 554; 560; 6; 4337
INTERNAL; 562; 562; 0; 7984; INTERNAL; 555; 561; 6; 7222
INTERNAL; 563; 563; 0; 4354; INTERNAL; 554; 562; 8; 5968
INTERNAL; 554; 562; 8; 5968; INTERNAL; 541; 561; 20; 5860
INTERNAL; 563; 563; 0; 4354; INTERNAL; 554; 562; 8; 6535
INTERNAL; 565; 565; 0; 5882; INTERNAL; 554; 564; 10; 7013
INTERNAL; 554; 564; 10; 7013; INTERNAL; 543; 563; 20; 9735
INTERNAL; 566; 566; 0; 6358; INTERNAL; 555; 565; 10; 6216
INTERNAL; 566; 566; 0; 6358; INTERNAL; 554; 565; 11; 6762
INTERNAL; 554; 565; 11; 6762; INTERNAL; 545; 564; 19; 9738
INTERNAL; 566; 566; 0; 6358; INTERNAL; 554; 565; 11; 6779
INTERNAL; 567; 567; 0; 4375; INTERNAL; 554; 566; 12; 8126
INTERNAL; 568; 568; 0; 4819; INTERNAL; 554; 567; 13; 5417
INTERNAL; 554; 567; 13; 5417; INTERNAL; 547; 566; 19; 9742
INTERNAL; 568; 568; 0; 4819; INTERNAL; 555; 567; 12; 4373
INTERNAL; 569; 569; 0; 6785; INTERNAL; 555; 568; 13; 3751
INTERNAL; 555; 568; 13; 3751; INTERNAL; 554; 567; 13; 9745
INTERNAL; 570; 570; 0; 5072; INTERNAL; 555; 569; 14; 6290
INTERNAL; 573; 573; 0; 4413; INTERNAL; 554; 572; 18; 4401
INTERNAL; 554; 572; 18; 4401; INTERNAL; 551; 571; 20; 9749
INTERNAL; 574; 574; 0; 4420; INTERNAL; 554; 573; 19; 4414
INTERNAL; 554; 573; 19; 4414; INTERNAL; 552; 572; 20; 9719
INTERNAL; 574; 574; 0; 4420; INTERNAL; 555; 573; 18; 4411
INTERNAL; 595; 595; 0; 7118; INTERNAL; 575; 594; 19; 6386
INTERNAL; 575; 594; 19; 6386; INTERNAL; 573; 593; 20; 9797
INTERNAL; 595; 595; 0; 7118; INTERNAL; 576; 594; 18; 5486
INTERNAL; 595; 595; 0; 7118; INTERNAL; 594; 594; 0; 4915
INTERNAL; 594; 594; 0; 4915; INTERNAL; 577; 593; 16; 6725
INTERNAL; 594; 594; 0; 4915; INTERNAL; 593; 593; 0; 9970
INTERNAL; 593; 593; 0; 9970; INTERNAL; 576; 592; 16; 7000
INTERNAL; 576; 592; 16; 7000; INTERNAL; 571; 589; 18; 9794
INTERNAL; 593; 593; 0; 9970; INTERNAL; 592; 592; 0; 3220
INTERNAL; 592; 592; 0; 3220; INTERNAL; 591; 591; 0; 7147
INTERNAL; 591; 591; 0; 7147; INTERNAL; 576; 590; 14; 4658
INTERNAL; 576; 590; 14; 4658; INTERNAL; 569; 589; 20; 6203
INTERNAL; 591; 591; 0; 7147; INTERNAL; 590; 590; 0; 4894
INTERNAL; 590; 590; 0; 4894; INTERNAL; 589; 589; 0; 4508
INTERNAL; 589; 589; 0; 4508; INTERNAL; 576; 588; 12; 5210
INTERNAL; 589; 589; 0; 4508; INTERNAL; 575; 588; 13; 8062
INTERNAL; 575; 588; 13; 8062; INTERNAL; 568; 587; 19; 9790
INTERNAL; 568; 587; 19; 9790; INTERNAL; 567; 585; 18; 9787
INTERNAL; 589; 589; 0; 4508; INTERNAL; 577; 588; 11; 4494
INTERNAL; 577; 588; 11; 4494; INTERNAL; 576; 586; 10; 5061
INTERNAL; 589; 589; 0; 4508; INTERNAL; 588; 588; 0; 6006
INTERNAL; 588; 588; 0; 6006; INTERNAL; 576; 587; 11; 5276
INTERNAL; 576; 587; 11; 5276; INTERNAL; 566; 585; 19; 6802
INTERNAL; 588; 588; 0; 6006; INTERNAL; 576; 587; 11; 7140
INTERNAL; 588; 588; 0; 6006; INTERNAL; 577; 587; 10; 4492
INTERNAL; 588; 588; 0; 6006; INTERNAL; 587; 587; 0; 3501
INTERNAL; 587; 587; 0; 3501; INTERNAL; 576; 586; 10; 3149
INTERNAL; 587; 587; 0; 3501; INTERNAL; 586; 586; 0; 3356
INTERNAL; 586; 586; 0; 3356; INTERNAL; 576; 585; 9; 6750
INTERNAL; 576; 585; 9; 6750; INTERNAL; 564; 583; 19; 9727
INTERNAL; 586; 586; 0; 3356; INTERNAL; 585; 585; 0; 4481
INTERNAL; 585; 585; 0; 4481; INTERNAL; 584; 584; 0; 6892
INTERNAL; 584; 584; 0; 6892; INTERNAL; 583; 583; 0; 5697
INTERNAL; 583; 583; 0; 5697; INTERNAL; 577; 582; 5; 4460
INTERNAL; 577; 582; 5; 4460; INTERNAL; 576; 580; 4; 9779
INTERNAL; 576; 580; 4; 9779; INTERNAL; 561; 579; 18; 9780
INTERNAL; 583; 583; 0; 5697; INTERNAL; 582; 582; 0; 5270
INTERNAL; 582; 582; 0; 5270; INTERNAL; 581; 581; 0; 4826
INTERNAL; 581; 581; 0; 4826; INTERNAL; 580; 580; 0; 6458
INTERNAL; 580; 580; 0; 6458; INTERNAL; 576; 579; 3; 4446
INTERNAL; 576; 579; 3; 4446; INTERNAL; 558; 577; 19; 3893
INTERNAL; 580; 580; 0; 6458; INTERNAL; 577; 579; 2; 4443
INTERNAL; 577; 579; 2; 4443; INTERNAL; 576; 578; 2; 9774
INTERNAL; 576; 578; 2; 9774; INTERNAL; 559; 577; 18; 5537
INTERNAL; 580; 580; 0; 6458; INTERNAL; 579; 579; 0; 4318
INTERNAL; 579; 579; 0; 4318; INTERNAL; 578; 578; 0; 4440
INTERNAL; 578; 578; 0; 4440; INTERNAL; 577; 577; 0; 8542
INTERNAL; 577; 577; 0; 8542; INTERNAL; 576; 576; 0; 8199
INTERNAL; 576; 576; 0; 8199; INTERNAL; 557; 575; 18; 9770
INTERNAL; 578; 578; 0; 4440; INTERNAL; 576; 577; 1; 5977
INTERNAL; 578; 578; 0; 4440; INTERNAL; 576; 577; 1; 4437
INTERNAL; 576; 577; 1; 4437; INTERNAL; 556; 575; 19; 4429
INTERNAL; 578; 578; 0; 4440; INTERNAL; 577; 577; 0; 4955
INTERNAL; 577; 577; 0; 4955; INTERNAL; 576; 576; 0; 5955
INTERNAL; 577; 577; 0; 4955; INTERNAL; 576; 576; 0; 4430
INTERNAL; 576; 576; 0; 4430; INTERNAL; 575; 575; 0; 5304
INTERNAL; 575; 575; 0; 5304; INTERNAL; 2; 574; 572; 9765
INTERNAL; 2; 574; 572; 9765; INPUT; 1; 573; 572; 8811
INTERNAL; 575; 575; 0; 5304; INTERNAL; 4; 574; 570; 9768
INTERNAL; 4; 574; 570; 9768; INTERNAL; 2; 573; 571; 6626
INTERNAL; 575; 575; 0; 5304; INTERNAL; 6; 574; 568; 9762
INTERNAL; 6; 574; 568; 9762; INTERNAL; 5; 573; 568; 6606
INTERNAL; 576; 576; 0; 4430; INTERNAL; 575; 575; 0; 9759
INTERNAL; 575; 575; 0; 9759; INTERNAL; 554; 574; 20; 9760
INTERNAL; 576; 576; 0; 4430; INTERNAL; 575; 575; 0; 9636
INTERNAL; 575; 575; 0; 9636; INTERNAL; 556; 574; 18; 3612
INTERNAL; 556; 574; 18; 3612; INTERNAL; 555; 573; 18; 9753
INTERNAL; 576; 576; 0; 4430; INTERNAL; 575; 575; 0; 9757
INTERNAL; 577; 577; 0; 4955; INTERNAL; 576; 576; 0; 6943
INTERNAL; 576; 576; 0; 6943; INTERNAL; 556; 575; 19; 7742
INTERNAL; 577; 577; 0; 4955; INTERNAL; 576; 576; 0; 4245
INTERNAL; 579; 579; 0; 4318; INTERNAL; 576; 578; 2; 5336
INTERNAL; 576; 578; 2; 5336; INTERNAL; 558; 577; 19; 9772
INTERNAL; 579; 579; 0; 4318; INTERNAL; 576; 578; 2; 4441
INTERNAL; 579; 579; 0; 4318; INTERNAL; 577; 578; 1; 4439
INTERNAL; 580; 580; 0; 6458; INTERNAL; 576; 579; 3; 4448
INTERNAL; 581; 581; 0; 4826; INTERNAL; 577; 580; 3; 4549
INTERNAL; 581; 581; 0; 4826; INTERNAL; 576; 580; 4; 5933
INTERNAL; 576; 580; 4; 5933; INTERNAL; 560; 579; 19; 3692
INTERNAL; 581; 581; 0; 4826; INTERNAL; 576; 580; 4; 4865
INTERNAL; 576; 580; 4; 4865; INTERNAL; 560; 579; 19; 9777
INTERNAL; 582; 582; 0; 5270; INTERNAL; 576; 581; 5; 4449
INTERNAL; 582; 582; 0; 5270; INTERNAL; 576; 581; 5; 6343
INTERNAL; 582; 582; 0; 5270; INTERNAL; 577; 581; 4; 6987
INTERNAL; 583; 583; 0; 5697; INTERNAL; 576; 582; 6; 4461
INTERNAL; 576; 582; 6; 4461; INTERNAL; 562; 581; 19; 9253
INTERNAL; 583; 583; 0; 5697; INTERNAL; 576; 582; 6; 6979
INTERNAL; 576; 582; 6; 6979; INTERNAL; 562; 581; 19; 9781
INTERNAL; 584; 584; 0; 6892; INTERNAL; 576; 583; 7; 8374
INTERNAL; 584; 584; 0; 6892; INTERNAL; 576; 583; 7; 4469
INTERNAL; 584; 584; 0; 6892; INTERNAL; 577; 583; 6; 5496
INTERNAL; 577; 583; 6; 5496; INTERNAL; 576; 582; 6; 9782
INTERNAL; 576; 582; 6; 9782; INTERNAL; 563; 581; 18; 4372
INTERNAL; 585; 585; 0; 4481; INTERNAL; 577; 584; 7; 5353
INTERNAL; 585; 585; 0; 4481; INTERNAL; 576; 584; 8; 4471
INTERNAL; 576; 584; 8; 4471; INTERNAL; 564; 583; 19; 3191
INTERNAL; 585; 585; 0; 4481; INTERNAL; 576; 584; 8; 6228
INTERNAL; 586; 586; 0; 3356; INTERNAL; 577; 585; 8; 4476
INTERNAL; 577; 585; 8; 4476; INTERNAL; 576; 584; 8; 9783
INTERNAL; 576; 584; 8; 9783; INTERNAL; 565; 583; 18; 9513
INTERNAL; 586; 586; 0; 3356; INTERNAL; 576; 585; 9; 6301
INTERNAL; 587; 587; 0; 3501; INTERNAL; 576; 586; 10; 7421
INTERNAL; 576; 586; 10; 7421; INTERNAL; 566; 585; 19; 9785
INTERNAL; 587; 587; 0; 3501; INTERNAL; 577; 586; 9; 4930
INTERNAL; 590; 590; 0; 4894; INTERNAL; 576; 589; 13; 4506
INTERNAL; 590; 590; 0; 4894; INTERNAL; 576; 589; 13; 6438
INTERNAL; 576; 589; 13; 6438; INTERNAL; 568; 588; 20; 5735
INTERNAL; 590; 590; 0; 4894; INTERNAL; 577; 589; 12; 5982
INTERNAL; 577; 589; 12; 5982; INTERNAL; 576; 588; 12; 9791
INTERNAL; 591; 591; 0; 7147; INTERNAL; 577; 590; 13; 4509
INTERNAL; 591; 591; 0; 7147; INTERNAL; 576; 590; 14; 4786
INTERNAL; 576; 590; 14; 4786; INTERNAL; 570; 589; 19; 8303
INTERNAL; 592; 592; 0; 3220; INTERNAL; 576; 591; 15; 8266
INTERNAL; 592; 592; 0; 3220; INTERNAL; 576; 591; 15; 7148
INTERNAL; 592; 592; 0; 3220; INTERNAL; 577; 591; 14; 5461
INTERNAL; 577; 591; 14; 5461; INTERNAL; 576; 590; 14; 8324
INTERNAL; 593; 593; 0; 9970; INTERNAL; 576; 592; 16; 6591
INTERNAL; 576; 592; 16; 6591; INTERNAL; 572; 591; 19; 5518
INTERNAL; 593; 593; 0; 9970; INTERNAL; 577; 592; 15; 3098
INTERNAL; 594; 594; 0; 4915; INTERNAL; 576; 593; 17; 6199
INTERNAL; 594; 594; 0; 4915; INTERNAL; 576; 593; 17; 3207
INTERNAL; 596; 616; 20; 9851; INTERNAL; 575; 594; 19; 9802
INTERNAL; 575; 594; 19; 9802; INTERNAL; 574; 593; 19; 5178
INTERNAL; 597; 617; 20; 3503; INTERNAL; 5; 616; 611; 5367
INTERNAL; 618; 618; 0; 6715; INTERNAL; 617; 617; 0; 7002
INTERNAL; 617; 617; 0; 7002; INTERNAL; 597; 616; 19; 7007
INTERNAL; 597; 616; 19; 7007; INTERNAL; 595; 615; 20; 9160
INTERNAL; 597; 616; 19; 7007; INTERNAL; 596; 596; 0; 5633
INTERNAL; 596; 596; 0; 5633; INTERNAL; 576; 595; 19; 8994
INTERNAL; 596; 596; 0; 5633; INTERNAL; 576; 595; 19; 7122
INTERNAL; 617; 617; 0; 7002; INTERNAL; 616; 616; 0; 6146
INTERNAL; 616; 616; 0; 6146; INTERNAL; 597; 615; 18; 8707
INTERNAL; 616; 616; 0; 6146; INTERNAL; 615; 615; 0; 3094
INTERNAL; 615; 615; 0; 3094; INTERNAL; 598; 614; 16; 5179
INTERNAL; 598; 614; 16; 5179; INTERNAL; 597; 612; 15; 9847
INTERNAL; 597; 612; 15; 9847; INTERNAL; 593; 611; 18; 3551
INTERNAL; 593; 611; 18; 3551; INTERNAL; 592; 610; 18; 5371
INTERNAL; 615; 615; 0; 3094; INTERNAL; 597; 614; 17; 7373
INTERNAL; 597; 614; 17; 7373; INTERNAL; 593; 613; 20; 9848
INTERNAL; 615; 615; 0; 3094; INTERNAL; 614; 614; 0; 7027
INTERNAL; 614; 614; 0; 7027; INTERNAL; 598; 613; 15; 3308
INTERNAL; 614; 614; 0; 7027; INTERNAL; 598; 613; 15; 7032
INTERNAL; 598; 613; 15; 7032; INTERNAL; 597; 612; 15; 9842
INTERNAL; 614; 614; 0; 7027; INTERNAL; 597; 613; 16; 7034
INTERNAL; 614; 614; 0; 7027; INTERNAL; 598; 613; 15; 4954
INTERNAL; 614; 614; 0; 7027; INTERNAL; 613; 613; 0; 7033
INTERNAL; 613; 613; 0; 7033; INTERNAL; 597; 612; 15; 6783
INTERNAL; 597; 612; 15; 6783; INTERNAL; 591; 611; 20; 9579
INTERNAL; 613; 613; 0; 7033; INTERNAL; 598; 612; 14; 5305
INTERNAL; 598; 612; 14; 5305; INTERNAL; 597; 610; 13; 5513
INTERNAL; 597; 610; 13; 5513; INTERNAL; 591; 609; 18; 9839
INTERNAL; 591; 609; 18; 9839; INTERNAL; 590; 608; 18; 9313
INTERNAL; 613; 613; 0; 7033; INTERNAL; 597; 612; 15; 5767
INTERNAL; 613; 613; 0; 7033; INTERNAL; 612; 612; 0; 9170
INTERNAL; 612; 612; 0; 9170; INTERNAL; 597; 611; 14; 8011
INTERNAL; 612; 612; 0; 9170; INTERNAL; 598; 611; 13; 5467
INTERNAL; 612; 612; 0; 9170; INTERNAL; 597; 611; 14; 5469
INTERNAL; 612; 612; 0; 9170; INTERNAL; 611; 611; 0; 9916
INTERNAL; 611; 611; 0; 9916; INTERNAL; 597; 610; 13; 6072
INTERNAL; 597; 610; 13; 6072; INTERNAL; 589; 609; 20; 9838
INTERNAL; 611; 611; 0; 9916; INTERNAL; 598; 610; 12; 5125
INTERNAL; 598; 610; 12; 5125; INTERNAL; 597; 608; 11; 9836
INTERNAL; 597; 608; 11; 9836; INTERNAL; 588; 607; 19; 6701
INTERNAL; 611; 611; 0; 9916; INTERNAL; 610; 610; 0; 5957
INTERNAL; 610; 610; 0; 5957; INTERNAL; 597; 609; 12; 7335
INTERNAL; 610; 610; 0; 5957; INTERNAL; 598; 609; 11; 7753
INTERNAL; 610; 610; 0; 5957; INTERNAL; 609; 609; 0; 4555
INTERNAL; 609; 609; 0; 4555; INTERNAL; 608; 608; 0; 9775
INTERNAL; 608; 608; 0; 9775; INTERNAL; 597; 607; 10; 5690
INTERNAL; 608; 608; 0; 9775; INTERNAL; 598; 607; 9; 7047
INTERNAL; 598; 607; 9; 7047; INTERNAL; 597; 606; 9; 9827
INTERNAL; 597; 606; 9; 9827; INTERNAL; 587; 605; 18; 9830
INTERNAL; 587; 605; 18; 9830; INTERNAL; 586; 604; 18; 9832
INTERNAL; 608; 608; 0; 9775; INTERNAL; 597; 607; 10; 8624
INTERNAL; 608; 608; 0; 9775; INTERNAL; 607; 607; 0; 7042
INTERNAL; 607; 607; 0; 7042; INTERNAL; 597; 606; 9; 3259
INTERNAL; 597; 606; 9; 3259; INTERNAL; 585; 605; 20; 9825
INTERNAL; 607; 607; 0; 7042; INTERNAL; 606; 606; 0; 7054
INTERNAL; 606; 606; 0; 7054; INTERNAL; 605; 605; 0; 7060
INTERNAL; 605; 605; 0; 7060; INTERNAL; 597; 604; 7; 6359
INTERNAL; 597; 604; 7; 6359; INTERNAL; 583; 603; 20; 4788
INTERNAL; 605; 605; 0; 7060; INTERNAL; 598; 604; 6; 6013
INTERNAL; 598; 604; 6; 6013; INTERNAL; 597; 602; 5; 8171
INTERNAL; 597; 602; 5; 8171; INTERNAL; 583; 601; 18; 4749
INTERNAL; 583; 601; 18; 4749; INTERNAL; 582; 600; 18; 8225
INTERNAL; 605; 605; 0; 7060; INTERNAL; 604; 604; 0; 6045
INTERNAL; 604; 604; 0; 6045; INTERNAL; 597; 603; 6; 7374
INTERNAL; 604; 604; 0; 6045; INTERNAL; 598; 603; 5; 8136
INTERNAL; 604; 604; 0; 6045; INTERNAL; 597; 603; 6; 7645
INTERNAL; 604; 604; 0; 6045; INTERNAL; 603; 603; 0; 5816
INTERNAL; 603; 603; 0; 5816; INTERNAL; 602; 602; 0; 9448
INTERNAL; 602; 602; 0; 9448; INTERNAL; 598; 601; 3; 4869
INTERNAL; 598; 601; 3; 4869; INTERNAL; 597; 600; 3; 9816
INTERNAL; 597; 600; 3; 9816; INTERNAL; 581; 599; 18; 8577
INTERNAL; 581; 599; 18; 8577; INTERNAL; 580; 598; 18; 6605
INTERNAL; 602; 602; 0; 9448; INTERNAL; 601; 601; 0; 8498
INTERNAL; 601; 601; 0; 8498; INTERNAL; 597; 600; 3; 4908
INTERNAL; 597; 600; 3; 4908; INTERNAL; 579; 599; 20; 7786
INTERNAL; 601; 601; 0; 8498; INTERNAL; 597; 600; 3; 5435
INTERNAL; 601; 601; 0; 8498; INTERNAL; 598; 600; 2; 4539
INTERNAL; 598; 600; 2; 4539; INTERNAL; 597; 598; 1; 7145
INTERNAL; 597; 598; 1; 7145; INTERNAL; 579; 597; 18; 4686
INTERNAL; 579; 597; 18; 4686; INTERNAL; 578; 596; 18; 7063
INTERNAL; 601; 601; 0; 8498; INTERNAL; 600; 600; 0; 5453
INTERNAL; 600; 600; 0; 5453; INTERNAL; 597; 599; 2; 5493
INTERNAL; 600; 600; 0; 5453; INTERNAL; 599; 599; 0; 7086
INTERNAL; 599; 599; 0; 7086; INTERNAL; 598; 598; 0; 4094
INTERNAL; 598; 598; 0; 4094; INTERNAL; 597; 597; 0; 7087
INTERNAL; 597; 597; 0; 7087; INTERNAL; 576; 595; 19; 9803
INTERNAL; 598; 598; 0; 4094; INTERNAL; 597; 597; 0; 8593
INTERNAL; 597; 597; 0; 8593; INTERNAL; 576; 596; 20; 7112
INTERNAL; 597; 597; 0; 8593; INTERNAL; 577; 596; 19; 7101
INTERNAL; 598; 598; 0; 4094; INTERNAL; 597; 597; 0; 5593
INTERNAL; 597; 597; 0; 5593; INTERNAL; 596; 596; 0; 9810
INTERNAL; 597; 597; 0; 5593; INTERNAL; 2; 596; 594; 9812
INTERNAL; 2; 596; 594; 9812; INPUT; 1; 595; 594; 7162
INTERNAL; 597; 597; 0; 5593; INTERNAL; 596; 596; 0; 6137
INTERNAL; 596; 596; 0; 6137; INTERNAL; 576; 595; 19; 9814
INTERNAL; 576; 595; 19; 9814; INTERNAL; 575; 594; 19; 7890
INTERNAL; 598; 598; 0; 4094; INTERNAL; 597; 597; 0; 9804
INTERNAL; 597; 597; 0; 9804; INTERNAL; 576; 596; 20; 5028
INTERNAL; 598; 598; 0; 4094; INTERNAL; 597; 597; 0; 9808
INTERNAL; 598; 598; 0; 4094; INTERNAL; 597; 597; 0; 9807
INTERNAL; 599; 599; 0; 7086; INTERNAL; 597; 598; 1; 7865
INTERNAL; 597; 598; 1; 7865; INTERNAL; 577; 597; 20; 9815
INTERNAL; 599; 599; 0; 7086; INTERNAL; 597; 598; 1; 5037
INTERNAL; 599; 599; 0; 7086; INTERNAL; 598; 598; 0; 4961
INTERNAL; 598; 598; 0; 4961; INTERNAL; 597; 597; 0; 6723
INTERNAL; 600; 600; 0; 5453; INTERNAL; 597; 599; 2; 4546
INTERNAL; 600; 600; 0; 5453; INTERNAL; 598; 599; 1; 7088
INTERNAL; 602; 602; 0; 9448; INTERNAL; 597; 601; 4; 4312
INTERNAL; 602; 602; 0; 9448; INTERNAL; 597; 601; 4; 8549
INTERNAL; 603; 603; 0; 5816; INTERNAL; 597; 602; 5; 7067
INTERNAL; 597; 602; 5; 7067; INTERNAL; 581; 601; 20; 4649
INTERNAL; 603; 603; 0; 5816; INTERNAL; 597; 602; 5; 8047
INTERNAL; 603; 603; 0; 5816; INTERNAL; 598; 602; 4; 6598
INTERNAL; 605; 605; 0; 7060; INTERNAL; 597; 604; 7; 7211
INTERNAL; 606; 606; 0; 7054; INTERNAL; 597; 605; 8; 7062
INTERNAL; 597; 605; 8; 7062; INTERNAL; 584; 602; 18; 9822
INTERNAL; 606; 606; 0; 7054; INTERNAL; 598; 605; 7; 6118
INTERNAL; 598; 605; 7; 6118; INTERNAL; 597; 604; 7; 9818
INTERNAL; 597; 604; 7; 9818; INTERNAL; 585; 603; 18; 9821
INTERNAL; 606; 606; 0; 7054; INTERNAL; 597; 605; 8; 7083
INTERNAL; 607; 607; 0; 7042; INTERNAL; 597; 606; 9; 5455
INTERNAL; 607; 607; 0; 7042; INTERNAL; 598; 606; 8; 6830
INTERNAL; 609; 609; 0; 4555; INTERNAL; 598; 608; 10; 5441
INTERNAL; 609; 609; 0; 4555; INTERNAL; 597; 608; 11; 5387
INTERNAL; 597; 608; 11; 5387; INTERNAL; 587; 607; 20; 9833
INTERNAL; 609; 609; 0; 4555; INTERNAL; 597; 608; 11; 6472
INTERNAL; 610; 610; 0; 5957; INTERNAL; 597; 609; 12; 5990
INTERNAL; 611; 611; 0; 9916; INTERNAL; 597; 610; 13; 5375
INTERNAL; 615; 615; 0; 3094; INTERNAL; 597; 614; 17; 7024
INTERNAL; 616; 616; 0; 6146; INTERNAL; 598; 615; 17; 6989
INTERNAL; 598; 615; 17; 6989; INTERNAL; 597; 614; 17; 4637
INTERNAL; 597; 614; 17; 4637; INTERNAL; 594; 613; 19; 8150
INTERNAL; 616; 616; 0; 6146; INTERNAL; 597; 615; 18; 4835
INTERNAL; 617; 617; 0; 7002; INTERNAL; 597; 616; 19; 8060
INTERNAL; 617; 617; 0; 7002; INTERNAL; 598; 616; 18; 7017
INTERNAL; 618; 618; 0; 6715; INTERNAL; 597; 617; 20; 5398
UNKNOWN; -1; -1; -1; -1; OUTPUT; 860; 860; 0; 13
OUTPUT; 860; 860; 0; 13; INTERNAL; 859; 859; 0; 60
INTERNAL; 859; 859; 0; 60; INTERNAL; 843; 858; 15; 617
INTERNAL; 843; 858; 15; 617; INTERNAL; 833; 842; 9; 2966
INTERNAL; 833; 842; 9; 2966; INTERNAL; 808; 816; 8; 2882
INTERNAL; 808; 816; 8; 2882; INTERNAL; 791; 791; 0; 4105
INTERNAL; 791; 791; 0; 4105; INTERNAL; 783; 790; 7; 4759
INTERNAL; 783; 790; 7; 4759; INTERNAL; 765; 765; 0; 2707
INTERNAL; 765; 765; 0; 2707; INTERNAL; 759; 764; 5; 7740
INTERNAL; 759; 764; 5; 7740; INTERNAL; 734; 739; 5; 9196
INTERNAL; 734; 739; 5; 9196; INTERNAL; 711; 715; 4; 4672
INTERNAL; 711; 715; 4; 4672; INTERNAL; 691; 691; 0; 6346
INTERNAL; 691; 691; 0; 6346; INTERNAL; 687; 690; 3; 2510
INTERNAL; 687; 690; 3; 2510; INTERNAL; 686; 686; 0; 6471
INTERNAL; 686; 686; 0; 6471; INTERNAL; 685; 685; 0; 2500
INTERNAL; 685; 685; 0; 2500; INTERNAL; 664; 684; 20; 3714
INTERNAL; 664; 684; 20; 3714; INTERNAL; 661; 661; 0; 2436
INTERNAL; 661; 661; 0; 2436; INTERNAL; 641; 660; 19; 2430
INTERNAL; 641; 660; 19; 2430; INTERNAL; 637; 637; 0; 5605
INTERNAL; 637; 637; 0; 5605; INTERNAL; 620; 636; 16; 2364
INTERNAL; 620; 636; 16; 2364; INTERNAL; 619; 635; 16; 215
INTERNAL; 619; 635; 16; 215; INTERNAL; 614; 634; 20; 214
INTERNAL; 614; 634; 20; 214; INTERNAL; 597; 613; 16; 3447
INTERNAL; 597; 613; 16; 3447; INTERNAL; 596; 596; 0; 2304
INTERNAL; 596; 596; 0; 2304; INTERNAL; 576; 595; 19; 8085
INTERNAL; 576; 595; 19; 8085; INTERNAL; 575; 594; 19; 2050
INTERNAL; 575; 594; 19; 2050; INTERNAL; 574; 593; 19; 251
INTERNAL; 574; 593; 19; 251; INTERNAL; 573; 573; 0; 5328
INTERNAL; 573; 573; 0; 5328; INTERNAL; 572; 572; 0; 4936
INTERNAL; 572; 572; 0; 4936; INTERNAL; 554; 571; 17; 2170
INTERNAL; 554; 571; 17; 2170; INTERNAL; 553; 553; 0; 2117
INTERNAL; 553; 553; 0; 2117; INTERNAL; 534; 552; 18; 8395
INTERNAL; 534; 552; 18; 8395; INTERNAL; 533; 551; 18; 652
INTERNAL; 533; 551; 18; 652; INTERNAL; 531; 531; 0; 4516
INTERNAL; 531; 531; 0; 4516; INTERNAL; 514; 530; 16; 2057
INTERNAL; 514; 530; 16; 2057; INTERNAL; 513; 528; 15; 302
INTERNAL; 513; 528; 15; 302; INTERNAL; 512; 512; 0; 2004
INTERNAL; 512; 512; 0; 2004; INTERNAL; 511; 511; 0; 2001
INTERNAL; 511; 511; 0; 2001; INTERNAL; 510; 510; 0; 3203
INTERNAL; 510; 510; 0; 3203; INTERNAL; 494; 509; 15; 1995
INTERNAL; 494; 509; 15; 1995; INTERNAL; 493; 508; 15; 4692
INTERNAL; 493; 508; 15; 4692; INTERNAL; 489; 489; 0; 5273
INTERNAL; 489; 489; 0; 5273; INTERNAL; 488; 488; 0; 3344
INTERNAL; 488; 488; 0; 3344; INTERNAL; 475; 487; 12; 9346
INTERNAL; 475; 487; 12; 9346; INTERNAL; 474; 486; 12; 338
INTERNAL; 474; 486; 12; 338; INTERNAL; 468; 468; 0; 1874
INTERNAL; 468; 468; 0; 1874; INTERNAL; 467; 467; 0; 3658
INTERNAL; 467; 467; 0; 3658; INTERNAL; 454; 466; 12; 1868
INTERNAL; 454; 466; 12; 1868; INTERNAL; 447; 447; 0; 1811
INTERNAL; 447; 447; 0; 1811; INTERNAL; 435; 446; 11; 3069
INTERNAL; 435; 446; 11; 3069; INTERNAL; 428; 444; 16; 1726
INTERNAL; 428; 444; 16; 1726; INTERNAL; 418; 427; 9; 2017
INTERNAL; 418; 427; 9; 2017; INTERNAL; 417; 425; 8; 400
INTERNAL; 417; 425; 8; 400; INTERNAL; 399; 408; 9; 1927
INTERNAL; 399; 408; 9; 1927; INTERNAL; 398; 398; 0; 1683
INTERNAL; 398; 398; 0; 1683; INTERNAL; 397; 397; 0; 1678
INTERNAL; 397; 397; 0; 1678; INTERNAL; 396; 396; 0; 1670
INTERNAL; 396; 396; 0; 1670; INTERNAL; 381; 395; 14; 1667
INTERNAL; 381; 395; 14; 1667; INTERNAL; 378; 394; 16; 2569
INTERNAL; 378; 394; 16; 2569; INTERNAL; 364; 377; 13; 1626
INTERNAL; 364; 377; 13; 1626; INTERNAL; 347; 358; 11; 456
INTERNAL; 347; 358; 11; 456; INTERNAL; 343; 343; 0; 1539
INTERNAL; 343; 343; 0; 1539; INTERNAL; 342; 342; 0; 1535
INTERNAL; 342; 342; 0; 1535; INTERNAL; 341; 341; 0; 5939
INTERNAL; 341; 341; 0; 5939; INTERNAL; 331; 340; 9; 1530
INTERNAL; 331; 340; 9; 1530; INTERNAL; 324; 339; 15; 8858
INTERNAL; 324; 339; 15; 8858; INTERNAL; 315; 323; 8; 1497
INTERNAL; 315; 323; 8; 1497; INTERNAL; 300; 307; 7; 1585
INTERNAL; 300; 307; 7; 1585; INTERNAL; 285; 291; 6; 1417
INTERNAL; 285; 291; 6; 1417; INTERNAL; 284; 284; 0; 1395
INTERNAL; 284; 284; 0; 1395; INTERNAL; 270; 283; 13; 9865
INTERNAL; 270; 283; 13; 9865; INTERNAL; 269; 281; 12; 2955
INTERNAL; 269; 281; 12; 2955; INTERNAL; 268; 280; 12; 6039
INTERNAL; 268; 280; 12; 6039; INTERNAL; 267; 267; 0; 1362
INTERNAL; 267; 267; 0; 1362; INTERNAL; 266; 266; 0; 1356
INTERNAL; 266; 266; 0; 1356; INTERNAL; 256; 265; 9; 1353
INTERNAL; 256; 265; 9; 1353; INTERNAL; 255; 264; 9; 1641
INTERNAL; 255; 264; 9; 1641; INTERNAL; 254; 254; 0; 1333
INTERNAL; 254; 254; 0; 1333; INTERNAL; 241; 253; 12; 6362
INTERNAL; 241; 253; 12; 6362; INTERNAL; 228; 239; 11; 3657
INTERNAL; 228; 239; 11; 3657; INTERNAL; 225; 225; 0; 1266
INTERNAL; 225; 225; 0; 1266; INTERNAL; 224; 224; 0; 1263
INTERNAL; 224; 224; 0; 1263; INTERNAL; 214; 223; 9; 2190
INTERNAL; 214; 223; 9; 2190; INTERNAL; 201; 210; 9; 1236
INTERNAL; 201; 210; 9; 1236; INTERNAL; 190; 197; 7; 9387
INTERNAL; 190; 197; 7; 9387; INTERNAL; 189; 196; 7; 616
INTERNAL; 189; 196; 7; 616; INTERNAL; 188; 188; 0; 5286
INTERNAL; 188; 188; 0; 5286; INTERNAL; 187; 187; 0; 1166
INTERNAL; 187; 187; 0; 1166; INTERNAL; 186; 186; 0; 1162
INTERNAL; 186; 186; 0; 1162; INTERNAL; 177; 185; 8; 1161
INTERNAL; 177; 185; 8; 1161; INTERNAL; 167; 173; 6; 1132
INTERNAL; 167; 173; 6; 1132; INTERNAL; 166; 172; 6; 641
INTERNAL; 166; 172; 6; 641; INTERNAL; 154; 161; 7; 6774
INTERNAL; 154; 161; 7; 6774; INTERNAL; 143; 150; 7; 7806
INTERNAL; 143; 150; 7; 7806; INTERNAL; 142; 142; 0; 9493
INTERNAL; 142; 142; 0; 9493; INTERNAL; 141; 141; 0; 7117
INTERNAL; 141; 141; 0; 7117; INTERNAL; 133; 140; 7; 1062
INTERNAL; 133; 140; 7; 1062; INTERNAL; 124; 129; 5; 1033
INTERNAL; 124; 129; 5; 1033; INTERNAL; 123; 128; 5; 689
INTERNAL; 123; 128; 5; 689; INTERNAL; 113; 118; 5; 9889
INTERNAL; 113; 118; 5; 9889; INTERNAL; 110; 110; 0; 989
INTERNAL; 110; 110; 0; 989; INTERNAL; 104; 109; 5; 986
INTERNAL; 104; 109; 5; 986; INTERNAL; 103; 103; 0; 1572
INTERNAL; 103; 103; 0; 1572; INTERNAL; 96; 102; 6; 973
INTERNAL; 96; 102; 6; 973; INTERNAL; 95; 100; 5; 718
INTERNAL; 95; 100; 5; 718; INTERNAL; 93; 93; 0; 4307
INTERNAL; 93; 93; 0; 4307; INTERNAL; 87; 92; 5; 957
INTERNAL; 87; 92; 5; 957; INTERNAL; 84; 84; 0; 4087
INTERNAL; 84; 84; 0; 4087; INTERNAL; 80; 83; 3; 1555
INTERNAL; 80; 83; 3; 1555; INTERNAL; 79; 81; 2; 732
INTERNAL; 79; 81; 2; 732; INTERNAL; 78; 78; 0; 927
INTERNAL; 78; 78; 0; 927; INTERNAL; 77; 77; 0; 5068
INTERNAL; 77; 77; 0; 5068; INTERNAL; 71; 76; 5; 9105
INTERNAL; 71; 76; 5; 9105; INTERNAL; 64; 67; 3; 6257
INTERNAL; 64; 67; 3; 6257; INTERNAL; 63; 66; 3; 10071
INTERNAL; 63; 66; 3; 10071; INTERNAL; 58; 61; 3; 6509
INTERNAL; 58; 61; 3; 6509; INTERNAL; 57; 57; 0; 6277
INTERNAL; 57; 57; 0; 6277; INTERNAL; 51; 56; 5; 2102
INTERNAL; 51; 56; 5; 2102; INTERNAL; 50; 54; 4; 2192
INTERNAL; 50; 54; 4; 2192; INTERNAL; 46; 49; 3; 861
INTERNAL; 46; 49; 3; 861; INTERNAL; 43; 43; 0; 850
INTERNAL; 43; 43; 0; 850; INTERNAL; 40; 42; 2; 848
INTERNAL; 40; 42; 2; 848; INTERNAL; 35; 35; 0; 773
INTERNAL; 35; 35; 0; 773; INTERNAL; 34; 34; 0; 836
INTERNAL; 34; 34; 0; 836; INTERNAL; 33; 33; 0; 834
INTERNAL; 33; 33; 0; 834; INTERNAL; 31; 32; 1; 5027
INTERNAL; 31; 32; 1; 5027; INTERNAL; 30; 30; 0; 776
INTERNAL; 30; 30; 0; 776; INTERNAL; 25; 27; 2; 823
INTERNAL; 25; 27; 2; 823; INTERNAL; 21; 22; 1; 814
INTERNAL; 21; 22; 1; 814; INTERNAL; 20; 21; 1; 784
INTERNAL; 20; 21; 1; 784; INTERNAL; 19; 20; 1; 3934
INTERNAL; 19; 20; 1; 3934; INTERNAL; 18; 18; 0; 809
INTERNAL; 18; 18; 0; 809; INTERNAL; 17; 17; 0; 2856
INTERNAL; 17; 17; 0; 2856; INTERNAL; 16; 16; 0; 801
INTERNAL; 16; 16; 0; 801; INTERNAL; 15; 15; 0; 5869
INTERNAL; 15; 15; 0; 5869; INTERNAL; 14; 14; 0; 802
INTERNAL; 14; 14; 0; 802; INTERNAL; 13; 13; 0; 5984
INTERNAL; 13; 13; 0; 5984; INTERNAL; 12; 12; 0; 799
INTERNAL; 12; 12; 0; 799; INTERNAL; 11; 11; 0; 1438
INTERNAL; 11; 11; 0; 1438; INTERNAL; 10; 10; 0; 6324
INTERNAL; 10; 10; 0; 6324; INTERNAL; 9; 9; 0; 2577
INTERNAL; 9; 9; 0; 2577; INTERNAL; 7; 8; 1; 794
INTERNAL; 7; 8; 1; 794; INTERNAL; 6; 6; 0; 790
INTERNAL; 6; 6; 0; 790; INTERNAL; 5; 5; 0; 5773
INTERNAL; 5; 5; 0; 5773; INTERNAL; 2; 4; 2; 3627
INTERNAL; 6; 6; 0; 790; INTERNAL; 5; 5; 0; 8365
INTERNAL; 7; 8; 1; 794; INTERNAL; 5; 6; 1; 792
INTERNAL; 9; 9; 0; 2577; INTERNAL; 8; 8; 0; 6657
INTERNAL; 8; 8; 0; 6657; INTERNAL; 7; 7; 0; 6110
INTERNAL; 8; 8; 0; 6657; INTERNAL; 7; 7; 0; 8349
INTERNAL; 7; 7; 0; 8349; INTERNAL; 6; 6; 0; 791
INTERNAL; 10; 10; 0; 6324; INTERNAL; 8; 9; 1; 789
INTERNAL; 11; 11; 0; 1438; INTERNAL; 9; 10; 1; 9260
INTERNAL; 11; 11; 0; 1438; INTERNAL; 10; 10; 0; 8236
INTERNAL; 10; 10; 0; 8236; INTERNAL; 9; 9; 0; 8207
INTERNAL; 10; 10; 0; 8236; INTERNAL; 9; 9; 0; 795
INTERNAL; 10; 10; 0; 8236; INTERNAL; 9; 9; 0; 7719
INTERNAL; 9; 9; 0; 7719; INTERNAL; 8; 8; 0; 7960
INTERNAL; 12; 12; 0; 799; INTERNAL; 10; 10; 0; 4480
INTERNAL; 13; 13; 0; 5984; INTERNAL; 12; 12; 0; 3371
INTERNAL; 12; 12; 0; 3371; INTERNAL; 10; 11; 1; 796
INTERNAL; 12; 12; 0; 3371; INTERNAL; 11; 11; 0; 1160
INTERNAL; 12; 12; 0; 3371; INTERNAL; 9; 11; 2; 3690
INTERNAL; 13; 13; 0; 5984; INTERNAL; 12; 12; 0; 798
INTERNAL; 12; 12; 0; 798; INTERNAL; 11; 11; 0; 6485
INTERNAL; 12; 12; 0; 798; INTERNAL; 11; 11; 0; 7919
INTERNAL; 12; 12; 0; 798; INTERNAL; 11; 11; 0; 7576
INTERNAL; 13; 13; 0; 5984; INTERNAL; 12; 12; 0; 9628
INTERNAL; 12; 12; 0; 9628; INTERNAL; 11; 11; 0; 788
INTERNAL; 14; 14; 0; 802; INTERNAL; 12; 13; 1; 797
INTERNAL; 15; 15; 0; 5869; INTERNAL; 13; 13; 0; 805
INTERNAL; 13; 13; 0; 805; INTERNAL; 12; 12; 0; 787
INTERNAL; 16; 16; 0; 801; INTERNAL; 15; 15; 0; 3782
INTERNAL; 16; 16; 0; 801; INTERNAL; 15; 15; 0; 800
INTERNAL; 16; 16; 0; 801; INTERNAL; 15; 15; 0; 6901
INTERNAL; 15; 15; 0; 6901; INTERNAL; 14; 14; 0; 7799
INTERNAL; 15; 15; 0; 6901; INTERNAL; 14; 14; 0; 2226
INTERNAL; 15; 15; 0; 6901; INTERNAL; 14; 14; 0; 1770
INTERNAL; 17; 17; 0; 2856; INTERNAL; 15; 16; 1; 785
INTERNAL; 17; 17; 0; 2856; INTERNAL; 14; 16; 2; 5281
INTERNAL; 14; 16; 2; 5281; INTERNAL; 13; 15; 2; 5312
INTERNAL; 18; 18; 0; 809; INTERNAL; 17; 17; 0; 786
INTERNAL; 19; 20; 1; 3934; INTERNAL; 18; 18; 0; 808
INTERNAL; 18; 18; 0; 808; INTERNAL; 17; 17; 0; 5817
INTERNAL; 20; 21; 1; 784; INTERNAL; 18; 18; 0; 8592
INTERNAL; 18; 18; 0; 8592; INTERNAL; 15; 17; 2; 803
INTERNAL; 21; 22; 1; 814; INTERNAL; 17; 17; 0; 8408
INTERNAL; 17; 17; 0; 8408; INTERNAL; 16; 16; 0; 949
INTERNAL; 21; 22; 1; 814; INTERNAL; 20; 20; 0; 1758
INTERNAL; 20; 20; 0; 1758; INTERNAL; 19; 19; 0; 5102
INTERNAL; 19; 19; 0; 5102; INTERNAL; 18; 18; 0; 1941
INTERNAL; 20; 20; 0; 1758; INTERNAL; 17; 19; 2; 807
INTERNAL; 20; 20; 0; 1758; INTERNAL; 18; 19; 1; 806
INTERNAL; 20; 20; 0; 1758; INTERNAL; 18; 19; 1; 1059
INTERNAL; 18; 19; 1; 1059; INTERNAL; 16; 18; 2; 2200
INTERNAL; 25; 27; 2; 823; INTERNAL; 23; 26; 3; 6514
INTERNAL; 23; 26; 3; 6514; INTERNAL; 22; 22; 0; 811
INTERNAL; 22; 22; 0; 811; INTERNAL; 21; 21; 0; 5696
INTERNAL; 22; 22; 0; 811; INTERNAL; 21; 21; 0; 818
INTERNAL; 21; 21; 0; 818; INTERNAL; 18; 20; 2; 3064
INTERNAL; 22; 22; 0; 811; INTERNAL; 21; 21; 0; 7245
INTERNAL; 22; 22; 0; 811; INTERNAL; 21; 21; 0; 4884
INTERNAL; 23; 26; 3; 6514; INTERNAL; 22; 22; 0; 1234
INTERNAL; 22; 22; 0; 1234; INTERNAL; 21; 21; 0; 810
INTERNAL; 23; 26; 3; 6514; INTERNAL; 21; 22; 1; 812
INTERNAL; 25; 27; 2; 823; INTERNAL; 24; 24; 0; 819
INTERNAL; 24; 24; 0; 819; INTERNAL; 21; 23; 2; 2761
INTERNAL; 24; 24; 0; 819; INTERNAL; 21; 22; 1; 817
INTERNAL; 21; 22; 1; 817; INTERNAL; 20; 21; 1; 9864
INTERNAL; 24; 24; 0; 819; INTERNAL; 22; 23; 1; 815
INTERNAL; 24; 24; 0; 819; INTERNAL; 23; 23; 0; 816
INTERNAL; 30; 30; 0; 776; INTERNAL; 27; 27; 0; 824
INTERNAL; 27; 27; 0; 824; INTERNAL; 26; 26; 0; 820
INTERNAL; 26; 26; 0; 820; INTERNAL; 25; 25; 0; 5517
INTERNAL; 26; 26; 0; 820; INTERNAL; 25; 25; 0; 7096
INTERNAL; 25; 25; 0; 7096; INTERNAL; 22; 24; 2; 8223
INTERNAL; 26; 26; 0; 820; INTERNAL; 25; 25; 0; 782
INTERNAL; 25; 25; 0; 782; INTERNAL; 21; 24; 3; 5995
INTERNAL; 26; 26; 0; 820; INTERNAL; 25; 25; 0; 783
INTERNAL; 27; 27; 0; 824; INTERNAL; 25; 26; 1; 1406
INTERNAL; 27; 27; 0; 824; INTERNAL; 26; 26; 0; 821
INTERNAL; 26; 26; 0; 821; INTERNAL; 25; 25; 0; 3682
INTERNAL; 27; 27; 0; 824; INTERNAL; 25; 26; 1; 822
INTERNAL; 25; 26; 1; 822; INTERNAL; 23; 25; 2; 781
INTERNAL; 30; 30; 0; 776; INTERNAL; 29; 29; 0; 826
INTERNAL; 29; 29; 0; 826; INTERNAL; 28; 28; 0; 825
INTERNAL; 28; 28; 0; 825; INTERNAL; 26; 27; 1; 8327
INTERNAL; 26; 27; 1; 8327; INTERNAL; 25; 26; 1; 780
INTERNAL; 28; 28; 0; 825; INTERNAL; 25; 27; 2; 2767
INTERNAL; 29; 29; 0; 826; INTERNAL; 26; 28; 2; 1939
INTERNAL; 33; 33; 0; 834; INTERNAL; 29; 32; 3; 6081
INTERNAL; 29; 32; 3; 6081; INTERNAL; 28; 31; 3; 9792
INTERNAL; 33; 33; 0; 834; INTERNAL; 32; 32; 0; 3549
INTERNAL; 32; 32; 0; 3549; INTERNAL; 31; 31; 0; 832
INTERNAL; 31; 31; 0; 832; INTERNAL; 30; 30; 0; 827
INTERNAL; 30; 30; 0; 827; INTERNAL; 29; 29; 0; 778
INTERNAL; 30; 30; 0; 827; INTERNAL; 29; 29; 0; 1554
INTERNAL; 29; 29; 0; 1554; INTERNAL; 25; 27; 2; 2609
INTERNAL; 29; 29; 0; 1554; INTERNAL; 26; 28; 2; 777
INTERNAL; 30; 30; 0; 827; INTERNAL; 29; 29; 0; 1643
INTERNAL; 29; 29; 0; 1643; INTERNAL; 26; 28; 2; 779
INTERNAL; 31; 31; 0; 832; INTERNAL; 30; 30; 0; 4687
INTERNAL; 31; 31; 0; 832; INTERNAL; 30; 30; 0; 4493
INTERNAL; 31; 31; 0; 832; INTERNAL; 30; 30; 0; 7882
INTERNAL; 30; 30; 0; 7882; INTERNAL; 26; 29; 3; 2705
INTERNAL; 32; 32; 0; 3549; INTERNAL; 30; 31; 1; 830
INTERNAL; 30; 31; 1; 830; INTERNAL; 27; 30; 3; 4143
INTERNAL; 32; 32; 0; 3549; INTERNAL; 30; 31; 1; 831
INTERNAL; 32; 32; 0; 3549; INTERNAL; 31; 31; 0; 828
INTERNAL; 33; 33; 0; 834; INTERNAL; 30; 32; 2; 9481
INTERNAL; 35; 35; 0; 773; INTERNAL; 32; 34; 2; 4624
INTERNAL; 40; 42; 2; 848; INTERNAL; 38; 41; 3; 8609
INTERNAL; 38; 41; 3; 8609; INTERNAL; 35; 36; 1; 2196
INTERNAL; 38; 41; 3; 8609; INTERNAL; 37; 40; 3; 3219
INTERNAL; 37; 40; 3; 3219; INTERNAL; 36; 36; 0; 840
INTERNAL; 36; 36; 0; 840; INTERNAL; 35; 35; 0; 837
INTERNAL; 35; 35; 0; 837; INTERNAL; 34; 34; 0; 2046
INTERNAL; 34; 34; 0; 2046; INTERNAL; 30; 33; 3; 8627
INTERNAL; 34; 34; 0; 2046; INTERNAL; 30; 33; 3; 7843
INTERNAL; 35; 35; 0; 837; INTERNAL; 34; 34; 0; 2413
INTERNAL; 35; 35; 0; 837; INTERNAL; 34; 34; 0; 5187
INTERNAL; 36; 36; 0; 840; INTERNAL; 35; 35; 0; 841
INTERNAL; 35; 35; 0; 841; INTERNAL; 31; 34; 3; 835
INTERNAL; 36; 36; 0; 840; INTERNAL; 35; 35; 0; 1879
INTERNAL; 35; 35; 0; 1879; INTERNAL; 31; 34; 3; 775
INTERNAL; 35; 35; 0; 1879; INTERNAL; 30; 34; 4; 774
INTERNAL; 36; 36; 0; 840; INTERNAL; 35; 35; 0; 7513
INTERNAL; 37; 40; 3; 3219; INTERNAL; 35; 36; 1; 839
INTERNAL; 40; 42; 2; 848; INTERNAL; 39; 39; 0; 4343
INTERNAL; 39; 39; 0; 4343; INTERNAL; 38; 38; 0; 7119
INTERNAL; 38; 38; 0; 7119; INTERNAL; 36; 37; 1; 3123
INTERNAL; 38; 38; 0; 7119; INTERNAL; 35; 37; 2; 843
INTERNAL; 35; 37; 2; 843; INTERNAL; 33; 36; 3; 7298
INTERNAL; 38; 38; 0; 7119; INTERNAL; 35; 37; 2; 7485
INTERNAL; 38; 38; 0; 7119; INTERNAL; 37; 37; 0; 842
INTERNAL; 37; 37; 0; 842; INTERNAL; 36; 36; 0; 838
INTERNAL; 39; 39; 0; 4343; INTERNAL; 35; 38; 3; 845
INTERNAL; 35; 38; 3; 845; INTERNAL; 34; 37; 3; 772
INTERNAL; 34; 37; 3; 772; INTERNAL; 33; 36; 3; 2978
INTERNAL; 39; 39; 0; 4343; INTERNAL; 35; 38; 3; 844
INTERNAL; 43; 43; 0; 850; INTERNAL; 40; 42; 2; 847
INTERNAL; 43; 43; 0; 850; INTERNAL; 42; 42; 0; 3242
INTERNAL; 42; 42; 0; 3242; INTERNAL; 40; 41; 1; 7252
INTERNAL; 42; 42; 0; 3242; INTERNAL; 41; 41; 0; 846
INTERNAL; 41; 41; 0; 846; INTERNAL; 40; 40; 0; 853
INTERNAL; 40; 40; 0; 853; INTERNAL; 36; 39; 3; 9306
INTERNAL; 42; 42; 0; 3242; INTERNAL; 41; 41; 0; 2082
INTERNAL; 41; 41; 0; 2082; INTERNAL; 40; 40; 0; 8398
INTERNAL; 40; 40; 0; 8398; INTERNAL; 35; 38; 3; 4473
INTERNAL; 41; 41; 0; 2082; INTERNAL; 40; 40; 0; 4922
INTERNAL; 40; 40; 0; 4922; INTERNAL; 39; 39; 0; 1049
INTERNAL; 39; 39; 0; 1049; INTERNAL; 35; 38; 3; 771
INTERNAL; 40; 40; 0; 4922; INTERNAL; 39; 39; 0; 1375
INTERNAL; 41; 41; 0; 2082; INTERNAL; 40; 40; 0; 3077
INTERNAL; 41; 41; 0; 2082; INTERNAL; 40; 40; 0; 8480
INTERNAL; 40; 40; 0; 8480; INTERNAL; 35; 39; 4; 2093
INTERNAL; 40; 40; 0; 8480; INTERNAL; 36; 39; 3; 2923
INTERNAL; 42; 42; 0; 3242; INTERNAL; 40; 41; 1; 7851
INTERNAL; 43; 43; 0; 850; INTERNAL; 41; 42; 1; 8138
INTERNAL; 41; 42; 1; 8138; INTERNAL; 40; 41; 1; 3322
INTERNAL; 46; 49; 3; 861; INTERNAL; 45; 45; 0; 852
INTERNAL; 45; 45; 0; 852; INTERNAL; 44; 44; 0; 6104
INTERNAL; 44; 44; 0; 6104; INTERNAL; 41; 43; 2; 2391
INTERNAL; 44; 44; 0; 6104; INTERNAL; 40; 43; 3; 851
INTERNAL; 40; 43; 3; 851; INTERNAL; 38; 42; 4; 2904
INTERNAL; 44; 44; 0; 6104; INTERNAL; 39; 43; 4; 3234
INTERNAL; 50; 54; 4; 2192; INTERNAL; 49; 49; 0; 2264
INTERNAL; 49; 49; 0; 2264; INTERNAL; 45; 48; 3; 859
INTERNAL; 45; 48; 3; 859; INTERNAL; 43; 47; 4; 3907
INTERNAL; 49; 49; 0; 2264; INTERNAL; 48; 48; 0; 858
INTERNAL; 48; 48; 0; 858; INTERNAL; 47; 47; 0; 7436
INTERNAL; 47; 47; 0; 7436; INTERNAL; 46; 46; 0; 4382
INTERNAL; 46; 46; 0; 4382; INTERNAL; 42; 45; 3; 1065
INTERNAL; 42; 45; 3; 1065; INTERNAL; 41; 44; 3; 6869
INTERNAL; 47; 47; 0; 7436; INTERNAL; 46; 46; 0; 7106
INTERNAL; 47; 47; 0; 7436; INTERNAL; 46; 46; 0; 4700
INTERNAL; 46; 46; 0; 4700; INTERNAL; 45; 45; 0; 8678
INTERNAL; 45; 45; 0; 8678; INTERNAL; 41; 44; 3; 770
INTERNAL; 46; 46; 0; 4700; INTERNAL; 45; 45; 0; 863
INTERNAL; 45; 45; 0; 863; INTERNAL; 40; 44; 4; 1040
INTERNAL; 46; 46; 0; 4700; INTERNAL; 45; 45; 0; 2237
INTERNAL; 46; 46; 0; 4700; INTERNAL; 45; 45; 0; 769
INTERNAL; 47; 47; 0; 7436; INTERNAL; 46; 46; 0; 854
INTERNAL; 48; 48; 0; 858; INTERNAL; 47; 47; 0; 855
INTERNAL; 47; 47; 0; 855; INTERNAL; 46; 46; 0; 7400
INTERNAL; 48; 48; 0; 858; INTERNAL; 46; 47; 1; 856
INTERNAL; 46; 47; 1; 856; INTERNAL; 42; 46; 4; 768
INTERNAL; 48; 48; 0; 858; INTERNAL; 46; 47; 1; 857
INTERNAL; 49; 49; 0; 2264; INTERNAL; 46; 48; 2; 860
INTERNAL; 49; 49; 0; 2264; INTERNAL; 47; 48; 1; 4845
INTERNAL; 50; 54; 4; 2192; INTERNAL; 45; 49; 4; 862
INTERNAL; 45; 49; 4; 862; INTERNAL; 44; 48; 4; 8869
INTERNAL; 57; 57; 0; 6277; INTERNAL; 56; 56; 0; 877
INTERNAL; 56; 56; 0; 877; INTERNAL; 55; 55; 0; 875
INTERNAL; 55; 55; 0; 875; INTERNAL; 54; 54; 0; 872
INTERNAL; 54; 54; 0; 872; INTERNAL; 52; 53; 1; 870
INTERNAL; 52; 53; 1; 870; INTERNAL; 51; 52; 1; 765
INTERNAL; 51; 52; 1; 765; INTERNAL; 48; 51; 3; 7407
INTERNAL; 51; 52; 1; 765; INTERNAL; 50; 50; 0; 866
INTERNAL; 54; 54; 0; 872; INTERNAL; 53; 53; 0; 8562
INTERNAL; 53; 53; 0; 8562; INTERNAL; 52; 52; 0; 867
INTERNAL; 52; 52; 0; 867; INTERNAL; 51; 51; 0; 9252
INTERNAL; 52; 52; 0; 867; INTERNAL; 51; 51; 0; 9887
INTERNAL; 51; 51; 0; 9887; INTERNAL; 45; 50; 5; 1186
INTERNAL; 52; 52; 0; 867; INTERNAL; 51; 51; 0; 3339
INTERNAL; 51; 51; 0; 3339; INTERNAL; 46; 50; 4; 865
INTERNAL; 52; 52; 0; 867; INTERNAL; 51; 51; 0; 1647
INTERNAL; 51; 51; 0; 1647; INTERNAL; 50; 50; 0; 9413
INTERNAL; 53; 53; 0; 8562; INTERNAL; 52; 52; 0; 2910
INTERNAL; 52; 52; 0; 2910; INTERNAL; 51; 51; 0; 2841
INTERNAL; 53; 53; 0; 8562; INTERNAL; 51; 52; 1; 869
INTERNAL; 51; 52; 1; 869; INTERNAL; 47; 51; 4; 767
INTERNAL; 53; 53; 0; 8562; INTERNAL; 51; 52; 1; 868
INTERNAL; 51; 52; 1; 868; INTERNAL; 46; 51; 5; 766
INTERNAL; 51; 52; 1; 868; INTERNAL; 47; 51; 4; 8843
INTERNAL; 54; 54; 0; 872; INTERNAL; 51; 53; 2; 871
INTERNAL; 54; 54; 0; 872; INTERNAL; 51; 53; 2; 5621
INTERNAL; 55; 55; 0; 875; INTERNAL; 51; 54; 3; 10035
INTERNAL; 55; 55; 0; 875; INTERNAL; 51; 54; 3; 5970
INTERNAL; 51; 54; 3; 5970; INTERNAL; 49; 53; 4; 764
INTERNAL; 55; 55; 0; 875; INTERNAL; 52; 54; 2; 8453
INTERNAL; 56; 56; 0; 877; INTERNAL; 51; 55; 4; 873
INTERNAL; 56; 56; 0; 877; INTERNAL; 51; 55; 4; 4789
INTERNAL; 56; 56; 0; 877; INTERNAL; 51; 55; 4; 874
INTERNAL; 51; 55; 4; 874; INTERNAL; 49; 54; 5; 763
INTERNAL; 58; 61; 3; 6509; INTERNAL; 55; 60; 5; 757
INTERNAL; 63; 66; 3; 10071; INTERNAL; 62; 65; 3; 749
INTERNAL; 62; 65; 3; 749; INTERNAL; 58; 61; 3; 6676
INTERNAL; 62; 65; 3; 749; INTERNAL; 61; 61; 0; 5301
INTERNAL; 61; 61; 0; 5301; INTERNAL; 58; 60; 2; 891
INTERNAL; 58; 60; 2; 891; INTERNAL; 55; 59; 4; 6900
INTERNAL; 55; 59; 4; 6900; INTERNAL; 54; 58; 4; 4878
INTERNAL; 61; 61; 0; 5301; INTERNAL; 60; 60; 0; 889
INTERNAL; 60; 60; 0; 889; INTERNAL; 58; 59; 1; 884
INTERNAL; 60; 60; 0; 889; INTERNAL; 59; 59; 0; 887
INTERNAL; 59; 59; 0; 887; INTERNAL; 58; 58; 0; 4122
INTERNAL; 58; 58; 0; 4122; INTERNAL; 53; 57; 4; 7655
INTERNAL; 53; 57; 4; 7655; INTERNAL; 52; 56; 4; 762
INTERNAL; 59; 59; 0; 887; INTERNAL; 58; 58; 0; 1429
INTERNAL; 58; 58; 0; 1429; INTERNAL; 57; 57; 0; 760
INTERNAL; 58; 58; 0; 1429; INTERNAL; 57; 57; 0; 881
INTERNAL; 57; 57; 0; 881; INTERNAL; 52; 56; 4; 5004
INTERNAL; 58; 58; 0; 1429; INTERNAL; 57; 57; 0; 1577
INTERNAL; 57; 57; 0; 1577; INTERNAL; 51; 55; 4; 759
INTERNAL; 57; 57; 0; 1577; INTERNAL; 52; 56; 4; 948
INTERNAL; 59; 59; 0; 887; INTERNAL; 58; 58; 0; 882
INTERNAL; 59; 59; 0; 887; INTERNAL; 58; 58; 0; 879
INTERNAL; 59; 59; 0; 887; INTERNAL; 58; 58; 0; 3842
INTERNAL; 58; 58; 0; 3842; INTERNAL; 53; 57; 4; 878
INTERNAL; 59; 59; 0; 887; INTERNAL; 58; 58; 0; 6054
INTERNAL; 60; 60; 0; 889; INTERNAL; 58; 59; 1; 886
INTERNAL; 58; 59; 1; 886; INTERNAL; 53; 58; 5; 5233
INTERNAL; 60; 60; 0; 889; INTERNAL; 59; 59; 0; 883
INTERNAL; 59; 59; 0; 883; INTERNAL; 58; 58; 0; 758
INTERNAL; 61; 61; 0; 5301; INTERNAL; 59; 60; 1; 3783
INTERNAL; 61; 61; 0; 5301; INTERNAL; 58; 60; 2; 2679
INTERNAL; 64; 67; 3; 6257; INTERNAL; 58; 60; 2; 1946
INTERNAL; 64; 67; 3; 6257; INTERNAL; 63; 63; 0; 896
INTERNAL; 63; 63; 0; 896; INTERNAL; 59; 62; 3; 892
INTERNAL; 63; 63; 0; 896; INTERNAL; 58; 62; 4; 894
INTERNAL; 63; 63; 0; 896; INTERNAL; 62; 62; 0; 893
INTERNAL; 62; 62; 0; 893; INTERNAL; 59; 61; 2; 3323
INTERNAL; 63; 63; 0; 896; INTERNAL; 57; 62; 5; 2548
INTERNAL; 57; 62; 5; 2548; INTERNAL; 56; 61; 5; 756
INTERNAL; 71; 76; 5; 9105; INTERNAL; 69; 75; 6; 737
INTERNAL; 69; 75; 6; 737; INTERNAL; 64; 68; 4; 7540
INTERNAL; 69; 75; 6; 737; INTERNAL; 64; 68; 4; 5749
INTERNAL; 69; 75; 6; 737; INTERNAL; 68; 68; 0; 2384
INTERNAL; 68; 68; 0; 2384; INTERNAL; 65; 67; 2; 901
INTERNAL; 65; 67; 2; 901; INTERNAL; 64; 65; 1; 752
INTERNAL; 64; 65; 1; 752; INTERNAL; 61; 64; 3; 751
INTERNAL; 61; 64; 3; 751; INTERNAL; 60; 63; 3; 750
INTERNAL; 68; 68; 0; 2384; INTERNAL; 64; 67; 3; 8466
INTERNAL; 64; 67; 3; 8466; INTERNAL; 61; 66; 5; 3720
INTERNAL; 68; 68; 0; 2384; INTERNAL; 67; 67; 0; 6087
INTERNAL; 67; 67; 0; 6087; INTERNAL; 64; 66; 2; 1818
INTERNAL; 67; 67; 0; 6087; INTERNAL; 64; 66; 2; 6810
INTERNAL; 67; 67; 0; 6087; INTERNAL; 65; 66; 1; 899
INTERNAL; 67; 67; 0; 6087; INTERNAL; 66; 66; 0; 900
INTERNAL; 66; 66; 0; 900; INTERNAL; 65; 65; 0; 906
INTERNAL; 65; 65; 0; 906; INTERNAL; 64; 64; 0; 897
INTERNAL; 64; 64; 0; 897; INTERNAL; 58; 63; 5; 3611
INTERNAL; 64; 64; 0; 897; INTERNAL; 59; 63; 4; 895
INTERNAL; 59; 63; 4; 895; INTERNAL; 58; 62; 4; 755
INTERNAL; 66; 66; 0; 900; INTERNAL; 64; 65; 1; 898
INTERNAL; 64; 65; 1; 898; INTERNAL; 60; 64; 4; 753
INTERNAL; 60; 64; 4; 753; INTERNAL; 59; 63; 4; 8554
INTERNAL; 64; 65; 1; 898; INTERNAL; 58; 64; 6; 9963
INTERNAL; 66; 66; 0; 900; INTERNAL; 65; 65; 0; 2916
INTERNAL; 65; 65; 0; 2916; INTERNAL; 64; 64; 0; 9025
INTERNAL; 65; 65; 0; 2916; INTERNAL; 64; 64; 0; 7201
INTERNAL; 65; 65; 0; 2916; INTERNAL; 64; 64; 0; 754
INTERNAL; 65; 65; 0; 2916; INTERNAL; 64; 64; 0; 2025
INTERNAL; 66; 66; 0; 900; INTERNAL; 64; 65; 1; 904
INTERNAL; 64; 65; 1; 904; INTERNAL; 58; 64; 6; 5813
INTERNAL; 68; 68; 0; 2384; INTERNAL; 64; 67; 3; 1164
INTERNAL; 71; 76; 5; 9105; INTERNAL; 70; 70; 0; 903
INTERNAL; 70; 70; 0; 903; INTERNAL; 69; 69; 0; 2134
INTERNAL; 69; 69; 0; 2134; INTERNAL; 65; 68; 3; 4847
INTERNAL; 70; 70; 0; 903; INTERNAL; 65; 69; 4; 1309
INTERNAL; 70; 70; 0; 903; INTERNAL; 64; 69; 5; 2706
INTERNAL; 70; 70; 0; 903; INTERNAL; 64; 69; 5; 902
INTERNAL; 64; 69; 5; 902; INTERNAL; 63; 68; 5; 747
INTERNAL; 77; 77; 0; 5068; INTERNAL; 72; 76; 4; 924
INTERNAL; 72; 76; 4; 924; INTERNAL; 71; 71; 0; 905
INTERNAL; 77; 77; 0; 5068; INTERNAL; 76; 76; 0; 923
INTERNAL; 76; 76; 0; 923; INTERNAL; 72; 75; 3; 918
INTERNAL; 72; 75; 3; 918; INTERNAL; 68; 74; 6; 4572
INTERNAL; 76; 76; 0; 923; INTERNAL; 75; 75; 0; 922
INTERNAL; 75; 75; 0; 922; INTERNAL; 74; 74; 0; 916
INTERNAL; 74; 74; 0; 916; INTERNAL; 73; 73; 0; 914
INTERNAL; 73; 73; 0; 914; INTERNAL; 72; 72; 0; 5121
INTERNAL; 73; 73; 0; 914; INTERNAL; 71; 72; 1; 3243
INTERNAL; 71; 72; 1; 3243; INTERNAL; 66; 71; 5; 8913
INTERNAL; 66; 71; 5; 8913; INTERNAL; 65; 69; 4; 2794
INTERNAL; 73; 73; 0; 914; INTERNAL; 72; 72; 0; 909
INTERNAL; 72; 72; 0; 909; INTERNAL; 71; 71; 0; 746
INTERNAL; 72; 72; 0; 909; INTERNAL; 71; 71; 0; 745
INTERNAL; 71; 71; 0; 745; INTERNAL; 64; 70; 6; 2169
INTERNAL; 72; 72; 0; 909; INTERNAL; 71; 71; 0; 743
INTERNAL; 72; 72; 0; 909; INTERNAL; 71; 71; 0; 741
INTERNAL; 71; 71; 0; 741; INTERNAL; 66; 70; 4; 3986
INTERNAL; 73; 73; 0; 914; INTERNAL; 72; 72; 0; 908
INTERNAL; 74; 74; 0; 916; INTERNAL; 73; 73; 0; 910
INTERNAL; 73; 73; 0; 910; INTERNAL; 72; 72; 0; 740
INTERNAL; 74; 74; 0; 916; INTERNAL; 72; 73; 1; 913
INTERNAL; 74; 74; 0; 916; INTERNAL; 72; 73; 1; 911
INTERNAL; 72; 73; 1; 911; INTERNAL; 66; 72; 6; 739
INTERNAL; 75; 75; 0; 922; INTERNAL; 71; 74; 3; 7695
INTERNAL; 71; 74; 3; 7695; INTERNAL; 67; 73; 6; 738
INTERNAL; 75; 75; 0; 922; INTERNAL; 72; 74; 2; 4993
INTERNAL; 75; 75; 0; 922; INTERNAL; 73; 74; 1; 915
INTERNAL; 76; 76; 0; 923; INTERNAL; 73; 75; 2; 917
INTERNAL; 73; 75; 2; 917; INTERNAL; 72; 74; 2; 4733
INTERNAL; 76; 76; 0; 923; INTERNAL; 72; 75; 3; 920
INTERNAL; 77; 77; 0; 5068; INTERNAL; 73; 76; 3; 2497
INTERNAL; 78; 78; 0; 927; INTERNAL; 72; 77; 5; 5511
INTERNAL; 72; 77; 5; 5511; INTERNAL; 71; 76; 5; 1592
INTERNAL; 71; 76; 5; 1592; INTERNAL; 70; 75; 5; 736
INTERNAL; 78; 78; 0; 927; INTERNAL; 72; 77; 5; 1013
INTERNAL; 84; 84; 0; 4087; INTERNAL; 79; 83; 4; 2464
INTERNAL; 84; 84; 0; 4087; INTERNAL; 79; 83; 4; 7705
INTERNAL; 79; 83; 4; 7705; INTERNAL; 76; 82; 6; 2509
INTERNAL; 84; 84; 0; 4087; INTERNAL; 83; 83; 0; 2317
INTERNAL; 83; 83; 0; 2317; INTERNAL; 82; 82; 0; 7787
INTERNAL; 82; 82; 0; 7787; INTERNAL; 79; 81; 2; 933
INTERNAL; 79; 81; 2; 933; INTERNAL; 74; 80; 6; 733
INTERNAL; 82; 82; 0; 7787; INTERNAL; 81; 81; 0; 1084
INTERNAL; 81; 81; 0; 1084; INTERNAL; 79; 80; 1; 931
INTERNAL; 79; 80; 1; 931; INTERNAL; 73; 79; 6; 5578
INTERNAL; 81; 81; 0; 1084; INTERNAL; 79; 80; 1; 930
INTERNAL; 81; 81; 0; 1084; INTERNAL; 80; 80; 0; 2557
INTERNAL; 80; 80; 0; 2557; INTERNAL; 79; 79; 0; 3550
INTERNAL; 79; 79; 0; 3550; INTERNAL; 78; 78; 0; 734
INTERNAL; 78; 78; 0; 734; INTERNAL; 72; 77; 5; 2053
INTERNAL; 79; 79; 0; 3550; INTERNAL; 78; 78; 0; 7300
INTERNAL; 79; 79; 0; 3550; INTERNAL; 78; 78; 0; 735
INTERNAL; 78; 78; 0; 735; INTERNAL; 71; 77; 6; 4261
INTERNAL; 80; 80; 0; 2557; INTERNAL; 79; 79; 0; 928
INTERNAL; 80; 80; 0; 2557; INTERNAL; 79; 79; 0; 3401
INTERNAL; 79; 79; 0; 3401; INTERNAL; 72; 78; 6; 7221
INTERNAL; 79; 79; 0; 3401; INTERNAL; 72; 78; 6; 926
INTERNAL; 80; 80; 0; 2557; INTERNAL; 79; 79; 0; 3525
INTERNAL; 81; 81; 0; 1084; INTERNAL; 80; 80; 0; 929
INTERNAL; 80; 80; 0; 929; INTERNAL; 79; 79; 0; 1208
INTERNAL; 82; 82; 0; 7787; INTERNAL; 79; 81; 2; 932
INTERNAL; 82; 82; 0; 7787; INTERNAL; 80; 81; 1; 5075
INTERNAL; 83; 83; 0; 2317; INTERNAL; 79; 82; 3; 3765
INTERNAL; 83; 83; 0; 2317; INTERNAL; 79; 82; 3; 4158
INTERNAL; 79; 82; 3; 4158; INTERNAL; 75; 81; 6; 731
INTERNAL; 83; 83; 0; 2317; INTERNAL; 80; 82; 2; 934
INTERNAL; 87; 92; 5; 957; INTERNAL; 79; 84; 5; 937
INTERNAL; 87; 92; 5; 957; INTERNAL; 86; 86; 0; 9678
INTERNAL; 86; 86; 0; 9678; INTERNAL; 80; 85; 5; 938
INTERNAL; 80; 85; 5; 938; INTERNAL; 79; 83; 4; 2986
INTERNAL; 86; 86; 0; 9678; INTERNAL; 85; 85; 0; 7184
INTERNAL; 85; 85; 0; 7184; INTERNAL; 80; 84; 4; 936
INTERNAL; 85; 85; 0; 7184; INTERNAL; 79; 84; 5; 4173
INTERNAL; 79; 84; 5; 4173; INTERNAL; 77; 83; 6; 1019
INTERNAL; 93; 93; 0; 4307; INTERNAL; 92; 92; 0; 1097
INTERNAL; 92; 92; 0; 1097; INTERNAL; 87; 91; 4; 3776
INTERNAL; 92; 92; 0; 1097; INTERNAL; 87; 91; 4; 8254
INTERNAL; 87; 91; 4; 8254; INTERNAL; 83; 88; 5; 2286
INTERNAL; 92; 92; 0; 1097; INTERNAL; 91; 91; 0; 955
INTERNAL; 91; 91; 0; 955; INTERNAL; 90; 90; 0; 953
INTERNAL; 90; 90; 0; 953; INTERNAL; 88; 89; 1; 947
INTERNAL; 88; 89; 1; 947; INTERNAL; 87; 87; 0; 729
INTERNAL; 87; 87; 0; 729; INTERNAL; 81; 86; 5; 1756
INTERNAL; 90; 90; 0; 953; INTERNAL; 87; 89; 2; 950
INTERNAL; 90; 90; 0; 953; INTERNAL; 87; 89; 2; 951
INTERNAL; 90; 90; 0; 953; INTERNAL; 89; 89; 0; 7914
INTERNAL; 89; 89; 0; 7914; INTERNAL; 88; 88; 0; 2842
INTERNAL; 89; 89; 0; 7914; INTERNAL; 87; 88; 1; 944
INTERNAL; 87; 88; 1; 944; INTERNAL; 80; 86; 6; 939
INTERNAL; 89; 89; 0; 7914; INTERNAL; 87; 88; 1; 5260
INTERNAL; 89; 89; 0; 7914; INTERNAL; 88; 88; 0; 945
INTERNAL; 88; 88; 0; 945; INTERNAL; 87; 87; 0; 4409
INTERNAL; 87; 87; 0; 4409; INTERNAL; 86; 86; 0; 959
INTERNAL; 86; 86; 0; 959; INTERNAL; 80; 85; 5; 1887
INTERNAL; 80; 85; 5; 1887; INTERNAL; 79; 84; 5; 3210
INTERNAL; 88; 88; 0; 945; INTERNAL; 87; 87; 0; 940
INTERNAL; 87; 87; 0; 940; INTERNAL; 79; 86; 7; 2666
INTERNAL; 87; 87; 0; 940; INTERNAL; 80; 86; 6; 1219
INTERNAL; 88; 88; 0; 945; INTERNAL; 87; 87; 0; 4929
INTERNAL; 88; 88; 0; 945; INTERNAL; 87; 87; 0; 1475
INTERNAL; 88; 88; 0; 945; INTERNAL; 87; 87; 0; 941
INTERNAL; 88; 88; 0; 945; INTERNAL; 87; 87; 0; 942
INTERNAL; 87; 87; 0; 942; INTERNAL; 86; 86; 0; 3403
INTERNAL; 87; 87; 0; 942; INTERNAL; 86; 86; 0; 730
INTERNAL; 87; 87; 0; 942; INTERNAL; 86; 86; 0; 10109
INTERNAL; 91; 91; 0; 955; INTERNAL; 87; 90; 3; 7051
INTERNAL; 87; 90; 3; 7051; INTERNAL; 82; 89; 7; 728
INTERNAL; 91; 91; 0; 955; INTERNAL; 88; 90; 2; 952
INTERNAL; 88; 90; 2; 952; INTERNAL; 87; 89; 2; 4427
INTERNAL; 91; 91; 0; 955; INTERNAL; 87; 90; 3; 1779
INTERNAL; 92; 92; 0; 1097; INTERNAL; 88; 91; 3; 954
INTERNAL; 93; 93; 0; 4307; INTERNAL; 87; 92; 5; 956
INTERNAL; 87; 92; 5; 956; INTERNAL; 84; 91; 7; 8430
INTERNAL; 95; 100; 5; 718; INTERNAL; 87; 93; 6; 7069
INTERNAL; 95; 100; 5; 718; INTERNAL; 94; 94; 0; 961
INTERNAL; 94; 94; 0; 961; INTERNAL; 86; 93; 7; 958
INTERNAL; 86; 93; 7; 958; INTERNAL; 85; 92; 7; 6717
INTERNAL; 103; 103; 0; 1572; INTERNAL; 102; 102; 0; 972
INTERNAL; 102; 102; 0; 972; INTERNAL; 101; 101; 0; 7094
INTERNAL; 101; 101; 0; 7094; INTERNAL; 95; 100; 5; 4462
INTERNAL; 101; 101; 0; 7094; INTERNAL; 96; 100; 4; 8647
INTERNAL; 96; 100; 4; 8647; INTERNAL; 95; 98; 3; 6243
INTERNAL; 95; 98; 3; 6243; INTERNAL; 91; 97; 6; 7163
INTERNAL; 101; 101; 0; 7094; INTERNAL; 100; 100; 0; 4352
INTERNAL; 100; 100; 0; 4352; INTERNAL; 95; 99; 4; 4190
INTERNAL; 100; 100; 0; 4352; INTERNAL; 95; 99; 4; 9535
INTERNAL; 100; 100; 0; 4352; INTERNAL; 96; 99; 3; 968
INTERNAL; 100; 100; 0; 4352; INTERNAL; 99; 99; 0; 969
INTERNAL; 99; 99; 0; 969; INTERNAL; 98; 98; 0; 4778
INTERNAL; 98; 98; 0; 4778; INTERNAL; 95; 97; 2; 965
INTERNAL; 95; 97; 2; 965; INTERNAL; 88; 94; 6; 722
INTERNAL; 98; 98; 0; 4778; INTERNAL; 96; 97; 1; 8446
INTERNAL; 96; 97; 1; 8446; INTERNAL; 95; 96; 1; 723
INTERNAL; 95; 96; 1; 723; INTERNAL; 89; 95; 6; 8031
INTERNAL; 98; 98; 0; 4778; INTERNAL; 95; 97; 2; 7573
INTERNAL; 98; 98; 0; 4778; INTERNAL; 97; 97; 0; 9224
INTERNAL; 97; 97; 0; 9224; INTERNAL; 96; 96; 0; 962
INTERNAL; 96; 96; 0; 962; INTERNAL; 95; 95; 0; 3640
INTERNAL; 96; 96; 0; 962; INTERNAL; 95; 95; 0; 727
INTERNAL; 95; 95; 0; 727; INTERNAL; 87; 94; 7; 960
INTERNAL; 96; 96; 0; 962; INTERNAL; 95; 95; 0; 7900
INTERNAL; 95; 95; 0; 7900; INTERNAL; 94; 94; 0; 8904
INTERNAL; 96; 96; 0; 962; INTERNAL; 95; 95; 0; 5111
INTERNAL; 97; 97; 0; 9224; INTERNAL; 95; 96; 1; 964
INTERNAL; 95; 96; 1; 964; INTERNAL; 88; 95; 7; 4271
INTERNAL; 95; 96; 1; 964; INTERNAL; 87; 95; 8; 724
INTERNAL; 97; 97; 0; 9224; INTERNAL; 96; 96; 0; 5495
INTERNAL; 96; 96; 0; 5495; INTERNAL; 95; 95; 0; 6540
INTERNAL; 97; 97; 0; 9224; INTERNAL; 95; 96; 1; 9977
INTERNAL; 95; 96; 1; 9977; INTERNAL; 87; 95; 8; 5901
INTERNAL; 99; 99; 0; 969; INTERNAL; 96; 98; 2; 967
INTERNAL; 99; 99; 0; 969; INTERNAL; 95; 98; 3; 3609
INTERNAL; 95; 98; 3; 3609; INTERNAL; 90; 97; 7; 720
INTERNAL; 99; 99; 0; 969; INTERNAL; 95; 98; 3; 5373
INTERNAL; 101; 101; 0; 7094; INTERNAL; 95; 100; 5; 970
INTERNAL; 95; 100; 5; 970; INTERNAL; 92; 99; 7; 719
INTERNAL; 102; 102; 0; 972; INTERNAL; 95; 101; 6; 9270
INTERNAL; 102; 102; 0; 972; INTERNAL; 95; 101; 6; 6970
INTERNAL; 102; 102; 0; 972; INTERNAL; 96; 101; 5; 7198
INTERNAL; 103; 103; 0; 1572; INTERNAL; 95; 102; 7; 971
INTERNAL; 95; 102; 7; 971; INTERNAL; 94; 101; 7; 7100
INTERNAL; 103; 103; 0; 1572; INTERNAL; 95; 102; 7; 3189
INTERNAL; 104; 109; 5; 986; INTERNAL; 101; 108; 7; 710
INTERNAL; 110; 110; 0; 989; INTERNAL; 105; 109; 4; 982
INTERNAL; 105; 109; 4; 982; INTERNAL; 104; 107; 3; 3643
INTERNAL; 104; 107; 3; 3643; INTERNAL; 100; 106; 6; 711
INTERNAL; 110; 110; 0; 989; INTERNAL; 109; 109; 0; 983
INTERNAL; 109; 109; 0; 983; INTERNAL; 104; 108; 4; 1875
INTERNAL; 109; 109; 0; 983; INTERNAL; 104; 108; 4; 979
INTERNAL; 109; 109; 0; 983; INTERNAL; 105; 108; 3; 5884
INTERNAL; 109; 109; 0; 983; INTERNAL; 108; 108; 0; 980
INTERNAL; 108; 108; 0; 980; INTERNAL; 104; 107; 3; 8982
INTERNAL; 108; 108; 0; 980; INTERNAL; 105; 107; 2; 5226
INTERNAL; 105; 107; 2; 5226; INTERNAL; 104; 105; 1; 713
INTERNAL; 104; 105; 1; 713; INTERNAL; 98; 104; 6; 6473
INTERNAL; 108; 108; 0; 980; INTERNAL; 104; 107; 3; 977
INTERNAL; 104; 107; 3; 977; INTERNAL; 99; 106; 7; 712
INTERNAL; 108; 108; 0; 980; INTERNAL; 107; 107; 0; 976
INTERNAL; 107; 107; 0; 976; INTERNAL; 106; 106; 0; 2235
INTERNAL; 106; 106; 0; 2235; INTERNAL; 105; 105; 0; 3244
INTERNAL; 105; 105; 0; 3244; INTERNAL; 104; 104; 0; 5423
INTERNAL; 104; 104; 0; 5423; INTERNAL; 97; 103; 6; 7352
INTERNAL; 97; 103; 6; 7352; INTERNAL; 96; 102; 6; 1421
INTERNAL; 106; 106; 0; 2235; INTERNAL; 104; 105; 1; 5789
INTERNAL; 104; 105; 1; 5789; INTERNAL; 97; 104; 7; 714
INTERNAL; 106; 106; 0; 2235; INTERNAL; 104; 105; 1; 3754
INTERNAL; 106; 106; 0; 2235; INTERNAL; 105; 105; 0; 2204
INTERNAL; 105; 105; 0; 2204; INTERNAL; 104; 104; 0; 994
INTERNAL; 105; 105; 0; 2204; INTERNAL; 104; 104; 0; 5056
INTERNAL; 105; 105; 0; 2204; INTERNAL; 104; 104; 0; 995
INTERNAL; 104; 104; 0; 995; INTERNAL; 103; 103; 0; 3891
INTERNAL; 103; 103; 0; 3891; INTERNAL; 95; 101; 6; 715
INTERNAL; 103; 103; 0; 3891; INTERNAL; 96; 102; 6; 7327
INTERNAL; 104; 104; 0; 995; INTERNAL; 103; 103; 0; 5472
INTERNAL; 105; 105; 0; 2204; INTERNAL; 104; 104; 0; 716
INTERNAL; 105; 105; 0; 2204; INTERNAL; 104; 104; 0; 717
INTERNAL; 107; 107; 0; 976; INTERNAL; 104; 106; 2; 975
INTERNAL; 107; 107; 0; 976; INTERNAL; 104; 106; 2; 6177
INTERNAL; 107; 107; 0; 976; INTERNAL; 105; 106; 1; 974
INTERNAL; 110; 110; 0; 989; INTERNAL; 104; 109; 5; 985
INTERNAL; 113; 118; 5; 9889; INTERNAL; 112; 112; 0; 5046
INTERNAL; 112; 112; 0; 5046; INTERNAL; 104; 111; 7; 991
INTERNAL; 104; 111; 7; 991; INTERNAL; 102; 110; 8; 709
INTERNAL; 112; 112; 0; 5046; INTERNAL; 111; 111; 0; 993
INTERNAL; 111; 111; 0; 993; INTERNAL; 104; 110; 6; 988
INTERNAL; 111; 111; 0; 993; INTERNAL; 104; 110; 6; 5737
INTERNAL; 112; 112; 0; 5046; INTERNAL; 104; 111; 7; 992
INTERNAL; 123; 128; 5; 689; INTERNAL; 120; 127; 7; 4668
INTERNAL; 120; 127; 7; 4668; INTERNAL; 119; 119; 0; 1014
INTERNAL; 119; 119; 0; 1014; INTERNAL; 113; 118; 5; 2657
INTERNAL; 119; 119; 0; 1014; INTERNAL; 114; 118; 4; 8637
INTERNAL; 114; 118; 4; 8637; INTERNAL; 113; 116; 3; 2480
INTERNAL; 119; 119; 0; 1014; INTERNAL; 118; 118; 0; 3342
INTERNAL; 118; 118; 0; 3342; INTERNAL; 114; 117; 3; 1004
INTERNAL; 118; 118; 0; 3342; INTERNAL; 113; 117; 4; 1005
INTERNAL; 118; 118; 0; 3342; INTERNAL; 113; 117; 4; 1006
INTERNAL; 113; 117; 4; 1006; INTERNAL; 108; 116; 8; 4451
INTERNAL; 118; 118; 0; 3342; INTERNAL; 117; 117; 0; 1008
INTERNAL; 117; 117; 0; 1008; INTERNAL; 113; 116; 3; 2950
INTERNAL; 113; 116; 3; 2950; INTERNAL; 107; 114; 7; 4707
INTERNAL; 117; 117; 0; 1008; INTERNAL; 114; 116; 2; 999
INTERNAL; 114; 116; 2; 999; INTERNAL; 113; 114; 1; 703
INTERNAL; 117; 117; 0; 1008; INTERNAL; 113; 116; 3; 1002
INTERNAL; 113; 116; 3; 1002; INTERNAL; 108; 115; 7; 3917
INTERNAL; 117; 117; 0; 1008; INTERNAL; 116; 116; 0; 1000
INTERNAL; 116; 116; 0; 1000; INTERNAL; 113; 115; 2; 998
INTERNAL; 113; 115; 2; 998; INTERNAL; 106; 114; 8; 702
INTERNAL; 116; 116; 0; 1000; INTERNAL; 115; 115; 0; 3706
INTERNAL; 115; 115; 0; 3706; INTERNAL; 114; 114; 0; 2482
INTERNAL; 114; 114; 0; 2482; INTERNAL; 113; 113; 0; 1676
INTERNAL; 114; 114; 0; 2482; INTERNAL; 113; 113; 0; 708
INTERNAL; 114; 114; 0; 2482; INTERNAL; 113; 113; 0; 705
INTERNAL; 114; 114; 0; 2482; INTERNAL; 113; 113; 0; 707
INTERNAL; 113; 113; 0; 707; INTERNAL; 112; 112; 0; 7889
INTERNAL; 115; 115; 0; 3706; INTERNAL; 113; 114; 1; 996
INTERNAL; 113; 114; 1; 996; INTERNAL; 105; 112; 7; 704
INTERNAL; 113; 114; 1; 996; INTERNAL; 104; 113; 9; 4552
INTERNAL; 115; 115; 0; 3706; INTERNAL; 113; 114; 1; 997
INTERNAL; 113; 114; 1; 997; INTERNAL; 106; 113; 7; 7673
INTERNAL; 115; 115; 0; 3706; INTERNAL; 114; 114; 0; 8709
INTERNAL; 114; 114; 0; 8709; INTERNAL; 113; 113; 0; 1015
INTERNAL; 116; 116; 0; 1000; INTERNAL; 114; 115; 1; 5942
INTERNAL; 116; 116; 0; 1000; INTERNAL; 113; 115; 2; 1351
INTERNAL; 119; 119; 0; 1014; INTERNAL; 113; 118; 5; 1009
INTERNAL; 113; 118; 5; 1009; INTERNAL; 109; 117; 8; 701
INTERNAL; 120; 127; 7; 4668; INTERNAL; 113; 119; 6; 1012
INTERNAL; 113; 119; 6; 1012; INTERNAL; 110; 118; 8; 699
INTERNAL; 120; 127; 7; 4668; INTERNAL; 113; 119; 6; 1011
INTERNAL; 123; 128; 5; 689; INTERNAL; 122; 122; 0; 9453
INTERNAL; 122; 122; 0; 9453; INTERNAL; 112; 121; 9; 5550
INTERNAL; 122; 122; 0; 9453; INTERNAL; 121; 121; 0; 5514
INTERNAL; 121; 121; 0; 5514; INTERNAL; 120; 120; 0; 3929
INTERNAL; 120; 120; 0; 3929; INTERNAL; 114; 119; 5; 1010
INTERNAL; 121; 121; 0; 5514; INTERNAL; 113; 120; 7; 4885
INTERNAL; 121; 121; 0; 5514; INTERNAL; 114; 120; 6; 2802
INTERNAL; 121; 121; 0; 5514; INTERNAL; 113; 120; 7; 7348
INTERNAL; 133; 140; 7; 1062; INTERNAL; 132; 132; 0; 5692
INTERNAL; 132; 132; 0; 5692; INTERNAL; 123; 131; 8; 8653
INTERNAL; 123; 131; 8; 8653; INTERNAL; 122; 130; 8; 688
INTERNAL; 132; 132; 0; 5692; INTERNAL; 131; 131; 0; 1041
INTERNAL; 131; 131; 0; 1041; INTERNAL; 130; 130; 0; 1038
INTERNAL; 130; 130; 0; 1038; INTERNAL; 129; 129; 0; 1036
INTERNAL; 129; 129; 0; 1036; INTERNAL; 123; 128; 5; 2683
INTERNAL; 129; 129; 0; 1036; INTERNAL; 124; 128; 4; 1030
INTERNAL; 124; 128; 4; 1030; INTERNAL; 123; 126; 3; 690
INTERNAL; 123; 126; 3; 690; INTERNAL; 119; 125; 6; 9873
INTERNAL; 119; 125; 6; 9873; INTERNAL; 118; 124; 6; 5266
INTERNAL; 129; 129; 0; 1036; INTERNAL; 123; 128; 5; 1032
INTERNAL; 123; 128; 5; 1032; INTERNAL; 119; 127; 8; 2222
INTERNAL; 129; 129; 0; 1036; INTERNAL; 128; 128; 0; 1432
INTERNAL; 128; 128; 0; 1432; INTERNAL; 127; 127; 0; 1029
INTERNAL; 127; 127; 0; 1029; INTERNAL; 123; 126; 3; 1024
INTERNAL; 123; 126; 3; 1024; INTERNAL; 117; 125; 8; 691
INTERNAL; 127; 127; 0; 1029; INTERNAL; 123; 126; 3; 1025
INTERNAL; 127; 127; 0; 1029; INTERNAL; 126; 126; 0; 4765
INTERNAL; 126; 126; 0; 4765; INTERNAL; 123; 125; 2; 1021
INTERNAL; 123; 125; 2; 1021; INTERNAL; 116; 122; 6; 692
INTERNAL; 126; 126; 0; 4765; INTERNAL; 125; 125; 0; 1022
INTERNAL; 125; 125; 0; 1022; INTERNAL; 123; 124; 1; 3103
INTERNAL; 123; 124; 1; 3103; INTERNAL; 115; 123; 8; 693
INTERNAL; 125; 125; 0; 1022; INTERNAL; 123; 124; 1; 9404
INTERNAL; 125; 125; 0; 1022; INTERNAL; 124; 124; 0; 4345
INTERNAL; 124; 124; 0; 4345; INTERNAL; 123; 123; 0; 1731
INTERNAL; 123; 123; 0; 1731; INTERNAL; 115; 122; 7; 9507
INTERNAL; 115; 122; 7; 9507; INTERNAL; 114; 121; 7; 3135
INTERNAL; 124; 124; 0; 4345; INTERNAL; 123; 123; 0; 10131
INTERNAL; 124; 124; 0; 4345; INTERNAL; 123; 123; 0; 697
INTERNAL; 123; 123; 0; 697; INTERNAL; 122; 122; 0; 694
INTERNAL; 123; 123; 0; 697; INTERNAL; 122; 122; 0; 695
INTERNAL; 123; 123; 0; 697; INTERNAL; 122; 122; 0; 696
INTERNAL; 122; 122; 0; 696; INTERNAL; 113; 120; 7; 1605
INTERNAL; 122; 122; 0; 696; INTERNAL; 114; 121; 7; 3099
INTERNAL; 124; 124; 0; 4345; INTERNAL; 123; 123; 0; 698
INTERNAL; 125; 125; 0; 1022; INTERNAL; 124; 124; 0; 9763
INTERNAL; 124; 124; 0; 9763; INTERNAL; 123; 123; 0; 1017
INTERNAL; 126; 126; 0; 4765; INTERNAL; 124; 125; 1; 1524
INTERNAL; 124; 125; 1; 1524; INTERNAL; 123; 124; 1; 1723
INTERNAL; 123; 124; 1; 1723; INTERNAL; 117; 123; 6; 3832
INTERNAL; 126; 126; 0; 4765; INTERNAL; 123; 125; 2; 1020
INTERNAL; 127; 127; 0; 1029; INTERNAL; 124; 126; 2; 1023
INTERNAL; 128; 128; 0; 1432; INTERNAL; 124; 127; 3; 1026
INTERNAL; 128; 128; 0; 1432; INTERNAL; 123; 127; 4; 1028
INTERNAL; 128; 128; 0; 1432; INTERNAL; 123; 127; 4; 1027
INTERNAL; 130; 130; 0; 1038; INTERNAL; 123; 129; 6; 1034
INTERNAL; 130; 130; 0; 1038; INTERNAL; 123; 129; 6; 1035
INTERNAL; 131; 131; 0; 1041; INTERNAL; 123; 130; 7; 8485
INTERNAL; 123; 130; 7; 8485; INTERNAL; 121; 129; 8; 3804
INTERNAL; 131; 131; 0; 1041; INTERNAL; 124; 130; 6; 1037
INTERNAL; 131; 131; 0; 1041; INTERNAL; 123; 130; 7; 1039
INTERNAL; 132; 132; 0; 5692; INTERNAL; 123; 131; 8; 1042
INTERNAL; 133; 140; 7; 1062; INTERNAL; 130; 139; 9; 672
INTERNAL; 141; 141; 0; 7117; INTERNAL; 133; 140; 7; 6860
INTERNAL; 141; 141; 0; 7117; INTERNAL; 140; 140; 0; 4423
INTERNAL; 140; 140; 0; 4423; INTERNAL; 133; 139; 6; 1061
INTERNAL; 140; 140; 0; 4423; INTERNAL; 134; 139; 5; 1056
INTERNAL; 134; 139; 5; 1056; INTERNAL; 133; 137; 4; 676
INTERNAL; 133; 137; 4; 676; INTERNAL; 129; 136; 7; 675
INTERNAL; 140; 140; 0; 4423; INTERNAL; 139; 139; 0; 1058
INTERNAL; 139; 139; 0; 1058; INTERNAL; 134; 138; 4; 1054
INTERNAL; 139; 139; 0; 1058; INTERNAL; 133; 138; 5; 4175
INTERNAL; 133; 138; 5; 4175; INTERNAL; 128; 136; 8; 677
INTERNAL; 139; 139; 0; 1058; INTERNAL; 138; 138; 0; 1055
INTERNAL; 138; 138; 0; 1055; INTERNAL; 133; 137; 4; 1052
INTERNAL; 138; 138; 0; 1055; INTERNAL; 137; 137; 0; 1051
INTERNAL; 137; 137; 0; 1051; INTERNAL; 133; 136; 3; 1048
INTERNAL; 133; 136; 3; 1048; INTERNAL; 127; 135; 8; 678
INTERNAL; 127; 135; 8; 678; INTERNAL; 126; 134; 8; 681
INTERNAL; 137; 137; 0; 1051; INTERNAL; 136; 136; 0; 9162
INTERNAL; 136; 136; 0; 9162; INTERNAL; 133; 135; 2; 1046
INTERNAL; 136; 136; 0; 9162; INTERNAL; 135; 135; 0; 8728
INTERNAL; 135; 135; 0; 8728; INTERNAL; 133; 134; 1; 1959
INTERNAL; 133; 134; 1; 1959; INTERNAL; 125; 133; 8; 682
INTERNAL; 125; 133; 8; 682; INTERNAL; 124; 132; 8; 8403
INTERNAL; 135; 135; 0; 8728; INTERNAL; 133; 134; 1; 1045
INTERNAL; 133; 134; 1; 1045; INTERNAL; 125; 132; 7; 6341
INTERNAL; 135; 135; 0; 8728; INTERNAL; 134; 134; 0; 3623
INTERNAL; 134; 134; 0; 3623; INTERNAL; 133; 133; 0; 1043
INTERNAL; 134; 134; 0; 3623; INTERNAL; 133; 133; 0; 7364
INTERNAL; 133; 133; 0; 7364; INTERNAL; 124; 131; 7; 686
INTERNAL; 124; 131; 7; 686; INTERNAL; 123; 130; 7; 685
INTERNAL; 134; 134; 0; 3623; INTERNAL; 133; 133; 0; 5921
INTERNAL; 134; 134; 0; 3623; INTERNAL; 133; 133; 0; 7097
INTERNAL; 133; 133; 0; 7097; INTERNAL; 132; 132; 0; 684
INTERNAL; 133; 133; 0; 7097; INTERNAL; 132; 132; 0; 2989
INTERNAL; 133; 133; 0; 7097; INTERNAL; 132; 132; 0; 706
INTERNAL; 135; 135; 0; 8728; INTERNAL; 134; 134; 0; 1044
INTERNAL; 134; 134; 0; 1044; INTERNAL; 133; 133; 0; 683
INTERNAL; 136; 136; 0; 9162; INTERNAL; 133; 135; 2; 6549
INTERNAL; 136; 136; 0; 9162; INTERNAL; 134; 135; 1; 1205
INTERNAL; 137; 137; 0; 1051; INTERNAL; 134; 136; 2; 1047
INTERNAL; 134; 136; 2; 1047; INTERNAL; 133; 135; 2; 680
INTERNAL; 133; 135; 2; 680; INTERNAL; 127; 134; 7; 679
INTERNAL; 137; 137; 0; 1051; INTERNAL; 133; 136; 3; 1050
INTERNAL; 138; 138; 0; 1055; INTERNAL; 133; 137; 4; 1053
INTERNAL; 138; 138; 0; 1055; INTERNAL; 134; 137; 3; 4606
INTERNAL; 139; 139; 0; 1058; INTERNAL; 133; 138; 5; 7394
INTERNAL; 140; 140; 0; 4423; INTERNAL; 133; 139; 6; 1060
INTERNAL; 142; 142; 0; 9493; INTERNAL; 133; 141; 8; 8468
INTERNAL; 133; 141; 8; 8468; INTERNAL; 131; 140; 9; 2319
INTERNAL; 142; 142; 0; 9493; INTERNAL; 133; 141; 8; 7142
INTERNAL; 154; 161; 7; 6774; INTERNAL; 150; 150; 0; 1169
INTERNAL; 150; 150; 0; 1169; INTERNAL; 144; 149; 5; 2695
INTERNAL; 144; 149; 5; 2695; INTERNAL; 143; 148; 5; 664
INTERNAL; 143; 148; 5; 664; INTERNAL; 140; 147; 7; 2793
INTERNAL; 140; 147; 7; 2793; INTERNAL; 139; 146; 7; 6276
INTERNAL; 150; 150; 0; 1169; INTERNAL; 143; 149; 6; 9682
INTERNAL; 150; 150; 0; 1169; INTERNAL; 143; 149; 6; 1083
INTERNAL; 150; 150; 0; 1169; INTERNAL; 149; 149; 0; 2470
INTERNAL; 149; 149; 0; 2470; INTERNAL; 148; 148; 0; 9996
INTERNAL; 148; 148; 0; 9996; INTERNAL; 143; 147; 4; 4028
INTERNAL; 148; 148; 0; 9996; INTERNAL; 143; 147; 4; 1677
INTERNAL; 143; 147; 4; 1677; INTERNAL; 137; 145; 8; 666
INTERNAL; 148; 148; 0; 9996; INTERNAL; 147; 147; 0; 1080
INTERNAL; 147; 147; 0; 1080; INTERNAL; 144; 146; 2; 3667
INTERNAL; 144; 146; 2; 3667; INTERNAL; 143; 144; 1; 669
INTERNAL; 143; 144; 1; 669; INTERNAL; 136; 143; 7; 5841
INTERNAL; 136; 143; 7; 5841; INTERNAL; 135; 142; 7; 9463
INTERNAL; 147; 147; 0; 1080; INTERNAL; 143; 146; 3; 1921
INTERNAL; 143; 146; 3; 1921; INTERNAL; 136; 145; 9; 667
INTERNAL; 147; 147; 0; 1080; INTERNAL; 146; 146; 0; 1076
INTERNAL; 146; 146; 0; 1076; INTERNAL; 143; 145; 2; 1074
INTERNAL; 146; 146; 0; 1076; INTERNAL; 143; 145; 2; 1072
INTERNAL; 146; 146; 0; 1076; INTERNAL; 144; 145; 1; 9766
INTERNAL; 146; 146; 0; 1076; INTERNAL; 145; 145; 0; 1075
INTERNAL; 145; 145; 0; 1075; INTERNAL; 143; 144; 1; 1069
INTERNAL; 143; 144; 1; 1069; INTERNAL; 134; 143; 9; 1003
INTERNAL; 145; 145; 0; 1075; INTERNAL; 143; 144; 1; 1070
INTERNAL; 145; 145; 0; 1075; INTERNAL; 144; 144; 0; 4071
INTERNAL; 144; 144; 0; 4071; INTERNAL; 143; 143; 0; 4583
INTERNAL; 144; 144; 0; 4071; INTERNAL; 143; 143; 0; 2164
INTERNAL; 144; 144; 0; 4071; INTERNAL; 143; 143; 0; 671
INTERNAL; 143; 143; 0; 671; INTERNAL; 142; 142; 0; 1135
INTERNAL; 144; 144; 0; 4071; INTERNAL; 143; 143; 0; 670
INTERNAL; 143; 143; 0; 670; INTERNAL; 133; 142; 9; 1066
INTERNAL; 143; 143; 0; 670; INTERNAL; 133; 142; 9; 1063
INTERNAL; 145; 145; 0; 1075; INTERNAL; 144; 144; 0; 9620
INTERNAL; 144; 144; 0; 9620; INTERNAL; 143; 143; 0; 1068
INTERNAL; 147; 147; 0; 1080; INTERNAL; 143; 146; 3; 1078
INTERNAL; 148; 148; 0; 9996; INTERNAL; 144; 147; 3; 1079
INTERNAL; 144; 147; 3; 1079; INTERNAL; 143; 146; 3; 3027
INTERNAL; 149; 149; 0; 2470; INTERNAL; 143; 148; 5; 1082
INTERNAL; 143; 148; 5; 1082; INTERNAL; 138; 147; 9; 665
INTERNAL; 149; 149; 0; 2470; INTERNAL; 143; 148; 5; 1081
INTERNAL; 149; 149; 0; 2470; INTERNAL; 144; 148; 4; 9212
INTERNAL; 154; 161; 7; 6774; INTERNAL; 153; 153; 0; 1088
INTERNAL; 153; 153; 0; 1088; INTERNAL; 152; 152; 0; 1724
INTERNAL; 152; 152; 0; 1724; INTERNAL; 143; 151; 8; 10003
INTERNAL; 152; 152; 0; 1724; INTERNAL; 143; 151; 8; 2347
INTERNAL; 152; 152; 0; 1724; INTERNAL; 151; 151; 0; 1087
INTERNAL; 151; 151; 0; 1087; INTERNAL; 144; 150; 6; 1085
INTERNAL; 151; 151; 0; 1087; INTERNAL; 143; 150; 7; 8840
INTERNAL; 143; 150; 7; 8840; INTERNAL; 140; 149; 9; 663
INTERNAL; 153; 153; 0; 1088; INTERNAL; 143; 152; 9; 4969
INTERNAL; 153; 153; 0; 1088; INTERNAL; 142; 152; 10; 4597
INTERNAL; 166; 172; 6; 641; INTERNAL; 165; 165; 0; 1118
INTERNAL; 165; 165; 0; 1118; INTERNAL; 154; 164; 10; 2435
INTERNAL; 154; 164; 10; 2435; INTERNAL; 153; 162; 9; 649
INTERNAL; 165; 165; 0; 1118; INTERNAL; 164; 164; 0; 1116
INTERNAL; 164; 164; 0; 1116; INTERNAL; 155; 163; 8; 6248
INTERNAL; 155; 163; 8; 6248; INTERNAL; 154; 161; 7; 650
INTERNAL; 164; 164; 0; 1116; INTERNAL; 154; 163; 9; 1114
INTERNAL; 164; 164; 0; 1116; INTERNAL; 154; 163; 9; 1113
INTERNAL; 164; 164; 0; 1116; INTERNAL; 163; 163; 0; 1115
INTERNAL; 163; 163; 0; 1115; INTERNAL; 162; 162; 0; 4970
INTERNAL; 162; 162; 0; 4970; INTERNAL; 161; 161; 0; 5023
INTERNAL; 161; 161; 0; 5023; INTERNAL; 154; 160; 6; 2153
INTERNAL; 161; 161; 0; 5023; INTERNAL; 154; 160; 6; 1108
INTERNAL; 154; 160; 6; 1108; INTERNAL; 149; 159; 10; 2960
INTERNAL; 161; 161; 0; 5023; INTERNAL; 160; 160; 0; 1109
INTERNAL; 160; 160; 0; 1109; INTERNAL; 154; 159; 5; 1106
INTERNAL; 160; 160; 0; 1109; INTERNAL; 155; 159; 4; 1103
INTERNAL; 155; 159; 4; 1103; INTERNAL; 154; 157; 3; 9320
INTERNAL; 154; 157; 3; 9320; INTERNAL; 148; 156; 8; 655
INTERNAL; 160; 160; 0; 1109; INTERNAL; 154; 159; 5; 1105
INTERNAL; 154; 159; 5; 1105; INTERNAL; 149; 158; 9; 7537
INTERNAL; 160; 160; 0; 1109; INTERNAL; 159; 159; 0; 1104
INTERNAL; 159; 159; 0; 1104; INTERNAL; 158; 158; 0; 1102
INTERNAL; 158; 158; 0; 1102; INTERNAL; 155; 157; 2; 1094
INTERNAL; 155; 157; 2; 1094; INTERNAL; 154; 155; 1; 4796
INTERNAL; 154; 155; 1; 4796; INTERNAL; 146; 154; 8; 925
INTERNAL; 158; 158; 0; 1102; INTERNAL; 154; 157; 3; 1095
INTERNAL; 154; 157; 3; 1095; INTERNAL; 147; 156; 9; 657
INTERNAL; 158; 158; 0; 1102; INTERNAL; 154; 157; 3; 4631
INTERNAL; 158; 158; 0; 1102; INTERNAL; 157; 157; 0; 1674
INTERNAL; 157; 157; 0; 1674; INTERNAL; 154; 156; 2; 1092
INTERNAL; 157; 157; 0; 1674; INTERNAL; 156; 156; 0; 1093
INTERNAL; 156; 156; 0; 1093; INTERNAL; 155; 155; 0; 10119
INTERNAL; 155; 155; 0; 10119; INTERNAL; 154; 154; 0; 1098
INTERNAL; 154; 154; 0; 1098; INTERNAL; 144; 153; 9; 2825
INTERNAL; 156; 156; 0; 1093; INTERNAL; 154; 155; 1; 1117
INTERNAL; 154; 155; 1; 1117; INTERNAL; 145; 154; 9; 658
INTERNAL; 156; 156; 0; 1093; INTERNAL; 155; 155; 0; 8378
INTERNAL; 155; 155; 0; 8378; INTERNAL; 154; 154; 0; 1496
INTERNAL; 155; 155; 0; 8378; INTERNAL; 154; 154; 0; 9392
INTERNAL; 154; 154; 0; 9392; INTERNAL; 153; 153; 0; 8657
INTERNAL; 155; 155; 0; 8378; INTERNAL; 154; 154; 0; 2619
INTERNAL; 154; 154; 0; 2619; INTERNAL; 143; 153; 10; 660
INTERNAL; 155; 155; 0; 8378; INTERNAL; 154; 154; 0; 662
INTERNAL; 156; 156; 0; 1093; INTERNAL; 154; 155; 1; 8530
INTERNAL; 154; 155; 1; 8530; INTERNAL; 145; 154; 9; 659
INTERNAL; 157; 157; 0; 1674; INTERNAL; 154; 156; 2; 1091
INTERNAL; 157; 157; 0; 1674; INTERNAL; 155; 156; 1; 1089
INTERNAL; 159; 159; 0; 1104; INTERNAL; 154; 158; 4; 1101
INTERNAL; 159; 159; 0; 1104; INTERNAL; 154; 158; 4; 1100
INTERNAL; 154; 158; 4; 1100; INTERNAL; 147; 157; 10; 653
INTERNAL; 159; 159; 0; 1104; INTERNAL; 155; 158; 3; 1099
INTERNAL; 161; 161; 0; 5023; INTERNAL; 155; 160; 5; 1107
INTERNAL; 155; 160; 5; 1107; INTERNAL; 154; 159; 5; 2555
INTERNAL; 162; 162; 0; 4970; INTERNAL; 154; 161; 7; 9324
INTERNAL; 154; 161; 7; 9324; INTERNAL; 150; 160; 10; 651
INTERNAL; 162; 162; 0; 4970; INTERNAL; 155; 161; 6; 4965
INTERNAL; 163; 163; 0; 1115; INTERNAL; 154; 162; 8; 2030
INTERNAL; 154; 162; 8; 2030; INTERNAL; 151; 161; 10; 1471
INTERNAL; 163; 163; 0; 1115; INTERNAL; 155; 162; 7; 1110
INTERNAL; 163; 163; 0; 1115; INTERNAL; 154; 162; 8; 1111
INTERNAL; 166; 172; 6; 641; INTERNAL; 162; 171; 9; 640
INTERNAL; 177; 185; 8; 1161; INTERNAL; 176; 176; 0; 3951
INTERNAL; 176; 176; 0; 3951; INTERNAL; 165; 175; 10; 1139
INTERNAL; 165; 175; 10; 1139; INTERNAL; 164; 174; 10; 637
INTERNAL; 176; 176; 0; 3951; INTERNAL; 175; 175; 0; 1140
INTERNAL; 175; 175; 0; 1140; INTERNAL; 166; 174; 8; 1136
INTERNAL; 175; 175; 0; 1140; INTERNAL; 174; 174; 0; 1137
INTERNAL; 174; 174; 0; 1137; INTERNAL; 167; 173; 6; 3798
INTERNAL; 167; 173; 6; 3798; INTERNAL; 166; 172; 6; 8927
INTERNAL; 174; 174; 0; 1137; INTERNAL; 167; 173; 6; 1133
INTERNAL; 174; 174; 0; 1137; INTERNAL; 166; 173; 7; 1130
INTERNAL; 174; 174; 0; 1137; INTERNAL; 173; 173; 0; 1143
INTERNAL; 173; 173; 0; 1143; INTERNAL; 172; 172; 0; 4412
INTERNAL; 172; 172; 0; 4412; INTERNAL; 167; 171; 4; 6441
INTERNAL; 167; 171; 4; 6441; INTERNAL; 166; 170; 4; 642
INTERNAL; 166; 170; 4; 642; INTERNAL; 160; 169; 9; 7001
INTERNAL; 172; 172; 0; 4412; INTERNAL; 171; 171; 0; 5017
INTERNAL; 171; 171; 0; 5017; INTERNAL; 170; 170; 0; 6082
INTERNAL; 170; 170; 0; 6082; INTERNAL; 167; 169; 2; 8813
INTERNAL; 167; 169; 2; 8813; INTERNAL; 166; 168; 2; 9317
INTERNAL; 166; 168; 2; 9317; INTERNAL; 159; 167; 8; 8284
INTERNAL; 170; 170; 0; 6082; INTERNAL; 166; 169; 3; 1127
INTERNAL; 170; 170; 0; 6082; INTERNAL; 166; 169; 3; 1126
INTERNAL; 166; 169; 3; 1126; INTERNAL; 158; 167; 9; 1001
INTERNAL; 170; 170; 0; 6082; INTERNAL; 169; 169; 0; 7651
INTERNAL; 169; 169; 0; 7651; INTERNAL; 166; 168; 2; 1125
INTERNAL; 169; 169; 0; 7651; INTERNAL; 166; 168; 2; 2839
INTERNAL; 166; 168; 2; 2839; INTERNAL; 158; 167; 9; 644
INTERNAL; 158; 167; 9; 644; INTERNAL; 157; 165; 8; 4206
INTERNAL; 169; 169; 0; 7651; INTERNAL; 167; 168; 1; 1284
INTERNAL; 167; 168; 1; 1284; INTERNAL; 166; 166; 0; 4674
INTERNAL; 169; 169; 0; 7651; INTERNAL; 168; 168; 0; 1123
INTERNAL; 168; 168; 0; 1123; INTERNAL; 166; 167; 1; 3994
INTERNAL; 168; 168; 0; 1123; INTERNAL; 167; 167; 0; 1122
INTERNAL; 167; 167; 0; 1122; INTERNAL; 166; 166; 0; 4464
INTERNAL; 166; 166; 0; 4464; INTERNAL; 156; 165; 9; 7110
INTERNAL; 167; 167; 0; 1122; INTERNAL; 166; 166; 0; 1119
INTERNAL; 166; 166; 0; 1119; INTERNAL; 156; 164; 8; 3205
INTERNAL; 156; 164; 8; 3205; INTERNAL; 155; 163; 8; 2423
INTERNAL; 167; 167; 0; 1122; INTERNAL; 166; 166; 0; 1120
INTERNAL; 166; 166; 0; 1120; INTERNAL; 156; 165; 9; 2806
INTERNAL; 167; 167; 0; 1122; INTERNAL; 166; 166; 0; 4235
INTERNAL; 166; 166; 0; 4235; INTERNAL; 165; 165; 0; 7021
INTERNAL; 166; 166; 0; 4235; INTERNAL; 165; 165; 0; 647
INTERNAL; 166; 166; 0; 4235; INTERNAL; 165; 165; 0; 3499
INTERNAL; 166; 166; 0; 4235; INTERNAL; 165; 165; 0; 4300
INTERNAL; 165; 165; 0; 4300; INTERNAL; 154; 164; 10; 645
INTERNAL; 168; 168; 0; 1123; INTERNAL; 167; 167; 0; 7629
INTERNAL; 168; 168; 0; 1123; INTERNAL; 166; 167; 1; 1121
INTERNAL; 171; 171; 0; 5017; INTERNAL; 167; 170; 3; 1128
INTERNAL; 167; 170; 3; 1128; INTERNAL; 166; 169; 3; 643
INTERNAL; 166; 169; 3; 643; INTERNAL; 160; 168; 8; 990
INTERNAL; 171; 171; 0; 5017; INTERNAL; 167; 170; 3; 1922
INTERNAL; 171; 171; 0; 5017; INTERNAL; 166; 170; 4; 4815
INTERNAL; 171; 171; 0; 5017; INTERNAL; 167; 170; 3; 8794
INTERNAL; 172; 172; 0; 4412; INTERNAL; 167; 171; 4; 1129
INTERNAL; 167; 171; 4; 1129; INTERNAL; 166; 170; 4; 9711
INTERNAL; 172; 172; 0; 4412; INTERNAL; 167; 171; 4; 7925
INTERNAL; 172; 172; 0; 4412; INTERNAL; 166; 171; 5; 5137
INTERNAL; 173; 173; 0; 1143; INTERNAL; 166; 172; 6; 8109
INTERNAL; 166; 172; 6; 8109; INTERNAL; 161; 171; 10; 4227
INTERNAL; 173; 173; 0; 1143; INTERNAL; 167; 172; 5; 3097
INTERNAL; 173; 173; 0; 1143; INTERNAL; 166; 172; 6; 7368
INTERNAL; 175; 175; 0; 1140; INTERNAL; 167; 174; 7; 1138
INTERNAL; 175; 175; 0; 1140; INTERNAL; 167; 174; 7; 1134
INTERNAL; 167; 174; 7; 1134; INTERNAL; 166; 173; 7; 639
INTERNAL; 166; 173; 7; 639; INTERNAL; 163; 172; 9; 638
INTERNAL; 175; 175; 0; 1140; INTERNAL; 167; 174; 7; 2741
INTERNAL; 186; 186; 0; 1162; INTERNAL; 178; 185; 7; 2938
INTERNAL; 178; 185; 7; 2938; INTERNAL; 177; 184; 7; 8393
INTERNAL; 177; 184; 7; 8393; INTERNAL; 174; 183; 9; 627
INTERNAL; 186; 186; 0; 1162; INTERNAL; 177; 185; 8; 2982
INTERNAL; 186; 186; 0; 1162; INTERNAL; 185; 185; 0; 4432
INTERNAL; 185; 185; 0; 4432; INTERNAL; 177; 184; 7; 3789
INTERNAL; 177; 184; 7; 3789; INTERNAL; 173; 183; 10; 5063
INTERNAL; 185; 185; 0; 4432; INTERNAL; 178; 184; 6; 1158
INTERNAL; 178; 184; 6; 1158; INTERNAL; 177; 182; 5; 10067
INTERNAL; 177; 182; 5; 10067; INTERNAL; 172; 181; 9; 628
INTERNAL; 185; 185; 0; 4432; INTERNAL; 177; 184; 7; 6582
INTERNAL; 185; 185; 0; 4432; INTERNAL; 184; 184; 0; 1159
INTERNAL; 184; 184; 0; 1159; INTERNAL; 178; 183; 5; 1403
INTERNAL; 178; 183; 5; 1403; INTERNAL; 177; 182; 5; 4097
INTERNAL; 184; 184; 0; 1159; INTERNAL; 178; 183; 5; 6499
INTERNAL; 178; 183; 5; 6499; INTERNAL; 177; 182; 5; 5736
INTERNAL; 184; 184; 0; 1159; INTERNAL; 178; 183; 5; 4313
INTERNAL; 184; 184; 0; 1159; INTERNAL; 178; 183; 5; 7690
INTERNAL; 184; 184; 0; 1159; INTERNAL; 183; 183; 0; 1156
INTERNAL; 183; 183; 0; 1156; INTERNAL; 178; 182; 4; 8931
INTERNAL; 178; 182; 4; 8931; INTERNAL; 177; 181; 4; 7029
INTERNAL; 177; 181; 4; 7029; INTERNAL; 171; 180; 9; 9655
INTERNAL; 183; 183; 0; 1156; INTERNAL; 182; 182; 0; 1154
INTERNAL; 182; 182; 0; 1154; INTERNAL; 181; 181; 0; 1153
INTERNAL; 181; 181; 0; 1153; INTERNAL; 177; 180; 3; 4057
INTERNAL; 177; 180; 3; 4057; INTERNAL; 169; 178; 9; 8259
INTERNAL; 181; 181; 0; 1153; INTERNAL; 178; 180; 2; 6142
INTERNAL; 178; 180; 2; 6142; INTERNAL; 177; 178; 1; 632
INTERNAL; 177; 178; 1; 632; INTERNAL; 169; 177; 8; 3960
INTERNAL; 169; 177; 8; 3960; INTERNAL; 168; 176; 8; 6956
INTERNAL; 181; 181; 0; 1153; INTERNAL; 178; 180; 2; 9526
INTERNAL; 178; 180; 2; 9526; INTERNAL; 177; 179; 2; 9622
INTERNAL; 181; 181; 0; 1153; INTERNAL; 178; 180; 2; 4127
INTERNAL; 181; 181; 0; 1153; INTERNAL; 180; 180; 0; 1150
INTERNAL; 180; 180; 0; 1150; INTERNAL; 177; 179; 2; 6980
INTERNAL; 180; 180; 0; 1150; INTERNAL; 179; 179; 0; 5460
INTERNAL; 179; 179; 0; 5460; INTERNAL; 177; 178; 1; 1149
INTERNAL; 177; 178; 1; 1149; INTERNAL; 167; 177; 10; 634
INTERNAL; 179; 179; 0; 5460; INTERNAL; 177; 178; 1; 1146
INTERNAL; 177; 178; 1; 1146; INTERNAL; 166; 176; 10; 890
INTERNAL; 177; 178; 1; 1146; INTERNAL; 167; 176; 9; 6077
INTERNAL; 167; 176; 9; 6077; INTERNAL; 166; 175; 9; 1141
INTERNAL; 179; 179; 0; 5460; INTERNAL; 177; 178; 1; 1148
INTERNAL; 179; 179; 0; 5460; INTERNAL; 178; 178; 0; 1147
INTERNAL; 178; 178; 0; 1147; INTERNAL; 177; 177; 0; 6183
INTERNAL; 178; 178; 0; 1147; INTERNAL; 177; 177; 0; 1711
INTERNAL; 177; 177; 0; 1711; INTERNAL; 176; 176; 0; 636
INTERNAL; 177; 177; 0; 1711; INTERNAL; 176; 176; 0; 9417
INTERNAL; 176; 176; 0; 9417; INTERNAL; 166; 174; 8; 635
INTERNAL; 176; 176; 0; 9417; INTERNAL; 167; 175; 8; 2800
INTERNAL; 178; 178; 0; 1147; INTERNAL; 177; 177; 0; 1145
INTERNAL; 178; 178; 0; 1147; INTERNAL; 177; 177; 0; 1167
INTERNAL; 178; 178; 0; 1147; INTERNAL; 177; 177; 0; 1144
INTERNAL; 180; 180; 0; 1150; INTERNAL; 178; 179; 1; 2836
INTERNAL; 180; 180; 0; 1150; INTERNAL; 177; 179; 2; 4867
INTERNAL; 182; 182; 0; 1154; INTERNAL; 177; 181; 4; 6165
INTERNAL; 182; 182; 0; 1154; INTERNAL; 177; 181; 4; 1152
INTERNAL; 177; 181; 4; 1152; INTERNAL; 167; 178; 11; 1071
INTERNAL; 177; 181; 4; 1152; INTERNAL; 170; 178; 8; 629
INTERNAL; 182; 182; 0; 1154; INTERNAL; 178; 181; 3; 1151
INTERNAL; 178; 181; 3; 1151; INTERNAL; 177; 180; 3; 849
INTERNAL; 177; 180; 3; 849; INTERNAL; 171; 179; 8; 630
INTERNAL; 183; 183; 0; 1156; INTERNAL; 177; 182; 5; 8957
INTERNAL; 183; 183; 0; 1156; INTERNAL; 178; 182; 4; 1155
INTERNAL; 183; 183; 0; 1156; INTERNAL; 178; 182; 4; 8784
INTERNAL; 184; 184; 0; 1159; INTERNAL; 178; 183; 5; 4219
INTERNAL; 187; 187; 0; 1166; INTERNAL; 177; 186; 9; 3905
INTERNAL; 177; 186; 9; 3905; INTERNAL; 175; 185; 10; 9126
INTERNAL; 187; 187; 0; 1166; INTERNAL; 178; 186; 8; 1163
INTERNAL; 187; 187; 0; 1166; INTERNAL; 178; 186; 8; 1165
INTERNAL; 178; 186; 8; 1165; INTERNAL; 177; 185; 8; 626
INTERNAL; 187; 187; 0; 1166; INTERNAL; 178; 186; 8; 1629
INTERNAL; 188; 188; 0; 5286; INTERNAL; 176; 187; 11; 4326
INTERNAL; 189; 196; 7; 616; INTERNAL; 185; 195; 10; 615
INTERNAL; 201; 210; 9; 1236; INTERNAL; 189; 197; 8; 1198
INTERNAL; 201; 210; 9; 1236; INTERNAL; 200; 200; 0; 6348
INTERNAL; 200; 200; 0; 6348; INTERNAL; 188; 198; 10; 1206
INTERNAL; 200; 200; 0; 6348; INTERNAL; 189; 199; 10; 1202
INTERNAL; 189; 199; 10; 1202; INTERNAL; 187; 198; 11; 6159
INTERNAL; 200; 200; 0; 6348; INTERNAL; 199; 199; 0; 1204
INTERNAL; 199; 199; 0; 1204; INTERNAL; 198; 198; 0; 1200
INTERNAL; 198; 198; 0; 1200; INTERNAL; 197; 197; 0; 6335
INTERNAL; 197; 197; 0; 6335; INTERNAL; 189; 196; 7; 7834
INTERNAL; 189; 196; 7; 7834; INTERNAL; 185; 195; 10; 618
INTERNAL; 185; 195; 10; 618; INTERNAL; 184; 193; 9; 1751
INTERNAL; 197; 197; 0; 6335; INTERNAL; 190; 196; 6; 1193
INTERNAL; 190; 196; 6; 1193; INTERNAL; 189; 194; 5; 6026
INTERNAL; 197; 197; 0; 6335; INTERNAL; 189; 196; 7; 1195
INTERNAL; 197; 197; 0; 6335; INTERNAL; 196; 196; 0; 1194
INTERNAL; 196; 196; 0; 1194; INTERNAL; 190; 195; 5; 1189
INTERNAL; 196; 196; 0; 1194; INTERNAL; 189; 195; 6; 1190
INTERNAL; 189; 195; 6; 1190; INTERNAL; 183; 193; 10; 8812
INTERNAL; 196; 196; 0; 1194; INTERNAL; 195; 195; 0; 4578
INTERNAL; 195; 195; 0; 4578; INTERNAL; 189; 194; 5; 1187
INTERNAL; 189; 194; 5; 1187; INTERNAL; 183; 193; 10; 619
INTERNAL; 183; 193; 10; 619; INTERNAL; 182; 191; 9; 7073
INTERNAL; 195; 195; 0; 4578; INTERNAL; 189; 194; 5; 1188
INTERNAL; 195; 195; 0; 4578; INTERNAL; 190; 194; 4; 1181
INTERNAL; 190; 194; 4; 1181; INTERNAL; 189; 192; 3; 620
INTERNAL; 195; 195; 0; 4578; INTERNAL; 194; 194; 0; 1183
INTERNAL; 194; 194; 0; 1183; INTERNAL; 189; 193; 4; 9090
INTERNAL; 189; 193; 4; 9090; INTERNAL; 181; 191; 10; 8002
INTERNAL; 194; 194; 0; 1183; INTERNAL; 190; 193; 3; 1179
INTERNAL; 194; 194; 0; 1183; INTERNAL; 189; 193; 4; 3650
INTERNAL; 194; 194; 0; 1183; INTERNAL; 193; 193; 0; 1180
INTERNAL; 193; 193; 0; 1180; INTERNAL; 189; 192; 3; 7671
INTERNAL; 193; 193; 0; 1180; INTERNAL; 190; 192; 2; 9504
INTERNAL; 190; 192; 2; 9504; INTERNAL; 189; 190; 1; 4209
INTERNAL; 189; 190; 1; 4209; INTERNAL; 180; 189; 9; 2045
INTERNAL; 193; 193; 0; 1180; INTERNAL; 189; 192; 3; 1177
INTERNAL; 193; 193; 0; 1180; INTERNAL; 192; 192; 0; 1176
INTERNAL; 192; 192; 0; 1176; INTERNAL; 189; 191; 2; 7615
INTERNAL; 192; 192; 0; 1176; INTERNAL; 191; 191; 0; 1175
INTERNAL; 191; 191; 0; 1175; INTERNAL; 189; 190; 1; 2247
INTERNAL; 189; 190; 1; 2247; INTERNAL; 179; 189; 10; 7605
INTERNAL; 179; 189; 10; 7605; INTERNAL; 177; 188; 11; 6051
INTERNAL; 179; 189; 10; 7605; INTERNAL; 178; 187; 9; 621
INTERNAL; 191; 191; 0; 1175; INTERNAL; 189; 190; 1; 1172
INTERNAL; 189; 190; 1; 1172; INTERNAL; 179; 189; 10; 919
INTERNAL; 191; 191; 0; 1175; INTERNAL; 190; 190; 0; 5183
INTERNAL; 190; 190; 0; 5183; INTERNAL; 189; 189; 0; 1812
INTERNAL; 190; 190; 0; 5183; INTERNAL; 189; 189; 0; 10046
INTERNAL; 189; 189; 0; 10046; INTERNAL; 177; 188; 11; 625
INTERNAL; 189; 189; 0; 10046; INTERNAL; 177; 188; 11; 4365
INTERNAL; 190; 190; 0; 5183; INTERNAL; 189; 189; 0; 1207
INTERNAL; 190; 190; 0; 5183; INTERNAL; 189; 189; 0; 1168
INTERNAL; 189; 189; 0; 1168; INTERNAL; 179; 188; 9; 622
INTERNAL; 190; 190; 0; 5183; INTERNAL; 189; 189; 0; 1170
INTERNAL; 190; 190; 0; 5183; INTERNAL; 189; 189; 0; 7098
INTERNAL; 189; 189; 0; 7098; INTERNAL; 188; 188; 0; 623
INTERNAL; 189; 189; 0; 7098; INTERNAL; 188; 188; 0; 624
INTERNAL; 188; 188; 0; 624; INTERNAL; 177; 187; 10; 748
INTERNAL; 191; 191; 0; 1175; INTERNAL; 189; 190; 1; 1171
INTERNAL; 192; 192; 0; 1176; INTERNAL; 189; 191; 2; 8170
INTERNAL; 192; 192; 0; 1176; INTERNAL; 190; 191; 1; 1173
INTERNAL; 196; 196; 0; 1194; INTERNAL; 189; 195; 6; 1192
INTERNAL; 198; 198; 0; 1200; INTERNAL; 190; 197; 7; 1199
INTERNAL; 198; 198; 0; 1200; INTERNAL; 190; 197; 7; 1196
INTERNAL; 190; 197; 7; 1196; INTERNAL; 189; 196; 7; 614
INTERNAL; 199; 199; 0; 1204; INTERNAL; 189; 198; 9; 1201
INTERNAL; 189; 198; 9; 1201; INTERNAL; 186; 197; 11; 1769
INTERNAL; 199; 199; 0; 1204; INTERNAL; 190; 198; 8; 2620
INTERNAL; 199; 199; 0; 1204; INTERNAL; 189; 198; 9; 7976
INTERNAL; 200; 200; 0; 6348; INTERNAL; 189; 199; 10; 6924
INTERNAL; 214; 223; 9; 2190; INTERNAL; 210; 210; 0; 6342
INTERNAL; 210; 210; 0; 6342; INTERNAL; 209; 209; 0; 1232
INTERNAL; 209; 209; 0; 1232; INTERNAL; 201; 208; 7; 1231
INTERNAL; 201; 208; 7; 1231; INTERNAL; 197; 207; 10; 610
INTERNAL; 197; 207; 10; 610; INTERNAL; 196; 206; 10; 2628
INTERNAL; 209; 209; 0; 1232; INTERNAL; 208; 208; 0; 5505
INTERNAL; 208; 208; 0; 5505; INTERNAL; 207; 207; 0; 5814
INTERNAL; 207; 207; 0; 5814; INTERNAL; 201; 206; 5; 1226
INTERNAL; 201; 206; 5; 1226; INTERNAL; 194; 205; 11; 674
INTERNAL; 207; 207; 0; 5814; INTERNAL; 201; 206; 5; 6467
INTERNAL; 207; 207; 0; 5814; INTERNAL; 206; 206; 0; 1224
INTERNAL; 206; 206; 0; 1224; INTERNAL; 205; 205; 0; 4488
INTERNAL; 205; 205; 0; 4488; INTERNAL; 201; 204; 3; 1217
INTERNAL; 201; 204; 3; 1217; INTERNAL; 193; 203; 10; 2897
INTERNAL; 193; 203; 10; 2897; INTERNAL; 192; 202; 10; 5487
INTERNAL; 205; 205; 0; 4488; INTERNAL; 201; 204; 3; 1216
INTERNAL; 205; 205; 0; 4488; INTERNAL; 204; 204; 0; 1348
INTERNAL; 204; 204; 0; 1348; INTERNAL; 201; 203; 2; 1213
INTERNAL; 201; 203; 2; 1213; INTERNAL; 191; 202; 11; 4406
INTERNAL; 204; 204; 0; 1348; INTERNAL; 203; 203; 0; 1214
INTERNAL; 203; 203; 0; 1214; INTERNAL; 202; 202; 0; 1210
INTERNAL; 202; 202; 0; 1210; INTERNAL; 201; 201; 0; 3295
INTERNAL; 201; 201; 0; 3295; INTERNAL; 189; 200; 11; 1209
INTERNAL; 203; 203; 0; 1214; INTERNAL; 201; 202; 1; 1211
INTERNAL; 201; 202; 1; 1211; INTERNAL; 190; 200; 10; 612
INTERNAL; 201; 202; 1; 1211; INTERNAL; 189; 201; 12; 6092
INTERNAL; 203; 203; 0; 1214; INTERNAL; 202; 202; 0; 3676
INTERNAL; 202; 202; 0; 3676; INTERNAL; 201; 201; 0; 1619
INTERNAL; 202; 202; 0; 3676; INTERNAL; 201; 201; 0; 4783
INTERNAL; 202; 202; 0; 3676; INTERNAL; 201; 201; 0; 1218
INTERNAL; 202; 202; 0; 3676; INTERNAL; 201; 201; 0; 4197
INTERNAL; 203; 203; 0; 1214; INTERNAL; 201; 202; 1; 1212
INTERNAL; 201; 202; 1; 1212; INTERNAL; 191; 201; 10; 613
INTERNAL; 204; 204; 0; 1348; INTERNAL; 201; 203; 2; 1686
INTERNAL; 204; 204; 0; 1348; INTERNAL; 202; 203; 1; 2336
INTERNAL; 202; 203; 1; 2336; INTERNAL; 201; 202; 1; 611
INTERNAL; 205; 205; 0; 4488; INTERNAL; 202; 204; 2; 1215
INTERNAL; 206; 206; 0; 1224; INTERNAL; 202; 205; 3; 1220
INTERNAL; 202; 205; 3; 1220; INTERNAL; 201; 204; 3; 1866
INTERNAL; 206; 206; 0; 1224; INTERNAL; 201; 205; 4; 1222
INTERNAL; 201; 205; 4; 1222; INTERNAL; 193; 204; 11; 5161
INTERNAL; 206; 206; 0; 1224; INTERNAL; 201; 205; 4; 1223
INTERNAL; 207; 207; 0; 5814; INTERNAL; 202; 206; 4; 7416
INTERNAL; 208; 208; 0; 5505; INTERNAL; 201; 207; 6; 1228
INTERNAL; 201; 207; 6; 1228; INTERNAL; 195; 205; 10; 3558
INTERNAL; 208; 208; 0; 5505; INTERNAL; 202; 207; 5; 1229
INTERNAL; 202; 207; 5; 1229; INTERNAL; 201; 206; 5; 3601
INTERNAL; 208; 208; 0; 5505; INTERNAL; 202; 207; 5; 1227
INTERNAL; 208; 208; 0; 5505; INTERNAL; 202; 207; 5; 1681
INTERNAL; 202; 207; 5; 1681; INTERNAL; 201; 206; 5; 2298
INTERNAL; 209; 209; 0; 1232; INTERNAL; 201; 208; 7; 1230
INTERNAL; 209; 209; 0; 1232; INTERNAL; 202; 208; 6; 2069
INTERNAL; 210; 210; 0; 6342; INTERNAL; 202; 209; 7; 7674
INTERNAL; 202; 209; 7; 7674; INTERNAL; 201; 208; 7; 9811
INTERNAL; 210; 210; 0; 6342; INTERNAL; 201; 209; 8; 9013
INTERNAL; 201; 209; 8; 9013; INTERNAL; 197; 207; 10; 609
INTERNAL; 210; 210; 0; 6342; INTERNAL; 202; 209; 7; 2385
INTERNAL; 202; 209; 7; 2385; INTERNAL; 201; 208; 7; 6157
INTERNAL; 210; 210; 0; 6342; INTERNAL; 202; 209; 7; 7562
INTERNAL; 214; 223; 9; 2190; INTERNAL; 202; 210; 8; 1235
INTERNAL; 214; 223; 9; 2190; INTERNAL; 213; 213; 0; 2330
INTERNAL; 213; 213; 0; 2330; INTERNAL; 212; 212; 0; 2763
INTERNAL; 212; 212; 0; 2763; INTERNAL; 201; 211; 10; 1238
INTERNAL; 201; 211; 10; 1238; INTERNAL; 199; 210; 11; 608
INTERNAL; 212; 212; 0; 2763; INTERNAL; 201; 211; 10; 7066
INTERNAL; 212; 212; 0; 2763; INTERNAL; 211; 211; 0; 7952
INTERNAL; 211; 211; 0; 7952; INTERNAL; 201; 210; 9; 1237
INTERNAL; 201; 210; 9; 1237; INTERNAL; 198; 209; 11; 7247
INTERNAL; 213; 213; 0; 2330; INTERNAL; 201; 212; 11; 1241
INTERNAL; 213; 213; 0; 2330; INTERNAL; 201; 212; 11; 1239
INTERNAL; 224; 224; 0; 1263; INTERNAL; 214; 223; 9; 2534
INTERNAL; 214; 223; 9; 2534; INTERNAL; 211; 222; 11; 3696
INTERNAL; 211; 222; 11; 3696; INTERNAL; 210; 220; 10; 6129
INTERNAL; 224; 224; 0; 1263; INTERNAL; 215; 223; 8; 1258
INTERNAL; 215; 223; 8; 1258; INTERNAL; 214; 221; 7; 8204
INTERNAL; 224; 224; 0; 1263; INTERNAL; 223; 223; 0; 1259
INTERNAL; 223; 223; 0; 1259; INTERNAL; 222; 222; 0; 1257
INTERNAL; 222; 222; 0; 1257; INTERNAL; 215; 221; 6; 6623
INTERNAL; 215; 221; 6; 6623; INTERNAL; 214; 219; 5; 602
INTERNAL; 214; 219; 5; 602; INTERNAL; 208; 218; 10; 600
INTERNAL; 222; 222; 0; 1257; INTERNAL; 214; 221; 7; 2332
INTERNAL; 222; 222; 0; 1257; INTERNAL; 214; 221; 7; 5005
INTERNAL; 214; 221; 7; 5005; INTERNAL; 209; 220; 11; 2662
INTERNAL; 222; 222; 0; 1257; INTERNAL; 221; 221; 0; 5926
INTERNAL; 221; 221; 0; 5926; INTERNAL; 215; 220; 5; 6828
INTERNAL; 221; 221; 0; 5926; INTERNAL; 214; 220; 6; 4073
INTERNAL; 214; 220; 6; 4073; INTERNAL; 207; 219; 12; 3366
INTERNAL; 221; 221; 0; 5926; INTERNAL; 214; 220; 6; 8176
INTERNAL; 221; 221; 0; 5926; INTERNAL; 220; 220; 0; 8714
INTERNAL; 220; 220; 0; 8714; INTERNAL; 215; 219; 4; 6221
INTERNAL; 215; 219; 4; 6221; INTERNAL; 214; 217; 3; 5679
INTERNAL; 214; 217; 3; 5679; INTERNAL; 206; 216; 10; 8723
INTERNAL; 220; 220; 0; 8714; INTERNAL; 219; 219; 0; 1251
INTERNAL; 219; 219; 0; 1251; INTERNAL; 215; 218; 3; 3178
INTERNAL; 219; 219; 0; 1251; INTERNAL; 218; 218; 0; 2730
INTERNAL; 218; 218; 0; 2730; INTERNAL; 215; 217; 2; 1248
INTERNAL; 215; 217; 2; 1248; INTERNAL; 214; 215; 1; 605
INTERNAL; 214; 215; 1; 605; INTERNAL; 204; 214; 10; 604
INTERNAL; 218; 218; 0; 2730; INTERNAL; 217; 217; 0; 4061
INTERNAL; 217; 217; 0; 4061; INTERNAL; 214; 216; 2; 1247
INTERNAL; 217; 217; 0; 4061; INTERNAL; 216; 216; 0; 5363
INTERNAL; 216; 216; 0; 5363; INTERNAL; 214; 215; 1; 9333
INTERNAL; 214; 215; 1; 9333; INTERNAL; 203; 214; 11; 606
INTERNAL; 203; 214; 11; 606; INTERNAL; 202; 213; 11; 1242
INTERNAL; 216; 216; 0; 5363; INTERNAL; 215; 215; 0; 1243
INTERNAL; 215; 215; 0; 1243; INTERNAL; 214; 214; 0; 1268
INTERNAL; 216; 216; 0; 5363; INTERNAL; 214; 215; 1; 5404
INTERNAL; 214; 215; 1; 5404; INTERNAL; 203; 214; 11; 7708
INTERNAL; 216; 216; 0; 5363; INTERNAL; 215; 215; 0; 1847
INTERNAL; 215; 215; 0; 1847; INTERNAL; 214; 214; 0; 9795
INTERNAL; 214; 214; 0; 9795; INTERNAL; 213; 213; 0; 3948
INTERNAL; 215; 215; 0; 1847; INTERNAL; 214; 214; 0; 9976
INTERNAL; 215; 215; 0; 1847; INTERNAL; 214; 214; 0; 607
INTERNAL; 215; 215; 0; 1847; INTERNAL; 214; 214; 0; 5026
INTERNAL; 217; 217; 0; 4061; INTERNAL; 214; 216; 2; 1245
INTERNAL; 217; 217; 0; 4061; INTERNAL; 215; 216; 1; 1244
INTERNAL; 218; 218; 0; 2730; INTERNAL; 214; 217; 3; 1249
INTERNAL; 214; 217; 3; 1249; INTERNAL; 205; 216; 11; 4830
INTERNAL; 218; 218; 0; 2730; INTERNAL; 214; 217; 3; 1250
INTERNAL; 214; 217; 3; 1250; INTERNAL; 205; 216; 11; 2036
INTERNAL; 219; 219; 0; 1251; INTERNAL; 214; 218; 4; 3762
INTERNAL; 219; 219; 0; 1251; INTERNAL; 214; 218; 4; 3772
INTERNAL; 220; 220; 0; 8714; INTERNAL; 214; 219; 5; 1253
INTERNAL; 214; 219; 5; 1253; INTERNAL; 207; 218; 11; 603
INTERNAL; 220; 220; 0; 8714; INTERNAL; 214; 219; 5; 4001
INTERNAL; 223; 223; 0; 1259; INTERNAL; 214; 222; 8; 1256
INTERNAL; 223; 223; 0; 1259; INTERNAL; 215; 222; 7; 1254
INTERNAL; 223; 223; 0; 1259; INTERNAL; 214; 222; 8; 1255
INTERNAL; 214; 222; 8; 1255; INTERNAL; 209; 221; 12; 599
INTERNAL; 225; 225; 0; 1266; INTERNAL; 215; 224; 9; 4633
INTERNAL; 215; 224; 9; 4633; INTERNAL; 214; 223; 9; 963
INTERNAL; 225; 225; 0; 1266; INTERNAL; 214; 224; 10; 1262
INTERNAL; 225; 225; 0; 1266; INTERNAL; 214; 224; 10; 1260
INTERNAL; 214; 224; 10; 1260; INTERNAL; 211; 223; 12; 601
INTERNAL; 228; 239; 11; 3657; INTERNAL; 214; 225; 11; 4607
INTERNAL; 228; 239; 11; 3657; INTERNAL; 227; 227; 0; 8339
INTERNAL; 227; 227; 0; 8339; INTERNAL; 226; 226; 0; 2139
INTERNAL; 226; 226; 0; 2139; INTERNAL; 215; 225; 10; 1264
INTERNAL; 226; 226; 0; 2139; INTERNAL; 213; 225; 12; 1267
INTERNAL; 241; 253; 12; 6362; INTERNAL; 240; 240; 0; 8886
INTERNAL; 240; 240; 0; 8886; INTERNAL; 228; 239; 11; 1295
INTERNAL; 228; 239; 11; 1295; INTERNAL; 227; 238; 11; 579
INTERNAL; 227; 238; 11; 579; INTERNAL; 226; 237; 11; 578
INTERNAL; 240; 240; 0; 8886; INTERNAL; 239; 239; 0; 1296
INTERNAL; 239; 239; 0; 1296; INTERNAL; 238; 238; 0; 1294
INTERNAL; 238; 238; 0; 1294; INTERNAL; 237; 237; 0; 3778
INTERNAL; 237; 237; 0; 3778; INTERNAL; 236; 236; 0; 1290
INTERNAL; 236; 236; 0; 1290; INTERNAL; 228; 235; 7; 1289
INTERNAL; 228; 235; 7; 1289; INTERNAL; 222; 234; 12; 7694
INTERNAL; 236; 236; 0; 1290; INTERNAL; 228; 235; 7; 1288
INTERNAL; 236; 236; 0; 1290; INTERNAL; 229; 235; 6; 5144
INTERNAL; 229; 235; 6; 5144; INTERNAL; 228; 234; 6; 8749
INTERNAL; 236; 236; 0; 1290; INTERNAL; 235; 235; 0; 6108
INTERNAL; 235; 235; 0; 6108; INTERNAL; 228; 234; 6; 1287
INTERNAL; 228; 234; 6; 1287; INTERNAL; 221; 232; 11; 585
INTERNAL; 235; 235; 0; 6108; INTERNAL; 227; 234; 7; 1286
INTERNAL; 227; 234; 7; 1286; INTERNAL; 222; 233; 11; 584
INTERNAL; 235; 235; 0; 6108; INTERNAL; 229; 234; 5; 1285
INTERNAL; 229; 234; 5; 1285; INTERNAL; 228; 232; 4; 5986
INTERNAL; 235; 235; 0; 6108; INTERNAL; 234; 234; 0; 9214
INTERNAL; 234; 234; 0; 9214; INTERNAL; 228; 233; 5; 3458
INTERNAL; 228; 233; 5; 3458; INTERNAL; 220; 232; 12; 586
INTERNAL; 234; 234; 0; 9214; INTERNAL; 228; 233; 5; 4478
INTERNAL; 234; 234; 0; 9214; INTERNAL; 233; 233; 0; 1283
INTERNAL; 233; 233; 0; 1283; INTERNAL; 228; 232; 4; 5015
INTERNAL; 228; 232; 4; 5015; INTERNAL; 220; 231; 11; 588
INTERNAL; 220; 231; 11; 588; INTERNAL; 219; 230; 11; 587
INTERNAL; 233; 233; 0; 1283; INTERNAL; 228; 232; 4; 1279
INTERNAL; 233; 233; 0; 1283; INTERNAL; 229; 232; 3; 2256
INTERNAL; 229; 232; 3; 2256; INTERNAL; 228; 230; 2; 589
INTERNAL; 233; 233; 0; 1283; INTERNAL; 232; 232; 0; 1278
INTERNAL; 232; 232; 0; 1278; INTERNAL; 229; 231; 2; 9470
INTERNAL; 232; 232; 0; 1278; INTERNAL; 228; 231; 3; 1277
INTERNAL; 228; 231; 3; 1277; INTERNAL; 218; 230; 12; 6380
INTERNAL; 232; 232; 0; 1278; INTERNAL; 231; 231; 0; 1518
INTERNAL; 231; 231; 0; 1518; INTERNAL; 230; 230; 0; 2010
INTERNAL; 230; 230; 0; 2010; INTERNAL; 229; 229; 0; 1271
INTERNAL; 229; 229; 0; 1271; INTERNAL; 228; 228; 0; 9100
INTERNAL; 230; 230; 0; 2010; INTERNAL; 228; 229; 1; 1893
INTERNAL; 228; 229; 1; 1893; INTERNAL; 216; 228; 12; 8039
INTERNAL; 230; 230; 0; 2010; INTERNAL; 228; 229; 1; 1272
INTERNAL; 230; 230; 0; 2010; INTERNAL; 229; 229; 0; 1273
INTERNAL; 229; 229; 0; 1273; INTERNAL; 228; 228; 0; 1269
INTERNAL; 228; 228; 0; 1269; INTERNAL; 227; 227; 0; 594
INTERNAL; 228; 228; 0; 1269; INTERNAL; 227; 227; 0; 921
INTERNAL; 227; 227; 0; 921; INTERNAL; 215; 226; 11; 595
INTERNAL; 228; 228; 0; 1269; INTERNAL; 227; 227; 0; 6955
INTERNAL; 227; 227; 0; 6955; INTERNAL; 214; 226; 12; 592
INTERNAL; 229; 229; 0; 1273; INTERNAL; 228; 228; 0; 5172
INTERNAL; 229; 229; 0; 1273; INTERNAL; 228; 228; 0; 4580
INTERNAL; 228; 228; 0; 4580; INTERNAL; 215; 226; 11; 596
INTERNAL; 229; 229; 0; 1273; INTERNAL; 228; 228; 0; 1270
INTERNAL; 228; 228; 0; 1270; INTERNAL; 216; 227; 11; 7187
INTERNAL; 231; 231; 0; 1518; INTERNAL; 229; 230; 1; 10107
INTERNAL; 231; 231; 0; 1518; INTERNAL; 228; 230; 2; 1274
INTERNAL; 228; 230; 2; 1274; INTERNAL; 217; 228; 11; 7326
INTERNAL; 231; 231; 0; 1518; INTERNAL; 228; 230; 2; 1276
INTERNAL; 228; 230; 2; 1276; INTERNAL; 218; 229; 11; 591
INTERNAL; 232; 232; 0; 1278; INTERNAL; 228; 231; 3; 6651
INTERNAL; 234; 234; 0; 9214; INTERNAL; 229; 233; 4; 1281
INTERNAL; 237; 237; 0; 3778; INTERNAL; 228; 236; 8; 1291
INTERNAL; 228; 236; 8; 1291; INTERNAL; 224; 235; 11; 6337
INTERNAL; 224; 235; 11; 6337; INTERNAL; 223; 234; 11; 583
INTERNAL; 237; 237; 0; 3778; INTERNAL; 228; 236; 8; 9894
INTERNAL; 237; 237; 0; 3778; INTERNAL; 229; 236; 7; 7157
INTERNAL; 238; 238; 0; 1294; INTERNAL; 228; 237; 9; 1292
INTERNAL; 228; 237; 9; 1292; INTERNAL; 224; 236; 12; 1464
INTERNAL; 238; 238; 0; 1294; INTERNAL; 229; 237; 8; 3249
INTERNAL; 229; 237; 8; 3249; INTERNAL; 228; 236; 8; 582
INTERNAL; 238; 238; 0; 1294; INTERNAL; 228; 237; 9; 1426
INTERNAL; 239; 239; 0; 1296; INTERNAL; 229; 238; 9; 1293
INTERNAL; 239; 239; 0; 1296; INTERNAL; 227; 238; 11; 4334
INTERNAL; 227; 238; 11; 4334; INTERNAL; 225; 237; 12; 580
INTERNAL; 239; 239; 0; 1296; INTERNAL; 228; 238; 10; 2229
INTERNAL; 240; 240; 0; 8886; INTERNAL; 228; 239; 11; 1297
INTERNAL; 254; 254; 0; 1333; INTERNAL; 253; 253; 0; 1330
INTERNAL; 253; 253; 0; 1330; INTERNAL; 252; 252; 0; 9853
INTERNAL; 252; 252; 0; 9853; INTERNAL; 251; 251; 0; 1326
INTERNAL; 251; 251; 0; 1326; INTERNAL; 241; 250; 9; 1324
INTERNAL; 241; 250; 9; 1324; INTERNAL; 237; 249; 12; 566
INTERNAL; 251; 251; 0; 1326; INTERNAL; 242; 250; 8; 1323
INTERNAL; 242; 250; 8; 1323; INTERNAL; 241; 248; 7; 567
INTERNAL; 241; 248; 7; 567; INTERNAL; 236; 247; 11; 5717
INTERNAL; 251; 251; 0; 1326; INTERNAL; 250; 250; 0; 3426
INTERNAL; 250; 250; 0; 3426; INTERNAL; 242; 249; 7; 1321
INTERNAL; 250; 250; 0; 3426; INTERNAL; 249; 249; 0; 1322
INTERNAL; 249; 249; 0; 1322; INTERNAL; 241; 248; 7; 1320
INTERNAL; 241; 248; 7; 1320; INTERNAL; 235; 247; 12; 569
INTERNAL; 249; 249; 0; 1322; INTERNAL; 241; 248; 7; 8736
INTERNAL; 249; 249; 0; 1322; INTERNAL; 248; 248; 0; 6375
INTERNAL; 248; 248; 0; 6375; INTERNAL; 247; 247; 0; 1318
INTERNAL; 247; 247; 0; 1318; INTERNAL; 242; 246; 4; 1313
INTERNAL; 242; 246; 4; 1313; INTERNAL; 241; 244; 3; 572
INTERNAL; 241; 244; 3; 572; INTERNAL; 233; 243; 10; 571
INTERNAL; 233; 243; 10; 571; INTERNAL; 232; 242; 10; 8967
INTERNAL; 247; 247; 0; 1318; INTERNAL; 241; 246; 5; 1315
INTERNAL; 241; 246; 5; 1315; INTERNAL; 233; 245; 12; 570
INTERNAL; 247; 247; 0; 1318; INTERNAL; 241; 246; 5; 1314
INTERNAL; 247; 247; 0; 1318; INTERNAL; 246; 246; 0; 3212
INTERNAL; 246; 246; 0; 3212; INTERNAL; 241; 245; 4; 1311
INTERNAL; 246; 246; 0; 3212; INTERNAL; 241; 245; 4; 1310
INTERNAL; 246; 246; 0; 3212; INTERNAL; 242; 245; 3; 1307
INTERNAL; 246; 246; 0; 3212; INTERNAL; 245; 245; 0; 1312
INTERNAL; 245; 245; 0; 1312; INTERNAL; 241; 244; 3; 1304
INTERNAL; 241; 244; 3; 1304; INTERNAL; 231; 243; 12; 573
INTERNAL; 245; 245; 0; 1312; INTERNAL; 241; 244; 3; 1306
INTERNAL; 245; 245; 0; 1312; INTERNAL; 242; 244; 2; 1302
INTERNAL; 242; 244; 2; 1302; INTERNAL; 241; 242; 1; 9205
INTERNAL; 241; 242; 1; 9205; INTERNAL; 231; 241; 10; 575
INTERNAL; 231; 241; 10; 575; INTERNAL; 230; 240; 10; 6849
INTERNAL; 245; 245; 0; 1312; INTERNAL; 244; 244; 0; 1303
INTERNAL; 244; 244; 0; 1303; INTERNAL; 241; 243; 2; 8850
INTERNAL; 244; 244; 0; 1303; INTERNAL; 243; 243; 0; 9157
INTERNAL; 243; 243; 0; 9157; INTERNAL; 241; 242; 1; 1300
INTERNAL; 241; 242; 1; 1300; INTERNAL; 229; 241; 12; 1308
INTERNAL; 243; 243; 0; 9157; INTERNAL; 241; 242; 1; 1299
INTERNAL; 243; 243; 0; 9157; INTERNAL; 242; 242; 0; 5559
INTERNAL; 242; 242; 0; 5559; INTERNAL; 241; 241; 0; 1298
INTERNAL; 241; 241; 0; 1298; INTERNAL; 228; 240; 12; 4223
INTERNAL; 241; 241; 0; 1298; INTERNAL; 229; 240; 11; 5567
INTERNAL; 229; 240; 11; 5567; INTERNAL; 228; 239; 11; 6642
INTERNAL; 243; 243; 0; 9157; INTERNAL; 242; 242; 0; 9234
INTERNAL; 242; 242; 0; 9234; INTERNAL; 241; 241; 0; 10008
INTERNAL; 242; 242; 0; 9234; INTERNAL; 241; 241; 0; 1331
INTERNAL; 242; 242; 0; 9234; INTERNAL; 241; 241; 0; 577
INTERNAL; 242; 242; 0; 9234; INTERNAL; 241; 241; 0; 2240
INTERNAL; 244; 244; 0; 1303; INTERNAL; 241; 243; 2; 5476
INTERNAL; 244; 244; 0; 1303; INTERNAL; 242; 243; 1; 2419
INTERNAL; 248; 248; 0; 6375; INTERNAL; 242; 247; 5; 1316
INTERNAL; 242; 247; 5; 1316; INTERNAL; 241; 246; 5; 7970
INTERNAL; 241; 246; 5; 7970; INTERNAL; 235; 245; 10; 1991
INTERNAL; 235; 245; 10; 1991; INTERNAL; 234; 244; 10; 3354
INTERNAL; 248; 248; 0; 6375; INTERNAL; 241; 247; 6; 1317
INTERNAL; 248; 248; 0; 6375; INTERNAL; 241; 247; 6; 2462
INTERNAL; 249; 249; 0; 1322; INTERNAL; 242; 248; 6; 1319
INTERNAL; 250; 250; 0; 3426; INTERNAL; 241; 249; 8; 2363
INTERNAL; 250; 250; 0; 3426; INTERNAL; 241; 249; 8; 2180
INTERNAL; 251; 251; 0; 1326; INTERNAL; 241; 250; 9; 5202
INTERNAL; 252; 252; 0; 9853; INTERNAL; 241; 251; 10; 1325
INTERNAL; 252; 252; 0; 9853; INTERNAL; 241; 251; 10; 2630
INTERNAL; 252; 252; 0; 9853; INTERNAL; 242; 251; 9; 6556
INTERNAL; 242; 251; 9; 6556; INTERNAL; 241; 250; 9; 1124
INTERNAL; 241; 250; 9; 1124; INTERNAL; 238; 249; 11; 565
INTERNAL; 253; 253; 0; 1330; INTERNAL; 241; 252; 11; 1329
INTERNAL; 241; 252; 11; 1329; INTERNAL; 239; 251; 12; 564
INTERNAL; 253; 253; 0; 1330; INTERNAL; 242; 252; 10; 1327
INTERNAL; 253; 253; 0; 1330; INTERNAL; 241; 252; 11; 1328
INTERNAL; 254; 254; 0; 1333; INTERNAL; 241; 253; 12; 7265
INTERNAL; 241; 253; 12; 7265; INTERNAL; 240; 252; 12; 562
INTERNAL; 266; 266; 0; 1356; INTERNAL; 255; 265; 10; 2790
INTERNAL; 266; 266; 0; 1356; INTERNAL; 265; 265; 0; 1354
INTERNAL; 265; 265; 0; 1354; INTERNAL; 255; 264; 9; 9550
INTERNAL; 255; 264; 9; 9550; INTERNAL; 250; 263; 13; 6275
INTERNAL; 265; 265; 0; 1354; INTERNAL; 256; 264; 8; 4496
INTERNAL; 256; 264; 8; 4496; INTERNAL; 255; 262; 7; 552
INTERNAL; 265; 265; 0; 1354; INTERNAL; 255; 264; 9; 2359
INTERNAL; 265; 265; 0; 1354; INTERNAL; 264; 264; 0; 1352
INTERNAL; 264; 264; 0; 1352; INTERNAL; 256; 263; 7; 5446
INTERNAL; 264; 264; 0; 1352; INTERNAL; 255; 263; 8; 1382
INTERNAL; 255; 263; 8; 1382; INTERNAL; 249; 262; 13; 5825
INTERNAL; 264; 264; 0; 1352; INTERNAL; 263; 263; 0; 8388
INTERNAL; 263; 263; 0; 8388; INTERNAL; 256; 262; 6; 9206
INTERNAL; 256; 262; 6; 9206; INTERNAL; 255; 260; 5; 1953
INTERNAL; 255; 260; 5; 1953; INTERNAL; 248; 259; 11; 9006
INTERNAL; 263; 263; 0; 8388; INTERNAL; 262; 262; 0; 1347
INTERNAL; 262; 262; 0; 1347; INTERNAL; 261; 261; 0; 9441
INTERNAL; 261; 261; 0; 9441; INTERNAL; 256; 260; 4; 3966
INTERNAL; 256; 260; 4; 3966; INTERNAL; 255; 258; 3; 8692
INTERNAL; 255; 258; 3; 8692; INTERNAL; 246; 257; 11; 4896
INTERNAL; 261; 261; 0; 9441; INTERNAL; 260; 260; 0; 1734
INTERNAL; 260; 260; 0; 1734; INTERNAL; 255; 259; 4; 2742
INTERNAL; 255; 259; 4; 2742; INTERNAL; 245; 257; 12; 5265
INTERNAL; 260; 260; 0; 1734; INTERNAL; 255; 259; 4; 5377
INTERNAL; 260; 260; 0; 1734; INTERNAL; 259; 259; 0; 5302
INTERNAL; 259; 259; 0; 5302; INTERNAL; 255; 258; 3; 1340
INTERNAL; 259; 259; 0; 5302; INTERNAL; 258; 258; 0; 1339
INTERNAL; 258; 258; 0; 1339; INTERNAL; 257; 257; 0; 1337
INTERNAL; 257; 257; 0; 1337; INTERNAL; 256; 256; 0; 8644
INTERNAL; 256; 256; 0; 8644; INTERNAL; 255; 255; 0; 561
INTERNAL; 256; 256; 0; 8644; INTERNAL; 255; 255; 0; 559
INTERNAL; 255; 255; 0; 559; INTERNAL; 254; 254; 0; 558
INTERNAL; 256; 256; 0; 8644; INTERNAL; 255; 255; 0; 1252
INTERNAL; 255; 255; 0; 1252; INTERNAL; 242; 254; 12; 1332
INTERNAL; 256; 256; 0; 8644; INTERNAL; 255; 255; 0; 560
INTERNAL; 257; 257; 0; 1337; INTERNAL; 255; 256; 1; 1335
INTERNAL; 255; 256; 1; 1335; INTERNAL; 243; 255; 12; 556
INTERNAL; 257; 257; 0; 1337; INTERNAL; 256; 256; 0; 1334
INTERNAL; 256; 256; 0; 1334; INTERNAL; 255; 255; 0; 2862
INTERNAL; 257; 257; 0; 1337; INTERNAL; 255; 256; 1; 1442
INTERNAL; 255; 256; 1; 1442; INTERNAL; 243; 255; 12; 557
INTERNAL; 258; 258; 0; 1339; INTERNAL; 255; 257; 2; 8569
INTERNAL; 258; 258; 0; 1339; INTERNAL; 255; 257; 2; 1336
INTERNAL; 258; 258; 0; 1339; INTERNAL; 256; 257; 1; 2161
INTERNAL; 256; 257; 1; 2161; INTERNAL; 255; 256; 1; 9689
INTERNAL; 255; 256; 1; 9689; INTERNAL; 244; 255; 11; 6134
INTERNAL; 259; 259; 0; 5302; INTERNAL; 256; 258; 2; 1338
INTERNAL; 259; 259; 0; 5302; INTERNAL; 255; 258; 3; 6583
INTERNAL; 255; 258; 3; 6583; INTERNAL; 245; 257; 12; 555
INTERNAL; 260; 260; 0; 1734; INTERNAL; 256; 259; 3; 1341
INTERNAL; 261; 261; 0; 9441; INTERNAL; 255; 260; 5; 1342
INTERNAL; 261; 261; 0; 9441; INTERNAL; 255; 260; 5; 4350
INTERNAL; 255; 260; 5; 4350; INTERNAL; 247; 259; 12; 6672
INTERNAL; 262; 262; 0; 1347; INTERNAL; 255; 261; 6; 1346
INTERNAL; 262; 262; 0; 1347; INTERNAL; 255; 261; 6; 1344
INTERNAL; 255; 261; 6; 1344; INTERNAL; 247; 260; 13; 5031
INTERNAL; 262; 262; 0; 1347; INTERNAL; 256; 261; 5; 1343
INTERNAL; 263; 263; 0; 8388; INTERNAL; 255; 262; 7; 3624
INTERNAL; 263; 263; 0; 8388; INTERNAL; 255; 262; 7; 1349
INTERNAL; 255; 262; 7; 1349; INTERNAL; 249; 261; 12; 553
INTERNAL; 264; 264; 0; 1352; INTERNAL; 255; 263; 8; 1350
INTERNAL; 266; 266; 0; 1356; INTERNAL; 255; 265; 10; 3470
INTERNAL; 255; 265; 10; 3470; INTERNAL; 251; 264; 13; 6187
INTERNAL; 267; 267; 0; 1362; INTERNAL; 255; 266; 11; 9819
INTERNAL; 255; 266; 11; 9819; INTERNAL; 252; 265; 13; 551
INTERNAL; 267; 267; 0; 1362; INTERNAL; 256; 266; 10; 1355
INTERNAL; 267; 267; 0; 1362; INTERNAL; 255; 266; 11; 1357
INTERNAL; 268; 280; 12; 6039; INTERNAL; 255; 267; 12; 2333
INTERNAL; 268; 280; 12; 6039; INTERNAL; 255; 267; 12; 4180
INTERNAL; 255; 267; 12; 4180; INTERNAL; 253; 266; 13; 550
INTERNAL; 269; 281; 12; 2955; INTERNAL; 254; 266; 12; 1064
INTERNAL; 284; 284; 0; 1395; INTERNAL; 283; 283; 0; 1394
INTERNAL; 283; 283; 0; 1394; INTERNAL; 282; 282; 0; 8985
INTERNAL; 282; 282; 0; 8985; INTERNAL; 271; 281; 10; 6329
INTERNAL; 271; 281; 10; 6329; INTERNAL; 270; 280; 10; 793
INTERNAL; 270; 280; 10; 793; INTERNAL; 269; 269; 0; 5646
INTERNAL; 269; 269; 0; 5646; INTERNAL; 255; 268; 13; 9841
INTERNAL; 269; 269; 0; 5646; INTERNAL; 268; 268; 0; 3112
INTERNAL; 268; 268; 0; 3112; INTERNAL; 255; 267; 12; 1361
INTERNAL; 270; 280; 10; 793; INTERNAL; 267; 279; 12; 536
INTERNAL; 282; 282; 0; 8985; INTERNAL; 271; 281; 10; 7713
INTERNAL; 271; 281; 10; 7713; INTERNAL; 270; 280; 10; 535
INTERNAL; 282; 282; 0; 8985; INTERNAL; 271; 281; 10; 9532
INTERNAL; 282; 282; 0; 8985; INTERNAL; 270; 281; 11; 9958
INTERNAL; 282; 282; 0; 8985; INTERNAL; 281; 281; 0; 3286
INTERNAL; 281; 281; 0; 3286; INTERNAL; 271; 280; 9; 1388
INTERNAL; 271; 280; 9; 1388; INTERNAL; 270; 279; 9; 537
INTERNAL; 281; 281; 0; 3286; INTERNAL; 280; 280; 0; 7243
INTERNAL; 280; 280; 0; 7243; INTERNAL; 271; 279; 8; 3014
INTERNAL; 271; 279; 8; 3014; INTERNAL; 270; 278; 8; 4200
INTERNAL; 280; 280; 0; 7243; INTERNAL; 270; 279; 9; 1387
INTERNAL; 270; 279; 9; 1387; INTERNAL; 265; 278; 13; 539
INTERNAL; 280; 280; 0; 7243; INTERNAL; 270; 279; 9; 3181
INTERNAL; 280; 280; 0; 7243; INTERNAL; 279; 279; 0; 8230
INTERNAL; 279; 279; 0; 8230; INTERNAL; 271; 278; 7; 5893
INTERNAL; 271; 278; 7; 5893; INTERNAL; 270; 276; 6; 1857
INTERNAL; 279; 279; 0; 8230; INTERNAL; 270; 278; 8; 2338
INTERNAL; 270; 278; 8; 2338; INTERNAL; 264; 277; 13; 2064
INTERNAL; 279; 279; 0; 8230; INTERNAL; 270; 278; 8; 1386
INTERNAL; 279; 279; 0; 8230; INTERNAL; 278; 278; 0; 1385
INTERNAL; 278; 278; 0; 1385; INTERNAL; 271; 277; 6; 1380
INTERNAL; 278; 278; 0; 1385; INTERNAL; 270; 277; 7; 7677
INTERNAL; 270; 277; 7; 7677; INTERNAL; 263; 275; 12; 648
INTERNAL; 278; 278; 0; 1385; INTERNAL; 271; 277; 6; 1383
INTERNAL; 271; 277; 6; 1383; INTERNAL; 270; 276; 6; 540
INTERNAL; 278; 278; 0; 1385; INTERNAL; 277; 277; 0; 1384
INTERNAL; 277; 277; 0; 1384; INTERNAL; 270; 276; 6; 1378
INTERNAL; 270; 276; 6; 1378; INTERNAL; 262; 274; 12; 541
INTERNAL; 277; 277; 0; 1384; INTERNAL; 276; 276; 0; 2292
INTERNAL; 276; 276; 0; 2292; INTERNAL; 275; 275; 0; 1376
INTERNAL; 275; 275; 0; 1376; INTERNAL; 271; 274; 3; 1370
INTERNAL; 271; 274; 3; 1370; INTERNAL; 270; 272; 2; 546
INTERNAL; 275; 275; 0; 1376; INTERNAL; 270; 274; 4; 3909
INTERNAL; 270; 274; 4; 3909; INTERNAL; 261; 273; 12; 545
INTERNAL; 261; 273; 12; 545; INTERNAL; 260; 272; 12; 544
INTERNAL; 275; 275; 0; 1376; INTERNAL; 270; 274; 4; 1371
INTERNAL; 275; 275; 0; 1376; INTERNAL; 274; 274; 0; 4366
INTERNAL; 274; 274; 0; 4366; INTERNAL; 270; 273; 3; 1368
INTERNAL; 270; 273; 3; 1368; INTERNAL; 259; 272; 13; 9786
INTERNAL; 274; 274; 0; 4366; INTERNAL; 273; 273; 0; 1369
INTERNAL; 273; 273; 0; 1369; INTERNAL; 270; 272; 2; 3376
INTERNAL; 270; 272; 2; 3376; INTERNAL; 259; 271; 12; 5248
INTERNAL; 259; 271; 12; 5248; INTERNAL; 258; 270; 12; 547
INTERNAL; 273; 273; 0; 1369; INTERNAL; 271; 272; 1; 7525
INTERNAL; 271; 272; 1; 7525; INTERNAL; 270; 270; 0; 2513
INTERNAL; 273; 273; 0; 1369; INTERNAL; 272; 272; 0; 8350
INTERNAL; 272; 272; 0; 8350; INTERNAL; 271; 271; 0; 1367
INTERNAL; 271; 271; 0; 1367; INTERNAL; 270; 270; 0; 1364
INTERNAL; 270; 270; 0; 1364; INTERNAL; 269; 269; 0; 8117
INTERNAL; 269; 269; 0; 8117; INTERNAL; 255; 268; 13; 5185
INTERNAL; 270; 270; 0; 1364; INTERNAL; 269; 269; 0; 548
INTERNAL; 269; 269; 0; 548; INTERNAL; 256; 268; 12; 6607
INTERNAL; 270; 270; 0; 1364; INTERNAL; 269; 269; 0; 549
INTERNAL; 271; 271; 0; 1367; INTERNAL; 270; 270; 0; 9359
INTERNAL; 271; 271; 0; 1367; INTERNAL; 270; 270; 0; 1365
INTERNAL; 270; 270; 0; 1365; INTERNAL; 257; 269; 12; 1363
INTERNAL; 257; 269; 12; 1363; INTERNAL; 256; 268; 12; 9869
INTERNAL; 271; 271; 0; 1367; INTERNAL; 270; 270; 0; 3834
INTERNAL; 272; 272; 0; 8350; INTERNAL; 270; 271; 1; 1366
INTERNAL; 270; 271; 1; 1366; INTERNAL; 257; 270; 13; 5740
INTERNAL; 272; 272; 0; 8350; INTERNAL; 270; 271; 1; 1964
INTERNAL; 272; 272; 0; 8350; INTERNAL; 271; 271; 0; 8521
INTERNAL; 273; 273; 0; 1369; INTERNAL; 270; 272; 2; 3931
INTERNAL; 274; 274; 0; 4366; INTERNAL; 270; 273; 3; 6757
INTERNAL; 274; 274; 0; 4366; INTERNAL; 271; 273; 2; 8032
INTERNAL; 276; 276; 0; 2292; INTERNAL; 271; 275; 4; 1372
INTERNAL; 271; 275; 4; 1372; INTERNAL; 270; 274; 4; 542
INTERNAL; 276; 276; 0; 2292; INTERNAL; 271; 275; 4; 1373
INTERNAL; 271; 275; 4; 1373; INTERNAL; 270; 274; 4; 543
INTERNAL; 270; 274; 4; 543; INTERNAL; 261; 273; 12; 8991
INTERNAL; 276; 276; 0; 2292; INTERNAL; 270; 275; 5; 1374
INTERNAL; 276; 276; 0; 2292; INTERNAL; 271; 275; 4; 1377
INTERNAL; 277; 277; 0; 1384; INTERNAL; 271; 276; 5; 5429
INTERNAL; 277; 277; 0; 1384; INTERNAL; 270; 276; 6; 1379
INTERNAL; 270; 276; 6; 1379; INTERNAL; 263; 275; 12; 1979
INTERNAL; 278; 278; 0; 1385; INTERNAL; 271; 277; 6; 6328
INTERNAL; 281; 281; 0; 3286; INTERNAL; 270; 280; 10; 3878
INTERNAL; 270; 280; 10; 3878; INTERNAL; 266; 279; 13; 3680
INTERNAL; 281; 281; 0; 3286; INTERNAL; 271; 280; 9; 9389
INTERNAL; 281; 281; 0; 3286; INTERNAL; 271; 280; 9; 1390
INTERNAL; 283; 283; 0; 1394; INTERNAL; 270; 282; 12; 1391
INTERNAL; 283; 283; 0; 1394; INTERNAL; 270; 282; 12; 1392
INTERNAL; 283; 283; 0; 1394; INTERNAL; 271; 282; 11; 1393
INTERNAL; 285; 291; 6; 1417; INTERNAL; 277; 290; 13; 1174
INTERNAL; 300; 307; 7; 1585; INTERNAL; 292; 305; 13; 4053
INTERNAL; 292; 305; 13; 4053; INTERNAL; 286; 291; 5; 1415
INTERNAL; 286; 291; 5; 1415; INTERNAL; 285; 289; 4; 6713
INTERNAL; 285; 289; 4; 6713; INTERNAL; 277; 288; 11; 2274
INTERNAL; 277; 288; 11; 2274; INTERNAL; 276; 287; 11; 531
INTERNAL; 292; 305; 13; 4053; INTERNAL; 291; 291; 0; 1416
INTERNAL; 291; 291; 0; 1416; INTERNAL; 285; 290; 5; 1411
INTERNAL; 291; 291; 0; 1416; INTERNAL; 290; 290; 0; 1413
INTERNAL; 290; 290; 0; 1413; INTERNAL; 285; 289; 4; 6843
INTERNAL; 285; 289; 4; 6843; INTERNAL; 275; 288; 13; 4415
INTERNAL; 290; 290; 0; 1413; INTERNAL; 285; 289; 4; 1409
INTERNAL; 290; 290; 0; 1413; INTERNAL; 289; 289; 0; 2623
INTERNAL; 289; 289; 0; 2623; INTERNAL; 286; 288; 2; 1404
INTERNAL; 286; 288; 2; 1404; INTERNAL; 285; 287; 2; 1381
INTERNAL; 285; 287; 2; 1381; INTERNAL; 274; 286; 12; 2915
INTERNAL; 289; 289; 0; 2623; INTERNAL; 285; 288; 3; 1407
INTERNAL; 289; 289; 0; 2623; INTERNAL; 288; 288; 0; 2755
INTERNAL; 288; 288; 0; 2755; INTERNAL; 285; 287; 2; 1402
INTERNAL; 285; 287; 2; 1402; INTERNAL; 273; 286; 13; 6873
INTERNAL; 288; 288; 0; 2755; INTERNAL; 287; 287; 0; 4191
INTERNAL; 287; 287; 0; 4191; INTERNAL; 286; 286; 0; 9200
INTERNAL; 286; 286; 0; 9200; INTERNAL; 285; 285; 0; 1397
INTERNAL; 285; 285; 0; 1397; INTERNAL; 271; 283; 12; 1086
INTERNAL; 271; 283; 12; 1086; INTERNAL; 270; 282; 12; 5916
INTERNAL; 285; 285; 0; 1397; INTERNAL; 270; 283; 13; 2407
INTERNAL; 286; 286; 0; 9200; INTERNAL; 285; 285; 0; 6078
INTERNAL; 285; 285; 0; 6078; INTERNAL; 271; 283; 12; 5235
INTERNAL; 286; 286; 0; 9200; INTERNAL; 284; 285; 1; 1398
INTERNAL; 284; 285; 1; 1398; INTERNAL; 272; 284; 12; 5837
INTERNAL; 286; 286; 0; 9200; INTERNAL; 285; 285; 0; 1806
INTERNAL; 285; 285; 0; 1806; INTERNAL; 284; 284; 0; 534
INTERNAL; 285; 285; 0; 1806; INTERNAL; 284; 284; 0; 6570
INTERNAL; 285; 285; 0; 1806; INTERNAL; 284; 284; 0; 4103
INTERNAL; 285; 285; 0; 1806; INTERNAL; 284; 284; 0; 2962
INTERNAL; 287; 287; 0; 4191; INTERNAL; 286; 286; 0; 5910
INTERNAL; 286; 286; 0; 5910; INTERNAL; 285; 285; 0; 5230
INTERNAL; 285; 285; 0; 5230; INTERNAL; 272; 284; 12; 533
INTERNAL; 287; 287; 0; 4191; INTERNAL; 285; 286; 1; 3543
INTERNAL; 287; 287; 0; 4191; INTERNAL; 285; 286; 1; 1399
INTERNAL; 288; 288; 0; 2755; INTERNAL; 285; 287; 2; 1401
INTERNAL; 288; 288; 0; 2755; INTERNAL; 286; 287; 1; 1400
INTERNAL; 289; 289; 0; 2623; INTERNAL; 285; 288; 3; 1405
INTERNAL; 290; 290; 0; 1413; INTERNAL; 286; 289; 3; 1408
INTERNAL; 291; 291; 0; 1416; INTERNAL; 285; 290; 5; 2784
INTERNAL; 291; 291; 0; 1416; INTERNAL; 286; 290; 4; 1410
INTERNAL; 300; 307; 7; 1585; INTERNAL; 285; 291; 6; 1419
INTERNAL; 300; 307; 7; 1585; INTERNAL; 299; 299; 0; 1541
INTERNAL; 299; 299; 0; 1541; INTERNAL; 298; 298; 0; 9482
INTERNAL; 298; 298; 0; 9482; INTERNAL; 285; 297; 12; 7041
INTERNAL; 285; 297; 12; 7041; INTERNAL; 284; 296; 12; 2281
INTERNAL; 284; 296; 12; 2281; INTERNAL; 283; 295; 12; 1886
INTERNAL; 298; 298; 0; 9482; INTERNAL; 297; 297; 0; 1948
INTERNAL; 297; 297; 0; 1948; INTERNAL; 285; 296; 11; 1434
INTERNAL; 285; 296; 11; 1434; INTERNAL; 282; 293; 11; 521
INTERNAL; 297; 297; 0; 1948; INTERNAL; 285; 296; 11; 1433
INTERNAL; 297; 297; 0; 1948; INTERNAL; 286; 296; 10; 1453
INTERNAL; 286; 296; 10; 1453; INTERNAL; 285; 295; 10; 522
INTERNAL; 285; 295; 10; 522; INTERNAL; 283; 294; 11; 3327
INTERNAL; 297; 297; 0; 1948; INTERNAL; 296; 296; 0; 1435
INTERNAL; 296; 296; 0; 1435; INTERNAL; 285; 295; 10; 8661
INTERNAL; 296; 296; 0; 1435; INTERNAL; 295; 295; 0; 1431
INTERNAL; 295; 295; 0; 1431; INTERNAL; 294; 294; 0; 1428
INTERNAL; 294; 294; 0; 1428; INTERNAL; 286; 293; 7; 7114
INTERNAL; 286; 293; 7; 7114; INTERNAL; 285; 291; 6; 530
INTERNAL; 285; 291; 6; 530; INTERNAL; 279; 290; 11; 529
INTERNAL; 279; 290; 11; 529; INTERNAL; 278; 289; 11; 527
INTERNAL; 279; 290; 11; 529; INTERNAL; 271; 289; 18; 528
INTERNAL; 294; 294; 0; 1428; INTERNAL; 293; 293; 0; 1425
INTERNAL; 293; 293; 0; 1425; INTERNAL; 285; 292; 7; 1422
INTERNAL; 293; 293; 0; 1425; INTERNAL; 292; 292; 0; 1424
INTERNAL; 293; 293; 0; 1425; INTERNAL; 286; 292; 6; 1420
INTERNAL; 293; 293; 0; 1425; INTERNAL; 285; 292; 7; 1423
INTERNAL; 294; 294; 0; 1428; INTERNAL; 285; 293; 8; 5851
INTERNAL; 285; 293; 8; 5851; INTERNAL; 279; 292; 13; 526
INTERNAL; 294; 294; 0; 1428; INTERNAL; 285; 293; 8; 1427
INTERNAL; 295; 295; 0; 1431; INTERNAL; 285; 294; 9; 3662
INTERNAL; 285; 294; 9; 3662; INTERNAL; 280; 291; 11; 523
INTERNAL; 295; 295; 0; 1431; INTERNAL; 285; 294; 9; 1449
INTERNAL; 295; 295; 0; 1431; INTERNAL; 286; 294; 8; 1791
INTERNAL; 286; 294; 8; 1791; INTERNAL; 285; 293; 8; 525
INTERNAL; 285; 293; 8; 525; INTERNAL; 281; 292; 11; 8445
INTERNAL; 296; 296; 0; 1435; INTERNAL; 285; 295; 10; 4434
INTERNAL; 285; 295; 10; 4434; INTERNAL; 281; 294; 13; 3375
INTERNAL; 296; 296; 0; 1435; INTERNAL; 286; 295; 9; 1430
INTERNAL; 298; 298; 0; 9482; INTERNAL; 285; 297; 12; 1436
INTERNAL; 298; 298; 0; 9482; INTERNAL; 286; 297; 11; 2617
INTERNAL; 315; 323; 8; 1497; INTERNAL; 314; 314; 0; 5546
INTERNAL; 314; 314; 0; 5546; INTERNAL; 313; 313; 0; 1467
INTERNAL; 313; 313; 0; 1467; INTERNAL; 301; 312; 11; 9878
INTERNAL; 301; 312; 11; 9878; INTERNAL; 300; 310; 10; 9530
INTERNAL; 313; 313; 0; 1467; INTERNAL; 299; 312; 13; 1463
INTERNAL; 299; 312; 13; 1463; INTERNAL; 297; 311; 14; 505
INTERNAL; 313; 313; 0; 1467; INTERNAL; 300; 312; 12; 1465
INTERNAL; 313; 313; 0; 1467; INTERNAL; 312; 312; 0; 1462
INTERNAL; 312; 312; 0; 1462; INTERNAL; 300; 311; 11; 1459
INTERNAL; 300; 311; 11; 1459; INTERNAL; 296; 310; 14; 506
INTERNAL; 312; 312; 0; 1462; INTERNAL; 311; 311; 0; 1461
INTERNAL; 311; 311; 0; 1461; INTERNAL; 300; 310; 10; 1488
INTERNAL; 311; 311; 0; 1461; INTERNAL; 300; 310; 10; 6029
INTERNAL; 300; 310; 10; 6029; INTERNAL; 295; 309; 14; 3438
INTERNAL; 311; 311; 0; 1461; INTERNAL; 310; 310; 0; 1457
INTERNAL; 310; 310; 0; 1457; INTERNAL; 300; 309; 9; 1454
INTERNAL; 300; 309; 9; 1454; INTERNAL; 294; 307; 13; 507
INTERNAL; 310; 310; 0; 1457; INTERNAL; 300; 309; 9; 1455
INTERNAL; 310; 310; 0; 1457; INTERNAL; 309; 309; 0; 1456
INTERNAL; 309; 309; 0; 1456; INTERNAL; 308; 308; 0; 1672
INTERNAL; 308; 308; 0; 1672; INTERNAL; 307; 307; 0; 1451
INTERNAL; 307; 307; 0; 1451; INTERNAL; 306; 306; 0; 1447
INTERNAL; 306; 306; 0; 1447; INTERNAL; 305; 305; 0; 1446
INTERNAL; 305; 305; 0; 1446; INTERNAL; 304; 304; 0; 1444
INTERNAL; 304; 304; 0; 1444; INTERNAL; 301; 303; 2; 7015
INTERNAL; 301; 303; 2; 7015; INTERNAL; 300; 302; 2; 512
INTERNAL; 300; 302; 2; 512; INTERNAL; 289; 301; 12; 511
INTERNAL; 304; 304; 0; 1444; INTERNAL; 303; 303; 0; 5343
INTERNAL; 303; 303; 0; 5343; INTERNAL; 302; 302; 0; 1440
INTERNAL; 302; 302; 0; 1440; INTERNAL; 301; 301; 0; 4704
INTERNAL; 301; 301; 0; 4704; INTERNAL; 300; 300; 0; 6122
INTERNAL; 300; 300; 0; 6122; INTERNAL; 286; 299; 13; 8210
INTERNAL; 301; 301; 0; 4704; INTERNAL; 300; 300; 0; 5132
INTERNAL; 300; 300; 0; 5132; INTERNAL; 286; 299; 13; 520
INTERNAL; 286; 299; 13; 520; INTERNAL; 285; 297; 12; 7438
INTERNAL; 286; 299; 13; 520; INTERNAL; 285; 297; 12; 885
INTERNAL; 301; 301; 0; 4704; INTERNAL; 300; 300; 0; 1437
INTERNAL; 300; 300; 0; 1437; INTERNAL; 299; 299; 0; 517
INTERNAL; 299; 299; 0; 517; INTERNAL; 286; 298; 12; 519
INTERNAL; 300; 300; 0; 1437; INTERNAL; 299; 299; 0; 7637
INTERNAL; 300; 300; 0; 1437; INTERNAL; 299; 299; 0; 518
INTERNAL; 299; 299; 0; 518; INTERNAL; 285; 298; 13; 516
INTERNAL; 300; 300; 0; 1437; INTERNAL; 299; 299; 0; 1468
INTERNAL; 301; 301; 0; 4704; INTERNAL; 300; 300; 0; 8260
INTERNAL; 302; 302; 0; 1440; INTERNAL; 300; 301; 1; 2490
INTERNAL; 302; 302; 0; 1440; INTERNAL; 300; 301; 1; 3404
INTERNAL; 302; 302; 0; 1440; INTERNAL; 301; 301; 0; 1439
INTERNAL; 301; 301; 0; 1439; INTERNAL; 300; 300; 0; 7856
INTERNAL; 303; 303; 0; 5343; INTERNAL; 300; 302; 2; 7932
INTERNAL; 300; 302; 2; 7932; INTERNAL; 288; 301; 13; 515
INTERNAL; 303; 303; 0; 5343; INTERNAL; 301; 302; 1; 5864
INTERNAL; 303; 303; 0; 5343; INTERNAL; 299; 302; 3; 7667
INTERNAL; 299; 302; 3; 7667; INTERNAL; 286; 301; 15; 5755
INTERNAL; 299; 302; 3; 7667; INTERNAL; 287; 301; 14; 514
INTERNAL; 304; 304; 0; 1444; INTERNAL; 300; 303; 3; 1441
INTERNAL; 304; 304; 0; 1444; INTERNAL; 300; 303; 3; 9245
INTERNAL; 305; 305; 0; 1446; INTERNAL; 300; 304; 4; 1445
INTERNAL; 305; 305; 0; 1446; INTERNAL; 301; 304; 3; 1443
INTERNAL; 305; 305; 0; 1446; INTERNAL; 300; 304; 4; 8589
INTERNAL; 300; 304; 4; 8589; INTERNAL; 290; 303; 13; 510
INTERNAL; 306; 306; 0; 1447; INTERNAL; 300; 305; 5; 5227
INTERNAL; 306; 306; 0; 1447; INTERNAL; 301; 305; 4; 8669
INTERNAL; 301; 305; 4; 8669; INTERNAL; 300; 304; 4; 3453
INTERNAL; 300; 304; 4; 3453; INTERNAL; 286; 303; 17; 8940
INTERNAL; 300; 304; 4; 3453; INTERNAL; 291; 303; 12; 9559
INTERNAL; 306; 306; 0; 1447; INTERNAL; 300; 305; 5; 3879
INTERNAL; 307; 307; 0; 1451; INTERNAL; 300; 306; 6; 1450
INTERNAL; 307; 307; 0; 1451; INTERNAL; 301; 306; 5; 3252
INTERNAL; 307; 307; 0; 1451; INTERNAL; 299; 306; 7; 1448
INTERNAL; 299; 306; 7; 1448; INTERNAL; 286; 305; 19; 509
INTERNAL; 299; 306; 7; 1448; INTERNAL; 292; 305; 13; 7473
INTERNAL; 308; 308; 0; 1672; INTERNAL; 301; 307; 6; 5401
INTERNAL; 301; 307; 6; 5401; INTERNAL; 300; 306; 6; 508
INTERNAL; 300; 306; 6; 508; INTERNAL; 293; 305; 12; 700
INTERNAL; 308; 308; 0; 1672; INTERNAL; 300; 307; 7; 4193
INTERNAL; 309; 309; 0; 1456; INTERNAL; 301; 308; 7; 3509
INTERNAL; 309; 309; 0; 1456; INTERNAL; 300; 308; 8; 8366
INTERNAL; 300; 308; 8; 8366; INTERNAL; 294; 307; 13; 8333
INTERNAL; 309; 309; 0; 1456; INTERNAL; 300; 308; 8; 1452
INTERNAL; 310; 310; 0; 1457; INTERNAL; 301; 309; 8; 2056
INTERNAL; 301; 309; 8; 2056; INTERNAL; 300; 308; 8; 8758
INTERNAL; 311; 311; 0; 1461; INTERNAL; 301; 310; 9; 7862
INTERNAL; 312; 312; 0; 1462; INTERNAL; 301; 311; 10; 1458
INTERNAL; 312; 312; 0; 1462; INTERNAL; 300; 311; 11; 1460
INTERNAL; 314; 314; 0; 5546; INTERNAL; 299; 313; 14; 1466
INTERNAL; 299; 313; 14; 1466; INTERNAL; 298; 312; 14; 504
INTERNAL; 324; 339; 15; 8858; INTERNAL; 316; 323; 7; 1495
INTERNAL; 316; 323; 7; 1495; INTERNAL; 315; 322; 7; 8097
INTERNAL; 315; 322; 7; 8097; INTERNAL; 308; 321; 13; 489
INTERNAL; 324; 339; 15; 8858; INTERNAL; 323; 323; 0; 5080
INTERNAL; 323; 323; 0; 5080; INTERNAL; 322; 322; 0; 1493
INTERNAL; 322; 322; 0; 1493; INTERNAL; 315; 321; 6; 1491
INTERNAL; 322; 322; 0; 1493; INTERNAL; 321; 321; 0; 1492
INTERNAL; 321; 321; 0; 1492; INTERNAL; 315; 320; 5; 1489
INTERNAL; 315; 320; 5; 1489; INTERNAL; 305; 319; 14; 9462
INTERNAL; 321; 321; 0; 1492; INTERNAL; 320; 320; 0; 5913
INTERNAL; 320; 320; 0; 5913; INTERNAL; 319; 319; 0; 1942
INTERNAL; 319; 319; 0; 1942; INTERNAL; 315; 318; 3; 8277
INTERNAL; 315; 318; 3; 8277; INTERNAL; 303; 317; 14; 494
INTERNAL; 319; 319; 0; 1942; INTERNAL; 318; 318; 0; 8249
INTERNAL; 318; 318; 0; 8249; INTERNAL; 316; 317; 1; 9325
INTERNAL; 316; 317; 1; 9325; INTERNAL; 315; 316; 1; 7213
INTERNAL; 318; 318; 0; 8249; INTERNAL; 317; 317; 0; 1480
INTERNAL; 317; 317; 0; 1480; INTERNAL; 315; 316; 1; 1476
INTERNAL; 317; 317; 0; 1480; INTERNAL; 315; 316; 1; 1473
INTERNAL; 315; 316; 1; 1473; INTERNAL; 300; 314; 14; 4560
INTERNAL; 315; 316; 1; 1473; INTERNAL; 301; 314; 13; 497
INTERNAL; 301; 314; 13; 497; INTERNAL; 300; 313; 13; 1469
INTERNAL; 317; 317; 0; 1480; INTERNAL; 315; 316; 1; 1477
INTERNAL; 315; 316; 1; 1477; INTERNAL; 301; 315; 14; 496
INTERNAL; 317; 317; 0; 1480; INTERNAL; 316; 316; 0; 1474
INTERNAL; 316; 316; 0; 1474; INTERNAL; 315; 315; 0; 1472
INTERNAL; 316; 316; 0; 1474; INTERNAL; 315; 315; 0; 7928
INTERNAL; 315; 315; 0; 7928; INTERNAL; 314; 314; 0; 503
INTERNAL; 315; 315; 0; 7928; INTERNAL; 314; 314; 0; 502
INTERNAL; 315; 315; 0; 7928; INTERNAL; 314; 314; 0; 574
INTERNAL; 314; 314; 0; 574; INTERNAL; 299; 312; 13; 498
INTERNAL; 314; 314; 0; 574; INTERNAL; 300; 313; 13; 500
INTERNAL; 316; 316; 0; 1474; INTERNAL; 315; 315; 0; 1470
INTERNAL; 316; 316; 0; 1474; INTERNAL; 315; 315; 0; 1511
INTERNAL; 318; 318; 0; 8249; INTERNAL; 316; 317; 1; 1478
INTERNAL; 316; 317; 1; 1478; INTERNAL; 315; 316; 1; 495
INTERNAL; 315; 316; 1; 495; INTERNAL; 303; 315; 12; 6286
INTERNAL; 303; 315; 12; 6286; INTERNAL; 302; 314; 12; 1157
INTERNAL; 318; 318; 0; 8249; INTERNAL; 315; 317; 2; 1479
INTERNAL; 318; 318; 0; 8249; INTERNAL; 316; 317; 1; 1481
INTERNAL; 319; 319; 0; 1942; INTERNAL; 316; 318; 2; 1482
INTERNAL; 319; 319; 0; 1942; INTERNAL; 315; 318; 3; 1483
INTERNAL; 320; 320; 0; 5913; INTERNAL; 315; 319; 4; 1485
INTERNAL; 320; 320; 0; 5913; INTERNAL; 315; 319; 4; 1486
INTERNAL; 315; 319; 4; 1486; INTERNAL; 304; 316; 12; 492
INTERNAL; 320; 320; 0; 5913; INTERNAL; 316; 319; 3; 1484
INTERNAL; 316; 319; 3; 1484; INTERNAL; 315; 318; 3; 3386
INTERNAL; 315; 318; 3; 3386; INTERNAL; 305; 317; 12; 493
INTERNAL; 321; 321; 0; 1492; INTERNAL; 315; 320; 5; 3852
INTERNAL; 321; 321; 0; 1492; INTERNAL; 316; 320; 4; 1487
INTERNAL; 322; 322; 0; 1493; INTERNAL; 315; 321; 6; 1490
INTERNAL; 315; 321; 6; 1490; INTERNAL; 307; 320; 13; 490
INTERNAL; 307; 320; 13; 490; INTERNAL; 306; 319; 13; 491
INTERNAL; 322; 322; 0; 1493; INTERNAL; 315; 321; 6; 2103
INTERNAL; 323; 323; 0; 5080; INTERNAL; 315; 322; 7; 1494
INTERNAL; 323; 323; 0; 5080; INTERNAL; 315; 322; 7; 5366
INTERNAL; 323; 323; 0; 5080; INTERNAL; 315; 322; 7; 5766
INTERNAL; 315; 322; 7; 5766; INTERNAL; 307; 321; 14; 8541
INTERNAL; 324; 339; 15; 8858; INTERNAL; 315; 323; 8; 1499
INTERNAL; 331; 340; 9; 1530; INTERNAL; 330; 330; 0; 2942
INTERNAL; 330; 330; 0; 2942; INTERNAL; 329; 329; 0; 1510
INTERNAL; 329; 329; 0; 1510; INTERNAL; 315; 328; 13; 1509
INTERNAL; 315; 328; 13; 1509; INTERNAL; 313; 327; 14; 485
INTERNAL; 329; 329; 0; 1510; INTERNAL; 315; 328; 13; 1508
INTERNAL; 329; 329; 0; 1510; INTERNAL; 316; 328; 12; 1728
INTERNAL; 316; 328; 12; 1728; INTERNAL; 315; 326; 11; 487
INTERNAL; 315; 326; 11; 487; INTERNAL; 312; 325; 13; 486
INTERNAL; 329; 329; 0; 1510; INTERNAL; 328; 328; 0; 4049
INTERNAL; 328; 328; 0; 4049; INTERNAL; 315; 327; 12; 4666
INTERNAL; 328; 328; 0; 4049; INTERNAL; 327; 327; 0; 1506
INTERNAL; 327; 327; 0; 1506; INTERNAL; 326; 326; 0; 1505
INTERNAL; 326; 326; 0; 1505; INTERNAL; 315; 325; 10; 1502
INTERNAL; 326; 326; 0; 1505; INTERNAL; 316; 325; 9; 3406
INTERNAL; 316; 325; 9; 3406; INTERNAL; 315; 324; 9; 6897
INTERNAL; 315; 324; 9; 6897; INTERNAL; 310; 323; 13; 532
INTERNAL; 326; 326; 0; 1505; INTERNAL; 325; 325; 0; 1504
INTERNAL; 325; 325; 0; 1504; INTERNAL; 315; 324; 9; 1501
INTERNAL; 325; 325; 0; 1504; INTERNAL; 324; 324; 0; 3561
INTERNAL; 325; 325; 0; 1504; INTERNAL; 316; 324; 8; 1500
INTERNAL; 325; 325; 0; 1504; INTERNAL; 315; 324; 9; 3840
INTERNAL; 315; 324; 9; 3840; INTERNAL; 309; 323; 14; 4678
INTERNAL; 326; 326; 0; 1505; INTERNAL; 315; 325; 10; 1503
INTERNAL; 327; 327; 0; 1506; INTERNAL; 315; 326; 11; 3779
INTERNAL; 315; 326; 11; 3779; INTERNAL; 311; 325; 14; 1697
INTERNAL; 327; 327; 0; 1506; INTERNAL; 316; 326; 10; 5029
INTERNAL; 327; 327; 0; 1506; INTERNAL; 315; 326; 11; 5193
INTERNAL; 328; 328; 0; 4049; INTERNAL; 316; 327; 11; 1507
INTERNAL; 316; 327; 11; 1507; INTERNAL; 315; 326; 11; 2546
INTERNAL; 328; 328; 0; 4049; INTERNAL; 316; 327; 11; 3179
INTERNAL; 328; 328; 0; 4049; INTERNAL; 316; 327; 11; 6652
INTERNAL; 330; 330; 0; 2942; INTERNAL; 315; 329; 14; 5981
INTERNAL; 315; 329; 14; 5981; INTERNAL; 314; 328; 14; 484
INTERNAL; 330; 330; 0; 2942; INTERNAL; 315; 329; 14; 10069
INTERNAL; 341; 341; 0; 5939; INTERNAL; 340; 340; 0; 1529
INTERNAL; 340; 340; 0; 1529; INTERNAL; 332; 339; 7; 1527
INTERNAL; 332; 339; 7; 1527; INTERNAL; 331; 338; 7; 813
INTERNAL; 340; 340; 0; 1529; INTERNAL; 331; 339; 8; 1528
INTERNAL; 340; 340; 0; 1529; INTERNAL; 339; 339; 0; 8629
INTERNAL; 339; 339; 0; 8629; INTERNAL; 331; 338; 7; 4534
INTERNAL; 331; 338; 7; 4534; INTERNAL; 323; 337; 14; 468
INTERNAL; 323; 337; 14; 468; INTERNAL; 322; 335; 13; 4964
INTERNAL; 339; 339; 0; 8629; INTERNAL; 332; 338; 6; 5113
INTERNAL; 332; 338; 6; 5113; INTERNAL; 331; 336; 5; 2194
INTERNAL; 339; 339; 0; 8629; INTERNAL; 338; 338; 0; 4694
INTERNAL; 338; 338; 0; 4694; INTERNAL; 337; 337; 0; 2075
INTERNAL; 337; 337; 0; 2075; INTERNAL; 332; 336; 4; 1522
INTERNAL; 332; 336; 4; 1522; INTERNAL; 331; 335; 4; 473
INTERNAL; 331; 335; 4; 473; INTERNAL; 320; 333; 13; 907
INTERNAL; 332; 336; 4; 1522; INTERNAL; 331; 335; 4; 472
INTERNAL; 337; 337; 0; 2075; INTERNAL; 331; 336; 5; 4310
INTERNAL; 331; 336; 5; 4310; INTERNAL; 321; 335; 14; 470
INTERNAL; 337; 337; 0; 2075; INTERNAL; 332; 336; 4; 4779
INTERNAL; 332; 336; 4; 4779; INTERNAL; 331; 334; 3; 1418
INTERNAL; 337; 337; 0; 2075; INTERNAL; 332; 336; 4; 1521
INTERNAL; 337; 337; 0; 2075; INTERNAL; 336; 336; 0; 3317
INTERNAL; 336; 336; 0; 3317; INTERNAL; 335; 335; 0; 1520
INTERNAL; 335; 335; 0; 1520; INTERNAL; 334; 334; 0; 1870
INTERNAL; 334; 334; 0; 1870; INTERNAL; 331; 333; 2; 5785
INTERNAL; 331; 333; 2; 5785; INTERNAL; 317; 332; 15; 479
INTERNAL; 334; 334; 0; 1870; INTERNAL; 333; 333; 0; 9136
INTERNAL; 333; 333; 0; 9136; INTERNAL; 331; 332; 1; 1513
INTERNAL; 333; 333; 0; 9136; INTERNAL; 332; 332; 0; 2873
INTERNAL; 332; 332; 0; 2873; INTERNAL; 331; 331; 0; 5918
INTERNAL; 331; 331; 0; 5918; INTERNAL; 317; 330; 13; 2371
INTERNAL; 317; 330; 13; 2371; INTERNAL; 316; 329; 13; 483
INTERNAL; 333; 333; 0; 9136; INTERNAL; 332; 332; 0; 1512
INTERNAL; 332; 332; 0; 1512; INTERNAL; 331; 331; 0; 2252
INTERNAL; 332; 332; 0; 1512; INTERNAL; 331; 331; 0; 4002
INTERNAL; 331; 331; 0; 4002; INTERNAL; 330; 330; 0; 480
INTERNAL; 331; 331; 0; 4002; INTERNAL; 330; 330; 0; 1280
INTERNAL; 330; 330; 0; 1280; INTERNAL; 315; 328; 13; 6732
INTERNAL; 330; 330; 0; 1280; INTERNAL; 316; 329; 13; 1360
INTERNAL; 332; 332; 0; 1512; INTERNAL; 331; 331; 0; 7506
INTERNAL; 331; 331; 0; 7506; INTERNAL; 316; 330; 14; 481
INTERNAL; 332; 332; 0; 1512; INTERNAL; 331; 331; 0; 482
INTERNAL; 331; 331; 0; 482; INTERNAL; 316; 330; 14; 4218
INTERNAL; 332; 332; 0; 1512; INTERNAL; 331; 331; 0; 7922
INTERNAL; 332; 332; 0; 1512; INTERNAL; 331; 331; 0; 4808
INTERNAL; 333; 333; 0; 9136; INTERNAL; 331; 332; 1; 7894
INTERNAL; 331; 332; 1; 7894; INTERNAL; 317; 331; 14; 6581
INTERNAL; 334; 334; 0; 1870; INTERNAL; 331; 333; 2; 2449
INTERNAL; 334; 334; 0; 1870; INTERNAL; 332; 333; 1; 1514
INTERNAL; 332; 333; 1; 1514; INTERNAL; 331; 332; 1; 9558
INTERNAL; 335; 335; 0; 1520; INTERNAL; 332; 334; 2; 1516
INTERNAL; 335; 335; 0; 1520; INTERNAL; 331; 334; 3; 3925
INTERNAL; 331; 334; 3; 3925; INTERNAL; 319; 333; 14; 477
INTERNAL; 335; 335; 0; 1520; INTERNAL; 332; 334; 2; 1862
INTERNAL; 332; 334; 2; 1862; INTERNAL; 331; 333; 2; 478
INTERNAL; 332; 334; 2; 1862; INTERNAL; 331; 333; 2; 2006
INTERNAL; 331; 333; 2; 2006; INTERNAL; 318; 332; 14; 5580
INTERNAL; 335; 335; 0; 1520; INTERNAL; 332; 334; 2; 4598
INTERNAL; 336; 336; 0; 3317; INTERNAL; 331; 335; 4; 1517
INTERNAL; 336; 336; 0; 3317; INTERNAL; 331; 335; 4; 1519
INTERNAL; 336; 336; 0; 3317; INTERNAL; 332; 335; 3; 3589
INTERNAL; 338; 338; 0; 4694; INTERNAL; 332; 337; 5; 1523
INTERNAL; 338; 338; 0; 4694; INTERNAL; 331; 337; 6; 8805
INTERNAL; 338; 338; 0; 4694; INTERNAL; 331; 337; 6; 1525
INTERNAL; 339; 339; 0; 8629; INTERNAL; 331; 338; 7; 1526
INTERNAL; 331; 338; 7; 1526; INTERNAL; 323; 337; 14; 9609
INTERNAL; 340; 340; 0; 1529; INTERNAL; 331; 339; 8; 1864
INTERNAL; 341; 341; 0; 5939; INTERNAL; 332; 340; 8; 9472
INTERNAL; 341; 341; 0; 5939; INTERNAL; 331; 340; 9; 2268
INTERNAL; 331; 340; 9; 2268; INTERNAL; 325; 339; 14; 661
INTERNAL; 342; 342; 0; 1535; INTERNAL; 331; 341; 10; 1531
INTERNAL; 342; 342; 0; 1535; INTERNAL; 331; 341; 10; 1532
INTERNAL; 342; 342; 0; 1535; INTERNAL; 332; 341; 9; 7432
INTERNAL; 332; 341; 9; 7432; INTERNAL; 331; 340; 9; 1359
INTERNAL; 343; 343; 0; 1539; INTERNAL; 331; 342; 11; 1536
INTERNAL; 331; 342; 11; 1536; INTERNAL; 326; 341; 15; 8660
INTERNAL; 343; 343; 0; 1539; INTERNAL; 332; 342; 10; 1533
INTERNAL; 343; 343; 0; 1539; INTERNAL; 331; 342; 11; 5538
INTERNAL; 347; 358; 11; 456; INTERNAL; 346; 346; 0; 2185
INTERNAL; 346; 346; 0; 2185; INTERNAL; 345; 345; 0; 1548
INTERNAL; 345; 345; 0; 1548; INTERNAL; 344; 344; 0; 1543
INTERNAL; 344; 344; 0; 1543; INTERNAL; 331; 343; 12; 1653
INTERNAL; 344; 344; 0; 1543; INTERNAL; 332; 343; 11; 1537
INTERNAL; 332; 343; 11; 1537; INTERNAL; 331; 342; 11; 467
INTERNAL; 344; 344; 0; 1543; INTERNAL; 331; 343; 12; 1538
INTERNAL; 331; 343; 12; 1538; INTERNAL; 327; 342; 15; 2675
INTERNAL; 345; 345; 0; 1548; INTERNAL; 331; 344; 13; 1546
INTERNAL; 345; 345; 0; 1548; INTERNAL; 331; 344; 13; 1544
INTERNAL; 331; 344; 13; 1544; INTERNAL; 328; 343; 15; 5169
INTERNAL; 345; 345; 0; 1548; INTERNAL; 332; 344; 12; 1542
INTERNAL; 346; 346; 0; 2185; INTERNAL; 331; 345; 14; 8394
INTERNAL; 331; 345; 14; 8394; INTERNAL; 329; 344; 15; 2039
INTERNAL; 346; 346; 0; 2185; INTERNAL; 330; 345; 15; 1547
INTERNAL; 364; 377; 13; 1626; INTERNAL; 363; 363; 0; 1588
INTERNAL; 363; 363; 0; 1588; INTERNAL; 346; 362; 16; 3439
INTERNAL; 363; 363; 0; 1588; INTERNAL; 362; 362; 0; 1586
INTERNAL; 362; 362; 0; 1586; INTERNAL; 347; 361; 14; 2863
INTERNAL; 347; 361; 14; 2863; INTERNAL; 345; 360; 15; 9919
INTERNAL; 362; 362; 0; 1586; INTERNAL; 347; 361; 14; 1582
INTERNAL; 362; 362; 0; 1586; INTERNAL; 361; 361; 0; 1584
INTERNAL; 361; 361; 0; 1584; INTERNAL; 360; 360; 0; 1581
INTERNAL; 360; 360; 0; 1581; INTERNAL; 359; 359; 0; 8838
INTERNAL; 359; 359; 0; 8838; INTERNAL; 348; 358; 10; 1571
INTERNAL; 348; 358; 10; 1571; INTERNAL; 347; 356; 9; 5516
INTERNAL; 359; 359; 0; 8838; INTERNAL; 347; 358; 11; 1574
INTERNAL; 359; 359; 0; 8838; INTERNAL; 358; 358; 0; 1573
INTERNAL; 358; 358; 0; 1573; INTERNAL; 347; 357; 10; 4854
INTERNAL; 347; 357; 10; 4854; INTERNAL; 341; 356; 15; 4031
INTERNAL; 358; 358; 0; 1573; INTERNAL; 357; 357; 0; 1570
INTERNAL; 357; 357; 0; 1570; INTERNAL; 347; 356; 9; 5727
INTERNAL; 347; 356; 9; 5727; INTERNAL; 340; 355; 15; 1096
INTERNAL; 357; 357; 0; 1570; INTERNAL; 347; 356; 9; 4762
INTERNAL; 357; 357; 0; 1570; INTERNAL; 356; 356; 0; 1569
INTERNAL; 356; 356; 0; 1569; INTERNAL; 347; 355; 8; 9178
INTERNAL; 347; 355; 8; 9178; INTERNAL; 339; 354; 15; 654
INTERNAL; 356; 356; 0; 1569; INTERNAL; 347; 355; 8; 1993
INTERNAL; 356; 356; 0; 1569; INTERNAL; 348; 355; 7; 1566
INTERNAL; 348; 355; 7; 1566; INTERNAL; 347; 354; 7; 2074
INTERNAL; 356; 356; 0; 1569; INTERNAL; 355; 355; 0; 3132
INTERNAL; 355; 355; 0; 3132; INTERNAL; 348; 354; 6; 3718
INTERNAL; 348; 354; 6; 3718; INTERNAL; 347; 352; 5; 9844
INTERNAL; 355; 355; 0; 3132; INTERNAL; 354; 354; 0; 3977
INTERNAL; 354; 354; 0; 3977; INTERNAL; 347; 353; 6; 8961
INTERNAL; 347; 353; 6; 8961; INTERNAL; 337; 352; 15; 6033
INTERNAL; 354; 354; 0; 3977; INTERNAL; 347; 353; 6; 8456
INTERNAL; 354; 354; 0; 3977; INTERNAL; 348; 353; 5; 2182
INTERNAL; 354; 354; 0; 3977; INTERNAL; 353; 353; 0; 3971
INTERNAL; 353; 353; 0; 3971; INTERNAL; 347; 352; 5; 3868
INTERNAL; 347; 352; 5; 3868; INTERNAL; 336; 350; 14; 458
INTERNAL; 353; 353; 0; 3971; INTERNAL; 352; 352; 0; 1562
INTERNAL; 352; 352; 0; 1562; INTERNAL; 347; 351; 4; 1559
INTERNAL; 347; 351; 4; 1559; INTERNAL; 335; 350; 15; 1240
INTERNAL; 352; 352; 0; 1562; INTERNAL; 348; 351; 3; 1558
INTERNAL; 348; 351; 3; 1558; INTERNAL; 347; 350; 3; 461
INTERNAL; 352; 352; 0; 1562; INTERNAL; 351; 351; 0; 9053
INTERNAL; 351; 351; 0; 9053; INTERNAL; 347; 350; 3; 1556
INTERNAL; 351; 351; 0; 9053; INTERNAL; 347; 350; 3; 1557
INTERNAL; 347; 350; 3; 1557; INTERNAL; 334; 349; 15; 2937
INTERNAL; 351; 351; 0; 9053; INTERNAL; 350; 350; 0; 1553
INTERNAL; 350; 350; 0; 1553; INTERNAL; 348; 349; 1; 1551
INTERNAL; 348; 349; 1; 1551; INTERNAL; 347; 348; 1; 7036
INTERNAL; 350; 350; 0; 1553; INTERNAL; 349; 349; 0; 5886
INTERNAL; 349; 349; 0; 5886; INTERNAL; 347; 348; 1; 5641
INTERNAL; 347; 348; 1; 5641; INTERNAL; 333; 347; 14; 8767
INTERNAL; 333; 347; 14; 8767; INTERNAL; 332; 346; 14; 462
INTERNAL; 349; 349; 0; 5886; INTERNAL; 348; 348; 0; 7322
INTERNAL; 348; 348; 0; 7322; INTERNAL; 347; 347; 0; 4217
INTERNAL; 347; 347; 0; 4217; INTERNAL; 346; 346; 0; 464
INTERNAL; 348; 348; 0; 7322; INTERNAL; 347; 347; 0; 465
INTERNAL; 347; 347; 0; 465; INTERNAL; 331; 346; 15; 1549
INTERNAL; 348; 348; 0; 7322; INTERNAL; 347; 347; 0; 3786
INTERNAL; 348; 348; 0; 7322; INTERNAL; 347; 347; 0; 1587
INTERNAL; 349; 349; 0; 5886; INTERNAL; 348; 348; 0; 9955
INTERNAL; 348; 348; 0; 9955; INTERNAL; 347; 347; 0; 8706
INTERNAL; 349; 349; 0; 5886; INTERNAL; 347; 348; 1; 1550
INTERNAL; 350; 350; 0; 1553; INTERNAL; 347; 349; 2; 9315
INTERNAL; 350; 350; 0; 1553; INTERNAL; 347; 349; 2; 8019
INTERNAL; 347; 349; 2; 8019; INTERNAL; 333; 348; 15; 8030
INTERNAL; 351; 351; 0; 9053; INTERNAL; 348; 350; 2; 1552
INTERNAL; 352; 352; 0; 1562; INTERNAL; 347; 351; 4; 1560
INTERNAL; 353; 353; 0; 3971; INTERNAL; 348; 352; 4; 1561
INTERNAL; 353; 353; 0; 3971; INTERNAL; 347; 352; 5; 1563
INTERNAL; 347; 352; 5; 1563; INTERNAL; 337; 351; 14; 460
INTERNAL; 355; 355; 0; 3132; INTERNAL; 347; 354; 7; 1564
INTERNAL; 347; 354; 7; 1564; INTERNAL; 338; 353; 15; 9605
INTERNAL; 355; 355; 0; 3132; INTERNAL; 347; 354; 7; 1565
INTERNAL; 357; 357; 0; 1570; INTERNAL; 348; 356; 8; 1567
INTERNAL; 358; 358; 0; 1573; INTERNAL; 347; 357; 10; 4452
INTERNAL; 358; 358; 0; 1573; INTERNAL; 348; 357; 9; 9645
INTERNAL; 359; 359; 0; 8838; INTERNAL; 347; 358; 11; 1575
INTERNAL; 347; 358; 11; 1575; INTERNAL; 342; 357; 15; 457
INTERNAL; 360; 360; 0; 1581; INTERNAL; 348; 359; 11; 1578
INTERNAL; 360; 360; 0; 1581; INTERNAL; 347; 359; 12; 3293
INTERNAL; 347; 359; 12; 3293; INTERNAL; 343; 358; 15; 455
INTERNAL; 360; 360; 0; 1581; INTERNAL; 347; 359; 12; 5405
INTERNAL; 361; 361; 0; 1584; INTERNAL; 348; 360; 12; 1579
INTERNAL; 361; 361; 0; 1584; INTERNAL; 347; 360; 13; 4634
INTERNAL; 361; 361; 0; 1584; INTERNAL; 347; 360; 13; 7769
INTERNAL; 347; 360; 13; 7769; INTERNAL; 344; 359; 15; 454
INTERNAL; 363; 363; 0; 1588; INTERNAL; 347; 362; 15; 8751
INTERNAL; 364; 377; 13; 1626; INTERNAL; 360; 376; 16; 444
INTERNAL; 378; 394; 16; 2569; INTERNAL; 365; 377; 12; 9231
INTERNAL; 365; 377; 12; 9231; INTERNAL; 364; 375; 11; 446
INTERNAL; 378; 394; 16; 2569; INTERNAL; 377; 377; 0; 1625
INTERNAL; 377; 377; 0; 1625; INTERNAL; 364; 376; 12; 2033
INTERNAL; 377; 377; 0; 1625; INTERNAL; 364; 376; 12; 6412
INTERNAL; 364; 376; 12; 6412; INTERNAL; 359; 375; 16; 445
INTERNAL; 377; 377; 0; 1625; INTERNAL; 365; 376; 11; 1622
INTERNAL; 377; 377; 0; 1625; INTERNAL; 376; 376; 0; 1623
INTERNAL; 376; 376; 0; 1623; INTERNAL; 364; 375; 11; 1621
INTERNAL; 376; 376; 0; 1623; INTERNAL; 364; 375; 11; 1620
INTERNAL; 364; 375; 11; 1620; INTERNAL; 358; 374; 16; 447
INTERNAL; 376; 376; 0; 1623; INTERNAL; 365; 375; 10; 1695
INTERNAL; 365; 375; 10; 1695; INTERNAL; 364; 373; 9; 448
INTERNAL; 376; 376; 0; 1623; INTERNAL; 375; 375; 0; 1780
INTERNAL; 375; 375; 0; 1780; INTERNAL; 365; 374; 9; 2205
INTERNAL; 375; 375; 0; 1780; INTERNAL; 364; 374; 10; 1618
INTERNAL; 375; 375; 0; 1780; INTERNAL; 374; 374; 0; 3125
INTERNAL; 374; 374; 0; 3125; INTERNAL; 373; 373; 0; 1614
INTERNAL; 373; 373; 0; 1614; INTERNAL; 365; 372; 7; 1609
INTERNAL; 365; 372; 7; 1609; INTERNAL; 364; 371; 7; 554
INTERNAL; 373; 373; 0; 1614; INTERNAL; 364; 372; 8; 3250
INTERNAL; 364; 372; 8; 3250; INTERNAL; 355; 370; 15; 6197
INTERNAL; 373; 373; 0; 1614; INTERNAL; 372; 372; 0; 1611
INTERNAL; 372; 372; 0; 1611; INTERNAL; 364; 371; 7; 1607
INTERNAL; 364; 371; 7; 1607; INTERNAL; 354; 370; 16; 7811
INTERNAL; 372; 372; 0; 1611; INTERNAL; 364; 371; 7; 1608
INTERNAL; 372; 372; 0; 1611; INTERNAL; 365; 371; 6; 1606
INTERNAL; 365; 371; 6; 1606; INTERNAL; 364; 369; 5; 5502
INTERNAL; 372; 372; 0; 1611; INTERNAL; 371; 371; 0; 6823
INTERNAL; 371; 371; 0; 6823; INTERNAL; 365; 370; 5; 1601
INTERNAL; 371; 371; 0; 6823; INTERNAL; 364; 370; 6; 3883
INTERNAL; 364; 370; 6; 3883; INTERNAL; 353; 369; 16; 3169
INTERNAL; 371; 371; 0; 6823; INTERNAL; 370; 370; 0; 1604
INTERNAL; 370; 370; 0; 1604; INTERNAL; 369; 369; 0; 1599
INTERNAL; 369; 369; 0; 1599; INTERNAL; 364; 368; 4; 3159
INTERNAL; 369; 369; 0; 1599; INTERNAL; 364; 368; 4; 3238
INTERNAL; 364; 368; 4; 3238; INTERNAL; 351; 367; 16; 9861
INTERNAL; 369; 369; 0; 1599; INTERNAL; 368; 368; 0; 1598
INTERNAL; 368; 368; 0; 1598; INTERNAL; 364; 367; 3; 1597
INTERNAL; 368; 368; 0; 1598; INTERNAL; 367; 367; 0; 1595
INTERNAL; 367; 367; 0; 1595; INTERNAL; 366; 366; 0; 2058
INTERNAL; 366; 366; 0; 2058; INTERNAL; 365; 365; 0; 3035
INTERNAL; 365; 365; 0; 3035; INTERNAL; 364; 364; 0; 6637
INTERNAL; 364; 364; 0; 6637; INTERNAL; 363; 363; 0; 7297
INTERNAL; 365; 365; 0; 3035; INTERNAL; 364; 364; 0; 4737
INTERNAL; 364; 364; 0; 4737; INTERNAL; 347; 363; 16; 6086
INTERNAL; 365; 365; 0; 3035; INTERNAL; 364; 364; 0; 9408
INTERNAL; 364; 364; 0; 9408; INTERNAL; 348; 363; 15; 1909
INTERNAL; 365; 365; 0; 3035; INTERNAL; 364; 364; 0; 10076
INTERNAL; 366; 366; 0; 2058; INTERNAL; 365; 365; 0; 3502
INTERNAL; 365; 365; 0; 3502; INTERNAL; 364; 364; 0; 1589
INTERNAL; 366; 366; 0; 2058; INTERNAL; 364; 365; 1; 7699
INTERNAL; 364; 365; 1; 7699; INTERNAL; 349; 364; 15; 453
INTERNAL; 366; 366; 0; 2058; INTERNAL; 364; 365; 1; 1590
INTERNAL; 367; 367; 0; 1595; INTERNAL; 364; 366; 2; 1591
INTERNAL; 364; 366; 2; 1591; INTERNAL; 349; 365; 16; 452
INTERNAL; 367; 367; 0; 1595; INTERNAL; 364; 366; 2; 1593
INTERNAL; 367; 367; 0; 1595; INTERNAL; 365; 366; 1; 2201
INTERNAL; 365; 366; 1; 2201; INTERNAL; 364; 365; 1; 9843
INTERNAL; 364; 365; 1; 9843; INTERNAL; 350; 364; 14; 9611
INTERNAL; 368; 368; 0; 1598; INTERNAL; 365; 367; 2; 1594
INTERNAL; 368; 368; 0; 1598; INTERNAL; 364; 367; 3; 1596
INTERNAL; 364; 367; 3; 1596; INTERNAL; 351; 366; 15; 5134
INTERNAL; 369; 369; 0; 1599; INTERNAL; 365; 368; 3; 5282
INTERNAL; 365; 368; 3; 5282; INTERNAL; 364; 367; 3; 451
INTERNAL; 364; 367; 3; 451; INTERNAL; 352; 366; 14; 3569
INTERNAL; 370; 370; 0; 1604; INTERNAL; 365; 369; 4; 8422
INTERNAL; 370; 370; 0; 1604; INTERNAL; 364; 369; 5; 9875
INTERNAL; 364; 369; 5; 9875; INTERNAL; 353; 368; 15; 9204
INTERNAL; 370; 370; 0; 1604; INTERNAL; 364; 369; 5; 3731
INTERNAL; 371; 371; 0; 6823; INTERNAL; 364; 370; 6; 1602
INTERNAL; 373; 373; 0; 1614; INTERNAL; 364; 372; 8; 3147
INTERNAL; 374; 374; 0; 3125; INTERNAL; 364; 373; 9; 1616
INTERNAL; 364; 373; 9; 1616; INTERNAL; 357; 372; 15; 450
INTERNAL; 374; 374; 0; 3125; INTERNAL; 365; 373; 8; 1613
INTERNAL; 374; 374; 0; 3125; INTERNAL; 364; 373; 9; 1615
INTERNAL; 364; 373; 9; 1615; INTERNAL; 356; 372; 16; 449
INTERNAL; 375; 375; 0; 1780; INTERNAL; 364; 374; 10; 1617
INTERNAL; 381; 395; 14; 1667; INTERNAL; 364; 377; 13; 1627
INTERNAL; 381; 395; 14; 1667; INTERNAL; 380; 380; 0; 5346
INTERNAL; 380; 380; 0; 5346; INTERNAL; 365; 379; 14; 8744
INTERNAL; 365; 379; 14; 8744; INTERNAL; 364; 377; 13; 1057
INTERNAL; 380; 380; 0; 5346; INTERNAL; 364; 379; 15; 1631
INTERNAL; 364; 379; 15; 1631; INTERNAL; 363; 377; 14; 440
INTERNAL; 380; 380; 0; 5346; INTERNAL; 379; 379; 0; 1633
INTERNAL; 379; 379; 0; 1633; INTERNAL; 364; 378; 14; 1630
INTERNAL; 379; 379; 0; 1633; INTERNAL; 378; 378; 0; 8471
INTERNAL; 379; 379; 0; 1633; INTERNAL; 365; 378; 13; 1628
INTERNAL; 379; 379; 0; 1633; INTERNAL; 364; 378; 14; 1736
INTERNAL; 364; 378; 14; 1736; INTERNAL; 361; 377; 16; 442
INTERNAL; 380; 380; 0; 5346; INTERNAL; 365; 379; 14; 1634
INTERNAL; 365; 379; 14; 1634; INTERNAL; 364; 378; 14; 441
INTERNAL; 380; 380; 0; 5346; INTERNAL; 364; 379; 15; 8754
INTERNAL; 396; 396; 0; 1670; INTERNAL; 381; 395; 14; 6838
INTERNAL; 396; 396; 0; 1670; INTERNAL; 395; 395; 0; 1668
INTERNAL; 395; 395; 0; 1668; INTERNAL; 394; 394; 0; 1665
INTERNAL; 394; 394; 0; 1665; INTERNAL; 393; 393; 0; 1664
INTERNAL; 393; 393; 0; 1664; INTERNAL; 392; 392; 0; 1661
INTERNAL; 392; 392; 0; 1661; INTERNAL; 391; 391; 0; 6775
INTERNAL; 391; 391; 0; 6775; INTERNAL; 382; 390; 8; 1977
INTERNAL; 382; 390; 8; 1977; INTERNAL; 381; 388; 7; 4942
INTERNAL; 381; 388; 7; 4942; INTERNAL; 373; 387; 14; 434
INTERNAL; 391; 391; 0; 6775; INTERNAL; 381; 390; 9; 1658
INTERNAL; 381; 390; 9; 1658; INTERNAL; 374; 389; 15; 431
INTERNAL; 391; 391; 0; 6775; INTERNAL; 381; 390; 9; 1951
INTERNAL; 391; 391; 0; 6775; INTERNAL; 390; 390; 0; 4500
INTERNAL; 390; 390; 0; 4500; INTERNAL; 382; 389; 7; 8294
INTERNAL; 390; 390; 0; 4500; INTERNAL; 381; 389; 8; 6421
INTERNAL; 390; 390; 0; 4500; INTERNAL; 381; 389; 8; 1656
INTERNAL; 381; 389; 8; 1656; INTERNAL; 372; 388; 16; 433
INTERNAL; 390; 390; 0; 4500; INTERNAL; 389; 389; 0; 1657
INTERNAL; 389; 389; 0; 1657; INTERNAL; 388; 388; 0; 6587
INTERNAL; 388; 388; 0; 6587; INTERNAL; 387; 387; 0; 7442
INTERNAL; 387; 387; 0; 7442; INTERNAL; 381; 386; 5; 7800
INTERNAL; 387; 387; 0; 7442; INTERNAL; 381; 386; 5; 1650
INTERNAL; 381; 386; 5; 1650; INTERNAL; 370; 385; 15; 436
INTERNAL; 370; 385; 15; 436; INTERNAL; 369; 383; 14; 6210
INTERNAL; 387; 387; 0; 7442; INTERNAL; 382; 386; 4; 1648
INTERNAL; 382; 386; 4; 1648; INTERNAL; 381; 384; 3; 437
INTERNAL; 387; 387; 0; 7442; INTERNAL; 386; 386; 0; 5724
INTERNAL; 386; 386; 0; 5724; INTERNAL; 382; 385; 3; 9961
INTERNAL; 386; 386; 0; 5724; INTERNAL; 385; 385; 0; 7733
INTERNAL; 385; 385; 0; 7733; INTERNAL; 381; 384; 3; 8072
INTERNAL; 381; 384; 3; 8072; INTERNAL; 368; 383; 15; 7192
INTERNAL; 385; 385; 0; 7733; INTERNAL; 382; 384; 2; 1640
INTERNAL; 382; 384; 2; 1640; INTERNAL; 381; 382; 1; 2488
INTERNAL; 381; 382; 1; 2488; INTERNAL; 367; 381; 14; 3874
INTERNAL; 385; 385; 0; 7733; INTERNAL; 384; 384; 0; 1642
INTERNAL; 384; 384; 0; 1642; INTERNAL; 381; 383; 2; 1637
INTERNAL; 381; 383; 2; 1637; INTERNAL; 366; 381; 15; 912
INTERNAL; 384; 384; 0; 1642; INTERNAL; 382; 383; 1; 7527
INTERNAL; 384; 384; 0; 1642; INTERNAL; 383; 383; 0; 1639
INTERNAL; 383; 383; 0; 1639; INTERNAL; 382; 382; 0; 8457
INTERNAL; 382; 382; 0; 8457; INTERNAL; 381; 381; 0; 1679
INTERNAL; 381; 381; 0; 1679; INTERNAL; 365; 380; 15; 3691
INTERNAL; 383; 383; 0; 1639; INTERNAL; 382; 382; 0; 3306
INTERNAL; 382; 382; 0; 3306; INTERNAL; 381; 381; 0; 438
INTERNAL; 382; 382; 0; 3306; INTERNAL; 381; 381; 0; 439
INTERNAL; 381; 381; 0; 439; INTERNAL; 364; 380; 16; 8652
INTERNAL; 382; 382; 0; 3306; INTERNAL; 381; 381; 0; 7177
INTERNAL; 382; 382; 0; 3306; INTERNAL; 381; 381; 0; 4425
INTERNAL; 383; 383; 0; 1639; INTERNAL; 381; 382; 1; 6317
INTERNAL; 383; 383; 0; 1639; INTERNAL; 381; 382; 1; 1635
INTERNAL; 381; 382; 1; 1635; INTERNAL; 366; 381; 15; 2681
INTERNAL; 384; 384; 0; 1642; INTERNAL; 381; 383; 2; 1638
INTERNAL; 385; 385; 0; 7733; INTERNAL; 381; 384; 3; 1644
INTERNAL; 381; 384; 3; 1644; INTERNAL; 368; 383; 15; 3993
INTERNAL; 386; 386; 0; 5724; INTERNAL; 381; 385; 4; 9820
INTERNAL; 386; 386; 0; 5724; INTERNAL; 381; 385; 4; 1646
INTERNAL; 388; 388; 0; 6587; INTERNAL; 382; 387; 5; 3968
INTERNAL; 382; 387; 5; 3968; INTERNAL; 381; 386; 5; 631
INTERNAL; 381; 386; 5; 631; INTERNAL; 371; 385; 14; 1185
INTERNAL; 388; 388; 0; 6587; INTERNAL; 381; 387; 6; 1651
INTERNAL; 381; 387; 6; 1651; INTERNAL; 370; 386; 16; 9486
INTERNAL; 388; 388; 0; 6587; INTERNAL; 381; 387; 6; 7579
INTERNAL; 389; 389; 0; 1657; INTERNAL; 381; 388; 7; 1654
INTERNAL; 381; 388; 7; 1654; INTERNAL; 372; 387; 15; 435
INTERNAL; 389; 389; 0; 1657; INTERNAL; 382; 388; 6; 1652
INTERNAL; 389; 389; 0; 1657; INTERNAL; 381; 388; 7; 1655
INTERNAL; 392; 392; 0; 1661; INTERNAL; 381; 391; 10; 6824
INTERNAL; 392; 392; 0; 1661; INTERNAL; 382; 391; 9; 1659
INTERNAL; 382; 391; 9; 1659; INTERNAL; 381; 390; 9; 1576
INTERNAL; 381; 390; 9; 1576; INTERNAL; 375; 389; 14; 2322
INTERNAL; 392; 392; 0; 1661; INTERNAL; 381; 391; 10; 10013
INTERNAL; 381; 391; 10; 10013; INTERNAL; 374; 390; 16; 744
INTERNAL; 393; 393; 0; 1664; INTERNAL; 381; 392; 11; 7076
INTERNAL; 393; 393; 0; 1664; INTERNAL; 381; 392; 11; 1662
INTERNAL; 381; 392; 11; 1662; INTERNAL; 376; 391; 15; 9150
INTERNAL; 393; 393; 0; 1664; INTERNAL; 382; 392; 10; 1660
INTERNAL; 394; 394; 0; 1665; INTERNAL; 381; 393; 12; 6959
INTERNAL; 394; 394; 0; 1665; INTERNAL; 382; 393; 11; 10128
INTERNAL; 382; 393; 11; 10128; INTERNAL; 381; 392; 11; 10096
INTERNAL; 394; 394; 0; 1665; INTERNAL; 381; 393; 12; 1663
INTERNAL; 381; 393; 12; 1663; INTERNAL; 376; 392; 16; 430
INTERNAL; 395; 395; 0; 1668; INTERNAL; 381; 394; 13; 3980
INTERNAL; 381; 394; 13; 3980; INTERNAL; 377; 393; 16; 429
INTERNAL; 395; 395; 0; 1668; INTERNAL; 381; 394; 13; 1666
INTERNAL; 395; 395; 0; 1668; INTERNAL; 382; 394; 12; 2495
INTERNAL; 396; 396; 0; 1670; INTERNAL; 382; 395; 13; 4447
INTERNAL; 382; 395; 13; 4447; INTERNAL; 381; 394; 13; 428
INTERNAL; 397; 397; 0; 1678; INTERNAL; 382; 396; 14; 1669
INTERNAL; 397; 397; 0; 1678; INTERNAL; 381; 396; 15; 1671
INTERNAL; 381; 396; 15; 1671; INTERNAL; 379; 395; 16; 427
INTERNAL; 397; 397; 0; 1678; INTERNAL; 381; 396; 15; 1673
INTERNAL; 398; 398; 0; 1683; INTERNAL; 381; 397; 16; 1675
INTERNAL; 381; 397; 16; 1675; INTERNAL; 380; 396; 16; 426
INTERNAL; 417; 425; 8; 400; INTERNAL; 399; 408; 9; 9061
INTERNAL; 399; 408; 9; 9061; INTERNAL; 391; 407; 16; 2431
INTERNAL; 417; 425; 8; 400; INTERNAL; 416; 416; 0; 3988
INTERNAL; 416; 416; 0; 3988; INTERNAL; 415; 415; 0; 1739
INTERNAL; 415; 415; 0; 1739; INTERNAL; 400; 414; 14; 1936
INTERNAL; 400; 414; 14; 1936; INTERNAL; 399; 412; 13; 4662
INTERNAL; 399; 412; 13; 4662; INTERNAL; 396; 411; 15; 413
INTERNAL; 415; 415; 0; 1739; INTERNAL; 399; 414; 15; 1735
INTERNAL; 399; 414; 15; 1735; INTERNAL; 397; 413; 16; 3902
INTERNAL; 415; 415; 0; 1739; INTERNAL; 414; 414; 0; 1733
INTERNAL; 414; 414; 0; 1733; INTERNAL; 399; 413; 14; 1729
INTERNAL; 414; 414; 0; 1733; INTERNAL; 399; 413; 14; 1730
INTERNAL; 414; 414; 0; 1733; INTERNAL; 400; 413; 13; 3409
INTERNAL; 414; 414; 0; 1733; INTERNAL; 413; 413; 0; 1732
INTERNAL; 413; 413; 0; 1732; INTERNAL; 400; 412; 12; 2290
INTERNAL; 400; 412; 12; 2290; INTERNAL; 399; 410; 11; 9593
INTERNAL; 399; 410; 11; 9593; INTERNAL; 394; 409; 15; 8306
INTERNAL; 413; 413; 0; 1732; INTERNAL; 399; 412; 13; 2206
INTERNAL; 399; 412; 13; 2206; INTERNAL; 395; 411; 16; 742
INTERNAL; 413; 413; 0; 1732; INTERNAL; 412; 412; 0; 8146
INTERNAL; 412; 412; 0; 8146; INTERNAL; 400; 411; 11; 1721
INTERNAL; 400; 411; 11; 1721; INTERNAL; 399; 410; 11; 3938
INTERNAL; 412; 412; 0; 8146; INTERNAL; 400; 411; 11; 1720
INTERNAL; 412; 412; 0; 8146; INTERNAL; 400; 411; 11; 6227
INTERNAL; 412; 412; 0; 8146; INTERNAL; 411; 411; 0; 1725
INTERNAL; 411; 411; 0; 1725; INTERNAL; 399; 410; 11; 7622
INTERNAL; 411; 411; 0; 1725; INTERNAL; 410; 410; 0; 1719
INTERNAL; 410; 410; 0; 1719; INTERNAL; 399; 409; 10; 1715
INTERNAL; 399; 409; 10; 1715; INTERNAL; 392; 406; 14; 6433
INTERNAL; 410; 410; 0; 1719; INTERNAL; 400; 409; 9; 1714
INTERNAL; 400; 409; 9; 1714; INTERNAL; 399; 408; 9; 415
INTERNAL; 399; 408; 9; 415; INTERNAL; 393; 407; 14; 1580
INTERNAL; 410; 410; 0; 1719; INTERNAL; 400; 409; 9; 3664
INTERNAL; 400; 409; 9; 3664; INTERNAL; 399; 408; 9; 416
INTERNAL; 410; 410; 0; 1719; INTERNAL; 409; 409; 0; 1717
INTERNAL; 409; 409; 0; 1717; INTERNAL; 400; 408; 8; 1712
INTERNAL; 400; 408; 8; 1712; INTERNAL; 399; 406; 7; 6519
INTERNAL; 399; 406; 7; 6519; INTERNAL; 391; 405; 14; 8256
INTERNAL; 391; 405; 14; 8256; INTERNAL; 390; 404; 14; 7728
INTERNAL; 409; 409; 0; 1717; INTERNAL; 408; 408; 0; 1713
INTERNAL; 408; 408; 0; 1713; INTERNAL; 399; 407; 8; 1706
INTERNAL; 408; 408; 0; 1713; INTERNAL; 400; 407; 7; 3828
INTERNAL; 408; 408; 0; 1713; INTERNAL; 400; 407; 7; 6064
INTERNAL; 400; 407; 7; 6064; INTERNAL; 399; 406; 7; 417
INTERNAL; 408; 408; 0; 1713; INTERNAL; 400; 407; 7; 1708
INTERNAL; 408; 408; 0; 1713; INTERNAL; 407; 407; 0; 1710
INTERNAL; 407; 407; 0; 1710; INTERNAL; 399; 406; 7; 1704
INTERNAL; 399; 406; 7; 1704; INTERNAL; 389; 405; 16; 7569
INTERNAL; 407; 407; 0; 1710; INTERNAL; 399; 406; 7; 1705
INTERNAL; 407; 407; 0; 1710; INTERNAL; 406; 406; 0; 1703
INTERNAL; 406; 406; 0; 1703; INTERNAL; 400; 405; 5; 1699
INTERNAL; 400; 405; 5; 1699; INTERNAL; 399; 404; 5; 7351
INTERNAL; 399; 404; 5; 7351; INTERNAL; 389; 403; 14; 419
INTERNAL; 389; 403; 14; 419; INTERNAL; 388; 402; 14; 418
INTERNAL; 406; 406; 0; 1703; INTERNAL; 405; 405; 0; 6262
INTERNAL; 405; 405; 0; 6262; INTERNAL; 404; 404; 0; 1698
INTERNAL; 404; 404; 0; 1698; INTERNAL; 399; 403; 4; 1692
INTERNAL; 404; 404; 0; 1698; INTERNAL; 399; 403; 4; 1693
INTERNAL; 399; 403; 4; 1693; INTERNAL; 386; 400; 14; 4833
INTERNAL; 404; 404; 0; 1698; INTERNAL; 400; 403; 3; 8590
INTERNAL; 400; 403; 3; 8590; INTERNAL; 399; 402; 3; 421
INTERNAL; 399; 402; 3; 421; INTERNAL; 387; 401; 14; 1203
INTERNAL; 404; 404; 0; 1698; INTERNAL; 403; 403; 0; 1694
INTERNAL; 403; 403; 0; 1694; INTERNAL; 402; 402; 0; 1691
INTERNAL; 402; 402; 0; 1691; INTERNAL; 399; 401; 2; 3733
INTERNAL; 399; 401; 2; 3733; INTERNAL; 384; 398; 14; 7472
INTERNAL; 402; 402; 0; 1691; INTERNAL; 400; 401; 1; 2688
INTERNAL; 400; 401; 1; 2688; INTERNAL; 399; 400; 1; 5794
INTERNAL; 399; 400; 1; 5794; INTERNAL; 385; 399; 14; 422
INTERNAL; 402; 402; 0; 1691; INTERNAL; 401; 401; 0; 1690
INTERNAL; 401; 401; 0; 1690; INTERNAL; 399; 400; 1; 1688
INTERNAL; 399; 400; 1; 1688; INTERNAL; 383; 399; 16; 423
INTERNAL; 401; 401; 0; 1690; INTERNAL; 400; 400; 0; 5341
INTERNAL; 400; 400; 0; 5341; INTERNAL; 399; 399; 0; 8233
INTERNAL; 399; 399; 0; 8233; INTERNAL; 382; 397; 15; 5462
INTERNAL; 400; 400; 0; 5341; INTERNAL; 399; 399; 0; 6327
INTERNAL; 400; 400; 0; 5341; INTERNAL; 399; 399; 0; 425
INTERNAL; 400; 400; 0; 5341; INTERNAL; 399; 399; 0; 5001
INTERNAL; 399; 399; 0; 5001; INTERNAL; 398; 398; 0; 1636
INTERNAL; 399; 399; 0; 5001; INTERNAL; 398; 398; 0; 5691
INTERNAL; 398; 398; 0; 5691; INTERNAL; 382; 397; 15; 9938
INTERNAL; 382; 397; 15; 9938; INTERNAL; 381; 396; 15; 966
INTERNAL; 400; 400; 0; 5341; INTERNAL; 399; 399; 0; 424
INTERNAL; 399; 399; 0; 424; INTERNAL; 383; 398; 15; 1682
INTERNAL; 400; 400; 0; 5341; INTERNAL; 399; 399; 0; 1983
INTERNAL; 401; 401; 0; 1690; INTERNAL; 400; 400; 0; 1687
INTERNAL; 400; 400; 0; 1687; INTERNAL; 399; 399; 0; 1685
INTERNAL; 401; 401; 0; 1690; INTERNAL; 399; 400; 1; 1741
INTERNAL; 402; 402; 0; 1691; INTERNAL; 399; 401; 2; 1689
INTERNAL; 403; 403; 0; 1694; INTERNAL; 399; 402; 3; 7632
INTERNAL; 399; 402; 3; 7632; INTERNAL; 385; 401; 16; 9407
INTERNAL; 403; 403; 0; 1694; INTERNAL; 400; 402; 2; 9370
INTERNAL; 403; 403; 0; 1694; INTERNAL; 399; 402; 3; 2832
INTERNAL; 405; 405; 0; 6262; INTERNAL; 399; 404; 5; 4512
INTERNAL; 399; 404; 5; 4512; INTERNAL; 387; 403; 16; 420
INTERNAL; 405; 405; 0; 6262; INTERNAL; 399; 404; 5; 9132
INTERNAL; 405; 405; 0; 6262; INTERNAL; 400; 404; 4; 1696
INTERNAL; 406; 406; 0; 1703; INTERNAL; 399; 405; 6; 1701
INTERNAL; 406; 406; 0; 1703; INTERNAL; 399; 405; 6; 6639
INTERNAL; 407; 407; 0; 1710; INTERNAL; 400; 406; 6; 1702
INTERNAL; 410; 410; 0; 1719; INTERNAL; 400; 409; 9; 1716
INTERNAL; 411; 411; 0; 1725; INTERNAL; 400; 410; 10; 1718
INTERNAL; 411; 411; 0; 1725; INTERNAL; 399; 410; 11; 2893
INTERNAL; 399; 410; 11; 2893; INTERNAL; 393; 409; 16; 414
INTERNAL; 412; 412; 0; 8146; INTERNAL; 399; 411; 12; 1722
INTERNAL; 413; 413; 0; 1732; INTERNAL; 399; 412; 13; 1727
INTERNAL; 415; 415; 0; 1739; INTERNAL; 399; 414; 15; 4475
INTERNAL; 416; 416; 0; 3988; INTERNAL; 399; 415; 16; 1740
INTERNAL; 399; 415; 16; 1740; INTERNAL; 398; 414; 16; 6603
INTERNAL; 416; 416; 0; 3988; INTERNAL; 399; 415; 16; 1737
INTERNAL; 417; 425; 8; 400; INTERNAL; 409; 424; 15; 6172
INTERNAL; 428; 444; 16; 1726; INTERNAL; 427; 427; 0; 2579
INTERNAL; 427; 427; 0; 2579; INTERNAL; 417; 426; 9; 6459
INTERNAL; 427; 427; 0; 2579; INTERNAL; 417; 426; 9; 8685
INTERNAL; 417; 426; 9; 8685; INTERNAL; 408; 425; 17; 399
INTERNAL; 427; 427; 0; 2579; INTERNAL; 418; 426; 8; 6558
INTERNAL; 427; 427; 0; 2579; INTERNAL; 426; 426; 0; 4194
INTERNAL; 426; 426; 0; 4194; INTERNAL; 417; 425; 8; 9307
INTERNAL; 426; 426; 0; 4194; INTERNAL; 425; 425; 0; 1762
INTERNAL; 425; 425; 0; 1762; INTERNAL; 417; 424; 7; 1757
INTERNAL; 417; 424; 7; 1757; INTERNAL; 406; 422; 16; 7595
INTERNAL; 425; 425; 0; 1762; INTERNAL; 417; 424; 7; 1759
INTERNAL; 417; 424; 7; 1759; INTERNAL; 407; 422; 15; 6756
INTERNAL; 425; 425; 0; 1762; INTERNAL; 418; 424; 6; 1755
INTERNAL; 418; 424; 6; 1755; INTERNAL; 417; 423; 6; 402
INTERNAL; 425; 425; 0; 1762; INTERNAL; 424; 424; 0; 1760
INTERNAL; 424; 424; 0; 1760; INTERNAL; 417; 423; 6; 7359
INTERNAL; 424; 424; 0; 1760; INTERNAL; 417; 423; 6; 8630
INTERNAL; 424; 424; 0; 1760; INTERNAL; 418; 423; 5; 7582
INTERNAL; 418; 423; 5; 7582; INTERNAL; 417; 421; 4; 403
INTERNAL; 417; 421; 4; 403; INTERNAL; 405; 420; 15; 1808
INTERNAL; 424; 424; 0; 1760; INTERNAL; 423; 423; 0; 6314
INTERNAL; 423; 423; 0; 6314; INTERNAL; 418; 422; 4; 1749
INTERNAL; 423; 423; 0; 6314; INTERNAL; 417; 422; 5; 1753
INTERNAL; 423; 423; 0; 6314; INTERNAL; 422; 422; 0; 1754
INTERNAL; 422; 422; 0; 1754; INTERNAL; 421; 421; 0; 8164
INTERNAL; 421; 421; 0; 8164; INTERNAL; 418; 420; 2; 8237
INTERNAL; 418; 420; 2; 8237; INTERNAL; 417; 419; 2; 8400
INTERNAL; 417; 419; 2; 8400; INTERNAL; 403; 418; 15; 6664
INTERNAL; 421; 421; 0; 8164; INTERNAL; 420; 420; 0; 1746
INTERNAL; 420; 420; 0; 1746; INTERNAL; 417; 419; 2; 1743
INTERNAL; 420; 420; 0; 1746; INTERNAL; 417; 419; 2; 7872
INTERNAL; 417; 419; 2; 7872; INTERNAL; 402; 418; 16; 946
INTERNAL; 420; 420; 0; 1746; INTERNAL; 419; 419; 0; 3821
INTERNAL; 419; 419; 0; 3821; INTERNAL; 417; 418; 1; 411
INTERNAL; 417; 418; 1; 411; INTERNAL; 401; 416; 15; 3385
INTERNAL; 419; 419; 0; 3821; INTERNAL; 418; 418; 0; 412
INTERNAL; 418; 418; 0; 412; INTERNAL; 417; 417; 0; 1414
INTERNAL; 417; 417; 0; 1414; INTERNAL; 416; 416; 0; 405
INTERNAL; 417; 417; 0; 1414; INTERNAL; 416; 416; 0; 1221
INTERNAL; 416; 416; 0; 1221; INTERNAL; 399; 415; 16; 406
INTERNAL; 417; 417; 0; 1414; INTERNAL; 416; 416; 0; 9331
INTERNAL; 418; 418; 0; 412; INTERNAL; 417; 417; 0; 6791
INTERNAL; 417; 417; 0; 6791; INTERNAL; 416; 416; 0; 407
INTERNAL; 418; 418; 0; 412; INTERNAL; 417; 417; 0; 409
INTERNAL; 417; 417; 0; 409; INTERNAL; 399; 416; 17; 1612
INTERNAL; 418; 418; 0; 412; INTERNAL; 417; 417; 0; 9972
INTERNAL; 417; 417; 0; 9972; INTERNAL; 399; 416; 17; 8966
INTERNAL; 417; 417; 0; 9972; INTERNAL; 400; 416; 16; 408
INTERNAL; 419; 419; 0; 3821; INTERNAL; 417; 418; 1; 3291
INTERNAL; 417; 418; 1; 3291; INTERNAL; 401; 417; 16; 9098
INTERNAL; 419; 419; 0; 3821; INTERNAL; 418; 418; 0; 410
INTERNAL; 418; 418; 0; 410; INTERNAL; 417; 417; 0; 7334
INTERNAL; 418; 418; 0; 410; INTERNAL; 417; 417; 0; 1742
INTERNAL; 420; 420; 0; 1746; INTERNAL; 419; 419; 0; 5360
INTERNAL; 419; 419; 0; 5360; INTERNAL; 418; 418; 0; 9057
INTERNAL; 421; 421; 0; 8164; INTERNAL; 417; 420; 3; 1744
INTERNAL; 417; 420; 3; 1744; INTERNAL; 403; 419; 16; 404
INTERNAL; 421; 421; 0; 8164; INTERNAL; 417; 420; 3; 1745
INTERNAL; 422; 422; 0; 1754; INTERNAL; 417; 421; 4; 7593
INTERNAL; 417; 421; 4; 7593; INTERNAL; 404; 420; 16; 9901
INTERNAL; 422; 422; 0; 1754; INTERNAL; 417; 421; 4; 1748
INTERNAL; 422; 422; 0; 1754; INTERNAL; 418; 421; 3; 1747
INTERNAL; 423; 423; 0; 6314; INTERNAL; 417; 422; 5; 1752
INTERNAL; 417; 422; 5; 1752; INTERNAL; 405; 421; 16; 8600
INTERNAL; 426; 426; 0; 4194; INTERNAL; 417; 425; 8; 1763
INTERNAL; 426; 426; 0; 4194; INTERNAL; 418; 425; 7; 1761
INTERNAL; 435; 446; 11; 3069; INTERNAL; 417; 427; 10; 1999
INTERNAL; 435; 446; 11; 3069; INTERNAL; 434; 434; 0; 5175
INTERNAL; 434; 434; 0; 5175; INTERNAL; 418; 433; 15; 1776
INTERNAL; 418; 433; 15; 1776; INTERNAL; 417; 432; 15; 396
INTERNAL; 434; 434; 0; 5175; INTERNAL; 433; 433; 0; 1778
INTERNAL; 433; 433; 0; 1778; INTERNAL; 417; 432; 15; 1773
INTERNAL; 417; 432; 15; 1773; INTERNAL; 414; 431; 17; 9544
INTERNAL; 433; 433; 0; 1778; INTERNAL; 417; 432; 15; 1774
INTERNAL; 433; 433; 0; 1778; INTERNAL; 432; 432; 0; 1775
INTERNAL; 432; 432; 0; 1775; INTERNAL; 431; 431; 0; 1859
INTERNAL; 431; 431; 0; 1859; INTERNAL; 430; 430; 0; 1771
INTERNAL; 430; 430; 0; 1771; INTERNAL; 417; 429; 12; 2633
INTERNAL; 430; 430; 0; 1771; INTERNAL; 417; 429; 12; 1766
INTERNAL; 430; 430; 0; 1771; INTERNAL; 429; 429; 0; 1765
INTERNAL; 429; 429; 0; 1765; INTERNAL; 417; 428; 11; 7492
INTERNAL; 429; 429; 0; 1765; INTERNAL; 418; 428; 10; 6647
INTERNAL; 418; 428; 10; 6647; INTERNAL; 417; 427; 10; 3936
INTERNAL; 417; 427; 10; 3936; INTERNAL; 411; 426; 15; 398
INTERNAL; 429; 429; 0; 1765; INTERNAL; 428; 428; 0; 8079
INTERNAL; 428; 428; 0; 8079; INTERNAL; 417; 427; 10; 1764
INTERNAL; 417; 427; 10; 1764; INTERNAL; 410; 426; 16; 3352
INTERNAL; 429; 429; 0; 1765; INTERNAL; 417; 428; 11; 2147
INTERNAL; 430; 430; 0; 1771; INTERNAL; 418; 429; 11; 9520
INTERNAL; 431; 431; 0; 1859; INTERNAL; 417; 430; 13; 1767
INTERNAL; 417; 430; 13; 1767; INTERNAL; 412; 429; 17; 5148
INTERNAL; 431; 431; 0; 1859; INTERNAL; 417; 430; 13; 1768
INTERNAL; 431; 431; 0; 1859; INTERNAL; 418; 430; 12; 6019
INTERNAL; 418; 430; 12; 6019; INTERNAL; 417; 429; 12; 4782
INTERNAL; 417; 429; 12; 4782; INTERNAL; 413; 428; 15; 397
INTERNAL; 432; 432; 0; 1775; INTERNAL; 417; 431; 14; 8431
INTERNAL; 432; 432; 0; 1775; INTERNAL; 417; 431; 14; 1772
INTERNAL; 432; 432; 0; 1775; INTERNAL; 418; 431; 13; 5671
INTERNAL; 434; 434; 0; 5175; INTERNAL; 417; 433; 16; 1777
INTERNAL; 417; 433; 16; 1777; INTERNAL; 415; 432; 17; 395
INTERNAL; 434; 434; 0; 5175; INTERNAL; 418; 433; 15; 6101
INTERNAL; 447; 447; 0; 1811; INTERNAL; 435; 446; 11; 7146
INTERNAL; 435; 446; 11; 7146; INTERNAL; 429; 445; 16; 2896
INTERNAL; 447; 447; 0; 1811; INTERNAL; 436; 446; 10; 1809
INTERNAL; 436; 446; 10; 1809; INTERNAL; 435; 444; 9; 377
INTERNAL; 435; 444; 9; 377; INTERNAL; 427; 443; 16; 376
INTERNAL; 447; 447; 0; 1811; INTERNAL; 446; 446; 0; 3556
INTERNAL; 446; 446; 0; 3556; INTERNAL; 435; 445; 10; 4697
INTERNAL; 446; 446; 0; 3556; INTERNAL; 435; 445; 10; 3738
INTERNAL; 446; 446; 0; 3556; INTERNAL; 445; 445; 0; 5930
INTERNAL; 445; 445; 0; 5930; INTERNAL; 435; 444; 9; 1805
INTERNAL; 435; 444; 9; 1805; INTERNAL; 426; 443; 17; 391
INTERNAL; 445; 445; 0; 5930; INTERNAL; 436; 444; 8; 1803
INTERNAL; 436; 444; 8; 1803; INTERNAL; 435; 442; 7; 761
INTERNAL; 435; 442; 7; 761; INTERNAL; 426; 441; 15; 6323
INTERNAL; 426; 441; 15; 6323; INTERNAL; 425; 440; 15; 2649
INTERNAL; 445; 445; 0; 5930; INTERNAL; 435; 444; 9; 1804
INTERNAL; 445; 445; 0; 5930; INTERNAL; 444; 444; 0; 8313
INTERNAL; 444; 444; 0; 8313; INTERNAL; 443; 443; 0; 1802
INTERNAL; 443; 443; 0; 1802; INTERNAL; 436; 442; 6; 1799
INTERNAL; 436; 442; 6; 1799; INTERNAL; 435; 440; 5; 4612
INTERNAL; 435; 440; 5; 4612; INTERNAL; 424; 439; 15; 381
INTERNAL; 424; 439; 15; 381; INTERNAL; 423; 438; 15; 3953
INTERNAL; 443; 443; 0; 1802; INTERNAL; 435; 442; 7; 1800
INTERNAL; 443; 443; 0; 1802; INTERNAL; 436; 442; 6; 5228
INTERNAL; 436; 442; 6; 5228; INTERNAL; 435; 441; 6; 380
INTERNAL; 435; 441; 6; 380; INTERNAL; 424; 440; 16; 378
INTERNAL; 436; 442; 6; 5228; INTERNAL; 435; 441; 6; 379
INTERNAL; 443; 443; 0; 1802; INTERNAL; 436; 442; 6; 1798
INTERNAL; 443; 443; 0; 1802; INTERNAL; 442; 442; 0; 8672
INTERNAL; 442; 442; 0; 8672; INTERNAL; 441; 441; 0; 1797
INTERNAL; 441; 441; 0; 1797; INTERNAL; 436; 440; 4; 2956
INTERNAL; 436; 440; 4; 2956; INTERNAL; 435; 439; 4; 673
INTERNAL; 435; 439; 4; 673; INTERNAL; 422; 438; 16; 382
INTERNAL; 436; 440; 4; 2956; INTERNAL; 435; 439; 4; 2451
INTERNAL; 441; 441; 0; 1797; INTERNAL; 435; 440; 5; 1796
INTERNAL; 441; 441; 0; 1797; INTERNAL; 440; 440; 0; 1795
INTERNAL; 440; 440; 0; 1795; INTERNAL; 435; 439; 4; 4135
INTERNAL; 435; 439; 4; 4135; INTERNAL; 421; 436; 15; 383
INTERNAL; 440; 440; 0; 1795; INTERNAL; 435; 439; 4; 1794
INTERNAL; 440; 440; 0; 1795; INTERNAL; 436; 439; 3; 1793
INTERNAL; 436; 439; 3; 1793; INTERNAL; 435; 438; 3; 385
INTERNAL; 435; 438; 3; 385; INTERNAL; 422; 437; 15; 384
INTERNAL; 440; 440; 0; 1795; INTERNAL; 439; 439; 0; 8006
INTERNAL; 439; 439; 0; 8006; INTERNAL; 438; 438; 0; 1789
INTERNAL; 438; 438; 0; 1789; INTERNAL; 435; 437; 2; 1786
INTERNAL; 438; 438; 0; 1789; INTERNAL; 435; 437; 2; 1787
INTERNAL; 435; 437; 2; 1787; INTERNAL; 419; 434; 15; 4392
INTERNAL; 438; 438; 0; 1789; INTERNAL; 436; 437; 1; 2114
INTERNAL; 436; 437; 1; 2114; INTERNAL; 435; 436; 1; 2355
INTERNAL; 435; 436; 1; 2355; INTERNAL; 420; 435; 15; 9242
INTERNAL; 438; 438; 0; 1789; INTERNAL; 437; 437; 0; 1788
INTERNAL; 437; 437; 0; 1788; INTERNAL; 436; 436; 0; 1785
INTERNAL; 436; 436; 0; 1785; INTERNAL; 435; 435; 0; 1781
INTERNAL; 435; 435; 0; 1781; INTERNAL; 418; 434; 16; 393
INTERNAL; 436; 436; 0; 1785; INTERNAL; 435; 435; 0; 8755
INTERNAL; 437; 437; 0; 1788; INTERNAL; 436; 436; 0; 1783
INTERNAL; 436; 436; 0; 1783; INTERNAL; 435; 435; 0; 392
INTERNAL; 435; 435; 0; 392; INTERNAL; 418; 434; 16; 7419
INTERNAL; 418; 434; 16; 7419; INTERNAL; 417; 433; 16; 390
INTERNAL; 437; 437; 0; 1788; INTERNAL; 436; 436; 0; 1784
INTERNAL; 436; 436; 0; 1784; INTERNAL; 435; 435; 0; 389
INTERNAL; 436; 436; 0; 1784; INTERNAL; 435; 435; 0; 388
INTERNAL; 436; 436; 0; 1784; INTERNAL; 435; 435; 0; 5050
INTERNAL; 436; 436; 0; 1784; INTERNAL; 435; 435; 0; 463
INTERNAL; 437; 437; 0; 1788; INTERNAL; 436; 436; 0; 6839
INTERNAL; 437; 437; 0; 1788; INTERNAL; 435; 436; 1; 3590
INTERNAL; 439; 439; 0; 8006; INTERNAL; 435; 438; 3; 1792
INTERNAL; 439; 439; 0; 8006; INTERNAL; 436; 438; 2; 8942
INTERNAL; 436; 438; 2; 8942; INTERNAL; 435; 437; 2; 2214
INTERNAL; 435; 437; 2; 2214; INTERNAL; 420; 436; 16; 4596
INTERNAL; 436; 438; 2; 8942; INTERNAL; 435; 437; 2; 3827
INTERNAL; 439; 439; 0; 8006; INTERNAL; 436; 438; 2; 8076
INTERNAL; 439; 439; 0; 8006; INTERNAL; 436; 438; 2; 1790
INTERNAL; 441; 441; 0; 1797; INTERNAL; 436; 440; 4; 2543
INTERNAL; 441; 441; 0; 1797; INTERNAL; 436; 440; 4; 9866
INTERNAL; 442; 442; 0; 8672; INTERNAL; 436; 441; 5; 7070
INTERNAL; 442; 442; 0; 8672; INTERNAL; 435; 441; 6; 3110
INTERNAL; 442; 442; 0; 8672; INTERNAL; 435; 441; 6; 2881
INTERNAL; 444; 444; 0; 8313; INTERNAL; 435; 443; 8; 3377
INTERNAL; 444; 444; 0; 8313; INTERNAL; 435; 443; 8; 4082
INTERNAL; 444; 444; 0; 8313; INTERNAL; 436; 443; 7; 1801
INTERNAL; 446; 446; 0; 3556; INTERNAL; 436; 445; 9; 1807
INTERNAL; 454; 466; 12; 1868; INTERNAL; 435; 447; 12; 1810
INTERNAL; 454; 466; 12; 1868; INTERNAL; 453; 453; 0; 1831
INTERNAL; 453; 453; 0; 1831; INTERNAL; 436; 452; 16; 10080
INTERNAL; 436; 452; 16; 10080; INTERNAL; 435; 450; 15; 1825
INTERNAL; 453; 453; 0; 1831; INTERNAL; 435; 452; 17; 1829
INTERNAL; 435; 452; 17; 1829; INTERNAL; 434; 451; 17; 372
INTERNAL; 453; 453; 0; 1831; INTERNAL; 452; 452; 0; 4816
INTERNAL; 452; 452; 0; 4816; INTERNAL; 451; 451; 0; 1828
INTERNAL; 451; 451; 0; 1828; INTERNAL; 450; 450; 0; 4288
INTERNAL; 450; 450; 0; 4288; INTERNAL; 436; 449; 13; 1817
INTERNAL; 436; 449; 13; 1817; INTERNAL; 435; 448; 13; 888
INTERNAL; 435; 448; 13; 888; INTERNAL; 431; 447; 16; 3173
INTERNAL; 450; 450; 0; 4288; INTERNAL; 435; 449; 14; 1819
INTERNAL; 450; 450; 0; 4288; INTERNAL; 435; 449; 14; 1820
INTERNAL; 450; 450; 0; 4288; INTERNAL; 449; 449; 0; 3514
INTERNAL; 449; 449; 0; 3514; INTERNAL; 435; 448; 13; 3427
INTERNAL; 435; 448; 13; 3427; INTERNAL; 430; 447; 17; 373
INTERNAL; 449; 449; 0; 3514; INTERNAL; 448; 448; 0; 1814
INTERNAL; 448; 448; 0; 1814; INTERNAL; 435; 447; 12; 7911
INTERNAL; 448; 448; 0; 1814; INTERNAL; 436; 447; 11; 9409
INTERNAL; 436; 447; 11; 9409; INTERNAL; 435; 446; 11; 375
INTERNAL; 435; 446; 11; 375; INTERNAL; 429; 445; 16; 374
INTERNAL; 449; 449; 0; 3514; INTERNAL; 436; 448; 12; 1813
INTERNAL; 449; 449; 0; 3514; INTERNAL; 435; 448; 13; 1815
INTERNAL; 451; 451; 0; 1828; INTERNAL; 435; 450; 15; 1826
INTERNAL; 435; 450; 15; 1826; INTERNAL; 432; 449; 17; 2352
INTERNAL; 451; 451; 0; 1828; INTERNAL; 435; 450; 15; 1823
INTERNAL; 451; 451; 0; 1828; INTERNAL; 436; 450; 14; 1821
INTERNAL; 452; 452; 0; 4816; INTERNAL; 435; 451; 16; 6550
INTERNAL; 452; 452; 0; 4816; INTERNAL; 435; 451; 16; 1827
INTERNAL; 452; 452; 0; 4816; INTERNAL; 436; 451; 15; 7858
INTERNAL; 467; 467; 0; 3658; INTERNAL; 454; 466; 12; 6948
INTERNAL; 454; 466; 12; 6948; INTERNAL; 447; 465; 18; 5420
INTERNAL; 467; 467; 0; 3658; INTERNAL; 466; 466; 0; 1869
INTERNAL; 466; 466; 0; 1869; INTERNAL; 454; 465; 11; 1867
INTERNAL; 466; 466; 0; 1869; INTERNAL; 455; 465; 10; 2809
INTERNAL; 455; 465; 10; 2809; INTERNAL; 454; 463; 9; 7776
INTERNAL; 466; 466; 0; 1869; INTERNAL; 454; 465; 11; 4220
INTERNAL; 454; 465; 11; 4220; INTERNAL; 446; 464; 18; 368
INTERNAL; 466; 466; 0; 1869; INTERNAL; 465; 465; 0; 1865
INTERNAL; 465; 465; 0; 1865; INTERNAL; 454; 464; 10; 1861
INTERNAL; 454; 464; 10; 1861; INTERNAL; 445; 463; 18; 362
INTERNAL; 465; 465; 0; 1865; INTERNAL; 455; 464; 9; 7446
INTERNAL; 465; 465; 0; 1865; INTERNAL; 454; 464; 10; 1863
INTERNAL; 465; 465; 0; 1865; INTERNAL; 464; 464; 0; 7174
INTERNAL; 464; 464; 0; 7174; INTERNAL; 455; 463; 8; 1855
INTERNAL; 455; 463; 8; 1855; INTERNAL; 454; 461; 7; 10033
INTERNAL; 454; 461; 7; 10033; INTERNAL; 444; 460; 16; 1904
INTERNAL; 464; 464; 0; 7174; INTERNAL; 463; 463; 0; 1858
INTERNAL; 463; 463; 0; 1858; INTERNAL; 455; 462; 7; 1853
INTERNAL; 463; 463; 0; 1858; INTERNAL; 454; 462; 8; 6794
INTERNAL; 463; 463; 0; 1858; INTERNAL; 454; 462; 8; 1854
INTERNAL; 454; 462; 8; 1854; INTERNAL; 443; 461; 18; 2901
INTERNAL; 454; 462; 8; 1854; INTERNAL; 436; 461; 25; 1600
INTERNAL; 463; 463; 0; 1858; INTERNAL; 462; 462; 0; 4880
INTERNAL; 462; 462; 0; 4880; INTERNAL; 455; 461; 6; 5393
INTERNAL; 455; 461; 6; 5393; INTERNAL; 454; 459; 5; 1301
INTERNAL; 454; 459; 5; 1301; INTERNAL; 442; 458; 16; 2608
INTERNAL; 462; 462; 0; 4880; INTERNAL; 454; 461; 7; 6460
INTERNAL; 454; 461; 7; 6460; INTERNAL; 443; 460; 17; 363
INTERNAL; 462; 462; 0; 4880; INTERNAL; 461; 461; 0; 1849
INTERNAL; 461; 461; 0; 1849; INTERNAL; 460; 460; 0; 1848
INTERNAL; 460; 460; 0; 1848; INTERNAL; 459; 459; 0; 1842
INTERNAL; 459; 459; 0; 1842; INTERNAL; 454; 458; 4; 7134
INTERNAL; 459; 459; 0; 1842; INTERNAL; 458; 458; 0; 1841
INTERNAL; 458; 458; 0; 1841; INTERNAL; 454; 457; 3; 5744
INTERNAL; 458; 458; 0; 1841; INTERNAL; 457; 457; 0; 1838
INTERNAL; 457; 457; 0; 1838; INTERNAL; 454; 456; 2; 1835
INTERNAL; 454; 456; 2; 1835; INTERNAL; 437; 455; 18; 4660
INTERNAL; 457; 457; 0; 1838; INTERNAL; 456; 456; 0; 1836
INTERNAL; 456; 456; 0; 1836; INTERNAL; 455; 455; 0; 1832
INTERNAL; 455; 455; 0; 1832; INTERNAL; 454; 454; 0; 513
INTERNAL; 454; 454; 0; 513; INTERNAL; 453; 453; 0; 3434
INTERNAL; 455; 455; 0; 1832; INTERNAL; 454; 454; 0; 9280
INTERNAL; 455; 455; 0; 1832; INTERNAL; 454; 454; 0; 2829
INTERNAL; 455; 455; 0; 1832; INTERNAL; 454; 454; 0; 371
INTERNAL; 454; 454; 0; 371; INTERNAL; 436; 453; 17; 1830
INTERNAL; 456; 456; 0; 1836; INTERNAL; 454; 455; 1; 10090
INTERNAL; 454; 455; 1; 10090; INTERNAL; 437; 454; 17; 370
INTERNAL; 456; 456; 0; 1836; INTERNAL; 454; 455; 1; 1833
INTERNAL; 456; 456; 0; 1836; INTERNAL; 455; 455; 0; 4824
INTERNAL; 455; 455; 0; 4824; INTERNAL; 454; 454; 0; 4353
INTERNAL; 457; 457; 0; 1838; INTERNAL; 454; 456; 2; 1891
INTERNAL; 457; 457; 0; 1838; INTERNAL; 455; 456; 1; 1834
INTERNAL; 455; 456; 1; 1834; INTERNAL; 454; 455; 1; 4060
INTERNAL; 454; 455; 1; 4060; INTERNAL; 438; 454; 16; 8426
INTERNAL; 458; 458; 0; 1841; INTERNAL; 455; 457; 2; 1837
INTERNAL; 458; 458; 0; 1841; INTERNAL; 454; 457; 3; 1839
INTERNAL; 454; 457; 3; 1839; INTERNAL; 439; 456; 17; 8067
INTERNAL; 459; 459; 0; 1842; INTERNAL; 454; 458; 4; 1840
INTERNAL; 454; 458; 4; 1840; INTERNAL; 439; 457; 18; 1112
INTERNAL; 459; 459; 0; 1842; INTERNAL; 455; 458; 3; 5231
INTERNAL; 455; 458; 3; 5231; INTERNAL; 454; 457; 3; 369
INTERNAL; 454; 457; 3; 369; INTERNAL; 440; 456; 16; 367
INTERNAL; 460; 460; 0; 1848; INTERNAL; 454; 459; 5; 1843
INTERNAL; 460; 460; 0; 1848; INTERNAL; 454; 459; 5; 8586
INTERNAL; 454; 459; 5; 8586; INTERNAL; 441; 458; 17; 1624
INTERNAL; 460; 460; 0; 1848; INTERNAL; 455; 459; 4; 3809
INTERNAL; 461; 461; 0; 1849; INTERNAL; 454; 460; 6; 1845
INTERNAL; 454; 460; 6; 1845; INTERNAL; 441; 459; 18; 366
INTERNAL; 454; 460; 6; 1845; INTERNAL; 436; 459; 23; 364
INTERNAL; 461; 461; 0; 1849; INTERNAL; 454; 460; 6; 1846
INTERNAL; 461; 461; 0; 1849; INTERNAL; 455; 460; 5; 1844
INTERNAL; 462; 462; 0; 4880; INTERNAL; 454; 461; 7; 1851
INTERNAL; 464; 464; 0; 7174; INTERNAL; 454; 463; 9; 9921
INTERNAL; 464; 464; 0; 7174; INTERNAL; 454; 463; 9; 1860
INTERNAL; 454; 463; 9; 1860; INTERNAL; 445; 462; 17; 1969
INTERNAL; 467; 467; 0; 3658; INTERNAL; 455; 466; 11; 4301
INTERNAL; 455; 466; 11; 4301; INTERNAL; 454; 465; 11; 7782
INTERNAL; 468; 468; 0; 1874; INTERNAL; 455; 467; 12; 1871
INTERNAL; 468; 468; 0; 1874; INTERNAL; 454; 467; 13; 2356
INTERNAL; 454; 467; 13; 2356; INTERNAL; 448; 466; 18; 8321
INTERNAL; 468; 468; 0; 1874; INTERNAL; 454; 467; 13; 3101
INTERNAL; 474; 486; 12; 338; INTERNAL; 454; 468; 14; 7081
INTERNAL; 454; 468; 14; 7081; INTERNAL; 449; 467; 18; 1358
INTERNAL; 474; 486; 12; 338; INTERNAL; 473; 473; 0; 1889
INTERNAL; 473; 473; 0; 1889; INTERNAL; 454; 472; 18; 5442
INTERNAL; 454; 472; 18; 5442; INTERNAL; 453; 470; 17; 360
INTERNAL; 473; 473; 0; 1889; INTERNAL; 472; 472; 0; 5576
INTERNAL; 472; 472; 0; 5576; INTERNAL; 454; 471; 17; 1884
INTERNAL; 454; 471; 17; 1884; INTERNAL; 452; 470; 18; 5862
INTERNAL; 472; 472; 0; 5576; INTERNAL; 471; 471; 0; 1888
INTERNAL; 471; 471; 0; 1888; INTERNAL; 454; 470; 16; 6523
INTERNAL; 471; 471; 0; 1888; INTERNAL; 470; 470; 0; 1882
INTERNAL; 470; 470; 0; 1882; INTERNAL; 469; 469; 0; 7281
INTERNAL; 469; 469; 0; 7281; INTERNAL; 454; 468; 14; 4198
INTERNAL; 469; 469; 0; 7281; INTERNAL; 455; 468; 13; 1873
INTERNAL; 455; 468; 13; 1873; INTERNAL; 454; 467; 13; 3599
INTERNAL; 470; 470; 0; 1882; INTERNAL; 454; 469; 15; 1877
INTERNAL; 454; 469; 15; 1877; INTERNAL; 450; 468; 18; 2770
INTERNAL; 470; 470; 0; 1882; INTERNAL; 455; 469; 14; 1876
INTERNAL; 470; 470; 0; 1882; INTERNAL; 454; 469; 15; 1878
INTERNAL; 471; 471; 0; 1888; INTERNAL; 454; 470; 16; 1881
INTERNAL; 454; 470; 16; 1881; INTERNAL; 451; 469; 18; 1345
INTERNAL; 471; 471; 0; 1888; INTERNAL; 455; 470; 15; 1880
INTERNAL; 455; 470; 15; 1880; INTERNAL; 454; 469; 15; 361
INTERNAL; 472; 472; 0; 5576; INTERNAL; 455; 471; 16; 1885
INTERNAL; 472; 472; 0; 5576; INTERNAL; 454; 471; 17; 1883
INTERNAL; 488; 488; 0; 3344; INTERNAL; 487; 487; 0; 5105
INTERNAL; 487; 487; 0; 5105; INTERNAL; 486; 486; 0; 4145
INTERNAL; 486; 486; 0; 4145; INTERNAL; 485; 485; 0; 1925
INTERNAL; 485; 485; 0; 1925; INTERNAL; 484; 484; 0; 1923
INTERNAL; 484; 484; 0; 1923; INTERNAL; 475; 483; 8; 5595
INTERNAL; 475; 483; 8; 5595; INTERNAL; 474; 482; 8; 3694
INTERNAL; 474; 482; 8; 3694; INTERNAL; 465; 481; 16; 4565
INTERNAL; 484; 484; 0; 1923; INTERNAL; 474; 483; 9; 1961
INTERNAL; 484; 484; 0; 1923; INTERNAL; 483; 483; 0; 1918
INTERNAL; 483; 483; 0; 1918; INTERNAL; 475; 482; 7; 1914
INTERNAL; 475; 482; 7; 1914; INTERNAL; 474; 480; 6; 1246
INTERNAL; 474; 480; 6; 1246; INTERNAL; 463; 479; 16; 4547
INTERNAL; 483; 483; 0; 1918; INTERNAL; 482; 482; 0; 1915
INTERNAL; 482; 482; 0; 1915; INTERNAL; 474; 481; 7; 1910
INTERNAL; 474; 481; 7; 1910; INTERNAL; 462; 480; 18; 6997
INTERNAL; 482; 482; 0; 1915; INTERNAL; 474; 481; 7; 1912
INTERNAL; 482; 482; 0; 1915; INTERNAL; 475; 481; 6; 6303
INTERNAL; 482; 482; 0; 1915; INTERNAL; 481; 481; 0; 1913
INTERNAL; 481; 481; 0; 1913; INTERNAL; 480; 480; 0; 1906
INTERNAL; 480; 480; 0; 1906; INTERNAL; 479; 479; 0; 5616
INTERNAL; 479; 479; 0; 5616; INTERNAL; 475; 478; 3; 9990
INTERNAL; 475; 478; 3; 9990; INTERNAL; 474; 476; 2; 346
INTERNAL; 474; 476; 2; 346; INTERNAL; 459; 475; 16; 8713
INTERNAL; 479; 479; 0; 5616; INTERNAL; 474; 478; 4; 1900
INTERNAL; 479; 479; 0; 5616; INTERNAL; 474; 478; 4; 1899
INTERNAL; 474; 478; 4; 1899; INTERNAL; 460; 477; 17; 345
INTERNAL; 479; 479; 0; 5616; INTERNAL; 478; 478; 0; 3312
INTERNAL; 478; 478; 0; 3312; INTERNAL; 477; 477; 0; 2506
INTERNAL; 477; 477; 0; 2506; INTERNAL; 474; 476; 2; 1894
INTERNAL; 474; 476; 2; 1894; INTERNAL; 458; 475; 17; 347
INTERNAL; 458; 475; 17; 347; INTERNAL; 457; 473; 16; 6963
INTERNAL; 477; 477; 0; 2506; INTERNAL; 474; 476; 2; 1895
INTERNAL; 474; 476; 2; 1895; INTERNAL; 458; 475; 17; 1919
INTERNAL; 477; 477; 0; 2506; INTERNAL; 476; 476; 0; 1892
INTERNAL; 476; 476; 0; 1892; INTERNAL; 475; 475; 0; 7277
INTERNAL; 475; 475; 0; 7277; INTERNAL; 474; 474; 0; 352
INTERNAL; 474; 474; 0; 352; INTERNAL; 473; 473; 0; 8981
INTERNAL; 473; 473; 0; 8981; INTERNAL; 454; 472; 18; 348
INTERNAL; 474; 474; 0; 352; INTERNAL; 473; 473; 0; 349
INTERNAL; 474; 474; 0; 352; INTERNAL; 473; 473; 0; 6572
INTERNAL; 473; 473; 0; 6572; INTERNAL; 456; 472; 16; 6579
INTERNAL; 456; 472; 16; 6579; INTERNAL; 455; 471; 16; 9981
INTERNAL; 474; 474; 0; 352; INTERNAL; 473; 473; 0; 8387
INTERNAL; 475; 475; 0; 7277; INTERNAL; 474; 474; 0; 354
INTERNAL; 474; 474; 0; 354; INTERNAL; 456; 473; 17; 350
INTERNAL; 475; 475; 0; 7277; INTERNAL; 474; 474; 0; 356
INTERNAL; 474; 474; 0; 356; INTERNAL; 456; 473; 17; 351
INTERNAL; 475; 475; 0; 7277; INTERNAL; 474; 474; 0; 9368
INTERNAL; 476; 476; 0; 1892; INTERNAL; 474; 475; 1; 880
INTERNAL; 476; 476; 0; 1892; INTERNAL; 475; 475; 0; 357
INTERNAL; 475; 475; 0; 357; INTERNAL; 474; 474; 0; 5597
INTERNAL; 475; 475; 0; 357; INTERNAL; 474; 474; 0; 8234
INTERNAL; 476; 476; 0; 1892; INTERNAL; 474; 475; 1; 358
INTERNAL; 477; 477; 0; 2506; INTERNAL; 476; 476; 0; 7295
INTERNAL; 476; 476; 0; 7295; INTERNAL; 475; 475; 0; 7554
INTERNAL; 478; 478; 0; 3312; INTERNAL; 474; 477; 3; 1897
INTERNAL; 478; 478; 0; 3312; INTERNAL; 474; 477; 3; 1898
INTERNAL; 478; 478; 0; 3312; INTERNAL; 475; 477; 2; 1896
INTERNAL; 480; 480; 0; 1906; INTERNAL; 475; 479; 4; 1902
INTERNAL; 475; 479; 4; 1902; INTERNAL; 474; 478; 4; 344
INTERNAL; 474; 478; 4; 344; INTERNAL; 461; 477; 16; 343
INTERNAL; 480; 480; 0; 1906; INTERNAL; 474; 479; 5; 7483
INTERNAL; 480; 480; 0; 1906; INTERNAL; 474; 479; 5; 1903
INTERNAL; 474; 479; 5; 1903; INTERNAL; 460; 478; 18; 342
INTERNAL; 481; 481; 0; 1913; INTERNAL; 474; 480; 6; 1908
INTERNAL; 481; 481; 0; 1913; INTERNAL; 474; 480; 6; 1907
INTERNAL; 481; 481; 0; 1913; INTERNAL; 475; 480; 5; 1905
INTERNAL; 483; 483; 0; 1918; INTERNAL; 474; 482; 8; 1917
INTERNAL; 483; 483; 0; 1918; INTERNAL; 474; 482; 8; 1916
INTERNAL; 474; 482; 8; 1916; INTERNAL; 464; 481; 17; 341
INTERNAL; 484; 484; 0; 1923; INTERNAL; 474; 483; 9; 7139
INTERNAL; 474; 483; 9; 7139; INTERNAL; 464; 482; 18; 4132
INTERNAL; 485; 485; 0; 1925; INTERNAL; 475; 484; 9; 1920
INTERNAL; 485; 485; 0; 1925; INTERNAL; 474; 484; 10; 7480
INTERNAL; 474; 484; 10; 7480; INTERNAL; 466; 483; 17; 2991
INTERNAL; 485; 485; 0; 1925; INTERNAL; 474; 484; 10; 2131
INTERNAL; 474; 484; 10; 2131; INTERNAL; 466; 483; 17; 9618
INTERNAL; 486; 486; 0; 4145; INTERNAL; 474; 485; 11; 4593
INTERNAL; 486; 486; 0; 4145; INTERNAL; 474; 485; 11; 7895
INTERNAL; 486; 486; 0; 4145; INTERNAL; 475; 485; 10; 1924
INTERNAL; 475; 485; 10; 1924; INTERNAL; 474; 484; 10; 340
INTERNAL; 474; 484; 10; 340; INTERNAL; 467; 483; 16; 2757
INTERNAL; 487; 487; 0; 5105; INTERNAL; 474; 486; 12; 3274
INTERNAL; 487; 487; 0; 5105; INTERNAL; 475; 486; 11; 10024
INTERNAL; 487; 487; 0; 5105; INTERNAL; 474; 486; 12; 4568
INTERNAL; 474; 486; 12; 4568; INTERNAL; 468; 485; 17; 339
INTERNAL; 488; 488; 0; 3344; INTERNAL; 474; 487; 13; 1926
INTERNAL; 474; 487; 13; 1926; INTERNAL; 468; 486; 18; 337
INTERNAL; 488; 488; 0; 3344; INTERNAL; 474; 487; 13; 6289
INTERNAL; 489; 489; 0; 5273; INTERNAL; 475; 488; 13; 1928
INTERNAL; 489; 489; 0; 5273; INTERNAL; 474; 488; 14; 1929
INTERNAL; 474; 488; 14; 1929; INTERNAL; 469; 487; 18; 336
INTERNAL; 489; 489; 0; 5273; INTERNAL; 474; 488; 14; 3708
INTERNAL; 493; 508; 15; 4692; INTERNAL; 492; 492; 0; 6608
INTERNAL; 492; 492; 0; 6608; INTERNAL; 491; 491; 0; 1937
INTERNAL; 491; 491; 0; 1937; INTERNAL; 475; 490; 15; 1932
INTERNAL; 475; 490; 15; 1932; INTERNAL; 474; 488; 14; 876
INTERNAL; 491; 491; 0; 1937; INTERNAL; 490; 490; 0; 1934
INTERNAL; 490; 490; 0; 1934; INTERNAL; 475; 489; 14; 1930
INTERNAL; 490; 490; 0; 1934; INTERNAL; 474; 489; 15; 8041
INTERNAL; 490; 490; 0; 1934; INTERNAL; 474; 489; 15; 1931
INTERNAL; 474; 489; 15; 1931; INTERNAL; 470; 488; 18; 2144
INTERNAL; 491; 491; 0; 1937; INTERNAL; 474; 490; 16; 1935
INTERNAL; 491; 491; 0; 1937; INTERNAL; 474; 490; 16; 4385
INTERNAL; 474; 490; 16; 4385; INTERNAL; 471; 489; 18; 9945
INTERNAL; 492; 492; 0; 6608; INTERNAL; 474; 491; 17; 6648
INTERNAL; 474; 491; 17; 6648; INTERNAL; 473; 490; 17; 5613
INTERNAL; 473; 490; 17; 5613; INTERNAL; 472; 489; 17; 6235
INTERNAL; 492; 492; 0; 6608; INTERNAL; 474; 491; 17; 6414
INTERNAL; 510; 510; 0; 3203; INTERNAL; 494; 509; 15; 1994
INTERNAL; 494; 509; 15; 1994; INTERNAL; 493; 508; 15; 320
INTERNAL; 493; 508; 15; 320; INTERNAL; 490; 507; 17; 319
INTERNAL; 510; 510; 0; 3203; INTERNAL; 494; 509; 15; 5805
INTERNAL; 510; 510; 0; 3203; INTERNAL; 493; 509; 16; 1996
INTERNAL; 510; 510; 0; 3203; INTERNAL; 509; 509; 0; 6815
INTERNAL; 509; 509; 0; 6815; INTERNAL; 493; 508; 15; 1992
INTERNAL; 493; 508; 15; 1992; INTERNAL; 489; 507; 18; 4068
INTERNAL; 509; 509; 0; 6815; INTERNAL; 494; 508; 14; 8996
INTERNAL; 494; 508; 14; 8996; INTERNAL; 493; 506; 13; 1738
INTERNAL; 493; 506; 13; 1738; INTERNAL; 488; 505; 17; 6504
INTERNAL; 509; 509; 0; 6815; INTERNAL; 508; 508; 0; 1988
INTERNAL; 508; 508; 0; 1988; INTERNAL; 494; 507; 13; 1986
INTERNAL; 494; 507; 13; 1986; INTERNAL; 493; 506; 13; 4592
INTERNAL; 508; 508; 0; 1988; INTERNAL; 494; 507; 13; 1987
INTERNAL; 508; 508; 0; 1988; INTERNAL; 493; 507; 14; 9551
INTERNAL; 508; 508; 0; 1988; INTERNAL; 507; 507; 0; 8228
INTERNAL; 507; 507; 0; 8228; INTERNAL; 494; 506; 12; 1980
INTERNAL; 494; 506; 12; 1980; INTERNAL; 493; 504; 11; 3158
INTERNAL; 493; 504; 11; 3158; INTERNAL; 487; 503; 16; 1031
INTERNAL; 487; 503; 16; 1031; INTERNAL; 486; 502; 16; 7604
INTERNAL; 507; 507; 0; 8228; INTERNAL; 493; 506; 13; 3313
INTERNAL; 493; 506; 13; 3313; INTERNAL; 487; 505; 18; 6393
INTERNAL; 507; 507; 0; 8228; INTERNAL; 506; 506; 0; 1982
INTERNAL; 506; 506; 0; 1982; INTERNAL; 493; 505; 12; 1978
INTERNAL; 506; 506; 0; 1982; INTERNAL; 493; 505; 12; 6462
INTERNAL; 506; 506; 0; 1982; INTERNAL; 505; 505; 0; 3047
INTERNAL; 505; 505; 0; 3047; INTERNAL; 494; 504; 10; 1974
INTERNAL; 494; 504; 10; 1974; INTERNAL; 493; 502; 9; 322
INTERNAL; 493; 502; 9; 322; INTERNAL; 484; 501; 17; 8392
INTERNAL; 505; 505; 0; 3047; INTERNAL; 493; 504; 11; 6015
INTERNAL; 493; 504; 11; 6015; INTERNAL; 485; 503; 18; 321
INTERNAL; 505; 505; 0; 3047; INTERNAL; 504; 504; 0; 1975
INTERNAL; 504; 504; 0; 1975; INTERNAL; 493; 503; 10; 1973
INTERNAL; 504; 504; 0; 1975; INTERNAL; 493; 503; 10; 1972
INTERNAL; 504; 504; 0; 1975; INTERNAL; 494; 503; 9; 5638
INTERNAL; 504; 504; 0; 1975; INTERNAL; 503; 503; 0; 3634
INTERNAL; 503; 503; 0; 3634; INTERNAL; 493; 502; 9; 1970
INTERNAL; 493; 502; 9; 1970; INTERNAL; 483; 501; 18; 3962
INTERNAL; 503; 503; 0; 3634; INTERNAL; 493; 502; 9; 1971
INTERNAL; 503; 503; 0; 3634; INTERNAL; 495; 502; 7; 4075
INTERNAL; 495; 502; 7; 4075; INTERNAL; 494; 500; 6; 3495
INTERNAL; 494; 500; 6; 3495; INTERNAL; 493; 499; 6; 9269
INTERNAL; 494; 500; 6; 3495; INTERNAL; 493; 499; 6; 387
INTERNAL; 493; 499; 6; 387; INTERNAL; 482; 498; 16; 323
INTERNAL; 503; 503; 0; 3634; INTERNAL; 502; 502; 0; 4669
INTERNAL; 502; 502; 0; 4669; INTERNAL; 494; 501; 7; 1968
INTERNAL; 494; 501; 7; 1968; INTERNAL; 493; 500; 7; 1680
INTERNAL; 502; 502; 0; 4669; INTERNAL; 494; 501; 7; 4523
INTERNAL; 502; 502; 0; 4669; INTERNAL; 501; 501; 0; 5847
INTERNAL; 501; 501; 0; 5847; INTERNAL; 493; 500; 7; 1965
INTERNAL; 501; 501; 0; 5847; INTERNAL; 493; 500; 7; 6040
INTERNAL; 493; 500; 7; 6040; INTERNAL; 481; 499; 18; 324
INTERNAL; 501; 501; 0; 5847; INTERNAL; 500; 500; 0; 1962
INTERNAL; 500; 500; 0; 1962; INTERNAL; 499; 499; 0; 1960
INTERNAL; 499; 499; 0; 1960; INTERNAL; 493; 498; 5; 5753
INTERNAL; 499; 499; 0; 1960; INTERNAL; 494; 498; 4; 1956
INTERNAL; 494; 498; 4; 1956; INTERNAL; 493; 496; 3; 329
INTERNAL; 493; 496; 3; 329; INTERNAL; 479; 495; 16; 328
INTERNAL; 479; 495; 16; 328; INTERNAL; 478; 494; 16; 353
INTERNAL; 499; 499; 0; 1960; INTERNAL; 498; 498; 0; 1957
INTERNAL; 498; 498; 0; 1957; INTERNAL; 494; 497; 3; 1954
INTERNAL; 498; 498; 0; 1957; INTERNAL; 493; 497; 4; 1955
INTERNAL; 498; 498; 0; 1957; INTERNAL; 493; 497; 4; 6027
INTERNAL; 498; 498; 0; 1957; INTERNAL; 497; 497; 0; 3857
INTERNAL; 497; 497; 0; 3857; INTERNAL; 493; 496; 3; 1952
INTERNAL; 493; 496; 3; 1952; INTERNAL; 477; 495; 18; 4605
INTERNAL; 497; 497; 0; 3857; INTERNAL; 493; 496; 3; 1950
INTERNAL; 497; 497; 0; 3857; INTERNAL; 496; 496; 0; 1949
INTERNAL; 496; 496; 0; 1949; INTERNAL; 494; 495; 1; 1944
INTERNAL; 494; 495; 1; 1944; INTERNAL; 493; 494; 1; 8903
INTERNAL; 493; 494; 1; 8903; INTERNAL; 477; 493; 16; 6232
INTERNAL; 477; 493; 16; 6232; INTERNAL; 476; 492; 16; 4918
INTERNAL; 496; 496; 0; 1949; INTERNAL; 495; 495; 0; 1947
INTERNAL; 495; 495; 0; 1947; INTERNAL; 494; 494; 0; 3297
INTERNAL; 494; 494; 0; 3297; INTERNAL; 493; 493; 0; 2475
INTERNAL; 493; 493; 0; 2475; INTERNAL; 474; 492; 18; 2772
INTERNAL; 493; 493; 0; 2475; INTERNAL; 475; 492; 17; 9292
INTERNAL; 475; 492; 17; 9292; INTERNAL; 474; 491; 17; 335
INTERNAL; 494; 494; 0; 3297; INTERNAL; 493; 493; 0; 2346
INTERNAL; 493; 493; 0; 2346; INTERNAL; 474; 492; 18; 432
INTERNAL; 494; 494; 0; 3297; INTERNAL; 493; 493; 0; 333
INTERNAL; 494; 494; 0; 3297; INTERNAL; 493; 493; 0; 332
INTERNAL; 494; 494; 0; 3297; INTERNAL; 493; 493; 0; 334
INTERNAL; 494; 494; 0; 3297; INTERNAL; 493; 493; 0; 8274
INTERNAL; 493; 493; 0; 8274; INTERNAL; 492; 492; 0; 331
INTERNAL; 493; 493; 0; 8274; INTERNAL; 492; 492; 0; 3142
INTERNAL; 492; 492; 0; 3142; INTERNAL; 475; 491; 16; 3163
INTERNAL; 475; 491; 16; 3163; INTERNAL; 474; 490; 16; 7643
INTERNAL; 495; 495; 0; 1947; INTERNAL; 493; 494; 1; 1940
INTERNAL; 493; 494; 1; 1940; INTERNAL; 475; 493; 18; 330
INTERNAL; 495; 495; 0; 1947; INTERNAL; 494; 494; 0; 1938
INTERNAL; 494; 494; 0; 1938; INTERNAL; 493; 493; 0; 4621
INTERNAL; 495; 495; 0; 1947; INTERNAL; 493; 494; 1; 1943
INTERNAL; 496; 496; 0; 1949; INTERNAL; 493; 495; 2; 1945
INTERNAL; 496; 496; 0; 1949; INTERNAL; 493; 495; 2; 5269
INTERNAL; 497; 497; 0; 3857; INTERNAL; 494; 496; 2; 10036
INTERNAL; 499; 499; 0; 1960; INTERNAL; 493; 498; 5; 1958
INTERNAL; 493; 498; 5; 1958; INTERNAL; 479; 497; 18; 326
INTERNAL; 500; 500; 0; 1962; INTERNAL; 493; 499; 6; 3818
INTERNAL; 493; 499; 6; 3818; INTERNAL; 481; 498; 17; 325
INTERNAL; 481; 498; 17; 325; INTERNAL; 480; 497; 17; 538
INTERNAL; 500; 500; 0; 1962; INTERNAL; 493; 499; 6; 4618
INTERNAL; 500; 500; 0; 1962; INTERNAL; 493; 499; 6; 9168
INTERNAL; 501; 501; 0; 5847; INTERNAL; 493; 500; 7; 9326
INTERNAL; 502; 502; 0; 4669; INTERNAL; 495; 501; 6; 6740
INTERNAL; 502; 502; 0; 4669; INTERNAL; 493; 501; 8; 7340
INTERNAL; 505; 505; 0; 3047; INTERNAL; 493; 504; 11; 4802
INTERNAL; 506; 506; 0; 1982; INTERNAL; 494; 505; 11; 1976
INTERNAL; 507; 507; 0; 8228; INTERNAL; 493; 506; 13; 1984
INTERNAL; 508; 508; 0; 1988; INTERNAL; 494; 507; 13; 1985
INTERNAL; 509; 509; 0; 6815; INTERNAL; 493; 508; 15; 1989
INTERNAL; 511; 511; 0; 2001; INTERNAL; 494; 510; 16; 1997
INTERNAL; 511; 511; 0; 2001; INTERNAL; 494; 510; 16; 3038
INTERNAL; 494; 510; 16; 3038; INTERNAL; 493; 509; 16; 5620
INTERNAL; 511; 511; 0; 2001; INTERNAL; 493; 510; 17; 2716
INTERNAL; 493; 510; 17; 2716; INTERNAL; 491; 509; 18; 5083
INTERNAL; 511; 511; 0; 2001; INTERNAL; 494; 510; 16; 1998
INTERNAL; 512; 512; 0; 2004; INTERNAL; 492; 511; 19; 2000
INTERNAL; 531; 531; 0; 4516; INTERNAL; 513; 530; 17; 2059
INTERNAL; 513; 530; 17; 2059; INTERNAL; 510; 529; 19; 2446
INTERNAL; 531; 531; 0; 4516; INTERNAL; 530; 530; 0; 8689
INTERNAL; 530; 530; 0; 8689; INTERNAL; 514; 529; 15; 5195
INTERNAL; 530; 530; 0; 8689; INTERNAL; 514; 529; 15; 2054
INTERNAL; 514; 529; 15; 2054; INTERNAL; 513; 528; 15; 8948
INTERNAL; 513; 528; 15; 8948; INTERNAL; 509; 527; 18; 303
INTERNAL; 530; 530; 0; 8689; INTERNAL; 513; 529; 16; 9113
INTERNAL; 530; 530; 0; 8689; INTERNAL; 514; 529; 15; 2055
INTERNAL; 530; 530; 0; 8689; INTERNAL; 529; 529; 0; 5218
INTERNAL; 529; 529; 0; 5218; INTERNAL; 528; 528; 0; 2051
INTERNAL; 528; 528; 0; 2051; INTERNAL; 527; 527; 0; 7168
INTERNAL; 527; 527; 0; 7168; INTERNAL; 513; 526; 13; 9690
INTERNAL; 513; 526; 13; 9690; INTERNAL; 506; 525; 19; 1603
INTERNAL; 527; 527; 0; 7168; INTERNAL; 513; 526; 13; 2047
INTERNAL; 527; 527; 0; 7168; INTERNAL; 514; 526; 12; 2044
INTERNAL; 514; 526; 12; 2044; INTERNAL; 513; 524; 11; 8918
INTERNAL; 527; 527; 0; 7168; INTERNAL; 526; 526; 0; 7241
INTERNAL; 526; 526; 0; 7241; INTERNAL; 514; 525; 11; 8183
INTERNAL; 526; 526; 0; 7241; INTERNAL; 513; 525; 12; 9862
INTERNAL; 526; 526; 0; 7241; INTERNAL; 525; 525; 0; 2043
INTERNAL; 525; 525; 0; 2043; INTERNAL; 514; 524; 10; 2040
INTERNAL; 514; 524; 10; 2040; INTERNAL; 513; 522; 9; 308
INTERNAL; 525; 525; 0; 2043; INTERNAL; 524; 524; 0; 5176
INTERNAL; 524; 524; 0; 5176; INTERNAL; 523; 523; 0; 5500
INTERNAL; 523; 523; 0; 5500; INTERNAL; 522; 522; 0; 2034
INTERNAL; 522; 522; 0; 2034; INTERNAL; 513; 521; 8; 2029
INTERNAL; 513; 521; 8; 2029; INTERNAL; 501; 519; 18; 311
INTERNAL; 522; 522; 0; 2034; INTERNAL; 521; 521; 0; 5541
INTERNAL; 521; 521; 0; 5541; INTERNAL; 520; 520; 0; 2026
INTERNAL; 520; 520; 0; 2026; INTERNAL; 514; 519; 5; 2021
INTERNAL; 514; 519; 5; 2021; INTERNAL; 513; 518; 5; 7631
INTERNAL; 513; 518; 5; 7631; INTERNAL; 500; 517; 17; 4140
INTERNAL; 520; 520; 0; 2026; INTERNAL; 513; 519; 6; 2023
INTERNAL; 520; 520; 0; 2026; INTERNAL; 513; 519; 6; 2022
INTERNAL; 513; 519; 6; 2022; INTERNAL; 499; 517; 18; 1990
INTERNAL; 520; 520; 0; 2026; INTERNAL; 519; 519; 0; 5503
INTERNAL; 519; 519; 0; 5503; INTERNAL; 513; 518; 5; 4980
INTERNAL; 519; 519; 0; 5503; INTERNAL; 514; 518; 4; 2020
INTERNAL; 514; 518; 4; 2020; INTERNAL; 513; 516; 3; 2853
INTERNAL; 513; 516; 3; 2853; INTERNAL; 498; 515; 17; 10101
INTERNAL; 519; 519; 0; 5503; INTERNAL; 518; 518; 0; 3139
INTERNAL; 518; 518; 0; 3139; INTERNAL; 513; 517; 4; 5544
INTERNAL; 518; 518; 0; 3139; INTERNAL; 514; 517; 3; 4679
INTERNAL; 518; 518; 0; 3139; INTERNAL; 517; 517; 0; 2018
INTERNAL; 517; 517; 0; 2018; INTERNAL; 516; 516; 0; 2015
INTERNAL; 516; 516; 0; 2015; INTERNAL; 513; 515; 2; 9952
INTERNAL; 516; 516; 0; 2015; INTERNAL; 514; 515; 1; 2011
INTERNAL; 514; 515; 1; 2011; INTERNAL; 513; 514; 1; 314
INTERNAL; 513; 514; 1; 314; INTERNAL; 496; 513; 17; 313
INTERNAL; 516; 516; 0; 2015; INTERNAL; 515; 515; 0; 2013
INTERNAL; 515; 515; 0; 2013; INTERNAL; 513; 514; 1; 2008
INTERNAL; 513; 514; 1; 2008; INTERNAL; 495; 513; 18; 8377
INTERNAL; 495; 513; 18; 8377; INTERNAL; 493; 512; 19; 6405
INTERNAL; 495; 513; 18; 8377; INTERNAL; 494; 512; 18; 2002
INTERNAL; 515; 515; 0; 2013; INTERNAL; 514; 514; 0; 2005
INTERNAL; 514; 514; 0; 2005; INTERNAL; 513; 513; 0; 2063
INTERNAL; 514; 514; 0; 2005; INTERNAL; 513; 513; 0; 9566
INTERNAL; 513; 513; 0; 9566; INTERNAL; 493; 512; 19; 316
INTERNAL; 514; 514; 0; 2005; INTERNAL; 513; 513; 0; 8186
INTERNAL; 513; 513; 0; 8186; INTERNAL; 512; 512; 0; 8716
INTERNAL; 513; 513; 0; 8186; INTERNAL; 512; 512; 0; 315
INTERNAL; 512; 512; 0; 315; INTERNAL; 493; 511; 18; 5871
INTERNAL; 514; 514; 0; 2005; INTERNAL; 513; 513; 0; 317
INTERNAL; 514; 514; 0; 2005; INTERNAL; 513; 513; 0; 1073
INTERNAL; 515; 515; 0; 2013; INTERNAL; 513; 514; 1; 2009
INTERNAL; 513; 514; 1; 2009; INTERNAL; 495; 513; 18; 5681
INTERNAL; 515; 515; 0; 2013; INTERNAL; 514; 514; 0; 2007
INTERNAL; 514; 514; 0; 2007; INTERNAL; 513; 513; 0; 5750
INTERNAL; 516; 516; 0; 2015; INTERNAL; 513; 515; 2; 2012
INTERNAL; 517; 517; 0; 2018; INTERNAL; 513; 516; 3; 2016
INTERNAL; 513; 516; 3; 2016; INTERNAL; 497; 515; 18; 6191
INTERNAL; 517; 517; 0; 2018; INTERNAL; 513; 516; 3; 4185
INTERNAL; 513; 516; 3; 4185; INTERNAL; 497; 515; 18; 5330
INTERNAL; 517; 517; 0; 2018; INTERNAL; 514; 516; 2; 2014
INTERNAL; 518; 518; 0; 3139; INTERNAL; 513; 517; 4; 7287
INTERNAL; 519; 519; 0; 5503; INTERNAL; 513; 518; 5; 5384
INTERNAL; 513; 518; 5; 5384; INTERNAL; 499; 517; 18; 312
INTERNAL; 521; 521; 0; 5541; INTERNAL; 513; 520; 7; 2523
INTERNAL; 513; 520; 7; 2523; INTERNAL; 501; 519; 18; 2062
INTERNAL; 521; 521; 0; 5541; INTERNAL; 513; 520; 7; 2027
INTERNAL; 521; 521; 0; 5541; INTERNAL; 514; 520; 6; 2024
INTERNAL; 522; 522; 0; 2034; INTERNAL; 514; 521; 7; 2028
INTERNAL; 514; 521; 7; 2028; INTERNAL; 513; 520; 7; 310
INTERNAL; 513; 520; 7; 310; INTERNAL; 502; 519; 17; 6043
INTERNAL; 522; 522; 0; 2034; INTERNAL; 513; 521; 8; 2031
INTERNAL; 523; 523; 0; 5500; INTERNAL; 513; 522; 9; 6139
INTERNAL; 513; 522; 9; 6139; INTERNAL; 503; 521; 18; 309
INTERNAL; 523; 523; 0; 5500; INTERNAL; 514; 522; 8; 2032
INTERNAL; 523; 523; 0; 5500; INTERNAL; 513; 522; 9; 3082
INTERNAL; 513; 522; 9; 3082; INTERNAL; 503; 521; 18; 2527
INTERNAL; 524; 524; 0; 5176; INTERNAL; 514; 523; 9; 3201
INTERNAL; 524; 524; 0; 5176; INTERNAL; 513; 523; 10; 2037
INTERNAL; 524; 524; 0; 5176; INTERNAL; 513; 523; 10; 2035
INTERNAL; 525; 525; 0; 2043; INTERNAL; 513; 524; 11; 5059
INTERNAL; 513; 524; 11; 5059; INTERNAL; 505; 523; 18; 6090
INTERNAL; 525; 525; 0; 2043; INTERNAL; 513; 524; 11; 6585
INTERNAL; 513; 524; 11; 6585; INTERNAL; 504; 523; 19; 307
INTERNAL; 526; 526; 0; 7241; INTERNAL; 513; 525; 12; 2041
INTERNAL; 528; 528; 0; 2051; INTERNAL; 514; 527; 13; 2049
INTERNAL; 514; 527; 13; 2049; INTERNAL; 513; 526; 13; 306
INTERNAL; 513; 526; 13; 306; INTERNAL; 507; 525; 18; 305
INTERNAL; 528; 528; 0; 2051; INTERNAL; 513; 527; 14; 2048
INTERNAL; 528; 528; 0; 2051; INTERNAL; 514; 527; 13; 9904
INTERNAL; 514; 527; 13; 9904; INTERNAL; 513; 526; 13; 1412
INTERNAL; 528; 528; 0; 2051; INTERNAL; 514; 527; 13; 8114
INTERNAL; 529; 529; 0; 5218; INTERNAL; 513; 528; 15; 5199
INTERNAL; 529; 529; 0; 5218; INTERNAL; 514; 528; 14; 8539
INTERNAL; 529; 529; 0; 5218; INTERNAL; 513; 528; 15; 4943
INTERNAL; 513; 528; 15; 4943; INTERNAL; 508; 527; 19; 5370
INTERNAL; 531; 531; 0; 4516; INTERNAL; 513; 530; 17; 7149
INTERNAL; 533; 551; 18; 652; INTERNAL; 532; 532; 0; 5064
INTERNAL; 532; 532; 0; 5064; INTERNAL; 513; 531; 18; 2060
INTERNAL; 513; 531; 18; 2060; INTERNAL; 511; 530; 19; 1131
INTERNAL; 532; 532; 0; 5064; INTERNAL; 512; 530; 18; 4840
INTERNAL; 532; 532; 0; 5064; INTERNAL; 513; 531; 18; 3853
INTERNAL; 553; 553; 0; 2117; INTERNAL; 552; 552; 0; 2115
INTERNAL; 552; 552; 0; 2115; INTERNAL; 551; 551; 0; 2111
INTERNAL; 551; 551; 0; 2111; INTERNAL; 550; 550; 0; 5368
INTERNAL; 550; 550; 0; 5368; INTERNAL; 549; 549; 0; 2104
INTERNAL; 549; 549; 0; 2104; INTERNAL; 534; 548; 14; 7624
INTERNAL; 534; 548; 14; 7624; INTERNAL; 533; 546; 13; 6116
INTERNAL; 549; 549; 0; 2104; INTERNAL; 533; 548; 15; 2100
INTERNAL; 533; 548; 15; 2100; INTERNAL; 529; 547; 18; 8748
INTERNAL; 529; 547; 18; 8748; INTERNAL; 528; 546; 18; 5450
INTERNAL; 549; 549; 0; 2104; INTERNAL; 548; 548; 0; 3116
INTERNAL; 548; 548; 0; 3116; INTERNAL; 547; 547; 0; 2099
INTERNAL; 547; 547; 0; 2099; INTERNAL; 533; 546; 13; 6480
INTERNAL; 533; 546; 13; 6480; INTERNAL; 526; 545; 19; 284
INTERNAL; 547; 547; 0; 2099; INTERNAL; 534; 546; 12; 2094
INTERNAL; 534; 546; 12; 2094; INTERNAL; 533; 544; 11; 2595
INTERNAL; 547; 547; 0; 2099; INTERNAL; 533; 546; 13; 2096
INTERNAL; 547; 547; 0; 2099; INTERNAL; 546; 546; 0; 2095
INTERNAL; 546; 546; 0; 2095; INTERNAL; 534; 545; 11; 5561
INTERNAL; 546; 546; 0; 2095; INTERNAL; 533; 545; 12; 2091
INTERNAL; 533; 545; 12; 2091; INTERNAL; 525; 544; 19; 285
INTERNAL; 546; 546; 0; 2095; INTERNAL; 533; 545; 12; 2090
INTERNAL; 546; 546; 0; 2095; INTERNAL; 545; 545; 0; 2092
INTERNAL; 545; 545; 0; 2092; INTERNAL; 544; 544; 0; 4544
INTERNAL; 544; 544; 0; 4544; INTERNAL; 533; 543; 10; 4279
INTERNAL; 533; 543; 10; 4279; INTERNAL; 523; 542; 19; 7983
INTERNAL; 544; 544; 0; 4544; INTERNAL; 534; 543; 9; 5448
INTERNAL; 534; 543; 9; 5448; INTERNAL; 533; 542; 9; 286
INTERNAL; 544; 544; 0; 4544; INTERNAL; 533; 543; 10; 2088
INTERNAL; 544; 544; 0; 4544; INTERNAL; 543; 543; 0; 3521
INTERNAL; 543; 543; 0; 3521; INTERNAL; 533; 542; 9; 2087
INTERNAL; 533; 542; 9; 2087; INTERNAL; 522; 541; 19; 4007
INTERNAL; 543; 543; 0; 3521; INTERNAL; 542; 542; 0; 3763
INTERNAL; 542; 542; 0; 3763; INTERNAL; 533; 541; 8; 2083
INTERNAL; 542; 542; 0; 3763; INTERNAL; 541; 541; 0; 2084
INTERNAL; 541; 541; 0; 2084; INTERNAL; 540; 540; 0; 9038
INTERNAL; 540; 540; 0; 9038; INTERNAL; 533; 539; 6; 2079
INTERNAL; 533; 539; 6; 2079; INTERNAL; 519; 538; 19; 289
INTERNAL; 540; 540; 0; 9038; INTERNAL; 533; 539; 6; 2078
INTERNAL; 540; 540; 0; 9038; INTERNAL; 539; 539; 0; 6250
INTERNAL; 539; 539; 0; 6250; INTERNAL; 533; 538; 5; 6595
INTERNAL; 533; 538; 5; 6595; INTERNAL; 518; 536; 18; 2199
INTERNAL; 539; 539; 0; 6250; INTERNAL; 533; 538; 5; 2076
INTERNAL; 533; 538; 5; 2076; INTERNAL; 519; 537; 18; 7798
INTERNAL; 539; 539; 0; 6250; INTERNAL; 538; 538; 0; 2073
INTERNAL; 538; 538; 0; 2073; INTERNAL; 537; 537; 0; 2072
INTERNAL; 537; 537; 0; 2072; INTERNAL; 536; 536; 0; 6530
INTERNAL; 536; 536; 0; 6530; INTERNAL; 534; 535; 1; 2066
INTERNAL; 534; 535; 1; 2066; INTERNAL; 533; 534; 1; 295
INTERNAL; 536; 536; 0; 6530; INTERNAL; 533; 535; 2; 9978
INTERNAL; 533; 535; 2; 9978; INTERNAL; 515; 534; 19; 294
INTERNAL; 536; 536; 0; 6530; INTERNAL; 535; 535; 0; 4532
INTERNAL; 535; 535; 0; 4532; INTERNAL; 533; 534; 1; 2284
INTERNAL; 533; 534; 1; 2284; INTERNAL; 515; 533; 18; 298
INTERNAL; 515; 533; 18; 298; INTERNAL; 514; 532; 18; 297
INTERNAL; 535; 535; 0; 4532; INTERNAL; 533; 534; 1; 3506
INTERNAL; 533; 534; 1; 3506; INTERNAL; 513; 533; 20; 296
INTERNAL; 535; 535; 0; 4532; INTERNAL; 534; 534; 0; 2065
INTERNAL; 534; 534; 0; 2065; INTERNAL; 533; 533; 0; 2697
INTERNAL; 534; 534; 0; 2065; INTERNAL; 533; 533; 0; 1282
INTERNAL; 534; 534; 0; 2065; INTERNAL; 533; 533; 0; 301
INTERNAL; 534; 534; 0; 2065; INTERNAL; 533; 533; 0; 299
INTERNAL; 535; 535; 0; 4532; INTERNAL; 534; 534; 0; 3807
INTERNAL; 534; 534; 0; 3807; INTERNAL; 533; 533; 0; 2528
INTERNAL; 536; 536; 0; 6530; INTERNAL; 533; 535; 2; 3584
INTERNAL; 537; 537; 0; 2072; INTERNAL; 534; 536; 2; 2067
INTERNAL; 537; 537; 0; 2072; INTERNAL; 533; 536; 3; 9562
INTERNAL; 533; 536; 3; 9562; INTERNAL; 517; 535; 18; 9582
INTERNAL; 517; 535; 18; 9582; INTERNAL; 516; 534; 18; 293
INTERNAL; 537; 537; 0; 2072; INTERNAL; 533; 536; 3; 3539
INTERNAL; 538; 538; 0; 2073; INTERNAL; 533; 537; 4; 2070
INTERNAL; 533; 537; 4; 2070; INTERNAL; 517; 536; 19; 291
INTERNAL; 538; 538; 0; 2073; INTERNAL; 533; 537; 4; 2071
INTERNAL; 538; 538; 0; 2073; INTERNAL; 534; 537; 3; 2068
INTERNAL; 534; 537; 3; 2068; INTERNAL; 533; 536; 3; 292
INTERNAL; 539; 539; 0; 6250; INTERNAL; 534; 538; 4; 3888
INTERNAL; 540; 540; 0; 9038; INTERNAL; 534; 539; 5; 2077
INTERNAL; 534; 539; 5; 2077; INTERNAL; 533; 538; 5; 290
INTERNAL; 541; 541; 0; 2084; INTERNAL; 533; 540; 7; 2080
INTERNAL; 533; 540; 7; 2080; INTERNAL; 520; 538; 18; 581
INTERNAL; 541; 541; 0; 2084; INTERNAL; 534; 540; 6; 4914
INTERNAL; 541; 541; 0; 2084; INTERNAL; 533; 540; 7; 2081
INTERNAL; 533; 540; 7; 2081; INTERNAL; 521; 539; 18; 288
INTERNAL; 542; 542; 0; 3763; INTERNAL; 533; 541; 8; 9999
INTERNAL; 533; 541; 8; 9999; INTERNAL; 521; 540; 19; 287
INTERNAL; 542; 542; 0; 3763; INTERNAL; 534; 541; 7; 6065
INTERNAL; 534; 541; 7; 6065; INTERNAL; 533; 540; 7; 4466
INTERNAL; 543; 543; 0; 3521; INTERNAL; 534; 542; 8; 2085
INTERNAL; 543; 543; 0; 3521; INTERNAL; 533; 542; 9; 2086
INTERNAL; 545; 545; 0; 2092; INTERNAL; 533; 544; 11; 8173
INTERNAL; 533; 544; 11; 8173; INTERNAL; 524; 543; 19; 5746
INTERNAL; 545; 545; 0; 2092; INTERNAL; 533; 544; 11; 2089
INTERNAL; 545; 545; 0; 2092; INTERNAL; 534; 544; 10; 6061
INTERNAL; 548; 548; 0; 3116; INTERNAL; 534; 547; 13; 5610
INTERNAL; 548; 548; 0; 3116; INTERNAL; 533; 547; 14; 2097
INTERNAL; 533; 547; 14; 2097; INTERNAL; 527; 546; 19; 1305
INTERNAL; 548; 548; 0; 3116; INTERNAL; 533; 547; 14; 2098
INTERNAL; 549; 549; 0; 2104; INTERNAL; 533; 548; 15; 7560
INTERNAL; 550; 550; 0; 5368; INTERNAL; 533; 549; 16; 2101
INTERNAL; 550; 550; 0; 5368; INTERNAL; 534; 549; 15; 2668
INTERNAL; 534; 549; 15; 2668; INTERNAL; 533; 548; 15; 4059
INTERNAL; 550; 550; 0; 5368; INTERNAL; 533; 549; 16; 9764
INTERNAL; 533; 549; 16; 9764; INTERNAL; 529; 548; 19; 283
INTERNAL; 551; 551; 0; 2111; INTERNAL; 533; 550; 17; 2106
INTERNAL; 551; 551; 0; 2111; INTERNAL; 533; 550; 17; 2108
INTERNAL; 533; 550; 17; 2108; INTERNAL; 530; 549; 19; 2499
INTERNAL; 551; 551; 0; 2111; INTERNAL; 534; 550; 16; 2105
INTERNAL; 552; 552; 0; 2115; INTERNAL; 533; 551; 18; 2110
INTERNAL; 533; 551; 18; 2110; INTERNAL; 531; 550; 19; 282
INTERNAL; 552; 552; 0; 2115; INTERNAL; 533; 551; 18; 2109
INTERNAL; 553; 553; 0; 2117; INTERNAL; 533; 552; 19; 2113
INTERNAL; 553; 553; 0; 2117; INTERNAL; 534; 552; 18; 2112
INTERNAL; 572; 572; 0; 4936; INTERNAL; 554; 571; 17; 6745
INTERNAL; 554; 571; 17; 6745; INTERNAL; 551; 570; 19; 273
INTERNAL; 551; 570; 19; 273; INTERNAL; 550; 568; 18; 9570
INTERNAL; 572; 572; 0; 4936; INTERNAL; 571; 571; 0; 2168
INTERNAL; 571; 571; 0; 2168; INTERNAL; 554; 570; 16; 2514
INTERNAL; 554; 570; 16; 2514; INTERNAL; 549; 569; 20; 4267
INTERNAL; 571; 571; 0; 2168; INTERNAL; 570; 570; 0; 2165
INTERNAL; 570; 570; 0; 2165; INTERNAL; 555; 569; 14; 2159
INTERNAL; 555; 569; 14; 2159; INTERNAL; 554; 567; 13; 4643
INTERNAL; 554; 567; 13; 4643; INTERNAL; 548; 566; 18; 274
INTERNAL; 570; 570; 0; 2165; INTERNAL; 554; 569; 15; 2162
INTERNAL; 570; 570; 0; 2165; INTERNAL; 554; 569; 15; 2160
INTERNAL; 554; 569; 15; 2160; INTERNAL; 549; 568; 19; 365
INTERNAL; 570; 570; 0; 2165; INTERNAL; 569; 569; 0; 6126
INTERNAL; 569; 569; 0; 6126; INTERNAL; 554; 568; 14; 6223
INTERNAL; 554; 568; 14; 6223; INTERNAL; 547; 566; 19; 1583
INTERNAL; 569; 569; 0; 6126; INTERNAL; 555; 568; 13; 6119
INTERNAL; 569; 569; 0; 6126; INTERNAL; 568; 568; 0; 2157
INTERNAL; 568; 568; 0; 2157; INTERNAL; 567; 567; 0; 3734
INTERNAL; 567; 567; 0; 3734; INTERNAL; 554; 566; 12; 2155
INTERNAL; 567; 567; 0; 3734; INTERNAL; 555; 566; 11; 2154
INTERNAL; 555; 566; 11; 2154; INTERNAL; 554; 565; 11; 1007
INTERNAL; 554; 565; 11; 1007; INTERNAL; 546; 564; 18; 275
INTERNAL; 567; 567; 0; 3734; INTERNAL; 566; 566; 0; 7337
INTERNAL; 566; 566; 0; 7337; INTERNAL; 554; 565; 11; 3739
INTERNAL; 554; 565; 11; 3739; INTERNAL; 545; 564; 19; 7853
INTERNAL; 545; 564; 19; 7853; INTERNAL; 544; 562; 18; 5534
INTERNAL; 566; 566; 0; 7337; INTERNAL; 555; 565; 10; 2150
INTERNAL; 555; 565; 10; 2150; INTERNAL; 554; 563; 9; 2934
INTERNAL; 566; 566; 0; 7337; INTERNAL; 554; 565; 11; 2152
INTERNAL; 554; 565; 11; 2152; INTERNAL; 545; 564; 19; 8514
INTERNAL; 566; 566; 0; 7337; INTERNAL; 565; 565; 0; 2151
INTERNAL; 565; 565; 0; 2151; INTERNAL; 564; 564; 0; 2149
INTERNAL; 564; 564; 0; 2149; INTERNAL; 554; 563; 9; 2148
INTERNAL; 554; 563; 9; 2148; INTERNAL; 543; 562; 19; 5097
INTERNAL; 564; 564; 0; 2149; INTERNAL; 554; 563; 9; 2146
INTERNAL; 554; 563; 9; 2146; INTERNAL; 543; 562; 19; 276
INTERNAL; 543; 562; 19; 276; INTERNAL; 542; 560; 18; 2019
INTERNAL; 564; 564; 0; 2149; INTERNAL; 555; 563; 8; 2145
INTERNAL; 555; 563; 8; 2145; INTERNAL; 554; 561; 7; 6069
INTERNAL; 564; 564; 0; 2149; INTERNAL; 563; 563; 0; 4228
INTERNAL; 563; 563; 0; 4228; INTERNAL; 554; 562; 8; 7752
INTERNAL; 563; 563; 0; 4228; INTERNAL; 562; 562; 0; 4404
INTERNAL; 562; 562; 0; 4404; INTERNAL; 555; 561; 6; 2138
INTERNAL; 555; 561; 6; 2138; INTERNAL; 554; 559; 5; 1856
INTERNAL; 554; 559; 5; 1856; INTERNAL; 540; 558; 18; 1822
INTERNAL; 562; 562; 0; 4404; INTERNAL; 554; 561; 7; 2142
INTERNAL; 562; 562; 0; 4404; INTERNAL; 554; 561; 7; 2141
INTERNAL; 554; 561; 7; 2141; INTERNAL; 541; 560; 19; 2003
INTERNAL; 562; 562; 0; 4404; INTERNAL; 561; 561; 0; 2140
INTERNAL; 561; 561; 0; 2140; INTERNAL; 555; 560; 5; 2135
INTERNAL; 561; 561; 0; 2140; INTERNAL; 554; 560; 6; 2137
INTERNAL; 561; 561; 0; 2140; INTERNAL; 560; 560; 0; 10005
INTERNAL; 560; 560; 0; 10005; INTERNAL; 555; 559; 4; 2132
INTERNAL; 555; 559; 4; 2132; INTERNAL; 554; 557; 3; 6175
INTERNAL; 554; 557; 3; 6175; INTERNAL; 538; 556; 18; 2788
INTERNAL; 560; 560; 0; 10005; INTERNAL; 554; 559; 5; 2133
INTERNAL; 554; 559; 5; 2133; INTERNAL; 539; 558; 19; 488
INTERNAL; 560; 560; 0; 10005; INTERNAL; 554; 559; 5; 4684
INTERNAL; 554; 559; 5; 4684; INTERNAL; 539; 558; 19; 6806
INTERNAL; 560; 560; 0; 10005; INTERNAL; 559; 559; 0; 7625
INTERNAL; 559; 559; 0; 7625; INTERNAL; 558; 558; 0; 2130
INTERNAL; 558; 558; 0; 2130; INTERNAL; 554; 557; 3; 2125
INTERNAL; 554; 557; 3; 2125; INTERNAL; 537; 556; 19; 6938
INTERNAL; 537; 556; 19; 6938; INTERNAL; 536; 554; 18; 2107
INTERNAL; 558; 558; 0; 2130; INTERNAL; 554; 557; 3; 2126
INTERNAL; 554; 557; 3; 2126; INTERNAL; 537; 556; 19; 277
INTERNAL; 558; 558; 0; 2130; INTERNAL; 557; 557; 0; 7057
INTERNAL; 557; 557; 0; 7057; INTERNAL; 556; 556; 0; 4728
INTERNAL; 556; 556; 0; 4728; INTERNAL; 554; 555; 1; 2174
INTERNAL; 554; 555; 1; 2174; INTERNAL; 535; 554; 19; 279
INTERNAL; 535; 554; 19; 279; INTERNAL; 534; 553; 19; 2116
INTERNAL; 556; 556; 0; 4728; INTERNAL; 555; 555; 0; 2120
INTERNAL; 555; 555; 0; 2120; INTERNAL; 554; 554; 0; 2119
INTERNAL; 556; 556; 0; 4728; INTERNAL; 555; 555; 0; 4641
INTERNAL; 555; 555; 0; 4641; INTERNAL; 554; 554; 0; 280
INTERNAL; 555; 555; 0; 4641; INTERNAL; 554; 554; 0; 6753
INTERNAL; 555; 555; 0; 4641; INTERNAL; 554; 554; 0; 281
INTERNAL; 555; 555; 0; 4641; INTERNAL; 554; 554; 0; 2259
INTERNAL; 556; 556; 0; 4728; INTERNAL; 554; 555; 1; 2121
INTERNAL; 554; 555; 1; 2121; INTERNAL; 535; 554; 19; 1782
INTERNAL; 557; 557; 0; 7057; INTERNAL; 554; 556; 2; 3113
INTERNAL; 557; 557; 0; 7057; INTERNAL; 555; 556; 1; 2411
INTERNAL; 555; 556; 1; 2411; INTERNAL; 554; 555; 1; 278
INTERNAL; 557; 557; 0; 7057; INTERNAL; 554; 556; 2; 2122
INTERNAL; 558; 558; 0; 2130; INTERNAL; 555; 557; 2; 2123
INTERNAL; 559; 559; 0; 7625; INTERNAL; 554; 558; 4; 2128
INTERNAL; 559; 559; 0; 7625; INTERNAL; 554; 558; 4; 2129
INTERNAL; 559; 559; 0; 7625; INTERNAL; 555; 558; 3; 2127
INTERNAL; 561; 561; 0; 2140; INTERNAL; 554; 560; 6; 2136
INTERNAL; 563; 563; 0; 4228; INTERNAL; 555; 562; 7; 2299
INTERNAL; 563; 563; 0; 4228; INTERNAL; 554; 562; 8; 2143
INTERNAL; 554; 562; 8; 2143; INTERNAL; 541; 561; 20; 1967
INTERNAL; 565; 565; 0; 2151; INTERNAL; 554; 564; 10; 8492
INTERNAL; 565; 565; 0; 2151; INTERNAL; 555; 564; 9; 4562
INTERNAL; 565; 565; 0; 2151; INTERNAL; 554; 564; 10; 5506
INTERNAL; 567; 567; 0; 3734; INTERNAL; 554; 566; 12; 5573
INTERNAL; 568; 568; 0; 2157; INTERNAL; 554; 567; 13; 2156
INTERNAL; 568; 568; 0; 2157; INTERNAL; 554; 567; 13; 3073
INTERNAL; 554; 567; 13; 3073; INTERNAL; 547; 566; 19; 6831
INTERNAL; 568; 568; 0; 2157; INTERNAL; 555; 567; 12; 4239
INTERNAL; 569; 569; 0; 6126; INTERNAL; 554; 568; 14; 2453
INTERNAL; 571; 571; 0; 2168; INTERNAL; 554; 570; 16; 3946
INTERNAL; 571; 571; 0; 2168; INTERNAL; 555; 570; 15; 2163
INTERNAL; 555; 570; 15; 2163; INTERNAL; 554; 569; 15; 3982
INTERNAL; 572; 572; 0; 4936; INTERNAL; 555; 571; 16; 2166
INTERNAL; 573; 573; 0; 5328; INTERNAL; 555; 572; 17; 2171
INTERNAL; 555; 572; 17; 2171; INTERNAL; 554; 571; 17; 272
INTERNAL; 573; 573; 0; 5328; INTERNAL; 554; 572; 18; 7426
INTERNAL; 554; 572; 18; 7426; INTERNAL; 551; 571; 20; 9627
INTERNAL; 573; 573; 0; 5328; INTERNAL; 554; 572; 18; 5454
INTERNAL; 574; 593; 19; 251; INTERNAL; 555; 573; 18; 7314
INTERNAL; 574; 593; 19; 251; INTERNAL; 554; 573; 19; 2172
INTERNAL; 575; 594; 19; 2050; INTERNAL; 554; 573; 19; 2231
INTERNAL; 554; 573; 19; 2231; INTERNAL; 553; 572; 19; 271
INTERNAL; 575; 594; 19; 2050; INTERNAL; 574; 574; 0; 2173
INTERNAL; 596; 596; 0; 2304; INTERNAL; 576; 595; 19; 2241
INTERNAL; 596; 596; 0; 2304; INTERNAL; 595; 595; 0; 2242
INTERNAL; 595; 595; 0; 2242; INTERNAL; 594; 594; 0; 2238
INTERNAL; 594; 594; 0; 2238; INTERNAL; 576; 593; 17; 6845
INTERNAL; 576; 593; 17; 6845; INTERNAL; 575; 575; 0; 2175
INTERNAL; 594; 594; 0; 2238; INTERNAL; 593; 593; 0; 2236
INTERNAL; 593; 593; 0; 2236; INTERNAL; 577; 592; 15; 2230
INTERNAL; 577; 592; 15; 2230; INTERNAL; 576; 590; 14; 257
INTERNAL; 593; 593; 0; 2236; INTERNAL; 592; 592; 0; 2232
INTERNAL; 592; 592; 0; 2232; INTERNAL; 576; 591; 15; 5205
INTERNAL; 592; 592; 0; 2232; INTERNAL; 576; 591; 15; 2228
INTERNAL; 576; 591; 15; 2228; INTERNAL; 570; 590; 20; 256
INTERNAL; 592; 592; 0; 2232; INTERNAL; 577; 591; 14; 2227
INTERNAL; 592; 592; 0; 2232; INTERNAL; 591; 591; 0; 3845
INTERNAL; 591; 591; 0; 3845; INTERNAL; 575; 590; 15; 2225
INTERNAL; 575; 590; 15; 2225; INTERNAL; 569; 589; 20; 258
INTERNAL; 591; 591; 0; 3845; INTERNAL; 590; 590; 0; 7504
INTERNAL; 590; 590; 0; 7504; INTERNAL; 576; 589; 13; 2224
INTERNAL; 576; 589; 13; 2224; INTERNAL; 568; 587; 19; 4445
INTERNAL; 590; 590; 0; 7504; INTERNAL; 589; 589; 0; 5676
INTERNAL; 589; 589; 0; 5676; INTERNAL; 576; 588; 12; 5997
INTERNAL; 589; 589; 0; 5676; INTERNAL; 588; 588; 0; 2220
INTERNAL; 588; 588; 0; 2220; INTERNAL; 576; 587; 11; 2218
INTERNAL; 588; 588; 0; 2220; INTERNAL; 587; 587; 0; 2219
INTERNAL; 587; 587; 0; 2219; INTERNAL; 586; 586; 0; 2216
INTERNAL; 586; 586; 0; 2216; INTERNAL; 576; 585; 9; 8575
INTERNAL; 586; 586; 0; 2216; INTERNAL; 576; 585; 9; 5385
INTERNAL; 576; 585; 9; 5385; INTERNAL; 564; 584; 20; 3711
INTERNAL; 586; 586; 0; 2216; INTERNAL; 585; 585; 0; 4519
INTERNAL; 585; 585; 0; 4519; INTERNAL; 576; 584; 8; 2211
INTERNAL; 585; 585; 0; 4519; INTERNAL; 584; 584; 0; 5100
INTERNAL; 584; 584; 0; 5100; INTERNAL; 576; 583; 7; 2202
INTERNAL; 576; 583; 7; 2202; INTERNAL; 562; 582; 20; 263
INTERNAL; 584; 584; 0; 5100; INTERNAL; 583; 583; 0; 2207
INTERNAL; 583; 583; 0; 2207; INTERNAL; 575; 582; 7; 6178
INTERNAL; 575; 582; 7; 6178; INTERNAL; 561; 581; 20; 264
INTERNAL; 583; 583; 0; 2207; INTERNAL; 582; 582; 0; 9577
INTERNAL; 582; 582; 0; 9577; INTERNAL; 581; 581; 0; 2195
INTERNAL; 581; 581; 0; 2195; INTERNAL; 577; 580; 3; 2187
INTERNAL; 577; 580; 3; 2187; INTERNAL; 576; 578; 2; 8503
INTERNAL; 576; 578; 2; 8503; INTERNAL; 559; 577; 18; 6671
INTERNAL; 581; 581; 0; 2195; INTERNAL; 580; 580; 0; 2188
INTERNAL; 580; 580; 0; 2188; INTERNAL; 576; 579; 3; 3477
INTERNAL; 576; 579; 3; 3477; INTERNAL; 558; 577; 19; 267
INTERNAL; 580; 580; 0; 2188; INTERNAL; 577; 579; 2; 7530
INTERNAL; 580; 580; 0; 2188; INTERNAL; 576; 579; 3; 5292
INTERNAL; 580; 580; 0; 2188; INTERNAL; 579; 579; 0; 2186
INTERNAL; 579; 579; 0; 2186; INTERNAL; 576; 578; 2; 2184
INTERNAL; 576; 578; 2; 2184; INTERNAL; 558; 577; 19; 598
INTERNAL; 558; 577; 19; 598; INTERNAL; 557; 575; 18; 268
INTERNAL; 579; 579; 0; 2186; INTERNAL; 576; 578; 2; 5937
INTERNAL; 579; 579; 0; 2186; INTERNAL; 577; 578; 1; 2181
INTERNAL; 577; 578; 1; 2181; INTERNAL; 576; 576; 0; 8391
INTERNAL; 579; 579; 0; 2186; INTERNAL; 578; 578; 0; 2183
INTERNAL; 578; 578; 0; 2183; INTERNAL; 577; 577; 0; 2179
INTERNAL; 577; 577; 0; 2179; INTERNAL; 576; 576; 0; 4535
INTERNAL; 576; 576; 0; 4535; INTERNAL; 575; 575; 0; 9584
INTERNAL; 576; 576; 0; 4535; INTERNAL; 575; 575; 0; 2297
INTERNAL; 575; 575; 0; 2297; INTERNAL; 554; 574; 20; 269
INTERNAL; 576; 576; 0; 4535; INTERNAL; 575; 575; 0; 1197
INTERNAL; 576; 576; 0; 4535; INTERNAL; 575; 575; 0; 2243
INTERNAL; 575; 575; 0; 2243; INTERNAL; 556; 574; 18; 1700
INTERNAL; 556; 574; 18; 1700; INTERNAL; 555; 573; 18; 987
INTERNAL; 577; 577; 0; 2179; INTERNAL; 576; 576; 0; 3167
INTERNAL; 576; 576; 0; 3167; INTERNAL; 556; 575; 19; 270
INTERNAL; 577; 577; 0; 2179; INTERNAL; 576; 576; 0; 2176
INTERNAL; 577; 577; 0; 2179; INTERNAL; 576; 576; 0; 2177
INTERNAL; 576; 576; 0; 2177; INTERNAL; 556; 575; 19; 2913
INTERNAL; 578; 578; 0; 2183; INTERNAL; 576; 577; 1; 5520
INTERNAL; 578; 578; 0; 2183; INTERNAL; 577; 577; 0; 2178
INTERNAL; 578; 578; 0; 2183; INTERNAL; 576; 577; 1; 6795
INTERNAL; 581; 581; 0; 2195; INTERNAL; 576; 580; 4; 2189
INTERNAL; 576; 580; 4; 2189; INTERNAL; 560; 579; 19; 6138
INTERNAL; 581; 581; 0; 2195; INTERNAL; 576; 580; 4; 2191
INTERNAL; 576; 580; 4; 2191; INTERNAL; 560; 579; 19; 1498
INTERNAL; 582; 582; 0; 9577; INTERNAL; 576; 581; 5; 2193
INTERNAL; 582; 582; 0; 9577; INTERNAL; 576; 581; 5; 8820
INTERNAL; 582; 582; 0; 9577; INTERNAL; 577; 581; 4; 4711
INTERNAL; 577; 581; 4; 4711; INTERNAL; 576; 580; 4; 266
INTERNAL; 583; 583; 0; 2207; INTERNAL; 577; 582; 5; 5651
INTERNAL; 583; 583; 0; 2207; INTERNAL; 576; 582; 6; 2197
INTERNAL; 584; 584; 0; 5100; INTERNAL; 576; 583; 7; 2203
INTERNAL; 584; 584; 0; 5100; INTERNAL; 577; 583; 6; 8683
INTERNAL; 577; 583; 6; 8683; INTERNAL; 576; 582; 6; 6527
INTERNAL; 585; 585; 0; 4519; INTERNAL; 575; 584; 9; 2209
INTERNAL; 575; 584; 9; 2209; INTERNAL; 563; 583; 20; 262
INTERNAL; 585; 585; 0; 4519; INTERNAL; 577; 584; 7; 2208
INTERNAL; 586; 586; 0; 2216; INTERNAL; 577; 585; 8; 2212
INTERNAL; 577; 585; 8; 2212; INTERNAL; 576; 584; 8; 261
INTERNAL; 587; 587; 0; 2219; INTERNAL; 575; 586; 11; 6971
INTERNAL; 575; 586; 11; 6971; INTERNAL; 565; 585; 20; 6848
INTERNAL; 587; 587; 0; 2219; INTERNAL; 576; 586; 10; 7360
INTERNAL; 576; 586; 10; 7360; INTERNAL; 566; 585; 19; 9152
INTERNAL; 587; 587; 0; 2219; INTERNAL; 577; 586; 9; 2215
INTERNAL; 588; 588; 0; 2220; INTERNAL; 576; 587; 11; 4805
INTERNAL; 588; 588; 0; 2220; INTERNAL; 577; 587; 10; 2217
INTERNAL; 577; 587; 10; 2217; INTERNAL; 576; 586; 10; 260
INTERNAL; 589; 589; 0; 5676; INTERNAL; 577; 588; 11; 9001
INTERNAL; 589; 589; 0; 5676; INTERNAL; 575; 588; 13; 2221
INTERNAL; 575; 588; 13; 2221; INTERNAL; 567; 587; 20; 259
INTERNAL; 590; 590; 0; 7504; INTERNAL; 576; 589; 13; 9669
INTERNAL; 590; 590; 0; 7504; INTERNAL; 577; 589; 12; 2223
INTERNAL; 577; 589; 12; 2223; INTERNAL; 576; 588; 12; 5637
INTERNAL; 591; 591; 0; 3845; INTERNAL; 576; 590; 14; 7617
INTERNAL; 591; 591; 0; 3845; INTERNAL; 577; 590; 13; 6399
INTERNAL; 593; 593; 0; 2236; INTERNAL; 576; 592; 16; 2233
INTERNAL; 593; 593; 0; 2236; INTERNAL; 575; 592; 17; 4663
INTERNAL; 575; 592; 17; 4663; INTERNAL; 571; 591; 20; 255
INTERNAL; 594; 594; 0; 2238; INTERNAL; 577; 593; 16; 2234
INTERNAL; 577; 593; 16; 2234; INTERNAL; 576; 592; 16; 254
INTERNAL; 594; 594; 0; 2238; INTERNAL; 576; 593; 17; 7788
INTERNAL; 576; 593; 17; 7788; INTERNAL; 572; 592; 20; 253
INTERNAL; 595; 595; 0; 2242; INTERNAL; 577; 594; 17; 9754
INTERNAL; 595; 595; 0; 2242; INTERNAL; 575; 594; 19; 2239
INTERNAL; 575; 594; 19; 2239; INTERNAL; 573; 593; 20; 252
INTERNAL; 595; 595; 0; 2242; INTERNAL; 576; 594; 18; 4250
INTERNAL; 614; 634; 20; 214; INTERNAL; 597; 613; 16; 2289
INTERNAL; 614; 634; 20; 214; INTERNAL; 613; 613; 0; 2291
INTERNAL; 613; 613; 0; 2291; INTERNAL; 597; 612; 15; 9349
INTERNAL; 597; 612; 15; 9349; INTERNAL; 591; 611; 20; 231
INTERNAL; 613; 613; 0; 2291; INTERNAL; 597; 612; 15; 8765
INTERNAL; 613; 613; 0; 2291; INTERNAL; 612; 612; 0; 2288
INTERNAL; 612; 612; 0; 2288; INTERNAL; 598; 611; 13; 2285
INTERNAL; 598; 611; 13; 2285; INTERNAL; 597; 610; 13; 233
INTERNAL; 612; 612; 0; 2288; INTERNAL; 611; 611; 0; 2283
INTERNAL; 611; 611; 0; 2283; INTERNAL; 610; 610; 0; 3686
INTERNAL; 610; 610; 0; 3686; INTERNAL; 597; 609; 12; 2276
INTERNAL; 610; 610; 0; 3686; INTERNAL; 597; 609; 12; 2277
INTERNAL; 610; 610; 0; 3686; INTERNAL; 598; 609; 11; 2884
INTERNAL; 598; 609; 11; 2884; INTERNAL; 597; 608; 11; 2922
INTERNAL; 597; 608; 11; 2922; INTERNAL; 588; 607; 19; 1018
INTERNAL; 610; 610; 0; 3686; INTERNAL; 609; 609; 0; 2278
INTERNAL; 609; 609; 0; 2278; INTERNAL; 597; 608; 11; 2275
INTERNAL; 609; 609; 0; 2278; INTERNAL; 608; 608; 0; 2273
INTERNAL; 608; 608; 0; 2273; INTERNAL; 607; 607; 0; 2472
INTERNAL; 607; 607; 0; 2472; INTERNAL; 606; 606; 0; 5254
INTERNAL; 606; 606; 0; 5254; INTERNAL; 597; 605; 8; 2267
INTERNAL; 606; 606; 0; 5254; INTERNAL; 605; 605; 0; 2269
INTERNAL; 605; 605; 0; 2269; INTERNAL; 597; 604; 7; 2263
INTERNAL; 605; 605; 0; 2269; INTERNAL; 604; 604; 0; 6307
INTERNAL; 604; 604; 0; 6307; INTERNAL; 598; 603; 5; 2262
INTERNAL; 598; 603; 5; 2262; INTERNAL; 597; 602; 5; 4898
INTERNAL; 604; 604; 0; 6307; INTERNAL; 598; 603; 5; 3187
INTERNAL; 604; 604; 0; 6307; INTERNAL; 598; 603; 5; 2261
INTERNAL; 598; 603; 5; 2261; INTERNAL; 597; 602; 5; 4719
INTERNAL; 597; 602; 5; 4719; INTERNAL; 582; 601; 19; 241
INTERNAL; 604; 604; 0; 6307; INTERNAL; 603; 603; 0; 3565
INTERNAL; 603; 603; 0; 3565; INTERNAL; 597; 602; 5; 2260
INTERNAL; 597; 602; 5; 2260; INTERNAL; 581; 601; 20; 242
INTERNAL; 603; 603; 0; 3565; INTERNAL; 602; 602; 0; 2258
INTERNAL; 602; 602; 0; 2258; INTERNAL; 597; 601; 4; 2257
INTERNAL; 602; 602; 0; 2258; INTERNAL; 597; 601; 4; 2255
INTERNAL; 602; 602; 0; 2258; INTERNAL; 601; 601; 0; 4482
INTERNAL; 601; 601; 0; 4482; INTERNAL; 600; 600; 0; 2253
INTERNAL; 600; 600; 0; 2253; INTERNAL; 599; 599; 0; 2251
INTERNAL; 599; 599; 0; 2251; INTERNAL; 597; 598; 1; 2246
INTERNAL; 599; 599; 0; 2251; INTERNAL; 597; 598; 1; 2248
INTERNAL; 597; 598; 1; 2248; INTERNAL; 577; 597; 20; 246
INTERNAL; 599; 599; 0; 2251; INTERNAL; 598; 598; 0; 9130
INTERNAL; 598; 598; 0; 9130; INTERNAL; 597; 597; 0; 7638
INTERNAL; 597; 597; 0; 7638; INTERNAL; 576; 596; 20; 2245
INTERNAL; 597; 597; 0; 7638; INTERNAL; 576; 596; 20; 2244
INTERNAL; 599; 599; 0; 2251; INTERNAL; 598; 598; 0; 3104
INTERNAL; 598; 598; 0; 3104; INTERNAL; 597; 597; 0; 249
INTERNAL; 597; 597; 0; 249; INTERNAL; 596; 596; 0; 5880
INTERNAL; 597; 597; 0; 249; INTERNAL; 596; 596; 0; 2061
INTERNAL; 596; 596; 0; 2061; INTERNAL; 575; 594; 19; 1016
INTERNAL; 596; 596; 0; 2061; INTERNAL; 576; 595; 19; 247
INTERNAL; 598; 598; 0; 3104; INTERNAL; 597; 597; 0; 5645
INTERNAL; 598; 598; 0; 3104; INTERNAL; 597; 597; 0; 248
INTERNAL; 597; 597; 0; 248; INTERNAL; 576; 596; 20; 2306
INTERNAL; 598; 598; 0; 3104; INTERNAL; 597; 597; 0; 2038
INTERNAL; 598; 598; 0; 3104; INTERNAL; 597; 597; 0; 250
INTERNAL; 598; 598; 0; 3104; INTERNAL; 597; 597; 0; 984
INTERNAL; 600; 600; 0; 2253; INTERNAL; 597; 599; 2; 2381
INTERNAL; 600; 600; 0; 2253; INTERNAL; 597; 599; 2; 2250
INTERNAL; 600; 600; 0; 2253; INTERNAL; 598; 599; 1; 2249
INTERNAL; 598; 599; 1; 2249; INTERNAL; 597; 598; 1; 245
INTERNAL; 597; 598; 1; 245; INTERNAL; 578; 597; 19; 244
INTERNAL; 601; 601; 0; 4482; INTERNAL; 597; 600; 3; 6238
INTERNAL; 597; 600; 3; 6238; INTERNAL; 579; 599; 20; 7133
INTERNAL; 601; 601; 0; 4482; INTERNAL; 597; 600; 3; 8292
INTERNAL; 601; 601; 0; 4482; INTERNAL; 598; 600; 2; 2653
INTERNAL; 602; 602; 0; 2258; INTERNAL; 598; 601; 3; 2254
INTERNAL; 598; 601; 3; 2254; INTERNAL; 597; 600; 3; 7724
INTERNAL; 597; 600; 3; 7724; INTERNAL; 580; 599; 19; 243
INTERNAL; 603; 603; 0; 3565; INTERNAL; 597; 602; 5; 10091
INTERNAL; 603; 603; 0; 3565; INTERNAL; 598; 602; 4; 5209
INTERNAL; 604; 604; 0; 6307; INTERNAL; 597; 603; 6; 2516
INTERNAL; 605; 605; 0; 2269; INTERNAL; 597; 604; 7; 9925
INTERNAL; 597; 604; 7; 9925; INTERNAL; 583; 603; 20; 240
INTERNAL; 605; 605; 0; 2269; INTERNAL; 598; 604; 6; 9192
INTERNAL; 606; 606; 0; 5254; INTERNAL; 597; 605; 8; 2266
INTERNAL; 606; 606; 0; 5254; INTERNAL; 598; 605; 7; 2265
INTERNAL; 598; 605; 7; 2265; INTERNAL; 597; 604; 7; 239
INTERNAL; 597; 604; 7; 239; INTERNAL; 584; 603; 19; 238
INTERNAL; 607; 607; 0; 2472; INTERNAL; 598; 606; 8; 4225
INTERNAL; 607; 607; 0; 2472; INTERNAL; 597; 606; 9; 2270
INTERNAL; 607; 607; 0; 2472; INTERNAL; 597; 606; 9; 9423
INTERNAL; 597; 606; 9; 9423; INTERNAL; 585; 605; 20; 237
INTERNAL; 608; 608; 0; 2273; INTERNAL; 598; 607; 9; 6926
INTERNAL; 598; 607; 9; 6926; INTERNAL; 597; 606; 9; 8105
INTERNAL; 608; 608; 0; 2273; INTERNAL; 598; 607; 9; 2271
INTERNAL; 598; 607; 9; 2271; INTERNAL; 597; 606; 9; 235
INTERNAL; 597; 606; 9; 235; INTERNAL; 586; 605; 19; 234
INTERNAL; 608; 608; 0; 2273; INTERNAL; 597; 607; 10; 2272
INTERNAL; 608; 608; 0; 2273; INTERNAL; 598; 607; 9; 10116
INTERNAL; 609; 609; 0; 2278; INTERNAL; 597; 608; 11; 9254
INTERNAL; 597; 608; 11; 9254; INTERNAL; 587; 607; 20; 7463
INTERNAL; 609; 609; 0; 2278; INTERNAL; 598; 608; 10; 4556
INTERNAL; 611; 611; 0; 2283; INTERNAL; 597; 610; 13; 2280
INTERNAL; 597; 610; 13; 2280; INTERNAL; 589; 609; 20; 386
INTERNAL; 611; 611; 0; 2283; INTERNAL; 597; 610; 13; 5672
INTERNAL; 611; 611; 0; 2283; INTERNAL; 598; 610; 12; 2279
INTERNAL; 612; 612; 0; 2288; INTERNAL; 598; 611; 13; 6661
INTERNAL; 612; 612; 0; 2288; INTERNAL; 598; 611; 13; 7498
INTERNAL; 598; 611; 13; 7498; INTERNAL; 597; 610; 13; 3622
INTERNAL; 597; 610; 13; 3622; INTERNAL; 590; 609; 19; 232
INTERNAL; 612; 612; 0; 2288; INTERNAL; 597; 611; 14; 2282
INTERNAL; 613; 613; 0; 2291; INTERNAL; 598; 612; 14; 2287
INTERNAL; 619; 635; 16; 215; INTERNAL; 618; 618; 0; 2303
INTERNAL; 618; 618; 0; 2303; INTERNAL; 597; 617; 20; 2386
INTERNAL; 597; 617; 20; 2386; INTERNAL; 596; 616; 20; 229
INTERNAL; 618; 618; 0; 2303; INTERNAL; 597; 617; 20; 6073
INTERNAL; 618; 618; 0; 2303; INTERNAL; 617; 617; 0; 2302
INTERNAL; 617; 617; 0; 2302; INTERNAL; 616; 616; 0; 5356
INTERNAL; 616; 616; 0; 5356; INTERNAL; 598; 615; 17; 2294
INTERNAL; 598; 615; 17; 2294; INTERNAL; 597; 614; 17; 230
INTERNAL; 597; 614; 17; 230; INTERNAL; 594; 613; 19; 1709
INTERNAL; 616; 616; 0; 5356; INTERNAL; 597; 615; 18; 2296
INTERNAL; 616; 616; 0; 5356; INTERNAL; 615; 615; 0; 2396
INTERNAL; 615; 615; 0; 2396; INTERNAL; 597; 614; 17; 5344
INTERNAL; 615; 615; 0; 2396; INTERNAL; 598; 614; 16; 5114
INTERNAL; 598; 614; 16; 5114; INTERNAL; 597; 612; 15; 466
INTERNAL; 597; 612; 15; 466; INTERNAL; 592; 611; 19; 9543
INTERNAL; 615; 615; 0; 2396; INTERNAL; 614; 614; 0; 7316
INTERNAL; 614; 614; 0; 7316; INTERNAL; 598; 613; 15; 6424
INTERNAL; 615; 615; 0; 2396; INTERNAL; 597; 614; 17; 2293
INTERNAL; 597; 614; 17; 2293; INTERNAL; 593; 613; 20; 4677
INTERNAL; 616; 616; 0; 5356; INTERNAL; 597; 615; 18; 3602
INTERNAL; 617; 617; 0; 2302; INTERNAL; 597; 616; 19; 3229
INTERNAL; 617; 617; 0; 2302; INTERNAL; 598; 616; 18; 2300
INTERNAL; 617; 617; 0; 2302; INTERNAL; 597; 616; 19; 2301
INTERNAL; 597; 616; 19; 2301; INTERNAL; 595; 615; 20; 7512
INTERNAL; 637; 637; 0; 5605; INTERNAL; 620; 636; 16; 2362
INTERNAL; 637; 637; 0; 5605; INTERNAL; 636; 636; 0; 6482
INTERNAL; 636; 636; 0; 6482; INTERNAL; 635; 635; 0; 2358
INTERNAL; 635; 635; 0; 2358; INTERNAL; 634; 634; 0; 2357
INTERNAL; 634; 634; 0; 2357; INTERNAL; 633; 633; 0; 3240
INTERNAL; 633; 633; 0; 3240; INTERNAL; 620; 632; 12; 2344
INTERNAL; 620; 632; 12; 2344; INTERNAL; 619; 631; 12; 9102
INTERNAL; 619; 631; 12; 9102; INTERNAL; 610; 630; 20; 219
INTERNAL; 633; 633; 0; 3240; INTERNAL; 620; 632; 12; 2348
INTERNAL; 633; 633; 0; 3240; INTERNAL; 620; 632; 12; 2343
INTERNAL; 620; 632; 12; 2343; INTERNAL; 619; 631; 12; 218
INTERNAL; 619; 631; 12; 218; INTERNAL; 611; 630; 19; 2692
INTERNAL; 633; 633; 0; 3240; INTERNAL; 632; 632; 0; 2345
INTERNAL; 632; 632; 0; 2345; INTERNAL; 619; 631; 12; 2342
INTERNAL; 632; 632; 0; 2345; INTERNAL; 620; 631; 11; 2339
INTERNAL; 620; 631; 11; 2339; INTERNAL; 619; 629; 10; 5650
INTERNAL; 619; 629; 10; 5650; INTERNAL; 609; 628; 19; 220
INTERNAL; 632; 632; 0; 2345; INTERNAL; 619; 631; 12; 4576
INTERNAL; 632; 632; 0; 2345; INTERNAL; 631; 631; 0; 2341
INTERNAL; 631; 631; 0; 2341; INTERNAL; 620; 630; 10; 2337
INTERNAL; 631; 631; 0; 2341; INTERNAL; 619; 630; 11; 7896
INTERNAL; 631; 631; 0; 2341; INTERNAL; 619; 630; 11; 2361
INTERNAL; 619; 630; 11; 2361; INTERNAL; 608; 629; 21; 7108
INTERNAL; 631; 631; 0; 2341; INTERNAL; 630; 630; 0; 6193
INTERNAL; 630; 630; 0; 6193; INTERNAL; 620; 629; 9; 2331
INTERNAL; 620; 629; 9; 2331; INTERNAL; 619; 627; 8; 4080
INTERNAL; 619; 627; 8; 4080; INTERNAL; 607; 626; 19; 221
INTERNAL; 630; 630; 0; 6193; INTERNAL; 619; 629; 10; 8049
INTERNAL; 630; 630; 0; 6193; INTERNAL; 619; 629; 10; 2335
INTERNAL; 630; 630; 0; 6193; INTERNAL; 629; 629; 0; 2334
INTERNAL; 629; 629; 0; 2334; INTERNAL; 620; 628; 8; 3358
INTERNAL; 629; 629; 0; 2334; INTERNAL; 619; 628; 9; 2328
INTERNAL; 619; 628; 9; 2328; INTERNAL; 606; 627; 21; 10052
INTERNAL; 629; 629; 0; 2334; INTERNAL; 628; 628; 0; 2329
INTERNAL; 628; 628; 0; 2329; INTERNAL; 627; 627; 0; 2326
INTERNAL; 627; 627; 0; 2326; INTERNAL; 619; 626; 7; 2323
INTERNAL; 619; 626; 7; 2323; INTERNAL; 604; 625; 21; 476
INTERNAL; 627; 627; 0; 2326; INTERNAL; 619; 626; 7; 5252
INTERNAL; 627; 627; 0; 2326; INTERNAL; 626; 626; 0; 2324
INTERNAL; 626; 626; 0; 2324; INTERNAL; 619; 625; 6; 7883
INTERNAL; 626; 626; 0; 2324; INTERNAL; 625; 625; 0; 9066
INTERNAL; 625; 625; 0; 9066; INTERNAL; 620; 624; 4; 8662
INTERNAL; 620; 624; 4; 8662; INTERNAL; 619; 623; 4; 223
INTERNAL; 619; 623; 4; 223; INTERNAL; 603; 622; 19; 222
INTERNAL; 625; 625; 0; 9066; INTERNAL; 624; 624; 0; 10037
INTERNAL; 624; 624; 0; 10037; INTERNAL; 620; 623; 3; 6486
INTERNAL; 620; 623; 3; 6486; INTERNAL; 619; 621; 2; 225
INTERNAL; 619; 621; 2; 225; INTERNAL; 601; 620; 19; 3831
INTERNAL; 624; 624; 0; 10037; INTERNAL; 619; 623; 4; 4891
INTERNAL; 624; 624; 0; 10037; INTERNAL; 623; 623; 0; 2316
INTERNAL; 623; 623; 0; 2316; INTERNAL; 619; 622; 3; 2315
INTERNAL; 623; 623; 0; 2316; INTERNAL; 619; 622; 3; 2314
INTERNAL; 619; 622; 3; 2314; INTERNAL; 600; 621; 21; 224
INTERNAL; 623; 623; 0; 2316; INTERNAL; 620; 622; 2; 2313
INTERNAL; 623; 623; 0; 2316; INTERNAL; 622; 622; 0; 9007
INTERNAL; 622; 622; 0; 9007; INTERNAL; 619; 621; 2; 2312
INTERNAL; 622; 622; 0; 9007; INTERNAL; 621; 621; 0; 2310
INTERNAL; 621; 621; 0; 2310; INTERNAL; 619; 620; 1; 2810
INTERNAL; 619; 620; 1; 2810; INTERNAL; 598; 619; 21; 3794
INTERNAL; 621; 621; 0; 2310; INTERNAL; 620; 620; 0; 2309
INTERNAL; 620; 620; 0; 2309; INTERNAL; 619; 619; 0; 7305
INTERNAL; 619; 619; 0; 7305; INTERNAL; 618; 618; 0; 2372
INTERNAL; 618; 618; 0; 2372; INTERNAL; 597; 617; 20; 3120
INTERNAL; 620; 620; 0; 2309; INTERNAL; 619; 619; 0; 9236
INTERNAL; 619; 619; 0; 9236; INTERNAL; 597; 618; 21; 228
INTERNAL; 620; 620; 0; 2309; INTERNAL; 619; 619; 0; 5348
INTERNAL; 619; 619; 0; 5348; INTERNAL; 598; 618; 20; 2305
INTERNAL; 620; 620; 0; 2309; INTERNAL; 619; 619; 0; 4843
INTERNAL; 619; 619; 0; 4843; INTERNAL; 618; 618; 0; 227
INTERNAL; 619; 619; 0; 4843; INTERNAL; 2; 618; 616; 5449
INTERNAL; 2; 618; 616; 5449; INPUT; 1; 617; 616; 9855
INTERNAL; 619; 619; 0; 4843; INTERNAL; 618; 618; 0; 226
INTERNAL; 619; 619; 0; 4843; INTERNAL; 618; 618; 0; 7726
INTERNAL; 621; 621; 0; 2310; INTERNAL; 619; 620; 1; 2308
INTERNAL; 621; 621; 0; 2310; INTERNAL; 620; 620; 0; 2307
INTERNAL; 620; 620; 0; 2307; INTERNAL; 619; 619; 0; 7689
INTERNAL; 619; 619; 0; 7689; INTERNAL; 599; 618; 19; 7877
INTERNAL; 622; 622; 0; 9007; INTERNAL; 620; 621; 1; 4817
INTERNAL; 622; 622; 0; 9007; INTERNAL; 619; 621; 2; 2311
INTERNAL; 624; 624; 0; 10037; INTERNAL; 619; 623; 4; 2318
INTERNAL; 625; 625; 0; 9066; INTERNAL; 619; 624; 5; 8734
INTERNAL; 625; 625; 0; 9066; INTERNAL; 619; 624; 5; 8362
INTERNAL; 619; 624; 5; 8362; INTERNAL; 602; 623; 21; 6968
INTERNAL; 626; 626; 0; 2324; INTERNAL; 619; 625; 6; 4726
INTERNAL; 626; 626; 0; 2324; INTERNAL; 620; 625; 5; 2320
INTERNAL; 627; 627; 0; 2326; INTERNAL; 620; 626; 6; 2321
INTERNAL; 620; 626; 6; 2321; INTERNAL; 619; 625; 6; 3973
INTERNAL; 619; 625; 6; 3973; INTERNAL; 605; 624; 19; 8595
INTERNAL; 628; 628; 0; 2329; INTERNAL; 619; 627; 8; 7829
INTERNAL; 628; 628; 0; 2329; INTERNAL; 619; 627; 8; 4328
INTERNAL; 628; 628; 0; 2329; INTERNAL; 620; 627; 7; 2325
INTERNAL; 629; 629; 0; 2334; INTERNAL; 619; 628; 9; 8000
INTERNAL; 633; 633; 0; 3240; INTERNAL; 619; 632; 13; 2958
INTERNAL; 634; 634; 0; 2357; INTERNAL; 619; 633; 14; 2350
INTERNAL; 634; 634; 0; 2357; INTERNAL; 619; 633; 14; 4041
INTERNAL; 634; 634; 0; 2357; INTERNAL; 620; 633; 13; 2349
INTERNAL; 635; 635; 0; 2358; INTERNAL; 620; 634; 14; 2351
INTERNAL; 620; 634; 14; 2351; INTERNAL; 619; 633; 14; 4812
INTERNAL; 619; 633; 14; 4812; INTERNAL; 613; 632; 19; 216
INTERNAL; 635; 635; 0; 2358; INTERNAL; 620; 634; 14; 2354
INTERNAL; 620; 634; 14; 2354; INTERNAL; 619; 633; 14; 2158
INTERNAL; 619; 633; 14; 2158; INTERNAL; 612; 632; 20; 217
INTERNAL; 635; 635; 0; 2358; INTERNAL; 620; 634; 14; 9585
INTERNAL; 635; 635; 0; 2358; INTERNAL; 619; 634; 15; 2353
INTERNAL; 636; 636; 0; 6482; INTERNAL; 619; 635; 16; 4825
INTERNAL; 636; 636; 0; 6482; INTERNAL; 619; 635; 16; 2781
INTERNAL; 636; 636; 0; 6482; INTERNAL; 620; 635; 15; 8369
INTERNAL; 637; 637; 0; 5605; INTERNAL; 620; 636; 16; 2360
INTERNAL; 620; 636; 16; 2360; INTERNAL; 619; 635; 16; 213
INTERNAL; 619; 635; 16; 213; INTERNAL; 615; 634; 19; 5956
INTERNAL; 637; 637; 0; 5605; INTERNAL; 619; 636; 17; 3795
INTERNAL; 641; 660; 19; 2430; INTERNAL; 620; 637; 17; 2365
INTERNAL; 641; 660; 19; 2430; INTERNAL; 640; 640; 0; 7639
INTERNAL; 640; 640; 0; 7639; INTERNAL; 618; 639; 21; 2369
INTERNAL; 640; 640; 0; 7639; INTERNAL; 639; 639; 0; 2370
INTERNAL; 639; 639; 0; 2370; INTERNAL; 638; 638; 0; 2368
INTERNAL; 638; 638; 0; 2368; INTERNAL; 619; 637; 18; 2366
INTERNAL; 638; 638; 0; 2368; INTERNAL; 619; 637; 18; 8202
INTERNAL; 639; 639; 0; 2370; INTERNAL; 619; 638; 19; 2367
INTERNAL; 619; 638; 19; 2367; INTERNAL; 616; 637; 21; 300
INTERNAL; 639; 639; 0; 2370; INTERNAL; 619; 638; 19; 8155
INTERNAL; 640; 640; 0; 7639; INTERNAL; 619; 639; 20; 8523
INTERNAL; 619; 639; 20; 8523; INTERNAL; 617; 638; 21; 7917
INTERNAL; 661; 661; 0; 2436; INTERNAL; 660; 660; 0; 8102
INTERNAL; 660; 660; 0; 8102; INTERNAL; 642; 659; 17; 6686
INTERNAL; 642; 659; 17; 6686; INTERNAL; 641; 658; 17; 8988
INTERNAL; 641; 658; 17; 8988; INTERNAL; 637; 657; 20; 5732
INTERNAL; 660; 660; 0; 8102; INTERNAL; 641; 659; 18; 8518
INTERNAL; 660; 660; 0; 8102; INTERNAL; 659; 659; 0; 2429
INTERNAL; 659; 659; 0; 2429; INTERNAL; 641; 658; 17; 2428
INTERNAL; 659; 659; 0; 2429; INTERNAL; 641; 658; 17; 3482
INTERNAL; 641; 658; 17; 3482; INTERNAL; 636; 657; 21; 202
INTERNAL; 659; 659; 0; 2429; INTERNAL; 642; 658; 16; 2427
INTERNAL; 642; 658; 16; 2427; INTERNAL; 641; 656; 15; 7141
INTERNAL; 641; 656; 15; 7141; INTERNAL; 635; 655; 20; 4320
INTERNAL; 659; 659; 0; 2429; INTERNAL; 658; 658; 0; 8512
INTERNAL; 658; 658; 0; 8512; INTERNAL; 641; 657; 16; 2973
INTERNAL; 658; 658; 0; 8512; INTERNAL; 641; 657; 16; 4133
INTERNAL; 658; 658; 0; 8512; INTERNAL; 642; 657; 15; 2425
INTERNAL; 658; 658; 0; 8512; INTERNAL; 657; 657; 0; 2426
INTERNAL; 657; 657; 0; 2426; INTERNAL; 642; 656; 14; 2420
INTERNAL; 642; 656; 14; 2420; INTERNAL; 641; 654; 13; 204
INTERNAL; 641; 654; 13; 204; INTERNAL; 633; 653; 20; 203
INTERNAL; 657; 657; 0; 2426; INTERNAL; 641; 656; 15; 2424
INTERNAL; 641; 656; 15; 2424; INTERNAL; 634; 655; 21; 5615
INTERNAL; 657; 657; 0; 2426; INTERNAL; 641; 656; 15; 2422
INTERNAL; 657; 657; 0; 2426; INTERNAL; 656; 656; 0; 2421
INTERNAL; 656; 656; 0; 2421; INTERNAL; 642; 655; 13; 2415
INTERNAL; 656; 656; 0; 2421; INTERNAL; 655; 655; 0; 2418
INTERNAL; 655; 655; 0; 2418; INTERNAL; 641; 654; 13; 2414
INTERNAL; 641; 654; 13; 2414; INTERNAL; 632; 653; 21; 9361
INTERNAL; 655; 655; 0; 2418; INTERNAL; 641; 654; 13; 2412
INTERNAL; 655; 655; 0; 2418; INTERNAL; 654; 654; 0; 2410
INTERNAL; 654; 654; 0; 2410; INTERNAL; 641; 653; 12; 4207
INTERNAL; 654; 654; 0; 2410; INTERNAL; 653; 653; 0; 2409
INTERNAL; 653; 653; 0; 2409; INTERNAL; 642; 652; 10; 2403
INTERNAL; 642; 652; 10; 2403; INTERNAL; 641; 650; 9; 206
INTERNAL; 641; 650; 9; 206; INTERNAL; 629; 649; 20; 205
INTERNAL; 653; 653; 0; 2409; INTERNAL; 641; 652; 11; 2405
INTERNAL; 653; 653; 0; 2409; INTERNAL; 652; 652; 0; 2404
INTERNAL; 652; 652; 0; 2404; INTERNAL; 641; 651; 10; 2402
INTERNAL; 652; 652; 0; 2404; INTERNAL; 651; 651; 0; 4084
INTERNAL; 651; 651; 0; 4084; INTERNAL; 641; 650; 9; 9588
INTERNAL; 651; 651; 0; 4084; INTERNAL; 642; 650; 8; 6702
INTERNAL; 642; 650; 8; 6702; INTERNAL; 641; 648; 7; 208
INTERNAL; 641; 648; 7; 208; INTERNAL; 627; 647; 20; 207
INTERNAL; 651; 651; 0; 4084; INTERNAL; 650; 650; 0; 2399
INTERNAL; 650; 650; 0; 2399; INTERNAL; 649; 649; 0; 9831
INTERNAL; 649; 649; 0; 9831; INTERNAL; 642; 648; 6; 2392
INTERNAL; 642; 648; 6; 2392; INTERNAL; 641; 646; 5; 265
INTERNAL; 641; 646; 5; 265; INTERNAL; 625; 645; 20; 9899
INTERNAL; 649; 649; 0; 9831; INTERNAL; 641; 648; 7; 2394
INTERNAL; 649; 649; 0; 9831; INTERNAL; 641; 648; 7; 2395
INTERNAL; 641; 648; 7; 2395; INTERNAL; 626; 647; 21; 209
INTERNAL; 649; 649; 0; 9831; INTERNAL; 648; 648; 0; 2393
INTERNAL; 648; 648; 0; 2393; INTERNAL; 642; 647; 5; 2388
INTERNAL; 648; 648; 0; 2393; INTERNAL; 641; 647; 6; 2389
INTERNAL; 648; 648; 0; 2393; INTERNAL; 641; 647; 6; 9987
INTERNAL; 648; 648; 0; 2393; INTERNAL; 647; 647; 0; 2390
INTERNAL; 647; 647; 0; 2390; INTERNAL; 641; 646; 5; 6194
INTERNAL; 641; 646; 5; 6194; INTERNAL; 624; 645; 21; 8418
INTERNAL; 647; 647; 0; 2390; INTERNAL; 642; 646; 4; 2383
INTERNAL; 642; 646; 4; 2383; INTERNAL; 641; 644; 3; 1981
INTERNAL; 641; 644; 3; 1981; INTERNAL; 623; 643; 20; 7075
INTERNAL; 647; 647; 0; 2390; INTERNAL; 646; 646; 0; 3759
INTERNAL; 646; 646; 0; 3759; INTERNAL; 641; 645; 4; 10021
INTERNAL; 646; 646; 0; 3759; INTERNAL; 645; 645; 0; 6291
INTERNAL; 645; 645; 0; 6291; INTERNAL; 641; 644; 3; 2382
INTERNAL; 641; 644; 3; 2382; INTERNAL; 622; 643; 21; 210
INTERNAL; 645; 645; 0; 6291; INTERNAL; 641; 644; 3; 4292
INTERNAL; 645; 645; 0; 6291; INTERNAL; 642; 644; 2; 2378
INTERNAL; 642; 644; 2; 2378; INTERNAL; 641; 642; 1; 211
INTERNAL; 641; 642; 1; 211; INTERNAL; 621; 641; 20; 8682
INTERNAL; 645; 645; 0; 6291; INTERNAL; 644; 644; 0; 2380
INTERNAL; 644; 644; 0; 2380; INTERNAL; 641; 643; 2; 2377
INTERNAL; 644; 644; 0; 2380; INTERNAL; 643; 643; 0; 4128
INTERNAL; 643; 643; 0; 4128; INTERNAL; 641; 642; 1; 2375
INTERNAL; 643; 643; 0; 4128; INTERNAL; 641; 642; 1; 4622
INTERNAL; 641; 642; 1; 4622; INTERNAL; 620; 641; 21; 212
INTERNAL; 643; 643; 0; 4128; INTERNAL; 642; 642; 0; 5165
INTERNAL; 642; 642; 0; 5165; INTERNAL; 641; 641; 0; 2374
INTERNAL; 641; 641; 0; 2374; INTERNAL; 620; 640; 20; 2373
INTERNAL; 620; 640; 20; 2373; INTERNAL; 619; 639; 20; 7403
INTERNAL; 643; 643; 0; 4128; INTERNAL; 642; 642; 0; 8551
INTERNAL; 642; 642; 0; 8551; INTERNAL; 641; 641; 0; 4298
INTERNAL; 641; 641; 0; 4298; INTERNAL; 640; 640; 0; 10082
INTERNAL; 640; 640; 0; 10082; INTERNAL; 5; 639; 634; 9893
INTERNAL; 641; 641; 0; 4298; INPUT; 1; 640; 639; 5554
INTERNAL; 642; 642; 0; 8551; INTERNAL; 641; 641; 0; 4804
INTERNAL; 642; 642; 0; 8551; INTERNAL; 641; 641; 0; 6615
INTERNAL; 642; 642; 0; 8551; INTERNAL; 641; 641; 0; 3224
INTERNAL; 644; 644; 0; 2380; INTERNAL; 642; 643; 1; 2376
INTERNAL; 644; 644; 0; 2380; INTERNAL; 641; 643; 2; 9823
INTERNAL; 646; 646; 0; 3759; INTERNAL; 642; 645; 3; 9026
INTERNAL; 646; 646; 0; 3759; INTERNAL; 641; 645; 4; 3418
INTERNAL; 647; 647; 0; 2390; INTERNAL; 641; 646; 5; 2387
INTERNAL; 650; 650; 0; 2399; INTERNAL; 641; 649; 8; 2398
INTERNAL; 650; 650; 0; 2399; INTERNAL; 642; 649; 7; 9257
INTERNAL; 650; 650; 0; 2399; INTERNAL; 641; 649; 8; 2397
INTERNAL; 651; 651; 0; 4084; INTERNAL; 641; 650; 9; 8413
INTERNAL; 641; 650; 9; 8413; INTERNAL; 628; 649; 21; 401
INTERNAL; 652; 652; 0; 2404; INTERNAL; 641; 651; 10; 2401
INTERNAL; 652; 652; 0; 2404; INTERNAL; 642; 651; 9; 9428
INTERNAL; 653; 653; 0; 2409; INTERNAL; 641; 652; 11; 5718
INTERNAL; 641; 652; 11; 5718; INTERNAL; 630; 651; 21; 3505
INTERNAL; 654; 654; 0; 2410; INTERNAL; 642; 653; 11; 2406
INTERNAL; 642; 653; 11; 2406; INTERNAL; 641; 652; 11; 3899
INTERNAL; 641; 652; 11; 3899; INTERNAL; 631; 651; 20; 8668
INTERNAL; 654; 654; 0; 2410; INTERNAL; 641; 653; 12; 2408
INTERNAL; 655; 655; 0; 2418; INTERNAL; 642; 654; 12; 8730
INTERNAL; 656; 656; 0; 2421; INTERNAL; 641; 655; 14; 5657
INTERNAL; 656; 656; 0; 2421; INTERNAL; 641; 655; 14; 2416
INTERNAL; 660; 660; 0; 8102; INTERNAL; 641; 659; 18; 5713
INTERNAL; 661; 661; 0; 2436; INTERNAL; 641; 660; 19; 2432
INTERNAL; 641; 660; 19; 2432; INTERNAL; 638; 659; 21; 201
INTERNAL; 661; 661; 0; 2436; INTERNAL; 642; 660; 18; 6465
INTERNAL; 664; 684; 20; 3714; INTERNAL; 641; 661; 20; 2434
INTERNAL; 664; 684; 20; 3714; INTERNAL; 663; 663; 0; 2439
INTERNAL; 663; 663; 0; 2439; INTERNAL; 642; 662; 20; 7092
INTERNAL; 642; 662; 20; 7092; INTERNAL; 641; 660; 19; 200
INTERNAL; 663; 663; 0; 2439; INTERNAL; 641; 662; 21; 2438
INTERNAL; 641; 662; 21; 2438; INTERNAL; 640; 661; 21; 3433
INTERNAL; 663; 663; 0; 2439; INTERNAL; 662; 662; 0; 5601
INTERNAL; 662; 662; 0; 5601; INTERNAL; 641; 661; 20; 6494
INTERNAL; 662; 662; 0; 5601; INTERNAL; 642; 661; 19; 2433
INTERNAL; 663; 663; 0; 2439; INTERNAL; 641; 662; 21; 2437
INTERNAL; 641; 662; 21; 2437; INTERNAL; 4; 661; 657; 3381
INTERNAL; 685; 685; 0; 2500; INTERNAL; 664; 684; 20; 8696
INTERNAL; 685; 685; 0; 2500; INTERNAL; 665; 684; 19; 6149
INTERNAL; 665; 684; 19; 6149; INTERNAL; 664; 683; 19; 186
INTERNAL; 664; 683; 19; 186; INTERNAL; 662; 682; 20; 9277
INTERNAL; 685; 685; 0; 2500; INTERNAL; 684; 684; 0; 2865
INTERNAL; 684; 684; 0; 2865; INTERNAL; 665; 683; 18; 2496
INTERNAL; 665; 683; 18; 2496; INTERNAL; 664; 681; 17; 6760
INTERNAL; 664; 681; 17; 6760; INTERNAL; 660; 680; 20; 7931
INTERNAL; 684; 684; 0; 2865; INTERNAL; 664; 683; 19; 4176
INTERNAL; 664; 683; 19; 4176; INTERNAL; 661; 682; 21; 187
INTERNAL; 684; 684; 0; 2865; INTERNAL; 664; 683; 19; 9956
INTERNAL; 684; 684; 0; 2865; INTERNAL; 683; 683; 0; 4688
INTERNAL; 683; 683; 0; 4688; INTERNAL; 664; 682; 18; 2493
INTERNAL; 683; 683; 0; 4688; INTERNAL; 682; 682; 0; 2807
INTERNAL; 682; 682; 0; 2807; INTERNAL; 664; 681; 17; 3010
INTERNAL; 682; 682; 0; 2807; INTERNAL; 664; 681; 17; 2491
INTERNAL; 664; 681; 17; 2491; INTERNAL; 659; 680; 21; 4743
INTERNAL; 682; 682; 0; 2807; INTERNAL; 665; 681; 16; 6012
INTERNAL; 665; 681; 16; 6012; INTERNAL; 664; 679; 15; 7951
INTERNAL; 664; 679; 15; 7951; INTERNAL; 658; 678; 20; 7491
INTERNAL; 682; 682; 0; 2807; INTERNAL; 681; 681; 0; 2489
INTERNAL; 681; 681; 0; 2489; INTERNAL; 665; 680; 15; 2486
INTERNAL; 681; 681; 0; 2489; INTERNAL; 680; 680; 0; 7135
INTERNAL; 680; 680; 0; 7135; INTERNAL; 665; 679; 14; 5303
INTERNAL; 665; 679; 14; 5303; INTERNAL; 664; 677; 13; 188
INTERNAL; 664; 677; 13; 188; INTERNAL; 656; 676; 20; 3898
INTERNAL; 680; 680; 0; 7135; INTERNAL; 664; 679; 15; 2485
INTERNAL; 664; 679; 15; 2485; INTERNAL; 657; 678; 21; 1707
INTERNAL; 680; 680; 0; 7135; INTERNAL; 664; 679; 15; 2484
INTERNAL; 680; 680; 0; 7135; INTERNAL; 679; 679; 0; 3518
INTERNAL; 679; 679; 0; 3518; INTERNAL; 664; 678; 14; 2483
INTERNAL; 679; 679; 0; 3518; INTERNAL; 664; 678; 14; 2481
INTERNAL; 679; 679; 0; 3518; INTERNAL; 665; 678; 13; 3591
INTERNAL; 679; 679; 0; 3518; INTERNAL; 678; 678; 0; 10086
INTERNAL; 678; 678; 0; 10086; INTERNAL; 664; 677; 13; 5965
INTERNAL; 678; 678; 0; 10086; INTERNAL; 664; 677; 13; 5150
INTERNAL; 664; 677; 13; 5150; INTERNAL; 655; 676; 21; 3548
INTERNAL; 678; 678; 0; 10086; INTERNAL; 665; 677; 12; 2478
INTERNAL; 665; 677; 12; 2478; INTERNAL; 664; 675; 11; 189
INTERNAL; 664; 675; 11; 189; INTERNAL; 654; 674; 20; 5972
INTERNAL; 678; 678; 0; 10086; INTERNAL; 677; 677; 0; 2479
INTERNAL; 677; 677; 0; 2479; INTERNAL; 664; 676; 12; 10031
INTERNAL; 677; 677; 0; 2479; INTERNAL; 665; 676; 11; 2477
INTERNAL; 677; 677; 0; 2479; INTERNAL; 664; 676; 12; 3226
INTERNAL; 677; 677; 0; 2479; INTERNAL; 676; 676; 0; 9460
INTERNAL; 676; 676; 0; 9460; INTERNAL; 675; 675; 0; 5848
INTERNAL; 675; 675; 0; 5848; INTERNAL; 664; 674; 10; 9515
INTERNAL; 675; 675; 0; 5848; INTERNAL; 674; 674; 0; 2471
INTERNAL; 674; 674; 0; 2471; INTERNAL; 665; 673; 8; 7980
INTERNAL; 665; 673; 8; 7980; INTERNAL; 664; 671; 7; 6316
INTERNAL; 664; 671; 7; 6316; INTERNAL; 650; 670; 20; 192
INTERNAL; 674; 674; 0; 2471; INTERNAL; 664; 673; 9; 6376
INTERNAL; 664; 673; 9; 6376; INTERNAL; 651; 672; 21; 2604
INTERNAL; 674; 674; 0; 2471; INTERNAL; 664; 673; 9; 2468
INTERNAL; 674; 674; 0; 2471; INTERNAL; 673; 673; 0; 6574
INTERNAL; 673; 673; 0; 6574; INTERNAL; 664; 672; 8; 2465
INTERNAL; 673; 673; 0; 6574; INTERNAL; 672; 672; 0; 2467
INTERNAL; 672; 672; 0; 2467; INTERNAL; 664; 671; 7; 7478
INTERNAL; 664; 671; 7; 7478; INTERNAL; 649; 670; 21; 7642
INTERNAL; 672; 672; 0; 2467; INTERNAL; 665; 671; 6; 2459
INTERNAL; 665; 671; 6; 2459; INTERNAL; 664; 669; 5; 1824
INTERNAL; 664; 669; 5; 1824; INTERNAL; 648; 668; 20; 471
INTERNAL; 672; 672; 0; 2467; INTERNAL; 671; 671; 0; 2460
INTERNAL; 671; 671; 0; 2460; INTERNAL; 664; 670; 6; 3974
INTERNAL; 671; 671; 0; 2460; INTERNAL; 670; 670; 0; 2458
INTERNAL; 670; 670; 0; 2458; INTERNAL; 664; 669; 5; 2456
INTERNAL; 664; 669; 5; 2456; INTERNAL; 647; 668; 21; 194
INTERNAL; 670; 670; 0; 2458; INTERNAL; 665; 669; 4; 2454
INTERNAL; 665; 669; 4; 2454; INTERNAL; 664; 667; 3; 355
INTERNAL; 664; 667; 3; 355; INTERNAL; 646; 666; 20; 195
INTERNAL; 670; 670; 0; 2458; INTERNAL; 669; 669; 0; 3647
INTERNAL; 669; 669; 0; 3647; INTERNAL; 664; 668; 4; 2450
INTERNAL; 669; 669; 0; 3647; INTERNAL; 664; 668; 4; 8546
INTERNAL; 669; 669; 0; 3647; INTERNAL; 665; 668; 3; 5381
INTERNAL; 669; 669; 0; 3647; INTERNAL; 668; 668; 0; 2452
INTERNAL; 668; 668; 0; 2452; INTERNAL; 667; 667; 0; 10049
INTERNAL; 667; 667; 0; 10049; INTERNAL; 664; 666; 2; 2442
INTERNAL; 667; 667; 0; 10049; INTERNAL; 665; 666; 1; 8752
INTERNAL; 665; 666; 1; 8752; INTERNAL; 664; 665; 1; 196
INTERNAL; 664; 665; 1; 196; INTERNAL; 644; 664; 20; 5958
INTERNAL; 667; 667; 0; 10049; INTERNAL; 666; 666; 0; 2444
INTERNAL; 666; 666; 0; 2444; INTERNAL; 665; 665; 0; 2575
INTERNAL; 665; 665; 0; 2575; INTERNAL; 664; 664; 0; 7929
INTERNAL; 665; 665; 0; 2575; INTERNAL; 664; 664; 0; 7151
INTERNAL; 664; 664; 0; 7151; INTERNAL; 642; 663; 21; 197
INTERNAL; 665; 665; 0; 2575; INTERNAL; 664; 664; 0; 4397
INTERNAL; 664; 664; 0; 4397; INTERNAL; 663; 663; 0; 3165
INTERNAL; 664; 664; 0; 4397; INTERNAL; 663; 663; 0; 199
INTERNAL; 663; 663; 0; 199; INTERNAL; 642; 662; 20; 198
INTERNAL; 642; 662; 20; 198; INTERNAL; 641; 661; 20; 6048
INTERNAL; 664; 664; 0; 4397; INTERNAL; 2; 663; 661; 9923
INTERNAL; 2; 663; 661; 9923; INPUT; 1; 662; 661; 9752
INTERNAL; 665; 665; 0; 2575; INTERNAL; 664; 664; 0; 6240
INTERNAL; 666; 666; 0; 2444; INTERNAL; 664; 665; 1; 4698
INTERNAL; 666; 666; 0; 2444; INTERNAL; 664; 665; 1; 2441
INTERNAL; 664; 665; 1; 2441; INTERNAL; 643; 664; 21; 6311
INTERNAL; 666; 666; 0; 2444; INTERNAL; 664; 665; 1; 2440
INTERNAL; 667; 667; 0; 10049; INTERNAL; 664; 666; 2; 5213
INTERNAL; 668; 668; 0; 2452; INTERNAL; 665; 667; 2; 2447
INTERNAL; 668; 668; 0; 2452; INTERNAL; 664; 667; 3; 7476
INTERNAL; 664; 667; 3; 7476; INTERNAL; 645; 666; 21; 6907
INTERNAL; 668; 668; 0; 2452; INTERNAL; 664; 667; 3; 2448
INTERNAL; 670; 670; 0; 2458; INTERNAL; 664; 669; 5; 2455
INTERNAL; 671; 671; 0; 2460; INTERNAL; 665; 670; 5; 2457
INTERNAL; 671; 671; 0; 2460; INTERNAL; 664; 670; 6; 4043
INTERNAL; 672; 672; 0; 2467; INTERNAL; 664; 671; 7; 2461
INTERNAL; 673; 673; 0; 6574; INTERNAL; 664; 672; 8; 2466
INTERNAL; 673; 673; 0; 6574; INTERNAL; 665; 672; 7; 2463
INTERNAL; 675; 675; 0; 5848; INTERNAL; 664; 674; 10; 2469
INTERNAL; 675; 675; 0; 5848; INTERNAL; 665; 674; 9; 6213
INTERNAL; 665; 674; 9; 6213; INTERNAL; 664; 673; 9; 3089
INTERNAL; 664; 673; 9; 3089; INTERNAL; 652; 672; 20; 191
INTERNAL; 676; 676; 0; 9460; INTERNAL; 665; 675; 10; 2473
INTERNAL; 676; 676; 0; 9460; INTERNAL; 664; 675; 11; 2474
INTERNAL; 676; 676; 0; 9460; INTERNAL; 664; 675; 11; 2476
INTERNAL; 664; 675; 11; 2476; INTERNAL; 653; 674; 21; 190
INTERNAL; 681; 681; 0; 2489; INTERNAL; 664; 680; 16; 2487
INTERNAL; 681; 681; 0; 2489; INTERNAL; 664; 680; 16; 3450
INTERNAL; 683; 683; 0; 4688; INTERNAL; 665; 682; 17; 2492
INTERNAL; 683; 683; 0; 4688; INTERNAL; 664; 682; 18; 2494
INTERNAL; 686; 686; 0; 6471; INTERNAL; 665; 685; 20; 2501
INTERNAL; 686; 686; 0; 6471; INTERNAL; 664; 685; 21; 5703
INTERNAL; 664; 685; 21; 5703; INTERNAL; 663; 684; 21; 9703
INTERNAL; 686; 686; 0; 6471; INTERNAL; 664; 685; 21; 2498
INTERNAL; 687; 690; 3; 2510; INTERNAL; 667; 689; 22; 978
INTERNAL; 691; 691; 0; 6346; INTERNAL; 687; 690; 3; 4119
INTERNAL; 691; 691; 0; 6346; INTERNAL; 690; 690; 0; 4165
INTERNAL; 690; 690; 0; 4165; INTERNAL; 688; 689; 1; 2735
INTERNAL; 688; 689; 1; 2735; INTERNAL; 687; 688; 1; 180
INTERNAL; 690; 690; 0; 4165; INTERNAL; 689; 689; 0; 5536
INTERNAL; 689; 689; 0; 5536; INTERNAL; 687; 688; 1; 2504
INTERNAL; 687; 688; 1; 2504; INTERNAL; 665; 687; 22; 4256
INTERNAL; 689; 689; 0; 5536; INTERNAL; 687; 688; 1; 2505
INTERNAL; 689; 689; 0; 5536; INTERNAL; 688; 688; 0; 5220
INTERNAL; 688; 688; 0; 5220; INTERNAL; 687; 687; 0; 2563
INTERNAL; 687; 687; 0; 2563; INTERNAL; 665; 686; 21; 2502
INTERNAL; 689; 689; 0; 5536; INTERNAL; 688; 688; 0; 2503
INTERNAL; 688; 688; 0; 2503; INTERNAL; 687; 687; 0; 2561
INTERNAL; 688; 688; 0; 2503; INTERNAL; 687; 687; 0; 2562
INTERNAL; 688; 688; 0; 2503; INTERNAL; 687; 687; 0; 185
INTERNAL; 687; 687; 0; 185; INTERNAL; 2; 686; 684; 9962
INTERNAL; 2; 686; 684; 9962; INPUT; 1; 685; 684; 8161
INTERNAL; 687; 687; 0; 185; INTERNAL; 686; 686; 0; 183
INTERNAL; 687; 687; 0; 185; INTERNAL; 686; 686; 0; 184
INTERNAL; 686; 686; 0; 184; INTERNAL; 664; 685; 21; 182
INTERNAL; 688; 688; 0; 2503; INTERNAL; 687; 687; 0; 5920
INTERNAL; 690; 690; 0; 4165; INTERNAL; 687; 689; 2; 2507
INTERNAL; 687; 689; 2; 2507; INTERNAL; 666; 688; 22; 1901
INTERNAL; 690; 690; 0; 4165; INTERNAL; 687; 689; 2; 2508
INTERNAL; 691; 691; 0; 6346; INTERNAL; 688; 690; 2; 2926
INTERNAL; 711; 715; 4; 4672; INTERNAL; 687; 691; 4; 6960
INTERNAL; 711; 715; 4; 4672; INTERNAL; 687; 691; 4; 4065
INTERNAL; 687; 691; 4; 4065; INTERNAL; 668; 690; 22; 178
INTERNAL; 711; 715; 4; 4672; INTERNAL; 710; 710; 0; 4490
INTERNAL; 710; 710; 0; 4490; INTERNAL; 3; 709; 706; 9527
INTERNAL; 710; 710; 0; 4490; INTERNAL; 709; 709; 0; 2560
INTERNAL; 709; 709; 0; 2560; INTERNAL; 686; 708; 22; 2559
INTERNAL; 709; 709; 0; 2560; INTERNAL; 687; 708; 21; 7010
INTERNAL; 687; 708; 21; 7010; INTERNAL; 685; 707; 22; 8140
INTERNAL; 709; 709; 0; 2560; INTERNAL; 688; 708; 20; 4850
INTERNAL; 688; 708; 20; 4850; INTERNAL; 687; 706; 19; 165
INTERNAL; 709; 709; 0; 2560; INTERNAL; 708; 708; 0; 5415
INTERNAL; 708; 708; 0; 5415; INTERNAL; 687; 707; 20; 8893
INTERNAL; 687; 707; 20; 8893; INTERNAL; 684; 706; 22; 1933
INTERNAL; 708; 708; 0; 5415; INTERNAL; 688; 707; 19; 4280
INTERNAL; 708; 708; 0; 5415; INTERNAL; 687; 707; 20; 2556
INTERNAL; 708; 708; 0; 5415; INTERNAL; 707; 707; 0; 2558
INTERNAL; 707; 707; 0; 2558; INTERNAL; 687; 706; 19; 5278
INTERNAL; 707; 707; 0; 2558; INTERNAL; 688; 706; 18; 4653
INTERNAL; 688; 706; 18; 4653; INTERNAL; 687; 704; 17; 168
INTERNAL; 707; 707; 0; 2558; INTERNAL; 687; 706; 19; 2554
INTERNAL; 687; 706; 19; 2554; INTERNAL; 683; 705; 22; 9165
INTERNAL; 707; 707; 0; 2558; INTERNAL; 706; 706; 0; 6112
INTERNAL; 706; 706; 0; 6112; INTERNAL; 687; 705; 18; 6850
INTERNAL; 706; 706; 0; 6112; INTERNAL; 705; 705; 0; 2553
INTERNAL; 705; 705; 0; 2553; INTERNAL; 704; 704; 0; 3800
INTERNAL; 704; 704; 0; 3800; INTERNAL; 688; 703; 15; 4348
INTERNAL; 688; 703; 15; 4348; INTERNAL; 687; 702; 15; 169
INTERNAL; 704; 704; 0; 3800; INTERNAL; 687; 703; 16; 2549
INTERNAL; 687; 703; 16; 2549; INTERNAL; 680; 702; 22; 9624
INTERNAL; 704; 704; 0; 3800; INTERNAL; 703; 703; 0; 2550
INTERNAL; 703; 703; 0; 2550; INTERNAL; 702; 702; 0; 2545
INTERNAL; 702; 702; 0; 2545; INTERNAL; 701; 701; 0; 7558
INTERNAL; 701; 701; 0; 7558; INTERNAL; 687; 700; 13; 4188
INTERNAL; 687; 700; 13; 4188; INTERNAL; 677; 699; 22; 2042
INTERNAL; 701; 701; 0; 7558; INTERNAL; 700; 700; 0; 9606
INTERNAL; 700; 700; 0; 9606; INTERNAL; 688; 699; 11; 6930
INTERNAL; 688; 699; 11; 6930; INTERNAL; 687; 698; 11; 170
INTERNAL; 700; 700; 0; 9606; INTERNAL; 699; 699; 0; 2539
INTERNAL; 699; 699; 0; 2539; INTERNAL; 698; 698; 0; 2654
INTERNAL; 698; 698; 0; 2654; INTERNAL; 687; 697; 10; 2531
INTERNAL; 698; 698; 0; 2654; INTERNAL; 697; 697; 0; 2532
INTERNAL; 697; 697; 0; 2532; INTERNAL; 687; 696; 9; 2526
INTERNAL; 697; 697; 0; 2532; INTERNAL; 688; 696; 8; 2524
INTERNAL; 688; 696; 8; 2524; INTERNAL; 687; 694; 7; 175
INTERNAL; 697; 697; 0; 2532; INTERNAL; 696; 696; 0; 2525
INTERNAL; 696; 696; 0; 2525; INTERNAL; 695; 695; 0; 2522
INTERNAL; 695; 695; 0; 2522; INTERNAL; 694; 694; 0; 7757
INTERNAL; 694; 694; 0; 7757; INTERNAL; 688; 693; 5; 2518
INTERNAL; 688; 693; 5; 2518; INTERNAL; 687; 692; 5; 6878
INTERNAL; 694; 694; 0; 7757; INTERNAL; 687; 693; 6; 8699
INTERNAL; 687; 693; 6; 8699; INTERNAL; 670; 692; 22; 176
INTERNAL; 694; 694; 0; 7757; INTERNAL; 693; 693; 0; 2519
INTERNAL; 693; 693; 0; 2519; INTERNAL; 687; 692; 5; 2515
INTERNAL; 687; 692; 5; 2515; INTERNAL; 669; 691; 22; 177
INTERNAL; 693; 693; 0; 2519; INTERNAL; 687; 692; 5; 2517
INTERNAL; 693; 693; 0; 2519; INTERNAL; 688; 692; 4; 2512
INTERNAL; 688; 692; 4; 2512; INTERNAL; 687; 690; 3; 179
INTERNAL; 693; 693; 0; 2519; INTERNAL; 692; 692; 0; 9048
INTERNAL; 692; 692; 0; 9048; INTERNAL; 688; 691; 3; 2511
INTERNAL; 694; 694; 0; 7757; INTERNAL; 687; 693; 6; 5710
INTERNAL; 695; 695; 0; 2522; INTERNAL; 688; 694; 6; 3673
INTERNAL; 695; 695; 0; 2522; INTERNAL; 687; 694; 7; 3541
INTERNAL; 687; 694; 7; 3541; INTERNAL; 671; 693; 22; 9948
INTERNAL; 695; 695; 0; 2522; INTERNAL; 687; 694; 7; 5581
INTERNAL; 696; 696; 0; 2525; INTERNAL; 687; 695; 8; 2520
INTERNAL; 687; 695; 8; 2520; INTERNAL; 672; 694; 22; 174
INTERNAL; 696; 696; 0; 2525; INTERNAL; 688; 695; 7; 4994
INTERNAL; 696; 696; 0; 2525; INTERNAL; 687; 695; 8; 2521
INTERNAL; 697; 697; 0; 2532; INTERNAL; 687; 696; 9; 6666
INTERNAL; 687; 696; 9; 6666; INTERNAL; 673; 695; 22; 4764
INTERNAL; 698; 698; 0; 2654; INTERNAL; 688; 697; 9; 2529
INTERNAL; 688; 697; 9; 2529; INTERNAL; 687; 696; 9; 173
INTERNAL; 698; 698; 0; 2654; INTERNAL; 687; 697; 10; 2530
INTERNAL; 687; 697; 10; 2530; INTERNAL; 674; 696; 22; 172
INTERNAL; 699; 699; 0; 2539; INTERNAL; 687; 698; 11; 2535
INTERNAL; 687; 698; 11; 2535; INTERNAL; 675; 697; 22; 171
INTERNAL; 699; 699; 0; 2539; INTERNAL; 688; 698; 10; 2533
INTERNAL; 699; 699; 0; 2539; INTERNAL; 687; 698; 11; 2536
INTERNAL; 700; 700; 0; 9606; INTERNAL; 687; 699; 12; 2537
INTERNAL; 687; 699; 12; 2537; INTERNAL; 676; 698; 22; 5124
INTERNAL; 700; 700; 0; 9606; INTERNAL; 687; 699; 12; 2538
INTERNAL; 701; 701; 0; 7558; INTERNAL; 687; 700; 13; 2541
INTERNAL; 701; 701; 0; 7558; INTERNAL; 688; 700; 12; 2540
INTERNAL; 702; 702; 0; 2545; INTERNAL; 688; 701; 13; 2542
INTERNAL; 688; 701; 13; 2542; INTERNAL; 687; 700; 13; 5858
INTERNAL; 702; 702; 0; 2545; INTERNAL; 687; 701; 14; 2798
INTERNAL; 687; 701; 14; 2798; INTERNAL; 678; 700; 22; 8585
INTERNAL; 702; 702; 0; 2545; INTERNAL; 687; 701; 14; 2544
INTERNAL; 703; 703; 0; 2550; INTERNAL; 687; 702; 15; 2547
INTERNAL; 703; 703; 0; 2550; INTERNAL; 688; 702; 14; 8017
INTERNAL; 703; 703; 0; 2550; INTERNAL; 687; 702; 15; 3665
INTERNAL; 687; 702; 15; 3665; INTERNAL; 679; 701; 22; 5729
INTERNAL; 704; 704; 0; 3800; INTERNAL; 687; 703; 16; 7283
INTERNAL; 705; 705; 0; 2553; INTERNAL; 688; 704; 16; 5434
INTERNAL; 705; 705; 0; 2553; INTERNAL; 687; 704; 17; 2551
INTERNAL; 687; 704; 17; 2551; INTERNAL; 681; 703; 22; 8075
INTERNAL; 705; 705; 0; 2553; INTERNAL; 687; 704; 17; 5507
INTERNAL; 706; 706; 0; 6112; INTERNAL; 688; 705; 17; 2552
INTERNAL; 706; 706; 0; 6112; INTERNAL; 687; 705; 18; 9637
INTERNAL; 687; 705; 18; 9637; INTERNAL; 682; 704; 22; 166
INTERNAL; 734; 739; 5; 9196; INTERNAL; 715; 715; 0; 2830
INTERNAL; 715; 715; 0; 2830; INTERNAL; 714; 714; 0; 9083
INTERNAL; 714; 714; 0; 9083; INTERNAL; 711; 713; 2; 8806
INTERNAL; 714; 714; 0; 9083; INTERNAL; 710; 713; 3; 2571
INTERNAL; 710; 713; 3; 2571; INTERNAL; 690; 712; 22; 2672
INTERNAL; 714; 714; 0; 9083; INTERNAL; 712; 713; 1; 5106
INTERNAL; 712; 713; 1; 5106; INTERNAL; 711; 711; 0; 9028
INTERNAL; 714; 714; 0; 9083; INTERNAL; 713; 713; 0; 2570
INTERNAL; 713; 713; 0; 2570; INTERNAL; 711; 712; 1; 2568
INTERNAL; 711; 712; 1; 2568; INTERNAL; 689; 711; 22; 161
INTERNAL; 713; 713; 0; 2570; INTERNAL; 712; 712; 0; 3301
INTERNAL; 713; 713; 0; 2570; INTERNAL; 712; 712; 0; 3005
INTERNAL; 712; 712; 0; 3005; INTERNAL; 711; 711; 0; 2565
INTERNAL; 711; 711; 0; 2565; INTERNAL; 688; 709; 21; 164
INTERNAL; 712; 712; 0; 3005; INTERNAL; 711; 711; 0; 6914
INTERNAL; 711; 711; 0; 6914; INTERNAL; 688; 710; 22; 6476
INTERNAL; 712; 712; 0; 3005; INTERNAL; 711; 711; 0; 2566
INTERNAL; 712; 712; 0; 3005; INTERNAL; 711; 711; 0; 2564
INTERNAL; 711; 711; 0; 2564; INTERNAL; 710; 710; 0; 162
INTERNAL; 710; 710; 0; 162; INPUT; 1; 709; 708; 3428
INTERNAL; 711; 711; 0; 2564; INTERNAL; 710; 710; 0; 4205
INTERNAL; 711; 711; 0; 2564; INTERNAL; 710; 710; 0; 2618
INTERNAL; 710; 710; 0; 2618; INTERNAL; 687; 709; 22; 9380
INTERNAL; 711; 711; 0; 2564; INTERNAL; 710; 710; 0; 163
INTERNAL; 713; 713; 0; 2570; INTERNAL; 711; 712; 1; 2567
INTERNAL; 715; 715; 0; 2830; INTERNAL; 711; 714; 3; 7818
INTERNAL; 715; 715; 0; 2830; INTERNAL; 712; 714; 2; 2816
INTERNAL; 712; 714; 2; 2816; INTERNAL; 711; 713; 2; 2606
INTERNAL; 715; 715; 0; 2830; INTERNAL; 711; 714; 3; 3932
INTERNAL; 711; 714; 3; 3932; INTERNAL; 691; 713; 22; 160
INTERNAL; 734; 739; 5; 9196; INTERNAL; 712; 715; 3; 10117
INTERNAL; 734; 739; 5; 9196; INTERNAL; 733; 733; 0; 2621
INTERNAL; 733; 733; 0; 2621; INTERNAL; 732; 732; 0; 3280
INTERNAL; 732; 732; 0; 3280; INTERNAL; 710; 731; 21; 3174
INTERNAL; 710; 731; 21; 3174; INTERNAL; 708; 730; 22; 1872
INTERNAL; 732; 732; 0; 3280; INTERNAL; 711; 731; 20; 7217
INTERNAL; 732; 732; 0; 3280; INTERNAL; 731; 731; 0; 5658
INTERNAL; 731; 731; 0; 5658; INTERNAL; 711; 730; 19; 2612
INTERNAL; 731; 731; 0; 5658; INTERNAL; 730; 730; 0; 7936
INTERNAL; 730; 730; 0; 7936; INTERNAL; 712; 729; 17; 2610
INTERNAL; 712; 729; 17; 2610; INTERNAL; 711; 727; 16; 9907
INTERNAL; 730; 730; 0; 7936; INTERNAL; 729; 729; 0; 6994
INTERNAL; 729; 729; 0; 6994; INTERNAL; 728; 728; 0; 2607
INTERNAL; 728; 728; 0; 2607; INTERNAL; 711; 727; 16; 7879
INTERNAL; 728; 728; 0; 2607; INTERNAL; 712; 727; 15; 2600
INTERNAL; 712; 727; 15; 2600; INTERNAL; 711; 725; 14; 154
INTERNAL; 728; 728; 0; 2607; INTERNAL; 710; 727; 17; 2602
INTERNAL; 710; 727; 17; 2602; INTERNAL; 704; 726; 22; 153
INTERNAL; 728; 728; 0; 2607; INTERNAL; 727; 727; 0; 9357
INTERNAL; 727; 727; 0; 9357; INTERNAL; 711; 726; 15; 4257
INTERNAL; 711; 726; 15; 4257; INTERNAL; 703; 725; 22; 5127
INTERNAL; 727; 727; 0; 9357; INTERNAL; 726; 726; 0; 2599
INTERNAL; 726; 726; 0; 2599; INTERNAL; 710; 725; 15; 2890
INTERNAL; 710; 725; 15; 2890; INTERNAL; 702; 724; 22; 3914
INTERNAL; 726; 726; 0; 2599; INTERNAL; 725; 725; 0; 8051
INTERNAL; 725; 725; 0; 8051; INTERNAL; 724; 724; 0; 8238
INTERNAL; 724; 724; 0; 8238; INTERNAL; 711; 723; 12; 2596
INTERNAL; 724; 724; 0; 8238; INTERNAL; 710; 723; 13; 2594
INTERNAL; 710; 723; 13; 2594; INTERNAL; 700; 722; 22; 6568
INTERNAL; 724; 724; 0; 8238; INTERNAL; 723; 723; 0; 2593
INTERNAL; 723; 723; 0; 2593; INTERNAL; 711; 722; 11; 9778
INTERNAL; 711; 722; 11; 9778; INTERNAL; 699; 721; 22; 9652
INTERNAL; 723; 723; 0; 2593; INTERNAL; 711; 722; 11; 2591
INTERNAL; 723; 723; 0; 2593; INTERNAL; 722; 722; 0; 2592
INTERNAL; 722; 722; 0; 2592; INTERNAL; 712; 721; 9; 2587
INTERNAL; 712; 721; 9; 2587; INTERNAL; 711; 719; 8; 656
INTERNAL; 722; 722; 0; 2592; INTERNAL; 710; 721; 11; 2588
INTERNAL; 710; 721; 11; 2588; INTERNAL; 698; 720; 22; 6354
INTERNAL; 722; 722; 0; 2592; INTERNAL; 721; 721; 0; 5628
INTERNAL; 721; 721; 0; 5628; INTERNAL; 711; 720; 9; 4005
INTERNAL; 721; 721; 0; 5628; INTERNAL; 711; 720; 9; 2586
INTERNAL; 711; 720; 9; 2586; INTERNAL; 697; 719; 22; 524
INTERNAL; 721; 721; 0; 5628; INTERNAL; 720; 720; 0; 7158
INTERNAL; 720; 720; 0; 7158; INTERNAL; 711; 719; 8; 2584
INTERNAL; 720; 720; 0; 7158; INTERNAL; 712; 719; 7; 2581
INTERNAL; 712; 719; 7; 2581; INTERNAL; 711; 717; 6; 7797
INTERNAL; 720; 720; 0; 7158; INTERNAL; 719; 719; 0; 2582
INTERNAL; 719; 719; 0; 2582; INTERNAL; 712; 718; 6; 8353
INTERNAL; 719; 719; 0; 2582; INTERNAL; 711; 718; 7; 2580
INTERNAL; 711; 718; 7; 2580; INTERNAL; 695; 717; 22; 6403
INTERNAL; 719; 719; 0; 2582; INTERNAL; 711; 718; 7; 8288
INTERNAL; 719; 719; 0; 2582; INTERNAL; 718; 718; 0; 6000
INTERNAL; 718; 718; 0; 6000; INTERNAL; 710; 717; 7; 5350
INTERNAL; 710; 717; 7; 5350; INTERNAL; 694; 716; 22; 3382
INTERNAL; 718; 718; 0; 6000; INTERNAL; 711; 717; 6; 2578
INTERNAL; 718; 718; 0; 6000; INTERNAL; 712; 717; 5; 8307
INTERNAL; 712; 717; 5; 8307; INTERNAL; 711; 715; 4; 8639
INTERNAL; 718; 718; 0; 6000; INTERNAL; 717; 717; 0; 2576
INTERNAL; 717; 717; 0; 2576; INTERNAL; 711; 716; 5; 3024
INTERNAL; 717; 717; 0; 2576; INTERNAL; 712; 716; 4; 8184
INTERNAL; 717; 717; 0; 2576; INTERNAL; 716; 716; 0; 2574
INTERNAL; 716; 716; 0; 2574; INTERNAL; 710; 715; 5; 2572
INTERNAL; 710; 715; 5; 2572; INTERNAL; 692; 714; 22; 7424
INTERNAL; 717; 717; 0; 2576; INTERNAL; 711; 716; 5; 2573
INTERNAL; 711; 716; 5; 2573; INTERNAL; 693; 715; 22; 159
INTERNAL; 720; 720; 0; 7158; INTERNAL; 710; 719; 9; 6655
INTERNAL; 710; 719; 9; 6655; INTERNAL; 696; 718; 22; 158
INTERNAL; 721; 721; 0; 5628; INTERNAL; 712; 720; 8; 2585
INTERNAL; 722; 722; 0; 2592; INTERNAL; 711; 721; 10; 2589
INTERNAL; 723; 723; 0; 2593; INTERNAL; 712; 722; 10; 2590
INTERNAL; 712; 722; 10; 2590; INTERNAL; 711; 721; 10; 157
INTERNAL; 724; 724; 0; 8238; INTERNAL; 712; 723; 11; 7189
INTERNAL; 725; 725; 0; 8051; INTERNAL; 711; 724; 13; 2597
INTERNAL; 725; 725; 0; 8051; INTERNAL; 711; 724; 13; 2598
INTERNAL; 711; 724; 13; 2598; INTERNAL; 701; 723; 22; 155
INTERNAL; 725; 725; 0; 8051; INTERNAL; 712; 724; 12; 7897
INTERNAL; 712; 724; 12; 7897; INTERNAL; 711; 723; 12; 156
INTERNAL; 726; 726; 0; 2599; INTERNAL; 711; 725; 14; 9571
INTERNAL; 726; 726; 0; 2599; INTERNAL; 712; 725; 13; 3394
INTERNAL; 727; 727; 0; 9357; INTERNAL; 712; 726; 14; 3454
INTERNAL; 727; 727; 0; 9357; INTERNAL; 711; 726; 15; 7053
INTERNAL; 729; 729; 0; 6994; INTERNAL; 711; 728; 17; 2605
INTERNAL; 711; 728; 17; 2605; INTERNAL; 705; 727; 22; 1610
INTERNAL; 729; 729; 0; 6994; INTERNAL; 711; 728; 17; 7792
INTERNAL; 729; 729; 0; 6994; INTERNAL; 712; 728; 16; 2603
INTERNAL; 730; 730; 0; 7936; INTERNAL; 710; 729; 19; 3829
INTERNAL; 710; 729; 19; 3829; INTERNAL; 706; 728; 22; 2867
INTERNAL; 730; 730; 0; 7936; INTERNAL; 711; 729; 18; 6180
INTERNAL; 731; 731; 0; 5658; INTERNAL; 711; 730; 19; 2613
INTERNAL; 711; 730; 19; 2613; INTERNAL; 707; 729; 22; 5003
INTERNAL; 731; 731; 0; 5658; INTERNAL; 712; 730; 18; 2611
INTERNAL; 712; 730; 18; 2611; INTERNAL; 711; 729; 18; 8890
INTERNAL; 732; 732; 0; 3280; INTERNAL; 712; 731; 19; 2614
INTERNAL; 733; 733; 0; 2621; INTERNAL; 711; 732; 21; 2615
INTERNAL; 733; 733; 0; 2621; INTERNAL; 712; 732; 20; 2616
INTERNAL; 712; 732; 20; 2616; INTERNAL; 711; 731; 20; 4839
INTERNAL; 759; 764; 5; 7740; INTERNAL; 740; 763; 23; 8286
INTERNAL; 740; 763; 23; 8286; INTERNAL; 734; 739; 5; 2632
INTERNAL; 734; 739; 5; 2632; INTERNAL; 715; 738; 23; 633
INTERNAL; 740; 763; 23; 8286; INTERNAL; 735; 739; 4; 2631
INTERNAL; 735; 739; 4; 2631; INTERNAL; 734; 737; 3; 150
INTERNAL; 740; 763; 23; 8286; INTERNAL; 739; 739; 0; 8007
INTERNAL; 739; 739; 0; 8007; INTERNAL; 734; 738; 4; 6699
INTERNAL; 734; 738; 4; 6699; INTERNAL; 714; 737; 23; 149
INTERNAL; 739; 739; 0; 8007; INTERNAL; 734; 738; 4; 2627
INTERNAL; 739; 739; 0; 8007; INTERNAL; 738; 738; 0; 2629
INTERNAL; 738; 738; 0; 2629; INTERNAL; 737; 737; 0; 5574
INTERNAL; 737; 737; 0; 5574; INTERNAL; 734; 736; 2; 2624
INTERNAL; 737; 737; 0; 5574; INTERNAL; 734; 736; 2; 3413
INTERNAL; 734; 736; 2; 3413; INTERNAL; 712; 735; 23; 9367
INTERNAL; 737; 737; 0; 5574; INTERNAL; 735; 736; 1; 7772
INTERNAL; 735; 736; 1; 7772; INTERNAL; 734; 735; 1; 2687
INTERNAL; 737; 737; 0; 5574; INTERNAL; 736; 736; 0; 2625
INTERNAL; 736; 736; 0; 2625; INTERNAL; 735; 735; 0; 2684
INTERNAL; 735; 735; 0; 2684; INTERNAL; 734; 734; 0; 6506
INTERNAL; 734; 734; 0; 6506; INPUT; 1; 733; 732; 9294
INTERNAL; 735; 735; 0; 2684; INTERNAL; 734; 734; 0; 152
INTERNAL; 735; 735; 0; 2684; INTERNAL; 734; 734; 0; 167
INTERNAL; 734; 734; 0; 167; INTERNAL; 711; 733; 22; 2643
INTERNAL; 735; 735; 0; 2684; INTERNAL; 734; 734; 0; 4012
INTERNAL; 734; 734; 0; 4012; INTERNAL; 710; 733; 23; 2443
INTERNAL; 736; 736; 0; 2625; INTERNAL; 734; 735; 1; 2622
INTERNAL; 736; 736; 0; 2625; INTERNAL; 735; 735; 0; 5904
INTERNAL; 735; 735; 0; 5904; INTERNAL; 734; 734; 0; 6934
INTERNAL; 736; 736; 0; 2625; INTERNAL; 734; 735; 1; 3743
INTERNAL; 734; 735; 1; 3743; INTERNAL; 711; 734; 23; 1750
INTERNAL; 734; 735; 1; 3743; INTERNAL; 712; 734; 22; 151
INTERNAL; 738; 738; 0; 2629; INTERNAL; 734; 737; 3; 5810
INTERNAL; 738; 738; 0; 2629; INTERNAL; 734; 737; 3; 2626
INTERNAL; 734; 737; 3; 2626; INTERNAL; 713; 736; 23; 7270
INTERNAL; 738; 738; 0; 2629; INTERNAL; 735; 737; 2; 9612
INTERNAL; 739; 739; 0; 8007; INTERNAL; 735; 738; 3; 4586
INTERNAL; 759; 764; 5; 7740; INTERNAL; 758; 758; 0; 2682
INTERNAL; 758; 758; 0; 2682; INTERNAL; 734; 757; 23; 2680
INTERNAL; 734; 757; 23; 2680; INTERNAL; 733; 755; 22; 8078
INTERNAL; 758; 758; 0; 2682; INTERNAL; 757; 757; 0; 6662
INTERNAL; 757; 757; 0; 6662; INTERNAL; 734; 756; 22; 3915
INTERNAL; 757; 757; 0; 6662; INTERNAL; 756; 756; 0; 9426
INTERNAL; 756; 756; 0; 9426; INTERNAL; 755; 755; 0; 2676
INTERNAL; 755; 755; 0; 2676; INTERNAL; 734; 754; 20; 7714
INTERNAL; 734; 754; 20; 7714; INTERNAL; 730; 753; 23; 143
INTERNAL; 755; 755; 0; 2676; INTERNAL; 734; 754; 20; 5139
INTERNAL; 755; 755; 0; 2676; INTERNAL; 754; 754; 0; 6854
INTERNAL; 754; 754; 0; 6854; INTERNAL; 753; 753; 0; 2670
INTERNAL; 753; 753; 0; 2670; INTERNAL; 735; 752; 17; 2667
INTERNAL; 735; 752; 17; 2667; INTERNAL; 734; 751; 17; 2124
INTERNAL; 753; 753; 0; 2670; INTERNAL; 734; 752; 18; 8640
INTERNAL; 753; 753; 0; 2670; INTERNAL; 752; 752; 0; 2669
INTERNAL; 752; 752; 0; 2669; INTERNAL; 734; 751; 17; 2665
INTERNAL; 752; 752; 0; 2669; INTERNAL; 735; 751; 16; 2663
INTERNAL; 735; 751; 16; 2663; INTERNAL; 734; 749; 15; 5509
INTERNAL; 752; 752; 0; 2669; INTERNAL; 734; 751; 17; 2664
INTERNAL; 734; 751; 17; 2664; INTERNAL; 727; 750; 23; 144
INTERNAL; 752; 752; 0; 2669; INTERNAL; 751; 751; 0; 4110
INTERNAL; 751; 751; 0; 4110; INTERNAL; 735; 750; 15; 2658
INTERNAL; 751; 751; 0; 4110; INTERNAL; 734; 750; 16; 2659
INTERNAL; 734; 750; 16; 2659; INTERNAL; 726; 749; 23; 8944
INTERNAL; 751; 751; 0; 4110; INTERNAL; 734; 750; 16; 2660
INTERNAL; 751; 751; 0; 4110; INTERNAL; 750; 750; 0; 2661
INTERNAL; 750; 750; 0; 2661; INTERNAL; 735; 749; 14; 3614
INTERNAL; 735; 749; 14; 3614; INTERNAL; 734; 747; 13; 145
INTERNAL; 750; 750; 0; 2661; INTERNAL; 734; 749; 15; 3850
INTERNAL; 750; 750; 0; 2661; INTERNAL; 749; 749; 0; 2656
INTERNAL; 749; 749; 0; 2656; INTERNAL; 748; 748; 0; 4629
INTERNAL; 748; 748; 0; 4629; INTERNAL; 735; 747; 12; 8304
INTERNAL; 735; 747; 12; 8304; INTERNAL; 734; 745; 11; 5726
INTERNAL; 748; 748; 0; 4629; INTERNAL; 747; 747; 0; 2651
INTERNAL; 747; 747; 0; 2651; INTERNAL; 746; 746; 0; 2650
INTERNAL; 746; 746; 0; 2650; INTERNAL; 745; 745; 0; 2645
INTERNAL; 745; 745; 0; 2645; INTERNAL; 744; 744; 0; 2642
INTERNAL; 744; 744; 0; 2642; INTERNAL; 734; 743; 9; 2994
INTERNAL; 734; 743; 9; 2994; INTERNAL; 719; 742; 23; 4710
INTERNAL; 744; 744; 0; 2642; INTERNAL; 743; 743; 0; 2640
INTERNAL; 743; 743; 0; 2640; INTERNAL; 742; 742; 0; 2967
INTERNAL; 742; 742; 0; 2967; INTERNAL; 735; 741; 6; 2637
INTERNAL; 735; 741; 6; 2637; INTERNAL; 734; 739; 5; 6965
INTERNAL; 742; 742; 0; 2967; INTERNAL; 741; 741; 0; 2636
INTERNAL; 741; 741; 0; 2636; INTERNAL; 734; 740; 6; 2635
INTERNAL; 741; 741; 0; 2636; INTERNAL; 734; 740; 6; 2634
INTERNAL; 734; 740; 6; 2634; INTERNAL; 716; 739; 23; 148
INTERNAL; 741; 741; 0; 2636; INTERNAL; 735; 740; 5; 7023
INTERNAL; 741; 741; 0; 2636; INTERNAL; 740; 740; 0; 8833
INTERNAL; 742; 742; 0; 2967; INTERNAL; 734; 741; 7; 8679
INTERNAL; 742; 742; 0; 2967; INTERNAL; 734; 741; 7; 2638
INTERNAL; 734; 741; 7; 2638; INTERNAL; 717; 740; 23; 147
INTERNAL; 743; 743; 0; 2640; INTERNAL; 734; 742; 8; 4791
INTERNAL; 743; 743; 0; 2640; INTERNAL; 735; 742; 7; 7992
INTERNAL; 735; 742; 7; 7992; INTERNAL; 734; 741; 7; 146
INTERNAL; 743; 743; 0; 2640; INTERNAL; 734; 742; 8; 2639
INTERNAL; 734; 742; 8; 2639; INTERNAL; 718; 741; 23; 10079
INTERNAL; 744; 744; 0; 2642; INTERNAL; 734; 743; 9; 2641
INTERNAL; 744; 744; 0; 2642; INTERNAL; 735; 743; 8; 3570
INTERNAL; 745; 745; 0; 2645; INTERNAL; 734; 744; 10; 8419
INTERNAL; 745; 745; 0; 2645; INTERNAL; 735; 744; 9; 3378
INTERNAL; 735; 744; 9; 3378; INTERNAL; 734; 743; 9; 7636
INTERNAL; 745; 745; 0; 2645; INTERNAL; 734; 744; 10; 3712
INTERNAL; 734; 744; 10; 3712; INTERNAL; 720; 743; 23; 726
INTERNAL; 746; 746; 0; 2650; INTERNAL; 734; 745; 11; 2646
INTERNAL; 746; 746; 0; 2650; INTERNAL; 734; 745; 11; 10083
INTERNAL; 734; 745; 11; 10083; INTERNAL; 721; 744; 23; 4264
INTERNAL; 746; 746; 0; 2650; INTERNAL; 735; 745; 10; 2644
INTERNAL; 747; 747; 0; 2651; INTERNAL; 734; 746; 12; 2647
INTERNAL; 734; 746; 12; 2647; INTERNAL; 722; 745; 23; 2883
INTERNAL; 747; 747; 0; 2651; INTERNAL; 734; 746; 12; 2648
INTERNAL; 747; 747; 0; 2651; INTERNAL; 735; 746; 11; 3056
INTERNAL; 748; 748; 0; 4629; INTERNAL; 734; 747; 13; 9064
INTERNAL; 734; 747; 13; 9064; INTERNAL; 723; 746; 23; 8311
INTERNAL; 748; 748; 0; 4629; INTERNAL; 734; 747; 13; 6366
INTERNAL; 749; 749; 0; 2656; INTERNAL; 735; 748; 13; 2652
INTERNAL; 749; 749; 0; 2656; INTERNAL; 734; 748; 14; 4863
INTERNAL; 749; 749; 0; 2656; INTERNAL; 734; 748; 14; 2655
INTERNAL; 734; 748; 14; 2655; INTERNAL; 724; 747; 23; 1632
INTERNAL; 750; 750; 0; 2661; INTERNAL; 734; 749; 15; 7567
INTERNAL; 734; 749; 15; 7567; INTERNAL; 725; 748; 23; 2880
INTERNAL; 753; 753; 0; 2670; INTERNAL; 734; 752; 18; 4972
INTERNAL; 734; 752; 18; 4972; INTERNAL; 728; 751; 23; 8320
INTERNAL; 754; 754; 0; 6854; INTERNAL; 734; 753; 19; 2673
INTERNAL; 754; 754; 0; 6854; INTERNAL; 735; 753; 18; 7256
INTERNAL; 754; 754; 0; 6854; INTERNAL; 734; 753; 19; 2671
INTERNAL; 734; 753; 19; 2671; INTERNAL; 729; 752; 23; 2198
INTERNAL; 755; 755; 0; 2676; INTERNAL; 735; 754; 19; 2674
INTERNAL; 735; 754; 19; 2674; INTERNAL; 734; 753; 19; 7346
INTERNAL; 756; 756; 0; 9426; INTERNAL; 735; 755; 20; 7556
INTERNAL; 756; 756; 0; 9426; INTERNAL; 734; 755; 21; 9454
INTERNAL; 756; 756; 0; 9426; INTERNAL; 734; 755; 21; 2677
INTERNAL; 734; 755; 21; 2677; INTERNAL; 731; 754; 23; 2379
INTERNAL; 757; 757; 0; 6662; INTERNAL; 734; 756; 22; 2678
INTERNAL; 757; 757; 0; 6662; INTERNAL; 734; 756; 22; 3846
INTERNAL; 734; 756; 22; 3846; INTERNAL; 732; 755; 23; 1265
INTERNAL; 765; 765; 0; 2707; INTERNAL; 759; 764; 5; 2704
INTERNAL; 765; 765; 0; 2707; INTERNAL; 764; 764; 0; 4141
INTERNAL; 764; 764; 0; 4141; INTERNAL; 759; 763; 4; 2703
INTERNAL; 759; 763; 4; 2703; INTERNAL; 739; 762; 23; 133
INTERNAL; 764; 764; 0; 4141; INTERNAL; 760; 763; 3; 2702
INTERNAL; 760; 763; 3; 2702; INTERNAL; 759; 761; 2; 135
INTERNAL; 764; 764; 0; 4141; INTERNAL; 763; 763; 0; 5070
INTERNAL; 763; 763; 0; 5070; INTERNAL; 759; 762; 3; 2700
INTERNAL; 759; 762; 3; 2700; INTERNAL; 738; 761; 23; 134
INTERNAL; 763; 763; 0; 5070; INTERNAL; 759; 762; 3; 9813
INTERNAL; 763; 763; 0; 5070; INTERNAL; 760; 762; 2; 2699
INTERNAL; 763; 763; 0; 5070; INTERNAL; 762; 762; 0; 2701
INTERNAL; 762; 762; 0; 2701; INTERNAL; 760; 761; 1; 2694
INTERNAL; 760; 761; 1; 2694; INTERNAL; 759; 759; 0; 1911
INTERNAL; 762; 762; 0; 2701; INTERNAL; 761; 761; 0; 6856
INTERNAL; 761; 761; 0; 6856; INTERNAL; 759; 760; 1; 2691
INTERNAL; 761; 761; 0; 6856; INTERNAL; 760; 760; 0; 2693
INTERNAL; 760; 760; 0; 2693; INTERNAL; 759; 759; 0; 2685
INTERNAL; 759; 759; 0; 2685; INTERNAL; 758; 758; 0; 10105
INTERNAL; 759; 759; 0; 2685; INTERNAL; 758; 758; 0; 1816
INTERNAL; 758; 758; 0; 1816; INPUT; 1; 757; 756; 8050
INTERNAL; 759; 759; 0; 2685; INTERNAL; 758; 758; 0; 138
INTERNAL; 758; 758; 0; 138; INTERNAL; 736; 757; 21; 4617
INTERNAL; 736; 757; 21; 4617; INTERNAL; 735; 756; 21; 141
INTERNAL; 759; 759; 0; 2685; INTERNAL; 758; 758; 0; 140
INTERNAL; 758; 758; 0; 140; INTERNAL; 734; 757; 23; 2721
INTERNAL; 758; 758; 0; 140; INTERNAL; 2; 757; 755; 3961
INTERNAL; 760; 760; 0; 2693; INTERNAL; 759; 759; 0; 2689
INTERNAL; 760; 760; 0; 2693; INTERNAL; 759; 759; 0; 2686
INTERNAL; 759; 759; 0; 2686; INTERNAL; 736; 758; 22; 142
INTERNAL; 760; 760; 0; 2693; INTERNAL; 759; 759; 0; 6099
INTERNAL; 761; 761; 0; 6856; INTERNAL; 759; 760; 1; 3703
INTERNAL; 759; 760; 1; 3703; INTERNAL; 736; 759; 23; 137
INTERNAL; 761; 761; 0; 6856; INTERNAL; 760; 760; 0; 2690
INTERNAL; 762; 762; 0; 2701; INTERNAL; 759; 761; 2; 2696
INTERNAL; 759; 761; 2; 2696; INTERNAL; 737; 760; 23; 136
INTERNAL; 762; 762; 0; 2701; INTERNAL; 759; 761; 2; 2698
INTERNAL; 764; 764; 0; 4141; INTERNAL; 759; 763; 4; 7474
INTERNAL; 765; 765; 0; 2707; INTERNAL; 760; 764; 4; 7944
INTERNAL; 760; 764; 4; 7944; INTERNAL; 759; 763; 4; 7390
INTERNAL; 783; 790; 7; 4759; INTERNAL; 760; 765; 5; 3497
INTERNAL; 783; 790; 7; 4759; INTERNAL; 759; 765; 6; 4089
INTERNAL; 759; 765; 6; 4089; INTERNAL; 741; 764; 23; 9379
INTERNAL; 783; 790; 7; 4759; INTERNAL; 782; 782; 0; 7700
INTERNAL; 782; 782; 0; 7700; INTERNAL; 760; 781; 21; 2758
INTERNAL; 760; 781; 21; 2758; INTERNAL; 759; 779; 20; 7827
INTERNAL; 782; 782; 0; 7700; INTERNAL; 760; 781; 21; 9715
INTERNAL; 760; 781; 21; 9715; INTERNAL; 759; 780; 21; 5355
INTERNAL; 759; 780; 21; 5355; INTERNAL; 758; 779; 21; 935
INTERNAL; 758; 779; 21; 935; INTERNAL; 757; 778; 21; 943
INTERNAL; 760; 781; 21; 9715; INTERNAL; 3; 780; 777; 10093
INTERNAL; 3; 780; 777; 10093; INTERNAL; 2; 779; 777; 10094
INTERNAL; 782; 782; 0; 7700; INTERNAL; 759; 781; 22; 2754
INTERNAL; 782; 782; 0; 7700; INTERNAL; 781; 781; 0; 2756
INTERNAL; 781; 781; 0; 2756; INTERNAL; 759; 780; 21; 4638
INTERNAL; 781; 781; 0; 2756; INTERNAL; 780; 780; 0; 2752
INTERNAL; 780; 780; 0; 2752; INTERNAL; 779; 779; 0; 2750
INTERNAL; 779; 779; 0; 2750; INTERNAL; 760; 778; 18; 9895
INTERNAL; 760; 778; 18; 9895; INTERNAL; 759; 777; 18; 126
INTERNAL; 779; 779; 0; 2750; INTERNAL; 759; 778; 19; 2745
INTERNAL; 759; 778; 19; 2745; INTERNAL; 754; 777; 23; 125
INTERNAL; 779; 779; 0; 2750; INTERNAL; 778; 778; 0; 2749
INTERNAL; 778; 778; 0; 2749; INTERNAL; 759; 777; 18; 9051
INTERNAL; 759; 777; 18; 9051; INTERNAL; 753; 776; 23; 3826
INTERNAL; 778; 778; 0; 2749; INTERNAL; 760; 777; 17; 9497
INTERNAL; 760; 777; 17; 9497; INTERNAL; 759; 775; 16; 804
INTERNAL; 778; 778; 0; 2749; INTERNAL; 777; 777; 0; 4363
INTERNAL; 777; 777; 0; 4363; INTERNAL; 760; 776; 16; 4962
INTERNAL; 777; 777; 0; 4363; INTERNAL; 759; 776; 17; 2739
INTERNAL; 759; 776; 17; 2739; INTERNAL; 752; 775; 23; 127
INTERNAL; 777; 777; 0; 4363; INTERNAL; 776; 776; 0; 8125
INTERNAL; 776; 776; 0; 8125; INTERNAL; 775; 775; 0; 7755
INTERNAL; 775; 775; 0; 7755; INTERNAL; 760; 774; 14; 3012
INTERNAL; 760; 774; 14; 3012; INTERNAL; 759; 773; 14; 6156
INTERNAL; 775; 775; 0; 7755; INTERNAL; 759; 774; 15; 2734
INTERNAL; 775; 775; 0; 7755; INTERNAL; 759; 774; 15; 2733
INTERNAL; 759; 774; 15; 2733; INTERNAL; 750; 773; 23; 128
INTERNAL; 775; 775; 0; 7755; INTERNAL; 774; 774; 0; 6870
INTERNAL; 774; 774; 0; 6870; INTERNAL; 760; 773; 13; 2729
INTERNAL; 760; 773; 13; 2729; INTERNAL; 759; 771; 12; 236
INTERNAL; 774; 774; 0; 6870; INTERNAL; 759; 773; 14; 2732
INTERNAL; 759; 773; 14; 2732; INTERNAL; 749; 772; 23; 129
INTERNAL; 774; 774; 0; 6870; INTERNAL; 759; 773; 14; 5599
INTERNAL; 774; 774; 0; 6870; INTERNAL; 773; 773; 0; 2731
INTERNAL; 773; 773; 0; 2731; INTERNAL; 759; 772; 13; 2727
INTERNAL; 759; 772; 13; 2727; INTERNAL; 748; 771; 23; 130
INTERNAL; 773; 773; 0; 2731; INTERNAL; 760; 772; 12; 2726
INTERNAL; 773; 773; 0; 2731; INTERNAL; 772; 772; 0; 3488
INTERNAL; 772; 772; 0; 3488; INTERNAL; 759; 771; 12; 4602
INTERNAL; 759; 771; 12; 4602; INTERNAL; 747; 770; 23; 833
INTERNAL; 772; 772; 0; 3488; INTERNAL; 759; 771; 12; 3478
INTERNAL; 772; 772; 0; 3488; INTERNAL; 771; 771; 0; 7955
INTERNAL; 771; 771; 0; 7955; INTERNAL; 760; 770; 10; 5155
INTERNAL; 760; 770; 10; 5155; INTERNAL; 759; 769; 10; 8004
INTERNAL; 771; 771; 0; 7955; INTERNAL; 770; 770; 0; 3729
INTERNAL; 770; 770; 0; 3729; INTERNAL; 760; 769; 9; 2719
INTERNAL; 760; 769; 9; 2719; INTERNAL; 759; 767; 8; 2167
INTERNAL; 770; 770; 0; 3729; INTERNAL; 769; 769; 0; 3388
INTERNAL; 769; 769; 0; 3388; INTERNAL; 760; 768; 8; 5006
INTERNAL; 769; 769; 0; 3388; INTERNAL; 768; 768; 0; 2718
INTERNAL; 768; 768; 0; 2718; INTERNAL; 759; 767; 8; 2715
INTERNAL; 768; 768; 0; 2718; INTERNAL; 759; 767; 8; 2714
INTERNAL; 759; 767; 8; 2714; INTERNAL; 743; 766; 23; 1275
INTERNAL; 768; 768; 0; 2718; INTERNAL; 767; 767; 0; 2713
INTERNAL; 767; 767; 0; 2713; INTERNAL; 760; 766; 6; 7238
INTERNAL; 760; 766; 6; 7238; INTERNAL; 759; 765; 6; 2846
INTERNAL; 767; 767; 0; 2713; INTERNAL; 759; 766; 7; 2709
INTERNAL; 759; 766; 7; 2709; INTERNAL; 742; 765; 23; 327
INTERNAL; 767; 767; 0; 2713; INTERNAL; 759; 766; 7; 9032
INTERNAL; 767; 767; 0; 2713; INTERNAL; 766; 766; 0; 2710
INTERNAL; 766; 766; 0; 2710; INTERNAL; 759; 765; 6; 2708
INTERNAL; 768; 768; 0; 2718; INTERNAL; 760; 767; 7; 2712
INTERNAL; 769; 769; 0; 3388; INTERNAL; 759; 768; 9; 2717
INTERNAL; 759; 768; 9; 2717; INTERNAL; 744; 767; 23; 721
INTERNAL; 769; 769; 0; 3388; INTERNAL; 759; 768; 9; 2992
INTERNAL; 770; 770; 0; 3729; INTERNAL; 759; 769; 10; 2720
INTERNAL; 759; 769; 10; 2720; INTERNAL; 745; 768; 23; 132
INTERNAL; 770; 770; 0; 3729; INTERNAL; 759; 769; 10; 2722
INTERNAL; 771; 771; 0; 7955; INTERNAL; 759; 770; 11; 2723
INTERNAL; 771; 771; 0; 7955; INTERNAL; 759; 770; 11; 7143
INTERNAL; 759; 770; 11; 7143; INTERNAL; 746; 769; 23; 131
INTERNAL; 772; 772; 0; 3488; INTERNAL; 760; 771; 11; 2724
INTERNAL; 773; 773; 0; 2731; INTERNAL; 759; 772; 13; 2728
INTERNAL; 776; 776; 0; 8125; INTERNAL; 759; 775; 16; 2738
INTERNAL; 776; 776; 0; 8125; INTERNAL; 759; 775; 16; 2737
INTERNAL; 759; 775; 16; 2737; INTERNAL; 751; 774; 23; 8510
INTERNAL; 776; 776; 0; 8125; INTERNAL; 760; 775; 15; 2736
INTERNAL; 777; 777; 0; 4363; INTERNAL; 759; 776; 17; 2743
INTERNAL; 778; 778; 0; 2749; INTERNAL; 759; 777; 18; 2744
INTERNAL; 779; 779; 0; 2750; INTERNAL; 759; 778; 19; 2747
INTERNAL; 780; 780; 0; 2752; INTERNAL; 759; 779; 20; 8370
INTERNAL; 759; 779; 20; 8370; INTERNAL; 755; 778; 23; 646
INTERNAL; 780; 780; 0; 2752; INTERNAL; 759; 779; 20; 5092
INTERNAL; 780; 780; 0; 2752; INTERNAL; 760; 779; 19; 6255
INTERNAL; 781; 781; 0; 2756; INTERNAL; 760; 780; 20; 9264
INTERNAL; 781; 781; 0; 2756; INTERNAL; 759; 780; 21; 2751
INTERNAL; 759; 780; 21; 2751; INTERNAL; 756; 779; 23; 124
INTERNAL; 791; 791; 0; 4105; INTERNAL; 783; 790; 7; 2786
INTERNAL; 783; 790; 7; 2786; INTERNAL; 766; 789; 23; 118
INTERNAL; 791; 791; 0; 4105; INTERNAL; 790; 790; 0; 2785
INTERNAL; 790; 790; 0; 2785; INTERNAL; 784; 789; 5; 3282
INTERNAL; 784; 789; 5; 3282; INTERNAL; 783; 788; 5; 475
INTERNAL; 783; 788; 5; 475; INTERNAL; 765; 787; 22; 7546
INTERNAL; 790; 790; 0; 2785; INTERNAL; 789; 789; 0; 2782
INTERNAL; 789; 789; 0; 2782; INTERNAL; 788; 788; 0; 2776
INTERNAL; 788; 788; 0; 2776; INTERNAL; 787; 787; 0; 6673
INTERNAL; 787; 787; 0; 6673; INTERNAL; 783; 786; 3; 2771
INTERNAL; 783; 786; 3; 2771; INTERNAL; 762; 785; 23; 1191
INTERNAL; 787; 787; 0; 6673; INTERNAL; 786; 786; 0; 2769
INTERNAL; 786; 786; 0; 2769; INTERNAL; 785; 785; 0; 2768
INTERNAL; 785; 785; 0; 2768; INTERNAL; 784; 784; 0; 2764
INTERNAL; 784; 784; 0; 2764; INTERNAL; 783; 783; 0; 4740
INTERNAL; 783; 783; 0; 4740; INTERNAL; 760; 782; 22; 2760
INTERNAL; 760; 782; 22; 2760; INTERNAL; 759; 781; 22; 2748
INTERNAL; 783; 783; 0; 4740; INTERNAL; 759; 782; 23; 3455
INTERNAL; 784; 784; 0; 2764; INTERNAL; 783; 783; 0; 123
INTERNAL; 784; 784; 0; 2764; INTERNAL; 783; 783; 0; 2849
INTERNAL; 784; 784; 0; 2764; INTERNAL; 783; 783; 0; 394
INTERNAL; 783; 783; 0; 394; INTERNAL; 2; 782; 780; 6644
INTERNAL; 2; 782; 780; 6644; INPUT; 1; 781; 780; 6809
INTERNAL; 783; 783; 0; 394; INTERNAL; 782; 782; 0; 5318
INTERNAL; 782; 782; 0; 5318; INTERNAL; 760; 781; 21; 3919
INTERNAL; 760; 781; 21; 3919; INTERNAL; 759; 780; 21; 121
INTERNAL; 760; 781; 21; 3919; INTERNAL; 2; 758; 756; 4702
INTERNAL; 783; 783; 0; 394; INTERNAL; 782; 782; 0; 122
INTERNAL; 785; 785; 0; 2768; INTERNAL; 784; 784; 0; 7123
INTERNAL; 784; 784; 0; 7123; INTERNAL; 783; 783; 0; 2762
INTERNAL; 785; 785; 0; 2768; INTERNAL; 783; 784; 1; 2765
INTERNAL; 785; 785; 0; 2768; INTERNAL; 783; 784; 1; 2766
INTERNAL; 783; 784; 1; 2766; INTERNAL; 760; 783; 23; 120
INTERNAL; 786; 786; 0; 2769; INTERNAL; 783; 785; 2; 8787
INTERNAL; 783; 785; 2; 8787; INTERNAL; 761; 782; 21; 3357
INTERNAL; 786; 786; 0; 2769; INTERNAL; 783; 785; 2; 6618
INTERNAL; 786; 786; 0; 2769; INTERNAL; 784; 785; 1; 8088
INTERNAL; 784; 785; 1; 8088; INTERNAL; 783; 784; 1; 7461
INTERNAL; 783; 784; 1; 7461; INTERNAL; 762; 783; 21; 8564
INTERNAL; 787; 787; 0; 6673; INTERNAL; 784; 786; 2; 6449
INTERNAL; 787; 787; 0; 6673; INTERNAL; 783; 786; 3; 7958
INTERNAL; 788; 788; 0; 2776; INTERNAL; 783; 787; 4; 2774
INTERNAL; 783; 787; 4; 2774; INTERNAL; 763; 784; 21; 1684
INTERNAL; 788; 788; 0; 2776; INTERNAL; 784; 787; 3; 7564
INTERNAL; 784; 787; 3; 7564; INTERNAL; 783; 786; 3; 119
INTERNAL; 783; 786; 3; 119; INTERNAL; 764; 785; 21; 5906
INTERNAL; 788; 788; 0; 2776; INTERNAL; 783; 787; 4; 2773
INTERNAL; 789; 789; 0; 2782; INTERNAL; 783; 788; 5; 2778
INTERNAL; 783; 788; 5; 2778; INTERNAL; 764; 787; 23; 2400
INTERNAL; 789; 789; 0; 2782; INTERNAL; 783; 788; 5; 2777
INTERNAL; 789; 789; 0; 2782; INTERNAL; 784; 788; 4; 2775
INTERNAL; 790; 790; 0; 2785; INTERNAL; 783; 789; 6; 2780
INTERNAL; 790; 790; 0; 2785; INTERNAL; 783; 789; 6; 9574
INTERNAL; 791; 791; 0; 4105; INTERNAL; 784; 790; 6; 2783
INTERNAL; 808; 816; 8; 2882; INTERNAL; 783; 791; 8; 6961
INTERNAL; 808; 816; 8; 2882; INTERNAL; 807; 807; 0; 4939
INTERNAL; 807; 807; 0; 4939; INTERNAL; 783; 806; 23; 5326
INTERNAL; 783; 806; 23; 5326; INTERNAL; 782; 805; 23; 3346
INTERNAL; 807; 807; 0; 4939; INTERNAL; 783; 806; 23; 7370
INTERNAL; 807; 807; 0; 4939; INTERNAL; 784; 806; 22; 2848
INTERNAL; 784; 806; 22; 2848; INTERNAL; 783; 804; 21; 105
INTERNAL; 783; 804; 21; 105; INTERNAL; 781; 803; 22; 9070
INTERNAL; 807; 807; 0; 4939; INTERNAL; 806; 806; 0; 2847
INTERNAL; 806; 806; 0; 2847; INTERNAL; 783; 805; 22; 4033
INTERNAL; 806; 806; 0; 2847; INTERNAL; 784; 805; 21; 2844
INTERNAL; 806; 806; 0; 2847; INTERNAL; 783; 805; 22; 8024
INTERNAL; 806; 806; 0; 2847; INTERNAL; 805; 805; 0; 2845
INTERNAL; 805; 805; 0; 2845; INTERNAL; 783; 804; 21; 2840
INTERNAL; 805; 805; 0; 2845; INTERNAL; 784; 804; 20; 2838
INTERNAL; 784; 804; 20; 2838; INTERNAL; 783; 802; 19; 108
INTERNAL; 783; 802; 19; 108; INTERNAL; 779; 801; 22; 107
INTERNAL; 805; 805; 0; 2845; INTERNAL; 804; 804; 0; 3052
INTERNAL; 804; 804; 0; 3052; INTERNAL; 784; 803; 19; 2834
INTERNAL; 804; 804; 0; 3052; INTERNAL; 783; 803; 20; 2837
INTERNAL; 804; 804; 0; 3052; INTERNAL; 783; 803; 20; 2835
INTERNAL; 804; 804; 0; 3052; INTERNAL; 803; 803; 0; 9139
INTERNAL; 803; 803; 0; 9139; INTERNAL; 783; 802; 19; 4554
INTERNAL; 803; 803; 0; 9139; INTERNAL; 784; 802; 18; 2831
INTERNAL; 784; 802; 18; 2831; INTERNAL; 783; 800; 17; 110
INTERNAL; 783; 800; 17; 110; INTERNAL; 777; 799; 22; 10039
INTERNAL; 803; 803; 0; 9139; INTERNAL; 802; 802; 0; 8676
INTERNAL; 802; 802; 0; 8676; INTERNAL; 783; 801; 18; 3652
INTERNAL; 802; 802; 0; 8676; INTERNAL; 783; 801; 18; 2827
INTERNAL; 802; 802; 0; 8676; INTERNAL; 801; 801; 0; 4162
INTERNAL; 801; 801; 0; 4162; INTERNAL; 783; 800; 17; 2824
INTERNAL; 801; 801; 0; 4162; INTERNAL; 800; 800; 0; 2823
INTERNAL; 800; 800; 0; 2823; INTERNAL; 783; 799; 16; 5822
INTERNAL; 800; 800; 0; 2823; INTERNAL; 799; 799; 0; 2822
INTERNAL; 799; 799; 0; 2822; INTERNAL; 783; 798; 15; 4046
INTERNAL; 799; 799; 0; 2822; INTERNAL; 784; 798; 14; 2817
INTERNAL; 784; 798; 14; 2817; INTERNAL; 783; 796; 13; 5548
INTERNAL; 783; 796; 13; 5548; INTERNAL; 773; 795; 22; 6669
INTERNAL; 799; 799; 0; 2822; INTERNAL; 798; 798; 0; 2818
INTERNAL; 798; 798; 0; 2818; INTERNAL; 784; 797; 13; 2813
INTERNAL; 798; 798; 0; 2818; INTERNAL; 783; 797; 14; 2814
INTERNAL; 798; 798; 0; 2818; INTERNAL; 797; 797; 0; 2815
INTERNAL; 797; 797; 0; 2815; INTERNAL; 796; 796; 0; 2811
INTERNAL; 796; 796; 0; 2811; INTERNAL; 783; 795; 12; 6102
INTERNAL; 796; 796; 0; 2811; INTERNAL; 795; 795; 0; 6596
INTERNAL; 795; 795; 0; 6596; INTERNAL; 784; 794; 10; 2797
INTERNAL; 784; 794; 10; 2797; INTERNAL; 783; 792; 9; 114
INTERNAL; 783; 792; 9; 114; INTERNAL; 769; 791; 22; 113
INTERNAL; 795; 795; 0; 6596; INTERNAL; 783; 794; 11; 5798
INTERNAL; 795; 795; 0; 6596; INTERNAL; 794; 794; 0; 2799
INTERNAL; 794; 794; 0; 2799; INTERNAL; 783; 793; 10; 6729
INTERNAL; 794; 794; 0; 2799; INTERNAL; 784; 793; 9; 2795
INTERNAL; 794; 794; 0; 2799; INTERNAL; 783; 793; 10; 3996
INTERNAL; 794; 794; 0; 2799; INTERNAL; 793; 793; 0; 2796
INTERNAL; 793; 793; 0; 2796; INTERNAL; 784; 792; 8; 8834
INTERNAL; 784; 792; 8; 8834; INTERNAL; 783; 790; 7; 117
INTERNAL; 783; 790; 7; 117; INTERNAL; 767; 789; 22; 115
INTERNAL; 793; 793; 0; 2796; INTERNAL; 783; 792; 9; 2792
INTERNAL; 783; 792; 9; 2792; INTERNAL; 768; 791; 23; 1225
INTERNAL; 793; 793; 0; 2796; INTERNAL; 792; 792; 0; 2789
INTERNAL; 792; 792; 0; 2789; INTERNAL; 783; 791; 8; 2787
INTERNAL; 792; 792; 0; 2789; INTERNAL; 784; 791; 7; 5012
INTERNAL; 793; 793; 0; 2796; INTERNAL; 783; 792; 9; 2791
INTERNAL; 795; 795; 0; 6596; INTERNAL; 783; 794; 11; 2801
INTERNAL; 783; 794; 11; 2801; INTERNAL; 770; 793; 23; 6532
INTERNAL; 796; 796; 0; 2811; INTERNAL; 784; 795; 11; 2803
INTERNAL; 784; 795; 11; 2803; INTERNAL; 783; 794; 11; 4396
INTERNAL; 783; 794; 11; 4396; INTERNAL; 771; 793; 22; 112
INTERNAL; 796; 796; 0; 2811; INTERNAL; 783; 795; 12; 2805
INTERNAL; 797; 797; 0; 2815; INTERNAL; 783; 796; 13; 2812
INTERNAL; 783; 796; 13; 2812; INTERNAL; 772; 795; 23; 4659
INTERNAL; 797; 797; 0; 2815; INTERNAL; 784; 796; 12; 2808
INTERNAL; 797; 797; 0; 2815; INTERNAL; 783; 796; 13; 7656
INTERNAL; 798; 798; 0; 2818; INTERNAL; 783; 797; 14; 5492
INTERNAL; 799; 799; 0; 2822; INTERNAL; 783; 798; 15; 2819
INTERNAL; 783; 798; 15; 2819; INTERNAL; 774; 797; 23; 1966
INTERNAL; 800; 800; 0; 2823; INTERNAL; 784; 799; 15; 2820
INTERNAL; 784; 799; 15; 2820; INTERNAL; 783; 798; 15; 304
INTERNAL; 783; 798; 15; 304; INTERNAL; 775; 797; 22; 111
INTERNAL; 800; 800; 0; 2823; INTERNAL; 783; 799; 16; 2821
INTERNAL; 801; 801; 0; 4162; INTERNAL; 784; 800; 16; 9373
INTERNAL; 801; 801; 0; 4162; INTERNAL; 783; 800; 17; 5693
INTERNAL; 783; 800; 17; 5693; INTERNAL; 776; 799; 23; 8537
INTERNAL; 802; 802; 0; 8676; INTERNAL; 784; 801; 17; 2826
INTERNAL; 803; 803; 0; 9139; INTERNAL; 783; 802; 19; 2833
INTERNAL; 783; 802; 19; 2833; INTERNAL; 778; 801; 23; 6813
INTERNAL; 805; 805; 0; 2845; INTERNAL; 783; 804; 21; 2843
INTERNAL; 783; 804; 21; 2843; INTERNAL; 780; 803; 23; 106
INTERNAL; 833; 842; 9; 2966; INTERNAL; 808; 816; 8; 2879
INTERNAL; 808; 816; 8; 2879; INTERNAL; 791; 815; 24; 9297
INTERNAL; 833; 842; 9; 2966; INTERNAL; 832; 832; 0; 2936
INTERNAL; 832; 832; 0; 2936; INTERNAL; 809; 831; 22; 3484
INTERNAL; 809; 831; 22; 3484; INTERNAL; 808; 829; 21; 89
INTERNAL; 832; 832; 0; 2936; INTERNAL; 808; 831; 23; 6356
INTERNAL; 808; 831; 23; 6356; INTERNAL; 806; 830; 24; 4070
INTERNAL; 832; 832; 0; 2936; INTERNAL; 831; 831; 0; 2932
INTERNAL; 831; 831; 0; 2932; INTERNAL; 808; 830; 22; 2930
INTERNAL; 831; 831; 0; 2932; INTERNAL; 809; 830; 21; 7652
INTERNAL; 831; 831; 0; 2932; INTERNAL; 830; 830; 0; 3683
INTERNAL; 830; 830; 0; 3683; INTERNAL; 829; 829; 0; 2927
INTERNAL; 829; 829; 0; 2927; INTERNAL; 808; 828; 20; 2921
INTERNAL; 829; 829; 0; 2927; INTERNAL; 808; 828; 20; 4910
INTERNAL; 808; 828; 20; 4910; INTERNAL; 803; 827; 24; 91
INTERNAL; 829; 829; 0; 2927; INTERNAL; 809; 828; 19; 7838
INTERNAL; 809; 828; 19; 7838; INTERNAL; 808; 827; 19; 92
INTERNAL; 829; 829; 0; 2927; INTERNAL; 828; 828; 0; 2924
INTERNAL; 828; 828; 0; 2924; INTERNAL; 808; 827; 19; 2920
INTERNAL; 828; 828; 0; 2924; INTERNAL; 827; 827; 0; 8055
INTERNAL; 827; 827; 0; 8055; INTERNAL; 809; 826; 17; 9994
INTERNAL; 809; 826; 17; 9994; INTERNAL; 808; 825; 17; 1540
INTERNAL; 827; 827; 0; 8055; INTERNAL; 826; 826; 0; 7660
INTERNAL; 826; 826; 0; 7660; INTERNAL; 825; 825; 0; 3522
INTERNAL; 825; 825; 0; 3522; INTERNAL; 809; 824; 15; 2912
INTERNAL; 809; 824; 15; 2912; INTERNAL; 808; 823; 15; 94
INTERNAL; 825; 825; 0; 3522; INTERNAL; 808; 824; 16; 8565
INTERNAL; 825; 825; 0; 3522; INTERNAL; 824; 824; 0; 4769
INTERNAL; 824; 824; 0; 4769; INTERNAL; 809; 823; 14; 2908
INTERNAL; 809; 823; 14; 2908; INTERNAL; 808; 821; 13; 96
INTERNAL; 824; 824; 0; 4769; INTERNAL; 808; 823; 15; 2911
INTERNAL; 824; 824; 0; 4769; INTERNAL; 823; 823; 0; 5966
INTERNAL; 823; 823; 0; 5966; INTERNAL; 808; 822; 14; 3578
INTERNAL; 823; 823; 0; 5966; INTERNAL; 822; 822; 0; 2907
INTERNAL; 822; 822; 0; 2907; INTERNAL; 808; 821; 13; 7588
INTERNAL; 822; 822; 0; 2907; INTERNAL; 821; 821; 0; 2903
INTERNAL; 821; 821; 0; 2903; INTERNAL; 820; 820; 0; 2900
INTERNAL; 820; 820; 0; 2900; INTERNAL; 809; 819; 10; 2894
INTERNAL; 809; 819; 10; 2894; INTERNAL; 808; 817; 9; 99
INTERNAL; 820; 820; 0; 2900; INTERNAL; 808; 819; 11; 3039
INTERNAL; 820; 820; 0; 2900; INTERNAL; 808; 819; 11; 2895
INTERNAL; 808; 819; 11; 2895; INTERNAL; 794; 818; 24; 98
INTERNAL; 820; 820; 0; 2900; INTERNAL; 819; 819; 0; 6820
INTERNAL; 819; 819; 0; 6820; INTERNAL; 808; 818; 10; 2891
INTERNAL; 819; 819; 0; 6820; INTERNAL; 808; 818; 10; 2889
INTERNAL; 808; 818; 10; 2889; INTERNAL; 793; 817; 24; 139
INTERNAL; 819; 819; 0; 6820; INTERNAL; 809; 818; 9; 2888
INTERNAL; 819; 819; 0; 6820; INTERNAL; 818; 818; 0; 2892
INTERNAL; 818; 818; 0; 2892; INTERNAL; 817; 817; 0; 2886
INTERNAL; 817; 817; 0; 2886; INTERNAL; 809; 816; 7; 2877
INTERNAL; 809; 816; 7; 2877; INTERNAL; 808; 815; 7; 100
INTERNAL; 817; 817; 0; 2886; INTERNAL; 816; 816; 0; 2885
INTERNAL; 816; 816; 0; 2885; INTERNAL; 808; 815; 7; 5010
INTERNAL; 816; 816; 0; 2885; INTERNAL; 808; 815; 7; 2876
INTERNAL; 808; 815; 7; 2876; INTERNAL; 790; 814; 24; 2746
INTERNAL; 816; 816; 0; 2885; INTERNAL; 815; 815; 0; 2875
INTERNAL; 815; 815; 0; 2875; INTERNAL; 808; 814; 6; 2872
INTERNAL; 808; 814; 6; 2872; INTERNAL; 789; 813; 24; 725
INTERNAL; 815; 815; 0; 2875; INTERNAL; 808; 814; 6; 4282
INTERNAL; 815; 815; 0; 2875; INTERNAL; 814; 814; 0; 5806
INTERNAL; 814; 814; 0; 5806; INTERNAL; 808; 813; 5; 6198
INTERNAL; 814; 814; 0; 5806; INTERNAL; 813; 813; 0; 2870
INTERNAL; 813; 813; 0; 2870; INTERNAL; 808; 812; 4; 2864
INTERNAL; 808; 812; 4; 2864; INTERNAL; 787; 811; 24; 3679
INTERNAL; 813; 813; 0; 2870; INTERNAL; 808; 812; 4; 2866
INTERNAL; 813; 813; 0; 2870; INTERNAL; 809; 812; 3; 2861
INTERNAL; 809; 812; 3; 2861; INTERNAL; 808; 811; 3; 102
INTERNAL; 813; 813; 0; 2870; INTERNAL; 812; 812; 0; 2868
INTERNAL; 812; 812; 0; 2868; INTERNAL; 808; 811; 3; 2860
INTERNAL; 812; 812; 0; 2868; INTERNAL; 808; 811; 3; 6832
INTERNAL; 808; 811; 3; 6832; INTERNAL; 787; 810; 23; 5397
INTERNAL; 787; 810; 23; 5397; INTERNAL; 786; 808; 22; 3127
INTERNAL; 812; 812; 0; 2868; INTERNAL; 809; 811; 2; 2858
INTERNAL; 809; 811; 2; 2858; INTERNAL; 808; 809; 1; 104
INTERNAL; 812; 812; 0; 2868; INTERNAL; 811; 811; 0; 2859
INTERNAL; 811; 811; 0; 2859; INTERNAL; 809; 810; 1; 2855
INTERNAL; 811; 811; 0; 2859; INTERNAL; 808; 810; 2; 2857
INTERNAL; 811; 811; 0; 2859; INTERNAL; 810; 810; 0; 7452
INTERNAL; 810; 810; 0; 7452; INTERNAL; 808; 809; 1; 7257
INTERNAL; 810; 810; 0; 7452; INTERNAL; 809; 809; 0; 7006
INTERNAL; 809; 809; 0; 7006; INTERNAL; 808; 808; 0; 2851
INTERNAL; 808; 808; 0; 2851; INTERNAL; 784; 807; 23; 2850
INTERNAL; 810; 810; 0; 7452; INTERNAL; 809; 809; 0; 2854
INTERNAL; 809; 809; 0; 2854; INTERNAL; 808; 808; 0; 2935
INTERNAL; 808; 808; 0; 2935; INTERNAL; 807; 807; 0; 8500
INTERNAL; 808; 808; 0; 2935; INTERNAL; 2; 807; 805; 10010
INTERNAL; 2; 807; 805; 10010; INPUT; 1; 806; 805; 10133
INTERNAL; 808; 808; 0; 2935; INTERNAL; 807; 807; 0; 4096
INTERNAL; 807; 807; 0; 4096; INTERNAL; 783; 806; 23; 4408
INTERNAL; 809; 809; 0; 2854; INTERNAL; 808; 808; 0; 5844
INTERNAL; 809; 809; 0; 2854; INTERNAL; 808; 808; 0; 7860
INTERNAL; 809; 809; 0; 2854; INTERNAL; 808; 808; 0; 2725
INTERNAL; 810; 810; 0; 7452; INTERNAL; 808; 809; 1; 9433
INTERNAL; 808; 809; 1; 9433; INTERNAL; 785; 808; 23; 4652
INTERNAL; 811; 811; 0; 2859; INTERNAL; 808; 810; 2; 4594
INTERNAL; 808; 810; 2; 4594; INTERNAL; 785; 809; 24; 103
INTERNAL; 814; 814; 0; 5806; INTERNAL; 808; 813; 5; 2871
INTERNAL; 808; 813; 5; 2871; INTERNAL; 788; 812; 24; 101
INTERNAL; 814; 814; 0; 5806; INTERNAL; 809; 813; 4; 2869
INTERNAL; 815; 815; 0; 2875; INTERNAL; 809; 814; 5; 4756
INTERNAL; 809; 814; 5; 4756; INTERNAL; 808; 813; 5; 1850
INTERNAL; 816; 816; 0; 2885; INTERNAL; 809; 815; 6; 2874
INTERNAL; 818; 818; 0; 2892; INTERNAL; 809; 817; 8; 9798
INTERNAL; 818; 818; 0; 2892; INTERNAL; 808; 817; 9; 5242
INTERNAL; 818; 818; 0; 2892; INTERNAL; 808; 817; 9; 2887
INTERNAL; 808; 817; 9; 2887; INTERNAL; 792; 816; 24; 4156
INTERNAL; 821; 821; 0; 2903; INTERNAL; 808; 820; 12; 2899
INTERNAL; 821; 821; 0; 2903; INTERNAL; 808; 820; 12; 2898
INTERNAL; 808; 820; 12; 2898; INTERNAL; 795; 819; 24; 9430
INTERNAL; 821; 821; 0; 2903; INTERNAL; 809; 820; 11; 4066
INTERNAL; 809; 820; 11; 4066; INTERNAL; 808; 819; 11; 7723
INTERNAL; 822; 822; 0; 2907; INTERNAL; 808; 821; 13; 2905
INTERNAL; 808; 821; 13; 2905; INTERNAL; 796; 820; 24; 97
INTERNAL; 822; 822; 0; 2907; INTERNAL; 809; 821; 12; 2902
INTERNAL; 823; 823; 0; 5966; INTERNAL; 808; 822; 14; 8505
INTERNAL; 808; 822; 14; 8505; INTERNAL; 797; 821; 24; 95
INTERNAL; 823; 823; 0; 5966; INTERNAL; 809; 822; 13; 2906
INTERNAL; 824; 824; 0; 4769; INTERNAL; 808; 823; 15; 2909
INTERNAL; 808; 823; 15; 2909; INTERNAL; 798; 822; 24; 4591
INTERNAL; 825; 825; 0; 3522; INTERNAL; 808; 824; 16; 2914
INTERNAL; 808; 824; 16; 2914; INTERNAL; 799; 823; 24; 1890
INTERNAL; 826; 826; 0; 7660; INTERNAL; 809; 825; 16; 2917
INTERNAL; 826; 826; 0; 7660; INTERNAL; 808; 825; 17; 2918
INTERNAL; 826; 826; 0; 7660; INTERNAL; 808; 825; 17; 4859
INTERNAL; 808; 825; 17; 4859; INTERNAL; 800; 824; 24; 1090
INTERNAL; 827; 827; 0; 8055; INTERNAL; 808; 826; 18; 9941
INTERNAL; 827; 827; 0; 8055; INTERNAL; 808; 826; 18; 2919
INTERNAL; 808; 826; 18; 2919; INTERNAL; 801; 825; 24; 2878
INTERNAL; 828; 828; 0; 2924; INTERNAL; 808; 827; 19; 9133
INTERNAL; 808; 827; 19; 9133; INTERNAL; 802; 826; 24; 93
INTERNAL; 828; 828; 0; 2924; INTERNAL; 809; 827; 18; 9854
INTERNAL; 830; 830; 0; 3683; INTERNAL; 808; 829; 21; 4625
INTERNAL; 830; 830; 0; 3683; INTERNAL; 808; 829; 21; 2928
INTERNAL; 808; 829; 21; 2928; INTERNAL; 804; 828; 24; 90
INTERNAL; 830; 830; 0; 3683; INTERNAL; 809; 829; 20; 2925
INTERNAL; 831; 831; 0; 2932; INTERNAL; 808; 830; 22; 2929
INTERNAL; 808; 830; 22; 2929; INTERNAL; 805; 829; 24; 8908
INTERNAL; 832; 832; 0; 2936; INTERNAL; 809; 831; 22; 2933
INTERNAL; 809; 831; 22; 2933; INTERNAL; 808; 830; 22; 88
INTERNAL; 808; 830; 22; 88; INTERNAL; 807; 829; 22; 4477
INTERNAL; 832; 832; 0; 2936; INTERNAL; 808; 831; 23; 2931
INTERNAL; 843; 858; 15; 617; INTERNAL; 834; 842; 8; 9540
INTERNAL; 834; 842; 8; 9540; INTERNAL; 833; 840; 7; 81
INTERNAL; 843; 858; 15; 617; INTERNAL; 842; 842; 0; 7741
INTERNAL; 842; 842; 0; 7741; INTERNAL; 833; 841; 8; 2964
INTERNAL; 833; 841; 8; 2964; INTERNAL; 816; 840; 24; 459
INTERNAL; 842; 842; 0; 7741; INTERNAL; 834; 841; 7; 2963
INTERNAL; 842; 842; 0; 7741; INTERNAL; 833; 841; 8; 9613
INTERNAL; 842; 842; 0; 7741; INTERNAL; 841; 841; 0; 2965
INTERNAL; 841; 841; 0; 2965; INTERNAL; 833; 840; 7; 2961
INTERNAL; 841; 841; 0; 2965; INTERNAL; 834; 840; 6; 2957
INTERNAL; 834; 840; 6; 2957; INTERNAL; 833; 838; 5; 568
INTERNAL; 841; 841; 0; 2965; INTERNAL; 833; 840; 7; 3579
INTERNAL; 833; 840; 7; 3579; INTERNAL; 815; 839; 24; 469
INTERNAL; 841; 841; 0; 2965; INTERNAL; 840; 840; 0; 2959
INTERNAL; 840; 840; 0; 2959; INTERNAL; 833; 839; 6; 2952
INTERNAL; 840; 840; 0; 2959; INTERNAL; 839; 839; 0; 2954
INTERNAL; 839; 839; 0; 2954; INTERNAL; 833; 838; 5; 2951
INTERNAL; 833; 838; 5; 2951; INTERNAL; 813; 836; 23; 3256
INTERNAL; 839; 839; 0; 2954; INTERNAL; 833; 838; 5; 3392
INTERNAL; 833; 838; 5; 3392; INTERNAL; 814; 837; 23; 82
INTERNAL; 839; 839; 0; 2954; INTERNAL; 834; 838; 4; 5653
INTERNAL; 834; 838; 4; 5653; INTERNAL; 833; 836; 3; 83
INTERNAL; 839; 839; 0; 2954; INTERNAL; 838; 838; 0; 2949
INTERNAL; 838; 838; 0; 2949; INTERNAL; 837; 837; 0; 5667
INTERNAL; 837; 837; 0; 5667; INTERNAL; 834; 836; 2; 2944
INTERNAL; 834; 836; 2; 2944; INTERNAL; 833; 834; 1; 85
INTERNAL; 837; 837; 0; 5667; INTERNAL; 836; 836; 0; 4168
INTERNAL; 836; 836; 0; 4168; INTERNAL; 834; 835; 1; 3331
INTERNAL; 836; 836; 0; 4168; INTERNAL; 833; 835; 2; 5158
INTERNAL; 833; 835; 2; 5158; INTERNAL; 810; 834; 24; 1534
INTERNAL; 836; 836; 0; 4168; INTERNAL; 833; 835; 2; 2943
INTERNAL; 836; 836; 0; 4168; INTERNAL; 835; 835; 0; 9729
INTERNAL; 835; 835; 0; 9729; INTERNAL; 833; 834; 1; 2941
INTERNAL; 833; 834; 1; 2941; INTERNAL; 810; 833; 23; 6032
INTERNAL; 810; 833; 23; 6032; INTERNAL; 809; 832; 23; 2828
INTERNAL; 835; 835; 0; 9729; INTERNAL; 834; 834; 0; 2940
INTERNAL; 834; 834; 0; 2940; INTERNAL; 833; 833; 0; 8641
INTERNAL; 835; 835; 0; 9729; INTERNAL; 834; 834; 0; 2939
INTERNAL; 834; 834; 0; 2939; INTERNAL; 833; 833; 0; 7240
INTERNAL; 834; 834; 0; 2939; INTERNAL; 833; 833; 0; 86
INTERNAL; 833; 833; 0; 86; INPUT; 1; 832; 831; 9142
INTERNAL; 834; 834; 0; 2939; INTERNAL; 833; 833; 0; 687
INTERNAL; 834; 834; 0; 2939; INTERNAL; 833; 833; 0; 87
INTERNAL; 835; 835; 0; 9729; INTERNAL; 833; 834; 1; 9290
INTERNAL; 837; 837; 0; 5667; INTERNAL; 833; 836; 3; 2945
INTERNAL; 833; 836; 3; 2945; INTERNAL; 811; 834; 23; 84
INTERNAL; 837; 837; 0; 5667; INTERNAL; 833; 836; 3; 2946
INTERNAL; 833; 836; 3; 2946; INTERNAL; 812; 835; 23; 1396
INTERNAL; 838; 838; 0; 2949; INTERNAL; 834; 837; 3; 2947
INTERNAL; 838; 838; 0; 2949; INTERNAL; 833; 837; 4; 6730
INTERNAL; 833; 837; 4; 6730; INTERNAL; 812; 836; 24; 501
INTERNAL; 838; 838; 0; 2949; INTERNAL; 833; 837; 4; 2948
INTERNAL; 840; 840; 0; 2959; INTERNAL; 833; 839; 6; 2953
INTERNAL; 833; 839; 6; 2953; INTERNAL; 814; 838; 24; 2753
INTERNAL; 840; 840; 0; 2959; INTERNAL; 834; 839; 5; 7873
INTERNAL; 859; 859; 0; 60; INTERNAL; 833; 842; 9; 2968
INTERNAL; 833; 842; 9; 2968; INTERNAL; 817; 841; 24; 2118
INTERNAL; 859; 859; 0; 60; INTERNAL; 858; 858; 0; 5998
INTERNAL; 858; 858; 0; 5998; INTERNAL; 833; 857; 24; 9271
INTERNAL; 858; 858; 0; 5998; INTERNAL; 857; 857; 0; 5801
INTERNAL; 857; 857; 0; 5801; INTERNAL; 833; 856; 23; 3009
INTERNAL; 857; 857; 0; 5801; INTERNAL; 856; 856; 0; 9991
INTERNAL; 856; 856; 0; 9991; INTERNAL; 834; 855; 21; 8278
INTERNAL; 834; 855; 21; 8278; INTERNAL; 833; 854; 21; 76
INTERNAL; 856; 856; 0; 9991; INTERNAL; 833; 855; 22; 4091
INTERNAL; 833; 855; 22; 4091; INTERNAL; 830; 854; 24; 3020
INTERNAL; 856; 856; 0; 9991; INTERNAL; 855; 855; 0; 6592
INTERNAL; 855; 855; 0; 6592; INTERNAL; 833; 854; 21; 7341
INTERNAL; 855; 855; 0; 6592; INTERNAL; 834; 854; 20; 3007
INTERNAL; 834; 854; 20; 3007; INTERNAL; 833; 852; 19; 3266
INTERNAL; 855; 855; 0; 6592; INTERNAL; 833; 854; 21; 8013
INTERNAL; 833; 854; 21; 8013; INTERNAL; 829; 853; 24; 193
INTERNAL; 855; 855; 0; 6592; INTERNAL; 854; 854; 0; 3008
INTERNAL; 854; 854; 0; 3008; INTERNAL; 833; 853; 20; 3004
INTERNAL; 833; 853; 20; 3004; INTERNAL; 828; 852; 24; 5291
INTERNAL; 854; 854; 0; 3008; INTERNAL; 834; 853; 19; 3002
INTERNAL; 854; 854; 0; 3008; INTERNAL; 833; 853; 20; 3003
INTERNAL; 854; 854; 0; 3008; INTERNAL; 853; 853; 0; 3006
INTERNAL; 853; 853; 0; 3006; INTERNAL; 852; 852; 0; 2999
INTERNAL; 852; 852; 0; 2999; INTERNAL; 833; 851; 18; 5629
INTERNAL; 833; 851; 18; 5629; INTERNAL; 826; 850; 24; 576
INTERNAL; 852; 852; 0; 2999; INTERNAL; 833; 851; 18; 2997
INTERNAL; 852; 852; 0; 2999; INTERNAL; 851; 851; 0; 2998
INTERNAL; 851; 851; 0; 2998; INTERNAL; 834; 850; 16; 7649
INTERNAL; 834; 850; 16; 7649; INTERNAL; 833; 848; 15; 1067
INTERNAL; 851; 851; 0; 2998; INTERNAL; 850; 850; 0; 7144
INTERNAL; 850; 850; 0; 7144; INTERNAL; 834; 849; 15; 2990
INTERNAL; 850; 850; 0; 7144; INTERNAL; 833; 849; 16; 2995
INTERNAL; 833; 849; 16; 2995; INTERNAL; 824; 848; 24; 9912
INTERNAL; 850; 850; 0; 7144; INTERNAL; 833; 849; 16; 2993
INTERNAL; 850; 850; 0; 7144; INTERNAL; 849; 849; 0; 8264
INTERNAL; 849; 849; 0; 8264; INTERNAL; 848; 848; 0; 5963
INTERNAL; 848; 848; 0; 5963; INTERNAL; 833; 847; 14; 2987
INTERNAL; 833; 847; 14; 2987; INTERNAL; 822; 846; 24; 4872
INTERNAL; 848; 848; 0; 5963; INTERNAL; 834; 847; 13; 6406
INTERNAL; 834; 847; 13; 6406; INTERNAL; 833; 846; 13; 77
INTERNAL; 848; 848; 0; 5963; INTERNAL; 833; 847; 14; 9287
INTERNAL; 848; 848; 0; 5963; INTERNAL; 847; 847; 0; 3421
INTERNAL; 847; 847; 0; 3421; INTERNAL; 833; 846; 13; 2985
INTERNAL; 833; 846; 13; 2985; INTERNAL; 821; 845; 24; 78
INTERNAL; 847; 847; 0; 3421; INTERNAL; 834; 846; 12; 2981
INTERNAL; 834; 846; 12; 2981; INTERNAL; 833; 844; 11; 80
INTERNAL; 847; 847; 0; 3421; INTERNAL; 833; 846; 13; 2984
INTERNAL; 847; 847; 0; 3421; INTERNAL; 846; 846; 0; 2983
INTERNAL; 846; 846; 0; 2983; INTERNAL; 833; 845; 12; 5878
INTERNAL; 846; 846; 0; 2983; INTERNAL; 834; 845; 11; 2979
INTERNAL; 846; 846; 0; 2983; INTERNAL; 845; 845; 0; 2980
INTERNAL; 845; 845; 0; 2980; INTERNAL; 834; 844; 10; 2974
INTERNAL; 834; 844; 10; 2974; INTERNAL; 833; 842; 9; 4384
INTERNAL; 845; 845; 0; 2980; INTERNAL; 833; 844; 11; 2976
INTERNAL; 845; 845; 0; 2980; INTERNAL; 844; 844; 0; 2975
INTERNAL; 844; 844; 0; 2975; INTERNAL; 833; 843; 10; 2971
INTERNAL; 844; 844; 0; 2975; INTERNAL; 833; 843; 10; 9572
INTERNAL; 833; 843; 10; 9572; INTERNAL; 818; 842; 24; 1077
INTERNAL; 844; 844; 0; 2975; INTERNAL; 834; 843; 9; 2969
INTERNAL; 844; 844; 0; 2975; INTERNAL; 843; 843; 0; 2972
INTERNAL; 845; 845; 0; 2980; INTERNAL; 833; 844; 11; 2977
INTERNAL; 833; 844; 11; 2977; INTERNAL; 819; 843; 24; 9000
INTERNAL; 846; 846; 0; 2983; INTERNAL; 833; 845; 12; 6034
INTERNAL; 833; 845; 12; 6034; INTERNAL; 820; 844; 24; 79
INTERNAL; 849; 849; 0; 8264; INTERNAL; 833; 848; 15; 7260
INTERNAL; 833; 848; 15; 7260; INTERNAL; 823; 847; 24; 9927
INTERNAL; 849; 849; 0; 8264; INTERNAL; 834; 848; 14; 4442
INTERNAL; 849; 849; 0; 8264; INTERNAL; 833; 848; 15; 2988
INTERNAL; 851; 851; 0; 2998; INTERNAL; 833; 850; 17; 8612
INTERNAL; 851; 851; 0; 2998; INTERNAL; 833; 850; 17; 6497
INTERNAL; 833; 850; 17; 6497; INTERNAL; 825; 849; 24; 4230
INTERNAL; 852; 852; 0; 2999; INTERNAL; 834; 851; 17; 2996
INTERNAL; 834; 851; 17; 2996; INTERNAL; 833; 850; 17; 6684
INTERNAL; 853; 853; 0; 3006; INTERNAL; 833; 852; 19; 3000
INTERNAL; 853; 853; 0; 3006; INTERNAL; 834; 852; 18; 6879
INTERNAL; 853; 853; 0; 3006; INTERNAL; 833; 852; 19; 3001
INTERNAL; 833; 852; 19; 3001; INTERNAL; 827; 851; 24; 2327
INTERNAL; 856; 856; 0; 9991; INTERNAL; 833; 855; 22; 9707
INTERNAL; 857; 857; 0; 5801; INTERNAL; 833; 856; 23; 7816
INTERNAL; 833; 856; 23; 7816; INTERNAL; 831; 855; 24; 4999
INTERNAL; 857; 857; 0; 5801; INTERNAL; 834; 856; 22; 4177
INTERNAL; 858; 858; 0; 5998; INTERNAL; 833; 857; 24; 6140
INTERNAL; 833; 857; 24; 6140; INTERNAL; 832; 856; 24; 2711
UNKNOWN; -1; -1; -1; -1; OUTPUT; 6; 860; 854; 6297
OUTPUT; 6; 860; 854; 6297; INTERNAL; 5; 859; 854; 5931
UNKNOWN; -1; -1; -1; -1; OUTPUT; 189; 860; 671; 31
UNKNOWN; -1; -1; -1; -1; OUTPUT; 46; 860; 814; 28
UNKNOWN; -1; -1; -1; -1; OUTPUT; 860; 860; 0; 5409
OUTPUT; 860; 860; 0; 5409; INTERNAL; 859; 859; 0; 4985
UNKNOWN; -1; -1; -1; -1; OUTPUT; 860; 860; 0; 9739
OUTPUT; 860; 860; 0; 9739; INTERNAL; 859; 859; 0; 3011
UNKNOWN; -1; -1; -1; -1; OUTPUT; 860; 860; 0; 1568
OUTPUT; 860; 860; 0; 1568; INTERNAL; 859; 859; 0; 51
UNKNOWN; -1; -1; -1; -1; OUTPUT; 597; 860; 263; 42
UNKNOWN; -1; -1; -1; -1; OUTPUT; 859; 860; 1; 1184
OUTPUT; 859; 860; 1; 1184; INTERNAL; 858; 859; 1; 46
UNKNOWN; -1; -1; -1; -1; OUTPUT; 228; 860; 632; 33
UNKNOWN; -1; -1; -1; -1; OUTPUT; 809; 860; 51; 44
OUTPUT; 809; 860; 51; 44; INTERNAL; 808; 808; 0; 4125
INTERNAL; 808; 808; 0; 4125; INTERNAL; 807; 807; 0; 5002
INTERNAL; 807; 807; 0; 5002; INTERNAL; 783; 806; 23; 3677
INTERNAL; 783; 806; 23; 3677; INTERNAL; 759; 781; 22; 8371
INTERNAL; 759; 781; 22; 8371; INTERNAL; 758; 758; 0; 4848
INTERNAL; 758; 758; 0; 4848; INTERNAL; 734; 757; 23; 5327
INTERNAL; 734; 757; 23; 5327; INTERNAL; 733; 756; 23; 10068
INTERNAL; 733; 756; 23; 10068; INTERNAL; 711; 732; 21; 5076
INTERNAL; 711; 732; 21; 5076; INTERNAL; 687; 708; 21; 5683
INTERNAL; 687; 708; 21; 5683; INTERNAL; 686; 686; 0; 6561
INTERNAL; 686; 686; 0; 6561; INTERNAL; 685; 685; 0; 6564
INTERNAL; 685; 685; 0; 6564; INTERNAL; 664; 684; 20; 3562
INTERNAL; 664; 684; 20; 3562; INTERNAL; 663; 663; 0; 5428
INTERNAL; 663; 663; 0; 5428; INTERNAL; 662; 662; 0; 5481
INTERNAL; 662; 662; 0; 5481; INTERNAL; 641; 661; 20; 6624
INTERNAL; 641; 661; 20; 6624; INTERNAL; 638; 638; 0; 6733
INTERNAL; 638; 638; 0; 6733; INTERNAL; 637; 637; 0; 5626
INTERNAL; 637; 637; 0; 5626; INTERNAL; 619; 636; 17; 5830
INTERNAL; 637; 637; 0; 5626; INTERNAL; 620; 636; 16; 6861
INTERNAL; 620; 636; 16; 6861; INTERNAL; 619; 635; 16; 9881
INTERNAL; 619; 635; 16; 9881; INTERNAL; 615; 634; 19; 9882
INTERNAL; 615; 634; 19; 9882; INTERNAL; 614; 633; 19; 9880
INTERNAL; 637; 637; 0; 5626; INTERNAL; 620; 636; 16; 6857
INTERNAL; 637; 637; 0; 5626; INTERNAL; 636; 636; 0; 5347
INTERNAL; 636; 636; 0; 5347; INTERNAL; 620; 635; 15; 6278
INTERNAL; 620; 635; 15; 6278; INTERNAL; 619; 633; 14; 8776
INTERNAL; 619; 633; 14; 8776; INTERNAL; 613; 632; 19; 5540
INTERNAL; 636; 636; 0; 5347; INTERNAL; 619; 635; 16; 4813
INTERNAL; 636; 636; 0; 5347; INTERNAL; 619; 635; 16; 6254
INTERNAL; 636; 636; 0; 5347; INTERNAL; 635; 635; 0; 6547
INTERNAL; 635; 635; 0; 6547; INTERNAL; 619; 634; 15; 5698
INTERNAL; 619; 634; 15; 5698; INTERNAL; 613; 633; 20; 3489
INTERNAL; 613; 633; 20; 3489; INTERNAL; 612; 632; 20; 9877
INTERNAL; 635; 635; 0; 6547; INTERNAL; 634; 634; 0; 6864
INTERNAL; 634; 634; 0; 6864; INTERNAL; 620; 633; 13; 8198
INTERNAL; 620; 633; 13; 8198; INTERNAL; 619; 631; 12; 9872
INTERNAL; 619; 631; 12; 9872; INTERNAL; 611; 630; 19; 9874
INTERNAL; 634; 634; 0; 6864; INTERNAL; 619; 633; 14; 6872
INTERNAL; 634; 634; 0; 6864; INTERNAL; 633; 633; 0; 9446
INTERNAL; 633; 633; 0; 9446; INTERNAL; 619; 632; 13; 5413
INTERNAL; 633; 633; 0; 9446; INTERNAL; 620; 632; 12; 6821
INTERNAL; 633; 633; 0; 9446; INTERNAL; 619; 632; 13; 6889
INTERNAL; 619; 632; 13; 6889; INTERNAL; 611; 631; 20; 6251
INTERNAL; 611; 631; 20; 6251; INTERNAL; 610; 630; 20; 5892
INTERNAL; 633; 633; 0; 9446; INTERNAL; 632; 632; 0; 6047
INTERNAL; 632; 632; 0; 6047; INTERNAL; 619; 631; 12; 5007
INTERNAL; 632; 632; 0; 6047; INTERNAL; 620; 631; 11; 6905
INTERNAL; 620; 631; 11; 6905; INTERNAL; 619; 629; 10; 5138
INTERNAL; 619; 629; 10; 5138; INTERNAL; 609; 628; 19; 9327
INTERNAL; 632; 632; 0; 6047; INTERNAL; 631; 631; 0; 6797
INTERNAL; 631; 631; 0; 6797; INTERNAL; 630; 630; 0; 6913
INTERNAL; 630; 630; 0; 6913; INTERNAL; 619; 629; 10; 6925
INTERNAL; 630; 630; 0; 6913; INTERNAL; 620; 629; 9; 3276
INTERNAL; 620; 629; 9; 3276; INTERNAL; 619; 627; 8; 8348
INTERNAL; 619; 627; 8; 8348; INTERNAL; 607; 626; 19; 4628
INTERNAL; 630; 630; 0; 6913; INTERNAL; 629; 629; 0; 6951
INTERNAL; 629; 629; 0; 6951; INTERNAL; 619; 628; 9; 6928
INTERNAL; 619; 628; 9; 6928; INTERNAL; 607; 627; 20; 10014
INTERNAL; 607; 627; 20; 10014; INTERNAL; 606; 626; 20; 9870
INTERNAL; 629; 629; 0; 6951; INTERNAL; 619; 628; 9; 6205
INTERNAL; 629; 629; 0; 6951; INTERNAL; 628; 628; 0; 6927
INTERNAL; 628; 628; 0; 6927; INTERNAL; 619; 627; 8; 7011
INTERNAL; 628; 628; 0; 6927; INTERNAL; 621; 627; 6; 6939
INTERNAL; 621; 627; 6; 6939; INTERNAL; 620; 625; 5; 9863
INTERNAL; 620; 625; 5; 9863; INTERNAL; 619; 624; 5; 6983
INTERNAL; 619; 624; 5; 6983; INTERNAL; 605; 623; 18; 9868
INTERNAL; 620; 625; 5; 9863; INTERNAL; 619; 624; 5; 6084
INTERNAL; 628; 628; 0; 6927; INTERNAL; 619; 627; 8; 6435
INTERNAL; 628; 628; 0; 6927; INTERNAL; 627; 627; 0; 6935
INTERNAL; 627; 627; 0; 6935; INTERNAL; 626; 626; 0; 6851
INTERNAL; 626; 626; 0; 6851; INTERNAL; 620; 625; 5; 6634
INTERNAL; 620; 625; 5; 6634; INTERNAL; 619; 623; 4; 3515
INTERNAL; 619; 623; 4; 3515; INTERNAL; 603; 622; 19; 4533
INTERNAL; 626; 626; 0; 6851; INTERNAL; 625; 625; 0; 4738
INTERNAL; 625; 625; 0; 4738; INTERNAL; 619; 624; 5; 7019
INTERNAL; 619; 624; 5; 7019; INTERNAL; 603; 623; 20; 6334
INTERNAL; 603; 623; 20; 6334; INTERNAL; 602; 622; 20; 7812
INTERNAL; 625; 625; 0; 4738; INTERNAL; 624; 624; 0; 5340
INTERNAL; 624; 624; 0; 5340; INTERNAL; 619; 623; 4; 5772
INTERNAL; 624; 624; 0; 5340; INTERNAL; 619; 623; 4; 6109
INTERNAL; 624; 624; 0; 5340; INTERNAL; 620; 623; 3; 6176
INTERNAL; 620; 623; 3; 6176; INTERNAL; 619; 621; 2; 9856
INTERNAL; 619; 621; 2; 9856; INTERNAL; 601; 620; 19; 9857
INTERNAL; 624; 624; 0; 5340; INTERNAL; 623; 623; 0; 6969
INTERNAL; 623; 623; 0; 6969; INTERNAL; 619; 622; 3; 5437
INTERNAL; 619; 622; 3; 5437; INTERNAL; 601; 621; 20; 8710
INTERNAL; 601; 621; 20; 8710; INTERNAL; 600; 620; 20; 8814
INTERNAL; 623; 623; 0; 6969; INTERNAL; 622; 622; 0; 6972
INTERNAL; 622; 622; 0; 6972; INTERNAL; 620; 621; 1; 5016
INTERNAL; 620; 621; 1; 5016; INTERNAL; 619; 619; 0; 3494
INTERNAL; 619; 619; 0; 3494; INTERNAL; 599; 618; 19; 8142
INTERNAL; 622; 622; 0; 6972; INTERNAL; 619; 621; 2; 6974
INTERNAL; 622; 622; 0; 6972; INTERNAL; 619; 621; 2; 6560
INTERNAL; 622; 622; 0; 6972; INTERNAL; 621; 621; 0; 4712
INTERNAL; 621; 621; 0; 4712; INTERNAL; 620; 620; 0; 5579
INTERNAL; 621; 621; 0; 4712; INTERNAL; 619; 620; 1; 6986
INTERNAL; 619; 620; 1; 6986; INTERNAL; 599; 619; 20; 7234
INTERNAL; 599; 619; 20; 7234; INTERNAL; 598; 618; 20; 4540
INTERNAL; 621; 621; 0; 4712; INTERNAL; 620; 620; 0; 8789
INTERNAL; 620; 620; 0; 8789; INTERNAL; 619; 619; 0; 5130
INTERNAL; 619; 619; 0; 5130; INTERNAL; 597; 618; 21; 7683
INTERNAL; 620; 620; 0; 8789; INTERNAL; 619; 619; 0; 6991
INTERNAL; 619; 619; 0; 6991; INTERNAL; 618; 618; 0; 9852
INTERNAL; 619; 619; 0; 6991; INTERNAL; 618; 618; 0; 6384
INTERNAL; 618; 618; 0; 6384; INTERNAL; 597; 617; 20; 7435
INTERNAL; 619; 619; 0; 6991; INTERNAL; 618; 618; 0; 6041
INTERNAL; 620; 620; 0; 8789; INTERNAL; 619; 619; 0; 5082
INTERNAL; 619; 619; 0; 5082; INTERNAL; 597; 618; 21; 4237
INTERNAL; 620; 620; 0; 8789; INTERNAL; 619; 619; 0; 9776
INTERNAL; 620; 620; 0; 8789; INTERNAL; 619; 619; 0; 5584
INTERNAL; 620; 620; 0; 8789; INTERNAL; 619; 619; 0; 5960
INTERNAL; 621; 621; 0; 4712; INTERNAL; 619; 620; 1; 6978
INTERNAL; 623; 623; 0; 6969; INTERNAL; 619; 622; 3; 7025
INTERNAL; 623; 623; 0; 6969; INTERNAL; 620; 622; 2; 5217
INTERNAL; 625; 625; 0; 4738; INTERNAL; 619; 624; 5; 6958
INTERNAL; 625; 625; 0; 4738; INTERNAL; 620; 624; 4; 9806
INTERNAL; 626; 626; 0; 6851; INTERNAL; 619; 625; 6; 6942
INTERNAL; 619; 625; 6; 6942; INTERNAL; 604; 624; 20; 9860
INTERNAL; 626; 626; 0; 6851; INTERNAL; 620; 625; 5; 6946
INTERNAL; 620; 625; 5; 6946; INTERNAL; 619; 624; 5; 9859
INTERNAL; 626; 626; 0; 6851; INTERNAL; 620; 625; 5; 5974
INTERNAL; 627; 627; 0; 6935; INTERNAL; 619; 626; 7; 3449
INTERNAL; 619; 626; 7; 3449; INTERNAL; 605; 625; 20; 6011
INTERNAL; 627; 627; 0; 6935; INTERNAL; 621; 626; 5; 5445
INTERNAL; 627; 627; 0; 6935; INTERNAL; 619; 626; 7; 6977
INTERNAL; 629; 629; 0; 6951; INTERNAL; 620; 628; 8; 4829
INTERNAL; 630; 630; 0; 6913; INTERNAL; 619; 629; 10; 4656
INTERNAL; 619; 629; 10; 4656; INTERNAL; 608; 628; 20; 6117
INTERNAL; 631; 631; 0; 6797; INTERNAL; 619; 630; 11; 6345
INTERNAL; 631; 631; 0; 6797; INTERNAL; 620; 630; 10; 7154
INTERNAL; 631; 631; 0; 6797; INTERNAL; 619; 630; 11; 6918
INTERNAL; 619; 630; 11; 6918; INTERNAL; 609; 629; 20; 8854
INTERNAL; 632; 632; 0; 6047; INTERNAL; 619; 631; 12; 5843
INTERNAL; 634; 634; 0; 6864; INTERNAL; 619; 633; 14; 6492
INTERNAL; 635; 635; 0; 6547; INTERNAL; 619; 634; 15; 6554
INTERNAL; 635; 635; 0; 6547; INTERNAL; 620; 634; 14; 6866
INTERNAL; 637; 637; 0; 5626; INTERNAL; 620; 636; 16; 9693
INTERNAL; 620; 636; 16; 9693; INTERNAL; 619; 635; 16; 3200
INTERNAL; 619; 635; 16; 3200; INTERNAL; 615; 634; 19; 9883
INTERNAL; 638; 638; 0; 6733; INTERNAL; 620; 637; 17; 8329
INTERNAL; 638; 638; 0; 6733; INTERNAL; 619; 637; 18; 9546
INTERNAL; 638; 638; 0; 6733; INTERNAL; 619; 637; 18; 6208
INTERNAL; 641; 661; 20; 6624; INTERNAL; 640; 640; 0; 4983
INTERNAL; 640; 640; 0; 4983; INTERNAL; 620; 639; 19; 5181
INTERNAL; 620; 639; 19; 5181; INTERNAL; 619; 637; 18; 9886
INTERNAL; 619; 637; 18; 9886; INTERNAL; 617; 636; 19; 9835
INTERNAL; 640; 640; 0; 4983; INTERNAL; 639; 639; 0; 8932
INTERNAL; 639; 639; 0; 8932; INTERNAL; 620; 638; 18; 5197
INTERNAL; 620; 638; 18; 5197; INTERNAL; 619; 637; 18; 9884
INTERNAL; 619; 637; 18; 9884; INTERNAL; 616; 636; 20; 6767
INTERNAL; 639; 639; 0; 8932; INTERNAL; 619; 638; 19; 6542
INTERNAL; 639; 639; 0; 8932; INTERNAL; 620; 638; 18; 6432
INTERNAL; 639; 639; 0; 8932; INTERNAL; 620; 638; 18; 6847
INTERNAL; 640; 640; 0; 4983; INTERNAL; 619; 639; 20; 6326
INTERNAL; 662; 662; 0; 5481; INTERNAL; 661; 661; 0; 6698
INTERNAL; 661; 661; 0; 6698; INTERNAL; 641; 660; 19; 3823
INTERNAL; 661; 661; 0; 6698; INTERNAL; 660; 660; 0; 3198
INTERNAL; 660; 660; 0; 3198; INTERNAL; 641; 659; 18; 5232
INTERNAL; 660; 660; 0; 3198; INTERNAL; 659; 659; 0; 8250
INTERNAL; 659; 659; 0; 8250; INTERNAL; 642; 658; 16; 5054
INTERNAL; 642; 658; 16; 5054; INTERNAL; 641; 656; 15; 9913
INTERNAL; 641; 656; 15; 9913; INTERNAL; 635; 655; 20; 9915
INTERNAL; 659; 659; 0; 8250; INTERNAL; 641; 658; 17; 6350
INTERNAL; 641; 658; 17; 6350; INTERNAL; 637; 657; 20; 9918
INTERNAL; 637; 657; 20; 9918; INTERNAL; 636; 656; 20; 7292
INTERNAL; 659; 659; 0; 8250; INTERNAL; 641; 658; 17; 8167
INTERNAL; 659; 659; 0; 8250; INTERNAL; 658; 658; 0; 5523
INTERNAL; 658; 658; 0; 5523; INTERNAL; 641; 657; 16; 6711
INTERNAL; 658; 658; 0; 5523; INTERNAL; 642; 657; 15; 7366
INTERNAL; 658; 658; 0; 5523; INTERNAL; 657; 657; 0; 6835
INTERNAL; 657; 657; 0; 6835; INTERNAL; 641; 656; 15; 6446
INTERNAL; 657; 657; 0; 6835; INTERNAL; 642; 656; 14; 4590
INTERNAL; 642; 656; 14; 4590; INTERNAL; 641; 654; 13; 9909
INTERNAL; 641; 654; 13; 9909; INTERNAL; 633; 653; 20; 7208
INTERNAL; 657; 657; 0; 6835; INTERNAL; 641; 656; 15; 5730
INTERNAL; 641; 656; 15; 5730; INTERNAL; 634; 655; 21; 9911
INTERNAL; 657; 657; 0; 6835; INTERNAL; 656; 656; 0; 6718
INTERNAL; 656; 656; 0; 6718; INTERNAL; 655; 655; 0; 6044
INTERNAL; 655; 655; 0; 6044; INTERNAL; 654; 654; 0; 6726
INTERNAL; 654; 654; 0; 6726; INTERNAL; 642; 653; 11; 6916
INTERNAL; 642; 653; 11; 6916; INTERNAL; 641; 652; 11; 3154
INTERNAL; 641; 652; 11; 3154; INTERNAL; 632; 651; 19; 9906
INTERNAL; 632; 651; 19; 9906; INTERNAL; 631; 650; 19; 9908
INTERNAL; 654; 654; 0; 6726; INTERNAL; 641; 653; 12; 6737
INTERNAL; 654; 654; 0; 6726; INTERNAL; 653; 653; 0; 6498
INTERNAL; 653; 653; 0; 6498; INTERNAL; 652; 652; 0; 7627
INTERNAL; 652; 652; 0; 7627; INTERNAL; 641; 651; 10; 3998
INTERNAL; 652; 652; 0; 7627; INTERNAL; 651; 651; 0; 6528
INTERNAL; 651; 651; 0; 6528; INTERNAL; 650; 650; 0; 9123
INTERNAL; 650; 650; 0; 9123; INTERNAL; 641; 649; 8; 4703
INTERNAL; 641; 649; 8; 4703; INTERNAL; 627; 646; 19; 9127
INTERNAL; 650; 650; 0; 9123; INTERNAL; 641; 649; 8; 3290
INTERNAL; 650; 650; 0; 9123; INTERNAL; 649; 649; 0; 6292
INTERNAL; 649; 649; 0; 6292; INTERNAL; 648; 648; 0; 4724
INTERNAL; 648; 648; 0; 4724; INTERNAL; 642; 647; 5; 9431
INTERNAL; 642; 647; 5; 9431; INTERNAL; 641; 646; 5; 9898
INTERNAL; 641; 646; 5; 9898; INTERNAL; 626; 645; 19; 5617
INTERNAL; 626; 645; 19; 5617; INTERNAL; 625; 644; 19; 9385
INTERNAL; 648; 648; 0; 4724; INTERNAL; 647; 647; 0; 6781
INTERNAL; 647; 647; 0; 6781; INTERNAL; 642; 646; 4; 6315
INTERNAL; 642; 646; 4; 6315; INTERNAL; 641; 644; 3; 4232
INTERNAL; 641; 644; 3; 4232; INTERNAL; 624; 643; 19; 7767
INTERNAL; 624; 643; 19; 7767; INTERNAL; 623; 642; 19; 3483
INTERNAL; 647; 647; 0; 6781; INTERNAL; 641; 646; 5; 6735
INTERNAL; 641; 646; 5; 6735; INTERNAL; 624; 645; 21; 3855
INTERNAL; 647; 647; 0; 6781; INTERNAL; 646; 646; 0; 5903
INTERNAL; 646; 646; 0; 5903; INTERNAL; 641; 645; 4; 6800
INTERNAL; 646; 646; 0; 5903; INTERNAL; 645; 645; 0; 6790
INTERNAL; 645; 645; 0; 6790; INTERNAL; 641; 644; 3; 6518
INTERNAL; 641; 644; 3; 6518; INTERNAL; 622; 643; 21; 3445
INTERNAL; 645; 645; 0; 6790; INTERNAL; 642; 644; 2; 5818
INTERNAL; 642; 644; 2; 5818; INTERNAL; 641; 642; 1; 9892
INTERNAL; 641; 642; 1; 9892; INTERNAL; 622; 641; 19; 9897
INTERNAL; 622; 641; 19; 9897; INTERNAL; 621; 640; 19; 3414
INTERNAL; 645; 645; 0; 6790; INTERNAL; 644; 644; 0; 5935
INTERNAL; 644; 644; 0; 5935; INTERNAL; 641; 643; 2; 7014
INTERNAL; 644; 644; 0; 5935; INTERNAL; 643; 643; 0; 4807
INTERNAL; 643; 643; 0; 4807; INTERNAL; 642; 642; 0; 5223
INTERNAL; 642; 642; 0; 5223; INTERNAL; 641; 641; 0; 9525
INTERNAL; 641; 641; 0; 9525; INTERNAL; 640; 640; 0; 9888
INTERNAL; 642; 642; 0; 5223; INTERNAL; 641; 641; 0; 3133
INTERNAL; 642; 642; 0; 5223; INTERNAL; 641; 641; 0; 8762
INTERNAL; 641; 641; 0; 8762; INTERNAL; 619; 640; 21; 6837
INTERNAL; 641; 641; 0; 8762; INTERNAL; 619; 640; 21; 6836
INTERNAL; 641; 641; 0; 8762; INTERNAL; 619; 640; 21; 7361
INTERNAL; 642; 642; 0; 5223; INTERNAL; 641; 641; 0; 5665
INTERNAL; 643; 643; 0; 4807; INTERNAL; 641; 642; 1; 4715
INTERNAL; 641; 642; 1; 4715; INTERNAL; 620; 641; 21; 3430
INTERNAL; 641; 642; 1; 4715; INTERNAL; 619; 641; 22; 9891
INTERNAL; 643; 643; 0; 4807; INTERNAL; 642; 642; 0; 5670
INTERNAL; 642; 642; 0; 5670; INTERNAL; 641; 641; 0; 9336
INTERNAL; 643; 643; 0; 4807; INTERNAL; 641; 642; 1; 5171
INTERNAL; 641; 642; 1; 5171; INTERNAL; 619; 641; 22; 4557
INTERNAL; 644; 644; 0; 5935; INTERNAL; 641; 643; 2; 5625
INTERNAL; 644; 644; 0; 5935; INTERNAL; 642; 643; 1; 9701
INTERNAL; 645; 645; 0; 6790; INTERNAL; 641; 644; 3; 6827
INTERNAL; 646; 646; 0; 5903; INTERNAL; 641; 645; 4; 6181
INTERNAL; 646; 646; 0; 5903; INTERNAL; 642; 645; 3; 6814
INTERNAL; 647; 647; 0; 6781; INTERNAL; 641; 646; 5; 4374
INTERNAL; 648; 648; 0; 4724; INTERNAL; 641; 647; 6; 4774
INTERNAL; 648; 648; 0; 4724; INTERNAL; 641; 647; 6; 6786
INTERNAL; 649; 649; 0; 6292; INTERNAL; 642; 648; 6; 6305
INTERNAL; 649; 649; 0; 6292; INTERNAL; 641; 648; 7; 6770
INTERNAL; 641; 648; 7; 6770; INTERNAL; 626; 647; 21; 9900
INTERNAL; 649; 649; 0; 6292; INTERNAL; 641; 648; 7; 6776
INTERNAL; 650; 650; 0; 9123; INTERNAL; 642; 649; 7; 3621
INTERNAL; 642; 649; 7; 3621; INTERNAL; 641; 648; 7; 7868
INTERNAL; 641; 648; 7; 7868; INTERNAL; 620; 647; 27; 7225
INTERNAL; 641; 648; 7; 7868; INTERNAL; 628; 647; 19; 6964
INTERNAL; 651; 651; 0; 6528; INTERNAL; 641; 650; 9; 4810
INTERNAL; 641; 650; 9; 4810; INTERNAL; 628; 649; 21; 9903
INTERNAL; 651; 651; 0; 6528; INTERNAL; 641; 650; 9; 6766
INTERNAL; 651; 651; 0; 6528; INTERNAL; 642; 650; 8; 6769
INTERNAL; 652; 652; 0; 7627; INTERNAL; 641; 651; 10; 5996
INTERNAL; 641; 651; 10; 5996; INTERNAL; 629; 648; 19; 3757
INTERNAL; 652; 652; 0; 7627; INTERNAL; 642; 651; 9; 6755
INTERNAL; 642; 651; 9; 6755; INTERNAL; 641; 650; 9; 8531
INTERNAL; 641; 650; 9; 8531; INTERNAL; 630; 649; 19; 4844
INTERNAL; 653; 653; 0; 6498; INTERNAL; 641; 652; 11; 6738
INTERNAL; 641; 652; 11; 6738; INTERNAL; 630; 651; 21; 9905
INTERNAL; 653; 653; 0; 6498; INTERNAL; 642; 652; 10; 6746
INTERNAL; 653; 653; 0; 6498; INTERNAL; 641; 652; 11; 5407
INTERNAL; 654; 654; 0; 6726; INTERNAL; 641; 653; 12; 6731
INTERNAL; 655; 655; 0; 6044; INTERNAL; 642; 654; 12; 6365
INTERNAL; 655; 655; 0; 6044; INTERNAL; 641; 654; 13; 6557
INTERNAL; 641; 654; 13; 6557; INTERNAL; 632; 653; 21; 5485
INTERNAL; 655; 655; 0; 6044; INTERNAL; 641; 654; 13; 5928
INTERNAL; 656; 656; 0; 6718; INTERNAL; 641; 655; 14; 6444
INTERNAL; 656; 656; 0; 6718; INTERNAL; 641; 655; 14; 6600
INTERNAL; 656; 656; 0; 6718; INTERNAL; 642; 655; 13; 7266
INTERNAL; 658; 658; 0; 5523; INTERNAL; 641; 657; 16; 6709
INTERNAL; 660; 660; 0; 3198; INTERNAL; 642; 659; 17; 6703
INTERNAL; 642; 659; 17; 6703; INTERNAL; 641; 658; 17; 9376
INTERNAL; 641; 658; 17; 9376; INTERNAL; 637; 657; 20; 3975
INTERNAL; 660; 660; 0; 3198; INTERNAL; 641; 659; 18; 5159
INTERNAL; 661; 661; 0; 6698; INTERNAL; 641; 660; 19; 4216
INTERNAL; 641; 660; 19; 4216; INTERNAL; 638; 659; 21; 5611
INTERNAL; 661; 661; 0; 6698; INTERNAL; 642; 660; 18; 5572
INTERNAL; 662; 662; 0; 5481; INTERNAL; 642; 661; 19; 6940
INTERNAL; 642; 661; 19; 6940; INTERNAL; 641; 660; 19; 6801
INTERNAL; 641; 660; 19; 6801; INTERNAL; 639; 659; 20; 8029
INTERNAL; 662; 662; 0; 5481; INTERNAL; 641; 661; 20; 5298
INTERNAL; 663; 663; 0; 5428; INTERNAL; 642; 662; 20; 6693
INTERNAL; 663; 663; 0; 5428; INTERNAL; 641; 662; 21; 5898
INTERNAL; 641; 662; 21; 5898; INTERNAL; 640; 661; 21; 8310
INTERNAL; 663; 663; 0; 5428; INTERNAL; 641; 662; 21; 6696
INTERNAL; 685; 685; 0; 6564; INTERNAL; 665; 684; 19; 4601
INTERNAL; 665; 684; 19; 4601; INTERNAL; 664; 683; 19; 9661
INTERNAL; 664; 683; 19; 9661; INTERNAL; 662; 682; 20; 9951
INTERNAL; 685; 685; 0; 6564; INTERNAL; 664; 684; 20; 6373
INTERNAL; 685; 685; 0; 6564; INTERNAL; 684; 684; 0; 6569
INTERNAL; 684; 684; 0; 6569; INTERNAL; 664; 683; 19; 6573
INTERNAL; 684; 684; 0; 6569; INTERNAL; 683; 683; 0; 6174
INTERNAL; 683; 683; 0; 6174; INTERNAL; 664; 682; 18; 6017
INTERNAL; 683; 683; 0; 6174; INTERNAL; 664; 682; 18; 7709
INTERNAL; 683; 683; 0; 6174; INTERNAL; 682; 682; 0; 6888
INTERNAL; 682; 682; 0; 6888; INTERNAL; 665; 681; 16; 10077
INTERNAL; 665; 681; 16; 10077; INTERNAL; 664; 679; 15; 9949
INTERNAL; 664; 679; 15; 9949; INTERNAL; 658; 678; 20; 9134
INTERNAL; 682; 682; 0; 6888; INTERNAL; 681; 681; 0; 3575
INTERNAL; 681; 681; 0; 3575; INTERNAL; 680; 680; 0; 6594
INTERNAL; 680; 680; 0; 6594; INTERNAL; 664; 679; 15; 7050
INTERNAL; 680; 680; 0; 6594; INTERNAL; 664; 679; 15; 4801
INTERNAL; 664; 679; 15; 4801; INTERNAL; 657; 678; 21; 9947
INTERNAL; 680; 680; 0; 6594; INTERNAL; 679; 679; 0; 7465
INTERNAL; 679; 679; 0; 7465; INTERNAL; 664; 678; 14; 6507
INTERNAL; 679; 679; 0; 7465; INTERNAL; 664; 678; 14; 4903
INTERNAL; 679; 679; 0; 7465; INTERNAL; 678; 678; 0; 9744
INTERNAL; 678; 678; 0; 9744; INTERNAL; 677; 677; 0; 5163
INTERNAL; 677; 677; 0; 5163; INTERNAL; 676; 676; 0; 5053
INTERNAL; 676; 676; 0; 5053; INTERNAL; 665; 675; 10; 3952
INTERNAL; 665; 675; 10; 3952; INTERNAL; 664; 673; 9; 9935
INTERNAL; 664; 673; 9; 9935; INTERNAL; 652; 672; 20; 9937
INTERNAL; 676; 676; 0; 5053; INTERNAL; 664; 675; 11; 5993
INTERNAL; 676; 676; 0; 5053; INTERNAL; 675; 675; 0; 5478
INTERNAL; 675; 675; 0; 5478; INTERNAL; 664; 674; 10; 4322
INTERNAL; 675; 675; 0; 5478; INTERNAL; 664; 674; 10; 5250
INTERNAL; 675; 675; 0; 5478; INTERNAL; 674; 674; 0; 6645
INTERNAL; 674; 674; 0; 6645; INTERNAL; 664; 673; 9; 6425
INTERNAL; 664; 673; 9; 6425; INTERNAL; 651; 672; 21; 9934
INTERNAL; 674; 674; 0; 6645; INTERNAL; 665; 673; 8; 7541
INTERNAL; 665; 673; 8; 7541; INTERNAL; 664; 671; 7; 3663
INTERNAL; 664; 671; 7; 3663; INTERNAL; 650; 670; 20; 7653
INTERNAL; 674; 674; 0; 6645; INTERNAL; 673; 673; 0; 6653
INTERNAL; 673; 673; 0; 6653; INTERNAL; 672; 672; 0; 5399
INTERNAL; 672; 672; 0; 5399; INTERNAL; 665; 671; 6; 5792
INTERNAL; 665; 671; 6; 5792; INTERNAL; 664; 669; 5; 3166
INTERNAL; 664; 669; 5; 3166; INTERNAL; 648; 668; 20; 3817
INTERNAL; 672; 672; 0; 5399; INTERNAL; 664; 671; 7; 6396
INTERNAL; 672; 672; 0; 5399; INTERNAL; 664; 671; 7; 6788
INTERNAL; 664; 671; 7; 6788; INTERNAL; 649; 670; 21; 9932
INTERNAL; 672; 672; 0; 5399; INTERNAL; 671; 671; 0; 6829
INTERNAL; 671; 671; 0; 6829; INTERNAL; 664; 670; 6; 5087
INTERNAL; 671; 671; 0; 6829; INTERNAL; 670; 670; 0; 5084
INTERNAL; 670; 670; 0; 5084; INTERNAL; 664; 669; 5; 5515
INTERNAL; 664; 669; 5; 5515; INTERNAL; 647; 668; 21; 7455
INTERNAL; 670; 670; 0; 5084; INTERNAL; 664; 669; 5; 4893
INTERNAL; 670; 670; 0; 5084; INTERNAL; 665; 669; 4; 4530
INTERNAL; 665; 669; 4; 4530; INTERNAL; 664; 667; 3; 8488
INTERNAL; 664; 667; 3; 8488; INTERNAL; 647; 666; 19; 4093
INTERNAL; 647; 666; 19; 4093; INTERNAL; 646; 665; 19; 9931
INTERNAL; 670; 670; 0; 5084; INTERNAL; 669; 669; 0; 8737
INTERNAL; 669; 669; 0; 8737; INTERNAL; 664; 668; 4; 9442
INTERNAL; 669; 669; 0; 8737; INTERNAL; 668; 668; 0; 3527
INTERNAL; 668; 668; 0; 3527; INTERNAL; 664; 667; 3; 4295
INTERNAL; 668; 668; 0; 3527; INTERNAL; 665; 667; 2; 6679
INTERNAL; 665; 667; 2; 6679; INTERNAL; 664; 665; 1; 9929
INTERNAL; 664; 665; 1; 9929; INTERNAL; 645; 664; 19; 7737
INTERNAL; 645; 664; 19; 7737; INTERNAL; 644; 663; 19; 3940
INTERNAL; 668; 668; 0; 3527; INTERNAL; 667; 667; 0; 6678
INTERNAL; 667; 667; 0; 6678; INTERNAL; 664; 666; 2; 6654
INTERNAL; 667; 667; 0; 6678; INTERNAL; 666; 666; 0; 6706
INTERNAL; 666; 666; 0; 6706; INTERNAL; 665; 665; 0; 6687
INTERNAL; 665; 665; 0; 6687; INTERNAL; 664; 664; 0; 6689
INTERNAL; 664; 664; 0; 6689; INTERNAL; 643; 663; 20; 4823
INTERNAL; 643; 663; 20; 4823; INTERNAL; 642; 662; 20; 9920
INTERNAL; 664; 664; 0; 6689; INTERNAL; 642; 663; 21; 5535
INTERNAL; 666; 666; 0; 6706; INTERNAL; 664; 665; 1; 6633
INTERNAL; 664; 665; 1; 6633; INTERNAL; 643; 664; 21; 9928
INTERNAL; 666; 666; 0; 6706; INTERNAL; 664; 665; 1; 6984
INTERNAL; 666; 666; 0; 6706; INTERNAL; 665; 665; 0; 3642
INTERNAL; 665; 665; 0; 3642; INTERNAL; 664; 664; 0; 5186
INTERNAL; 665; 665; 0; 3642; INTERNAL; 664; 664; 0; 9922
INTERNAL; 665; 665; 0; 3642; INTERNAL; 664; 664; 0; 4340
INTERNAL; 665; 665; 0; 3642; INTERNAL; 664; 664; 0; 8791
INTERNAL; 664; 664; 0; 8791; INTERNAL; 663; 663; 0; 7510
INTERNAL; 663; 663; 0; 7510; INTERNAL; 642; 662; 20; 7501
INTERNAL; 642; 662; 20; 7501; INTERNAL; 641; 661; 20; 9924
INTERNAL; 664; 664; 0; 8791; INTERNAL; 663; 663; 0; 5669
INTERNAL; 667; 667; 0; 6678; INTERNAL; 665; 666; 1; 6685
INTERNAL; 667; 667; 0; 6678; INTERNAL; 664; 666; 2; 6683
INTERNAL; 668; 668; 0; 3527; INTERNAL; 664; 667; 3; 5406
INTERNAL; 664; 667; 3; 5406; INTERNAL; 645; 666; 21; 7082
INTERNAL; 669; 669; 0; 8737; INTERNAL; 665; 668; 3; 6638
INTERNAL; 669; 669; 0; 8737; INTERNAL; 664; 668; 4; 5280
INTERNAL; 671; 671; 0; 6829; INTERNAL; 664; 670; 6; 6067
INTERNAL; 671; 671; 0; 6829; INTERNAL; 665; 670; 5; 5133
INTERNAL; 673; 673; 0; 6653; INTERNAL; 665; 672; 7; 5019
INTERNAL; 673; 673; 0; 6653; INTERNAL; 664; 672; 8; 5310
INTERNAL; 673; 673; 0; 6653; INTERNAL; 664; 672; 8; 7121
INTERNAL; 674; 674; 0; 6645; INTERNAL; 664; 673; 9; 7790
INTERNAL; 675; 675; 0; 5478; INTERNAL; 665; 674; 9; 5439
INTERNAL; 676; 676; 0; 5053; INTERNAL; 664; 675; 11; 6631
INTERNAL; 664; 675; 11; 6631; INTERNAL; 653; 674; 21; 9940
INTERNAL; 677; 677; 0; 5163; INTERNAL; 664; 676; 12; 4129
INTERNAL; 664; 676; 12; 4129; INTERNAL; 654; 673; 19; 9946
INTERNAL; 677; 677; 0; 5163; INTERNAL; 665; 676; 11; 6846
INTERNAL; 665; 676; 11; 6846; INTERNAL; 664; 675; 11; 6500
INTERNAL; 664; 675; 11; 6500; INTERNAL; 655; 674; 19; 9942
INTERNAL; 677; 677; 0; 5163; INTERNAL; 664; 676; 12; 7905
INTERNAL; 678; 678; 0; 9744; INTERNAL; 665; 677; 12; 6622
INTERNAL; 678; 678; 0; 9744; INTERNAL; 664; 677; 13; 7934
INTERNAL; 664; 677; 13; 7934; INTERNAL; 655; 676; 21; 4268
INTERNAL; 678; 678; 0; 9744; INTERNAL; 664; 677; 13; 6614
INTERNAL; 679; 679; 0; 7465; INTERNAL; 665; 678; 13; 6613
INTERNAL; 665; 678; 13; 6613; INTERNAL; 664; 677; 13; 7551
INTERNAL; 664; 677; 13; 7551; INTERNAL; 656; 676; 20; 5951
INTERNAL; 680; 680; 0; 6594; INTERNAL; 665; 679; 14; 5212
INTERNAL; 681; 681; 0; 3575; INTERNAL; 664; 680; 16; 6602
INTERNAL; 681; 681; 0; 3575; INTERNAL; 665; 680; 15; 9128
INTERNAL; 681; 681; 0; 3575; INTERNAL; 664; 680; 16; 6727
INTERNAL; 682; 682; 0; 6888; INTERNAL; 664; 681; 17; 6409
INTERNAL; 664; 681; 17; 6409; INTERNAL; 659; 680; 21; 8621
INTERNAL; 682; 682; 0; 6888; INTERNAL; 664; 681; 17; 6586
INTERNAL; 683; 683; 0; 6174; INTERNAL; 665; 682; 17; 5376
INTERNAL; 665; 682; 17; 5376; INTERNAL; 664; 681; 17; 5141
INTERNAL; 664; 681; 17; 5141; INTERNAL; 660; 680; 20; 5359
INTERNAL; 684; 684; 0; 6569; INTERNAL; 664; 683; 19; 6553
INTERNAL; 664; 683; 19; 6553; INTERNAL; 661; 682; 21; 9950
INTERNAL; 684; 684; 0; 6569; INTERNAL; 665; 683; 18; 6575
INTERNAL; 686; 686; 0; 6561; INTERNAL; 664; 685; 21; 6566
INTERNAL; 664; 685; 21; 6566; INTERNAL; 663; 684; 21; 9953
INTERNAL; 686; 686; 0; 6561; INTERNAL; 664; 685; 21; 3144
INTERNAL; 686; 686; 0; 6561; INTERNAL; 665; 685; 20; 6563
INTERNAL; 687; 708; 21; 5683; INTERNAL; 685; 707; 22; 9926
INTERNAL; 711; 732; 21; 5076; INTERNAL; 708; 708; 0; 4283
INTERNAL; 708; 708; 0; 4283; INTERNAL; 688; 707; 19; 3076
INTERNAL; 688; 707; 19; 3076; INTERNAL; 687; 706; 19; 9989
INTERNAL; 708; 708; 0; 4283; INTERNAL; 707; 707; 0; 4953
INTERNAL; 707; 707; 0; 4953; INTERNAL; 687; 706; 19; 5095
INTERNAL; 687; 706; 19; 5095; INTERNAL; 683; 705; 22; 9988
INTERNAL; 707; 707; 0; 4953; INTERNAL; 706; 706; 0; 6374
INTERNAL; 706; 706; 0; 6374; INTERNAL; 705; 705; 0; 6389
INTERNAL; 705; 705; 0; 6389; INTERNAL; 687; 704; 17; 6397
INTERNAL; 687; 704; 17; 6397; INTERNAL; 681; 703; 22; 7587
INTERNAL; 705; 705; 0; 6389; INTERNAL; 687; 704; 17; 5947
INTERNAL; 705; 705; 0; 6389; INTERNAL; 688; 704; 16; 3537
INTERNAL; 688; 704; 16; 3537; INTERNAL; 687; 702; 15; 8484
INTERNAL; 705; 705; 0; 6389; INTERNAL; 704; 704; 0; 7164
INTERNAL; 704; 704; 0; 7164; INTERNAL; 703; 703; 0; 5057
INTERNAL; 703; 703; 0; 5057; INTERNAL; 702; 702; 0; 5973
INTERNAL; 702; 702; 0; 5973; INTERNAL; 701; 701; 0; 6415
INTERNAL; 701; 701; 0; 6415; INTERNAL; 688; 700; 12; 6705
INTERNAL; 688; 700; 12; 6705; INTERNAL; 687; 698; 11; 3563
INTERNAL; 687; 698; 11; 3563; INTERNAL; 677; 697; 20; 9979
INTERNAL; 701; 701; 0; 6415; INTERNAL; 700; 700; 0; 6430
INTERNAL; 700; 700; 0; 6430; INTERNAL; 687; 699; 12; 6796
INTERNAL; 687; 699; 12; 6796; INTERNAL; 676; 698; 22; 9902
INTERNAL; 700; 700; 0; 6430; INTERNAL; 687; 699; 12; 6431
INTERNAL; 700; 700; 0; 6430; INTERNAL; 699; 699; 0; 6589
INTERNAL; 699; 699; 0; 6589; INTERNAL; 698; 698; 0; 5985
INTERNAL; 698; 698; 0; 5985; INTERNAL; 687; 697; 10; 7040
INTERNAL; 687; 697; 10; 7040; INTERNAL; 674; 696; 22; 7630
INTERNAL; 698; 698; 0; 5985; INTERNAL; 688; 697; 9; 5497
INTERNAL; 688; 697; 9; 5497; INTERNAL; 687; 696; 9; 8757
INTERNAL; 698; 698; 0; 5985; INTERNAL; 697; 697; 0; 5603
INTERNAL; 697; 697; 0; 5603; INTERNAL; 688; 696; 8; 6469
INTERNAL; 688; 696; 8; 6469; INTERNAL; 687; 694; 7; 9971
INTERNAL; 697; 697; 0; 5603; INTERNAL; 687; 696; 9; 5098
INTERNAL; 697; 697; 0; 5603; INTERNAL; 696; 696; 0; 8179
INTERNAL; 696; 696; 0; 8179; INTERNAL; 688; 695; 7; 6754
INTERNAL; 696; 696; 0; 8179; INTERNAL; 687; 695; 8; 6153
INTERNAL; 687; 695; 8; 6153; INTERNAL; 672; 694; 22; 6682
INTERNAL; 696; 696; 0; 8179; INTERNAL; 695; 695; 0; 9311
INTERNAL; 695; 695; 0; 9311; INTERNAL; 688; 694; 6; 6496
INTERNAL; 688; 694; 6; 6496; INTERNAL; 687; 692; 5; 7968
INTERNAL; 695; 695; 0; 9311; INTERNAL; 694; 694; 0; 6565
INTERNAL; 694; 694; 0; 6565; INTERNAL; 687; 693; 6; 5055
INTERNAL; 694; 694; 0; 6565; INTERNAL; 688; 693; 5; 6502
INTERNAL; 694; 694; 0; 6565; INTERNAL; 687; 693; 6; 6567
INTERNAL; 687; 693; 6; 6567; INTERNAL; 670; 691; 21; 9965
INTERNAL; 694; 694; 0; 6565; INTERNAL; 693; 693; 0; 4776
INTERNAL; 693; 693; 0; 4776; INTERNAL; 692; 692; 0; 5329
INTERNAL; 692; 692; 0; 5329; INTERNAL; 687; 691; 4; 6515
INTERNAL; 687; 691; 4; 6515; INTERNAL; 668; 690; 22; 6246
INTERNAL; 692; 692; 0; 5329; INTERNAL; 688; 691; 3; 6521
INTERNAL; 688; 691; 3; 6521; INTERNAL; 687; 690; 3; 8295
INTERNAL; 687; 690; 3; 8295; INTERNAL; 669; 689; 20; 9944
INTERNAL; 692; 692; 0; 5329; INTERNAL; 691; 691; 0; 10029
INTERNAL; 691; 691; 0; 10029; INTERNAL; 688; 690; 2; 5085
INTERNAL; 688; 690; 2; 5085; INTERNAL; 687; 688; 1; 5109
INTERNAL; 687; 688; 1; 5109; INTERNAL; 667; 687; 20; 9964
INTERNAL; 691; 691; 0; 10029; INTERNAL; 687; 690; 3; 6522
INTERNAL; 691; 691; 0; 10029; INTERNAL; 687; 690; 3; 4842
INTERNAL; 687; 690; 3; 4842; INTERNAL; 668; 689; 21; 9060
INTERNAL; 691; 691; 0; 10029; INTERNAL; 690; 690; 0; 5795
INTERNAL; 690; 690; 0; 5795; INTERNAL; 689; 689; 0; 7967
INTERNAL; 689; 689; 0; 7967; INTERNAL; 687; 688; 1; 6544
INTERNAL; 687; 688; 1; 6544; INTERNAL; 666; 687; 21; 3933
INTERNAL; 689; 689; 0; 7967; INTERNAL; 688; 688; 0; 4837
INTERNAL; 688; 688; 0; 4837; INTERNAL; 687; 687; 0; 9957
INTERNAL; 687; 687; 0; 9957; INTERNAL; 686; 686; 0; 9959
INTERNAL; 686; 686; 0; 9959; INTERNAL; 664; 685; 21; 6804
INTERNAL; 687; 687; 0; 9957; INTERNAL; 686; 686; 0; 9960
INTERNAL; 688; 688; 0; 4837; INTERNAL; 687; 687; 0; 5618
INTERNAL; 687; 687; 0; 5618; INTERNAL; 665; 686; 21; 5466
INTERNAL; 688; 688; 0; 4837; INTERNAL; 687; 687; 0; 9954
INTERNAL; 688; 688; 0; 4837; INTERNAL; 687; 687; 0; 8801
INTERNAL; 689; 689; 0; 7967; INTERNAL; 688; 688; 0; 6551
INTERNAL; 688; 688; 0; 6551; INTERNAL; 687; 687; 0; 5824
INTERNAL; 689; 689; 0; 7967; INTERNAL; 687; 688; 1; 6546
INTERNAL; 687; 688; 1; 6546; INTERNAL; 666; 687; 21; 9837
INTERNAL; 690; 690; 0; 5795; INTERNAL; 687; 689; 2; 9943
INTERNAL; 690; 690; 0; 5795; INTERNAL; 687; 689; 2; 6237
INTERNAL; 690; 690; 0; 5795; INTERNAL; 688; 689; 1; 5551
INTERNAL; 692; 692; 0; 5329; INTERNAL; 687; 691; 4; 5249
INTERNAL; 693; 693; 0; 4776; INTERNAL; 687; 692; 5; 4981
INTERNAL; 693; 693; 0; 4776; INTERNAL; 687; 692; 5; 4799
INTERNAL; 687; 692; 5; 4799; INTERNAL; 670; 691; 21; 9967
INTERNAL; 693; 693; 0; 4776; INTERNAL; 688; 692; 4; 9761
INTERNAL; 695; 695; 0; 9311; INTERNAL; 687; 694; 7; 6481
INTERNAL; 695; 695; 0; 9311; INTERNAL; 687; 694; 7; 6443
INTERNAL; 687; 694; 7; 6443; INTERNAL; 671; 693; 22; 9969
INTERNAL; 696; 696; 0; 8179; INTERNAL; 687; 695; 8; 7115
INTERNAL; 697; 697; 0; 5603; INTERNAL; 687; 696; 9; 6461
INTERNAL; 687; 696; 9; 6461; INTERNAL; 673; 695; 22; 8524
INTERNAL; 698; 698; 0; 5985; INTERNAL; 687; 697; 10; 9145
INTERNAL; 699; 699; 0; 6589; INTERNAL; 687; 698; 11; 8572
INTERNAL; 699; 699; 0; 6589; INTERNAL; 687; 698; 11; 6923
INTERNAL; 687; 698; 11; 6923; INTERNAL; 675; 697; 22; 9975
INTERNAL; 699; 699; 0; 6589; INTERNAL; 688; 698; 10; 6852
INTERNAL; 700; 700; 0; 6430; INTERNAL; 688; 699; 11; 5339
INTERNAL; 701; 701; 0; 6415; INTERNAL; 687; 700; 13; 5895
INTERNAL; 701; 701; 0; 6415; INTERNAL; 687; 700; 13; 5170
INTERNAL; 687; 700; 13; 5170; INTERNAL; 678; 699; 21; 9982
INTERNAL; 702; 702; 0; 5973; INTERNAL; 687; 701; 14; 6419
INTERNAL; 702; 702; 0; 5973; INTERNAL; 688; 701; 13; 6224
INTERNAL; 688; 701; 13; 6224; INTERNAL; 687; 700; 13; 8356
INTERNAL; 702; 702; 0; 5973; INTERNAL; 687; 701; 14; 6751
INTERNAL; 687; 701; 14; 6751; INTERNAL; 678; 700; 22; 9983
INTERNAL; 703; 703; 0; 5057; INTERNAL; 687; 702; 15; 5728
INTERNAL; 703; 703; 0; 5057; INTERNAL; 688; 702; 14; 9809
INTERNAL; 703; 703; 0; 5057; INTERNAL; 687; 702; 15; 4454
INTERNAL; 687; 702; 15; 4454; INTERNAL; 679; 701; 22; 9089
INTERNAL; 704; 704; 0; 7164; INTERNAL; 687; 703; 16; 4932
INTERNAL; 687; 703; 16; 4932; INTERNAL; 680; 702; 22; 9985
INTERNAL; 704; 704; 0; 7164; INTERNAL; 687; 703; 16; 6398
INTERNAL; 704; 704; 0; 7164; INTERNAL; 688; 703; 15; 6407
INTERNAL; 706; 706; 0; 6374; INTERNAL; 687; 705; 18; 5247
INTERNAL; 687; 705; 18; 5247; INTERNAL; 682; 704; 22; 9986
INTERNAL; 706; 706; 0; 6374; INTERNAL; 688; 705; 17; 4305
INTERNAL; 688; 705; 17; 4305; INTERNAL; 687; 704; 17; 5543
INTERNAL; 706; 706; 0; 6374; INTERNAL; 687; 705; 18; 6391
INTERNAL; 707; 707; 0; 4953; INTERNAL; 687; 706; 19; 4581
INTERNAL; 707; 707; 0; 4953; INTERNAL; 688; 706; 18; 6379
INTERNAL; 708; 708; 0; 4283; INTERNAL; 687; 707; 20; 6283
INTERNAL; 708; 708; 0; 4283; INTERNAL; 687; 707; 20; 6363
INTERNAL; 687; 707; 20; 6363; INTERNAL; 684; 706; 22; 9992
INTERNAL; 711; 732; 21; 5076; INTERNAL; 710; 710; 0; 7074
INTERNAL; 710; 710; 0; 7074; INTERNAL; 709; 709; 0; 6135
INTERNAL; 709; 709; 0; 6135; INTERNAL; 688; 708; 20; 6355
INTERNAL; 709; 709; 0; 6135; INTERNAL; 686; 708; 22; 3246
INTERNAL; 733; 756; 23; 10068; INTERNAL; 732; 732; 0; 6114
INTERNAL; 732; 732; 0; 6114; INTERNAL; 731; 731; 0; 7495
INTERNAL; 731; 731; 0; 7495; INTERNAL; 730; 730; 0; 6141
INTERNAL; 730; 730; 0; 6141; INTERNAL; 729; 729; 0; 5607
INTERNAL; 729; 729; 0; 5607; INTERNAL; 711; 728; 17; 5758
INTERNAL; 729; 729; 0; 5607; INTERNAL; 712; 728; 16; 3340
INTERNAL; 712; 728; 16; 3340; INTERNAL; 711; 727; 16; 10030
INTERNAL; 729; 729; 0; 5607; INTERNAL; 711; 728; 17; 3480
INTERNAL; 711; 728; 17; 3480; INTERNAL; 705; 727; 22; 5751
INTERNAL; 729; 729; 0; 5607; INTERNAL; 728; 728; 0; 9568
INTERNAL; 728; 728; 0; 9568; INTERNAL; 711; 727; 16; 6410
INTERNAL; 728; 728; 0; 9568; INTERNAL; 712; 727; 15; 4433
INTERNAL; 712; 727; 15; 4433; INTERNAL; 711; 725; 14; 6426
INTERNAL; 728; 728; 0; 9568; INTERNAL; 710; 727; 17; 6164
INTERNAL; 710; 727; 17; 6164; INTERNAL; 704; 726; 22; 7377
INTERNAL; 728; 728; 0; 9568; INTERNAL; 727; 727; 0; 9505
INTERNAL; 727; 727; 0; 9505; INTERNAL; 712; 726; 14; 6169
INTERNAL; 727; 727; 0; 9505; INTERNAL; 711; 726; 15; 6168
INTERNAL; 727; 727; 0; 9505; INTERNAL; 711; 726; 15; 4705
INTERNAL; 711; 726; 15; 4705; INTERNAL; 703; 725; 22; 10027
INTERNAL; 727; 727; 0; 9505; INTERNAL; 726; 726; 0; 4142
INTERNAL; 726; 726; 0; 4142; INTERNAL; 725; 725; 0; 7056
INTERNAL; 725; 725; 0; 7056; INTERNAL; 724; 724; 0; 4967
INTERNAL; 724; 724; 0; 4967; INTERNAL; 723; 723; 0; 5306
INTERNAL; 723; 723; 0; 5306; INTERNAL; 711; 722; 11; 4846
INTERNAL; 711; 722; 11; 4846; INTERNAL; 699; 721; 22; 10020
INTERNAL; 723; 723; 0; 5306; INTERNAL; 722; 722; 0; 6202
INTERNAL; 722; 722; 0; 6202; INTERNAL; 711; 721; 10; 5258
INTERNAL; 711; 721; 10; 5258; INTERNAL; 698; 720; 22; 10018
INTERNAL; 722; 722; 0; 6202; INTERNAL; 711; 721; 10; 6209
INTERNAL; 722; 722; 0; 6202; INTERNAL; 712; 721; 9; 6196
INTERNAL; 712; 721; 9; 6196; INTERNAL; 711; 719; 8; 8469
INTERNAL; 722; 722; 0; 6202; INTERNAL; 721; 721; 0; 6212
INTERNAL; 721; 721; 0; 6212; INTERNAL; 712; 720; 8; 6520
INTERNAL; 721; 721; 0; 6212; INTERNAL; 720; 720; 0; 6002
INTERNAL; 720; 720; 0; 6002; INTERNAL; 711; 719; 8; 6226
INTERNAL; 711; 719; 8; 6226; INTERNAL; 696; 717; 21; 9322
INTERNAL; 720; 720; 0; 6002; INTERNAL; 719; 719; 0; 5309
INTERNAL; 719; 719; 0; 5309; INTERNAL; 711; 718; 7; 9397
INTERNAL; 711; 718; 7; 9397; INTERNAL; 695; 717; 22; 9930
INTERNAL; 719; 719; 0; 5309; INTERNAL; 718; 718; 0; 9118
INTERNAL; 718; 718; 0; 9118; INTERNAL; 712; 717; 5; 6249
INTERNAL; 712; 717; 5; 6249; INTERNAL; 711; 715; 4; 10012
INTERNAL; 718; 718; 0; 9118; INTERNAL; 711; 717; 6; 6231
INTERNAL; 711; 717; 6; 6231; INTERNAL; 695; 716; 21; 7236
INTERNAL; 695; 716; 21; 7236; INTERNAL; 694; 715; 21; 10015
INTERNAL; 718; 718; 0; 9118; INTERNAL; 711; 717; 6; 6244
INTERNAL; 718; 718; 0; 9118; INTERNAL; 717; 717; 0; 6247
INTERNAL; 717; 717; 0; 6247; INTERNAL; 711; 716; 5; 6264
INTERNAL; 711; 716; 5; 6264; INTERNAL; 693; 715; 22; 3350
INTERNAL; 717; 717; 0; 6247; INTERNAL; 711; 716; 5; 6988
INTERNAL; 717; 717; 0; 6247; INTERNAL; 712; 716; 4; 6266
INTERNAL; 717; 717; 0; 6247; INTERNAL; 716; 716; 0; 6261
INTERNAL; 716; 716; 0; 6261; INTERNAL; 711; 715; 4; 5188
INTERNAL; 711; 715; 4; 5188; INTERNAL; 692; 713; 21; 10007
INTERNAL; 716; 716; 0; 6261; INTERNAL; 710; 715; 5; 4522
INTERNAL; 710; 715; 5; 4522; INTERNAL; 693; 714; 21; 10009
INTERNAL; 716; 716; 0; 6261; INTERNAL; 715; 715; 0; 6296
INTERNAL; 715; 715; 0; 6296; INTERNAL; 711; 714; 3; 6688
INTERNAL; 711; 714; 3; 6688; INTERNAL; 691; 713; 22; 4144
INTERNAL; 715; 715; 0; 6296; INTERNAL; 711; 714; 3; 8642
INTERNAL; 715; 715; 0; 6296; INTERNAL; 712; 714; 2; 4925
INTERNAL; 712; 714; 2; 4925; INTERNAL; 711; 713; 2; 4548
INTERNAL; 715; 715; 0; 6296; INTERNAL; 714; 714; 0; 6890
INTERNAL; 714; 714; 0; 6890; INTERNAL; 712; 713; 1; 7262
INTERNAL; 712; 713; 1; 7262; INTERNAL; 711; 711; 0; 8697
INTERNAL; 714; 714; 0; 6890; INTERNAL; 713; 713; 0; 6300
INTERNAL; 713; 713; 0; 6300; INTERNAL; 712; 712; 0; 8700
INTERNAL; 713; 713; 0; 6300; INTERNAL; 712; 712; 0; 5149
INTERNAL; 712; 712; 0; 5149; INTERNAL; 711; 711; 0; 6313
INTERNAL; 711; 711; 0; 6313; INTERNAL; 688; 709; 21; 9995
INTERNAL; 712; 712; 0; 5149; INTERNAL; 711; 711; 0; 8835
INTERNAL; 711; 711; 0; 8835; INTERNAL; 688; 709; 21; 9993
INTERNAL; 712; 712; 0; 5149; INTERNAL; 711; 711; 0; 6308
INTERNAL; 711; 711; 0; 6308; INTERNAL; 689; 710; 21; 5622
INTERNAL; 712; 712; 0; 5149; INTERNAL; 711; 711; 0; 6322
INTERNAL; 711; 711; 0; 6322; INTERNAL; 710; 710; 0; 3668
INTERNAL; 711; 711; 0; 6322; INTERNAL; 710; 710; 0; 6855
INTERNAL; 711; 711; 0; 6322; INTERNAL; 710; 710; 0; 9998
INTERNAL; 711; 711; 0; 6322; INTERNAL; 710; 710; 0; 10114
INTERNAL; 710; 710; 0; 10114; INTERNAL; 687; 709; 22; 7425
INTERNAL; 710; 710; 0; 10114; INTERNAL; 687; 709; 22; 10002
INTERNAL; 713; 713; 0; 6300; INTERNAL; 711; 712; 1; 6263
INTERNAL; 711; 712; 1; 6263; INTERNAL; 689; 711; 22; 7417
INTERNAL; 713; 713; 0; 6300; INTERNAL; 711; 712; 1; 4944
INTERNAL; 714; 714; 0; 6890; INTERNAL; 711; 713; 2; 6294
INTERNAL; 711; 713; 2; 6294; INTERNAL; 690; 711; 21; 10004
INTERNAL; 714; 714; 0; 6890; INTERNAL; 711; 713; 2; 3593
INTERNAL; 711; 713; 2; 3593; INTERNAL; 691; 712; 21; 6588
INTERNAL; 716; 716; 0; 6261; INTERNAL; 712; 715; 3; 6272
INTERNAL; 719; 719; 0; 5309; INTERNAL; 712; 718; 6; 6691
INTERNAL; 712; 718; 6; 6691; INTERNAL; 711; 717; 6; 10017
INTERNAL; 719; 719; 0; 5309; INTERNAL; 711; 718; 7; 5852
INTERNAL; 720; 720; 0; 6002; INTERNAL; 712; 719; 7; 6074
INTERNAL; 720; 720; 0; 6002; INTERNAL; 711; 719; 8; 5644
INTERNAL; 711; 719; 8; 5644; INTERNAL; 697; 718; 21; 7344
INTERNAL; 721; 721; 0; 6212; INTERNAL; 711; 720; 9; 4344
INTERNAL; 711; 720; 9; 4344; INTERNAL; 697; 719; 22; 8034
INTERNAL; 721; 721; 0; 6212; INTERNAL; 711; 720; 9; 5868
INTERNAL; 723; 723; 0; 5306; INTERNAL; 711; 722; 11; 9393
INTERNAL; 723; 723; 0; 5306; INTERNAL; 712; 722; 10; 4947
INTERNAL; 712; 722; 10; 4947; INTERNAL; 711; 721; 10; 8947
INTERNAL; 724; 724; 0; 4967; INTERNAL; 710; 723; 13; 6513
INTERNAL; 710; 723; 13; 6513; INTERNAL; 701; 722; 21; 10023
INTERNAL; 701; 722; 21; 10023; INTERNAL; 700; 721; 21; 6665
INTERNAL; 724; 724; 0; 4967; INTERNAL; 712; 723; 11; 5631
INTERNAL; 724; 724; 0; 4967; INTERNAL; 711; 723; 12; 5861
INTERNAL; 725; 725; 0; 7056; INTERNAL; 711; 724; 13; 10124
INTERNAL; 725; 725; 0; 7056; INTERNAL; 712; 724; 12; 6192
INTERNAL; 712; 724; 12; 6192; INTERNAL; 711; 723; 12; 6945
INTERNAL; 725; 725; 0; 7056; INTERNAL; 711; 724; 13; 5642
INTERNAL; 711; 724; 13; 5642; INTERNAL; 701; 723; 22; 10026
INTERNAL; 726; 726; 0; 4142; INTERNAL; 711; 725; 14; 6179
INTERNAL; 726; 726; 0; 4142; INTERNAL; 710; 725; 15; 4874
INTERNAL; 710; 725; 15; 4874; INTERNAL; 702; 724; 22; 5096
INTERNAL; 726; 726; 0; 4142; INTERNAL; 712; 725; 13; 6186
INTERNAL; 730; 730; 0; 6141; INTERNAL; 711; 729; 18; 6121
INTERNAL; 730; 730; 0; 6141; INTERNAL; 712; 729; 17; 6437
INTERNAL; 730; 730; 0; 6141; INTERNAL; 710; 729; 19; 6152
INTERNAL; 710; 729; 19; 6152; INTERNAL; 706; 728; 22; 10032
INTERNAL; 731; 731; 0; 7495; INTERNAL; 712; 730; 18; 6151
INTERNAL; 712; 730; 18; 6151; INTERNAL; 711; 729; 18; 10034
INTERNAL; 731; 731; 0; 7495; INTERNAL; 711; 730; 19; 5570
INTERNAL; 731; 731; 0; 7495; INTERNAL; 711; 730; 19; 6145
INTERNAL; 711; 730; 19; 6145; INTERNAL; 707; 729; 22; 9756
INTERNAL; 732; 732; 0; 6114; INTERNAL; 712; 731; 19; 9184
INTERNAL; 732; 732; 0; 6114; INTERNAL; 710; 731; 21; 6131
INTERNAL; 710; 731; 21; 6131; INTERNAL; 708; 730; 22; 9365
INTERNAL; 732; 732; 0; 6114; INTERNAL; 711; 731; 20; 4505
INTERNAL; 733; 756; 23; 10068; INTERNAL; 712; 732; 20; 3471
INTERNAL; 712; 732; 20; 3471; INTERNAL; 711; 731; 20; 7072
INTERNAL; 758; 758; 0; 4848; INTERNAL; 757; 757; 0; 6127
INTERNAL; 757; 757; 0; 6127; INTERNAL; 734; 756; 22; 5253
INTERNAL; 734; 756; 22; 5253; INTERNAL; 732; 755; 23; 10066
INTERNAL; 734; 756; 22; 5253; INTERNAL; 733; 733; 0; 6490
INTERNAL; 757; 757; 0; 6127; INTERNAL; 734; 756; 22; 4780
INTERNAL; 757; 757; 0; 6127; INTERNAL; 735; 756; 21; 7312
INTERNAL; 735; 756; 21; 7312; INTERNAL; 734; 754; 20; 7758
INTERNAL; 757; 757; 0; 6127; INTERNAL; 756; 756; 0; 6908
INTERNAL; 756; 756; 0; 6908; INTERNAL; 734; 755; 21; 5088
INTERNAL; 756; 756; 0; 6908; INTERNAL; 735; 755; 20; 7760
INTERNAL; 756; 756; 0; 6908; INTERNAL; 734; 755; 21; 5480
INTERNAL; 734; 755; 21; 5480; INTERNAL; 731; 754; 23; 10065
INTERNAL; 756; 756; 0; 6908; INTERNAL; 755; 755; 0; 10137
INTERNAL; 755; 755; 0; 10137; INTERNAL; 754; 754; 0; 4577
INTERNAL; 754; 754; 0; 4577; INTERNAL; 734; 753; 19; 5614
INTERNAL; 754; 754; 0; 4577; INTERNAL; 734; 753; 19; 4777
INTERNAL; 734; 753; 19; 4777; INTERNAL; 729; 752; 23; 3670
INTERNAL; 754; 754; 0; 4577; INTERNAL; 753; 753; 0; 4951
INTERNAL; 753; 753; 0; 4951; INTERNAL; 735; 752; 17; 8268
INTERNAL; 735; 752; 17; 8268; INTERNAL; 734; 750; 16; 8693
INTERNAL; 753; 753; 0; 4951; INTERNAL; 734; 752; 18; 4421
INTERNAL; 734; 752; 18; 4421; INTERNAL; 728; 751; 23; 5524
INTERNAL; 753; 753; 0; 4951; INTERNAL; 752; 752; 0; 4571
INTERNAL; 752; 752; 0; 4571; INTERNAL; 751; 751; 0; 5885
INTERNAL; 751; 751; 0; 5885; INTERNAL; 734; 750; 16; 4559
INTERNAL; 734; 750; 16; 4559; INTERNAL; 726; 749; 23; 5839
INTERNAL; 751; 751; 0; 5885; INTERNAL; 734; 750; 16; 6526
INTERNAL; 751; 751; 0; 5885; INTERNAL; 735; 750; 15; 5156
INTERNAL; 735; 750; 15; 5156; INTERNAL; 734; 748; 14; 10061
INTERNAL; 751; 751; 0; 5885; INTERNAL; 750; 750; 0; 3355
INTERNAL; 750; 750; 0; 3355; INTERNAL; 735; 749; 14; 5154
INTERNAL; 750; 750; 0; 3355; INTERNAL; 734; 749; 15; 4573
INTERNAL; 734; 749; 15; 4573; INTERNAL; 726; 748; 22; 5552
INTERNAL; 726; 748; 22; 5552; INTERNAL; 725; 747; 22; 6457
INTERNAL; 750; 750; 0; 3355; INTERNAL; 734; 749; 15; 4252
INTERNAL; 750; 750; 0; 3355; INTERNAL; 749; 749; 0; 4928
INTERNAL; 749; 749; 0; 4928; INTERNAL; 734; 748; 14; 4438
INTERNAL; 734; 748; 14; 4438; INTERNAL; 724; 747; 23; 6501
INTERNAL; 749; 749; 0; 4928; INTERNAL; 735; 748; 13; 7874
INTERNAL; 735; 748; 13; 7874; INTERNAL; 734; 746; 12; 10058
INTERNAL; 749; 749; 0; 4928; INTERNAL; 734; 748; 14; 5333
INTERNAL; 749; 749; 0; 4928; INTERNAL; 748; 748; 0; 6929
INTERNAL; 748; 748; 0; 6929; INTERNAL; 735; 747; 12; 5432
INTERNAL; 748; 748; 0; 6929; INTERNAL; 734; 747; 13; 3749
INTERNAL; 734; 747; 13; 3749; INTERNAL; 723; 745; 22; 10059
INTERNAL; 748; 748; 0; 6929; INTERNAL; 734; 747; 13; 5103
INTERNAL; 734; 747; 13; 5103; INTERNAL; 724; 746; 22; 8285
INTERNAL; 748; 748; 0; 6929; INTERNAL; 747; 747; 0; 6953
INTERNAL; 747; 747; 0; 6953; INTERNAL; 734; 746; 12; 6299
INTERNAL; 734; 746; 12; 6299; INTERNAL; 722; 745; 23; 9282
INTERNAL; 747; 747; 0; 6953; INTERNAL; 735; 746; 11; 3185
INTERNAL; 735; 746; 11; 3185; INTERNAL; 734; 744; 10; 10057
INTERNAL; 747; 747; 0; 6953; INTERNAL; 734; 746; 12; 6826
INTERNAL; 747; 747; 0; 6953; INTERNAL; 746; 746; 0; 5251
INTERNAL; 746; 746; 0; 5251; INTERNAL; 734; 745; 11; 4755
INTERNAL; 734; 745; 11; 4755; INTERNAL; 721; 743; 22; 9035
INTERNAL; 746; 746; 0; 5251; INTERNAL; 745; 745; 0; 6293
INTERNAL; 745; 745; 0; 6293; INTERNAL; 744; 744; 0; 5314
INTERNAL; 744; 744; 0; 5314; INTERNAL; 743; 743; 0; 10025
INTERNAL; 743; 743; 0; 10025; INTERNAL; 735; 742; 7; 4287
INTERNAL; 735; 742; 7; 4287; INTERNAL; 734; 740; 6; 9829
INTERNAL; 743; 743; 0; 10025; INTERNAL; 734; 742; 8; 4525
INTERNAL; 734; 742; 8; 4525; INTERNAL; 718; 741; 23; 10051
INTERNAL; 743; 743; 0; 10025; INTERNAL; 734; 742; 8; 6454
INTERNAL; 743; 743; 0; 10025; INTERNAL; 742; 742; 0; 6204
INTERNAL; 742; 742; 0; 6204; INTERNAL; 741; 741; 0; 9248
INTERNAL; 741; 741; 0; 9248; INTERNAL; 740; 740; 0; 5680
INTERNAL; 740; 740; 0; 5680; INTERNAL; 734; 739; 5; 5412
INTERNAL; 734; 739; 5; 5412; INTERNAL; 715; 737; 22; 10044
INTERNAL; 740; 740; 0; 5680; INTERNAL; 735; 739; 4; 6439
INTERNAL; 735; 739; 4; 6439; INTERNAL; 734; 738; 4; 5627
INTERNAL; 740; 740; 0; 5680; INTERNAL; 739; 739; 0; 4515
INTERNAL; 739; 739; 0; 4515; INTERNAL; 738; 738; 0; 5255
INTERNAL; 738; 738; 0; 5255; INTERNAL; 734; 737; 3; 4027
INTERNAL; 734; 737; 3; 4027; INTERNAL; 714; 736; 22; 7450
INTERNAL; 714; 736; 22; 7450; INTERNAL; 713; 735; 22; 10042
INTERNAL; 738; 738; 0; 5255; INTERNAL; 737; 737; 0; 4997
INTERNAL; 737; 737; 0; 4997; INTERNAL; 736; 736; 0; 6076
INTERNAL; 736; 736; 0; 6076; INTERNAL; 735; 735; 0; 4608
INTERNAL; 735; 735; 0; 4608; INTERNAL; 734; 734; 0; 6079
INTERNAL; 735; 735; 0; 4608; INTERNAL; 734; 734; 0; 6085
INTERNAL; 734; 734; 0; 6085; INTERNAL; 710; 733; 23; 10038
INTERNAL; 735; 735; 0; 4608; INTERNAL; 734; 734; 0; 6093
INTERNAL; 735; 735; 0; 4608; INTERNAL; 734; 734; 0; 6094
INTERNAL; 736; 736; 0; 6076; INTERNAL; 735; 735; 0; 3079
INTERNAL; 735; 735; 0; 3079; INTERNAL; 734; 734; 0; 10041
INTERNAL; 736; 736; 0; 6076; INTERNAL; 734; 735; 1; 5606
INTERNAL; 734; 735; 1; 5606; INTERNAL; 711; 733; 22; 4214
INTERNAL; 736; 736; 0; 6076; INTERNAL; 734; 735; 1; 4575
INTERNAL; 734; 735; 1; 4575; INTERNAL; 711; 734; 23; 9840
INTERNAL; 734; 735; 1; 4575; INTERNAL; 712; 734; 22; 5299
INTERNAL; 737; 737; 0; 4997; INTERNAL; 735; 736; 1; 5051
INTERNAL; 737; 737; 0; 4997; INTERNAL; 734; 736; 2; 6030
INTERNAL; 737; 737; 0; 4997; INTERNAL; 734; 736; 2; 5022
INTERNAL; 734; 736; 2; 5022; INTERNAL; 712; 735; 23; 8460
INTERNAL; 738; 738; 0; 5255; INTERNAL; 734; 737; 3; 4569
INTERNAL; 738; 738; 0; 5255; INTERNAL; 735; 737; 2; 7912
INTERNAL; 735; 737; 2; 7912; INTERNAL; 734; 736; 2; 3586
INTERNAL; 734; 736; 2; 3586; INTERNAL; 714; 735; 21; 5803
INTERNAL; 739; 739; 0; 4515; INTERNAL; 734; 738; 4; 3885
INTERNAL; 739; 739; 0; 4515; INTERNAL; 735; 738; 3; 5392
INTERNAL; 739; 739; 0; 4515; INTERNAL; 734; 738; 4; 5741
INTERNAL; 740; 740; 0; 5680; INTERNAL; 734; 739; 5; 4513
INTERNAL; 734; 739; 5; 4513; INTERNAL; 716; 738; 22; 3638
INTERNAL; 741; 741; 0; 9248; INTERNAL; 735; 740; 5; 5032
INTERNAL; 741; 741; 0; 9248; INTERNAL; 734; 740; 6; 4518
INTERNAL; 734; 740; 6; 4518; INTERNAL; 716; 739; 23; 10045
INTERNAL; 741; 741; 0; 9248; INTERNAL; 734; 740; 6; 3769
INTERNAL; 742; 742; 0; 6204; INTERNAL; 734; 741; 7; 6049
INTERNAL; 734; 741; 7; 6049; INTERNAL; 718; 740; 22; 10048
INTERNAL; 718; 740; 22; 10048; INTERNAL; 717; 739; 22; 9694
INTERNAL; 742; 742; 0; 6204; INTERNAL; 734; 741; 7; 4814
INTERNAL; 742; 742; 0; 6204; INTERNAL; 735; 741; 6; 4278
INTERNAL; 744; 744; 0; 5314; INTERNAL; 734; 743; 9; 3451
INTERNAL; 734; 743; 9; 3451; INTERNAL; 719; 741; 22; 10055
INTERNAL; 744; 744; 0; 5314; INTERNAL; 735; 743; 8; 5684
INTERNAL; 735; 743; 8; 5684; INTERNAL; 734; 742; 8; 10053
INTERNAL; 734; 742; 8; 10053; INTERNAL; 720; 741; 21; 10098
INTERNAL; 744; 744; 0; 5314; INTERNAL; 734; 743; 9; 4536
INTERNAL; 734; 743; 9; 4536; INTERNAL; 720; 742; 22; 3546
INTERNAL; 745; 745; 0; 6293; INTERNAL; 734; 744; 10; 3511
INTERNAL; 745; 745; 0; 6293; INTERNAL; 734; 744; 10; 4543
INTERNAL; 745; 745; 0; 6293; INTERNAL; 735; 744; 9; 5952
INTERNAL; 746; 746; 0; 5251; INTERNAL; 735; 745; 10; 6719
INTERNAL; 746; 746; 0; 5251; INTERNAL; 734; 745; 11; 5754
INTERNAL; 734; 745; 11; 5754; INTERNAL; 722; 744; 22; 7698
INTERNAL; 752; 752; 0; 4571; INTERNAL; 734; 751; 17; 9087
INTERNAL; 752; 752; 0; 4571; INTERNAL; 735; 751; 16; 5699
INTERNAL; 752; 752; 0; 4571; INTERNAL; 734; 751; 17; 8472
INTERNAL; 734; 751; 17; 8472; INTERNAL; 727; 750; 23; 8462
INTERNAL; 753; 753; 0; 4951; INTERNAL; 734; 752; 18; 5239
INTERNAL; 754; 754; 0; 4577; INTERNAL; 735; 753; 18; 6876
INTERNAL; 735; 753; 18; 6876; INTERNAL; 734; 752; 18; 3633
INTERNAL; 755; 755; 0; 10137; INTERNAL; 735; 754; 19; 6658
INTERNAL; 755; 755; 0; 10137; INTERNAL; 734; 754; 20; 6395
INTERNAL; 755; 755; 0; 10137; INTERNAL; 734; 754; 20; 6158
INTERNAL; 734; 754; 20; 6158; INTERNAL; 730; 753; 23; 10063
INTERNAL; 758; 758; 0; 4848; INTERNAL; 734; 757; 23; 4399
INTERNAL; 759; 781; 22; 8371; INTERNAL; 757; 780; 23; 10095
INTERNAL; 783; 806; 23; 3677; INTERNAL; 782; 782; 0; 4767
INTERNAL; 782; 782; 0; 4767; INTERNAL; 760; 781; 21; 5267
INTERNAL; 760; 781; 21; 5267; INTERNAL; 759; 780; 21; 8361
INTERNAL; 759; 780; 21; 8361; INTERNAL; 758; 779; 21; 6777
INTERNAL; 782; 782; 0; 4767; INTERNAL; 759; 781; 22; 4600
INTERNAL; 782; 782; 0; 4767; INTERNAL; 781; 781; 0; 6320
INTERNAL; 781; 781; 0; 6320; INTERNAL; 759; 780; 21; 7499
INTERNAL; 781; 781; 0; 6320; INTERNAL; 759; 780; 21; 4768
INTERNAL; 759; 780; 21; 4768; INTERNAL; 756; 779; 23; 10092
INTERNAL; 781; 781; 0; 6320; INTERNAL; 780; 780; 0; 4978
INTERNAL; 780; 780; 0; 4978; INTERNAL; 759; 779; 20; 7302
INTERNAL; 780; 780; 0; 4978; INTERNAL; 759; 779; 20; 5863
INTERNAL; 759; 779; 20; 5863; INTERNAL; 755; 778; 23; 5588
INTERNAL; 780; 780; 0; 4978; INTERNAL; 760; 779; 19; 5473
INTERNAL; 760; 779; 19; 5473; INTERNAL; 759; 777; 18; 8280
INTERNAL; 780; 780; 0; 4978; INTERNAL; 779; 779; 0; 5337
INTERNAL; 779; 779; 0; 5337; INTERNAL; 778; 778; 0; 7986
INTERNAL; 778; 778; 0; 7986; INTERNAL; 759; 777; 18; 4718
INTERNAL; 759; 777; 18; 4718; INTERNAL; 753; 776; 23; 7317
INTERNAL; 778; 778; 0; 7986; INTERNAL; 759; 777; 18; 4722
INTERNAL; 778; 778; 0; 7986; INTERNAL; 760; 777; 17; 8336
INTERNAL; 760; 777; 17; 8336; INTERNAL; 759; 775; 16; 10089
INTERNAL; 778; 778; 0; 7986; INTERNAL; 777; 777; 0; 5555
INTERNAL; 777; 777; 0; 5555; INTERNAL; 759; 776; 17; 8130
INTERNAL; 777; 777; 0; 5555; INTERNAL; 776; 776; 0; 4151
INTERNAL; 776; 776; 0; 4151; INTERNAL; 759; 775; 16; 5760
INTERNAL; 776; 776; 0; 4151; INTERNAL; 775; 775; 0; 5321
INTERNAL; 775; 775; 0; 5321; INTERNAL; 759; 774; 15; 5765
INTERNAL; 759; 774; 15; 5765; INTERNAL; 750; 772; 22; 4341
INTERNAL; 775; 775; 0; 5321; INTERNAL; 774; 774; 0; 4714
INTERNAL; 774; 774; 0; 4714; INTERNAL; 759; 773; 14; 3992
INTERNAL; 759; 773; 14; 3992; INTERNAL; 749; 772; 23; 3678
INTERNAL; 774; 774; 0; 4714; INTERNAL; 759; 773; 14; 8853
INTERNAL; 774; 774; 0; 4714; INTERNAL; 773; 773; 0; 4701
INTERNAL; 773; 773; 0; 4701; INTERNAL; 760; 772; 12; 4671
INTERNAL; 760; 772; 12; 4671; INTERNAL; 759; 771; 12; 6885
INTERNAL; 773; 773; 0; 4701; INTERNAL; 759; 772; 13; 6378
INTERNAL; 759; 772; 13; 6378; INTERNAL; 749; 771; 22; 8804
INTERNAL; 749; 771; 22; 8804; INTERNAL; 748; 770; 22; 10085
INTERNAL; 773; 773; 0; 4701; INTERNAL; 759; 772; 13; 3262
INTERNAL; 773; 773; 0; 4701; INTERNAL; 772; 772; 0; 4690
INTERNAL; 772; 772; 0; 4690; INTERNAL; 771; 771; 0; 8240
INTERNAL; 771; 771; 0; 8240; INTERNAL; 760; 770; 10; 4651
INTERNAL; 760; 770; 10; 4651; INTERNAL; 759; 769; 10; 10081
INTERNAL; 771; 771; 0; 8240; INTERNAL; 759; 770; 11; 7172
INTERNAL; 759; 770; 11; 7172; INTERNAL; 746; 768; 22; 6773
INTERNAL; 771; 771; 0; 8240; INTERNAL; 770; 770; 0; 7875
INTERNAL; 770; 770; 0; 7875; INTERNAL; 769; 769; 0; 4574
INTERNAL; 769; 769; 0; 4574; INTERNAL; 768; 768; 0; 5426
INTERNAL; 768; 768; 0; 5426; INTERNAL; 759; 767; 8; 6742
INTERNAL; 759; 767; 8; 6742; INTERNAL; 743; 766; 23; 10078
INTERNAL; 768; 768; 0; 5426; INTERNAL; 767; 767; 0; 6881
INTERNAL; 767; 767; 0; 6881; INTERNAL; 759; 766; 7; 4792
INTERNAL; 759; 766; 7; 4792; INTERNAL; 742; 765; 23; 6805
INTERNAL; 767; 767; 0; 6881; INTERNAL; 760; 766; 6; 5058
INTERNAL; 760; 766; 6; 5058; INTERNAL; 759; 765; 6; 10075
INTERNAL; 767; 767; 0; 6881; INTERNAL; 766; 766; 0; 8619
INTERNAL; 766; 766; 0; 8619; INTERNAL; 765; 765; 0; 4648
INTERNAL; 765; 765; 0; 4648; INTERNAL; 760; 764; 4; 9845
INTERNAL; 760; 764; 4; 9845; INTERNAL; 759; 763; 4; 8213
INTERNAL; 765; 765; 0; 4648; INTERNAL; 759; 764; 5; 6503
INTERNAL; 759; 764; 5; 6503; INTERNAL; 740; 762; 22; 10074
INTERNAL; 765; 765; 0; 4648; INTERNAL; 764; 764; 0; 5351
INTERNAL; 764; 764; 0; 5351; INTERNAL; 760; 763; 3; 5894
INTERNAL; 760; 763; 3; 5894; INTERNAL; 759; 761; 2; 10072
INTERNAL; 764; 764; 0; 5351; INTERNAL; 759; 763; 4; 4636
INTERNAL; 764; 764; 0; 5351; INTERNAL; 763; 763; 0; 6089
INTERNAL; 763; 763; 0; 6089; INTERNAL; 759; 762; 3; 4645
INTERNAL; 759; 762; 3; 4645; INTERNAL; 739; 761; 22; 10073
INTERNAL; 739; 761; 22; 10073; INTERNAL; 738; 760; 22; 7892
INTERNAL; 763; 763; 0; 6089; INTERNAL; 760; 762; 2; 5539
INTERNAL; 763; 763; 0; 6089; INTERNAL; 759; 762; 3; 5290
INTERNAL; 763; 763; 0; 6089; INTERNAL; 762; 762; 0; 5927
INTERNAL; 762; 762; 0; 5927; INTERNAL; 759; 761; 2; 5108
INTERNAL; 759; 761; 2; 5108; INTERNAL; 737; 760; 23; 4272
INTERNAL; 762; 762; 0; 5927; INTERNAL; 761; 761; 0; 6120
INTERNAL; 761; 761; 0; 6120; INTERNAL; 759; 760; 1; 3332
INTERNAL; 759; 760; 1; 3332; INTERNAL; 736; 759; 23; 3106
INTERNAL; 761; 761; 0; 6120; INTERNAL; 760; 760; 0; 5873
INTERNAL; 760; 760; 0; 5873; INTERNAL; 759; 759; 0; 7099
INTERNAL; 761; 761; 0; 6120; INTERNAL; 760; 760; 0; 5991
INTERNAL; 760; 760; 0; 5991; INTERNAL; 759; 759; 0; 6630
INTERNAL; 759; 759; 0; 6630; INTERNAL; 735; 758; 23; 7561
INTERNAL; 760; 760; 0; 5991; INTERNAL; 759; 759; 0; 3785
INTERNAL; 759; 759; 0; 3785; INTERNAL; 758; 758; 0; 5811
INTERNAL; 758; 758; 0; 5811; INTERNAL; 735; 757; 22; 10070
INTERNAL; 759; 759; 0; 3785; INTERNAL; 758; 758; 0; 9302
INTERNAL; 759; 759; 0; 3785; INTERNAL; 758; 758; 0; 5173
INTERNAL; 758; 758; 0; 5173; INTERNAL; 734; 757; 23; 9677
INTERNAL; 760; 760; 0; 5991; INTERNAL; 759; 759; 0; 4615
INTERNAL; 760; 760; 0; 5991; INTERNAL; 759; 759; 0; 3472
INTERNAL; 761; 761; 0; 6120; INTERNAL; 759; 760; 1; 5712
INTERNAL; 762; 762; 0; 5927; INTERNAL; 759; 761; 2; 5874
INTERNAL; 762; 762; 0; 5927; INTERNAL; 760; 761; 1; 4630
INTERNAL; 764; 764; 0; 5351; INTERNAL; 759; 763; 4; 4761
INTERNAL; 759; 763; 4; 4761; INTERNAL; 739; 762; 23; 3146
INTERNAL; 765; 765; 0; 4648; INTERNAL; 759; 764; 5; 4866
INTERNAL; 759; 764; 5; 4866; INTERNAL; 741; 763; 22; 6423
INTERNAL; 766; 766; 0; 8619; INTERNAL; 760; 765; 5; 7127
INTERNAL; 766; 766; 0; 8619; INTERNAL; 759; 765; 6; 5964
INTERNAL; 759; 765; 6; 5964; INTERNAL; 741; 764; 23; 8009
INTERNAL; 766; 766; 0; 8619; INTERNAL; 759; 765; 6; 5380
INTERNAL; 767; 767; 0; 6881; INTERNAL; 759; 766; 7; 7599
INTERNAL; 768; 768; 0; 5426; INTERNAL; 760; 767; 7; 4234
INTERNAL; 768; 768; 0; 5426; INTERNAL; 759; 767; 8; 4809
INTERNAL; 769; 769; 0; 4574; INTERNAL; 759; 768; 9; 9334
INTERNAL; 759; 768; 9; 9334; INTERNAL; 744; 767; 23; 8021
INTERNAL; 769; 769; 0; 4574; INTERNAL; 760; 768; 8; 6619
INTERNAL; 760; 768; 8; 6619; INTERNAL; 759; 767; 8; 6548
INTERNAL; 769; 769; 0; 4574; INTERNAL; 759; 768; 9; 4763
INTERNAL; 770; 770; 0; 7875; INTERNAL; 760; 769; 9; 8271
INTERNAL; 770; 770; 0; 7875; INTERNAL; 759; 769; 10; 5675
INTERNAL; 770; 770; 0; 7875; INTERNAL; 759; 769; 10; 8118
INTERNAL; 759; 769; 10; 8118; INTERNAL; 745; 768; 23; 9485
INTERNAL; 771; 771; 0; 8240; INTERNAL; 759; 770; 11; 3441
INTERNAL; 759; 770; 11; 3441; INTERNAL; 747; 769; 22; 10084
INTERNAL; 772; 772; 0; 4690; INTERNAL; 759; 771; 12; 5757
INTERNAL; 772; 772; 0; 4690; INTERNAL; 760; 771; 11; 4963
INTERNAL; 772; 772; 0; 4690; INTERNAL; 759; 771; 12; 7507
INTERNAL; 759; 771; 12; 7507; INTERNAL; 747; 770; 23; 5909
INTERNAL; 774; 774; 0; 4714; INTERNAL; 760; 773; 13; 4695
INTERNAL; 775; 775; 0; 5321; INTERNAL; 760; 774; 14; 5419
INTERNAL; 760; 774; 14; 5419; INTERNAL; 759; 773; 14; 10087
INTERNAL; 775; 775; 0; 5321; INTERNAL; 759; 774; 15; 5866
INTERNAL; 759; 774; 15; 5866; INTERNAL; 751; 773; 22; 10088
INTERNAL; 776; 776; 0; 4151; INTERNAL; 760; 775; 15; 4827
INTERNAL; 776; 776; 0; 4151; INTERNAL; 759; 775; 16; 8632
INTERNAL; 759; 775; 16; 8632; INTERNAL; 751; 774; 23; 9722
INTERNAL; 777; 777; 0; 5555; INTERNAL; 759; 776; 17; 4716
INTERNAL; 759; 776; 17; 4716; INTERNAL; 752; 775; 23; 3619
INTERNAL; 777; 777; 0; 5555; INTERNAL; 760; 776; 16; 4879
INTERNAL; 779; 779; 0; 5337; INTERNAL; 759; 778; 19; 5639
INTERNAL; 759; 778; 19; 5639; INTERNAL; 754; 777; 23; 5456
INTERNAL; 779; 779; 0; 5337; INTERNAL; 759; 778; 19; 4734
INTERNAL; 779; 779; 0; 5337; INTERNAL; 760; 778; 18; 4958
INTERNAL; 781; 781; 0; 6320; INTERNAL; 760; 780; 20; 3867
INTERNAL; 760; 780; 20; 3867; INTERNAL; 759; 779; 20; 4974
INTERNAL; 782; 782; 0; 4767; INTERNAL; 760; 781; 21; 4753
INTERNAL; 807; 807; 0; 5002; INTERNAL; 806; 806; 0; 4992
INTERNAL; 806; 806; 0; 4992; INTERNAL; 783; 805; 22; 9796
INTERNAL; 806; 806; 0; 4992; INTERNAL; 805; 805; 0; 6271
INTERNAL; 805; 805; 0; 6271; INTERNAL; 804; 804; 0; 4984
INTERNAL; 804; 804; 0; 4984; INTERNAL; 803; 803; 0; 4966
INTERNAL; 803; 803; 0; 4966; INTERNAL; 802; 802; 0; 5938
INTERNAL; 802; 802; 0; 5938; INTERNAL; 783; 801; 18; 8482
INTERNAL; 802; 802; 0; 5938; INTERNAL; 783; 801; 18; 6218
INTERNAL; 802; 802; 0; 5938; INTERNAL; 784; 801; 17; 4956
INTERNAL; 784; 801; 17; 4956; INTERNAL; 783; 799; 16; 7372
INTERNAL; 783; 799; 16; 7372; INTERNAL; 776; 798; 22; 6217
INTERNAL; 802; 802; 0; 5938; INTERNAL; 801; 801; 0; 4960
INTERNAL; 801; 801; 0; 4960; INTERNAL; 784; 800; 16; 6003
INTERNAL; 801; 801; 0; 4960; INTERNAL; 783; 800; 17; 4946
INTERNAL; 783; 800; 17; 4946; INTERNAL; 775; 799; 24; 10125
INTERNAL; 801; 801; 0; 4960; INTERNAL; 800; 800; 0; 7103
INTERNAL; 800; 800; 0; 7103; INTERNAL; 799; 799; 0; 4935
INTERNAL; 799; 799; 0; 4935; INTERNAL; 798; 798; 0; 5490
INTERNAL; 798; 798; 0; 5490; INTERNAL; 783; 797; 14; 4902
INTERNAL; 798; 798; 0; 5490; INTERNAL; 784; 797; 13; 4736
INTERNAL; 784; 797; 13; 4736; INTERNAL; 783; 795; 12; 4332
INTERNAL; 783; 795; 12; 4332; INTERNAL; 772; 794; 22; 8867
INTERNAL; 798; 798; 0; 5490; INTERNAL; 783; 797; 14; 4906
INTERNAL; 798; 798; 0; 5490; INTERNAL; 797; 797; 0; 6484
INTERNAL; 797; 797; 0; 6484; INTERNAL; 796; 796; 0; 5900
INTERNAL; 796; 796; 0; 5900; INTERNAL; 795; 795; 0; 6680
INTERNAL; 795; 795; 0; 6680; INTERNAL; 784; 794; 10; 4889
INTERNAL; 784; 794; 10; 4889; INTERNAL; 783; 793; 10; 4673
INTERNAL; 783; 793; 10; 4673; INTERNAL; 770; 792; 22; 4654
INTERNAL; 795; 795; 0; 6680; INTERNAL; 783; 794; 11; 5357
INTERNAL; 783; 794; 11; 5357; INTERNAL; 770; 793; 23; 10118
INTERNAL; 770; 793; 23; 10118; INTERNAL; 769; 792; 23; 10115
INTERNAL; 795; 795; 0; 6680; INTERNAL; 783; 794; 11; 6025
INTERNAL; 795; 795; 0; 6680; INTERNAL; 794; 794; 0; 5967
INTERNAL; 794; 794; 0; 5967; INTERNAL; 793; 793; 0; 6024
INTERNAL; 793; 793; 0; 6024; INTERNAL; 783; 792; 9; 4887
INTERNAL; 793; 793; 0; 6024; INTERNAL; 783; 792; 9; 5433
INTERNAL; 783; 792; 9; 5433; INTERNAL; 768; 791; 23; 5041
INTERNAL; 768; 791; 23; 5041; INTERNAL; 767; 790; 23; 8817
INTERNAL; 793; 793; 0; 6024; INTERNAL; 784; 792; 8; 4883
INTERNAL; 784; 792; 8; 4883; INTERNAL; 783; 791; 8; 8095
INTERNAL; 783; 791; 8; 8095; INTERNAL; 768; 790; 22; 9626
INTERNAL; 793; 793; 0; 6024; INTERNAL; 792; 792; 0; 5135
INTERNAL; 792; 792; 0; 5135; INTERNAL; 784; 791; 7; 4856
INTERNAL; 784; 791; 7; 4856; INTERNAL; 783; 789; 6; 10122
INTERNAL; 783; 789; 6; 10122; INTERNAL; 766; 788; 22; 10111
INTERNAL; 792; 792; 0; 5135; INTERNAL; 791; 791; 0; 7597
INTERNAL; 791; 791; 0; 7597; INTERNAL; 790; 790; 0; 6023
INTERNAL; 790; 790; 0; 6023; INTERNAL; 783; 789; 6; 4599
INTERNAL; 783; 789; 6; 4599; INTERNAL; 765; 788; 23; 10110
INTERNAL; 790; 790; 0; 6023; INTERNAL; 789; 789; 0; 3211
INTERNAL; 789; 789; 0; 3211; INTERNAL; 788; 788; 0; 3695
INTERNAL; 788; 788; 0; 3695; INTERNAL; 783; 787; 4; 6865
INTERNAL; 783; 787; 4; 6865; INTERNAL; 763; 786; 23; 10108
INTERNAL; 788; 788; 0; 3695; INTERNAL; 783; 787; 4; 6401
INTERNAL; 788; 788; 0; 3695; INTERNAL; 784; 787; 3; 4797
INTERNAL; 784; 787; 3; 4797; INTERNAL; 783; 785; 2; 10104
INTERNAL; 783; 785; 2; 10104; INTERNAL; 762; 784; 22; 8045
INTERNAL; 788; 788; 0; 3695; INTERNAL; 787; 787; 0; 5831
INTERNAL; 787; 787; 0; 5831; INTERNAL; 784; 786; 2; 5959
INTERNAL; 787; 787; 0; 5831; INTERNAL; 783; 786; 3; 7330
INTERNAL; 783; 786; 3; 7330; INTERNAL; 762; 785; 23; 10106
INTERNAL; 762; 785; 23; 10106; INTERNAL; 761; 784; 23; 6096
INTERNAL; 787; 787; 0; 5831; INTERNAL; 783; 786; 3; 4790
INTERNAL; 787; 787; 0; 5831; INTERNAL; 786; 786; 0; 8759
INTERNAL; 786; 786; 0; 8759; INTERNAL; 783; 785; 2; 4501
INTERNAL; 786; 786; 0; 8759; INTERNAL; 784; 785; 1; 4741
INTERNAL; 784; 785; 1; 4741; INTERNAL; 783; 783; 0; 4403
INTERNAL; 783; 783; 0; 4403; INTERNAL; 760; 782; 22; 10100
INTERNAL; 786; 786; 0; 8759; INTERNAL; 783; 785; 2; 6722
INTERNAL; 786; 786; 0; 8759; INTERNAL; 785; 785; 0; 4393
INTERNAL; 785; 785; 0; 4393; INTERNAL; 784; 784; 0; 4725
INTERNAL; 785; 785; 0; 4393; INTERNAL; 783; 784; 1; 6057
INTERNAL; 783; 784; 1; 6057; INTERNAL; 759; 783; 24; 7846
INTERNAL; 783; 784; 1; 6057; INTERNAL; 759; 783; 24; 10102
INTERNAL; 785; 785; 0; 4393; INTERNAL; 784; 784; 0; 6107
INTERNAL; 784; 784; 0; 6107; INTERNAL; 783; 783; 0; 4770
INTERNAL; 784; 784; 0; 6107; INTERNAL; 783; 783; 0; 4892
INTERNAL; 784; 784; 0; 6107; INTERNAL; 783; 783; 0; 5030
INTERNAL; 784; 784; 0; 6107; INTERNAL; 783; 783; 0; 4773
INTERNAL; 785; 785; 0; 4393; INTERNAL; 783; 784; 1; 5288
INTERNAL; 789; 789; 0; 3211; INTERNAL; 783; 788; 5; 4657
INTERNAL; 783; 788; 5; 4657; INTERNAL; 764; 786; 22; 9137
INTERNAL; 789; 789; 0; 3211; INTERNAL; 784; 788; 4; 9670
INTERNAL; 784; 788; 4; 9670; INTERNAL; 783; 787; 4; 7646
INTERNAL; 789; 789; 0; 3211; INTERNAL; 783; 788; 5; 4987
INTERNAL; 783; 788; 5; 4987; INTERNAL; 764; 787; 23; 6780
INTERNAL; 790; 790; 0; 6023; INTERNAL; 784; 789; 5; 4806
INTERNAL; 790; 790; 0; 6023; INTERNAL; 783; 789; 6; 5382
INTERNAL; 791; 791; 0; 7597; INTERNAL; 783; 790; 7; 4832
INTERNAL; 783; 790; 7; 4832; INTERNAL; 766; 789; 23; 10112
INTERNAL; 791; 791; 0; 7597; INTERNAL; 784; 790; 6; 6825
INTERNAL; 791; 791; 0; 7597; INTERNAL; 783; 790; 7; 3723
INTERNAL; 792; 792; 0; 5135; INTERNAL; 783; 791; 8; 4882
INTERNAL; 792; 792; 0; 5135; INTERNAL; 783; 791; 8; 5277
INTERNAL; 794; 794; 0; 5967; INTERNAL; 783; 793; 10; 4729
INTERNAL; 794; 794; 0; 5967; INTERNAL; 783; 793; 10; 5369
INTERNAL; 794; 794; 0; 5967; INTERNAL; 784; 793; 9; 7038
INTERNAL; 796; 796; 0; 5900; INTERNAL; 783; 795; 12; 5411
INTERNAL; 796; 796; 0; 5900; INTERNAL; 784; 795; 11; 4897
INTERNAL; 796; 796; 0; 5900; INTERNAL; 783; 795; 12; 9914
INTERNAL; 797; 797; 0; 6484; INTERNAL; 783; 796; 13; 4899
INTERNAL; 783; 796; 13; 4899; INTERNAL; 771; 795; 24; 10121
INTERNAL; 797; 797; 0; 6484; INTERNAL; 784; 796; 12; 5666
INTERNAL; 797; 797; 0; 6484; INTERNAL; 783; 796; 13; 8158
INTERNAL; 799; 799; 0; 4935; INTERNAL; 784; 798; 14; 6571
INTERNAL; 784; 798; 14; 6571; INTERNAL; 783; 797; 14; 10123
INTERNAL; 783; 797; 14; 10123; INTERNAL; 774; 796; 22; 6100
INTERNAL; 799; 799; 0; 4935; INTERNAL; 783; 798; 15; 4927
INTERNAL; 799; 799; 0; 4935; INTERNAL; 783; 798; 15; 5512
INTERNAL; 783; 798; 15; 5512; INTERNAL; 773; 797; 24; 9784
INTERNAL; 800; 800; 0; 7103; INTERNAL; 783; 799; 16; 3492
INTERNAL; 800; 800; 0; 7103; INTERNAL; 784; 799; 15; 9973
INTERNAL; 800; 800; 0; 7103; INTERNAL; 783; 799; 16; 5764
INTERNAL; 801; 801; 0; 4960; INTERNAL; 783; 800; 17; 4456
INTERNAL; 803; 803; 0; 4966; INTERNAL; 784; 802; 18; 5038
INTERNAL; 784; 802; 18; 5038; INTERNAL; 783; 801; 18; 8412
INTERNAL; 783; 801; 18; 8412; INTERNAL; 778; 800; 22; 10127
INTERNAL; 803; 803; 0; 4966; INTERNAL; 783; 802; 19; 5074
INTERNAL; 783; 802; 19; 5074; INTERNAL; 777; 801; 24; 9114
INTERNAL; 803; 803; 0; 4966; INTERNAL; 783; 802; 19; 9208
INTERNAL; 804; 804; 0; 4984; INTERNAL; 784; 803; 19; 4860
INTERNAL; 804; 804; 0; 4984; INTERNAL; 783; 803; 20; 4971
INTERNAL; 804; 804; 0; 4984; INTERNAL; 783; 803; 20; 5819
INTERNAL; 805; 805; 0; 6271; INTERNAL; 784; 804; 20; 6545
INTERNAL; 784; 804; 20; 6545; INTERNAL; 783; 803; 20; 5374
INTERNAL; 783; 803; 20; 5374; INTERNAL; 780; 802; 22; 8528
INTERNAL; 805; 805; 0; 6271; INTERNAL; 783; 804; 21; 4979
INTERNAL; 805; 805; 0; 6271; INTERNAL; 783; 804; 21; 5020
INTERNAL; 783; 804; 21; 5020; INTERNAL; 779; 803; 24; 8545
INTERNAL; 806; 806; 0; 4992; INTERNAL; 783; 805; 22; 5123
INTERNAL; 806; 806; 0; 4992; INTERNAL; 784; 805; 21; 4986
INTERNAL; 807; 807; 0; 5002; INTERNAL; 783; 806; 23; 9399
INTERNAL; 783; 806; 23; 9399; INTERNAL; 781; 805; 24; 6440
INTERNAL; 807; 807; 0; 5002; INTERNAL; 784; 806; 22; 5925
INTERNAL; 784; 806; 22; 5925; INTERNAL; 783; 805; 22; 9615
INTERNAL; 783; 805; 22; 9615; INTERNAL; 782; 804; 22; 7836
INTERNAL; 808; 808; 0; 4125; INTERNAL; 784; 807; 23; 5587
UNKNOWN; -1; -1; -1; -1; OUTPUT; 860; 860; 0; 668
OUTPUT; 860; 860; 0; 668; INTERNAL; 859; 859; 0; 9015
UNKNOWN; -1; -1; -1; -1; OUTPUT; 860; 860; 0; 3
OUTPUT; 860; 860; 0; 3; INTERNAL; 859; 859; 0; 1233
UNKNOWN; -1; -1; -1; -1; OUTPUT; 143; 860; 717; 8444
UNKNOWN; -1; -1; -1; -1; OUTPUT; 860; 860; 0; 3085
OUTPUT; 860; 860; 0; 3085; INTERNAL; 859; 859; 0; 58
INTERNAL; 859; 859; 0; 58; INTERNAL; 846; 858; 12; 109
UNKNOWN; -1; -1; -1; -1; OUTPUT; 15; 860; 845; 3613
UNKNOWN; -1; -1; -1; -1; OUTPUT; 860; 860; 0; 25
OUTPUT; 860; 860; 0; 25; INTERNAL; 859; 859; 0; 74
INTERNAL; 859; 859; 0; 74; INTERNAL; 834; 857; 23; 7990
UNKNOWN; -1; -1; -1; -1; OUTPUT; 8; 860; 852; 9980
OUTPUT; 8; 860; 852; 9980; INTERNAL; 7; 859; 852; 3015
UNKNOWN; -1; -1; -1; -1; OUTPUT; 641; 860; 219; 6369
UNKNOWN; -1; -1; -1; -1; OUTPUT; 860; 860; 0; 5468
OUTPUT; 860; 860; 0; 5468; INTERNAL; 859; 859; 0; 50
UNKNOWN; -1; -1; -1; -1; OUTPUT; 201; 860; 659; 1142
UNKNOWN; -1; -1; -1; -1; OUTPUT; 860; 860; 0; 14
OUTPUT; 860; 860; 0; 14; INTERNAL; 859; 859; 0; 1389
UNKNOWN; -1; -1; -1; -1; OUTPUT; 711; 860; 149; 9639
UNKNOWN; -1; -1; -1; -1; OUTPUT; 104; 860; 756; 2759
UNKNOWN; -1; -1; -1; -1; OUTPUT; 860; 860; 0; 1
OUTPUT; 860; 860; 0; 1; INTERNAL; 859; 859; 0; 9849
INTERNAL; 859; 859; 0; 9849; INTERNAL; 855; 858; 3; 52
UNKNOWN; -1; -1; -1; -1; OUTPUT; 860; 860; 0; 2740
OUTPUT; 860; 860; 0; 2740; INTERNAL; 859; 859; 0; 590
INTERNAL; 859; 859; 0; 590; INTERNAL; 839; 858; 19; 4858
INTERNAL; 839; 858; 19; 4858; INTERNAL; 838; 857; 19; 8071
UNKNOWN; -1; -1; -1; -1; OUTPUT; 860; 860; 0; 5770
OUTPUT; 860; 860; 0; 5770; INTERNAL; 859; 859; 0; 5778
INTERNAL; 859; 859; 0; 5778; INTERNAL; 853; 858; 5; 7273
UNKNOWN; -1; -1; -1; -1; OUTPUT; 364; 860; 496; 37
UNKNOWN; -1; -1; -1; -1; OUTPUT; 860; 860; 0; 20
OUTPUT; 860; 860; 0; 20; INTERNAL; 859; 859; 0; 9210
INTERNAL; 859; 859; 0; 9210; INTERNAL; 839; 858; 19; 6996
UNKNOWN; -1; -1; -1; -1; OUTPUT; 860; 860; 0; 2210
OUTPUT; 860; 860; 0; 2210; INTERNAL; 859; 859; 0; 71
INTERNAL; 859; 859; 0; 71; INTERNAL; 835; 858; 23; 2583
UNKNOWN; -1; -1; -1; -1; OUTPUT; 95; 860; 765; 9279
UNKNOWN; -1; -1; -1; -1; OUTPUT; 12; 860; 848; 4921
UNKNOWN; -1; -1; -1; -1; OUTPUT; 860; 860; 0; 1178
OUTPUT; 860; 860; 0; 1178; INTERNAL; 859; 859; 0; 66
UNKNOWN; -1; -1; -1; -1; OUTPUT; 576; 860; 284; 41
UNKNOWN; -1; -1; -1; -1; OUTPUT; 860; 860; 0; 15
OUTPUT; 860; 860; 0; 15; INTERNAL; 859; 859; 0; 3299
INTERNAL; 859; 859; 0; 3299; INTERNAL; 841; 858; 17; 563
UNKNOWN; -1; -1; -1; -1; OUTPUT; 860; 860; 0; 9
OUTPUT; 860; 860; 0; 9; INTERNAL; 859; 859; 0; 4004
UNKNOWN; -1; -1; -1; -1; OUTPUT; 860; 860; 0; 8
OUTPUT; 860; 860; 0; 8; INTERNAL; 859; 859; 0; 1963
UNKNOWN; -1; -1; -1; -1; OUTPUT; 860; 860; 0; 8761
OUTPUT; 860; 860; 0; 8761; INTERNAL; 859; 859; 0; 8194
INTERNAL; 859; 859; 0; 8194; INTERNAL; 837; 858; 21; 67
UNKNOWN; -1; -1; -1; -1; OUTPUT; 860; 860; 0; 3669
OUTPUT; 860; 860; 0; 3669; INTERNAL; 859; 859; 0; 70
INTERNAL; 859; 859; 0; 70; INTERNAL; 837; 858; 21; 6281
INTERNAL; 837; 858; 21; 6281; INTERNAL; 836; 857; 21; 2601
UNKNOWN; -1; -1; -1; -1; OUTPUT; 860; 860; 0; 8578
OUTPUT; 860; 860; 0; 8578; INTERNAL; 859; 859; 0; 4676
INTERNAL; 859; 859; 0; 4676; INTERNAL; 856; 858; 2; 3815
UNKNOWN; -1; -1; -1; -1; OUTPUT; 399; 860; 461; 9401
UNKNOWN; -1; -1; -1; -1; OUTPUT; 860; 860; 0; 8044
OUTPUT; 860; 860; 0; 8044; INTERNAL; 859; 859; 0; 2852
UNKNOWN; -1; -1; -1; -1; OUTPUT; 166; 860; 694; 6793
UNKNOWN; -1; -1; -1; -1; OUTPUT; 214; 860; 646; 32
UNKNOWN; -1; -1; -1; -1; OUTPUT; 860; 860; 0; 16
OUTPUT; 860; 860; 0; 16; INTERNAL; 859; 859; 0; 6646
UNKNOWN; -1; -1; -1; -1; OUTPUT; 860; 860; 0; 11
OUTPUT; 860; 860; 0; 11; INTERNAL; 859; 859; 0; 2779
UNKNOWN; -1; -1; -1; -1; OUTPUT; 65; 860; 795; 69
UNKNOWN; -1; -1; -1; -1; OUTPUT; 860; 860; 0; 4260
OUTPUT; 860; 860; 0; 4260; INTERNAL; 859; 859; 0; 2417
UNKNOWN; -1; -1; -1; -1; OUTPUT; 87; 860; 773; 6659
UNKNOWN; -1; -1; -1; -1; OUTPUT; 783; 860; 77; 7046
UNKNOWN; -1; -1; -1; -1; OUTPUT; 10; 860; 850; 3864
OUTPUT; 10; 860; 850; 3864; INTERNAL; 9; 859; 850; 3013
UNKNOWN; -1; -1; -1; -1; OUTPUT; 860; 860; 0; 5530
OUTPUT; 860; 860; 0; 5530; INTERNAL; 859; 859; 0; 63
UNKNOWN; -1; -1; -1; -1; OUTPUT; 241; 860; 619; 34
UNKNOWN; -1; -1; -1; -1; OUTPUT; 417; 860; 443; 5211
UNKNOWN; -1; -1; -1; -1; OUTPUT; 10; 860; 850; 9018
UNKNOWN; -1; -1; -1; -1; OUTPUT; 860; 860; 0; 2804
OUTPUT; 860; 860; 0; 2804; INTERNAL; 859; 859; 0; 6578
UNKNOWN; -1; -1; -1; -1; OUTPUT; 177; 860; 683; 30
UNKNOWN; -1; -1; -1; -1; OUTPUT; 860; 860; 0; 7
OUTPUT; 860; 860; 0; 7; INTERNAL; 859; 859; 0; 54
INTERNAL; 859; 859; 0; 54; INTERNAL; 851; 858; 7; 116
UNKNOWN; -1; -1; -1; -1; OUTPUT; 79; 860; 781; 4990
UNKNOWN; -1; -1; -1; -1; OUTPUT; 315; 860; 545; 2295
UNKNOWN; -1; -1; -1; -1; OUTPUT; 40; 860; 820; 2052
UNKNOWN; -1; -1; -1; -1; OUTPUT; 58; 860; 802; 29
UNKNOWN; -1; -1; -1; -1; OUTPUT; 860; 860; 0; 597
OUTPUT; 860; 860; 0; 597; INTERNAL; 859; 859; 0; 4909
INTERNAL; 859; 859; 0; 4909; INTERNAL; 842; 858; 16; 62
UNKNOWN; -1; -1; -1; -1; OUTPUT; 860; 860; 0; 17
OUTPUT; 860; 860; 0; 17; INTERNAL; 859; 859; 0; 8602
INTERNAL; 859; 859; 0; 8602; INTERNAL; 840; 858; 18; 3442
UNKNOWN; -1; -1; -1; -1; OUTPUT; 114; 860; 746; 4527
UNKNOWN; -1; -1; -1; -1; OUTPUT; 22; 860; 838; 27
UNKNOWN; -1; -1; -1; -1; OUTPUT; 270; 860; 590; 35
UNKNOWN; -1; -1; -1; -1; OUTPUT; 154; 860; 706; 1182
UNKNOWN; -1; -1; -1; -1; OUTPUT; 454; 860; 406; 38
UNKNOWN; -1; -1; -1; -1; OUTPUT; 860; 860; 0; 4998
OUTPUT; 860; 860; 0; 4998; INTERNAL; 859; 859; 0; 57
UNKNOWN; -1; -1; -1; -1; OUTPUT; 435; 860; 425; 6778
UNKNOWN; -1; -1; -1; -1; OUTPUT; 860; 860; 0; 10
OUTPUT; 860; 860; 0; 10; INTERNAL; 859; 859; 0; 2340
UNKNOWN; -1; -1; -1; -1; OUTPUT; 860; 860; 0; 981
OUTPUT; 860; 860; 0; 981; INTERNAL; 859; 859; 0; 7430
UNKNOWN; -1; -1; -1; -1; OUTPUT; 860; 860; 0; 5182
OUTPUT; 860; 860; 0; 5182; INTERNAL; 859; 859; 0; 2445
INTERNAL; 859; 859; 0; 2445; INTERNAL; 854; 858; 4; 53
UNKNOWN; -1; -1; -1; -1; OUTPUT; 860; 860; 0; 21
OUTPUT; 860; 860; 0; 21; INTERNAL; 859; 859; 0; 5117
UNKNOWN; -1; -1; -1; -1; OUTPUT; 687; 860; 173; 4339
UNKNOWN; -1; -1; -1; -1; OUTPUT; 860; 860; 0; 23
OUTPUT; 860; 860; 0; 23; INTERNAL; 859; 859; 0; 9592
UNKNOWN; -1; -1; -1; -1; OUTPUT; 860; 860; 0; 4
OUTPUT; 860; 860; 0; 4; INTERNAL; 859; 859; 0; 6370
UNKNOWN; -1; -1; -1; -1; OUTPUT; 734; 860; 126; 499
UNKNOWN; -1; -1; -1; -1; OUTPUT; 513; 860; 347; 39
UNKNOWN; -1; -1; -1; -1; OUTPUT; 860; 860; 0; 1645
OUTPUT; 860; 860; 0; 1645; INTERNAL; 859; 859; 0; 65
UNKNOWN; -1; -1; -1; -1; OUTPUT; 860; 860; 0; 5482
OUTPUT; 860; 860; 0; 5482; INTERNAL; 859; 859; 0; 9632
INTERNAL; 859; 859; 0; 9632; INTERNAL; 857; 858; 1; 48
UNKNOWN; -1; -1; -1; -1; OUTPUT; 860; 860; 0; 3034
OUTPUT; 860; 860; 0; 3034; INTERNAL; 859; 859; 0; 181
INTERNAL; 859; 859; 0; 181; INTERNAL; 850; 858; 8; 55
UNKNOWN; -1; -1; -1; -1; OUTPUT; 133; 860; 727; 9654
UNKNOWN; -1; -1; -1; -1; OUTPUT; 300; 860; 560; 4277
UNKNOWN; -1; -1; -1; -1; OUTPUT; 860; 860; 0; 18
OUTPUT; 860; 860; 0; 18; INTERNAL; 859; 859; 0; 64
UNKNOWN; -1; -1; -1; -1; OUTPUT; 860; 860; 0; 0
OUTPUT; 860; 860; 0; 0; INTERNAL; 859; 859; 0; 49
UNKNOWN; -1; -1; -1; -1; OUTPUT; 18; 860; 842; 26
UNKNOWN; -1; -1; -1; -1; OUTPUT; 474; 860; 386; 4730
UNKNOWN; -1; -1; -1; -1; OUTPUT; 860; 860; 0; 12
OUTPUT; 860; 860; 0; 12; INTERNAL; 859; 859; 0; 4529
UNKNOWN; -1; -1; -1; -1; OUTPUT; 123; 860; 737; 8694
UNKNOWN; -1; -1; -1; -1; OUTPUT; 860; 860; 0; 1545
OUTPUT; 860; 860; 0; 1545; INTERNAL; 859; 859; 0; 73
INTERNAL; 859; 859; 0; 73; INTERNAL; 835; 858; 23; 72
UNKNOWN; -1; -1; -1; -1; OUTPUT; 347; 860; 513; 1649
UNKNOWN; -1; -1; -1; -1; OUTPUT; 25; 860; 835; 474
UNKNOWN; -1; -1; -1; -1; OUTPUT; 35; 860; 825; 4112
UNKNOWN; -1; -1; -1; -1; OUTPUT; 860; 860; 0; 6274
OUTPUT; 860; 860; 0; 6274; INTERNAL; 859; 859; 0; 47
UNKNOWN; -1; -1; -1; -1; OUTPUT; 860; 860; 0; 2213
OUTPUT; 860; 860; 0; 2213; INTERNAL; 859; 859; 0; 864
UNKNOWN; -1; -1; -1; -1; OUTPUT; 860; 860; 0; 22
OUTPUT; 860; 860; 0; 22; INTERNAL; 859; 859; 0; 593
UNKNOWN; -1; -1; -1; -1; OUTPUT; 860; 860; 0; 1261
OUTPUT; 860; 860; 0; 1261; INTERNAL; 859; 859; 0; 68
UNKNOWN; -1; -1; -1; -1; OUTPUT; 860; 860; 0; 24
OUTPUT; 860; 860; 0; 24; INTERNAL; 859; 859; 0; 1515
UNKNOWN; -1; -1; -1; -1; OUTPUT; 834; 860; 26; 5365
OUTPUT; 834; 860; 26; 5365; INTERNAL; 833; 833; 0; 5745
INTERNAL; 833; 833; 0; 5745; INTERNAL; 810; 832; 22; 6922
INTERNAL; 810; 832; 22; 6922; INTERNAL; 809; 831; 22; 3045
INTERNAL; 809; 831; 22; 3045; INTERNAL; 808; 830; 22; 3044
INTERNAL; 808; 830; 22; 3044; INTERNAL; 807; 829; 22; 8345
INTERNAL; 833; 833; 0; 5745; INTERNAL; 832; 832; 0; 6038
INTERNAL; 832; 832; 0; 6038; INTERNAL; 809; 831; 22; 10040
INTERNAL; 832; 832; 0; 6038; INTERNAL; 831; 831; 0; 9405
INTERNAL; 831; 831; 0; 9405; INTERNAL; 810; 830; 20; 6721
INTERNAL; 810; 830; 20; 6721; INTERNAL; 809; 828; 19; 9502
INTERNAL; 831; 831; 0; 9405; INTERNAL; 830; 830; 0; 5883
INTERNAL; 830; 830; 0; 5883; INTERNAL; 809; 829; 20; 5820
INTERNAL; 830; 830; 0; 5883; INTERNAL; 829; 829; 0; 5850
INTERNAL; 829; 829; 0; 5850; INTERNAL; 828; 828; 0; 5073
INTERNAL; 828; 828; 0; 5073; INTERNAL; 827; 827; 0; 5702
INTERNAL; 827; 827; 0; 5702; INTERNAL; 809; 826; 17; 9166
INTERNAL; 809; 826; 17; 9166; INTERNAL; 802; 825; 23; 3054
INTERNAL; 802; 825; 23; 3054; INTERNAL; 801; 823; 22; 9198
INTERNAL; 827; 827; 0; 5702; INTERNAL; 809; 826; 17; 5521
INTERNAL; 827; 827; 0; 5702; INTERNAL; 826; 826; 0; 4620
INTERNAL; 826; 826; 0; 4620; INTERNAL; 809; 825; 16; 4655
INTERNAL; 809; 825; 16; 4655; INTERNAL; 800; 823; 23; 5887
INTERNAL; 826; 826; 0; 4620; INTERNAL; 809; 825; 16; 3574
INTERNAL; 826; 826; 0; 4620; INTERNAL; 810; 825; 15; 6295
INTERNAL; 810; 825; 15; 6295; INTERNAL; 809; 824; 15; 4355
INTERNAL; 826; 826; 0; 4620; INTERNAL; 825; 825; 0; 4299
INTERNAL; 825; 825; 0; 4299; INTERNAL; 809; 824; 15; 5953
INTERNAL; 825; 825; 0; 4299; INTERNAL; 824; 824; 0; 4246
INTERNAL; 824; 824; 0; 4246; INTERNAL; 810; 823; 13; 5899
INTERNAL; 810; 823; 13; 5899; INTERNAL; 809; 822; 13; 3773
INTERNAL; 809; 822; 13; 3773; INTERNAL; 799; 821; 22; 3057
INTERNAL; 824; 824; 0; 4246; INTERNAL; 823; 823; 0; 8666
INTERNAL; 823; 823; 0; 8666; INTERNAL; 810; 822; 12; 7129
INTERNAL; 810; 822; 12; 7129; INTERNAL; 809; 820; 11; 3059
INTERNAL; 809; 820; 11; 3059; INTERNAL; 797; 819; 22; 3058
INTERNAL; 823; 823; 0; 8666; INTERNAL; 809; 822; 13; 5043
INTERNAL; 809; 822; 13; 5043; INTERNAL; 798; 821; 23; 4952
INTERNAL; 823; 823; 0; 8666; INTERNAL; 822; 822; 0; 9228
INTERNAL; 822; 822; 0; 9228; INTERNAL; 810; 821; 11; 5978
INTERNAL; 822; 822; 0; 9228; INTERNAL; 809; 821; 12; 4444
INTERNAL; 822; 822; 0; 9228; INTERNAL; 821; 821; 0; 3542
INTERNAL; 821; 821; 0; 3542; INTERNAL; 809; 820; 11; 8033
INTERNAL; 809; 820; 11; 8033; INTERNAL; 796; 819; 23; 3061
INTERNAL; 821; 821; 0; 3542; INTERNAL; 820; 820; 0; 8876
INTERNAL; 820; 820; 0; 8876; INTERNAL; 809; 819; 10; 4937
INTERNAL; 809; 819; 10; 4937; INTERNAL; 794; 817; 23; 3063
INTERNAL; 820; 820; 0; 8876; INTERNAL; 810; 819; 9; 3674
INTERNAL; 810; 819; 9; 3674; INTERNAL; 809; 818; 9; 3062
INTERNAL; 809; 818; 9; 3062; INTERNAL; 795; 817; 22; 8281
INTERNAL; 820; 820; 0; 8876; INTERNAL; 819; 819; 0; 5992
INTERNAL; 819; 819; 0; 5992; INTERNAL; 809; 818; 9; 6331
INTERNAL; 819; 819; 0; 5992; INTERNAL; 810; 818; 8; 6195
INTERNAL; 810; 818; 8; 6195; INTERNAL; 809; 816; 7; 9067
INTERNAL; 809; 816; 7; 9067; INTERNAL; 793; 815; 22; 3065
INTERNAL; 819; 819; 0; 5992; INTERNAL; 818; 818; 0; 6632
INTERNAL; 818; 818; 0; 6632; INTERNAL; 809; 817; 8; 6018
INTERNAL; 818; 818; 0; 6632; INTERNAL; 809; 817; 8; 5140
INTERNAL; 809; 817; 8; 5140; INTERNAL; 792; 815; 23; 3067
INTERNAL; 818; 818; 0; 6632; INTERNAL; 810; 817; 7; 10060
INTERNAL; 818; 818; 0; 6632; INTERNAL; 817; 817; 0; 4008
INTERNAL; 817; 817; 0; 4008; INTERNAL; 809; 816; 7; 5823
INTERNAL; 809; 816; 7; 5823; INTERNAL; 792; 815; 23; 3066
INTERNAL; 792; 815; 23; 3066; INTERNAL; 791; 813; 22; 3068
INTERNAL; 817; 817; 0; 4008; INTERNAL; 810; 816; 6; 3237
INTERNAL; 810; 816; 6; 3237; INTERNAL; 809; 814; 5; 3070
INTERNAL; 817; 817; 0; 4008; INTERNAL; 809; 816; 7; 4520
INTERNAL; 817; 817; 0; 4008; INTERNAL; 816; 816; 0; 6150
INTERNAL; 816; 816; 0; 6150; INTERNAL; 815; 815; 0; 5528
INTERNAL; 815; 815; 0; 5528; INTERNAL; 809; 814; 5; 8190
INTERNAL; 809; 814; 5; 8190; INTERNAL; 790; 813; 23; 8603
INTERNAL; 790; 813; 23; 8603; INTERNAL; 789; 811; 22; 3072
INTERNAL; 815; 815; 0; 5528; INTERNAL; 809; 814; 5; 4184
INTERNAL; 809; 814; 5; 4184; INTERNAL; 790; 813; 23; 3071
INTERNAL; 815; 815; 0; 5528; INTERNAL; 810; 814; 4; 6053
INTERNAL; 810; 814; 4; 6053; INTERNAL; 809; 812; 3; 4760
INTERNAL; 815; 815; 0; 5528; INTERNAL; 814; 814; 0; 8427
INTERNAL; 814; 814; 0; 8427; INTERNAL; 813; 813; 0; 6649
INTERNAL; 813; 813; 0; 6649; INTERNAL; 812; 812; 0; 5338
INTERNAL; 812; 812; 0; 5338; INTERNAL; 809; 811; 2; 5662
INTERNAL; 809; 811; 2; 5662; INTERNAL; 786; 809; 23; 10134
INTERNAL; 812; 812; 0; 5338; INTERNAL; 810; 811; 1; 9805
INTERNAL; 810; 811; 1; 9805; INTERNAL; 809; 810; 1; 5279
INTERNAL; 809; 810; 1; 5279; INTERNAL; 787; 809; 22; 10136
INTERNAL; 812; 812; 0; 5338; INTERNAL; 811; 811; 0; 5602
INTERNAL; 811; 811; 0; 5602; INTERNAL; 810; 810; 0; 5525
INTERNAL; 810; 810; 0; 5525; INTERNAL; 809; 809; 0; 10130
INTERNAL; 810; 810; 0; 5525; INTERNAL; 809; 809; 0; 3465
INTERNAL; 809; 809; 0; 3465; INTERNAL; 784; 808; 24; 5707
INTERNAL; 810; 810; 0; 5525; INTERNAL; 809; 809; 0; 5748
INTERNAL; 809; 809; 0; 5748; INTERNAL; 808; 808; 0; 9732
INTERNAL; 809; 809; 0; 5748; INTERNAL; 808; 808; 0; 7043
INTERNAL; 808; 808; 0; 7043; INTERNAL; 783; 807; 24; 8588
INTERNAL; 809; 809; 0; 5748; INTERNAL; 808; 808; 0; 10132
INTERNAL; 809; 809; 0; 5748; INTERNAL; 808; 808; 0; 7065
INTERNAL; 810; 810; 0; 5525; INTERNAL; 809; 809; 0; 4681
INTERNAL; 809; 809; 0; 4681; INTERNAL; 785; 808; 23; 4683
INTERNAL; 811; 811; 0; 5602; INTERNAL; 810; 810; 0; 5494
INTERNAL; 810; 810; 0; 5494; INTERNAL; 809; 809; 0; 5640
INTERNAL; 811; 811; 0; 5602; INTERNAL; 809; 810; 1; 6859
INTERNAL; 809; 810; 1; 6859; INTERNAL; 786; 809; 23; 10135
INTERNAL; 811; 811; 0; 5602; INTERNAL; 809; 810; 1; 5229
INTERNAL; 812; 812; 0; 5338; INTERNAL; 809; 811; 2; 6063
INTERNAL; 813; 813; 0; 6649; INTERNAL; 809; 812; 3; 5583
INTERNAL; 809; 812; 3; 5583; INTERNAL; 788; 811; 23; 6933
INTERNAL; 813; 813; 0; 6649; INTERNAL; 809; 812; 3; 5200
INTERNAL; 809; 812; 3; 5200; INTERNAL; 788; 811; 23; 10138
INTERNAL; 813; 813; 0; 6649; INTERNAL; 810; 812; 2; 5474
INTERNAL; 814; 814; 0; 8427; INTERNAL; 809; 813; 4; 5756
INTERNAL; 814; 814; 0; 8427; INTERNAL; 809; 813; 4; 5488
INTERNAL; 814; 814; 0; 8427; INTERNAL; 810; 813; 3; 7681
INTERNAL; 816; 816; 0; 6150; INTERNAL; 810; 815; 5; 5402
INTERNAL; 816; 816; 0; 6150; INTERNAL; 809; 815; 6; 8384
INTERNAL; 816; 816; 0; 6150; INTERNAL; 809; 815; 6; 8341
INTERNAL; 819; 819; 0; 5992; INTERNAL; 809; 818; 9; 6816
INTERNAL; 820; 820; 0; 8876; INTERNAL; 809; 819; 10; 6007
INTERNAL; 821; 821; 0; 3542; INTERNAL; 809; 820; 11; 3835
INTERNAL; 809; 820; 11; 3835; INTERNAL; 796; 819; 23; 3060
INTERNAL; 821; 821; 0; 3542; INTERNAL; 810; 820; 10; 9512
INTERNAL; 822; 822; 0; 9228; INTERNAL; 809; 821; 12; 5961
INTERNAL; 823; 823; 0; 8666; INTERNAL; 809; 822; 13; 8881
INTERNAL; 809; 822; 13; 8881; INTERNAL; 798; 821; 23; 9086
INTERNAL; 824; 824; 0; 4246; INTERNAL; 809; 823; 14; 4561
INTERNAL; 824; 824; 0; 4246; INTERNAL; 809; 823; 14; 5390
INTERNAL; 825; 825; 0; 4299; INTERNAL; 809; 824; 15; 5971
INTERNAL; 809; 824; 15; 5971; INTERNAL; 800; 823; 23; 3055
INTERNAL; 825; 825; 0; 4299; INTERNAL; 810; 824; 14; 7381
INTERNAL; 827; 827; 0; 5702; INTERNAL; 810; 826; 16; 6325
INTERNAL; 828; 828; 0; 5073; INTERNAL; 809; 827; 18; 5447
INTERNAL; 809; 827; 18; 5447; INTERNAL; 802; 826; 24; 3051
INTERNAL; 828; 828; 0; 5073; INTERNAL; 810; 827; 17; 6229
INTERNAL; 810; 827; 17; 6229; INTERNAL; 809; 826; 17; 3053
INTERNAL; 828; 828; 0; 5073; INTERNAL; 809; 827; 18; 4551
INTERNAL; 829; 829; 0; 5850; INTERNAL; 809; 828; 19; 5919
INTERNAL; 809; 828; 19; 5919; INTERNAL; 803; 827; 24; 3050
INTERNAL; 829; 829; 0; 5850; INTERNAL; 810; 828; 18; 5829
INTERNAL; 829; 829; 0; 5850; INTERNAL; 809; 828; 19; 5889
INTERNAL; 830; 830; 0; 5883; INTERNAL; 809; 829; 20; 5867
INTERNAL; 809; 829; 20; 5867; INTERNAL; 804; 828; 24; 3049
INTERNAL; 830; 830; 0; 5883; INTERNAL; 810; 829; 19; 4717
INTERNAL; 831; 831; 0; 9405; INTERNAL; 809; 830; 21; 6470
INTERNAL; 809; 830; 21; 6470; INTERNAL; 805; 829; 24; 3048
INTERNAL; 831; 831; 0; 9405; INTERNAL; 809; 830; 21; 5215
INTERNAL; 832; 832; 0; 6038; INTERNAL; 810; 831; 21; 5430
INTERNAL; 810; 831; 21; 5430; INTERNAL; 809; 830; 21; 3911
INTERNAL; 832; 832; 0; 6038; INTERNAL; 809; 831; 22; 7901
INTERNAL; 809; 831; 22; 7901; INTERNAL; 806; 830; 24; 3046
INTERNAL; 833; 833; 0; 5745; INTERNAL; 809; 832; 23; 4346
INTERNAL; 833; 833; 0; 5745; INTERNAL; 810; 832; 22; 6453
UNKNOWN; -1; -1; -1; -1; OUTPUT; 860; 860; 0; 829
OUTPUT; 860; 860; 0; 829; INTERNAL; 859; 859; 0; 7035
INTERNAL; 859; 859; 0; 7035; INTERNAL; 844; 858; 14; 1852
UNKNOWN; -1; -1; -1; -1; OUTPUT; 860; 860; 0; 2
OUTPUT; 860; 860; 0; 2; INTERNAL; 859; 859; 0; 318
UNKNOWN; -1; -1; -1; -1; OUTPUT; 860; 860; 0; 45
OUTPUT; 860; 860; 0; 45; INTERNAL; 859; 859; 0; 5408
INTERNAL; 859; 859; 0; 5408; INTERNAL; 858; 858; 0; 3213
INTERNAL; 858; 858; 0; 3213; INTERNAL; 834; 857; 23; 4751
INTERNAL; 858; 858; 0; 3213; INTERNAL; 857; 857; 0; 6617
INTERNAL; 857; 857; 0; 6617; INTERNAL; 834; 856; 22; 7948
INTERNAL; 857; 857; 0; 6617; INTERNAL; 856; 856; 0; 6803
INTERNAL; 856; 856; 0; 6803; INTERNAL; 855; 855; 0; 3359
INTERNAL; 855; 855; 0; 3359; INTERNAL; 834; 854; 20; 5807
INTERNAL; 834; 854; 20; 5807; INTERNAL; 828; 853; 25; 3017
INTERNAL; 855; 855; 0; 3359; INTERNAL; 834; 854; 20; 8615
INTERNAL; 834; 854; 20; 8615; INTERNAL; 829; 853; 24; 3018
INTERNAL; 855; 855; 0; 3359; INTERNAL; 834; 854; 20; 6609
INTERNAL; 855; 855; 0; 3359; INTERNAL; 854; 854; 0; 6333
INTERNAL; 854; 854; 0; 6333; INTERNAL; 834; 853; 19; 4667
INTERNAL; 854; 854; 0; 6333; INTERNAL; 853; 853; 0; 5834
INTERNAL; 853; 853; 0; 5834; INTERNAL; 834; 852; 18; 8916
INTERNAL; 834; 852; 18; 8916; INTERNAL; 827; 851; 24; 3019
INTERNAL; 853; 853; 0; 5834; INTERNAL; 834; 852; 18; 9410
INTERNAL; 834; 852; 18; 9410; INTERNAL; 826; 850; 24; 3021
INTERNAL; 853; 853; 0; 5834; INTERNAL; 852; 852; 0; 3184
INTERNAL; 852; 852; 0; 3184; INTERNAL; 851; 851; 0; 5575
INTERNAL; 851; 851; 0; 5575; INTERNAL; 834; 850; 16; 3955
INTERNAL; 834; 850; 16; 3955; INTERNAL; 825; 849; 24; 3022
INTERNAL; 851; 851; 0; 5575; INTERNAL; 834; 850; 16; 6330
INTERNAL; 834; 850; 16; 6330; INTERNAL; 824; 848; 24; 4195
INTERNAL; 851; 851; 0; 5575; INTERNAL; 850; 850; 0; 5946
INTERNAL; 850; 850; 0; 5946; INTERNAL; 834; 849; 15; 4877
INTERNAL; 850; 850; 0; 5946; INTERNAL; 834; 849; 15; 5577
INTERNAL; 850; 850; 0; 5946; INTERNAL; 834; 849; 15; 5021
INTERNAL; 850; 850; 0; 5946; INTERNAL; 849; 849; 0; 4886
INTERNAL; 849; 849; 0; 4886; INTERNAL; 834; 848; 14; 3150
INTERNAL; 834; 848; 14; 3150; INTERNAL; 823; 847; 24; 4644
INTERNAL; 849; 849; 0; 4886; INTERNAL; 848; 848; 0; 5241
INTERNAL; 848; 848; 0; 5241; INTERNAL; 834; 847; 13; 5222
INTERNAL; 834; 847; 13; 5222; INTERNAL; 822; 846; 24; 3023
INTERNAL; 848; 848; 0; 5241; INTERNAL; 834; 847; 13; 4585
INTERNAL; 848; 848; 0; 5241; INTERNAL; 847; 847; 0; 8919
INTERNAL; 847; 847; 0; 8919; INTERNAL; 834; 846; 12; 4588
INTERNAL; 847; 847; 0; 8919; INTERNAL; 834; 846; 12; 6241
INTERNAL; 834; 846; 12; 6241; INTERNAL; 820; 844; 24; 5119
INTERNAL; 847; 847; 0; 8919; INTERNAL; 834; 846; 12; 5422
INTERNAL; 834; 846; 12; 5422; INTERNAL; 821; 845; 24; 9758
INTERNAL; 847; 847; 0; 8919; INTERNAL; 846; 846; 0; 4579
INTERNAL; 846; 846; 0; 4579; INTERNAL; 834; 845; 11; 5120
INTERNAL; 846; 846; 0; 4579; INTERNAL; 834; 845; 11; 5146
INTERNAL; 846; 846; 0; 4579; INTERNAL; 834; 845; 11; 6413
INTERNAL; 846; 846; 0; 4579; INTERNAL; 845; 845; 0; 6239
INTERNAL; 845; 845; 0; 6239; INTERNAL; 834; 844; 10; 5722
INTERNAL; 845; 845; 0; 6239; INTERNAL; 834; 844; 10; 3241
INTERNAL; 834; 844; 10; 3241; INTERNAL; 819; 842; 23; 6056
INTERNAL; 819; 842; 23; 6056; INTERNAL; 818; 841; 23; 7182
INTERNAL; 845; 845; 0; 6239; INTERNAL; 844; 844; 0; 5342
INTERNAL; 844; 844; 0; 5342; INTERNAL; 834; 843; 9; 7210
INTERNAL; 844; 844; 0; 5342; INTERNAL; 843; 843; 0; 6868
INTERNAL; 843; 843; 0; 6868; INTERNAL; 834; 842; 8; 7061
INTERNAL; 834; 842; 8; 7061; INTERNAL; 817; 841; 24; 3025
INTERNAL; 843; 843; 0; 6868; INTERNAL; 834; 842; 8; 5656
INTERNAL; 843; 843; 0; 6868; INTERNAL; 834; 842; 8; 5591
INTERNAL; 834; 842; 8; 5591; INTERNAL; 817; 840; 23; 3026
INTERNAL; 817; 840; 23; 3026; INTERNAL; 816; 839; 23; 8217
INTERNAL; 843; 843; 0; 6868; INTERNAL; 842; 842; 0; 4528
INTERNAL; 842; 842; 0; 4528; INTERNAL; 834; 841; 7; 5035
INTERNAL; 842; 842; 0; 4528; INTERNAL; 834; 841; 7; 5334
INTERNAL; 842; 842; 0; 4528; INTERNAL; 834; 841; 7; 8598
INTERNAL; 842; 842; 0; 4528; INTERNAL; 841; 841; 0; 5164
INTERNAL; 841; 841; 0; 5164; INTERNAL; 835; 840; 5; 6524
INTERNAL; 835; 840; 5; 6524; INTERNAL; 834; 838; 4; 3030
INTERNAL; 834; 838; 4; 3030; INTERNAL; 815; 837; 22; 3660
INTERNAL; 815; 837; 22; 3660; INTERNAL; 814; 836; 22; 3029
INTERNAL; 841; 841; 0; 5164; INTERNAL; 840; 840; 0; 6641
INTERNAL; 840; 840; 0; 6641; INTERNAL; 834; 839; 5; 8461
INTERNAL; 840; 840; 0; 6641; INTERNAL; 839; 839; 0; 4085
INTERNAL; 839; 839; 0; 4085; INTERNAL; 834; 838; 4; 5196
INTERNAL; 834; 838; 4; 5196; INTERNAL; 813; 837; 24; 3031
INTERNAL; 839; 839; 0; 4085; INTERNAL; 834; 838; 4; 5008
INTERNAL; 839; 839; 0; 4085; INTERNAL; 838; 838; 0; 5410
INTERNAL; 838; 838; 0; 5410; INTERNAL; 837; 837; 0; 5857
INTERNAL; 837; 837; 0; 5857; INTERNAL; 835; 836; 1; 5812
INTERNAL; 835; 836; 1; 5812; INTERNAL; 834; 835; 1; 3036
INTERNAL; 837; 837; 0; 5857; INTERNAL; 836; 836; 0; 7161
INTERNAL; 836; 836; 0; 7161; INTERNAL; 834; 835; 1; 4793
INTERNAL; 834; 835; 1; 4793; INTERNAL; 811; 834; 23; 3040
INTERNAL; 811; 834; 23; 3040; INTERNAL; 810; 833; 23; 3037
INTERNAL; 836; 836; 0; 7161; INTERNAL; 834; 835; 1; 5663
INTERNAL; 836; 836; 0; 7161; INTERNAL; 834; 835; 1; 8658
INTERNAL; 836; 836; 0; 7161; INTERNAL; 835; 835; 0; 5660
INTERNAL; 835; 835; 0; 5660; INTERNAL; 834; 834; 0; 5716
INTERNAL; 834; 834; 0; 5716; INTERNAL; 809; 833; 24; 9545
INTERNAL; 835; 835; 0; 5660; INTERNAL; 834; 834; 0; 4873
INTERNAL; 835; 835; 0; 5660; INTERNAL; 834; 834; 0; 5648
INTERNAL; 834; 834; 0; 5648; INTERNAL; 833; 833; 0; 3043
INTERNAL; 834; 834; 0; 5648; INTERNAL; 2; 833; 831; 9666
INTERNAL; 834; 834; 0; 5648; INTERNAL; 833; 833; 0; 5167
INTERNAL; 833; 833; 0; 5167; INTERNAL; 809; 831; 22; 3042
INTERNAL; 833; 833; 0; 5167; INTERNAL; 810; 832; 22; 3041
INTERNAL; 835; 835; 0; 5660; INTERNAL; 834; 834; 0; 5723
INTERNAL; 835; 835; 0; 5660; INTERNAL; 834; 834; 0; 4609
INTERNAL; 837; 837; 0; 5857; INTERNAL; 834; 836; 2; 4940
INTERNAL; 834; 836; 2; 4940; INTERNAL; 811; 835; 24; 3033
INTERNAL; 837; 837; 0; 5857; INTERNAL; 834; 836; 2; 5069
INTERNAL; 838; 838; 0; 5410; INTERNAL; 835; 837; 2; 4370
INTERNAL; 838; 838; 0; 5410; INTERNAL; 834; 837; 3; 6601
INTERNAL; 834; 837; 3; 6601; INTERNAL; 812; 835; 23; 3032
INTERNAL; 838; 838; 0; 5410; INTERNAL; 834; 837; 3; 8702
INTERNAL; 834; 837; 3; 8702; INTERNAL; 813; 836; 23; 7420
INTERNAL; 840; 840; 0; 6641; INTERNAL; 835; 839; 4; 5107
INTERNAL; 840; 840; 0; 6641; INTERNAL; 834; 839; 5; 7137
INTERNAL; 841; 841; 0; 5164; INTERNAL; 834; 840; 6; 5560
INTERNAL; 834; 840; 6; 5560; INTERNAL; 815; 839; 24; 3028
INTERNAL; 841; 841; 0; 5164; INTERNAL; 834; 840; 6; 4356
INTERNAL; 844; 844; 0; 5342; INTERNAL; 834; 843; 9; 5194
INTERNAL; 844; 844; 0; 5342; INTERNAL; 834; 843; 9; 5659
INTERNAL; 845; 845; 0; 6239; INTERNAL; 834; 844; 10; 9445
INTERNAL; 834; 844; 10; 9445; INTERNAL; 819; 843; 24; 7717
INTERNAL; 848; 848; 0; 5241; INTERNAL; 834; 847; 13; 5225
INTERNAL; 849; 849; 0; 4886; INTERNAL; 834; 848; 14; 7730
INTERNAL; 849; 849; 0; 4886; INTERNAL; 834; 848; 14; 5463
INTERNAL; 851; 851; 0; 5575; INTERNAL; 834; 850; 16; 6351
INTERNAL; 852; 852; 0; 3184; INTERNAL; 834; 851; 17; 9003
INTERNAL; 852; 852; 0; 3184; INTERNAL; 834; 851; 17; 6097
INTERNAL; 852; 852; 0; 3184; INTERNAL; 834; 851; 17; 5604
INTERNAL; 853; 853; 0; 5834; INTERNAL; 834; 852; 18; 5585
INTERNAL; 854; 854; 0; 6333; INTERNAL; 834; 853; 19; 7012
INTERNAL; 856; 856; 0; 6803; INTERNAL; 834; 855; 21; 6245
INTERNAL; 856; 856; 0; 6803; INTERNAL; 834; 855; 21; 9640
INTERNAL; 856; 856; 0; 6803; INTERNAL; 834; 855; 21; 8650
INTERNAL; 857; 857; 0; 6617; INTERNAL; 834; 856; 22; 6949
INTERNAL; 834; 856; 22; 6949; INTERNAL; 830; 855; 25; 8053
INTERNAL; 857; 857; 0; 6617; INTERNAL; 834; 856; 22; 8156
INTERNAL; 834; 856; 22; 8156; INTERNAL; 831; 855; 24; 3016
INTERNAL; 858; 858; 0; 3213; INTERNAL; 834; 857; 23; 6995
INTERNAL; 858; 858; 0; 3213; INTERNAL; 834; 857; 23; 5491
INTERNAL; 859; 859; 0; 5408; INTERNAL; 833; 858; 25; 5774
INTERNAL; 859; 859; 0; 5408; INTERNAL; 834; 858; 24; 4391
INTERNAL; 834; 858; 24; 4391; INTERNAL; 832; 857; 25; 3314
UNKNOWN; -1; -1; -1; -1; OUTPUT; 860; 860; 0; 5
OUTPUT; 860; 860; 0; 5; INTERNAL; 859; 859; 0; 5563
INTERNAL; 859; 859; 0; 5563; INTERNAL; 852; 858; 6; 4800
UNKNOWN; -1; -1; -1; -1; OUTPUT; 860; 860; 0; 4933
OUTPUT; 860; 860; 0; 4933; INTERNAL; 859; 859; 0; 56
INTERNAL; 859; 859; 0; 56; INTERNAL; 849; 858; 9; 3380
UNKNOWN; -1; -1; -1; -1; OUTPUT; 382; 860; 478; 2970
UNKNOWN; -1; -1; -1; -1; OUTPUT; 860; 860; 0; 9263
OUTPUT; 860; 860; 0; 9263; INTERNAL; 859; 859; 0; 7686
UNKNOWN; -1; -1; -1; -1; OUTPUT; 860; 860; 0; 443
OUTPUT; 860; 860; 0; 443; INTERNAL; 859; 859; 0; 3605
INTERNAL; 859; 859; 0; 3605; INTERNAL; 848; 858; 10; 3088
UNKNOWN; -1; -1; -1; -1; OUTPUT; 51; 860; 809; 3460
UNKNOWN; -1; -1; -1; -1; OUTPUT; 554; 860; 306; 4361
UNKNOWN; -1; -1; -1; -1; OUTPUT; 533; 860; 327; 40
UNKNOWN; -1; -1; -1; -1; OUTPUT; 331; 860; 529; 4627
UNKNOWN; -1; -1; -1; -1; OUTPUT; 860; 860; 0; 3475
OUTPUT; 860; 860; 0; 3475; INTERNAL; 859; 859; 0; 75
UNKNOWN; -1; -1; -1; -1; OUTPUT; 759; 860; 101; 3504
UNKNOWN; -1; -1; -1; -1; OUTPUT; 72; 860; 788; 3400
UNKNOWN; -1; -1; -1; -1; OUTPUT; 860; 860; 0; 19
OUTPUT; 860; 860; 0; 19; INTERNAL; 859; 859; 0; 359
UNKNOWN; -1; -1; -1; -1; OUTPUT; 860; 860; 0; 6599
OUTPUT; 860; 860; 0; 6599; INTERNAL; 859; 859; 0; 3444
INTERNAL; 859; 859; 0; 3444; INTERNAL; 847; 858; 11; 7250
UNKNOWN; -1; -1; -1; -1; OUTPUT; 860; 860; 0; 7870
OUTPUT; 860; 860; 0; 7870; INTERNAL; 859; 859; 0; 61
UNKNOWN; -1; -1; -1; -1; OUTPUT; 30; 860; 830; 4640
UNKNOWN; -1; -1; -1; -1; OUTPUT; 860; 860; 0; 6
OUTPUT; 860; 860; 0; 6; INTERNAL; 859; 859; 0; 6782
UNKNOWN; -1; -1; -1; -1; OUTPUT; 860; 860; 0; 6712
OUTPUT; 860; 860; 0; 6712; INTERNAL; 859; 859; 0; 8902
INTERNAL; 859; 859; 0; 8902; INTERNAL; 845; 858; 13; 59
UNKNOWN; -1; -1; -1; -1; OUTPUT; 664; 860; 196; 6080
UNKNOWN; -1; -1; -1; -1; OUTPUT; 860; 860; 0; 3122
OUTPUT; 860; 860; 0; 3122; INTERNAL; 859; 859; 0; 5936
UNKNOWN; -1; -1; -1; -1; OUTPUT; 493; 860; 367; 5352
UNKNOWN; -1; -1; -1; -1; OUTPUT; 285; 860; 575; 36
