TYPE; ASAP; ALAP; SLACK; A; TYPE; ASAP; ALAP; SLACK; B
UNKNOWN; -1; -1; -1; -1; OUTPUT; 64; 73; 9; 2874
OUTPUT; 64; 73; 9; 2874; INTERNAL; 63; 72; 9; 5926
INTERNAL; 63; 72; 9; 5926; INTERNAL; 61; 61; 0; 376
INTERNAL; 61; 61; 0; 376; INTERNAL; 60; 60; 0; 4396
INTERNAL; 60; 60; 0; 4396; INTERNAL; 59; 59; 0; 7694
INTERNAL; 59; 59; 0; 7694; INTERNAL; 57; 58; 1; 473
INTERNAL; 57; 58; 1; 473; INTERNAL; 56; 57; 1; 975
INTERNAL; 56; 57; 1; 975; INTERNAL; 55; 55; 0; 6685
INTERNAL; 55; 55; 0; 6685; INTERNAL; 54; 54; 0; 581
INTERNAL; 54; 54; 0; 581; INTERNAL; 53; 53; 0; 4934
INTERNAL; 53; 53; 0; 4934; INTERNAL; 52; 52; 0; 630
INTERNAL; 52; 52; 0; 630; INTERNAL; 43; 50; 7; 1262
INTERNAL; 43; 50; 7; 1262; INTERNAL; 42; 48; 6; 1303
INTERNAL; 42; 48; 6; 1303; INTERNAL; 41; 46; 5; 1324
INTERNAL; 41; 46; 5; 1324; INTERNAL; 40; 44; 4; 1366
INTERNAL; 40; 44; 4; 1366; INTERNAL; 39; 43; 4; 3666
INTERNAL; 39; 43; 4; 3666; INTERNAL; 9; 42; 33; 3360
INTERNAL; 9; 42; 33; 3360; INTERNAL; 8; 40; 32; 1410
INTERNAL; 8; 40; 32; 1410; INTERNAL; 5; 5; 0; 2215
INTERNAL; 5; 5; 0; 2215; INTERNAL; 4; 4; 0; 5089
INTERNAL; 4; 4; 0; 5089; INTERNAL; 3; 3; 0; 5233
INTERNAL; 3; 3; 0; 5233; INTERNAL; 2; 2; 0; 3930
INTERNAL; 2; 2; 0; 3930; INPUT; 1; 1; 0; 1817
INTERNAL; 2; 2; 0; 3930; INPUT; 1; 1; 0; 3327
INTERNAL; 2; 2; 0; 3930; INPUT; 1; 1; 0; 3882
INTERNAL; 2; 2; 0; 3930; INPUT; 1; 1; 0; 3452
INTERNAL; 3; 3; 0; 5233; INTERNAL; 2; 2; 0; 3450
INTERNAL; 2; 2; 0; 3450; INPUT; 1; 1; 0; 6415
INTERNAL; 2; 2; 0; 3450; INPUT; 1; 1; 0; 4651
INTERNAL; 2; 2; 0; 3450; INPUT; 1; 1; 0; 4333
INTERNAL; 2; 2; 0; 3450; INPUT; 1; 1; 0; 2052
INTERNAL; 3; 3; 0; 5233; INTERNAL; 2; 2; 0; 3458
INTERNAL; 3; 3; 0; 5233; INTERNAL; 2; 2; 0; 3425
INTERNAL; 4; 4; 0; 5089; INTERNAL; 3; 3; 0; 3345
INTERNAL; 3; 3; 0; 3345; INTERNAL; 2; 2; 0; 7779
INTERNAL; 3; 3; 0; 3345; INTERNAL; 2; 2; 0; 3499
INTERNAL; 4; 4; 0; 5089; INTERNAL; 3; 3; 0; 1778
INTERNAL; 3; 3; 0; 1778; INTERNAL; 2; 2; 0; 2030
INTERNAL; 3; 3; 0; 1778; INTERNAL; 2; 2; 0; 5299
INTERNAL; 3; 3; 0; 1778; INTERNAL; 2; 2; 0; 3598
INTERNAL; 3; 3; 0; 1778; INTERNAL; 2; 2; 0; 5111
INTERNAL; 4; 4; 0; 5089; INTERNAL; 3; 3; 0; 4150
INTERNAL; 3; 3; 0; 4150; INTERNAL; 2; 2; 0; 4893
INTERNAL; 4; 4; 0; 5089; INTERNAL; 3; 3; 0; 5036
INTERNAL; 3; 3; 0; 5036; INTERNAL; 2; 2; 0; 3609
INTERNAL; 3; 3; 0; 5036; INTERNAL; 2; 2; 0; 5834
INTERNAL; 3; 3; 0; 5036; INTERNAL; 2; 2; 0; 3833
INTERNAL; 5; 5; 0; 2215; INTERNAL; 4; 4; 0; 3607
INTERNAL; 4; 4; 0; 3607; INTERNAL; 3; 3; 0; 3232
INTERNAL; 4; 4; 0; 3607; INTERNAL; 3; 3; 0; 7925
INTERNAL; 4; 4; 0; 3607; INTERNAL; 3; 3; 0; 3102
INTERNAL; 3; 3; 0; 3102; INTERNAL; 2; 2; 0; 6976
INTERNAL; 4; 4; 0; 3607; INTERNAL; 3; 3; 0; 5090
INTERNAL; 3; 3; 0; 5090; INTERNAL; 2; 2; 0; 4014
INTERNAL; 3; 3; 0; 5090; INTERNAL; 2; 2; 0; 2702
INTERNAL; 4; 4; 0; 3607; INTERNAL; 3; 3; 0; 6743
INTERNAL; 3; 3; 0; 6743; INTERNAL; 2; 2; 0; 6259
INTERNAL; 4; 4; 0; 3607; INTERNAL; 3; 3; 0; 7123
INTERNAL; 3; 3; 0; 7123; INTERNAL; 2; 2; 0; 4118
INTERNAL; 5; 5; 0; 2215; INTERNAL; 4; 4; 0; 7031
INTERNAL; 4; 4; 0; 7031; INTERNAL; 3; 3; 0; 4727
INTERNAL; 4; 4; 0; 7031; INTERNAL; 3; 3; 0; 4765
INTERNAL; 3; 3; 0; 4765; INTERNAL; 2; 2; 0; 3368
INTERNAL; 4; 4; 0; 7031; INTERNAL; 3; 3; 0; 4982
INTERNAL; 3; 3; 0; 4982; INTERNAL; 2; 2; 0; 2947
INTERNAL; 4; 4; 0; 7031; INTERNAL; 3; 3; 0; 6390
INTERNAL; 3; 3; 0; 6390; INTERNAL; 2; 2; 0; 2025
INTERNAL; 4; 4; 0; 7031; INTERNAL; 3; 3; 0; 3131
INTERNAL; 5; 5; 0; 2215; INTERNAL; 4; 4; 0; 4766
INTERNAL; 4; 4; 0; 4766; INTERNAL; 3; 3; 0; 4776
INTERNAL; 3; 3; 0; 4776; INTERNAL; 2; 2; 0; 2973
INTERNAL; 4; 4; 0; 4766; INTERNAL; 3; 3; 0; 1844
INTERNAL; 3; 3; 0; 1844; INTERNAL; 2; 2; 0; 4216
INTERNAL; 3; 3; 0; 1844; INTERNAL; 2; 2; 0; 3461
INTERNAL; 4; 4; 0; 4766; INTERNAL; 3; 3; 0; 7937
INTERNAL; 4; 4; 0; 4766; INTERNAL; 3; 3; 0; 3671
INTERNAL; 3; 3; 0; 3671; INTERNAL; 2; 2; 0; 6025
INTERNAL; 4; 4; 0; 4766; INTERNAL; 3; 3; 0; 3816
INTERNAL; 4; 4; 0; 4766; INTERNAL; 3; 3; 0; 6817
INTERNAL; 3; 3; 0; 6817; INTERNAL; 2; 2; 0; 4182
INTERNAL; 5; 5; 0; 2215; INTERNAL; 4; 4; 0; 2915
INTERNAL; 4; 4; 0; 2915; INTERNAL; 3; 3; 0; 2838
INTERNAL; 4; 4; 0; 2915; INTERNAL; 3; 3; 0; 2800
INTERNAL; 4; 4; 0; 2915; INTERNAL; 3; 3; 0; 4562
INTERNAL; 8; 40; 32; 1410; INTERNAL; 5; 39; 34; 1408
INTERNAL; 5; 39; 34; 1408; INTERNAL; 4; 4; 0; 3542
INTERNAL; 4; 4; 0; 3542; INTERNAL; 3; 3; 0; 3071
INTERNAL; 4; 4; 0; 3542; INTERNAL; 3; 3; 0; 3623
INTERNAL; 5; 39; 34; 1408; INTERNAL; 3; 3; 0; 3220
INTERNAL; 3; 3; 0; 3220; INTERNAL; 2; 2; 0; 3432
INTERNAL; 5; 39; 34; 1408; INTERNAL; 3; 3; 0; 4673
INTERNAL; 5; 39; 34; 1408; INTERNAL; 4; 6; 2; 2935
INTERNAL; 4; 6; 2; 2935; INTERNAL; 3; 3; 0; 3558
INTERNAL; 4; 6; 2; 2935; INTERNAL; 3; 3; 0; 3418
INTERNAL; 3; 3; 0; 3418; INTERNAL; 2; 2; 0; 3404
INTERNAL; 5; 39; 34; 1408; INTERNAL; 3; 3; 0; 3098
INTERNAL; 3; 3; 0; 3098; INTERNAL; 2; 2; 0; 3371
INTERNAL; 8; 40; 32; 1410; INTERNAL; 5; 39; 34; 1406
INTERNAL; 5; 39; 34; 1406; INTERNAL; 3; 3; 0; 3201
INTERNAL; 3; 3; 0; 3201; INTERNAL; 2; 2; 0; 3445
INTERNAL; 5; 39; 34; 1406; INTERNAL; 3; 3; 0; 2091
INTERNAL; 5; 39; 34; 1406; INTERNAL; 4; 4; 0; 5252
INTERNAL; 4; 4; 0; 5252; INTERNAL; 3; 3; 0; 6595
INTERNAL; 4; 4; 0; 5252; INTERNAL; 3; 3; 0; 3052
INTERNAL; 5; 39; 34; 1406; INTERNAL; 3; 3; 0; 4527
INTERNAL; 5; 39; 34; 1406; INTERNAL; 4; 7; 3; 5360
INTERNAL; 4; 7; 3; 5360; INTERNAL; 3; 3; 0; 3159
INTERNAL; 4; 7; 3; 5360; INTERNAL; 3; 3; 0; 4299
INTERNAL; 5; 39; 34; 1406; INTERNAL; 3; 3; 0; 4671
INTERNAL; 3; 3; 0; 4671; INTERNAL; 2; 2; 0; 3808
INTERNAL; 8; 40; 32; 1410; INTERNAL; 7; 39; 32; 3917
INTERNAL; 7; 39; 32; 3917; INTERNAL; 4; 4; 0; 4051
INTERNAL; 4; 4; 0; 4051; INTERNAL; 3; 3; 0; 3138
INTERNAL; 4; 4; 0; 4051; INTERNAL; 3; 3; 0; 4433
INTERNAL; 4; 4; 0; 4051; INTERNAL; 3; 3; 0; 4812
INTERNAL; 4; 4; 0; 4051; INTERNAL; 3; 3; 0; 4272
INTERNAL; 7; 39; 32; 3917; INTERNAL; 3; 3; 0; 6614
INTERNAL; 7; 39; 32; 3917; INTERNAL; 4; 38; 34; 1404
INTERNAL; 4; 38; 34; 1404; INTERNAL; 3; 3; 0; 2184
INTERNAL; 4; 38; 34; 1404; INTERNAL; 3; 3; 0; 3694
INTERNAL; 4; 38; 34; 1404; INTERNAL; 3; 3; 0; 2053
INTERNAL; 4; 38; 34; 1404; INTERNAL; 3; 3; 0; 3145
INTERNAL; 7; 39; 32; 3917; INTERNAL; 3; 3; 0; 4325
INTERNAL; 7; 39; 32; 3917; INTERNAL; 6; 12; 6; 5046
INTERNAL; 6; 12; 6; 5046; INTERNAL; 3; 3; 0; 3353
INTERNAL; 6; 12; 6; 5046; INTERNAL; 3; 4; 1; 2955
INTERNAL; 6; 12; 6; 5046; INTERNAL; 4; 4; 0; 3325
INTERNAL; 4; 4; 0; 3325; INTERNAL; 3; 3; 0; 4676
INTERNAL; 4; 4; 0; 3325; INTERNAL; 3; 3; 0; 3254
INTERNAL; 6; 12; 6; 5046; INTERNAL; 3; 3; 0; 4290
INTERNAL; 6; 12; 6; 5046; INTERNAL; 5; 11; 6; 4092
INTERNAL; 5; 11; 6; 4092; INTERNAL; 3; 3; 0; 4505
INTERNAL; 5; 11; 6; 4092; INTERNAL; 3; 3; 0; 4635
INTERNAL; 5; 11; 6; 4092; INTERNAL; 4; 10; 6; 4120
INTERNAL; 4; 10; 6; 4120; INTERNAL; 3; 3; 0; 4046
INTERNAL; 4; 10; 6; 4120; INTERNAL; 3; 3; 0; 3282
INTERNAL; 4; 10; 6; 4120; INTERNAL; 3; 3; 0; 2747
INTERNAL; 4; 10; 6; 4120; INTERNAL; 3; 3; 0; 4306
INTERNAL; 5; 11; 6; 4092; INTERNAL; 3; 4; 1; 5305
INTERNAL; 5; 11; 6; 4092; INTERNAL; 3; 3; 0; 3650
INTERNAL; 7; 39; 32; 3917; INTERNAL; 3; 3; 0; 3727
INTERNAL; 8; 40; 32; 1410; INTERNAL; 5; 39; 34; 1409
INTERNAL; 5; 39; 34; 1409; INTERNAL; 3; 3; 0; 5416
INTERNAL; 5; 39; 34; 1409; INTERNAL; 4; 38; 34; 1403
INTERNAL; 4; 38; 34; 1403; INTERNAL; 3; 3; 0; 4526
INTERNAL; 4; 38; 34; 1403; INTERNAL; 3; 3; 0; 2686
INTERNAL; 4; 38; 34; 1403; INTERNAL; 3; 3; 0; 4949
INTERNAL; 4; 38; 34; 1403; INTERNAL; 3; 4; 1; 3532
INTERNAL; 5; 39; 34; 1409; INTERNAL; 3; 3; 0; 4037
INTERNAL; 5; 39; 34; 1409; INTERNAL; 3; 3; 0; 4642
INTERNAL; 5; 39; 34; 1409; INTERNAL; 3; 3; 0; 3152
INTERNAL; 8; 40; 32; 1410; INTERNAL; 6; 23; 17; 4330
INTERNAL; 6; 23; 17; 4330; INTERNAL; 5; 22; 17; 6519
INTERNAL; 5; 22; 17; 6519; INTERNAL; 4; 21; 17; 6520
INTERNAL; 4; 21; 17; 6520; INTERNAL; 3; 3; 0; 2944
INTERNAL; 4; 21; 17; 6520; INTERNAL; 3; 3; 0; 4488
INTERNAL; 4; 21; 17; 6520; INTERNAL; 3; 3; 0; 5221
INTERNAL; 5; 22; 17; 6519; INTERNAL; 3; 3; 0; 5278
INTERNAL; 5; 22; 17; 6519; INTERNAL; 3; 3; 0; 4980
INTERNAL; 5; 22; 17; 6519; INTERNAL; 3; 3; 0; 4831
INTERNAL; 5; 22; 17; 6519; INTERNAL; 3; 3; 0; 4048
INTERNAL; 5; 22; 17; 6519; INTERNAL; 4; 21; 17; 5694
INTERNAL; 4; 21; 17; 5694; INTERNAL; 3; 3; 0; 3826
INTERNAL; 4; 21; 17; 5694; INTERNAL; 3; 3; 0; 6229
INTERNAL; 4; 21; 17; 5694; INTERNAL; 3; 3; 0; 7696
INTERNAL; 6; 23; 17; 4330; INTERNAL; 5; 17; 12; 6235
INTERNAL; 5; 17; 12; 6235; INTERNAL; 4; 16; 12; 6261
INTERNAL; 4; 16; 12; 6261; INTERNAL; 3; 3; 0; 3109
INTERNAL; 4; 16; 12; 6261; INTERNAL; 3; 3; 0; 2730
INTERNAL; 4; 16; 12; 6261; INTERNAL; 3; 3; 0; 3321
INTERNAL; 4; 16; 12; 6261; INTERNAL; 3; 3; 0; 3831
INTERNAL; 4; 16; 12; 6261; INTERNAL; 3; 3; 0; 3297
INTERNAL; 4; 16; 12; 6261; INTERNAL; 3; 3; 0; 7148
INTERNAL; 5; 17; 12; 6235; INTERNAL; 4; 16; 12; 5254
INTERNAL; 4; 16; 12; 5254; INTERNAL; 3; 3; 0; 5198
INTERNAL; 4; 16; 12; 5254; INTERNAL; 3; 3; 0; 4153
INTERNAL; 4; 16; 12; 5254; INTERNAL; 3; 3; 0; 3672
INTERNAL; 4; 16; 12; 5254; INTERNAL; 3; 3; 0; 6489
INTERNAL; 5; 17; 12; 6235; INTERNAL; 4; 6; 2; 5347
INTERNAL; 4; 6; 2; 5347; INTERNAL; 3; 3; 0; 3116
INTERNAL; 4; 6; 2; 5347; INTERNAL; 3; 4; 1; 4927
INTERNAL; 5; 17; 12; 6235; INTERNAL; 3; 3; 0; 4629
INTERNAL; 5; 17; 12; 6235; INTERNAL; 3; 3; 0; 5130
INTERNAL; 6; 23; 17; 4330; INTERNAL; 5; 22; 17; 6518
INTERNAL; 5; 22; 17; 6518; INTERNAL; 3; 3; 0; 3255
INTERNAL; 5; 22; 17; 6518; INTERNAL; 3; 5; 2; 7616
INTERNAL; 5; 22; 17; 6518; INTERNAL; 4; 4; 0; 5467
INTERNAL; 4; 4; 0; 5467; INTERNAL; 3; 3; 0; 3589
INTERNAL; 4; 4; 0; 5467; INTERNAL; 3; 3; 0; 5251
INTERNAL; 5; 22; 17; 6518; INTERNAL; 3; 3; 0; 5318
INTERNAL; 5; 22; 17; 6518; INTERNAL; 3; 3; 0; 4485
INTERNAL; 5; 22; 17; 6518; INTERNAL; 3; 3; 0; 3060
INTERNAL; 6; 23; 17; 4330; INTERNAL; 5; 8; 3; 6117
INTERNAL; 5; 8; 3; 6117; INTERNAL; 4; 5; 1; 3772
INTERNAL; 4; 5; 1; 3772; INTERNAL; 3; 3; 0; 4789
INTERNAL; 4; 5; 1; 3772; INTERNAL; 3; 3; 0; 5196
INTERNAL; 5; 8; 3; 6117; INTERNAL; 3; 6; 3; 5918
INTERNAL; 5; 8; 3; 6117; INTERNAL; 3; 3; 0; 4550
INTERNAL; 5; 8; 3; 6117; INTERNAL; 3; 3; 0; 3885
INTERNAL; 5; 8; 3; 6117; INTERNAL; 3; 3; 0; 4151
INTERNAL; 5; 8; 3; 6117; INTERNAL; 4; 4; 0; 6596
INTERNAL; 4; 4; 0; 6596; INTERNAL; 3; 3; 0; 2707
INTERNAL; 4; 4; 0; 6596; INTERNAL; 3; 3; 0; 5977
INTERNAL; 9; 42; 33; 3360; INTERNAL; 8; 40; 32; 5632
INTERNAL; 8; 40; 32; 5632; INTERNAL; 7; 18; 11; 2577
INTERNAL; 7; 18; 11; 2577; INTERNAL; 6; 17; 11; 5684
INTERNAL; 6; 17; 11; 5684; INTERNAL; 3; 3; 0; 2855
INTERNAL; 6; 17; 11; 5684; INTERNAL; 5; 16; 11; 6353
INTERNAL; 5; 16; 11; 6353; INTERNAL; 4; 15; 11; 6354
INTERNAL; 4; 15; 11; 6354; INTERNAL; 3; 3; 0; 3123
INTERNAL; 4; 15; 11; 6354; INTERNAL; 3; 3; 0; 4575
INTERNAL; 5; 16; 11; 6353; INTERNAL; 3; 3; 0; 2191
INTERNAL; 5; 16; 11; 6353; INTERNAL; 3; 3; 0; 6226
INTERNAL; 6; 17; 11; 5684; INTERNAL; 3; 4; 1; 7555
INTERNAL; 6; 17; 11; 5684; INTERNAL; 3; 3; 0; 4338
INTERNAL; 7; 18; 11; 2577; INTERNAL; 5; 17; 12; 4179
INTERNAL; 5; 17; 12; 4179; INTERNAL; 4; 7; 3; 5026
INTERNAL; 4; 7; 3; 5026; INTERNAL; 3; 3; 0; 4344
INTERNAL; 4; 7; 3; 5026; INTERNAL; 3; 3; 0; 5240
INTERNAL; 5; 17; 12; 4179; INTERNAL; 4; 6; 2; 1926
INTERNAL; 5; 17; 12; 4179; INTERNAL; 3; 3; 0; 4285
INTERNAL; 7; 18; 11; 2577; INTERNAL; 5; 17; 12; 5257
INTERNAL; 5; 17; 12; 5257; INTERNAL; 4; 16; 12; 6501
INTERNAL; 4; 16; 12; 6501; INTERNAL; 3; 3; 0; 4762
INTERNAL; 4; 16; 12; 6501; INTERNAL; 3; 3; 0; 4884
INTERNAL; 4; 16; 12; 6501; INTERNAL; 3; 3; 0; 3017
INTERNAL; 5; 17; 12; 5257; INTERNAL; 3; 3; 0; 3733
INTERNAL; 5; 17; 12; 5257; INTERNAL; 3; 3; 0; 3463
INTERNAL; 5; 17; 12; 5257; INTERNAL; 4; 4; 0; 5239
INTERNAL; 4; 4; 0; 5239; INTERNAL; 3; 3; 0; 4063
INTERNAL; 5; 17; 12; 5257; INTERNAL; 4; 6; 2; 2649
INTERNAL; 4; 6; 2; 2649; INTERNAL; 3; 3; 0; 4905
INTERNAL; 4; 6; 2; 2649; INTERNAL; 3; 3; 0; 3083
INTERNAL; 7; 18; 11; 2577; INTERNAL; 5; 17; 12; 1906
INTERNAL; 5; 17; 12; 1906; INTERNAL; 4; 16; 12; 2268
INTERNAL; 4; 16; 12; 2268; INTERNAL; 3; 3; 0; 7204
INTERNAL; 4; 16; 12; 2268; INTERNAL; 3; 3; 0; 4323
INTERNAL; 5; 17; 12; 1906; INTERNAL; 3; 3; 0; 5279
INTERNAL; 5; 17; 12; 1906; INTERNAL; 3; 3; 0; 3806
INTERNAL; 5; 17; 12; 1906; INTERNAL; 4; 4; 0; 4106
INTERNAL; 4; 4; 0; 4106; INTERNAL; 3; 3; 0; 4070
INTERNAL; 4; 4; 0; 4106; INTERNAL; 3; 3; 0; 3890
INTERNAL; 8; 40; 32; 5632; INTERNAL; 4; 4; 0; 4604
INTERNAL; 4; 4; 0; 4604; INTERNAL; 3; 3; 0; 3261
INTERNAL; 4; 4; 0; 4604; INTERNAL; 3; 3; 0; 4250
INTERNAL; 4; 4; 0; 4604; INTERNAL; 3; 3; 0; 4873
INTERNAL; 8; 40; 32; 5632; INTERNAL; 7; 30; 23; 6784
INTERNAL; 7; 30; 23; 6784; INTERNAL; 3; 4; 1; 7073
INTERNAL; 7; 30; 23; 6784; INTERNAL; 6; 23; 17; 3328
INTERNAL; 6; 23; 17; 3328; INTERNAL; 5; 9; 4; 7786
INTERNAL; 5; 9; 4; 7786; INTERNAL; 3; 3; 0; 3197
INTERNAL; 5; 9; 4; 7786; INTERNAL; 4; 8; 4; 5635
INTERNAL; 4; 8; 4; 5635; INTERNAL; 3; 5; 2; 5799
INTERNAL; 4; 8; 4; 5635; INTERNAL; 3; 3; 0; 5866
INTERNAL; 6; 23; 17; 3328; INTERNAL; 3; 3; 0; 5225
INTERNAL; 6; 23; 17; 3328; INTERNAL; 4; 22; 18; 6794
INTERNAL; 4; 22; 18; 6794; INTERNAL; 3; 3; 0; 3648
INTERNAL; 6; 23; 17; 3328; INTERNAL; 4; 22; 18; 6795
INTERNAL; 4; 22; 18; 6795; INTERNAL; 3; 3; 0; 3880
INTERNAL; 4; 22; 18; 6795; INTERNAL; 3; 3; 0; 3177
INTERNAL; 4; 22; 18; 6795; INTERNAL; 3; 3; 0; 3364
INTERNAL; 6; 23; 17; 3328; INTERNAL; 3; 3; 0; 2983
INTERNAL; 6; 23; 17; 3328; INTERNAL; 3; 3; 0; 4909
INTERNAL; 7; 30; 23; 6784; INTERNAL; 3; 3; 0; 4049
INTERNAL; 8; 40; 32; 5632; INTERNAL; 4; 4; 0; 3783
INTERNAL; 4; 4; 0; 3783; INTERNAL; 3; 3; 0; 5205
INTERNAL; 4; 4; 0; 3783; INTERNAL; 3; 3; 0; 6625
INTERNAL; 4; 4; 0; 3783; INTERNAL; 3; 3; 0; 4148
INTERNAL; 4; 4; 0; 3783; INTERNAL; 3; 3; 0; 2458
INTERNAL; 8; 40; 32; 5632; INTERNAL; 4; 4; 0; 3585
INTERNAL; 4; 4; 0; 3585; INTERNAL; 3; 3; 0; 2980
INTERNAL; 4; 4; 0; 3585; INTERNAL; 3; 3; 0; 4556
INTERNAL; 4; 4; 0; 3585; INTERNAL; 3; 3; 0; 3126
INTERNAL; 4; 4; 0; 3585; INTERNAL; 3; 3; 0; 7404
INTERNAL; 8; 40; 32; 5632; INTERNAL; 7; 39; 32; 1390
INTERNAL; 7; 39; 32; 1390; INTERNAL; 5; 38; 33; 1387
INTERNAL; 5; 38; 33; 1387; INTERNAL; 3; 3; 0; 4114
INTERNAL; 5; 38; 33; 1387; INTERNAL; 4; 4; 0; 7139
INTERNAL; 4; 4; 0; 7139; INTERNAL; 3; 3; 0; 3218
INTERNAL; 4; 4; 0; 7139; INTERNAL; 3; 3; 0; 4962
INTERNAL; 5; 38; 33; 1387; INTERNAL; 4; 8; 4; 2422
INTERNAL; 5; 38; 33; 1387; INTERNAL; 3; 3; 0; 4420
INTERNAL; 7; 39; 32; 1390; INTERNAL; 5; 38; 33; 1388
INTERNAL; 5; 38; 33; 1388; INTERNAL; 3; 3; 0; 4418
INTERNAL; 5; 38; 33; 1388; INTERNAL; 3; 3; 0; 4525
INTERNAL; 5; 38; 33; 1388; INTERNAL; 3; 3; 0; 3187
INTERNAL; 5; 38; 33; 1388; INTERNAL; 4; 37; 33; 1381
INTERNAL; 4; 37; 33; 1381; INTERNAL; 3; 3; 0; 4445
INTERNAL; 4; 37; 33; 1381; INTERNAL; 3; 3; 0; 4935
INTERNAL; 4; 37; 33; 1381; INTERNAL; 3; 3; 0; 3302
INTERNAL; 5; 38; 33; 1388; INTERNAL; 4; 32; 28; 6938
INTERNAL; 4; 32; 28; 6938; INTERNAL; 3; 3; 0; 4041
INTERNAL; 4; 32; 28; 6938; INTERNAL; 3; 3; 0; 3911
INTERNAL; 4; 32; 28; 6938; INTERNAL; 3; 3; 0; 4964
INTERNAL; 7; 39; 32; 1390; INTERNAL; 6; 38; 32; 1389
INTERNAL; 6; 38; 32; 1389; INTERNAL; 3; 3; 0; 3658
INTERNAL; 6; 38; 32; 1389; INTERNAL; 5; 37; 32; 1384
INTERNAL; 5; 37; 32; 1384; INTERNAL; 3; 3; 0; 4544
INTERNAL; 5; 37; 32; 1384; INTERNAL; 4; 7; 3; 2287
INTERNAL; 4; 7; 3; 2287; INTERNAL; 3; 3; 0; 4140
INTERNAL; 5; 37; 32; 1384; INTERNAL; 3; 3; 0; 6987
INTERNAL; 5; 37; 32; 1384; INTERNAL; 3; 3; 0; 4444
INTERNAL; 5; 37; 32; 1384; INTERNAL; 3; 3; 0; 4811
INTERNAL; 6; 38; 32; 1389; INTERNAL; 4; 37; 33; 1382
INTERNAL; 4; 37; 33; 1382; INTERNAL; 3; 3; 0; 3561
INTERNAL; 6; 38; 32; 1389; INTERNAL; 3; 4; 1; 3374
INTERNAL; 7; 39; 32; 1390; INTERNAL; 5; 38; 33; 1386
INTERNAL; 5; 38; 33; 1386; INTERNAL; 3; 3; 0; 4214
INTERNAL; 5; 38; 33; 1386; INTERNAL; 3; 3; 0; 5181
INTERNAL; 5; 38; 33; 1386; INTERNAL; 3; 3; 0; 4917
INTERNAL; 5; 38; 33; 1386; INTERNAL; 4; 5; 1; 4603
INTERNAL; 4; 5; 1; 4603; INTERNAL; 3; 3; 0; 3320
INTERNAL; 4; 5; 1; 4603; INTERNAL; 3; 3; 0; 3289
INTERNAL; 39; 43; 4; 3666; INTERNAL; 38; 42; 4; 1361
INTERNAL; 38; 42; 4; 1361; INTERNAL; 37; 37; 0; 6600
INTERNAL; 37; 37; 0; 6600; INTERNAL; 9; 36; 27; 4382
INTERNAL; 9; 36; 27; 4382; INTERNAL; 8; 33; 25; 6826
INTERNAL; 8; 33; 25; 6826; INTERNAL; 7; 16; 9; 5587
INTERNAL; 7; 16; 9; 5587; INTERNAL; 6; 15; 9; 5790
INTERNAL; 6; 15; 9; 5790; INTERNAL; 5; 14; 9; 5420
INTERNAL; 5; 14; 9; 5420; INTERNAL; 4; 13; 9; 6900
INTERNAL; 4; 13; 9; 6900; INTERNAL; 3; 3; 0; 3396
INTERNAL; 4; 13; 9; 6900; INTERNAL; 3; 4; 1; 3642
INTERNAL; 4; 13; 9; 6900; INTERNAL; 3; 3; 0; 3301
INTERNAL; 4; 13; 9; 6900; INTERNAL; 3; 3; 0; 6005
INTERNAL; 5; 14; 9; 5420; INTERNAL; 3; 13; 10; 4064
INTERNAL; 5; 14; 9; 5420; INTERNAL; 3; 13; 10; 5425
INTERNAL; 6; 15; 9; 5790; INTERNAL; 3; 14; 11; 3303
INTERNAL; 6; 15; 9; 5790; INTERNAL; 5; 14; 9; 5958
INTERNAL; 5; 14; 9; 5958; INTERNAL; 3; 3; 0; 1809
INTERNAL; 5; 14; 9; 5958; INTERNAL; 3; 3; 0; 5216
INTERNAL; 5; 14; 9; 5958; INTERNAL; 4; 13; 9; 5427
INTERNAL; 4; 13; 9; 5427; INTERNAL; 3; 3; 0; 7093
INTERNAL; 5; 14; 9; 5958; INTERNAL; 4; 13; 9; 1792
INTERNAL; 4; 13; 9; 1792; INTERNAL; 3; 3; 0; 5921
INTERNAL; 7; 16; 9; 5587; INTERNAL; 3; 15; 12; 5414
INTERNAL; 7; 16; 9; 5587; INTERNAL; 6; 15; 9; 4141
INTERNAL; 6; 15; 9; 4141; INTERNAL; 3; 14; 11; 1956
INTERNAL; 6; 15; 9; 4141; INTERNAL; 5; 14; 9; 3457
INTERNAL; 5; 14; 9; 3457; INTERNAL; 3; 3; 0; 2520
INTERNAL; 5; 14; 9; 3457; INTERNAL; 3; 3; 0; 5003
INTERNAL; 5; 14; 9; 3457; INTERNAL; 4; 13; 9; 5418
INTERNAL; 4; 13; 9; 5418; INTERNAL; 3; 3; 0; 4882
INTERNAL; 5; 14; 9; 3457; INTERNAL; 3; 3; 0; 4745
INTERNAL; 5; 14; 9; 3457; INTERNAL; 4; 13; 9; 5415
INTERNAL; 4; 13; 9; 5415; INTERNAL; 3; 3; 0; 7890
INTERNAL; 4; 13; 9; 5415; INTERNAL; 3; 4; 1; 2961
INTERNAL; 4; 13; 9; 5415; INTERNAL; 3; 3; 0; 4091
INTERNAL; 5; 14; 9; 3457; INTERNAL; 3; 3; 0; 3137
INTERNAL; 6; 15; 9; 4141; INTERNAL; 5; 14; 9; 7015
INTERNAL; 5; 14; 9; 7015; INTERNAL; 3; 13; 10; 4906
INTERNAL; 5; 14; 9; 7015; INTERNAL; 4; 4; 0; 3994
INTERNAL; 4; 4; 0; 3994; INTERNAL; 3; 3; 0; 4512
INTERNAL; 6; 15; 9; 4141; INTERNAL; 3; 3; 0; 4913
INTERNAL; 8; 33; 25; 6826; INTERNAL; 6; 32; 26; 5348
INTERNAL; 6; 32; 26; 5348; INTERNAL; 5; 31; 26; 6828
INTERNAL; 5; 31; 26; 6828; INTERNAL; 3; 3; 0; 3565
INTERNAL; 5; 31; 26; 6828; INTERNAL; 4; 6; 2; 5801
INTERNAL; 4; 6; 2; 5801; INTERNAL; 3; 3; 0; 4805
INTERNAL; 5; 31; 26; 6828; INTERNAL; 3; 3; 0; 4200
INTERNAL; 6; 32; 26; 5348; INTERNAL; 3; 31; 28; 6139
INTERNAL; 8; 33; 25; 6826; INTERNAL; 3; 32; 29; 5800
INTERNAL; 8; 33; 25; 6826; INTERNAL; 4; 32; 28; 2273
INTERNAL; 4; 32; 28; 2273; INTERNAL; 3; 3; 0; 2201
INTERNAL; 4; 32; 28; 2273; INTERNAL; 3; 3; 0; 3143
INTERNAL; 4; 32; 28; 2273; INTERNAL; 3; 3; 0; 2865
INTERNAL; 9; 36; 27; 4382; INTERNAL; 8; 32; 24; 4108
INTERNAL; 8; 32; 24; 4108; INTERNAL; 5; 30; 25; 6812
INTERNAL; 5; 30; 25; 6812; INTERNAL; 4; 4; 0; 6009
INTERNAL; 4; 4; 0; 6009; INTERNAL; 3; 3; 0; 4291
INTERNAL; 8; 32; 24; 4108; INTERNAL; 5; 13; 8; 6014
INTERNAL; 5; 13; 8; 6014; INTERNAL; 4; 12; 8; 5546
INTERNAL; 4; 12; 8; 5546; INTERNAL; 3; 3; 0; 2157
INTERNAL; 5; 13; 8; 6014; INTERNAL; 4; 12; 8; 6021
INTERNAL; 4; 12; 8; 6021; INTERNAL; 3; 3; 0; 2040
INTERNAL; 5; 13; 8; 6014; INTERNAL; 3; 3; 0; 3686
INTERNAL; 8; 32; 24; 4108; INTERNAL; 6; 31; 25; 6815
INTERNAL; 6; 31; 25; 6815; INTERNAL; 5; 30; 25; 6820
INTERNAL; 5; 30; 25; 6820; INTERNAL; 3; 3; 0; 3096
INTERNAL; 5; 30; 25; 6820; INTERNAL; 4; 4; 0; 2738
INTERNAL; 4; 4; 0; 2738; INTERNAL; 3; 3; 0; 7914
INTERNAL; 4; 4; 0; 2738; INTERNAL; 3; 3; 0; 4360
INTERNAL; 5; 30; 25; 6820; INTERNAL; 4; 6; 2; 3391
INTERNAL; 4; 6; 2; 3391; INTERNAL; 3; 3; 0; 2626
INTERNAL; 6; 31; 25; 6815; INTERNAL; 5; 14; 9; 5452
INTERNAL; 5; 14; 9; 5452; INTERNAL; 4; 4; 0; 7057
INTERNAL; 5; 14; 9; 5452; INTERNAL; 3; 13; 10; 5454
INTERNAL; 5; 14; 9; 5452; INTERNAL; 3; 3; 0; 5044
INTERNAL; 8; 32; 24; 4108; INTERNAL; 7; 11; 4; 1835
INTERNAL; 7; 11; 4; 1835; INTERNAL; 6; 10; 4; 4959
INTERNAL; 6; 10; 4; 4959; INTERNAL; 3; 3; 0; 6103
INTERNAL; 6; 10; 4; 4959; INTERNAL; 3; 3; 0; 3166
INTERNAL; 6; 10; 4; 4959; INTERNAL; 4; 9; 5; 1834
INTERNAL; 4; 9; 5; 1834; INTERNAL; 3; 3; 0; 7617
INTERNAL; 4; 9; 5; 1834; INTERNAL; 3; 3; 0; 4559
INTERNAL; 7; 11; 4; 1835; INTERNAL; 5; 10; 5; 2164
INTERNAL; 5; 10; 5; 2164; INTERNAL; 4; 9; 5; 4788
INTERNAL; 4; 9; 5; 4788; INTERNAL; 3; 3; 0; 3059
INTERNAL; 4; 9; 5; 4788; INTERNAL; 3; 3; 0; 4227
INTERNAL; 8; 32; 24; 4108; INTERNAL; 5; 14; 9; 5439
INTERNAL; 5; 14; 9; 5439; INTERNAL; 4; 13; 9; 5444
INTERNAL; 4; 13; 9; 5444; INTERNAL; 3; 3; 0; 4809
INTERNAL; 4; 13; 9; 5444; INTERNAL; 3; 3; 0; 2131
INTERNAL; 5; 14; 9; 5439; INTERNAL; 3; 3; 0; 3983
INTERNAL; 5; 14; 9; 5439; INTERNAL; 3; 3; 0; 4752
INTERNAL; 5; 14; 9; 5439; INTERNAL; 4; 13; 9; 5195
INTERNAL; 4; 13; 9; 5195; INTERNAL; 3; 3; 0; 7107
INTERNAL; 4; 13; 9; 5195; INTERNAL; 3; 3; 0; 6426
INTERNAL; 4; 13; 9; 5195; INTERNAL; 3; 3; 0; 5066
INTERNAL; 37; 37; 0; 6600; INTERNAL; 36; 36; 0; 3582
INTERNAL; 36; 36; 0; 3582; INTERNAL; 19; 35; 16; 3756
INTERNAL; 19; 35; 16; 3756; INTERNAL; 18; 33; 15; 6806
INTERNAL; 18; 33; 15; 6806; INTERNAL; 17; 32; 15; 6809
INTERNAL; 17; 32; 15; 6809; INTERNAL; 2; 7; 5; 2466
INTERNAL; 2; 7; 5; 2466; INPUT; 1; 6; 5; 4818
INTERNAL; 17; 32; 15; 6809; INTERNAL; 16; 20; 4; 5461
INTERNAL; 16; 20; 4; 5461; INTERNAL; 15; 18; 3; 5410
INTERNAL; 15; 18; 3; 5410; INTERNAL; 8; 17; 9; 5403
INTERNAL; 8; 17; 9; 5403; INTERNAL; 4; 11; 7; 3357
INTERNAL; 4; 11; 7; 3357; INTERNAL; 3; 3; 0; 3622
INTERNAL; 8; 17; 9; 5403; INTERNAL; 7; 16; 9; 6582
INTERNAL; 7; 16; 9; 6582; INTERNAL; 4; 14; 10; 5428
INTERNAL; 4; 14; 10; 5428; INTERNAL; 3; 3; 0; 3293
INTERNAL; 4; 14; 10; 5428; INTERNAL; 3; 4; 1; 3222
INTERNAL; 4; 14; 10; 5428; INTERNAL; 3; 3; 0; 4190
INTERNAL; 7; 16; 9; 6582; INTERNAL; 4; 15; 11; 5432
INTERNAL; 4; 15; 11; 5432; INTERNAL; 3; 3; 0; 3950
INTERNAL; 4; 15; 11; 5432; INTERNAL; 3; 3; 0; 3988
INTERNAL; 4; 15; 11; 5432; INTERNAL; 3; 3; 0; 4930
INTERNAL; 7; 16; 9; 6582; INTERNAL; 6; 15; 9; 1915
INTERNAL; 6; 15; 9; 1915; INTERNAL; 5; 14; 9; 2610
INTERNAL; 5; 14; 9; 2610; INTERNAL; 4; 13; 9; 3570
INTERNAL; 5; 14; 9; 2610; INTERNAL; 4; 12; 8; 3668
INTERNAL; 7; 16; 9; 6582; INTERNAL; 4; 10; 6; 3516
INTERNAL; 4; 10; 6; 3516; INTERNAL; 3; 3; 0; 4348
INTERNAL; 8; 17; 9; 5403; INTERNAL; 5; 16; 11; 3129
INTERNAL; 5; 16; 11; 3129; INTERNAL; 4; 15; 11; 5433
INTERNAL; 5; 16; 11; 3129; INTERNAL; 3; 3; 0; 3045
INTERNAL; 8; 17; 9; 5403; INTERNAL; 3; 16; 13; 3462
INTERNAL; 15; 18; 3; 5410; INTERNAL; 9; 17; 8; 5376
INTERNAL; 9; 17; 8; 5376; INTERNAL; 8; 16; 8; 5377
INTERNAL; 8; 16; 8; 5377; INTERNAL; 5; 15; 10; 6506
INTERNAL; 5; 15; 10; 6506; INTERNAL; 4; 11; 7; 2080
INTERNAL; 4; 11; 7; 2080; INTERNAL; 3; 3; 0; 4943
INTERNAL; 5; 15; 10; 6506; INTERNAL; 3; 3; 0; 4970
INTERNAL; 8; 16; 8; 5377; INTERNAL; 7; 15; 8; 4194
INTERNAL; 7; 15; 8; 4194; INTERNAL; 6; 14; 8; 2169
INTERNAL; 6; 14; 8; 2169; INTERNAL; 5; 13; 8; 5385
INTERNAL; 5; 13; 8; 5385; INTERNAL; 4; 5; 1; 2167
INTERNAL; 7; 15; 8; 4194; INTERNAL; 4; 14; 10; 5382
INTERNAL; 4; 14; 10; 5382; INTERNAL; 3; 3; 0; 3645
INTERNAL; 4; 14; 10; 5382; INTERNAL; 3; 3; 0; 4716
INTERNAL; 4; 14; 10; 5382; INTERNAL; 3; 3; 0; 6875
INTERNAL; 7; 15; 8; 4194; INTERNAL; 4; 14; 10; 7389
INTERNAL; 7; 15; 8; 4194; INTERNAL; 4; 7; 3; 2632
INTERNAL; 8; 16; 8; 5377; INTERNAL; 5; 15; 10; 3363
INTERNAL; 5; 15; 10; 3363; INTERNAL; 4; 14; 10; 5792
INTERNAL; 4; 14; 10; 5792; INTERNAL; 3; 4; 1; 4771
INTERNAL; 4; 14; 10; 5792; INTERNAL; 3; 3; 0; 5073
INTERNAL; 8; 16; 8; 5377; INTERNAL; 4; 15; 11; 5381
INTERNAL; 8; 16; 8; 5377; INTERNAL; 4; 7; 3; 4331
INTERNAL; 4; 7; 3; 4331; INTERNAL; 3; 3; 0; 5589
INTERNAL; 9; 17; 8; 5376; INTERNAL; 6; 16; 10; 5378
INTERNAL; 6; 16; 10; 5378; INTERNAL; 5; 15; 10; 5388
INTERNAL; 5; 15; 10; 5388; INTERNAL; 3; 3; 0; 4353
INTERNAL; 5; 15; 10; 5388; INTERNAL; 4; 14; 10; 5392
INTERNAL; 5; 15; 10; 5388; INTERNAL; 3; 3; 0; 4519
INTERNAL; 9; 17; 8; 5376; INTERNAL; 6; 16; 10; 4966
INTERNAL; 6; 16; 10; 4966; INTERNAL; 5; 15; 10; 3855
INTERNAL; 5; 15; 10; 3855; INTERNAL; 3; 3; 0; 3746
INTERNAL; 5; 15; 10; 3855; INTERNAL; 4; 14; 10; 2652
INTERNAL; 5; 15; 10; 3855; INTERNAL; 3; 3; 0; 4723
INTERNAL; 6; 16; 10; 4966; INTERNAL; 4; 15; 11; 5393
INTERNAL; 15; 18; 3; 5410; INTERNAL; 8; 16; 8; 2289
INTERNAL; 8; 16; 8; 2289; INTERNAL; 6; 15; 9; 5674
INTERNAL; 6; 15; 9; 5674; INTERNAL; 5; 6; 1; 3117
INTERNAL; 5; 6; 1; 3117; INTERNAL; 4; 5; 1; 4212
INTERNAL; 4; 5; 1; 4212; INTERNAL; 3; 3; 0; 4942
INTERNAL; 5; 6; 1; 3117; INTERNAL; 3; 3; 0; 5627
INTERNAL; 5; 6; 1; 3117; INTERNAL; 4; 5; 1; 3840
INTERNAL; 4; 5; 1; 3840; INTERNAL; 3; 3; 0; 3535
INTERNAL; 6; 15; 9; 5674; INTERNAL; 4; 14; 10; 1819
INTERNAL; 4; 14; 10; 1819; INTERNAL; 3; 3; 0; 1948
INTERNAL; 6; 15; 9; 5674; INTERNAL; 4; 5; 1; 3361
INTERNAL; 4; 5; 1; 3361; INTERNAL; 3; 3; 0; 3594
INTERNAL; 4; 5; 1; 3361; INTERNAL; 3; 3; 0; 3579
INTERNAL; 6; 15; 9; 5674; INTERNAL; 3; 3; 0; 3782
INTERNAL; 8; 16; 8; 2289; INTERNAL; 6; 7; 1; 5160
INTERNAL; 6; 7; 1; 5160; INTERNAL; 5; 6; 1; 3700
INTERNAL; 5; 6; 1; 3700; INTERNAL; 3; 3; 0; 3776
INTERNAL; 5; 6; 1; 3700; INTERNAL; 4; 5; 1; 2940
INTERNAL; 4; 5; 1; 2940; INTERNAL; 3; 3; 0; 4245
INTERNAL; 4; 5; 1; 2940; INTERNAL; 3; 3; 0; 2083
INTERNAL; 5; 6; 1; 3700; INTERNAL; 4; 5; 1; 2945
INTERNAL; 6; 7; 1; 5160; INTERNAL; 5; 6; 1; 2952
INTERNAL; 5; 6; 1; 2952; INTERNAL; 3; 3; 0; 3296
INTERNAL; 5; 6; 1; 2952; INTERNAL; 3; 3; 0; 4781
INTERNAL; 5; 6; 1; 2952; INTERNAL; 4; 5; 1; 6523
INTERNAL; 6; 7; 1; 5160; INTERNAL; 4; 6; 2; 2946
INTERNAL; 4; 6; 2; 2946; INTERNAL; 3; 3; 0; 5099
INTERNAL; 6; 7; 1; 5160; INTERNAL; 5; 6; 1; 6503
INTERNAL; 5; 6; 1; 6503; INTERNAL; 4; 4; 0; 3493
INTERNAL; 4; 4; 0; 3493; INTERNAL; 3; 3; 0; 4532
INTERNAL; 8; 16; 8; 2289; INTERNAL; 6; 15; 9; 7126
INTERNAL; 6; 15; 9; 7126; INTERNAL; 5; 14; 9; 2187
INTERNAL; 5; 14; 9; 2187; INTERNAL; 3; 3; 0; 3142
INTERNAL; 5; 14; 9; 2187; INTERNAL; 4; 13; 9; 4289
INTERNAL; 6; 15; 9; 7126; INTERNAL; 4; 14; 10; 4211
INTERNAL; 6; 15; 9; 7126; INTERNAL; 5; 14; 9; 2494
INTERNAL; 5; 14; 9; 2494; INTERNAL; 4; 4; 0; 5243
INTERNAL; 4; 4; 0; 5243; INTERNAL; 3; 3; 0; 3030
INTERNAL; 5; 14; 9; 2494; INTERNAL; 4; 4; 0; 3447
INTERNAL; 6; 15; 9; 7126; INTERNAL; 4; 5; 1; 5747
INTERNAL; 8; 16; 8; 2289; INTERNAL; 6; 15; 9; 4587
INTERNAL; 6; 15; 9; 4587; INTERNAL; 4; 14; 10; 1827
INTERNAL; 4; 14; 10; 1827; INTERNAL; 3; 3; 0; 3309
INTERNAL; 4; 14; 10; 1827; INTERNAL; 3; 3; 0; 4581
INTERNAL; 6; 15; 9; 4587; INTERNAL; 5; 14; 9; 4419
INTERNAL; 5; 14; 9; 4419; INTERNAL; 3; 3; 0; 4486
INTERNAL; 5; 14; 9; 4419; INTERNAL; 4; 13; 9; 1823
INTERNAL; 4; 13; 9; 1823; INTERNAL; 3; 3; 0; 3090
INTERNAL; 8; 16; 8; 2289; INTERNAL; 4; 15; 11; 6294
INTERNAL; 4; 15; 11; 6294; INTERNAL; 3; 3; 0; 4720
INTERNAL; 15; 18; 3; 5410; INTERNAL; 14; 17; 3; 1812
INTERNAL; 14; 17; 3; 1812; INTERNAL; 7; 15; 8; 2074
INTERNAL; 7; 15; 8; 2074; INTERNAL; 6; 14; 8; 2047
INTERNAL; 6; 14; 8; 2047; INTERNAL; 3; 3; 0; 3051
INTERNAL; 6; 14; 8; 2047; INTERNAL; 4; 5; 1; 4121
INTERNAL; 6; 14; 8; 2047; INTERNAL; 5; 13; 8; 2767
INTERNAL; 5; 13; 8; 2767; INTERNAL; 4; 12; 8; 2037
INTERNAL; 4; 12; 8; 2037; INTERNAL; 3; 3; 0; 4436
INTERNAL; 4; 12; 8; 2037; INTERNAL; 3; 3; 0; 5067
INTERNAL; 6; 14; 8; 2047; INTERNAL; 4; 9; 5; 4000
INTERNAL; 4; 9; 5; 4000; INTERNAL; 3; 3; 0; 3112
INTERNAL; 6; 14; 8; 2047; INTERNAL; 5; 13; 8; 2039
INTERNAL; 5; 13; 8; 2039; INTERNAL; 3; 3; 0; 3989
INTERNAL; 5; 13; 8; 2039; INTERNAL; 4; 12; 8; 2200
INTERNAL; 4; 12; 8; 2200; INTERNAL; 3; 3; 0; 5265
INTERNAL; 4; 12; 8; 2200; INTERNAL; 3; 3; 0; 4584
INTERNAL; 4; 12; 8; 2200; INTERNAL; 3; 3; 0; 7414
INTERNAL; 4; 12; 8; 2200; INTERNAL; 3; 3; 0; 4815
INTERNAL; 5; 13; 8; 2039; INTERNAL; 4; 7; 3; 2678
INTERNAL; 4; 7; 3; 2678; INTERNAL; 3; 3; 0; 3409
INTERNAL; 7; 15; 8; 2074; INTERNAL; 6; 14; 8; 7345
INTERNAL; 6; 14; 8; 7345; INTERNAL; 5; 13; 8; 7105
INTERNAL; 5; 13; 8; 7105; INTERNAL; 4; 4; 0; 5183
INTERNAL; 4; 4; 0; 5183; INTERNAL; 3; 3; 0; 7900
INTERNAL; 5; 13; 8; 7105; INTERNAL; 4; 12; 8; 4856
INTERNAL; 6; 14; 8; 7345; INTERNAL; 4; 13; 9; 4965
INTERNAL; 6; 14; 8; 7345; INTERNAL; 5; 13; 8; 5071
INTERNAL; 7; 15; 8; 2074; INTERNAL; 6; 14; 8; 2781
INTERNAL; 6; 14; 8; 2781; INTERNAL; 5; 13; 8; 4689
INTERNAL; 5; 13; 8; 4689; INTERNAL; 3; 3; 0; 2716
INTERNAL; 5; 13; 8; 4689; INTERNAL; 4; 12; 8; 4644
INTERNAL; 6; 14; 8; 2781; INTERNAL; 4; 13; 9; 3781
INTERNAL; 6; 14; 8; 2781; INTERNAL; 5; 12; 7; 4310
INTERNAL; 5; 12; 7; 4310; INTERNAL; 4; 11; 7; 2043
INTERNAL; 4; 11; 7; 2043; INTERNAL; 3; 3; 0; 4692
INTERNAL; 5; 12; 7; 4310; INTERNAL; 4; 11; 7; 2042
INTERNAL; 6; 14; 8; 2781; INTERNAL; 5; 13; 8; 5079
INTERNAL; 5; 13; 8; 5079; INTERNAL; 3; 3; 0; 5919
INTERNAL; 5; 13; 8; 5079; INTERNAL; 3; 3; 0; 4318
INTERNAL; 5; 13; 8; 5079; INTERNAL; 4; 6; 2; 2684
INTERNAL; 7; 15; 8; 2074; INTERNAL; 5; 14; 9; 4123
INTERNAL; 5; 14; 9; 4123; INTERNAL; 3; 3; 0; 2419
INTERNAL; 5; 14; 9; 4123; INTERNAL; 4; 4; 0; 7846
INTERNAL; 4; 4; 0; 7846; INTERNAL; 3; 3; 0; 3122
INTERNAL; 5; 14; 9; 4123; INTERNAL; 3; 4; 1; 3376
INTERNAL; 7; 15; 8; 2074; INTERNAL; 5; 11; 6; 2045
INTERNAL; 5; 11; 6; 2045; INTERNAL; 3; 3; 0; 4813
INTERNAL; 5; 11; 6; 2045; INTERNAL; 4; 7; 3; 3729
INTERNAL; 4; 7; 3; 3729; INTERNAL; 3; 3; 0; 6257
INTERNAL; 7; 15; 8; 2074; INTERNAL; 5; 7; 2; 2863
INTERNAL; 5; 7; 2; 2863; INTERNAL; 4; 4; 0; 4274
INTERNAL; 5; 7; 2; 2863; INTERNAL; 4; 6; 2; 3044
INTERNAL; 14; 17; 3; 1812; INTERNAL; 10; 15; 5; 5184
INTERNAL; 10; 15; 5; 5184; INTERNAL; 5; 14; 9; 2073
INTERNAL; 5; 14; 9; 2073; INTERNAL; 4; 6; 2; 4510
INTERNAL; 4; 6; 2; 4510; INTERNAL; 3; 3; 0; 7271
INTERNAL; 5; 14; 9; 2073; INTERNAL; 4; 6; 2; 5592
INTERNAL; 4; 6; 2; 5592; INTERNAL; 3; 3; 0; 7074
INTERNAL; 5; 14; 9; 2073; INTERNAL; 4; 13; 9; 3916
INTERNAL; 4; 13; 9; 3916; INTERNAL; 3; 3; 0; 7885
INTERNAL; 5; 14; 9; 2073; INTERNAL; 4; 11; 7; 2082
INTERNAL; 4; 11; 7; 2082; INTERNAL; 3; 3; 0; 6936
INTERNAL; 10; 15; 5; 5184; INTERNAL; 5; 14; 9; 2070
INTERNAL; 5; 14; 9; 2070; INTERNAL; 4; 4; 0; 1909
INTERNAL; 5; 14; 9; 2070; INTERNAL; 3; 3; 0; 2514
INTERNAL; 10; 15; 5; 5184; INTERNAL; 9; 14; 5; 5315
INTERNAL; 9; 14; 5; 5315; INTERNAL; 8; 13; 5; 2198
INTERNAL; 8; 13; 5; 2198; INTERNAL; 6; 12; 6; 5955
INTERNAL; 6; 12; 6; 5955; INTERNAL; 5; 11; 6; 3663
INTERNAL; 5; 11; 6; 3663; INTERNAL; 4; 6; 2; 2655
INTERNAL; 6; 12; 6; 5955; INTERNAL; 3; 4; 1; 3469
INTERNAL; 8; 13; 5; 2198; INTERNAL; 6; 12; 6; 2068
INTERNAL; 6; 12; 6; 2068; INTERNAL; 5; 11; 6; 7099
INTERNAL; 5; 11; 6; 7099; INTERNAL; 4; 10; 6; 2788
INTERNAL; 5; 11; 6; 7099; INTERNAL; 3; 3; 0; 6521
INTERNAL; 8; 13; 5; 2198; INTERNAL; 7; 12; 5; 2069
INTERNAL; 7; 12; 5; 2069; INTERNAL; 4; 11; 7; 2066
INTERNAL; 7; 12; 5; 2069; INTERNAL; 6; 11; 5; 4464
INTERNAL; 6; 11; 5; 4464; INTERNAL; 3; 3; 0; 6224
INTERNAL; 6; 11; 5; 4464; INTERNAL; 5; 10; 5; 7608
INTERNAL; 5; 10; 5; 7608; INTERNAL; 4; 8; 4; 3000
INTERNAL; 5; 10; 5; 7608; INTERNAL; 4; 6; 2; 5949
INTERNAL; 9; 14; 5; 5315; INTERNAL; 5; 13; 8; 3192
INTERNAL; 5; 13; 8; 3192; INTERNAL; 4; 7; 3; 2357
INTERNAL; 9; 14; 5; 5315; INTERNAL; 3; 3; 0; 5429
INTERNAL; 9; 14; 5; 5315; INTERNAL; 5; 13; 8; 3263
INTERNAL; 5; 13; 8; 3263; INTERNAL; 4; 12; 8; 2065
INTERNAL; 10; 15; 5; 5184; INTERNAL; 4; 14; 10; 2656
INTERNAL; 10; 15; 5; 5184; INTERNAL; 5; 14; 9; 2072
INTERNAL; 5; 14; 9; 2072; INTERNAL; 3; 3; 0; 3229
INTERNAL; 5; 14; 9; 2072; INTERNAL; 4; 13; 9; 2064
INTERNAL; 10; 15; 5; 5184; INTERNAL; 7; 14; 7; 2372
INTERNAL; 7; 14; 7; 2372; INTERNAL; 5; 13; 8; 3020
INTERNAL; 5; 13; 8; 3020; INTERNAL; 4; 12; 8; 5495
INTERNAL; 4; 12; 8; 5495; INTERNAL; 3; 3; 0; 1782
INTERNAL; 7; 14; 7; 2372; INTERNAL; 5; 13; 8; 4036
INTERNAL; 5; 13; 8; 4036; INTERNAL; 3; 3; 0; 3961
INTERNAL; 5; 13; 8; 4036; INTERNAL; 4; 12; 8; 4017
INTERNAL; 7; 14; 7; 2372; INTERNAL; 6; 13; 7; 2031
INTERNAL; 6; 13; 7; 2031; INTERNAL; 5; 12; 7; 2807
INTERNAL; 6; 13; 7; 2031; INTERNAL; 4; 8; 4; 3262
INTERNAL; 6; 13; 7; 2031; INTERNAL; 4; 7; 3; 1845
INTERNAL; 6; 13; 7; 2031; INTERNAL; 4; 4; 0; 3735
INTERNAL; 6; 13; 7; 2031; INTERNAL; 4; 12; 8; 3863
INTERNAL; 14; 17; 3; 1812; INTERNAL; 13; 15; 2; 2701
INTERNAL; 13; 15; 2; 2701; INTERNAL; 8; 13; 5; 2227
INTERNAL; 8; 13; 5; 2227; INTERNAL; 5; 12; 7; 3258
INTERNAL; 5; 12; 7; 3258; INTERNAL; 4; 4; 0; 2981
INTERNAL; 8; 13; 5; 2227; INTERNAL; 7; 12; 5; 5039
INTERNAL; 7; 12; 5; 5039; INTERNAL; 6; 11; 5; 3470
INTERNAL; 6; 11; 5; 3470; INTERNAL; 3; 3; 0; 4679
INTERNAL; 6; 11; 5; 3470; INTERNAL; 5; 10; 5; 4996
INTERNAL; 5; 10; 5; 4996; INTERNAL; 4; 9; 5; 1856
INTERNAL; 6; 11; 5; 3470; INTERNAL; 4; 10; 6; 2452
INTERNAL; 7; 12; 5; 5039; INTERNAL; 4; 11; 7; 1955
INTERNAL; 4; 11; 7; 1955; INTERNAL; 3; 3; 0; 4952
INTERNAL; 7; 12; 5; 5039; INTERNAL; 4; 4; 0; 2067
INTERNAL; 4; 4; 0; 2067; INTERNAL; 3; 3; 0; 5319
INTERNAL; 4; 4; 0; 2067; INTERNAL; 3; 3; 0; 3065
INTERNAL; 7; 12; 5; 5039; INTERNAL; 5; 11; 6; 6969
INTERNAL; 5; 11; 6; 6969; INTERNAL; 4; 5; 1; 5804
INTERNAL; 5; 11; 6; 6969; INTERNAL; 4; 10; 6; 6753
INTERNAL; 4; 10; 6; 6753; INTERNAL; 3; 3; 0; 5313
INTERNAL; 4; 10; 6; 6753; INTERNAL; 3; 3; 0; 3140
INTERNAL; 8; 13; 5; 2227; INTERNAL; 4; 12; 8; 4107
INTERNAL; 4; 12; 8; 4107; INTERNAL; 3; 3; 0; 2823
INTERNAL; 8; 13; 5; 2227; INTERNAL; 5; 12; 7; 6335
INTERNAL; 5; 12; 7; 6335; INTERNAL; 4; 11; 7; 7682
INTERNAL; 5; 12; 7; 6335; INTERNAL; 4; 5; 1; 2954
INTERNAL; 5; 12; 7; 6335; INTERNAL; 3; 3; 0; 4359
INTERNAL; 8; 13; 5; 2227; INTERNAL; 6; 12; 6; 2782
INTERNAL; 6; 12; 6; 2782; INTERNAL; 4; 11; 7; 4145
INTERNAL; 6; 12; 6; 2782; INTERNAL; 4; 11; 7; 2438
INTERNAL; 6; 12; 6; 2782; INTERNAL; 5; 11; 6; 2921
INTERNAL; 5; 11; 6; 2921; INTERNAL; 3; 3; 0; 4672
INTERNAL; 5; 11; 6; 2921; INTERNAL; 4; 10; 6; 2196
INTERNAL; 8; 13; 5; 2227; INTERNAL; 7; 12; 5; 2424
INTERNAL; 7; 12; 5; 2424; INTERNAL; 4; 4; 0; 3975
INTERNAL; 7; 12; 5; 2424; INTERNAL; 6; 11; 5; 4056
INTERNAL; 6; 11; 5; 4056; INTERNAL; 4; 10; 6; 4434
INTERNAL; 6; 11; 5; 4056; INTERNAL; 5; 10; 5; 6649
INTERNAL; 5; 10; 5; 6649; INTERNAL; 4; 9; 5; 2373
INTERNAL; 5; 10; 5; 6649; INTERNAL; 4; 4; 0; 6493
INTERNAL; 6; 11; 5; 4056; INTERNAL; 4; 10; 6; 2819
INTERNAL; 13; 15; 2; 2701; INTERNAL; 8; 13; 5; 3207
INTERNAL; 8; 13; 5; 3207; INTERNAL; 6; 10; 4; 6803
INTERNAL; 6; 10; 4; 6803; INTERNAL; 4; 9; 5; 7269
INTERNAL; 6; 10; 4; 6803; INTERNAL; 5; 9; 4; 5496
INTERNAL; 5; 9; 4; 5496; INTERNAL; 3; 3; 0; 4702
INTERNAL; 5; 9; 4; 5496; INTERNAL; 4; 8; 4; 1789
INTERNAL; 8; 13; 5; 3207; INTERNAL; 5; 5; 0; 3437
INTERNAL; 5; 5; 0; 3437; INTERNAL; 4; 4; 0; 3046
INTERNAL; 5; 5; 0; 3437; INTERNAL; 4; 4; 0; 3032
INTERNAL; 5; 5; 0; 3437; INTERNAL; 4; 4; 0; 4499
INTERNAL; 4; 4; 0; 4499; INTERNAL; 3; 3; 0; 4132
INTERNAL; 4; 4; 0; 4499; INTERNAL; 3; 3; 0; 6719
INTERNAL; 5; 5; 0; 3437; INTERNAL; 4; 4; 0; 3283
INTERNAL; 5; 5; 0; 3437; INTERNAL; 4; 4; 0; 6302
INTERNAL; 4; 4; 0; 6302; INTERNAL; 3; 3; 0; 5253
INTERNAL; 4; 4; 0; 6302; INTERNAL; 3; 3; 0; 6819
INTERNAL; 4; 4; 0; 6302; INTERNAL; 3; 3; 0; 3292
INTERNAL; 5; 5; 0; 3437; INTERNAL; 4; 4; 0; 4471
INTERNAL; 8; 13; 5; 3207; INTERNAL; 5; 12; 7; 7839
INTERNAL; 5; 12; 7; 7839; INTERNAL; 4; 4; 0; 6671
INTERNAL; 4; 4; 0; 6671; INTERNAL; 3; 3; 0; 4523
INTERNAL; 4; 4; 0; 6671; INTERNAL; 3; 3; 0; 3811
INTERNAL; 5; 12; 7; 7839; INTERNAL; 4; 4; 0; 3237
INTERNAL; 5; 12; 7; 7839; INTERNAL; 4; 4; 0; 7569
INTERNAL; 8; 13; 5; 3207; INTERNAL; 7; 12; 5; 4341
INTERNAL; 7; 12; 5; 4341; INTERNAL; 3; 3; 0; 6549
INTERNAL; 7; 12; 5; 4341; INTERNAL; 6; 11; 5; 2095
INTERNAL; 6; 11; 5; 2095; INTERNAL; 5; 10; 5; 4937
INTERNAL; 7; 12; 5; 4341; INTERNAL; 4; 4; 0; 4756
INTERNAL; 8; 13; 5; 3207; INTERNAL; 7; 12; 5; 4921
INTERNAL; 7; 12; 5; 4921; INTERNAL; 5; 11; 6; 5188
INTERNAL; 5; 11; 6; 5188; INTERNAL; 4; 5; 1; 2725
INTERNAL; 5; 11; 6; 5188; INTERNAL; 4; 4; 0; 2869
INTERNAL; 5; 11; 6; 5188; INTERNAL; 4; 10; 6; 2098
INTERNAL; 7; 12; 5; 4921; INTERNAL; 6; 11; 5; 4902
INTERNAL; 6; 11; 5; 4902; INTERNAL; 3; 3; 0; 4547
INTERNAL; 6; 11; 5; 4902; INTERNAL; 3; 3; 0; 4534
INTERNAL; 6; 11; 5; 4902; INTERNAL; 4; 10; 6; 2832
INTERNAL; 6; 11; 5; 4902; INTERNAL; 5; 5; 0; 7246
INTERNAL; 7; 12; 5; 4921; INTERNAL; 6; 9; 3; 5757
INTERNAL; 6; 9; 3; 5757; INTERNAL; 4; 8; 4; 2598
INTERNAL; 6; 9; 3; 5757; INTERNAL; 3; 3; 0; 4507
INTERNAL; 6; 9; 3; 5757; INTERNAL; 5; 8; 3; 6313
INTERNAL; 5; 8; 3; 6313; INTERNAL; 4; 7; 3; 2597
INTERNAL; 7; 12; 5; 4921; INTERNAL; 6; 11; 5; 3971
INTERNAL; 6; 11; 5; 3971; INTERNAL; 5; 10; 5; 2100
INTERNAL; 5; 10; 5; 2100; INTERNAL; 4; 9; 5; 4175
INTERNAL; 13; 15; 2; 2701; INTERNAL; 8; 12; 4; 3699
INTERNAL; 8; 12; 4; 3699; INTERNAL; 5; 11; 6; 2218
INTERNAL; 5; 11; 6; 2218; INTERNAL; 4; 7; 3; 7893
INTERNAL; 8; 12; 4; 3699; INTERNAL; 7; 11; 4; 2222
INTERNAL; 7; 11; 4; 2222; INTERNAL; 6; 10; 4; 2202
INTERNAL; 6; 10; 4; 2202; INTERNAL; 5; 9; 4; 3712
INTERNAL; 7; 11; 4; 2222; INTERNAL; 4; 10; 6; 2205
INTERNAL; 4; 10; 6; 2205; INTERNAL; 3; 3; 0; 3402
INTERNAL; 8; 12; 4; 3699; INTERNAL; 7; 11; 4; 4023
INTERNAL; 7; 11; 4; 4023; INTERNAL; 5; 10; 5; 4972
INTERNAL; 7; 11; 4; 4023; INTERNAL; 3; 3; 0; 7593
INTERNAL; 7; 11; 4; 4023; INTERNAL; 6; 10; 4; 7055
INTERNAL; 6; 10; 4; 7055; INTERNAL; 4; 9; 5; 2209
INTERNAL; 6; 10; 4; 7055; INTERNAL; 5; 9; 4; 4795
INTERNAL; 5; 9; 4; 4795; INTERNAL; 4; 6; 2; 5124
INTERNAL; 7; 11; 4; 4023; INTERNAL; 5; 10; 5; 6071
INTERNAL; 5; 10; 5; 6071; INTERNAL; 4; 9; 5; 3077
INTERNAL; 7; 11; 4; 4023; INTERNAL; 3; 3; 0; 4755
INTERNAL; 7; 11; 4; 4023; INTERNAL; 3; 3; 0; 4594
INTERNAL; 8; 12; 4; 3699; INTERNAL; 5; 11; 6; 2522
INTERNAL; 5; 11; 6; 2522; INTERNAL; 4; 10; 6; 3268
INTERNAL; 5; 11; 6; 2522; INTERNAL; 4; 4; 0; 2888
INTERNAL; 8; 12; 4; 3699; INTERNAL; 6; 8; 2; 3849
INTERNAL; 6; 8; 2; 3849; INTERNAL; 5; 7; 2; 3439
INTERNAL; 5; 7; 2; 3439; INTERNAL; 4; 6; 2; 7437
INTERNAL; 6; 8; 2; 3849; INTERNAL; 5; 7; 2; 4432
INTERNAL; 5; 7; 2; 4432; INTERNAL; 4; 6; 2; 5197
INTERNAL; 5; 7; 2; 4432; INTERNAL; 4; 6; 2; 3230
INTERNAL; 4; 6; 2; 3230; INTERNAL; 3; 5; 2; 2392
INTERNAL; 6; 8; 2; 3849; INTERNAL; 4; 7; 3; 2878
INTERNAL; 6; 8; 2; 3849; INTERNAL; 3; 3; 0; 3024
INTERNAL; 8; 12; 4; 3699; INTERNAL; 5; 11; 6; 2212
INTERNAL; 13; 15; 2; 2701; INTERNAL; 8; 14; 6; 5995
INTERNAL; 8; 14; 6; 5995; INTERNAL; 7; 13; 6; 5081
INTERNAL; 7; 13; 6; 5081; INTERNAL; 6; 12; 6; 3982
INTERNAL; 6; 12; 6; 3982; INTERNAL; 3; 3; 0; 3172
INTERNAL; 6; 12; 6; 3982; INTERNAL; 5; 11; 6; 7829
INTERNAL; 5; 11; 6; 7829; INTERNAL; 4; 10; 6; 2742
INTERNAL; 7; 13; 6; 5081; INTERNAL; 5; 12; 7; 2883
INTERNAL; 5; 12; 7; 2883; INTERNAL; 4; 7; 3; 2498
INTERNAL; 5; 12; 7; 2883; INTERNAL; 4; 11; 7; 3823
INTERNAL; 7; 13; 6; 5081; INTERNAL; 4; 5; 1; 4162
INTERNAL; 8; 14; 6; 5995; INTERNAL; 6; 13; 7; 6202
INTERNAL; 6; 13; 7; 6202; INTERNAL; 5; 9; 4; 3628
INTERNAL; 5; 9; 4; 3628; INTERNAL; 4; 8; 4; 4028
INTERNAL; 6; 13; 7; 6202; INTERNAL; 5; 12; 7; 2111
INTERNAL; 5; 12; 7; 2111; INTERNAL; 3; 3; 0; 4039
INTERNAL; 5; 12; 7; 2111; INTERNAL; 4; 11; 7; 4837
INTERNAL; 5; 12; 7; 2111; INTERNAL; 4; 11; 7; 2109
INTERNAL; 8; 14; 6; 5995; INTERNAL; 6; 13; 7; 3942
INTERNAL; 6; 13; 7; 3942; INTERNAL; 5; 12; 7; 1995
INTERNAL; 5; 12; 7; 1995; INTERNAL; 4; 9; 5; 5928
INTERNAL; 8; 14; 6; 5995; INTERNAL; 6; 13; 7; 4734
INTERNAL; 6; 13; 7; 4734; INTERNAL; 5; 12; 7; 4669
INTERNAL; 5; 12; 7; 4669; INTERNAL; 4; 4; 0; 4751
INTERNAL; 8; 14; 6; 5995; INTERNAL; 5; 13; 8; 7699
INTERNAL; 5; 13; 8; 7699; INTERNAL; 4; 12; 8; 2108
INTERNAL; 5; 13; 8; 7699; INTERNAL; 3; 3; 0; 5515
INTERNAL; 13; 15; 2; 2701; INTERNAL; 8; 14; 6; 3486
INTERNAL; 8; 14; 6; 3486; INTERNAL; 6; 13; 7; 4842
INTERNAL; 6; 13; 7; 4842; INTERNAL; 5; 12; 7; 3526
INTERNAL; 5; 12; 7; 3526; INTERNAL; 4; 4; 0; 5061
INTERNAL; 6; 13; 7; 4842; INTERNAL; 5; 12; 7; 2071
INTERNAL; 5; 12; 7; 2071; INTERNAL; 4; 11; 7; 3588
INTERNAL; 5; 12; 7; 2071; INTERNAL; 3; 3; 0; 1798
INTERNAL; 8; 14; 6; 3486; INTERNAL; 7; 13; 6; 6048
INTERNAL; 7; 13; 6; 6048; INTERNAL; 5; 12; 7; 4383
INTERNAL; 5; 12; 7; 4383; INTERNAL; 4; 11; 7; 7503
INTERNAL; 4; 11; 7; 7503; INTERNAL; 3; 3; 0; 2402
INTERNAL; 7; 13; 6; 6048; INTERNAL; 5; 12; 7; 2802
INTERNAL; 7; 13; 6; 6048; INTERNAL; 6; 12; 6; 5522
INTERNAL; 6; 12; 6; 5522; INTERNAL; 4; 11; 7; 2836
INTERNAL; 6; 12; 6; 5522; INTERNAL; 5; 11; 6; 4767
INTERNAL; 8; 14; 6; 3486; INTERNAL; 6; 13; 7; 2089
INTERNAL; 6; 13; 7; 2089; INTERNAL; 5; 12; 7; 3435
INTERNAL; 8; 14; 6; 3486; INTERNAL; 5; 13; 8; 4951
INTERNAL; 5; 13; 8; 4951; INTERNAL; 4; 12; 8; 5308
INTERNAL; 4; 12; 8; 5308; INTERNAL; 3; 3; 0; 4827
INTERNAL; 8; 14; 6; 3486; INTERNAL; 7; 13; 6; 2092
INTERNAL; 7; 13; 6; 2092; INTERNAL; 5; 12; 7; 5177
INTERNAL; 7; 13; 6; 2092; INTERNAL; 6; 12; 6; 4794
INTERNAL; 6; 12; 6; 4794; INTERNAL; 5; 11; 6; 4072
INTERNAL; 6; 12; 6; 4794; INTERNAL; 4; 11; 7; 3111
INTERNAL; 7; 13; 6; 2092; INTERNAL; 6; 12; 6; 3771
INTERNAL; 6; 12; 6; 3771; INTERNAL; 5; 11; 6; 2084
INTERNAL; 6; 12; 6; 3771; INTERNAL; 4; 11; 7; 3673
INTERNAL; 13; 15; 2; 2701; INTERNAL; 12; 13; 1; 2872
INTERNAL; 12; 13; 1; 2872; INTERNAL; 8; 11; 3; 7580
INTERNAL; 8; 11; 3; 7580; INTERNAL; 6; 10; 4; 3382
INTERNAL; 6; 10; 4; 3382; INTERNAL; 5; 9; 4; 2739
INTERNAL; 8; 11; 3; 7580; INTERNAL; 6; 10; 4; 2715
INTERNAL; 6; 10; 4; 2715; INTERNAL; 5; 9; 4; 3790
INTERNAL; 5; 9; 4; 3790; INTERNAL; 3; 3; 0; 4897
INTERNAL; 5; 9; 4; 3790; INTERNAL; 4; 6; 2; 3992
INTERNAL; 5; 9; 4; 3790; INTERNAL; 3; 3; 0; 3854
INTERNAL; 8; 11; 3; 7580; INTERNAL; 7; 9; 2; 4198
INTERNAL; 7; 9; 2; 4198; INTERNAL; 4; 4; 0; 5029
INTERNAL; 7; 9; 2; 4198; INTERNAL; 4; 4; 0; 5887
INTERNAL; 7; 9; 2; 4198; INTERNAL; 6; 8; 2; 5562
INTERNAL; 6; 8; 2; 5562; INTERNAL; 5; 7; 2; 3820
INTERNAL; 5; 7; 2; 3820; INTERNAL; 4; 6; 2; 4521
INTERNAL; 5; 7; 2; 3820; INTERNAL; 4; 6; 2; 7880
INTERNAL; 6; 8; 2; 5562; INTERNAL; 3; 3; 0; 5201
INTERNAL; 7; 9; 2; 4198; INTERNAL; 6; 8; 2; 2455
INTERNAL; 6; 8; 2; 2455; INTERNAL; 5; 7; 2; 2306
INTERNAL; 5; 7; 2; 2306; INTERNAL; 3; 3; 0; 4595
INTERNAL; 5; 7; 2; 2306; INTERNAL; 3; 3; 0; 4347
INTERNAL; 6; 8; 2; 2455; INTERNAL; 4; 7; 3; 2449
INTERNAL; 7; 9; 2; 4198; INTERNAL; 6; 8; 2; 4155
INTERNAL; 6; 8; 2; 4155; INTERNAL; 5; 7; 2; 2269
INTERNAL; 6; 8; 2; 4155; INTERNAL; 5; 7; 2; 2243
INTERNAL; 8; 11; 3; 7580; INTERNAL; 6; 8; 2; 2660
INTERNAL; 6; 8; 2; 2660; INTERNAL; 5; 7; 2; 4472
INTERNAL; 6; 8; 2; 2660; INTERNAL; 4; 7; 3; 2657
INTERNAL; 8; 11; 3; 7580; INTERNAL; 6; 8; 2; 4377
INTERNAL; 6; 8; 2; 4377; INTERNAL; 4; 7; 3; 2837
INTERNAL; 6; 8; 2; 4377; INTERNAL; 4; 7; 3; 2833
INTERNAL; 6; 8; 2; 4377; INTERNAL; 5; 7; 2; 4915
INTERNAL; 5; 7; 2; 4915; INTERNAL; 4; 5; 1; 3898
INTERNAL; 6; 8; 2; 4377; INTERNAL; 5; 7; 2; 2842
INTERNAL; 5; 7; 2; 2842; INTERNAL; 4; 6; 2; 6676
INTERNAL; 6; 8; 2; 4377; INTERNAL; 5; 7; 2; 3157
INTERNAL; 5; 7; 2; 3157; INTERNAL; 4; 4; 0; 4430
INTERNAL; 5; 7; 2; 3157; INTERNAL; 4; 6; 2; 2831
INTERNAL; 4; 6; 2; 2831; INTERNAL; 3; 3; 0; 4682
INTERNAL; 8; 11; 3; 7580; INTERNAL; 5; 10; 5; 3827
INTERNAL; 12; 13; 1; 2872; INTERNAL; 9; 10; 1; 2700
INTERNAL; 9; 10; 1; 2700; INTERNAL; 7; 7; 0; 2696
INTERNAL; 7; 7; 0; 2696; INTERNAL; 6; 6; 0; 5214
INTERNAL; 6; 6; 0; 5214; INTERNAL; 5; 5; 0; 4261
INTERNAL; 5; 5; 0; 4261; INTERNAL; 4; 4; 0; 3319
INTERNAL; 4; 4; 0; 3319; INTERNAL; 3; 3; 0; 1912
INTERNAL; 6; 6; 0; 5214; INTERNAL; 5; 5; 0; 4729
INTERNAL; 5; 5; 0; 4729; INTERNAL; 4; 4; 0; 5230
INTERNAL; 7; 7; 0; 2696; INTERNAL; 6; 6; 0; 4335
INTERNAL; 6; 6; 0; 4335; INTERNAL; 5; 5; 0; 4124
INTERNAL; 5; 5; 0; 4124; INTERNAL; 4; 4; 0; 5228
INTERNAL; 5; 5; 0; 4124; INTERNAL; 4; 4; 0; 5647
INTERNAL; 4; 4; 0; 5647; INTERNAL; 3; 3; 0; 3487
INTERNAL; 6; 6; 0; 4335; INTERNAL; 4; 4; 0; 5795
INTERNAL; 9; 10; 1; 2700; INTERNAL; 8; 9; 1; 3335
INTERNAL; 8; 9; 1; 3335; INTERNAL; 5; 8; 3; 3373
INTERNAL; 5; 8; 3; 3373; INTERNAL; 4; 7; 3; 2674
INTERNAL; 8; 9; 1; 3335; INTERNAL; 4; 4; 0; 3521
INTERNAL; 4; 4; 0; 3521; INTERNAL; 3; 3; 0; 4715
INTERNAL; 4; 4; 0; 3521; INTERNAL; 3; 3; 0; 3926
INTERNAL; 4; 4; 0; 3521; INTERNAL; 3; 3; 0; 7629
INTERNAL; 4; 4; 0; 3521; INTERNAL; 3; 3; 0; 4714
INTERNAL; 8; 9; 1; 3335; INTERNAL; 7; 8; 1; 2694
INTERNAL; 7; 8; 1; 2694; INTERNAL; 5; 7; 2; 7209
INTERNAL; 7; 8; 1; 2694; INTERNAL; 6; 7; 1; 6468
INTERNAL; 6; 7; 1; 6468; INTERNAL; 5; 6; 1; 4363
INTERNAL; 5; 6; 1; 4363; INTERNAL; 4; 5; 1; 3279
INTERNAL; 7; 8; 1; 2694; INTERNAL; 5; 7; 2; 2687
INTERNAL; 5; 7; 2; 2687; INTERNAL; 4; 4; 0; 4760
INTERNAL; 5; 7; 2; 2687; INTERNAL; 3; 3; 0; 1884
INTERNAL; 5; 7; 2; 2687; INTERNAL; 4; 6; 2; 2682
INTERNAL; 5; 7; 2; 2687; INTERNAL; 3; 5; 2; 3427
INTERNAL; 8; 9; 1; 3335; INTERNAL; 5; 8; 3; 3862
INTERNAL; 5; 8; 3; 3862; INTERNAL; 4; 7; 3; 4003
INTERNAL; 5; 8; 3; 3862; INTERNAL; 4; 7; 3; 2673
INTERNAL; 8; 9; 1; 3335; INTERNAL; 6; 8; 2; 2693
INTERNAL; 6; 8; 2; 2693; INTERNAL; 5; 7; 2; 3411
INTERNAL; 5; 7; 2; 3411; INTERNAL; 4; 6; 2; 2679
INTERNAL; 12; 13; 1; 2872; INTERNAL; 11; 11; 0; 2457
INTERNAL; 11; 11; 0; 2457; INTERNAL; 8; 9; 1; 6606
INTERNAL; 8; 9; 1; 6606; INTERNAL; 7; 8; 1; 2813
INTERNAL; 7; 8; 1; 2813; INTERNAL; 4; 7; 3; 2752
INTERNAL; 4; 7; 3; 2752; INTERNAL; 3; 3; 0; 4415
INTERNAL; 7; 8; 1; 2813; INTERNAL; 6; 7; 1; 4364
INTERNAL; 6; 7; 1; 4364; INTERNAL; 4; 4; 0; 3479
INTERNAL; 6; 7; 1; 4364; INTERNAL; 5; 6; 1; 2741
INTERNAL; 5; 6; 1; 2741; INTERNAL; 3; 3; 0; 3168
INTERNAL; 6; 7; 1; 4364; INTERNAL; 5; 6; 1; 3758
INTERNAL; 5; 6; 1; 3758; INTERNAL; 4; 5; 1; 5055
INTERNAL; 5; 6; 1; 3758; INTERNAL; 4; 5; 1; 5249
INTERNAL; 6; 7; 1; 4364; INTERNAL; 5; 6; 1; 4283
INTERNAL; 5; 6; 1; 4283; INTERNAL; 4; 5; 1; 6773
INTERNAL; 5; 6; 1; 4283; INTERNAL; 4; 5; 1; 4355
INTERNAL; 5; 6; 1; 4283; INTERNAL; 4; 5; 1; 4653
INTERNAL; 7; 8; 1; 2813; INTERNAL; 5; 7; 2; 3701
INTERNAL; 5; 7; 2; 3701; INTERNAL; 4; 6; 2; 2583
INTERNAL; 8; 9; 1; 6606; INTERNAL; 4; 8; 4; 2755
INTERNAL; 8; 9; 1; 6606; INTERNAL; 6; 8; 2; 2757
INTERNAL; 6; 8; 2; 2757; INTERNAL; 4; 4; 0; 5021
INTERNAL; 6; 8; 2; 2757; INTERNAL; 5; 7; 2; 2712
INTERNAL; 5; 7; 2; 2712; INTERNAL; 4; 6; 2; 3228
INTERNAL; 8; 9; 1; 6606; INTERNAL; 6; 8; 2; 6045
INTERNAL; 6; 8; 2; 6045; INTERNAL; 5; 7; 2; 7863
INTERNAL; 5; 7; 2; 7863; INTERNAL; 4; 6; 2; 2724
INTERNAL; 6; 8; 2; 6045; INTERNAL; 4; 7; 3; 7856
INTERNAL; 6; 8; 2; 6045; INTERNAL; 4; 7; 3; 6847
INTERNAL; 6; 8; 2; 6045; INTERNAL; 5; 7; 2; 5408
INTERNAL; 5; 7; 2; 5408; INTERNAL; 3; 3; 0; 2586
INTERNAL; 5; 7; 2; 5408; INTERNAL; 4; 6; 2; 7166
INTERNAL; 5; 7; 2; 5408; INTERNAL; 4; 6; 2; 4032
INTERNAL; 8; 9; 1; 6606; INTERNAL; 4; 8; 4; 1920
INTERNAL; 8; 9; 1; 6606; INTERNAL; 5; 8; 3; 2756
INTERNAL; 5; 8; 3; 2756; INTERNAL; 4; 7; 3; 2711
INTERNAL; 11; 11; 0; 2457; INTERNAL; 8; 10; 2; 2705
INTERNAL; 8; 10; 2; 2705; INTERNAL; 6; 9; 3; 3948
INTERNAL; 6; 9; 3; 3948; INTERNAL; 4; 8; 4; 4928
INTERNAL; 4; 8; 4; 4928; INTERNAL; 3; 3; 0; 7369
INTERNAL; 6; 9; 3; 3948; INTERNAL; 5; 8; 3; 6698
INTERNAL; 8; 10; 2; 2705; INTERNAL; 7; 9; 2; 4127
INTERNAL; 7; 9; 2; 4127; INTERNAL; 4; 6; 2; 4618
INTERNAL; 7; 9; 2; 4127; INTERNAL; 4; 8; 4; 4293
INTERNAL; 7; 9; 2; 4127; INTERNAL; 6; 8; 2; 7011
INTERNAL; 6; 8; 2; 7011; INTERNAL; 5; 7; 2; 3947
INTERNAL; 5; 7; 2; 3947; INTERNAL; 4; 6; 2; 2603
INTERNAL; 5; 7; 2; 3947; INTERNAL; 3; 3; 0; 2349
INTERNAL; 6; 8; 2; 7011; INTERNAL; 4; 4; 0; 2124
INTERNAL; 7; 9; 2; 4127; INTERNAL; 6; 8; 2; 5050
INTERNAL; 6; 8; 2; 5050; INTERNAL; 5; 7; 2; 2608
INTERNAL; 8; 10; 2; 2705; INTERNAL; 6; 6; 0; 4883
INTERNAL; 6; 6; 0; 4883; INTERNAL; 4; 5; 1; 4650
INTERNAL; 6; 6; 0; 4883; INTERNAL; 5; 5; 0; 3901
INTERNAL; 5; 5; 0; 3901; INTERNAL; 4; 4; 0; 4443
INTERNAL; 5; 5; 0; 3901; INTERNAL; 4; 4; 0; 5217
INTERNAL; 6; 6; 0; 4883; INTERNAL; 5; 5; 0; 2137
INTERNAL; 6; 6; 0; 4883; INTERNAL; 5; 5; 0; 4986
INTERNAL; 5; 5; 0; 4986; INTERNAL; 4; 4; 0; 4660
INTERNAL; 8; 10; 2; 2705; INTERNAL; 5; 9; 4; 3720
INTERNAL; 8; 10; 2; 2705; INTERNAL; 6; 9; 3; 4279
INTERNAL; 6; 9; 3; 4279; INTERNAL; 5; 8; 3; 4208
INTERNAL; 6; 9; 3; 4279; INTERNAL; 4; 4; 0; 5222
INTERNAL; 11; 11; 0; 2457; INTERNAL; 9; 9; 0; 2914
INTERNAL; 9; 9; 0; 2914; INTERNAL; 8; 8; 0; 4919
INTERNAL; 8; 8; 0; 4919; INTERNAL; 7; 7; 0; 2908
INTERNAL; 7; 7; 0; 2908; INTERNAL; 6; 6; 0; 2900
INTERNAL; 6; 6; 0; 2900; INTERNAL; 4; 5; 1; 2891
INTERNAL; 6; 6; 0; 2900; INTERNAL; 5; 5; 0; 7518
INTERNAL; 7; 7; 0; 2908; INTERNAL; 6; 6; 0; 2584
INTERNAL; 6; 6; 0; 2584; INTERNAL; 5; 5; 0; 2894
INTERNAL; 5; 5; 0; 2894; INTERNAL; 3; 3; 0; 7376
INTERNAL; 6; 6; 0; 2584; INTERNAL; 4; 5; 1; 2293
INTERNAL; 7; 7; 0; 2908; INTERNAL; 5; 6; 1; 2902
INTERNAL; 7; 7; 0; 2908; INTERNAL; 4; 6; 2; 7564
INTERNAL; 9; 9; 0; 2914; INTERNAL; 6; 8; 2; 2510
INTERNAL; 6; 8; 2; 2510; INTERNAL; 4; 7; 3; 3734
INTERNAL; 9; 9; 0; 2914; INTERNAL; 6; 8; 2; 4160
INTERNAL; 6; 8; 2; 4160; INTERNAL; 3; 3; 0; 3541
INTERNAL; 6; 8; 2; 4160; INTERNAL; 4; 7; 3; 2229
INTERNAL; 6; 8; 2; 4160; INTERNAL; 4; 7; 3; 3867
INTERNAL; 6; 8; 2; 4160; INTERNAL; 5; 7; 2; 2870
INTERNAL; 9; 9; 0; 2914; INTERNAL; 6; 8; 2; 3965
INTERNAL; 6; 8; 2; 3965; INTERNAL; 5; 7; 2; 2867
INTERNAL; 5; 7; 2; 2867; INTERNAL; 4; 6; 2; 2996
INTERNAL; 9; 9; 0; 2914; INTERNAL; 5; 7; 2; 3767
INTERNAL; 5; 7; 2; 3767; INTERNAL; 4; 6; 2; 4804
INTERNAL; 5; 7; 2; 3767; INTERNAL; 4; 6; 2; 7898
INTERNAL; 5; 7; 2; 3767; INTERNAL; 4; 6; 2; 2861
INTERNAL; 5; 7; 2; 3767; INTERNAL; 4; 4; 0; 5210
INTERNAL; 11; 11; 0; 2457; INTERNAL; 10; 10; 0; 4590
INTERNAL; 10; 10; 0; 4590; INTERNAL; 7; 7; 0; 3039
INTERNAL; 7; 7; 0; 3039; INTERNAL; 6; 6; 0; 3981
INTERNAL; 6; 6; 0; 3981; INTERNAL; 3; 3; 0; 4743
INTERNAL; 6; 6; 0; 3981; INTERNAL; 5; 5; 0; 3545
INTERNAL; 5; 5; 0; 3545; INTERNAL; 3; 3; 0; 6425
INTERNAL; 5; 5; 0; 3545; INTERNAL; 4; 4; 0; 5227
INTERNAL; 6; 6; 0; 3981; INTERNAL; 4; 5; 1; 3637
INTERNAL; 7; 7; 0; 3039; INTERNAL; 6; 6; 0; 5170
INTERNAL; 6; 6; 0; 5170; INTERNAL; 5; 5; 0; 7565
INTERNAL; 5; 5; 0; 7565; INTERNAL; 4; 4; 0; 5092
INTERNAL; 6; 6; 0; 5170; INTERNAL; 5; 5; 0; 2964
INTERNAL; 5; 5; 0; 2964; INTERNAL; 4; 4; 0; 3490
INTERNAL; 6; 6; 0; 5170; INTERNAL; 5; 5; 0; 2105
INTERNAL; 7; 7; 0; 3039; INTERNAL; 6; 6; 0; 3459
INTERNAL; 6; 6; 0; 3459; INTERNAL; 5; 5; 0; 4478
INTERNAL; 5; 5; 0; 4478; INTERNAL; 3; 3; 0; 6712
INTERNAL; 7; 7; 0; 3039; INTERNAL; 6; 6; 0; 3936
INTERNAL; 6; 6; 0; 3936; INTERNAL; 4; 5; 1; 4869
INTERNAL; 6; 6; 0; 3936; INTERNAL; 5; 5; 0; 6196
INTERNAL; 5; 5; 0; 6196; INTERNAL; 4; 4; 0; 2138
INTERNAL; 7; 7; 0; 3039; INTERNAL; 6; 6; 0; 4226
INTERNAL; 6; 6; 0; 4226; INTERNAL; 5; 5; 0; 4950
INTERNAL; 6; 6; 0; 4226; INTERNAL; 4; 4; 0; 3104
INTERNAL; 4; 4; 0; 3104; INTERNAL; 3; 3; 0; 3962
INTERNAL; 4; 4; 0; 3104; INTERNAL; 3; 3; 0; 2362
INTERNAL; 4; 4; 0; 3104; INTERNAL; 3; 3; 0; 3181
INTERNAL; 4; 4; 0; 3104; INTERNAL; 3; 3; 0; 2407
INTERNAL; 6; 6; 0; 4226; INTERNAL; 5; 5; 0; 3832
INTERNAL; 5; 5; 0; 3832; INTERNAL; 4; 4; 0; 6779
INTERNAL; 5; 5; 0; 3832; INTERNAL; 4; 4; 0; 4785
INTERNAL; 5; 5; 0; 3832; INTERNAL; 4; 4; 0; 5193
INTERNAL; 10; 10; 0; 4590; INTERNAL; 8; 8; 0; 2281
INTERNAL; 8; 8; 0; 2281; INTERNAL; 7; 7; 0; 2337
INTERNAL; 7; 7; 0; 2337; INTERNAL; 5; 6; 1; 2986
INTERNAL; 5; 6; 1; 2986; INTERNAL; 4; 4; 0; 5016
INTERNAL; 7; 7; 0; 2337; INTERNAL; 5; 6; 1; 2982
INTERNAL; 5; 6; 1; 2982; INTERNAL; 4; 5; 1; 2975
INTERNAL; 7; 7; 0; 2337; INTERNAL; 6; 6; 0; 2988
INTERNAL; 6; 6; 0; 2988; INTERNAL; 5; 5; 0; 7763
INTERNAL; 6; 6; 0; 2988; INTERNAL; 5; 5; 0; 4851
INTERNAL; 8; 8; 0; 2281; INTERNAL; 4; 7; 3; 4111
INTERNAL; 8; 8; 0; 2281; INTERNAL; 6; 7; 1; 3625
INTERNAL; 6; 7; 1; 3625; INTERNAL; 5; 6; 1; 5752
INTERNAL; 5; 6; 1; 5752; INTERNAL; 4; 5; 1; 3878
INTERNAL; 4; 5; 1; 3878; INTERNAL; 3; 3; 0; 6339
INTERNAL; 8; 8; 0; 2281; INTERNAL; 5; 7; 2; 2999
INTERNAL; 5; 7; 2; 2999; INTERNAL; 4; 6; 2; 2924
INTERNAL; 8; 8; 0; 2281; INTERNAL; 7; 7; 0; 2761
INTERNAL; 7; 7; 0; 2761; INTERNAL; 6; 6; 0; 2968
INTERNAL; 6; 6; 0; 2968; INTERNAL; 5; 5; 0; 2967
INTERNAL; 6; 6; 0; 2968; INTERNAL; 4; 5; 1; 2956
INTERNAL; 7; 7; 0; 2761; INTERNAL; 5; 6; 1; 2974
INTERNAL; 5; 6; 1; 2974; INTERNAL; 3; 3; 0; 5059
INTERNAL; 10; 10; 0; 4590; INTERNAL; 7; 7; 0; 2247
INTERNAL; 7; 7; 0; 2247; INTERNAL; 6; 6; 0; 7614
INTERNAL; 6; 6; 0; 7614; INTERNAL; 4; 5; 1; 6046
INTERNAL; 6; 6; 0; 7614; INTERNAL; 4; 4; 0; 3620
INTERNAL; 6; 6; 0; 7614; INTERNAL; 5; 5; 0; 5094
INTERNAL; 5; 5; 0; 5094; INTERNAL; 4; 4; 0; 5292
INTERNAL; 5; 5; 0; 5094; INTERNAL; 4; 4; 0; 2551
INTERNAL; 6; 6; 0; 7614; INTERNAL; 3; 3; 0; 4759
INTERNAL; 7; 7; 0; 2247; INTERNAL; 5; 5; 0; 3511
INTERNAL; 5; 5; 0; 3511; INTERNAL; 4; 4; 0; 3599
INTERNAL; 4; 4; 0; 3599; INTERNAL; 3; 3; 0; 3812
INTERNAL; 4; 4; 0; 3599; INTERNAL; 3; 3; 0; 3803
INTERNAL; 5; 5; 0; 3511; INTERNAL; 4; 4; 0; 5151
INTERNAL; 5; 5; 0; 3511; INTERNAL; 4; 4; 0; 4016
INTERNAL; 4; 4; 0; 4016; INTERNAL; 3; 3; 0; 3559
INTERNAL; 4; 4; 0; 4016; INTERNAL; 3; 3; 0; 7834
INTERNAL; 7; 7; 0; 2247; INTERNAL; 5; 6; 1; 3534
INTERNAL; 5; 6; 1; 3534; INTERNAL; 4; 5; 1; 7677
INTERNAL; 5; 6; 1; 3534; INTERNAL; 4; 5; 1; 3695
INTERNAL; 7; 7; 0; 2247; INTERNAL; 6; 6; 0; 7424
INTERNAL; 6; 6; 0; 7424; INTERNAL; 4; 5; 1; 5033
INTERNAL; 6; 6; 0; 7424; INTERNAL; 5; 5; 0; 5293
INTERNAL; 6; 6; 0; 7424; INTERNAL; 5; 5; 0; 2527
INTERNAL; 10; 10; 0; 4590; INTERNAL; 7; 9; 2; 4907
INTERNAL; 7; 9; 2; 4907; INTERNAL; 5; 8; 3; 2859
INTERNAL; 5; 8; 3; 2859; INTERNAL; 4; 7; 3; 7472
INTERNAL; 7; 9; 2; 4907; INTERNAL; 6; 8; 2; 5548
INTERNAL; 6; 8; 2; 5548; INTERNAL; 5; 5; 0; 6462
INTERNAL; 5; 5; 0; 6462; INTERNAL; 4; 4; 0; 1825
INTERNAL; 6; 8; 2; 5548; INTERNAL; 4; 5; 1; 3752
INTERNAL; 6; 8; 2; 5548; INTERNAL; 5; 7; 2; 2825
INTERNAL; 5; 7; 2; 2825; INTERNAL; 4; 6; 2; 6604
INTERNAL; 7; 9; 2; 4907; INTERNAL; 5; 8; 3; 3876
INTERNAL; 5; 8; 3; 3876; INTERNAL; 4; 7; 3; 3814
INTERNAL; 10; 10; 0; 4590; INTERNAL; 8; 8; 0; 5281
INTERNAL; 8; 8; 0; 5281; INTERNAL; 6; 6; 0; 2010
INTERNAL; 6; 6; 0; 2010; INTERNAL; 5; 5; 0; 4994
INTERNAL; 5; 5; 0; 4994; INTERNAL; 4; 4; 0; 3249
INTERNAL; 4; 4; 0; 3249; INTERNAL; 3; 3; 0; 3580
INTERNAL; 4; 4; 0; 3249; INTERNAL; 3; 3; 0; 1854
INTERNAL; 4; 4; 0; 3249; INTERNAL; 3; 3; 0; 4166
INTERNAL; 4; 4; 0; 3249; INTERNAL; 3; 3; 0; 6544
INTERNAL; 5; 5; 0; 4994; INTERNAL; 4; 4; 0; 4213
INTERNAL; 5; 5; 0; 4994; INTERNAL; 4; 4; 0; 6359
INTERNAL; 4; 4; 0; 6359; INTERNAL; 3; 3; 0; 4889
INTERNAL; 4; 4; 0; 6359; INTERNAL; 3; 3; 0; 5040
INTERNAL; 4; 4; 0; 6359; INTERNAL; 3; 3; 0; 4390
INTERNAL; 6; 6; 0; 2010; INTERNAL; 4; 5; 1; 4568
INTERNAL; 4; 5; 1; 4568; INTERNAL; 3; 4; 1; 7507
INTERNAL; 6; 6; 0; 2010; INTERNAL; 5; 5; 0; 4989
INTERNAL; 5; 5; 0; 4989; INTERNAL; 4; 4; 0; 4747
INTERNAL; 5; 5; 0; 4989; INTERNAL; 4; 4; 0; 5417
INTERNAL; 6; 6; 0; 2010; INTERNAL; 5; 5; 0; 3003
INTERNAL; 5; 5; 0; 3003; INTERNAL; 4; 4; 0; 5025
INTERNAL; 4; 4; 0; 5025; INTERNAL; 3; 3; 0; 3761
INTERNAL; 5; 5; 0; 3003; INTERNAL; 4; 4; 0; 4470
INTERNAL; 5; 5; 0; 3003; INTERNAL; 4; 4; 0; 2911
INTERNAL; 6; 6; 0; 2010; INTERNAL; 5; 5; 0; 5068
INTERNAL; 5; 5; 0; 5068; INTERNAL; 4; 4; 0; 4400
INTERNAL; 5; 5; 0; 5068; INTERNAL; 4; 4; 0; 5028
INTERNAL; 6; 6; 0; 2010; INTERNAL; 5; 5; 0; 4990
INTERNAL; 5; 5; 0; 4990; INTERNAL; 4; 4; 0; 5007
INTERNAL; 4; 4; 0; 5007; INTERNAL; 3; 3; 0; 4647
INTERNAL; 8; 8; 0; 5281; INTERNAL; 6; 6; 0; 7782
INTERNAL; 6; 6; 0; 7782; INTERNAL; 5; 5; 0; 5009
INTERNAL; 5; 5; 0; 5009; INTERNAL; 4; 4; 0; 4409
INTERNAL; 5; 5; 0; 5009; INTERNAL; 4; 4; 0; 7349
INTERNAL; 5; 5; 0; 5009; INTERNAL; 4; 4; 0; 3400
INTERNAL; 4; 4; 0; 3400; INTERNAL; 3; 3; 0; 4824
INTERNAL; 4; 4; 0; 3400; INTERNAL; 3; 3; 0; 4009
INTERNAL; 4; 4; 0; 3400; INTERNAL; 3; 3; 0; 3943
INTERNAL; 4; 4; 0; 3400; INTERNAL; 3; 3; 0; 7227
INTERNAL; 4; 4; 0; 3400; INTERNAL; 3; 3; 0; 3794
INTERNAL; 4; 4; 0; 3400; INTERNAL; 3; 3; 0; 4945
INTERNAL; 5; 5; 0; 5009; INTERNAL; 4; 4; 0; 4768
INTERNAL; 6; 6; 0; 7782; INTERNAL; 5; 5; 0; 5045
INTERNAL; 5; 5; 0; 5045; INTERNAL; 4; 4; 0; 5482
INTERNAL; 5; 5; 0; 5045; INTERNAL; 4; 4; 0; 3596
INTERNAL; 5; 5; 0; 5045; INTERNAL; 4; 4; 0; 5064
INTERNAL; 6; 6; 0; 7782; INTERNAL; 5; 5; 0; 4313
INTERNAL; 5; 5; 0; 4313; INTERNAL; 4; 4; 0; 2174
INTERNAL; 4; 4; 0; 2174; INTERNAL; 3; 3; 0; 5076
INTERNAL; 5; 5; 0; 4313; INTERNAL; 4; 4; 0; 5600
INTERNAL; 5; 5; 0; 4313; INTERNAL; 4; 4; 0; 5070
INTERNAL; 6; 6; 0; 7782; INTERNAL; 5; 5; 0; 5041
INTERNAL; 5; 5; 0; 5041; INTERNAL; 4; 4; 0; 4374
INTERNAL; 4; 4; 0; 4374; INTERNAL; 3; 3; 0; 5057
INTERNAL; 4; 4; 0; 4374; INTERNAL; 3; 3; 0; 2736
INTERNAL; 4; 4; 0; 4374; INTERNAL; 3; 3; 0; 7028
INTERNAL; 5; 5; 0; 5041; INTERNAL; 4; 4; 0; 3709
INTERNAL; 5; 5; 0; 5041; INTERNAL; 4; 4; 0; 2880
INTERNAL; 8; 8; 0; 5281; INTERNAL; 7; 7; 0; 4735
INTERNAL; 7; 7; 0; 4735; INTERNAL; 6; 6; 0; 3543
INTERNAL; 6; 6; 0; 3543; INTERNAL; 5; 5; 0; 2307
INTERNAL; 5; 5; 0; 2307; INTERNAL; 4; 4; 0; 4558
INTERNAL; 5; 5; 0; 2307; INTERNAL; 4; 4; 0; 6305
INTERNAL; 6; 6; 0; 3543; INTERNAL; 5; 5; 0; 2748
INTERNAL; 5; 5; 0; 2748; INTERNAL; 4; 4; 0; 4853
INTERNAL; 5; 5; 0; 2748; INTERNAL; 4; 4; 0; 3144
INTERNAL; 6; 6; 0; 3543; INTERNAL; 5; 5; 0; 4868
INTERNAL; 5; 5; 0; 4868; INTERNAL; 4; 4; 0; 4540
INTERNAL; 4; 4; 0; 4540; INTERNAL; 3; 3; 0; 3995
INTERNAL; 5; 5; 0; 4868; INTERNAL; 4; 4; 0; 4020
INTERNAL; 4; 4; 0; 4020; INTERNAL; 3; 3; 0; 4549
INTERNAL; 6; 6; 0; 3543; INTERNAL; 5; 5; 0; 4381
INTERNAL; 5; 5; 0; 4381; INTERNAL; 4; 4; 0; 2477
INTERNAL; 4; 4; 0; 2477; INTERNAL; 3; 3; 0; 2160
INTERNAL; 4; 4; 0; 2477; INTERNAL; 3; 3; 0; 5811
INTERNAL; 4; 4; 0; 2477; INTERNAL; 3; 3; 0; 7740
INTERNAL; 5; 5; 0; 4381; INTERNAL; 4; 4; 0; 5686
INTERNAL; 4; 4; 0; 5686; INTERNAL; 3; 3; 0; 4265
INTERNAL; 4; 4; 0; 5686; INTERNAL; 3; 3; 0; 4539
INTERNAL; 7; 7; 0; 4735; INTERNAL; 6; 6; 0; 3600
INTERNAL; 6; 6; 0; 3600; INTERNAL; 5; 5; 0; 2851
INTERNAL; 5; 5; 0; 2851; INTERNAL; 4; 4; 0; 4345
INTERNAL; 4; 4; 0; 4345; INTERNAL; 3; 3; 0; 2286
INTERNAL; 6; 6; 0; 3600; INTERNAL; 5; 5; 0; 4984
INTERNAL; 5; 5; 0; 4984; INTERNAL; 4; 4; 0; 5022
INTERNAL; 4; 4; 0; 5022; INTERNAL; 3; 3; 0; 4393
INTERNAL; 4; 4; 0; 5022; INTERNAL; 3; 3; 0; 6223
INTERNAL; 4; 4; 0; 5022; INTERNAL; 3; 3; 0; 3626
INTERNAL; 5; 5; 0; 4984; INTERNAL; 4; 4; 0; 4255
INTERNAL; 4; 4; 0; 4255; INTERNAL; 3; 3; 0; 5244
INTERNAL; 5; 5; 0; 4984; INTERNAL; 4; 4; 0; 4621
INTERNAL; 4; 4; 0; 4621; INTERNAL; 3; 3; 0; 7756
INTERNAL; 4; 4; 0; 4621; INTERNAL; 3; 3; 0; 4977
INTERNAL; 4; 4; 0; 4621; INTERNAL; 3; 3; 0; 4997
INTERNAL; 6; 6; 0; 3600; INTERNAL; 5; 5; 0; 3280
INTERNAL; 5; 5; 0; 3280; INTERNAL; 4; 4; 0; 4693
INTERNAL; 5; 5; 0; 3280; INTERNAL; 4; 4; 0; 4691
INTERNAL; 5; 5; 0; 3280; INTERNAL; 4; 4; 0; 7409
INTERNAL; 5; 5; 0; 3280; INTERNAL; 4; 4; 0; 4750
INTERNAL; 6; 6; 0; 3600; INTERNAL; 5; 5; 0; 4571
INTERNAL; 5; 5; 0; 4571; INTERNAL; 4; 4; 0; 5331
INTERNAL; 6; 6; 0; 3600; INTERNAL; 5; 5; 0; 4598
INTERNAL; 5; 5; 0; 4598; INTERNAL; 4; 4; 0; 5190
INTERNAL; 5; 5; 0; 4598; INTERNAL; 4; 4; 0; 4161
INTERNAL; 5; 5; 0; 4598; INTERNAL; 4; 4; 0; 5085
INTERNAL; 7; 7; 0; 4735; INTERNAL; 6; 6; 0; 4427
INTERNAL; 6; 6; 0; 4427; INTERNAL; 5; 5; 0; 4863
INTERNAL; 5; 5; 0; 4863; INTERNAL; 4; 4; 0; 6567
INTERNAL; 5; 5; 0; 4863; INTERNAL; 4; 4; 0; 4619
INTERNAL; 5; 5; 0; 4863; INTERNAL; 4; 4; 0; 3748
INTERNAL; 4; 4; 0; 3748; INTERNAL; 3; 3; 0; 4947
INTERNAL; 5; 5; 0; 4863; INTERNAL; 4; 4; 0; 3523
INTERNAL; 4; 4; 0; 3523; INTERNAL; 3; 3; 0; 7019
INTERNAL; 4; 4; 0; 3523; INTERNAL; 3; 3; 0; 3243
INTERNAL; 5; 5; 0; 4863; INTERNAL; 4; 4; 0; 3285
INTERNAL; 6; 6; 0; 4427; INTERNAL; 5; 5; 0; 4860
INTERNAL; 5; 5; 0; 4860; INTERNAL; 4; 4; 0; 4888
INTERNAL; 5; 5; 0; 4860; INTERNAL; 4; 4; 0; 4871
INTERNAL; 4; 4; 0; 4871; INTERNAL; 3; 3; 0; 4910
INTERNAL; 5; 5; 0; 4860; INTERNAL; 4; 4; 0; 4862
INTERNAL; 4; 4; 0; 4862; INTERNAL; 3; 3; 0; 4412
INTERNAL; 4; 4; 0; 4862; INTERNAL; 3; 3; 0; 3538
INTERNAL; 5; 5; 0; 4860; INTERNAL; 4; 4; 0; 4895
INTERNAL; 5; 5; 0; 4860; INTERNAL; 4; 4; 0; 5080
INTERNAL; 5; 5; 0; 4860; INTERNAL; 4; 4; 0; 2134
INTERNAL; 4; 4; 0; 2134; INTERNAL; 3; 3; 0; 4753
INTERNAL; 6; 6; 0; 4427; INTERNAL; 5; 5; 0; 5237
INTERNAL; 5; 5; 0; 5237; INTERNAL; 4; 4; 0; 2843
INTERNAL; 5; 5; 0; 5237; INTERNAL; 4; 4; 0; 3807
INTERNAL; 5; 5; 0; 5237; INTERNAL; 4; 4; 0; 3568
INTERNAL; 4; 4; 0; 3568; INTERNAL; 3; 3; 0; 4554
INTERNAL; 5; 5; 0; 5237; INTERNAL; 4; 4; 0; 4351
INTERNAL; 5; 5; 0; 5237; INTERNAL; 4; 4; 0; 3010
INTERNAL; 5; 5; 0; 5237; INTERNAL; 4; 4; 0; 4923
INTERNAL; 7; 7; 0; 4735; INTERNAL; 6; 6; 0; 4494
INTERNAL; 6; 6; 0; 4494; INTERNAL; 5; 5; 0; 4757
INTERNAL; 5; 5; 0; 4757; INTERNAL; 4; 4; 0; 4685
INTERNAL; 4; 4; 0; 4685; INTERNAL; 3; 3; 0; 7303
INTERNAL; 5; 5; 0; 4757; INTERNAL; 4; 4; 0; 4005
INTERNAL; 5; 5; 0; 4757; INTERNAL; 4; 4; 0; 4062
INTERNAL; 5; 5; 0; 4757; INTERNAL; 4; 4; 0; 4773
INTERNAL; 4; 4; 0; 4773; INTERNAL; 3; 3; 0; 4763
INTERNAL; 6; 6; 0; 4494; INTERNAL; 5; 5; 0; 4122
INTERNAL; 5; 5; 0; 4122; INTERNAL; 4; 4; 0; 2347
INTERNAL; 4; 4; 0; 2347; INTERNAL; 3; 3; 0; 3210
INTERNAL; 4; 4; 0; 2347; INTERNAL; 3; 3; 0; 2990
INTERNAL; 5; 5; 0; 4122; INTERNAL; 4; 4; 0; 4828
INTERNAL; 4; 4; 0; 4828; INTERNAL; 3; 3; 0; 3643
INTERNAL; 5; 5; 0; 4122; INTERNAL; 3; 4; 1; 4696
INTERNAL; 5; 5; 0; 4122; INTERNAL; 4; 4; 0; 4237
INTERNAL; 5; 5; 0; 4122; INTERNAL; 4; 4; 0; 3035
INTERNAL; 4; 4; 0; 3035; INTERNAL; 3; 3; 0; 4487
INTERNAL; 5; 5; 0; 4122; INTERNAL; 4; 4; 0; 2266
INTERNAL; 4; 4; 0; 2266; INTERNAL; 3; 3; 0; 4857
INTERNAL; 4; 4; 0; 2266; INTERNAL; 3; 3; 0; 4067
INTERNAL; 4; 4; 0; 2266; INTERNAL; 3; 3; 0; 3056
INTERNAL; 7; 7; 0; 4735; INTERNAL; 6; 6; 0; 5779
INTERNAL; 6; 6; 0; 5779; INTERNAL; 5; 5; 0; 3891
INTERNAL; 5; 5; 0; 3891; INTERNAL; 4; 4; 0; 4726
INTERNAL; 4; 4; 0; 4726; INTERNAL; 3; 3; 0; 3311
INTERNAL; 4; 4; 0; 4726; INTERNAL; 3; 3; 0; 3314
INTERNAL; 4; 4; 0; 4726; INTERNAL; 3; 3; 0; 4736
INTERNAL; 4; 4; 0; 4726; INTERNAL; 3; 3; 0; 3160
INTERNAL; 5; 5; 0; 3891; INTERNAL; 4; 4; 0; 4178
INTERNAL; 5; 5; 0; 3891; INTERNAL; 4; 4; 0; 5005
INTERNAL; 4; 4; 0; 5005; INTERNAL; 3; 3; 0; 3276
INTERNAL; 4; 4; 0; 5005; INTERNAL; 3; 3; 0; 3247
INTERNAL; 5; 5; 0; 3891; INTERNAL; 4; 4; 0; 3646
INTERNAL; 5; 5; 0; 3891; INTERNAL; 4; 4; 0; 5186
INTERNAL; 6; 6; 0; 5779; INTERNAL; 5; 5; 0; 2857
INTERNAL; 5; 5; 0; 2857; INTERNAL; 4; 4; 0; 3449
INTERNAL; 5; 5; 0; 2857; INTERNAL; 4; 4; 0; 7321
INTERNAL; 5; 5; 0; 2857; INTERNAL; 4; 4; 0; 4152
INTERNAL; 6; 6; 0; 5779; INTERNAL; 5; 5; 0; 3420
INTERNAL; 5; 5; 0; 3420; INTERNAL; 4; 4; 0; 3217
INTERNAL; 5; 5; 0; 3420; INTERNAL; 4; 4; 0; 4085
INTERNAL; 5; 5; 0; 3420; INTERNAL; 4; 4; 0; 2913
INTERNAL; 6; 6; 0; 5779; INTERNAL; 5; 5; 0; 3154
INTERNAL; 5; 5; 0; 3154; INTERNAL; 4; 4; 0; 4843
INTERNAL; 5; 5; 0; 3154; INTERNAL; 4; 4; 0; 3108
INTERNAL; 5; 5; 0; 3154; INTERNAL; 4; 4; 0; 4449
INTERNAL; 5; 5; 0; 3154; INTERNAL; 4; 4; 0; 7216
INTERNAL; 4; 4; 0; 7216; INTERNAL; 3; 3; 0; 2812
INTERNAL; 4; 4; 0; 7216; INTERNAL; 3; 3; 0; 4372
INTERNAL; 4; 4; 0; 7216; INTERNAL; 3; 3; 0; 3174
INTERNAL; 6; 6; 0; 5779; INTERNAL; 5; 5; 0; 3422
INTERNAL; 5; 5; 0; 3422; INTERNAL; 4; 4; 0; 4004
INTERNAL; 5; 5; 0; 3422; INTERNAL; 4; 4; 0; 2779
INTERNAL; 4; 4; 0; 2779; INTERNAL; 3; 3; 0; 4147
INTERNAL; 7; 7; 0; 4735; INTERNAL; 6; 6; 0; 2926
INTERNAL; 6; 6; 0; 2926; INTERNAL; 5; 5; 0; 4311
INTERNAL; 5; 5; 0; 4311; INTERNAL; 4; 4; 0; 3204
INTERNAL; 5; 5; 0; 4311; INTERNAL; 4; 4; 0; 4177
INTERNAL; 5; 5; 0; 4311; INTERNAL; 4; 4; 0; 5284
INTERNAL; 5; 5; 0; 4311; INTERNAL; 4; 4; 0; 5777
INTERNAL; 6; 6; 0; 2926; INTERNAL; 5; 5; 0; 5910
INTERNAL; 5; 5; 0; 5910; INTERNAL; 4; 4; 0; 3238
INTERNAL; 5; 5; 0; 5910; INTERNAL; 4; 4; 0; 4308
INTERNAL; 4; 4; 0; 4308; INTERNAL; 3; 3; 0; 6114
INTERNAL; 4; 4; 0; 4308; INTERNAL; 3; 3; 0; 4129
INTERNAL; 4; 4; 0; 4308; INTERNAL; 3; 3; 0; 3215
INTERNAL; 4; 4; 0; 4308; INTERNAL; 3; 3; 0; 3211
INTERNAL; 4; 4; 0; 4308; INTERNAL; 3; 3; 0; 4171
INTERNAL; 5; 5; 0; 5910; INTERNAL; 4; 4; 0; 6717
INTERNAL; 8; 8; 0; 5281; INTERNAL; 7; 7; 0; 5736
INTERNAL; 7; 7; 0; 5736; INTERNAL; 6; 6; 0; 5226
INTERNAL; 6; 6; 0; 5226; INTERNAL; 5; 5; 0; 5857
INTERNAL; 5; 5; 0; 5857; INTERNAL; 4; 4; 0; 2439
INTERNAL; 7; 7; 0; 5736; INTERNAL; 6; 6; 0; 4875
INTERNAL; 6; 6; 0; 4875; INTERNAL; 4; 5; 1; 3130
INTERNAL; 6; 6; 0; 4875; INTERNAL; 5; 5; 0; 3070
INTERNAL; 6; 6; 0; 4875; INTERNAL; 5; 5; 0; 5053
INTERNAL; 5; 5; 0; 5053; INTERNAL; 4; 4; 0; 5256
INTERNAL; 6; 6; 0; 4875; INTERNAL; 5; 5; 0; 4988
INTERNAL; 11; 11; 0; 2457; INTERNAL; 8; 10; 2; 4916
INTERNAL; 8; 10; 2; 4916; INTERNAL; 7; 9; 2; 7428
INTERNAL; 7; 9; 2; 7428; INTERNAL; 4; 8; 4; 4849
INTERNAL; 7; 9; 2; 7428; INTERNAL; 5; 8; 3; 2643
INTERNAL; 5; 8; 3; 2643; INTERNAL; 4; 7; 3; 2629
INTERNAL; 7; 9; 2; 7428; INTERNAL; 5; 8; 3; 2581
INTERNAL; 5; 8; 3; 2581; INTERNAL; 4; 7; 3; 2635
INTERNAL; 7; 9; 2; 7428; INTERNAL; 6; 8; 2; 4206
INTERNAL; 6; 8; 2; 4206; INTERNAL; 4; 7; 3; 3861
INTERNAL; 7; 9; 2; 7428; INTERNAL; 5; 8; 3; 2638
INTERNAL; 5; 8; 3; 2638; INTERNAL; 4; 7; 3; 2627
INTERNAL; 8; 10; 2; 4916; INTERNAL; 7; 9; 2; 4460
INTERNAL; 7; 9; 2; 4460; INTERNAL; 6; 8; 2; 4912
INTERNAL; 6; 8; 2; 4912; INTERNAL; 5; 7; 2; 2897
INTERNAL; 5; 7; 2; 2897; INTERNAL; 4; 5; 1; 3768
INTERNAL; 6; 8; 2; 4912; INTERNAL; 4; 7; 3; 2651
INTERNAL; 6; 8; 2; 4912; INTERNAL; 5; 7; 2; 2653
INTERNAL; 7; 9; 2; 4460; INTERNAL; 5; 8; 3; 7772
INTERNAL; 5; 8; 3; 7772; INTERNAL; 4; 7; 3; 2648
INTERNAL; 8; 10; 2; 4916; INTERNAL; 6; 9; 3; 3915
INTERNAL; 6; 9; 3; 3915; INTERNAL; 5; 8; 3; 2618
INTERNAL; 5; 8; 3; 2618; INTERNAL; 4; 7; 3; 2616
INTERNAL; 8; 10; 2; 4916; INTERNAL; 5; 9; 4; 2664
INTERNAL; 5; 9; 4; 2664; INTERNAL; 4; 8; 4; 2931
INTERNAL; 8; 10; 2; 4916; INTERNAL; 6; 9; 3; 2668
INTERNAL; 6; 9; 3; 2668; INTERNAL; 5; 8; 3; 4641
INTERNAL; 6; 9; 3; 2668; INTERNAL; 5; 8; 3; 2619
INTERNAL; 12; 13; 1; 2872; INTERNAL; 9; 11; 2; 3602
INTERNAL; 9; 11; 2; 3602; INTERNAL; 5; 10; 5; 2403
INTERNAL; 5; 10; 5; 2403; INTERNAL; 4; 9; 5; 3038
INTERNAL; 9; 11; 2; 3602; INTERNAL; 5; 10; 5; 2750
INTERNAL; 5; 10; 5; 2750; INTERNAL; 4; 4; 0; 4159
INTERNAL; 5; 10; 5; 2750; INTERNAL; 4; 9; 5; 2389
INTERNAL; 9; 11; 2; 3602; INTERNAL; 8; 10; 2; 3593
INTERNAL; 8; 10; 2; 3593; INTERNAL; 7; 9; 2; 2401
INTERNAL; 7; 9; 2; 2401; INTERNAL; 6; 8; 2; 4578
INTERNAL; 6; 8; 2; 4578; INTERNAL; 4; 7; 3; 2397
INTERNAL; 6; 8; 2; 4578; INTERNAL; 5; 7; 2; 2850
INTERNAL; 7; 9; 2; 2401; INTERNAL; 5; 8; 3; 2398
INTERNAL; 5; 8; 3; 2398; INTERNAL; 4; 7; 3; 3251
INTERNAL; 12; 13; 1; 2872; INTERNAL; 9; 12; 3; 2335
INTERNAL; 9; 12; 3; 2335; INTERNAL; 4; 11; 7; 2214
INTERNAL; 9; 12; 3; 2335; INTERNAL; 8; 11; 3; 3265
INTERNAL; 8; 11; 3; 3265; INTERNAL; 4; 10; 6; 4566
INTERNAL; 8; 11; 3; 3265; INTERNAL; 7; 10; 3; 4694
INTERNAL; 7; 10; 3; 4694; INTERNAL; 6; 9; 3; 7883
INTERNAL; 6; 9; 3; 7883; INTERNAL; 5; 8; 3; 2822
INTERNAL; 5; 8; 3; 2822; INTERNAL; 4; 7; 3; 3519
INTERNAL; 7; 10; 3; 4694; INTERNAL; 5; 9; 4; 2430
INTERNAL; 8; 11; 3; 3265; INTERNAL; 5; 10; 5; 3323
INTERNAL; 9; 12; 3; 2335; INTERNAL; 6; 11; 5; 2329
INTERNAL; 6; 11; 5; 2329; INTERNAL; 5; 10; 5; 2523
INTERNAL; 5; 10; 5; 2523; INTERNAL; 4; 9; 5; 2460
INTERNAL; 6; 11; 5; 2329; INTERNAL; 5; 10; 5; 2319
INTERNAL; 9; 12; 3; 2335; INTERNAL; 6; 11; 5; 3078
INTERNAL; 6; 11; 5; 3078; INTERNAL; 5; 10; 5; 4131
INTERNAL; 5; 10; 5; 4131; INTERNAL; 4; 9; 5; 2034
INTERNAL; 6; 11; 5; 3078; INTERNAL; 5; 10; 5; 6097
INTERNAL; 6; 11; 5; 3078; INTERNAL; 4; 10; 6; 3770
INTERNAL; 14; 17; 3; 1812; INTERNAL; 8; 15; 7; 2543
INTERNAL; 8; 15; 7; 2543; INTERNAL; 6; 9; 3; 4350
INTERNAL; 6; 9; 3; 4350; INTERNAL; 5; 8; 3; 2428
INTERNAL; 5; 8; 3; 2428; INTERNAL; 4; 7; 3; 2288
INTERNAL; 6; 9; 3; 4350; INTERNAL; 5; 8; 3; 2290
INTERNAL; 8; 15; 7; 2543; INTERNAL; 6; 14; 8; 2060
INTERNAL; 6; 14; 8; 2060; INTERNAL; 5; 13; 8; 3423
INTERNAL; 5; 13; 8; 3423; INTERNAL; 4; 12; 8; 6992
INTERNAL; 6; 14; 8; 2060; INTERNAL; 5; 13; 8; 2233
INTERNAL; 5; 13; 8; 2233; INTERNAL; 4; 7; 3; 2345
INTERNAL; 6; 14; 8; 2060; INTERNAL; 5; 13; 8; 3805
INTERNAL; 6; 14; 8; 2060; INTERNAL; 4; 13; 9; 2055
INTERNAL; 6; 14; 8; 2060; INTERNAL; 5; 13; 8; 4648
INTERNAL; 8; 15; 7; 2543; INTERNAL; 7; 10; 3; 5620
INTERNAL; 7; 10; 3; 5620; INTERNAL; 5; 9; 4; 2640
INTERNAL; 5; 9; 4; 2640; INTERNAL; 4; 7; 3; 2753
INTERNAL; 7; 10; 3; 5620; INTERNAL; 6; 9; 3; 4013
INTERNAL; 6; 9; 3; 4013; INTERNAL; 5; 8; 3; 2056
INTERNAL; 6; 9; 3; 4013; INTERNAL; 4; 4; 0; 7301
INTERNAL; 15; 18; 3; 5410; INTERNAL; 9; 16; 7; 2876
INTERNAL; 9; 16; 7; 2876; INTERNAL; 8; 15; 7; 2628
INTERNAL; 8; 15; 7; 2628; INTERNAL; 6; 14; 8; 3369
INTERNAL; 6; 14; 8; 3369; INTERNAL; 5; 13; 8; 6663
INTERNAL; 6; 14; 8; 3369; INTERNAL; 4; 13; 9; 1788
INTERNAL; 8; 15; 7; 2628; INTERNAL; 5; 14; 9; 4065
INTERNAL; 5; 14; 9; 4065; INTERNAL; 4; 13; 9; 3163
INTERNAL; 5; 14; 9; 4065; INTERNAL; 4; 5; 1; 2709
INTERNAL; 8; 15; 7; 2628; INTERNAL; 7; 14; 7; 2699
INTERNAL; 7; 14; 7; 2699; INTERNAL; 5; 13; 8; 7438
INTERNAL; 5; 13; 8; 7438; INTERNAL; 4; 12; 8; 3453
INTERNAL; 5; 13; 8; 7438; INTERNAL; 4; 12; 8; 2395
INTERNAL; 7; 14; 7; 2699; INTERNAL; 6; 13; 7; 2548
INTERNAL; 6; 13; 7; 2548; INTERNAL; 5; 12; 7; 5848
INTERNAL; 6; 13; 7; 2548; INTERNAL; 4; 12; 8; 1944
INTERNAL; 7; 14; 7; 2699; INTERNAL; 4; 13; 9; 2113
INTERNAL; 8; 15; 7; 2628; INTERNAL; 6; 14; 8; 5269
INTERNAL; 6; 14; 8; 5269; INTERNAL; 5; 13; 8; 1791
INTERNAL; 9; 16; 7; 2876; INTERNAL; 5; 15; 10; 2816
INTERNAL; 9; 16; 7; 2876; INTERNAL; 5; 15; 10; 3687
INTERNAL; 5; 15; 10; 3687; INTERNAL; 4; 14; 10; 4096
INTERNAL; 9; 16; 7; 2876; INTERNAL; 5; 15; 10; 3175
INTERNAL; 5; 15; 10; 3175; INTERNAL; 4; 14; 10; 3170
INTERNAL; 9; 16; 7; 2876; INTERNAL; 6; 15; 9; 1931
INTERNAL; 6; 15; 9; 1931; INTERNAL; 5; 14; 9; 1786
INTERNAL; 6; 15; 9; 1931; INTERNAL; 4; 14; 10; 6118
INTERNAL; 9; 16; 7; 2876; INTERNAL; 5; 11; 6; 1979
INTERNAL; 5; 11; 6; 1979; INTERNAL; 4; 10; 6; 2062
INTERNAL; 5; 11; 6; 1979; INTERNAL; 4; 10; 6; 2075
INTERNAL; 15; 18; 3; 5410; INTERNAL; 9; 17; 8; 4501
INTERNAL; 9; 17; 8; 4501; INTERNAL; 5; 16; 11; 3851
INTERNAL; 9; 17; 8; 4501; INTERNAL; 8; 16; 8; 3895
INTERNAL; 8; 16; 8; 3895; INTERNAL; 7; 15; 8; 6587
INTERNAL; 7; 15; 8; 6587; INTERNAL; 6; 14; 8; 2496
INTERNAL; 6; 14; 8; 2496; INTERNAL; 5; 13; 8; 4911
INTERNAL; 5; 13; 8; 4911; INTERNAL; 4; 12; 8; 1802
INTERNAL; 6; 14; 8; 2496; INTERNAL; 5; 13; 8; 2326
INTERNAL; 5; 13; 8; 2326; INTERNAL; 4; 12; 8; 1804
INTERNAL; 6; 14; 8; 2496; INTERNAL; 5; 13; 8; 3171
INTERNAL; 5; 13; 8; 3171; INTERNAL; 4; 12; 8; 4397
INTERNAL; 7; 15; 8; 6587; INTERNAL; 5; 14; 9; 2408
INTERNAL; 7; 15; 8; 6587; INTERNAL; 6; 14; 8; 1806
INTERNAL; 8; 16; 8; 3895; INTERNAL; 5; 8; 3; 4520
INTERNAL; 8; 16; 8; 3895; INTERNAL; 5; 15; 10; 2970
INTERNAL; 5; 15; 10; 2970; INTERNAL; 4; 14; 10; 4737
INTERNAL; 8; 16; 8; 3895; INTERNAL; 5; 15; 10; 2223
INTERNAL; 9; 17; 8; 4501; INTERNAL; 4; 16; 12; 4699
INTERNAL; 9; 17; 8; 4501; INTERNAL; 4; 16; 12; 2504
INTERNAL; 9; 17; 8; 4501; INTERNAL; 5; 16; 11; 1810
INTERNAL; 5; 16; 11; 1810; INTERNAL; 4; 15; 11; 2132
INTERNAL; 16; 20; 4; 5461; INTERNAL; 9; 18; 9; 5404
INTERNAL; 9; 18; 9; 5404; INTERNAL; 8; 17; 9; 5411
INTERNAL; 8; 17; 9; 5411; INTERNAL; 3; 16; 13; 6526
INTERNAL; 8; 17; 9; 5411; INTERNAL; 7; 16; 9; 5445
INTERNAL; 7; 16; 9; 5445; INTERNAL; 6; 15; 9; 5446
INTERNAL; 7; 16; 9; 5445; INTERNAL; 3; 15; 12; 5449
INTERNAL; 9; 18; 9; 5404; INTERNAL; 8; 17; 9; 2484
INTERNAL; 8; 17; 9; 2484; INTERNAL; 7; 16; 9; 5434
INTERNAL; 7; 16; 9; 5434; INTERNAL; 6; 15; 9; 5438
INTERNAL; 6; 15; 9; 5438; INTERNAL; 5; 14; 9; 3481
INTERNAL; 6; 15; 9; 5438; INTERNAL; 5; 14; 9; 2203
INTERNAL; 6; 15; 9; 5438; INTERNAL; 3; 14; 11; 5440
INTERNAL; 17; 32; 15; 6809; INTERNAL; 10; 31; 21; 5850
INTERNAL; 10; 31; 21; 5850; INTERNAL; 9; 19; 10; 5396
INTERNAL; 18; 33; 15; 6806; INTERNAL; 17; 32; 15; 6808
INTERNAL; 17; 32; 15; 6808; INTERNAL; 16; 30; 14; 6764
INTERNAL; 16; 30; 14; 6764; INTERNAL; 15; 19; 4; 4248
INTERNAL; 16; 30; 14; 6764; INTERNAL; 10; 29; 19; 6255
INTERNAL; 17; 32; 15; 6808; INTERNAL; 8; 31; 23; 7953
INTERNAL; 8; 31; 23; 7953; INTERNAL; 6; 30; 24; 7644
INTERNAL; 6; 30; 24; 7644; INTERNAL; 5; 29; 24; 3829
INTERNAL; 8; 31; 23; 7953; INTERNAL; 6; 30; 24; 6786
INTERNAL; 6; 30; 24; 6786; INTERNAL; 5; 29; 24; 6799
INTERNAL; 5; 29; 24; 6799; INTERNAL; 4; 28; 24; 6804
INTERNAL; 6; 30; 24; 6786; INTERNAL; 4; 29; 25; 6152
INTERNAL; 8; 31; 23; 7953; INTERNAL; 5; 30; 25; 6791
INTERNAL; 5; 30; 25; 6791; INTERNAL; 4; 19; 15; 5874
INTERNAL; 5; 30; 25; 6791; INTERNAL; 4; 16; 12; 4551
INTERNAL; 5; 30; 25; 6791; INTERNAL; 4; 29; 25; 4126
INTERNAL; 17; 32; 15; 6808; INTERNAL; 9; 30; 21; 6765
INTERNAL; 9; 30; 21; 6765; INTERNAL; 8; 27; 19; 6437
INTERNAL; 8; 27; 19; 6437; INTERNAL; 6; 26; 20; 3903
INTERNAL; 6; 26; 20; 3903; INTERNAL; 5; 25; 20; 3681
INTERNAL; 8; 27; 19; 6437; INTERNAL; 5; 26; 21; 3384
INTERNAL; 5; 26; 21; 3384; INTERNAL; 4; 25; 21; 6716
INTERNAL; 8; 27; 19; 6437; INTERNAL; 7; 12; 5; 4614
INTERNAL; 7; 12; 5; 4614; INTERNAL; 5; 11; 6; 5934
INTERNAL; 7; 12; 5; 4614; INTERNAL; 5; 11; 6; 5932
INTERNAL; 5; 11; 6; 5932; INTERNAL; 4; 10; 6; 5937
INTERNAL; 5; 11; 6; 5932; INTERNAL; 4; 10; 6; 5938
INTERNAL; 7; 12; 5; 4614; INTERNAL; 6; 11; 5; 5930
INTERNAL; 6; 11; 5; 5930; INTERNAL; 5; 10; 5; 5935
INTERNAL; 5; 10; 5; 5935; INTERNAL; 4; 9; 5; 5936
INTERNAL; 8; 27; 19; 6437; INTERNAL; 5; 26; 21; 4282
INTERNAL; 5; 26; 21; 4282; INTERNAL; 4; 25; 21; 2588
INTERNAL; 8; 27; 19; 6437; INTERNAL; 5; 9; 4; 5856
INTERNAL; 5; 9; 4; 5856; INTERNAL; 4; 8; 4; 7018
INTERNAL; 5; 9; 4; 5856; INTERNAL; 4; 8; 4; 5858
INTERNAL; 9; 30; 21; 6765; INTERNAL; 8; 29; 21; 5138
INTERNAL; 8; 29; 21; 5138; INTERNAL; 5; 28; 23; 5147
INTERNAL; 5; 28; 23; 5147; INTERNAL; 4; 27; 23; 4101
INTERNAL; 5; 28; 23; 5147; INTERNAL; 4; 24; 20; 6692
INTERNAL; 8; 29; 21; 5138; INTERNAL; 5; 28; 23; 6755
INTERNAL; 5; 28; 23; 6755; INTERNAL; 4; 20; 16; 6760
INTERNAL; 8; 29; 21; 5138; INTERNAL; 5; 21; 16; 6754
INTERNAL; 8; 29; 21; 5138; INTERNAL; 6; 28; 22; 2817
INTERNAL; 6; 28; 22; 2817; INTERNAL; 5; 27; 22; 6758
INTERNAL; 8; 29; 21; 5138; INTERNAL; 7; 28; 21; 6752
INTERNAL; 7; 28; 21; 6752; INTERNAL; 5; 9; 4; 2826
INTERNAL; 5; 9; 4; 2826; INTERNAL; 4; 8; 4; 5362
INTERNAL; 7; 28; 21; 6752; INTERNAL; 5; 27; 22; 5990
INTERNAL; 7; 28; 21; 6752; INTERNAL; 6; 27; 21; 1897
INTERNAL; 6; 27; 21; 1897; INTERNAL; 5; 26; 21; 2012
INTERNAL; 6; 27; 21; 1897; INTERNAL; 4; 6; 2; 2560
INTERNAL; 7; 28; 21; 6752; INTERNAL; 4; 22; 18; 3537
INTERNAL; 17; 32; 15; 6808; INTERNAL; 7; 30; 23; 6767
INTERNAL; 7; 30; 23; 6767; INTERNAL; 5; 26; 21; 5419
INTERNAL; 5; 26; 21; 5419; INTERNAL; 4; 25; 21; 6778
INTERNAL; 5; 26; 21; 5419; INTERNAL; 4; 25; 21; 6776
INTERNAL; 7; 30; 23; 6767; INTERNAL; 6; 23; 17; 6769
INTERNAL; 6; 23; 17; 6769; INTERNAL; 5; 22; 17; 7704
INTERNAL; 6; 23; 17; 6769; INTERNAL; 5; 22; 17; 6770
INTERNAL; 5; 22; 17; 6770; INTERNAL; 4; 21; 17; 6299
INTERNAL; 7; 30; 23; 6767; INTERNAL; 6; 29; 23; 7787
INTERNAL; 6; 29; 23; 7787; INTERNAL; 4; 28; 24; 6775
INTERNAL; 6; 29; 23; 7787; INTERNAL; 5; 28; 23; 4854
INTERNAL; 6; 29; 23; 7787; INTERNAL; 5; 28; 23; 6771
INTERNAL; 5; 28; 23; 6771; INTERNAL; 4; 6; 2; 2470
INTERNAL; 7; 30; 23; 6767; INTERNAL; 6; 20; 14; 6396
INTERNAL; 6; 20; 14; 6396; INTERNAL; 4; 19; 15; 4739
INTERNAL; 6; 20; 14; 6396; INTERNAL; 4; 19; 15; 6406
INTERNAL; 6; 20; 14; 6396; INTERNAL; 5; 19; 14; 3900
INTERNAL; 6; 20; 14; 6396; INTERNAL; 4; 19; 15; 4508
INTERNAL; 18; 33; 15; 6806; INTERNAL; 11; 32; 21; 2114
INTERNAL; 11; 32; 21; 2114; INTERNAL; 10; 31; 21; 4144
INTERNAL; 10; 31; 21; 4144; INTERNAL; 9; 30; 21; 6810
INTERNAL; 9; 30; 21; 6810; INTERNAL; 4; 15; 11; 6252
INTERNAL; 10; 31; 21; 4144; INTERNAL; 6; 30; 24; 6811
INTERNAL; 6; 30; 24; 6811; INTERNAL; 3; 29; 26; 3737
INTERNAL; 6; 30; 24; 6811; INTERNAL; 5; 29; 24; 1937
INTERNAL; 5; 29; 24; 1937; INTERNAL; 4; 15; 11; 6251
INTERNAL; 19; 35; 16; 3756; INTERNAL; 18; 33; 15; 7524
INTERNAL; 18; 33; 15; 7524; INTERNAL; 11; 32; 21; 2663
INTERNAL; 18; 33; 15; 7524; INTERNAL; 17; 32; 15; 2965
INTERNAL; 17; 32; 15; 2965; INTERNAL; 16; 20; 4; 5806
INTERNAL; 36; 36; 0; 3582; INTERNAL; 18; 35; 17; 4136
INTERNAL; 36; 36; 0; 3582; INTERNAL; 17; 35; 18; 3027
INTERNAL; 17; 35; 18; 3027; INTERNAL; 2; 11; 9; 5869
INTERNAL; 17; 35; 18; 3027; INTERNAL; 16; 19; 3; 7146
INTERNAL; 17; 35; 18; 3027; INTERNAL; 7; 33; 26; 6824
INTERNAL; 7; 33; 26; 6824; INTERNAL; 5; 32; 27; 6659
INTERNAL; 36; 36; 0; 3582; INTERNAL; 35; 35; 0; 4138
INTERNAL; 35; 35; 0; 4138; INTERNAL; 19; 34; 15; 4617
INTERNAL; 35; 35; 0; 4138; INTERNAL; 18; 34; 16; 3549
INTERNAL; 35; 35; 0; 4138; INTERNAL; 34; 34; 0; 2224
INTERNAL; 34; 34; 0; 2224; INTERNAL; 33; 33; 0; 3932
INTERNAL; 33; 33; 0; 3932; INTERNAL; 21; 32; 11; 3336
INTERNAL; 21; 32; 11; 3336; INTERNAL; 20; 31; 11; 3973
INTERNAL; 20; 31; 11; 3973; INTERNAL; 17; 30; 13; 6665
INTERNAL; 17; 30; 13; 6665; INTERNAL; 2; 5; 3; 7458
INTERNAL; 17; 30; 13; 6665; INTERNAL; 3; 6; 3; 3193
INTERNAL; 3; 6; 3; 3193; INTERNAL; 2; 5; 3; 3430
INTERNAL; 20; 31; 11; 3973; INTERNAL; 16; 30; 14; 6668
INTERNAL; 16; 30; 14; 6668; INTERNAL; 10; 29; 19; 6733
INTERNAL; 10; 29; 19; 6733; INTERNAL; 2; 5; 3; 3288
INTERNAL; 10; 29; 19; 6733; INTERNAL; 3; 6; 3; 3888
INTERNAL; 3; 6; 3; 3888; INTERNAL; 2; 5; 3; 4703
INTERNAL; 10; 29; 19; 6733; INTERNAL; 2; 5; 3; 3398
INTERNAL; 16; 30; 14; 6668; INTERNAL; 3; 6; 3; 4394
INTERNAL; 20; 31; 11; 3973; INTERNAL; 19; 30; 11; 6661
INTERNAL; 19; 30; 11; 6661; INTERNAL; 10; 29; 19; 2572
INTERNAL; 10; 29; 19; 2572; INTERNAL; 9; 28; 19; 4833
INTERNAL; 9; 28; 19; 4833; INTERNAL; 5; 27; 22; 4681
INTERNAL; 9; 28; 19; 4833; INTERNAL; 4; 25; 21; 6720
INTERNAL; 9; 28; 19; 4833; INTERNAL; 5; 27; 22; 6428
INTERNAL; 9; 28; 19; 4833; INTERNAL; 8; 27; 19; 5345
INTERNAL; 8; 27; 19; 5345; INTERNAL; 5; 26; 21; 4792
INTERNAL; 8; 27; 19; 5345; INTERNAL; 5; 26; 21; 6725
INTERNAL; 5; 26; 21; 6725; INTERNAL; 4; 25; 21; 6556
INTERNAL; 8; 27; 19; 5345; INTERNAL; 7; 24; 17; 6724
INTERNAL; 7; 24; 17; 6724; INTERNAL; 6; 23; 17; 6727
INTERNAL; 6; 23; 17; 6727; INTERNAL; 5; 22; 17; 6728
INTERNAL; 8; 27; 19; 5345; INTERNAL; 4; 22; 18; 6726
INTERNAL; 8; 27; 19; 5345; INTERNAL; 4; 26; 22; 3401
INTERNAL; 9; 28; 19; 4833; INTERNAL; 7; 27; 20; 6983
INTERNAL; 7; 27; 20; 6983; INTERNAL; 4; 21; 17; 7169
INTERNAL; 7; 27; 20; 6983; INTERNAL; 5; 26; 21; 6731
INTERNAL; 19; 30; 11; 6661; INTERNAL; 16; 29; 13; 6673
INTERNAL; 16; 29; 13; 6673; INTERNAL; 15; 18; 3; 7453
INTERNAL; 16; 29; 13; 6673; INTERNAL; 10; 28; 18; 2634
INTERNAL; 19; 30; 11; 6661; INTERNAL; 15; 29; 14; 6675
INTERNAL; 15; 29; 14; 6675; INTERNAL; 11; 27; 16; 6709
INTERNAL; 15; 29; 14; 6675; INTERNAL; 10; 17; 7; 2697
INTERNAL; 15; 29; 14; 6675; INTERNAL; 9; 27; 18; 6713
INTERNAL; 9; 27; 18; 6713; INTERNAL; 8; 26; 18; 5607
INTERNAL; 8; 26; 18; 5607; INTERNAL; 6; 25; 19; 6689
INTERNAL; 6; 25; 19; 6689; INTERNAL; 5; 24; 19; 6700
INTERNAL; 6; 25; 19; 6689; INTERNAL; 5; 24; 19; 2545
INTERNAL; 8; 26; 18; 5607; INTERNAL; 5; 25; 20; 3630
INTERNAL; 5; 25; 20; 3630; INTERNAL; 4; 12; 8; 3100
INTERNAL; 8; 26; 18; 5607; INTERNAL; 5; 25; 20; 4314
INTERNAL; 5; 25; 20; 4314; INTERNAL; 4; 24; 20; 2884
INTERNAL; 8; 26; 18; 5607; INTERNAL; 7; 25; 18; 2892
INTERNAL; 7; 25; 18; 2892; INTERNAL; 6; 6; 0; 7420
INTERNAL; 6; 6; 0; 7420; INTERNAL; 5; 5; 0; 2798
INTERNAL; 5; 5; 0; 2798; INTERNAL; 4; 4; 0; 6734
INTERNAL; 6; 6; 0; 7420; INTERNAL; 4; 5; 1; 2794
INTERNAL; 6; 6; 0; 7420; INTERNAL; 4; 5; 1; 3636
INTERNAL; 7; 25; 18; 2892; INTERNAL; 4; 24; 20; 6693
INTERNAL; 7; 25; 18; 2892; INTERNAL; 5; 24; 19; 4203
INTERNAL; 5; 24; 19; 4203; INTERNAL; 4; 23; 19; 7766
INTERNAL; 7; 25; 18; 2892; INTERNAL; 6; 24; 18; 6330
INTERNAL; 6; 24; 18; 6330; INTERNAL; 4; 23; 19; 6696
INTERNAL; 8; 26; 18; 5607; INTERNAL; 6; 25; 19; 6690
INTERNAL; 6; 25; 19; 6690; INTERNAL; 4; 23; 19; 6701
INTERNAL; 6; 25; 19; 6690; INTERNAL; 5; 24; 19; 3742
INTERNAL; 5; 24; 19; 3742; INTERNAL; 4; 23; 19; 6702
INTERNAL; 9; 27; 18; 6713; INTERNAL; 8; 26; 18; 3223
INTERNAL; 8; 26; 18; 3223; INTERNAL; 6; 25; 19; 6650
INTERNAL; 6; 25; 19; 6650; INTERNAL; 5; 24; 19; 6657
INTERNAL; 8; 26; 18; 3223; INTERNAL; 5; 25; 20; 6652
INTERNAL; 8; 26; 18; 3223; INTERNAL; 5; 25; 20; 4365
INTERNAL; 5; 25; 20; 4365; INTERNAL; 4; 24; 20; 3728
INTERNAL; 8; 26; 18; 3223; INTERNAL; 7; 25; 18; 6648
INTERNAL; 7; 25; 18; 6648; INTERNAL; 6; 17; 11; 6793
INTERNAL; 6; 17; 11; 6793; INTERNAL; 5; 16; 11; 6239
INTERNAL; 5; 16; 11; 6239; INTERNAL; 4; 15; 11; 6241
INTERNAL; 6; 17; 11; 6793; INTERNAL; 4; 9; 5; 5862
INTERNAL; 7; 25; 18; 6648; INTERNAL; 5; 24; 19; 5512
INTERNAL; 5; 24; 19; 5512; INTERNAL; 4; 23; 19; 6655
INTERNAL; 7; 25; 18; 6648; INTERNAL; 5; 24; 19; 6653
INTERNAL; 5; 24; 19; 6653; INTERNAL; 4; 23; 19; 6656
INTERNAL; 7; 25; 18; 6648; INTERNAL; 5; 16; 11; 6185
INTERNAL; 5; 16; 11; 6185; INTERNAL; 4; 15; 11; 4588
INTERNAL; 8; 26; 18; 3223; INTERNAL; 4; 25; 21; 4687
INTERNAL; 19; 30; 11; 6661; INTERNAL; 18; 29; 11; 4940
INTERNAL; 18; 29; 11; 4940; INTERNAL; 17; 28; 11; 6678
INTERNAL; 17; 28; 11; 6678; INTERNAL; 9; 27; 18; 6687
INTERNAL; 17; 28; 11; 6678; INTERNAL; 16; 27; 11; 4441
INTERNAL; 16; 27; 11; 4441; INTERNAL; 8; 25; 17; 4093
INTERNAL; 8; 25; 17; 4093; INTERNAL; 7; 24; 17; 4238
INTERNAL; 7; 24; 17; 4238; INTERNAL; 4; 23; 19; 6925
INTERNAL; 7; 24; 17; 4238; INTERNAL; 5; 23; 18; 6680
INTERNAL; 5; 23; 18; 6680; INTERNAL; 4; 22; 18; 6624
INTERNAL; 7; 24; 17; 4238; INTERNAL; 6; 23; 17; 7657
INTERNAL; 6; 23; 17; 7657; INTERNAL; 5; 22; 17; 6623
INTERNAL; 7; 24; 17; 4238; INTERNAL; 5; 23; 18; 6622
INTERNAL; 8; 25; 17; 4093; INTERNAL; 6; 24; 18; 6619
INTERNAL; 6; 24; 18; 6619; INTERNAL; 4; 23; 19; 6628
INTERNAL; 6; 24; 18; 6619; INTERNAL; 4; 23; 19; 6630
INTERNAL; 6; 24; 18; 6619; INTERNAL; 5; 23; 18; 5373
INTERNAL; 8; 25; 17; 4093; INTERNAL; 5; 24; 19; 2818
INTERNAL; 16; 27; 11; 4441; INTERNAL; 15; 26; 11; 6646
INTERNAL; 15; 26; 11; 6646; INTERNAL; 14; 25; 11; 6615
INTERNAL; 14; 25; 11; 6615; INTERNAL; 9; 24; 15; 2991
INTERNAL; 15; 26; 11; 6646; INTERNAL; 9; 25; 16; 6617
INTERNAL; 9; 25; 16; 6617; INTERNAL; 8; 24; 16; 3476
INTERNAL; 8; 24; 16; 3476; INTERNAL; 7; 23; 16; 4362
INTERNAL; 7; 23; 16; 4362; INTERNAL; 5; 22; 17; 6510
INTERNAL; 5; 22; 17; 6510; INTERNAL; 4; 7; 3; 7212
INTERNAL; 7; 23; 16; 4362; INTERNAL; 5; 22; 17; 7370
INTERNAL; 5; 22; 17; 7370; INTERNAL; 4; 21; 17; 3610
INTERNAL; 7; 23; 16; 4362; INTERNAL; 6; 22; 16; 6514
INTERNAL; 6; 22; 16; 6514; INTERNAL; 5; 21; 16; 7559
INTERNAL; 8; 24; 16; 3476; INTERNAL; 6; 23; 17; 6509
INTERNAL; 6; 23; 17; 6509; INTERNAL; 5; 22; 17; 6516
INTERNAL; 6; 23; 17; 6509; INTERNAL; 5; 22; 17; 6515
INTERNAL; 9; 25; 16; 6617; INPUT; 1; 3; 2; 5110
INTERNAL; 9; 25; 16; 6617; INTERNAL; 8; 24; 16; 5939
INTERNAL; 8; 24; 16; 5939; INTERNAL; 5; 23; 18; 6573
INTERNAL; 5; 23; 18; 6573; INTERNAL; 4; 22; 18; 6588
INTERNAL; 8; 24; 16; 5939; INTERNAL; 7; 15; 8; 6069
INTERNAL; 7; 15; 8; 6069; INTERNAL; 4; 14; 10; 6077
INTERNAL; 7; 15; 8; 6069; INTERNAL; 5; 14; 9; 6075
INTERNAL; 7; 15; 8; 6069; INTERNAL; 6; 14; 8; 6078
INTERNAL; 6; 14; 8; 6078; INTERNAL; 4; 13; 9; 3119
INTERNAL; 6; 14; 8; 6078; INTERNAL; 5; 13; 8; 3571
INTERNAL; 8; 24; 16; 5939; INTERNAL; 6; 23; 17; 6568
INTERNAL; 6; 23; 17; 6568; INTERNAL; 5; 22; 17; 6581
INTERNAL; 8; 24; 16; 5939; INTERNAL; 6; 23; 17; 7130
INTERNAL; 6; 23; 17; 7130; INTERNAL; 5; 22; 17; 2423
INTERNAL; 5; 22; 17; 2423; INTERNAL; 4; 21; 17; 6585
INTERNAL; 6; 23; 17; 7130; INTERNAL; 4; 22; 18; 6583
INTERNAL; 8; 24; 16; 5939; INTERNAL; 7; 23; 16; 6565
INTERNAL; 7; 23; 16; 6565; INTERNAL; 5; 22; 17; 6580
INTERNAL; 7; 23; 16; 6565; INTERNAL; 6; 22; 16; 6577
INTERNAL; 6; 22; 16; 6577; INTERNAL; 5; 21; 16; 7683
INTERNAL; 6; 22; 16; 6577; INTERNAL; 5; 21; 16; 5164
INTERNAL; 5; 21; 16; 5164; INTERNAL; 4; 20; 16; 6384
INTERNAL; 7; 23; 16; 6565; INTERNAL; 4; 22; 18; 5597
INTERNAL; 17; 28; 11; 6678; INTERNAL; 15; 27; 12; 6686
INTERNAL; 15; 27; 12; 6686; INTERNAL; 11; 26; 15; 3120
INTERNAL; 15; 27; 12; 6686; INTERNAL; 14; 17; 3; 2416
INTERNAL; 18; 29; 11; 4940; INTERNAL; 15; 28; 13; 6681
INTERNAL; 18; 29; 11; 4940; INTERNAL; 16; 28; 12; 6684
INTERNAL; 16; 28; 12; 6684; INTERNAL; 10; 27; 17; 6706
INTERNAL; 21; 32; 11; 3336; INTERNAL; 19; 31; 12; 7412
INTERNAL; 19; 31; 12; 7412; INTERNAL; 18; 30; 12; 2168
INTERNAL; 19; 31; 12; 7412; INTERNAL; 17; 30; 13; 2465
INTERNAL; 17; 30; 13; 2465; INTERNAL; 2; 5; 3; 4610
INTERNAL; 19; 31; 12; 7412; INTERNAL; 18; 30; 12; 6363
INTERNAL; 18; 30; 12; 6363; INTERNAL; 17; 29; 12; 5660
INTERNAL; 17; 29; 12; 5660; INTERNAL; 16; 27; 11; 6052
INTERNAL; 16; 27; 11; 6052; INTERNAL; 9; 25; 16; 6561
INTERNAL; 16; 27; 11; 6052; INTERNAL; 15; 25; 10; 6560
INTERNAL; 15; 25; 10; 6560; INTERNAL; 14; 24; 10; 6502
INTERNAL; 14; 24; 10; 6502; INTERNAL; 13; 15; 2; 4287
INTERNAL; 14; 24; 10; 6502; INTERNAL; 9; 23; 14; 6505
INTERNAL; 15; 25; 10; 6560; INTERNAL; 8; 24; 16; 6504
INTERNAL; 8; 24; 16; 6504; INTERNAL; 7; 23; 16; 5135
INTERNAL; 7; 23; 16; 5135; INTERNAL; 6; 22; 16; 6522
INTERNAL; 6; 22; 16; 6522; INTERNAL; 5; 21; 16; 6529
INTERNAL; 7; 23; 16; 5135; INTERNAL; 5; 13; 8; 6121
INTERNAL; 7; 23; 16; 5135; INTERNAL; 6; 22; 16; 6524
INTERNAL; 7; 23; 16; 5135; INTERNAL; 5; 22; 17; 4797
INTERNAL; 5; 22; 17; 4797; INTERNAL; 4; 21; 17; 6530
INTERNAL; 7; 23; 16; 5135; INTERNAL; 4; 22; 18; 6527
INTERNAL; 8; 24; 16; 6504; INTERNAL; 7; 23; 16; 2811
INTERNAL; 7; 23; 16; 2811; INTERNAL; 4; 6; 2; 4309
INTERNAL; 7; 23; 16; 2811; INTERNAL; 6; 22; 16; 6532
INTERNAL; 8; 24; 16; 6504; INTERNAL; 7; 14; 7; 5383
INTERNAL; 7; 14; 7; 5383; INTERNAL; 5; 13; 8; 4109
INTERNAL; 5; 13; 8; 4109; INTERNAL; 4; 12; 8; 3919
INTERNAL; 7; 14; 7; 5383; INTERNAL; 4; 13; 9; 1895
INTERNAL; 7; 14; 7; 5383; INTERNAL; 6; 13; 7; 2783
INTERNAL; 6; 13; 7; 2783; INTERNAL; 5; 7; 2; 2544
INTERNAL; 5; 7; 2; 2544; INTERNAL; 4; 6; 2; 2238
INTERNAL; 16; 27; 11; 6052; INTERNAL; 14; 25; 11; 6569
INTERNAL; 14; 25; 11; 6569; INTERNAL; 9; 24; 15; 4100
INTERNAL; 9; 24; 15; 4100; INTERNAL; 2; 11; 9; 5922
INTERNAL; 14; 25; 11; 6569; INTERNAL; 2; 12; 10; 3244
INTERNAL; 17; 29; 12; 5660; INTERNAL; 15; 27; 12; 3073
INTERNAL; 17; 29; 12; 5660; INTERNAL; 15; 28; 13; 4536
INTERNAL; 15; 28; 13; 4536; INTERNAL; 14; 16; 2; 5875
INTERNAL; 15; 28; 13; 4536; INTERNAL; 11; 27; 16; 6594
INTERNAL; 17; 29; 12; 5660; INTERNAL; 15; 27; 12; 6613
INTERNAL; 15; 27; 12; 6613; INTERNAL; 11; 26; 15; 6631
INTERNAL; 17; 29; 12; 5660; INTERNAL; 16; 28; 12; 6643
INTERNAL; 18; 30; 12; 6363; INTERNAL; 16; 29; 13; 4116
INTERNAL; 16; 29; 13; 4116; INTERNAL; 15; 18; 3; 6722
INTERNAL; 16; 29; 13; 4116; INTERNAL; 10; 28; 18; 3725
INTERNAL; 18; 30; 12; 6363; INTERNAL; 17; 29; 12; 6735
INTERNAL; 33; 33; 0; 3932; INTERNAL; 32; 32; 0; 3843
INTERNAL; 32; 32; 0; 3843; INTERNAL; 21; 31; 10; 4467
INTERNAL; 21; 31; 10; 4467; INTERNAL; 20; 30; 10; 2394
INTERNAL; 20; 30; 10; 2394; INTERNAL; 17; 29; 12; 5034
INTERNAL; 17; 29; 12; 5034; INTERNAL; 2; 5; 3; 3442
INTERNAL; 2; 5; 3; 3442; INPUT; 1; 3; 2; 5114
INTERNAL; 2; 5; 3; 3442; INPUT; 1; 3; 2; 5105
INTERNAL; 17; 29; 12; 5034; INTERNAL; 2; 6; 4; 6670
INTERNAL; 17; 29; 12; 5034; INTERNAL; 3; 5; 2; 4296
INTERNAL; 3; 5; 2; 4296; INTERNAL; 2; 4; 2; 5566
INTERNAL; 20; 30; 10; 2394; INTERNAL; 19; 29; 10; 6608
INTERNAL; 19; 29; 10; 6608; INTERNAL; 17; 28; 11; 6610
INTERNAL; 19; 29; 10; 6608; INTERNAL; 16; 28; 12; 6611
INTERNAL; 16; 28; 12; 6611; INTERNAL; 3; 6; 3; 3796
INTERNAL; 16; 28; 12; 6611; INTERNAL; 10; 27; 17; 6633
INTERNAL; 19; 29; 10; 6608; INTERNAL; 18; 28; 10; 7690
INTERNAL; 18; 28; 10; 7690; INTERNAL; 17; 26; 9; 3662
INTERNAL; 17; 26; 9; 3662; INTERNAL; 14; 25; 11; 6487
INTERNAL; 14; 25; 11; 6487; INTERNAL; 9; 24; 15; 6541
INTERNAL; 17; 26; 9; 3662; INTERNAL; 15; 25; 10; 6496
INTERNAL; 17; 26; 9; 3662; INTERNAL; 15; 25; 10; 5965
INTERNAL; 15; 25; 10; 5965; INTERNAL; 11; 24; 13; 6534
INTERNAL; 11; 24; 13; 6534; INTERNAL; 8; 22; 14; 2435
INTERNAL; 8; 22; 14; 2435; INTERNAL; 6; 21; 15; 6332
INTERNAL; 6; 21; 15; 6332; INTERNAL; 4; 20; 16; 3133
INTERNAL; 6; 21; 15; 6332; INTERNAL; 5; 20; 15; 4463
INTERNAL; 5; 20; 15; 4463; INTERNAL; 4; 19; 15; 6442
INTERNAL; 8; 22; 14; 2435; INTERNAL; 5; 21; 16; 6440
INTERNAL; 5; 21; 16; 6440; INTERNAL; 4; 15; 11; 5342
INTERNAL; 11; 24; 13; 6534; INTERNAL; 10; 22; 12; 6457
INTERNAL; 10; 22; 12; 6457; INTERNAL; 5; 21; 16; 4342
INTERNAL; 5; 21; 16; 4342; INTERNAL; 4; 20; 16; 3235
INTERNAL; 10; 22; 12; 6457; INTERNAL; 6; 21; 15; 6107
INTERNAL; 6; 21; 15; 6107; INTERNAL; 4; 20; 16; 6461
INTERNAL; 6; 21; 15; 6107; INTERNAL; 5; 20; 15; 2654
INTERNAL; 10; 22; 12; 6457; INTERNAL; 6; 6; 0; 2809
INTERNAL; 6; 6; 0; 2809; INTERNAL; 5; 5; 0; 4533
INTERNAL; 6; 6; 0; 2809; INTERNAL; 5; 5; 0; 2879
INTERNAL; 6; 6; 0; 2809; INTERNAL; 5; 5; 0; 7149
INTERNAL; 6; 6; 0; 2809; INTERNAL; 5; 5; 0; 4414
INTERNAL; 5; 5; 0; 4414; INTERNAL; 4; 4; 0; 2784
INTERNAL; 6; 6; 0; 2809; INTERNAL; 5; 5; 0; 2785
INTERNAL; 5; 5; 0; 2785; INTERNAL; 4; 4; 0; 2780
INTERNAL; 11; 24; 13; 6534; INPUT; 1; 4; 3; 4228
INTERNAL; 15; 25; 10; 5965; INTERNAL; 14; 24; 10; 5350
INTERNAL; 14; 24; 10; 5350; INTERNAL; 13; 15; 2; 3553
INTERNAL; 14; 24; 10; 5350; INTERNAL; 9; 23; 14; 5451
INTERNAL; 17; 26; 9; 3662; INTERNAL; 16; 25; 9; 6486
INTERNAL; 16; 25; 9; 6486; INTERNAL; 11; 23; 12; 6454
INTERNAL; 16; 25; 9; 6486; INTERNAL; 13; 23; 10; 3510
INTERNAL; 13; 23; 10; 3510; INTERNAL; 9; 22; 13; 6007
INTERNAL; 16; 25; 9; 6486; INTERNAL; 15; 23; 8; 3661
INTERNAL; 15; 23; 8; 3661; INTERNAL; 8; 21; 13; 6853
INTERNAL; 8; 21; 13; 6853; INTERNAL; 5; 17; 12; 6291
INTERNAL; 5; 17; 12; 6291; INTERNAL; 4; 16; 12; 6023
INTERNAL; 8; 21; 13; 6853; INTERNAL; 5; 20; 15; 5809
INTERNAL; 5; 20; 15; 5809; INTERNAL; 4; 19; 15; 6410
INTERNAL; 8; 21; 13; 6853; INTERNAL; 6; 20; 14; 6397
INTERNAL; 6; 20; 14; 6397; INTERNAL; 5; 19; 14; 6407
INTERNAL; 5; 19; 14; 6407; INTERNAL; 4; 5; 1; 4738
INTERNAL; 8; 21; 13; 6853; INTERNAL; 7; 20; 13; 6355
INTERNAL; 7; 20; 13; 6355; INTERNAL; 6; 19; 13; 6400
INTERNAL; 6; 19; 13; 6400; INTERNAL; 4; 18; 14; 6405
INTERNAL; 7; 20; 13; 6355; INTERNAL; 4; 10; 6; 5945
INTERNAL; 7; 20; 13; 6355; INTERNAL; 5; 19; 14; 6403
INTERNAL; 15; 23; 8; 3661; INTERNAL; 14; 22; 8; 6439
INTERNAL; 14; 22; 8; 6439; INTERNAL; 9; 21; 12; 6391
INTERNAL; 9; 21; 12; 6391; INTERNAL; 8; 20; 12; 7085
INTERNAL; 8; 20; 12; 7085; INTERNAL; 6; 8; 2; 4659
INTERNAL; 6; 8; 2; 4659; INTERNAL; 4; 7; 3; 5291
INTERNAL; 6; 8; 2; 4659; INTERNAL; 5; 7; 2; 2607
INTERNAL; 6; 8; 2; 4659; INTERNAL; 5; 7; 2; 2242
INTERNAL; 5; 7; 2; 2242; INTERNAL; 4; 6; 2; 3162
INTERNAL; 6; 8; 2; 4659; INTERNAL; 4; 7; 3; 2239
INTERNAL; 8; 20; 12; 7085; INTERNAL; 6; 19; 13; 6373
INTERNAL; 6; 19; 13; 6373; INTERNAL; 5; 18; 13; 5622
INTERNAL; 8; 20; 12; 7085; INTERNAL; 5; 19; 14; 4429
INTERNAL; 5; 19; 14; 4429; INTERNAL; 4; 18; 14; 2300
INTERNAL; 8; 20; 12; 7085; INTERNAL; 6; 19; 13; 6372
INTERNAL; 6; 19; 13; 6372; INTERNAL; 5; 18; 13; 6374
INTERNAL; 8; 20; 12; 7085; INTERNAL; 7; 12; 5; 5924
INTERNAL; 7; 12; 5; 5924; INTERNAL; 4; 11; 7; 5940
INTERNAL; 7; 12; 5; 5924; INTERNAL; 5; 11; 6; 6026
INTERNAL; 5; 11; 6; 6026; INTERNAL; 4; 10; 6; 5943
INTERNAL; 7; 12; 5; 5924; INTERNAL; 6; 8; 2; 3601
INTERNAL; 6; 8; 2; 3601; INTERNAL; 5; 7; 2; 2254
INTERNAL; 6; 8; 2; 3601; INTERNAL; 4; 7; 3; 6102
INTERNAL; 8; 20; 12; 7085; INTERNAL; 5; 13; 8; 5997
INTERNAL; 5; 13; 8; 5997; INTERNAL; 4; 12; 8; 6006
INTERNAL; 9; 21; 12; 6391; INPUT; 1; 3; 2; 3879
INTERNAL; 9; 21; 12; 6391; INTERNAL; 8; 19; 11; 6284
INTERNAL; 8; 19; 11; 6284; INTERNAL; 7; 18; 11; 5643
INTERNAL; 7; 18; 11; 5643; INTERNAL; 5; 17; 12; 6293
INTERNAL; 7; 18; 11; 5643; INTERNAL; 6; 17; 11; 2744
INTERNAL; 6; 17; 11; 2744; INTERNAL; 5; 16; 11; 6295
INTERNAL; 8; 19; 11; 6284; INTERNAL; 5; 15; 10; 5614
INTERNAL; 5; 15; 10; 5614; INTERNAL; 4; 14; 10; 3101
INTERNAL; 8; 19; 11; 6284; INTERNAL; 6; 18; 12; 6287
INTERNAL; 6; 18; 12; 6287; INTERNAL; 5; 17; 12; 5459
INTERNAL; 5; 17; 12; 5459; INTERNAL; 4; 16; 12; 2063
INTERNAL; 5; 17; 12; 5459; INTERNAL; 4; 16; 12; 6297
INTERNAL; 6; 18; 12; 6287; INTERNAL; 5; 17; 12; 5448
INTERNAL; 5; 17; 12; 5448; INTERNAL; 4; 16; 12; 6303
INTERNAL; 8; 19; 11; 6284; INTERNAL; 7; 18; 11; 3822
INTERNAL; 7; 18; 11; 3822; INTERNAL; 4; 17; 13; 7499
INTERNAL; 7; 18; 11; 3822; INTERNAL; 4; 17; 13; 7642
INTERNAL; 7; 18; 11; 3822; INTERNAL; 4; 7; 3; 2133
INTERNAL; 7; 18; 11; 3822; INTERNAL; 6; 17; 11; 6290
INTERNAL; 6; 17; 11; 6290; INTERNAL; 5; 10; 5; 2558
INTERNAL; 5; 10; 5; 2558; INTERNAL; 4; 9; 5; 5860
INTERNAL; 8; 19; 11; 6284; INTERNAL; 6; 18; 12; 6288
INTERNAL; 6; 18; 12; 6288; INTERNAL; 5; 17; 12; 6308
INTERNAL; 5; 17; 12; 6308; INTERNAL; 4; 16; 12; 5896
INTERNAL; 5; 17; 12; 6308; INTERNAL; 4; 6; 2; 2369
INTERNAL; 14; 22; 8; 6439; INTERNAL; 13; 21; 8; 3465
INTERNAL; 13; 21; 8; 3465; INTERNAL; 12; 13; 1; 2194
INTERNAL; 13; 21; 8; 3465; INTERNAL; 10; 20; 10; 6833
INTERNAL; 17; 26; 9; 3662; INTERNAL; 15; 25; 10; 6498
INTERNAL; 18; 28; 10; 7690; INTERNAL; 15; 26; 11; 6558
INTERNAL; 15; 26; 11; 6558; INTERNAL; 11; 25; 14; 3754
INTERNAL; 18; 28; 10; 7690; INTERNAL; 16; 26; 10; 6550
INTERNAL; 20; 30; 10; 2394; INTERNAL; 19; 29; 10; 6605
INTERNAL; 19; 29; 10; 6605; INTERNAL; 18; 27; 9; 5366
INTERNAL; 18; 27; 9; 5366; INTERNAL; 16; 26; 10; 6485
INTERNAL; 16; 26; 10; 6485; INTERNAL; 10; 25; 15; 3804
INTERNAL; 18; 27; 9; 5366; INTERNAL; 17; 26; 9; 6484
INTERNAL; 18; 27; 9; 5366; INTERNAL; 15; 26; 11; 5822
INTERNAL; 15; 26; 11; 5822; INTERNAL; 9; 25; 16; 5212
INTERNAL; 19; 29; 10; 6605; INTERNAL; 18; 27; 9; 2197
INTERNAL; 19; 29; 10; 6605; INTERNAL; 16; 27; 11; 5585
INTERNAL; 16; 27; 11; 5585; INTERNAL; 10; 26; 16; 6592
INTERNAL; 21; 31; 10; 4467; INTERNAL; 20; 30; 10; 7903
INTERNAL; 20; 30; 10; 7903; INTERNAL; 19; 28; 9; 4903
INTERNAL; 19; 28; 9; 4903; INTERNAL; 16; 27; 11; 5103
INTERNAL; 16; 27; 11; 5103; INTERNAL; 10; 26; 16; 6548
INTERNAL; 10; 26; 16; 6548; INTERNAL; 2; 6; 4; 4656
INTERNAL; 19; 28; 9; 4903; INTERNAL; 18; 27; 9; 6482
INTERNAL; 19; 28; 9; 4903; INTERNAL; 18; 27; 9; 5964
INTERNAL; 18; 27; 9; 5964; INTERNAL; 17; 26; 9; 6546
INTERNAL; 17; 26; 9; 6546; INTERNAL; 16; 24; 8; 6576
INTERNAL; 17; 26; 9; 6546; INTERNAL; 14; 24; 10; 6453
INTERNAL; 14; 24; 10; 6453; INTERNAL; 9; 23; 14; 6463
INTERNAL; 14; 24; 10; 6453; INTERNAL; 9; 16; 7; 5893
INTERNAL; 17; 26; 9; 6546; INTERNAL; 16; 24; 8; 4528
INTERNAL; 16; 24; 8; 4528; INTERNAL; 13; 23; 10; 6438
INTERNAL; 13; 23; 10; 6438; INTERNAL; 10; 22; 12; 5571
INTERNAL; 16; 24; 8; 4528; INTERNAL; 14; 23; 9; 6435
INTERNAL; 14; 23; 9; 6435; INTERNAL; 9; 22; 13; 6444
INTERNAL; 16; 24; 8; 4528; INTERNAL; 15; 23; 8; 6434
INTERNAL; 18; 27; 9; 5964; INTERNAL; 17; 26; 9; 6545
INTERNAL; 18; 27; 9; 5964; INTERNAL; 15; 26; 11; 6240
INTERNAL; 15; 26; 11; 6240; INTERNAL; 11; 25; 14; 5693
INTERNAL; 20; 30; 10; 7903; INTERNAL; 19; 28; 9; 6480
INTERNAL; 20; 30; 10; 7903; INTERNAL; 17; 28; 11; 5999
INTERNAL; 17; 28; 11; 5999; INTERNAL; 10; 27; 17; 4356
INTERNAL; 32; 32; 0; 3843; INTERNAL; 20; 31; 11; 3334
INTERNAL; 20; 31; 11; 3334; INTERNAL; 18; 30; 12; 6637
INTERNAL; 18; 30; 12; 6637; INTERNAL; 16; 29; 13; 6642
INTERNAL; 16; 29; 13; 6642; INTERNAL; 10; 28; 18; 6658
INTERNAL; 18; 30; 12; 6637; INTERNAL; 17; 29; 12; 7377
INTERNAL; 18; 30; 12; 6637; INTERNAL; 16; 29; 13; 2462
INTERNAL; 16; 29; 13; 2462; INTERNAL; 10; 28; 18; 6660
INTERNAL; 20; 31; 11; 3334; INTERNAL; 17; 30; 13; 6640
INTERNAL; 20; 31; 11; 3334; INTERNAL; 19; 30; 11; 6634
INTERNAL; 32; 32; 0; 3843; INTERNAL; 31; 31; 0; 4031
INTERNAL; 31; 31; 0; 4031; INTERNAL; 20; 29; 9; 4278
INTERNAL; 20; 29; 9; 4278; INTERNAL; 19; 28; 9; 6314
INTERNAL; 20; 29; 9; 4278; INTERNAL; 17; 28; 11; 4894
INTERNAL; 17; 28; 11; 4894; INTERNAL; 2; 6; 4; 5325
INTERNAL; 2; 6; 4; 5325; INPUT; 1; 4; 3; 5336
INTERNAL; 2; 6; 4; 5325; INPUT; 1; 4; 3; 4956
INTERNAL; 17; 28; 11; 4894; INTERNAL; 2; 5; 3; 4733
INTERNAL; 20; 29; 9; 4278; INTERNAL; 19; 28; 9; 6593
INTERNAL; 19; 28; 9; 6593; INTERNAL; 16; 27; 11; 7935
INTERNAL; 16; 27; 11; 7935; INTERNAL; 10; 26; 16; 5539
INTERNAL; 19; 28; 9; 6593; INTERNAL; 18; 27; 9; 6597
INTERNAL; 18; 27; 9; 6597; INTERNAL; 17; 25; 8; 6447
INTERNAL; 17; 25; 8; 6447; INTERNAL; 15; 24; 9; 7174
INTERNAL; 15; 24; 9; 7174; INTERNAL; 9; 23; 14; 6445
INTERNAL; 17; 25; 8; 6447; INTERNAL; 16; 24; 8; 6430
INTERNAL; 17; 25; 8; 6447; INTERNAL; 15; 24; 9; 1935
INTERNAL; 15; 24; 9; 1935; INTERNAL; 14; 22; 8; 2226
INTERNAL; 15; 24; 9; 1935; INTERNAL; 14; 22; 8; 6177
INTERNAL; 14; 22; 8; 6177; INTERNAL; 9; 20; 11; 6341
INTERNAL; 9; 20; 11; 6341; INTERNAL; 8; 19; 11; 6346
INTERNAL; 8; 19; 11; 6346; INTERNAL; 7; 18; 11; 6490
INTERNAL; 7; 18; 11; 6490; INTERNAL; 5; 17; 12; 6352
INTERNAL; 7; 18; 11; 6490; INTERNAL; 4; 17; 13; 6351
INTERNAL; 7; 18; 11; 6490; INTERNAL; 6; 17; 11; 4886
INTERNAL; 6; 17; 11; 4886; INTERNAL; 5; 16; 11; 7135
INTERNAL; 8; 19; 11; 6346; INTERNAL; 6; 18; 12; 6350
INTERNAL; 6; 18; 12; 6350; INTERNAL; 5; 17; 12; 2014
INTERNAL; 5; 17; 12; 2014; INTERNAL; 4; 6; 2; 3271
INTERNAL; 6; 18; 12; 6350; INTERNAL; 5; 17; 12; 5621
INTERNAL; 5; 17; 12; 5621; INTERNAL; 4; 16; 12; 5245
INTERNAL; 8; 19; 11; 6346; INTERNAL; 5; 18; 13; 7875
INTERNAL; 8; 19; 11; 6346; INTERNAL; 5; 18; 13; 7287
INTERNAL; 5; 18; 13; 7287; INTERNAL; 4; 17; 13; 2086
INTERNAL; 5; 18; 13; 7287; INTERNAL; 4; 17; 13; 2871
INTERNAL; 14; 22; 8; 6177; INTERNAL; 13; 21; 8; 4731
INTERNAL; 13; 21; 8; 4731; INTERNAL; 12; 13; 1; 6946
INTERNAL; 14; 22; 8; 6177; INTERNAL; 9; 21; 12; 6371
INTERNAL; 14; 22; 8; 6177; INTERNAL; 12; 20; 8; 3697
INTERNAL; 12; 20; 8; 3697; INTERNAL; 10; 19; 9; 6343
INTERNAL; 14; 22; 8; 6177; INTERNAL; 10; 21; 11; 6368
INTERNAL; 14; 22; 8; 6177; INTERNAL; 9; 21; 12; 4503
INTERNAL; 15; 24; 9; 1935; INTERNAL; 9; 22; 13; 6389
INTERNAL; 18; 27; 9; 6597; INTERNAL; 17; 25; 8; 1795
INTERNAL; 18; 27; 9; 6597; INTERNAL; 15; 25; 10; 6449
INTERNAL; 15; 25; 10; 6449; INTERNAL; 11; 24; 13; 4754
INTERNAL; 19; 28; 9; 6593; INTERNAL; 18; 27; 9; 6598
INTERNAL; 31; 31; 0; 4031; INTERNAL; 20; 29; 9; 7714
INTERNAL; 20; 29; 9; 7714; INTERNAL; 19; 27; 8; 6413
INTERNAL; 19; 27; 8; 6413; INTERNAL; 18; 26; 8; 5613
INTERNAL; 18; 26; 8; 5613; INTERNAL; 17; 25; 8; 6423
INTERNAL; 18; 26; 8; 5613; INTERNAL; 17; 25; 8; 6427
INTERNAL; 17; 25; 8; 6427; INTERNAL; 16; 23; 7; 6361
INTERNAL; 16; 23; 7; 6361; INTERNAL; 12; 20; 8; 6282
INTERNAL; 12; 20; 8; 6282; INTERNAL; 10; 12; 2; 4661
INTERNAL; 12; 20; 8; 6282; INTERNAL; 8; 19; 11; 6286
INTERNAL; 8; 19; 11; 6286; INTERNAL; 7; 18; 11; 6231
INTERNAL; 7; 18; 11; 6231; INTERNAL; 5; 17; 12; 6237
INTERNAL; 5; 17; 12; 6237; INTERNAL; 4; 16; 12; 7190
INTERNAL; 7; 18; 11; 6231; INTERNAL; 6; 17; 11; 6234
INTERNAL; 6; 17; 11; 6234; INTERNAL; 4; 16; 12; 4303
INTERNAL; 6; 17; 11; 6234; INTERNAL; 5; 16; 11; 6256
INTERNAL; 7; 18; 11; 6231; INTERNAL; 6; 17; 11; 6232
INTERNAL; 6; 17; 11; 6232; INTERNAL; 5; 16; 11; 6247
INTERNAL; 5; 16; 11; 6247; INTERNAL; 4; 15; 11; 6253
INTERNAL; 6; 17; 11; 6232; INTERNAL; 5; 16; 11; 6243
INTERNAL; 6; 17; 11; 6232; INTERNAL; 5; 9; 4; 2294
INTERNAL; 5; 9; 4; 2294; INTERNAL; 4; 8; 4; 3389
INTERNAL; 5; 9; 4; 2294; INTERNAL; 4; 8; 4; 2272
INTERNAL; 6; 17; 11; 6232; INTERNAL; 5; 16; 11; 6245
INTERNAL; 7; 18; 11; 6231; INTERNAL; 5; 15; 10; 6151
INTERNAL; 5; 15; 10; 6151; INTERNAL; 4; 14; 10; 6161
INTERNAL; 5; 15; 10; 6151; INTERNAL; 4; 14; 10; 6158
INTERNAL; 8; 19; 11; 6286; INTERNAL; 7; 16; 9; 6150
INTERNAL; 7; 16; 9; 6150; INTERNAL; 6; 15; 9; 2193
INTERNAL; 6; 15; 9; 2193; INTERNAL; 5; 14; 9; 6043
INTERNAL; 5; 14; 9; 6043; INTERNAL; 4; 13; 9; 2009
INTERNAL; 5; 14; 9; 6043; INTERNAL; 4; 13; 9; 5581
INTERNAL; 7; 16; 9; 6150; INTERNAL; 6; 15; 9; 7907
INTERNAL; 6; 15; 9; 7907; INTERNAL; 5; 14; 9; 4677
INTERNAL; 5; 14; 9; 4677; INTERNAL; 4; 13; 9; 6154
INTERNAL; 5; 14; 9; 4677; INTERNAL; 4; 13; 9; 5187
INTERNAL; 6; 15; 9; 7907; INTERNAL; 4; 14; 10; 6153
INTERNAL; 8; 19; 11; 6286; INPUT; 1; 4; 3; 4234
INTERNAL; 12; 20; 8; 6282; INTERNAL; 10; 19; 9; 6283
INTERNAL; 16; 23; 7; 6361; INTERNAL; 13; 21; 8; 3968
INTERNAL; 13; 21; 8; 3968; INTERNAL; 10; 20; 10; 6311
INTERNAL; 16; 23; 7; 6361; INTERNAL; 15; 20; 5; 3789
INTERNAL; 15; 20; 5; 3789; INTERNAL; 14; 19; 5; 6228
INTERNAL; 14; 19; 5; 6228; INTERNAL; 8; 17; 9; 4352
INTERNAL; 8; 17; 9; 4352; INTERNAL; 6; 16; 10; 4841
INTERNAL; 6; 16; 10; 4841; INTERNAL; 5; 15; 10; 3669
INTERNAL; 8; 17; 9; 4352; INTERNAL; 5; 16; 11; 6186
INTERNAL; 5; 16; 11; 6186; INTERNAL; 4; 7; 3; 2360
INTERNAL; 5; 16; 11; 6186; INTERNAL; 4; 15; 11; 6187
INTERNAL; 14; 19; 5; 6228; INTERNAL; 13; 17; 4; 3394
INTERNAL; 13; 17; 4; 3394; INTERNAL; 10; 16; 6; 6145
INTERNAL; 10; 16; 6; 6145; INTERNAL; 9; 15; 6; 6112
INTERNAL; 9; 15; 6; 6112; INTERNAL; 5; 14; 9; 6116
INTERNAL; 5; 14; 9; 6116; INTERNAL; 4; 13; 9; 7791
INTERNAL; 9; 15; 6; 6112; INTERNAL; 6; 14; 8; 2962
INTERNAL; 6; 14; 8; 2962; INTERNAL; 5; 13; 8; 6721
INTERNAL; 6; 14; 8; 2962; INTERNAL; 5; 13; 8; 4563
INTERNAL; 9; 15; 6; 6112; INTERNAL; 8; 14; 6; 3040
INTERNAL; 8; 14; 6; 3040; INTERNAL; 5; 13; 8; 6119
INTERNAL; 8; 14; 6; 3040; INTERNAL; 7; 13; 6; 6120
INTERNAL; 7; 13; 6; 6120; INTERNAL; 4; 12; 8; 4376
INTERNAL; 8; 14; 6; 3040; INTERNAL; 4; 13; 9; 7541
INTERNAL; 9; 15; 6; 6112; INTERNAL; 6; 14; 8; 6115
INTERNAL; 6; 14; 8; 6115; INTERNAL; 5; 13; 8; 5815
INTERNAL; 6; 14; 8; 6115; INTERNAL; 4; 13; 9; 2163
INTERNAL; 10; 16; 6; 6145; INTERNAL; 8; 15; 7; 4187
INTERNAL; 8; 15; 7; 4187; INTERNAL; 4; 14; 10; 5996
INTERNAL; 8; 15; 7; 4187; INTERNAL; 7; 8; 1; 2376
INTERNAL; 7; 8; 1; 2376; INTERNAL; 4; 7; 3; 3711
INTERNAL; 7; 8; 1; 2376; INTERNAL; 6; 7; 1; 4134
INTERNAL; 6; 7; 1; 4134; INTERNAL; 5; 6; 1; 4477
INTERNAL; 5; 6; 1; 4477; INTERNAL; 4; 5; 1; 2262
INTERNAL; 7; 8; 1; 2376; INTERNAL; 6; 7; 1; 5035
INTERNAL; 6; 7; 1; 5035; INTERNAL; 5; 6; 1; 3958
INTERNAL; 7; 8; 1; 2376; INTERNAL; 5; 7; 2; 3274
INTERNAL; 5; 7; 2; 3274; INTERNAL; 4; 6; 2; 4880
INTERNAL; 8; 15; 7; 4187; INTERNAL; 7; 14; 7; 5993
INTERNAL; 7; 14; 7; 5993; INTERNAL; 4; 13; 9; 5365
INTERNAL; 7; 14; 7; 5993; INTERNAL; 6; 13; 7; 3092
INTERNAL; 6; 13; 7; 3092; INTERNAL; 5; 12; 7; 6001
INTERNAL; 8; 15; 7; 4187; INTERNAL; 6; 14; 8; 5994
INTERNAL; 6; 14; 8; 5994; INTERNAL; 4; 13; 9; 6016
INTERNAL; 6; 14; 8; 5994; INTERNAL; 5; 13; 8; 6010
INTERNAL; 5; 13; 8; 6010; INTERNAL; 4; 12; 8; 6020
INTERNAL; 8; 15; 7; 4187; INTERNAL; 5; 8; 3; 5766
INTERNAL; 10; 16; 6; 6145; INPUT; 1; 4; 3; 4428
INTERNAL; 13; 17; 4; 3394; INTERNAL; 12; 16; 4; 5642
INTERNAL; 12; 16; 4; 5642; INTERNAL; 10; 15; 5; 5500
INTERNAL; 12; 16; 4; 5642; INTERNAL; 11; 11; 0; 2905
INTERNAL; 15; 20; 5; 3789; INTERNAL; 12; 19; 7; 3893
INTERNAL; 12; 19; 7; 3893; INTERNAL; 11; 12; 1; 4045
INTERNAL; 12; 19; 7; 3893; INTERNAL; 10; 18; 8; 2895
INTERNAL; 15; 20; 5; 3789; INTERNAL; 8; 19; 11; 6230
INTERNAL; 16; 23; 7; 6361; INTERNAL; 12; 20; 8; 6144
INTERNAL; 17; 25; 8; 6427; INTERNAL; 13; 22; 9; 6366
INTERNAL; 13; 22; 9; 6366; INTERNAL; 9; 21; 12; 6377
INTERNAL; 17; 25; 8; 6427; INTERNAL; 15; 23; 8; 6387
INTERNAL; 17; 25; 8; 6427; INTERNAL; 14; 22; 8; 6364
INTERNAL; 17; 25; 8; 6427; INTERNAL; 15; 24; 9; 6386
INTERNAL; 15; 24; 9; 6386; INTERNAL; 14; 23; 9; 4697
INTERNAL; 14; 23; 9; 4697; INTERNAL; 9; 22; 13; 2126
INTERNAL; 18; 26; 8; 5613; INTERNAL; 16; 25; 9; 6419
INTERNAL; 16; 25; 9; 6419; INTERNAL; 10; 24; 14; 2786
INTERNAL; 19; 27; 8; 6413; INTERNAL; 18; 26; 8; 6446
INTERNAL; 19; 27; 8; 6413; INTERNAL; 16; 26; 10; 6171
INTERNAL; 16; 26; 10; 6171; INTERNAL; 10; 25; 15; 5344
INTERNAL; 20; 29; 9; 7714; INTERNAL; 19; 27; 8; 3406
INTERNAL; 19; 27; 8; 3406; INTERNAL; 18; 26; 8; 3483
INTERNAL; 18; 26; 8; 3483; INTERNAL; 15; 24; 9; 1842
INTERNAL; 15; 24; 9; 1842; INTERNAL; 11; 23; 12; 3993
INTERNAL; 18; 26; 8; 3483; INTERNAL; 17; 24; 7; 5558
INTERNAL; 18; 26; 8; 3483; INTERNAL; 17; 24; 7; 4725
INTERNAL; 17; 24; 7; 4725; INTERNAL; 14; 23; 9; 6019
INTERNAL; 14; 23; 9; 6019; INTERNAL; 9; 22; 13; 5595
INTERNAL; 17; 24; 7; 4725; INTERNAL; 16; 22; 6; 5717
INTERNAL; 16; 22; 6; 5717; INTERNAL; 13; 21; 8; 3412
INTERNAL; 13; 21; 8; 3412; INTERNAL; 10; 20; 10; 6954
INTERNAL; 16; 22; 6; 5717; INTERNAL; 13; 21; 8; 4157
INTERNAL; 17; 24; 7; 4725; INTERNAL; 15; 23; 8; 7197
INTERNAL; 17; 24; 7; 4725; INTERNAL; 16; 22; 6; 6338
INTERNAL; 17; 24; 7; 4725; INTERNAL; 14; 22; 8; 6340
INTERNAL; 14; 22; 8; 6340; INTERNAL; 9; 21; 12; 2453
INTERNAL; 19; 27; 8; 3406; INTERNAL; 16; 26; 10; 6417
INTERNAL; 16; 26; 10; 6417; INTERNAL; 10; 25; 15; 5266
INTERNAL; 10; 25; 15; 5266; INTERNAL; 2; 5; 3; 5327
INTERNAL; 10; 25; 15; 5266; INTERNAL; 2; 6; 4; 5330
INTERNAL; 19; 27; 8; 3406; INTERNAL; 18; 26; 8; 6418
INTERNAL; 20; 29; 9; 7714; INTERNAL; 17; 27; 10; 6414
INTERNAL; 17; 27; 10; 6414; INTERNAL; 10; 26; 16; 6466
INTERNAL; 31; 31; 0; 4031; INTERNAL; 20; 29; 9; 4254
INTERNAL; 20; 29; 9; 4254; INTERNAL; 19; 28; 9; 4243
INTERNAL; 20; 29; 9; 4254; INTERNAL; 19; 28; 9; 5430
INTERNAL; 20; 29; 9; 4254; INTERNAL; 17; 28; 11; 6599
INTERNAL; 17; 28; 11; 6599; INTERNAL; 10; 27; 17; 6603
INTERNAL; 31; 31; 0; 4031; INTERNAL; 20; 29; 9; 4117
INTERNAL; 31; 31; 0; 4031; INTERNAL; 21; 30; 9; 4119
INTERNAL; 21; 30; 9; 4119; INTERNAL; 20; 29; 9; 6474
INTERNAL; 21; 30; 9; 4119; INTERNAL; 20; 29; 9; 6470
INTERNAL; 31; 31; 0; 4031; INTERNAL; 30; 30; 0; 3670
INTERNAL; 30; 30; 0; 3670; INTERNAL; 29; 29; 0; 5832
INTERNAL; 29; 29; 0; 5832; INTERNAL; 28; 28; 0; 3322
INTERNAL; 28; 28; 0; 3322; INTERNAL; 21; 26; 5; 3951
INTERNAL; 21; 26; 5; 3951; INTERNAL; 20; 25; 5; 6271
INTERNAL; 20; 25; 5; 6271; INTERNAL; 19; 24; 5; 1838
INTERNAL; 19; 24; 5; 1838; INTERNAL; 18; 22; 4; 5844
INTERNAL; 18; 22; 4; 5844; INTERNAL; 15; 21; 6; 5401
INTERNAL; 15; 21; 6; 5401; INTERNAL; 14; 20; 6; 6164
INTERNAL; 15; 21; 6; 5401; INTERNAL; 9; 20; 11; 4816
INTERNAL; 18; 22; 4; 5844; INTERNAL; 17; 21; 4; 6131
INTERNAL; 17; 21; 4; 6131; INTERNAL; 16; 20; 4; 6132
INTERNAL; 16; 20; 4; 6132; INTERNAL; 15; 19; 4; 3793
INTERNAL; 15; 19; 4; 3793; INTERNAL; 14; 18; 4; 3952
INTERNAL; 14; 18; 4; 3952; INTERNAL; 13; 16; 3; 2093
INTERNAL; 13; 16; 3; 2093; INTERNAL; 9; 14; 5; 4247
INTERNAL; 9; 14; 5; 4247; INPUT; 1; 4; 3; 5853
INTERNAL; 9; 14; 5; 4247; INTERNAL; 8; 13; 5; 6995
INTERNAL; 8; 13; 5; 6995; INTERNAL; 5; 12; 7; 4209
INTERNAL; 5; 12; 7; 4209; INTERNAL; 4; 11; 7; 5948
INTERNAL; 8; 13; 5; 6995; INTERNAL; 6; 12; 6; 2182
INTERNAL; 6; 12; 6; 2182; INTERNAL; 5; 11; 6; 3165
INTERNAL; 8; 13; 5; 6995; INTERNAL; 6; 12; 6; 5929
INTERNAL; 9; 14; 5; 4247; INPUT; 1; 4; 3; 4229
INTERNAL; 13; 16; 3; 2093; INTERNAL; 12; 14; 2; 6539
INTERNAL; 12; 14; 2; 6539; INTERNAL; 11; 12; 1; 2087
INTERNAL; 11; 12; 1; 2087; INTERNAL; 10; 11; 1; 5845
INTERNAL; 10; 11; 1; 5845; INTERNAL; 8; 10; 2; 5340
INTERNAL; 8; 10; 2; 5340; INTERNAL; 6; 9; 3; 6867
INTERNAL; 6; 9; 3; 6867; INTERNAL; 5; 8; 3; 5357
INTERNAL; 6; 9; 3; 6867; INTERNAL; 4; 8; 4; 5215
INTERNAL; 6; 9; 3; 6867; INTERNAL; 5; 8; 3; 5356
INTERNAL; 5; 8; 3; 5356; INTERNAL; 4; 7; 3; 5361
INTERNAL; 8; 10; 2; 5340; INTERNAL; 7; 9; 2; 5343
INTERNAL; 7; 9; 2; 5343; INTERNAL; 5; 8; 3; 6512
INTERNAL; 7; 9; 2; 5343; INTERNAL; 6; 8; 2; 2316
INTERNAL; 6; 8; 2; 2316; INTERNAL; 5; 7; 2; 5351
INTERNAL; 10; 11; 1; 5845; INTERNAL; 9; 10; 1; 2078
INTERNAL; 9; 10; 1; 2078; INTERNAL; 8; 8; 0; 5259
INTERNAL; 9; 10; 1; 2078; INTERNAL; 8; 9; 1; 7958
INTERNAL; 11; 12; 1; 2087; INTERNAL; 8; 11; 3; 5849
INTERNAL; 8; 11; 3; 5849; INTERNAL; 5; 10; 5; 5854
INTERNAL; 8; 11; 3; 5849; INTERNAL; 5; 10; 5; 5855
INTERNAL; 8; 11; 3; 5849; INTERNAL; 6; 10; 4; 5852
INTERNAL; 6; 10; 4; 5852; INTERNAL; 5; 9; 4; 5705
INTERNAL; 12; 14; 2; 6539; INTERNAL; 8; 12; 4; 5109
INTERNAL; 8; 12; 4; 5109; INTERNAL; 4; 11; 7; 5914
INTERNAL; 8; 12; 4; 5109; INTERNAL; 7; 11; 4; 5912
INTERNAL; 7; 11; 4; 5912; INTERNAL; 6; 10; 4; 5917
INTERNAL; 6; 10; 4; 5917; INTERNAL; 5; 9; 4; 5463
INTERNAL; 5; 9; 4; 5463; INTERNAL; 4; 8; 4; 3966
INTERNAL; 7; 11; 4; 5912; INTERNAL; 5; 10; 5; 5920
INTERNAL; 8; 12; 4; 5109; INTERNAL; 5; 11; 6; 2939
INTERNAL; 13; 16; 3; 2093; INTERNAL; 10; 14; 4; 6147
INTERNAL; 10; 14; 4; 6147; INTERNAL; 9; 13; 4; 1850
INTERNAL; 10; 14; 4; 6147; INTERNAL; 9; 9; 0; 3393
INTERNAL; 14; 18; 4; 3952; INTERNAL; 12; 16; 4; 3080
INTERNAL; 12; 16; 4; 3080; INTERNAL; 10; 15; 5; 5447
INTERNAL; 14; 18; 4; 3952; INTERNAL; 11; 17; 6; 6061
INTERNAL; 11; 17; 6; 6061; INTERNAL; 10; 10; 0; 2916
INTERNAL; 11; 17; 6; 6061; INTERNAL; 10; 16; 6; 2683
INTERNAL; 14; 18; 4; 3952; INTERNAL; 12; 17; 5; 6059
INTERNAL; 12; 17; 5; 6059; INTERNAL; 8; 16; 8; 6067
INTERNAL; 8; 16; 8; 6067; INTERNAL; 6; 15; 9; 6072
INTERNAL; 6; 15; 9; 6072; INTERNAL; 5; 14; 9; 6296
INTERNAL; 5; 14; 9; 6296; INTERNAL; 4; 13; 9; 2717
INTERNAL; 6; 15; 9; 6072; INTERNAL; 5; 14; 9; 4958
INTERNAL; 5; 14; 9; 4958; INTERNAL; 4; 13; 9; 4925
INTERNAL; 8; 16; 8; 6067; INTERNAL; 6; 15; 9; 6801
INTERNAL; 6; 15; 9; 6801; INTERNAL; 5; 14; 9; 6081
INTERNAL; 5; 14; 9; 6081; INTERNAL; 4; 13; 9; 3419
INTERNAL; 6; 15; 9; 6801; INTERNAL; 5; 14; 9; 6082
INTERNAL; 5; 14; 9; 6082; INTERNAL; 4; 13; 9; 6084
INTERNAL; 12; 17; 5; 6059; INTERNAL; 11; 16; 5; 6064
INTERNAL; 11; 16; 5; 6064; INTERNAL; 9; 15; 6; 5989
INTERNAL; 11; 16; 5; 6064; INTERNAL; 10; 15; 5; 5988
INTERNAL; 10; 15; 5; 5988; INTERNAL; 9; 10; 1; 4061
INTERNAL; 10; 15; 5; 5988; INTERNAL; 9; 14; 5; 1902
INTERNAL; 14; 18; 4; 3952; INTERNAL; 11; 16; 5; 5985
INTERNAL; 15; 19; 4; 3793; INTERNAL; 12; 18; 6; 6106
INTERNAL; 12; 18; 6; 6106; INTERNAL; 10; 17; 7; 6122
INTERNAL; 15; 19; 4; 3793; INTERNAL; 13; 18; 5; 3202
INTERNAL; 13; 18; 5; 3202; INTERNAL; 10; 17; 7; 7068
INTERNAL; 13; 18; 5; 3202; INTERNAL; 12; 17; 5; 6109
INTERNAL; 13; 18; 5; 3202; INTERNAL; 11; 17; 6; 6110
INTERNAL; 11; 17; 6; 6110; INTERNAL; 10; 16; 6; 6111
INTERNAL; 16; 20; 4; 6132; INTERNAL; 15; 19; 4; 6104
INTERNAL; 15; 19; 4; 6104; INTERNAL; 14; 18; 4; 1900
INTERNAL; 15; 19; 4; 6104; INTERNAL; 12; 18; 6; 3239
INTERNAL; 12; 18; 6; 3239; INTERNAL; 10; 17; 7; 5981
INTERNAL; 15; 19; 4; 6104; INTERNAL; 12; 18; 6; 5835
INTERNAL; 12; 18; 6; 5835; INTERNAL; 9; 17; 8; 7844
INTERNAL; 12; 18; 6; 5835; INTERNAL; 11; 11; 0; 2605
INTERNAL; 16; 20; 4; 6132; INTERNAL; 13; 19; 6; 6105
INTERNAL; 13; 19; 6; 6105; INTERNAL; 10; 18; 8; 6053
INTERNAL; 17; 21; 4; 6131; INTERNAL; 14; 20; 6; 6133
INTERNAL; 14; 20; 6; 6133; INTERNAL; 9; 19; 10; 5317
INTERNAL; 17; 21; 4; 6131; INTERNAL; 16; 20; 4; 6380
INTERNAL; 16; 20; 4; 6380; INTERNAL; 13; 19; 6; 2561
INTERNAL; 13; 19; 6; 2561; INTERNAL; 10; 18; 8; 6162
INTERNAL; 16; 20; 4; 6380; INTERNAL; 14; 19; 5; 6135
INTERNAL; 14; 19; 5; 6135; INTERNAL; 12; 18; 6; 2593
INTERNAL; 12; 18; 6; 2593; INTERNAL; 10; 17; 7; 3809
INTERNAL; 14; 19; 5; 6135; INTERNAL; 13; 18; 5; 6140
INTERNAL; 14; 19; 5; 6135; INTERNAL; 13; 18; 5; 5174
INTERNAL; 16; 20; 4; 6380; INTERNAL; 15; 19; 4; 7732
INTERNAL; 18; 22; 4; 5844; INTERNAL; 17; 21; 4; 3864
INTERNAL; 17; 21; 4; 3864; INTERNAL; 14; 20; 6; 6101
INTERNAL; 14; 20; 6; 6101; INTERNAL; 13; 19; 6; 6123
INTERNAL; 14; 20; 6; 6101; INTERNAL; 9; 19; 10; 6124
INTERNAL; 17; 21; 4; 3864; INTERNAL; 16; 20; 4; 5127
INTERNAL; 16; 20; 4; 5127; INTERNAL; 15; 19; 4; 3777
INTERNAL; 15; 19; 4; 3777; INTERNAL; 12; 17; 5; 5984
INTERNAL; 12; 17; 5; 5984; INTERNAL; 10; 16; 6; 6027
INTERNAL; 15; 19; 4; 3777; INTERNAL; 11; 15; 4; 5907
INTERNAL; 11; 15; 4; 5907; INTERNAL; 10; 14; 4; 5950
INTERNAL; 11; 15; 4; 5907; INTERNAL; 10; 10; 0; 2771
INTERNAL; 15; 19; 4; 3777; INTERNAL; 14; 15; 1; 5906
INTERNAL; 14; 15; 1; 5906; INTERNAL; 13; 14; 1; 5911
INTERNAL; 13; 14; 1; 5911; INTERNAL; 12; 13; 1; 5019
INTERNAL; 13; 14; 1; 5911; INTERNAL; 9; 13; 4; 3383
INTERNAL; 9; 13; 4; 3383; INTERNAL; 8; 12; 4; 7305
INTERNAL; 14; 15; 1; 5906; INTERNAL; 13; 14; 1; 2427
INTERNAL; 13; 14; 1; 2427; INTERNAL; 9; 13; 4; 5842
INTERNAL; 9; 13; 4; 5842; INTERNAL; 8; 8; 0; 2886
INTERNAL; 9; 13; 4; 5842; INTERNAL; 8; 12; 4; 2318
INTERNAL; 13; 14; 1; 2427; INTERNAL; 11; 13; 2; 5839
INTERNAL; 13; 14; 1; 2427; INTERNAL; 12; 13; 1; 7038
INTERNAL; 12; 13; 1; 7038; INTERNAL; 11; 12; 1; 5541
INTERNAL; 11; 12; 1; 5541; INTERNAL; 9; 9; 0; 4579
INTERNAL; 9; 9; 0; 4579; INTERNAL; 7; 8; 1; 2364
INTERNAL; 9; 9; 0; 4579; INTERNAL; 8; 8; 0; 4346
INTERNAL; 11; 12; 1; 5541; INTERNAL; 9; 10; 1; 7336
INTERNAL; 9; 10; 1; 7336; INTERNAL; 7; 9; 2; 7841
INTERNAL; 9; 10; 1; 7336; INTERNAL; 8; 8; 0; 5290
INTERNAL; 11; 12; 1; 5541; INTERNAL; 7; 9; 2; 2260
INTERNAL; 7; 9; 2; 2260; INTERNAL; 5; 8; 3; 3524
INTERNAL; 7; 9; 2; 2260; INTERNAL; 6; 8; 2; 2255
INTERNAL; 6; 8; 2; 2255; INTERNAL; 5; 7; 2; 5054
INTERNAL; 6; 8; 2; 2255; INTERNAL; 5; 7; 2; 5213
INTERNAL; 6; 8; 2; 2255; INTERNAL; 4; 7; 3; 2237
INTERNAL; 7; 9; 2; 2260; INTERNAL; 6; 8; 2; 2257
INTERNAL; 6; 8; 2; 2257; INTERNAL; 4; 7; 3; 3474
INTERNAL; 6; 8; 2; 2257; INTERNAL; 5; 7; 2; 4497
INTERNAL; 6; 8; 2; 2257; INTERNAL; 4; 7; 3; 5271
INTERNAL; 7; 9; 2; 2260; INTERNAL; 4; 8; 4; 3260
INTERNAL; 11; 12; 1; 5541; INTERNAL; 8; 10; 2; 2295
INTERNAL; 8; 10; 2; 2295; INTERNAL; 5; 9; 4; 5701
INTERNAL; 8; 10; 2; 2295; INTERNAL; 7; 9; 2; 4340
INTERNAL; 7; 9; 2; 4340; INTERNAL; 6; 8; 2; 3148
INTERNAL; 6; 8; 2; 3148; INTERNAL; 4; 7; 3; 3074
INTERNAL; 7; 9; 2; 4340; INTERNAL; 4; 8; 4; 3972
INTERNAL; 7; 9; 2; 4340; INTERNAL; 5; 8; 3; 6781
INTERNAL; 8; 10; 2; 2295; INTERNAL; 6; 9; 3; 2076
INTERNAL; 6; 9; 3; 2076; INTERNAL; 5; 8; 3; 2285
INTERNAL; 8; 10; 2; 2295; INTERNAL; 6; 9; 3; 4251
INTERNAL; 6; 9; 3; 4251; INTERNAL; 5; 8; 3; 2277
INTERNAL; 5; 8; 3; 2277; INTERNAL; 4; 7; 3; 2274
INTERNAL; 6; 9; 3; 4251; INTERNAL; 4; 8; 4; 4258
INTERNAL; 11; 12; 1; 5541; INTERNAL; 10; 10; 0; 1883
INTERNAL; 10; 10; 0; 1883; INTERNAL; 8; 9; 1; 4357
INTERNAL; 8; 9; 1; 4357; INTERNAL; 6; 8; 2; 2374
INTERNAL; 6; 8; 2; 2374; INTERNAL; 5; 7; 2; 5223
INTERNAL; 6; 8; 2; 2374; INTERNAL; 4; 7; 3; 2366
INTERNAL; 8; 9; 1; 4357; INTERNAL; 5; 8; 3; 2474
INTERNAL; 5; 8; 3; 2474; INTERNAL; 4; 7; 3; 2351
INTERNAL; 8; 9; 1; 4357; INTERNAL; 6; 8; 2; 2681
INTERNAL; 6; 8; 2; 2681; INTERNAL; 4; 7; 3; 5118
INTERNAL; 6; 8; 2; 2681; INTERNAL; 4; 7; 3; 2359
INTERNAL; 6; 8; 2; 2681; INTERNAL; 5; 7; 2; 5916
INTERNAL; 6; 8; 2; 2681; INTERNAL; 5; 7; 2; 3141
INTERNAL; 10; 10; 0; 1883; INTERNAL; 9; 9; 0; 2509
INTERNAL; 9; 9; 0; 2509; INTERNAL; 8; 8; 0; 7468
INTERNAL; 8; 8; 0; 7468; INTERNAL; 5; 7; 2; 2599
INTERNAL; 8; 8; 0; 7468; INTERNAL; 5; 7; 2; 6843
INTERNAL; 5; 7; 2; 6843; INTERNAL; 4; 6; 2; 3118
INTERNAL; 8; 8; 0; 7468; INTERNAL; 7; 7; 0; 2486
INTERNAL; 7; 7; 0; 2486; INTERNAL; 5; 6; 1; 2481
INTERNAL; 7; 7; 0; 2486; INTERNAL; 6; 6; 0; 2938
INTERNAL; 6; 6; 0; 2938; INTERNAL; 5; 5; 0; 2475
INTERNAL; 7; 7; 0; 2486; INTERNAL; 6; 6; 0; 2480
INTERNAL; 6; 6; 0; 2480; INTERNAL; 5; 5; 0; 5491
INTERNAL; 5; 5; 0; 5491; INTERNAL; 4; 4; 0; 3205
INTERNAL; 8; 8; 0; 7468; INTERNAL; 6; 7; 1; 2483
INTERNAL; 6; 7; 1; 2483; INTERNAL; 5; 6; 1; 4591
INTERNAL; 9; 9; 0; 2509; INTERNAL; 8; 8; 0; 2487
INTERNAL; 8; 8; 0; 2487; INTERNAL; 7; 7; 0; 5263
INTERNAL; 7; 7; 0; 5263; INTERNAL; 6; 6; 0; 2799
INTERNAL; 6; 6; 0; 2799; INTERNAL; 5; 5; 0; 5519
INTERNAL; 7; 7; 0; 5263; INTERNAL; 6; 6; 0; 3780
INTERNAL; 6; 6; 0; 3780; INTERNAL; 5; 5; 0; 2778
INTERNAL; 7; 7; 0; 5263; INTERNAL; 5; 6; 1; 4384
INTERNAL; 5; 6; 1; 4384; INTERNAL; 4; 5; 1; 2775
INTERNAL; 5; 6; 1; 4384; INTERNAL; 4; 5; 1; 2776
INTERNAL; 8; 8; 0; 2487; INTERNAL; 7; 7; 0; 4244
INTERNAL; 9; 9; 0; 2509; INTERNAL; 8; 8; 0; 5132
INTERNAL; 8; 8; 0; 5132; INTERNAL; 7; 7; 0; 3652
INTERNAL; 8; 8; 0; 5132; INTERNAL; 7; 7; 0; 5529
INTERNAL; 10; 10; 0; 1883; INTERNAL; 8; 9; 1; 4451
INTERNAL; 8; 9; 1; 4451; INTERNAL; 7; 7; 0; 6100
INTERNAL; 8; 9; 1; 4451; INTERNAL; 7; 8; 1; 2689
INTERNAL; 10; 10; 0; 1883; INTERNAL; 8; 9; 1; 2426
INTERNAL; 8; 9; 1; 2426; INTERNAL; 7; 8; 1; 5234
INTERNAL; 7; 8; 1; 5234; INTERNAL; 5; 7; 2; 4103
INTERNAL; 7; 8; 1; 5234; INTERNAL; 5; 7; 2; 2436
INTERNAL; 7; 8; 1; 5234; INTERNAL; 6; 7; 1; 2425
INTERNAL; 6; 7; 1; 2425; INTERNAL; 5; 6; 1; 2421
INTERNAL; 6; 7; 1; 2425; INTERNAL; 4; 6; 2; 7450
INTERNAL; 7; 8; 1; 5234; INTERNAL; 5; 7; 2; 3824
INTERNAL; 7; 8; 1; 5234; INTERNAL; 5; 7; 2; 3176
INTERNAL; 7; 8; 1; 5234; INTERNAL; 4; 7; 3; 2555
INTERNAL; 10; 10; 0; 1883; INTERNAL; 8; 9; 1; 3685
INTERNAL; 8; 9; 1; 3685; INTERNAL; 7; 7; 0; 4969
INTERNAL; 8; 9; 1; 3685; INTERNAL; 7; 8; 1; 2411
INTERNAL; 12; 13; 1; 7038; INTERNAL; 10; 12; 2; 6036
INTERNAL; 12; 13; 1; 7038; INTERNAL; 10; 12; 2; 3348
INTERNAL; 10; 12; 2; 3348; INTERNAL; 8; 11; 3; 1787
INTERNAL; 15; 19; 4; 3777; INTERNAL; 13; 15; 2; 1967
INTERNAL; 15; 19; 4; 3777; INTERNAL; 14; 17; 3; 5982
INTERNAL; 15; 19; 4; 3777; INTERNAL; 13; 15; 2; 2615
INTERNAL; 16; 20; 4; 5127; INTERNAL; 15; 19; 4; 6054
INTERNAL; 16; 20; 4; 5127; INTERNAL; 13; 19; 6; 6056
INTERNAL; 13; 19; 6; 6056; INTERNAL; 9; 14; 5; 3830
INTERNAL; 13; 19; 6; 6056; INTERNAL; 10; 18; 8; 3503
INTERNAL; 17; 21; 4; 3864; INTERNAL; 16; 20; 4; 6099
INTERNAL; 19; 24; 5; 1838; INTERNAL; 16; 23; 7; 6172
INTERNAL; 16; 23; 7; 6172; INTERNAL; 10; 22; 12; 6191
INTERNAL; 10; 22; 12; 6191; INTERNAL; 3; 5; 2; 3150
INTERNAL; 3; 5; 2; 3150; INPUT; 1; 3; 2; 2582
INTERNAL; 3; 5; 2; 3150; INTERNAL; 2; 4; 2; 3250
INTERNAL; 2; 4; 2; 3250; INPUT; 1; 3; 2; 5180
INTERNAL; 10; 22; 12; 6191; INTERNAL; 2; 5; 3; 3460
INTERNAL; 16; 23; 7; 6172; INTERNAL; 2; 6; 4; 2690
INTERNAL; 16; 23; 7; 6172; INTERNAL; 2; 6; 4; 2710
INTERNAL; 19; 24; 5; 1838; INTERNAL; 18; 22; 4; 5004
INTERNAL; 18; 22; 4; 5004; INTERNAL; 17; 21; 4; 7230
INTERNAL; 17; 21; 4; 7230; INTERNAL; 16; 20; 4; 6170
INTERNAL; 16; 20; 4; 6170; INTERNAL; 14; 19; 5; 3155
INTERNAL; 16; 20; 4; 6170; INTERNAL; 15; 19; 4; 6178
INTERNAL; 15; 19; 4; 6178; INTERNAL; 14; 18; 4; 6635
INTERNAL; 15; 19; 4; 6178; INTERNAL; 12; 18; 6; 6182
INTERNAL; 12; 18; 6; 6182; INTERNAL; 9; 17; 8; 5086
INTERNAL; 15; 19; 4; 6178; INTERNAL; 12; 18; 6; 6184
INTERNAL; 12; 18; 6; 6184; INTERNAL; 10; 17; 7; 6188
INTERNAL; 16; 20; 4; 6170; INTERNAL; 13; 19; 6; 6180
INTERNAL; 13; 19; 6; 6180; INTERNAL; 10; 18; 8; 6334
INTERNAL; 17; 21; 4; 7230; INTERNAL; 14; 20; 6; 6176
INTERNAL; 14; 20; 6; 6176; INTERNAL; 9; 19; 10; 7291
INTERNAL; 17; 21; 4; 7230; INTERNAL; 16; 20; 4; 6173
INTERNAL; 18; 22; 4; 5004; INTERNAL; 17; 21; 4; 7355
INTERNAL; 18; 22; 4; 5004; INTERNAL; 15; 21; 6; 5931
INTERNAL; 15; 21; 6; 5931; INTERNAL; 9; 20; 11; 4075
INTERNAL; 20; 25; 5; 6271; INTERNAL; 19; 24; 5; 4675
INTERNAL; 19; 24; 5; 4675; INTERNAL; 15; 23; 8; 6206
INTERNAL; 15; 23; 8; 6206; INTERNAL; 11; 22; 11; 6264
INTERNAL; 19; 24; 5; 4675; INTERNAL; 18; 23; 5; 6205
INTERNAL; 18; 23; 5; 6205; INTERNAL; 14; 22; 8; 6214
INTERNAL; 14; 22; 8; 6214; INTERNAL; 9; 21; 12; 6263
INTERNAL; 18; 23; 5; 6205; INTERNAL; 17; 22; 5; 6208
INTERNAL; 17; 22; 5; 6208; INTERNAL; 14; 21; 7; 7812
INTERNAL; 14; 21; 7; 7812; INTERNAL; 13; 20; 7; 6262
INTERNAL; 14; 21; 7; 7812; INTERNAL; 9; 20; 11; 6088
INTERNAL; 17; 22; 5; 6208; INTERNAL; 16; 21; 5; 6215
INTERNAL; 16; 21; 5; 6215; INTERNAL; 13; 20; 7; 6225
INTERNAL; 13; 20; 7; 6225; INTERNAL; 10; 19; 9; 6307
INTERNAL; 16; 21; 5; 6215; INTERNAL; 15; 20; 5; 6222
INTERNAL; 16; 21; 5; 6215; INTERNAL; 15; 20; 5; 6216
INTERNAL; 18; 23; 5; 6205; INTERNAL; 16; 21; 5; 6211
INTERNAL; 20; 25; 5; 6271; INTERNAL; 16; 24; 8; 2662
INTERNAL; 16; 24; 8; 2662; INTERNAL; 10; 23; 13; 6265
INTERNAL; 21; 26; 5; 3951; INTERNAL; 20; 25; 5; 6272
INTERNAL; 20; 25; 5; 6272; INTERNAL; 19; 24; 5; 1800
INTERNAL; 19; 24; 5; 1800; INTERNAL; 15; 23; 8; 6278
INTERNAL; 15; 23; 8; 6278; INTERNAL; 14; 22; 8; 6312
INTERNAL; 15; 23; 8; 6278; INTERNAL; 9; 22; 13; 6315
INTERNAL; 19; 24; 5; 1800; INTERNAL; 18; 23; 5; 3866
INTERNAL; 19; 24; 5; 1800; INTERNAL; 15; 23; 8; 6279
INTERNAL; 15; 23; 8; 6279; INTERNAL; 11; 22; 11; 5398
INTERNAL; 19; 24; 5; 1800; INTERNAL; 18; 23; 5; 6275
INTERNAL; 18; 23; 5; 6275; INTERNAL; 17; 22; 5; 3151
INTERNAL; 17; 22; 5; 3151; INTERNAL; 16; 21; 5; 4646
INTERNAL; 17; 22; 5; 3151; INTERNAL; 14; 21; 7; 4476
INTERNAL; 14; 21; 7; 4476; INTERNAL; 9; 20; 11; 6310
INTERNAL; 18; 23; 5; 6275; INTERNAL; 17; 22; 5; 6893
INTERNAL; 20; 25; 5; 6272; INTERNAL; 19; 24; 5; 1829
INTERNAL; 20; 25; 5; 6272; INTERNAL; 16; 24; 8; 5923
INTERNAL; 16; 24; 8; 5923; INTERNAL; 10; 23; 13; 3310
INTERNAL; 21; 26; 5; 3951; INTERNAL; 17; 25; 8; 3315
INTERNAL; 17; 25; 8; 3315; INTERNAL; 2; 5; 3; 5617
INTERNAL; 2; 5; 3; 5617; INPUT; 1; 4; 3; 4798
INTERNAL; 2; 5; 3; 5617; INPUT; 1; 4; 3; 2102
INTERNAL; 17; 25; 8; 3315; INTERNAL; 2; 6; 4; 2183
INTERNAL; 17; 25; 8; 3315; INTERNAL; 2; 5; 3; 2179
INTERNAL; 28; 28; 0; 3322; INTERNAL; 21; 26; 5; 4205
INTERNAL; 21; 26; 5; 4205; INTERNAL; 20; 25; 5; 5841
INTERNAL; 20; 25; 5; 5841; INTERNAL; 19; 23; 4; 6168
INTERNAL; 19; 23; 4; 6168; INTERNAL; 15; 22; 7; 7390
INTERNAL; 15; 22; 7; 7390; INTERNAL; 11; 21; 10; 2611
INTERNAL; 19; 23; 4; 6168; INTERNAL; 18; 22; 4; 4230
INTERNAL; 18; 22; 4; 4230; INTERNAL; 14; 20; 6; 5264
INTERNAL; 14; 20; 6; 5264; INTERNAL; 9; 19; 10; 6085
INTERNAL; 18; 22; 4; 4230; INTERNAL; 14; 21; 7; 6098
INTERNAL; 14; 21; 7; 6098; INTERNAL; 9; 20; 11; 5329
INTERNAL; 18; 22; 4; 4230; INTERNAL; 17; 21; 4; 4955
INTERNAL; 18; 22; 4; 4230; INTERNAL; 16; 20; 4; 7024
INTERNAL; 18; 22; 4; 4230; INTERNAL; 16; 20; 4; 4999
INTERNAL; 16; 20; 4; 4999; INTERNAL; 13; 18; 5; 4369
INTERNAL; 13; 18; 5; 4369; INTERNAL; 10; 17; 7; 6572
INTERNAL; 16; 20; 4; 4999; INTERNAL; 15; 16; 1; 5900
INTERNAL; 16; 20; 4; 4999; INTERNAL; 15; 18; 3; 6408
INTERNAL; 16; 20; 4; 4999; INTERNAL; 12; 16; 4; 5901
INTERNAL; 12; 16; 4; 5901; INTERNAL; 10; 15; 5; 4500
INTERNAL; 16; 20; 4; 4999; INTERNAL; 15; 17; 2; 2175
INTERNAL; 15; 17; 2; 2175; INTERNAL; 11; 16; 5; 6601
INTERNAL; 11; 16; 5; 6601; INTERNAL; 9; 15; 6; 2054
INTERNAL; 15; 17; 2; 2175; INTERNAL; 14; 16; 2; 6394
INTERNAL; 15; 17; 2; 2175; INTERNAL; 12; 16; 4; 5951
INTERNAL; 12; 16; 4; 5951; INTERNAL; 9; 15; 6; 3257
INTERNAL; 19; 23; 4; 6168; INTERNAL; 18; 22; 4; 6126
INTERNAL; 20; 25; 5; 5841; INTERNAL; 16; 23; 7; 3471
INTERNAL; 16; 23; 7; 3471; INTERNAL; 10; 22; 12; 3434
INTERNAL; 10; 22; 12; 3434; INTERNAL; 2; 6; 4; 3055
INTERNAL; 20; 25; 5; 5841; INTERNAL; 19; 23; 4; 1879
INTERNAL; 21; 26; 5; 4205; INTERNAL; 17; 25; 8; 6204
INTERNAL; 17; 25; 8; 6204; INTERNAL; 10; 24; 14; 6268
INTERNAL; 21; 26; 5; 4205; INTERNAL; 20; 25; 5; 6201
INTERNAL; 28; 28; 0; 3322; INTERNAL; 21; 26; 5; 6156
INTERNAL; 28; 28; 0; 3322; INTERNAL; 23; 27; 4; 4224
INTERNAL; 23; 27; 4; 4224; INTERNAL; 21; 25; 4; 5591
INTERNAL; 21; 25; 4; 5591; INTERNAL; 20; 24; 4; 6800
INTERNAL; 21; 25; 4; 5591; INTERNAL; 20; 24; 4; 6165
INTERNAL; 20; 24; 4; 6165; INTERNAL; 19; 23; 4; 7181
INTERNAL; 20; 24; 4; 6165; INTERNAL; 19; 23; 4; 4918
INTERNAL; 19; 23; 4; 4918; INTERNAL; 18; 21; 3; 6040
INTERNAL; 18; 21; 3; 6040; INTERNAL; 16; 19; 3; 3105
INTERNAL; 18; 21; 3; 6040; INTERNAL; 17; 19; 2; 5979
INTERNAL; 17; 19; 2; 5979; INTERNAL; 13; 17; 4; 5899
INTERNAL; 13; 17; 4; 5899; INTERNAL; 10; 16; 6; 5952
INTERNAL; 17; 19; 2; 5979; INTERNAL; 16; 17; 1; 5894
INTERNAL; 17; 19; 2; 5979; INTERNAL; 15; 18; 3; 5888
INTERNAL; 15; 18; 3; 5888; INTERNAL; 13; 17; 4; 5953
INTERNAL; 13; 17; 4; 5953; INTERNAL; 10; 16; 6; 3186
INTERNAL; 13; 17; 4; 5953; INTERNAL; 12; 16; 4; 5959
INTERNAL; 15; 18; 3; 5888; INTERNAL; 14; 16; 2; 5956
INTERNAL; 14; 16; 2; 5956; INTERNAL; 10; 15; 5; 2731
INTERNAL; 10; 15; 5; 2731; INTERNAL; 8; 14; 6; 5231
INTERNAL; 14; 16; 2; 5956; INTERNAL; 12; 15; 3; 5837
INTERNAL; 12; 15; 3; 5837; INTERNAL; 9; 14; 5; 4742
INTERNAL; 14; 16; 2; 5956; INTERNAL; 13; 15; 2; 5300
INTERNAL; 18; 21; 3; 6040; INTERNAL; 14; 19; 5; 7504
INTERNAL; 14; 19; 5; 7504; INTERNAL; 9; 18; 9; 6028
INTERNAL; 19; 23; 4; 4918; INTERNAL; 15; 22; 7; 6038
INTERNAL; 15; 22; 7; 6038; INTERNAL; 9; 21; 12; 6087
INTERNAL; 19; 23; 4; 4918; INTERNAL; 18; 22; 4; 4133
INTERNAL; 19; 23; 4; 4918; INTERNAL; 15; 22; 7; 2594
INTERNAL; 15; 22; 7; 2594; INTERNAL; 11; 21; 10; 2355
INTERNAL; 19; 23; 4; 4918; INTERNAL; 17; 21; 4; 6051
INTERNAL; 20; 24; 4; 6165; INTERNAL; 16; 23; 7; 3714
INTERNAL; 16; 23; 7; 3714; INTERNAL; 10; 22; 12; 3124
INTERNAL; 21; 25; 4; 5591; INTERNAL; 17; 24; 7; 6166
INTERNAL; 17; 24; 7; 6166; INTERNAL; 2; 6; 4; 1980
INTERNAL; 2; 6; 4; 1980; INPUT; 1; 4; 3; 4602
INTERNAL; 2; 6; 4; 1980; INPUT; 1; 4; 3; 2415
INTERNAL; 17; 24; 7; 6166; INTERNAL; 2; 5; 3; 3656
INTERNAL; 23; 27; 4; 4224; INTERNAL; 22; 25; 3; 6091
INTERNAL; 22; 25; 3; 6091; INTERNAL; 21; 24; 3; 6095
INTERNAL; 21; 24; 3; 6095; INTERNAL; 19; 23; 4; 6242
INTERNAL; 21; 24; 3; 6095; INTERNAL; 20; 23; 3; 6645
INTERNAL; 20; 23; 3; 6645; INTERNAL; 19; 22; 3; 1847
INTERNAL; 20; 23; 3; 6645; INTERNAL; 15; 20; 5; 1953
INTERNAL; 15; 20; 5; 1953; INTERNAL; 9; 19; 10; 5590
INTERNAL; 15; 20; 5; 1953; INTERNAL; 14; 19; 5; 1794
INTERNAL; 20; 23; 3; 6645; INTERNAL; 18; 20; 2; 5976
INTERNAL; 20; 23; 3; 6645; INTERNAL; 18; 20; 2; 6855
INTERNAL; 18; 20; 2; 6855; INTERNAL; 16; 18; 2; 2267
INTERNAL; 16; 18; 2; 2267; INTERNAL; 15; 17; 2; 5335
INTERNAL; 16; 18; 2; 2267; INTERNAL; 12; 16; 4; 3751
INTERNAL; 12; 16; 4; 3751; INTERNAL; 10; 15; 5; 3907
INTERNAL; 16; 18; 2; 2267; INTERNAL; 14; 16; 2; 2410
INTERNAL; 16; 18; 2; 2267; INTERNAL; 13; 16; 3; 5831
INTERNAL; 13; 16; 3; 5831; INTERNAL; 12; 14; 2; 3026
INTERNAL; 12; 14; 2; 3026; INTERNAL; 11; 13; 2; 4401
INTERNAL; 11; 13; 2; 4401; INTERNAL; 10; 12; 2; 6616
INTERNAL; 13; 16; 3; 5831; INTERNAL; 12; 14; 2; 4885
INTERNAL; 13; 16; 3; 5831; INTERNAL; 11; 14; 3; 1774
INTERNAL; 11; 14; 3; 1774; INTERNAL; 9; 10; 1; 2265
INTERNAL; 9; 10; 1; 2265; INTERNAL; 8; 9; 1; 4222
INTERNAL; 11; 14; 3; 1774; INTERNAL; 10; 10; 0; 4242
INTERNAL; 13; 16; 3; 5831; INTERNAL; 12; 14; 2; 7497
INTERNAL; 12; 14; 2; 7497; INTERNAL; 10; 10; 0; 7082
INTERNAL; 12; 14; 2; 7497; INTERNAL; 11; 11; 0; 2381
INTERNAL; 11; 11; 0; 2381; INTERNAL; 9; 10; 1; 2432
INTERNAL; 9; 10; 1; 2432; INTERNAL; 7; 9; 2; 3564
INTERNAL; 11; 11; 0; 2381; INTERNAL; 10; 10; 0; 2245
INTERNAL; 10; 10; 0; 2245; INTERNAL; 8; 9; 1; 2489
INTERNAL; 10; 10; 0; 2245; INTERNAL; 9; 9; 0; 5157
INTERNAL; 9; 9; 0; 5157; INTERNAL; 8; 8; 0; 4516
INTERNAL; 8; 8; 0; 4516; INTERNAL; 7; 7; 0; 3802
INTERNAL; 8; 8; 0; 4516; INTERNAL; 7; 7; 0; 5149
INTERNAL; 9; 9; 0; 5157; INTERNAL; 7; 7; 0; 5155
INTERNAL; 9; 9; 0; 5157; INTERNAL; 8; 8; 0; 4535
INTERNAL; 8; 8; 0; 4535; INTERNAL; 7; 7; 0; 2353
INTERNAL; 7; 7; 0; 2353; INTERNAL; 6; 6; 0; 4953
INTERNAL; 7; 7; 0; 2353; INTERNAL; 6; 6; 0; 7754
INTERNAL; 7; 7; 0; 2353; INTERNAL; 6; 6; 0; 5641
INTERNAL; 8; 8; 0; 4535; INTERNAL; 7; 7; 0; 3128
INTERNAL; 7; 7; 0; 3128; INTERNAL; 6; 6; 0; 4169
INTERNAL; 10; 10; 0; 2245; INTERNAL; 7; 8; 1; 5143
INTERNAL; 10; 10; 0; 2245; INTERNAL; 8; 8; 0; 3355
INTERNAL; 8; 8; 0; 3355; INTERNAL; 7; 7; 0; 5203
INTERNAL; 10; 10; 0; 2245; INTERNAL; 8; 9; 1; 2490
INTERNAL; 8; 9; 1; 2490; INTERNAL; 7; 7; 0; 4705
INTERNAL; 11; 11; 0; 2381; INTERNAL; 10; 10; 0; 3660
INTERNAL; 10; 10; 0; 3660; INTERNAL; 9; 9; 0; 3887
INTERNAL; 9; 9; 0; 3887; INTERNAL; 7; 8; 1; 4033
INTERNAL; 10; 10; 0; 3660; INTERNAL; 9; 9; 0; 7184
INTERNAL; 11; 11; 0; 2381; INTERNAL; 10; 10; 0; 3501
INTERNAL; 11; 11; 0; 2381; INTERNAL; 10; 10; 0; 4577
INTERNAL; 12; 14; 2; 7497; INTERNAL; 11; 11; 0; 2898
INTERNAL; 12; 14; 2; 7497; INTERNAL; 9; 10; 1; 4782
INTERNAL; 9; 10; 1; 4782; INTERNAL; 8; 9; 1; 4473
INTERNAL; 12; 14; 2; 7497; INTERNAL; 11; 11; 0; 1813
INTERNAL; 12; 14; 2; 7497; INTERNAL; 9; 11; 2; 2296
INTERNAL; 9; 11; 2; 2296; INTERNAL; 8; 10; 2; 6579
INTERNAL; 16; 18; 2; 2267; INTERNAL; 13; 17; 4; 2538
INTERNAL; 13; 17; 4; 2538; INTERNAL; 10; 16; 6; 2172
INTERNAL; 18; 20; 2; 6855; INTERNAL; 14; 18; 4; 5889
INTERNAL; 14; 18; 4; 5889; INTERNAL; 9; 17; 8; 3884
INTERNAL; 14; 18; 4; 5889; INTERNAL; 13; 17; 4; 7640
INTERNAL; 18; 20; 2; 6855; INTERNAL; 17; 18; 1; 5885
INTERNAL; 20; 23; 3; 6645; INTERNAL; 16; 22; 6; 6033
INTERNAL; 16; 22; 6; 6033; INTERNAL; 10; 21; 11; 4057
INTERNAL; 21; 24; 3; 6095; INTERNAL; 16; 23; 7; 3489
INTERNAL; 16; 23; 7; 3489; INTERNAL; 10; 22; 12; 4974
INTERNAL; 22; 25; 3; 6091; INTERNAL; 17; 24; 7; 6917
INTERNAL; 17; 24; 7; 6917; INTERNAL; 2; 5; 3; 2641
INTERNAL; 22; 25; 3; 6091; INTERNAL; 20; 24; 4; 3444
INTERNAL; 28; 28; 0; 3322; INTERNAL; 21; 26; 5; 3974
INTERNAL; 28; 28; 0; 3322; INTERNAL; 27; 27; 0; 5574
INTERNAL; 27; 27; 0; 5574; INTERNAL; 23; 26; 3; 5272
INTERNAL; 23; 26; 3; 5272; INTERNAL; 22; 25; 3; 6198
INTERNAL; 22; 25; 3; 6198; INTERNAL; 17; 24; 7; 3226
INTERNAL; 17; 24; 7; 3226; INTERNAL; 10; 23; 13; 2587
INTERNAL; 10; 23; 13; 2587; INTERNAL; 2; 6; 4; 3574
INTERNAL; 22; 25; 3; 6198; INTERNAL; 21; 24; 3; 6179
INTERNAL; 22; 25; 3; 6198; INTERNAL; 21; 24; 3; 6200
INTERNAL; 21; 24; 3; 6200; INTERNAL; 16; 23; 7; 5374
INTERNAL; 16; 23; 7; 5374; INTERNAL; 10; 22; 12; 6089
INTERNAL; 21; 24; 3; 6200; INTERNAL; 19; 21; 2; 5974
INTERNAL; 21; 24; 3; 6200; INTERNAL; 19; 21; 2; 6238
INTERNAL; 19; 21; 2; 6238; INTERNAL; 14; 19; 5; 5208
INTERNAL; 14; 19; 5; 5208; INTERNAL; 9; 18; 9; 6513
INTERNAL; 19; 21; 2; 6238; INTERNAL; 16; 19; 3; 5881
INTERNAL; 19; 21; 2; 6238; INTERNAL; 18; 19; 1; 5421
INTERNAL; 19; 21; 2; 6238; INTERNAL; 14; 19; 5; 5883
INTERNAL; 14; 19; 5; 5883; INTERNAL; 9; 18; 9; 5963
INTERNAL; 19; 21; 2; 6238; INTERNAL; 16; 19; 3; 5882
INTERNAL; 16; 19; 3; 5882; INTERNAL; 13; 15; 2; 4744
INTERNAL; 16; 19; 3; 5882; INTERNAL; 15; 17; 2; 5828
INTERNAL; 16; 19; 3; 5882; INTERNAL; 12; 15; 3; 5716
INTERNAL; 12; 15; 3; 5716; INTERNAL; 10; 14; 4; 5363
INTERNAL; 16; 19; 3; 5882; INTERNAL; 13; 15; 2; 3675
INTERNAL; 13; 15; 2; 3675; INTERNAL; 10; 12; 2; 2303
INTERNAL; 10; 12; 2; 2303; INTERNAL; 8; 11; 3; 4628
INTERNAL; 13; 15; 2; 3675; INTERNAL; 12; 12; 0; 3552
INTERNAL; 13; 15; 2; 3675; INTERNAL; 11; 12; 1; 2529
INTERNAL; 11; 12; 1; 2529; INTERNAL; 9; 11; 2; 2327
INTERNAL; 13; 15; 2; 3675; INTERNAL; 12; 12; 0; 2949
INTERNAL; 13; 15; 2; 3675; INTERNAL; 12; 12; 0; 3633
INTERNAL; 12; 12; 0; 3633; INTERNAL; 10; 11; 1; 4146
INTERNAL; 10; 11; 1; 4146; INTERNAL; 8; 10; 2; 3617
INTERNAL; 12; 12; 0; 3633; INTERNAL; 9; 10; 1; 2762
INTERNAL; 9; 10; 1; 2762; INTERNAL; 8; 9; 1; 4081
INTERNAL; 9; 10; 1; 2762; INTERNAL; 8; 8; 0; 2960
INTERNAL; 12; 12; 0; 3633; INTERNAL; 11; 11; 0; 3278
INTERNAL; 11; 11; 0; 3278; INTERNAL; 9; 10; 1; 2492
INTERNAL; 9; 10; 1; 2492; INTERNAL; 8; 9; 1; 6376
INTERNAL; 11; 11; 0; 3278; INTERNAL; 10; 10; 0; 3312
INTERNAL; 10; 10; 0; 3312; INTERNAL; 9; 9; 0; 5275
INTERNAL; 9; 9; 0; 5275; INTERNAL; 7; 8; 1; 3043
INTERNAL; 10; 10; 0; 3312; INTERNAL; 8; 8; 0; 3664
INTERNAL; 10; 10; 0; 3312; INTERNAL; 8; 8; 0; 3979
INTERNAL; 8; 8; 0; 3979; INTERNAL; 7; 7; 0; 3093
INTERNAL; 10; 10; 0; 3312; INTERNAL; 9; 9; 0; 7934
INTERNAL; 9; 9; 0; 7934; INTERNAL; 8; 8; 0; 4484
INTERNAL; 9; 9; 0; 7934; INTERNAL; 8; 8; 0; 3331
INTERNAL; 8; 8; 0; 3331; INTERNAL; 7; 7; 0; 3269
INTERNAL; 8; 8; 0; 3331; INTERNAL; 7; 7; 0; 4963
INTERNAL; 8; 8; 0; 3331; INTERNAL; 7; 7; 0; 4975
INTERNAL; 9; 9; 0; 7934; INTERNAL; 8; 8; 0; 3183
INTERNAL; 8; 8; 0; 3183; INTERNAL; 7; 7; 0; 3848
INTERNAL; 9; 9; 0; 7934; INTERNAL; 8; 8; 0; 7153
INTERNAL; 9; 9; 0; 7934; INTERNAL; 8; 8; 0; 5165
INTERNAL; 8; 8; 0; 5165; INTERNAL; 7; 7; 0; 4983
INTERNAL; 7; 7; 0; 4983; INTERNAL; 6; 6; 0; 4639
INTERNAL; 7; 7; 0; 4983; INTERNAL; 6; 6; 0; 3821
INTERNAL; 8; 8; 0; 5165; INTERNAL; 7; 7; 0; 4546
INTERNAL; 8; 8; 0; 5165; INTERNAL; 7; 7; 0; 4976
INTERNAL; 8; 8; 0; 5165; INTERNAL; 7; 7; 0; 3495
INTERNAL; 7; 7; 0; 3495; INTERNAL; 6; 6; 0; 3750
INTERNAL; 8; 8; 0; 5165; INTERNAL; 7; 7; 0; 5520
INTERNAL; 10; 10; 0; 3312; INTERNAL; 9; 9; 0; 3576
INTERNAL; 11; 11; 0; 3278; INTERNAL; 9; 9; 0; 5206
INTERNAL; 9; 9; 0; 5206; INTERNAL; 8; 8; 0; 2773
INTERNAL; 11; 11; 0; 3278; INTERNAL; 9; 9; 0; 7334
INTERNAL; 9; 9; 0; 7334; INTERNAL; 8; 8; 0; 5056
INTERNAL; 12; 12; 0; 3633; INTERNAL; 11; 11; 0; 4632
INTERNAL; 12; 12; 0; 3633; INTERNAL; 11; 11; 0; 4800
INTERNAL; 16; 19; 3; 5882; INTERNAL; 13; 17; 4; 5829
INTERNAL; 13; 17; 4; 5829; INTERNAL; 10; 16; 6; 5107
INTERNAL; 21; 24; 3; 6200; INTERNAL; 20; 23; 3; 7851
INTERNAL; 21; 24; 3; 6200; INTERNAL; 15; 21; 6; 4300
INTERNAL; 15; 21; 6; 4300; INTERNAL; 11; 20; 9; 6029
INTERNAL; 23; 26; 3; 5272; INTERNAL; 22; 25; 3; 6194
INTERNAL; 22; 25; 3; 6194; INTERNAL; 20; 22; 2; 4042
INTERNAL; 22; 25; 3; 6194; INTERNAL; 20; 22; 2; 2713
INTERNAL; 20; 22; 2; 2713; INTERNAL; 17; 20; 3; 5877
INTERNAL; 17; 20; 3; 5877; INTERNAL; 16; 16; 0; 3517
INTERNAL; 16; 16; 0; 3517; INTERNAL; 12; 13; 1; 2301
INTERNAL; 12; 13; 1; 2301; INTERNAL; 9; 12; 3; 6210
INTERNAL; 16; 16; 0; 3517; INTERNAL; 15; 15; 0; 5075
INTERNAL; 15; 15; 0; 5075; INTERNAL; 13; 13; 0; 7455
INTERNAL; 15; 15; 0; 5075; INTERNAL; 12; 13; 1; 2860
INTERNAL; 12; 13; 1; 2860; INTERNAL; 9; 12; 3; 7397
INTERNAL; 15; 15; 0; 5075; INTERNAL; 14; 14; 0; 4555
INTERNAL; 14; 14; 0; 4555; INTERNAL; 11; 11; 0; 6836
INTERNAL; 14; 14; 0; 4555; INTERNAL; 12; 12; 0; 2443
INTERNAL; 12; 12; 0; 2443; INTERNAL; 11; 11; 0; 6813
INTERNAL; 11; 11; 0; 6813; INTERNAL; 9; 10; 1; 3344
INTERNAL; 12; 12; 0; 2443; INTERNAL; 11; 11; 0; 3573
INTERNAL; 14; 14; 0; 4555; INTERNAL; 13; 13; 0; 2207
INTERNAL; 13; 13; 0; 2207; INTERNAL; 11; 12; 1; 4431
INTERNAL; 11; 12; 1; 4431; INTERNAL; 10; 11; 1; 2340
INTERNAL; 13; 13; 0; 2207; INTERNAL; 12; 12; 0; 2385
INTERNAL; 14; 14; 0; 4555; INTERNAL; 10; 11; 1; 3937
INTERNAL; 10; 11; 1; 3937; INTERNAL; 8; 10; 2; 2463
INTERNAL; 14; 14; 0; 4555; INTERNAL; 12; 13; 1; 2387
INTERNAL; 14; 14; 0; 4555; INTERNAL; 12; 12; 0; 2795
INTERNAL; 12; 12; 0; 2795; INTERNAL; 11; 11; 0; 6768
INTERNAL; 11; 11; 0; 6768; INTERNAL; 10; 10; 0; 2934
INTERNAL; 10; 10; 0; 2934; INTERNAL; 8; 9; 1; 5091
INTERNAL; 11; 11; 0; 6768; INTERNAL; 10; 10; 0; 6066
INTERNAL; 12; 12; 0; 2795; INTERNAL; 11; 11; 0; 2847
INTERNAL; 11; 11; 0; 2847; INTERNAL; 10; 10; 0; 4098
INTERNAL; 11; 11; 0; 2847; INTERNAL; 9; 10; 1; 4217
INTERNAL; 9; 10; 1; 4217; INTERNAL; 8; 9; 1; 4172
INTERNAL; 12; 12; 0; 2795; INTERNAL; 11; 11; 0; 4600
INTERNAL; 12; 12; 0; 2795; INTERNAL; 11; 11; 0; 3512
INTERNAL; 11; 11; 0; 3512; INTERNAL; 10; 10; 0; 4483
INTERNAL; 10; 10; 0; 4483; INTERNAL; 9; 9; 0; 3856
INTERNAL; 9; 9; 0; 3856; INTERNAL; 7; 8; 1; 5838
INTERNAL; 11; 11; 0; 3512; INTERNAL; 10; 10; 0; 3164
INTERNAL; 10; 10; 0; 3164; INTERNAL; 9; 9; 0; 3062
INTERNAL; 9; 9; 0; 3062; INTERNAL; 8; 8; 0; 6884
INTERNAL; 10; 10; 0; 3164; INTERNAL; 8; 8; 0; 2695
INTERNAL; 8; 8; 0; 2695; INTERNAL; 7; 7; 0; 5341
INTERNAL; 10; 10; 0; 3164; INTERNAL; 9; 9; 0; 6910
INTERNAL; 9; 9; 0; 6910; INTERNAL; 7; 7; 0; 4462
INTERNAL; 9; 9; 0; 6910; INTERNAL; 8; 8; 0; 3085
INTERNAL; 8; 8; 0; 3085; INTERNAL; 7; 7; 0; 5145
INTERNAL; 9; 9; 0; 6910; INTERNAL; 8; 8; 0; 2671
INTERNAL; 8; 8; 0; 2671; INTERNAL; 7; 7; 0; 5141
INTERNAL; 9; 9; 0; 6910; INTERNAL; 8; 8; 0; 4386
INTERNAL; 8; 8; 0; 4386; INTERNAL; 7; 7; 0; 3195
INTERNAL; 8; 8; 0; 4386; INTERNAL; 7; 7; 0; 3346
INTERNAL; 7; 7; 0; 3346; INTERNAL; 6; 6; 0; 3099
INTERNAL; 7; 7; 0; 3346; INTERNAL; 6; 6; 0; 4052
INTERNAL; 8; 8; 0; 4386; INTERNAL; 7; 7; 0; 3125
INTERNAL; 9; 9; 0; 6910; INTERNAL; 7; 8; 1; 5043
INTERNAL; 9; 9; 0; 6910; INTERNAL; 8; 8; 0; 3069
INTERNAL; 10; 10; 0; 3164; INTERNAL; 9; 9; 0; 2429
INTERNAL; 9; 9; 0; 2429; INTERNAL; 8; 8; 0; 4435
INTERNAL; 9; 9; 0; 2429; INTERNAL; 8; 8; 0; 3275
INTERNAL; 8; 8; 0; 3275; INTERNAL; 7; 7; 0; 4624
INTERNAL; 9; 9; 0; 2429; INTERNAL; 8; 8; 0; 4973
INTERNAL; 10; 10; 0; 3164; INTERNAL; 9; 9; 0; 3960
INTERNAL; 11; 11; 0; 3512; INTERNAL; 10; 10; 0; 3726
INTERNAL; 10; 10; 0; 3726; INTERNAL; 9; 9; 0; 3910
INTERNAL; 10; 10; 0; 3726; INTERNAL; 9; 9; 0; 2038
INTERNAL; 9; 9; 0; 2038; INTERNAL; 8; 8; 0; 3710
INTERNAL; 11; 11; 0; 3512; INTERNAL; 10; 10; 0; 3075
INTERNAL; 10; 10; 0; 3075; INTERNAL; 9; 9; 0; 5884
INTERNAL; 10; 10; 0; 3075; INTERNAL; 9; 9; 0; 4450
INTERNAL; 11; 11; 0; 3512; INTERNAL; 9; 9; 0; 4589
INTERNAL; 9; 9; 0; 4589; INTERNAL; 8; 8; 0; 5267
INTERNAL; 11; 11; 0; 3512; INTERNAL; 9; 10; 1; 4403
INTERNAL; 12; 12; 0; 2795; INTERNAL; 10; 11; 1; 4437
INTERNAL; 12; 12; 0; 2795; INTERNAL; 11; 11; 0; 2291
INTERNAL; 15; 15; 0; 5075; INTERNAL; 13; 14; 1; 2310
INTERNAL; 16; 16; 0; 3517; INTERNAL; 13; 13; 0; 6465
INTERNAL; 17; 20; 3; 5877; INTERNAL; 14; 16; 2; 7092
INTERNAL; 17; 20; 3; 5877; INTERNAL; 14; 18; 4; 3536
INTERNAL; 14; 18; 4; 3536; INTERNAL; 9; 17; 8; 4830
INTERNAL; 17; 20; 3; 5877; INTERNAL; 13; 16; 3; 6221
INTERNAL; 13; 16; 3; 6221; INTERNAL; 10; 15; 5; 5367
INTERNAL; 17; 20; 3; 5877; INTERNAL; 16; 18; 2; 5616
INTERNAL; 20; 22; 2; 2713; INTERNAL; 15; 20; 5; 3857
INTERNAL; 15; 20; 5; 3857; INTERNAL; 11; 19; 8; 5966
INTERNAL; 20; 22; 2; 2713; INTERNAL; 15; 20; 5; 6870
INTERNAL; 15; 20; 5; 6870; INTERNAL; 9; 19; 10; 5968
INTERNAL; 20; 22; 2; 2713; INTERNAL; 17; 20; 3; 7736
INTERNAL; 20; 22; 2; 2713; INTERNAL; 19; 20; 1; 5879
INTERNAL; 22; 25; 3; 6194; INTERNAL; 21; 24; 3; 6031
INTERNAL; 22; 25; 3; 6194; INTERNAL; 17; 24; 7; 7603
INTERNAL; 17; 24; 7; 7603; INTERNAL; 2; 5; 3; 2241
INTERNAL; 2; 5; 3; 2241; INPUT; 1; 4; 3; 4852
INTERNAL; 2; 5; 3; 2241; INPUT; 1; 4; 3; 2858
INTERNAL; 17; 24; 7; 7603; INTERNAL; 2; 6; 4; 1924
INTERNAL; 22; 25; 3; 6194; INTERNAL; 16; 22; 6; 5947
INTERNAL; 16; 22; 6; 5947; INTERNAL; 10; 21; 11; 7861
INTERNAL; 27; 27; 0; 5574; INTERNAL; 23; 26; 3; 3791
INTERNAL; 27; 27; 0; 5574; INTERNAL; 23; 26; 3; 4235
INTERNAL; 27; 27; 0; 5574; INTERNAL; 22; 25; 3; 4232
INTERNAL; 27; 27; 0; 5574; INTERNAL; 26; 26; 0; 4191
INTERNAL; 26; 26; 0; 4191; INTERNAL; 22; 24; 2; 5836
INTERNAL; 22; 24; 2; 5836; INTERNAL; 21; 23; 2; 5972
INTERNAL; 21; 23; 2; 5972; INTERNAL; 16; 21; 5; 4034
INTERNAL; 16; 21; 5; 4034; INTERNAL; 10; 20; 10; 6306
INTERNAL; 21; 23; 2; 5972; INTERNAL; 18; 21; 3; 6460
INTERNAL; 21; 23; 2; 5972; INTERNAL; 18; 21; 3; 5872
INTERNAL; 18; 21; 3; 5872; INTERNAL; 16; 17; 1; 1779
INTERNAL; 16; 17; 1; 1779; INTERNAL; 15; 15; 0; 4666
INTERNAL; 15; 15; 0; 4666; INTERNAL; 14; 14; 0; 2922
INTERNAL; 16; 17; 1; 1779; INTERNAL; 15; 15; 0; 6248
INTERNAL; 15; 15; 0; 6248; INTERNAL; 12; 14; 2; 2322
INTERNAL; 12; 14; 2; 2322; INTERNAL; 10; 13; 3; 2231
INTERNAL; 15; 15; 0; 6248; INTERNAL; 14; 14; 0; 4867
INTERNAL; 16; 17; 1; 1779; INTERNAL; 15; 15; 0; 2925
INTERNAL; 16; 17; 1; 1779; INTERNAL; 13; 15; 2; 4790
INTERNAL; 13; 15; 2; 4790; INTERNAL; 10; 14; 4; 2228
INTERNAL; 13; 15; 2; 4790; INTERNAL; 12; 14; 2; 2230
INTERNAL; 16; 17; 1; 1779; INTERNAL; 15; 15; 0; 2312
INTERNAL; 15; 15; 0; 2312; INTERNAL; 13; 14; 1; 3592
INTERNAL; 15; 15; 0; 2312; INTERNAL; 12; 12; 0; 4454
INTERNAL; 12; 12; 0; 4454; INTERNAL; 9; 11; 2; 3774
INTERNAL; 15; 15; 0; 2312; INTERNAL; 14; 14; 0; 3113
INTERNAL; 15; 15; 0; 2312; INTERNAL; 12; 14; 2; 4010
INTERNAL; 12; 14; 2; 4010; INTERNAL; 10; 13; 3; 2336
INTERNAL; 15; 15; 0; 2312; INTERNAL; 14; 14; 0; 5742
INTERNAL; 14; 14; 0; 5742; INTERNAL; 11; 12; 1; 6730
INTERNAL; 11; 12; 1; 6730; INTERNAL; 10; 11; 1; 3845
INTERNAL; 14; 14; 0; 5742; INTERNAL; 13; 13; 0; 4468
INTERNAL; 13; 13; 0; 4468; INTERNAL; 11; 12; 1; 3788
INTERNAL; 11; 12; 1; 3788; INTERNAL; 10; 10; 0; 3008
INTERNAL; 10; 10; 0; 3008; INTERNAL; 8; 9; 1; 3005
INTERNAL; 11; 12; 1; 3788; INTERNAL; 10; 10; 0; 4288
INTERNAL; 13; 13; 0; 4468; INTERNAL; 12; 12; 0; 4459
INTERNAL; 12; 12; 0; 4459; INTERNAL; 10; 11; 1; 4998
INTERNAL; 12; 12; 0; 4459; INTERNAL; 10; 11; 1; 3313
INTERNAL; 10; 11; 1; 3313; INTERNAL; 9; 10; 1; 2920
INTERNAL; 9; 10; 1; 2920; INTERNAL; 8; 9; 1; 3991
INTERNAL; 12; 12; 0; 4459; INTERNAL; 11; 11; 0; 5309
INTERNAL; 12; 12; 0; 4459; INTERNAL; 9; 9; 0; 5306
INTERNAL; 9; 9; 0; 5306; INTERNAL; 8; 8; 0; 3731
INTERNAL; 12; 12; 0; 4459; INTERNAL; 11; 11; 0; 5235
INTERNAL; 11; 11; 0; 5235; INTERNAL; 9; 9; 0; 5052
INTERNAL; 9; 9; 0; 5052; INTERNAL; 8; 8; 0; 5339
INTERNAL; 11; 11; 0; 5235; INTERNAL; 9; 10; 1; 5523
INTERNAL; 9; 10; 1; 5523; INTERNAL; 8; 8; 0; 7905
INTERNAL; 8; 8; 0; 7905; INTERNAL; 7; 7; 0; 3913
INTERNAL; 11; 11; 0; 5235; INTERNAL; 10; 10; 0; 4087
INTERNAL; 10; 10; 0; 4087; INTERNAL; 8; 8; 0; 4946
INTERNAL; 8; 8; 0; 4946; INTERNAL; 7; 7; 0; 5027
INTERNAL; 10; 10; 0; 4087; INTERNAL; 9; 9; 0; 5161
INTERNAL; 9; 9; 0; 5161; INTERNAL; 8; 8; 0; 5229
INTERNAL; 8; 8; 0; 5229; INTERNAL; 7; 7; 0; 5873
INTERNAL; 10; 10; 0; 4087; INTERNAL; 9; 9; 0; 5322
INTERNAL; 9; 9; 0; 5322; INTERNAL; 8; 8; 0; 5232
INTERNAL; 8; 8; 0; 5232; INTERNAL; 7; 7; 0; 4440
INTERNAL; 9; 9; 0; 5322; INTERNAL; 8; 8; 0; 1869
INTERNAL; 8; 8; 0; 1869; INTERNAL; 7; 7; 0; 5333
INTERNAL; 8; 8; 0; 1869; INTERNAL; 7; 7; 0; 5191
INTERNAL; 8; 8; 0; 1869; INTERNAL; 7; 7; 0; 4220
INTERNAL; 7; 7; 0; 4220; INTERNAL; 6; 6; 0; 5338
INTERNAL; 7; 7; 0; 4220; INTERNAL; 6; 6; 0; 3875
INTERNAL; 9; 9; 0; 5322; INTERNAL; 8; 8; 0; 3825
INTERNAL; 8; 8; 0; 3825; INTERNAL; 7; 7; 0; 6949
INTERNAL; 10; 10; 0; 4087; INTERNAL; 8; 8; 0; 4874
INTERNAL; 8; 8; 0; 4874; INTERNAL; 7; 7; 0; 3547
INTERNAL; 10; 10; 0; 4087; INTERNAL; 9; 9; 0; 5166
INTERNAL; 11; 11; 0; 5235; INTERNAL; 9; 10; 1; 2554
INTERNAL; 11; 11; 0; 5235; INTERNAL; 9; 9; 0; 2112
INTERNAL; 12; 12; 0; 4459; INTERNAL; 11; 11; 0; 3978
INTERNAL; 13; 13; 0; 4468; INTERNAL; 12; 12; 0; 4025
INTERNAL; 13; 13; 0; 4468; INTERNAL; 11; 11; 0; 4480
INTERNAL; 11; 11; 0; 4480; INTERNAL; 9; 10; 1; 4712
INTERNAL; 13; 13; 0; 4468; INTERNAL; 10; 11; 1; 5859
INTERNAL; 10; 11; 1; 5859; INTERNAL; 8; 10; 2; 2815
INTERNAL; 13; 13; 0; 4468; INTERNAL; 11; 11; 0; 4059
INTERNAL; 14; 14; 0; 5742; INTERNAL; 13; 13; 0; 3233
INTERNAL; 13; 13; 0; 3233; INTERNAL; 12; 12; 0; 2495
INTERNAL; 13; 13; 0; 3233; INTERNAL; 12; 12; 0; 3539
INTERNAL; 12; 12; 0; 3539; INTERNAL; 9; 11; 2; 2459
INTERNAL; 14; 14; 0; 5742; INTERNAL; 13; 13; 0; 2445
INTERNAL; 14; 14; 0; 5742; INTERNAL; 12; 12; 0; 2814
INTERNAL; 18; 21; 3; 5872; INTERNAL; 17; 17; 0; 4424
INTERNAL; 18; 21; 3; 5872; INTERNAL; 14; 17; 3; 2330
INTERNAL; 14; 17; 3; 2330; INTERNAL; 13; 16; 3; 5369
INTERNAL; 14; 17; 3; 2330; INTERNAL; 9; 16; 7; 5370
INTERNAL; 18; 21; 3; 5872; INTERNAL; 15; 19; 4; 5826
INTERNAL; 15; 19; 4; 5826; INTERNAL; 9; 18; 9; 5238
INTERNAL; 15; 19; 4; 5826; INTERNAL; 14; 18; 4; 7155
INTERNAL; 18; 21; 3; 5872; INTERNAL; 17; 19; 2; 2146
INTERNAL; 21; 23; 2; 5972; INTERNAL; 16; 21; 5; 6134
INTERNAL; 16; 21; 5; 6134; INTERNAL; 10; 20; 10; 5969
INTERNAL; 21; 23; 2; 5972; INTERNAL; 20; 21; 1; 3899
INTERNAL; 22; 24; 2; 5836; INTERNAL; 17; 23; 6; 5975
INTERNAL; 17; 23; 6; 5975; INTERNAL; 2; 5; 3; 4221
INTERNAL; 22; 24; 2; 5836; INTERNAL; 21; 23; 2; 2299
INTERNAL; 26; 26; 0; 4191; INTERNAL; 23; 25; 2; 3488
INTERNAL; 23; 25; 2; 3488; INTERNAL; 17; 23; 6; 5469
INTERNAL; 17; 23; 6; 5469; INTERNAL; 2; 5; 3; 2405
INTERNAL; 2; 5; 3; 2405; INPUT; 1; 4; 3; 5458
INTERNAL; 2; 5; 3; 2405; INPUT; 1; 4; 3; 5569
INTERNAL; 17; 23; 6; 5469; INTERNAL; 2; 6; 4; 5456
INTERNAL; 23; 25; 2; 3488; INTERNAL; 20; 23; 3; 5137
INTERNAL; 20; 23; 3; 5137; INTERNAL; 16; 22; 6; 5868
INTERNAL; 16; 22; 6; 5868; INTERNAL; 10; 21; 11; 3881
INTERNAL; 10; 21; 11; 3881; INTERNAL; 2; 6; 4; 3584
INTERNAL; 20; 23; 3; 5137; INTERNAL; 19; 22; 3; 7725
INTERNAL; 19; 22; 3; 7725; INTERNAL; 18; 20; 2; 5820
INTERNAL; 19; 22; 3; 7725; INTERNAL; 15; 20; 5; 5823
INTERNAL; 15; 20; 5; 5823; INTERNAL; 11; 19; 8; 2885
INTERNAL; 19; 22; 3; 7725; INTERNAL; 14; 18; 4; 3184
INTERNAL; 14; 18; 4; 3184; INTERNAL; 9; 17; 8; 5372
INTERNAL; 19; 22; 3; 7725; INTERNAL; 18; 18; 0; 2145
INTERNAL; 19; 22; 3; 7725; INTERNAL; 18; 18; 0; 1780
INTERNAL; 18; 18; 0; 1780; INTERNAL; 17; 17; 0; 6563
INTERNAL; 17; 17; 0; 6563; INTERNAL; 16; 16; 0; 6347
INTERNAL; 16; 16; 0; 6347; INTERNAL; 14; 15; 1; 6174
INTERNAL; 14; 15; 1; 6174; INTERNAL; 12; 13; 1; 2721
INTERNAL; 12; 13; 1; 2721; INTERNAL; 10; 12; 2; 2456
INTERNAL; 16; 16; 0; 6347; INTERNAL; 15; 15; 0; 6555
INTERNAL; 15; 15; 0; 6555; INTERNAL; 14; 14; 0; 4361
INTERNAL; 14; 14; 0; 4361; INTERNAL; 11; 12; 1; 5032
INTERNAL; 11; 12; 1; 5032; INTERNAL; 10; 11; 1; 5017
INTERNAL; 14; 14; 0; 4361; INTERNAL; 13; 13; 0; 2864
INTERNAL; 13; 13; 0; 2864; INTERNAL; 12; 12; 0; 2576
INTERNAL; 12; 12; 0; 2576; INTERNAL; 9; 11; 2; 2994
INTERNAL; 13; 13; 0; 2864; INTERNAL; 12; 12; 0; 4113
INTERNAL; 14; 14; 0; 4361; INTERNAL; 13; 13; 0; 2220
INTERNAL; 13; 13; 0; 2220; INTERNAL; 11; 12; 1; 2420
INTERNAL; 11; 12; 1; 2420; INTERNAL; 9; 11; 2; 2502
INTERNAL; 13; 13; 0; 2220; INTERNAL; 11; 11; 0; 2569
INTERNAL; 11; 11; 0; 2569; INTERNAL; 10; 10; 0; 2564
INTERNAL; 11; 11; 0; 2569; INTERNAL; 10; 10; 0; 4570
INTERNAL; 11; 11; 0; 2569; INTERNAL; 10; 10; 0; 3755
INTERNAL; 13; 13; 0; 2220; INTERNAL; 12; 12; 0; 2685
INTERNAL; 12; 12; 0; 2685; INTERNAL; 11; 11; 0; 4553
INTERNAL; 11; 11; 0; 4553; INTERNAL; 10; 10; 0; 2057
INTERNAL; 10; 10; 0; 2057; INTERNAL; 8; 9; 1; 2732
INTERNAL; 12; 12; 0; 2685; INTERNAL; 10; 10; 0; 3629
INTERNAL; 10; 10; 0; 3629; INTERNAL; 9; 9; 0; 7003
INTERNAL; 9; 9; 0; 7003; INTERNAL; 8; 8; 0; 2505
INTERNAL; 12; 12; 0; 2685; INTERNAL; 11; 11; 0; 3693
INTERNAL; 12; 12; 0; 2685; INTERNAL; 10; 10; 0; 5314
INTERNAL; 10; 10; 0; 5314; INTERNAL; 9; 9; 0; 4298
INTERNAL; 12; 12; 0; 2685; INTERNAL; 10; 11; 1; 2667
INTERNAL; 10; 11; 1; 2667; INTERNAL; 9; 9; 0; 7341
INTERNAL; 9; 9; 0; 7341; INTERNAL; 8; 8; 0; 6448
INTERNAL; 12; 12; 0; 2685; INTERNAL; 11; 11; 0; 3015
INTERNAL; 11; 11; 0; 3015; INTERNAL; 10; 10; 0; 7771
INTERNAL; 10; 10; 0; 7771; INTERNAL; 9; 9; 0; 2557
INTERNAL; 10; 10; 0; 7771; INTERNAL; 9; 9; 0; 3760
INTERNAL; 9; 9; 0; 3760; INTERNAL; 8; 8; 0; 2547
INTERNAL; 11; 11; 0; 3015; INTERNAL; 10; 10; 0; 4612
INTERNAL; 11; 11; 0; 3015; INTERNAL; 10; 10; 0; 2873
INTERNAL; 11; 11; 0; 3015; INTERNAL; 10; 10; 0; 5023
INTERNAL; 10; 10; 0; 5023; INTERNAL; 8; 8; 0; 5122
INTERNAL; 8; 8; 0; 5122; INTERNAL; 7; 7; 0; 2518
INTERNAL; 10; 10; 0; 5023; INTERNAL; 9; 9; 0; 5535
INTERNAL; 9; 9; 0; 5535; INTERNAL; 8; 8; 0; 2535
INTERNAL; 8; 8; 0; 2535; INTERNAL; 7; 7; 0; 4320
INTERNAL; 10; 10; 0; 5023; INTERNAL; 9; 9; 0; 3707
INTERNAL; 10; 10; 0; 5023; INTERNAL; 9; 9; 0; 2546
INTERNAL; 9; 9; 0; 2546; INTERNAL; 8; 8; 0; 2528
INTERNAL; 8; 8; 0; 2528; INTERNAL; 7; 7; 0; 3844
INTERNAL; 9; 9; 0; 2546; INTERNAL; 8; 8; 0; 2534
INTERNAL; 8; 8; 0; 2534; INTERNAL; 7; 7; 0; 3996
INTERNAL; 8; 8; 0; 2534; INTERNAL; 7; 7; 0; 5255
INTERNAL; 8; 8; 0; 2534; INTERNAL; 7; 7; 0; 5904
INTERNAL; 7; 7; 0; 5904; INTERNAL; 6; 6; 0; 3386
INTERNAL; 7; 7; 0; 5904; INTERNAL; 6; 6; 0; 2519
INTERNAL; 9; 9; 0; 2546; INTERNAL; 8; 8; 0; 2526
INTERNAL; 8; 8; 0; 2526; INTERNAL; 7; 7; 0; 2524
INTERNAL; 10; 10; 0; 5023; INTERNAL; 8; 8; 0; 2540
INTERNAL; 8; 8; 0; 2540; INTERNAL; 7; 7; 0; 3107
INTERNAL; 11; 11; 0; 3015; INTERNAL; 9; 10; 1; 2559
INTERNAL; 9; 10; 1; 2559; INTERNAL; 8; 8; 0; 2512
INTERNAL; 8; 8; 0; 2512; INTERNAL; 7; 7; 0; 2614
INTERNAL; 11; 11; 0; 3015; INTERNAL; 9; 10; 1; 2563
INTERNAL; 9; 10; 1; 2563; INTERNAL; 8; 8; 0; 4657
INTERNAL; 8; 8; 0; 4657; INTERNAL; 7; 7; 0; 4257
INTERNAL; 13; 13; 0; 2220; INTERNAL; 10; 11; 1; 2046
INTERNAL; 10; 11; 1; 2046; INTERNAL; 8; 10; 2; 2500
INTERNAL; 13; 13; 0; 2220; INTERNAL; 12; 12; 0; 6108
INTERNAL; 14; 14; 0; 4361; INTERNAL; 13; 13; 0; 4241
INTERNAL; 14; 14; 0; 4361; INTERNAL; 12; 12; 0; 2579
INTERNAL; 15; 15; 0; 6555; INTERNAL; 13; 14; 1; 6912
INTERNAL; 13; 14; 1; 6912; INTERNAL; 12; 12; 0; 2446
INTERNAL; 15; 15; 0; 6555; INTERNAL; 14; 14; 0; 4249
INTERNAL; 14; 14; 0; 4249; INTERNAL; 12; 13; 1; 4280
INTERNAL; 12; 13; 1; 4280; INTERNAL; 10; 12; 2; 3372
INTERNAL; 14; 14; 0; 4249; INTERNAL; 13; 13; 0; 5102
INTERNAL; 15; 15; 0; 6555; INTERNAL; 12; 12; 0; 5236
INTERNAL; 12; 12; 0; 5236; INTERNAL; 9; 11; 2; 4185
INTERNAL; 15; 15; 0; 6555; INTERNAL; 14; 14; 0; 5159
INTERNAL; 15; 15; 0; 6555; INTERNAL; 14; 14; 0; 6667
INTERNAL; 16; 16; 0; 6347; INTERNAL; 13; 14; 1; 4024
INTERNAL; 13; 14; 1; 4024; INTERNAL; 12; 13; 1; 3214
INTERNAL; 13; 14; 1; 4024; INTERNAL; 10; 13; 3; 2406
INTERNAL; 16; 16; 0; 6347; INTERNAL; 14; 14; 0; 2754
INTERNAL; 14; 14; 0; 2754; INTERNAL; 13; 13; 0; 4509
INTERNAL; 17; 17; 0; 6563; INTERNAL; 15; 15; 0; 5324
INTERNAL; 17; 17; 0; 6563; INTERNAL; 13; 15; 2; 4011
INTERNAL; 13; 15; 2; 4011; INTERNAL; 10; 14; 4; 4748
INTERNAL; 18; 18; 0; 1780; INTERNAL; 16; 17; 1; 3502
INTERNAL; 16; 17; 1; 3502; INTERNAL; 13; 16; 3; 1868
INTERNAL; 13; 16; 3; 1868; INTERNAL; 10; 15; 5; 6908
INTERNAL; 18; 18; 0; 1780; INTERNAL; 16; 17; 1; 5424
INTERNAL; 18; 18; 0; 1780; INTERNAL; 13; 16; 3; 2313
INTERNAL; 13; 16; 3; 2313; INTERNAL; 10; 15; 5; 2521
INTERNAL; 18; 18; 0; 1780; INTERNAL; 16; 16; 0; 2476
INTERNAL; 20; 23; 3; 5137; INTERNAL; 19; 22; 3; 4633
INTERNAL; 23; 25; 2; 3488; INTERNAL; 19; 21; 2; 5818
INTERNAL; 23; 25; 2; 3488; INTERNAL; 16; 22; 6; 5814
INTERNAL; 16; 22; 6; 5814; INTERNAL; 10; 21; 11; 5865
INTERNAL; 23; 25; 2; 3488; INTERNAL; 20; 21; 1; 5816
INTERNAL; 20; 21; 1; 5816; INTERNAL; 14; 18; 4; 4421
INTERNAL; 14; 18; 4; 4421; INTERNAL; 9; 17; 8; 7847
INTERNAL; 20; 21; 1; 5816; INTERNAL; 18; 18; 0; 2963
INTERNAL; 18; 18; 0; 2963; INTERNAL; 17; 17; 0; 4021
INTERNAL; 20; 21; 1; 5816; INTERNAL; 18; 18; 0; 4627
INTERNAL; 18; 18; 0; 4627; INTERNAL; 17; 17; 0; 6584
INTERNAL; 17; 17; 0; 6584; INTERNAL; 15; 15; 0; 2186
INTERNAL; 17; 17; 0; 6584; INTERNAL; 13; 15; 2; 2647
INTERNAL; 13; 15; 2; 2647; INTERNAL; 10; 14; 4; 5323
INTERNAL; 17; 17; 0; 6584; INTERNAL; 16; 16; 0; 3970
INTERNAL; 16; 16; 0; 3970; INTERNAL; 15; 15; 0; 2225
INTERNAL; 16; 16; 0; 3970; INTERNAL; 13; 15; 2; 7263
INTERNAL; 13; 15; 2; 7263; INTERNAL; 10; 14; 4; 5399
INTERNAL; 17; 17; 0; 6584; INTERNAL; 16; 16; 0; 2188
INTERNAL; 16; 16; 0; 2188; INTERNAL; 15; 15; 0; 6889
INTERNAL; 15; 15; 0; 6889; INTERNAL; 14; 14; 0; 7102
INTERNAL; 14; 14; 0; 7102; INTERNAL; 12; 13; 1; 4112
INTERNAL; 14; 14; 0; 7102; INTERNAL; 13; 13; 0; 6160
INTERNAL; 13; 13; 0; 6160; INTERNAL; 12; 12; 0; 2165
INTERNAL; 13; 13; 0; 6160; INTERNAL; 12; 12; 0; 3448
INTERNAL; 12; 12; 0; 3448; INTERNAL; 9; 11; 2; 2161
INTERNAL; 14; 14; 0; 7102; INTERNAL; 11; 11; 0; 2950
INTERNAL; 11; 11; 0; 2950; INTERNAL; 10; 10; 0; 3219
INTERNAL; 14; 14; 0; 7102; INTERNAL; 13; 13; 0; 7138
INTERNAL; 13; 13; 0; 7138; INTERNAL; 12; 12; 0; 4387
INTERNAL; 12; 12; 0; 4387; INTERNAL; 11; 11; 0; 4545
INTERNAL; 12; 12; 0; 4387; INTERNAL; 11; 11; 0; 4001
INTERNAL; 11; 11; 0; 4001; INTERNAL; 9; 10; 1; 3859
INTERNAL; 13; 13; 0; 7138; INTERNAL; 12; 12; 0; 4631
INTERNAL; 13; 13; 0; 7138; INTERNAL; 11; 12; 1; 2158
INTERNAL; 13; 13; 0; 7138; INTERNAL; 12; 12; 0; 2159
INTERNAL; 12; 12; 0; 2159; INTERNAL; 9; 10; 1; 4078
INTERNAL; 9; 10; 1; 4078; INTERNAL; 8; 9; 1; 2119
INTERNAL; 12; 12; 0; 2159; INTERNAL; 11; 11; 0; 2153
INTERNAL; 11; 11; 0; 2153; INTERNAL; 10; 10; 0; 4960
INTERNAL; 10; 10; 0; 4960; INTERNAL; 8; 9; 1; 2150
INTERNAL; 12; 12; 0; 2159; INTERNAL; 10; 10; 0; 6672
INTERNAL; 10; 10; 0; 6672; INTERNAL; 9; 9; 0; 7592
INTERNAL; 12; 12; 0; 2159; INTERNAL; 11; 11; 0; 4572
INTERNAL; 12; 12; 0; 2159; INTERNAL; 11; 11; 0; 2151
INTERNAL; 11; 11; 0; 2151; INTERNAL; 10; 10; 0; 2350
INTERNAL; 10; 10; 0; 2350; INTERNAL; 9; 9; 0; 3684
INTERNAL; 9; 9; 0; 3684; INTERNAL; 8; 8; 0; 4104
INTERNAL; 8; 8; 0; 4104; INTERNAL; 7; 7; 0; 2144
INTERNAL; 10; 10; 0; 2350; INTERNAL; 9; 9; 0; 2147
INTERNAL; 9; 9; 0; 2147; INTERNAL; 8; 8; 0; 2143
INTERNAL; 8; 8; 0; 2143; INTERNAL; 7; 7; 0; 2140
INTERNAL; 10; 10; 0; 2350; INTERNAL; 9; 9; 0; 2791
INTERNAL; 9; 9; 0; 2791; INTERNAL; 7; 8; 1; 4847
INTERNAL; 10; 10; 0; 2350; INTERNAL; 9; 9; 0; 2149
INTERNAL; 9; 9; 0; 2149; INTERNAL; 8; 8; 0; 2139
INTERNAL; 8; 8; 0; 2139; INTERNAL; 7; 7; 0; 3381
INTERNAL; 8; 8; 0; 2139; INTERNAL; 7; 7; 0; 5821
INTERNAL; 9; 9; 0; 2149; INTERNAL; 8; 8; 0; 2136
INTERNAL; 9; 9; 0; 2149; INTERNAL; 8; 8; 0; 3566
INTERNAL; 8; 8; 0; 3566; INTERNAL; 7; 7; 0; 3515
INTERNAL; 8; 8; 0; 3566; INTERNAL; 7; 7; 0; 2948
INTERNAL; 8; 8; 0; 3566; INTERNAL; 7; 7; 0; 5573
INTERNAL; 7; 7; 0; 5573; INTERNAL; 6; 6; 0; 2844
INTERNAL; 7; 7; 0; 5573; INTERNAL; 6; 6; 0; 2123
INTERNAL; 8; 8; 0; 3566; INTERNAL; 7; 7; 0; 2127
INTERNAL; 9; 9; 0; 2149; INTERNAL; 8; 8; 0; 2418
INTERNAL; 8; 8; 0; 2418; INTERNAL; 7; 7; 0; 5002
INTERNAL; 9; 9; 0; 2149; INTERNAL; 8; 8; 0; 6641
INTERNAL; 8; 8; 0; 6641; INTERNAL; 7; 7; 0; 3378
INTERNAL; 10; 10; 0; 2350; INTERNAL; 9; 9; 0; 2148
INTERNAL; 11; 11; 0; 2151; INTERNAL; 9; 10; 1; 3749
INTERNAL; 9; 10; 1; 3749; INTERNAL; 8; 9; 1; 2120
INTERNAL; 11; 11; 0; 2151; INTERNAL; 9; 9; 0; 2363
INTERNAL; 9; 9; 0; 2363; INTERNAL; 8; 8; 0; 3064
INTERNAL; 11; 11; 0; 2151; INTERNAL; 9; 9; 0; 3456
INTERNAL; 11; 11; 0; 2151; INTERNAL; 10; 10; 0; 2309
INTERNAL; 13; 13; 0; 7138; INTERNAL; 10; 12; 2; 2155
INTERNAL; 10; 12; 2; 2155; INTERNAL; 8; 11; 3; 2117
INTERNAL; 14; 14; 0; 7102; INTERNAL; 13; 13; 0; 3209
INTERNAL; 14; 14; 0; 7102; INTERNAL; 13; 13; 0; 2298
INTERNAL; 13; 13; 0; 2298; INTERNAL; 12; 12; 0; 3941
INTERNAL; 12; 12; 0; 3941; INTERNAL; 9; 11; 2; 2166
INTERNAL; 15; 15; 0; 6889; INTERNAL; 14; 14; 0; 2901
INTERNAL; 14; 14; 0; 2901; INTERNAL; 12; 13; 1; 2977
INTERNAL; 12; 13; 1; 2977; INTERNAL; 10; 12; 2; 2746
INTERNAL; 15; 15; 0; 6889; INTERNAL; 14; 14; 0; 7194
INTERNAL; 14; 14; 0; 7194; INTERNAL; 12; 13; 1; 2451
INTERNAL; 12; 13; 1; 2451; INTERNAL; 10; 12; 2; 2170
INTERNAL; 14; 14; 0; 7194; INTERNAL; 13; 13; 0; 4775
INTERNAL; 15; 15; 0; 6889; INTERNAL; 13; 14; 1; 2542
INTERNAL; 15; 15; 0; 6889; INTERNAL; 14; 14; 0; 4643
INTERNAL; 15; 15; 0; 6889; INTERNAL; 14; 14; 0; 2917
INTERNAL; 16; 16; 0; 2188; INTERNAL; 13; 15; 2; 2877
INTERNAL; 13; 15; 2; 2877; INTERNAL; 10; 14; 4; 3597
INTERNAL; 16; 16; 0; 2188; INTERNAL; 15; 15; 0; 3146
INTERNAL; 16; 16; 0; 2188; INTERNAL; 14; 14; 0; 2552
INTERNAL; 14; 14; 0; 2552; INTERNAL; 13; 13; 0; 5714
INTERNAL; 16; 16; 0; 2188; INTERNAL; 13; 14; 1; 4968
INTERNAL; 13; 14; 1; 4968; INTERNAL; 10; 13; 3; 2115
INTERNAL; 13; 14; 1; 4968; INTERNAL; 12; 13; 1; 2562
INTERNAL; 17; 17; 0; 6584; INTERNAL; 16; 16; 0; 4601
INTERNAL; 18; 18; 0; 4627; INTERNAL; 14; 17; 3; 3540
INTERNAL; 14; 17; 3; 3540; INTERNAL; 9; 16; 7; 2606
INTERNAL; 18; 18; 0; 4627; INTERNAL; 14; 16; 2; 5287
INTERNAL; 14; 16; 2; 5287; INTERNAL; 13; 15; 2; 2094
INTERNAL; 14; 16; 2; 5287; INTERNAL; 9; 15; 6; 3872
INTERNAL; 18; 18; 0; 4627; INTERNAL; 17; 17; 0; 2727
INTERNAL; 17; 17; 0; 2727; INTERNAL; 16; 16; 0; 2190
INTERNAL; 20; 21; 1; 5816; INTERNAL; 19; 19; 0; 1784
INTERNAL; 20; 21; 1; 5816; INTERNAL; 15; 19; 4; 4492
INTERNAL; 15; 19; 4; 4492; INTERNAL; 11; 18; 7; 4417
INTERNAL; 23; 25; 2; 3488; INTERNAL; 22; 23; 1; 2048
INTERNAL; 22; 23; 1; 2048; INTERNAL; 17; 22; 5; 5870
INTERNAL; 17; 22; 5; 5870; INTERNAL; 10; 21; 11; 5971
INTERNAL; 22; 23; 1; 2048; INTERNAL; 21; 22; 1; 5650
INTERNAL; 26; 26; 0; 4191; INTERNAL; 25; 25; 0; 4416
INTERNAL; 25; 25; 0; 4416; INTERNAL; 21; 24; 3; 5224
INTERNAL; 25; 25; 0; 4416; INTERNAL; 23; 24; 1; 3088
INTERNAL; 23; 24; 1; 3088; INTERNAL; 17; 22; 5; 5146
INTERNAL; 17; 22; 5; 5146; INTERNAL; 10; 21; 11; 7587
INTERNAL; 10; 21; 11; 7587; INTERNAL; 2; 5; 3; 5031
INTERNAL; 10; 21; 11; 7587; INTERNAL; 2; 6; 4; 3870
INTERNAL; 23; 24; 1; 3088; INTERNAL; 22; 23; 1; 5808
INTERNAL; 22; 23; 1; 5808; INTERNAL; 21; 22; 1; 5812
INTERNAL; 22; 23; 1; 5808; INTERNAL; 21; 22; 1; 5810
INTERNAL; 21; 22; 1; 5810; INTERNAL; 19; 19; 0; 3290
INTERNAL; 21; 22; 1; 5810; INTERNAL; 20; 20; 0; 3467
INTERNAL; 20; 20; 0; 3467; INTERNAL; 18; 18; 0; 5048
INTERNAL; 18; 18; 0; 5048; INTERNAL; 14; 17; 3; 1933
INTERNAL; 14; 17; 3; 1933; INTERNAL; 9; 16; 7; 3277
INTERNAL; 18; 18; 0; 5048; INTERNAL; 17; 17; 0; 3496
INTERNAL; 20; 20; 0; 3467; INTERNAL; 19; 19; 0; 2835
INTERNAL; 19; 19; 0; 2835; INTERNAL; 18; 18; 0; 2027
INTERNAL; 19; 19; 0; 2835; INTERNAL; 15; 18; 3; 2028
INTERNAL; 15; 18; 3; 2028; INTERNAL; 14; 17; 3; 2026
INTERNAL; 15; 18; 3; 2028; INTERNAL; 9; 17; 8; 2024
INTERNAL; 20; 20; 0; 3467; INTERNAL; 18; 19; 1; 2332
INTERNAL; 20; 20; 0; 3467; INTERNAL; 19; 19; 0; 2033
INTERNAL; 19; 19; 0; 2033; INTERNAL; 18; 18; 0; 3906
INTERNAL; 18; 18; 0; 3906; INTERNAL; 17; 17; 0; 2022
INTERNAL; 18; 18; 0; 3906; INTERNAL; 14; 17; 3; 7020
INTERNAL; 14; 17; 3; 7020; INTERNAL; 9; 16; 7; 4130
INTERNAL; 19; 19; 0; 2033; INTERNAL; 18; 18; 0; 7372
INTERNAL; 19; 19; 0; 2033; INTERNAL; 18; 18; 0; 2550
INTERNAL; 18; 18; 0; 2550; INTERNAL; 16; 16; 0; 2866
INTERNAL; 18; 18; 0; 2550; INTERNAL; 16; 17; 1; 4939
INTERNAL; 18; 18; 0; 2550; INTERNAL; 14; 15; 1; 2019
INTERNAL; 14; 15; 1; 2019; INTERNAL; 9; 14; 5; 3718
INTERNAL; 14; 15; 1; 2019; INTERNAL; 13; 14; 1; 1940
INTERNAL; 18; 18; 0; 2550; INTERNAL; 14; 16; 2; 2021
INTERNAL; 14; 16; 2; 2021; INTERNAL; 9; 15; 6; 1942
INTERNAL; 18; 18; 0; 2550; INTERNAL; 17; 17; 0; 2020
INTERNAL; 17; 17; 0; 2020; INTERNAL; 15; 15; 0; 2007
INTERNAL; 17; 17; 0; 2020; INTERNAL; 16; 16; 0; 3009
INTERNAL; 16; 16; 0; 3009; INTERNAL; 15; 15; 0; 5199
INTERNAL; 15; 15; 0; 5199; INTERNAL; 13; 14; 1; 2004
INTERNAL; 13; 14; 1; 2004; INTERNAL; 10; 13; 3; 5608
INTERNAL; 16; 16; 0; 3009; INTERNAL; 13; 14; 1; 2005
INTERNAL; 13; 14; 1; 2005; INTERNAL; 10; 13; 3; 4304
INTERNAL; 13; 14; 1; 2005; INTERNAL; 12; 13; 1; 1950
INTERNAL; 16; 16; 0; 3009; INTERNAL; 15; 15; 0; 2006
INTERNAL; 16; 16; 0; 3009; INTERNAL; 15; 15; 0; 6691
INTERNAL; 15; 15; 0; 6691; INTERNAL; 12; 13; 1; 3388
INTERNAL; 12; 13; 1; 3388; INTERNAL; 10; 12; 2; 2513
INTERNAL; 15; 15; 0; 6691; INTERNAL; 14; 14; 0; 2537
INTERNAL; 14; 14; 0; 2537; INTERNAL; 12; 13; 1; 4583
INTERNAL; 12; 13; 1; 4583; INTERNAL; 10; 12; 2; 1998
INTERNAL; 15; 15; 0; 6691; INTERNAL; 14; 14; 0; 4993
INTERNAL; 15; 15; 0; 6691; INTERNAL; 14; 14; 0; 2003
INTERNAL; 14; 14; 0; 2003; INTERNAL; 13; 13; 0; 1996
INTERNAL; 14; 14; 0; 2003; INTERNAL; 13; 13; 0; 4164
INTERNAL; 13; 13; 0; 4164; INTERNAL; 12; 12; 0; 5014
INTERNAL; 12; 12; 0; 5014; INTERNAL; 11; 11; 0; 1990
INTERNAL; 11; 11; 0; 1990; INTERNAL; 10; 10; 0; 4690
INTERNAL; 13; 13; 0; 4164; INTERNAL; 11; 11; 0; 1992
INTERNAL; 11; 11; 0; 1992; INTERNAL; 9; 10; 1; 1954
INTERNAL; 13; 13; 0; 4164; INTERNAL; 12; 12; 0; 1993
INTERNAL; 12; 12; 0; 1993; INTERNAL; 11; 11; 0; 1977
INTERNAL; 11; 11; 0; 1977; INTERNAL; 10; 10; 0; 2195
INTERNAL; 10; 10; 0; 2195; INTERNAL; 8; 9; 1; 3156
INTERNAL; 11; 11; 0; 1977; INTERNAL; 10; 10; 0; 1975
INTERNAL; 12; 12; 0; 1993; INTERNAL; 10; 11; 1; 3094
INTERNAL; 10; 11; 1; 3094; INTERNAL; 9; 9; 0; 2907
INTERNAL; 9; 9; 0; 2907; INTERNAL; 8; 8; 0; 2101
INTERNAL; 12; 12; 0; 1993; INTERNAL; 11; 11; 0; 1988
INTERNAL; 12; 12; 0; 1993; INTERNAL; 10; 11; 1; 6412
INTERNAL; 10; 11; 1; 6412; INTERNAL; 8; 10; 2; 3500
INTERNAL; 12; 12; 0; 1993; INTERNAL; 11; 11; 0; 6138
INTERNAL; 11; 11; 0; 6138; INTERNAL; 10; 10; 0; 7651
INTERNAL; 11; 11; 0; 6138; INTERNAL; 9; 9; 0; 3583
INTERNAL; 9; 9; 0; 3583; INTERNAL; 8; 8; 0; 5204
INTERNAL; 11; 11; 0; 6138; INTERNAL; 10; 10; 0; 3847
INTERNAL; 10; 10; 0; 3847; INTERNAL; 9; 9; 0; 3550
INTERNAL; 9; 9; 0; 3550; INTERNAL; 8; 8; 0; 3246
INTERNAL; 11; 11; 0; 6138; INTERNAL; 10; 10; 0; 6464
INTERNAL; 10; 10; 0; 6464; INTERNAL; 9; 9; 0; 1971
INTERNAL; 10; 10; 0; 6464; INTERNAL; 9; 9; 0; 4787
INTERNAL; 9; 9; 0; 4787; INTERNAL; 7; 8; 1; 3213
INTERNAL; 10; 10; 0; 6464; INTERNAL; 9; 9; 0; 1857
INTERNAL; 9; 9; 0; 1857; INTERNAL; 8; 8; 0; 3744
INTERNAL; 8; 8; 0; 3744; INTERNAL; 7; 7; 0; 2692
INTERNAL; 8; 8; 0; 3744; INTERNAL; 7; 7; 0; 4329
INTERNAL; 8; 8; 0; 3744; INTERNAL; 7; 7; 0; 2590
INTERNAL; 7; 7; 0; 2590; INTERNAL; 6; 6; 0; 3838
INTERNAL; 7; 7; 0; 2590; INTERNAL; 6; 6; 0; 1958
INTERNAL; 8; 8; 0; 3744; INTERNAL; 7; 7; 0; 3317
INTERNAL; 8; 8; 0; 3744; INTERNAL; 7; 7; 0; 2015
INTERNAL; 9; 9; 0; 1857; INTERNAL; 8; 8; 0; 3659
INTERNAL; 8; 8; 0; 3659; INTERNAL; 7; 7; 0; 1966
INTERNAL; 9; 9; 0; 1857; INTERNAL; 8; 8; 0; 1968
INTERNAL; 8; 8; 0; 1968; INTERNAL; 7; 7; 0; 3775
INTERNAL; 8; 8; 0; 1968; INTERNAL; 7; 7; 0; 1964
INTERNAL; 8; 8; 0; 1968; INTERNAL; 7; 7; 0; 1962
INTERNAL; 9; 9; 0; 1857; INTERNAL; 8; 8; 0; 4667
INTERNAL; 9; 9; 0; 1857; INTERNAL; 8; 8; 0; 3605
INTERNAL; 10; 10; 0; 6464; INTERNAL; 9; 9; 0; 3986
INTERNAL; 9; 9; 0; 3986; INTERNAL; 8; 8; 0; 3792
INTERNAL; 9; 9; 0; 3986; INTERNAL; 8; 8; 0; 2323
INTERNAL; 8; 8; 0; 2323; INTERNAL; 7; 7; 0; 6273
INTERNAL; 9; 9; 0; 3986; INTERNAL; 8; 8; 0; 1970
INTERNAL; 10; 10; 0; 6464; INTERNAL; 9; 9; 0; 2450
INTERNAL; 11; 11; 0; 6138; INTERNAL; 9; 9; 0; 2325
INTERNAL; 11; 11; 0; 6138; INTERNAL; 10; 10; 0; 3221
INTERNAL; 12; 12; 0; 1993; INTERNAL; 11; 11; 0; 4294
INTERNAL; 13; 13; 0; 4164; INTERNAL; 12; 12; 0; 5337
INTERNAL; 13; 13; 0; 4164; INTERNAL; 11; 11; 0; 1865
INTERNAL; 14; 14; 0; 2003; INTERNAL; 12; 13; 1; 2675
INTERNAL; 12; 13; 1; 2675; INTERNAL; 9; 12; 3; 6274
INTERNAL; 14; 14; 0; 2003; INTERNAL; 12; 13; 1; 4125
INTERNAL; 14; 14; 0; 2003; INTERNAL; 12; 13; 1; 6666
INTERNAL; 12; 13; 1; 6666; INTERNAL; 9; 12; 3; 2107
INTERNAL; 15; 15; 0; 6691; INTERNAL; 13; 13; 0; 3889
INTERNAL; 13; 13; 0; 3889; INTERNAL; 12; 12; 0; 3431
INTERNAL; 16; 16; 0; 3009; INTERNAL; 14; 14; 0; 4319
INTERNAL; 17; 17; 0; 2020; INTERNAL; 14; 15; 1; 2013
INTERNAL; 14; 15; 1; 2013; INTERNAL; 13; 14; 1; 4402
INTERNAL; 13; 14; 1; 4402; INTERNAL; 10; 13; 3; 1947
INTERNAL; 17; 17; 0; 2020; INTERNAL; 15; 16; 1; 2998
INTERNAL; 17; 17; 0; 2020; INTERNAL; 13; 14; 1; 2011
INTERNAL; 13; 14; 1; 2011; INTERNAL; 10; 13; 3; 1946
INTERNAL; 20; 20; 0; 3467; INTERNAL; 19; 19; 0; 6881
INTERNAL; 21; 22; 1; 5810; INTERNAL; 16; 20; 4; 4879
INTERNAL; 16; 20; 4; 4879; INTERNAL; 10; 19; 9; 5375
INTERNAL; 21; 22; 1; 5810; INTERNAL; 20; 20; 0; 2331
INTERNAL; 21; 22; 1; 5810; INTERNAL; 15; 19; 4; 5895
INTERNAL; 15; 19; 4; 5895; INTERNAL; 9; 18; 9; 2077
INTERNAL; 22; 23; 1; 5808; INTERNAL; 17; 22; 5; 5813
INTERNAL; 23; 24; 1; 3088; INTERNAL; 21; 21; 0; 3724
INTERNAL; 21; 21; 0; 3724; INTERNAL; 16; 20; 4; 3769
INTERNAL; 16; 20; 4; 3769; INTERNAL; 10; 19; 9; 1816
INTERNAL; 21; 21; 0; 3724; INTERNAL; 20; 20; 0; 4389
INTERNAL; 21; 21; 0; 3724; INTERNAL; 20; 20; 0; 4368
INTERNAL; 20; 20; 0; 4368; INTERNAL; 19; 19; 0; 3897
INTERNAL; 19; 19; 0; 3897; INTERNAL; 18; 18; 0; 1927
INTERNAL; 18; 18; 0; 1927; INTERNAL; 17; 17; 0; 3953
INTERNAL; 18; 18; 0; 1927; INTERNAL; 15; 17; 2; 5248
INTERNAL; 15; 17; 2; 5248; INTERNAL; 9; 16; 7; 1925
INTERNAL; 15; 17; 2; 5248; INTERNAL; 14; 16; 2; 3006
INTERNAL; 19; 19; 0; 3897; INTERNAL; 14; 17; 3; 6965
INTERNAL; 14; 17; 3; 6965; INTERNAL; 9; 16; 7; 4585
INTERNAL; 19; 19; 0; 3897; INTERNAL; 17; 17; 0; 5303
INTERNAL; 17; 17; 0; 5303; INTERNAL; 16; 16; 0; 1911
INTERNAL; 17; 17; 0; 5303; INTERNAL; 16; 16; 0; 7235
INTERNAL; 17; 17; 0; 5303; INTERNAL; 16; 16; 0; 6421
INTERNAL; 19; 19; 0; 3897; INTERNAL; 18; 18; 0; 3132
INTERNAL; 19; 19; 0; 3897; INTERNAL; 18; 18; 0; 5125
INTERNAL; 18; 18; 0; 5125; INTERNAL; 16; 16; 0; 3351
INTERNAL; 16; 16; 0; 3351; INTERNAL; 15; 15; 0; 3839
INTERNAL; 18; 18; 0; 5125; INTERNAL; 14; 16; 2; 5060
INTERNAL; 14; 16; 2; 5060; INTERNAL; 9; 15; 6; 7701
INTERNAL; 18; 18; 0; 5125; INTERNAL; 14; 16; 2; 6827
INTERNAL; 14; 16; 2; 6827; INTERNAL; 9; 15; 6; 3531
INTERNAL; 18; 18; 0; 5125; INTERNAL; 17; 17; 0; 2469
INTERNAL; 18; 18; 0; 5125; INTERNAL; 16; 17; 1; 7380
INTERNAL; 16; 17; 1; 7380; INTERNAL; 14; 15; 1; 1840
INTERNAL; 14; 15; 1; 1840; INTERNAL; 9; 14; 5; 1837
INTERNAL; 14; 15; 1; 1840; INTERNAL; 13; 14; 1; 4783
INTERNAL; 18; 18; 0; 5125; INTERNAL; 17; 17; 0; 1919
INTERNAL; 17; 17; 0; 1919; INTERNAL; 16; 16; 0; 7199
INTERNAL; 16; 16; 0; 7199; INTERNAL; 13; 15; 2; 4609
INTERNAL; 13; 15; 2; 4609; INTERNAL; 10; 14; 4; 3147
INTERNAL; 16; 16; 0; 7199; INTERNAL; 15; 15; 0; 7781
INTERNAL; 17; 17; 0; 1919; INTERNAL; 15; 16; 1; 6777
INTERNAL; 17; 17; 0; 1919; INTERNAL; 16; 16; 0; 3021
INTERNAL; 16; 16; 0; 3021; INTERNAL; 13; 14; 1; 4901
INTERNAL; 13; 14; 1; 4901; INTERNAL; 12; 13; 1; 5819
INTERNAL; 13; 14; 1; 4901; INTERNAL; 10; 13; 3; 7951
INTERNAL; 16; 16; 0; 3021; INTERNAL; 14; 14; 0; 7323
INTERNAL; 16; 16; 0; 3021; INTERNAL; 15; 15; 0; 1903
INTERNAL; 15; 15; 0; 1903; INTERNAL; 14; 14; 0; 5630
INTERNAL; 16; 16; 0; 3021; INTERNAL; 13; 14; 1; 4371
INTERNAL; 13; 14; 1; 4371; INTERNAL; 10; 13; 3; 1849
INTERNAL; 16; 16; 0; 3021; INTERNAL; 15; 15; 0; 2979
INTERNAL; 15; 15; 0; 2979; INTERNAL; 13; 14; 1; 2343
INTERNAL; 15; 15; 0; 2979; INTERNAL; 13; 14; 1; 4143
INTERNAL; 15; 15; 0; 2979; INTERNAL; 12; 14; 2; 2135
INTERNAL; 12; 14; 2; 2135; INTERNAL; 10; 13; 3; 2984
INTERNAL; 15; 15; 0; 2979; INTERNAL; 13; 14; 1; 3256
INTERNAL; 13; 14; 1; 3256; INTERNAL; 12; 13; 1; 2997
INTERNAL; 12; 13; 1; 2997; INTERNAL; 10; 12; 2; 4080
INTERNAL; 15; 15; 0; 2979; INTERNAL; 14; 14; 0; 6697
INTERNAL; 14; 14; 0; 6697; INTERNAL; 12; 13; 1; 3874
INTERNAL; 14; 14; 0; 6697; INTERNAL; 12; 12; 0; 3414
INTERNAL; 12; 12; 0; 3414; INTERNAL; 9; 11; 2; 7445
INTERNAL; 14; 14; 0; 6697; INTERNAL; 12; 12; 0; 1896
INTERNAL; 14; 14; 0; 6697; INTERNAL; 13; 13; 0; 1899
INTERNAL; 13; 13; 0; 1899; INTERNAL; 12; 12; 0; 1893
INTERNAL; 12; 12; 0; 1893; INTERNAL; 11; 11; 0; 4778
INTERNAL; 12; 12; 0; 1893; INTERNAL; 11; 11; 0; 2275
INTERNAL; 11; 11; 0; 2275; INTERNAL; 10; 10; 0; 3440
INTERNAL; 10; 10; 0; 3440; INTERNAL; 9; 9; 0; 3081
INTERNAL; 9; 9; 0; 3081; INTERNAL; 8; 8; 0; 3548
INTERNAL; 8; 8; 0; 3548; INTERNAL; 7; 7; 0; 1880
INTERNAL; 9; 9; 0; 3081; INTERNAL; 8; 8; 0; 1882
INTERNAL; 9; 9; 0; 3081; INTERNAL; 8; 8; 0; 2413
INTERNAL; 10; 10; 0; 3440; INTERNAL; 9; 9; 0; 3167
INTERNAL; 9; 9; 0; 3167; INTERNAL; 8; 8; 0; 5101
INTERNAL; 8; 8; 0; 5101; INTERNAL; 7; 7; 0; 2103
INTERNAL; 7; 7; 0; 2103; INTERNAL; 6; 6; 0; 1855
INTERNAL; 7; 7; 0; 2103; INTERNAL; 6; 6; 0; 5654
INTERNAL; 8; 8; 0; 5101; INTERNAL; 7; 7; 0; 1861
INTERNAL; 8; 8; 0; 5101; INTERNAL; 7; 7; 0; 3196
INTERNAL; 8; 8; 0; 5101; INTERNAL; 7; 7; 0; 1858
INTERNAL; 8; 8; 0; 5101; INTERNAL; 7; 7; 0; 2379
INTERNAL; 9; 9; 0; 3167; INTERNAL; 8; 8; 0; 1878
INTERNAL; 8; 8; 0; 1878; INTERNAL; 7; 7; 0; 1863
INTERNAL; 8; 8; 0; 1878; INTERNAL; 7; 7; 0; 1862
INTERNAL; 8; 8; 0; 1878; INTERNAL; 7; 7; 0; 2497
INTERNAL; 9; 9; 0; 3167; INTERNAL; 8; 8; 0; 1877
INTERNAL; 8; 8; 0; 1877; INTERNAL; 7; 7; 0; 1870
INTERNAL; 9; 9; 0; 3167; INTERNAL; 8; 8; 0; 4596
INTERNAL; 9; 9; 0; 3167; INTERNAL; 8; 8; 0; 5098
INTERNAL; 10; 10; 0; 3440; INTERNAL; 9; 9; 0; 3581
INTERNAL; 10; 10; 0; 3440; INTERNAL; 9; 9; 0; 3665
INTERNAL; 10; 10; 0; 3440; INTERNAL; 9; 9; 0; 4339
INTERNAL; 9; 9; 0; 4339; INTERNAL; 7; 8; 1; 3287
INTERNAL; 11; 11; 0; 2275; INTERNAL; 10; 10; 0; 4040
INTERNAL; 10; 10; 0; 4040; INTERNAL; 9; 9; 0; 2321
INTERNAL; 9; 9; 0; 2321; INTERNAL; 8; 8; 0; 2846
INTERNAL; 11; 11; 0; 2275; INTERNAL; 10; 10; 0; 5606
INTERNAL; 11; 11; 0; 2275; INTERNAL; 10; 10; 0; 1886
INTERNAL; 10; 10; 0; 1886; INTERNAL; 9; 9; 0; 4761
INTERNAL; 9; 9; 0; 4761; INTERNAL; 8; 8; 0; 4890
INTERNAL; 11; 11; 0; 2275; INTERNAL; 9; 9; 0; 2282
INTERNAL; 9; 9; 0; 2282; INTERNAL; 8; 8; 0; 1852
INTERNAL; 11; 11; 0; 2275; INTERNAL; 10; 10; 0; 7423
INTERNAL; 10; 10; 0; 7423; INTERNAL; 9; 9; 0; 7710
INTERNAL; 12; 12; 0; 1893; INTERNAL; 11; 11; 0; 2792
INTERNAL; 11; 11; 0; 2792; INTERNAL; 10; 10; 0; 7320
INTERNAL; 10; 10; 0; 7320; INTERNAL; 8; 9; 1; 1887
INTERNAL; 11; 11; 0; 2792; INTERNAL; 10; 10; 0; 1889
INTERNAL; 12; 12; 0; 1893; INTERNAL; 11; 11; 0; 2789
INTERNAL; 12; 12; 0; 1893; INTERNAL; 10; 11; 1; 3631
INTERNAL; 12; 12; 0; 1893; INTERNAL; 10; 11; 1; 3578
INTERNAL; 10; 11; 1; 3578; INTERNAL; 8; 10; 2; 6267
INTERNAL; 13; 13; 0; 1899; INTERNAL; 11; 12; 1; 1891
INTERNAL; 11; 12; 1; 1891; INTERNAL; 9; 11; 2; 1851
INTERNAL; 13; 13; 0; 1899; INTERNAL; 12; 12; 0; 2061
INTERNAL; 12; 12; 0; 2061; INTERNAL; 11; 11; 0; 5194
INTERNAL; 11; 11; 0; 5194; INTERNAL; 10; 10; 0; 4881
INTERNAL; 13; 13; 0; 1899; INTERNAL; 11; 12; 1; 1892
INTERNAL; 13; 13; 0; 1899; INTERNAL; 12; 12; 0; 6298
INTERNAL; 14; 14; 0; 6697; INTERNAL; 12; 13; 1; 3013
INTERNAL; 12; 13; 1; 3013; INTERNAL; 9; 12; 3; 4872
INTERNAL; 17; 17; 0; 1919; INTERNAL; 13; 16; 3; 2849
INTERNAL; 13; 16; 3; 2849; INTERNAL; 10; 15; 5; 4018
INTERNAL; 17; 17; 0; 1919; INTERNAL; 16; 16; 0; 1908
INTERNAL; 17; 17; 0; 1919; INTERNAL; 16; 16; 0; 3407
INTERNAL; 20; 20; 0; 4368; INTERNAL; 15; 19; 4; 1930
INTERNAL; 15; 19; 4; 1930; INTERNAL; 9; 18; 9; 2334
INTERNAL; 20; 20; 0; 4368; INTERNAL; 15; 18; 3; 1932
INTERNAL; 15; 18; 3; 1932; INTERNAL; 11; 17; 6; 2890
INTERNAL; 20; 20; 0; 4368; INTERNAL; 19; 19; 0; 3365
INTERNAL; 21; 21; 0; 3724; INTERNAL; 15; 19; 4; 4819
INTERNAL; 15; 19; 4; 4819; INTERNAL; 11; 18; 7; 1785
INTERNAL; 21; 21; 0; 3724; INTERNAL; 20; 20; 0; 3957
INTERNAL; 23; 24; 1; 3088; INTERNAL; 21; 21; 0; 4349
INTERNAL; 25; 25; 0; 4416; INTERNAL; 23; 24; 1; 2171
INTERNAL; 25; 25; 0; 4416; INTERNAL; 24; 24; 0; 3706
INTERNAL; 24; 24; 0; 3706; INTERNAL; 22; 22; 0; 3340
INTERNAL; 22; 22; 0; 3340; INTERNAL; 21; 21; 0; 3696
INTERNAL; 22; 22; 0; 3340; INTERNAL; 18; 21; 3; 2853
INTERNAL; 18; 21; 3; 2853; INTERNAL; 17; 20; 3; 3097
INTERNAL; 17; 20; 3; 3097; INPUT; 1; 5; 4; 5402
INTERNAL; 17; 20; 3; 3097; INPUT; 1; 5; 4; 5400
INTERNAL; 18; 21; 3; 2853; INTERNAL; 16; 20; 4; 5394
INTERNAL; 16; 20; 4; 5394; INTERNAL; 10; 19; 9; 3475
INTERNAL; 24; 24; 0; 3706; INTERNAL; 22; 22; 0; 4302
INTERNAL; 22; 22; 0; 4302; INTERNAL; 21; 21; 0; 5751
INTERNAL; 21; 21; 0; 5751; INTERNAL; 20; 20; 0; 5477
INTERNAL; 20; 20; 0; 5477; INTERNAL; 19; 19; 0; 2471
INTERNAL; 19; 19; 0; 2471; INTERNAL; 15; 18; 3; 5485
INTERNAL; 15; 18; 3; 5485; INTERNAL; 11; 17; 6; 5488
INTERNAL; 19; 19; 0; 2471; INTERNAL; 18; 18; 0; 2097
INTERNAL; 20; 20; 0; 5477; INTERNAL; 15; 17; 2; 3921
INTERNAL; 15; 17; 2; 3921; INTERNAL; 9; 16; 7; 5659
INTERNAL; 20; 20; 0; 5477; INTERNAL; 19; 19; 0; 5484
INTERNAL; 19; 19; 0; 5484; INTERNAL; 18; 18; 0; 2959
INTERNAL; 18; 18; 0; 2959; INTERNAL; 17; 17; 0; 5494
INTERNAL; 18; 18; 0; 2959; INTERNAL; 15; 17; 2; 4741
INTERNAL; 15; 17; 2; 4741; INTERNAL; 9; 16; 7; 2604
INTERNAL; 15; 17; 2; 4741; INTERNAL; 14; 16; 2; 2612
INTERNAL; 19; 19; 0; 5484; INTERNAL; 14; 18; 4; 5492
INTERNAL; 14; 18; 4; 5492; INTERNAL; 9; 17; 8; 5653
INTERNAL; 19; 19; 0; 5484; INTERNAL; 17; 18; 1; 3053
INTERNAL; 19; 19; 0; 5484; INTERNAL; 18; 18; 0; 5669
INTERNAL; 19; 19; 0; 5484; INTERNAL; 18; 18; 0; 3337
INTERNAL; 18; 18; 0; 3337; INTERNAL; 17; 17; 0; 2276
INTERNAL; 18; 18; 0; 3337; INTERNAL; 17; 17; 0; 2017
INTERNAL; 18; 18; 0; 3337; INTERNAL; 14; 17; 3; 5501
INTERNAL; 14; 17; 3; 5501; INTERNAL; 9; 16; 7; 5652
INTERNAL; 18; 18; 0; 3337; INTERNAL; 17; 17; 0; 5499
INTERNAL; 17; 17; 0; 5499; INTERNAL; 13; 16; 3; 5508
INTERNAL; 13; 16; 3; 5508; INTERNAL; 10; 15; 5; 5651
INTERNAL; 17; 17; 0; 5499; INTERNAL; 16; 16; 0; 5505
INTERNAL; 16; 16; 0; 5505; INTERNAL; 15; 15; 0; 5513
INTERNAL; 17; 17; 0; 5499; INTERNAL; 16; 16; 0; 5507
INTERNAL; 16; 16; 0; 5507; INTERNAL; 15; 15; 0; 5518
INTERNAL; 16; 16; 0; 5507; INTERNAL; 15; 15; 0; 5524
INTERNAL; 15; 15; 0; 5524; INTERNAL; 14; 14; 0; 3443
INTERNAL; 14; 14; 0; 3443; INTERNAL; 12; 13; 1; 5542
INTERNAL; 12; 13; 1; 5542; INTERNAL; 10; 12; 2; 5544
INTERNAL; 15; 15; 0; 5524; INTERNAL; 14; 14; 0; 5531
INTERNAL; 14; 14; 0; 5531; INTERNAL; 13; 13; 0; 5545
INTERNAL; 13; 13; 0; 5545; INTERNAL; 12; 12; 0; 6805
INTERNAL; 12; 12; 0; 6805; INTERNAL; 11; 11; 0; 5554
INTERNAL; 11; 11; 0; 5554; INTERNAL; 10; 10; 0; 5941
INTERNAL; 13; 13; 0; 5545; INTERNAL; 12; 12; 0; 5295
INTERNAL; 12; 12; 0; 5295; INTERNAL; 11; 11; 0; 3127
INTERNAL; 11; 11; 0; 3127; INTERNAL; 10; 10; 0; 5575
INTERNAL; 10; 10; 0; 5575; INTERNAL; 9; 9; 0; 5588
INTERNAL; 9; 9; 0; 5588; INTERNAL; 8; 8; 0; 5596
INTERNAL; 11; 11; 0; 3127; INTERNAL; 9; 10; 1; 5579
INTERNAL; 9; 10; 1; 5579; INTERNAL; 8; 9; 1; 7711
INTERNAL; 11; 11; 0; 3127; INTERNAL; 10; 10; 0; 5302
INTERNAL; 10; 10; 0; 5302; INTERNAL; 9; 9; 0; 5631
INTERNAL; 9; 9; 0; 5631; INTERNAL; 8; 8; 0; 3765
INTERNAL; 11; 11; 0; 3127; INTERNAL; 9; 10; 1; 3529
INTERNAL; 11; 11; 0; 3127; INTERNAL; 10; 10; 0; 7418
INTERNAL; 10; 10; 0; 7418; INTERNAL; 9; 9; 0; 6270
INTERNAL; 9; 9; 0; 6270; INTERNAL; 8; 8; 0; 5602
INTERNAL; 8; 8; 0; 5602; INTERNAL; 7; 7; 0; 5605
INTERNAL; 9; 9; 0; 6270; INTERNAL; 8; 8; 0; 5603
INTERNAL; 9; 9; 0; 6270; INTERNAL; 8; 8; 0; 4636
INTERNAL; 10; 10; 0; 7418; INTERNAL; 9; 9; 0; 5598
INTERNAL; 9; 9; 0; 5598; INTERNAL; 8; 8; 0; 4321
INTERNAL; 8; 8; 0; 4321; INTERNAL; 7; 7; 0; 4452
INTERNAL; 8; 8; 0; 4321; INTERNAL; 7; 7; 0; 1997
INTERNAL; 8; 8; 0; 4321; INTERNAL; 7; 7; 0; 6737
INTERNAL; 9; 9; 0; 5598; INTERNAL; 8; 8; 0; 5609
INTERNAL; 8; 8; 0; 5609; INTERNAL; 7; 7; 0; 5615
INTERNAL; 9; 9; 0; 5598; INTERNAL; 8; 8; 0; 4557
INTERNAL; 8; 8; 0; 4557; INTERNAL; 7; 7; 0; 5612
INTERNAL; 9; 9; 0; 5598; INTERNAL; 8; 8; 0; 5202
INTERNAL; 8; 8; 0; 5202; INTERNAL; 7; 7; 0; 5618
INTERNAL; 8; 8; 0; 5202; INTERNAL; 7; 7; 0; 3508
INTERNAL; 8; 8; 0; 5202; INTERNAL; 7; 7; 0; 5628
INTERNAL; 7; 7; 0; 5628; INTERNAL; 6; 6; 0; 5629
INTERNAL; 7; 7; 0; 5628; INTERNAL; 6; 6; 0; 1807
INTERNAL; 8; 8; 0; 5202; INTERNAL; 7; 7; 0; 5787
INTERNAL; 8; 8; 0; 5202; INTERNAL; 7; 7; 0; 5619
INTERNAL; 9; 9; 0; 5598; INTERNAL; 8; 8; 0; 5610
INTERNAL; 10; 10; 0; 7418; INTERNAL; 9; 9; 0; 5601
INTERNAL; 9; 9; 0; 5601; INTERNAL; 7; 8; 1; 5082
INTERNAL; 10; 10; 0; 7418; INTERNAL; 9; 9; 0; 2354
INTERNAL; 10; 10; 0; 7418; INTERNAL; 9; 9; 0; 4707
INTERNAL; 11; 11; 0; 3127; INTERNAL; 10; 10; 0; 5580
INTERNAL; 12; 12; 0; 5295; INTERNAL; 11; 11; 0; 5565
INTERNAL; 12; 12; 0; 5295; INTERNAL; 10; 11; 1; 5561
INTERNAL; 12; 12; 0; 5295; INTERNAL; 11; 11; 0; 5557
INTERNAL; 11; 11; 0; 5557; INTERNAL; 10; 10; 0; 2192
INTERNAL; 11; 11; 0; 5557; INTERNAL; 10; 10; 0; 4490
INTERNAL; 10; 10; 0; 4490; INTERNAL; 8; 9; 1; 5572
INTERNAL; 12; 12; 0; 5295; INTERNAL; 11; 11; 0; 5570
INTERNAL; 12; 12; 0; 5295; INTERNAL; 10; 11; 1; 6336
INTERNAL; 10; 11; 1; 6336; INTERNAL; 8; 10; 2; 2845
INTERNAL; 13; 13; 0; 5545; INTERNAL; 11; 12; 1; 2592
INTERNAL; 11; 12; 1; 2592; INTERNAL; 9; 11; 2; 5636
INTERNAL; 13; 13; 0; 5545; INTERNAL; 12; 12; 0; 5553
INTERNAL; 13; 13; 0; 5545; INTERNAL; 11; 12; 1; 5321
INTERNAL; 14; 14; 0; 5531; INTERNAL; 12; 13; 1; 6571
INTERNAL; 12; 13; 1; 6571; INTERNAL; 9; 12; 3; 5637
INTERNAL; 14; 14; 0; 5531; INTERNAL; 12; 13; 1; 5547
INTERNAL; 12; 13; 1; 5547; INTERNAL; 9; 12; 3; 5640
INTERNAL; 14; 14; 0; 5531; INTERNAL; 12; 13; 1; 7223
INTERNAL; 14; 14; 0; 5531; INTERNAL; 12; 13; 1; 6557
INTERNAL; 15; 15; 0; 5524; INTERNAL; 14; 14; 0; 2763
INTERNAL; 15; 15; 0; 5524; INTERNAL; 12; 14; 2; 3939
INTERNAL; 12; 14; 2; 3939; INTERNAL; 10; 13; 3; 7516
INTERNAL; 15; 15; 0; 5524; INTERNAL; 13; 14; 1; 5532
INTERNAL; 15; 15; 0; 5524; INTERNAL; 14; 14; 0; 5533
INTERNAL; 14; 14; 0; 5533; INTERNAL; 13; 13; 0; 1859
INTERNAL; 13; 13; 0; 1859; INTERNAL; 12; 12; 0; 5538
INTERNAL; 13; 13; 0; 1859; INTERNAL; 10; 12; 2; 3352
INTERNAL; 14; 14; 0; 5533; INTERNAL; 13; 13; 0; 5536
INTERNAL; 16; 16; 0; 5507; INTERNAL; 13; 15; 2; 5526
INTERNAL; 13; 15; 2; 5526; INTERNAL; 10; 14; 4; 5648
INTERNAL; 16; 16; 0; 5507; INTERNAL; 13; 15; 2; 5528
INTERNAL; 13; 15; 2; 5528; INTERNAL; 10; 14; 4; 5646
INTERNAL; 16; 16; 0; 5507; INTERNAL; 14; 15; 1; 5525
INTERNAL; 16; 16; 0; 5507; INTERNAL; 15; 15; 0; 5521
INTERNAL; 17; 17; 0; 5499; INTERNAL; 16; 16; 0; 5503
INTERNAL; 16; 16; 0; 5503; INTERNAL; 15; 15; 0; 5510
INTERNAL; 16; 16; 0; 5503; INTERNAL; 14; 15; 1; 4663
INTERNAL; 14; 15; 1; 4663; INTERNAL; 9; 14; 5; 6015
INTERNAL; 14; 15; 1; 4663; INTERNAL; 13; 14; 1; 5511
INTERNAL; 17; 17; 0; 5499; INTERNAL; 16; 16; 0; 3616
INTERNAL; 18; 18; 0; 3337; INTERNAL; 14; 17; 3; 1957
INTERNAL; 14; 17; 3; 1957; INTERNAL; 9; 16; 7; 3828
INTERNAL; 20; 20; 0; 5477; INTERNAL; 19; 19; 0; 7116
INTERNAL; 19; 19; 0; 7116; INTERNAL; 15; 18; 3; 5656
INTERNAL; 15; 18; 3; 5656; INTERNAL; 11; 17; 6; 7460
INTERNAL; 20; 20; 0; 5477; INTERNAL; 18; 19; 1; 4276
INTERNAL; 18; 19; 1; 4276; INTERNAL; 17; 17; 0; 5658
INTERNAL; 20; 20; 0; 5477; INTERNAL; 19; 19; 0; 3063
INTERNAL; 21; 21; 0; 5751; INTERNAL; 19; 20; 1; 5478
INTERNAL; 21; 21; 0; 5751; INTERNAL; 20; 20; 0; 5483
INTERNAL; 21; 21; 0; 5751; INTERNAL; 16; 20; 4; 4165
INTERNAL; 16; 20; 4; 4165; INTERNAL; 10; 19; 9; 5015
INTERNAL; 21; 21; 0; 5751; INTERNAL; 20; 20; 0; 5798
INTERNAL; 20; 20; 0; 5798; INTERNAL; 19; 19; 0; 5803
INTERNAL; 20; 20; 0; 5798; INTERNAL; 16; 19; 3; 5802
INTERNAL; 16; 19; 3; 5802; INTERNAL; 10; 18; 8; 5967
INTERNAL; 21; 21; 0; 5751; INTERNAL; 20; 20; 0; 7618
INTERNAL; 22; 22; 0; 4302; INTERNAL; 20; 20; 0; 5172
INTERNAL; 22; 22; 0; 4302; INTERNAL; 16; 20; 4; 5805
INTERNAL; 16; 20; 4; 5805; INTERNAL; 10; 19; 9; 4068
INTERNAL; 24; 24; 0; 3706; INTERNAL; 23; 23; 0; 7087
INTERNAL; 23; 23; 0; 7087; INTERNAL; 22; 22; 0; 5466
INTERNAL; 22; 22; 0; 5466; INTERNAL; 21; 21; 0; 5480
INTERNAL; 22; 22; 0; 5466; INTERNAL; 17; 21; 4; 3680
INTERNAL; 17; 21; 4; 3680; INTERNAL; 16; 20; 4; 5662
INTERNAL; 16; 20; 4; 5662; INTERNAL; 10; 19; 9; 5667
INTERNAL; 10; 19; 9; 5667; INTERNAL; 2; 10; 8; 5668
INTERNAL; 10; 19; 9; 5667; INTERNAL; 2; 9; 7; 7707
INTERNAL; 16; 20; 4; 5662; INTERNAL; 2; 9; 7; 5666
INTERNAL; 16; 20; 4; 5662; INTERNAL; 2; 6; 4; 2734
INTERNAL; 23; 23; 0; 7087; INTERNAL; 22; 22; 0; 5472
INTERNAL; 22; 22; 0; 5472; INTERNAL; 17; 21; 4; 5069
INTERNAL; 22; 22; 0; 5472; INTERNAL; 21; 21; 0; 5796
INTERNAL; 23; 23; 0; 7087; INTERNAL; 22; 22; 0; 5468
INTERNAL; 22; 22; 0; 5468; INTERNAL; 21; 21; 0; 1836
INTERNAL; 21; 21; 0; 1836; INTERNAL; 19; 20; 1; 6146
INTERNAL; 21; 21; 0; 1836; INTERNAL; 20; 20; 0; 7557
INTERNAL; 20; 20; 0; 7557; INTERNAL; 18; 19; 1; 5681
INTERNAL; 20; 20; 0; 7557; INTERNAL; 19; 19; 0; 2797
INTERNAL; 19; 19; 0; 2797; INTERNAL; 18; 18; 0; 5685
INTERNAL; 18; 18; 0; 5685; INTERNAL; 16; 17; 1; 4791
INTERNAL; 18; 18; 0; 5685; INTERNAL; 14; 17; 3; 1776
INTERNAL; 14; 17; 3; 1776; INTERNAL; 9; 16; 7; 2018
INTERNAL; 18; 18; 0; 5685; INTERNAL; 16; 17; 1; 7774
INTERNAL; 18; 18; 0; 5685; INTERNAL; 13; 17; 4; 5690
INTERNAL; 13; 17; 4; 5690; INTERNAL; 9; 16; 7; 6086
INTERNAL; 18; 18; 0; 5685; INTERNAL; 17; 17; 0; 5688
INTERNAL; 17; 17; 0; 5688; INTERNAL; 13; 16; 3; 4864
INTERNAL; 13; 16; 3; 4864; INTERNAL; 10; 15; 5; 4978
INTERNAL; 17; 17; 0; 5688; INTERNAL; 16; 16; 0; 5692
INTERNAL; 16; 16; 0; 5692; INTERNAL; 14; 15; 1; 5702
INTERNAL; 16; 16; 0; 5692; INTERNAL; 15; 15; 0; 5699
INTERNAL; 15; 15; 0; 5699; INTERNAL; 14; 14; 0; 5711
INTERNAL; 14; 14; 0; 5711; INTERNAL; 12; 13; 1; 1797
INTERNAL; 12; 13; 1; 1797; INTERNAL; 9; 12; 3; 2928
INTERNAL; 14; 14; 0; 5711; INTERNAL; 13; 13; 0; 5715
INTERNAL; 14; 14; 0; 5711; INTERNAL; 12; 13; 1; 4259
INTERNAL; 12; 13; 1; 4259; INTERNAL; 11; 11; 0; 7050
INTERNAL; 11; 11; 0; 7050; INTERNAL; 10; 10; 0; 5768
INTERNAL; 14; 14; 0; 5711; INTERNAL; 12; 13; 1; 7547
INTERNAL; 12; 13; 1; 7547; INTERNAL; 10; 12; 2; 4606
INTERNAL; 14; 14; 0; 5711; INTERNAL; 13; 13; 0; 2943
INTERNAL; 13; 13; 0; 2943; INTERNAL; 11; 12; 1; 6508
INTERNAL; 13; 13; 0; 2943; INTERNAL; 12; 12; 0; 5724
INTERNAL; 13; 13; 0; 2943; INTERNAL; 10; 12; 2; 5723
INTERNAL; 10; 12; 2; 5723; INTERNAL; 9; 11; 2; 4158
INTERNAL; 13; 13; 0; 2943; INTERNAL; 11; 12; 1; 5720
INTERNAL; 13; 13; 0; 2943; INTERNAL; 12; 12; 0; 5719
INTERNAL; 12; 12; 0; 5719; INTERNAL; 9; 11; 2; 5730
INTERNAL; 9; 11; 2; 5730; INTERNAL; 8; 10; 2; 5765
INTERNAL; 12; 12; 0; 5719; INTERNAL; 10; 11; 1; 2630
INTERNAL; 10; 11; 1; 2630; INTERNAL; 9; 10; 1; 5763
INTERNAL; 12; 12; 0; 5719; INTERNAL; 11; 11; 0; 5725
INTERNAL; 12; 12; 0; 5719; INTERNAL; 10; 11; 1; 4719
INTERNAL; 12; 12; 0; 5719; INTERNAL; 11; 11; 0; 7206
INTERNAL; 11; 11; 0; 7206; INTERNAL; 10; 10; 0; 5892
INTERNAL; 10; 10; 0; 5892; INTERNAL; 9; 9; 0; 5739
INTERNAL; 9; 9; 0; 5739; INTERNAL; 8; 8; 0; 4922
INTERNAL; 8; 8; 0; 4922; INTERNAL; 7; 7; 0; 7312
INTERNAL; 9; 9; 0; 5739; INTERNAL; 8; 8; 0; 6937
INTERNAL; 8; 8; 0; 6937; INTERNAL; 7; 7; 0; 5171
INTERNAL; 8; 8; 0; 6937; INTERNAL; 7; 7; 0; 4709
INTERNAL; 8; 8; 0; 6937; INTERNAL; 7; 7; 0; 5745
INTERNAL; 8; 8; 0; 6937; INTERNAL; 7; 7; 0; 5746
INTERNAL; 8; 8; 0; 6937; INTERNAL; 7; 7; 0; 3873
INTERNAL; 9; 9; 0; 5739; INTERNAL; 7; 8; 1; 5006
INTERNAL; 9; 9; 0; 5739; INTERNAL; 8; 8; 0; 1904
INTERNAL; 8; 8; 0; 1904; INTERNAL; 7; 7; 0; 4802
INTERNAL; 9; 9; 0; 5739; INTERNAL; 8; 8; 0; 6013
INTERNAL; 10; 10; 0; 5892; INTERNAL; 8; 9; 1; 5741
INTERNAL; 10; 10; 0; 5892; INTERNAL; 9; 9; 0; 2467
INTERNAL; 10; 10; 0; 5892; INTERNAL; 9; 9; 0; 5738
INTERNAL; 9; 9; 0; 5738; INTERNAL; 7; 8; 1; 5743
INTERNAL; 10; 10; 0; 5892; INTERNAL; 9; 9; 0; 5978
INTERNAL; 9; 9; 0; 5978; INTERNAL; 7; 8; 1; 5749
INTERNAL; 11; 11; 0; 7206; INTERNAL; 10; 10; 0; 5734
INTERNAL; 10; 10; 0; 5734; INTERNAL; 9; 9; 0; 5753
INTERNAL; 9; 9; 0; 5753; INTERNAL; 8; 8; 0; 5758
INTERNAL; 10; 10; 0; 5734; INTERNAL; 9; 9; 0; 5750
INTERNAL; 9; 9; 0; 5750; INTERNAL; 8; 8; 0; 5754
INTERNAL; 11; 11; 0; 7206; INTERNAL; 10; 10; 0; 5733
INTERNAL; 11; 11; 0; 7206; INTERNAL; 9; 10; 1; 3667
INTERNAL; 9; 10; 1; 3667; INTERNAL; 8; 9; 1; 2758
INTERNAL; 13; 13; 0; 2943; INTERNAL; 11; 12; 1; 5721
INTERNAL; 11; 12; 1; 5721; INTERNAL; 10; 11; 1; 5769
INTERNAL; 14; 14; 0; 5711; INTERNAL; 12; 13; 1; 3198
INTERNAL; 15; 15; 0; 5699; INTERNAL; 13; 14; 1; 5712
INTERNAL; 15; 15; 0; 5699; INTERNAL; 12; 14; 2; 5713
INTERNAL; 12; 14; 2; 5713; INTERNAL; 10; 13; 3; 5346
INTERNAL; 15; 15; 0; 5699; INTERNAL; 14; 14; 0; 5707
INTERNAL; 15; 15; 0; 5699; INTERNAL; 12; 14; 2; 4115
INTERNAL; 12; 14; 2; 4115; INTERNAL; 10; 13; 3; 4423
INTERNAL; 16; 16; 0; 5692; INTERNAL; 13; 15; 2; 5703
INTERNAL; 13; 15; 2; 5703; INTERNAL; 10; 14; 4; 7366
INTERNAL; 16; 16; 0; 5692; INTERNAL; 15; 15; 0; 5700
INTERNAL; 16; 16; 0; 5692; INTERNAL; 12; 15; 3; 5706
INTERNAL; 12; 15; 3; 5706; INTERNAL; 10; 14; 4; 5771
INTERNAL; 17; 17; 0; 5688; INTERNAL; 15; 16; 1; 5864
INTERNAL; 17; 17; 0; 5688; INTERNAL; 13; 16; 3; 5697
INTERNAL; 13; 16; 3; 5697; INTERNAL; 10; 15; 5; 5772
INTERNAL; 17; 17; 0; 5688; INTERNAL; 15; 16; 1; 3705
INTERNAL; 19; 19; 0; 2797; INTERNAL; 14; 18; 4; 5277
INTERNAL; 14; 18; 4; 5277; INTERNAL; 9; 17; 8; 5773
INTERNAL; 19; 19; 0; 2797; INTERNAL; 17; 18; 1; 5687
INTERNAL; 19; 19; 0; 2797; INTERNAL; 14; 18; 4; 2987
INTERNAL; 14; 18; 4; 2987; INTERNAL; 9; 17; 8; 5288
INTERNAL; 19; 19; 0; 2797; INTERNAL; 17; 18; 1; 6321
INTERNAL; 20; 20; 0; 7557; INTERNAL; 18; 19; 1; 5678
INTERNAL; 20; 20; 0; 7557; INTERNAL; 15; 19; 4; 4865
INTERNAL; 15; 19; 4; 4865; INTERNAL; 11; 18; 7; 5774
INTERNAL; 20; 20; 0; 7557; INTERNAL; 14; 19; 5; 5683
INTERNAL; 14; 19; 5; 5683; INTERNAL; 9; 18; 9; 5776
INTERNAL; 21; 21; 0; 1836; INTERNAL; 20; 20; 0; 2642
INTERNAL; 20; 20; 0; 2642; INTERNAL; 16; 19; 3; 5778
INTERNAL; 16; 19; 3; 5778; INTERNAL; 10; 18; 8; 5783
INTERNAL; 20; 20; 0; 2642; INTERNAL; 19; 19; 0; 5780
INTERNAL; 19; 19; 0; 5780; INTERNAL; 18; 18; 0; 5782
INTERNAL; 21; 21; 0; 1836; INTERNAL; 15; 20; 5; 6542
INTERNAL; 15; 20; 5; 6542; INTERNAL; 11; 19; 8; 5784
INTERNAL; 21; 21; 0; 1836; INTERNAL; 19; 20; 1; 5556
INTERNAL; 21; 21; 0; 1836; INTERNAL; 15; 20; 5; 5675
INTERNAL; 15; 20; 5; 5675; INTERNAL; 11; 19; 8; 5123
INTERNAL; 22; 22; 0; 5468; INTERNAL; 20; 21; 1; 3624
INTERNAL; 22; 22; 0; 5468; INTERNAL; 20; 21; 1; 5737
INTERNAL; 20; 21; 1; 5737; INTERNAL; 16; 20; 4; 5791
INTERNAL; 16; 20; 4; 5791; INTERNAL; 10; 19; 9; 5797
INTERNAL; 22; 22; 0; 5468; INTERNAL; 20; 21; 1; 5672
INTERNAL; 22; 22; 0; 5468; INTERNAL; 20; 21; 1; 5670
INTERNAL; 22; 22; 0; 5468; INTERNAL; 16; 21; 5; 5673
INTERNAL; 16; 21; 5; 5673; INTERNAL; 10; 20; 10; 5794
INTERNAL; 23; 23; 0; 7087; INTERNAL; 22; 22; 0; 2703
INTERNAL; 23; 23; 0; 7087; INTERNAL; 21; 21; 0; 5470
INTERNAL; 23; 23; 0; 7087; INTERNAL; 17; 21; 4; 6654
INTERNAL; 17; 21; 4; 6654; INTERNAL; 10; 20; 10; 5011
INTERNAL; 24; 24; 0; 3706; INTERNAL; 23; 23; 0; 3984
INTERNAL; 23; 23; 0; 3984; INTERNAL; 22; 22; 0; 4315
INTERNAL; 23; 23; 0; 3984; INTERNAL; 22; 22; 0; 3904
INTERNAL; 24; 24; 0; 3706; INTERNAL; 22; 23; 1; 5084
INTERNAL; 24; 24; 0; 3706; INTERNAL; 23; 23; 0; 3931
INTERNAL; 25; 25; 0; 4416; INTERNAL; 23; 24; 1; 3708
INTERNAL; 25; 25; 0; 4416; INTERNAL; 22; 24; 2; 5307
INTERNAL; 26; 26; 0; 4191; INTERNAL; 22; 24; 2; 4266
INTERNAL; 26; 26; 0; 4191; INTERNAL; 22; 25; 3; 5671
INTERNAL; 26; 26; 0; 4191; INTERNAL; 22; 25; 3; 4799
INTERNAL; 27; 27; 0; 5574; INTERNAL; 22; 25; 3; 4207
INTERNAL; 29; 29; 0; 5832; INTERNAL; 21; 27; 6; 4174
INTERNAL; 29; 29; 0; 5832; INTERNAL; 21; 27; 6; 4474
INTERNAL; 21; 27; 6; 4474; INTERNAL; 20; 26; 6; 5479
INTERNAL; 21; 27; 6; 4474; INTERNAL; 17; 26; 9; 7509
INTERNAL; 21; 27; 6; 4474; INTERNAL; 20; 26; 6; 5162
INTERNAL; 20; 26; 6; 5162; INTERNAL; 19; 25; 6; 5847
INTERNAL; 19; 25; 6; 5847; INTERNAL; 18; 24; 6; 6325
INTERNAL; 18; 24; 6; 6325; INTERNAL; 17; 23; 6; 6327
INTERNAL; 18; 24; 6; 6325; INTERNAL; 17; 23; 6; 6329
INTERNAL; 18; 24; 6; 6325; INTERNAL; 15; 23; 8; 6333
INTERNAL; 15; 23; 8; 6333; INTERNAL; 9; 22; 13; 4370
INTERNAL; 19; 25; 6; 5847; INTERNAL; 18; 24; 6; 6092
INTERNAL; 20; 26; 6; 5162; INTERNAL; 16; 25; 9; 6323
INTERNAL; 16; 25; 9; 6323; INTERNAL; 10; 24; 14; 7915
INTERNAL; 20; 26; 6; 5162; INTERNAL; 19; 25; 6; 6322
INTERNAL; 20; 26; 6; 5162; INTERNAL; 16; 25; 9; 5128
INTERNAL; 16; 25; 9; 5128; INTERNAL; 10; 24; 14; 6357
INTERNAL; 29; 29; 0; 5832; INTERNAL; 21; 27; 6; 4184
INTERNAL; 29; 29; 0; 5832; INTERNAL; 22; 28; 6; 4979
INTERNAL; 22; 28; 6; 4979; INTERNAL; 20; 27; 7; 6319
INTERNAL; 20; 27; 7; 6319; INTERNAL; 19; 26; 7; 5260
INTERNAL; 19; 26; 7; 5260; INTERNAL; 18; 25; 7; 7113
INTERNAL; 18; 25; 7; 7113; INTERNAL; 15; 24; 9; 5133
INTERNAL; 15; 24; 9; 5133; INTERNAL; 11; 23; 12; 6378
INTERNAL; 18; 25; 7; 7113; INTERNAL; 17; 24; 7; 6360
INTERNAL; 19; 26; 7; 5260; INTERNAL; 16; 25; 9; 5156
INTERNAL; 16; 25; 9; 5156; INTERNAL; 10; 24; 14; 6411
INTERNAL; 19; 26; 7; 5260; INTERNAL; 18; 25; 7; 1815
INTERNAL; 20; 27; 7; 6319; INTERNAL; 17; 26; 9; 1894
INTERNAL; 17; 26; 9; 1894; INTERNAL; 10; 25; 15; 7228
INTERNAL; 20; 27; 7; 6319; INTERNAL; 19; 26; 7; 6385
INTERNAL; 19; 26; 7; 6385; INTERNAL; 18; 25; 7; 6358
INTERNAL; 19; 26; 7; 6385; INTERNAL; 16; 25; 9; 3190
INTERNAL; 16; 25; 9; 3190; INTERNAL; 10; 24; 14; 6382
INTERNAL; 22; 28; 6; 4979; INTERNAL; 21; 27; 6; 6747
INTERNAL; 21; 27; 6; 6747; INTERNAL; 17; 26; 9; 6047
INTERNAL; 17; 26; 9; 6047; INTERNAL; 10; 25; 15; 2393
INTERNAL; 21; 27; 6; 6747; INTERNAL; 20; 26; 6; 5409
INTERNAL; 21; 27; 6; 6747; INTERNAL; 19; 26; 7; 2464
INTERNAL; 29; 29; 0; 5832; INTERNAL; 21; 27; 6; 3224
INTERNAL; 30; 30; 0; 3670; INTERNAL; 20; 28; 8; 6477
INTERNAL; 20; 28; 8; 6477; INTERNAL; 17; 27; 10; 6469
INTERNAL; 20; 28; 8; 6477; INTERNAL; 19; 27; 8; 6467
INTERNAL; 20; 28; 8; 6477; INTERNAL; 19; 27; 8; 2506
INTERNAL; 30; 30; 0; 3670; INTERNAL; 20; 28; 8; 4924
INTERNAL; 30; 30; 0; 3670; INTERNAL; 20; 28; 8; 4820
INTERNAL; 30; 30; 0; 3670; INTERNAL; 22; 29; 7; 3657
INTERNAL; 30; 30; 0; 3670; INTERNAL; 20; 28; 8; 5384
INTERNAL; 32; 32; 0; 3843; INTERNAL; 20; 31; 11; 3520
INTERNAL; 32; 32; 0; 3843; INTERNAL; 21; 31; 10; 4859
INTERNAL; 32; 32; 0; 3843; INTERNAL; 21; 31; 10; 4592
INTERNAL; 33; 33; 0; 3932; INTERNAL; 19; 31; 12; 7838
INTERNAL; 33; 33; 0; 3932; INTERNAL; 19; 31; 12; 2180
INTERNAL; 19; 31; 12; 2180; INTERNAL; 17; 30; 13; 4491
INTERNAL; 17; 30; 13; 4491; INTERNAL; 10; 29; 19; 6741
INTERNAL; 19; 31; 12; 2180; INTERNAL; 18; 30; 12; 6736
INTERNAL; 33; 33; 0; 3932; INTERNAL; 19; 31; 12; 3940
INTERNAL; 33; 33; 0; 3932; INTERNAL; 20; 31; 11; 3759
INTERNAL; 34; 34; 0; 2224; INTERNAL; 18; 32; 14; 5062
INTERNAL; 18; 32; 14; 5062; INTERNAL; 17; 31; 14; 3473
INTERNAL; 17; 31; 14; 3473; INTERNAL; 10; 30; 20; 6780
INTERNAL; 18; 32; 14; 5062; INTERNAL; 17; 31; 14; 7500
INTERNAL; 18; 32; 14; 5062; INTERNAL; 17; 31; 14; 6762
INTERNAL; 17; 31; 14; 6762; INTERNAL; 16; 30; 14; 2211
INTERNAL; 17; 31; 14; 6762; INTERNAL; 9; 30; 21; 6750
INTERNAL; 17; 31; 14; 6762; INTERNAL; 10; 30; 20; 6748
INTERNAL; 34; 34; 0; 2224; INTERNAL; 20; 32; 12; 4674
INTERNAL; 20; 32; 12; 4674; INTERNAL; 19; 31; 12; 6744
INTERNAL; 20; 32; 12; 4674; INTERNAL; 17; 31; 14; 6745
INTERNAL; 20; 32; 12; 4674; INTERNAL; 17; 31; 14; 6746
INTERNAL; 17; 31; 14; 6746; INTERNAL; 10; 30; 20; 4448
INTERNAL; 34; 34; 0; 2224; INTERNAL; 21; 33; 12; 2953
INTERNAL; 34; 34; 0; 2224; INTERNAL; 20; 32; 12; 3544
INTERNAL; 34; 34; 0; 2224; INTERNAL; 20; 32; 12; 4518
INTERNAL; 35; 35; 0; 4138; INTERNAL; 19; 34; 15; 1963
INTERNAL; 19; 34; 15; 1963; INTERNAL; 18; 33; 15; 5555
INTERNAL; 18; 33; 15; 5555; INTERNAL; 16; 32; 16; 1822
INTERNAL; 16; 32; 16; 1822; INTERNAL; 10; 31; 21; 7260
INTERNAL; 18; 33; 15; 5555; INTERNAL; 17; 32; 15; 4537
INTERNAL; 18; 33; 15; 5555; INTERNAL; 17; 32; 15; 6783
INTERNAL; 19; 34; 15; 1963; INTERNAL; 18; 33; 15; 6782
INTERNAL; 35; 35; 0; 4138; INTERNAL; 19; 34; 15; 7581
INTERNAL; 35; 35; 0; 4138; INTERNAL; 18; 34; 16; 7466
INTERNAL; 36; 36; 0; 3582; INTERNAL; 9; 34; 25; 7747
INTERNAL; 36; 36; 0; 3582; INTERNAL; 17; 34; 17; 3575
INTERNAL; 37; 37; 0; 6600; INTERNAL; 10; 36; 26; 2099
INTERNAL; 10; 36; 26; 2099; INTERNAL; 3; 35; 32; 6831
INTERNAL; 10; 36; 26; 2099; INTERNAL; 9; 35; 26; 6189
INTERNAL; 9; 35; 26; 6189; INTERNAL; 8; 34; 26; 3763
INTERNAL; 8; 34; 26; 3763; INTERNAL; 5; 33; 28; 5072
INTERNAL; 5; 33; 28; 5072; INTERNAL; 4; 32; 28; 2659
INTERNAL; 8; 34; 26; 3763; INTERNAL; 5; 33; 28; 4517
INTERNAL; 5; 33; 28; 4517; INTERNAL; 4; 32; 28; 6838
INTERNAL; 5; 33; 28; 4517; INTERNAL; 4; 32; 28; 2787
INTERNAL; 9; 35; 26; 6189; INTERNAL; 7; 34; 27; 4722
INTERNAL; 9; 35; 26; 6189; INTERNAL; 6; 34; 28; 6837
INTERNAL; 6; 34; 28; 6837; INTERNAL; 5; 33; 28; 6839
INTERNAL; 9; 35; 26; 6189; INTERNAL; 6; 24; 18; 6834
INTERNAL; 6; 24; 18; 6834; INTERNAL; 4; 23; 19; 2141
INTERNAL; 6; 24; 18; 6834; INTERNAL; 5; 23; 18; 5732
INTERNAL; 38; 42; 4; 1361; INTERNAL; 9; 41; 32; 2400
INTERNAL; 39; 43; 4; 3666; INTERNAL; 8; 42; 34; 1362
INTERNAL; 8; 42; 34; 1362; INTERNAL; 6; 41; 35; 1358
INTERNAL; 6; 41; 35; 1358; INTERNAL; 5; 40; 35; 4846
INTERNAL; 5; 40; 35; 4846; INTERNAL; 4; 39; 35; 7192
INTERNAL; 8; 42; 34; 1362; INTERNAL; 5; 41; 36; 4275
INTERNAL; 5; 41; 36; 4275; INTERNAL; 4; 40; 36; 1350
INTERNAL; 8; 42; 34; 1362; INTERNAL; 5; 41; 36; 1357
INTERNAL; 5; 41; 36; 1357; INTERNAL; 4; 40; 36; 1351
INTERNAL; 8; 42; 34; 1362; INTERNAL; 7; 41; 34; 1360
INTERNAL; 7; 41; 34; 1360; INTERNAL; 5; 40; 35; 1354
INTERNAL; 7; 41; 34; 1360; INTERNAL; 6; 40; 34; 1353
INTERNAL; 6; 40; 34; 1353; INTERNAL; 5; 39; 34; 1352
INTERNAL; 7; 41; 34; 1360; INTERNAL; 4; 40; 36; 7623
INTERNAL; 39; 43; 4; 3666; INTERNAL; 34; 42; 8; 1363
INTERNAL; 34; 42; 8; 1363; INTERNAL; 33; 33; 0; 7150
INTERNAL; 33; 33; 0; 7150; INTERNAL; 21; 32; 11; 7156
INTERNAL; 34; 42; 8; 1363; INTERNAL; 33; 41; 8; 6895
INTERNAL; 33; 41; 8; 6895; INTERNAL; 32; 32; 0; 2516
INTERNAL; 33; 41; 8; 6895; INTERNAL; 32; 32; 0; 7129
INTERNAL; 34; 42; 8; 1363; INTERNAL; 33; 33; 0; 2937
INTERNAL; 33; 33; 0; 2937; INTERNAL; 32; 32; 0; 5506
INTERNAL; 32; 32; 0; 5506; INTERNAL; 31; 31; 0; 4700
INTERNAL; 31; 31; 0; 4700; INTERNAL; 21; 30; 9; 6993
INTERNAL; 32; 32; 0; 5506; INTERNAL; 31; 31; 0; 5698
INTERNAL; 31; 31; 0; 5698; INTERNAL; 21; 30; 9; 6994
INTERNAL; 32; 32; 0; 5506; INTERNAL; 31; 31; 0; 6679
INTERNAL; 31; 31; 0; 6679; INTERNAL; 21; 29; 8; 6984
INTERNAL; 31; 31; 0; 6679; INTERNAL; 30; 30; 0; 6473
INTERNAL; 30; 30; 0; 6473; INTERNAL; 21; 29; 8; 5942
INTERNAL; 32; 32; 0; 5506; INTERNAL; 31; 31; 0; 7136
INTERNAL; 32; 32; 0; 5506; INTERNAL; 31; 31; 0; 6988
INTERNAL; 31; 31; 0; 6988; INTERNAL; 30; 30; 0; 6981
INTERNAL; 30; 30; 0; 6981; INTERNAL; 29; 29; 0; 6250
INTERNAL; 31; 31; 0; 6988; INTERNAL; 29; 29; 0; 6979
INTERNAL; 31; 31; 0; 6988; INTERNAL; 29; 29; 0; 4094
INTERNAL; 29; 29; 0; 4094; INTERNAL; 22; 28; 6; 6586
INTERNAL; 31; 31; 0; 6988; INTERNAL; 30; 30; 0; 5851
INTERNAL; 31; 31; 0; 6988; INTERNAL; 30; 30; 0; 6978
INTERNAL; 30; 30; 0; 6978; INTERNAL; 29; 29; 0; 6982
INTERNAL; 30; 30; 0; 6978; INTERNAL; 29; 29; 0; 6944
INTERNAL; 30; 30; 0; 6978; INTERNAL; 29; 29; 0; 6942
INTERNAL; 29; 29; 0; 6942; INTERNAL; 28; 28; 0; 7159
INTERNAL; 28; 28; 0; 7159; INTERNAL; 22; 27; 5; 6950
INTERNAL; 29; 29; 0; 6942; INTERNAL; 22; 28; 6; 6570
INTERNAL; 30; 30; 0; 6978; INTERNAL; 29; 29; 0; 6943
INTERNAL; 30; 30; 0; 6978; INTERNAL; 29; 29; 0; 6941
INTERNAL; 29; 29; 0; 6941; INTERNAL; 28; 28; 0; 7488
INTERNAL; 28; 28; 0; 7488; INTERNAL; 22; 27; 5; 5354
INTERNAL; 28; 28; 0; 7488; INTERNAL; 27; 27; 0; 6930
INTERNAL; 29; 29; 0; 6941; INTERNAL; 28; 28; 0; 6927
INTERNAL; 28; 28; 0; 6927; INTERNAL; 27; 27; 0; 6441
INTERNAL; 27; 27; 0; 6441; INTERNAL; 23; 26; 3; 3012
INTERNAL; 28; 28; 0; 6927; INTERNAL; 27; 27; 0; 5825
INTERNAL; 28; 28; 0; 6927; INTERNAL; 27; 27; 0; 7127
INTERNAL; 27; 27; 0; 7127; INTERNAL; 26; 26; 0; 5534
INTERNAL; 28; 28; 0; 6927; INTERNAL; 27; 27; 0; 2600
INTERNAL; 27; 27; 0; 2600; INTERNAL; 25; 25; 0; 6848
INTERNAL; 27; 27; 0; 2600; INTERNAL; 26; 26; 0; 6850
INTERNAL; 26; 26; 0; 6850; INTERNAL; 25; 25; 0; 5970
INTERNAL; 26; 26; 0; 6850; INTERNAL; 25; 25; 0; 6857
INTERNAL; 25; 25; 0; 6857; INTERNAL; 24; 24; 0; 4683
INTERNAL; 24; 24; 0; 4683; INTERNAL; 23; 23; 0; 6858
INTERNAL; 25; 25; 0; 6857; INTERNAL; 24; 24; 0; 5644
INTERNAL; 24; 24; 0; 5644; INTERNAL; 23; 23; 0; 6864
INTERNAL; 24; 24; 0; 5644; INTERNAL; 23; 23; 0; 1913
INTERNAL; 23; 23; 0; 1913; INTERNAL; 22; 22; 0; 6212
INTERNAL; 23; 23; 0; 1913; INTERNAL; 22; 22; 0; 6868
INTERNAL; 23; 23; 0; 1913; INTERNAL; 22; 22; 0; 5464
INTERNAL; 24; 24; 0; 5644; INTERNAL; 23; 23; 0; 6861
INTERNAL; 25; 25; 0; 6857; INTERNAL; 24; 24; 0; 5144
INTERNAL; 26; 26; 0; 6850; INTERNAL; 25; 25; 0; 1871
INTERNAL; 27; 27; 0; 2600; INTERNAL; 26; 26; 0; 6851
INTERNAL; 26; 26; 0; 6851; INTERNAL; 23; 25; 2; 5567
INTERNAL; 27; 27; 0; 2600; INTERNAL; 26; 26; 0; 2409
INTERNAL; 28; 28; 0; 6927; INTERNAL; 27; 27; 0; 6840
INTERNAL; 28; 28; 0; 6927; INTERNAL; 27; 27; 0; 2533
INTERNAL; 29; 29; 0; 6941; INTERNAL; 28; 28; 0; 1961
INTERNAL; 29; 29; 0; 6941; INTERNAL; 28; 28; 0; 7874
INTERNAL; 29; 29; 0; 6941; INTERNAL; 28; 28; 0; 5756
INTERNAL; 28; 28; 0; 5756; INTERNAL; 27; 27; 0; 3651
INTERNAL; 28; 28; 0; 5756; INTERNAL; 27; 27; 0; 6929
INTERNAL; 29; 29; 0; 6941; INTERNAL; 28; 28; 0; 6952
INTERNAL; 31; 31; 0; 6988; INTERNAL; 30; 30; 0; 4058
INTERNAL; 40; 44; 4; 1366; INTERNAL; 36; 43; 7; 1364
INTERNAL; 36; 43; 7; 1364; INTERNAL; 35; 42; 7; 1349
INTERNAL; 35; 42; 7; 1349; INTERNAL; 34; 34; 0; 6369
INTERNAL; 34; 34; 0; 6369; INTERNAL; 33; 33; 0; 7151
INTERNAL; 34; 34; 0; 6369; INTERNAL; 33; 33; 0; 2248
INTERNAL; 33; 33; 0; 2248; INTERNAL; 20; 32; 12; 4668
INTERNAL; 35; 42; 7; 1349; INTERNAL; 33; 33; 0; 2478
INTERNAL; 35; 42; 7; 1349; INTERNAL; 34; 41; 7; 1346
INTERNAL; 36; 43; 7; 1364; INTERNAL; 8; 42; 34; 1348
INTERNAL; 8; 42; 34; 1348; INTERNAL; 4; 41; 37; 1342
INTERNAL; 8; 42; 34; 1348; INTERNAL; 6; 41; 35; 1344
INTERNAL; 6; 41; 35; 1344; INTERNAL; 5; 40; 35; 6742
INTERNAL; 8; 42; 34; 1348; INTERNAL; 5; 41; 36; 1343
INTERNAL; 5; 41; 36; 1343; INTERNAL; 4; 40; 36; 2396
INTERNAL; 8; 42; 34; 1348; INTERNAL; 7; 35; 28; 6901
INTERNAL; 7; 35; 28; 6901; INTERNAL; 6; 34; 28; 3846
INTERNAL; 6; 34; 28; 3846; INTERNAL; 4; 33; 29; 6904
INTERNAL; 6; 34; 28; 3846; INTERNAL; 5; 33; 28; 3810
INTERNAL; 41; 46; 5; 1324; INTERNAL; 40; 44; 4; 1365
INTERNAL; 40; 44; 4; 1365; INTERNAL; 38; 42; 4; 6022
INTERNAL; 40; 44; 4; 1365; INTERNAL; 34; 42; 8; 1391
INTERNAL; 34; 42; 8; 1391; INTERNAL; 33; 41; 8; 1379
INTERNAL; 34; 42; 8; 1391; INTERNAL; 33; 33; 0; 7128
INTERNAL; 33; 33; 0; 7128; INTERNAL; 32; 32; 0; 4173
INTERNAL; 32; 32; 0; 4173; INTERNAL; 31; 31; 0; 6989
INTERNAL; 40; 44; 4; 1365; INTERNAL; 39; 43; 4; 1341
INTERNAL; 40; 44; 4; 1365; INTERNAL; 39; 43; 4; 5097
INTERNAL; 39; 43; 4; 5097; INTERNAL; 33; 40; 7; 3764
INTERNAL; 33; 40; 7; 3764; INTERNAL; 32; 39; 7; 1432
INTERNAL; 39; 43; 4; 5097; INTERNAL; 38; 40; 2; 1434
INTERNAL; 38; 40; 2; 1434; INTERNAL; 9; 39; 30; 1459
INTERNAL; 9; 39; 30; 1459; INTERNAL; 8; 38; 30; 1503
INTERNAL; 8; 38; 30; 1503; INTERNAL; 6; 37; 31; 1499
INTERNAL; 6; 37; 31; 1499; INTERNAL; 4; 36; 32; 1497
INTERNAL; 6; 37; 31; 1499; INTERNAL; 5; 36; 31; 1498
INTERNAL; 8; 38; 30; 1503; INTERNAL; 7; 37; 30; 1500
INTERNAL; 9; 39; 30; 1459; INTERNAL; 7; 38; 31; 1458
INTERNAL; 7; 38; 31; 1458; INTERNAL; 6; 37; 31; 7290
INTERNAL; 6; 37; 31; 7290; INTERNAL; 5; 36; 31; 1456
INTERNAL; 5; 36; 31; 1456; INTERNAL; 4; 35; 31; 1454
INTERNAL; 6; 37; 31; 7290; INTERNAL; 5; 36; 31; 1455
INTERNAL; 7; 38; 31; 1458; INTERNAL; 5; 37; 32; 1457
INTERNAL; 5; 37; 32; 1457; INTERNAL; 4; 34; 30; 6894
INTERNAL; 39; 43; 4; 5097; INTERNAL; 9; 40; 31; 2759
INTERNAL; 9; 40; 31; 2759; INTERNAL; 6; 39; 33; 1430
INTERNAL; 6; 39; 33; 1430; INTERNAL; 4; 38; 34; 1648
INTERNAL; 9; 40; 31; 2759; INTERNAL; 8; 39; 31; 2927
INTERNAL; 8; 39; 31; 2927; INTERNAL; 7; 38; 31; 1427
INTERNAL; 7; 38; 31; 1427; INTERNAL; 4; 37; 33; 1426
INTERNAL; 7; 38; 31; 1427; INTERNAL; 4; 37; 33; 1424
INTERNAL; 7; 38; 31; 1427; INTERNAL; 5; 37; 32; 2691
INTERNAL; 9; 40; 31; 2759; INTERNAL; 5; 39; 34; 1429
INTERNAL; 5; 39; 34; 1429; INTERNAL; 4; 38; 34; 4197
INTERNAL; 5; 39; 34; 1429; INTERNAL; 4; 38; 34; 1482
INTERNAL; 9; 40; 31; 2759; INTERNAL; 4; 39; 35; 1428
INTERNAL; 9; 40; 31; 2759; INTERNAL; 6; 39; 33; 1431
INTERNAL; 6; 39; 33; 1431; INTERNAL; 5; 38; 33; 1423
INTERNAL; 39; 43; 4; 5097; INTERNAL; 9; 40; 31; 1433
INTERNAL; 40; 44; 4; 1365; INTERNAL; 36; 43; 7; 1340
INTERNAL; 36; 43; 7; 1340; INTERNAL; 34; 34; 0; 4413
INTERNAL; 34; 34; 0; 4413; INTERNAL; 33; 33; 0; 2283
INTERNAL; 34; 34; 0; 4413; INTERNAL; 21; 33; 12; 7178
INTERNAL; 36; 43; 7; 1340; INTERNAL; 34; 34; 0; 7177
INTERNAL; 36; 43; 7; 1340; INTERNAL; 35; 42; 7; 1339
INTERNAL; 35; 42; 7; 1339; INTERNAL; 34; 34; 0; 2122
INTERNAL; 42; 48; 6; 1303; INTERNAL; 39; 46; 7; 1321
INTERNAL; 39; 46; 7; 1321; INTERNAL; 35; 45; 10; 3343
INTERNAL; 35; 45; 10; 3343; INTERNAL; 34; 44; 10; 1708
INTERNAL; 35; 45; 10; 3343; INTERNAL; 34; 34; 0; 7147
INTERNAL; 34; 34; 0; 7147; INTERNAL; 33; 33; 0; 7154
INTERNAL; 39; 46; 7; 1321; INTERNAL; 38; 45; 7; 2706
INTERNAL; 38; 45; 7; 2706; INTERNAL; 10; 44; 34; 1318
INTERNAL; 10; 44; 34; 1318; INTERNAL; 9; 43; 34; 1317
INTERNAL; 9; 43; 34; 1317; INTERNAL; 4; 42; 38; 1314
INTERNAL; 9; 43; 34; 1317; INTERNAL; 6; 42; 36; 1316
INTERNAL; 6; 42; 36; 1316; INTERNAL; 5; 41; 36; 1310
INTERNAL; 9; 43; 34; 1317; INTERNAL; 8; 42; 34; 7241
INTERNAL; 8; 42; 34; 7241; INTERNAL; 7; 41; 34; 1313
INTERNAL; 7; 41; 34; 1313; INTERNAL; 5; 40; 35; 1311
INTERNAL; 8; 42; 34; 7241; INTERNAL; 5; 41; 36; 1312
INTERNAL; 9; 43; 34; 1317; INTERNAL; 5; 42; 37; 1315
INTERNAL; 39; 46; 7; 1321; INTERNAL; 36; 45; 9; 4957
INTERNAL; 42; 48; 6; 1303; INTERNAL; 37; 46; 9; 1319
INTERNAL; 37; 46; 9; 1319; INTERNAL; 35; 36; 1; 7179
INTERNAL; 35; 36; 1; 7179; INTERNAL; 34; 34; 0; 7176
INTERNAL; 34; 34; 0; 7176; INTERNAL; 21; 33; 12; 7080
INTERNAL; 37; 46; 9; 1319; INTERNAL; 36; 45; 9; 1563
INTERNAL; 36; 45; 9; 1563; INTERNAL; 35; 35; 0; 7182
INTERNAL; 42; 48; 6; 1303; INTERNAL; 40; 47; 7; 1301
INTERNAL; 40; 47; 7; 1301; INTERNAL; 39; 46; 7; 1299
INTERNAL; 39; 46; 7; 1299; INTERNAL; 10; 45; 35; 7528
INTERNAL; 39; 46; 7; 1299; INTERNAL; 38; 45; 7; 5460
INTERNAL; 39; 46; 7; 1299; INTERNAL; 36; 45; 9; 1296
INTERNAL; 36; 45; 9; 1296; INTERNAL; 35; 44; 9; 1295
INTERNAL; 40; 47; 7; 1301; INTERNAL; 38; 46; 8; 1297
INTERNAL; 38; 46; 8; 1297; INTERNAL; 35; 35; 0; 6626
INTERNAL; 38; 46; 8; 1297; INTERNAL; 36; 45; 9; 1294
INTERNAL; 38; 46; 8; 1297; INTERNAL; 37; 39; 2; 7202
INTERNAL; 37; 39; 2; 7202; INTERNAL; 35; 35; 0; 7211
INTERNAL; 37; 39; 2; 7202; INTERNAL; 36; 36; 0; 7210
INTERNAL; 40; 47; 7; 1301; INTERNAL; 39; 46; 7; 2525
INTERNAL; 42; 48; 6; 1303; INTERNAL; 38; 47; 9; 1300
INTERNAL; 38; 47; 9; 1300; INTERNAL; 36; 36; 0; 7245
INTERNAL; 36; 36; 0; 7245; INTERNAL; 18; 35; 17; 7247
INTERNAL; 38; 47; 9; 1300; INTERNAL; 37; 46; 9; 1293
INTERNAL; 37; 46; 9; 1293; INTERNAL; 36; 36; 0; 2848
INTERNAL; 37; 46; 9; 1293; INTERNAL; 35; 35; 0; 7248
INTERNAL; 38; 47; 9; 1300; INTERNAL; 37; 37; 0; 7256
INTERNAL; 37; 37; 0; 7256; INTERNAL; 36; 36; 0; 7250
INTERNAL; 37; 37; 0; 7256; INTERNAL; 36; 36; 0; 7795
INTERNAL; 42; 48; 6; 1303; INTERNAL; 40; 46; 6; 1322
INTERNAL; 43; 50; 7; 1262; INTERNAL; 39; 48; 9; 1302
INTERNAL; 39; 48; 9; 1302; INTERNAL; 37; 37; 0; 7255
INTERNAL; 39; 48; 9; 1302; INTERNAL; 38; 38; 0; 7253
INTERNAL; 38; 38; 0; 7253; INTERNAL; 37; 37; 0; 7244
INTERNAL; 38; 38; 0; 7253; INTERNAL; 37; 37; 0; 2740
INTERNAL; 43; 50; 7; 1262; INTERNAL; 41; 48; 7; 4840
INTERNAL; 41; 48; 7; 4840; INTERNAL; 39; 47; 8; 2482
INTERNAL; 39; 47; 8; 2482; INTERNAL; 38; 46; 8; 7728
INTERNAL; 39; 47; 8; 2482; INTERNAL; 38; 38; 0; 3739
INTERNAL; 41; 48; 7; 4840; INTERNAL; 37; 47; 10; 2993
INTERNAL; 37; 47; 10; 2993; INTERNAL; 36; 36; 0; 7251
INTERNAL; 37; 47; 10; 2993; INTERNAL; 36; 46; 10; 1284
INTERNAL; 41; 48; 7; 4840; INTERNAL; 40; 47; 7; 1292
INTERNAL; 40; 47; 7; 1292; INTERNAL; 36; 46; 10; 1290
INTERNAL; 36; 46; 10; 1290; INTERNAL; 35; 45; 10; 7962
INTERNAL; 36; 46; 10; 1290; INTERNAL; 35; 35; 0; 6879
INTERNAL; 35; 35; 0; 6879; INTERNAL; 34; 34; 0; 2568
INTERNAL; 40; 47; 7; 1292; INTERNAL; 39; 46; 7; 1291
INTERNAL; 39; 46; 7; 1291; INTERNAL; 8; 44; 36; 5962
INTERNAL; 8; 44; 36; 5962; INTERNAL; 6; 43; 37; 1288
INTERNAL; 6; 43; 37; 1288; INTERNAL; 5; 42; 37; 6566
INTERNAL; 8; 44; 36; 5962; INTERNAL; 6; 40; 34; 1289
INTERNAL; 6; 40; 34; 1289; INTERNAL; 4; 39; 35; 1285
INTERNAL; 6; 40; 34; 1289; INTERNAL; 5; 39; 34; 1286
INTERNAL; 8; 44; 36; 5962; INTERNAL; 5; 43; 38; 1287
INTERNAL; 52; 52; 0; 630; INTERNAL; 42; 51; 9; 698
INTERNAL; 42; 51; 9; 698; INTERNAL; 41; 49; 8; 1231
INTERNAL; 41; 49; 8; 1231; INTERNAL; 37; 47; 10; 1227
INTERNAL; 37; 47; 10; 1227; INTERNAL; 36; 46; 10; 2942
INTERNAL; 41; 49; 8; 1231; INTERNAL; 38; 48; 10; 1229
INTERNAL; 38; 48; 10; 1229; INTERNAL; 37; 47; 10; 1223
INTERNAL; 41; 49; 8; 1231; INTERNAL; 40; 48; 8; 1230
INTERNAL; 40; 48; 8; 1230; INTERNAL; 39; 47; 8; 1226
INTERNAL; 40; 48; 8; 1230; INTERNAL; 38; 47; 9; 1965
INTERNAL; 38; 47; 9; 1965; INTERNAL; 9; 45; 36; 1225
INTERNAL; 9; 45; 36; 1225; INTERNAL; 8; 44; 36; 2051
INTERNAL; 8; 44; 36; 2051; INTERNAL; 6; 22; 16; 3621
INTERNAL; 6; 22; 16; 3621; INTERNAL; 5; 21; 16; 7072
INTERNAL; 6; 22; 16; 3621; INTERNAL; 4; 21; 17; 7075
INTERNAL; 6; 22; 16; 3621; INTERNAL; 5; 21; 16; 4378
INTERNAL; 8; 44; 36; 2051; INTERNAL; 6; 43; 37; 1775
INTERNAL; 8; 44; 36; 2051; INTERNAL; 6; 34; 28; 6932
INTERNAL; 6; 34; 28; 6932; INTERNAL; 5; 33; 28; 6935
INTERNAL; 8; 44; 36; 2051; INTERNAL; 5; 43; 38; 1224
INTERNAL; 5; 43; 38; 1224; INTERNAL; 4; 42; 38; 3798
INTERNAL; 42; 51; 9; 698; INTERNAL; 39; 49; 10; 2261
INTERNAL; 39; 49; 10; 2261; INTERNAL; 38; 38; 0; 7401
INTERNAL; 38; 38; 0; 7401; INTERNAL; 37; 37; 0; 6093
INTERNAL; 39; 49; 10; 2261; INTERNAL; 38; 48; 10; 3242
INTERNAL; 39; 49; 10; 2261; INTERNAL; 38; 38; 0; 7329
INTERNAL; 42; 51; 9; 698; INTERNAL; 41; 49; 8; 1232
INTERNAL; 52; 52; 0; 630; INTERNAL; 51; 51; 0; 1234
INTERNAL; 51; 51; 0; 1234; INTERNAL; 45; 50; 5; 6331
INTERNAL; 45; 50; 5; 6331; INTERNAL; 43; 48; 5; 1327
INTERNAL; 43; 48; 5; 1327; INTERNAL; 39; 47; 8; 1307
INTERNAL; 39; 47; 8; 1307; INTERNAL; 38; 46; 8; 1306
INTERNAL; 43; 48; 5; 1327; INTERNAL; 41; 46; 5; 1369
INTERNAL; 41; 46; 5; 1369; INTERNAL; 40; 45; 5; 1337
INTERNAL; 41; 46; 5; 1369; INTERNAL; 40; 45; 5; 1335
INTERNAL; 40; 45; 5; 1335; INTERNAL; 35; 42; 7; 1528
INTERNAL; 35; 42; 7; 1528; INTERNAL; 34; 41; 7; 1402
INTERNAL; 40; 45; 5; 1335; INTERNAL; 39; 43; 4; 5441
INTERNAL; 40; 45; 5; 1335; INTERNAL; 39; 42; 3; 5584
INTERNAL; 40; 45; 5; 1335; INTERNAL; 35; 43; 8; 1393
INTERNAL; 35; 43; 8; 1393; INTERNAL; 34; 42; 8; 3883
INTERNAL; 40; 45; 5; 1335; INTERNAL; 34; 42; 8; 5624
INTERNAL; 34; 42; 8; 5624; INTERNAL; 33; 41; 8; 1401
INTERNAL; 34; 42; 8; 5624; INTERNAL; 33; 34; 1; 5891
INTERNAL; 33; 34; 1; 5891; INTERNAL; 32; 32; 0; 4826
INTERNAL; 41; 46; 5; 1369; INTERNAL; 38; 45; 7; 5104
INTERNAL; 38; 45; 7; 5104; INTERNAL; 36; 44; 8; 1334
INTERNAL; 43; 48; 5; 1327; INTERNAL; 42; 46; 4; 1763
INTERNAL; 42; 46; 4; 1763; INTERNAL; 41; 45; 4; 7724
INTERNAL; 42; 46; 4; 1763; INTERNAL; 36; 45; 9; 1367
INTERNAL; 36; 45; 9; 1367; INTERNAL; 35; 44; 9; 3688
INTERNAL; 42; 46; 4; 1763; INTERNAL; 37; 45; 8; 7326
INTERNAL; 37; 45; 8; 7326; INTERNAL; 36; 44; 8; 1338
INTERNAL; 43; 48; 5; 1327; INTERNAL; 39; 46; 7; 1368
INTERNAL; 39; 46; 7; 1368; INTERNAL; 38; 45; 7; 1333
INTERNAL; 45; 50; 5; 6331; INTERNAL; 43; 48; 5; 1329
INTERNAL; 43; 48; 5; 1329; INTERNAL; 42; 47; 5; 4662
INTERNAL; 43; 48; 5; 1329; INTERNAL; 38; 47; 9; 1325
INTERNAL; 38; 47; 9; 1325; INTERNAL; 37; 46; 9; 1308
INTERNAL; 43; 48; 5; 1329; INTERNAL; 42; 47; 5; 1326
INTERNAL; 45; 50; 5; 6331; INTERNAL; 44; 48; 4; 4219
INTERNAL; 44; 48; 4; 4219; INTERNAL; 40; 47; 7; 1370
INTERNAL; 40; 47; 7; 1370; INTERNAL; 39; 46; 7; 1332
INTERNAL; 44; 48; 4; 4219; INTERNAL; 41; 46; 5; 2830
INTERNAL; 41; 46; 5; 2830; INTERNAL; 40; 43; 3; 2314
INTERNAL; 40; 43; 3; 2314; INTERNAL; 34; 41; 7; 1435
INTERNAL; 34; 41; 7; 1435; INTERNAL; 33; 40; 7; 1422
INTERNAL; 40; 43; 3; 2314; INTERNAL; 39; 41; 2; 1656
INTERNAL; 40; 43; 3; 2314; INTERNAL; 39; 41; 2; 1436
INTERNAL; 39; 41; 2; 1436; INTERNAL; 33; 40; 7; 1460
INTERNAL; 33; 40; 7; 1460; INTERNAL; 32; 32; 0; 4236
INTERNAL; 33; 40; 7; 1460; INTERNAL; 32; 39; 7; 1451
INTERNAL; 39; 41; 2; 1436; INTERNAL; 34; 40; 6; 3115
INTERNAL; 34; 40; 6; 3115; INTERNAL; 33; 39; 6; 2176
INTERNAL; 33; 39; 6; 2176; INTERNAL; 32; 38; 6; 1476
INTERNAL; 32; 38; 6; 1476; INTERNAL; 30; 37; 7; 3441
INTERNAL; 33; 39; 6; 2176; INTERNAL; 31; 31; 0; 7001
INTERNAL; 34; 40; 6; 3115; INTERNAL; 8; 38; 30; 1475
INTERNAL; 8; 38; 30; 1475; INTERNAL; 6; 37; 31; 6920
INTERNAL; 6; 37; 31; 6920; INTERNAL; 5; 36; 31; 1472
INTERNAL; 6; 37; 31; 6920; INTERNAL; 4; 36; 32; 1473
INTERNAL; 8; 38; 30; 1475; INTERNAL; 6; 23; 17; 7088
INTERNAL; 6; 23; 17; 7088; INTERNAL; 5; 22; 17; 6381
INTERNAL; 8; 38; 30; 1475; INTERNAL; 7; 37; 30; 3865
INTERNAL; 7; 37; 30; 3865; INTERNAL; 5; 36; 31; 6459
INTERNAL; 7; 37; 30; 3865; INTERNAL; 6; 36; 30; 3902
INTERNAL; 6; 36; 30; 3902; INTERNAL; 5; 35; 30; 4569
INTERNAL; 6; 36; 30; 3902; INTERNAL; 4; 35; 31; 1474
INTERNAL; 39; 41; 2; 1436; INTERNAL; 38; 40; 2; 3339
INTERNAL; 41; 46; 5; 2830; INTERNAL; 40; 44; 4; 1394
INTERNAL; 41; 46; 5; 2830; INTERNAL; 36; 44; 8; 1413
INTERNAL; 36; 44; 8; 1413; INTERNAL; 35; 43; 8; 3614
INTERNAL; 41; 46; 5; 2830; INTERNAL; 40; 43; 3; 1412
INTERNAL; 41; 46; 5; 2830; INTERNAL; 37; 44; 7; 2434
INTERNAL; 37; 44; 7; 2434; INTERNAL; 36; 43; 7; 1378
INTERNAL; 44; 48; 4; 4219; INTERNAL; 38; 46; 8; 1372
INTERNAL; 38; 46; 8; 1372; INTERNAL; 37; 45; 8; 1331
INTERNAL; 44; 48; 4; 4219; INTERNAL; 43; 47; 4; 1371
INTERNAL; 44; 48; 4; 4219; INTERNAL; 41; 46; 5; 5412
INTERNAL; 51; 51; 0; 1234; INTERNAL; 43; 49; 6; 7237
INTERNAL; 51; 51; 0; 1234; INTERNAL; 43; 49; 6; 3908
INTERNAL; 43; 49; 6; 3908; INTERNAL; 42; 48; 6; 3745
INTERNAL; 43; 49; 6; 3908; INTERNAL; 40; 48; 8; 1282
INTERNAL; 40; 48; 8; 1282; INTERNAL; 39; 39; 0; 4565
INTERNAL; 40; 48; 8; 1282; INTERNAL; 38; 47; 9; 1281
INTERNAL; 51; 51; 0; 1234; INTERNAL; 50; 50; 0; 3800
INTERNAL; 50; 50; 0; 3800; INTERNAL; 44; 48; 4; 3023
INTERNAL; 44; 48; 4; 3023; INTERNAL; 39; 45; 6; 1590
INTERNAL; 39; 45; 6; 1590; INTERNAL; 38; 44; 6; 1398
INTERNAL; 44; 48; 4; 3023; INTERNAL; 43; 45; 2; 1416
INTERNAL; 43; 45; 2; 1416; INTERNAL; 41; 43; 2; 1439
INTERNAL; 41; 43; 2; 1439; INTERNAL; 36; 42; 6; 1437
INTERNAL; 36; 42; 6; 1437; INTERNAL; 35; 41; 6; 1960
INTERNAL; 41; 43; 2; 1439; INTERNAL; 39; 41; 2; 1462
INTERNAL; 41; 43; 2; 1439; INTERNAL; 40; 42; 2; 1465
INTERNAL; 40; 42; 2; 1465; INTERNAL; 32; 38; 6; 6492
INTERNAL; 32; 38; 6; 6492; INTERNAL; 31; 37; 6; 1530
INTERNAL; 31; 37; 6; 1530; INTERNAL; 30; 36; 6; 1529
INTERNAL; 32; 38; 6; 6492; INTERNAL; 31; 31; 0; 7752
INTERNAL; 40; 42; 2; 1465; INTERNAL; 34; 40; 6; 1506
INTERNAL; 34; 40; 6; 1506; INTERNAL; 33; 39; 6; 2670
INTERNAL; 33; 39; 6; 2670; INTERNAL; 32; 38; 6; 1841
INTERNAL; 40; 42; 2; 1465; INTERNAL; 38; 39; 1; 6481
INTERNAL; 38; 39; 1; 6481; INTERNAL; 8; 36; 28; 7193
INTERNAL; 8; 36; 28; 7193; INTERNAL; 6; 35; 29; 7196
INTERNAL; 8; 36; 28; 7193; INTERNAL; 5; 26; 21; 7103
INTERNAL; 8; 36; 28; 7193; INTERNAL; 5; 35; 30; 7198
INTERNAL; 5; 35; 30; 7198; INTERNAL; 4; 34; 30; 2050
INTERNAL; 5; 35; 30; 7198; INTERNAL; 4; 34; 30; 7200
INTERNAL; 8; 36; 28; 7193; INTERNAL; 6; 35; 29; 2929
INTERNAL; 6; 35; 29; 2929; INTERNAL; 4; 34; 30; 6921
INTERNAL; 38; 39; 1; 6481; INTERNAL; 37; 37; 0; 5286
INTERNAL; 37; 37; 0; 5286; INTERNAL; 2; 36; 34; 4142
INTERNAL; 37; 37; 0; 5286; INTERNAL; 10; 36; 26; 3182
INTERNAL; 10; 36; 26; 3182; INTERNAL; 8; 35; 27; 6923
INTERNAL; 8; 35; 27; 6923; INTERNAL; 7; 34; 27; 6788
INTERNAL; 7; 34; 27; 6788; INTERNAL; 6; 33; 27; 6961
INTERNAL; 6; 33; 27; 6961; INTERNAL; 5; 32; 27; 4073
INTERNAL; 8; 35; 27; 6923; INTERNAL; 5; 34; 29; 6218
INTERNAL; 5; 34; 29; 6218; INTERNAL; 4; 33; 29; 6388
INTERNAL; 8; 35; 27; 6923; INTERNAL; 7; 34; 27; 6547
INTERNAL; 7; 34; 27; 6547; INTERNAL; 6; 33; 27; 1982
INTERNAL; 6; 33; 27; 1982; INTERNAL; 5; 32; 27; 6934
INTERNAL; 10; 36; 26; 3182; INTERNAL; 9; 35; 26; 6972
INTERNAL; 9; 35; 26; 6972; INTERNAL; 5; 34; 29; 6392
INTERNAL; 5; 34; 29; 6392; INTERNAL; 4; 33; 29; 5129
INTERNAL; 5; 34; 29; 6392; INTERNAL; 4; 33; 29; 6977
INTERNAL; 9; 35; 26; 6972; INTERNAL; 5; 23; 18; 6975
INTERNAL; 5; 23; 18; 6975; INTERNAL; 4; 22; 18; 7498
INTERNAL; 9; 35; 26; 6972; INTERNAL; 6; 34; 28; 6974
INTERNAL; 9; 35; 26; 6972; INTERNAL; 5; 34; 29; 7596
INTERNAL; 5; 34; 29; 7596; INTERNAL; 4; 33; 29; 4652
INTERNAL; 38; 39; 1; 6481; INTERNAL; 31; 37; 6; 7191
INTERNAL; 31; 37; 6; 7191; INTERNAL; 30; 30; 0; 6940
INTERNAL; 31; 37; 6; 7191; INTERNAL; 30; 36; 6; 3492
INTERNAL; 30; 36; 6; 3492; INTERNAL; 29; 29; 0; 6955
INTERNAL; 38; 39; 1; 6481; INTERNAL; 8; 36; 28; 7224
INTERNAL; 8; 36; 28; 7224; INTERNAL; 6; 35; 29; 7226
INTERNAL; 6; 35; 29; 7226; INTERNAL; 4; 34; 30; 7231
INTERNAL; 6; 35; 29; 7226; INTERNAL; 5; 34; 29; 7229
INTERNAL; 5; 34; 29; 7229; INTERNAL; 4; 33; 29; 7232
INTERNAL; 8; 36; 28; 7224; INTERNAL; 5; 22; 17; 3797
INTERNAL; 5; 22; 17; 3797; INTERNAL; 4; 21; 17; 5954
INTERNAL; 8; 36; 28; 7224; INTERNAL; 7; 22; 15; 7065
INTERNAL; 7; 22; 15; 7065; INTERNAL; 5; 21; 16; 4855
INTERNAL; 7; 22; 15; 7065; INTERNAL; 4; 21; 17; 6891
INTERNAL; 7; 22; 15; 7065; INTERNAL; 6; 21; 15; 7520
INTERNAL; 6; 21; 15; 7520; INTERNAL; 5; 20; 15; 7067
INTERNAL; 6; 21; 15; 7520; INTERNAL; 4; 20; 16; 6830
INTERNAL; 38; 39; 1; 6481; INTERNAL; 10; 37; 27; 5708
INTERNAL; 40; 42; 2; 1465; INTERNAL; 39; 40; 1; 1507
INTERNAL; 39; 40; 1; 1507; INTERNAL; 38; 39; 1; 1505
INTERNAL; 38; 39; 1; 1505; INTERNAL; 9; 37; 28; 1533
INTERNAL; 9; 37; 28; 1533; INTERNAL; 8; 36; 28; 7286
INTERNAL; 8; 36; 28; 7286; INTERNAL; 5; 35; 30; 1531
INTERNAL; 8; 36; 28; 7286; INTERNAL; 6; 35; 29; 1532
INTERNAL; 6; 35; 29; 1532; INTERNAL; 5; 34; 29; 7538
INTERNAL; 5; 34; 29; 7538; INTERNAL; 4; 33; 29; 3615
INTERNAL; 39; 40; 1; 1507; INTERNAL; 32; 39; 7; 6065
INTERNAL; 32; 39; 7; 6065; INTERNAL; 30; 38; 8; 1501
INTERNAL; 32; 39; 7; 6065; INTERNAL; 31; 31; 0; 4398
INTERNAL; 39; 40; 1; 1507; INTERNAL; 9; 39; 30; 1504
INTERNAL; 40; 42; 2; 1465; INTERNAL; 39; 40; 1; 5639
INTERNAL; 39; 40; 1; 5639; INTERNAL; 9; 39; 30; 1477
INTERNAL; 40; 42; 2; 1465; INTERNAL; 38; 38; 0; 4848
INTERNAL; 41; 43; 2; 1439; INTERNAL; 34; 41; 7; 2199
INTERNAL; 34; 41; 7; 2199; INTERNAL; 33; 40; 7; 6973
INTERNAL; 41; 43; 2; 1439; INTERNAL; 39; 42; 3; 1464
INTERNAL; 41; 43; 2; 1439; INTERNAL; 40; 42; 2; 1438
INTERNAL; 43; 45; 2; 1416; INTERNAL; 38; 44; 6; 1442
INTERNAL; 38; 44; 6; 1442; INTERNAL; 36; 43; 7; 1559
INTERNAL; 43; 45; 2; 1416; INTERNAL; 42; 43; 1; 1440
INTERNAL; 42; 43; 1; 1440; INTERNAL; 35; 42; 7; 5154
INTERNAL; 35; 42; 7; 5154; INTERNAL; 34; 41; 7; 1450
INTERNAL; 42; 43; 1; 1440; INTERNAL; 41; 42; 1; 5121
INTERNAL; 41; 42; 1; 5121; INTERNAL; 40; 41; 1; 2472
INTERNAL; 41; 42; 1; 5121; INTERNAL; 35; 41; 6; 5634
INTERNAL; 35; 41; 6; 5634; INTERNAL; 34; 40; 6; 1471
INTERNAL; 41; 42; 1; 5121; INTERNAL; 34; 41; 7; 1479
INTERNAL; 34; 41; 7; 1479; INTERNAL; 32; 40; 8; 1470
INTERNAL; 42; 43; 1; 1440; INTERNAL; 40; 42; 2; 1463
INTERNAL; 44; 48; 4; 3023; INTERNAL; 40; 46; 6; 1397
INTERNAL; 40; 46; 6; 1397; INTERNAL; 39; 45; 6; 6070
INTERNAL; 44; 48; 4; 3023; INTERNAL; 42; 45; 3; 7946
INTERNAL; 42; 45; 3; 7946; INTERNAL; 41; 44; 3; 1414
INTERNAL; 42; 45; 3; 7946; INTERNAL; 41; 44; 3; 1415
INTERNAL; 42; 45; 3; 7946; INTERNAL; 37; 44; 7; 3563
INTERNAL; 37; 44; 7; 3563; INTERNAL; 36; 43; 7; 1400
INTERNAL; 44; 48; 4; 3023; INTERNAL; 42; 46; 4; 6798
INTERNAL; 42; 46; 4; 6798; INTERNAL; 41; 45; 4; 1396
INTERNAL; 42; 46; 4; 6798; INTERNAL; 38; 45; 7; 1395
INTERNAL; 38; 45; 7; 1395; INTERNAL; 37; 44; 7; 1377
INTERNAL; 50; 50; 0; 3800; INTERNAL; 45; 49; 4; 6554
INTERNAL; 45; 49; 4; 6554; INTERNAL; 42; 47; 5; 1376
INTERNAL; 45; 49; 4; 6554; INTERNAL; 40; 47; 7; 1375
INTERNAL; 40; 47; 7; 1375; INTERNAL; 38; 46; 8; 1330
INTERNAL; 45; 49; 4; 6554; INTERNAL; 42; 47; 5; 1374
INTERNAL; 45; 49; 4; 6554; INTERNAL; 44; 48; 4; 1373
INTERNAL; 50; 50; 0; 3800; INTERNAL; 45; 49; 4; 7195
INTERNAL; 50; 50; 0; 3800; INTERNAL; 45; 49; 4; 5718
INTERNAL; 50; 50; 0; 3800; INTERNAL; 49; 49; 0; 4195
INTERNAL; 49; 49; 0; 4195; INTERNAL; 45; 47; 2; 2661
INTERNAL; 45; 47; 2; 2661; INTERNAL; 44; 45; 1; 1447
INTERNAL; 44; 45; 1; 1447; INTERNAL; 43; 44; 1; 1486
INTERNAL; 43; 44; 1; 1486; INTERNAL; 42; 43; 1; 1484
INTERNAL; 42; 43; 1; 1484; INTERNAL; 41; 42; 1; 1481
INTERNAL; 42; 43; 1; 1484; INTERNAL; 41; 42; 1; 1480
INTERNAL; 41; 42; 1; 1480; INTERNAL; 40; 41; 1; 1509
INTERNAL; 40; 41; 1; 1509; INTERNAL; 33; 38; 5; 7220
INTERNAL; 33; 38; 5; 7220; INTERNAL; 32; 37; 5; 5047
INTERNAL; 32; 37; 5; 5047; INTERNAL; 30; 36; 6; 7233
INTERNAL; 40; 41; 1; 1509; INTERNAL; 39; 39; 0; 6591
INTERNAL; 40; 41; 1; 1509; INTERNAL; 33; 39; 6; 1534
INTERNAL; 33; 39; 6; 1534; INTERNAL; 32; 38; 6; 1526
INTERNAL; 40; 41; 1; 1509; INTERNAL; 31; 37; 6; 7222
INTERNAL; 31; 37; 6; 7222; INTERNAL; 30; 30; 0; 7005
INTERNAL; 30; 30; 0; 7005; INTERNAL; 29; 29; 0; 7009
INTERNAL; 31; 37; 6; 7222; INTERNAL; 30; 36; 6; 7910
INTERNAL; 40; 41; 1; 1509; INTERNAL; 38; 39; 1; 1535
INTERNAL; 38; 39; 1; 1535; INTERNAL; 9; 37; 28; 5735
INTERNAL; 41; 42; 1; 1480; INTERNAL; 40; 41; 1; 1510
INTERNAL; 41; 42; 1; 1480; INTERNAL; 35; 41; 6; 1508
INTERNAL; 35; 41; 6; 1508; INTERNAL; 34; 40; 6; 1496
INTERNAL; 43; 44; 1; 1486; INTERNAL; 36; 42; 6; 1512
INTERNAL; 36; 42; 6; 1512; INTERNAL; 35; 41; 6; 1495
INTERNAL; 43; 44; 1; 1486; INTERNAL; 41; 42; 1; 1514
INTERNAL; 41; 42; 1; 1514; INTERNAL; 34; 39; 5; 7218
INTERNAL; 34; 39; 5; 7218; INTERNAL; 32; 38; 6; 7236
INTERNAL; 41; 42; 1; 1514; INTERNAL; 34; 40; 6; 2698
INTERNAL; 34; 40; 6; 2698; INTERNAL; 33; 39; 6; 1929
INTERNAL; 41; 42; 1; 1514; INTERNAL; 39; 39; 0; 5871
INTERNAL; 39; 39; 0; 5871; INTERNAL; 38; 38; 0; 6959
INTERNAL; 38; 38; 0; 6959; INTERNAL; 30; 37; 7; 2358
INTERNAL; 30; 37; 7; 2358; INTERNAL; 29; 29; 0; 6926
INTERNAL; 30; 37; 7; 2358; INTERNAL; 29; 36; 7; 7332
INTERNAL; 29; 36; 7; 7332; INTERNAL; 28; 35; 7; 2644
INTERNAL; 38; 38; 0; 6959; INTERNAL; 8; 37; 29; 6970
INTERNAL; 8; 37; 29; 6970; INTERNAL; 6; 36; 30; 1974
INTERNAL; 6; 36; 30; 1974; INTERNAL; 4; 35; 31; 6008
INTERNAL; 8; 37; 29; 6970; INTERNAL; 5; 36; 31; 5371
INTERNAL; 8; 37; 29; 6970; INTERNAL; 5; 36; 31; 6971
INTERNAL; 38; 38; 0; 6959; INTERNAL; 8; 37; 29; 6916
INTERNAL; 8; 37; 29; 6916; INTERNAL; 6; 36; 30; 5247
INTERNAL; 6; 36; 30; 5247; INTERNAL; 5; 35; 30; 6922
INTERNAL; 8; 37; 29; 6916; INTERNAL; 7; 36; 29; 3245
INTERNAL; 7; 36; 29; 3245; INTERNAL; 5; 35; 30; 4135
INTERNAL; 7; 36; 29; 3245; INTERNAL; 6; 35; 29; 6882
INTERNAL; 6; 35; 29; 6882; INTERNAL; 5; 34; 29; 3354
INTERNAL; 7; 36; 29; 3245; INTERNAL; 6; 35; 29; 6878
INTERNAL; 6; 35; 29; 6878; INTERNAL; 5; 34; 29; 6887
INTERNAL; 5; 34; 29; 6887; INTERNAL; 4; 33; 29; 6888
INTERNAL; 6; 35; 29; 6878; INTERNAL; 5; 34; 29; 6024
INTERNAL; 7; 36; 29; 3245; INTERNAL; 5; 35; 30; 6885
INTERNAL; 38; 38; 0; 6959; INTERNAL; 37; 37; 0; 4829
INTERNAL; 37; 37; 0; 4829; INTERNAL; 4; 36; 32; 4926
INTERNAL; 4; 36; 32; 4926; INTERNAL; 3; 35; 32; 6918
INTERNAL; 38; 38; 0; 6959; INTERNAL; 37; 37; 0; 3627
INTERNAL; 37; 37; 0; 3627; INTERNAL; 2; 36; 34; 3649
INTERNAL; 39; 39; 0; 5871; INTERNAL; 31; 38; 7; 6967
INTERNAL; 31; 38; 7; 6967; INTERNAL; 30; 37; 7; 6986
INTERNAL; 30; 37; 7; 6986; INTERNAL; 28; 36; 8; 3528
INTERNAL; 39; 39; 0; 5871; INTERNAL; 38; 38; 0; 6540
INTERNAL; 39; 39; 0; 5871; INTERNAL; 32; 38; 6; 4392
INTERNAL; 32; 38; 6; 4392; INTERNAL; 31; 37; 6; 6141
INTERNAL; 31; 37; 6; 6141; INTERNAL; 30; 36; 6; 6911
INTERNAL; 39; 39; 0; 5871; INTERNAL; 38; 38; 0; 4806
INTERNAL; 41; 42; 1; 1514; INTERNAL; 40; 40; 0; 1536
INTERNAL; 41; 42; 1; 1514; INTERNAL; 39; 39; 0; 4332
INTERNAL; 39; 39; 0; 4332; INTERNAL; 38; 38; 0; 2317
INTERNAL; 43; 44; 1; 1486; INTERNAL; 37; 43; 6; 3161
INTERNAL; 37; 43; 6; 3161; INTERNAL; 36; 42; 6; 6732
INTERNAL; 43; 44; 1; 1486; INTERNAL; 36; 43; 7; 1483
INTERNAL; 36; 43; 7; 1483; INTERNAL; 35; 42; 7; 1469
INTERNAL; 43; 44; 1; 1486; INTERNAL; 41; 42; 1; 5663
INTERNAL; 44; 45; 1; 1447; INTERNAL; 38; 44; 6; 3587
INTERNAL; 38; 44; 6; 3587; INTERNAL; 37; 43; 6; 1448
INTERNAL; 44; 45; 1; 1447; INTERNAL; 42; 44; 2; 1485
INTERNAL; 42; 44; 2; 1485; INTERNAL; 41; 43; 2; 1468
INTERNAL; 42; 44; 2; 1485; INTERNAL; 37; 43; 6; 1466
INTERNAL; 37; 43; 6; 1466; INTERNAL; 36; 42; 6; 1449
INTERNAL; 45; 47; 2; 2661; INTERNAL; 44; 45; 1; 7810
INTERNAL; 44; 45; 1; 7810; INTERNAL; 42; 44; 2; 1443
INTERNAL; 44; 45; 1; 7810; INTERNAL; 43; 44; 1; 1444
INTERNAL; 44; 45; 1; 7810; INTERNAL; 38; 44; 6; 1441
INTERNAL; 38; 44; 6; 1441; INTERNAL; 37; 43; 6; 1421
INTERNAL; 45; 47; 2; 2661; INTERNAL; 40; 45; 5; 1446
INTERNAL; 40; 45; 5; 1446; INTERNAL; 38; 44; 6; 5559
INTERNAL; 49; 49; 0; 4195; INTERNAL; 45; 47; 2; 7821
INTERNAL; 45; 47; 2; 7821; INTERNAL; 44; 46; 2; 6432
INTERNAL; 45; 47; 2; 7821; INTERNAL; 39; 46; 7; 1417
INTERNAL; 45; 47; 2; 7821; INTERNAL; 44; 46; 2; 1418
INTERNAL; 49; 49; 0; 4195; INTERNAL; 45; 47; 2; 2377
INTERNAL; 49; 49; 0; 4195; INTERNAL; 48; 48; 0; 3976
INTERNAL; 48; 48; 0; 3976; INTERNAL; 45; 46; 1; 4043
INTERNAL; 45; 46; 1; 4043; INTERNAL; 40; 45; 5; 1487
INTERNAL; 40; 45; 5; 1487; INTERNAL; 39; 44; 5; 3557
INTERNAL; 45; 46; 1; 4043; INTERNAL; 43; 44; 1; 1488
INTERNAL; 43; 44; 1; 1488; INTERNAL; 41; 41; 0; 1537
INTERNAL; 41; 41; 0; 1537; INTERNAL; 39; 39; 0; 7189
INTERNAL; 41; 41; 0; 1537; INTERNAL; 40; 40; 0; 7215
INTERNAL; 40; 40; 0; 7215; INTERNAL; 30; 38; 8; 4948
INTERNAL; 30; 38; 8; 4948; INTERNAL; 28; 37; 9; 6996
INTERNAL; 30; 38; 8; 4948; INTERNAL; 29; 29; 0; 4749
INTERNAL; 40; 40; 0; 7215; INTERNAL; 39; 39; 0; 3933
INTERNAL; 39; 39; 0; 3933; INTERNAL; 32; 38; 6; 6964
INTERNAL; 32; 38; 6; 6964; INTERNAL; 31; 37; 6; 2315
INTERNAL; 31; 37; 6; 2315; INTERNAL; 30; 36; 6; 6985
INTERNAL; 40; 40; 0; 7215; INTERNAL; 38; 38; 0; 4908
INTERNAL; 40; 40; 0; 7215; INTERNAL; 39; 39; 0; 3007
INTERNAL; 40; 40; 0; 7215; INTERNAL; 39; 39; 0; 4074
INTERNAL; 39; 39; 0; 4074; INTERNAL; 29; 38; 9; 4055
INTERNAL; 29; 38; 9; 4055; INTERNAL; 28; 28; 0; 4992
INTERNAL; 29; 38; 9; 4055; INTERNAL; 28; 37; 9; 6957
INTERNAL; 28; 37; 9; 6957; INTERNAL; 27; 27; 0; 3858
INTERNAL; 39; 39; 0; 4074; INTERNAL; 31; 38; 7; 3634
INTERNAL; 31; 38; 7; 3634; INTERNAL; 30; 37; 7; 4084
INTERNAL; 39; 39; 0; 4074; INTERNAL; 38; 38; 0; 3959
INTERNAL; 39; 39; 0; 4074; INTERNAL; 38; 38; 0; 4524
INTERNAL; 38; 38; 0; 4524; INTERNAL; 8; 36; 28; 6749
INTERNAL; 8; 36; 28; 6749; INTERNAL; 5; 35; 30; 6902
INTERNAL; 5; 35; 30; 6902; INTERNAL; 4; 34; 30; 2361
INTERNAL; 8; 36; 28; 6749; INTERNAL; 7; 25; 18; 6344
INTERNAL; 7; 25; 18; 6344; INTERNAL; 4; 24; 20; 6905
INTERNAL; 7; 25; 18; 6344; INTERNAL; 6; 24; 18; 6774
INTERNAL; 6; 24; 18; 6774; INTERNAL; 4; 23; 19; 3058
INTERNAL; 6; 24; 18; 6774; INTERNAL; 5; 23; 18; 7205
INTERNAL; 5; 23; 18; 7205; INTERNAL; 4; 22; 18; 6913
INTERNAL; 6; 24; 18; 6774; INTERNAL; 4; 23; 19; 6906
INTERNAL; 8; 36; 28; 6749; INTERNAL; 4; 35; 31; 6903
INTERNAL; 8; 36; 28; 6749; INTERNAL; 5; 22; 17; 4717
INTERNAL; 5; 22; 17; 4717; INTERNAL; 4; 21; 17; 6914
INTERNAL; 38; 38; 0; 4524; INTERNAL; 8; 37; 29; 6012
INTERNAL; 8; 37; 29; 6012; INTERNAL; 5; 36; 31; 4892
INTERNAL; 5; 36; 31; 4892; INTERNAL; 4; 35; 31; 2856
INTERNAL; 8; 37; 29; 6012; INTERNAL; 5; 36; 31; 5426
INTERNAL; 8; 37; 29; 6012; INTERNAL; 5; 36; 31; 6872
INTERNAL; 38; 38; 0; 4524; INTERNAL; 8; 37; 29; 5474
INTERNAL; 8; 37; 29; 5474; INTERNAL; 6; 36; 30; 6488
INTERNAL; 6; 36; 30; 6488; INTERNAL; 5; 35; 30; 6899
INTERNAL; 8; 37; 29; 5474; INTERNAL; 5; 36; 31; 6874
INTERNAL; 8; 37; 29; 5474; INTERNAL; 4; 36; 32; 2909
INTERNAL; 38; 38; 0; 4524; INTERNAL; 28; 37; 9; 3477
INTERNAL; 28; 37; 9; 3477; INTERNAL; 27; 27; 0; 6842
INTERNAL; 28; 37; 9; 3477; INTERNAL; 27; 36; 9; 6844
INTERNAL; 39; 39; 0; 4074; INTERNAL; 38; 38; 0; 3446
INTERNAL; 41; 41; 0; 1537; INTERNAL; 40; 40; 0; 7217
INTERNAL; 41; 41; 0; 1537; INTERNAL; 34; 40; 6; 7188
INTERNAL; 34; 40; 6; 7188; INTERNAL; 33; 39; 6; 6269
INTERNAL; 33; 39; 6; 6269; INTERNAL; 32; 38; 6; 4183
INTERNAL; 41; 41; 0; 1537; INTERNAL; 35; 40; 5; 4995
INTERNAL; 35; 40; 5; 4995; INTERNAL; 34; 39; 5; 5625
INTERNAL; 43; 44; 1; 1488; INTERNAL; 35; 40; 5; 2032
INTERNAL; 35; 40; 5; 2032; INTERNAL; 34; 39; 5; 4605
INTERNAL; 43; 44; 1; 1488; INTERNAL; 38; 43; 5; 1515
INTERNAL; 38; 43; 5; 1515; INTERNAL; 36; 42; 6; 3639
INTERNAL; 43; 44; 1; 1488; INTERNAL; 42; 43; 1; 2106
INTERNAL; 43; 44; 1; 1488; INTERNAL; 41; 43; 2; 1517
INTERNAL; 45; 46; 1; 4043; INTERNAL; 43; 44; 1; 1490
INTERNAL; 45; 46; 1; 4043; INTERNAL; 44; 45; 1; 1753
INTERNAL; 45; 46; 1; 4043; INTERNAL; 39; 44; 5; 6710
INTERNAL; 39; 44; 5; 6710; INTERNAL; 38; 43; 5; 6129
INTERNAL; 48; 48; 0; 3976; INTERNAL; 46; 47; 1; 4399
INTERNAL; 46; 47; 1; 4399; INTERNAL; 45; 46; 1; 1419
INTERNAL; 45; 46; 1; 1419; INTERNAL; 43; 44; 1; 1519
INTERNAL; 45; 46; 1; 1419; INTERNAL; 40; 45; 5; 1984
INTERNAL; 40; 45; 5; 1984; INTERNAL; 39; 44; 5; 1478
INTERNAL; 45; 46; 1; 1419; INTERNAL; 38; 44; 6; 1518
INTERNAL; 38; 44; 6; 1518; INTERNAL; 37; 43; 6; 1494
INTERNAL; 45; 46; 1; 1419; INTERNAL; 44; 45; 1; 4225
INTERNAL; 45; 46; 1; 1419; INTERNAL; 43; 44; 1; 1520
INTERNAL; 43; 44; 1; 1520; INTERNAL; 36; 41; 5; 4328
INTERNAL; 36; 41; 5; 4328; INTERNAL; 35; 40; 5; 7240
INTERNAL; 43; 44; 1; 1520; INTERNAL; 42; 42; 0; 1541
INTERNAL; 42; 42; 0; 1541; INTERNAL; 41; 41; 0; 1538
INTERNAL; 43; 44; 1; 1520; INTERNAL; 41; 41; 0; 7213
INTERNAL; 43; 44; 1; 1520; INTERNAL; 37; 42; 5; 1540
INTERNAL; 37; 42; 5; 1540; INTERNAL; 36; 41; 5; 1525
INTERNAL; 43; 44; 1; 1520; INTERNAL; 41; 41; 0; 2932
INTERNAL; 41; 41; 0; 2932; INTERNAL; 35; 40; 5; 7926
INTERNAL; 35; 40; 5; 7926; INTERNAL; 34; 39; 5; 7201
INTERNAL; 41; 41; 0; 2932; INTERNAL; 40; 40; 0; 7168
INTERNAL; 41; 41; 0; 2932; INTERNAL; 40; 40; 0; 3451
INTERNAL; 40; 40; 0; 3451; INTERNAL; 33; 39; 6; 2468
INTERNAL; 33; 39; 6; 2468; INTERNAL; 32; 38; 6; 6997
INTERNAL; 32; 38; 6; 6997; INTERNAL; 30; 37; 7; 2666
INTERNAL; 40; 40; 0; 3451; INTERNAL; 39; 39; 0; 7034
INTERNAL; 40; 40; 0; 3451; INTERNAL; 31; 39; 8; 5788
INTERNAL; 31; 39; 8; 5788; INTERNAL; 30; 38; 8; 7006
INTERNAL; 41; 41; 0; 2932; INTERNAL; 33; 39; 6; 3785
INTERNAL; 33; 39; 6; 3785; INTERNAL; 32; 38; 6; 2356
INTERNAL; 41; 41; 0; 2932; INTERNAL; 40; 40; 0; 6948
INTERNAL; 46; 47; 1; 4399; INTERNAL; 45; 46; 1; 2390
INTERNAL; 45; 46; 1; 2390; INTERNAL; 44; 45; 1; 1523
INTERNAL; 44; 45; 1; 1523; INTERNAL; 42; 43; 1; 1545
INTERNAL; 44; 45; 1; 1523; INTERNAL; 37; 42; 5; 1885
INTERNAL; 37; 42; 5; 1885; INTERNAL; 36; 41; 5; 5880
INTERNAL; 44; 45; 1; 1523; INTERNAL; 42; 43; 1; 1544
INTERNAL; 42; 43; 1; 1544; INTERNAL; 41; 41; 0; 7186
INTERNAL; 42; 43; 1; 1544; INTERNAL; 41; 41; 0; 7185
INTERNAL; 41; 41; 0; 7185; INTERNAL; 40; 40; 0; 3704
INTERNAL; 41; 41; 0; 7185; INTERNAL; 34; 40; 6; 7434
INTERNAL; 34; 40; 6; 7434; INTERNAL; 32; 39; 7; 3216
INTERNAL; 41; 41; 0; 7185; INTERNAL; 34; 40; 6; 3330
INTERNAL; 34; 40; 6; 3330; INTERNAL; 33; 39; 6; 7133
INTERNAL; 41; 41; 0; 7185; INTERNAL; 40; 40; 0; 5218
INTERNAL; 40; 40; 0; 5218; INTERNAL; 39; 39; 0; 6849
INTERNAL; 40; 40; 0; 5218; INTERNAL; 32; 39; 7; 7278
INTERNAL; 32; 39; 7; 7278; INTERNAL; 31; 38; 7; 7117
INTERNAL; 31; 38; 7; 7117; INTERNAL; 30; 37; 7; 2110
INTERNAL; 40; 40; 0; 5218; INTERNAL; 39; 39; 0; 4564
INTERNAL; 40; 40; 0; 5218; INTERNAL; 31; 39; 8; 7012
INTERNAL; 31; 39; 8; 7012; INTERNAL; 30; 38; 8; 3466
INTERNAL; 30; 38; 8; 3466; INTERNAL; 28; 37; 9; 7122
INTERNAL; 40; 40; 0; 5218; INTERNAL; 39; 39; 0; 7010
INTERNAL; 39; 39; 0; 7010; INTERNAL; 29; 37; 8; 2589
INTERNAL; 29; 37; 8; 2589; INTERNAL; 28; 28; 0; 6699
INTERNAL; 29; 37; 8; 2589; INTERNAL; 28; 36; 8; 7112
INTERNAL; 39; 39; 0; 7010; INTERNAL; 29; 37; 8; 7014
INTERNAL; 29; 37; 8; 7014; INTERNAL; 28; 36; 8; 7115
INTERNAL; 39; 39; 0; 7010; INTERNAL; 38; 38; 0; 4260
INTERNAL; 39; 39; 0; 7010; INTERNAL; 38; 38; 0; 4511
INTERNAL; 39; 39; 0; 7010; INTERNAL; 38; 38; 0; 7013
INTERNAL; 38; 38; 0; 7013; INTERNAL; 28; 37; 9; 7016
INTERNAL; 28; 37; 9; 7016; INTERNAL; 27; 27; 0; 7017
INTERNAL; 27; 27; 0; 7017; INTERNAL; 26; 26; 0; 3091
INTERNAL; 28; 37; 9; 7016; INTERNAL; 27; 27; 0; 6476
INTERNAL; 27; 27; 0; 6476; INTERNAL; 26; 26; 0; 7035
INTERNAL; 26; 26; 0; 7035; INTERNAL; 25; 25; 0; 4607
INTERNAL; 27; 27; 0; 6476; INTERNAL; 8; 26; 18; 3076
INTERNAL; 8; 26; 18; 3076; INTERNAL; 5; 21; 16; 7063
INTERNAL; 8; 26; 18; 3076; INTERNAL; 6; 25; 19; 3692
INTERNAL; 6; 25; 19; 3692; INTERNAL; 5; 24; 19; 2585
INTERNAL; 8; 26; 18; 3076; INTERNAL; 4; 25; 21; 7100
INTERNAL; 27; 27; 0; 6476; INTERNAL; 26; 26; 0; 7036
INTERNAL; 26; 26; 0; 7036; INTERNAL; 25; 25; 0; 6688
INTERNAL; 26; 26; 0; 7036; INTERNAL; 25; 25; 0; 3494
INTERNAL; 27; 27; 0; 6476; INTERNAL; 26; 26; 0; 7040
INTERNAL; 26; 26; 0; 7040; INTERNAL; 25; 25; 0; 6909
INTERNAL; 25; 25; 0; 6909; INTERNAL; 24; 24; 0; 7047
INTERNAL; 26; 26; 0; 7040; INTERNAL; 8; 25; 17; 7045
INTERNAL; 8; 25; 17; 7045; INTERNAL; 5; 24; 19; 3234
INTERNAL; 5; 24; 19; 3234; INTERNAL; 4; 23; 19; 7095
INTERNAL; 8; 25; 17; 7045; INTERNAL; 5; 24; 19; 6148
INTERNAL; 8; 25; 17; 7045; INTERNAL; 7; 24; 17; 2036
INTERNAL; 7; 24; 17; 2036; INTERNAL; 5; 23; 18; 5169
INTERNAL; 7; 24; 17; 2036; INTERNAL; 5; 23; 18; 6491
INTERNAL; 7; 24; 17; 2036; INTERNAL; 5; 23; 18; 7864
INTERNAL; 26; 26; 0; 7040; INTERNAL; 25; 25; 0; 7043
INTERNAL; 25; 25; 0; 7043; INTERNAL; 24; 24; 0; 7051
INTERNAL; 24; 24; 0; 7051; INTERNAL; 8; 23; 15; 5389
INTERNAL; 8; 23; 15; 5389; INTERNAL; 5; 22; 17; 2852
INTERNAL; 8; 23; 15; 5389; INTERNAL; 5; 22; 17; 7066
INTERNAL; 5; 22; 17; 7066; INTERNAL; 4; 21; 17; 3949
INTERNAL; 8; 23; 15; 5389; INTERNAL; 5; 22; 17; 3236
INTERNAL; 24; 24; 0; 7051; INTERNAL; 23; 23; 0; 7058
INTERNAL; 24; 24; 0; 7051; INTERNAL; 8; 23; 15; 7054
INTERNAL; 8; 23; 15; 7054; INTERNAL; 7; 22; 15; 5537
INTERNAL; 7; 22; 15; 5537; INTERNAL; 6; 21; 15; 6694
INTERNAL; 7; 22; 15; 5537; INTERNAL; 4; 21; 17; 2177
INTERNAL; 8; 23; 15; 7054; INTERNAL; 7; 22; 15; 7556
INTERNAL; 7; 22; 15; 7556; INTERNAL; 5; 21; 16; 7064
INTERNAL; 7; 22; 15; 7556; INTERNAL; 6; 21; 15; 7062
INTERNAL; 6; 21; 15; 7062; INTERNAL; 5; 20; 15; 2444
INTERNAL; 7; 22; 15; 7556; INTERNAL; 5; 21; 16; 6348
INTERNAL; 24; 24; 0; 7051; INTERNAL; 23; 23; 0; 7056
INTERNAL; 24; 24; 0; 7051; INTERNAL; 23; 23; 0; 7053
INTERNAL; 24; 24; 0; 7051; INTERNAL; 23; 23; 0; 7060
INTERNAL; 25; 25; 0; 7043; INTERNAL; 8; 24; 16; 5074
INTERNAL; 8; 24; 16; 5074; INTERNAL; 6; 23; 17; 7076
INTERNAL; 6; 23; 17; 7076; INTERNAL; 5; 22; 17; 7079
INTERNAL; 5; 22; 17; 7079; INTERNAL; 4; 21; 17; 2896
INTERNAL; 6; 23; 17; 7076; INTERNAL; 5; 22; 17; 3967
INTERNAL; 6; 23; 17; 7076; INTERNAL; 4; 22; 18; 4522
INTERNAL; 8; 24; 16; 5074; INTERNAL; 7; 23; 16; 2923
INTERNAL; 7; 23; 16; 2923; INTERNAL; 6; 22; 16; 2985
INTERNAL; 8; 24; 16; 5074; INTERNAL; 4; 23; 19; 6816
INTERNAL; 25; 25; 0; 7043; INTERNAL; 24; 24; 0; 4658
INTERNAL; 24; 24; 0; 4658; INTERNAL; 23; 23; 0; 6011
INTERNAL; 25; 25; 0; 7043; INTERNAL; 24; 24; 0; 2972
INTERNAL; 24; 24; 0; 2972; INTERNAL; 23; 23; 0; 6416
INTERNAL; 24; 24; 0; 2972; INTERNAL; 23; 23; 0; 3925
INTERNAL; 25; 25; 0; 7043; INTERNAL; 8; 24; 16; 7052
INTERNAL; 8; 24; 16; 7052; INTERNAL; 5; 23; 18; 7083
INTERNAL; 8; 24; 16; 7052; INTERNAL; 6; 23; 17; 7081
INTERNAL; 6; 23; 17; 7081; INTERNAL; 4; 22; 18; 7084
INTERNAL; 6; 23; 17; 7081; INTERNAL; 4; 22; 18; 6814
INTERNAL; 26; 26; 0; 7040; INTERNAL; 25; 25; 0; 6825
INTERNAL; 25; 25; 0; 6825; INTERNAL; 24; 24; 0; 7049
INTERNAL; 25; 25; 0; 6825; INTERNAL; 24; 24; 0; 2253
INTERNAL; 26; 26; 0; 7040; INTERNAL; 8; 25; 17; 3480
INTERNAL; 8; 25; 17; 3480; INTERNAL; 7; 24; 17; 7086
INTERNAL; 7; 24; 17; 7086; INTERNAL; 6; 23; 17; 4611
INTERNAL; 6; 23; 17; 4611; INTERNAL; 5; 22; 17; 4097
INTERNAL; 7; 24; 17; 7086; INTERNAL; 5; 23; 18; 4698
INTERNAL; 8; 25; 17; 3480; INTERNAL; 6; 24; 18; 6000
INTERNAL; 6; 24; 18; 6000; INTERNAL; 5; 23; 18; 7091
INTERNAL; 6; 24; 18; 6000; INTERNAL; 4; 23; 19; 7943
INTERNAL; 6; 24; 18; 6000; INTERNAL; 5; 23; 18; 5140
INTERNAL; 8; 25; 17; 3480; INTERNAL; 5; 24; 19; 6897
INTERNAL; 5; 24; 19; 6897; INTERNAL; 4; 23; 19; 4866
INTERNAL; 8; 25; 17; 3480; INTERNAL; 7; 24; 17; 5695
INTERNAL; 7; 24; 17; 5695; INTERNAL; 4; 23; 19; 7090
INTERNAL; 7; 24; 17; 5695; INTERNAL; 4; 23; 19; 3654
INTERNAL; 27; 27; 0; 6476; INTERNAL; 8; 26; 18; 7042
INTERNAL; 8; 26; 18; 7042; INTERNAL; 5; 25; 20; 7098
INTERNAL; 8; 26; 18; 7042; INTERNAL; 5; 25; 20; 7097
INTERNAL; 8; 26; 18; 7042; INTERNAL; 4; 25; 21; 6497
INTERNAL; 28; 37; 9; 7016; INTERNAL; 27; 27; 0; 7021
INTERNAL; 27; 27; 0; 7021; INTERNAL; 26; 26; 0; 7032
INTERNAL; 27; 27; 0; 7021; INTERNAL; 26; 26; 0; 7030
INTERNAL; 28; 37; 9; 7016; INTERNAL; 8; 27; 19; 7025
INTERNAL; 8; 27; 19; 7025; INTERNAL; 6; 26; 20; 2631
INTERNAL; 6; 26; 20; 2631; INTERNAL; 5; 25; 20; 7111
INTERNAL; 6; 26; 20; 2631; INTERNAL; 5; 25; 20; 5038
INTERNAL; 28; 37; 9; 7016; INTERNAL; 8; 27; 19; 7029
INTERNAL; 8; 27; 19; 7029; INTERNAL; 5; 26; 21; 3270
INTERNAL; 5; 26; 21; 3270; INTERNAL; 4; 25; 21; 7109
INTERNAL; 8; 27; 19; 7029; INTERNAL; 5; 26; 21; 7108
INTERNAL; 8; 27; 19; 7029; INTERNAL; 5; 26; 21; 7106
INTERNAL; 38; 38; 0; 7013; INTERNAL; 37; 37; 0; 5457
INTERNAL; 38; 38; 0; 7013; INTERNAL; 29; 37; 8; 6708
INTERNAL; 29; 37; 8; 6708; INTERNAL; 28; 36; 8; 4887
INTERNAL; 41; 41; 0; 7185; INTERNAL; 40; 40; 0; 4192
INTERNAL; 42; 43; 1; 1544; INTERNAL; 36; 41; 5; 3454
INTERNAL; 36; 41; 5; 3454; INTERNAL; 35; 40; 5; 2324
INTERNAL; 44; 45; 1; 1523; INTERNAL; 38; 43; 5; 1542
INTERNAL; 38; 43; 5; 1542; INTERNAL; 37; 42; 5; 5320
INTERNAL; 44; 45; 1; 1523; INTERNAL; 43; 43; 0; 1543
INTERNAL; 45; 46; 1; 2390; INTERNAL; 44; 45; 1; 1522
INTERNAL; 45; 46; 1; 2390; INTERNAL; 40; 45; 5; 1521
INTERNAL; 40; 45; 5; 1521; INTERNAL; 38; 44; 6; 1492
INTERNAL; 48; 48; 0; 3976; INTERNAL; 46; 47; 1; 4446
INTERNAL; 46; 47; 1; 4446; INTERNAL; 45; 46; 1; 1491
INTERNAL; 46; 47; 1; 4446; INTERNAL; 45; 46; 1; 6159
INTERNAL; 48; 48; 0; 3976; INTERNAL; 46; 47; 1; 6574
INTERNAL; 48; 48; 0; 3976; INTERNAL; 45; 46; 1; 4006
INTERNAL; 48; 48; 0; 3976; INTERNAL; 47; 47; 0; 3999
INTERNAL; 47; 47; 0; 3999; INTERNAL; 44; 45; 1; 4498
INTERNAL; 44; 45; 1; 4498; INTERNAL; 40; 43; 3; 6155
INTERNAL; 40; 43; 3; 6155; INTERNAL; 39; 42; 3; 7252
INTERNAL; 44; 45; 1; 4498; INTERNAL; 43; 43; 0; 3641
INTERNAL; 43; 43; 0; 3641; INTERNAL; 42; 42; 0; 3110
INTERNAL; 43; 43; 0; 3641; INTERNAL; 38; 42; 4; 6738
INTERNAL; 38; 42; 4; 6738; INTERNAL; 36; 41; 5; 7203
INTERNAL; 43; 43; 0; 3641; INTERNAL; 42; 42; 0; 7183
INTERNAL; 42; 42; 0; 7183; INTERNAL; 35; 41; 6; 4156
INTERNAL; 35; 41; 6; 4156; INTERNAL; 34; 40; 6; 7214
INTERNAL; 42; 42; 0; 7183; INTERNAL; 41; 41; 0; 3379
INTERNAL; 42; 42; 0; 7183; INTERNAL; 41; 41; 0; 5139
INTERNAL; 42; 42; 0; 7183; INTERNAL; 41; 41; 0; 2216
INTERNAL; 41; 41; 0; 2216; INTERNAL; 40; 40; 0; 2805
INTERNAL; 40; 40; 0; 2805; INTERNAL; 32; 39; 7; 7606
INTERNAL; 32; 39; 7; 7606; INTERNAL; 31; 38; 7; 4877
INTERNAL; 31; 38; 7; 4877; INTERNAL; 30; 37; 7; 5115
INTERNAL; 40; 40; 0; 2805; INTERNAL; 39; 39; 0; 5379
INTERNAL; 39; 39; 0; 5379; INTERNAL; 31; 38; 7; 6063
INTERNAL; 31; 38; 7; 6063; INTERNAL; 30; 37; 7; 3392
INTERNAL; 39; 39; 0; 5379; INTERNAL; 38; 38; 0; 7140
INTERNAL; 39; 39; 0; 5379; INTERNAL; 30; 38; 8; 3504
INTERNAL; 30; 38; 8; 3504; INTERNAL; 29; 37; 8; 4199
INTERNAL; 29; 37; 8; 4199; INTERNAL; 28; 36; 8; 7141
INTERNAL; 41; 41; 0; 2216; INTERNAL; 34; 40; 6; 7137
INTERNAL; 34; 40; 6; 7137; INTERNAL; 33; 39; 6; 2733
INTERNAL; 33; 39; 6; 2733; INTERNAL; 32; 38; 6; 7144
INTERNAL; 41; 41; 0; 2216; INTERNAL; 40; 40; 0; 4268
INTERNAL; 42; 42; 0; 7183; INTERNAL; 35; 41; 6; 3924
INTERNAL; 35; 41; 6; 3924; INTERNAL; 34; 40; 6; 7158
INTERNAL; 43; 43; 0; 3641; INTERNAL; 39; 42; 3; 4343
INTERNAL; 39; 42; 3; 4343; INTERNAL; 38; 41; 3; 7242
INTERNAL; 43; 43; 0; 3641; INTERNAL; 42; 42; 0; 5611
INTERNAL; 44; 45; 1; 4498; INTERNAL; 43; 43; 0; 3736
INTERNAL; 43; 43; 0; 3736; INTERNAL; 42; 42; 0; 3703
INTERNAL; 42; 42; 0; 3703; INTERNAL; 41; 41; 0; 5437
INTERNAL; 41; 41; 0; 5437; INTERNAL; 33; 40; 7; 6890
INTERNAL; 33; 40; 7; 6890; INTERNAL; 32; 39; 7; 3886
INTERNAL; 41; 41; 0; 5437; INTERNAL; 40; 40; 0; 7163
INTERNAL; 41; 41; 0; 5437; INTERNAL; 40; 40; 0; 7164
INTERNAL; 40; 40; 0; 7164; INTERNAL; 39; 39; 0; 7165
INTERNAL; 39; 39; 0; 7165; INTERNAL; 30; 38; 8; 1843
INTERNAL; 30; 38; 8; 1843; INTERNAL; 29; 37; 8; 2636
INTERNAL; 29; 37; 8; 2636; INTERNAL; 28; 36; 8; 7173
INTERNAL; 39; 39; 0; 7165; INTERNAL; 38; 38; 0; 7539
INTERNAL; 39; 39; 0; 7165; INTERNAL; 31; 38; 7; 7171
INTERNAL; 31; 38; 7; 7171; INTERNAL; 30; 37; 7; 2828
INTERNAL; 40; 40; 0; 7164; INTERNAL; 39; 39; 0; 7167
INTERNAL; 40; 40; 0; 7164; INTERNAL; 33; 39; 6; 4406
INTERNAL; 33; 39; 6; 4406; INTERNAL; 32; 38; 6; 4139
INTERNAL; 32; 38; 6; 4139; INTERNAL; 30; 37; 7; 7175
INTERNAL; 42; 42; 0; 3703; INTERNAL; 35; 41; 6; 6589
INTERNAL; 35; 41; 6; 6589; INTERNAL; 34; 40; 6; 7328
INTERNAL; 42; 42; 0; 3703; INTERNAL; 41; 41; 0; 4391
INTERNAL; 42; 42; 0; 3703; INTERNAL; 36; 41; 5; 7160
INTERNAL; 36; 41; 5; 7160; INTERNAL; 35; 40; 5; 6578
INTERNAL; 42; 42; 0; 3703; INTERNAL; 41; 41; 0; 7162
INTERNAL; 43; 43; 0; 3736; INTERNAL; 42; 42; 0; 3722
INTERNAL; 43; 43; 0; 3736; INTERNAL; 37; 41; 4; 4701
INTERNAL; 37; 41; 4; 4701; INTERNAL; 36; 40; 4; 7180
INTERNAL; 44; 45; 1; 4498; INTERNAL; 38; 43; 5; 3095
INTERNAL; 38; 43; 5; 3095; INTERNAL; 37; 42; 5; 7261
INTERNAL; 44; 45; 1; 4498; INTERNAL; 43; 43; 0; 3964
INTERNAL; 47; 47; 0; 3999; INTERNAL; 46; 46; 0; 3253
INTERNAL; 46; 46; 0; 3253; INTERNAL; 44; 44; 0; 3740
INTERNAL; 44; 44; 0; 3740; INTERNAL; 43; 43; 0; 7262
INTERNAL; 44; 44; 0; 3740; INTERNAL; 43; 43; 0; 5158
INTERNAL; 43; 43; 0; 5158; INTERNAL; 42; 42; 0; 7264
INTERNAL; 43; 43; 0; 5158; INTERNAL; 42; 42; 0; 7265
INTERNAL; 42; 42; 0; 7265; INTERNAL; 36; 41; 5; 7270
INTERNAL; 36; 41; 5; 7270; INTERNAL; 35; 40; 5; 3305
INTERNAL; 42; 42; 0; 7265; INTERNAL; 41; 41; 0; 4541
INTERNAL; 41; 41; 0; 4541; INTERNAL; 34; 40; 6; 2531
INTERNAL; 34; 40; 6; 2531; INTERNAL; 33; 39; 6; 7327
INTERNAL; 41; 41; 0; 4541; INTERNAL; 40; 40; 0; 7272
INTERNAL; 40; 40; 0; 7272; INTERNAL; 34; 39; 5; 5604
INTERNAL; 34; 39; 5; 5604; INTERNAL; 32; 38; 6; 7531
INTERNAL; 40; 40; 0; 7272; INTERNAL; 39; 39; 0; 7273
INTERNAL; 39; 39; 0; 7273; INTERNAL; 32; 38; 6; 1922
INTERNAL; 32; 38; 6; 1922; INTERNAL; 31; 37; 6; 7322
INTERNAL; 31; 37; 6; 7322; INTERNAL; 30; 36; 6; 7324
INTERNAL; 39; 39; 0; 7273; INTERNAL; 38; 38; 0; 7274
INTERNAL; 38; 38; 0; 7274; INTERNAL; 30; 37; 7; 7277
INTERNAL; 30; 37; 7; 7277; INTERNAL; 29; 29; 0; 5867
INTERNAL; 29; 29; 0; 5867; INTERNAL; 28; 28; 0; 7283
INTERNAL; 28; 28; 0; 7283; INTERNAL; 27; 27; 0; 7288
INTERNAL; 29; 29; 0; 5867; INTERNAL; 28; 28; 0; 6125
INTERNAL; 28; 28; 0; 6125; INTERNAL; 27; 27; 0; 4188
INTERNAL; 28; 28; 0; 6125; INTERNAL; 26; 27; 1; 7293
INTERNAL; 28; 28; 0; 6125; INTERNAL; 27; 27; 0; 6966
INTERNAL; 27; 27; 0; 6966; INTERNAL; 26; 26; 0; 7298
INTERNAL; 28; 28; 0; 6125; INTERNAL; 27; 27; 0; 7294
INTERNAL; 27; 27; 0; 7294; INTERNAL; 26; 26; 0; 5096
INTERNAL; 28; 28; 0; 6125; INTERNAL; 27; 27; 0; 7289
INTERNAL; 27; 27; 0; 7289; INTERNAL; 26; 26; 0; 4821
INTERNAL; 26; 26; 0; 4821; INTERNAL; 25; 25; 0; 7306
INTERNAL; 25; 25; 0; 7306; INTERNAL; 24; 24; 0; 2251
INTERNAL; 26; 26; 0; 4821; INTERNAL; 25; 25; 0; 3717
INTERNAL; 25; 25; 0; 3717; INTERNAL; 24; 24; 0; 2936
INTERNAL; 24; 24; 0; 2936; INTERNAL; 23; 23; 0; 7319
INTERNAL; 25; 25; 0; 3717; INTERNAL; 24; 24; 0; 7309
INTERNAL; 24; 24; 0; 7309; INTERNAL; 23; 23; 0; 7318
INTERNAL; 24; 24; 0; 7309; INTERNAL; 23; 23; 0; 3586
INTERNAL; 24; 24; 0; 7309; INTERNAL; 23; 23; 0; 7022
INTERNAL; 24; 24; 0; 7309; INTERNAL; 23; 23; 0; 5552
INTERNAL; 24; 24; 0; 7309; INTERNAL; 23; 23; 0; 2059
INTERNAL; 25; 25; 0; 3717; INTERNAL; 24; 24; 0; 6939
INTERNAL; 24; 24; 0; 6939; INTERNAL; 23; 23; 0; 7313
INTERNAL; 25; 25; 0; 3717; INTERNAL; 23; 24; 1; 7310
INTERNAL; 25; 25; 0; 3717; INTERNAL; 24; 24; 0; 7311
INTERNAL; 26; 26; 0; 4821; INTERNAL; 25; 25; 0; 1874
INTERNAL; 25; 25; 0; 1874; INTERNAL; 24; 24; 0; 7308
INTERNAL; 25; 25; 0; 1874; INTERNAL; 24; 24; 0; 1808
INTERNAL; 26; 26; 0; 4821; INTERNAL; 24; 24; 0; 2249
INTERNAL; 26; 26; 0; 4821; INTERNAL; 25; 25; 0; 3281
INTERNAL; 27; 27; 0; 7289; INTERNAL; 26; 26; 0; 5502
INTERNAL; 27; 27; 0; 7289; INTERNAL; 26; 26; 0; 7300
INTERNAL; 26; 26; 0; 7300; INTERNAL; 25; 25; 0; 7302
INTERNAL; 27; 27; 0; 7289; INTERNAL; 26; 26; 0; 2001
INTERNAL; 26; 26; 0; 2001; INTERNAL; 25; 25; 0; 5355
INTERNAL; 26; 26; 0; 2001; INTERNAL; 25; 25; 0; 7304
INTERNAL; 27; 27; 0; 7289; INTERNAL; 25; 25; 0; 7697
INTERNAL; 29; 29; 0; 5867; INTERNAL; 28; 28; 0; 7282
INTERNAL; 28; 28; 0; 7282; INTERNAL; 27; 27; 0; 5781
INTERNAL; 28; 28; 0; 7282; INTERNAL; 27; 27; 0; 7285
INTERNAL; 29; 29; 0; 5867; INTERNAL; 27; 28; 1; 7284
INTERNAL; 29; 29; 0; 5867; INTERNAL; 28; 28; 0; 2178
INTERNAL; 30; 37; 7; 7277; INTERNAL; 28; 28; 0; 4502
INTERNAL; 30; 37; 7; 7277; INTERNAL; 28; 28; 0; 5475
INTERNAL; 28; 28; 0; 5475; INTERNAL; 27; 27; 0; 6644
INTERNAL; 38; 38; 0; 7274; INTERNAL; 31; 37; 6; 7275
INTERNAL; 31; 37; 6; 7275; INTERNAL; 30; 36; 6; 7279
INTERNAL; 30; 36; 6; 7279; INTERNAL; 28; 35; 7; 3896
INTERNAL; 42; 42; 0; 7265; INTERNAL; 41; 41; 0; 3264
INTERNAL; 43; 43; 0; 5158; INTERNAL; 38; 42; 4; 7257
INTERNAL; 38; 42; 4; 7257; INTERNAL; 37; 41; 4; 5049
INTERNAL; 43; 43; 0; 5158; INTERNAL; 37; 42; 5; 7266
INTERNAL; 37; 42; 5; 7266; INTERNAL; 36; 41; 5; 2760
INTERNAL; 43; 43; 0; 5158; INTERNAL; 42; 42; 0; 7267
INTERNAL; 44; 44; 0; 3740; INTERNAL; 40; 43; 3; 3954
INTERNAL; 40; 43; 3; 3954; INTERNAL; 38; 42; 4; 7330
INTERNAL; 46; 46; 0; 3253; INTERNAL; 45; 45; 0; 3551
INTERNAL; 45; 45; 0; 3551; INTERNAL; 44; 44; 0; 5209
INTERNAL; 44; 44; 0; 5209; INTERNAL; 43; 43; 0; 6871
INTERNAL; 43; 43; 0; 6871; INTERNAL; 42; 42; 0; 1916
INTERNAL; 43; 43; 0; 6871; INTERNAL; 42; 42; 0; 3087
INTERNAL; 42; 42; 0; 3087; INTERNAL; 41; 41; 0; 7337
INTERNAL; 42; 42; 0; 3087; INTERNAL; 41; 41; 0; 7339
INTERNAL; 41; 41; 0; 7339; INTERNAL; 40; 40; 0; 2801
INTERNAL; 41; 41; 0; 7339; INTERNAL; 35; 40; 5; 7342
INTERNAL; 35; 40; 5; 7342; INTERNAL; 34; 39; 5; 7399
INTERNAL; 41; 41; 0; 7339; INTERNAL; 40; 40; 0; 5991
INTERNAL; 40; 40; 0; 5991; INTERNAL; 39; 39; 0; 7346
INTERNAL; 40; 40; 0; 5991; INTERNAL; 39; 39; 0; 5423
INTERNAL; 39; 39; 0; 5423; INTERNAL; 32; 38; 6; 2580
INTERNAL; 32; 38; 6; 2580; INTERNAL; 31; 37; 6; 7352
INTERNAL; 31; 37; 6; 7352; INTERNAL; 30; 36; 6; 6034
INTERNAL; 39; 39; 0; 5423; INTERNAL; 31; 38; 7; 7351
INTERNAL; 31; 38; 7; 7351; INTERNAL; 29; 30; 1; 2440
INTERNAL; 31; 38; 7; 7351; INTERNAL; 30; 30; 0; 6113
INTERNAL; 30; 30; 0; 6113; INTERNAL; 29; 29; 0; 5549
INTERNAL; 29; 29; 0; 5549; INTERNAL; 28; 28; 0; 3333
INTERNAL; 31; 38; 7; 7351; INTERNAL; 30; 30; 0; 7353
INTERNAL; 30; 30; 0; 7353; INTERNAL; 29; 29; 0; 4054
INTERNAL; 29; 29; 0; 4054; INTERNAL; 28; 28; 0; 7357
INTERNAL; 30; 30; 0; 7353; INTERNAL; 28; 29; 1; 4711
INTERNAL; 30; 30; 0; 7353; INTERNAL; 29; 29; 0; 6181
INTERNAL; 29; 29; 0; 6181; INTERNAL; 28; 28; 0; 3366
INTERNAL; 29; 29; 0; 6181; INTERNAL; 28; 28; 0; 7359
INTERNAL; 28; 28; 0; 7359; INTERNAL; 27; 27; 0; 7363
INTERNAL; 27; 27; 0; 7363; INTERNAL; 26; 26; 0; 5270
INTERNAL; 26; 26; 0; 5270; INTERNAL; 25; 25; 0; 6422
INTERNAL; 25; 25; 0; 6422; INTERNAL; 24; 24; 0; 7387
INTERNAL; 26; 26; 0; 5270; INTERNAL; 25; 25; 0; 5793
INTERNAL; 25; 25; 0; 5793; INTERNAL; 24; 24; 0; 6627
INTERNAL; 25; 25; 0; 5793; INTERNAL; 24; 24; 0; 7388
INTERNAL; 26; 26; 0; 5270; INTERNAL; 24; 24; 0; 7383
INTERNAL; 26; 26; 0; 5270; INTERNAL; 25; 25; 0; 7386
INTERNAL; 25; 25; 0; 7386; INTERNAL; 24; 24; 0; 6511
INTERNAL; 26; 26; 0; 5270; INTERNAL; 25; 25; 0; 7385
INTERNAL; 25; 25; 0; 7385; INTERNAL; 24; 24; 0; 7393
INTERNAL; 25; 25; 0; 7385; INTERNAL; 24; 24; 0; 7391
INTERNAL; 24; 24; 0; 7391; INTERNAL; 23; 23; 0; 7395
INTERNAL; 24; 24; 0; 7391; INTERNAL; 23; 23; 0; 5516
INTERNAL; 24; 24; 0; 7391; INTERNAL; 23; 23; 0; 7396
INTERNAL; 24; 24; 0; 7391; INTERNAL; 23; 23; 0; 3683
INTERNAL; 24; 24; 0; 7391; INTERNAL; 23; 23; 0; 7039
INTERNAL; 25; 25; 0; 7385; INTERNAL; 24; 24; 0; 3525
INTERNAL; 24; 24; 0; 3525; INTERNAL; 23; 23; 0; 7398
INTERNAL; 25; 25; 0; 7385; INTERNAL; 24; 24; 0; 6796
INTERNAL; 24; 24; 0; 6796; INTERNAL; 23; 23; 0; 6822
INTERNAL; 27; 27; 0; 7363; INTERNAL; 26; 26; 0; 4985
INTERNAL; 26; 26; 0; 4985; INTERNAL; 25; 25; 0; 3689
INTERNAL; 27; 27; 0; 7363; INTERNAL; 26; 26; 0; 4050
INTERNAL; 26; 26; 0; 4050; INTERNAL; 25; 25; 0; 6060
INTERNAL; 27; 27; 0; 7363; INTERNAL; 26; 26; 0; 7374
INTERNAL; 26; 26; 0; 7374; INTERNAL; 25; 25; 0; 2995
INTERNAL; 26; 26; 0; 7374; INTERNAL; 25; 25; 0; 7745
INTERNAL; 27; 27; 0; 7363; INTERNAL; 25; 25; 0; 6203
INTERNAL; 28; 28; 0; 7359; INTERNAL; 27; 27; 0; 4686
INTERNAL; 27; 27; 0; 4686; INTERNAL; 26; 26; 0; 7367
INTERNAL; 28; 28; 0; 7359; INTERNAL; 27; 27; 0; 7364
INTERNAL; 27; 27; 0; 7364; INTERNAL; 26; 26; 0; 7371
INTERNAL; 27; 27; 0; 7364; INTERNAL; 26; 26; 0; 5582
INTERNAL; 28; 28; 0; 7359; INTERNAL; 27; 27; 0; 3436
INTERNAL; 27; 27; 0; 3436; INTERNAL; 26; 26; 0; 7373
INTERNAL; 28; 28; 0; 7359; INTERNAL; 26; 27; 1; 7362
INTERNAL; 29; 29; 0; 6181; INTERNAL; 28; 28; 0; 3424
INTERNAL; 28; 28; 0; 3424; INTERNAL; 27; 27; 0; 2714
INTERNAL; 29; 29; 0; 6181; INTERNAL; 27; 28; 1; 2129
INTERNAL; 29; 29; 0; 6181; INTERNAL; 28; 28; 0; 7360
INTERNAL; 28; 28; 0; 7360; INTERNAL; 27; 27; 0; 7361
INTERNAL; 28; 28; 0; 7360; INTERNAL; 27; 27; 0; 1986
INTERNAL; 30; 30; 0; 7353; INTERNAL; 29; 29; 0; 6199
INTERNAL; 29; 29; 0; 6199; INTERNAL; 28; 28; 0; 7358
INTERNAL; 30; 30; 0; 7353; INTERNAL; 29; 29; 0; 7356
INTERNAL; 31; 38; 7; 7351; INTERNAL; 30; 37; 7; 6632
INTERNAL; 30; 37; 7; 6632; INTERNAL; 29; 29; 0; 4439
INTERNAL; 31; 38; 7; 7351; INTERNAL; 30; 37; 7; 5395
INTERNAL; 30; 37; 7; 5395; INTERNAL; 29; 29; 0; 7354
INTERNAL; 29; 29; 0; 7354; INTERNAL; 28; 28; 0; 6074
INTERNAL; 39; 39; 0; 5423; INTERNAL; 38; 38; 0; 7350
INTERNAL; 40; 40; 0; 5991; INTERNAL; 34; 39; 5; 7347
INTERNAL; 34; 39; 5; 7347; INTERNAL; 33; 38; 5; 6807
INTERNAL; 33; 38; 5; 6807; INTERNAL; 32; 37; 5; 2676
INTERNAL; 42; 42; 0; 3087; INTERNAL; 35; 41; 6; 7340
INTERNAL; 35; 41; 6; 7340; INTERNAL; 34; 40; 6; 5113
INTERNAL; 43; 43; 0; 6871; INTERNAL; 38; 42; 4; 7335
INTERNAL; 38; 42; 4; 7335; INTERNAL; 36; 41; 5; 7400
INTERNAL; 44; 44; 0; 5209; INTERNAL; 39; 43; 4; 5368
INTERNAL; 39; 43; 4; 5368; INTERNAL; 38; 42; 4; 2441
INTERNAL; 44; 44; 0; 5209; INTERNAL; 40; 43; 3; 7333
INTERNAL; 40; 43; 3; 7333; INTERNAL; 39; 42; 3; 6326
INTERNAL; 44; 44; 0; 5209; INTERNAL; 43; 43; 0; 5120
INTERNAL; 44; 44; 0; 5209; INTERNAL; 43; 43; 0; 5490
INTERNAL; 44; 44; 0; 5209; INTERNAL; 43; 43; 0; 5442
INTERNAL; 45; 45; 0; 3551; INTERNAL; 44; 44; 0; 6739
INTERNAL; 44; 44; 0; 6739; INTERNAL; 43; 43; 0; 7402
INTERNAL; 44; 44; 0; 6739; INTERNAL; 43; 43; 0; 4728
INTERNAL; 43; 43; 0; 4728; INTERNAL; 38; 42; 4; 7406
INTERNAL; 38; 42; 4; 7406; INTERNAL; 37; 41; 4; 7480
INTERNAL; 43; 43; 0; 4728; INTERNAL; 42; 42; 0; 7405
INTERNAL; 42; 42; 0; 7405; INTERNAL; 41; 41; 0; 6564
INTERNAL; 41; 41; 0; 6564; INTERNAL; 40; 40; 0; 7407
INTERNAL; 40; 40; 0; 7407; INTERNAL; 35; 39; 4; 3403
INTERNAL; 35; 39; 4; 3403; INTERNAL; 34; 38; 4; 4027
INTERNAL; 40; 40; 0; 7407; INTERNAL; 39; 39; 0; 2966
INTERNAL; 39; 39; 0; 2966; INTERNAL; 33; 38; 5; 7410
INTERNAL; 33; 38; 5; 7410; INTERNAL; 32; 32; 0; 7416
INTERNAL; 32; 32; 0; 7416; INTERNAL; 31; 31; 0; 6452
INTERNAL; 31; 31; 0; 6452; INTERNAL; 30; 30; 0; 4388
INTERNAL; 30; 30; 0; 4388; INTERNAL; 28; 29; 1; 4807
INTERNAL; 32; 32; 0; 7416; INTERNAL; 31; 31; 0; 7426
INTERNAL; 32; 32; 0; 7416; INTERNAL; 31; 31; 0; 7421
INTERNAL; 31; 31; 0; 7421; INTERNAL; 30; 30; 0; 7427
INTERNAL; 32; 32; 0; 7416; INTERNAL; 31; 31; 0; 5789
INTERNAL; 31; 31; 0; 5789; INTERNAL; 30; 30; 0; 7431
INTERNAL; 31; 31; 0; 5789; INTERNAL; 29; 29; 0; 5770
INTERNAL; 31; 31; 0; 5789; INTERNAL; 30; 30; 0; 6280
INTERNAL; 30; 30; 0; 6280; INTERNAL; 28; 29; 1; 7443
INTERNAL; 30; 30; 0; 6280; INTERNAL; 29; 29; 0; 6531
INTERNAL; 30; 30; 0; 6280; INTERNAL; 29; 29; 0; 7435
INTERNAL; 29; 29; 0; 7435; INTERNAL; 28; 28; 0; 7446
INTERNAL; 29; 29; 0; 7435; INTERNAL; 27; 28; 1; 4022
INTERNAL; 29; 29; 0; 7435; INTERNAL; 28; 28; 0; 6080
INTERNAL; 28; 28; 0; 6080; INTERNAL; 27; 27; 0; 7170
INTERNAL; 28; 28; 0; 6080; INTERNAL; 27; 27; 0; 7447
INTERNAL; 29; 29; 0; 7435; INTERNAL; 28; 28; 0; 5012
INTERNAL; 28; 28; 0; 5012; INTERNAL; 26; 27; 1; 5727
INTERNAL; 28; 28; 0; 5012; INTERNAL; 27; 27; 0; 5152
INTERNAL; 27; 27; 0; 5152; INTERNAL; 26; 26; 0; 5185
INTERNAL; 28; 28; 0; 5012; INTERNAL; 27; 27; 0; 5153
INTERNAL; 27; 27; 0; 5153; INTERNAL; 26; 26; 0; 7456
INTERNAL; 28; 28; 0; 5012; INTERNAL; 27; 27; 0; 3106
INTERNAL; 27; 27; 0; 3106; INTERNAL; 26; 26; 0; 2723
INTERNAL; 26; 26; 0; 2723; INTERNAL; 25; 25; 0; 7461
INTERNAL; 27; 27; 0; 3106; INTERNAL; 26; 26; 0; 7457
INTERNAL; 26; 26; 0; 7457; INTERNAL; 25; 25; 0; 6337
INTERNAL; 25; 25; 0; 6337; INTERNAL; 24; 24; 0; 7545
INTERNAL; 27; 27; 0; 3106; INTERNAL; 26; 26; 0; 2370
INTERNAL; 26; 26; 0; 2370; INTERNAL; 25; 25; 0; 7381
INTERNAL; 25; 25; 0; 7381; INTERNAL; 24; 24; 0; 7471
INTERNAL; 25; 25; 0; 7381; INTERNAL; 24; 24; 0; 7470
INTERNAL; 24; 24; 0; 7470; INTERNAL; 23; 23; 0; 5273
INTERNAL; 24; 24; 0; 7470; INTERNAL; 23; 23; 0; 7046
INTERNAL; 24; 24; 0; 7470; INTERNAL; 23; 23; 0; 7549
INTERNAL; 24; 24; 0; 7470; INTERNAL; 23; 23; 0; 7474
INTERNAL; 24; 24; 0; 7470; INTERNAL; 23; 23; 0; 5767
INTERNAL; 25; 25; 0; 7381; INTERNAL; 24; 24; 0; 1848
INTERNAL; 24; 24; 0; 1848; INTERNAL; 23; 23; 0; 2834
INTERNAL; 25; 25; 0; 7381; INTERNAL; 24; 24; 0; 7473
INTERNAL; 24; 24; 0; 7473; INTERNAL; 23; 23; 0; 7476
INTERNAL; 26; 26; 0; 2370; INTERNAL; 25; 25; 0; 7467
INTERNAL; 25; 25; 0; 7467; INTERNAL; 24; 24; 0; 2417
INTERNAL; 25; 25; 0; 7467; INTERNAL; 24; 24; 0; 4324
INTERNAL; 26; 26; 0; 2370; INTERNAL; 25; 25; 0; 7465
INTERNAL; 25; 25; 0; 7465; INTERNAL; 24; 24; 0; 3169
INTERNAL; 26; 26; 0; 2370; INTERNAL; 25; 25; 0; 5310
INTERNAL; 25; 25; 0; 5310; INTERNAL; 24; 24; 0; 3505
INTERNAL; 26; 26; 0; 2370; INTERNAL; 24; 24; 0; 7469
INTERNAL; 27; 27; 0; 3106; INTERNAL; 26; 26; 0; 7378
INTERNAL; 26; 26; 0; 7378; INTERNAL; 25; 25; 0; 7463
INTERNAL; 27; 27; 0; 3106; INTERNAL; 25; 26; 1; 7459
INTERNAL; 28; 28; 0; 5012; INTERNAL; 27; 27; 0; 7448
INTERNAL; 27; 27; 0; 7448; INTERNAL; 26; 26; 0; 7451
INTERNAL; 27; 27; 0; 7448; INTERNAL; 26; 26; 0; 7454
INTERNAL; 29; 29; 0; 7435; INTERNAL; 28; 28; 0; 7444
INTERNAL; 28; 28; 0; 7444; INTERNAL; 27; 27; 0; 5250
INTERNAL; 30; 30; 0; 6280; INTERNAL; 29; 29; 0; 2769
INTERNAL; 29; 29; 0; 2769; INTERNAL; 28; 28; 0; 4076
INTERNAL; 30; 30; 0; 6280; INTERNAL; 29; 29; 0; 5704
INTERNAL; 29; 29; 0; 5704; INTERNAL; 28; 28; 0; 6947
INTERNAL; 31; 31; 0; 5789; INTERNAL; 30; 30; 0; 6142
INTERNAL; 30; 30; 0; 6142; INTERNAL; 29; 29; 0; 7432
INTERNAL; 29; 29; 0; 7432; INTERNAL; 28; 28; 0; 3818
INTERNAL; 31; 31; 0; 5789; INTERNAL; 30; 30; 0; 7430
INTERNAL; 30; 30; 0; 7430; INTERNAL; 29; 29; 0; 3049
INTERNAL; 29; 29; 0; 3049; INTERNAL; 28; 28; 0; 5285
INTERNAL; 32; 32; 0; 7416; INTERNAL; 30; 31; 1; 7425
INTERNAL; 33; 38; 5; 7410; INTERNAL; 31; 31; 0; 7417
INTERNAL; 31; 31; 0; 7417; INTERNAL; 30; 30; 0; 2571
INTERNAL; 33; 38; 5; 7410; INTERNAL; 31; 31; 0; 6756
INTERNAL; 31; 31; 0; 6756; INTERNAL; 30; 30; 0; 3200
INTERNAL; 39; 39; 0; 2966; INTERNAL; 33; 38; 5; 7415
INTERNAL; 33; 38; 5; 7415; INTERNAL; 32; 37; 5; 7477
INTERNAL; 41; 41; 0; 6564; INTERNAL; 36; 40; 4; 2116
INTERNAL; 36; 40; 4; 2116; INTERNAL; 35; 39; 4; 7478
INTERNAL; 42; 42; 0; 7405; INTERNAL; 37; 41; 4; 3306
INTERNAL; 37; 41; 4; 3306; INTERNAL; 36; 40; 4; 7479
INTERNAL; 44; 44; 0; 6739; INTERNAL; 40; 42; 2; 2556
INTERNAL; 40; 42; 2; 2556; INTERNAL; 39; 41; 2; 4189
INTERNAL; 46; 46; 0; 3253; INTERNAL; 45; 45; 0; 5117
INTERNAL; 45; 45; 0; 5117; INTERNAL; 44; 44; 0; 6402
INTERNAL; 45; 45; 0; 5117; INTERNAL; 44; 44; 0; 6404
INTERNAL; 46; 46; 0; 3253; INTERNAL; 45; 45; 0; 3103
INTERNAL; 45; 45; 0; 3103; INTERNAL; 43; 43; 0; 3918
INTERNAL; 43; 43; 0; 3918; INTERNAL; 38; 42; 4; 5761
INTERNAL; 38; 42; 4; 5761; INTERNAL; 37; 41; 4; 4154
INTERNAL; 43; 43; 0; 3918; INTERNAL; 40; 42; 2; 7530
INTERNAL; 40; 42; 2; 7530; INTERNAL; 39; 41; 2; 7307
INTERNAL; 43; 43; 0; 3918; INTERNAL; 42; 42; 0; 7491
INTERNAL; 43; 43; 0; 3918; INTERNAL; 42; 42; 0; 7576
INTERNAL; 42; 42; 0; 7576; INTERNAL; 41; 41; 0; 5905
INTERNAL; 41; 41; 0; 5905; INTERNAL; 38; 40; 2; 4469
INTERNAL; 38; 40; 2; 4469; INTERNAL; 36; 39; 3; 5740
INTERNAL; 41; 41; 0; 5905; INTERNAL; 36; 40; 4; 3377
INTERNAL; 36; 40; 4; 3377; INTERNAL; 35; 39; 4; 7573
INTERNAL; 41; 41; 0; 5905; INTERNAL; 40; 40; 0; 7069
INTERNAL; 40; 40; 0; 7069; INTERNAL; 35; 39; 4; 4769
INTERNAL; 35; 39; 4; 4769; INTERNAL; 34; 38; 4; 7661
INTERNAL; 40; 40; 0; 7069; INTERNAL; 39; 39; 0; 4466
INTERNAL; 39; 39; 0; 4466; INTERNAL; 35; 38; 3; 7485
INTERNAL; 35; 38; 3; 7485; INTERNAL; 32; 32; 0; 6714
INTERNAL; 32; 32; 0; 6714; INTERNAL; 31; 31; 0; 5462
INTERNAL; 31; 31; 0; 5462; INTERNAL; 30; 30; 0; 5116
INTERNAL; 35; 38; 3; 7485; INTERNAL; 34; 37; 3; 5108
INTERNAL; 34; 37; 3; 5108; INTERNAL; 32; 32; 0; 7104
INTERNAL; 34; 37; 3; 5108; INTERNAL; 33; 33; 0; 7496
INTERNAL; 33; 33; 0; 7496; INTERNAL; 31; 31; 0; 3698
INTERNAL; 31; 31; 0; 3698; INTERNAL; 30; 30; 0; 7568
INTERNAL; 33; 33; 0; 7496; INTERNAL; 32; 32; 0; 7059
INTERNAL; 33; 33; 0; 7496; INTERNAL; 31; 31; 0; 5902
INTERNAL; 33; 33; 0; 7496; INTERNAL; 32; 32; 0; 7502
INTERNAL; 32; 32; 0; 7502; INTERNAL; 31; 31; 0; 1890
INTERNAL; 31; 31; 0; 1890; INTERNAL; 30; 30; 0; 3294
INTERNAL; 32; 32; 0; 7502; INTERNAL; 31; 31; 0; 4929
INTERNAL; 31; 31; 0; 4929; INTERNAL; 30; 30; 0; 7521
INTERNAL; 30; 30; 0; 7521; INTERNAL; 29; 29; 0; 7522
INTERNAL; 29; 29; 0; 7522; INTERNAL; 28; 28; 0; 7221
INTERNAL; 31; 31; 0; 4929; INTERNAL; 30; 30; 0; 6723
INTERNAL; 31; 31; 0; 4929; INTERNAL; 30; 30; 0; 3037
INTERNAL; 30; 30; 0; 3037; INTERNAL; 29; 29; 0; 2718
INTERNAL; 29; 29; 0; 2718; INTERNAL; 28; 28; 0; 7523
INTERNAL; 31; 31; 0; 4929; INTERNAL; 29; 30; 1; 7519
INTERNAL; 31; 31; 0; 4929; INTERNAL; 30; 30; 0; 2719
INTERNAL; 30; 30; 0; 2719; INTERNAL; 29; 29; 0; 4455
INTERNAL; 30; 30; 0; 2719; INTERNAL; 29; 29; 0; 2810
INTERNAL; 29; 29; 0; 2810; INTERNAL; 28; 28; 0; 2399
INTERNAL; 30; 30; 0; 2719; INTERNAL; 29; 29; 0; 3533
INTERNAL; 29; 29; 0; 3533; INTERNAL; 28; 28; 0; 7527
INTERNAL; 28; 28; 0; 7527; INTERNAL; 27; 27; 0; 6068
INTERNAL; 30; 30; 0; 2719; INTERNAL; 29; 29; 0; 7525
INTERNAL; 29; 29; 0; 7525; INTERNAL; 27; 28; 1; 4548
INTERNAL; 29; 29; 0; 7525; INTERNAL; 28; 28; 0; 7532
INTERNAL; 28; 28; 0; 7532; INTERNAL; 27; 27; 0; 7535
INTERNAL; 28; 28; 0; 7532; INTERNAL; 27; 27; 0; 7542
INTERNAL; 29; 29; 0; 7525; INTERNAL; 28; 28; 0; 1949
INTERNAL; 29; 29; 0; 7525; INTERNAL; 28; 28; 0; 6877
INTERNAL; 28; 28; 0; 6877; INTERNAL; 26; 27; 1; 2820
INTERNAL; 28; 28; 0; 6877; INTERNAL; 27; 27; 0; 1987
INTERNAL; 27; 27; 0; 1987; INTERNAL; 26; 26; 0; 7526
INTERNAL; 26; 26; 0; 7526; INTERNAL; 25; 25; 0; 1941
INTERNAL; 25; 25; 0; 1941; INTERNAL; 24; 24; 0; 5481
INTERNAL; 27; 27; 0; 1987; INTERNAL; 25; 26; 1; 7548
INTERNAL; 27; 27; 0; 1987; INTERNAL; 26; 26; 0; 7551
INTERNAL; 26; 26; 0; 7551; INTERNAL; 25; 25; 0; 7554
INTERNAL; 27; 27; 0; 1987; INTERNAL; 26; 26; 0; 7546
INTERNAL; 26; 26; 0; 7546; INTERNAL; 25; 25; 0; 7553
INTERNAL; 27; 27; 0; 1987; INTERNAL; 26; 26; 0; 7550
INTERNAL; 26; 26; 0; 7550; INTERNAL; 25; 25; 0; 5435
INTERNAL; 25; 25; 0; 5435; INTERNAL; 24; 24; 0; 5833
INTERNAL; 25; 25; 0; 5435; INTERNAL; 24; 24; 0; 2130
INTERNAL; 26; 26; 0; 7550; INTERNAL; 24; 24; 0; 5030
INTERNAL; 26; 26; 0; 7550; INTERNAL; 25; 25; 0; 4407
INTERNAL; 25; 25; 0; 4407; INTERNAL; 24; 24; 0; 7563
INTERNAL; 24; 24; 0; 7563; INTERNAL; 23; 23; 0; 5178
INTERNAL; 25; 25; 0; 4407; INTERNAL; 24; 24; 0; 6629
INTERNAL; 25; 25; 0; 4407; INTERNAL; 24; 24; 0; 6682
INTERNAL; 24; 24; 0; 6682; INTERNAL; 23; 23; 0; 6249
INTERNAL; 24; 24; 0; 6682; INTERNAL; 23; 23; 0; 4295
INTERNAL; 24; 24; 0; 6682; INTERNAL; 23; 23; 0; 6495
INTERNAL; 24; 24; 0; 6682; INTERNAL; 23; 23; 0; 5422
INTERNAL; 24; 24; 0; 6682; INTERNAL; 23; 23; 0; 3347
INTERNAL; 25; 25; 0; 4407; INTERNAL; 24; 24; 0; 7566
INTERNAL; 24; 24; 0; 7566; INTERNAL; 23; 23; 0; 7567
INTERNAL; 26; 26; 0; 7550; INTERNAL; 25; 25; 0; 6507
INTERNAL; 25; 25; 0; 6507; INTERNAL; 24; 24; 0; 7560
INTERNAL; 26; 26; 0; 7550; INTERNAL; 25; 25; 0; 7558
INTERNAL; 25; 25; 0; 7558; INTERNAL; 24; 24; 0; 7537
INTERNAL; 28; 28; 0; 6877; INTERNAL; 27; 27; 0; 7543
INTERNAL; 27; 27; 0; 7543; INTERNAL; 26; 26; 0; 6035
INTERNAL; 28; 28; 0; 6877; INTERNAL; 27; 27; 0; 6073
INTERNAL; 28; 28; 0; 6877; INTERNAL; 27; 27; 0; 4622
INTERNAL; 27; 27; 0; 4622; INTERNAL; 26; 26; 0; 3611
INTERNAL; 27; 27; 0; 4622; INTERNAL; 26; 26; 0; 3004
INTERNAL; 29; 29; 0; 7525; INTERNAL; 28; 28; 0; 2637
INTERNAL; 28; 28; 0; 2637; INTERNAL; 27; 27; 0; 3041
INTERNAL; 30; 30; 0; 2719; INTERNAL; 28; 28; 0; 5349
INTERNAL; 32; 32; 0; 7502; INTERNAL; 31; 31; 0; 7512
INTERNAL; 31; 31; 0; 7512; INTERNAL; 30; 30; 0; 7514
INTERNAL; 32; 32; 0; 7502; INTERNAL; 31; 31; 0; 7508
INTERNAL; 31; 31; 0; 7508; INTERNAL; 30; 30; 0; 7517
INTERNAL; 30; 30; 0; 7517; INTERNAL; 28; 29; 1; 4035
INTERNAL; 32; 32; 0; 7502; INTERNAL; 30; 31; 1; 5258
INTERNAL; 33; 33; 0; 7496; INTERNAL; 32; 32; 0; 7505
INTERNAL; 32; 32; 0; 7505; INTERNAL; 31; 31; 0; 6636
INTERNAL; 31; 31; 0; 6636; INTERNAL; 30; 30; 0; 4405
INTERNAL; 34; 37; 3; 5108; INTERNAL; 32; 32; 0; 7501
INTERNAL; 32; 32; 0; 7501; INTERNAL; 31; 31; 0; 7570
INTERNAL; 31; 31; 0; 7570; INTERNAL; 30; 30; 0; 3067
INTERNAL; 35; 38; 3; 7485; INTERNAL; 32; 32; 0; 4899
INTERNAL; 40; 40; 0; 7069; INTERNAL; 36; 39; 3; 3998
INTERNAL; 36; 39; 3; 3998; INTERNAL; 33; 33; 0; 7583
INTERNAL; 36; 39; 3; 3998; INTERNAL; 35; 38; 3; 6651
INTERNAL; 35; 38; 3; 6651; INTERNAL; 34; 34; 0; 4991
INTERNAL; 34; 34; 0; 4991; INTERNAL; 33; 33; 0; 5696
INTERNAL; 33; 33; 0; 5696; INTERNAL; 32; 32; 0; 6260
INTERNAL; 33; 33; 0; 5696; INTERNAL; 32; 32; 0; 7586
INTERNAL; 35; 38; 3; 6651; INTERNAL; 34; 34; 0; 3050
INTERNAL; 34; 34; 0; 3050; INTERNAL; 33; 33; 0; 7590
INTERNAL; 33; 33; 0; 7590; INTERNAL; 31; 31; 0; 7124
INTERNAL; 31; 31; 0; 7124; INTERNAL; 30; 30; 0; 7659
INTERNAL; 33; 33; 0; 7590; INTERNAL; 32; 32; 0; 3871
INTERNAL; 32; 32; 0; 3871; INTERNAL; 31; 31; 0; 3433
INTERNAL; 31; 31; 0; 3433; INTERNAL; 30; 30; 0; 6455
INTERNAL; 33; 33; 0; 7590; INTERNAL; 31; 31; 0; 5455
INTERNAL; 33; 33; 0; 7590; INTERNAL; 32; 32; 0; 7604
INTERNAL; 32; 32; 0; 7604; INTERNAL; 31; 31; 0; 5661
INTERNAL; 31; 31; 0; 5661; INTERNAL; 30; 30; 0; 7613
INTERNAL; 30; 30; 0; 7613; INTERNAL; 28; 29; 1; 7120
INTERNAL; 32; 32; 0; 7604; INTERNAL; 31; 31; 0; 7605
INTERNAL; 31; 31; 0; 7605; INTERNAL; 30; 30; 0; 6424
INTERNAL; 32; 32; 0; 7604; INTERNAL; 31; 31; 0; 7607
INTERNAL; 31; 31; 0; 7607; INTERNAL; 30; 30; 0; 4366
INTERNAL; 30; 30; 0; 4366; INTERNAL; 29; 29; 0; 7625
INTERNAL; 29; 29; 0; 7625; INTERNAL; 27; 28; 1; 7666
INTERNAL; 29; 29; 0; 7625; INTERNAL; 28; 28; 0; 5876
INTERNAL; 29; 29; 0; 7625; INTERNAL; 28; 28; 0; 7634
INTERNAL; 28; 28; 0; 7634; INTERNAL; 27; 27; 0; 3766
INTERNAL; 29; 29; 0; 7625; INTERNAL; 28; 28; 0; 2023
INTERNAL; 28; 28; 0; 2023; INTERNAL; 27; 27; 0; 7637
INTERNAL; 27; 27; 0; 7637; INTERNAL; 26; 26; 0; 5709
INTERNAL; 26; 26; 0; 5709; INTERNAL; 25; 25; 0; 7652
INTERNAL; 25; 25; 0; 7652; INTERNAL; 24; 24; 0; 2258
INTERNAL; 26; 26; 0; 5709; INTERNAL; 24; 24; 0; 7101
INTERNAL; 26; 26; 0; 5709; INTERNAL; 25; 25; 0; 7654
INTERNAL; 25; 25; 0; 7654; INTERNAL; 24; 24; 0; 4576
INTERNAL; 24; 24; 0; 4576; INTERNAL; 23; 23; 0; 7656
INTERNAL; 24; 24; 0; 4576; INTERNAL; 23; 23; 0; 2992
INTERNAL; 24; 24; 0; 4576; INTERNAL; 23; 23; 0; 3577
INTERNAL; 24; 24; 0; 4576; INTERNAL; 23; 23; 0; 7658
INTERNAL; 24; 24; 0; 4576; INTERNAL; 23; 23; 0; 7078
INTERNAL; 25; 25; 0; 7654; INTERNAL; 24; 24; 0; 4286
INTERNAL; 24; 24; 0; 4286; INTERNAL; 23; 23; 0; 6575
INTERNAL; 25; 25; 0; 7654; INTERNAL; 24; 24; 0; 4933
INTERNAL; 24; 24; 0; 4933; INTERNAL; 23; 23; 0; 2969
INTERNAL; 25; 25; 0; 7654; INTERNAL; 24; 24; 0; 7655
INTERNAL; 26; 26; 0; 5709; INTERNAL; 25; 25; 0; 7338
INTERNAL; 25; 25; 0; 7338; INTERNAL; 24; 24; 0; 7208
INTERNAL; 25; 25; 0; 7338; INTERNAL; 24; 24; 0; 5304
INTERNAL; 26; 26; 0; 5709; INTERNAL; 25; 25; 0; 7131
INTERNAL; 25; 25; 0; 7131; INTERNAL; 24; 24; 0; 4410
INTERNAL; 27; 27; 0; 7637; INTERNAL; 25; 26; 1; 7645
INTERNAL; 27; 27; 0; 7637; INTERNAL; 26; 26; 0; 7641
INTERNAL; 26; 26; 0; 7641; INTERNAL; 25; 25; 0; 6705
INTERNAL; 27; 27; 0; 7637; INTERNAL; 26; 26; 0; 7647
INTERNAL; 26; 26; 0; 7647; INTERNAL; 25; 25; 0; 3835
INTERNAL; 27; 27; 0; 7637; INTERNAL; 26; 26; 0; 7643
INTERNAL; 26; 26; 0; 7643; INTERNAL; 25; 25; 0; 7648
INTERNAL; 25; 25; 0; 7648; INTERNAL; 24; 24; 0; 7650
INTERNAL; 28; 28; 0; 2023; INTERNAL; 27; 27; 0; 7638
INTERNAL; 27; 27; 0; 7638; INTERNAL; 26; 26; 0; 5563
INTERNAL; 27; 27; 0; 7638; INTERNAL; 26; 26; 0; 4317
INTERNAL; 28; 28; 0; 2023; INTERNAL; 27; 27; 0; 7143
INTERNAL; 27; 27; 0; 7143; INTERNAL; 26; 26; 0; 5527
INTERNAL; 28; 28; 0; 2023; INTERNAL; 26; 27; 1; 6543
INTERNAL; 28; 28; 0; 2023; INTERNAL; 27; 27; 0; 2236
INTERNAL; 29; 29; 0; 7625; INTERNAL; 28; 28; 0; 7633
INTERNAL; 28; 28; 0; 7633; INTERNAL; 27; 27; 0; 6841
INTERNAL; 28; 28; 0; 7633; INTERNAL; 27; 27; 0; 6818
INTERNAL; 30; 30; 0; 4366; INTERNAL; 29; 29; 0; 7094
INTERNAL; 29; 29; 0; 7094; INTERNAL; 28; 28; 0; 7630
INTERNAL; 28; 28; 0; 7630; INTERNAL; 27; 27; 0; 3562
INTERNAL; 30; 30; 0; 4366; INTERNAL; 29; 29; 0; 7292
INTERNAL; 30; 30; 0; 4366; INTERNAL; 28; 28; 0; 7624
INTERNAL; 30; 30; 0; 4366; INTERNAL; 29; 29; 0; 7627
INTERNAL; 29; 29; 0; 7627; INTERNAL; 28; 28; 0; 3416
INTERNAL; 31; 31; 0; 7607; INTERNAL; 30; 30; 0; 7615
INTERNAL; 30; 30; 0; 7615; INTERNAL; 29; 29; 0; 6219
INTERNAL; 29; 29; 0; 6219; INTERNAL; 28; 28; 0; 7620
INTERNAL; 31; 31; 0; 7607; INTERNAL; 30; 30; 0; 7619
INTERNAL; 30; 30; 0; 7619; INTERNAL; 29; 29; 0; 2344
INTERNAL; 31; 31; 0; 7607; INTERNAL; 30; 30; 0; 7679
INTERNAL; 30; 30; 0; 7679; INTERNAL; 29; 29; 0; 7621
INTERNAL; 29; 29; 0; 7621; INTERNAL; 28; 28; 0; 7622
INTERNAL; 31; 31; 0; 7607; INTERNAL; 29; 30; 1; 7070
INTERNAL; 32; 32; 0; 7604; INTERNAL; 31; 31; 0; 3484
INTERNAL; 32; 32; 0; 7604; INTERNAL; 30; 31; 1; 7609
INTERNAL; 33; 33; 0; 7590; INTERNAL; 32; 32; 0; 5078
INTERNAL; 34; 34; 0; 3050; INTERNAL; 33; 33; 0; 7598
INTERNAL; 33; 33; 0; 7598; INTERNAL; 32; 32; 0; 7601
INTERNAL; 33; 33; 0; 7598; INTERNAL; 32; 32; 0; 7599
INTERNAL; 32; 32; 0; 7599; INTERNAL; 31; 31; 0; 7296
INTERNAL; 31; 31; 0; 7296; INTERNAL; 30; 30; 0; 7602
INTERNAL; 34; 34; 0; 3050; INTERNAL; 32; 32; 0; 7594
INTERNAL; 32; 32; 0; 7594; INTERNAL; 31; 31; 0; 7660
INTERNAL; 31; 31; 0; 7660; INTERNAL; 30; 30; 0; 7121
INTERNAL; 34; 34; 0; 3050; INTERNAL; 32; 32; 0; 7597
INTERNAL; 32; 32; 0; 7597; INTERNAL; 31; 31; 0; 6042
INTERNAL; 34; 34; 0; 3050; INTERNAL; 33; 33; 0; 3786
INTERNAL; 35; 38; 3; 6651; INTERNAL; 34; 34; 0; 7585
INTERNAL; 34; 34; 0; 7585; INTERNAL; 33; 33; 0; 6451
INTERNAL; 34; 34; 0; 7585; INTERNAL; 33; 33; 0; 4128
INTERNAL; 33; 33; 0; 4128; INTERNAL; 32; 32; 0; 7008
INTERNAL; 34; 34; 0; 7585; INTERNAL; 33; 33; 0; 2745
INTERNAL; 35; 38; 3; 6651; INTERNAL; 34; 34; 0; 7584
INTERNAL; 35; 38; 3; 6651; INTERNAL; 34; 34; 0; 4597
INTERNAL; 34; 34; 0; 4597; INTERNAL; 33; 33; 0; 7588
INTERNAL; 33; 33; 0; 7588; INTERNAL; 32; 32; 0; 2279
INTERNAL; 34; 34; 0; 4597; INTERNAL; 33; 33; 0; 7589
INTERNAL; 35; 38; 3; 6651; INTERNAL; 34; 34; 0; 3679
INTERNAL; 40; 40; 0; 7069; INTERNAL; 34; 39; 5; 5211
INTERNAL; 34; 39; 5; 5211; INTERNAL; 33; 38; 5; 7571
INTERNAL; 41; 41; 0; 5905; INTERNAL; 40; 40; 0; 7495
INTERNAL; 41; 41; 0; 5905; INTERNAL; 40; 40; 0; 4284
INTERNAL; 40; 40; 0; 4284; INTERNAL; 39; 39; 0; 6892
INTERNAL; 42; 42; 0; 7576; INTERNAL; 41; 41; 0; 7529
INTERNAL; 42; 42; 0; 7576; INTERNAL; 39; 41; 2; 7577
INTERNAL; 39; 41; 2; 7577; INTERNAL; 38; 40; 2; 7662
INTERNAL; 42; 42; 0; 7576; INTERNAL; 37; 41; 4; 7494
INTERNAL; 37; 41; 4; 7494; INTERNAL; 36; 40; 4; 2565
INTERNAL; 42; 42; 0; 7576; INTERNAL; 41; 41; 0; 7493
INTERNAL; 43; 43; 0; 3918; INTERNAL; 42; 42; 0; 4772
INTERNAL; 45; 45; 0; 3103; INTERNAL; 44; 44; 0; 7481
INTERNAL; 44; 44; 0; 7481; INTERNAL; 43; 43; 0; 3034
INTERNAL; 44; 44; 0; 7481; INTERNAL; 43; 43; 0; 7490
INTERNAL; 44; 44; 0; 7481; INTERNAL; 40; 43; 3; 5744
INTERNAL; 40; 43; 3; 5744; INTERNAL; 38; 42; 4; 7574
INTERNAL; 45; 45; 0; 3103; INTERNAL; 44; 44; 0; 7486
INTERNAL; 45; 45; 0; 3103; INTERNAL; 44; 44; 0; 7484
INTERNAL; 44; 44; 0; 7484; INTERNAL; 43; 43; 0; 5413
INTERNAL; 44; 44; 0; 7484; INTERNAL; 43; 43; 0; 7114
INTERNAL; 43; 43; 0; 7114; INTERNAL; 42; 42; 0; 7653
INTERNAL; 43; 43; 0; 7114; INTERNAL; 42; 42; 0; 7755
INTERNAL; 42; 42; 0; 7755; INTERNAL; 41; 41; 0; 6854
INTERNAL; 42; 42; 0; 7755; INTERNAL; 40; 41; 1; 5748
INTERNAL; 40; 41; 1; 5748; INTERNAL; 39; 40; 1; 2910
INTERNAL; 42; 42; 0; 7755; INTERNAL; 40; 40; 0; 7663
INTERNAL; 40; 40; 0; 7663; INTERNAL; 37; 39; 2; 6856
INTERNAL; 37; 39; 2; 6856; INTERNAL; 35; 35; 0; 7667
INTERNAL; 35; 35; 0; 7667; INTERNAL; 34; 34; 0; 7751
INTERNAL; 37; 39; 2; 6856; INTERNAL; 35; 35; 0; 7664
INTERNAL; 37; 39; 2; 6856; INTERNAL; 36; 36; 0; 6740
INTERNAL; 36; 36; 0; 6740; INTERNAL; 35; 35; 0; 7668
INTERNAL; 35; 35; 0; 7668; INTERNAL; 34; 34; 0; 7672
INTERNAL; 34; 34; 0; 7672; INTERNAL; 33; 33; 0; 6096
INTERNAL; 36; 36; 0; 6740; INTERNAL; 34; 35; 1; 5691
INTERNAL; 34; 35; 1; 5691; INTERNAL; 33; 33; 0; 4029
INTERNAL; 33; 33; 0; 4029; INTERNAL; 32; 32; 0; 7750
INTERNAL; 33; 33; 0; 4029; INTERNAL; 32; 32; 0; 7748
INTERNAL; 36; 36; 0; 6740; INTERNAL; 35; 35; 0; 7669
INTERNAL; 35; 35; 0; 7669; INTERNAL; 34; 34; 0; 6607
INTERNAL; 34; 34; 0; 6607; INTERNAL; 33; 33; 0; 1972
INTERNAL; 34; 34; 0; 6607; INTERNAL; 33; 33; 0; 7678
INTERNAL; 33; 33; 0; 7678; INTERNAL; 32; 32; 0; 7680
INTERNAL; 35; 35; 0; 7669; INTERNAL; 34; 34; 0; 6018
INTERNAL; 34; 34; 0; 6018; INTERNAL; 32; 32; 0; 3514
INTERNAL; 32; 32; 0; 3514; INTERNAL; 31; 31; 0; 3644
INTERNAL; 31; 31; 0; 3644; INTERNAL; 30; 30; 0; 7746
INTERNAL; 34; 34; 0; 6018; INTERNAL; 32; 32; 0; 7681
INTERNAL; 32; 32; 0; 7681; INTERNAL; 31; 31; 0; 2473
INTERNAL; 31; 31; 0; 2473; INTERNAL; 30; 30; 0; 7744
INTERNAL; 34; 34; 0; 6018; INTERNAL; 33; 33; 0; 5992
INTERNAL; 33; 33; 0; 5992; INTERNAL; 31; 32; 1; 7238
INTERNAL; 31; 32; 1; 7238; INTERNAL; 30; 31; 1; 7743
INTERNAL; 33; 33; 0; 5992; INTERNAL; 31; 32; 1; 5633
INTERNAL; 33; 33; 0; 5992; INTERNAL; 32; 32; 0; 4047
INTERNAL; 32; 32; 0; 4047; INTERNAL; 31; 31; 0; 3227
INTERNAL; 31; 31; 0; 3227; INTERNAL; 30; 30; 0; 7687
INTERNAL; 33; 33; 0; 5992; INTERNAL; 32; 32; 0; 7110
INTERNAL; 32; 32; 0; 7110; INTERNAL; 31; 31; 0; 7506
INTERNAL; 31; 31; 0; 7506; INTERNAL; 29; 29; 0; 7691
INTERNAL; 31; 31; 0; 7506; INTERNAL; 30; 30; 0; 3350
INTERNAL; 30; 30; 0; 3350; INTERNAL; 29; 29; 0; 4823
INTERNAL; 29; 29; 0; 4823; INTERNAL; 28; 28; 0; 2442
INTERNAL; 31; 31; 0; 7506; INTERNAL; 30; 30; 0; 6802
INTERNAL; 30; 30; 0; 6802; INTERNAL; 29; 29; 0; 5576
INTERNAL; 31; 31; 0; 7506; INTERNAL; 30; 30; 0; 3546
INTERNAL; 30; 30; 0; 3546; INTERNAL; 29; 29; 0; 2821
INTERNAL; 29; 29; 0; 2821; INTERNAL; 28; 28; 0; 7693
INTERNAL; 31; 31; 0; 7506; INTERNAL; 30; 30; 0; 7692
INTERNAL; 30; 30; 0; 7692; INTERNAL; 29; 29; 0; 2881
INTERNAL; 29; 29; 0; 2881; INTERNAL; 28; 28; 0; 7698
INTERNAL; 30; 30; 0; 7692; INTERNAL; 29; 29; 0; 7695
INTERNAL; 29; 29; 0; 7695; INTERNAL; 28; 28; 0; 6915
INTERNAL; 28; 28; 0; 6915; INTERNAL; 27; 27; 0; 7700
INTERNAL; 30; 30; 0; 7692; INTERNAL; 29; 29; 0; 2263
INTERNAL; 30; 30; 0; 7692; INTERNAL; 29; 29; 0; 5599
INTERNAL; 29; 29; 0; 5599; INTERNAL; 28; 28; 0; 7705
INTERNAL; 28; 28; 0; 7705; INTERNAL; 27; 27; 0; 3199
INTERNAL; 29; 29; 0; 5599; INTERNAL; 27; 28; 1; 7706
INTERNAL; 29; 29; 0; 5599; INTERNAL; 28; 28; 0; 4616
INTERNAL; 29; 29; 0; 5599; INTERNAL; 28; 28; 0; 6345
INTERNAL; 28; 28; 0; 6345; INTERNAL; 26; 27; 1; 3928
INTERNAL; 28; 28; 0; 6345; INTERNAL; 27; 27; 0; 7709
INTERNAL; 27; 27; 0; 7709; INTERNAL; 25; 26; 1; 7717
INTERNAL; 27; 27; 0; 7709; INTERNAL; 26; 26; 0; 7715
INTERNAL; 26; 26; 0; 7715; INTERNAL; 25; 25; 0; 3019
INTERNAL; 27; 27; 0; 7709; INTERNAL; 26; 26; 0; 5405
INTERNAL; 26; 26; 0; 5405; INTERNAL; 25; 25; 0; 3715
INTERNAL; 27; 27; 0; 7709; INTERNAL; 26; 26; 0; 7331
INTERNAL; 26; 26; 0; 7331; INTERNAL; 25; 25; 0; 7726
INTERNAL; 25; 25; 0; 7726; INTERNAL; 24; 24; 0; 7729
INTERNAL; 25; 25; 0; 7726; INTERNAL; 24; 24; 0; 3691
INTERNAL; 26; 26; 0; 7331; INTERNAL; 25; 25; 0; 3241
INTERNAL; 25; 25; 0; 3241; INTERNAL; 24; 24; 0; 5407
INTERNAL; 26; 26; 0; 7331; INTERNAL; 25; 25; 0; 2622
INTERNAL; 25; 25; 0; 2622; INTERNAL; 24; 24; 0; 4411
INTERNAL; 25; 25; 0; 2622; INTERNAL; 24; 24; 0; 7730
INTERNAL; 24; 24; 0; 7730; INTERNAL; 23; 23; 0; 7600
INTERNAL; 24; 24; 0; 7730; INTERNAL; 23; 23; 0; 6375
INTERNAL; 24; 24; 0; 7730; INTERNAL; 23; 23; 0; 6395
INTERNAL; 24; 24; 0; 7730; INTERNAL; 23; 23; 0; 7738
INTERNAL; 24; 24; 0; 7730; INTERNAL; 23; 23; 0; 6536
INTERNAL; 25; 25; 0; 2622; INTERNAL; 24; 24; 0; 7735
INTERNAL; 24; 24; 0; 7735; INTERNAL; 23; 23; 0; 2804
INTERNAL; 25; 25; 0; 2622; INTERNAL; 24; 24; 0; 7733
INTERNAL; 24; 24; 0; 7733; INTERNAL; 23; 23; 0; 7737
INTERNAL; 26; 26; 0; 7331; INTERNAL; 24; 24; 0; 6483
INTERNAL; 26; 26; 0; 7331; INTERNAL; 25; 25; 0; 7722
INTERNAL; 25; 25; 0; 7722; INTERNAL; 24; 24; 0; 3977
INTERNAL; 27; 27; 0; 7709; INTERNAL; 26; 26; 0; 7716
INTERNAL; 26; 26; 0; 7716; INTERNAL; 25; 25; 0; 7720
INTERNAL; 25; 25; 0; 7720; INTERNAL; 24; 24; 0; 6456
INTERNAL; 28; 28; 0; 6345; INTERNAL; 27; 27; 0; 6436
INTERNAL; 28; 28; 0; 6345; INTERNAL; 27; 27; 0; 3358
INTERNAL; 27; 27; 0; 3358; INTERNAL; 26; 26; 0; 7712
INTERNAL; 27; 27; 0; 3358; INTERNAL; 26; 26; 0; 6083
INTERNAL; 28; 28; 0; 6345; INTERNAL; 27; 27; 0; 5664
INTERNAL; 27; 27; 0; 5664; INTERNAL; 26; 26; 0; 3318
INTERNAL; 29; 29; 0; 5599; INTERNAL; 28; 28; 0; 7702
INTERNAL; 28; 28; 0; 7702; INTERNAL; 27; 27; 0; 5729
INTERNAL; 28; 28; 0; 7702; INTERNAL; 27; 27; 0; 2751
INTERNAL; 30; 30; 0; 7692; INTERNAL; 28; 28; 0; 6276
INTERNAL; 32; 32; 0; 7110; INTERNAL; 30; 30; 0; 3349
INTERNAL; 32; 32; 0; 7110; INTERNAL; 31; 31; 0; 7688
INTERNAL; 32; 32; 0; 7110; INTERNAL; 31; 31; 0; 6383
INTERNAL; 31; 31; 0; 6383; INTERNAL; 30; 30; 0; 7689
INTERNAL; 32; 32; 0; 7110; INTERNAL; 30; 30; 0; 3677
INTERNAL; 30; 30; 0; 3677; INTERNAL; 29; 29; 0; 7739
INTERNAL; 29; 29; 0; 7739; INTERNAL; 28; 28; 0; 7741
INTERNAL; 33; 33; 0; 5992; INTERNAL; 32; 32; 0; 7686
INTERNAL; 34; 34; 0; 6018; INTERNAL; 32; 32; 0; 6962
INTERNAL; 34; 34; 0; 6018; INTERNAL; 32; 32; 0; 7684
INTERNAL; 35; 35; 0; 7669; INTERNAL; 34; 34; 0; 7675
INTERNAL; 35; 35; 0; 7669; INTERNAL; 33; 33; 0; 7911
INTERNAL; 35; 35; 0; 7669; INTERNAL; 34; 34; 0; 3485
INTERNAL; 35; 35; 0; 7669; INTERNAL; 33; 33; 0; 7674
INTERNAL; 33; 33; 0; 7674; INTERNAL; 32; 32; 0; 4531
INTERNAL; 36; 36; 0; 6740; INTERNAL; 34; 34; 0; 6785
INTERNAL; 34; 34; 0; 6785; INTERNAL; 33; 33; 0; 3031
INTERNAL; 33; 33; 0; 3031; INTERNAL; 32; 32; 0; 4620
INTERNAL; 36; 36; 0; 6740; INTERNAL; 35; 35; 0; 4870
INTERNAL; 36; 36; 0; 6740; INTERNAL; 35; 35; 0; 7671
INTERNAL; 40; 40; 0; 7663; INTERNAL; 37; 39; 2; 3299
INTERNAL; 37; 39; 2; 3299; INTERNAL; 36; 38; 2; 4876
INTERNAL; 42; 42; 0; 7755; INTERNAL; 38; 41; 3; 4834
INTERNAL; 38; 41; 3; 4834; INTERNAL; 37; 40; 3; 7753
INTERNAL; 44; 44; 0; 7484; INTERNAL; 43; 43; 0; 5551
INTERNAL; 44; 44; 0; 7484; INTERNAL; 43; 43; 0; 3082
INTERNAL; 43; 43; 0; 3082; INTERNAL; 41; 42; 1; 6621
INTERNAL; 41; 42; 1; 6621; INTERNAL; 40; 40; 0; 1547
INTERNAL; 40; 40; 0; 1547; INTERNAL; 38; 38; 0; 1677
INTERNAL; 38; 38; 0; 1677; INTERNAL; 37; 37; 0; 2304
INTERNAL; 37; 37; 0; 2304; INTERNAL; 35; 35; 0; 7762
INTERNAL; 37; 37; 0; 2304; INTERNAL; 36; 36; 0; 7382
INTERNAL; 36; 36; 0; 7382; INTERNAL; 34; 35; 1; 7767
INTERNAL; 34; 35; 1; 7767; INTERNAL; 33; 33; 0; 7835
INTERNAL; 34; 35; 1; 7767; INTERNAL; 33; 33; 0; 4079
INTERNAL; 33; 33; 0; 4079; INTERNAL; 32; 32; 0; 3266
INTERNAL; 33; 33; 0; 4079; INTERNAL; 32; 32; 0; 7836
INTERNAL; 36; 36; 0; 7382; INTERNAL; 35; 35; 0; 5878
INTERNAL; 35; 35; 0; 5878; INTERNAL; 34; 34; 0; 7768
INTERNAL; 34; 34; 0; 7768; INTERNAL; 33; 33; 0; 7770
INTERNAL; 35; 35; 0; 5878; INTERNAL; 34; 34; 0; 7769
INTERNAL; 36; 36; 0; 7382; INTERNAL; 35; 35; 0; 5051
INTERNAL; 35; 35; 0; 5051; INTERNAL; 34; 34; 0; 6458
INTERNAL; 36; 36; 0; 7382; INTERNAL; 35; 35; 0; 7533
INTERNAL; 36; 36; 0; 7382; INTERNAL; 35; 35; 0; 1839
INTERNAL; 36; 36; 0; 7382; INTERNAL; 35; 35; 0; 7765
INTERNAL; 35; 35; 0; 7765; INTERNAL; 34; 34; 0; 7413
INTERNAL; 35; 35; 0; 7765; INTERNAL; 33; 33; 0; 5689
INTERNAL; 35; 35; 0; 7765; INTERNAL; 34; 34; 0; 7773
INTERNAL; 34; 34; 0; 7773; INTERNAL; 33; 33; 0; 7611
INTERNAL; 34; 34; 0; 7773; INTERNAL; 33; 33; 0; 4688
INTERNAL; 33; 33; 0; 4688; INTERNAL; 32; 32; 0; 7775
INTERNAL; 35; 35; 0; 7765; INTERNAL; 33; 33; 0; 3945
INTERNAL; 33; 33; 0; 3945; INTERNAL; 32; 32; 0; 7837
INTERNAL; 35; 35; 0; 7765; INTERNAL; 34; 34; 0; 7368
INTERNAL; 34; 34; 0; 7368; INTERNAL; 32; 33; 1; 7780
INTERNAL; 34; 34; 0; 7368; INTERNAL; 33; 33; 0; 7776
INTERNAL; 33; 33; 0; 7776; INTERNAL; 32; 32; 0; 7783
INTERNAL; 32; 32; 0; 7783; INTERNAL; 30; 31; 1; 4263
INTERNAL; 34; 34; 0; 7368; INTERNAL; 32; 33; 1; 7778
INTERNAL; 32; 33; 1; 7778; INTERNAL; 31; 32; 1; 4971
INTERNAL; 31; 32; 1; 4971; INTERNAL; 30; 31; 1; 7833
INTERNAL; 34; 34; 0; 7368; INTERNAL; 33; 33; 0; 7777
INTERNAL; 33; 33; 0; 7777; INTERNAL; 31; 31; 0; 7259
INTERNAL; 31; 31; 0; 7259; INTERNAL; 30; 30; 0; 7832
INTERNAL; 33; 33; 0; 7777; INTERNAL; 32; 32; 0; 7788
INTERNAL; 32; 32; 0; 7788; INTERNAL; 31; 31; 0; 7789
INTERNAL; 31; 31; 0; 7789; INTERNAL; 30; 30; 0; 3417
INTERNAL; 33; 33; 0; 7777; INTERNAL; 32; 32; 0; 7784
INTERNAL; 32; 32; 0; 7784; INTERNAL; 31; 31; 0; 3025
INTERNAL; 33; 33; 0; 7777; INTERNAL; 31; 31; 0; 4708
INTERNAL; 31; 31; 0; 4708; INTERNAL; 30; 30; 0; 7582
INTERNAL; 33; 33; 0; 7777; INTERNAL; 32; 32; 0; 4186
INTERNAL; 32; 32; 0; 4186; INTERNAL; 31; 31; 0; 7792
INTERNAL; 31; 31; 0; 7792; INTERNAL; 30; 30; 0; 7796
INTERNAL; 30; 30; 0; 7796; INTERNAL; 29; 29; 0; 5530
INTERNAL; 29; 29; 0; 5530; INTERNAL; 28; 28; 0; 3408
INTERNAL; 31; 31; 0; 7792; INTERNAL; 29; 30; 1; 7798
INTERNAL; 31; 31; 0; 7792; INTERNAL; 30; 30; 0; 2208
INTERNAL; 30; 30; 0; 2208; INTERNAL; 29; 29; 0; 7800
INTERNAL; 30; 30; 0; 2208; INTERNAL; 28; 29; 1; 5560
INTERNAL; 30; 30; 0; 2208; INTERNAL; 29; 29; 0; 3554
INTERNAL; 29; 29; 0; 3554; INTERNAL; 28; 28; 0; 7803
INTERNAL; 28; 28; 0; 7803; INTERNAL; 27; 27; 0; 7804
INTERNAL; 30; 30; 0; 2208; INTERNAL; 29; 29; 0; 7802
INTERNAL; 29; 29; 0; 7802; INTERNAL; 28; 28; 0; 7268
INTERNAL; 30; 30; 0; 2208; INTERNAL; 29; 29; 0; 4941
INTERNAL; 29; 29; 0; 4941; INTERNAL; 28; 28; 0; 7805
INTERNAL; 28; 28; 0; 7805; INTERNAL; 27; 27; 0; 7808
INTERNAL; 28; 28; 0; 7805; INTERNAL; 27; 27; 0; 2722
INTERNAL; 29; 29; 0; 4941; INTERNAL; 28; 28; 0; 2384
INTERNAL; 29; 29; 0; 4941; INTERNAL; 27; 28; 1; 6090
INTERNAL; 29; 29; 0; 4941; INTERNAL; 28; 28; 0; 7806
INTERNAL; 28; 28; 0; 7806; INTERNAL; 27; 27; 0; 7809
INTERNAL; 27; 27; 0; 7809; INTERNAL; 26; 26; 0; 7906
INTERNAL; 28; 28; 0; 7806; INTERNAL; 27; 27; 0; 2297
INTERNAL; 27; 27; 0; 2297; INTERNAL; 26; 26; 0; 7813
INTERNAL; 27; 27; 0; 2297; INTERNAL; 26; 26; 0; 3836
INTERNAL; 28; 28; 0; 7806; INTERNAL; 26; 27; 1; 7811
INTERNAL; 28; 28; 0; 7806; INTERNAL; 27; 27; 0; 2840
INTERNAL; 28; 28; 0; 7806; INTERNAL; 27; 27; 0; 2904
INTERNAL; 27; 27; 0; 2904; INTERNAL; 26; 26; 0; 7814
INTERNAL; 26; 26; 0; 7814; INTERNAL; 25; 25; 0; 7818
INTERNAL; 27; 27; 0; 2904; INTERNAL; 25; 26; 1; 2720
INTERNAL; 27; 27; 0; 2904; INTERNAL; 26; 26; 0; 7816
INTERNAL; 26; 26; 0; 7816; INTERNAL; 25; 25; 0; 6433
INTERNAL; 25; 25; 0; 6433; INTERNAL; 24; 24; 0; 7820
INTERNAL; 27; 27; 0; 2904; INTERNAL; 26; 26; 0; 7419
INTERNAL; 26; 26; 0; 7419; INTERNAL; 24; 24; 0; 6945
INTERNAL; 26; 26; 0; 7419; INTERNAL; 25; 25; 0; 7534
INTERNAL; 25; 25; 0; 7534; INTERNAL; 24; 24; 0; 4678
INTERNAL; 26; 26; 0; 7419; INTERNAL; 25; 25; 0; 7822
INTERNAL; 25; 25; 0; 7822; INTERNAL; 24; 24; 0; 2173
INTERNAL; 25; 25; 0; 7822; INTERNAL; 24; 24; 0; 7824
INTERNAL; 26; 26; 0; 7419; INTERNAL; 25; 25; 0; 2625
INTERNAL; 25; 25; 0; 2625; INTERNAL; 24; 24; 0; 2882
INTERNAL; 26; 26; 0; 7419; INTERNAL; 25; 25; 0; 7823
INTERNAL; 25; 25; 0; 7823; INTERNAL; 24; 24; 0; 3813
INTERNAL; 25; 25; 0; 7823; INTERNAL; 24; 24; 0; 7825
INTERNAL; 24; 24; 0; 7825; INTERNAL; 23; 23; 0; 7096
INTERNAL; 24; 24; 0; 7825; INTERNAL; 23; 23; 0; 3387
INTERNAL; 24; 24; 0; 7825; INTERNAL; 23; 23; 0; 2766
INTERNAL; 24; 24; 0; 7825; INTERNAL; 23; 23; 0; 7033
INTERNAL; 24; 24; 0; 7825; INTERNAL; 23; 23; 0; 7830
INTERNAL; 25; 25; 0; 7823; INTERNAL; 24; 24; 0; 7827
INTERNAL; 24; 24; 0; 7827; INTERNAL; 23; 23; 0; 6559
INTERNAL; 25; 25; 0; 7823; INTERNAL; 24; 24; 0; 7826
INTERNAL; 24; 24; 0; 7826; INTERNAL; 23; 23; 0; 4457
INTERNAL; 27; 27; 0; 2904; INTERNAL; 26; 26; 0; 7817
INTERNAL; 26; 26; 0; 7817; INTERNAL; 25; 25; 0; 5840
INTERNAL; 29; 29; 0; 4941; INTERNAL; 28; 28; 0; 2532
INTERNAL; 28; 28; 0; 2532; INTERNAL; 27; 27; 0; 5219
INTERNAL; 31; 31; 0; 7792; INTERNAL; 30; 30; 0; 2044
INTERNAL; 30; 30; 0; 2044; INTERNAL; 29; 29; 0; 6664
INTERNAL; 31; 31; 0; 7792; INTERNAL; 30; 30; 0; 7799
INTERNAL; 30; 30; 0; 7799; INTERNAL; 29; 29; 0; 3498
INTERNAL; 29; 29; 0; 3498; INTERNAL; 28; 28; 0; 5497
INTERNAL; 32; 32; 0; 4186; INTERNAL; 30; 31; 1; 6037
INTERNAL; 32; 32; 0; 4186; INTERNAL; 31; 31; 0; 7790
INTERNAL; 31; 31; 0; 7790; INTERNAL; 30; 30; 0; 5246
INTERNAL; 32; 32; 0; 4186; INTERNAL; 31; 31; 0; 7794
INTERNAL; 31; 31; 0; 7794; INTERNAL; 30; 30; 0; 6362
INTERNAL; 32; 32; 0; 4186; INTERNAL; 30; 31; 1; 6790
INTERNAL; 30; 31; 1; 6790; INTERNAL; 29; 30; 1; 5387
INTERNAL; 29; 30; 1; 5387; INTERNAL; 28; 29; 1; 7142
INTERNAL; 34; 34; 0; 7368; INTERNAL; 32; 33; 1; 4530
INTERNAL; 35; 35; 0; 7765; INTERNAL; 34; 34; 0; 2058
INTERNAL; 37; 37; 0; 2304; INTERNAL; 35; 35; 0; 2658
INTERNAL; 35; 35; 0; 2658; INTERNAL; 34; 34; 0; 7840
INTERNAL; 37; 37; 0; 2304; INTERNAL; 36; 36; 0; 1991
INTERNAL; 36; 36; 0; 1991; INTERNAL; 35; 35; 0; 7764
INTERNAL; 35; 35; 0; 7764; INTERNAL; 34; 34; 0; 6703
INTERNAL; 37; 37; 0; 2304; INTERNAL; 36; 36; 0; 4395
INTERNAL; 38; 38; 0; 1677; INTERNAL; 37; 37; 0; 1673
INTERNAL; 37; 37; 0; 1673; INTERNAL; 36; 36; 0; 1672
INTERNAL; 38; 38; 0; 1677; INTERNAL; 37; 37; 0; 1675
INTERNAL; 37; 37; 0; 1675; INTERNAL; 36; 36; 0; 6420
INTERNAL; 36; 36; 0; 6420; INTERNAL; 35; 35; 0; 7842
INTERNAL; 37; 37; 0; 1675; INTERNAL; 36; 36; 0; 5326
INTERNAL; 38; 38; 0; 1677; INTERNAL; 36; 37; 1; 5983
INTERNAL; 36; 37; 1; 5983; INTERNAL; 35; 35; 0; 7843
INTERNAL; 38; 38; 0; 1677; INTERNAL; 35; 35; 0; 7760
INTERNAL; 35; 35; 0; 7760; INTERNAL; 34; 34; 0; 7510
INTERNAL; 35; 35; 0; 7760; INTERNAL; 34; 34; 0; 7845
INTERNAL; 40; 40; 0; 1547; INTERNAL; 37; 37; 0; 5915
INTERNAL; 37; 37; 0; 5915; INTERNAL; 36; 36; 0; 7963
INTERNAL; 40; 40; 0; 1547; INTERNAL; 37; 37; 0; 7961
INTERNAL; 37; 37; 0; 7961; INTERNAL; 36; 36; 0; 7964
INTERNAL; 37; 37; 0; 7961; INTERNAL; 36; 36; 0; 2328
INTERNAL; 40; 40; 0; 1547; INTERNAL; 39; 39; 0; 7857
INTERNAL; 39; 39; 0; 7857; INTERNAL; 37; 37; 0; 4458
INTERNAL; 39; 39; 0; 7857; INTERNAL; 38; 38; 0; 7483
INTERNAL; 38; 38; 0; 7483; INTERNAL; 37; 37; 0; 5106
INTERNAL; 37; 37; 0; 5106; INTERNAL; 36; 36; 0; 5886
INTERNAL; 37; 37; 0; 5106; INTERNAL; 36; 36; 0; 7867
INTERNAL; 36; 36; 0; 7867; INTERNAL; 35; 35; 0; 7749
INTERNAL; 37; 37; 0; 5106; INTERNAL; 36; 36; 0; 7868
INTERNAL; 38; 38; 0; 7483; INTERNAL; 36; 37; 1; 4718
INTERNAL; 36; 37; 1; 4718; INTERNAL; 35; 35; 0; 6399
INTERNAL; 35; 35; 0; 6399; INTERNAL; 34; 34; 0; 7540
INTERNAL; 38; 38; 0; 7483; INTERNAL; 37; 37; 0; 7862
INTERNAL; 38; 38; 0; 7483; INTERNAL; 37; 37; 0; 7865
INTERNAL; 37; 37; 0; 7865; INTERNAL; 36; 36; 0; 7831
INTERNAL; 37; 37; 0; 7865; INTERNAL; 36; 36; 0; 2951
INTERNAL; 36; 36; 0; 2951; INTERNAL; 35; 35; 0; 7866
INTERNAL; 38; 38; 0; 7483; INTERNAL; 37; 37; 0; 6227
INTERNAL; 38; 38; 0; 7483; INTERNAL; 37; 37; 0; 4086
INTERNAL; 37; 37; 0; 4086; INTERNAL; 36; 36; 0; 3472
INTERNAL; 36; 36; 0; 3472; INTERNAL; 34; 35; 1; 5242
INTERNAL; 34; 35; 1; 5242; INTERNAL; 32; 34; 2; 5471
INTERNAL; 36; 36; 0; 3472; INTERNAL; 35; 35; 0; 3029
INTERNAL; 35; 35; 0; 3029; INTERNAL; 34; 34; 0; 7876
INTERNAL; 36; 36; 0; 3472; INTERNAL; 34; 34; 0; 7872
INTERNAL; 34; 34; 0; 7872; INTERNAL; 33; 33; 0; 4626
INTERNAL; 36; 36; 0; 3472; INTERNAL; 34; 35; 1; 7429
INTERNAL; 36; 36; 0; 3472; INTERNAL; 35; 35; 0; 7439
INTERNAL; 35; 35; 0; 7439; INTERNAL; 34; 34; 0; 3057
INTERNAL; 34; 34; 0; 3057; INTERNAL; 33; 33; 0; 7884
INTERNAL; 33; 33; 0; 7884; INTERNAL; 31; 31; 0; 7894
INTERNAL; 31; 31; 0; 7894; INTERNAL; 30; 30; 0; 7947
INTERNAL; 33; 33; 0; 7884; INTERNAL; 31; 31; 0; 1943
INTERNAL; 31; 31; 0; 1943; INTERNAL; 30; 30; 0; 7713
INTERNAL; 33; 33; 0; 7884; INTERNAL; 32; 32; 0; 5282
INTERNAL; 32; 32; 0; 5282; INTERNAL; 31; 31; 0; 7902
INTERNAL; 32; 32; 0; 5282; INTERNAL; 31; 31; 0; 7901
INTERNAL; 31; 31; 0; 7901; INTERNAL; 30; 30; 0; 5517
INTERNAL; 30; 30; 0; 5517; INTERNAL; 29; 29; 0; 6711
INTERNAL; 29; 29; 0; 6711; INTERNAL; 28; 28; 0; 7909
INTERNAL; 31; 31; 0; 7901; INTERNAL; 29; 29; 0; 7631
INTERNAL; 31; 31; 0; 7901; INTERNAL; 30; 30; 0; 7908
INTERNAL; 31; 31; 0; 7901; INTERNAL; 30; 30; 0; 6677
INTERNAL; 30; 30; 0; 6677; INTERNAL; 28; 29; 1; 2777
INTERNAL; 30; 30; 0; 6677; INTERNAL; 29; 29; 0; 4373
INTERNAL; 29; 29; 0; 4373; INTERNAL; 28; 28; 0; 7315
INTERNAL; 29; 29; 0; 4373; INTERNAL; 28; 28; 0; 7708
INTERNAL; 28; 28; 0; 7708; INTERNAL; 27; 27; 0; 2808
INTERNAL; 28; 28; 0; 7708; INTERNAL; 27; 27; 0; 5680
INTERNAL; 27; 27; 0; 5680; INTERNAL; 26; 26; 0; 5764
INTERNAL; 26; 26; 0; 5764; INTERNAL; 25; 25; 0; 7929
INTERNAL; 25; 25; 0; 7929; INTERNAL; 24; 24; 0; 3530
INTERNAL; 26; 26; 0; 5764; INTERNAL; 25; 25; 0; 7927
INTERNAL; 25; 25; 0; 7927; INTERNAL; 24; 24; 0; 7930
INTERNAL; 26; 26; 0; 5764; INTERNAL; 25; 25; 0; 6602
INTERNAL; 25; 25; 0; 6602; INTERNAL; 24; 24; 0; 7938
INTERNAL; 24; 24; 0; 7938; INTERNAL; 23; 23; 0; 1805
INTERNAL; 25; 25; 0; 6602; INTERNAL; 24; 24; 0; 7952
INTERNAL; 24; 24; 0; 7952; INTERNAL; 23; 23; 0; 7941
INTERNAL; 24; 24; 0; 7952; INTERNAL; 23; 23; 0; 7944
INTERNAL; 24; 24; 0; 7952; INTERNAL; 23; 23; 0; 7939
INTERNAL; 24; 24; 0; 7952; INTERNAL; 23; 23; 0; 5593
INTERNAL; 24; 24; 0; 7952; INTERNAL; 23; 23; 0; 7945
INTERNAL; 25; 25; 0; 6602; INTERNAL; 24; 24; 0; 7936
INTERNAL; 25; 25; 0; 6602; INTERNAL; 24; 24; 0; 2650
INTERNAL; 24; 24; 0; 2650; INTERNAL; 23; 23; 0; 5358
INTERNAL; 26; 26; 0; 5764; INTERNAL; 24; 24; 0; 7475
INTERNAL; 26; 26; 0; 5764; INTERNAL; 25; 25; 0; 7027
INTERNAL; 25; 25; 0; 7027; INTERNAL; 24; 24; 0; 7932
INTERNAL; 25; 25; 0; 7027; INTERNAL; 24; 24; 0; 4479
INTERNAL; 27; 27; 0; 5680; INTERNAL; 26; 26; 0; 5908
INTERNAL; 26; 26; 0; 5908; INTERNAL; 25; 25; 0; 7344
INTERNAL; 27; 27; 0; 5680; INTERNAL; 26; 26; 0; 6349
INTERNAL; 26; 26; 0; 6349; INTERNAL; 25; 25; 0; 7922
INTERNAL; 27; 27; 0; 5680; INTERNAL; 26; 26; 0; 7920
INTERNAL; 26; 26; 0; 7920; INTERNAL; 25; 25; 0; 7923
INTERNAL; 25; 25; 0; 7923; INTERNAL; 24; 24; 0; 7924
INTERNAL; 27; 27; 0; 5680; INTERNAL; 25; 26; 1; 6846
INTERNAL; 28; 28; 0; 7708; INTERNAL; 26; 27; 1; 7916
INTERNAL; 28; 28; 0; 7708; INTERNAL; 27; 27; 0; 4582
INTERNAL; 27; 27; 0; 4582; INTERNAL; 26; 26; 0; 3923
INTERNAL; 28; 28; 0; 7708; INTERNAL; 27; 27; 0; 6039
INTERNAL; 27; 27; 0; 6039; INTERNAL; 26; 26; 0; 7917
INTERNAL; 27; 27; 0; 6039; INTERNAL; 26; 26; 0; 7919
INTERNAL; 29; 29; 0; 4373; INTERNAL; 28; 28; 0; 3033
INTERNAL; 28; 28; 0; 3033; INTERNAL; 27; 27; 0; 4007
INTERNAL; 28; 28; 0; 3033; INTERNAL; 27; 27; 0; 6197
INTERNAL; 29; 29; 0; 4373; INTERNAL; 27; 28; 1; 7873
INTERNAL; 29; 29; 0; 4373; INTERNAL; 28; 28; 0; 6718
INTERNAL; 28; 28; 0; 6718; INTERNAL; 27; 27; 0; 2371
INTERNAL; 30; 30; 0; 6677; INTERNAL; 29; 29; 0; 7452
INTERNAL; 29; 29; 0; 7452; INTERNAL; 28; 28; 0; 7913
INTERNAL; 30; 30; 0; 6677; INTERNAL; 29; 29; 0; 3367
INTERNAL; 29; 29; 0; 3367; INTERNAL; 28; 28; 0; 6175
INTERNAL; 28; 28; 0; 6175; INTERNAL; 27; 27; 0; 2375
INTERNAL; 30; 30; 0; 6677; INTERNAL; 29; 29; 0; 7912
INTERNAL; 31; 31; 0; 7901; INTERNAL; 30; 30; 0; 4732
INTERNAL; 30; 30; 0; 4732; INTERNAL; 29; 29; 0; 4710
INTERNAL; 29; 29; 0; 4710; INTERNAL; 28; 28; 0; 5986
INTERNAL; 32; 32; 0; 5282; INTERNAL; 30; 31; 1; 4090
INTERNAL; 32; 32; 0; 5282; INTERNAL; 31; 31; 0; 7899
INTERNAL; 31; 31; 0; 7899; INTERNAL; 30; 30; 0; 7904
INTERNAL; 30; 30; 0; 7904; INTERNAL; 28; 29; 1; 6157
INTERNAL; 32; 32; 0; 5282; INTERNAL; 31; 31; 0; 5638
INTERNAL; 31; 31; 0; 5638; INTERNAL; 30; 30; 0; 2378
INTERNAL; 33; 33; 0; 7884; INTERNAL; 32; 32; 0; 6759
INTERNAL; 32; 32; 0; 6759; INTERNAL; 31; 31; 0; 7895
INTERNAL; 31; 31; 0; 7895; INTERNAL; 30; 30; 0; 7896
INTERNAL; 33; 33; 0; 7884; INTERNAL; 32; 32; 0; 2511
INTERNAL; 34; 34; 0; 3057; INTERNAL; 33; 33; 0; 7887
INTERNAL; 33; 33; 0; 7887; INTERNAL; 32; 32; 0; 5861
INTERNAL; 32; 32; 0; 5861; INTERNAL; 31; 31; 0; 5353
INTERNAL; 31; 31; 0; 5353; INTERNAL; 30; 30; 0; 7891
INTERNAL; 33; 33; 0; 7887; INTERNAL; 32; 32; 0; 2448
INTERNAL; 34; 34; 0; 3057; INTERNAL; 32; 32; 0; 7886
INTERNAL; 32; 32; 0; 7886; INTERNAL; 31; 31; 0; 7954
INTERNAL; 31; 31; 0; 7954; INTERNAL; 30; 30; 0; 4337
INTERNAL; 34; 34; 0; 3057; INTERNAL; 32; 32; 0; 7646
INTERNAL; 32; 32; 0; 7646; INTERNAL; 31; 31; 0; 7948
INTERNAL; 34; 34; 0; 3057; INTERNAL; 33; 33; 0; 7882
INTERNAL; 35; 35; 0; 7439; INTERNAL; 33; 34; 1; 7881
INTERNAL; 35; 35; 0; 7439; INTERNAL; 33; 34; 1; 7207
INTERNAL; 33; 34; 1; 7207; INTERNAL; 32; 33; 1; 6049
INTERNAL; 35; 35; 0; 7439; INTERNAL; 33; 33; 0; 6494
INTERNAL; 33; 33; 0; 6494; INTERNAL; 32; 32; 0; 2152
INTERNAL; 35; 35; 0; 7439; INTERNAL; 33; 33; 0; 7878
INTERNAL; 33; 33; 0; 7878; INTERNAL; 32; 32; 0; 6130
INTERNAL; 37; 37; 0; 4086; INTERNAL; 35; 36; 1; 6999
INTERNAL; 37; 37; 0; 4086; INTERNAL; 36; 36; 0; 7871
INTERNAL; 37; 37; 0; 4086; INTERNAL; 35; 36; 1; 6258
INTERNAL; 35; 36; 1; 6258; INTERNAL; 34; 35; 1; 7959
INTERNAL; 37; 37; 0; 4086; INTERNAL; 35; 36; 1; 1969
INTERNAL; 35; 36; 1; 1969; INTERNAL; 34; 35; 1; 7960
INTERNAL; 37; 37; 0; 4086; INTERNAL; 35; 36; 1; 7870
INTERNAL; 39; 39; 0; 7857; INTERNAL; 37; 37; 0; 6233
INTERNAL; 37; 37; 0; 6233; INTERNAL; 36; 36; 0; 5909
INTERNAL; 40; 40; 0; 1547; INTERNAL; 38; 39; 1; 7940
INTERNAL; 41; 42; 1; 6621; INTERNAL; 40; 40; 0; 6478
INTERNAL; 41; 42; 1; 6621; INTERNAL; 39; 40; 1; 6318
INTERNAL; 39; 40; 1; 6318; INTERNAL; 38; 39; 1; 5352
INTERNAL; 41; 42; 1; 6621; INTERNAL; 38; 40; 2; 7759
INTERNAL; 38; 40; 2; 7759; INTERNAL; 37; 39; 2; 7134
INTERNAL; 41; 42; 1; 6621; INTERNAL; 38; 40; 2; 6991
INTERNAL; 43; 43; 0; 3082; INTERNAL; 42; 42; 0; 4654
INTERNAL; 42; 42; 0; 4654; INTERNAL; 41; 41; 0; 7853
INTERNAL; 41; 41; 0; 7853; INTERNAL; 40; 40; 0; 5586
INTERNAL; 40; 40; 0; 5586; INTERNAL; 39; 39; 0; 7966
INTERNAL; 39; 39; 0; 7966; INTERNAL; 38; 38; 0; 4664
INTERNAL; 40; 40; 0; 5586; INTERNAL; 37; 37; 0; 4475
INTERNAL; 37; 37; 0; 4475; INTERNAL; 36; 36; 0; 1682
INTERNAL; 40; 40; 0; 5586; INTERNAL; 39; 39; 0; 2793
INTERNAL; 39; 39; 0; 2793; INTERNAL; 37; 38; 1; 1771
INTERNAL; 37; 38; 1; 1771; INTERNAL; 36; 37; 1; 5775
INTERNAL; 39; 39; 0; 2793; INTERNAL; 38; 38; 0; 1773
INTERNAL; 38; 38; 0; 1773; INTERNAL; 37; 37; 0; 3618
INTERNAL; 37; 37; 0; 3618; INTERNAL; 36; 36; 0; 7482
INTERNAL; 37; 37; 0; 3618; INTERNAL; 36; 36; 0; 1769
INTERNAL; 39; 39; 0; 2793; INTERNAL; 37; 38; 1; 1772
INTERNAL; 39; 39; 0; 2793; INTERNAL; 38; 38; 0; 1770
INTERNAL; 39; 39; 0; 2793; INTERNAL; 38; 38; 0; 6017
INTERNAL; 38; 38; 0; 6017; INTERNAL; 37; 37; 0; 1768
INTERNAL; 38; 38; 0; 6017; INTERNAL; 36; 37; 1; 4746
INTERNAL; 36; 37; 1; 4746; INTERNAL; 35; 36; 1; 1683
INTERNAL; 38; 38; 0; 6017; INTERNAL; 37; 37; 0; 1767
INTERNAL; 37; 37; 0; 1767; INTERNAL; 35; 36; 1; 1765
INTERNAL; 35; 36; 1; 1765; INTERNAL; 34; 35; 1; 7632
INTERNAL; 37; 37; 0; 1767; INTERNAL; 36; 36; 0; 2391
INTERNAL; 36; 36; 0; 2391; INTERNAL; 35; 35; 0; 7544
INTERNAL; 37; 37; 0; 1767; INTERNAL; 36; 36; 0; 1821
INTERNAL; 36; 36; 0; 1821; INTERNAL; 35; 35; 0; 2958
INTERNAL; 36; 36; 0; 1821; INTERNAL; 34; 35; 1; 5168
INTERNAL; 34; 35; 1; 5168; INTERNAL; 33; 33; 0; 3413
INTERNAL; 33; 33; 0; 3413; INTERNAL; 32; 32; 0; 1751
INTERNAL; 33; 33; 0; 3413; INTERNAL; 32; 32; 0; 4932
INTERNAL; 36; 36; 0; 1821; INTERNAL; 35; 35; 0; 1761
INTERNAL; 35; 35; 0; 1761; INTERNAL; 34; 34; 0; 7276
INTERNAL; 34; 34; 0; 7276; INTERNAL; 33; 33; 0; 2596
INTERNAL; 35; 35; 0; 1761; INTERNAL; 34; 34; 0; 1756
INTERNAL; 36; 36; 0; 1821; INTERNAL; 35; 35; 0; 1760
INTERNAL; 35; 35; 0; 1760; INTERNAL; 34; 34; 0; 5001
INTERNAL; 34; 34; 0; 5001; INTERNAL; 33; 33; 0; 4305
INTERNAL; 33; 33; 0; 4305; INTERNAL; 32; 32; 0; 5980
INTERNAL; 32; 32; 0; 5980; INTERNAL; 31; 31; 0; 7462
INTERNAL; 31; 31; 0; 7462; INTERNAL; 30; 30; 0; 1735
INTERNAL; 32; 32; 0; 5980; INTERNAL; 31; 31; 0; 1737
INTERNAL; 31; 31; 0; 1737; INTERNAL; 30; 30; 0; 1867
INTERNAL; 30; 30; 0; 1867; INTERNAL; 29; 29; 0; 1729
INTERNAL; 29; 29; 0; 1729; INTERNAL; 28; 28; 0; 1728
INTERNAL; 31; 31; 0; 1737; INTERNAL; 29; 30; 1; 1730
INTERNAL; 31; 31; 0; 1737; INTERNAL; 30; 30; 0; 1736
INTERNAL; 30; 30; 0; 1736; INTERNAL; 29; 29; 0; 1722
INTERNAL; 29; 29; 0; 1722; INTERNAL; 28; 28; 0; 2256
INTERNAL; 30; 30; 0; 1736; INTERNAL; 29; 29; 0; 1724
INTERNAL; 29; 29; 0; 1724; INTERNAL; 28; 28; 0; 1718
INTERNAL; 29; 29; 0; 1724; INTERNAL; 28; 28; 0; 1716
INTERNAL; 28; 28; 0; 1716; INTERNAL; 27; 27; 0; 1707
INTERNAL; 27; 27; 0; 1707; INTERNAL; 26; 26; 0; 1706
INTERNAL; 27; 27; 0; 1707; INTERNAL; 26; 26; 0; 1704
INTERNAL; 28; 28; 0; 1716; INTERNAL; 27; 27; 0; 1710
INTERNAL; 28; 28; 0; 1716; INTERNAL; 27; 27; 0; 1709
INTERNAL; 27; 27; 0; 1709; INTERNAL; 26; 26; 0; 6757
INTERNAL; 28; 28; 0; 1716; INTERNAL; 27; 27; 0; 4307
INTERNAL; 27; 27; 0; 4307; INTERNAL; 26; 26; 0; 5088
INTERNAL; 26; 26; 0; 5088; INTERNAL; 25; 25; 0; 4202
INTERNAL; 27; 27; 0; 4307; INTERNAL; 26; 26; 0; 1700
INTERNAL; 26; 26; 0; 1700; INTERNAL; 25; 25; 0; 1698
INTERNAL; 27; 27; 0; 4307; INTERNAL; 26; 26; 0; 1703
INTERNAL; 26; 26; 0; 1703; INTERNAL; 25; 25; 0; 1699
INTERNAL; 27; 27; 0; 4307; INTERNAL; 26; 26; 0; 1701
INTERNAL; 26; 26; 0; 1701; INTERNAL; 24; 24; 0; 4149
INTERNAL; 26; 26; 0; 1701; INTERNAL; 25; 25; 0; 5262
INTERNAL; 25; 25; 0; 5262; INTERNAL; 24; 24; 0; 7628
INTERNAL; 26; 26; 0; 1701; INTERNAL; 25; 25; 0; 1697
INTERNAL; 25; 25; 0; 1697; INTERNAL; 24; 24; 0; 1694
INTERNAL; 25; 25; 0; 1697; INTERNAL; 24; 24; 0; 1693
INTERNAL; 26; 26; 0; 1701; INTERNAL; 25; 25; 0; 6553
INTERNAL; 25; 25; 0; 6553; INTERNAL; 24; 24; 0; 1695
INTERNAL; 26; 26; 0; 1701; INTERNAL; 25; 25; 0; 1696
INTERNAL; 25; 25; 0; 1696; INTERNAL; 24; 24; 0; 2493
INTERNAL; 24; 24; 0; 2493; INTERNAL; 23; 23; 0; 4465
INTERNAL; 25; 25; 0; 1696; INTERNAL; 24; 24; 0; 2680
INTERNAL; 24; 24; 0; 2680; INTERNAL; 23; 23; 0; 1688
INTERNAL; 24; 24; 0; 2680; INTERNAL; 23; 23; 0; 1691
INTERNAL; 24; 24; 0; 2680; INTERNAL; 23; 23; 0; 3604
INTERNAL; 24; 24; 0; 2680; INTERNAL; 23; 23; 0; 1689
INTERNAL; 24; 24; 0; 2680; INTERNAL; 23; 23; 0; 4002
INTERNAL; 25; 25; 0; 1696; INTERNAL; 24; 24; 0; 3482
INTERNAL; 25; 25; 0; 1696; INTERNAL; 24; 24; 0; 7048
INTERNAL; 24; 24; 0; 7048; INTERNAL; 23; 23; 0; 1692
INTERNAL; 27; 27; 0; 4307; INTERNAL; 25; 26; 1; 1702
INTERNAL; 28; 28; 0; 1716; INTERNAL; 26; 27; 1; 7676
INTERNAL; 29; 29; 0; 1724; INTERNAL; 28; 28; 0; 1719
INTERNAL; 28; 28; 0; 1719; INTERNAL; 27; 27; 0; 1714
INTERNAL; 28; 28; 0; 1719; INTERNAL; 27; 27; 0; 1712
INTERNAL; 29; 29; 0; 1724; INTERNAL; 28; 28; 0; 7314
INTERNAL; 28; 28; 0; 7314; INTERNAL; 27; 27; 0; 1711
INTERNAL; 29; 29; 0; 1724; INTERNAL; 27; 28; 1; 1715
INTERNAL; 30; 30; 0; 1736; INTERNAL; 28; 29; 1; 1725
INTERNAL; 30; 30; 0; 1736; INTERNAL; 29; 29; 0; 7636
INTERNAL; 30; 30; 0; 1736; INTERNAL; 29; 29; 0; 1726
INTERNAL; 29; 29; 0; 1726; INTERNAL; 28; 28; 0; 1721
INTERNAL; 31; 31; 0; 1737; INTERNAL; 30; 30; 0; 1731
INTERNAL; 30; 30; 0; 1731; INTERNAL; 29; 29; 0; 4593
INTERNAL; 29; 29; 0; 4593; INTERNAL; 28; 28; 0; 1727
INTERNAL; 31; 31; 0; 1737; INTERNAL; 30; 30; 0; 1732
INTERNAL; 32; 32; 0; 5980; INTERNAL; 30; 31; 1; 4354
INTERNAL; 32; 32; 0; 5980; INTERNAL; 31; 31; 0; 1739
INTERNAL; 31; 31; 0; 1739; INTERNAL; 30; 30; 0; 3231
INTERNAL; 30; 30; 0; 3231; INTERNAL; 28; 29; 1; 1733
INTERNAL; 32; 32; 0; 5980; INTERNAL; 31; 31; 0; 4253
INTERNAL; 31; 31; 0; 4253; INTERNAL; 30; 30; 0; 1734
INTERNAL; 33; 33; 0; 4305; INTERNAL; 32; 32; 0; 1744
INTERNAL; 33; 33; 0; 4305; INTERNAL; 31; 32; 1; 6896
INTERNAL; 33; 33; 0; 4305; INTERNAL; 31; 32; 1; 1743
INTERNAL; 31; 32; 1; 1743; INTERNAL; 30; 31; 1; 4608
INTERNAL; 33; 33; 0; 4305; INTERNAL; 32; 32; 0; 3640
INTERNAL; 32; 32; 0; 3640; INTERNAL; 31; 31; 0; 4780
INTERNAL; 31; 31; 0; 4780; INTERNAL; 30; 30; 0; 1742
INTERNAL; 34; 34; 0; 5001; INTERNAL; 32; 33; 1; 1818
INTERNAL; 32; 33; 1; 1818; INTERNAL; 31; 32; 1; 3042
INTERNAL; 31; 32; 1; 3042; INTERNAL; 30; 31; 1; 1687
INTERNAL; 34; 34; 0; 5001; INTERNAL; 33; 33; 0; 4030
INTERNAL; 33; 33; 0; 4030; INTERNAL; 32; 32; 0; 1746
INTERNAL; 33; 33; 0; 4030; INTERNAL; 32; 32; 0; 1745
INTERNAL; 32; 32; 0; 1745; INTERNAL; 31; 31; 0; 5540
INTERNAL; 31; 31; 0; 5540; INTERNAL; 30; 30; 0; 6356
INTERNAL; 34; 34; 0; 5001; INTERNAL; 32; 33; 1; 1749
INTERNAL; 34; 34; 0; 5001; INTERNAL; 33; 33; 0; 1748
INTERNAL; 35; 35; 0; 1760; INTERNAL; 33; 34; 1; 1985
INTERNAL; 33; 34; 1; 1985; INTERNAL; 32; 33; 1; 1685
INTERNAL; 35; 35; 0; 1760; INTERNAL; 34; 34; 0; 1752
INTERNAL; 35; 35; 0; 1760; INTERNAL; 34; 34; 0; 1754
INTERNAL; 34; 34; 0; 1754; INTERNAL; 33; 33; 0; 2803
INTERNAL; 33; 33; 0; 2803; INTERNAL; 32; 32; 0; 3922
INTERNAL; 34; 34; 0; 1754; INTERNAL; 33; 33; 0; 1750
INTERNAL; 35; 35; 0; 1760; INTERNAL; 34; 34; 0; 6058
INTERNAL; 35; 35; 0; 1760; INTERNAL; 33; 34; 1; 1755
INTERNAL; 36; 36; 0; 1821; INTERNAL; 35; 35; 0; 1757
INTERNAL; 36; 36; 0; 1821; INTERNAL; 34; 35; 1; 1758
INTERNAL; 34; 35; 1; 1758; INTERNAL; 33; 34; 1; 1684
INTERNAL; 37; 37; 0; 1767; INTERNAL; 36; 36; 0; 1766
INTERNAL; 36; 36; 0; 1766; INTERNAL; 35; 35; 0; 6004
INTERNAL; 35; 35; 0; 6004; INTERNAL; 34; 34; 0; 1762
INTERNAL; 37; 37; 0; 1767; INTERNAL; 36; 36; 0; 1764
INTERNAL; 38; 38; 0; 6017; INTERNAL; 37; 37; 0; 1888
INTERNAL; 38; 38; 0; 6017; INTERNAL; 36; 37; 1; 3455
INTERNAL; 36; 37; 1; 3455; INTERNAL; 35; 36; 1; 3985
INTERNAL; 40; 40; 0; 5586; INTERNAL; 39; 39; 0; 7967
INTERNAL; 39; 39; 0; 7967; INTERNAL; 38; 38; 0; 7969
INTERNAL; 38; 38; 0; 7969; INTERNAL; 37; 37; 0; 7561
INTERNAL; 37; 37; 0; 7561; INTERNAL; 36; 36; 0; 7854
INTERNAL; 39; 39; 0; 7967; INTERNAL; 38; 38; 0; 3139
INTERNAL; 40; 40; 0; 5586; INTERNAL; 39; 39; 0; 7384
INTERNAL; 40; 40; 0; 5586; INTERNAL; 39; 39; 0; 2541
INTERNAL; 39; 39; 0; 2541; INTERNAL; 38; 38; 0; 6876
INTERNAL; 38; 38; 0; 6876; INTERNAL; 37; 37; 0; 7955
INTERNAL; 39; 39; 0; 2541; INTERNAL; 38; 38; 0; 7859
INTERNAL; 41; 41; 0; 7853; INTERNAL; 40; 40; 0; 7855
INTERNAL; 40; 40; 0; 7855; INTERNAL; 39; 39; 0; 1679
INTERNAL; 40; 40; 0; 7855; INTERNAL; 39; 39; 0; 1681
INTERNAL; 39; 39; 0; 1681; INTERNAL; 38; 38; 0; 1678
INTERNAL; 40; 40; 0; 7855; INTERNAL; 39; 39; 0; 1680
INTERNAL; 41; 41; 0; 7853; INTERNAL; 40; 40; 0; 5655
INTERNAL; 42; 42; 0; 4654; INTERNAL; 41; 41; 0; 7852
INTERNAL; 41; 41; 0; 7852; INTERNAL; 40; 40; 0; 1671
INTERNAL; 40; 40; 0; 1671; INTERNAL; 37; 39; 2; 1668
INTERNAL; 41; 41; 0; 7852; INTERNAL; 40; 40; 0; 1670
INTERNAL; 42; 42; 0; 4654; INTERNAL; 41; 41; 0; 7848
INTERNAL; 42; 42; 0; 4654; INTERNAL; 41; 41; 0; 7849
INTERNAL; 41; 41; 0; 7849; INTERNAL; 40; 40; 0; 1663
INTERNAL; 40; 40; 0; 1663; INTERNAL; 39; 39; 0; 6266
INTERNAL; 39; 39; 0; 6266; INTERNAL; 38; 38; 0; 1662
INTERNAL; 40; 40; 0; 1663; INTERNAL; 39; 39; 0; 7957
INTERNAL; 41; 41; 0; 7849; INTERNAL; 39; 40; 1; 4181
INTERNAL; 39; 40; 1; 4181; INTERNAL; 38; 38; 0; 1548
INTERNAL; 38; 38; 0; 1548; INTERNAL; 37; 37; 0; 6792
INTERNAL; 41; 41; 0; 7849; INTERNAL; 40; 40; 0; 1667
INTERNAL; 40; 40; 0; 1667; INTERNAL; 39; 39; 0; 1661
INTERNAL; 39; 39; 0; 1661; INTERNAL; 38; 38; 0; 4670
INTERNAL; 40; 40; 0; 1667; INTERNAL; 39; 39; 0; 1659
INTERNAL; 39; 39; 0; 1659; INTERNAL; 38; 38; 0; 1860
INTERNAL; 41; 41; 0; 7849; INTERNAL; 40; 40; 0; 1666
INTERNAL; 41; 41; 0; 7849; INTERNAL; 40; 40; 0; 1664
INTERNAL; 41; 41; 0; 7849; INTERNAL; 40; 40; 0; 5312
INTERNAL; 40; 40; 0; 5312; INTERNAL; 39; 39; 0; 1657
INTERNAL; 39; 39; 0; 1657; INTERNAL; 38; 38; 0; 1647
INTERNAL; 39; 39; 0; 1657; INTERNAL; 37; 38; 1; 3497
INTERNAL; 37; 38; 1; 3497; INTERNAL; 36; 37; 1; 1646
INTERNAL; 40; 40; 0; 5312; INTERNAL; 39; 39; 0; 1652
INTERNAL; 39; 39; 0; 1652; INTERNAL; 38; 38; 0; 2729
INTERNAL; 38; 38; 0; 2729; INTERNAL; 37; 37; 0; 1650
INTERNAL; 37; 37; 0; 1650; INTERNAL; 36; 36; 0; 1649
INTERNAL; 40; 40; 0; 5312; INTERNAL; 39; 39; 0; 1655
INTERNAL; 40; 40; 0; 5312; INTERNAL; 39; 39; 0; 1651
INTERNAL; 40; 40; 0; 5312; INTERNAL; 39; 39; 0; 1658
INTERNAL; 39; 39; 0; 1658; INTERNAL; 38; 38; 0; 1641
INTERNAL; 38; 38; 0; 1641; INTERNAL; 37; 37; 0; 4904
INTERNAL; 37; 37; 0; 4904; INTERNAL; 36; 36; 0; 5665
INTERNAL; 38; 38; 0; 1641; INTERNAL; 37; 37; 0; 5762
INTERNAL; 39; 39; 0; 1658; INTERNAL; 37; 38; 1; 1642
INTERNAL; 37; 38; 1; 1642; INTERNAL; 36; 36; 0; 1633
INTERNAL; 36; 36; 0; 1633; INTERNAL; 35; 35; 0; 1632
INTERNAL; 39; 39; 0; 1658; INTERNAL; 38; 38; 0; 1639
INTERNAL; 39; 39; 0; 1658; INTERNAL; 38; 38; 0; 1640
INTERNAL; 38; 38; 0; 1640; INTERNAL; 37; 37; 0; 6055
INTERNAL; 37; 37; 0; 6055; INTERNAL; 36; 36; 0; 2244
INTERNAL; 37; 37; 0; 6055; INTERNAL; 36; 36; 0; 1637
INTERNAL; 39; 39; 0; 1658; INTERNAL; 38; 38; 0; 1638
INTERNAL; 39; 39; 0; 1658; INTERNAL; 38; 38; 0; 1644
INTERNAL; 38; 38; 0; 1644; INTERNAL; 37; 37; 0; 2646
INTERNAL; 37; 37; 0; 2646; INTERNAL; 35; 36; 1; 1630
INTERNAL; 35; 36; 1; 1630; INTERNAL; 34; 35; 1; 1551
INTERNAL; 37; 37; 0; 2646; INTERNAL; 34; 36; 2; 6729
INTERNAL; 34; 36; 2; 6729; INTERNAL; 33; 35; 2; 7061
INTERNAL; 37; 37; 0; 2646; INTERNAL; 35; 36; 1; 5010
INTERNAL; 37; 37; 0; 2646; INTERNAL; 35; 36; 1; 1629
INTERNAL; 37; 37; 0; 2646; INTERNAL; 36; 36; 0; 3478
INTERNAL; 36; 36; 0; 3478; INTERNAL; 35; 35; 0; 1628
INTERNAL; 35; 35; 0; 1628; INTERNAL; 33; 34; 1; 1620
INTERNAL; 33; 34; 1; 1620; INTERNAL; 32; 33; 1; 1555
INTERNAL; 35; 35; 0; 1628; INTERNAL; 34; 34; 0; 1622
INTERNAL; 34; 34; 0; 1622; INTERNAL; 32; 33; 1; 1617
INTERNAL; 34; 34; 0; 1622; INTERNAL; 32; 33; 1; 1616
INTERNAL; 32; 33; 1; 1616; INTERNAL; 31; 32; 1; 1558
INTERNAL; 31; 32; 1; 1558; INTERNAL; 30; 31; 1; 1556
INTERNAL; 34; 34; 0; 1622; INTERNAL; 33; 33; 0; 6193
INTERNAL; 33; 33; 0; 6193; INTERNAL; 32; 32; 0; 6960
INTERNAL; 32; 32; 0; 6960; INTERNAL; 30; 31; 1; 6183
INTERNAL; 34; 34; 0; 1622; INTERNAL; 33; 33; 0; 3773
INTERNAL; 33; 33; 0; 3773; INTERNAL; 31; 32; 1; 1612
INTERNAL; 33; 33; 0; 3773; INTERNAL; 32; 32; 0; 4223
INTERNAL; 33; 33; 0; 3773; INTERNAL; 32; 32; 0; 1613
INTERNAL; 32; 32; 0; 1613; INTERNAL; 31; 31; 0; 1606
INTERNAL; 31; 31; 0; 1606; INTERNAL; 30; 30; 0; 1564
INTERNAL; 30; 30; 0; 1564; INTERNAL; 28; 29; 1; 1562
INTERNAL; 32; 32; 0; 1613; INTERNAL; 30; 31; 1; 1608
INTERNAL; 32; 32; 0; 1613; INTERNAL; 31; 31; 0; 1738
INTERNAL; 31; 31; 0; 1738; INTERNAL; 30; 30; 0; 1561
INTERNAL; 32; 32; 0; 1613; INTERNAL; 31; 31; 0; 4301
INTERNAL; 31; 31; 0; 4301; INTERNAL; 29; 30; 1; 4832
INTERNAL; 31; 31; 0; 4301; INTERNAL; 30; 30; 0; 2530
INTERNAL; 30; 30; 0; 2530; INTERNAL; 29; 29; 0; 1602
INTERNAL; 29; 29; 0; 1602; INTERNAL; 28; 28; 0; 1601
INTERNAL; 31; 31; 0; 4301; INTERNAL; 30; 30; 0; 3608
INTERNAL; 31; 31; 0; 4301; INTERNAL; 30; 30; 0; 1603
INTERNAL; 30; 30; 0; 1603; INTERNAL; 29; 29; 0; 1741
INTERNAL; 29; 29; 0; 1741; INTERNAL; 28; 28; 0; 1669
INTERNAL; 30; 30; 0; 1603; INTERNAL; 29; 29; 0; 1598
INTERNAL; 29; 29; 0; 1598; INTERNAL; 28; 28; 0; 1565
INTERNAL; 30; 30; 0; 1603; INTERNAL; 28; 29; 1; 4176
INTERNAL; 30; 30; 0; 1603; INTERNAL; 29; 29; 0; 6766
INTERNAL; 29; 29; 0; 6766; INTERNAL; 27; 28; 1; 5726
INTERNAL; 29; 29; 0; 6766; INTERNAL; 28; 28; 0; 2404
INTERNAL; 28; 28; 0; 2404; INTERNAL; 27; 27; 0; 1567
INTERNAL; 29; 29; 0; 6766; INTERNAL; 28; 28; 0; 1597
INTERNAL; 28; 28; 0; 1597; INTERNAL; 27; 27; 0; 1592
INTERNAL; 27; 27; 0; 1592; INTERNAL; 26; 26; 0; 1583
INTERNAL; 26; 26; 0; 1583; INTERNAL; 25; 25; 0; 1568
INTERNAL; 27; 27; 0; 1592; INTERNAL; 26; 26; 0; 4721
INTERNAL; 26; 26; 0; 4721; INTERNAL; 24; 25; 1; 1579
INTERNAL; 26; 26; 0; 4721; INTERNAL; 25; 25; 0; 4599
INTERNAL; 25; 25; 0; 4599; INTERNAL; 24; 24; 0; 1573
INTERNAL; 26; 26; 0; 4721; INTERNAL; 25; 25; 0; 5261
INTERNAL; 25; 25; 0; 5261; INTERNAL; 24; 24; 0; 1571
INTERNAL; 26; 26; 0; 4721; INTERNAL; 25; 25; 0; 1581
INTERNAL; 25; 25; 0; 1581; INTERNAL; 24; 24; 0; 1576
INTERNAL; 25; 25; 0; 1581; INTERNAL; 24; 24; 0; 6401
INTERNAL; 24; 24; 0; 6401; INTERNAL; 23; 23; 0; 3935
INTERNAL; 25; 25; 0; 1581; INTERNAL; 24; 24; 0; 1575
INTERNAL; 24; 24; 0; 1575; INTERNAL; 23; 23; 0; 1574
INTERNAL; 25; 25; 0; 1581; INTERNAL; 24; 24; 0; 6980
INTERNAL; 24; 24; 0; 6980; INTERNAL; 23; 23; 0; 5973
INTERNAL; 23; 23; 0; 5973; INTERNAL; 22; 22; 0; 3990
INTERNAL; 24; 24; 0; 6980; INTERNAL; 23; 23; 0; 2978
INTERNAL; 24; 24; 0; 6980; INTERNAL; 23; 23; 0; 5927
INTERNAL; 26; 26; 0; 4721; INTERNAL; 25; 25; 0; 1578
INTERNAL; 25; 25; 0; 1578; INTERNAL; 24; 24; 0; 1577
INTERNAL; 27; 27; 0; 1592; INTERNAL; 26; 26; 0; 4095
INTERNAL; 26; 26; 0; 4095; INTERNAL; 25; 25; 0; 1570
INTERNAL; 27; 27; 0; 1592; INTERNAL; 26; 26; 0; 2081
INTERNAL; 26; 26; 0; 2081; INTERNAL; 25; 25; 0; 7219
INTERNAL; 27; 27; 0; 1592; INTERNAL; 25; 26; 1; 1585
INTERNAL; 28; 28; 0; 1597; INTERNAL; 27; 27; 0; 1591
INTERNAL; 28; 28; 0; 1597; INTERNAL; 26; 27; 1; 1594
INTERNAL; 28; 28; 0; 1597; INTERNAL; 27; 27; 0; 1596
INTERNAL; 27; 27; 0; 1596; INTERNAL; 26; 26; 0; 1589
INTERNAL; 27; 27; 0; 1596; INTERNAL; 26; 26; 0; 1588
INTERNAL; 28; 28; 0; 1597; INTERNAL; 27; 27; 0; 1595
INTERNAL; 27; 27; 0; 1595; INTERNAL; 26; 26; 0; 1587
INTERNAL; 29; 29; 0; 6766; INTERNAL; 28; 28; 0; 2772
INTERNAL; 29; 29; 0; 6766; INTERNAL; 28; 28; 0; 5207
INTERNAL; 28; 28; 0; 5207; INTERNAL; 27; 27; 0; 1566
INTERNAL; 27; 27; 0; 1566; INTERNAL; 26; 26; 0; 6683
INTERNAL; 30; 30; 0; 1603; INTERNAL; 29; 29; 0; 6924
INTERNAL; 31; 31; 0; 4301; INTERNAL; 30; 30; 0; 1604
INTERNAL; 30; 30; 0; 1604; INTERNAL; 29; 29; 0; 1600
INTERNAL; 29; 29; 0; 1600; INTERNAL; 28; 28; 0; 1599
INTERNAL; 32; 32; 0; 1613; INTERNAL; 31; 31; 0; 6662
INTERNAL; 33; 33; 0; 3773; INTERNAL; 31; 32; 1; 1611
INTERNAL; 31; 32; 1; 1611; INTERNAL; 30; 31; 1; 1560
INTERNAL; 33; 33; 0; 3773; INTERNAL; 32; 32; 0; 1614
INTERNAL; 32; 32; 0; 1614; INTERNAL; 31; 31; 0; 1610
INTERNAL; 31; 31; 0; 1610; INTERNAL; 30; 30; 0; 1609
INTERNAL; 34; 34; 0; 1622; INTERNAL; 33; 33; 0; 4836
INTERNAL; 35; 35; 0; 1628; INTERNAL; 34; 34; 0; 4931
INTERNAL; 35; 35; 0; 1628; INTERNAL; 33; 34; 1; 1618
INTERNAL; 33; 34; 1; 1618; INTERNAL; 32; 33; 1; 6030
INTERNAL; 35; 35; 0; 1628; INTERNAL; 33; 34; 1; 1621
INTERNAL; 36; 36; 0; 3478; INTERNAL; 34; 35; 1; 1626
INTERNAL; 36; 36; 0; 3478; INTERNAL; 34; 35; 1; 1624
INTERNAL; 34; 35; 1; 1624; INTERNAL; 33; 34; 1; 5722
INTERNAL; 36; 36; 0; 3478; INTERNAL; 34; 35; 1; 1623
INTERNAL; 34; 35; 1; 1623; INTERNAL; 33; 34; 1; 1552
INTERNAL; 36; 36; 0; 3478; INTERNAL; 35; 35; 0; 6057
INTERNAL; 38; 38; 0; 1644; INTERNAL; 37; 37; 0; 1634
INTERNAL; 38; 38; 0; 1644; INTERNAL; 36; 37; 1; 7731
INTERNAL; 36; 37; 1; 7731; INTERNAL; 35; 36; 1; 4574
INTERNAL; 35; 36; 1; 4574; INTERNAL; 34; 35; 1; 1549
INTERNAL; 38; 38; 0; 1644; INTERNAL; 35; 37; 2; 1635
INTERNAL; 35; 37; 2; 1635; INTERNAL; 34; 36; 2; 4385
INTERNAL; 38; 38; 0; 1644; INTERNAL; 36; 37; 1; 4580
INTERNAL; 38; 38; 0; 1644; INTERNAL; 36; 37; 1; 1636
INTERNAL; 40; 40; 0; 5312; INTERNAL; 39; 39; 0; 1653
INTERNAL; 42; 42; 0; 4654; INTERNAL; 41; 41; 0; 7145
INTERNAL; 43; 43; 0; 3082; INTERNAL; 41; 41; 0; 7758
INTERNAL; 43; 43; 0; 3082; INTERNAL; 40; 40; 0; 5131
INTERNAL; 43; 43; 0; 3082; INTERNAL; 42; 42; 0; 7757
INTERNAL; 42; 42; 0; 7757; INTERNAL; 40; 41; 1; 3086
INTERNAL; 40; 41; 1; 3086; INTERNAL; 38; 40; 2; 2088
INTERNAL; 42; 42; 0; 7757; INTERNAL; 41; 41; 0; 2221
INTERNAL; 42; 42; 0; 7757; INTERNAL; 41; 41; 0; 4196
INTERNAL; 44; 44; 0; 7484; INTERNAL; 42; 42; 0; 7575
INTERNAL; 45; 45; 0; 3103; INTERNAL; 44; 44; 0; 7004
INTERNAL; 44; 44; 0; 7004; INTERNAL; 43; 43; 0; 7489
INTERNAL; 46; 46; 0; 3253; INTERNAL; 45; 45; 0; 3619
INTERNAL; 46; 46; 0; 3253; INTERNAL; 44; 44; 0; 4858
INTERNAL; 47; 47; 0; 3999; INTERNAL; 45; 46; 1; 6050
INTERNAL; 45; 46; 1; 6050; INTERNAL; 44; 44; 0; 6835
INTERNAL; 45; 46; 1; 6050; INTERNAL; 40; 44; 4; 4163
INTERNAL; 40; 44; 4; 4163; INTERNAL; 39; 43; 4; 1524
INTERNAL; 45; 46; 1; 6050; INTERNAL; 43; 44; 1; 1546
INTERNAL; 47; 47; 0; 3999; INTERNAL; 45; 46; 1; 3507
INTERNAL; 47; 47; 0; 3999; INTERNAL; 45; 45; 0; 4082
INTERNAL; 47; 47; 0; 3999; INTERNAL; 45; 46; 1; 3914
INTERNAL; 49; 49; 0; 4195; INTERNAL; 46; 48; 2; 3732
INTERNAL; 49; 49; 0; 4195; INTERNAL; 44; 47; 3; 7931
INTERNAL; 50; 50; 0; 3800; INTERNAL; 43; 48; 5; 3316
INTERNAL; 51; 51; 0; 1234; INTERNAL; 43; 49; 6; 1304
INTERNAL; 51; 51; 0; 1234; INTERNAL; 44; 49; 5; 4453
INTERNAL; 52; 52; 0; 630; INTERNAL; 42; 50; 8; 2827
INTERNAL; 52; 52; 0; 630; INTERNAL; 42; 51; 9; 699
INTERNAL; 42; 51; 9; 699; INTERNAL; 40; 49; 9; 2578
INTERNAL; 40; 49; 9; 2578; INTERNAL; 38; 47; 9; 4442
INTERNAL; 38; 47; 9; 4442; INTERNAL; 37; 46; 9; 689
INTERNAL; 40; 49; 9; 2578; INTERNAL; 39; 47; 8; 696
INTERNAL; 39; 47; 8; 696; INTERNAL; 38; 46; 8; 695
INTERNAL; 39; 47; 8; 696; INTERNAL; 9; 46; 37; 1820
INTERNAL; 9; 46; 37; 1820; INTERNAL; 7; 45; 38; 1945
INTERNAL; 7; 45; 38; 1945; INTERNAL; 5; 44; 39; 691
INTERNAL; 7; 45; 38; 1945; INTERNAL; 6; 44; 38; 4724
INTERNAL; 6; 44; 38; 4724; INTERNAL; 4; 43; 39; 3048
INTERNAL; 39; 47; 8; 696; INTERNAL; 38; 46; 8; 693
INTERNAL; 38; 46; 8; 693; INTERNAL; 36; 45; 9; 692
INTERNAL; 39; 47; 8; 696; INTERNAL; 9; 46; 37; 694
INTERNAL; 42; 51; 9; 699; INTERNAL; 41; 49; 8; 7928
INTERNAL; 42; 51; 9; 699; INTERNAL; 40; 49; 9; 697
INTERNAL; 40; 49; 9; 697; INTERNAL; 38; 48; 10; 688
INTERNAL; 53; 53; 0; 4934; INTERNAL; 42; 50; 8; 7719
INTERNAL; 53; 53; 0; 4934; INTERNAL; 42; 50; 8; 4695
INTERNAL; 42; 50; 8; 4695; INTERNAL; 39; 49; 10; 687
INTERNAL; 42; 50; 8; 4695; INTERNAL; 38; 49; 11; 685
INTERNAL; 38; 49; 11; 685; INTERNAL; 37; 48; 11; 5112
INTERNAL; 42; 50; 8; 4695; INTERNAL; 41; 49; 8; 686
INTERNAL; 41; 49; 8; 686; INTERNAL; 39; 48; 9; 2677
INTERNAL; 41; 49; 8; 686; INTERNAL; 40; 48; 8; 684
INTERNAL; 41; 49; 8; 686; INTERNAL; 37; 48; 11; 5301
INTERNAL; 37; 48; 11; 5301; INTERNAL; 36; 47; 11; 4099
INTERNAL; 37; 48; 11; 5301; INTERNAL; 9; 47; 38; 2688
INTERNAL; 9; 47; 38; 2688; INTERNAL; 6; 46; 40; 683
INTERNAL; 6; 46; 40; 683; INTERNAL; 5; 45; 40; 682
INTERNAL; 6; 46; 40; 683; INTERNAL; 4; 45; 41; 681
INTERNAL; 53; 53; 0; 4934; INTERNAL; 43; 52; 9; 629
INTERNAL; 43; 52; 9; 629; INTERNAL; 42; 51; 9; 628
INTERNAL; 43; 52; 9; 629; INTERNAL; 41; 51; 10; 627
INTERNAL; 41; 51; 10; 627; INTERNAL; 39; 50; 11; 626
INTERNAL; 39; 50; 11; 626; INTERNAL; 38; 49; 11; 623
INTERNAL; 41; 51; 10; 627; INTERNAL; 39; 50; 11; 625
INTERNAL; 39; 50; 11; 625; INTERNAL; 37; 49; 12; 3506
INTERNAL; 37; 49; 12; 3506; INTERNAL; 36; 48; 12; 1952
INTERNAL; 39; 50; 11; 625; INTERNAL; 37; 49; 12; 2252
INTERNAL; 39; 50; 11; 625; INTERNAL; 38; 49; 11; 622
INTERNAL; 38; 49; 11; 622; INTERNAL; 10; 48; 38; 621
INTERNAL; 10; 48; 38; 621; INTERNAL; 8; 47; 39; 620
INTERNAL; 8; 47; 39; 620; INTERNAL; 4; 46; 42; 619
INTERNAL; 54; 54; 0; 581; INTERNAL; 53; 53; 0; 3001
INTERNAL; 53; 53; 0; 3001; INTERNAL; 52; 52; 0; 618
INTERNAL; 52; 52; 0; 618; INTERNAL; 43; 51; 8; 2270
INTERNAL; 53; 53; 0; 3001; INTERNAL; 43; 52; 9; 617
INTERNAL; 53; 53; 0; 3001; INTERNAL; 41; 52; 11; 616
INTERNAL; 41; 52; 11; 616; INTERNAL; 40; 51; 11; 615
INTERNAL; 40; 51; 11; 615; INTERNAL; 39; 50; 11; 4379
INTERNAL; 39; 50; 11; 4379; INTERNAL; 38; 49; 11; 2704
INTERNAL; 39; 50; 11; 4379; INTERNAL; 7; 49; 42; 612
INTERNAL; 39; 50; 11; 4379; INTERNAL; 10; 49; 39; 614
INTERNAL; 39; 50; 11; 4379; INTERNAL; 38; 49; 11; 2536
INTERNAL; 39; 50; 11; 4379; INTERNAL; 37; 49; 12; 613
INTERNAL; 40; 51; 11; 615; INTERNAL; 39; 50; 11; 4038
INTERNAL; 40; 51; 11; 615; INTERNAL; 37; 50; 13; 6990
INTERNAL; 54; 54; 0; 581; INTERNAL; 53; 53; 0; 4264
INTERNAL; 54; 54; 0; 581; INTERNAL; 53; 53; 0; 631
INTERNAL; 53; 53; 0; 631; INTERNAL; 52; 52; 0; 700
INTERNAL; 53; 53; 0; 631; INTERNAL; 52; 52; 0; 7513
INTERNAL; 53; 53; 0; 631; INTERNAL; 52; 52; 0; 3905
INTERNAL; 52; 52; 0; 3905; INTERNAL; 51; 51; 0; 4786
INTERNAL; 51; 51; 0; 4786; INTERNAL; 50; 50; 0; 1277
INTERNAL; 50; 50; 0; 1277; INTERNAL; 49; 49; 0; 1269
INTERNAL; 49; 49; 0; 1269; INTERNAL; 46; 48; 2; 1273
INTERNAL; 50; 50; 0; 1277; INTERNAL; 49; 49; 0; 1270
INTERNAL; 49; 49; 0; 1270; INTERNAL; 48; 48; 0; 6772
INTERNAL; 49; 49; 0; 1270; INTERNAL; 46; 48; 2; 5476
INTERNAL; 50; 50; 0; 1277; INTERNAL; 49; 49; 0; 4567
INTERNAL; 50; 50; 0; 1277; INTERNAL; 49; 49; 0; 2461
INTERNAL; 50; 50; 0; 1277; INTERNAL; 49; 49; 0; 2388
INTERNAL; 49; 49; 0; 2388; INTERNAL; 48; 48; 0; 1918
INTERNAL; 48; 48; 0; 1918; INTERNAL; 46; 47; 1; 1267
INTERNAL; 49; 49; 0; 2388; INTERNAL; 48; 48; 0; 1407
INTERNAL; 49; 49; 0; 2388; INTERNAL; 48; 48; 0; 1265
INTERNAL; 48; 48; 0; 1265; INTERNAL; 47; 47; 0; 4201
INTERNAL; 47; 47; 0; 4201; INTERNAL; 46; 46; 0; 1253
INTERNAL; 47; 47; 0; 4201; INTERNAL; 46; 46; 0; 1259
INTERNAL; 47; 47; 0; 4201; INTERNAL; 46; 46; 0; 1252
INTERNAL; 46; 46; 0; 1252; INTERNAL; 45; 45; 0; 3997
INTERNAL; 45; 45; 0; 3997; INTERNAL; 44; 44; 0; 7734
INTERNAL; 46; 46; 0; 1252; INTERNAL; 45; 45; 0; 3963
INTERNAL; 45; 45; 0; 3963; INTERNAL; 44; 44; 0; 1247
INTERNAL; 46; 46; 0; 1252; INTERNAL; 45; 45; 0; 1248
INTERNAL; 46; 46; 0; 1252; INTERNAL; 45; 45; 0; 1249
INTERNAL; 45; 45; 0; 1249; INTERNAL; 44; 44; 0; 2383
INTERNAL; 45; 45; 0; 1249; INTERNAL; 44; 44; 0; 1245
INTERNAL; 44; 44; 0; 1245; INTERNAL; 43; 43; 0; 7591
INTERNAL; 43; 43; 0; 7591; INTERNAL; 42; 42; 0; 1243
INTERNAL; 44; 44; 0; 1245; INTERNAL; 43; 43; 0; 1244
INTERNAL; 44; 44; 0; 1245; INTERNAL; 42; 42; 0; 5087
INTERNAL; 42; 42; 0; 5087; INTERNAL; 41; 41; 0; 5903
INTERNAL; 44; 44; 0; 1245; INTERNAL; 43; 43; 0; 7422
INTERNAL; 44; 44; 0; 1245; INTERNAL; 43; 43; 0; 7132
INTERNAL; 43; 43; 0; 7132; INTERNAL; 42; 42; 0; 1240
INTERNAL; 43; 43; 0; 7132; INTERNAL; 42; 42; 0; 1241
INTERNAL; 43; 43; 0; 7132; INTERNAL; 42; 42; 0; 1242
INTERNAL; 42; 42; 0; 1242; INTERNAL; 41; 41; 0; 1235
INTERNAL; 42; 42; 0; 1242; INTERNAL; 41; 41; 0; 1237
INTERNAL; 41; 41; 0; 1237; INTERNAL; 40; 40; 0; 5364
INTERNAL; 40; 40; 0; 5364; INTERNAL; 39; 39; 0; 1790
INTERNAL; 39; 39; 0; 1790; INTERNAL; 38; 38; 0; 3016
INTERNAL; 40; 40; 0; 5364; INTERNAL; 39; 39; 0; 3084
INTERNAL; 41; 41; 0; 1237; INTERNAL; 40; 40; 0; 2765
INTERNAL; 41; 41; 0; 1237; INTERNAL; 40; 40; 0; 3399
INTERNAL; 42; 42; 0; 1242; INTERNAL; 41; 41; 0; 1238
INTERNAL; 43; 43; 0; 7132; INTERNAL; 42; 42; 0; 1239
INTERNAL; 45; 45; 0; 1249; INTERNAL; 44; 44; 0; 1246
INTERNAL; 47; 47; 0; 4201; INTERNAL; 46; 46; 0; 7649
INTERNAL; 46; 46; 0; 7649; INTERNAL; 45; 45; 0; 1250
INTERNAL; 47; 47; 0; 4201; INTERNAL; 46; 46; 0; 2839
INTERNAL; 48; 48; 0; 1265; INTERNAL; 47; 47; 0; 1260
INTERNAL; 47; 47; 0; 1260; INTERNAL; 46; 46; 0; 1254
INTERNAL; 48; 48; 0; 1265; INTERNAL; 47; 47; 0; 1258
INTERNAL; 48; 48; 0; 1265; INTERNAL; 47; 47; 0; 1264
INTERNAL; 48; 48; 0; 1265; INTERNAL; 47; 47; 0; 1255
INTERNAL; 49; 49; 0; 2388; INTERNAL; 48; 48; 0; 1263
INTERNAL; 49; 49; 0; 2388; INTERNAL; 48; 48; 0; 1261
INTERNAL; 50; 50; 0; 1277; INTERNAL; 49; 49; 0; 1272
INTERNAL; 49; 49; 0; 1272; INTERNAL; 48; 48; 0; 1268
INTERNAL; 51; 51; 0; 4786; INTERNAL; 50; 50; 0; 5998
INTERNAL; 51; 51; 0; 4786; INTERNAL; 50; 50; 0; 6789
INTERNAL; 51; 51; 0; 4786; INTERNAL; 50; 50; 0; 7436
INTERNAL; 51; 51; 0; 4786; INTERNAL; 50; 50; 0; 4822
INTERNAL; 50; 50; 0; 4822; INTERNAL; 45; 49; 4; 4271
INTERNAL; 50; 50; 0; 4822; INTERNAL; 49; 49; 0; 1275
INTERNAL; 51; 51; 0; 4786; INTERNAL; 50; 50; 0; 1276
INTERNAL; 52; 52; 0; 3905; INTERNAL; 51; 51; 0; 6763
INTERNAL; 51; 51; 0; 6763; INTERNAL; 45; 50; 5; 2280
INTERNAL; 51; 51; 0; 6763; INTERNAL; 50; 50; 0; 1280
INTERNAL; 52; 52; 0; 3905; INTERNAL; 51; 51; 0; 3188
INTERNAL; 51; 51; 0; 3188; INTERNAL; 44; 50; 6; 3676
INTERNAL; 52; 52; 0; 3905; INTERNAL; 51; 51; 0; 3603
INTERNAL; 51; 51; 0; 3603; INTERNAL; 50; 50; 0; 1279
INTERNAL; 52; 52; 0; 3905; INTERNAL; 51; 51; 0; 3837
INTERNAL; 52; 52; 0; 3905; INTERNAL; 51; 51; 0; 7877
INTERNAL; 53; 53; 0; 631; INTERNAL; 51; 51; 0; 3370
INTERNAL; 53; 53; 0; 631; INTERNAL; 52; 52; 0; 4408
INTERNAL; 52; 52; 0; 4408; INTERNAL; 44; 51; 7; 6863
INTERNAL; 53; 53; 0; 631; INTERNAL; 52; 52; 0; 701
INTERNAL; 54; 54; 0; 581; INTERNAL; 53; 53; 0; 898
INTERNAL; 53; 53; 0; 898; INTERNAL; 52; 52; 0; 4684
INTERNAL; 54; 54; 0; 581; INTERNAL; 53; 53; 0; 721
INTERNAL; 55; 55; 0; 6685; INTERNAL; 54; 54; 0; 580
INTERNAL; 54; 54; 0; 580; INTERNAL; 53; 53; 0; 2333
INTERNAL; 53; 53; 0; 2333; INTERNAL; 41; 52; 11; 577
INTERNAL; 54; 54; 0; 580; INTERNAL; 53; 53; 0; 611
INTERNAL; 54; 54; 0; 580; INTERNAL; 41; 53; 12; 578
INTERNAL; 41; 53; 12; 578; INTERNAL; 40; 52; 12; 4944
INTERNAL; 41; 53; 12; 578; INTERNAL; 40; 52; 12; 4514
INTERNAL; 40; 52; 12; 4514; INTERNAL; 39; 51; 12; 5898
INTERNAL; 39; 51; 12; 5898; INTERNAL; 38; 50; 12; 573
INTERNAL; 40; 52; 12; 4514; INTERNAL; 39; 51; 12; 1923
INTERNAL; 39; 51; 12; 1923; INTERNAL; 9; 50; 41; 575
INTERNAL; 40; 52; 12; 4514; INTERNAL; 39; 51; 12; 576
INTERNAL; 55; 55; 0; 6685; INTERNAL; 54; 54; 0; 3185
INTERNAL; 54; 54; 0; 3185; INTERNAL; 42; 53; 11; 551
INTERNAL; 42; 53; 11; 551; INTERNAL; 41; 52; 11; 550
INTERNAL; 41; 52; 11; 550; INTERNAL; 40; 51; 11; 3762
INTERNAL; 40; 51; 11; 3762; INTERNAL; 39; 50; 11; 546
INTERNAL; 41; 52; 11; 550; INTERNAL; 39; 51; 12; 548
INTERNAL; 41; 52; 11; 550; INTERNAL; 39; 51; 12; 547
INTERNAL; 39; 51; 12; 547; INTERNAL; 38; 50; 12; 545
INTERNAL; 42; 53; 11; 551; INTERNAL; 40; 52; 12; 549
INTERNAL; 55; 55; 0; 6685; INTERNAL; 54; 54; 0; 4920
INTERNAL; 56; 57; 1; 975; INTERNAL; 54; 54; 0; 1233
INTERNAL; 56; 57; 1; 975; INTERNAL; 54; 54; 0; 506
INTERNAL; 54; 54; 0; 506; INTERNAL; 42; 53; 11; 510
INTERNAL; 42; 53; 11; 510; INTERNAL; 40; 52; 12; 7002
INTERNAL; 40; 52; 12; 7002; INTERNAL; 37; 51; 14; 2566
INTERNAL; 42; 53; 11; 510; INTERNAL; 41; 52; 11; 509
INTERNAL; 42; 53; 11; 510; INTERNAL; 40; 52; 12; 7635
INTERNAL; 40; 52; 12; 7635; INTERNAL; 39; 51; 12; 507
INTERNAL; 54; 54; 0; 506; INTERNAL; 42; 53; 11; 4838
INTERNAL; 56; 57; 1; 975; INTERNAL; 54; 54; 0; 553
INTERNAL; 56; 57; 1; 975; INTERNAL; 55; 55; 0; 456
INTERNAL; 55; 55; 0; 456; INTERNAL; 54; 54; 0; 3522
INTERNAL; 55; 55; 0; 456; INTERNAL; 40; 54; 14; 2665
INTERNAL; 40; 54; 14; 2665; INTERNAL; 39; 52; 13; 476
INTERNAL; 55; 55; 0; 456; INTERNAL; 41; 53; 12; 6669
INTERNAL; 55; 55; 0; 456; INTERNAL; 40; 53; 13; 949
INTERNAL; 55; 55; 0; 456; INTERNAL; 42; 54; 12; 478
INTERNAL; 56; 57; 1; 975; INTERNAL; 55; 55; 0; 479
INTERNAL; 55; 55; 0; 479; INTERNAL; 42; 54; 12; 477
INTERNAL; 57; 58; 1; 473; INTERNAL; 56; 57; 1; 457
INTERNAL; 59; 59; 0; 7694; INTERNAL; 58; 58; 0; 7595
INTERNAL; 58; 58; 0; 7595; INTERNAL; 57; 57; 0; 3342
INTERNAL; 57; 57; 0; 3342; INTERNAL; 56; 56; 0; 480
INTERNAL; 57; 57; 0; 3342; INTERNAL; 56; 56; 0; 854
INTERNAL; 58; 58; 0; 7595; INTERNAL; 57; 57; 0; 802
INTERNAL; 57; 57; 0; 802; INTERNAL; 56; 56; 0; 502
INTERNAL; 56; 56; 0; 502; INTERNAL; 55; 55; 0; 541
INTERNAL; 55; 55; 0; 541; INTERNAL; 54; 54; 0; 726
INTERNAL; 54; 54; 0; 726; INTERNAL; 52; 53; 1; 6963
INTERNAL; 52; 53; 1; 6963; INTERNAL; 51; 51; 0; 805
INTERNAL; 52; 53; 1; 6963; INTERNAL; 51; 52; 1; 4102
INTERNAL; 51; 52; 1; 4102; INTERNAL; 50; 50; 0; 1215
INTERNAL; 54; 54; 0; 726; INTERNAL; 53; 53; 0; 1257
INTERNAL; 53; 53; 0; 1257; INTERNAL; 52; 52; 0; 4784
INTERNAL; 52; 52; 0; 4784; INTERNAL; 51; 51; 0; 6612
INTERNAL; 52; 52; 0; 4784; INTERNAL; 51; 51; 0; 3135
INTERNAL; 51; 51; 0; 3135; INTERNAL; 50; 50; 0; 669
INTERNAL; 50; 50; 0; 669; INTERNAL; 49; 49; 0; 3635
INTERNAL; 50; 50; 0; 669; INTERNAL; 49; 49; 0; 1208
INTERNAL; 51; 51; 0; 3135; INTERNAL; 50; 50; 0; 4327
INTERNAL; 50; 50; 0; 4327; INTERNAL; 49; 49; 0; 1781
INTERNAL; 50; 50; 0; 4327; INTERNAL; 49; 49; 0; 3702
INTERNAL; 51; 51; 0; 3135; INTERNAL; 50; 50; 0; 670
INTERNAL; 50; 50; 0; 670; INTERNAL; 48; 49; 1; 933
INTERNAL; 48; 49; 1; 933; INTERNAL; 47; 47; 0; 777
INTERNAL; 47; 47; 0; 777; INTERNAL; 46; 46; 0; 775
INTERNAL; 46; 46; 0; 775; INTERNAL; 45; 45; 0; 5913
INTERNAL; 47; 47; 0; 777; INTERNAL; 46; 46; 0; 1083
INTERNAL; 48; 49; 1; 933; INTERNAL; 47; 47; 0; 5386
INTERNAL; 47; 47; 0; 5386; INTERNAL; 45; 46; 1; 3326
INTERNAL; 45; 46; 1; 3326; INTERNAL; 44; 44; 0; 5000
INTERNAL; 44; 44; 0; 5000; INTERNAL; 43; 43; 0; 1090
INTERNAL; 43; 43; 0; 1090; INTERNAL; 42; 42; 0; 1179
INTERNAL; 42; 42; 0; 1179; INTERNAL; 40; 41; 1; 1172
INTERNAL; 40; 41; 1; 1172; INTERNAL; 39; 39; 0; 1165
INTERNAL; 42; 42; 0; 1179; INTERNAL; 41; 41; 0; 1173
INTERNAL; 41; 41; 0; 1173; INTERNAL; 40; 40; 0; 1168
INTERNAL; 41; 41; 0; 1173; INTERNAL; 40; 40; 0; 1167
INTERNAL; 40; 40; 0; 1167; INTERNAL; 39; 39; 0; 6289
INTERNAL; 40; 40; 0; 1167; INTERNAL; 39; 39; 0; 1164
INTERNAL; 42; 42; 0; 1179; INTERNAL; 41; 41; 0; 2433
INTERNAL; 41; 41; 0; 2433; INTERNAL; 40; 40; 0; 1162
INTERNAL; 41; 41; 0; 2433; INTERNAL; 40; 40; 0; 1161
INTERNAL; 42; 42; 0; 1179; INTERNAL; 41; 41; 0; 1171
INTERNAL; 41; 41; 0; 1171; INTERNAL; 40; 40; 0; 4438
INTERNAL; 40; 40; 0; 4438; INTERNAL; 39; 39; 0; 1157
INTERNAL; 41; 41; 0; 1171; INTERNAL; 40; 40; 0; 5843
INTERNAL; 41; 41; 0; 1171; INTERNAL; 39; 40; 1; 1160
INTERNAL; 41; 41; 0; 1171; INTERNAL; 40; 40; 0; 1159
INTERNAL; 41; 41; 0; 1171; INTERNAL; 40; 40; 0; 1158
INTERNAL; 40; 40; 0; 1158; INTERNAL; 39; 39; 0; 1156
INTERNAL; 42; 42; 0; 1179; INTERNAL; 41; 41; 0; 4625
INTERNAL; 41; 41; 0; 4625; INTERNAL; 40; 40; 0; 1169
INTERNAL; 43; 43; 0; 1090; INTERNAL; 42; 42; 0; 1180
INTERNAL; 42; 42; 0; 1180; INTERNAL; 41; 41; 0; 1174
INTERNAL; 42; 42; 0; 1180; INTERNAL; 41; 41; 0; 5167
INTERNAL; 43; 43; 0; 1090; INTERNAL; 41; 42; 1; 1176
INTERNAL; 41; 42; 1; 1176; INTERNAL; 40; 40; 0; 1154
INTERNAL; 41; 42; 1; 1176; INTERNAL; 40; 40; 0; 1153
INTERNAL; 40; 40; 0; 1153; INTERNAL; 39; 39; 0; 1151
INTERNAL; 43; 43; 0; 1090; INTERNAL; 41; 42; 1; 1178
INTERNAL; 41; 42; 1; 1178; INTERNAL; 39; 40; 1; 1155
INTERNAL; 43; 43; 0; 1090; INTERNAL; 42; 42; 0; 1131
INTERNAL; 42; 42; 0; 1131; INTERNAL; 41; 41; 0; 1129
INTERNAL; 42; 42; 0; 1131; INTERNAL; 41; 41; 0; 1130
INTERNAL; 41; 41; 0; 1130; INTERNAL; 40; 40; 0; 6953
INTERNAL; 42; 42; 0; 1131; INTERNAL; 40; 41; 1; 1128
INTERNAL; 43; 43; 0; 1090; INTERNAL; 42; 42; 0; 1132
INTERNAL; 42; 42; 0; 1132; INTERNAL; 41; 41; 0; 7858
INTERNAL; 42; 42; 0; 1132; INTERNAL; 41; 41; 0; 3149
INTERNAL; 42; 42; 0; 1132; INTERNAL; 41; 41; 0; 2774
INTERNAL; 44; 44; 0; 5000; INTERNAL; 42; 42; 0; 3014
INTERNAL; 42; 42; 0; 3014; INTERNAL; 41; 41; 0; 1087
INTERNAL; 41; 41; 0; 1087; INTERNAL; 40; 40; 0; 1445
INTERNAL; 40; 40; 0; 1445; INTERNAL; 39; 39; 0; 1084
INTERNAL; 41; 41; 0; 1087; INTERNAL; 40; 40; 0; 1085
INTERNAL; 42; 42; 0; 3014; INTERNAL; 41; 41; 0; 1088
INTERNAL; 41; 41; 0; 1088; INTERNAL; 40; 40; 0; 1086
INTERNAL; 44; 44; 0; 5000; INTERNAL; 43; 43; 0; 1031
INTERNAL; 43; 43; 0; 1031; INTERNAL; 42; 42; 0; 1024
INTERNAL; 43; 43; 0; 1031; INTERNAL; 42; 42; 0; 1025
INTERNAL; 44; 44; 0; 5000; INTERNAL; 43; 43; 0; 7511
INTERNAL; 43; 43; 0; 7511; INTERNAL; 42; 42; 0; 1089
INTERNAL; 43; 43; 0; 7511; INTERNAL; 42; 42; 0; 7317
INTERNAL; 43; 43; 0; 7511; INTERNAL; 42; 42; 0; 1356
INTERNAL; 44; 44; 0; 5000; INTERNAL; 43; 43; 0; 6500
INTERNAL; 43; 43; 0; 6500; INTERNAL; 42; 42; 0; 3730
INTERNAL; 43; 43; 0; 6500; INTERNAL; 41; 42; 1; 1030
INTERNAL; 41; 42; 1; 1030; INTERNAL; 39; 40; 1; 6285
INTERNAL; 43; 43; 0; 6500; INTERNAL; 42; 42; 0; 1170
INTERNAL; 42; 42; 0; 1170; INTERNAL; 41; 41; 0; 1028
INTERNAL; 43; 43; 0; 6500; INTERNAL; 41; 42; 1; 6472
INTERNAL; 41; 42; 1; 6472; INTERNAL; 40; 40; 0; 4322
INTERNAL; 40; 40; 0; 4322; INTERNAL; 39; 39; 0; 1026
INTERNAL; 41; 42; 1; 6472; INTERNAL; 40; 40; 0; 1027
INTERNAL; 45; 46; 1; 3326; INTERNAL; 43; 43; 0; 961
INTERNAL; 43; 43; 0; 961; INTERNAL; 42; 42; 0; 960
INTERNAL; 42; 42; 0; 960; INTERNAL; 41; 41; 0; 6443
INTERNAL; 42; 42; 0; 960; INTERNAL; 41; 41; 0; 959
INTERNAL; 43; 43; 0; 961; INTERNAL; 42; 42; 0; 3397
INTERNAL; 42; 42; 0; 3397; INTERNAL; 40; 41; 1; 2669
INTERNAL; 42; 42; 0; 3397; INTERNAL; 41; 41; 0; 5946
INTERNAL; 42; 42; 0; 3397; INTERNAL; 41; 41; 0; 958
INTERNAL; 41; 41; 0; 958; INTERNAL; 40; 40; 0; 4793
INTERNAL; 45; 46; 1; 3326; INTERNAL; 43; 43; 0; 6535
INTERNAL; 45; 46; 1; 3326; INTERNAL; 44; 44; 0; 876
INTERNAL; 44; 44; 0; 876; INTERNAL; 43; 43; 0; 872
INTERNAL; 43; 43; 0; 872; INTERNAL; 42; 42; 0; 871
INTERNAL; 42; 42; 0; 871; INTERNAL; 41; 41; 0; 870
INTERNAL; 44; 44; 0; 876; INTERNAL; 42; 43; 1; 3956
INTERNAL; 42; 43; 1; 3956; INTERNAL; 41; 41; 0; 869
INTERNAL; 41; 41; 0; 869; INTERNAL; 40; 40; 0; 5676
INTERNAL; 41; 41; 0; 869; INTERNAL; 40; 40; 0; 868
INTERNAL; 40; 40; 0; 868; INTERNAL; 39; 39; 0; 1461
INTERNAL; 42; 43; 1; 3956; INTERNAL; 41; 41; 0; 1210
INTERNAL; 41; 41; 0; 1210; INTERNAL; 40; 40; 0; 1539
INTERNAL; 44; 44; 0; 876; INTERNAL; 43; 43; 0; 7118
INTERNAL; 45; 46; 1; 3326; INTERNAL; 44; 44; 0; 1584
INTERNAL; 44; 44; 0; 1584; INTERNAL; 43; 43; 0; 874
INTERNAL; 44; 44; 0; 1584; INTERNAL; 43; 43; 0; 873
INTERNAL; 45; 46; 1; 3326; INTERNAL; 44; 44; 0; 4634
INTERNAL; 44; 44; 0; 4634; INTERNAL; 43; 43; 0; 1134
INTERNAL; 44; 44; 0; 4634; INTERNAL; 43; 43; 0; 962
INTERNAL; 43; 43; 0; 962; INTERNAL; 42; 42; 0; 957
INTERNAL; 47; 47; 0; 5386; INTERNAL; 46; 46; 0; 3869
INTERNAL; 46; 46; 0; 3869; INTERNAL; 45; 45; 0; 784
INTERNAL; 47; 47; 0; 5386; INTERNAL; 46; 46; 0; 880
INTERNAL; 46; 46; 0; 880; INTERNAL; 45; 45; 0; 967
INTERNAL; 45; 45; 0; 967; INTERNAL; 44; 44; 0; 963
INTERNAL; 46; 46; 0; 880; INTERNAL; 45; 45; 0; 1035
INTERNAL; 45; 45; 0; 1035; INTERNAL; 43; 43; 0; 2142
INTERNAL; 45; 45; 0; 1035; INTERNAL; 44; 44; 0; 1093
INTERNAL; 44; 44; 0; 1093; INTERNAL; 43; 43; 0; 1747
INTERNAL; 45; 45; 0; 1035; INTERNAL; 44; 44; 0; 1186
INTERNAL; 44; 44; 0; 1186; INTERNAL; 42; 43; 1; 1182
INTERNAL; 44; 44; 0; 1186; INTERNAL; 43; 43; 0; 1181
INTERNAL; 43; 43; 0; 1181; INTERNAL; 42; 42; 0; 4137
INTERNAL; 43; 43; 0; 1181; INTERNAL; 42; 42; 0; 1150
INTERNAL; 44; 44; 0; 1186; INTERNAL; 43; 43; 0; 1939
INTERNAL; 43; 43; 0; 1939; INTERNAL; 41; 42; 1; 4168
INTERNAL; 43; 43; 0; 1939; INTERNAL; 41; 42; 1; 1145
INTERNAL; 43; 43; 0; 1939; INTERNAL; 42; 42; 0; 4083
INTERNAL; 42; 42; 0; 4083; INTERNAL; 41; 41; 0; 1203
INTERNAL; 41; 41; 0; 1203; INTERNAL; 40; 40; 0; 4839
INTERNAL; 40; 40; 0; 4839; INTERNAL; 39; 39; 0; 1135
INTERNAL; 41; 41; 0; 1203; INTERNAL; 40; 40; 0; 1138
INTERNAL; 41; 41; 0; 1203; INTERNAL; 39; 40; 1; 5933
INTERNAL; 41; 41; 0; 1203; INTERNAL; 40; 40; 0; 1137
INTERNAL; 41; 41; 0; 1203; INTERNAL; 40; 40; 0; 5755
INTERNAL; 40; 40; 0; 5755; INTERNAL; 39; 39; 0; 1136
INTERNAL; 42; 42; 0; 4083; INTERNAL; 41; 41; 0; 1938
INTERNAL; 41; 41; 0; 1938; INTERNAL; 40; 40; 0; 1140
INTERNAL; 42; 42; 0; 4083; INTERNAL; 41; 41; 0; 1141
INTERNAL; 41; 41; 0; 1141; INTERNAL; 40; 40; 0; 2553
INTERNAL; 42; 42; 0; 4083; INTERNAL; 41; 41; 0; 1676
INTERNAL; 42; 42; 0; 4083; INTERNAL; 40; 41; 1; 1142
INTERNAL; 43; 43; 0; 1939; INTERNAL; 42; 42; 0; 1148
INTERNAL; 42; 42; 0; 1148; INTERNAL; 41; 41; 0; 1143
INTERNAL; 43; 43; 0; 1939; INTERNAL; 42; 42; 0; 1146
INTERNAL; 43; 43; 0; 1939; INTERNAL; 42; 42; 0; 1149
INTERNAL; 42; 42; 0; 1149; INTERNAL; 41; 41; 0; 1144
INTERNAL; 42; 42; 0; 1149; INTERNAL; 41; 41; 0; 2829
INTERNAL; 44; 44; 0; 1186; INTERNAL; 43; 43; 0; 1183
INTERNAL; 43; 43; 0; 1183; INTERNAL; 42; 42; 0; 3298
INTERNAL; 42; 42; 0; 3298; INTERNAL; 41; 41; 0; 6163
INTERNAL; 44; 44; 0; 1186; INTERNAL; 43; 43; 0; 1184
INTERNAL; 45; 45; 0; 1035; INTERNAL; 43; 43; 0; 1833
INTERNAL; 45; 45; 0; 1035; INTERNAL; 44; 44; 0; 7000
INTERNAL; 44; 44; 0; 7000; INTERNAL; 43; 43; 0; 1133
INTERNAL; 43; 43; 0; 1133; INTERNAL; 42; 42; 0; 1127
INTERNAL; 45; 45; 0; 1035; INTERNAL; 44; 44; 0; 5731
INTERNAL; 44; 44; 0; 5731; INTERNAL; 43; 43; 0; 1091
INTERNAL; 44; 44; 0; 5731; INTERNAL; 43; 43; 0; 1092
INTERNAL; 46; 46; 0; 880; INTERNAL; 44; 45; 1; 1033
INTERNAL; 46; 46; 0; 880; INTERNAL; 45; 45; 0; 5037
INTERNAL; 45; 45; 0; 5037; INTERNAL; 44; 44; 0; 2278
INTERNAL; 45; 45; 0; 5037; INTERNAL; 44; 44; 0; 966
INTERNAL; 45; 45; 0; 5037; INTERNAL; 44; 44; 0; 964
INTERNAL; 46; 46; 0; 880; INTERNAL; 45; 45; 0; 4814
INTERNAL; 45; 45; 0; 4814; INTERNAL; 44; 44; 0; 3674
INTERNAL; 44; 44; 0; 3674; INTERNAL; 43; 43; 0; 1032
INTERNAL; 45; 45; 0; 4814; INTERNAL; 44; 44; 0; 1126
INTERNAL; 47; 47; 0; 5386; INTERNAL; 46; 46; 0; 881
INTERNAL; 46; 46; 0; 881; INTERNAL; 45; 45; 0; 879
INTERNAL; 45; 45; 0; 879; INTERNAL; 44; 44; 0; 877
INTERNAL; 46; 46; 0; 881; INTERNAL; 45; 45; 0; 1195
INTERNAL; 47; 47; 0; 5386; INTERNAL; 46; 46; 0; 791
INTERNAL; 46; 46; 0; 791; INTERNAL; 45; 45; 0; 790
INTERNAL; 45; 45; 0; 790; INTERNAL; 44; 44; 0; 789
INTERNAL; 44; 44; 0; 789; INTERNAL; 43; 43; 0; 7295
INTERNAL; 46; 46; 0; 791; INTERNAL; 45; 45; 0; 7243
INTERNAL; 46; 46; 0; 791; INTERNAL; 44; 45; 1; 2162
INTERNAL; 44; 45; 1; 2162; INTERNAL; 43; 43; 0; 788
INTERNAL; 43; 43; 0; 788; INTERNAL; 41; 42; 1; 1811
INTERNAL; 41; 42; 1; 1811; INTERNAL; 39; 40; 1; 786
INTERNAL; 43; 43; 0; 788; INTERNAL; 42; 42; 0; 3072
INTERNAL; 42; 42; 0; 3072; INTERNAL; 41; 41; 0; 1713
INTERNAL; 43; 43; 0; 788; INTERNAL; 42; 42; 0; 1405
INTERNAL; 43; 43; 0; 788; INTERNAL; 41; 42; 1; 7281
INTERNAL; 41; 42; 1; 7281; INTERNAL; 40; 40; 0; 1411
INTERNAL; 40; 40; 0; 1411; INTERNAL; 39; 39; 0; 787
INTERNAL; 41; 42; 1; 7281; INTERNAL; 40; 40; 0; 1607
INTERNAL; 44; 45; 1; 2162; INTERNAL; 43; 43; 0; 6041
INTERNAL; 43; 43; 0; 6041; INTERNAL; 42; 42; 0; 785
INTERNAL; 43; 43; 0; 6041; INTERNAL; 42; 42; 0; 7536
INTERNAL; 48; 49; 1; 933; INTERNAL; 47; 47; 0; 751
INTERNAL; 47; 47; 0; 751; INTERNAL; 46; 46; 0; 750
INTERNAL; 46; 46; 0; 750; INTERNAL; 45; 45; 0; 773
INTERNAL; 45; 45; 0; 773; INTERNAL; 44; 44; 0; 1359
INTERNAL; 45; 45; 0; 773; INTERNAL; 44; 44; 0; 6062
INTERNAL; 46; 46; 0; 750; INTERNAL; 45; 45; 0; 774
INTERNAL; 45; 45; 0; 774; INTERNAL; 44; 44; 0; 772
INTERNAL; 44; 44; 0; 772; INTERNAL; 43; 43; 0; 771
INTERNAL; 45; 45; 0; 774; INTERNAL; 43; 44; 1; 4426
INTERNAL; 43; 44; 1; 4426; INTERNAL; 42; 42; 0; 5443
INTERNAL; 42; 42; 0; 5443; INTERNAL; 41; 41; 0; 2567
INTERNAL; 42; 42; 0; 5443; INTERNAL; 41; 41; 0; 770
INTERNAL; 43; 44; 1; 4426; INTERNAL; 42; 42; 0; 7492
INTERNAL; 42; 42; 0; 7492; INTERNAL; 41; 41; 0; 5332
INTERNAL; 42; 42; 0; 7492; INTERNAL; 41; 41; 0; 769
INTERNAL; 41; 41; 0; 769; INTERNAL; 8; 40; 32; 6998
INTERNAL; 8; 40; 32; 6998; INTERNAL; 6; 39; 33; 767
INTERNAL; 6; 39; 33; 767; INTERNAL; 4; 38; 34; 3912
INTERNAL; 6; 39; 33; 767; INTERNAL; 5; 38; 33; 5024
INTERNAL; 8; 40; 32; 6998; INTERNAL; 6; 39; 33; 766
INTERNAL; 8; 40; 32; 6998; INTERNAL; 5; 39; 34; 4461
INTERNAL; 5; 39; 34; 4461; INTERNAL; 4; 38; 34; 2574
INTERNAL; 8; 40; 32; 6998; INTERNAL; 7; 39; 32; 768
INTERNAL; 7; 39; 32; 768; INTERNAL; 6; 38; 32; 3114
INTERNAL; 7; 39; 32; 768; INTERNAL; 4; 38; 34; 765
INTERNAL; 7; 39; 32; 768; INTERNAL; 5; 38; 33; 2933
INTERNAL; 41; 41; 0; 769; INTERNAL; 40; 40; 0; 3259
INTERNAL; 42; 42; 0; 7492; INTERNAL; 41; 41; 0; 2613
INTERNAL; 41; 41; 0; 2613; INTERNAL; 40; 40; 0; 3375
INTERNAL; 45; 45; 0; 774; INTERNAL; 44; 44; 0; 1615
INTERNAL; 47; 47; 0; 751; INTERNAL; 46; 46; 0; 6379
INTERNAL; 46; 46; 0; 6379; INTERNAL; 45; 45; 0; 747
INTERNAL; 45; 45; 0; 747; INTERNAL; 44; 44; 0; 746
INTERNAL; 47; 47; 0; 751; INTERNAL; 45; 46; 1; 748
INTERNAL; 45; 46; 1; 748; INTERNAL; 44; 44; 0; 7172
INTERNAL; 44; 44; 0; 7172; INTERNAL; 43; 43; 0; 744
INTERNAL; 44; 44; 0; 7172; INTERNAL; 43; 43; 0; 2206
INTERNAL; 45; 46; 1; 748; INTERNAL; 44; 44; 0; 745
INTERNAL; 44; 44; 0; 745; INTERNAL; 43; 43; 0; 743
INTERNAL; 44; 44; 0; 745; INTERNAL; 43; 43; 0; 742
INTERNAL; 43; 43; 0; 742; INTERNAL; 42; 42; 0; 2591
INTERNAL; 42; 42; 0; 2591; INTERNAL; 41; 41; 0; 1194
INTERNAL; 41; 41; 0; 1194; INTERNAL; 40; 40; 0; 739
INTERNAL; 42; 42; 0; 2591; INTERNAL; 41; 41; 0; 740
INTERNAL; 41; 41; 0; 740; INTERNAL; 40; 40; 0; 738
INTERNAL; 41; 41; 0; 740; INTERNAL; 8; 40; 32; 737
INTERNAL; 8; 40; 32; 737; INTERNAL; 6; 39; 33; 736
INTERNAL; 8; 40; 32; 737; INTERNAL; 7; 39; 32; 5163
INTERNAL; 7; 39; 32; 5163; INTERNAL; 4; 38; 34; 735
INTERNAL; 7; 39; 32; 5163; INTERNAL; 5; 38; 33; 2305
INTERNAL; 43; 43; 0; 742; INTERNAL; 42; 42; 0; 741
INTERNAL; 43; 43; 0; 742; INTERNAL; 42; 42; 0; 3036
INTERNAL; 48; 49; 1; 933; INTERNAL; 47; 47; 0; 993
INTERNAL; 47; 47; 0; 993; INTERNAL; 46; 46; 0; 2726
INTERNAL; 47; 47; 0; 993; INTERNAL; 46; 46; 0; 1826
INTERNAL; 48; 49; 1; 933; INTERNAL; 46; 47; 1; 776
INTERNAL; 50; 50; 0; 670; INTERNAL; 49; 49; 0; 733
INTERNAL; 49; 49; 0; 733; INTERNAL; 48; 48; 0; 731
INTERNAL; 48; 48; 0; 731; INTERNAL; 47; 47; 0; 729
INTERNAL; 48; 48; 0; 731; INTERNAL; 47; 47; 0; 1202
INTERNAL; 49; 49; 0; 733; INTERNAL; 47; 48; 1; 1593
INTERNAL; 47; 48; 1; 1593; INTERNAL; 46; 46; 0; 728
INTERNAL; 46; 46; 0; 728; INTERNAL; 45; 45; 0; 7077
INTERNAL; 46; 46; 0; 728; INTERNAL; 44; 45; 1; 724
INTERNAL; 44; 45; 1; 724; INTERNAL; 43; 43; 0; 718
INTERNAL; 43; 43; 0; 718; INTERNAL; 42; 42; 0; 707
INTERNAL; 43; 43; 0; 718; INTERNAL; 42; 42; 0; 706
INTERNAL; 44; 45; 1; 724; INTERNAL; 43; 43; 0; 719
INTERNAL; 43; 43; 0; 719; INTERNAL; 42; 42; 0; 7579
INTERNAL; 43; 43; 0; 719; INTERNAL; 41; 41; 0; 713
INTERNAL; 43; 43; 0; 719; INTERNAL; 42; 42; 0; 716
INTERNAL; 42; 42; 0; 716; INTERNAL; 41; 41; 0; 711
INTERNAL; 41; 41; 0; 711; INTERNAL; 40; 40; 0; 709
INTERNAL; 41; 41; 0; 711; INTERNAL; 40; 40; 0; 1336
INTERNAL; 42; 42; 0; 716; INTERNAL; 8; 41; 33; 710
INTERNAL; 8; 41; 33; 710; INTERNAL; 6; 40; 34; 1513
INTERNAL; 6; 40; 34; 1513; INTERNAL; 5; 39; 34; 708
INTERNAL; 5; 39; 34; 708; INTERNAL; 4; 38; 34; 7578
INTERNAL; 6; 40; 34; 1513; INTERNAL; 5; 39; 34; 2620
INTERNAL; 43; 43; 0; 719; INTERNAL; 42; 42; 0; 717
INTERNAL; 42; 42; 0; 717; INTERNAL; 41; 41; 0; 712
INTERNAL; 44; 45; 1; 724; INTERNAL; 43; 43; 0; 6076
INTERNAL; 46; 46; 0; 728; INTERNAL; 45; 45; 0; 725
INTERNAL; 45; 45; 0; 725; INTERNAL; 44; 44; 0; 723
INTERNAL; 44; 44; 0; 723; INTERNAL; 43; 43; 0; 722
INTERNAL; 47; 48; 1; 1593; INTERNAL; 46; 46; 0; 727
INTERNAL; 46; 46; 0; 727; INTERNAL; 45; 45; 0; 705
INTERNAL; 46; 46; 0; 727; INTERNAL; 45; 45; 0; 1873
INTERNAL; 49; 49; 0; 733; INTERNAL; 48; 48; 0; 730
INTERNAL; 50; 50; 0; 670; INTERNAL; 49; 49; 0; 754
INTERNAL; 49; 49; 0; 754; INTERNAL; 48; 48; 0; 2633
INTERNAL; 48; 48; 0; 2633; INTERNAL; 47; 47; 0; 763
INTERNAL; 48; 48; 0; 2633; INTERNAL; 47; 47; 0; 764
INTERNAL; 49; 49; 0; 754; INTERNAL; 47; 48; 1; 792
INTERNAL; 49; 49; 0; 754; INTERNAL; 48; 48; 0; 793
INTERNAL; 48; 48; 0; 793; INTERNAL; 47; 47; 0; 1717
INTERNAL; 49; 49; 0; 754; INTERNAL; 48; 48; 0; 1569
INTERNAL; 49; 49; 0; 754; INTERNAL; 48; 48; 0; 1917
INTERNAL; 48; 48; 0; 1917; INTERNAL; 47; 47; 0; 969
INTERNAL; 47; 47; 0; 969; INTERNAL; 46; 46; 0; 1901
INTERNAL; 46; 46; 0; 1901; INTERNAL; 45; 45; 0; 1021
INTERNAL; 46; 46; 0; 1901; INTERNAL; 45; 45; 0; 1023
INTERNAL; 47; 47; 0; 969; INTERNAL; 45; 46; 1; 7297
INTERNAL; 47; 47; 0; 969; INTERNAL; 46; 46; 0; 1036
INTERNAL; 47; 47; 0; 969; INTERNAL; 46; 46; 0; 4089
INTERNAL; 46; 46; 0; 4089; INTERNAL; 45; 45; 0; 1192
INTERNAL; 45; 45; 0; 1192; INTERNAL; 44; 44; 0; 2899
INTERNAL; 45; 45; 0; 1192; INTERNAL; 44; 44; 0; 1187
INTERNAL; 46; 46; 0; 4089; INTERNAL; 45; 45; 0; 1188
INTERNAL; 45; 45; 0; 1188; INTERNAL; 44; 44; 0; 1121
INTERNAL; 45; 45; 0; 1188; INTERNAL; 44; 44; 0; 4334
INTERNAL; 44; 44; 0; 4334; INTERNAL; 43; 43; 0; 2189
INTERNAL; 43; 43; 0; 2189; INTERNAL; 41; 42; 1; 4456
INTERNAL; 43; 43; 0; 2189; INTERNAL; 41; 42; 1; 2029
INTERNAL; 43; 43; 0; 2189; INTERNAL; 42; 42; 0; 6431
INTERNAL; 42; 42; 0; 6431; INTERNAL; 41; 41; 0; 1107
INTERNAL; 42; 42; 0; 6431; INTERNAL; 41; 41; 0; 5786
INTERNAL; 43; 43; 0; 2189; INTERNAL; 42; 42; 0; 4012
INTERNAL; 42; 42; 0; 4012; INTERNAL; 41; 41; 0; 1236
INTERNAL; 41; 41; 0; 1236; INTERNAL; 39; 40; 1; 1100
INTERNAL; 41; 41; 0; 1236; INTERNAL; 40; 40; 0; 1099
INTERNAL; 41; 41; 0; 1236; INTERNAL; 40; 40; 0; 1096
INTERNAL; 41; 41; 0; 1236; INTERNAL; 40; 40; 0; 2348
INTERNAL; 40; 40; 0; 2348; INTERNAL; 39; 39; 0; 1094
INTERNAL; 41; 41; 0; 1236; INTERNAL; 40; 40; 0; 1098
INTERNAL; 40; 40; 0; 1098; INTERNAL; 39; 39; 0; 1095
INTERNAL; 42; 42; 0; 4012; INTERNAL; 41; 41; 0; 1105
INTERNAL; 42; 42; 0; 4012; INTERNAL; 41; 41; 0; 1104
INTERNAL; 41; 41; 0; 1104; INTERNAL; 40; 40; 0; 5268
INTERNAL; 42; 42; 0; 4012; INTERNAL; 40; 41; 1; 2412
INTERNAL; 42; 42; 0; 4012; INTERNAL; 41; 41; 0; 3002
INTERNAL; 41; 41; 0; 3002; INTERNAL; 40; 40; 0; 1102
INTERNAL; 43; 43; 0; 2189; INTERNAL; 42; 42; 0; 7026
INTERNAL; 42; 42; 0; 7026; INTERNAL; 41; 41; 0; 1106
INTERNAL; 43; 43; 0; 2189; INTERNAL; 42; 42; 0; 2090
INTERNAL; 44; 44; 0; 4334; INTERNAL; 43; 43; 0; 5119
INTERNAL; 43; 43; 0; 5119; INTERNAL; 42; 42; 0; 1110
INTERNAL; 43; 43; 0; 5119; INTERNAL; 42; 42; 0; 6398
INTERNAL; 44; 44; 0; 4334; INTERNAL; 43; 43; 0; 1113
INTERNAL; 44; 44; 0; 4334; INTERNAL; 43; 43; 0; 1112
INTERNAL; 43; 43; 0; 1112; INTERNAL; 42; 42; 0; 1109
INTERNAL; 42; 42; 0; 1109; INTERNAL; 41; 41; 0; 5961
INTERNAL; 44; 44; 0; 4334; INTERNAL; 42; 43; 1; 1111
INTERNAL; 45; 45; 0; 1188; INTERNAL; 43; 43; 0; 1118
INTERNAL; 45; 45; 0; 1188; INTERNAL; 43; 43; 0; 1120
INTERNAL; 45; 45; 0; 1188; INTERNAL; 44; 44; 0; 1123
INTERNAL; 44; 44; 0; 1123; INTERNAL; 43; 43; 0; 1116
INTERNAL; 44; 44; 0; 1123; INTERNAL; 43; 43; 0; 2125
INTERNAL; 45; 45; 0; 1188; INTERNAL; 44; 44; 0; 1122
INTERNAL; 44; 44; 0; 1122; INTERNAL; 43; 43; 0; 1114
INTERNAL; 43; 43; 0; 1114; INTERNAL; 42; 42; 0; 6317
INTERNAL; 46; 46; 0; 4089; INTERNAL; 45; 45; 0; 1189
INTERNAL; 45; 45; 0; 1189; INTERNAL; 44; 44; 0; 1185
INTERNAL; 46; 46; 0; 4089; INTERNAL; 45; 45; 0; 1191
INTERNAL; 45; 45; 0; 1191; INTERNAL; 44; 44; 0; 1125
INTERNAL; 44; 44; 0; 1125; INTERNAL; 43; 43; 0; 1124
INTERNAL; 46; 46; 0; 4089; INTERNAL; 44; 45; 1; 1190
INTERNAL; 47; 47; 0; 969; INTERNAL; 46; 46; 0; 1196
INTERNAL; 46; 46; 0; 1196; INTERNAL; 45; 45; 0; 2737
INTERNAL; 45; 45; 0; 2737; INTERNAL; 44; 44; 0; 1193
INTERNAL; 48; 48; 0; 1917; INTERNAL; 47; 47; 0; 1907
INTERNAL; 48; 48; 0; 1917; INTERNAL; 46; 47; 1; 968
INTERNAL; 48; 48; 0; 1917; INTERNAL; 47; 47; 0; 3180
INTERNAL; 47; 47; 0; 3180; INTERNAL; 46; 46; 0; 882
INTERNAL; 47; 47; 0; 3180; INTERNAL; 46; 46; 0; 6525
INTERNAL; 48; 48; 0; 1917; INTERNAL; 47; 47; 0; 970
INTERNAL; 47; 47; 0; 970; INTERNAL; 46; 46; 0; 6956
INTERNAL; 46; 46; 0; 6956; INTERNAL; 45; 45; 0; 2672
INTERNAL; 50; 50; 0; 670; INTERNAL; 49; 49; 0; 753
INTERNAL; 49; 49; 0; 753; INTERNAL; 48; 48; 0; 1019
INTERNAL; 49; 49; 0; 753; INTERNAL; 48; 48; 0; 752
INTERNAL; 50; 50; 0; 670; INTERNAL; 49; 49; 0; 732
INTERNAL; 49; 49; 0; 732; INTERNAL; 48; 48; 0; 704
INTERNAL; 48; 48; 0; 704; INTERNAL; 47; 47; 0; 4481
INTERNAL; 51; 51; 0; 3135; INTERNAL; 50; 50; 0; 655
INTERNAL; 50; 50; 0; 655; INTERNAL; 49; 49; 0; 1994
INTERNAL; 49; 49; 0; 1994; INTERNAL; 48; 48; 0; 668
INTERNAL; 48; 48; 0; 668; INTERNAL; 47; 47; 0; 5179
INTERNAL; 48; 48; 0; 668; INTERNAL; 47; 47; 0; 667
INTERNAL; 49; 49; 0; 1994; INTERNAL; 48; 48; 0; 1467
INTERNAL; 48; 48; 0; 1467; INTERNAL; 47; 47; 0; 666
INTERNAL; 47; 47; 0; 666; INTERNAL; 46; 46; 0; 6301
INTERNAL; 46; 46; 0; 6301; INTERNAL; 45; 45; 0; 2368
INTERNAL; 48; 48; 0; 1467; INTERNAL; 47; 47; 0; 3860
INTERNAL; 48; 48; 0; 1467; INTERNAL; 46; 47; 1; 6254
INTERNAL; 46; 47; 1; 6254; INTERNAL; 45; 45; 0; 665
INTERNAL; 45; 45; 0; 665; INTERNAL; 44; 44; 0; 664
INTERNAL; 46; 47; 1; 6254; INTERNAL; 45; 45; 0; 2454
INTERNAL; 45; 45; 0; 2454; INTERNAL; 44; 44; 0; 660
INTERNAL; 44; 44; 0; 660; INTERNAL; 43; 43; 0; 659
INTERNAL; 45; 45; 0; 2454; INTERNAL; 44; 44; 0; 662
INTERNAL; 45; 45; 0; 2454; INTERNAL; 43; 44; 1; 2342
INTERNAL; 43; 44; 1; 2342; INTERNAL; 42; 42; 0; 6860
INTERNAL; 42; 42; 0; 6860; INTERNAL; 41; 41; 0; 658
INTERNAL; 42; 42; 0; 6860; INTERNAL; 41; 41; 0; 1101
INTERNAL; 43; 44; 1; 2342; INTERNAL; 42; 42; 0; 1934
INTERNAL; 42; 42; 0; 1934; INTERNAL; 41; 41; 0; 656
INTERNAL; 41; 41; 0; 656; INTERNAL; 40; 40; 0; 2708
INTERNAL; 42; 42; 0; 1934; INTERNAL; 8; 41; 33; 2118
INTERNAL; 8; 41; 33; 2118; INTERNAL; 5; 40; 35; 2539
INTERNAL; 5; 40; 35; 2539; INTERNAL; 4; 39; 35; 2743
INTERNAL; 8; 41; 33; 2118; INTERNAL; 4; 40; 36; 2919
INTERNAL; 50; 50; 0; 655; INTERNAL; 48; 49; 1; 4270
INTERNAL; 48; 49; 1; 4270; INTERNAL; 47; 47; 0; 2246
INTERNAL; 47; 47; 0; 2246; INTERNAL; 46; 46; 0; 639
INTERNAL; 47; 47; 0; 2246; INTERNAL; 46; 46; 0; 638
INTERNAL; 48; 49; 1; 4270; INTERNAL; 47; 47; 0; 1989
INTERNAL; 47; 47; 0; 1989; INTERNAL; 45; 46; 1; 3158
INTERNAL; 45; 46; 1; 3158; INTERNAL; 44; 44; 0; 649
INTERNAL; 44; 44; 0; 649; INTERNAL; 43; 43; 0; 646
INTERNAL; 43; 43; 0; 646; INTERNAL; 9; 42; 33; 642
INTERNAL; 9; 42; 33; 642; INTERNAL; 6; 41; 35; 5623
INTERNAL; 6; 41; 35; 5623; INTERNAL; 5; 40; 35; 4273
INTERNAL; 9; 42; 33; 642; INTERNAL; 4; 41; 37; 641
INTERNAL; 43; 43; 0; 646; INTERNAL; 42; 42; 0; 643
INTERNAL; 42; 42; 0; 643; INTERNAL; 41; 41; 0; 930
INTERNAL; 44; 44; 0; 649; INTERNAL; 43; 43; 0; 647
INTERNAL; 43; 43; 0; 647; INTERNAL; 42; 42; 0; 2623
INTERNAL; 44; 44; 0; 649; INTERNAL; 43; 43; 0; 2862
INTERNAL; 43; 43; 0; 2862; INTERNAL; 42; 42; 0; 4256
INTERNAL; 42; 42; 0; 4256; INTERNAL; 41; 41; 0; 644
INTERNAL; 44; 44; 0; 649; INTERNAL; 43; 43; 0; 645
INTERNAL; 45; 46; 1; 3158; INTERNAL; 44; 44; 0; 648
INTERNAL; 44; 44; 0; 648; INTERNAL; 43; 43; 0; 5583
INTERNAL; 44; 44; 0; 648; INTERNAL; 43; 43; 0; 640
INTERNAL; 47; 47; 0; 1989; INTERNAL; 46; 46; 0; 652
INTERNAL; 47; 47; 0; 1989; INTERNAL; 46; 46; 0; 5008
INTERNAL; 46; 46; 0; 5008; INTERNAL; 45; 45; 0; 651
INTERNAL; 45; 45; 0; 651; INTERNAL; 44; 44; 0; 650
INTERNAL; 50; 50; 0; 655; INTERNAL; 49; 49; 0; 654
INTERNAL; 49; 49; 0; 654; INTERNAL; 48; 48; 0; 653
INTERNAL; 51; 51; 0; 3135; INTERNAL; 49; 50; 1; 6919
INTERNAL; 52; 52; 0; 4784; INTERNAL; 51; 51; 0; 6499
INTERNAL; 51; 51; 0; 6499; INTERNAL; 49; 49; 0; 1216
INTERNAL; 53; 53; 0; 1257; INTERNAL; 52; 52; 0; 4210
INTERNAL; 52; 52; 0; 4210; INTERNAL; 51; 51; 0; 4808
INTERNAL; 51; 51; 0; 4808; INTERNAL; 50; 50; 0; 956
INTERNAL; 51; 51; 0; 4808; INTERNAL; 50; 50; 0; 3842
INTERNAL; 52; 52; 0; 4210; INTERNAL; 51; 51; 0; 672
INTERNAL; 52; 52; 0; 4210; INTERNAL; 51; 51; 0; 5514
INTERNAL; 51; 51; 0; 5514; INTERNAL; 50; 50; 0; 878
INTERNAL; 51; 51; 0; 5514; INTERNAL; 49; 50; 1; 779
INTERNAL; 51; 51; 0; 5514; INTERNAL; 50; 50; 0; 2447
INTERNAL; 50; 50; 0; 2447; INTERNAL; 49; 49; 0; 884
INTERNAL; 49; 49; 0; 884; INTERNAL; 48; 48; 0; 972
INTERNAL; 48; 48; 0; 972; INTERNAL; 47; 47; 0; 5176
INTERNAL; 48; 48; 0; 972; INTERNAL; 47; 47; 0; 5863
INTERNAL; 49; 49; 0; 884; INTERNAL; 48; 48; 0; 5126
INTERNAL; 49; 49; 0; 884; INTERNAL; 48; 48; 0; 1204
INTERNAL; 48; 48; 0; 1204; INTERNAL; 47; 47; 0; 1347
INTERNAL; 47; 47; 0; 1347; INTERNAL; 46; 46; 0; 1197
INTERNAL; 47; 47; 0; 1347; INTERNAL; 46; 46; 0; 7044
INTERNAL; 48; 48; 0; 1204; INTERNAL; 46; 47; 1; 6609
INTERNAL; 48; 48; 0; 1204; INTERNAL; 47; 47; 0; 1198
INTERNAL; 47; 47; 0; 1198; INTERNAL; 46; 46; 0; 1081
INTERNAL; 46; 46; 0; 1081; INTERNAL; 45; 45; 0; 1073
INTERNAL; 45; 45; 0; 1073; INTERNAL; 44; 44; 0; 1072
INTERNAL; 47; 47; 0; 1198; INTERNAL; 46; 46; 0; 1077
INTERNAL; 46; 46; 0; 1077; INTERNAL; 45; 45; 0; 1075
INTERNAL; 46; 46; 0; 1077; INTERNAL; 45; 45; 0; 1076
INTERNAL; 47; 47; 0; 1198; INTERNAL; 46; 46; 0; 1079
INTERNAL; 46; 46; 0; 1079; INTERNAL; 45; 45; 0; 1071
INTERNAL; 45; 45; 0; 1071; INTERNAL; 44; 44; 0; 1067
INTERNAL; 45; 45; 0; 1071; INTERNAL; 44; 44; 0; 6209
INTERNAL; 46; 46; 0; 1079; INTERNAL; 45; 45; 0; 1068
INTERNAL; 45; 45; 0; 1068; INTERNAL; 44; 44; 0; 6832
INTERNAL; 46; 46; 0; 1079; INTERNAL; 45; 45; 0; 3595
INTERNAL; 45; 45; 0; 3595; INTERNAL; 44; 44; 0; 1066
INTERNAL; 44; 44; 0; 1066; INTERNAL; 43; 43; 0; 1065
INTERNAL; 46; 46; 0; 1079; INTERNAL; 45; 45; 0; 4615
INTERNAL; 45; 45; 0; 4615; INTERNAL; 44; 44; 0; 2271
INTERNAL; 44; 44; 0; 2271; INTERNAL; 43; 43; 0; 2219
INTERNAL; 43; 43; 0; 2219; INTERNAL; 41; 42; 1; 2308
INTERNAL; 43; 43; 0; 2219; INTERNAL; 42; 42; 0; 1050
INTERNAL; 43; 43; 0; 2219; INTERNAL; 42; 42; 0; 5276
INTERNAL; 42; 42; 0; 5276; INTERNAL; 41; 41; 0; 1044
INTERNAL; 43; 43; 0; 2219; INTERNAL; 41; 42; 1; 1048
INTERNAL; 43; 43; 0; 2219; INTERNAL; 42; 42; 0; 1049
INTERNAL; 42; 42; 0; 1049; INTERNAL; 41; 41; 0; 7071
INTERNAL; 41; 41; 0; 7071; INTERNAL; 40; 40; 0; 1038
INTERNAL; 42; 42; 0; 1049; INTERNAL; 41; 41; 0; 1041
INTERNAL; 41; 41; 0; 1041; INTERNAL; 40; 40; 0; 1040
INTERNAL; 42; 42; 0; 1049; INTERNAL; 41; 41; 0; 2002
INTERNAL; 41; 41; 0; 2002; INTERNAL; 40; 40; 0; 5298
INTERNAL; 40; 40; 0; 5298; INTERNAL; 39; 39; 0; 3795
INTERNAL; 41; 41; 0; 2002; INTERNAL; 40; 40; 0; 4088
INTERNAL; 41; 41; 0; 2002; INTERNAL; 39; 40; 1; 2204
INTERNAL; 41; 41; 0; 2002; INTERNAL; 40; 40; 0; 3332
INTERNAL; 40; 40; 0; 3332; INTERNAL; 39; 39; 0; 1037
INTERNAL; 41; 41; 0; 2002; INTERNAL; 40; 40; 0; 1323
INTERNAL; 42; 42; 0; 1049; INTERNAL; 40; 41; 1; 4803
INTERNAL; 42; 42; 0; 1049; INTERNAL; 41; 41; 0; 1043
INTERNAL; 43; 43; 0; 2219; INTERNAL; 42; 42; 0; 6044
INTERNAL; 42; 42; 0; 6044; INTERNAL; 41; 41; 0; 1046
INTERNAL; 42; 42; 0; 6044; INTERNAL; 41; 41; 0; 7403
INTERNAL; 44; 44; 0; 2271; INTERNAL; 43; 43; 0; 1059
INTERNAL; 44; 44; 0; 2271; INTERNAL; 42; 43; 1; 1057
INTERNAL; 44; 44; 0; 2271; INTERNAL; 43; 43; 0; 2320
INTERNAL; 43; 43; 0; 2320; INTERNAL; 42; 42; 0; 1052
INTERNAL; 42; 42; 0; 1052; INTERNAL; 41; 41; 0; 1051
INTERNAL; 44; 44; 0; 2271; INTERNAL; 43; 43; 0; 1056
INTERNAL; 43; 43; 0; 1056; INTERNAL; 42; 42; 0; 1054
INTERNAL; 43; 43; 0; 1056; INTERNAL; 42; 42; 0; 1055
INTERNAL; 45; 45; 0; 4615; INTERNAL; 44; 44; 0; 1064
INTERNAL; 44; 44; 0; 1064; INTERNAL; 43; 43; 0; 7801
INTERNAL; 44; 44; 0; 1064; INTERNAL; 43; 43; 0; 4764
INTERNAL; 45; 45; 0; 4615; INTERNAL; 43; 43; 0; 1060
INTERNAL; 45; 45; 0; 4615; INTERNAL; 43; 43; 0; 1061
INTERNAL; 45; 45; 0; 4615; INTERNAL; 44; 44; 0; 1062
INTERNAL; 44; 44; 0; 1062; INTERNAL; 43; 43; 0; 3560
INTERNAL; 43; 43; 0; 3560; INTERNAL; 42; 42; 0; 2549
INTERNAL; 45; 45; 0; 4615; INTERNAL; 44; 44; 0; 2735
INTERNAL; 46; 46; 0; 1079; INTERNAL; 44; 45; 1; 1069
INTERNAL; 47; 47; 0; 1198; INTERNAL; 45; 46; 1; 1080
INTERNAL; 47; 47; 0; 1198; INTERNAL; 46; 46; 0; 1082
INTERNAL; 48; 48; 0; 1204; INTERNAL; 47; 47; 0; 1199
INTERNAL; 48; 48; 0; 1204; INTERNAL; 47; 47; 0; 1345
INTERNAL; 47; 47; 0; 1345; INTERNAL; 46; 46; 0; 4489
INTERNAL; 46; 46; 0; 4489; INTERNAL; 45; 45; 0; 2617
INTERNAL; 49; 49; 0; 884; INTERNAL; 47; 48; 1; 5077
INTERNAL; 49; 49; 0; 884; INTERNAL; 48; 48; 0; 1627
INTERNAL; 48; 48; 0; 1627; INTERNAL; 47; 47; 0; 1200
INTERNAL; 50; 50; 0; 2447; INTERNAL; 49; 49; 0; 885
INTERNAL; 49; 49; 0; 885; INTERNAL; 48; 48; 0; 7918
INTERNAL; 50; 50; 0; 2447; INTERNAL; 49; 49; 0; 795
INTERNAL; 50; 50; 0; 2447; INTERNAL; 49; 49; 0; 794
INTERNAL; 49; 49; 0; 794; INTERNAL; 48; 48; 0; 5827
INTERNAL; 48; 48; 0; 5827; INTERNAL; 47; 47; 0; 783
INTERNAL; 50; 50; 0; 2447; INTERNAL; 48; 49; 1; 883
INTERNAL; 51; 51; 0; 5514; INTERNAL; 50; 50; 0; 755
INTERNAL; 50; 50; 0; 755; INTERNAL; 49; 49; 0; 6324
INTERNAL; 51; 51; 0; 5514; INTERNAL; 50; 50; 0; 757
INTERNAL; 50; 50; 0; 757; INTERNAL; 49; 49; 0; 4026
INTERNAL; 52; 52; 0; 4210; INTERNAL; 51; 51; 0; 3121
INTERNAL; 51; 51; 0; 3121; INTERNAL; 50; 50; 0; 1212
INTERNAL; 51; 51; 0; 3121; INTERNAL; 50; 50; 0; 671
INTERNAL; 52; 52; 0; 4210; INTERNAL; 50; 51; 1; 1175
INTERNAL; 54; 54; 0; 726; INTERNAL; 53; 53; 0; 674
INTERNAL; 53; 53; 0; 674; INTERNAL; 52; 52; 0; 7869
INTERNAL; 52; 52; 0; 7869; INTERNAL; 51; 51; 0; 3011
INTERNAL; 53; 53; 0; 674; INTERNAL; 52; 52; 0; 2414
INTERNAL; 52; 52; 0; 2414; INTERNAL; 51; 51; 0; 7965
INTERNAL; 52; 52; 0; 2414; INTERNAL; 51; 51; 0; 703
INTERNAL; 53; 53; 0; 674; INTERNAL; 52; 52; 0; 3738
INTERNAL; 53; 53; 0; 674; INTERNAL; 52; 52; 0; 3066
INTERNAL; 52; 52; 0; 3066; INTERNAL; 50; 50; 0; 797
INTERNAL; 52; 52; 0; 3066; INTERNAL; 51; 51; 0; 799
INTERNAL; 51; 51; 0; 799; INTERNAL; 50; 50; 0; 889
INTERNAL; 50; 50; 0; 889; INTERNAL; 49; 49; 0; 887
INTERNAL; 51; 51; 0; 799; INTERNAL; 49; 50; 1; 1209
INTERNAL; 51; 51; 0; 799; INTERNAL; 50; 50; 0; 3300
INTERNAL; 50; 50; 0; 3300; INTERNAL; 49; 49; 0; 1207
INTERNAL; 51; 51; 0; 799; INTERNAL; 50; 50; 0; 1211
INTERNAL; 50; 50; 0; 1211; INTERNAL; 49; 49; 0; 7727
INTERNAL; 49; 49; 0; 7727; INTERNAL; 48; 48; 0; 1018
INTERNAL; 50; 50; 0; 1211; INTERNAL; 48; 49; 1; 1205
INTERNAL; 50; 50; 0; 1211; INTERNAL; 49; 49; 0; 1206
INTERNAL; 50; 50; 0; 1211; INTERNAL; 49; 49; 0; 3743
INTERNAL; 49; 49; 0; 3743; INTERNAL; 48; 48; 0; 7921
INTERNAL; 48; 48; 0; 7921; INTERNAL; 47; 47; 0; 1914
INTERNAL; 48; 48; 0; 7921; INTERNAL; 47; 47; 0; 1014
INTERNAL; 49; 49; 0; 3743; INTERNAL; 47; 48; 1; 1015
INTERNAL; 49; 49; 0; 3743; INTERNAL; 48; 48; 0; 1016
INTERNAL; 48; 48; 0; 1016; INTERNAL; 47; 47; 0; 7610
INTERNAL; 47; 47; 0; 7610; INTERNAL; 46; 46; 0; 5578
INTERNAL; 46; 46; 0; 5578; INTERNAL; 45; 45; 0; 2796
INTERNAL; 48; 48; 0; 1016; INTERNAL; 47; 47; 0; 1012
INTERNAL; 47; 47; 0; 1012; INTERNAL; 46; 46; 0; 7249
INTERNAL; 47; 47; 0; 1012; INTERNAL; 46; 46; 0; 3741
INTERNAL; 48; 48; 0; 1016; INTERNAL; 47; 47; 0; 1011
INTERNAL; 48; 48; 0; 1016; INTERNAL; 46; 47; 1; 3567
INTERNAL; 48; 48; 0; 1016; INTERNAL; 47; 47; 0; 1010
INTERNAL; 47; 47; 0; 1010; INTERNAL; 46; 46; 0; 1009
INTERNAL; 47; 47; 0; 1010; INTERNAL; 46; 46; 0; 4529
INTERNAL; 46; 46; 0; 4529; INTERNAL; 45; 45; 0; 1001
INTERNAL; 45; 45; 0; 1001; INTERNAL; 44; 44; 0; 998
INTERNAL; 46; 46; 0; 4529; INTERNAL; 45; 45; 0; 1003
INTERNAL; 45; 45; 0; 1003; INTERNAL; 44; 44; 0; 997
INTERNAL; 44; 44; 0; 997; INTERNAL; 43; 43; 0; 4422
INTERNAL; 46; 46; 0; 4529; INTERNAL; 44; 45; 1; 2728
INTERNAL; 46; 46; 0; 4529; INTERNAL; 45; 45; 0; 1004
INTERNAL; 45; 45; 0; 1004; INTERNAL; 44; 44; 0; 999
INTERNAL; 45; 45; 0; 1004; INTERNAL; 44; 44; 0; 2156
INTERNAL; 46; 46; 0; 4529; INTERNAL; 45; 45; 0; 1000
INTERNAL; 45; 45; 0; 1000; INTERNAL; 43; 43; 0; 994
INTERNAL; 45; 45; 0; 1000; INTERNAL; 44; 44; 0; 5294
INTERNAL; 44; 44; 0; 5294; INTERNAL; 43; 43; 0; 987
INTERNAL; 43; 43; 0; 987; INTERNAL; 42; 42; 0; 986
INTERNAL; 43; 43; 0; 987; INTERNAL; 42; 42; 0; 2485
INTERNAL; 44; 44; 0; 5294; INTERNAL; 43; 43; 0; 2570
INTERNAL; 43; 43; 0; 2570; INTERNAL; 42; 42; 0; 4730
INTERNAL; 42; 42; 0; 4730; INTERNAL; 41; 41; 0; 985
INTERNAL; 44; 44; 0; 5294; INTERNAL; 43; 43; 0; 7161
INTERNAL; 44; 44; 0; 5294; INTERNAL; 42; 43; 1; 989
INTERNAL; 44; 44; 0; 5294; INTERNAL; 43; 43; 0; 988
INTERNAL; 43; 43; 0; 988; INTERNAL; 42; 42; 0; 982
INTERNAL; 42; 42; 0; 982; INTERNAL; 41; 41; 0; 979
INTERNAL; 41; 41; 0; 979; INTERNAL; 40; 40; 0; 5465
INTERNAL; 41; 41; 0; 979; INTERNAL; 40; 40; 0; 974
INTERNAL; 40; 40; 0; 974; INTERNAL; 39; 39; 0; 5577
INTERNAL; 41; 41; 0; 979; INTERNAL; 39; 40; 1; 976
INTERNAL; 41; 41; 0; 979; INTERNAL; 40; 40; 0; 1983
INTERNAL; 41; 41; 0; 979; INTERNAL; 40; 40; 0; 5192
INTERNAL; 40; 40; 0; 5192; INTERNAL; 39; 39; 0; 973
INTERNAL; 42; 42; 0; 982; INTERNAL; 40; 41; 1; 7023
INTERNAL; 42; 42; 0; 982; INTERNAL; 41; 41; 0; 2491
INTERNAL; 42; 42; 0; 982; INTERNAL; 41; 41; 0; 4704
INTERNAL; 41; 41; 0; 4704; INTERNAL; 40; 40; 0; 978
INTERNAL; 42; 42; 0; 982; INTERNAL; 41; 41; 0; 1898
INTERNAL; 41; 41; 0; 1898; INTERNAL; 40; 40; 0; 977
INTERNAL; 43; 43; 0; 988; INTERNAL; 42; 42; 0; 983
INTERNAL; 43; 43; 0; 988; INTERNAL; 42; 42; 0; 984
INTERNAL; 42; 42; 0; 984; INTERNAL; 41; 41; 0; 980
INTERNAL; 43; 43; 0; 988; INTERNAL; 42; 42; 0; 4493
INTERNAL; 42; 42; 0; 4493; INTERNAL; 41; 41; 0; 7807
INTERNAL; 42; 42; 0; 4493; INTERNAL; 41; 41; 0; 981
INTERNAL; 43; 43; 0; 988; INTERNAL; 41; 42; 1; 1864
INTERNAL; 43; 43; 0; 988; INTERNAL; 41; 42; 1; 3338
INTERNAL; 45; 45; 0; 1000; INTERNAL; 44; 44; 0; 996
INTERNAL; 44; 44; 0; 996; INTERNAL; 43; 43; 0; 991
INTERNAL; 43; 43; 0; 991; INTERNAL; 42; 42; 0; 990
INTERNAL; 45; 45; 0; 1000; INTERNAL; 44; 44; 0; 995
INTERNAL; 45; 45; 0; 1000; INTERNAL; 44; 44; 0; 3415
INTERNAL; 44; 44; 0; 3415; INTERNAL; 43; 43; 0; 2232
INTERNAL; 44; 44; 0; 3415; INTERNAL; 43; 43; 0; 992
INTERNAL; 45; 45; 0; 1000; INTERNAL; 43; 43; 0; 5280
INTERNAL; 47; 47; 0; 1010; INTERNAL; 45; 46; 1; 4496
INTERNAL; 47; 47; 0; 1010; INTERNAL; 46; 46; 0; 2621
INTERNAL; 46; 46; 0; 2621; INTERNAL; 45; 45; 0; 3946
INTERNAL; 46; 46; 0; 2621; INTERNAL; 45; 45; 0; 1007
INTERNAL; 47; 47; 0; 1010; INTERNAL; 46; 46; 0; 1008
INTERNAL; 46; 46; 0; 1008; INTERNAL; 45; 45; 0; 5487
INTERNAL; 45; 45; 0; 5487; INTERNAL; 44; 44; 0; 1006
INTERNAL; 49; 49; 0; 3743; INTERNAL; 48; 48; 0; 1017
INTERNAL; 48; 48; 0; 1017; INTERNAL; 47; 47; 0; 1013
INTERNAL; 49; 49; 0; 3743; INTERNAL; 48; 48; 0; 4638
INTERNAL; 50; 50; 0; 1211; INTERNAL; 49; 49; 0; 2508
INTERNAL; 49; 49; 0; 2508; INTERNAL; 48; 48; 0; 1020
INTERNAL; 48; 48; 0; 1020; INTERNAL; 47; 47; 0; 3719
INTERNAL; 51; 51; 0; 799; INTERNAL; 50; 50; 0; 888
INTERNAL; 52; 52; 0; 3066; INTERNAL; 51; 51; 0; 781
INTERNAL; 51; 51; 0; 781; INTERNAL; 50; 50; 0; 798
INTERNAL; 52; 52; 0; 3066; INTERNAL; 51; 51; 0; 4938
INTERNAL; 51; 51; 0; 4938; INTERNAL; 50; 50; 0; 7797
INTERNAL; 52; 52; 0; 3066; INTERNAL; 51; 51; 0; 780
INTERNAL; 53; 53; 0; 674; INTERNAL; 51; 52; 1; 4637
INTERNAL; 54; 54; 0; 726; INTERNAL; 53; 53; 0; 673
INTERNAL; 53; 53; 0; 673; INTERNAL; 51; 52; 1; 637
INTERNAL; 53; 53; 0; 673; INTERNAL; 52; 52; 0; 807
INTERNAL; 53; 53; 0; 673; INTERNAL; 51; 51; 0; 4233
INTERNAL; 54; 54; 0; 726; INTERNAL; 52; 53; 1; 3273
INTERNAL; 55; 55; 0; 541; INTERNAL; 53; 53; 0; 605
INTERNAL; 53; 53; 0; 605; INTERNAL; 52; 52; 0; 1872
INTERNAL; 52; 52; 0; 1872; INTERNAL; 51; 51; 0; 3834
INTERNAL; 52; 52; 0; 1872; INTERNAL; 51; 51; 0; 601
INTERNAL; 51; 51; 0; 601; INTERNAL; 50; 50; 0; 600
INTERNAL; 52; 52; 0; 1872; INTERNAL; 50; 51; 1; 1876
INTERNAL; 50; 51; 1; 1876; INTERNAL; 49; 49; 0; 599
INTERNAL; 49; 49; 0; 599; INTERNAL; 48; 48; 0; 598
INTERNAL; 48; 48; 0; 598; INTERNAL; 47; 47; 0; 597
INTERNAL; 50; 51; 1; 1876; INTERNAL; 49; 49; 0; 7562
INTERNAL; 49; 49; 0; 7562; INTERNAL; 48; 48; 0; 595
INTERNAL; 48; 48; 0; 595; INTERNAL; 47; 47; 0; 594
INTERNAL; 49; 49; 0; 7562; INTERNAL; 47; 48; 1; 1256
INTERNAL; 47; 48; 1; 1256; INTERNAL; 46; 46; 0; 7258
INTERNAL; 46; 46; 0; 7258; INTERNAL; 45; 45; 0; 6866
INTERNAL; 46; 46; 0; 7258; INTERNAL; 45; 45; 0; 6528
INTERNAL; 47; 48; 1; 1256; INTERNAL; 46; 46; 0; 6079
INTERNAL; 46; 46; 0; 6079; INTERNAL; 45; 45; 0; 593
INTERNAL; 46; 46; 0; 6079; INTERNAL; 45; 45; 0; 592
INTERNAL; 45; 45; 0; 592; INTERNAL; 44; 44; 0; 591
INTERNAL; 44; 44; 0; 591; INTERNAL; 43; 43; 0; 590
INTERNAL; 44; 44; 0; 591; INTERNAL; 42; 43; 1; 589
INTERNAL; 45; 45; 0; 592; INTERNAL; 44; 44; 0; 7950
INTERNAL; 44; 44; 0; 7950; INTERNAL; 42; 43; 1; 586
INTERNAL; 42; 43; 1; 586; INTERNAL; 41; 42; 1; 585
INTERNAL; 44; 44; 0; 7950; INTERNAL; 8; 43; 35; 6300
INTERNAL; 8; 43; 35; 6300; INTERNAL; 6; 42; 36; 3787
INTERNAL; 6; 42; 36; 3787; INTERNAL; 5; 41; 36; 583
INTERNAL; 8; 43; 35; 6300; INTERNAL; 7; 42; 35; 584
INTERNAL; 7; 42; 35; 584; INTERNAL; 6; 41; 35; 1103
INTERNAL; 44; 44; 0; 7950; INTERNAL; 43; 43; 0; 588
INTERNAL; 46; 46; 0; 6079; INTERNAL; 45; 45; 0; 1328
INTERNAL; 49; 49; 0; 7562; INTERNAL; 48; 48; 0; 815
INTERNAL; 53; 53; 0; 605; INTERNAL; 52; 52; 0; 603
INTERNAL; 52; 52; 0; 603; INTERNAL; 51; 51; 0; 602
INTERNAL; 53; 53; 0; 605; INTERNAL; 52; 52; 0; 604
INTERNAL; 55; 55; 0; 541; INTERNAL; 53; 53; 0; 6213
INTERNAL; 53; 53; 0; 6213; INTERNAL; 52; 52; 0; 5645
INTERNAL; 53; 53; 0; 6213; INTERNAL; 52; 52; 0; 582
INTERNAL; 55; 55; 0; 541; INTERNAL; 53; 53; 0; 7612
INTERNAL; 55; 55; 0; 541; INTERNAL; 54; 54; 0; 3909
INTERNAL; 54; 54; 0; 3909; INTERNAL; 53; 53; 0; 3380
INTERNAL; 54; 54; 0; 3909; INTERNAL; 53; 53; 0; 3153
INTERNAL; 55; 55; 0; 541; INTERNAL; 53; 53; 0; 568
INTERNAL; 53; 53; 0; 568; INTERNAL; 52; 52; 0; 7225
INTERNAL; 52; 52; 0; 7225; INTERNAL; 51; 51; 0; 2352
INTERNAL; 53; 53; 0; 568; INTERNAL; 52; 52; 0; 3054
INTERNAL; 52; 52; 0; 3054; INTERNAL; 51; 51; 0; 565
INTERNAL; 51; 51; 0; 565; INTERNAL; 50; 50; 0; 2240
INTERNAL; 52; 52; 0; 3054; INTERNAL; 51; 51; 0; 566
INTERNAL; 51; 51; 0; 566; INTERNAL; 50; 50; 0; 5142
INTERNAL; 51; 51; 0; 566; INTERNAL; 50; 50; 0; 7089
INTERNAL; 50; 50; 0; 7089; INTERNAL; 49; 49; 0; 564
INTERNAL; 51; 51; 0; 566; INTERNAL; 49; 50; 1; 4640
INTERNAL; 49; 50; 1; 4640; INTERNAL; 48; 48; 0; 563
INTERNAL; 48; 48; 0; 563; INTERNAL; 47; 47; 0; 4204
INTERNAL; 48; 48; 0; 563; INTERNAL; 47; 47; 0; 1108
INTERNAL; 47; 47; 0; 1108; INTERNAL; 46; 46; 0; 1866
INTERNAL; 46; 46; 0; 1866; INTERNAL; 44; 45; 1; 6246
INTERNAL; 44; 45; 1; 6246; INTERNAL; 43; 44; 1; 3647
INTERNAL; 46; 46; 0; 1866; INTERNAL; 45; 45; 0; 3464
INTERNAL; 46; 46; 0; 1866; INTERNAL; 44; 45; 1; 561
INTERNAL; 44; 45; 1; 561; INTERNAL; 43; 44; 1; 560
INTERNAL; 43; 44; 1; 560; INTERNAL; 42; 43; 1; 5283
INTERNAL; 44; 45; 1; 561; INTERNAL; 8; 44; 36; 559
INTERNAL; 8; 44; 36; 559; INTERNAL; 7; 43; 36; 6292
INTERNAL; 8; 44; 36; 559; INTERNAL; 7; 43; 36; 3390
INTERNAL; 7; 43; 36; 3390; INTERNAL; 6; 42; 36; 558
INTERNAL; 6; 42; 36; 558; INTERNAL; 5; 41; 36; 1147
INTERNAL; 47; 47; 0; 1108; INTERNAL; 46; 46; 0; 661
INTERNAL; 46; 46; 0; 661; INTERNAL; 45; 45; 0; 557
INTERNAL; 47; 47; 0; 1108; INTERNAL; 46; 46; 0; 3632
INTERNAL; 48; 48; 0; 563; INTERNAL; 47; 47; 0; 1978
INTERNAL; 49; 50; 1; 4640; INTERNAL; 48; 48; 0; 562
INTERNAL; 48; 48; 0; 562; INTERNAL; 47; 47; 0; 556
INTERNAL; 48; 48; 0; 562; INTERNAL; 47; 47; 0; 555
INTERNAL; 56; 56; 0; 502; INTERNAL; 54; 54; 0; 3716
INTERNAL; 54; 54; 0; 3716; INTERNAL; 53; 53; 0; 5728
INTERNAL; 54; 54; 0; 3716; INTERNAL; 53; 53; 0; 679
INTERNAL; 56; 56; 0; 502; INTERNAL; 54; 54; 0; 539
INTERNAL; 54; 54; 0; 539; INTERNAL; 53; 53; 0; 537
INTERNAL; 53; 53; 0; 537; INTERNAL; 52; 52; 0; 535
INTERNAL; 52; 52; 0; 535; INTERNAL; 51; 51; 0; 533
INTERNAL; 53; 53; 0; 537; INTERNAL; 52; 52; 0; 536
INTERNAL; 53; 53; 0; 537; INTERNAL; 51; 52; 1; 534
INTERNAL; 51; 52; 1; 534; INTERNAL; 50; 50; 0; 5824
INTERNAL; 50; 50; 0; 5824; INTERNAL; 49; 49; 0; 531
INTERNAL; 51; 52; 1; 534; INTERNAL; 50; 50; 0; 6829
INTERNAL; 50; 50; 0; 6829; INTERNAL; 49; 49; 0; 4961
INTERNAL; 49; 49; 0; 4961; INTERNAL; 48; 48; 0; 529
INTERNAL; 49; 49; 0; 4961; INTERNAL; 48; 48; 0; 528
INTERNAL; 48; 48; 0; 528; INTERNAL; 47; 47; 0; 526
INTERNAL; 48; 48; 0; 528; INTERNAL; 47; 47; 0; 525
INTERNAL; 49; 49; 0; 4961; INTERNAL; 48; 48; 0; 527
INTERNAL; 48; 48; 0; 527; INTERNAL; 46; 47; 1; 2121
INTERNAL; 46; 47; 1; 2121; INTERNAL; 45; 46; 1; 521
INTERNAL; 45; 46; 1; 521; INTERNAL; 44; 45; 1; 518
INTERNAL; 45; 46; 1; 521; INTERNAL; 43; 45; 2; 517
INTERNAL; 43; 45; 2; 517; INTERNAL; 42; 44; 2; 3938
INTERNAL; 45; 46; 1; 521; INTERNAL; 8; 45; 37; 4495
INTERNAL; 8; 45; 37; 4495; INTERNAL; 7; 44; 37; 1425
INTERNAL; 7; 44; 37; 1425; INTERNAL; 5; 43; 38; 515
INTERNAL; 7; 44; 37; 1425; INTERNAL; 6; 43; 37; 516
INTERNAL; 6; 43; 37; 516; INTERNAL; 5; 42; 37; 514
INTERNAL; 46; 47; 1; 2121; INTERNAL; 45; 46; 1; 522
INTERNAL; 45; 46; 1; 522; INTERNAL; 43; 45; 2; 519
INTERNAL; 45; 46; 1; 522; INTERNAL; 44; 45; 1; 520
INTERNAL; 48; 48; 0; 527; INTERNAL; 47; 47; 0; 523
INTERNAL; 47; 47; 0; 523; INTERNAL; 46; 46; 0; 4649
INTERNAL; 48; 48; 0; 527; INTERNAL; 47; 47; 0; 524
INTERNAL; 50; 50; 0; 6829; INTERNAL; 49; 49; 0; 530
INTERNAL; 49; 49; 0; 530; INTERNAL; 48; 48; 0; 512
INTERNAL; 50; 50; 0; 6829; INTERNAL; 49; 49; 0; 2645
INTERNAL; 54; 54; 0; 539; INTERNAL; 53; 53; 0; 538
INTERNAL; 53; 53; 0; 538; INTERNAL; 51; 52; 1; 2957
INTERNAL; 56; 56; 0; 502; INTERNAL; 55; 55; 0; 3690
INTERNAL; 55; 55; 0; 3690; INTERNAL; 54; 54; 0; 501
INTERNAL; 54; 54; 0; 501; INTERNAL; 53; 53; 0; 4777
INTERNAL; 56; 56; 0; 502; INTERNAL; 55; 55; 0; 2903
INTERNAL; 55; 55; 0; 2903; INTERNAL; 54; 54; 0; 1511
INTERNAL; 55; 55; 0; 2903; INTERNAL; 54; 54; 0; 498
INTERNAL; 54; 54; 0; 498; INTERNAL; 53; 53; 0; 702
INTERNAL; 54; 54; 0; 498; INTERNAL; 53; 53; 0; 481
INTERNAL; 55; 55; 0; 2903; INTERNAL; 54; 54; 0; 499
INTERNAL; 54; 54; 0; 499; INTERNAL; 53; 53; 0; 6367
INTERNAL; 53; 53; 0; 6367; INTERNAL; 52; 52; 0; 4277
INTERNAL; 52; 52; 0; 4277; INTERNAL; 51; 51; 0; 2008
INTERNAL; 51; 51; 0; 2008; INTERNAL; 50; 50; 0; 494
INTERNAL; 52; 52; 0; 4277; INTERNAL; 51; 51; 0; 495
INTERNAL; 51; 51; 0; 495; INTERNAL; 50; 50; 0; 493
INTERNAL; 50; 50; 0; 493; INTERNAL; 48; 49; 1; 491
INTERNAL; 48; 49; 1; 491; INTERNAL; 47; 48; 1; 3429
INTERNAL; 47; 48; 1; 3429; INTERNAL; 45; 47; 2; 5436
INTERNAL; 45; 47; 2; 5436; INTERNAL; 8; 46; 38; 488
INTERNAL; 8; 46; 38; 488; INTERNAL; 5; 45; 40; 486
INTERNAL; 8; 46; 38; 488; INTERNAL; 5; 45; 40; 3527
INTERNAL; 8; 46; 38; 488; INTERNAL; 7; 45; 38; 1643
INTERNAL; 7; 45; 38; 1643; INTERNAL; 6; 44; 38; 6538
INTERNAL; 6; 44; 38; 6538; INTERNAL; 5; 43; 38; 485
INTERNAL; 6; 44; 38; 6538; INTERNAL; 4; 43; 39; 7280
INTERNAL; 7; 45; 38; 1643; INTERNAL; 5; 44; 39; 4845
INTERNAL; 45; 47; 2; 5436; INTERNAL; 43; 46; 3; 489
INTERNAL; 43; 46; 3; 489; INTERNAL; 42; 45; 3; 487
INTERNAL; 47; 48; 1; 3429; INTERNAL; 46; 47; 1; 7742
INTERNAL; 47; 48; 1; 3429; INTERNAL; 46; 47; 1; 5042
INTERNAL; 46; 47; 1; 5042; INTERNAL; 45; 46; 1; 5020
INTERNAL; 48; 49; 1; 491; INTERNAL; 47; 48; 1; 6137
INTERNAL; 47; 48; 1; 6137; INTERNAL; 46; 47; 1; 483
INTERNAL; 47; 48; 1; 6137; INTERNAL; 46; 47; 1; 3022
INTERNAL; 50; 50; 0; 493; INTERNAL; 49; 49; 0; 2292
INTERNAL; 50; 50; 0; 493; INTERNAL; 48; 49; 1; 492
INTERNAL; 48; 49; 1; 492; INTERNAL; 47; 48; 1; 490
INTERNAL; 51; 51; 0; 495; INTERNAL; 50; 50; 0; 4312
INTERNAL; 50; 50; 0; 4312; INTERNAL; 49; 49; 0; 482
INTERNAL; 52; 52; 0; 4277; INTERNAL; 51; 51; 0; 4630
INTERNAL; 53; 53; 0; 6367; INTERNAL; 52; 52; 0; 496
INTERNAL; 52; 52; 0; 496; INTERNAL; 51; 51; 0; 3428
INTERNAL; 54; 54; 0; 499; INTERNAL; 53; 53; 0; 497
INTERNAL; 53; 53; 0; 497; INTERNAL; 52; 52; 0; 1831
INTERNAL; 57; 57; 0; 802; INTERNAL; 56; 56; 0; 544
INTERNAL; 56; 56; 0; 544; INTERNAL; 55; 55; 0; 2250
INTERNAL; 55; 55; 0; 2250; INTERNAL; 54; 54; 0; 608
INTERNAL; 55; 55; 0; 2250; INTERNAL; 54; 54; 0; 609
INTERNAL; 54; 54; 0; 609; INTERNAL; 53; 53; 0; 606
INTERNAL; 56; 56; 0; 544; INTERNAL; 55; 55; 0; 5334
INTERNAL; 56; 56; 0; 544; INTERNAL; 55; 55; 0; 4655
INTERNAL; 55; 55; 0; 4655; INTERNAL; 54; 54; 0; 569
INTERNAL; 55; 55; 0; 4655; INTERNAL; 54; 54; 0; 5083
INTERNAL; 54; 54; 0; 5083; INTERNAL; 53; 53; 0; 3252
INTERNAL; 54; 54; 0; 5083; INTERNAL; 53; 53; 0; 657
INTERNAL; 56; 56; 0; 544; INTERNAL; 54; 54; 0; 676
INTERNAL; 56; 56; 0; 544; INTERNAL; 54; 54; 0; 6309
INTERNAL; 54; 54; 0; 6309; INTERNAL; 53; 53; 0; 675
INTERNAL; 56; 56; 0; 544; INTERNAL; 55; 55; 0; 4515
INTERNAL; 55; 55; 0; 4515; INTERNAL; 53; 54; 1; 635
INTERNAL; 55; 55; 0; 4515; INTERNAL; 53; 54; 1; 759
INTERNAL; 55; 55; 0; 4515; INTERNAL; 53; 54; 1; 760
INTERNAL; 53; 54; 1; 760; INTERNAL; 52; 53; 1; 734
INTERNAL; 55; 55; 0; 4515; INTERNAL; 54; 54; 0; 761
INTERNAL; 54; 54; 0; 761; INTERNAL; 53; 53; 0; 804
INTERNAL; 53; 53; 0; 804; INTERNAL; 52; 52; 0; 1218
INTERNAL; 52; 52; 0; 1218; INTERNAL; 50; 51; 1; 6552
INTERNAL; 52; 52; 0; 1218; INTERNAL; 51; 51; 0; 3068
INTERNAL; 51; 51; 0; 3068; INTERNAL; 50; 50; 0; 5013
INTERNAL; 52; 52; 0; 1218; INTERNAL; 51; 51; 0; 1213
INTERNAL; 51; 51; 0; 1213; INTERNAL; 50; 50; 0; 953
INTERNAL; 50; 50; 0; 953; INTERNAL; 49; 49; 0; 4623
INTERNAL; 49; 49; 0; 4623; INTERNAL; 47; 48; 1; 1740
INTERNAL; 49; 49; 0; 4623; INTERNAL; 48; 48; 0; 939
INTERNAL; 49; 49; 0; 4623; INTERNAL; 48; 48; 0; 938
INTERNAL; 48; 48; 0; 938; INTERNAL; 47; 47; 0; 929
INTERNAL; 48; 48; 0; 938; INTERNAL; 47; 47; 0; 934
INTERNAL; 47; 47; 0; 934; INTERNAL; 46; 46; 0; 926
INTERNAL; 47; 47; 0; 934; INTERNAL; 46; 46; 0; 927
INTERNAL; 48; 48; 0; 938; INTERNAL; 46; 47; 1; 931
INTERNAL; 48; 48; 0; 938; INTERNAL; 47; 47; 0; 932
INTERNAL; 47; 47; 0; 932; INTERNAL; 46; 46; 0; 925
INTERNAL; 46; 46; 0; 925; INTERNAL; 45; 45; 0; 924
INTERNAL; 48; 48; 0; 938; INTERNAL; 47; 47; 0; 928
INTERNAL; 47; 47; 0; 928; INTERNAL; 45; 46; 1; 7487
INTERNAL; 47; 47; 0; 928; INTERNAL; 46; 46; 0; 5328
INTERNAL; 46; 46; 0; 5328; INTERNAL; 45; 45; 0; 3934
INTERNAL; 46; 46; 0; 5328; INTERNAL; 45; 45; 0; 1605
INTERNAL; 47; 47; 0; 928; INTERNAL; 46; 46; 0; 7850
INTERNAL; 47; 47; 0; 928; INTERNAL; 46; 46; 0; 922
INTERNAL; 46; 46; 0; 922; INTERNAL; 45; 45; 0; 919
INTERNAL; 45; 45; 0; 919; INTERNAL; 44; 44; 0; 3248
INTERNAL; 46; 46; 0; 922; INTERNAL; 44; 45; 1; 4262
INTERNAL; 46; 46; 0; 922; INTERNAL; 45; 45; 0; 2380
INTERNAL; 45; 45; 0; 2380; INTERNAL; 44; 44; 0; 1047
INTERNAL; 45; 45; 0; 2380; INTERNAL; 44; 44; 0; 915
INTERNAL; 44; 44; 0; 915; INTERNAL; 43; 43; 0; 912
INTERNAL; 43; 43; 0; 912; INTERNAL; 42; 42; 0; 4297
INTERNAL; 45; 45; 0; 2380; INTERNAL; 44; 44; 0; 1058
INTERNAL; 44; 44; 0; 1058; INTERNAL; 43; 43; 0; 911
INTERNAL; 44; 44; 0; 1058; INTERNAL; 43; 43; 0; 4170
INTERNAL; 43; 43; 0; 4170; INTERNAL; 42; 42; 0; 908
INTERNAL; 43; 43; 0; 4170; INTERNAL; 42; 42; 0; 2575
INTERNAL; 44; 44; 0; 1058; INTERNAL; 43; 43; 0; 910
INTERNAL; 43; 43; 0; 910; INTERNAL; 42; 42; 0; 907
INTERNAL; 42; 42; 0; 907; INTERNAL; 41; 41; 0; 906
INTERNAL; 44; 44; 0; 1058; INTERNAL; 42; 43; 1; 909
INTERNAL; 44; 44; 0; 1058; INTERNAL; 43; 43; 0; 2035
INTERNAL; 43; 43; 0; 2035; INTERNAL; 42; 42; 0; 3721
INTERNAL; 42; 42; 0; 3721; INTERNAL; 41; 41; 0; 4713
INTERNAL; 42; 42; 0; 3721; INTERNAL; 41; 41; 0; 7392
INTERNAL; 43; 43; 0; 2035; INTERNAL; 41; 42; 1; 2624
INTERNAL; 43; 43; 0; 2035; INTERNAL; 42; 42; 0; 903
INTERNAL; 42; 42; 0; 903; INTERNAL; 40; 41; 1; 899
INTERNAL; 42; 42; 0; 903; INTERNAL; 41; 41; 0; 900
INTERNAL; 41; 41; 0; 900; INTERNAL; 40; 40; 0; 895
INTERNAL; 42; 42; 0; 903; INTERNAL; 41; 41; 0; 7828
INTERNAL; 42; 42; 0; 903; INTERNAL; 41; 41; 0; 897
INTERNAL; 41; 41; 0; 897; INTERNAL; 40; 40; 0; 896
INTERNAL; 42; 42; 0; 903; INTERNAL; 41; 41; 0; 1392
INTERNAL; 41; 41; 0; 1392; INTERNAL; 40; 40; 0; 891
INTERNAL; 40; 40; 0; 891; INTERNAL; 39; 39; 0; 2000
INTERNAL; 41; 41; 0; 1392; INTERNAL; 40; 40; 0; 892
INTERNAL; 41; 41; 0; 1392; INTERNAL; 40; 40; 0; 7119
INTERNAL; 40; 40; 0; 7119; INTERNAL; 39; 39; 0; 890
INTERNAL; 41; 41; 0; 1392; INTERNAL; 40; 40; 0; 893
INTERNAL; 41; 41; 0; 1392; INTERNAL; 39; 40; 1; 894
INTERNAL; 43; 43; 0; 2035; INTERNAL; 42; 42; 0; 905
INTERNAL; 43; 43; 0; 2035; INTERNAL; 41; 42; 1; 902
INTERNAL; 43; 43; 0; 2035; INTERNAL; 42; 42; 0; 4358
INTERNAL; 42; 42; 0; 4358; INTERNAL; 41; 41; 0; 901
INTERNAL; 45; 45; 0; 2380; INTERNAL; 44; 44; 0; 916
INTERNAL; 44; 44; 0; 916; INTERNAL; 43; 43; 0; 3284
INTERNAL; 44; 44; 0; 916; INTERNAL; 43; 43; 0; 913
INTERNAL; 45; 45; 0; 2380; INTERNAL; 43; 43; 0; 914
INTERNAL; 45; 45; 0; 2380; INTERNAL; 43; 43; 0; 6695
INTERNAL; 46; 46; 0; 922; INTERNAL; 45; 45; 0; 1380
INTERNAL; 45; 45; 0; 1380; INTERNAL; 44; 44; 0; 917
INTERNAL; 44; 44; 0; 917; INTERNAL; 43; 43; 0; 3324
INTERNAL; 46; 46; 0; 922; INTERNAL; 45; 45; 0; 920
INTERNAL; 45; 45; 0; 920; INTERNAL; 44; 44; 0; 918
INTERNAL; 47; 47; 0; 928; INTERNAL; 46; 46; 0; 923
INTERNAL; 46; 46; 0; 923; INTERNAL; 45; 45; 0; 4069
INTERNAL; 45; 45; 0; 4069; INTERNAL; 44; 44; 0; 3304
INTERNAL; 49; 49; 0; 4623; INTERNAL; 48; 48; 0; 3892
INTERNAL; 48; 48; 0; 3892; INTERNAL; 47; 47; 0; 5677
INTERNAL; 49; 49; 0; 4623; INTERNAL; 48; 48; 0; 940
INTERNAL; 48; 48; 0; 940; INTERNAL; 47; 47; 0; 935
INTERNAL; 48; 48; 0; 940; INTERNAL; 47; 47; 0; 937
INTERNAL; 50; 50; 0; 953; INTERNAL; 49; 49; 0; 6862
INTERNAL; 49; 49; 0; 6862; INTERNAL; 48; 48; 0; 942
INTERNAL; 50; 50; 0; 953; INTERNAL; 48; 49; 1; 947
INTERNAL; 50; 50; 0; 953; INTERNAL; 49; 49; 0; 946
INTERNAL; 49; 49; 0; 946; INTERNAL; 48; 48; 0; 944
INTERNAL; 48; 48; 0; 944; INTERNAL; 47; 47; 0; 943
INTERNAL; 50; 50; 0; 953; INTERNAL; 49; 49; 0; 948
INTERNAL; 51; 51; 0; 1213; INTERNAL; 50; 50; 0; 4380
INTERNAL; 51; 51; 0; 1213; INTERNAL; 49; 50; 1; 5297
INTERNAL; 51; 51; 0; 1213; INTERNAL; 50; 50; 0; 955
INTERNAL; 50; 50; 0; 955; INTERNAL; 49; 49; 0; 952
INTERNAL; 51; 51; 0; 1213; INTERNAL; 50; 50; 0; 954
INTERNAL; 50; 50; 0; 954; INTERNAL; 49; 49; 0; 950
INTERNAL; 52; 52; 0; 1218; INTERNAL; 51; 51; 0; 1320
INTERNAL; 51; 51; 0; 1320; INTERNAL; 50; 50; 0; 6590
INTERNAL; 52; 52; 0; 1218; INTERNAL; 51; 51; 0; 1214
INTERNAL; 53; 53; 0; 804; INTERNAL; 52; 52; 0; 3136
INTERNAL; 52; 52; 0; 3136; INTERNAL; 51; 51; 0; 7515
INTERNAL; 53; 53; 0; 804; INTERNAL; 52; 52; 0; 800
INTERNAL; 52; 52; 0; 800; INTERNAL; 51; 51; 0; 6192
INTERNAL; 53; 53; 0; 804; INTERNAL; 51; 52; 1; 1217
INTERNAL; 53; 53; 0; 804; INTERNAL; 52; 52; 0; 801
INTERNAL; 52; 52; 0; 801; INTERNAL; 51; 51; 0; 1660
INTERNAL; 54; 54; 0; 761; INTERNAL; 52; 53; 1; 1453
INTERNAL; 54; 54; 0; 761; INTERNAL; 52; 53; 1; 803
INTERNAL; 52; 53; 1; 803; INTERNAL; 51; 52; 1; 782
INTERNAL; 54; 54; 0; 761; INTERNAL; 53; 53; 0; 1921
INTERNAL; 53; 53; 0; 1921; INTERNAL; 51; 52; 1; 1489
INTERNAL; 54; 54; 0; 761; INTERNAL; 53; 53; 0; 758
INTERNAL; 55; 55; 0; 4515; INTERNAL; 54; 54; 0; 636
INTERNAL; 54; 54; 0; 636; INTERNAL; 53; 53; 0; 634
INTERNAL; 57; 57; 0; 802; INTERNAL; 55; 56; 1; 543
INTERNAL; 57; 57; 0; 802; INTERNAL; 56; 56; 0; 7007
INTERNAL; 56; 56; 0; 7007; INTERNAL; 55; 55; 0; 542
INTERNAL; 55; 55; 0; 542; INTERNAL; 54; 54; 0; 587
INTERNAL; 54; 54; 0; 587; INTERNAL; 53; 53; 0; 1493
INTERNAL; 55; 55; 0; 542; INTERNAL; 54; 54; 0; 633
INTERNAL; 56; 56; 0; 7007; INTERNAL; 55; 55; 0; 540
INTERNAL; 57; 57; 0; 802; INTERNAL; 56; 56; 0; 4246
INTERNAL; 59; 59; 0; 7694; INTERNAL; 58; 58; 0; 504
INTERNAL; 59; 59; 0; 7694; INTERNAL; 58; 58; 0; 756
INTERNAL; 58; 58; 0; 756; INTERNAL; 57; 57; 0; 4770
INTERNAL; 57; 57; 0; 4770; INTERNAL; 56; 56; 0; 3757
INTERNAL; 56; 56; 0; 3757; INTERNAL; 55; 55; 0; 5134
INTERNAL; 55; 55; 0; 5134; INTERNAL; 54; 54; 0; 5406
INTERNAL; 56; 56; 0; 3757; INTERNAL; 55; 55; 0; 1832
INTERNAL; 55; 55; 0; 1832; INTERNAL; 54; 54; 0; 511
INTERNAL; 58; 58; 0; 756; INTERNAL; 56; 57; 1; 6821
INTERNAL; 56; 57; 1; 6821; INTERNAL; 55; 55; 0; 610
INTERNAL; 55; 55; 0; 610; INTERNAL; 54; 54; 0; 579
INTERNAL; 54; 54; 0; 579; INTERNAL; 53; 53; 0; 3638
INTERNAL; 58; 58; 0; 756; INTERNAL; 57; 57; 0; 1042
INTERNAL; 57; 57; 0; 1042; INTERNAL; 55; 56; 1; 4240
INTERNAL; 55; 56; 1; 4240; INTERNAL; 54; 55; 1; 1097
INTERNAL; 55; 56; 1; 4240; INTERNAL; 54; 55; 1; 1645
INTERNAL; 57; 57; 0; 1042; INTERNAL; 56; 56; 0; 7761
INTERNAL; 57; 57; 0; 1042; INTERNAL; 56; 56; 0; 3799
INTERNAL; 56; 56; 0; 3799; INTERNAL; 55; 55; 0; 3784
INTERNAL; 56; 56; 0; 3799; INTERNAL; 55; 55; 0; 4482
INTERNAL; 55; 55; 0; 4482; INTERNAL; 54; 54; 0; 3518
INTERNAL; 55; 55; 0; 4482; INTERNAL; 53; 54; 1; 4015
INTERNAL; 53; 54; 1; 4015; INTERNAL; 52; 53; 1; 762
INTERNAL; 55; 55; 0; 4482; INTERNAL; 53; 54; 1; 2235
INTERNAL; 55; 55; 0; 4482; INTERNAL; 54; 54; 0; 5987
INTERNAL; 54; 54; 0; 5987; INTERNAL; 53; 53; 0; 1222
INTERNAL; 54; 54; 0; 5987; INTERNAL; 53; 53; 0; 1220
INTERNAL; 53; 53; 0; 1220; INTERNAL; 52; 52; 0; 806
INTERNAL; 54; 54; 0; 5987; INTERNAL; 52; 53; 1; 1278
INTERNAL; 54; 54; 0; 5987; INTERNAL; 53; 53; 0; 1221
INTERNAL; 53; 53; 0; 1221; INTERNAL; 52; 52; 0; 867
INTERNAL; 52; 52; 0; 867; INTERNAL; 51; 51; 0; 864
INTERNAL; 53; 53; 0; 1221; INTERNAL; 52; 52; 0; 866
INTERNAL; 52; 52; 0; 866; INTERNAL; 50; 51; 1; 861
INTERNAL; 52; 52; 0; 866; INTERNAL; 51; 51; 0; 7665
INTERNAL; 51; 51; 0; 7665; INTERNAL; 50; 50; 0; 856
INTERNAL; 50; 50; 0; 856; INTERNAL; 49; 49; 0; 810
INTERNAL; 51; 51; 0; 7665; INTERNAL; 50; 50; 0; 6852
INTERNAL; 50; 50; 0; 6852; INTERNAL; 49; 49; 0; 4071
INTERNAL; 49; 49; 0; 4071; INTERNAL; 48; 48; 0; 849
INTERNAL; 48; 48; 0; 849; INTERNAL; 47; 47; 0; 811
INTERNAL; 49; 49; 0; 4071; INTERNAL; 47; 48; 1; 850
INTERNAL; 49; 49; 0; 4071; INTERNAL; 48; 48; 0; 6244
INTERNAL; 48; 48; 0; 6244; INTERNAL; 47; 47; 0; 3385
INTERNAL; 49; 49; 0; 4071; INTERNAL; 48; 48; 0; 3723
INTERNAL; 49; 49; 0; 4071; INTERNAL; 48; 48; 0; 851
INTERNAL; 48; 48; 0; 851; INTERNAL; 47; 47; 0; 847
INTERNAL; 47; 47; 0; 847; INTERNAL; 45; 46; 1; 1034
INTERNAL; 47; 47; 0; 847; INTERNAL; 46; 46; 0; 840
INTERNAL; 46; 46; 0; 840; INTERNAL; 45; 45; 0; 5095
INTERNAL; 47; 47; 0; 847; INTERNAL; 46; 46; 0; 2806
INTERNAL; 46; 46; 0; 2806; INTERNAL; 45; 45; 0; 1881
INTERNAL; 45; 45; 0; 1881; INTERNAL; 44; 44; 0; 817
INTERNAL; 44; 44; 0; 817; INTERNAL; 43; 43; 0; 816
INTERNAL; 46; 46; 0; 2806; INTERNAL; 45; 45; 0; 838
INTERNAL; 45; 45; 0; 838; INTERNAL; 44; 44; 0; 835
INTERNAL; 46; 46; 0; 2806; INTERNAL; 45; 45; 0; 837
INTERNAL; 45; 45; 0; 837; INTERNAL; 43; 44; 1; 3572
INTERNAL; 45; 45; 0; 837; INTERNAL; 44; 44; 0; 831
INTERNAL; 44; 44; 0; 831; INTERNAL; 43; 43; 0; 1799
INTERNAL; 45; 45; 0; 837; INTERNAL; 44; 44; 0; 2824
INTERNAL; 45; 45; 0; 837; INTERNAL; 44; 44; 0; 832
INTERNAL; 44; 44; 0; 832; INTERNAL; 43; 43; 0; 965
INTERNAL; 43; 43; 0; 965; INTERNAL; 42; 42; 0; 3179
INTERNAL; 43; 43; 0; 965; INTERNAL; 42; 42; 0; 826
INTERNAL; 44; 44; 0; 832; INTERNAL; 43; 43; 0; 828
INTERNAL; 44; 44; 0; 832; INTERNAL; 43; 43; 0; 827
INTERNAL; 43; 43; 0; 827; INTERNAL; 42; 42; 0; 5785
INTERNAL; 43; 43; 0; 827; INTERNAL; 41; 42; 1; 824
INTERNAL; 43; 43; 0; 827; INTERNAL; 42; 42; 0; 7234
INTERNAL; 42; 42; 0; 7234; INTERNAL; 41; 41; 0; 5220
INTERNAL; 43; 43; 0; 827; INTERNAL; 42; 42; 0; 822
INTERNAL; 42; 42; 0; 822; INTERNAL; 41; 41; 0; 1271
INTERNAL; 43; 43; 0; 827; INTERNAL; 42; 42; 0; 823
INTERNAL; 42; 42; 0; 823; INTERNAL; 41; 41; 0; 4645
INTERNAL; 41; 41; 0; 4645; INTERNAL; 40; 40; 0; 7888
INTERNAL; 41; 41; 0; 4645; INTERNAL; 40; 40; 0; 2217
INTERNAL; 41; 41; 0; 4645; INTERNAL; 39; 40; 1; 818
INTERNAL; 41; 41; 0; 4645; INTERNAL; 40; 40; 0; 4367
INTERNAL; 40; 40; 0; 4367; INTERNAL; 39; 39; 0; 5391
INTERNAL; 41; 41; 0; 4645; INTERNAL; 40; 40; 0; 819
INTERNAL; 42; 42; 0; 823; INTERNAL; 41; 41; 0; 821
INTERNAL; 41; 41; 0; 821; INTERNAL; 40; 40; 0; 7889
INTERNAL; 42; 42; 0; 823; INTERNAL; 40; 41; 1; 820
INTERNAL; 42; 42; 0; 823; INTERNAL; 41; 41; 0; 2365
INTERNAL; 41; 41; 0; 2365; INTERNAL; 40; 40; 0; 3426
INTERNAL; 42; 42; 0; 823; INTERNAL; 41; 41; 0; 3678
INTERNAL; 44; 44; 0; 832; INTERNAL; 43; 43; 0; 830
INTERNAL; 43; 43; 0; 830; INTERNAL; 42; 42; 0; 825
INTERNAL; 42; 42; 0; 825; INTERNAL; 41; 41; 0; 1045
INTERNAL; 44; 44; 0; 832; INTERNAL; 42; 43; 1; 829
INTERNAL; 45; 45; 0; 837; INTERNAL; 44; 44; 0; 833
INTERNAL; 44; 44; 0; 833; INTERNAL; 43; 43; 0; 945
INTERNAL; 46; 46; 0; 2806; INTERNAL; 45; 45; 0; 836
INTERNAL; 45; 45; 0; 836; INTERNAL; 44; 44; 0; 813
INTERNAL; 46; 46; 0; 2806; INTERNAL; 44; 45; 1; 2875
INTERNAL; 47; 47; 0; 847; INTERNAL; 46; 46; 0; 841
INTERNAL; 46; 46; 0; 841; INTERNAL; 45; 45; 0; 839
INTERNAL; 45; 45; 0; 839; INTERNAL; 44; 44; 0; 2264
INTERNAL; 47; 47; 0; 847; INTERNAL; 46; 46; 0; 842
INTERNAL; 48; 48; 0; 851; INTERNAL; 47; 47; 0; 845
INTERNAL; 47; 47; 0; 845; INTERNAL; 46; 46; 0; 812
INTERNAL; 48; 48; 0; 851; INTERNAL; 46; 47; 1; 848
INTERNAL; 48; 48; 0; 851; INTERNAL; 47; 47; 0; 6128
INTERNAL; 47; 47; 0; 6128; INTERNAL; 46; 46; 0; 844
INTERNAL; 46; 46; 0; 844; INTERNAL; 45; 45; 0; 843
INTERNAL; 48; 48; 0; 851; INTERNAL; 47; 47; 0; 4504
INTERNAL; 50; 50; 0; 6852; INTERNAL; 49; 49; 0; 853
INTERNAL; 50; 50; 0; 6852; INTERNAL; 49; 49; 0; 855
INTERNAL; 49; 49; 0; 855; INTERNAL; 48; 48; 0; 2889
INTERNAL; 50; 50; 0; 6852; INTERNAL; 49; 49; 0; 7239
INTERNAL; 49; 49; 0; 7239; INTERNAL; 48; 48; 0; 852
INTERNAL; 48; 48; 0; 852; INTERNAL; 47; 47; 0; 3569
INTERNAL; 50; 50; 0; 6852; INTERNAL; 48; 49; 1; 4891
INTERNAL; 51; 51; 0; 7665; INTERNAL; 50; 50; 0; 857
INTERNAL; 50; 50; 0; 857; INTERNAL; 49; 49; 0; 1936
INTERNAL; 51; 51; 0; 7665; INTERNAL; 50; 50; 0; 859
INTERNAL; 51; 51; 0; 7665; INTERNAL; 49; 50; 1; 2085
INTERNAL; 52; 52; 0; 866; INTERNAL; 51; 51; 0; 863
INTERNAL; 52; 52; 0; 866; INTERNAL; 51; 51; 0; 860
INTERNAL; 51; 51; 0; 860; INTERNAL; 50; 50; 0; 808
INTERNAL; 52; 52; 0; 866; INTERNAL; 51; 51; 0; 862
INTERNAL; 51; 51; 0; 862; INTERNAL; 50; 50; 0; 809
INTERNAL; 53; 53; 0; 1221; INTERNAL; 51; 52; 1; 1166
INTERNAL; 53; 53; 0; 1221; INTERNAL; 52; 52; 0; 6094
INTERNAL; 52; 52; 0; 6094; INTERNAL; 51; 51; 0; 865
INTERNAL; 53; 53; 0; 1221; INTERNAL; 52; 52; 0; 3286
INTERNAL; 54; 54; 0; 5987; INTERNAL; 52; 53; 1; 1219
INTERNAL; 52; 53; 1; 1219; INTERNAL; 51; 52; 1; 4796
INTERNAL; 55; 55; 0; 4482; INTERNAL; 54; 54; 0; 7860
INTERNAL; 54; 54; 0; 7860; INTERNAL; 53; 53; 0; 3308
INTERNAL; 56; 56; 0; 3799; INTERNAL; 54; 55; 1; 4810
INTERNAL; 54; 55; 1; 4810; INTERNAL; 53; 54; 1; 678
INTERNAL; 56; 56; 0; 3799; INTERNAL; 54; 55; 1; 3868
INTERNAL; 54; 55; 1; 3868; INTERNAL; 53; 54; 1; 3395
INTERNAL; 56; 56; 0; 3799; INTERNAL; 54; 55; 1; 3853
INTERNAL; 57; 57; 0; 1042; INTERNAL; 55; 56; 1; 4252
INTERNAL; 57; 57; 0; 1042; INTERNAL; 56; 56; 0; 3920
INTERNAL; 56; 56; 0; 3920; INTERNAL; 55; 55; 0; 3240
INTERNAL; 56; 56; 0; 3920; INTERNAL; 55; 55; 0; 677
INTERNAL; 55; 55; 0; 677; INTERNAL; 54; 54; 0; 632
INTERNAL; 57; 57; 0; 1042; INTERNAL; 56; 56; 0; 6787
INTERNAL; 58; 58; 0; 756; INTERNAL; 57; 57; 0; 571
INTERNAL; 57; 57; 0; 571; INTERNAL; 56; 56; 0; 570
INTERNAL; 56; 56; 0; 570; INTERNAL; 54; 55; 1; 552
INTERNAL; 56; 56; 0; 570; INTERNAL; 55; 55; 0; 554
INTERNAL; 57; 57; 0; 571; INTERNAL; 56; 56; 0; 7379
INTERNAL; 58; 58; 0; 756; INTERNAL; 57; 57; 0; 1298
INTERNAL; 58; 58; 0; 756; INTERNAL; 57; 57; 0; 503
INTERNAL; 59; 59; 0; 7694; INTERNAL; 57; 58; 1; 474
INTERNAL; 57; 58; 1; 474; INTERNAL; 55; 57; 2; 1039
INTERNAL; 55; 57; 2; 1039; INTERNAL; 53; 56; 3; 458
INTERNAL; 57; 58; 1; 474; INTERNAL; 56; 57; 1; 471
INTERNAL; 57; 58; 1; 474; INTERNAL; 55; 57; 2; 7793
INTERNAL; 55; 57; 2; 7793; INTERNAL; 54; 56; 2; 469
INTERNAL; 54; 56; 2; 469; INTERNAL; 53; 55; 2; 1152
INTERNAL; 55; 57; 2; 7793; INTERNAL; 54; 56; 2; 468
INTERNAL; 54; 56; 2; 468; INTERNAL; 53; 55; 2; 1022
INTERNAL; 53; 55; 2; 1022; INTERNAL; 52; 54; 2; 3191
INTERNAL; 52; 54; 2; 3191; INTERNAL; 50; 53; 3; 5311
INTERNAL; 50; 53; 3; 5311; INTERNAL; 49; 52; 3; 459
INTERNAL; 52; 54; 2; 3191; INTERNAL; 50; 53; 3; 2259
INTERNAL; 50; 53; 3; 2259; INTERNAL; 49; 51; 2; 3747
INTERNAL; 49; 51; 2; 3747; INTERNAL; 48; 50; 2; 465
INTERNAL; 49; 51; 2; 3747; INTERNAL; 47; 50; 3; 464
INTERNAL; 47; 50; 3; 464; INTERNAL; 46; 48; 2; 1550
INTERNAL; 46; 48; 2; 1550; INTERNAL; 45; 47; 2; 3841
INTERNAL; 47; 50; 3; 464; INTERNAL; 46; 48; 2; 6551
INTERNAL; 46; 48; 2; 6551; INTERNAL; 45; 47; 2; 6320
INTERNAL; 45; 47; 2; 6320; INTERNAL; 44; 46; 2; 3206
INTERNAL; 44; 46; 2; 3206; INTERNAL; 43; 45; 2; 461
INTERNAL; 45; 47; 2; 6320; INTERNAL; 9; 46; 37; 462
INTERNAL; 9; 46; 37; 462; INTERNAL; 5; 45; 40; 460
INTERNAL; 9; 46; 37; 462; INTERNAL; 6; 45; 39; 7819
INTERNAL; 6; 45; 39; 7819; INTERNAL; 5; 44; 39; 4967
INTERNAL; 5; 44; 39; 4967; INTERNAL; 4; 43; 39; 6450
INTERNAL; 46; 48; 2; 6551; INTERNAL; 45; 47; 2; 5189
INTERNAL; 49; 51; 2; 3747; INTERNAL; 48; 50; 2; 6880
INTERNAL; 48; 50; 2; 6880; INTERNAL; 47; 49; 2; 463
INTERNAL; 50; 53; 3; 2259; INTERNAL; 49; 51; 2; 7670
INTERNAL; 49; 51; 2; 7670; INTERNAL; 48; 50; 2; 7152
INTERNAL; 49; 51; 2; 7670; INTERNAL; 47; 50; 3; 466
INTERNAL; 52; 54; 2; 3191; INTERNAL; 51; 53; 2; 1976
INTERNAL; 53; 55; 2; 1022; INTERNAL; 51; 54; 3; 3189
INTERNAL; 51; 54; 3; 3189; INTERNAL; 50; 53; 3; 680
INTERNAL; 54; 56; 2; 468; INTERNAL; 52; 55; 3; 7942
INTERNAL; 52; 55; 3; 7942; INTERNAL; 51; 54; 3; 6873
INTERNAL; 55; 57; 2; 7793; INTERNAL; 53; 55; 2; 467
INTERNAL; 57; 58; 1; 474; INTERNAL; 56; 57; 1; 472
INTERNAL; 56; 57; 1; 472; INTERNAL; 54; 56; 2; 470
INTERNAL; 59; 59; 0; 7694; INTERNAL; 57; 58; 1; 1999
INTERNAL; 57; 58; 1; 1999; INTERNAL; 56; 57; 1; 1420
INTERNAL; 60; 60; 0; 4396; INTERNAL; 58; 59; 1; 7411
INTERNAL; 58; 59; 1; 7411; INTERNAL; 57; 58; 1; 452
INTERNAL; 57; 58; 1; 452; INTERNAL; 56; 57; 1; 2602
INTERNAL; 58; 59; 1; 7411; INTERNAL; 56; 58; 2; 6715
INTERNAL; 56; 58; 2; 6715; INTERNAL; 55; 57; 2; 5148
INTERNAL; 55; 57; 2; 5148; INTERNAL; 54; 56; 2; 451
INTERNAL; 58; 59; 1; 7411; INTERNAL; 56; 58; 2; 1631
INTERNAL; 56; 58; 2; 1631; INTERNAL; 55; 57; 2; 4561
INTERNAL; 55; 57; 2; 4561; INTERNAL; 54; 56; 2; 449
INTERNAL; 54; 56; 2; 449; INTERNAL; 53; 55; 2; 448
INTERNAL; 55; 57; 2; 4561; INTERNAL; 54; 56; 2; 2234
INTERNAL; 54; 56; 2; 2234; INTERNAL; 53; 55; 2; 4105
INTERNAL; 54; 56; 2; 2234; INTERNAL; 53; 55; 2; 7442
INTERNAL; 53; 55; 2; 7442; INTERNAL; 51; 54; 3; 446
INTERNAL; 53; 55; 2; 7442; INTERNAL; 52; 54; 2; 445
INTERNAL; 52; 54; 2; 445; INTERNAL; 51; 53; 2; 444
INTERNAL; 51; 53; 2; 444; INTERNAL; 50; 52; 2; 443
INTERNAL; 50; 52; 2; 443; INTERNAL; 48; 51; 3; 442
INTERNAL; 50; 52; 2; 443; INTERNAL; 49; 51; 2; 441
INTERNAL; 49; 51; 2; 441; INTERNAL; 48; 50; 2; 440
INTERNAL; 48; 50; 2; 440; INTERNAL; 47; 49; 2; 429
INTERNAL; 48; 50; 2; 440; INTERNAL; 47; 49; 2; 6328
INTERNAL; 49; 51; 2; 441; INTERNAL; 48; 50; 2; 796
INTERNAL; 48; 50; 2; 796; INTERNAL; 46; 49; 3; 4987
INTERNAL; 48; 50; 2; 796; INTERNAL; 47; 49; 2; 439
INTERNAL; 48; 50; 2; 796; INTERNAL; 46; 49; 3; 3208
INTERNAL; 46; 49; 3; 3208; INTERNAL; 7; 48; 41; 436
INTERNAL; 7; 48; 41; 436; INTERNAL; 6; 47; 41; 434
INTERNAL; 7; 48; 41; 436; INTERNAL; 6; 47; 41; 432
INTERNAL; 6; 47; 41; 432; INTERNAL; 4; 46; 42; 431
INTERNAL; 6; 47; 41; 432; INTERNAL; 5; 46; 41; 886
INTERNAL; 5; 46; 41; 886; INTERNAL; 4; 45; 41; 3061
INTERNAL; 6; 47; 41; 432; INTERNAL; 5; 46; 41; 430
INTERNAL; 46; 49; 3; 3208; INTERNAL; 45; 48; 3; 3356
INTERNAL; 46; 49; 3; 3208; INTERNAL; 44; 48; 4; 438
INTERNAL; 44; 48; 4; 438; INTERNAL; 43; 47; 4; 435
INTERNAL; 51; 53; 2; 444; INTERNAL; 50; 52; 2; 7721
INTERNAL; 52; 54; 2; 445; INTERNAL; 50; 53; 3; 6537
INTERNAL; 50; 53; 3; 6537; INTERNAL; 49; 52; 3; 2311
INTERNAL; 54; 56; 2; 2234; INTERNAL; 53; 55; 2; 447
INTERNAL; 53; 55; 2; 447; INTERNAL; 52; 54; 2; 5453
INTERNAL; 56; 58; 2; 1631; INTERNAL; 55; 57; 2; 7449
INTERNAL; 55; 57; 2; 7449; INTERNAL; 54; 56; 2; 428
INTERNAL; 56; 58; 2; 1631; INTERNAL; 55; 57; 2; 450
INTERNAL; 60; 60; 0; 4396; INTERNAL; 58; 59; 1; 424
INTERNAL; 60; 60; 0; 4396; INTERNAL; 57; 59; 2; 4060
INTERNAL; 57; 59; 2; 4060; INTERNAL; 55; 58; 3; 403
INTERNAL; 60; 60; 0; 4396; INTERNAL; 59; 59; 0; 425
INTERNAL; 59; 59; 0; 425; INTERNAL; 57; 58; 1; 422
INTERNAL; 59; 59; 0; 425; INTERNAL; 58; 58; 0; 423
INTERNAL; 58; 58; 0; 423; INTERNAL; 57; 57; 0; 418
INTERNAL; 57; 57; 0; 418; INTERNAL; 50; 56; 6; 415
INTERNAL; 50; 56; 6; 415; INTERNAL; 49; 55; 6; 3272
INTERNAL; 57; 57; 0; 418; INTERNAL; 51; 56; 5; 2041
INTERNAL; 57; 57; 0; 418; INTERNAL; 48; 56; 8; 3556
INTERNAL; 57; 57; 0; 418; INTERNAL; 49; 56; 7; 414
INTERNAL; 57; 57; 0; 418; INTERNAL; 48; 56; 8; 3307
INTERNAL; 48; 56; 8; 3307; INTERNAL; 47; 55; 8; 409
INTERNAL; 57; 57; 0; 418; INTERNAL; 56; 56; 0; 2868
INTERNAL; 56; 56; 0; 2868; INTERNAL; 46; 55; 9; 2912
INTERNAL; 56; 56; 0; 2868; INTERNAL; 55; 55; 0; 5498
INTERNAL; 56; 56; 0; 2868; INTERNAL; 55; 55; 0; 5807
INTERNAL; 56; 56; 0; 2868; INTERNAL; 47; 55; 8; 413
INTERNAL; 47; 55; 8; 413; INTERNAL; 46; 54; 8; 412
INTERNAL; 56; 56; 0; 2868; INTERNAL; 8; 55; 47; 5564
INTERNAL; 8; 55; 47; 5564; INTERNAL; 7; 54; 47; 3359
INTERNAL; 7; 54; 47; 3359; INTERNAL; 5; 53; 48; 7552
INTERNAL; 7; 54; 47; 3359; INTERNAL; 6; 53; 47; 411
INTERNAL; 6; 53; 47; 411; INTERNAL; 5; 52; 47; 410
INTERNAL; 56; 56; 0; 2868; INTERNAL; 46; 55; 9; 6639
INTERNAL; 46; 55; 9; 6639; INTERNAL; 45; 54; 9; 1580
INTERNAL; 58; 58; 0; 423; INTERNAL; 54; 57; 3; 2609
INTERNAL; 58; 58; 0; 423; INTERNAL; 52; 57; 5; 417
INTERNAL; 52; 57; 5; 417; INTERNAL; 51; 56; 5; 3682
INTERNAL; 58; 58; 0; 423; INTERNAL; 53; 57; 4; 6533
INTERNAL; 53; 57; 4; 6533; INTERNAL; 52; 56; 4; 408
INTERNAL; 58; 58; 0; 423; INTERNAL; 52; 57; 5; 1139
INTERNAL; 58; 58; 0; 423; INTERNAL; 51; 57; 6; 416
INTERNAL; 51; 57; 6; 416; INTERNAL; 49; 56; 7; 407
INTERNAL; 59; 59; 0; 425; INTERNAL; 56; 58; 2; 421
INTERNAL; 59; 59; 0; 425; INTERNAL; 54; 58; 4; 5960
INTERNAL; 54; 58; 4; 5960; INTERNAL; 53; 57; 4; 1686
INTERNAL; 59; 59; 0; 425; INTERNAL; 56; 58; 2; 420
INTERNAL; 56; 58; 2; 420; INTERNAL; 55; 57; 2; 405
INTERNAL; 55; 57; 2; 405; INTERNAL; 54; 56; 2; 404
INTERNAL; 56; 58; 2; 420; INTERNAL; 55; 57; 2; 406
INTERNAL; 59; 59; 0; 425; INTERNAL; 54; 58; 4; 419
INTERNAL; 60; 60; 0; 4396; INTERNAL; 58; 59; 1; 453
INTERNAL; 61; 61; 0; 376; INTERNAL; 60; 60; 0; 401
INTERNAL; 60; 60; 0; 401; INTERNAL; 59; 59; 0; 4914
INTERNAL; 61; 61; 0; 376; INTERNAL; 60; 60; 0; 402
INTERNAL; 60; 60; 0; 402; INTERNAL; 57; 59; 2; 1070
INTERNAL; 57; 59; 2; 1070; INTERNAL; 56; 58; 2; 4215
INTERNAL; 60; 60; 0; 402; INTERNAL; 56; 59; 3; 399
INTERNAL; 56; 59; 3; 399; INTERNAL; 54; 58; 4; 378
INTERNAL; 60; 60; 0; 402; INTERNAL; 59; 59; 0; 400
INTERNAL; 60; 60; 0; 402; INTERNAL; 55; 59; 4; 2367
INTERNAL; 55; 59; 4; 2367; INTERNAL; 53; 58; 5; 5136
INTERNAL; 60; 60; 0; 402; INTERNAL; 59; 59; 0; 7892
INTERNAL; 60; 60; 0; 402; INTERNAL; 59; 59; 0; 4613
INTERNAL; 59; 59; 0; 4613; INTERNAL; 58; 58; 0; 1201
INTERNAL; 59; 59; 0; 4613; INTERNAL; 54; 58; 4; 397
INTERNAL; 54; 58; 4; 397; INTERNAL; 52; 57; 5; 381
INTERNAL; 59; 59; 0; 4613; INTERNAL; 58; 58; 0; 5450
INTERNAL; 58; 58; 0; 5450; INTERNAL; 57; 57; 0; 5173
INTERNAL; 59; 59; 0; 4613; INTERNAL; 58; 58; 0; 3815
INTERNAL; 59; 59; 0; 4613; INTERNAL; 52; 58; 6; 395
INTERNAL; 52; 58; 6; 395; INTERNAL; 51; 57; 6; 380
INTERNAL; 59; 59; 0; 4613; INTERNAL; 58; 58; 0; 398
INTERNAL; 58; 58; 0; 398; INTERNAL; 50; 57; 7; 391
INTERNAL; 50; 57; 7; 391; INTERNAL; 49; 56; 7; 382
INTERNAL; 58; 58; 0; 398; INTERNAL; 57; 57; 0; 392
INTERNAL; 58; 58; 0; 398; INTERNAL; 57; 57; 0; 1117
INTERNAL; 58; 58; 0; 398; INTERNAL; 51; 57; 6; 1251
INTERNAL; 51; 57; 6; 1251; INTERNAL; 50; 56; 6; 951
INTERNAL; 58; 58; 0; 398; INTERNAL; 57; 57; 0; 394
INTERNAL; 57; 57; 0; 394; INTERNAL; 56; 56; 0; 390
INTERNAL; 56; 56; 0; 390; INTERNAL; 8; 55; 47; 1002
INTERNAL; 8; 55; 47; 1002; INTERNAL; 5; 54; 49; 6562
INTERNAL; 8; 55; 47; 1002; INTERNAL; 6; 54; 48; 385
INTERNAL; 6; 54; 48; 385; INTERNAL; 5; 53; 48; 6761
INTERNAL; 6; 54; 48; 385; INTERNAL; 5; 53; 48; 4316
INTERNAL; 6; 54; 48; 385; INTERNAL; 4; 53; 49; 384
INTERNAL; 56; 56; 0; 390; INTERNAL; 46; 55; 9; 386
INTERNAL; 46; 55; 9; 386; INTERNAL; 45; 54; 9; 2096
INTERNAL; 57; 57; 0; 394; INTERNAL; 49; 56; 7; 389
INTERNAL; 49; 56; 7; 389; INTERNAL; 48; 55; 7; 1793
INTERNAL; 57; 57; 0; 394; INTERNAL; 47; 56; 9; 387
INTERNAL; 47; 56; 9; 387; INTERNAL; 46; 55; 9; 3341
INTERNAL; 57; 57; 0; 394; INTERNAL; 56; 56; 0; 4239
INTERNAL; 63; 72; 9; 5926; INTERNAL; 62; 62; 0; 377
INTERNAL; 62; 62; 0; 377; INTERNAL; 61; 61; 0; 383
INTERNAL; 61; 61; 0; 383; INTERNAL; 56; 60; 4; 2601
INTERNAL; 56; 60; 4; 2601; INTERNAL; 55; 59; 4; 6169
INTERNAL; 61; 61; 0; 383; INTERNAL; 60; 60; 0; 374
INTERNAL; 60; 60; 0; 374; INTERNAL; 59; 59; 0; 356
INTERNAL; 61; 61; 0; 383; INTERNAL; 60; 60; 0; 2339
INTERNAL; 60; 60; 0; 2339; INTERNAL; 55; 59; 4; 371
INTERNAL; 55; 59; 4; 371; INTERNAL; 54; 58; 4; 5543
INTERNAL; 60; 60; 0; 2339; INTERNAL; 59; 59; 0; 1266
INTERNAL; 59; 59; 0; 1266; INTERNAL; 52; 58; 6; 365
INTERNAL; 52; 58; 6; 365; INTERNAL; 50; 57; 7; 379
INTERNAL; 59; 59; 0; 1266; INTERNAL; 58; 58; 0; 368
INTERNAL; 59; 59; 0; 1266; INTERNAL; 58; 58; 0; 367
INTERNAL; 59; 59; 0; 1266; INTERNAL; 53; 58; 5; 366
INTERNAL; 53; 58; 5; 366; INTERNAL; 51; 57; 6; 4008
INTERNAL; 59; 59; 0; 1266; INTERNAL; 58; 58; 0; 369
INTERNAL; 58; 58; 0; 369; INTERNAL; 49; 57; 8; 5846
INTERNAL; 49; 57; 8; 5846; INTERNAL; 48; 56; 8; 358
INTERNAL; 58; 58; 0; 369; INTERNAL; 57; 57; 0; 364
INTERNAL; 57; 57; 0; 364; INTERNAL; 47; 56; 9; 362
INTERNAL; 47; 56; 9; 362; INTERNAL; 46; 55; 9; 359
INTERNAL; 57; 57; 0; 364; INTERNAL; 56; 56; 0; 1905
INTERNAL; 56; 56; 0; 1905; INTERNAL; 8; 55; 47; 361
INTERNAL; 8; 55; 47; 361; INTERNAL; 7; 54; 47; 7673
INTERNAL; 7; 54; 47; 7673; INTERNAL; 4; 53; 49; 360
INTERNAL; 8; 55; 47; 361; INTERNAL; 5; 54; 49; 2213
INTERNAL; 57; 57; 0; 364; INTERNAL; 56; 56; 0; 4267
INTERNAL; 57; 57; 0; 364; INTERNAL; 48; 56; 8; 363
INTERNAL; 48; 56; 8; 363; INTERNAL; 47; 55; 8; 4269
INTERNAL; 58; 58; 0; 369; INTERNAL; 57; 57; 0; 3850
INTERNAL; 58; 58; 0; 369; INTERNAL; 50; 57; 7; 5682
INTERNAL; 50; 57; 7; 5682; INTERNAL; 49; 56; 7; 6823
INTERNAL; 60; 60; 0; 2339; INTERNAL; 54; 59; 5; 370
INTERNAL; 54; 59; 5; 370; INTERNAL; 53; 58; 5; 357
INTERNAL; 60; 60; 0; 2339; INTERNAL; 59; 59; 0; 373
INTERNAL; 60; 60; 0; 2339; INTERNAL; 59; 59; 0; 372
INTERNAL; 61; 61; 0; 383; INTERNAL; 60; 60; 0; 375
INTERNAL; 60; 60; 0; 375; INTERNAL; 57; 59; 2; 3295
INTERNAL; 57; 59; 2; 3295; INTERNAL; 56; 58; 2; 5830
INTERNAL; 62; 62; 0; 377; INTERNAL; 60; 61; 1; 5657
INTERNAL; 63; 72; 9; 5926; INTERNAL; 62; 62; 0; 6517
INTERNAL; 62; 62; 0; 6517; INTERNAL; 60; 61; 1; 513
INTERNAL; 62; 62; 0; 6517; INTERNAL; 61; 61; 0; 427
INTERNAL; 61; 61; 0; 427; INTERNAL; 60; 60; 0; 455
INTERNAL; 61; 61; 0; 427; INTERNAL; 59; 60; 1; 454
INTERNAL; 59; 60; 1; 454; INTERNAL; 58; 59; 1; 505
INTERNAL; 58; 59; 1; 505; INTERNAL; 57; 58; 1; 4898
INTERNAL; 59; 60; 1; 454; INTERNAL; 58; 59; 1; 475
UNKNOWN; -1; -1; -1; -1; OUTPUT; 68; 73; 5; 6
OUTPUT; 68; 73; 5; 6; INTERNAL; 67; 72; 5; 2639
INTERNAL; 67; 72; 5; 2639; INTERNAL; 64; 65; 1; 183
INTERNAL; 64; 65; 1; 183; INTERNAL; 57; 64; 7; 180
INTERNAL; 57; 64; 7; 180; INTERNAL; 56; 63; 7; 5065
INTERNAL; 64; 65; 1; 183; INTERNAL; 63; 64; 1; 182
INTERNAL; 63; 64; 1; 182; INTERNAL; 54; 60; 6; 209
INTERNAL; 54; 60; 6; 209; INTERNAL; 53; 59; 6; 208
INTERNAL; 63; 64; 1; 182; INTERNAL; 56; 62; 6; 198
INTERNAL; 56; 62; 6; 198; INTERNAL; 54; 61; 7; 3819
INTERNAL; 63; 64; 1; 182; INTERNAL; 60; 60; 0; 210
INTERNAL; 60; 60; 0; 210; INTERNAL; 59; 59; 0; 243
INTERNAL; 59; 59; 0; 243; INTERNAL; 58; 58; 0; 259
INTERNAL; 58; 58; 0; 259; INTERNAL; 57; 57; 0; 3362
INTERNAL; 57; 57; 0; 3362; INTERNAL; 48; 56; 8; 319
INTERNAL; 48; 56; 8; 319; INTERNAL; 47; 55; 8; 314
INTERNAL; 57; 57; 0; 3362; INTERNAL; 56; 56; 0; 298
INTERNAL; 56; 56; 0; 298; INTERNAL; 9; 55; 46; 340
INTERNAL; 9; 55; 46; 340; INTERNAL; 6; 54; 48; 1875
INTERNAL; 6; 54; 48; 1875; INTERNAL; 5; 53; 48; 6647
INTERNAL; 9; 55; 46; 340; INTERNAL; 6; 54; 48; 4706
INTERNAL; 6; 54; 48; 4706; INTERNAL; 4; 53; 49; 1063
INTERNAL; 56; 56; 0; 298; INTERNAL; 55; 55; 0; 341
INTERNAL; 57; 57; 0; 3362; INTERNAL; 8; 55; 47; 297
INTERNAL; 8; 55; 47; 297; INTERNAL; 5; 54; 49; 567
INTERNAL; 5; 54; 49; 567; INTERNAL; 4; 53; 49; 5760
INTERNAL; 8; 55; 47; 297; INTERNAL; 6; 54; 48; 1274
INTERNAL; 6; 54; 48; 1274; INTERNAL; 5; 53; 48; 295
INTERNAL; 6; 54; 48; 1274; INTERNAL; 5; 53; 48; 4835
INTERNAL; 8; 55; 47; 297; INTERNAL; 6; 54; 48; 296
INTERNAL; 6; 54; 48; 296; INTERNAL; 4; 53; 49; 294
INTERNAL; 6; 54; 48; 296; INTERNAL; 5; 53; 48; 3613
INTERNAL; 57; 57; 0; 3362; INTERNAL; 48; 56; 8; 276
INTERNAL; 48; 56; 8; 276; INTERNAL; 47; 55; 8; 3612
INTERNAL; 57; 57; 0; 3362; INTERNAL; 56; 56; 0; 277
INTERNAL; 56; 56; 0; 277; INTERNAL; 7; 55; 48; 275
INTERNAL; 7; 55; 48; 275; INTERNAL; 5; 54; 49; 273
INTERNAL; 5; 54; 49; 273; INTERNAL; 4; 53; 49; 7464
INTERNAL; 7; 55; 48; 275; INTERNAL; 6; 54; 48; 274
INTERNAL; 56; 56; 0; 277; INTERNAL; 8; 55; 47; 5925
INTERNAL; 8; 55; 47; 5925; INTERNAL; 7; 54; 47; 318
INTERNAL; 7; 54; 47; 318; INTERNAL; 6; 53; 47; 316
INTERNAL; 6; 53; 47; 316; INTERNAL; 5; 52; 47; 3513
INTERNAL; 7; 54; 47; 318; INTERNAL; 4; 53; 49; 315
INTERNAL; 8; 55; 47; 5925; INTERNAL; 6; 54; 48; 4292
INTERNAL; 6; 54; 48; 4292; INTERNAL; 4; 53; 49; 1228
INTERNAL; 8; 55; 47; 5925; INTERNAL; 6; 54; 48; 317
INTERNAL; 6; 54; 48; 317; INTERNAL; 4; 53; 49; 1163
INTERNAL; 56; 56; 0; 277; INTERNAL; 55; 55; 0; 1814
INTERNAL; 58; 58; 0; 259; INTERNAL; 50; 57; 7; 1074
INTERNAL; 50; 57; 7; 1074; INTERNAL; 49; 56; 7; 271
INTERNAL; 58; 58; 0; 259; INTERNAL; 57; 57; 0; 7125
INTERNAL; 57; 57; 0; 7125; INTERNAL; 56; 56; 0; 321
INTERNAL; 57; 57; 0; 7125; INTERNAL; 49; 56; 7; 320
INTERNAL; 49; 56; 7; 320; INTERNAL; 48; 55; 7; 5710
INTERNAL; 57; 57; 0; 7125; INTERNAL; 47; 56; 9; 342
INTERNAL; 47; 56; 9; 342; INTERNAL; 46; 55; 9; 339
INTERNAL; 57; 57; 0; 7125; INTERNAL; 56; 56; 0; 343
INTERNAL; 57; 57; 0; 7125; INTERNAL; 56; 56; 0; 344
INTERNAL; 58; 58; 0; 259; INTERNAL; 57; 57; 0; 6316
INTERNAL; 57; 57; 0; 6316; INTERNAL; 9; 56; 47; 2517
INTERNAL; 58; 58; 0; 259; INTERNAL; 48; 56; 8; 388
INTERNAL; 48; 56; 8; 388; INTERNAL; 47; 55; 8; 1554
INTERNAL; 59; 59; 0; 243; INTERNAL; 58; 58; 0; 257
INTERNAL; 58; 58; 0; 257; INTERNAL; 57; 57; 0; 255
INTERNAL; 58; 58; 0; 257; INTERNAL; 50; 57; 7; 5944
INTERNAL; 50; 57; 7; 5944; INTERNAL; 49; 56; 7; 6845
INTERNAL; 58; 58; 0; 257; INTERNAL; 56; 57; 1; 5289
INTERNAL; 56; 57; 1; 5289; INTERNAL; 49; 55; 6; 5359
INTERNAL; 49; 55; 6; 5359; INTERNAL; 48; 54; 6; 1777
INTERNAL; 56; 57; 1; 5289; INTERNAL; 8; 55; 47; 7718
INTERNAL; 8; 55; 47; 7718; INTERNAL; 5; 54; 49; 254
INTERNAL; 8; 55; 47; 7718; INTERNAL; 5; 54; 49; 1553
INTERNAL; 5; 54; 49; 1553; INTERNAL; 4; 53; 49; 6479
INTERNAL; 59; 59; 0; 243; INTERNAL; 51; 58; 7; 256
INTERNAL; 51; 58; 7; 256; INTERNAL; 50; 57; 7; 5817
INTERNAL; 60; 60; 0; 210; INTERNAL; 59; 59; 0; 242
INTERNAL; 59; 59; 0; 242; INTERNAL; 58; 58; 0; 240
INTERNAL; 58; 58; 0; 240; INTERNAL; 57; 57; 0; 238
INTERNAL; 57; 57; 0; 238; INTERNAL; 56; 56; 0; 237
INTERNAL; 57; 57; 0; 238; INTERNAL; 10; 56; 46; 235
INTERNAL; 10; 56; 46; 235; INTERNAL; 9; 55; 46; 234
INTERNAL; 9; 55; 46; 234; INTERNAL; 6; 54; 48; 233
INTERNAL; 6; 54; 48; 233; INTERNAL; 5; 53; 48; 4954
INTERNAL; 6; 54; 48; 233; INTERNAL; 4; 53; 49; 1783
INTERNAL; 6; 54; 48; 233; INTERNAL; 5; 53; 48; 232
INTERNAL; 57; 57; 0; 238; INTERNAL; 49; 56; 7; 236
INTERNAL; 49; 56; 7; 236; INTERNAL; 48; 55; 7; 6220
INTERNAL; 57; 57; 0; 238; INTERNAL; 50; 56; 6; 5182
INTERNAL; 50; 56; 6; 5182; INTERNAL; 49; 55; 6; 3877
INTERNAL; 58; 58; 0; 240; INTERNAL; 52; 57; 5; 5626
INTERNAL; 52; 57; 5; 5626; INTERNAL; 50; 56; 6; 231
INTERNAL; 59; 59; 0; 242; INTERNAL; 53; 58; 5; 239
INTERNAL; 53; 58; 5; 239; INTERNAL; 51; 57; 6; 230
INTERNAL; 60; 60; 0; 210; INTERNAL; 54; 59; 5; 241
INTERNAL; 54; 59; 5; 241; INTERNAL; 53; 58; 5; 229
INTERNAL; 60; 60; 0; 210; INTERNAL; 52; 59; 7; 4560
INTERNAL; 52; 59; 7; 4560; INTERNAL; 51; 58; 7; 252
INTERNAL; 60; 60; 0; 210; INTERNAL; 59; 59; 0; 244
INTERNAL; 59; 59; 0; 244; INTERNAL; 58; 58; 0; 5504
INTERNAL; 59; 59; 0; 244; INTERNAL; 58; 58; 0; 279
INTERNAL; 58; 58; 0; 279; INTERNAL; 57; 57; 0; 1557
INTERNAL; 58; 58; 0; 279; INTERNAL; 49; 57; 8; 6859
INTERNAL; 49; 57; 8; 6859; INTERNAL; 48; 56; 8; 1385
INTERNAL; 58; 58; 0; 279; INTERNAL; 50; 57; 7; 2854
INTERNAL; 50; 57; 7; 2854; INTERNAL; 49; 56; 7; 4513
INTERNAL; 59; 59; 0; 244; INTERNAL; 51; 57; 6; 875
INTERNAL; 51; 57; 6; 875; INTERNAL; 49; 56; 7; 272
INTERNAL; 63; 64; 1; 182; INTERNAL; 62; 62; 0; 199
INTERNAL; 62; 62; 0; 199; INTERNAL; 58; 60; 2; 7343
INTERNAL; 62; 62; 0; 199; INTERNAL; 53; 60; 7; 219
INTERNAL; 53; 60; 7; 219; INTERNAL; 52; 59; 7; 624
INTERNAL; 62; 62; 0; 199; INTERNAL; 60; 60; 0; 7815
INTERNAL; 60; 60; 0; 7815; INTERNAL; 51; 59; 8; 2503
INTERNAL; 51; 59; 8; 2503; INTERNAL; 49; 58; 9; 4665
INTERNAL; 60; 60; 0; 7815; INTERNAL; 59; 59; 0; 218
INTERNAL; 59; 59; 0; 218; INTERNAL; 57; 58; 1; 1005
INTERNAL; 59; 59; 0; 218; INTERNAL; 58; 58; 0; 216
INTERNAL; 58; 58; 0; 216; INTERNAL; 49; 57; 8; 215
INTERNAL; 49; 57; 8; 215; INTERNAL; 48; 56; 8; 211
INTERNAL; 58; 58; 0; 216; INTERNAL; 57; 57; 0; 4758
INTERNAL; 57; 57; 0; 4758; INTERNAL; 56; 56; 0; 214
INTERNAL; 57; 57; 0; 4758; INTERNAL; 10; 56; 46; 213
INTERNAL; 10; 56; 46; 213; INTERNAL; 9; 55; 46; 2573
INTERNAL; 9; 55; 46; 2573; INTERNAL; 6; 54; 48; 293
INTERNAL; 6; 54; 48; 293; INTERNAL; 5; 53; 48; 212
INTERNAL; 9; 55; 46; 2573; INTERNAL; 5; 54; 49; 2284
INTERNAL; 60; 60; 0; 7815; INTERNAL; 52; 59; 7; 217
INTERNAL; 52; 59; 7; 217; INTERNAL; 51; 58; 7; 4573
INTERNAL; 62; 62; 0; 199; INTERNAL; 55; 61; 6; 197
INTERNAL; 55; 61; 6; 197; INTERNAL; 53; 60; 7; 186
INTERNAL; 62; 62; 0; 199; INTERNAL; 61; 61; 0; 3955
INTERNAL; 61; 61; 0; 3955; INTERNAL; 60; 60; 0; 1586
INTERNAL; 60; 60; 0; 1586; INTERNAL; 59; 59; 0; 195
INTERNAL; 60; 60; 0; 1586; INTERNAL; 52; 59; 7; 194
INTERNAL; 52; 59; 7; 194; INTERNAL; 51; 58; 7; 2431
INTERNAL; 60; 60; 0; 1586; INTERNAL; 59; 59; 0; 6149
INTERNAL; 59; 59; 0; 6149; INTERNAL; 58; 58; 0; 5397
INTERNAL; 59; 59; 0; 6149; INTERNAL; 58; 58; 0; 352
INTERNAL; 58; 58; 0; 352; INTERNAL; 57; 57; 0; 193
INTERNAL; 58; 58; 0; 352; INTERNAL; 9; 57; 48; 191
INTERNAL; 9; 57; 48; 191; INTERNAL; 5; 56; 51; 7348
INTERNAL; 9; 57; 48; 191; INTERNAL; 5; 56; 51; 3134
INTERNAL; 5; 56; 51; 3134; INTERNAL; 4; 55; 51; 189
INTERNAL; 58; 58; 0; 352; INTERNAL; 50; 57; 7; 192
INTERNAL; 50; 57; 7; 192; INTERNAL; 49; 56; 7; 190
INTERNAL; 60; 60; 0; 1586; INTERNAL; 51; 59; 8; 1973
INTERNAL; 51; 59; 8; 1973; INTERNAL; 50; 58; 8; 188
INTERNAL; 61; 61; 0; 3955; INTERNAL; 54; 60; 6; 196
INTERNAL; 54; 60; 6; 196; INTERNAL; 52; 59; 7; 187
INTERNAL; 62; 62; 0; 199; INTERNAL; 59; 60; 1; 220
INTERNAL; 63; 64; 1; 182; INTERNAL; 61; 61; 0; 5473
INTERNAL; 64; 65; 1; 183; INTERNAL; 63; 64; 1; 181
INTERNAL; 63; 64; 1; 181; INTERNAL; 62; 63; 1; 3329
INTERNAL; 63; 64; 1; 181; INTERNAL; 56; 63; 7; 4900
INTERNAL; 56; 63; 7; 4900; INTERNAL; 55; 62; 7; 171
INTERNAL; 63; 64; 1; 181; INTERNAL; 62; 63; 1; 2906
INTERNAL; 62; 63; 1; 2906; INTERNAL; 61; 62; 1; 2437
INTERNAL; 62; 63; 1; 2906; INTERNAL; 61; 62; 1; 179
INTERNAL; 61; 62; 1; 179; INTERNAL; 60; 61; 1; 177
INTERNAL; 61; 62; 1; 179; INTERNAL; 54; 61; 7; 7316
INTERNAL; 54; 61; 7; 7316; INTERNAL; 53; 60; 7; 172
INTERNAL; 61; 62; 1; 179; INTERNAL; 60; 61; 1; 178
INTERNAL; 60; 61; 1; 178; INTERNAL; 52; 60; 8; 1665
INTERNAL; 52; 60; 8; 1665; INTERNAL; 50; 59; 9; 1981
INTERNAL; 60; 61; 1; 178; INTERNAL; 59; 60; 1; 2185
INTERNAL; 59; 60; 1; 2185; INTERNAL; 50; 59; 9; 176
INTERNAL; 50; 59; 9; 176; INTERNAL; 49; 57; 8; 175
INTERNAL; 50; 59; 9; 176; INTERNAL; 8; 57; 49; 2501
INTERNAL; 8; 57; 49; 2501; INTERNAL; 7; 56; 49; 1572
INTERNAL; 7; 56; 49; 1572; INTERNAL; 6; 55; 49; 5380
INTERNAL; 6; 55; 49; 5380; INTERNAL; 4; 54; 50; 174
INTERNAL; 6; 55; 49; 5380; INTERNAL; 5; 54; 49; 1853
INTERNAL; 59; 60; 1; 2185; INTERNAL; 58; 59; 1; 2154
INTERNAL; 60; 61; 1; 178; INTERNAL; 53; 60; 7; 720
INTERNAL; 53; 60; 7; 720; INTERNAL; 51; 59; 8; 173
INTERNAL; 62; 63; 1; 2906; INTERNAL; 55; 62; 7; 3267
INTERNAL; 55; 62; 7; 3267; INTERNAL; 54; 61; 7; 4053
INTERNAL; 67; 72; 5; 2639; INTERNAL; 65; 65; 0; 4774
INTERNAL; 65; 65; 0; 4774; INTERNAL; 64; 64; 0; 778
INTERNAL; 64; 64; 0; 778; INTERNAL; 57; 61; 4; 247
INTERNAL; 57; 61; 4; 247; INTERNAL; 56; 60; 4; 2382
INTERNAL; 64; 64; 0; 778; INTERNAL; 62; 62; 0; 248
INTERNAL; 62; 62; 0; 248; INTERNAL; 61; 61; 0; 7299
INTERNAL; 61; 61; 0; 7299; INTERNAL; 60; 60; 0; 3555
INTERNAL; 60; 60; 0; 3555; INTERNAL; 59; 59; 0; 303
INTERNAL; 59; 59; 0; 303; INTERNAL; 51; 58; 7; 324
INTERNAL; 51; 58; 7; 324; INTERNAL; 50; 57; 7; 3089
INTERNAL; 59; 59; 0; 303; INTERNAL; 58; 58; 0; 5241
INTERNAL; 58; 58; 0; 5241; INTERNAL; 57; 57; 0; 6207
INTERNAL; 59; 59; 0; 303; INTERNAL; 58; 58; 0; 326
INTERNAL; 58; 58; 0; 326; INTERNAL; 48; 57; 9; 345
INTERNAL; 48; 57; 9; 345; INTERNAL; 47; 56; 9; 7572
INTERNAL; 58; 58; 0; 326; INTERNAL; 50; 57; 7; 346
INTERNAL; 50; 57; 7; 346; INTERNAL; 49; 56; 7; 3173
INTERNAL; 58; 58; 0; 326; INTERNAL; 57; 57; 0; 4506
INTERNAL; 58; 58; 0; 326; INTERNAL; 57; 57; 0; 3852
INTERNAL; 59; 59; 0; 303; INTERNAL; 58; 58; 0; 325
INTERNAL; 58; 58; 0; 325; INTERNAL; 50; 57; 7; 322
INTERNAL; 50; 57; 7; 322; INTERNAL; 49; 56; 7; 313
INTERNAL; 58; 58; 0; 325; INTERNAL; 57; 57; 0; 323
INTERNAL; 59; 59; 0; 303; INTERNAL; 58; 58; 0; 6003
INTERNAL; 60; 60; 0; 3555; INTERNAL; 53; 59; 6; 281
INTERNAL; 53; 59; 6; 281; INTERNAL; 52; 58; 6; 270
INTERNAL; 60; 60; 0; 3555; INTERNAL; 53; 59; 6; 1846
INTERNAL; 53; 59; 6; 1846; INTERNAL; 51; 58; 7; 4066
INTERNAL; 60; 60; 0; 3555; INTERNAL; 59; 59; 0; 4543
INTERNAL; 59; 59; 0; 4543; INTERNAL; 52; 58; 6; 299
INTERNAL; 52; 58; 6; 299; INTERNAL; 50; 57; 7; 484
INTERNAL; 59; 59; 0; 4543; INTERNAL; 58; 58; 0; 300
INTERNAL; 59; 59; 0; 4543; INTERNAL; 58; 58; 0; 302
INTERNAL; 60; 60; 0; 3555; INTERNAL; 59; 59; 0; 3079
INTERNAL; 59; 59; 0; 3079; INTERNAL; 52; 58; 6; 278
INTERNAL; 52; 58; 6; 278; INTERNAL; 51; 57; 6; 5058
INTERNAL; 59; 59; 0; 3079; INTERNAL; 58; 58; 0; 280
INTERNAL; 61; 61; 0; 7299; INTERNAL; 60; 60; 0; 245
INTERNAL; 60; 60; 0; 245; INTERNAL; 59; 59; 0; 6032
INTERNAL; 60; 60; 0; 245; INTERNAL; 59; 59; 0; 1824
INTERNAL; 60; 60; 0; 245; INTERNAL; 54; 59; 5; 6968
INTERNAL; 54; 59; 5; 6968; INTERNAL; 52; 58; 6; 253
INTERNAL; 61; 61; 0; 7299; INTERNAL; 55; 60; 5; 7785
INTERNAL; 55; 60; 5; 7785; INTERNAL; 53; 59; 6; 1383
INTERNAL; 61; 61; 0; 7299; INTERNAL; 60; 60; 0; 814
INTERNAL; 61; 61; 0; 7299; INTERNAL; 60; 60; 0; 2770
INTERNAL; 61; 61; 0; 7299; INTERNAL; 55; 60; 5; 3779
INTERNAL; 55; 60; 5; 3779; INTERNAL; 54; 59; 5; 574
INTERNAL; 62; 62; 0; 248; INTERNAL; 56; 61; 5; 246
INTERNAL; 56; 61; 5; 246; INTERNAL; 55; 60; 5; 228
INTERNAL; 64; 64; 0; 778; INTERNAL; 62; 63; 1; 226
INTERNAL; 62; 63; 1; 226; INTERNAL; 61; 61; 0; 260
INTERNAL; 62; 63; 1; 226; INTERNAL; 56; 61; 5; 6471
INTERNAL; 56; 61; 5; 6471; INTERNAL; 54; 60; 6; 251
INTERNAL; 62; 63; 1; 226; INTERNAL; 61; 61; 0; 261
INTERNAL; 61; 61; 0; 261; INTERNAL; 60; 60; 0; 285
INTERNAL; 60; 60; 0; 285; INTERNAL; 59; 59; 0; 328
INTERNAL; 60; 60; 0; 285; INTERNAL; 52; 59; 7; 327
INTERNAL; 52; 59; 7; 327; INTERNAL; 51; 58; 7; 312
INTERNAL; 60; 60; 0; 285; INTERNAL; 59; 59; 0; 6933
INTERNAL; 59; 59; 0; 6933; INTERNAL; 58; 58; 0; 3468
INTERNAL; 59; 59; 0; 6933; INTERNAL; 51; 58; 7; 2764
INTERNAL; 51; 58; 7; 2764; INTERNAL; 49; 57; 8; 4850
INTERNAL; 61; 61; 0; 261; INTERNAL; 54; 60; 6; 282
INTERNAL; 54; 60; 6; 282; INTERNAL; 53; 59; 6; 268
INTERNAL; 61; 61; 0; 261; INTERNAL; 60; 60; 0; 286
INTERNAL; 61; 61; 0; 261; INTERNAL; 60; 60; 0; 284
INTERNAL; 61; 61; 0; 261; INTERNAL; 54; 60; 6; 904
INTERNAL; 54; 60; 6; 904; INTERNAL; 53; 59; 6; 5897
INTERNAL; 64; 64; 0; 778; INTERNAL; 63; 63; 0; 4538
INTERNAL; 63; 63; 0; 4538; INTERNAL; 62; 62; 0; 224
INTERNAL; 62; 62; 0; 224; INTERNAL; 56; 61; 5; 221
INTERNAL; 56; 61; 5; 221; INTERNAL; 55; 60; 5; 207
INTERNAL; 55; 60; 5; 207; INTERNAL; 54; 59; 5; 834
INTERNAL; 62; 62; 0; 224; INTERNAL; 61; 61; 0; 2941
INTERNAL; 63; 63; 0; 4538; INTERNAL; 61; 62; 1; 223
INTERNAL; 63; 63; 0; 4538; INTERNAL; 57; 62; 5; 222
INTERNAL; 57; 62; 5; 222; INTERNAL; 55; 61; 6; 205
INTERNAL; 63; 63; 0; 4538; INTERNAL; 61; 62; 1; 5890
INTERNAL; 63; 63; 0; 4538; INTERNAL; 61; 62; 1; 225
INTERNAL; 65; 65; 0; 4774; INTERNAL; 64; 64; 0; 4375
INTERNAL; 65; 65; 0; 4774; INTERNAL; 63; 64; 1; 227
INTERNAL; 63; 64; 1; 227; INTERNAL; 62; 62; 0; 4844
INTERNAL; 62; 62; 0; 4844; INTERNAL; 56; 60; 4; 283
INTERNAL; 56; 60; 4; 283; INTERNAL; 55; 59; 4; 393
INTERNAL; 55; 59; 4; 393; INTERNAL; 54; 58; 4; 269
INTERNAL; 62; 62; 0; 4844; INTERNAL; 61; 61; 0; 5594
INTERNAL; 61; 61; 0; 5594; INTERNAL; 60; 60; 0; 6951
INTERNAL; 61; 61; 0; 5594; INTERNAL; 60; 60; 0; 305
INTERNAL; 60; 60; 0; 305; INTERNAL; 52; 59; 7; 1115
INTERNAL; 52; 59; 7; 1115; INTERNAL; 51; 58; 7; 7879
INTERNAL; 60; 60; 0; 305; INTERNAL; 59; 59; 0; 6704
INTERNAL; 60; 60; 0; 305; INTERNAL; 59; 59; 0; 348
INTERNAL; 61; 61; 0; 5594; INTERNAL; 54; 60; 6; 2341
INTERNAL; 54; 60; 6; 2341; INTERNAL; 52; 59; 7; 6907
INTERNAL; 61; 61; 0; 5594; INTERNAL; 55; 60; 5; 304
INTERNAL; 55; 60; 5; 304; INTERNAL; 54; 59; 5; 292
INTERNAL; 61; 61; 0; 5594; INTERNAL; 60; 60; 0; 5296
INTERNAL; 62; 62; 0; 4844; INTERNAL; 61; 61; 0; 4193
INTERNAL; 63; 64; 1; 227; INTERNAL; 62; 62; 0; 3225
INTERNAL; 63; 64; 1; 227; INTERNAL; 57; 62; 5; 262
INTERNAL; 57; 62; 5; 262; INTERNAL; 56; 61; 5; 250
INTERNAL; 63; 64; 1; 227; INTERNAL; 62; 62; 0; 690
INTERNAL; 65; 65; 0; 4774; INTERNAL; 64; 64; 0; 201
INTERNAL; 64; 64; 0; 201; INTERNAL; 57; 63; 6; 4447
INTERNAL; 57; 63; 6; 4447; INTERNAL; 56; 62; 6; 185
INTERNAL; 64; 64; 0; 201; INTERNAL; 62; 63; 1; 2515
INTERNAL; 64; 64; 0; 201; INTERNAL; 63; 63; 0; 3591
INTERNAL; 65; 65; 0; 4774; INTERNAL; 63; 64; 1; 200
INTERNAL; 65; 65; 0; 4774; INTERNAL; 64; 64; 0; 202
INTERNAL; 64; 64; 0; 202; INTERNAL; 63; 63; 0; 289
INTERNAL; 63; 63; 0; 289; INTERNAL; 57; 61; 4; 2893
INTERNAL; 57; 61; 4; 2893; INTERNAL; 56; 60; 4; 306
INTERNAL; 63; 63; 0; 289; INTERNAL; 62; 62; 0; 287
INTERNAL; 62; 62; 0; 287; INTERNAL; 61; 61; 0; 2079
INTERNAL; 61; 61; 0; 2079; INTERNAL; 60; 60; 0; 6958
INTERNAL; 60; 60; 0; 6958; INTERNAL; 59; 59; 0; 347
INTERNAL; 60; 60; 0; 6958; INTERNAL; 53; 59; 6; 396
INTERNAL; 53; 59; 6; 396; INTERNAL; 52; 58; 6; 1283
INTERNAL; 61; 61; 0; 2079; INTERNAL; 55; 60; 5; 3653
INTERNAL; 55; 60; 5; 3653; INTERNAL; 53; 59; 6; 311
INTERNAL; 61; 61; 0; 2079; INTERNAL; 60; 60; 0; 329
INTERNAL; 62; 62; 0; 287; INTERNAL; 57; 61; 4; 267
INTERNAL; 57; 61; 4; 267; INTERNAL; 55; 60; 5; 266
INTERNAL; 62; 62; 0; 287; INTERNAL; 61; 61; 0; 6928
INTERNAL; 62; 62; 0; 287; INTERNAL; 56; 61; 5; 437
INTERNAL; 56; 61; 5; 437; INTERNAL; 55; 60; 5; 291
INTERNAL; 63; 63; 0; 289; INTERNAL; 62; 62; 0; 288
INTERNAL; 62; 62; 0; 288; INTERNAL; 61; 61; 0; 5100
INTERNAL; 63; 63; 0; 289; INTERNAL; 62; 62; 0; 7949
INTERNAL; 62; 62; 0; 7949; INTERNAL; 61; 61; 0; 330
INTERNAL; 61; 61; 0; 330; INTERNAL; 54; 59; 5; 1720
INTERNAL; 54; 59; 5; 1720; INTERNAL; 53; 58; 5; 338
INTERNAL; 61; 61; 0; 330; INTERNAL; 60; 60; 0; 350
INTERNAL; 62; 62; 0; 7949; INTERNAL; 61; 61; 0; 6190
INTERNAL; 62; 62; 0; 7949; INTERNAL; 56; 61; 5; 1690
INTERNAL; 56; 61; 5; 1690; INTERNAL; 54; 60; 6; 310
INTERNAL; 63; 63; 0; 289; INTERNAL; 62; 62; 0; 7037
INTERNAL; 64; 64; 0; 202; INTERNAL; 63; 63; 0; 264
INTERNAL; 63; 63; 0; 264; INTERNAL; 62; 62; 0; 263
INTERNAL; 64; 64; 0; 202; INTERNAL; 63; 63; 0; 5550
INTERNAL; 64; 64; 0; 202; INTERNAL; 63; 63; 0; 265
INTERNAL; 64; 64; 0; 202; INTERNAL; 63; 63; 0; 2302
INTERNAL; 64; 64; 0; 202; INTERNAL; 63; 63; 0; 290
INTERNAL; 63; 63; 0; 290; INTERNAL; 62; 62; 0; 1801
INTERNAL; 62; 62; 0; 1801; INTERNAL; 61; 61; 0; 1959
INTERNAL; 61; 61; 0; 1959; INTERNAL; 60; 60; 0; 335
INTERNAL; 62; 62; 0; 1801; INTERNAL; 61; 61; 0; 353
INTERNAL; 61; 61; 0; 353; INTERNAL; 60; 60; 0; 349
INTERNAL; 61; 61; 0; 353; INTERNAL; 60; 60; 0; 5200
INTERNAL; 61; 61; 0; 353; INTERNAL; 56; 60; 4; 7933
INTERNAL; 56; 60; 4; 7933; INTERNAL; 55; 59; 4; 337
INTERNAL; 55; 59; 4; 337; INTERNAL; 54; 58; 4; 1582
INTERNAL; 62; 62; 0; 1801; INTERNAL; 61; 61; 0; 351
INTERNAL; 61; 61; 0; 351; INTERNAL; 57; 60; 3; 5390
INTERNAL; 57; 60; 3; 5390; INTERNAL; 55; 59; 4; 336
INTERNAL; 63; 63; 0; 290; INTERNAL; 62; 62; 0; 331
INTERNAL; 62; 62; 0; 331; INTERNAL; 61; 61; 0; 3410
INTERNAL; 62; 62; 0; 331; INTERNAL; 57; 61; 4; 3509
INTERNAL; 57; 61; 4; 3509; INTERNAL; 56; 60; 4; 4936
INTERNAL; 63; 63; 0; 290; INTERNAL; 62; 62; 0; 332
INTERNAL; 63; 63; 0; 290; INTERNAL; 62; 62; 0; 307
INTERNAL; 63; 63; 0; 290; INTERNAL; 62; 62; 0; 308
INTERNAL; 67; 72; 5; 2639; INTERNAL; 64; 65; 1; 6217
INTERNAL; 64; 65; 1; 6217; INTERNAL; 63; 64; 1; 1830
INTERNAL; 63; 64; 1; 1830; INTERNAL; 57; 63; 6; 4878
INTERNAL; 57; 63; 6; 4878; INTERNAL; 55; 62; 7; 155
INTERNAL; 63; 64; 1; 1830; INTERNAL; 62; 63; 1; 170
INTERNAL; 62; 63; 1; 170; INTERNAL; 61; 62; 1; 7639
INTERNAL; 61; 62; 1; 7639; INTERNAL; 53; 61; 8; 2930
INTERNAL; 53; 61; 8; 2930; INTERNAL; 52; 60; 8; 159
INTERNAL; 61; 62; 1; 7639; INTERNAL; 60; 61; 1; 715
INTERNAL; 60; 61; 1; 715; INTERNAL; 58; 60; 2; 167
INTERNAL; 58; 60; 2; 167; INTERNAL; 57; 59; 2; 166
INTERNAL; 57; 59; 2; 166; INTERNAL; 51; 58; 7; 3047
INTERNAL; 51; 58; 7; 3047; INTERNAL; 50; 57; 7; 6869
INTERNAL; 57; 59; 2; 166; INTERNAL; 50; 58; 8; 164
INTERNAL; 57; 59; 2; 166; INTERNAL; 56; 58; 2; 846
INTERNAL; 57; 59; 2; 166; INTERNAL; 10; 58; 48; 163
INTERNAL; 10; 58; 48; 163; INTERNAL; 8; 57; 49; 162
INTERNAL; 8; 57; 49; 162; INTERNAL; 6; 56; 50; 161
INTERNAL; 6; 56; 50; 161; INTERNAL; 5; 55; 50; 160
INTERNAL; 58; 60; 2; 167; INTERNAL; 52; 59; 7; 165
INTERNAL; 52; 59; 7; 165; INTERNAL; 51; 58; 7; 5489
INTERNAL; 60; 61; 1; 715; INTERNAL; 59; 60; 1; 168
INTERNAL; 62; 63; 1; 170; INTERNAL; 61; 62; 1; 169
INTERNAL; 61; 62; 1; 169; INTERNAL; 54; 61; 7; 1723
INTERNAL; 54; 61; 7; 1723; INTERNAL; 53; 60; 7; 158
INTERNAL; 62; 63; 1; 170; INTERNAL; 56; 62; 6; 7685
INTERNAL; 56; 62; 6; 7685; INTERNAL; 55; 61; 6; 157
INTERNAL; 55; 61; 6; 157; INTERNAL; 54; 60; 6; 156
INTERNAL; 67; 72; 5; 2639; INTERNAL; 65; 66; 1; 203
INTERNAL; 67; 72; 5; 2639; INTERNAL; 66; 66; 0; 204
INTERNAL; 66; 66; 0; 204; INTERNAL; 64; 65; 1; 2479
INTERNAL; 66; 66; 0; 204; INTERNAL; 65; 65; 0; 249
INTERNAL; 65; 65; 0; 249; INTERNAL; 63; 64; 1; 3929
INTERNAL; 65; 65; 0; 249; INTERNAL; 64; 64; 0; 663
INTERNAL; 64; 64; 0; 663; INTERNAL; 62; 63; 1; 971
INTERNAL; 64; 64; 0; 663; INTERNAL; 63; 63; 0; 355
INTERNAL; 64; 64; 0; 663; INTERNAL; 62; 63; 1; 4404
INTERNAL; 64; 64; 0; 663; INTERNAL; 62; 63; 1; 333
INTERNAL; 67; 72; 5; 2639; INTERNAL; 64; 65; 1; 4077
UNKNOWN; -1; -1; -1; -1; OUTPUT; 66; 73; 7; 7157
OUTPUT; 66; 73; 7; 7157; INTERNAL; 65; 72; 7; 309
UNKNOWN; -1; -1; -1; -1; OUTPUT; 59; 73; 14; 1828
OUTPUT; 59; 73; 14; 1828; INTERNAL; 58; 72; 14; 2595
UNKNOWN; -1; -1; -1; -1; OUTPUT; 65; 73; 8; 9
OUTPUT; 65; 73; 8; 9; INTERNAL; 64; 72; 8; 334
UNKNOWN; -1; -1; -1; -1; OUTPUT; 69; 73; 4; 5
OUTPUT; 69; 73; 4; 5; INTERNAL; 68; 72; 4; 153
INTERNAL; 68; 72; 4; 153; INTERNAL; 67; 67; 0; 154
INTERNAL; 68; 72; 4; 153; INTERNAL; 64; 65; 1; 151
INTERNAL; 64; 65; 1; 151; INTERNAL; 63; 64; 1; 3590
INTERNAL; 64; 65; 1; 151; INTERNAL; 63; 64; 1; 149
INTERNAL; 63; 64; 1; 149; INTERNAL; 56; 63; 7; 921
INTERNAL; 56; 63; 7; 921; INTERNAL; 54; 62; 8; 133
INTERNAL; 63; 64; 1; 149; INTERNAL; 62; 63; 1; 5274
INTERNAL; 63; 64; 1; 149; INTERNAL; 62; 63; 1; 147
INTERNAL; 62; 63; 1; 147; INTERNAL; 61; 62; 1; 146
INTERNAL; 62; 63; 1; 147; INTERNAL; 55; 62; 7; 145
INTERNAL; 55; 62; 7; 145; INTERNAL; 53; 61; 8; 135
INTERNAL; 62; 63; 1; 147; INTERNAL; 61; 62; 1; 7433
INTERNAL; 61; 62; 1; 7433; INTERNAL; 60; 61; 1; 144
INTERNAL; 61; 62; 1; 7433; INTERNAL; 54; 61; 7; 141
INTERNAL; 54; 61; 7; 141; INTERNAL; 52; 60; 8; 6281
INTERNAL; 61; 62; 1; 7433; INTERNAL; 58; 61; 3; 142
INTERNAL; 58; 61; 3; 142; INTERNAL; 57; 60; 3; 140
INTERNAL; 58; 61; 3; 142; INTERNAL; 52; 60; 8; 3203
INTERNAL; 52; 60; 8; 3203; INTERNAL; 51; 59; 8; 136
INTERNAL; 58; 61; 3; 142; INTERNAL; 57; 60; 3; 1951
INTERNAL; 57; 60; 3; 1951; INTERNAL; 7; 59; 52; 936
INTERNAL; 7; 59; 52; 936; INTERNAL; 6; 58; 52; 2887
INTERNAL; 6; 58; 52; 2887; INTERNAL; 5; 57; 52; 7626
INTERNAL; 7; 59; 52; 936; INTERNAL; 6; 58; 52; 941
INTERNAL; 6; 58; 52; 941; INTERNAL; 5; 57; 52; 137
INTERNAL; 57; 60; 3; 1951; INTERNAL; 10; 59; 49; 1674
INTERNAL; 57; 60; 3; 1951; INTERNAL; 51; 59; 8; 139
INTERNAL; 51; 59; 8; 139; INTERNAL; 50; 58; 8; 138
INTERNAL; 61; 62; 1; 7433; INTERNAL; 58; 61; 3; 143
INTERNAL; 63; 64; 1; 149; INTERNAL; 57; 63; 6; 500
INTERNAL; 57; 63; 6; 500; INTERNAL; 56; 62; 6; 134
INTERNAL; 63; 64; 1; 149; INTERNAL; 62; 63; 1; 148
INTERNAL; 68; 72; 4; 153; INTERNAL; 66; 67; 1; 152
INTERNAL; 66; 67; 1; 152; INTERNAL; 64; 65; 1; 150
UNKNOWN; -1; -1; -1; -1; OUTPUT; 63; 73; 10; 10
OUTPUT; 63; 73; 10; 10; INTERNAL; 62; 72; 10; 1399
UNKNOWN; -1; -1; -1; -1; OUTPUT; 63; 73; 10; 11
OUTPUT; 63; 73; 10; 11; INTERNAL; 62; 72; 10; 426
UNKNOWN; -1; -1; -1; -1; OUTPUT; 68; 73; 5; 508
OUTPUT; 68; 73; 5; 508; INTERNAL; 67; 72; 5; 7968
UNKNOWN; -1; -1; -1; -1; OUTPUT; 67; 73; 6; 5486
OUTPUT; 67; 73; 6; 5486; INTERNAL; 66; 72; 6; 858
UNKNOWN; -1; -1; -1; -1; OUTPUT; 62; 73; 11; 6886
OUTPUT; 62; 73; 11; 6886; INTERNAL; 61; 72; 11; 7041
UNKNOWN; -1; -1; -1; -1; OUTPUT; 58; 73; 15; 5759
OUTPUT; 58; 73; 15; 5759; INTERNAL; 57; 72; 15; 2346
UNKNOWN; -1; -1; -1; -1; OUTPUT; 70; 73; 3; 1803
OUTPUT; 70; 73; 3; 1803; INTERNAL; 69; 72; 3; 4167
INTERNAL; 69; 72; 3; 4167; INTERNAL; 63; 67; 4; 6707
INTERNAL; 63; 67; 4; 6707; INTERNAL; 62; 65; 3; 5509
INTERNAL; 62; 65; 3; 5509; INTERNAL; 61; 64; 3; 7441
INTERNAL; 61; 64; 3; 7441; INTERNAL; 59; 63; 4; 129
INTERNAL; 59; 63; 4; 129; INTERNAL; 54; 62; 8; 3655
INTERNAL; 54; 62; 8; 3655; INTERNAL; 53; 61; 8; 4326
INTERNAL; 59; 63; 4; 129; INTERNAL; 58; 62; 4; 128
INTERNAL; 59; 63; 4; 129; INTERNAL; 58; 62; 4; 5175
INTERNAL; 58; 62; 4; 5175; INTERNAL; 53; 61; 8; 126
INTERNAL; 53; 61; 8; 126; INTERNAL; 51; 60; 9; 123
INTERNAL; 58; 62; 4; 5175; INTERNAL; 57; 61; 4; 127
INTERNAL; 58; 62; 4; 5175; INTERNAL; 52; 61; 9; 7703
INTERNAL; 52; 61; 9; 7703; INTERNAL; 51; 60; 9; 122
INTERNAL; 58; 62; 4; 5175; INTERNAL; 10; 61; 51; 125
INTERNAL; 10; 61; 51; 125; INTERNAL; 9; 60; 51; 121
INTERNAL; 9; 60; 51; 121; INTERNAL; 5; 59; 54; 1796
INTERNAL; 5; 59; 54; 1796; INTERNAL; 4; 58; 54; 119
INTERNAL; 5; 59; 54; 1796; INTERNAL; 4; 58; 54; 120
INTERNAL; 9; 60; 51; 121; INTERNAL; 6; 59; 53; 3944
INTERNAL; 62; 65; 3; 5509; INTERNAL; 56; 64; 8; 130
INTERNAL; 56; 64; 8; 130; INTERNAL; 55; 63; 8; 4336
INTERNAL; 62; 65; 3; 5509; INTERNAL; 55; 63; 8; 2989
INTERNAL; 55; 63; 8; 2989; INTERNAL; 54; 62; 8; 5093
INTERNAL; 63; 67; 4; 6707; INTERNAL; 62; 66; 4; 102
INTERNAL; 62; 66; 4; 102; INTERNAL; 56; 64; 8; 4019
INTERNAL; 56; 64; 8; 4019; INTERNAL; 55; 63; 8; 4425
INTERNAL; 55; 63; 8; 4425; INTERNAL; 54; 62; 8; 105
INTERNAL; 62; 66; 4; 102; INTERNAL; 61; 64; 3; 4044
INTERNAL; 62; 66; 4; 102; INTERNAL; 60; 64; 4; 3018
INTERNAL; 60; 64; 4; 3018; INTERNAL; 53; 63; 10; 5018
INTERNAL; 53; 63; 10; 5018; INTERNAL; 52; 62; 10; 3753
INTERNAL; 60; 64; 4; 3018; INTERNAL; 54; 63; 9; 112
INTERNAL; 54; 63; 9; 112; INTERNAL; 53; 62; 9; 106
INTERNAL; 60; 64; 4; 3018; INTERNAL; 59; 63; 4; 113
INTERNAL; 59; 63; 4; 113; INTERNAL; 58; 62; 4; 110
INTERNAL; 58; 62; 4; 110; INTERNAL; 56; 61; 5; 4231
INTERNAL; 56; 61; 5; 4231; INTERNAL; 8; 60; 52; 7187
INTERNAL; 8; 60; 52; 7187; INTERNAL; 6; 59; 53; 7440
INTERNAL; 6; 59; 53; 7440; INTERNAL; 5; 58; 53; 107
INTERNAL; 8; 60; 52; 7187; INTERNAL; 6; 59; 53; 108
INTERNAL; 58; 62; 4; 110; INTERNAL; 52; 61; 9; 109
INTERNAL; 52; 61; 9; 109; INTERNAL; 51; 60; 9; 4552
INTERNAL; 59; 63; 4; 113; INTERNAL; 58; 62; 4; 111
INTERNAL; 62; 66; 4; 102; INTERNAL; 61; 65; 4; 101
INTERNAL; 61; 65; 4; 101; INTERNAL; 60; 64; 4; 6127
INTERNAL; 60; 64; 4; 6127; INTERNAL; 54; 62; 8; 1910
INTERNAL; 54; 62; 8; 1910; INTERNAL; 52; 61; 9; 91
INTERNAL; 60; 64; 4; 6127; INTERNAL; 55; 63; 8; 714
INTERNAL; 55; 63; 8; 714; INTERNAL; 53; 62; 9; 92
INTERNAL; 60; 64; 4; 6127; INTERNAL; 59; 63; 4; 97
INTERNAL; 59; 63; 4; 97; INTERNAL; 58; 62; 4; 96
INTERNAL; 59; 63; 4; 97; INTERNAL; 57; 62; 5; 95
INTERNAL; 57; 62; 5; 95; INTERNAL; 52; 61; 9; 6002
INTERNAL; 52; 61; 9; 6002; INTERNAL; 51; 60; 9; 94
INTERNAL; 57; 62; 5; 95; INTERNAL; 8; 61; 53; 2210
INTERNAL; 8; 61; 53; 2210; INTERNAL; 7; 60; 53; 1527
INTERNAL; 7; 60; 53; 1527; INTERNAL; 6; 59; 53; 93
INTERNAL; 6; 59; 53; 93; INTERNAL; 5; 58; 53; 3969
INTERNAL; 5; 58; 53; 3969; INTERNAL; 4; 57; 53; 6751
INTERNAL; 57; 62; 5; 95; INTERNAL; 56; 61; 5; 7408
INTERNAL; 61; 65; 4; 101; INTERNAL; 60; 64; 4; 99
INTERNAL; 61; 65; 4; 101; INTERNAL; 56; 64; 8; 98
INTERNAL; 56; 64; 8; 98; INTERNAL; 54; 63; 9; 3713
INTERNAL; 62; 66; 4; 102; INTERNAL; 57; 65; 8; 100
INTERNAL; 57; 65; 8; 100; INTERNAL; 56; 64; 8; 2768
INTERNAL; 63; 67; 4; 6707; INTERNAL; 57; 65; 8; 1177
INTERNAL; 57; 65; 8; 1177; INTERNAL; 55; 64; 9; 3980
INTERNAL; 63; 67; 4; 6707; INTERNAL; 62; 65; 3; 6883
INTERNAL; 69; 72; 3; 4167; INTERNAL; 67; 68; 1; 4542
INTERNAL; 67; 68; 1; 4542; INTERNAL; 63; 66; 3; 131
INTERNAL; 67; 68; 1; 4542; INTERNAL; 66; 66; 0; 117
INTERNAL; 67; 68; 1; 4542; INTERNAL; 63; 66; 3; 7897
INTERNAL; 63; 66; 3; 7897; INTERNAL; 62; 65; 3; 7254
INTERNAL; 63; 66; 3; 7897; INTERNAL; 57; 65; 8; 3606
INTERNAL; 57; 65; 8; 3606; INTERNAL; 56; 64; 8; 3028
INTERNAL; 67; 68; 1; 4542; INTERNAL; 63; 66; 3; 116
INTERNAL; 67; 68; 1; 4542; INTERNAL; 64; 66; 2; 4801
INTERNAL; 67; 68; 1; 4542; INTERNAL; 63; 66; 3; 115
INTERNAL; 69; 72; 3; 4167; INTERNAL; 68; 68; 0; 118
INTERNAL; 68; 68; 0; 118; INTERNAL; 64; 67; 3; 206
INTERNAL; 69; 72; 3; 4167; INTERNAL; 63; 67; 4; 5649
INTERNAL; 63; 67; 4; 5649; INTERNAL; 62; 66; 4; 6638
INTERNAL; 63; 67; 4; 5649; INTERNAL; 62; 66; 4; 90
INTERNAL; 62; 66; 4; 90; INTERNAL; 61; 65; 4; 89
INTERNAL; 61; 65; 4; 89; INTERNAL; 57; 64; 7; 87
INTERNAL; 57; 64; 7; 87; INTERNAL; 56; 63; 7; 86
INTERNAL; 62; 66; 4; 90; INTERNAL; 61; 65; 4; 4740
INTERNAL; 62; 66; 4; 90; INTERNAL; 61; 65; 4; 88
INTERNAL; 61; 65; 4; 88; INTERNAL; 60; 64; 4; 2338
INTERNAL; 61; 65; 4; 88; INTERNAL; 60; 64; 4; 85
INTERNAL; 60; 64; 4; 85; INTERNAL; 54; 63; 9; 4180
INTERNAL; 54; 63; 9; 4180; INTERNAL; 53; 62; 9; 2918
INTERNAL; 60; 64; 4; 85; INTERNAL; 59; 63; 4; 3894
INTERNAL; 59; 63; 4; 3894; INTERNAL; 57; 62; 5; 5957
INTERNAL; 59; 63; 4; 3894; INTERNAL; 53; 62; 9; 6136
INTERNAL; 53; 62; 9; 6136; INTERNAL; 8; 61; 53; 6618
INTERNAL; 8; 61; 53; 6618; INTERNAL; 6; 60; 54; 82
INTERNAL; 6; 60; 54; 82; INTERNAL; 5; 59; 54; 6475
INTERNAL; 53; 62; 9; 6136; INTERNAL; 52; 61; 9; 532
INTERNAL; 53; 62; 9; 6136; INTERNAL; 51; 61; 10; 83
INTERNAL; 60; 64; 4; 85; INTERNAL; 55; 63; 8; 3987
INTERNAL; 55; 63; 8; 3987; INTERNAL; 54; 62; 8; 6674
INTERNAL; 61; 65; 4; 88; INTERNAL; 56; 64; 8; 84
INTERNAL; 56; 64; 8; 84; INTERNAL; 55; 63; 8; 4896
INTERNAL; 69; 72; 3; 4167; INTERNAL; 67; 67; 0; 103
INTERNAL; 69; 72; 3; 4167; INTERNAL; 63; 67; 4; 2841
UNKNOWN; -1; -1; -1; -1; OUTPUT; 60; 73; 13; 12
OUTPUT; 60; 73; 13; 12; INTERNAL; 59; 72; 13; 6865
UNKNOWN; -1; -1; -1; -1; OUTPUT; 60; 73; 13; 13
OUTPUT; 60; 73; 13; 13; INTERNAL; 59; 72; 13; 1928
UNKNOWN; -1; -1; -1; -1; OUTPUT; 73; 73; 0; 0
OUTPUT; 73; 73; 0; 0; INTERNAL; 72; 72; 0; 6277
INTERNAL; 72; 72; 0; 6277; INTERNAL; 60; 71; 11; 18
INTERNAL; 60; 71; 11; 18; INTERNAL; 57; 70; 13; 433
INTERNAL; 57; 70; 13; 433; INTERNAL; 56; 69; 13; 15
INTERNAL; 56; 69; 13; 15; INTERNAL; 54; 68; 14; 6365
INTERNAL; 57; 70; 13; 433; INTERNAL; 56; 69; 13; 3491
INTERNAL; 60; 71; 11; 18; INTERNAL; 57; 67; 10; 24
INTERNAL; 57; 67; 10; 24; INTERNAL; 56; 64; 8; 3405
INTERNAL; 57; 67; 10; 24; INTERNAL; 11; 65; 54; 36
INTERNAL; 11; 65; 54; 36; INTERNAL; 8; 63; 55; 51
INTERNAL; 8; 63; 55; 51; INTERNAL; 4; 62; 58; 49
INTERNAL; 8; 63; 55; 51; INTERNAL; 6; 62; 56; 50
INTERNAL; 6; 62; 56; 50; INTERNAL; 5; 61; 56; 48
INTERNAL; 11; 65; 54; 36; INTERNAL; 10; 63; 53; 1759
INTERNAL; 10; 63; 53; 1759; INTERNAL; 6; 62; 56; 6393
INTERNAL; 6; 62; 56; 6393; INTERNAL; 5; 61; 56; 1625
INTERNAL; 6; 62; 56; 6393; INTERNAL; 5; 61; 56; 5150
INTERNAL; 57; 67; 10; 24; INTERNAL; 55; 65; 10; 35
INTERNAL; 55; 65; 10; 35; INTERNAL; 54; 64; 10; 33
INTERNAL; 57; 67; 10; 24; INTERNAL; 11; 64; 53; 5679
INTERNAL; 57; 67; 10; 24; INTERNAL; 8; 65; 57; 34
INTERNAL; 8; 65; 57; 34; INTERNAL; 6; 64; 58; 1654
INTERNAL; 8; 65; 57; 34; INTERNAL; 6; 64; 58; 4110
INTERNAL; 6; 64; 58; 4110; INTERNAL; 5; 63; 58; 4817
INTERNAL; 60; 71; 11; 18; INTERNAL; 59; 70; 11; 16
INTERNAL; 59; 70; 11; 16; INTERNAL; 58; 66; 8; 2749
INTERNAL; 58; 66; 8; 2749; INTERNAL; 57; 65; 8; 53
INTERNAL; 57; 65; 8; 53; INTERNAL; 54; 64; 10; 1619
INTERNAL; 54; 64; 10; 1619; INTERNAL; 53; 63; 10; 3927
INTERNAL; 57; 65; 8; 53; INTERNAL; 8; 61; 53; 70
INTERNAL; 8; 61; 53; 70; INTERNAL; 6; 60; 54; 4586
INTERNAL; 6; 60; 54; 4586; INTERNAL; 5; 59; 54; 69
INTERNAL; 6; 60; 54; 4586; INTERNAL; 5; 59; 54; 4281
INTERNAL; 5; 59; 54; 4281; INTERNAL; 4; 58; 54; 68
INTERNAL; 8; 61; 53; 70; INTERNAL; 5; 60; 55; 6429
INTERNAL; 57; 65; 8; 53; INTERNAL; 56; 62; 6; 596
INTERNAL; 57; 65; 8; 53; INTERNAL; 8; 64; 56; 6620
INTERNAL; 8; 64; 56; 6620; INTERNAL; 6; 63; 57; 60
INTERNAL; 6; 63; 57; 60; INTERNAL; 4; 62; 58; 1705
INTERNAL; 6; 63; 57; 60; INTERNAL; 5; 62; 57; 2128
INTERNAL; 58; 66; 8; 2749; INTERNAL; 54; 65; 11; 42
INTERNAL; 54; 65; 11; 42; INTERNAL; 53; 64; 11; 7723
INTERNAL; 58; 66; 8; 2749; INTERNAL; 57; 65; 8; 43
INTERNAL; 59; 70; 11; 16; INTERNAL; 56; 67; 11; 1516
INTERNAL; 56; 67; 11; 1516; INTERNAL; 54; 66; 12; 32
INTERNAL; 59; 70; 11; 16; INTERNAL; 57; 66; 9; 6143
INTERNAL; 60; 71; 11; 18; INTERNAL; 6; 66; 60; 21
INTERNAL; 6; 66; 60; 21; INTERNAL; 4; 65; 61; 1309
INTERNAL; 60; 71; 11; 18; INTERNAL; 55; 67; 12; 23
INTERNAL; 55; 67; 12; 23; INTERNAL; 54; 66; 12; 4981
INTERNAL; 72; 72; 0; 6277; INTERNAL; 70; 71; 1; 30
INTERNAL; 70; 71; 1; 30; INTERNAL; 60; 69; 9; 38
INTERNAL; 60; 69; 9; 38; INTERNAL; 55; 66; 11; 1452
INTERNAL; 55; 66; 11; 1452; INTERNAL; 54; 65; 11; 47
INTERNAL; 60; 69; 9; 38; INTERNAL; 57; 67; 10; 44
INTERNAL; 57; 67; 10; 44; INTERNAL; 55; 66; 11; 40
INTERNAL; 60; 69; 9; 38; INTERNAL; 58; 66; 8; 54
INTERNAL; 58; 66; 8; 54; INTERNAL; 57; 65; 8; 61
INTERNAL; 57; 65; 8; 61; INTERNAL; 53; 62; 9; 74
INTERNAL; 57; 65; 8; 61; INTERNAL; 53; 62; 9; 73
INTERNAL; 53; 62; 9; 73; INTERNAL; 52; 61; 9; 72
INTERNAL; 57; 65; 8; 61; INTERNAL; 9; 62; 53; 3291
INTERNAL; 58; 66; 8; 54; INTERNAL; 57; 65; 8; 2488
INTERNAL; 58; 66; 8; 54; INTERNAL; 54; 65; 11; 52
INTERNAL; 54; 65; 11; 52; INTERNAL; 53; 64; 11; 6167
INTERNAL; 58; 66; 8; 54; INTERNAL; 55; 65; 10; 7365
INTERNAL; 55; 65; 10; 7365; INTERNAL; 53; 64; 11; 6797
INTERNAL; 58; 66; 8; 54; INTERNAL; 9; 65; 56; 1305
INTERNAL; 60; 69; 9; 38; INTERNAL; 59; 67; 8; 749
INTERNAL; 59; 67; 8; 749; INTERNAL; 58; 66; 8; 7956
INTERNAL; 59; 67; 8; 749; INTERNAL; 58; 66; 8; 2790
INTERNAL; 59; 67; 8; 749; INTERNAL; 56; 66; 10; 4680
INTERNAL; 56; 66; 10; 4680; INTERNAL; 55; 65; 10; 41
INTERNAL; 55; 65; 10; 41; INTERNAL; 54; 64; 10; 3801
INTERNAL; 60; 69; 9; 38; INTERNAL; 56; 66; 10; 124
INTERNAL; 56; 66; 10; 124; INTERNAL; 55; 65; 10; 4218
INTERNAL; 70; 71; 1; 30; INTERNAL; 60; 69; 9; 1119
INTERNAL; 60; 69; 9; 1119; INTERNAL; 57; 67; 10; 6304
INTERNAL; 57; 67; 10; 6304; INTERNAL; 56; 66; 10; 7394
INTERNAL; 60; 69; 9; 1119; INTERNAL; 59; 67; 8; 37
INTERNAL; 70; 71; 1; 30; INTERNAL; 61; 69; 8; 46
INTERNAL; 61; 69; 8; 46; INTERNAL; 59; 67; 8; 4825
INTERNAL; 61; 69; 8; 46; INTERNAL; 57; 67; 10; 1355
INTERNAL; 57; 67; 10; 1355; INTERNAL; 56; 66; 10; 184
INTERNAL; 61; 69; 8; 46; INTERNAL; 60; 67; 7; 3817
INTERNAL; 60; 67; 7; 3817; INTERNAL; 58; 66; 8; 2104
INTERNAL; 60; 67; 7; 3817; INTERNAL; 57; 63; 6; 114
INTERNAL; 60; 67; 7; 3817; INTERNAL; 56; 66; 10; 607
INTERNAL; 56; 66; 10; 607; INTERNAL; 54; 65; 11; 59
INTERNAL; 60; 67; 7; 3817; INTERNAL; 54; 64; 10; 75
INTERNAL; 54; 64; 10; 75; INTERNAL; 53; 63; 10; 3421
INTERNAL; 60; 67; 7; 3817; INTERNAL; 59; 63; 4; 301
INTERNAL; 61; 69; 8; 46; INTERNAL; 60; 68; 8; 45
INTERNAL; 70; 71; 1; 30; INTERNAL; 61; 69; 8; 4779
INTERNAL; 70; 71; 1; 30; INTERNAL; 61; 69; 8; 29
INTERNAL; 61; 69; 8; 29; INTERNAL; 56; 68; 12; 25
INTERNAL; 56; 68; 12; 25; INTERNAL; 55; 67; 12; 6370
INTERNAL; 61; 69; 8; 29; INTERNAL; 60; 68; 8; 28
INTERNAL; 61; 69; 8; 29; INTERNAL; 57; 68; 11; 26
INTERNAL; 57; 68; 11; 26; INTERNAL; 56; 67; 11; 20
INTERNAL; 61; 69; 8; 29; INTERNAL; 59; 68; 9; 27
INTERNAL; 59; 68; 9; 27; INTERNAL; 9; 67; 58; 22
INTERNAL; 70; 71; 1; 30; INTERNAL; 69; 69; 0; 3778
INTERNAL; 69; 69; 0; 3778; INTERNAL; 68; 68; 0; 57
INTERNAL; 68; 68; 0; 57; INTERNAL; 63; 67; 4; 77
INTERNAL; 68; 68; 0; 57; INTERNAL; 63; 67; 4; 78
INTERNAL; 63; 67; 4; 78; INTERNAL; 62; 66; 4; 2499
INTERNAL; 62; 66; 4; 2499; INTERNAL; 57; 65; 8; 76
INTERNAL; 57; 65; 8; 76; INTERNAL; 55; 64; 9; 66
INTERNAL; 62; 66; 4; 2499; INTERNAL; 61; 65; 4; 3194
INTERNAL; 61; 65; 4; 3194; INTERNAL; 56; 64; 8; 3212
INTERNAL; 56; 64; 8; 3212; INTERNAL; 55; 63; 8; 67
INTERNAL; 55; 63; 8; 67; INTERNAL; 54; 62; 8; 5493
INTERNAL; 61; 65; 4; 3194; INTERNAL; 60; 64; 4; 5316
INTERNAL; 63; 67; 4; 78; INTERNAL; 62; 66; 4; 1053
INTERNAL; 69; 69; 0; 3778; INTERNAL; 62; 68; 6; 2386
INTERNAL; 69; 69; 0; 3778; INTERNAL; 63; 68; 5; 56
INTERNAL; 69; 69; 0; 3778; INTERNAL; 62; 68; 6; 5431
INTERNAL; 62; 68; 6; 5431; INTERNAL; 57; 67; 10; 62
INTERNAL; 57; 67; 10; 62; INTERNAL; 56; 66; 10; 58
INTERNAL; 62; 68; 6; 5431; INTERNAL; 61; 67; 6; 64
INTERNAL; 62; 68; 6; 5431; INTERNAL; 60; 67; 7; 63
INTERNAL; 69; 69; 0; 3778; INTERNAL; 61; 68; 7; 55
INTERNAL; 69; 69; 0; 3778; INTERNAL; 62; 68; 6; 2507
INTERNAL; 72; 72; 0; 6277; INTERNAL; 8; 71; 63; 17
INTERNAL; 72; 72; 0; 6277; INTERNAL; 71; 71; 0; 1502
INTERNAL; 71; 71; 0; 1502; INTERNAL; 61; 70; 9; 39
INTERNAL; 71; 71; 0; 1502; INTERNAL; 69; 70; 1; 2049
INTERNAL; 71; 71; 0; 1502; INTERNAL; 70; 70; 0; 2016
INTERNAL; 70; 70; 0; 2016; INTERNAL; 69; 69; 0; 81
INTERNAL; 70; 70; 0; 2016; INTERNAL; 68; 69; 1; 79
INTERNAL; 72; 72; 0; 6277; INTERNAL; 56; 71; 15; 2181
INTERNAL; 72; 72; 0; 6277; INTERNAL; 71; 71; 0; 19
INTERNAL; 71; 71; 0; 19; INTERNAL; 70; 70; 0; 5063
UNKNOWN; -1; -1; -1; -1; OUTPUT; 72; 73; 1; 258
OUTPUT; 72; 73; 1; 258; INTERNAL; 71; 72; 1; 1078
UNKNOWN; -1; -1; -1; -1; OUTPUT; 73; 73; 0; 4861
OUTPUT; 73; 73; 0; 4861; INTERNAL; 72; 72; 0; 31
UNKNOWN; -1; -1; -1; -1; OUTPUT; 65; 73; 8; 6342
OUTPUT; 65; 73; 8; 6342; INTERNAL; 64; 72; 8; 354
UNKNOWN; -1; -1; -1; -1; OUTPUT; 71; 73; 2; 7375
OUTPUT; 71; 73; 2; 7375; INTERNAL; 70; 72; 2; 80
UNKNOWN; -1; -1; -1; -1; OUTPUT; 67; 73; 6; 7
OUTPUT; 67; 73; 6; 7; INTERNAL; 66; 72; 6; 2976
UNKNOWN; -1; -1; -1; -1; OUTPUT; 58; 73; 15; 71
OUTPUT; 58; 73; 15; 71; INTERNAL; 57; 72; 15; 6409
UNKNOWN; -1; -1; -1; -1; OUTPUT; 69; 73; 4; 3438
OUTPUT; 69; 73; 4; 3438; INTERNAL; 68; 72; 4; 132
UNKNOWN; -1; -1; -1; -1; OUTPUT; 68; 73; 5; 7325
OUTPUT; 68; 73; 5; 7325; INTERNAL; 67; 72; 5; 5568
UNKNOWN; -1; -1; -1; -1; OUTPUT; 71; 73; 2; 2
OUTPUT; 71; 73; 2; 2; INTERNAL; 70; 72; 2; 65
UNKNOWN; -1; -1; -1; -1; OUTPUT; 72; 73; 1; 1
OUTPUT; 72; 73; 1; 1; INTERNAL; 71; 72; 1; 2971
UNKNOWN; -1; -1; -1; -1; OUTPUT; 72; 73; 1; 6931
OUTPUT; 72; 73; 1; 6931; INTERNAL; 71; 72; 1; 3178
UNKNOWN; -1; -1; -1; -1; OUTPUT; 70; 73; 3; 3
OUTPUT; 70; 73; 3; 3; INTERNAL; 69; 72; 3; 104
UNKNOWN; -1; -1; -1; -1; OUTPUT; 66; 73; 7; 6195
OUTPUT; 66; 73; 7; 6195; INTERNAL; 65; 72; 7; 6236
UNKNOWN; -1; -1; -1; -1; OUTPUT; 70; 73; 3; 4
OUTPUT; 70; 73; 3; 4; INTERNAL; 69; 72; 3; 1029
UNKNOWN; -1; -1; -1; -1; OUTPUT; 59; 73; 14; 14
OUTPUT; 59; 73; 14; 14; INTERNAL; 58; 72; 14; 572
UNKNOWN; -1; -1; -1; -1; OUTPUT; 66; 73; 7; 8
OUTPUT; 66; 73; 7; 8; INTERNAL; 65; 72; 7; 6898
