TYPE; ASAP; ALAP; SLACK; A; TYPE; ASAP; ALAP; SLACK; B
UNKNOWN; -1; -1; -1; -1; OUTPUT; 35; 52; 17; 19
OUTPUT; 35; 52; 17; 19; INTERNAL; 34; 51; 17; 596
INTERNAL; 34; 51; 17; 596; INTERNAL; 10; 33; 23; 595
INTERNAL; 10; 33; 23; 595; INTERNAL; 8; 32; 24; 3133
INTERNAL; 8; 32; 24; 3133; INTERNAL; 7; 30; 23; 604
INTERNAL; 7; 30; 23; 604; INTERNAL; 6; 28; 22; 658
INTERNAL; 6; 28; 22; 658; INTERNAL; 3; 27; 24; 689
INTERNAL; 3; 27; 24; 689; INTERNAL; 2; 26; 24; 688
INTERNAL; 2; 26; 24; 688; INPUT; 1; 14; 13; 3453
INTERNAL; 2; 26; 24; 688; INPUT; 1; 15; 14; 3424
INTERNAL; 2; 26; 24; 688; INPUT; 1; 8; 7; 2699
INTERNAL; 2; 26; 24; 688; INPUT; 1; 4; 3; 1802
INTERNAL; 2; 26; 24; 688; INPUT; 1; 3; 2; 2866
INTERNAL; 2; 26; 24; 688; INPUT; 1; 10; 9; 2677
INTERNAL; 3; 27; 24; 689; INTERNAL; 2; 26; 24; 794
INTERNAL; 2; 26; 24; 794; INPUT; 1; 14; 13; 2479
INTERNAL; 2; 26; 24; 794; INPUT; 1; 4; 3; 1168
INTERNAL; 2; 26; 24; 794; INPUT; 1; 5; 4; 2281
INTERNAL; 2; 26; 24; 794; INPUT; 1; 5; 4; 1919
INTERNAL; 2; 26; 24; 794; INPUT; 1; 15; 14; 3381
INTERNAL; 2; 26; 24; 794; INPUT; 1; 14; 13; 3282
INTERNAL; 3; 27; 24; 689; INTERNAL; 2; 26; 24; 825
INTERNAL; 2; 26; 24; 825; INPUT; 1; 17; 16; 2994
INTERNAL; 2; 26; 24; 825; INPUT; 1; 7; 6; 1524
INTERNAL; 2; 26; 24; 825; INPUT; 1; 2; 1; 1801
INTERNAL; 2; 26; 24; 825; INPUT; 1; 11; 10; 1663
INTERNAL; 2; 26; 24; 825; INPUT; 1; 10; 9; 1225
INTERNAL; 2; 26; 24; 825; INPUT; 1; 7; 6; 3929
INTERNAL; 6; 28; 22; 658; INTERNAL; 5; 27; 22; 1010
INTERNAL; 5; 27; 22; 1010; INTERNAL; 3; 26; 23; 2661
INTERNAL; 3; 26; 23; 2661; INTERNAL; 2; 25; 23; 727
INTERNAL; 2; 25; 23; 727; INPUT; 1; 9; 8; 1538
INTERNAL; 2; 25; 23; 727; INPUT; 1; 9; 8; 1330
INTERNAL; 2; 25; 23; 727; INPUT; 1; 10; 9; 3724
INTERNAL; 2; 25; 23; 727; INPUT; 1; 8; 7; 2629
INTERNAL; 3; 26; 23; 2661; INPUT; 1; 8; 7; 1442
INTERNAL; 3; 26; 23; 2661; INPUT; 1; 8; 7; 3118
INTERNAL; 3; 26; 23; 2661; INPUT; 1; 17; 16; 3757
INTERNAL; 3; 26; 23; 2661; INPUT; 1; 1; 0; 2900
INTERNAL; 3; 26; 23; 2661; INTERNAL; 2; 25; 23; 726
INTERNAL; 5; 27; 22; 1010; INTERNAL; 3; 26; 23; 3921
INTERNAL; 3; 26; 23; 3921; INTERNAL; 2; 25; 23; 760
INTERNAL; 2; 25; 23; 760; INPUT; 1; 2; 1; 1877
INTERNAL; 2; 25; 23; 760; INPUT; 1; 3; 2; 2536
INTERNAL; 2; 25; 23; 760; INPUT; 1; 15; 14; 3052
INTERNAL; 2; 25; 23; 760; INPUT; 1; 16; 15; 3612
INTERNAL; 2; 25; 23; 760; INPUT; 1; 3; 2; 1174
INTERNAL; 2; 25; 23; 760; INPUT; 1; 17; 16; 2696
INTERNAL; 3; 26; 23; 3921; INTERNAL; 2; 25; 23; 759
INTERNAL; 2; 25; 23; 759; INPUT; 1; 13; 12; 1920
INTERNAL; 2; 25; 23; 759; INPUT; 1; 13; 12; 1296
INTERNAL; 2; 25; 23; 759; INPUT; 1; 12; 11; 2715
INTERNAL; 2; 25; 23; 759; INPUT; 1; 5; 4; 2396
INTERNAL; 2; 25; 23; 759; INPUT; 1; 5; 4; 3472
INTERNAL; 3; 26; 23; 3921; INTERNAL; 2; 25; 23; 761
INTERNAL; 2; 25; 23; 761; INPUT; 1; 17; 16; 3696
INTERNAL; 2; 25; 23; 761; INPUT; 1; 1; 0; 4044
INTERNAL; 5; 27; 22; 1010; INTERNAL; 4; 26; 22; 3606
INTERNAL; 4; 26; 22; 3606; INTERNAL; 2; 25; 23; 728
INTERNAL; 2; 25; 23; 728; INPUT; 1; 6; 5; 3721
INTERNAL; 2; 25; 23; 728; INPUT; 1; 7; 6; 2854
INTERNAL; 4; 26; 22; 3606; INTERNAL; 3; 25; 22; 731
INTERNAL; 3; 25; 22; 731; INPUT; 1; 11; 10; 1133
INTERNAL; 3; 25; 22; 731; INPUT; 1; 7; 6; 2804
INTERNAL; 3; 25; 22; 731; INPUT; 1; 2; 1; 2062
INTERNAL; 3; 25; 22; 731; INTERNAL; 2; 24; 22; 787
INTERNAL; 2; 24; 22; 787; INPUT; 1; 12; 11; 2897
INTERNAL; 2; 24; 22; 787; INPUT; 1; 7; 6; 2746
INTERNAL; 4; 26; 22; 3606; INTERNAL; 2; 25; 23; 729
INTERNAL; 2; 25; 23; 729; INPUT; 1; 13; 12; 3628
INTERNAL; 6; 28; 22; 658; INTERNAL; 5; 27; 22; 809
INTERNAL; 5; 27; 22; 809; INTERNAL; 2; 25; 23; 2637
INTERNAL; 5; 27; 22; 809; INTERNAL; 2; 25; 23; 1554
INTERNAL; 5; 27; 22; 809; INTERNAL; 4; 25; 21; 716
INTERNAL; 4; 25; 21; 716; INTERNAL; 3; 24; 21; 748
INTERNAL; 3; 24; 21; 748; INTERNAL; 2; 23; 21; 2697
INTERNAL; 4; 25; 21; 716; INTERNAL; 2; 24; 22; 747
INTERNAL; 2; 24; 22; 747; INPUT; 1; 3; 2; 1931
INTERNAL; 4; 25; 21; 716; INTERNAL; 2; 24; 22; 745
INTERNAL; 2; 24; 22; 745; INPUT; 1; 16; 15; 3516
INTERNAL; 2; 24; 22; 745; INPUT; 1; 3; 2; 2292
INTERNAL; 7; 30; 23; 604; INTERNAL; 4; 28; 24; 657
INTERNAL; 4; 28; 24; 657; INTERNAL; 3; 27; 24; 687
INTERNAL; 3; 27; 24; 687; INTERNAL; 2; 26; 24; 702
INTERNAL; 3; 27; 24; 687; INTERNAL; 2; 26; 24; 699
INTERNAL; 3; 27; 24; 687; INTERNAL; 2; 26; 24; 700
INTERNAL; 4; 28; 24; 657; INTERNAL; 3; 27; 24; 2504
INTERNAL; 3; 27; 24; 2504; INTERNAL; 2; 26; 24; 685
INTERNAL; 3; 27; 24; 2504; INTERNAL; 2; 26; 24; 683
INTERNAL; 3; 27; 24; 2504; INTERNAL; 2; 26; 24; 682
INTERNAL; 4; 28; 24; 657; INTERNAL; 3; 27; 24; 686
INTERNAL; 3; 27; 24; 686; INTERNAL; 2; 26; 24; 2030
INTERNAL; 3; 27; 24; 686; INTERNAL; 2; 26; 24; 698
INTERNAL; 3; 27; 24; 686; INTERNAL; 2; 26; 24; 696
INTERNAL; 7; 30; 23; 604; INTERNAL; 4; 28; 24; 1386
INTERNAL; 4; 28; 24; 1386; INTERNAL; 3; 27; 24; 3920
INTERNAL; 3; 27; 24; 3920; INTERNAL; 2; 26; 24; 655
INTERNAL; 4; 28; 24; 1386; INTERNAL; 3; 27; 24; 709
INTERNAL; 4; 28; 24; 1386; INTERNAL; 3; 27; 24; 656
INTERNAL; 8; 32; 24; 3133; INTERNAL; 6; 30; 24; 1295
INTERNAL; 6; 30; 24; 1295; INTERNAL; 5; 28; 23; 653
INTERNAL; 5; 28; 23; 653; INTERNAL; 4; 27; 23; 651
INTERNAL; 4; 27; 23; 651; INTERNAL; 2; 26; 24; 730
INTERNAL; 4; 27; 23; 651; INTERNAL; 3; 26; 23; 669
INTERNAL; 3; 26; 23; 669; INTERNAL; 2; 25; 23; 667
INTERNAL; 4; 27; 23; 651; INTERNAL; 2; 26; 24; 1054
INTERNAL; 5; 28; 23; 653; INTERNAL; 3; 27; 24; 648
INTERNAL; 3; 27; 24; 648; INTERNAL; 2; 26; 24; 2051
INTERNAL; 3; 27; 24; 648; INTERNAL; 2; 26; 24; 2460
INTERNAL; 3; 27; 24; 648; INTERNAL; 2; 26; 24; 1998
INTERNAL; 5; 28; 23; 653; INTERNAL; 4; 27; 23; 650
INTERNAL; 4; 27; 23; 650; INTERNAL; 2; 26; 24; 2776
INTERNAL; 4; 27; 23; 650; INTERNAL; 2; 26; 24; 645
INTERNAL; 4; 27; 23; 650; INTERNAL; 3; 26; 23; 647
INTERNAL; 6; 30; 24; 1295; INTERNAL; 4; 28; 24; 652
INTERNAL; 4; 28; 24; 652; INTERNAL; 3; 27; 24; 644
INTERNAL; 3; 27; 24; 644; INTERNAL; 2; 26; 24; 1008
INTERNAL; 3; 27; 24; 644; INTERNAL; 2; 26; 24; 2076
INTERNAL; 3; 27; 24; 644; INTERNAL; 2; 26; 24; 665
INTERNAL; 4; 28; 24; 652; INTERNAL; 3; 27; 24; 4082
INTERNAL; 3; 27; 24; 4082; INTERNAL; 2; 26; 24; 1643
INTERNAL; 3; 27; 24; 4082; INTERNAL; 2; 26; 24; 664
INTERNAL; 3; 27; 24; 4082; INTERNAL; 2; 26; 24; 1694
INTERNAL; 4; 28; 24; 652; INTERNAL; 3; 27; 24; 3640
INTERNAL; 3; 27; 24; 3640; INTERNAL; 2; 26; 24; 643
INTERNAL; 3; 27; 24; 3640; INTERNAL; 2; 26; 24; 1082
INTERNAL; 3; 27; 24; 3640; INTERNAL; 2; 26; 24; 642
INTERNAL; 6; 30; 24; 1295; INTERNAL; 5; 28; 23; 996
INTERNAL; 5; 28; 23; 996; INTERNAL; 4; 27; 23; 671
INTERNAL; 5; 28; 23; 996; INTERNAL; 3; 27; 24; 2892
INTERNAL; 5; 28; 23; 996; INTERNAL; 3; 27; 24; 3923
INTERNAL; 8; 32; 24; 3133; INTERNAL; 5; 30; 25; 603
INTERNAL; 5; 30; 25; 603; INTERNAL; 3; 29; 26; 599
INTERNAL; 3; 29; 26; 599; INTERNAL; 2; 28; 26; 3334
INTERNAL; 3; 29; 26; 599; INTERNAL; 2; 28; 26; 1053
INTERNAL; 3; 29; 26; 599; INTERNAL; 2; 28; 26; 878
INTERNAL; 5; 30; 25; 603; INTERNAL; 4; 29; 25; 602
INTERNAL; 5; 30; 25; 603; INTERNAL; 3; 29; 26; 601
INTERNAL; 3; 29; 26; 601; INTERNAL; 2; 27; 25; 1450
INTERNAL; 3; 29; 26; 601; INTERNAL; 2; 27; 25; 597
INTERNAL; 3; 29; 26; 601; INTERNAL; 2; 27; 25; 598
INTERNAL; 10; 33; 23; 595; INTERNAL; 9; 32; 23; 627
INTERNAL; 9; 32; 23; 627; INTERNAL; 6; 31; 25; 625
INTERNAL; 6; 31; 25; 625; INTERNAL; 5; 29; 24; 624
INTERNAL; 5; 29; 24; 624; INTERNAL; 4; 28; 24; 639
INTERNAL; 4; 28; 24; 639; INTERNAL; 3; 27; 24; 678
INTERNAL; 3; 27; 24; 678; INTERNAL; 2; 25; 23; 1557
INTERNAL; 3; 27; 24; 678; INTERNAL; 2; 25; 23; 4012
INTERNAL; 3; 27; 24; 678; INTERNAL; 2; 25; 23; 2454
INTERNAL; 4; 28; 24; 639; INTERNAL; 3; 27; 24; 679
INTERNAL; 3; 27; 24; 679; INTERNAL; 2; 25; 23; 852
INTERNAL; 3; 27; 24; 679; INTERNAL; 2; 25; 23; 1664
INTERNAL; 3; 27; 24; 679; INTERNAL; 2; 25; 23; 715
INTERNAL; 4; 28; 24; 639; INTERNAL; 3; 27; 24; 677
INTERNAL; 3; 27; 24; 677; INTERNAL; 2; 25; 23; 708
INTERNAL; 3; 27; 24; 677; INTERNAL; 2; 25; 23; 710
INTERNAL; 5; 29; 24; 624; INTERNAL; 3; 28; 25; 1669
INTERNAL; 3; 28; 25; 1669; INTERNAL; 2; 27; 25; 3529
INTERNAL; 3; 28; 25; 1669; INTERNAL; 2; 27; 25; 637
INTERNAL; 5; 29; 24; 624; INTERNAL; 3; 28; 25; 638
INTERNAL; 3; 28; 25; 638; INTERNAL; 2; 27; 25; 636
INTERNAL; 3; 28; 25; 638; INTERNAL; 2; 27; 25; 635
INTERNAL; 3; 28; 25; 638; INTERNAL; 2; 27; 25; 3371
INTERNAL; 6; 31; 25; 625; INTERNAL; 4; 29; 25; 863
INTERNAL; 4; 29; 25; 863; INTERNAL; 3; 28; 25; 614
INTERNAL; 3; 28; 25; 614; INTERNAL; 2; 27; 25; 3652
INTERNAL; 3; 28; 25; 614; INTERNAL; 2; 27; 25; 609
INTERNAL; 3; 28; 25; 614; INTERNAL; 2; 27; 25; 1537
INTERNAL; 4; 29; 25; 863; INTERNAL; 3; 28; 25; 616
INTERNAL; 3; 28; 25; 616; INTERNAL; 2; 27; 25; 610
INTERNAL; 3; 28; 25; 616; INTERNAL; 2; 27; 25; 612
INTERNAL; 3; 28; 25; 616; INTERNAL; 2; 27; 25; 1974
INTERNAL; 4; 29; 25; 863; INTERNAL; 3; 28; 25; 613
INTERNAL; 6; 31; 25; 625; INTERNAL; 5; 29; 24; 623
INTERNAL; 5; 29; 24; 623; INTERNAL; 4; 28; 24; 622
INTERNAL; 5; 29; 24; 623; INTERNAL; 3; 28; 25; 618
INTERNAL; 5; 29; 24; 623; INTERNAL; 4; 28; 24; 620
INTERNAL; 4; 28; 24; 620; INTERNAL; 3; 27; 24; 617
INTERNAL; 9; 32; 23; 627; INTERNAL; 6; 31; 25; 1696
INTERNAL; 6; 31; 25; 1696; INTERNAL; 5; 29; 24; 1200
INTERNAL; 6; 31; 25; 1696; INTERNAL; 4; 29; 25; 607
INTERNAL; 6; 31; 25; 1696; INTERNAL; 4; 29; 25; 2579
INTERNAL; 4; 29; 25; 2579; INTERNAL; 3; 28; 25; 605
INTERNAL; 3; 28; 25; 605; INTERNAL; 2; 26; 24; 2674
INTERNAL; 4; 29; 25; 2579; INTERNAL; 3; 28; 25; 1706
INTERNAL; 4; 29; 25; 2579; INTERNAL; 3; 28; 25; 606
INTERNAL; 9; 32; 23; 627; INTERNAL; 8; 31; 23; 626
INTERNAL; 8; 31; 23; 626; INTERNAL; 7; 29; 22; 641
INTERNAL; 7; 29; 22; 641; INTERNAL; 6; 28; 22; 691
INTERNAL; 6; 28; 22; 691; INTERNAL; 3; 27; 24; 704
INTERNAL; 6; 28; 22; 691; INTERNAL; 5; 27; 22; 3114
INTERNAL; 5; 27; 22; 3114; INTERNAL; 3; 26; 23; 736
INTERNAL; 5; 27; 22; 3114; INTERNAL; 3; 26; 23; 735
INTERNAL; 3; 26; 23; 735; INTERNAL; 2; 25; 23; 1159
INTERNAL; 3; 26; 23; 735; INTERNAL; 2; 25; 23; 1675
INTERNAL; 3; 26; 23; 735; INTERNAL; 2; 25; 23; 775
INTERNAL; 5; 27; 22; 3114; INTERNAL; 4; 26; 22; 738
INTERNAL; 6; 28; 22; 691; INTERNAL; 3; 27; 24; 703
INTERNAL; 7; 29; 22; 641; INTERNAL; 6; 28; 22; 2986
INTERNAL; 7; 29; 22; 641; INTERNAL; 4; 28; 24; 690
INTERNAL; 8; 31; 23; 626; INTERNAL; 5; 29; 24; 640
INTERNAL; 8; 31; 23; 626; INTERNAL; 7; 29; 22; 2435
INTERNAL; 7; 29; 22; 2435; INTERNAL; 4; 28; 24; 833
INTERNAL; 7; 29; 22; 2435; INTERNAL; 6; 28; 22; 681
INTERNAL; 6; 28; 22; 681; INTERNAL; 4; 26; 22; 1761
INTERNAL; 4; 26; 22; 1761; INTERNAL; 2; 25; 23; 947
INTERNAL; 4; 26; 22; 1761; INTERNAL; 2; 25; 23; 749
INTERNAL; 4; 26; 22; 1761; INTERNAL; 3; 25; 22; 750
INTERNAL; 3; 25; 22; 750; INTERNAL; 2; 24; 22; 776
INTERNAL; 3; 25; 22; 750; INTERNAL; 2; 24; 22; 2618
INTERNAL; 3; 25; 22; 750; INTERNAL; 2; 24; 22; 1602
INTERNAL; 2; 24; 22; 1602; INPUT; 1; 1; 0; 2377
INTERNAL; 6; 28; 22; 681; INTERNAL; 5; 26; 21; 2671
INTERNAL; 6; 28; 22; 681; INTERNAL; 3; 26; 23; 4065
INTERNAL; 7; 29; 22; 2435; INTERNAL; 4; 28; 24; 680
INTERNAL; 4; 28; 24; 680; INTERNAL; 3; 26; 23; 714
INTERNAL; 4; 28; 24; 680; INTERNAL; 3; 26; 23; 711
INTERNAL; 3; 26; 23; 711; INTERNAL; 2; 25; 23; 2468
INTERNAL; 3; 26; 23; 711; INTERNAL; 2; 25; 23; 756
INTERNAL; 3; 26; 23; 711; INTERNAL; 2; 25; 23; 757
INTERNAL; 4; 28; 24; 680; INTERNAL; 3; 26; 23; 2944
INTERNAL; 10; 33; 23; 595; INTERNAL; 9; 32; 23; 3019
INTERNAL; 9; 32; 23; 3019; INTERNAL; 6; 29; 23; 659
INTERNAL; 9; 32; 23; 3019; INTERNAL; 8; 29; 21; 660
INTERNAL; 8; 29; 21; 660; INTERNAL; 7; 28; 21; 674
INTERNAL; 7; 28; 21; 674; INTERNAL; 5; 27; 22; 3095
INTERNAL; 5; 27; 22; 3095; INTERNAL; 3; 26; 23; 846
INTERNAL; 5; 27; 22; 3095; INTERNAL; 4; 26; 22; 762
INTERNAL; 4; 26; 22; 762; INTERNAL; 3; 25; 22; 784
INTERNAL; 3; 25; 22; 784; INTERNAL; 2; 24; 22; 1237
INTERNAL; 3; 25; 22; 784; INTERNAL; 2; 24; 22; 819
INTERNAL; 3; 25; 22; 784; INTERNAL; 2; 24; 22; 3918
INTERNAL; 4; 26; 22; 762; INTERNAL; 3; 25; 22; 1515
INTERNAL; 3; 25; 22; 1515; INTERNAL; 2; 24; 22; 826
INTERNAL; 4; 26; 22; 762; INTERNAL; 3; 25; 22; 3708
INTERNAL; 3; 25; 22; 3708; INTERNAL; 2; 24; 22; 821
INTERNAL; 3; 25; 22; 3708; INTERNAL; 2; 24; 22; 820
INTERNAL; 3; 25; 22; 3708; INTERNAL; 2; 24; 22; 908
INTERNAL; 5; 27; 22; 3095; INTERNAL; 3; 26; 23; 1214
INTERNAL; 7; 28; 21; 674; INTERNAL; 4; 27; 23; 2437
INTERNAL; 7; 28; 21; 674; INTERNAL; 6; 27; 21; 717
INTERNAL; 8; 29; 21; 660; INTERNAL; 5; 28; 23; 672
INTERNAL; 8; 29; 21; 660; INTERNAL; 7; 28; 21; 673
INTERNAL; 7; 28; 21; 673; INTERNAL; 5; 27; 22; 706
INTERNAL; 5; 27; 22; 706; INTERNAL; 3; 26; 23; 739
INTERNAL; 3; 26; 23; 739; INTERNAL; 2; 25; 23; 1040
INTERNAL; 3; 26; 23; 739; INTERNAL; 2; 25; 23; 769
INTERNAL; 3; 26; 23; 739; INTERNAL; 2; 25; 23; 3391
INTERNAL; 5; 27; 22; 706; INTERNAL; 4; 26; 22; 740
INTERNAL; 4; 26; 22; 740; INTERNAL; 2; 25; 23; 788
INTERNAL; 4; 26; 22; 740; INTERNAL; 3; 25; 22; 789
INTERNAL; 5; 27; 22; 706; INTERNAL; 3; 26; 23; 2218
INTERNAL; 3; 26; 23; 2218; INTERNAL; 2; 25; 23; 786
INTERNAL; 3; 26; 23; 2218; INTERNAL; 2; 25; 23; 1323
INTERNAL; 3; 26; 23; 2218; INTERNAL; 2; 25; 23; 2317
INTERNAL; 7; 28; 21; 673; INTERNAL; 6; 27; 21; 2482
INTERNAL; 6; 27; 21; 2482; INTERNAL; 4; 26; 22; 751
INTERNAL; 6; 27; 21; 2482; INTERNAL; 5; 26; 21; 752
INTERNAL; 5; 26; 21; 752; INTERNAL; 3; 25; 22; 2538
INTERNAL; 3; 25; 22; 2538; INTERNAL; 2; 24; 22; 816
INTERNAL; 3; 25; 22; 2538; INTERNAL; 2; 24; 22; 817
INTERNAL; 3; 25; 22; 2538; INTERNAL; 2; 24; 22; 3634
INTERNAL; 5; 26; 21; 752; INTERNAL; 4; 25; 21; 780
INTERNAL; 4; 25; 21; 780; INTERNAL; 3; 24; 21; 827
INTERNAL; 3; 24; 21; 827; INPUT; 1; 1; 0; 2365
INTERNAL; 3; 24; 21; 827; INTERNAL; 2; 22; 20; 855
INTERNAL; 4; 25; 21; 780; INTERNAL; 2; 24; 22; 2213
INTERNAL; 4; 25; 21; 780; INTERNAL; 2; 24; 22; 2370
INTERNAL; 5; 26; 21; 752; INTERNAL; 3; 25; 22; 779
INTERNAL; 6; 27; 21; 2482; INTERNAL; 4; 26; 22; 903
INTERNAL; 7; 28; 21; 673; INTERNAL; 5; 27; 22; 3034
INTERNAL; 9; 32; 23; 3019; INTERNAL; 7; 29; 22; 1613
INTERNAL; 34; 51; 17; 596; INTERNAL; 10; 33; 23; 1793
INTERNAL; 10; 33; 23; 1793; INTERNAL; 9; 32; 23; 3956
INTERNAL; 10; 33; 23; 1793; INTERNAL; 7; 32; 25; 3249
INTERNAL; 7; 32; 25; 3249; INTERNAL; 6; 30; 24; 578
INTERNAL; 7; 32; 25; 3249; INTERNAL; 5; 30; 25; 577
INTERNAL; 5; 30; 25; 577; INTERNAL; 3; 29; 26; 572
INTERNAL; 3; 29; 26; 572; INTERNAL; 2; 27; 25; 570
INTERNAL; 3; 29; 26; 572; INTERNAL; 2; 27; 25; 1361
INTERNAL; 5; 30; 25; 577; INTERNAL; 4; 29; 25; 573
INTERNAL; 5; 30; 25; 577; INTERNAL; 3; 29; 26; 571
INTERNAL; 3; 29; 26; 571; INTERNAL; 2; 27; 25; 995
INTERNAL; 3; 29; 26; 571; INTERNAL; 2; 27; 25; 3538
INTERNAL; 3; 29; 26; 571; INTERNAL; 2; 27; 25; 2980
INTERNAL; 7; 32; 25; 3249; INTERNAL; 6; 30; 24; 2392
INTERNAL; 10; 33; 23; 1793; INTERNAL; 9; 32; 23; 881
INTERNAL; 9; 32; 23; 881; INTERNAL; 6; 31; 25; 1164
INTERNAL; 6; 31; 25; 1164; INTERNAL; 5; 29; 24; 586
INTERNAL; 5; 29; 24; 586; INTERNAL; 4; 28; 24; 2686
INTERNAL; 5; 29; 24; 586; INTERNAL; 3; 28; 25; 1265
INTERNAL; 3; 28; 25; 1265; INTERNAL; 2; 27; 25; 583
INTERNAL; 5; 29; 24; 586; INTERNAL; 2; 28; 26; 3879
INTERNAL; 6; 31; 25; 1164; INTERNAL; 4; 29; 25; 584
INTERNAL; 4; 29; 25; 584; INTERNAL; 3; 28; 25; 1056
INTERNAL; 4; 29; 25; 584; INTERNAL; 3; 28; 25; 582
INTERNAL; 4; 29; 25; 584; INTERNAL; 3; 28; 25; 579
INTERNAL; 6; 31; 25; 1164; INTERNAL; 5; 29; 24; 585
INTERNAL; 9; 32; 23; 881; INTERNAL; 6; 31; 25; 594
INTERNAL; 6; 31; 25; 594; INTERNAL; 5; 30; 25; 1813
INTERNAL; 5; 30; 25; 1813; INTERNAL; 3; 29; 26; 591
INTERNAL; 3; 29; 26; 591; INTERNAL; 2; 27; 25; 988
INTERNAL; 3; 29; 26; 591; INTERNAL; 2; 27; 25; 2766
INTERNAL; 3; 29; 26; 591; INTERNAL; 2; 27; 25; 2069
INTERNAL; 5; 30; 25; 1813; INTERNAL; 3; 29; 26; 589
INTERNAL; 5; 30; 25; 1813; INTERNAL; 4; 29; 25; 592
INTERNAL; 4; 29; 25; 592; INTERNAL; 2; 27; 25; 587
INTERNAL; 4; 29; 25; 592; INTERNAL; 3; 27; 24; 588
INTERNAL; 4; 29; 25; 592; INTERNAL; 2; 27; 25; 646
INTERNAL; 6; 31; 25; 594; INTERNAL; 4; 30; 26; 593
INTERNAL; 6; 31; 25; 594; INTERNAL; 5; 30; 25; 1024
INTERNAL; 9; 32; 23; 881; INTERNAL; 8; 31; 23; 1996
INTERNAL; 34; 51; 17; 596; INTERNAL; 33; 33; 0; 634
INTERNAL; 33; 33; 0; 634; INTERNAL; 11; 32; 21; 1924
INTERNAL; 11; 32; 21; 1924; INTERNAL; 10; 31; 21; 1147
INTERNAL; 10; 31; 21; 1147; INTERNAL; 9; 29; 20; 3415
INTERNAL; 9; 29; 20; 3415; INTERNAL; 7; 28; 21; 3597
INTERNAL; 7; 28; 21; 3597; INTERNAL; 4; 27; 23; 782
INTERNAL; 4; 27; 23; 782; INTERNAL; 3; 26; 23; 777
INTERNAL; 3; 26; 23; 777; INTERNAL; 2; 25; 23; 3520
INTERNAL; 3; 26; 23; 777; INTERNAL; 2; 25; 23; 952
INTERNAL; 3; 26; 23; 777; INTERNAL; 2; 25; 23; 808
INTERNAL; 4; 27; 23; 782; INTERNAL; 3; 26; 23; 2115
INTERNAL; 4; 27; 23; 782; INTERNAL; 3; 26; 23; 778
INTERNAL; 7; 28; 21; 3597; INTERNAL; 5; 27; 22; 3928
INTERNAL; 7; 28; 21; 3597; INTERNAL; 6; 27; 21; 783
INTERNAL; 6; 27; 21; 783; INTERNAL; 5; 25; 20; 3580
INTERNAL; 5; 25; 20; 3580; INTERNAL; 3; 24; 21; 861
INTERNAL; 3; 24; 21; 861; INTERNAL; 2; 23; 21; 893
INTERNAL; 3; 24; 21; 861; INTERNAL; 2; 23; 21; 891
INTERNAL; 3; 24; 21; 861; INTERNAL; 2; 23; 21; 1362
INTERNAL; 2; 23; 21; 1362; INPUT; 1; 1; 0; 2780
INTERNAL; 5; 25; 20; 3580; INTERNAL; 4; 24; 20; 3331
INTERNAL; 4; 24; 20; 3331; INTERNAL; 2; 23; 21; 4029
INTERNAL; 4; 24; 20; 3331; INTERNAL; 3; 23; 20; 2762
INTERNAL; 3; 23; 20; 2762; INTERNAL; 2; 22; 20; 913
INTERNAL; 4; 24; 20; 3331; INTERNAL; 2; 23; 21; 887
INTERNAL; 5; 25; 20; 3580; INTERNAL; 3; 24; 21; 3820
INTERNAL; 3; 24; 21; 3820; INTERNAL; 2; 23; 21; 1766
INTERNAL; 3; 24; 21; 3820; INTERNAL; 2; 23; 21; 894
INTERNAL; 3; 24; 21; 3820; INTERNAL; 2; 23; 21; 989
INTERNAL; 6; 27; 21; 783; INTERNAL; 3; 25; 22; 823
INTERNAL; 6; 27; 21; 783; INTERNAL; 3; 25; 22; 822
INTERNAL; 9; 29; 20; 3415; INTERNAL; 5; 28; 23; 763
INTERNAL; 9; 29; 20; 3415; INTERNAL; 8; 28; 20; 764
INTERNAL; 8; 28; 20; 764; INTERNAL; 7; 27; 20; 795
INTERNAL; 7; 27; 20; 795; INTERNAL; 3; 26; 23; 810
INTERNAL; 7; 27; 20; 795; INTERNAL; 4; 26; 22; 811
INTERNAL; 4; 26; 22; 811; INTERNAL; 3; 25; 22; 853
INTERNAL; 3; 25; 22; 853; INTERNAL; 2; 24; 22; 3611
INTERNAL; 3; 25; 22; 853; INTERNAL; 2; 24; 22; 2388
INTERNAL; 3; 25; 22; 853; INTERNAL; 2; 24; 22; 3743
INTERNAL; 4; 26; 22; 811; INTERNAL; 3; 25; 22; 1196
INTERNAL; 3; 25; 22; 1196; INTERNAL; 2; 23; 21; 900
INTERNAL; 3; 25; 22; 1196; INTERNAL; 2; 23; 21; 2007
INTERNAL; 3; 25; 22; 1196; INTERNAL; 2; 23; 21; 3968
INTERNAL; 2; 23; 21; 3968; INPUT; 1; 1; 0; 2119
INTERNAL; 4; 26; 22; 811; INTERNAL; 3; 25; 22; 3269
INTERNAL; 3; 25; 22; 3269; INTERNAL; 2; 23; 21; 899
INTERNAL; 3; 25; 22; 3269; INTERNAL; 2; 23; 21; 1254
INTERNAL; 3; 25; 22; 3269; INTERNAL; 2; 23; 21; 2878
INTERNAL; 7; 27; 20; 795; INTERNAL; 6; 26; 20; 813
INTERNAL; 6; 26; 20; 813; INTERNAL; 3; 25; 22; 2027
INTERNAL; 3; 25; 22; 2027; INTERNAL; 2; 24; 22; 2755
INTERNAL; 3; 25; 22; 2027; INTERNAL; 2; 24; 22; 864
INTERNAL; 3; 25; 22; 2027; INTERNAL; 2; 24; 22; 862
INTERNAL; 6; 26; 20; 813; INTERNAL; 5; 25; 20; 869
INTERNAL; 5; 25; 20; 869; INTERNAL; 4; 23; 19; 904
INTERNAL; 4; 23; 19; 904; INTERNAL; 3; 22; 19; 902
INTERNAL; 3; 22; 19; 902; INTERNAL; 2; 21; 19; 1170
INTERNAL; 5; 25; 20; 869; INTERNAL; 4; 23; 19; 905
INTERNAL; 4; 23; 19; 905; INTERNAL; 2; 22; 20; 933
INTERNAL; 4; 23; 19; 905; INTERNAL; 2; 22; 20; 932
INTERNAL; 4; 23; 19; 905; INTERNAL; 3; 22; 19; 2344
INTERNAL; 3; 22; 19; 2344; INTERNAL; 2; 21; 19; 987
INTERNAL; 5; 25; 20; 869; INTERNAL; 2; 23; 21; 3213
INTERNAL; 6; 26; 20; 813; INTERNAL; 5; 25; 20; 868
INTERNAL; 5; 25; 20; 868; INTERNAL; 2; 24; 22; 867
INTERNAL; 5; 25; 20; 868; INTERNAL; 2; 24; 22; 866
INTERNAL; 5; 25; 20; 868; INTERNAL; 4; 24; 20; 1517
INTERNAL; 8; 28; 20; 764; INTERNAL; 7; 27; 20; 1050
INTERNAL; 7; 27; 20; 1050; INTERNAL; 3; 26; 23; 790
INTERNAL; 7; 27; 20; 1050; INTERNAL; 6; 26; 20; 791
INTERNAL; 6; 26; 20; 791; INTERNAL; 3; 25; 22; 2387
INTERNAL; 6; 26; 20; 791; INTERNAL; 5; 25; 20; 831
INTERNAL; 6; 26; 20; 791; INTERNAL; 3; 25; 22; 830
INTERNAL; 7; 27; 20; 1050; INTERNAL; 4; 26; 22; 3284
INTERNAL; 8; 28; 20; 764; INTERNAL; 4; 27; 23; 1941
INTERNAL; 10; 31; 21; 1147; INTERNAL; 8; 29; 21; 719
INTERNAL; 8; 29; 21; 719; INTERNAL; 7; 28; 21; 1596
INTERNAL; 8; 29; 21; 719; INTERNAL; 6; 28; 22; 754
INTERNAL; 6; 28; 22; 754; INTERNAL; 5; 27; 22; 3594
INTERNAL; 5; 27; 22; 3594; INTERNAL; 3; 25; 22; 828
INTERNAL; 5; 27; 22; 3594; INTERNAL; 3; 25; 22; 829
INTERNAL; 3; 25; 22; 829; INTERNAL; 2; 24; 22; 843
INTERNAL; 3; 25; 22; 829; INTERNAL; 2; 24; 22; 844
INTERNAL; 3; 25; 22; 829; INTERNAL; 2; 24; 22; 2474
INTERNAL; 5; 27; 22; 3594; INTERNAL; 4; 25; 21; 1692
INTERNAL; 6; 28; 22; 754; INTERNAL; 5; 27; 22; 772
INTERNAL; 5; 27; 22; 772; INTERNAL; 3; 25; 22; 3698
INTERNAL; 3; 25; 22; 3698; INTERNAL; 2; 24; 22; 1819
INTERNAL; 3; 25; 22; 3698; INTERNAL; 2; 24; 22; 2662
INTERNAL; 3; 25; 22; 3698; INTERNAL; 2; 24; 22; 1807
INTERNAL; 5; 27; 22; 772; INTERNAL; 4; 25; 21; 818
INTERNAL; 4; 25; 21; 818; INTERNAL; 2; 23; 21; 856
INTERNAL; 4; 25; 21; 818; INTERNAL; 3; 23; 20; 857
INTERNAL; 5; 27; 22; 772; INTERNAL; 3; 25; 22; 1790
INTERNAL; 6; 28; 22; 754; INTERNAL; 3; 27; 24; 771
INTERNAL; 8; 29; 21; 719; INTERNAL; 6; 28; 22; 753
INTERNAL; 10; 31; 21; 1147; INTERNAL; 7; 29; 22; 3876
INTERNAL; 11; 32; 21; 1924; INTERNAL; 8; 31; 23; 720
INTERNAL; 8; 31; 23; 720; INTERNAL; 7; 28; 21; 1334
INTERNAL; 8; 31; 23; 720; INTERNAL; 6; 28; 22; 707
INTERNAL; 6; 28; 22; 707; INTERNAL; 5; 27; 22; 744
INTERNAL; 6; 28; 22; 707; INTERNAL; 4; 27; 23; 741
INTERNAL; 6; 28; 22; 707; INTERNAL; 5; 27; 22; 743
INTERNAL; 8; 31; 23; 720; INTERNAL; 6; 28; 22; 2092
INTERNAL; 11; 32; 21; 1924; INTERNAL; 9; 31; 22; 1550
INTERNAL; 9; 31; 22; 1550; INTERNAL; 8; 29; 21; 3327
INTERNAL; 9; 31; 22; 1550; INTERNAL; 6; 29; 23; 3432
INTERNAL; 9; 31; 22; 1550; INTERNAL; 8; 29; 21; 755
INTERNAL; 8; 29; 21; 755; INTERNAL; 7; 28; 21; 774
INTERNAL; 7; 28; 21; 774; INTERNAL; 5; 26; 21; 1230
INTERNAL; 7; 28; 21; 774; INTERNAL; 6; 26; 20; 3571
INTERNAL; 7; 28; 21; 774; INTERNAL; 6; 26; 20; 824
INTERNAL; 6; 26; 20; 824; INTERNAL; 4; 25; 21; 1472
INTERNAL; 4; 25; 21; 1472; INTERNAL; 3; 24; 21; 896
INTERNAL; 4; 25; 21; 1472; INTERNAL; 3; 24; 21; 3493
INTERNAL; 4; 25; 21; 1472; INTERNAL; 3; 24; 21; 895
INTERNAL; 3; 24; 21; 895; INTERNAL; 2; 23; 21; 930
INTERNAL; 3; 24; 21; 895; INTERNAL; 2; 23; 21; 1101
INTERNAL; 3; 24; 21; 895; INTERNAL; 2; 23; 21; 931
INTERNAL; 6; 26; 20; 824; INTERNAL; 3; 25; 22; 847
INTERNAL; 6; 26; 20; 824; INTERNAL; 5; 25; 20; 2621
INTERNAL; 5; 25; 20; 2621; INTERNAL; 4; 24; 20; 3733
INTERNAL; 4; 24; 20; 3733; INTERNAL; 3; 23; 20; 1527
INTERNAL; 4; 24; 20; 3733; INTERNAL; 3; 23; 20; 3400
INTERNAL; 3; 23; 20; 3400; INTERNAL; 2; 22; 20; 1185
INTERNAL; 3; 23; 20; 3400; INTERNAL; 2; 22; 20; 953
INTERNAL; 3; 23; 20; 3400; INTERNAL; 2; 22; 20; 951
INTERNAL; 2; 22; 20; 951; INPUT; 1; 1; 0; 2389
INTERNAL; 4; 24; 20; 3733; INTERNAL; 3; 23; 20; 914
INTERNAL; 3; 23; 20; 914; INTERNAL; 2; 22; 20; 978
INTERNAL; 3; 23; 20; 914; INTERNAL; 2; 22; 20; 977
INTERNAL; 3; 23; 20; 914; INTERNAL; 2; 22; 20; 3201
INTERNAL; 5; 25; 20; 2621; INTERNAL; 3; 24; 21; 888
INTERNAL; 3; 24; 21; 888; INTERNAL; 2; 23; 21; 940
INTERNAL; 3; 24; 21; 888; INTERNAL; 2; 23; 21; 941
INTERNAL; 5; 25; 20; 2621; INTERNAL; 4; 24; 20; 2155
INTERNAL; 8; 29; 21; 755; INTERNAL; 7; 28; 21; 773
INTERNAL; 7; 28; 21; 773; INTERNAL; 6; 26; 20; 1103
INTERNAL; 6; 26; 20; 1103; INTERNAL; 3; 25; 22; 858
INTERNAL; 6; 26; 20; 1103; INTERNAL; 5; 25; 20; 1868
INTERNAL; 5; 25; 20; 1868; INTERNAL; 4; 24; 20; 2026
INTERNAL; 6; 26; 20; 1103; INTERNAL; 4; 25; 21; 2750
INTERNAL; 4; 25; 21; 2750; INTERNAL; 3; 24; 21; 2562
INTERNAL; 3; 24; 21; 2562; INTERNAL; 2; 23; 21; 3259
INTERNAL; 3; 24; 21; 2562; INTERNAL; 2; 23; 21; 922
INTERNAL; 4; 25; 21; 2750; INTERNAL; 3; 24; 21; 2949
INTERNAL; 3; 24; 21; 2949; INTERNAL; 2; 23; 21; 4000
INTERNAL; 3; 24; 21; 2949; INTERNAL; 2; 23; 21; 3093
INTERNAL; 3; 24; 21; 2949; INTERNAL; 2; 23; 21; 921
INTERNAL; 2; 23; 21; 921; INPUT; 1; 1; 0; 2587
INTERNAL; 4; 25; 21; 2750; INTERNAL; 3; 24; 21; 879
INTERNAL; 3; 24; 21; 879; INTERNAL; 2; 22; 20; 957
INTERNAL; 3; 24; 21; 879; INTERNAL; 2; 23; 21; 960
INTERNAL; 3; 24; 21; 879; INTERNAL; 2; 23; 21; 938
INTERNAL; 3; 24; 21; 879; INTERNAL; 2; 23; 21; 937
INTERNAL; 7; 28; 21; 773; INTERNAL; 5; 26; 21; 834
INTERNAL; 7; 28; 21; 773; INTERNAL; 6; 26; 20; 835
INTERNAL; 8; 29; 21; 755; INTERNAL; 6; 28; 22; 1672
INTERNAL; 33; 33; 0; 634; INTERNAL; 10; 32; 22; 723
INTERNAL; 10; 32; 22; 723; INTERNAL; 9; 30; 21; 765
INTERNAL; 9; 30; 21; 765; INTERNAL; 8; 29; 21; 2930
INTERNAL; 9; 30; 21; 765; INTERNAL; 8; 29; 21; 798
INTERNAL; 8; 29; 21; 798; INTERNAL; 7; 27; 20; 815
INTERNAL; 7; 27; 20; 815; INTERNAL; 4; 26; 22; 859
INTERNAL; 7; 27; 20; 815; INTERNAL; 6; 26; 20; 1753
INTERNAL; 7; 27; 20; 815; INTERNAL; 6; 26; 20; 860
INTERNAL; 6; 26; 20; 860; INTERNAL; 5; 25; 20; 3660
INTERNAL; 5; 25; 20; 3660; INTERNAL; 3; 24; 21; 925
INTERNAL; 5; 25; 20; 3660; INTERNAL; 3; 24; 21; 924
INTERNAL; 5; 25; 20; 3660; INTERNAL; 4; 24; 20; 3588
INTERNAL; 4; 24; 20; 3588; INTERNAL; 3; 23; 20; 1787
INTERNAL; 4; 24; 20; 3588; INTERNAL; 2; 23; 21; 959
INTERNAL; 4; 24; 20; 3588; INTERNAL; 2; 23; 21; 3165
INTERNAL; 6; 26; 20; 860; INTERNAL; 4; 25; 21; 880
INTERNAL; 6; 26; 20; 860; INTERNAL; 5; 25; 20; 882
INTERNAL; 5; 25; 20; 882; INTERNAL; 3; 24; 21; 926
INTERNAL; 3; 24; 21; 926; INTERNAL; 2; 22; 20; 1188
INTERNAL; 3; 24; 21; 926; INTERNAL; 2; 22; 20; 1408
INTERNAL; 3; 24; 21; 926; INTERNAL; 2; 22; 20; 950
INTERNAL; 5; 25; 20; 882; INTERNAL; 3; 24; 21; 927
INTERNAL; 3; 24; 21; 927; INTERNAL; 2; 22; 20; 2656
INTERNAL; 3; 24; 21; 927; INTERNAL; 2; 22; 20; 975
INTERNAL; 3; 24; 21; 927; INTERNAL; 2; 22; 20; 973
INTERNAL; 5; 25; 20; 882; INTERNAL; 4; 24; 20; 928
INTERNAL; 4; 24; 20; 928; INTERNAL; 2; 23; 21; 963
INTERNAL; 4; 24; 20; 928; INTERNAL; 2; 23; 21; 962
INTERNAL; 4; 24; 20; 928; INTERNAL; 3; 23; 20; 4059
INTERNAL; 3; 23; 20; 4059; INTERNAL; 2; 21; 19; 1046
INTERNAL; 8; 29; 21; 798; INTERNAL; 7; 27; 20; 814
INTERNAL; 8; 29; 21; 798; INTERNAL; 7; 27; 20; 1673
INTERNAL; 7; 27; 20; 1673; INTERNAL; 6; 26; 20; 1961
INTERNAL; 6; 26; 20; 1961; INTERNAL; 5; 24; 19; 2267
INTERNAL; 6; 26; 20; 1961; INTERNAL; 3; 24; 21; 1987
INTERNAL; 6; 26; 20; 1961; INTERNAL; 3; 24; 21; 2329
INTERNAL; 7; 27; 20; 1673; INTERNAL; 6; 26; 20; 3763
INTERNAL; 7; 27; 20; 1673; INTERNAL; 5; 26; 21; 2229
INTERNAL; 9; 30; 21; 765; INTERNAL; 7; 29; 22; 797
INTERNAL; 10; 32; 22; 723; INTERNAL; 9; 30; 21; 2031
INTERNAL; 10; 32; 22; 723; INTERNAL; 9; 30; 21; 3245
INTERNAL; 33; 33; 0; 634; INTERNAL; 11; 32; 21; 724
INTERNAL; 33; 33; 0; 634; INTERNAL; 32; 32; 0; 1397
INTERNAL; 32; 32; 0; 1397; INTERNAL; 12; 31; 19; 805
INTERNAL; 12; 31; 19; 805; INTERNAL; 10; 29; 19; 841
INTERNAL; 10; 29; 19; 841; INTERNAL; 8; 28; 20; 3445
INTERNAL; 10; 29; 19; 841; INTERNAL; 9; 28; 19; 1443
INTERNAL; 9; 28; 19; 1443; INTERNAL; 7; 27; 20; 837
INTERNAL; 9; 28; 19; 1443; INTERNAL; 8; 27; 19; 839
INTERNAL; 8; 27; 19; 839; INTERNAL; 7; 26; 19; 851
INTERNAL; 7; 26; 19; 851; INTERNAL; 4; 25; 21; 2083
INTERNAL; 7; 26; 19; 851; INTERNAL; 6; 25; 19; 3846
INTERNAL; 7; 26; 19; 851; INTERNAL; 6; 25; 19; 2818
INTERNAL; 6; 25; 19; 2818; INTERNAL; 5; 24; 19; 2338
INTERNAL; 5; 24; 19; 2338; INTERNAL; 3; 23; 20; 954
INTERNAL; 5; 24; 19; 2338; INTERNAL; 4; 23; 19; 955
INTERNAL; 4; 23; 19; 955; INTERNAL; 3; 22; 19; 1012
INTERNAL; 3; 22; 19; 1012; INTERNAL; 2; 21; 19; 1086
INTERNAL; 3; 22; 19; 1012; INTERNAL; 2; 21; 19; 1711
INTERNAL; 3; 22; 19; 1012; INTERNAL; 2; 21; 19; 1087
INTERNAL; 4; 23; 19; 955; INTERNAL; 3; 22; 19; 1173
INTERNAL; 3; 22; 19; 1173; INTERNAL; 2; 21; 19; 1097
INTERNAL; 3; 22; 19; 1173; INTERNAL; 2; 21; 19; 1098
INTERNAL; 2; 21; 19; 1098; INPUT; 1; 1; 0; 1351
INTERNAL; 3; 22; 19; 1173; INTERNAL; 2; 21; 19; 1096
INTERNAL; 4; 23; 19; 955; INTERNAL; 3; 22; 19; 4046
INTERNAL; 3; 22; 19; 4046; INPUT; 1; 1; 0; 1960
INTERNAL; 3; 22; 19; 4046; INTERNAL; 2; 21; 19; 1095
INTERNAL; 5; 24; 19; 2338; INTERNAL; 3; 23; 20; 3422
INTERNAL; 6; 25; 19; 2818; INTERNAL; 5; 24; 19; 2308
INTERNAL; 5; 24; 19; 2308; INTERNAL; 3; 23; 20; 980
INTERNAL; 5; 24; 19; 2308; INTERNAL; 3; 23; 20; 981
INTERNAL; 5; 24; 19; 2308; INTERNAL; 4; 23; 19; 982
INTERNAL; 4; 23; 19; 982; INTERNAL; 2; 22; 20; 1047
INTERNAL; 4; 23; 19; 982; INTERNAL; 2; 22; 20; 1048
INTERNAL; 4; 23; 19; 982; INTERNAL; 3; 22; 19; 1049
INTERNAL; 6; 25; 19; 2818; INTERNAL; 4; 24; 20; 916
INTERNAL; 8; 27; 19; 839; INTERNAL; 6; 26; 20; 848
INTERNAL; 8; 27; 19; 839; INTERNAL; 6; 26; 20; 850
INTERNAL; 6; 26; 20; 850; INTERNAL; 5; 25; 20; 4057
INTERNAL; 6; 26; 20; 850; INTERNAL; 5; 25; 20; 889
INTERNAL; 5; 25; 20; 889; INTERNAL; 3; 24; 21; 934
INTERNAL; 5; 25; 20; 889; INTERNAL; 4; 24; 20; 936
INTERNAL; 4; 24; 20; 936; INTERNAL; 3; 23; 20; 990
INTERNAL; 3; 23; 20; 990; INTERNAL; 2; 22; 20; 1039
INTERNAL; 3; 23; 20; 990; INTERNAL; 2; 22; 20; 1041
INTERNAL; 3; 23; 20; 990; INTERNAL; 2; 22; 20; 1038
INTERNAL; 4; 24; 20; 936; INTERNAL; 3; 23; 20; 991
INTERNAL; 4; 24; 20; 936; INTERNAL; 3; 23; 20; 994
INTERNAL; 3; 23; 20; 994; INTERNAL; 2; 22; 20; 1023
INTERNAL; 3; 23; 20; 994; INTERNAL; 2; 22; 20; 1022
INTERNAL; 3; 23; 20; 994; INTERNAL; 2; 22; 20; 1025
INTERNAL; 5; 25; 20; 889; INTERNAL; 4; 24; 20; 1869
INTERNAL; 6; 26; 20; 850; INTERNAL; 5; 25; 20; 890
INTERNAL; 5; 25; 20; 890; INTERNAL; 3; 24; 21; 993
INTERNAL; 5; 25; 20; 890; INTERNAL; 3; 24; 21; 942
INTERNAL; 5; 25; 20; 890; INTERNAL; 4; 24; 20; 1149
INTERNAL; 4; 24; 20; 1149; INTERNAL; 3; 23; 20; 971
INTERNAL; 3; 23; 20; 971; INTERNAL; 2; 22; 20; 1037
INTERNAL; 3; 23; 20; 971; INTERNAL; 2; 22; 20; 2717
INTERNAL; 3; 23; 20; 971; INTERNAL; 2; 22; 20; 1035
INTERNAL; 4; 24; 20; 1149; INTERNAL; 3; 23; 20; 1624
INTERNAL; 3; 23; 20; 1624; INTERNAL; 2; 22; 20; 3408
INTERNAL; 3; 23; 20; 1624; INTERNAL; 2; 22; 20; 1045
INTERNAL; 3; 23; 20; 1624; INTERNAL; 2; 22; 20; 1044
INTERNAL; 4; 24; 20; 1149; INTERNAL; 3; 23; 20; 1293
INTERNAL; 3; 23; 20; 1293; INTERNAL; 2; 22; 20; 1027
INTERNAL; 3; 23; 20; 1293; INTERNAL; 2; 22; 20; 1026
INTERNAL; 3; 23; 20; 1293; INTERNAL; 2; 22; 20; 3625
INTERNAL; 9; 28; 19; 1443; INTERNAL; 7; 27; 20; 838
INTERNAL; 10; 29; 19; 841; INTERNAL; 9; 28; 19; 840
INTERNAL; 9; 28; 19; 840; INTERNAL; 7; 27; 20; 2349
INTERNAL; 9; 28; 19; 840; INTERNAL; 7; 27; 20; 870
INTERNAL; 9; 28; 19; 840; INTERNAL; 8; 27; 19; 871
INTERNAL; 8; 27; 19; 871; INTERNAL; 6; 26; 20; 3449
INTERNAL; 8; 27; 19; 871; INTERNAL; 6; 26; 20; 885
INTERNAL; 6; 26; 20; 885; INTERNAL; 5; 25; 20; 929
INTERNAL; 6; 26; 20; 885; INTERNAL; 5; 25; 20; 3196
INTERNAL; 5; 25; 20; 3196; INTERNAL; 4; 24; 20; 965
INTERNAL; 5; 25; 20; 3196; INTERNAL; 4; 24; 20; 4022
INTERNAL; 5; 25; 20; 3196; INTERNAL; 4; 24; 20; 966
INTERNAL; 4; 24; 20; 966; INTERNAL; 3; 23; 20; 1021
INTERNAL; 3; 23; 20; 1021; INTERNAL; 2; 21; 19; 1068
INTERNAL; 3; 23; 20; 1021; INTERNAL; 2; 21; 19; 1065
INTERNAL; 3; 23; 20; 1021; INTERNAL; 2; 21; 19; 1066
INTERNAL; 4; 24; 20; 966; INTERNAL; 3; 23; 20; 1019
INTERNAL; 3; 23; 20; 1019; INTERNAL; 2; 22; 20; 2080
INTERNAL; 3; 23; 20; 1019; INTERNAL; 2; 22; 20; 1073
INTERNAL; 3; 23; 20; 1019; INTERNAL; 2; 22; 20; 1074
INTERNAL; 4; 24; 20; 966; INTERNAL; 3; 23; 20; 1365
INTERNAL; 3; 23; 20; 1365; INTERNAL; 2; 22; 20; 1083
INTERNAL; 3; 23; 20; 1365; INTERNAL; 2; 22; 20; 3015
INTERNAL; 3; 23; 20; 1365; INTERNAL; 2; 22; 20; 1081
INTERNAL; 6; 26; 20; 885; INTERNAL; 5; 25; 20; 2074
INTERNAL; 8; 27; 19; 871; INTERNAL; 7; 26; 19; 886
INTERNAL; 7; 26; 19; 886; INTERNAL; 5; 25; 20; 4024
INTERNAL; 7; 26; 19; 886; INTERNAL; 6; 25; 19; 943
INTERNAL; 6; 25; 19; 943; INTERNAL; 4; 24; 20; 997
INTERNAL; 6; 25; 19; 943; INTERNAL; 5; 24; 19; 998
INTERNAL; 5; 24; 19; 998; INTERNAL; 4; 23; 19; 1850
INTERNAL; 4; 23; 19; 1850; INTERNAL; 3; 22; 19; 1069
INTERNAL; 4; 23; 19; 1850; INTERNAL; 3; 22; 19; 2011
INTERNAL; 3; 22; 19; 2011; INTERNAL; 2; 21; 19; 1324
INTERNAL; 3; 22; 19; 2011; INTERNAL; 2; 21; 19; 4121
INTERNAL; 2; 21; 19; 4121; INPUT; 1; 1; 0; 2269
INTERNAL; 3; 22; 19; 2011; INTERNAL; 2; 21; 19; 4122
INTERNAL; 4; 23; 19; 1850; INTERNAL; 3; 22; 19; 2438
INTERNAL; 3; 22; 19; 2438; INTERNAL; 2; 21; 19; 1348
INTERNAL; 3; 22; 19; 2438; INTERNAL; 2; 20; 18; 4055
INTERNAL; 3; 22; 19; 2438; INTERNAL; 2; 20; 18; 4053
INTERNAL; 3; 22; 19; 2438; INTERNAL; 2; 21; 19; 1112
INTERNAL; 5; 24; 19; 998; INTERNAL; 3; 23; 20; 1043
INTERNAL; 5; 24; 19; 998; INTERNAL; 3; 23; 20; 1775
INTERNAL; 6; 25; 19; 943; INTERNAL; 5; 24; 19; 999
INTERNAL; 5; 24; 19; 999; INTERNAL; 3; 23; 20; 1028
INTERNAL; 5; 24; 19; 999; INTERNAL; 4; 23; 19; 1030
INTERNAL; 4; 23; 19; 1030; INTERNAL; 2; 22; 20; 1076
INTERNAL; 4; 23; 19; 1030; INTERNAL; 3; 22; 19; 1078
INTERNAL; 3; 22; 19; 1078; INTERNAL; 2; 21; 19; 2426
INTERNAL; 3; 22; 19; 1078; INTERNAL; 2; 21; 19; 1119
INTERNAL; 3; 22; 19; 1078; INTERNAL; 2; 21; 19; 1117
INTERNAL; 4; 23; 19; 1030; INTERNAL; 2; 22; 20; 1077
INTERNAL; 5; 24; 19; 999; INTERNAL; 3; 23; 20; 2214
INTERNAL; 7; 26; 19; 886; INTERNAL; 5; 25; 20; 1063
INTERNAL; 12; 31; 19; 805; INTERNAL; 11; 29; 18; 1300
INTERNAL; 11; 29; 18; 1300; INTERNAL; 9; 28; 19; 875
INTERNAL; 11; 29; 18; 1300; INTERNAL; 10; 28; 18; 1154
INTERNAL; 10; 28; 18; 1154; INTERNAL; 9; 27; 18; 906
INTERNAL; 9; 27; 18; 906; INTERNAL; 7; 26; 19; 976
INTERNAL; 7; 26; 19; 976; INTERNAL; 5; 25; 20; 968
INTERNAL; 7; 26; 19; 976; INTERNAL; 6; 25; 19; 970
INTERNAL; 6; 25; 19; 970; INTERNAL; 4; 24; 20; 1013
INTERNAL; 6; 25; 19; 970; INTERNAL; 5; 24; 19; 2642
INTERNAL; 5; 24; 19; 2642; INTERNAL; 3; 23; 20; 1099
INTERNAL; 5; 24; 19; 2642; INTERNAL; 3; 23; 20; 1100
INTERNAL; 5; 24; 19; 2642; INTERNAL; 4; 23; 19; 1270
INTERNAL; 4; 23; 19; 1270; INTERNAL; 2; 21; 19; 1595
INTERNAL; 4; 23; 19; 1270; INTERNAL; 2; 21; 19; 2891
INTERNAL; 4; 23; 19; 1270; INTERNAL; 3; 21; 18; 2457
INTERNAL; 3; 21; 18; 2457; INTERNAL; 2; 20; 18; 1585
INTERNAL; 3; 21; 18; 2457; INTERNAL; 2; 20; 18; 1226
INTERNAL; 3; 21; 18; 2457; INTERNAL; 2; 20; 18; 2728
INTERNAL; 6; 25; 19; 970; INTERNAL; 5; 24; 19; 1015
INTERNAL; 5; 24; 19; 1015; INTERNAL; 3; 23; 20; 1089
INTERNAL; 5; 24; 19; 1015; INTERNAL; 3; 23; 20; 1088
INTERNAL; 5; 24; 19; 1015; INTERNAL; 4; 23; 19; 1091
INTERNAL; 4; 23; 19; 1091; INTERNAL; 3; 22; 19; 2273
INTERNAL; 3; 22; 19; 2273; INTERNAL; 2; 21; 19; 3644
INTERNAL; 3; 22; 19; 2273; INTERNAL; 2; 21; 19; 1736
INTERNAL; 2; 21; 19; 1736; INPUT; 1; 1; 0; 1814
INTERNAL; 3; 22; 19; 2273; INTERNAL; 2; 21; 19; 4071
INTERNAL; 4; 23; 19; 1091; INTERNAL; 3; 22; 19; 1114
INTERNAL; 4; 23; 19; 1091; INTERNAL; 3; 22; 19; 1113
INTERNAL; 3; 22; 19; 1113; INTERNAL; 2; 20; 18; 3620
INTERNAL; 3; 22; 19; 1113; INTERNAL; 2; 20; 18; 4061
INTERNAL; 3; 22; 19; 1113; INTERNAL; 2; 20; 18; 2790
INTERNAL; 7; 26; 19; 976; INTERNAL; 5; 25; 20; 967
INTERNAL; 9; 27; 18; 906; INTERNAL; 6; 26; 20; 918
INTERNAL; 9; 27; 18; 906; INTERNAL; 8; 26; 18; 920
INTERNAL; 8; 26; 18; 920; INTERNAL; 5; 25; 20; 1245
INTERNAL; 8; 26; 18; 920; INTERNAL; 4; 25; 21; 983
INTERNAL; 8; 26; 18; 920; INTERNAL; 7; 25; 18; 984
INTERNAL; 7; 25; 18; 984; INTERNAL; 4; 23; 19; 1055
INTERNAL; 7; 25; 18; 984; INTERNAL; 6; 23; 17; 1971
INTERNAL; 6; 23; 17; 1971; INTERNAL; 5; 22; 17; 1104
INTERNAL; 5; 22; 17; 1104; INTERNAL; 2; 21; 19; 4117
INTERNAL; 5; 22; 17; 1104; INTERNAL; 2; 21; 19; 3105
INTERNAL; 5; 22; 17; 1104; INTERNAL; 4; 21; 17; 3505
INTERNAL; 4; 21; 17; 3505; INTERNAL; 3; 20; 17; 4088
INTERNAL; 3; 20; 17; 4088; INTERNAL; 2; 19; 17; 4021
INTERNAL; 6; 23; 17; 1971; INTERNAL; 3; 22; 19; 1102
INTERNAL; 3; 22; 19; 1102; INTERNAL; 2; 21; 19; 1286
INTERNAL; 3; 22; 19; 1102; INTERNAL; 2; 21; 19; 1281
INTERNAL; 6; 23; 17; 1971; INTERNAL; 3; 22; 19; 1122
INTERNAL; 3; 22; 19; 1122; INTERNAL; 2; 21; 19; 2507
INTERNAL; 3; 22; 19; 1122; INTERNAL; 2; 21; 19; 4056
INTERNAL; 3; 22; 19; 1122; INTERNAL; 2; 21; 19; 4045
INTERNAL; 7; 25; 18; 984; INTERNAL; 3; 23; 20; 1052
INTERNAL; 10; 28; 18; 1154; INTERNAL; 7; 27; 20; 979
INTERNAL; 10; 28; 18; 1154; INTERNAL; 6; 27; 21; 915
INTERNAL; 11; 29; 18; 1300; INTERNAL; 8; 28; 20; 873
INTERNAL; 32; 32; 0; 1397; INTERNAL; 10; 31; 21; 766
INTERNAL; 10; 31; 21; 766; INTERNAL; 9; 30; 21; 800
INTERNAL; 10; 31; 21; 766; INTERNAL; 9; 30; 21; 874
INTERNAL; 10; 31; 21; 766; INTERNAL; 8; 30; 22; 799
INTERNAL; 32; 32; 0; 1397; INTERNAL; 10; 31; 21; 2161
INTERNAL; 32; 32; 0; 1397; INTERNAL; 31; 31; 0; 1567
INTERNAL; 31; 31; 0; 1567; INTERNAL; 11; 30; 19; 911
INTERNAL; 11; 30; 19; 911; INTERNAL; 10; 28; 18; 3320
INTERNAL; 10; 28; 18; 3320; INTERNAL; 6; 27; 21; 3293
INTERNAL; 10; 28; 18; 3320; INTERNAL; 7; 27; 20; 2716
INTERNAL; 10; 28; 18; 3320; INTERNAL; 9; 27; 18; 944
INTERNAL; 9; 27; 18; 944; INTERNAL; 6; 26; 20; 1002
INTERNAL; 9; 27; 18; 944; INTERNAL; 8; 26; 18; 1003
INTERNAL; 8; 26; 18; 1003; INTERNAL; 7; 24; 17; 1059
INTERNAL; 7; 24; 17; 1059; INTERNAL; 6; 23; 17; 1202
INTERNAL; 6; 23; 17; 1202; INTERNAL; 4; 22; 18; 4113
INTERNAL; 4; 22; 18; 4113; INTERNAL; 3; 21; 18; 2172
INTERNAL; 3; 21; 18; 2172; INTERNAL; 2; 20; 18; 2184
INTERNAL; 3; 21; 18; 2172; INTERNAL; 2; 20; 18; 1274
INTERNAL; 3; 21; 18; 2172; INTERNAL; 2; 20; 18; 3295
INTERNAL; 4; 22; 18; 4113; INTERNAL; 3; 21; 18; 4090
INTERNAL; 3; 21; 18; 4090; INTERNAL; 2; 20; 18; 4025
INTERNAL; 3; 21; 18; 4090; INTERNAL; 2; 20; 18; 4023
INTERNAL; 3; 21; 18; 4090; INTERNAL; 2; 20; 18; 2787
INTERNAL; 4; 22; 18; 4113; INTERNAL; 3; 21; 18; 2358
INTERNAL; 3; 21; 18; 2358; INTERNAL; 2; 20; 18; 1837
INTERNAL; 3; 21; 18; 2358; INTERNAL; 2; 20; 18; 1721
INTERNAL; 3; 21; 18; 2358; INTERNAL; 2; 20; 18; 2613
INTERNAL; 6; 23; 17; 1202; INTERNAL; 3; 22; 19; 4116
INTERNAL; 6; 23; 17; 1202; INTERNAL; 5; 22; 17; 3094
INTERNAL; 7; 24; 17; 1059; INTERNAL; 4; 23; 19; 1070
INTERNAL; 7; 24; 17; 1059; INTERNAL; 6; 23; 17; 1071
INTERNAL; 6; 23; 17; 1071; INTERNAL; 5; 22; 17; 2861
INTERNAL; 5; 22; 17; 2861; INTERNAL; 4; 21; 17; 3252
INTERNAL; 5; 22; 17; 2861; INTERNAL; 3; 21; 18; 1922
INTERNAL; 3; 21; 18; 1922; INTERNAL; 2; 20; 18; 1747
INTERNAL; 3; 21; 18; 1922; INTERNAL; 2; 20; 18; 3519
INTERNAL; 5; 22; 17; 2861; INTERNAL; 3; 21; 18; 3868
INTERNAL; 3; 21; 18; 3868; INTERNAL; 2; 20; 18; 4032
INTERNAL; 3; 21; 18; 3868; INTERNAL; 2; 20; 18; 4035
INTERNAL; 2; 20; 18; 4035; INPUT; 1; 1; 0; 2165
INTERNAL; 3; 21; 18; 3868; INTERNAL; 2; 20; 18; 3643
INTERNAL; 6; 23; 17; 1071; INTERNAL; 4; 22; 18; 4120
INTERNAL; 4; 22; 18; 4120; INTERNAL; 3; 21; 18; 1716
INTERNAL; 4; 22; 18; 4120; INTERNAL; 2; 21; 19; 3069
INTERNAL; 4; 22; 18; 4120; INTERNAL; 2; 21; 19; 2208
INTERNAL; 6; 23; 17; 1071; INTERNAL; 3; 22; 19; 3601
INTERNAL; 3; 22; 19; 3601; INTERNAL; 2; 21; 19; 1962
INTERNAL; 3; 22; 19; 3601; INTERNAL; 2; 21; 19; 4058
INTERNAL; 3; 22; 19; 3601; INTERNAL; 2; 21; 19; 1824
INTERNAL; 8; 26; 18; 1003; INTERNAL; 7; 24; 17; 1058
INTERNAL; 8; 26; 18; 1003; INTERNAL; 5; 24; 19; 1057
INTERNAL; 9; 27; 18; 944; INTERNAL; 6; 26; 20; 1001
INTERNAL; 6; 26; 20; 1001; INTERNAL; 5; 24; 19; 1033
INTERNAL; 6; 26; 20; 1001; INTERNAL; 4; 24; 20; 1032
INTERNAL; 6; 26; 20; 1001; INTERNAL; 5; 24; 19; 3260
INTERNAL; 5; 24; 19; 3260; INTERNAL; 4; 23; 19; 1079
INTERNAL; 5; 24; 19; 3260; INTERNAL; 4; 23; 19; 1080
INTERNAL; 4; 23; 19; 1080; INTERNAL; 3; 22; 19; 3010
INTERNAL; 3; 22; 19; 3010; INTERNAL; 2; 21; 19; 1338
INTERNAL; 3; 22; 19; 3010; INTERNAL; 2; 21; 19; 2159
INTERNAL; 3; 22; 19; 3010; INTERNAL; 2; 21; 19; 4060
INTERNAL; 4; 23; 19; 1080; INTERNAL; 3; 22; 19; 1686
INTERNAL; 4; 23; 19; 1080; INTERNAL; 3; 22; 19; 1910
INTERNAL; 5; 24; 19; 3260; INTERNAL; 3; 23; 20; 2248
INTERNAL; 11; 30; 19; 911; INTERNAL; 9; 28; 19; 3898
INTERNAL; 9; 28; 19; 3898; INTERNAL; 7; 27; 20; 985
INTERNAL; 9; 28; 19; 3898; INTERNAL; 8; 27; 19; 986
INTERNAL; 8; 27; 19; 986; INTERNAL; 7; 25; 18; 1018
INTERNAL; 7; 25; 18; 1018; INTERNAL; 5; 24; 19; 1092
INTERNAL; 7; 25; 18; 1018; INTERNAL; 5; 24; 19; 3568
INTERNAL; 7; 25; 18; 1018; INTERNAL; 6; 24; 18; 1093
INTERNAL; 6; 24; 18; 1093; INTERNAL; 4; 23; 19; 1115
INTERNAL; 6; 24; 18; 1093; INTERNAL; 5; 23; 18; 1116
INTERNAL; 5; 23; 18; 1116; INTERNAL; 3; 22; 19; 3849
INTERNAL; 5; 23; 18; 1116; INTERNAL; 3; 22; 19; 1909
INTERNAL; 5; 23; 18; 1116; INTERNAL; 4; 22; 18; 3532
INTERNAL; 6; 24; 18; 1093; INTERNAL; 5; 23; 18; 2210
INTERNAL; 5; 23; 18; 2210; INTERNAL; 3; 22; 19; 2297
INTERNAL; 5; 23; 18; 2210; INTERNAL; 3; 22; 19; 3755
INTERNAL; 5; 23; 18; 2210; INTERNAL; 4; 22; 18; 4069
INTERNAL; 4; 22; 18; 4069; INTERNAL; 3; 21; 18; 3931
INTERNAL; 3; 21; 18; 3931; INTERNAL; 2; 20; 18; 3995
INTERNAL; 3; 21; 18; 3931; INTERNAL; 2; 20; 18; 3561
INTERNAL; 3; 21; 18; 3931; INTERNAL; 2; 20; 18; 2361
INTERNAL; 4; 22; 18; 4069; INTERNAL; 3; 21; 18; 4014
INTERNAL; 3; 21; 18; 4014; INTERNAL; 2; 20; 18; 1704
INTERNAL; 3; 21; 18; 4014; INTERNAL; 2; 20; 18; 3394
INTERNAL; 3; 21; 18; 4014; INTERNAL; 2; 20; 18; 3384
INTERNAL; 4; 22; 18; 4069; INTERNAL; 3; 21; 18; 3098
INTERNAL; 3; 21; 18; 3098; INTERNAL; 2; 20; 18; 3994
INTERNAL; 3; 21; 18; 3098; INTERNAL; 2; 19; 17; 1781
INTERNAL; 3; 21; 18; 3098; INTERNAL; 2; 20; 18; 2836
INTERNAL; 8; 27; 19; 986; INTERNAL; 6; 25; 19; 1016
INTERNAL; 8; 27; 19; 986; INTERNAL; 7; 25; 18; 1017
INTERNAL; 7; 25; 18; 1017; INTERNAL; 6; 24; 18; 1107
INTERNAL; 7; 25; 18; 1017; INTERNAL; 5; 24; 19; 1106
INTERNAL; 7; 25; 18; 1017; INTERNAL; 5; 24; 19; 1105
INTERNAL; 5; 24; 19; 1105; INTERNAL; 4; 22; 18; 3872
INTERNAL; 5; 24; 19; 1105; INTERNAL; 3; 22; 19; 4118
INTERNAL; 5; 24; 19; 1105; INTERNAL; 4; 22; 18; 2371
INTERNAL; 4; 22; 18; 2371; INTERNAL; 3; 21; 18; 4077
INTERNAL; 3; 21; 18; 4077; INTERNAL; 2; 20; 18; 4018
INTERNAL; 3; 21; 18; 4077; INTERNAL; 2; 20; 18; 3050
INTERNAL; 3; 21; 18; 4077; INTERNAL; 2; 20; 18; 3194
INTERNAL; 4; 22; 18; 2371; INTERNAL; 3; 21; 18; 3441
INTERNAL; 3; 21; 18; 3441; INTERNAL; 2; 20; 18; 2547
INTERNAL; 3; 21; 18; 3441; INTERNAL; 2; 20; 18; 3587
INTERNAL; 4; 22; 18; 2371; INTERNAL; 3; 21; 18; 2719
INTERNAL; 9; 28; 19; 3898; INTERNAL; 8; 27; 19; 1734
INTERNAL; 11; 30; 19; 911; INTERNAL; 9; 28; 19; 945
INTERNAL; 31; 31; 0; 1567; INTERNAL; 30; 30; 0; 912
INTERNAL; 30; 30; 0; 912; INTERNAL; 10; 29; 19; 1009
INTERNAL; 10; 29; 19; 1009; INTERNAL; 9; 28; 19; 1051
INTERNAL; 10; 29; 19; 1009; INTERNAL; 9; 28; 19; 1004
INTERNAL; 10; 29; 19; 1009; INTERNAL; 9; 28; 19; 1005
INTERNAL; 9; 28; 19; 1005; INTERNAL; 6; 25; 19; 1060
INTERNAL; 9; 28; 19; 1005; INTERNAL; 8; 25; 17; 1061
INTERNAL; 9; 28; 19; 1005; INTERNAL; 8; 25; 17; 2664
INTERNAL; 8; 25; 17; 2664; INTERNAL; 7; 24; 17; 1072
INTERNAL; 8; 25; 17; 2664; INTERNAL; 7; 24; 17; 1401
INTERNAL; 7; 24; 17; 1401; INTERNAL; 4; 23; 19; 2023
INTERNAL; 7; 24; 17; 1401; INTERNAL; 6; 23; 17; 2668
INTERNAL; 6; 23; 17; 2668; INTERNAL; 5; 22; 17; 4051
INTERNAL; 5; 22; 17; 4051; INTERNAL; 3; 21; 18; 2445
INTERNAL; 3; 21; 18; 2445; INTERNAL; 2; 20; 18; 3168
INTERNAL; 3; 21; 18; 2445; INTERNAL; 2; 20; 18; 3974
INTERNAL; 3; 21; 18; 2445; INTERNAL; 2; 20; 18; 3975
INTERNAL; 5; 22; 17; 4051; INTERNAL; 4; 21; 17; 2936
INTERNAL; 4; 21; 17; 2936; INTERNAL; 3; 20; 17; 3988
INTERNAL; 3; 20; 17; 3988; INPUT; 1; 1; 0; 2173
INTERNAL; 3; 20; 17; 3988; INTERNAL; 2; 19; 17; 3946
INTERNAL; 4; 21; 17; 2936; INTERNAL; 2; 20; 18; 2117
INTERNAL; 4; 21; 17; 2936; INTERNAL; 2; 20; 18; 3990
INTERNAL; 5; 22; 17; 4051; INTERNAL; 3; 21; 18; 2955
INTERNAL; 3; 21; 18; 2955; INTERNAL; 2; 20; 18; 3978
INTERNAL; 3; 21; 18; 2955; INTERNAL; 2; 20; 18; 3979
INTERNAL; 3; 21; 18; 2955; INTERNAL; 2; 20; 18; 3552
INTERNAL; 6; 23; 17; 2668; INTERNAL; 5; 22; 17; 4052
INTERNAL; 5; 22; 17; 4052; INTERNAL; 4; 21; 17; 2597
INTERNAL; 4; 21; 17; 2597; INTERNAL; 3; 20; 17; 3971
INTERNAL; 3; 20; 17; 3971; INTERNAL; 2; 19; 17; 1141
INTERNAL; 3; 20; 17; 3971; INTERNAL; 2; 19; 17; 1207
INTERNAL; 3; 20; 17; 3971; INTERNAL; 2; 19; 17; 2274
INTERNAL; 4; 21; 17; 2597; INTERNAL; 3; 20; 17; 3973
INTERNAL; 3; 20; 17; 3973; INTERNAL; 2; 19; 17; 2749
INTERNAL; 3; 20; 17; 3973; INTERNAL; 2; 19; 17; 1312
INTERNAL; 3; 20; 17; 3973; INTERNAL; 2; 19; 17; 2904
INTERNAL; 4; 21; 17; 2597; INTERNAL; 3; 20; 17; 1918
INTERNAL; 3; 20; 17; 1918; INTERNAL; 2; 19; 17; 3526
INTERNAL; 3; 20; 17; 1918; INTERNAL; 2; 19; 17; 3958
INTERNAL; 3; 20; 17; 1918; INTERNAL; 2; 19; 17; 3848
INTERNAL; 5; 22; 17; 4052; INTERNAL; 3; 21; 18; 4037
INTERNAL; 3; 21; 18; 4037; INTERNAL; 2; 20; 18; 3977
INTERNAL; 3; 21; 18; 4037; INTERNAL; 2; 20; 18; 4102
INTERNAL; 3; 21; 18; 4037; INTERNAL; 2; 20; 18; 3228
INTERNAL; 5; 22; 17; 4052; INTERNAL; 3; 21; 18; 2005
INTERNAL; 6; 23; 17; 2668; INTERNAL; 4; 22; 18; 2439
INTERNAL; 4; 22; 18; 2439; INTERNAL; 3; 21; 18; 3002
INTERNAL; 4; 22; 18; 2439; INTERNAL; 3; 21; 18; 4031
INTERNAL; 4; 22; 18; 2439; INTERNAL; 3; 21; 18; 4020
INTERNAL; 7; 24; 17; 1401; INTERNAL; 6; 23; 17; 4085
INTERNAL; 8; 25; 17; 2664; INTERNAL; 7; 24; 17; 3903
INTERNAL; 7; 24; 17; 3903; INTERNAL; 6; 23; 17; 3883
INTERNAL; 6; 23; 17; 3883; INTERNAL; 5; 22; 17; 4081
INTERNAL; 6; 23; 17; 3883; INTERNAL; 4; 22; 18; 4083
INTERNAL; 4; 22; 18; 4083; INTERNAL; 3; 21; 18; 4017
INTERNAL; 4; 22; 18; 4083; INTERNAL; 3; 21; 18; 3558
INTERNAL; 4; 22; 18; 4083; INTERNAL; 3; 21; 18; 3962
INTERNAL; 6; 23; 17; 3883; INTERNAL; 4; 22; 18; 4086
INTERNAL; 7; 24; 17; 3903; INTERNAL; 6; 23; 17; 3881
INTERNAL; 7; 24; 17; 3903; INTERNAL; 5; 23; 18; 4110
INTERNAL; 30; 30; 0; 912; INTERNAL; 11; 29; 18; 2833
INTERNAL; 11; 29; 18; 2833; INTERNAL; 10; 27; 17; 1064
INTERNAL; 10; 27; 17; 1064; INTERNAL; 8; 26; 18; 1109
INTERNAL; 10; 27; 17; 1064; INTERNAL; 9; 26; 17; 3837
INTERNAL; 9; 26; 17; 3837; INTERNAL; 7; 25; 18; 2084
INTERNAL; 7; 25; 18; 2084; INTERNAL; 6; 24; 18; 4049
INTERNAL; 7; 25; 18; 2084; INTERNAL; 5; 24; 19; 1381
INTERNAL; 7; 25; 18; 2084; INTERNAL; 6; 24; 18; 2627
INTERNAL; 6; 24; 18; 2627; INTERNAL; 5; 23; 18; 3904
INTERNAL; 6; 24; 18; 2627; INTERNAL; 5; 23; 18; 2242
INTERNAL; 5; 23; 18; 2242; INTERNAL; 4; 21; 17; 3986
INTERNAL; 5; 23; 18; 2242; INTERNAL; 4; 21; 17; 2721
INTERNAL; 4; 21; 17; 2721; INTERNAL; 2; 20; 18; 3943
INTERNAL; 4; 21; 17; 2721; INTERNAL; 3; 20; 17; 3940
INTERNAL; 4; 21; 17; 2721; INTERNAL; 2; 20; 18; 3944
INTERNAL; 5; 23; 18; 2242; INTERNAL; 4; 21; 17; 3984
INTERNAL; 4; 21; 17; 3984; INTERNAL; 3; 20; 17; 1471
INTERNAL; 3; 20; 17; 1471; INTERNAL; 2; 19; 17; 3896
INTERNAL; 3; 20; 17; 1471; INTERNAL; 2; 19; 17; 3899
INTERNAL; 3; 20; 17; 1471; INTERNAL; 2; 19; 17; 3897
INTERNAL; 4; 21; 17; 3984; INTERNAL; 3; 20; 17; 2779
INTERNAL; 3; 20; 17; 2779; INTERNAL; 2; 19; 17; 3905
INTERNAL; 3; 20; 17; 2779; INTERNAL; 2; 19; 17; 3739
INTERNAL; 3; 20; 17; 2779; INTERNAL; 2; 19; 17; 1497
INTERNAL; 4; 21; 17; 3984; INTERNAL; 3; 20; 17; 3599
INTERNAL; 3; 20; 17; 3599; INTERNAL; 2; 19; 17; 3576
INTERNAL; 3; 20; 17; 3599; INTERNAL; 2; 19; 17; 2024
INTERNAL; 3; 20; 17; 3599; INTERNAL; 2; 19; 17; 1525
INTERNAL; 6; 24; 18; 2627; INTERNAL; 4; 23; 19; 1972
INTERNAL; 4; 23; 19; 1972; INTERNAL; 3; 21; 18; 2443
INTERNAL; 4; 23; 19; 1972; INTERNAL; 3; 21; 18; 3902
INTERNAL; 4; 23; 19; 1972; INTERNAL; 3; 21; 18; 2231
INTERNAL; 9; 26; 17; 3837; INTERNAL; 7; 25; 18; 4108
INTERNAL; 9; 26; 17; 3837; INTERNAL; 8; 25; 17; 4105
INTERNAL; 8; 25; 17; 4105; INTERNAL; 7; 24; 17; 3766
INTERNAL; 7; 24; 17; 3766; INTERNAL; 4; 23; 19; 2035
INTERNAL; 7; 24; 17; 3766; INTERNAL; 6; 23; 17; 2065
INTERNAL; 6; 23; 17; 2065; INTERNAL; 5; 21; 16; 1690
INTERNAL; 5; 21; 16; 1690; INTERNAL; 4; 20; 16; 3297
INTERNAL; 4; 20; 16; 3297; INTERNAL; 2; 19; 17; 3864
INTERNAL; 4; 20; 16; 3297; INTERNAL; 2; 19; 17; 3540
INTERNAL; 4; 20; 16; 3297; INTERNAL; 3; 19; 16; 3863
INTERNAL; 3; 19; 16; 3863; INTERNAL; 2; 18; 16; 3866
INTERNAL; 3; 19; 16; 3863; INPUT; 1; 1; 0; 2042
INTERNAL; 5; 21; 16; 1690; INTERNAL; 3; 20; 17; 3469
INTERNAL; 5; 21; 16; 1690; INTERNAL; 3; 20; 17; 3955
INTERNAL; 6; 23; 17; 2065; INTERNAL; 4; 21; 17; 3970
INTERNAL; 4; 21; 17; 3970; INTERNAL; 3; 20; 17; 3947
INTERNAL; 4; 21; 17; 3970; INTERNAL; 3; 20; 17; 3772
INTERNAL; 3; 20; 17; 3772; INTERNAL; 2; 19; 17; 3887
INTERNAL; 3; 20; 17; 3772; INTERNAL; 2; 19; 17; 3891
INTERNAL; 3; 20; 17; 3772; INTERNAL; 2; 19; 17; 3963
INTERNAL; 4; 21; 17; 3970; INTERNAL; 3; 20; 17; 2590
INTERNAL; 3; 20; 17; 2590; INTERNAL; 2; 19; 17; 1453
INTERNAL; 3; 20; 17; 2590; INTERNAL; 2; 19; 17; 2896
INTERNAL; 3; 20; 17; 2590; INTERNAL; 2; 19; 17; 3885
INTERNAL; 6; 23; 17; 2065; INTERNAL; 4; 21; 17; 3967
INTERNAL; 7; 24; 17; 3766; INTERNAL; 5; 23; 18; 4028
INTERNAL; 8; 25; 17; 4105; INTERNAL; 7; 24; 17; 4064
INTERNAL; 7; 24; 17; 4064; INTERNAL; 6; 23; 17; 2546
INTERNAL; 6; 23; 17; 2546; INTERNAL; 4; 22; 18; 2853
INTERNAL; 6; 23; 17; 2546; INTERNAL; 5; 22; 17; 1729
INTERNAL; 5; 22; 17; 1729; INTERNAL; 3; 21; 18; 1777
INTERNAL; 3; 21; 18; 1777; INTERNAL; 2; 20; 18; 3927
INTERNAL; 3; 21; 18; 1777; INTERNAL; 2; 20; 18; 3933
INTERNAL; 3; 21; 18; 1777; INTERNAL; 2; 20; 18; 2867
INTERNAL; 5; 22; 17; 1729; INTERNAL; 3; 21; 18; 4001
INTERNAL; 5; 22; 17; 1729; INTERNAL; 4; 21; 17; 2702
INTERNAL; 4; 21; 17; 2702; INTERNAL; 2; 20; 18; 3924
INTERNAL; 4; 21; 17; 2702; INTERNAL; 2; 20; 18; 2417
INTERNAL; 4; 21; 17; 2702; INTERNAL; 3; 20; 17; 3336
INTERNAL; 6; 23; 17; 2546; INTERNAL; 5; 22; 17; 4013
INTERNAL; 5; 22; 17; 4013; INTERNAL; 3; 21; 18; 1252
INTERNAL; 5; 22; 17; 4013; INTERNAL; 4; 21; 17; 3991
INTERNAL; 4; 21; 17; 3991; INTERNAL; 2; 20; 18; 1549
INTERNAL; 4; 21; 17; 3991; INTERNAL; 3; 20; 17; 2018
INTERNAL; 4; 21; 17; 3991; INTERNAL; 2; 20; 18; 3925
INTERNAL; 5; 22; 17; 4013; INTERNAL; 3; 21; 18; 2657
INTERNAL; 7; 24; 17; 4064; INTERNAL; 5; 23; 18; 1789
INTERNAL; 7; 24; 17; 4064; INTERNAL; 4; 23; 19; 4067
INTERNAL; 8; 25; 17; 4105; INTERNAL; 6; 24; 18; 4066
INTERNAL; 10; 27; 17; 1064; INTERNAL; 9; 26; 17; 1110
INTERNAL; 9; 26; 17; 1110; INTERNAL; 7; 25; 18; 1108
INTERNAL; 9; 26; 17; 1110; INTERNAL; 8; 25; 17; 2135
INTERNAL; 8; 25; 17; 2135; INTERNAL; 6; 24; 18; 1280
INTERNAL; 8; 25; 17; 2135; INTERNAL; 7; 24; 17; 3627
INTERNAL; 8; 25; 17; 2135; INTERNAL; 7; 24; 17; 1703
INTERNAL; 9; 26; 17; 1110; INTERNAL; 7; 25; 18; 2515
INTERNAL; 11; 29; 18; 2833; INTERNAL; 10; 27; 17; 1687
INTERNAL; 10; 27; 17; 1687; INTERNAL; 8; 26; 18; 3008
INTERNAL; 10; 27; 17; 1687; INTERNAL; 9; 26; 17; 3310
INTERNAL; 10; 27; 17; 1687; INTERNAL; 9; 26; 17; 3223
INTERNAL; 30; 30; 0; 912; INTERNAL; 10; 29; 19; 946
INTERNAL; 30; 30; 0; 912; INTERNAL; 11; 29; 18; 948
INTERNAL; 30; 30; 0; 912; INTERNAL; 29; 29; 0; 1007
INTERNAL; 29; 29; 0; 1007; INTERNAL; 10; 28; 18; 1959
INTERNAL; 10; 28; 18; 1959; INTERNAL; 9; 27; 18; 4097
INTERNAL; 9; 27; 18; 4097; INTERNAL; 7; 25; 18; 3593
INTERNAL; 7; 25; 18; 3593; INTERNAL; 6; 24; 18; 1519
INTERNAL; 7; 25; 18; 3593; INTERNAL; 4; 24; 20; 4011
INTERNAL; 7; 25; 18; 3593; INTERNAL; 6; 24; 18; 3080
INTERNAL; 6; 24; 18; 3080; INTERNAL; 5; 22; 17; 3999
INTERNAL; 5; 22; 17; 3999; INTERNAL; 4; 21; 17; 3939
INTERNAL; 5; 22; 17; 3999; INTERNAL; 4; 21; 17; 1680
INTERNAL; 4; 21; 17; 1680; INTERNAL; 3; 19; 16; 1363
INTERNAL; 3; 19; 16; 1363; INTERNAL; 2; 18; 16; 2464
INTERNAL; 3; 19; 16; 1363; INTERNAL; 2; 18; 16; 3810
INTERNAL; 3; 19; 16; 1363; INTERNAL; 2; 18; 16; 4063
INTERNAL; 4; 21; 17; 1680; INTERNAL; 3; 19; 16; 2496
INTERNAL; 3; 19; 16; 2496; INTERNAL; 2; 18; 16; 3816
INTERNAL; 2; 18; 16; 3816; INPUT; 1; 1; 0; 2079
INTERNAL; 3; 19; 16; 2496; INTERNAL; 2; 18; 16; 3812
INTERNAL; 3; 19; 16; 2496; INTERNAL; 2; 18; 16; 3813
INTERNAL; 4; 21; 17; 1680; INTERNAL; 3; 19; 16; 4036
INTERNAL; 3; 19; 16; 4036; INTERNAL; 2; 18; 16; 3845
INTERNAL; 3; 19; 16; 4036; INTERNAL; 2; 18; 16; 2405
INTERNAL; 3; 19; 16; 4036; INTERNAL; 2; 18; 16; 3839
INTERNAL; 5; 22; 17; 3999; INTERNAL; 4; 21; 17; 3937
INTERNAL; 4; 21; 17; 3937; INTERNAL; 2; 19; 17; 2564
INTERNAL; 4; 21; 17; 3937; INTERNAL; 3; 19; 16; 3884
INTERNAL; 3; 19; 16; 3884; INTERNAL; 2; 18; 16; 3842
INTERNAL; 4; 21; 17; 3937; INTERNAL; 2; 19; 17; 1583
INTERNAL; 6; 24; 18; 3080; INTERNAL; 5; 22; 17; 2693
INTERNAL; 6; 24; 18; 3080; INTERNAL; 5; 22; 17; 3998
INTERNAL; 5; 22; 17; 3998; INTERNAL; 4; 21; 17; 3917
INTERNAL; 5; 22; 17; 3998; INTERNAL; 3; 21; 18; 3922
INTERNAL; 5; 22; 17; 3998; INTERNAL; 4; 21; 17; 3915
INTERNAL; 9; 27; 18; 4097; INTERNAL; 7; 25; 18; 4047
INTERNAL; 9; 27; 18; 4097; INTERNAL; 8; 25; 17; 4043
INTERNAL; 8; 25; 17; 4043; INTERNAL; 7; 24; 17; 4026
INTERNAL; 8; 25; 17; 4043; INTERNAL; 6; 24; 18; 3127
INTERNAL; 8; 25; 17; 4043; INTERNAL; 7; 24; 17; 3830
INTERNAL; 7; 24; 17; 3830; INTERNAL; 5; 22; 17; 3207
INTERNAL; 7; 24; 17; 3830; INTERNAL; 6; 22; 16; 1333
INTERNAL; 6; 22; 16; 1333; INTERNAL; 4; 21; 17; 3737
INTERNAL; 6; 22; 16; 1333; INTERNAL; 4; 21; 17; 3912
INTERNAL; 4; 21; 17; 3912; INTERNAL; 3; 20; 17; 3085
INTERNAL; 3; 20; 17; 3085; INTERNAL; 2; 19; 17; 2103
INTERNAL; 3; 20; 17; 3085; INTERNAL; 2; 19; 17; 1475
INTERNAL; 3; 20; 17; 3085; INTERNAL; 2; 19; 17; 3826
INTERNAL; 4; 21; 17; 3912; INTERNAL; 3; 20; 17; 3681
INTERNAL; 3; 20; 17; 3681; INTERNAL; 2; 19; 17; 3827
INTERNAL; 3; 20; 17; 3681; INTERNAL; 2; 19; 17; 2999
INTERNAL; 3; 20; 17; 3681; INTERNAL; 2; 19; 17; 2568
INTERNAL; 4; 21; 17; 3912; INTERNAL; 3; 20; 17; 3871
INTERNAL; 6; 22; 16; 1333; INTERNAL; 5; 21; 16; 3910
INTERNAL; 5; 21; 16; 3910; INTERNAL; 3; 20; 17; 3895
INTERNAL; 5; 21; 16; 3910; INTERNAL; 4; 20; 16; 3894
INTERNAL; 4; 20; 16; 3894; INTERNAL; 2; 19; 17; 3836
INTERNAL; 4; 20; 16; 3894; INTERNAL; 3; 19; 16; 3834
INTERNAL; 4; 20; 16; 3894; INTERNAL; 2; 19; 17; 3841
INTERNAL; 5; 21; 16; 3910; INTERNAL; 3; 20; 17; 3557
INTERNAL; 7; 24; 17; 3830; INTERNAL; 5; 22; 17; 3980
INTERNAL; 10; 28; 18; 1959; INTERNAL; 9; 27; 18; 4100
INTERNAL; 10; 28; 18; 1959; INTERNAL; 8; 27; 19; 4104
INTERNAL; 29; 29; 0; 1007; INTERNAL; 10; 28; 18; 4095
INTERNAL; 29; 29; 0; 1007; INTERNAL; 10; 28; 18; 4094
INTERNAL; 10; 28; 18; 4094; INTERNAL; 9; 26; 17; 2055
INTERNAL; 10; 28; 18; 4094; INTERNAL; 9; 26; 17; 2162
INTERNAL; 9; 26; 17; 2162; INTERNAL; 8; 25; 17; 1565
INTERNAL; 8; 25; 17; 1565; INTERNAL; 7; 22; 15; 3527
INTERNAL; 7; 22; 15; 3527; INTERNAL; 5; 21; 16; 1782
INTERNAL; 5; 21; 16; 1782; INTERNAL; 4; 20; 16; 3875
INTERNAL; 5; 21; 16; 1782; INTERNAL; 3; 20; 17; 3878
INTERNAL; 5; 21; 16; 1782; INTERNAL; 3; 20; 17; 3880
INTERNAL; 7; 22; 15; 3527; INTERNAL; 6; 21; 15; 3064
INTERNAL; 6; 21; 15; 3064; INTERNAL; 4; 20; 16; 3370
INTERNAL; 6; 21; 15; 3064; INTERNAL; 3; 20; 17; 4042
INTERNAL; 3; 20; 17; 4042; INTERNAL; 2; 19; 17; 2911
INTERNAL; 3; 20; 17; 4042; INTERNAL; 2; 19; 17; 3825
INTERNAL; 3; 20; 17; 4042; INTERNAL; 2; 19; 17; 2793
INTERNAL; 6; 21; 15; 3064; INTERNAL; 5; 20; 15; 3641
INTERNAL; 5; 20; 15; 3641; INTERNAL; 3; 19; 16; 3711
INTERNAL; 3; 19; 16; 3711; INTERNAL; 2; 18; 16; 3767
INTERNAL; 3; 19; 16; 3711; INTERNAL; 2; 18; 16; 3110
INTERNAL; 3; 19; 16; 3711; INTERNAL; 2; 18; 16; 2403
INTERNAL; 5; 20; 15; 3641; INTERNAL; 3; 19; 16; 3807
INTERNAL; 3; 19; 16; 3807; INTERNAL; 2; 18; 16; 2122
INTERNAL; 3; 19; 16; 3807; INTERNAL; 2; 18; 16; 3185
INTERNAL; 5; 20; 15; 3641; INTERNAL; 4; 19; 15; 3725
INTERNAL; 4; 19; 15; 3725; INTERNAL; 3; 18; 15; 3776
INTERNAL; 3; 18; 15; 3776; INTERNAL; 2; 17; 15; 3731
INTERNAL; 4; 19; 15; 3725; INTERNAL; 2; 18; 16; 3777
INTERNAL; 4; 19; 15; 3725; INTERNAL; 2; 18; 16; 1836
INTERNAL; 7; 22; 15; 3527; INTERNAL; 5; 21; 16; 3954
INTERNAL; 8; 25; 17; 1565; INTERNAL; 4; 22; 18; 1509
INTERNAL; 8; 25; 17; 1565; INTERNAL; 6; 22; 16; 3966
INTERNAL; 9; 26; 17; 2162; INTERNAL; 7; 25; 18; 4008
INTERNAL; 9; 26; 17; 2162; INTERNAL; 8; 25; 17; 3781
INTERNAL; 8; 25; 17; 3781; INTERNAL; 6; 23; 17; 2823
INTERNAL; 8; 25; 17; 3781; INTERNAL; 6; 23; 17; 3787
INTERNAL; 6; 23; 17; 3787; INTERNAL; 5; 22; 17; 1156
INTERNAL; 6; 23; 17; 3787; INTERNAL; 5; 22; 17; 2127
INTERNAL; 5; 22; 17; 2127; INTERNAL; 4; 20; 16; 3678
INTERNAL; 4; 20; 16; 3678; INTERNAL; 3; 19; 16; 3163
INTERNAL; 3; 19; 16; 3163; INTERNAL; 2; 18; 16; 3762
INTERNAL; 3; 19; 16; 3163; INTERNAL; 2; 18; 16; 3290
INTERNAL; 3; 19; 16; 3163; INTERNAL; 2; 18; 16; 3759
INTERNAL; 4; 20; 16; 3678; INTERNAL; 3; 19; 16; 3377
INTERNAL; 4; 20; 16; 3678; INTERNAL; 3; 19; 16; 2654
INTERNAL; 3; 19; 16; 2654; INTERNAL; 2; 18; 16; 4019
INTERNAL; 3; 19; 16; 2654; INTERNAL; 2; 18; 16; 1152
INTERNAL; 3; 19; 16; 2654; INTERNAL; 2; 18; 16; 2211
INTERNAL; 5; 22; 17; 2127; INTERNAL; 4; 20; 16; 3796
INTERNAL; 5; 22; 17; 2127; INTERNAL; 4; 20; 16; 3638
INTERNAL; 4; 20; 16; 3638; INTERNAL; 3; 19; 16; 1347
INTERNAL; 4; 20; 16; 3638; INTERNAL; 3; 19; 16; 3007
INTERNAL; 3; 19; 16; 3007; INTERNAL; 2; 18; 16; 3758
INTERNAL; 3; 19; 16; 3007; INTERNAL; 2; 18; 16; 3778
INTERNAL; 3; 19; 16; 3007; INTERNAL; 2; 18; 16; 2563
INTERNAL; 4; 20; 16; 3638; INTERNAL; 3; 19; 16; 3809
INTERNAL; 6; 23; 17; 3787; INTERNAL; 4; 22; 18; 3935
INTERNAL; 8; 25; 17; 3781; INTERNAL; 7; 23; 16; 3814
INTERNAL; 10; 28; 18; 4094; INTERNAL; 8; 26; 18; 2875
INTERNAL; 29; 29; 0; 1007; INTERNAL; 28; 28; 0; 3919
INTERNAL; 28; 28; 0; 3919; INTERNAL; 11; 27; 16; 4038
INTERNAL; 11; 27; 16; 4038; INTERNAL; 9; 26; 17; 1438
INTERNAL; 11; 27; 16; 4038; INTERNAL; 8; 26; 18; 3368
INTERNAL; 11; 27; 16; 4038; INTERNAL; 10; 26; 16; 4007
INTERNAL; 10; 26; 16; 4007; INTERNAL; 8; 23; 15; 3865
INTERNAL; 10; 26; 16; 4007; INTERNAL; 7; 23; 16; 2190
INTERNAL; 7; 23; 16; 2190; INTERNAL; 6; 22; 16; 3909
INTERNAL; 6; 22; 16; 3909; INTERNAL; 5; 21; 16; 3510
INTERNAL; 6; 22; 16; 3909; INTERNAL; 4; 21; 17; 3893
INTERNAL; 4; 21; 17; 3893; INTERNAL; 3; 20; 17; 3062
INTERNAL; 4; 21; 17; 3893; INTERNAL; 3; 20; 17; 3824
INTERNAL; 4; 21; 17; 3893; INTERNAL; 3; 20; 17; 3387
INTERNAL; 6; 22; 16; 3909; INTERNAL; 5; 21; 16; 1171
INTERNAL; 5; 21; 16; 1171; INTERNAL; 4; 20; 16; 3833
INTERNAL; 4; 20; 16; 3833; INTERNAL; 3; 19; 16; 2551
INTERNAL; 3; 19; 16; 2551; INTERNAL; 2; 18; 16; 1993
INTERNAL; 4; 20; 16; 3833; INTERNAL; 3; 19; 16; 3770
INTERNAL; 3; 19; 16; 3770; INTERNAL; 2; 18; 16; 3488
INTERNAL; 3; 19; 16; 3770; INTERNAL; 2; 18; 16; 1436
INTERNAL; 3; 19; 16; 3770; INTERNAL; 2; 18; 16; 3179
INTERNAL; 3; 19; 16; 3770; INTERNAL; 2; 18; 16; 3701
INTERNAL; 4; 20; 16; 3833; INTERNAL; 3; 19; 16; 1985
INTERNAL; 3; 19; 16; 1985; INTERNAL; 2; 18; 16; 3709
INTERNAL; 3; 19; 16; 1985; INTERNAL; 2; 18; 16; 2559
INTERNAL; 3; 19; 16; 1985; INTERNAL; 2; 18; 16; 3707
INTERNAL; 5; 21; 16; 1171; INTERNAL; 3; 20; 17; 3132
INTERNAL; 3; 20; 17; 3132; INTERNAL; 2; 18; 16; 3756
INTERNAL; 3; 20; 17; 3132; INTERNAL; 2; 18; 16; 1512
INTERNAL; 3; 20; 17; 3132; INTERNAL; 2; 18; 16; 1963
INTERNAL; 5; 21; 16; 1171; INTERNAL; 4; 20; 16; 2907
INTERNAL; 7; 23; 16; 2190; INTERNAL; 6; 22; 16; 2570
INTERNAL; 7; 23; 16; 2190; INTERNAL; 5; 22; 17; 1165
INTERNAL; 10; 26; 16; 4007; INTERNAL; 9; 23; 14; 3819
INTERNAL; 9; 23; 14; 3819; INTERNAL; 7; 22; 15; 3949
INTERNAL; 7; 22; 15; 3949; INTERNAL; 5; 21; 16; 3477
INTERNAL; 7; 22; 15; 3949; INTERNAL; 6; 21; 15; 3874
INTERNAL; 6; 21; 15; 3874; INTERNAL; 5; 20; 15; 3801
INTERNAL; 6; 21; 15; 3874; INTERNAL; 4; 20; 16; 3803
INTERNAL; 4; 20; 16; 3803; INTERNAL; 3; 19; 16; 3752
INTERNAL; 4; 20; 16; 3803; INTERNAL; 3; 19; 16; 3754
INTERNAL; 4; 20; 16; 3803; INTERNAL; 3; 19; 16; 2299
INTERNAL; 6; 21; 15; 3874; INTERNAL; 4; 20; 16; 3805
INTERNAL; 7; 22; 15; 3949; INTERNAL; 5; 21; 16; 2517
INTERNAL; 9; 23; 14; 3819; INTERNAL; 7; 22; 15; 3952
INTERNAL; 9; 23; 14; 3819; INTERNAL; 8; 22; 14; 1693
INTERNAL; 8; 22; 14; 1693; INTERNAL; 4; 21; 17; 3860
INTERNAL; 8; 22; 14; 1693; INTERNAL; 6; 21; 15; 3858
INTERNAL; 8; 22; 14; 1693; INTERNAL; 7; 21; 14; 2408
INTERNAL; 7; 21; 14; 2408; INTERNAL; 6; 20; 14; 3798
INTERNAL; 6; 20; 14; 3798; INTERNAL; 3; 19; 16; 2003
INTERNAL; 6; 20; 14; 3798; INTERNAL; 3; 19; 16; 3723
INTERNAL; 3; 19; 16; 3723; INTERNAL; 2; 18; 16; 4093
INTERNAL; 3; 19; 16; 3723; INTERNAL; 2; 18; 16; 3732
INTERNAL; 3; 19; 16; 3723; INTERNAL; 2; 18; 16; 2255
INTERNAL; 6; 20; 14; 3798; INTERNAL; 5; 19; 14; 2356
INTERNAL; 5; 19; 14; 2356; INTERNAL; 3; 18; 15; 3729
INTERNAL; 5; 19; 14; 2356; INTERNAL; 4; 18; 14; 2366
INTERNAL; 4; 18; 14; 2366; INTERNAL; 2; 17; 15; 1571
INTERNAL; 4; 18; 14; 2366; INTERNAL; 2; 17; 15; 2680
INTERNAL; 4; 18; 14; 2366; INTERNAL; 3; 17; 14; 2871
INTERNAL; 3; 17; 14; 2871; INTERNAL; 2; 16; 14; 3851
INTERNAL; 5; 19; 14; 2356; INTERNAL; 3; 18; 15; 3728
INTERNAL; 3; 18; 15; 3728; INTERNAL; 2; 17; 15; 3667
INTERNAL; 3; 18; 15; 3728; INTERNAL; 2; 17; 15; 3666
INTERNAL; 3; 18; 15; 3728; INTERNAL; 2; 17; 15; 3157
INTERNAL; 7; 21; 14; 2408; INTERNAL; 4; 20; 16; 3799
INTERNAL; 4; 20; 16; 3799; INTERNAL; 3; 19; 16; 3176
INTERNAL; 3; 19; 16; 3176; INTERNAL; 2; 18; 16; 3694
INTERNAL; 3; 19; 16; 3176; INTERNAL; 2; 18; 16; 2976
INTERNAL; 3; 19; 16; 3176; INTERNAL; 2; 18; 16; 3916
INTERNAL; 4; 20; 16; 3799; INTERNAL; 3; 19; 16; 3780
INTERNAL; 3; 19; 16; 3780; INTERNAL; 2; 18; 16; 1531
INTERNAL; 3; 19; 16; 3780; INTERNAL; 2; 18; 16; 3693
INTERNAL; 3; 19; 16; 3780; INTERNAL; 2; 18; 16; 3692
INTERNAL; 4; 20; 16; 3799; INTERNAL; 3; 19; 16; 3993
INTERNAL; 3; 19; 16; 3993; INTERNAL; 2; 18; 16; 3712
INTERNAL; 3; 19; 16; 3993; INTERNAL; 2; 18; 16; 3761
INTERNAL; 3; 19; 16; 3993; INTERNAL; 2; 18; 16; 3714
INTERNAL; 7; 21; 14; 2408; INTERNAL; 5; 20; 15; 2940
INTERNAL; 5; 20; 15; 2940; INTERNAL; 4; 19; 15; 1142
INTERNAL; 5; 20; 15; 2940; INTERNAL; 3; 19; 16; 3774
INTERNAL; 5; 20; 15; 2940; INTERNAL; 3; 19; 16; 3404
INTERNAL; 28; 28; 0; 3919; INTERNAL; 10; 27; 17; 4040
INTERNAL; 28; 28; 0; 3919; INTERNAL; 27; 27; 0; 4005
INTERNAL; 27; 27; 0; 4005; INTERNAL; 10; 26; 16; 2524
INTERNAL; 10; 26; 16; 2524; INTERNAL; 9; 24; 15; 3792
INTERNAL; 9; 24; 15; 3792; INTERNAL; 8; 23; 15; 2375
INTERNAL; 8; 23; 15; 2375; INTERNAL; 6; 21; 15; 3658
INTERNAL; 6; 21; 15; 3658; INTERNAL; 4; 19; 15; 2831
INTERNAL; 4; 19; 15; 2831; INTERNAL; 3; 18; 15; 1223
INTERNAL; 3; 18; 15; 1223; INTERNAL; 2; 17; 15; 1812
INTERNAL; 3; 18; 15; 1223; INTERNAL; 2; 17; 15; 3598
INTERNAL; 3; 18; 15; 1223; INTERNAL; 2; 17; 15; 2016
INTERNAL; 4; 19; 15; 2831; INTERNAL; 3; 18; 15; 2087
INTERNAL; 4; 19; 15; 2831; INTERNAL; 3; 18; 15; 2933
INTERNAL; 3; 18; 15; 2933; INTERNAL; 2; 17; 15; 3120
INTERNAL; 3; 18; 15; 2933; INTERNAL; 2; 17; 15; 3610
INTERNAL; 3; 18; 15; 2933; INTERNAL; 2; 17; 15; 2950
INTERNAL; 6; 21; 15; 3658; INTERNAL; 3; 19; 16; 3302
INTERNAL; 6; 21; 15; 3658; INTERNAL; 5; 19; 14; 2012
INTERNAL; 5; 19; 14; 2012; INTERNAL; 4; 18; 14; 3319
INTERNAL; 5; 19; 14; 2012; INTERNAL; 4; 18; 14; 3661
INTERNAL; 4; 18; 14; 3661; INTERNAL; 2; 17; 15; 3605
INTERNAL; 4; 18; 14; 3661; INTERNAL; 2; 17; 15; 3607
INTERNAL; 4; 18; 14; 3661; INTERNAL; 3; 17; 14; 2057
INTERNAL; 3; 17; 14; 2057; INTERNAL; 2; 16; 14; 2852
INTERNAL; 3; 17; 14; 2057; INTERNAL; 2; 16; 14; 3551
INTERNAL; 5; 19; 14; 2012; INTERNAL; 4; 18; 14; 3447
INTERNAL; 4; 18; 14; 3447; INTERNAL; 2; 17; 15; 1396
INTERNAL; 4; 18; 14; 3447; INTERNAL; 3; 17; 14; 3662
INTERNAL; 3; 17; 14; 3662; INTERNAL; 2; 16; 14; 3433
INTERNAL; 4; 18; 14; 3447; INTERNAL; 2; 17; 15; 3663
INTERNAL; 8; 23; 15; 2375; INTERNAL; 7; 21; 14; 2167
INTERNAL; 7; 21; 14; 2167; INTERNAL; 5; 20; 15; 3553
INTERNAL; 5; 20; 15; 3553; INTERNAL; 3; 19; 16; 2293
INTERNAL; 3; 19; 16; 2293; INTERNAL; 2; 18; 16; 3965
INTERNAL; 3; 19; 16; 2293; INTERNAL; 2; 18; 16; 3769
INTERNAL; 3; 19; 16; 2293; INTERNAL; 2; 18; 16; 4027
INTERNAL; 5; 20; 15; 3553; INTERNAL; 4; 19; 15; 3656
INTERNAL; 4; 19; 15; 3656; INTERNAL; 3; 18; 15; 3657
INTERNAL; 3; 18; 15; 3657; INTERNAL; 2; 17; 15; 1336
INTERNAL; 3; 18; 15; 3657; INTERNAL; 2; 17; 15; 3631
INTERNAL; 4; 19; 15; 3656; INTERNAL; 2; 18; 16; 1126
INTERNAL; 5; 20; 15; 3553; INTERNAL; 4; 19; 15; 2181
INTERNAL; 4; 19; 15; 2181; INTERNAL; 3; 18; 15; 2822
INTERNAL; 3; 18; 15; 2822; INTERNAL; 2; 17; 15; 3624
INTERNAL; 3; 18; 15; 2822; INTERNAL; 2; 17; 15; 3629
INTERNAL; 3; 18; 15; 2822; INTERNAL; 2; 17; 15; 1272
INTERNAL; 4; 19; 15; 2181; INTERNAL; 3; 18; 15; 3619
INTERNAL; 3; 18; 15; 3619; INTERNAL; 2; 17; 15; 1124
INTERNAL; 3; 18; 15; 3619; INTERNAL; 2; 17; 15; 3622
INTERNAL; 3; 18; 15; 3619; INTERNAL; 2; 17; 15; 1489
INTERNAL; 4; 19; 15; 2181; INTERNAL; 3; 18; 15; 2572
INTERNAL; 7; 21; 14; 2167; INTERNAL; 6; 20; 14; 3238
INTERNAL; 6; 20; 14; 3238; INTERNAL; 5; 19; 14; 3838
INTERNAL; 5; 19; 14; 3838; INTERNAL; 3; 18; 15; 1137
INTERNAL; 3; 18; 15; 1137; INTERNAL; 2; 17; 15; 2093
INTERNAL; 3; 18; 15; 1137; INTERNAL; 2; 17; 15; 3031
INTERNAL; 3; 18; 15; 1137; INTERNAL; 2; 17; 15; 1635
INTERNAL; 5; 19; 14; 3838; INTERNAL; 4; 18; 14; 1402
INTERNAL; 4; 18; 14; 1402; INTERNAL; 3; 17; 14; 3534
INTERNAL; 3; 17; 14; 3534; INTERNAL; 2; 16; 14; 3500
INTERNAL; 4; 18; 14; 1402; INTERNAL; 2; 17; 15; 3536
INTERNAL; 4; 18; 14; 1402; INTERNAL; 2; 17; 15; 3539
INTERNAL; 5; 19; 14; 3838; INTERNAL; 3; 18; 15; 3583
INTERNAL; 3; 18; 15; 3583; INTERNAL; 2; 17; 15; 3559
INTERNAL; 3; 18; 15; 3583; INTERNAL; 2; 17; 15; 2834
INTERNAL; 3; 18; 15; 3583; INTERNAL; 2; 17; 15; 3123
INTERNAL; 6; 20; 14; 3238; INTERNAL; 4; 19; 15; 3579
INTERNAL; 4; 19; 15; 3579; INTERNAL; 3; 18; 15; 3088
INTERNAL; 4; 19; 15; 3579; INTERNAL; 3; 18; 15; 2901
INTERNAL; 3; 18; 15; 2901; INTERNAL; 2; 16; 14; 3473
INTERNAL; 3; 18; 15; 2901; INTERNAL; 2; 16; 14; 3475
INTERNAL; 3; 18; 15; 2901; INTERNAL; 2; 16; 14; 3626
INTERNAL; 4; 19; 15; 3579; INTERNAL; 3; 18; 15; 3556
INTERNAL; 6; 20; 14; 3238; INTERNAL; 5; 19; 14; 3578
INTERNAL; 5; 19; 14; 3578; INTERNAL; 4; 18; 14; 3530
INTERNAL; 4; 18; 14; 3530; INTERNAL; 3; 17; 14; 1666
INTERNAL; 3; 17; 14; 1666; INTERNAL; 2; 16; 14; 2345
INTERNAL; 3; 17; 14; 1666; INTERNAL; 2; 16; 14; 1383
INTERNAL; 3; 17; 14; 1666; INTERNAL; 2; 16; 14; 3932
INTERNAL; 4; 18; 14; 3530; INTERNAL; 3; 17; 14; 1228
INTERNAL; 3; 17; 14; 1228; INTERNAL; 2; 16; 14; 3130
INTERNAL; 3; 17; 14; 1228; INTERNAL; 2; 16; 14; 3339
INTERNAL; 3; 17; 14; 1228; INTERNAL; 2; 16; 14; 2748
INTERNAL; 4; 18; 14; 3530; INTERNAL; 3; 17; 14; 2514
INTERNAL; 5; 19; 14; 3578; INTERNAL; 4; 18; 14; 3528
INTERNAL; 5; 19; 14; 3578; INTERNAL; 3; 18; 15; 2253
INTERNAL; 3; 18; 15; 2253; INTERNAL; 2; 17; 15; 3541
INTERNAL; 3; 18; 15; 2253; INTERNAL; 2; 17; 15; 3542
INTERNAL; 3; 18; 15; 2253; INTERNAL; 2; 17; 15; 3522
INTERNAL; 7; 21; 14; 2167; INTERNAL; 6; 20; 14; 3543
INTERNAL; 6; 20; 14; 3543; INTERNAL; 3; 19; 16; 1967
INTERNAL; 3; 19; 16; 1967; INTERNAL; 2; 18; 16; 3507
INTERNAL; 3; 19; 16; 1967; INTERNAL; 2; 18; 16; 3653
INTERNAL; 3; 19; 16; 1967; INTERNAL; 2; 18; 16; 3655
INTERNAL; 6; 20; 14; 3543; INTERNAL; 3; 19; 16; 3648
INTERNAL; 3; 19; 16; 3648; INTERNAL; 2; 18; 16; 3651
INTERNAL; 3; 19; 16; 3648; INTERNAL; 2; 18; 16; 1715
INTERNAL; 3; 19; 16; 3648; INTERNAL; 2; 18; 16; 3649
INTERNAL; 6; 20; 14; 3543; INTERNAL; 5; 19; 14; 2193
INTERNAL; 8; 23; 15; 2375; INTERNAL; 7; 21; 14; 3413
INTERNAL; 7; 21; 14; 3413; INTERNAL; 6; 20; 14; 3715
INTERNAL; 7; 21; 14; 3413; INTERNAL; 5; 20; 15; 3718
INTERNAL; 7; 21; 14; 3413; INTERNAL; 5; 20; 15; 1261
INTERNAL; 5; 20; 15; 1261; INTERNAL; 4; 19; 15; 1873
INTERNAL; 5; 20; 15; 1261; INTERNAL; 3; 19; 16; 3722
INTERNAL; 5; 20; 15; 1261; INTERNAL; 3; 19; 16; 3744
INTERNAL; 9; 24; 15; 3792; INTERNAL; 7; 23; 16; 3550
INTERNAL; 7; 23; 16; 3550; INTERNAL; 6; 20; 14; 1646
INTERNAL; 7; 23; 16; 3550; INTERNAL; 4; 20; 16; 3268
INTERNAL; 7; 23; 16; 3550; INTERNAL; 6; 20; 14; 3764
INTERNAL; 6; 20; 14; 3764; INTERNAL; 5; 19; 14; 3689
INTERNAL; 5; 19; 14; 3689; INTERNAL; 4; 18; 14; 3675
INTERNAL; 4; 18; 14; 3675; INTERNAL; 3; 17; 14; 3078
INTERNAL; 4; 18; 14; 3675; INTERNAL; 3; 17; 14; 3596
INTERNAL; 4; 18; 14; 3675; INTERNAL; 2; 17; 15; 2902
INTERNAL; 5; 19; 14; 3689; INTERNAL; 3; 18; 15; 3676
INTERNAL; 5; 19; 14; 3689; INTERNAL; 3; 18; 15; 3072
INTERNAL; 6; 20; 14; 3764; INTERNAL; 3; 19; 16; 3691
INTERNAL; 6; 20; 14; 3764; INTERNAL; 3; 19; 16; 2537
INTERNAL; 9; 24; 15; 3792; INTERNAL; 8; 23; 15; 3745
INTERNAL; 8; 23; 15; 3745; INTERNAL; 4; 21; 17; 3750
INTERNAL; 8; 23; 15; 3745; INTERNAL; 7; 21; 14; 3747
INTERNAL; 8; 23; 15; 3745; INTERNAL; 6; 21; 15; 3749
INTERNAL; 6; 21; 15; 3749; INTERNAL; 5; 20; 15; 3240
INTERNAL; 5; 20; 15; 3240; INTERNAL; 4; 19; 15; 1566
INTERNAL; 5; 20; 15; 3240; INTERNAL; 3; 19; 16; 3429
INTERNAL; 5; 20; 15; 3240; INTERNAL; 3; 19; 16; 3699
INTERNAL; 6; 21; 15; 3749; INTERNAL; 4; 20; 16; 3192
INTERNAL; 4; 20; 16; 3192; INTERNAL; 3; 19; 16; 3665
INTERNAL; 4; 20; 16; 3192; INTERNAL; 3; 19; 16; 3706
INTERNAL; 4; 20; 16; 3192; INTERNAL; 3; 19; 16; 3704
INTERNAL; 6; 21; 15; 3749; INTERNAL; 5; 20; 15; 3697
INTERNAL; 10; 26; 16; 2524; INTERNAL; 9; 24; 15; 2462
INTERNAL; 9; 24; 15; 2462; INTERNAL; 8; 22; 14; 3793
INTERNAL; 9; 24; 15; 2462; INTERNAL; 7; 22; 15; 1579
INTERNAL; 9; 24; 15; 2462; INTERNAL; 6; 22; 16; 3494
INTERNAL; 10; 26; 16; 2524; INTERNAL; 9; 24; 15; 1169
INTERNAL; 9; 24; 15; 1169; INTERNAL; 8; 23; 15; 3818
INTERNAL; 8; 23; 15; 3818; INTERNAL; 7; 22; 15; 3490
INTERNAL; 7; 22; 15; 3490; INTERNAL; 5; 20; 15; 3322
INTERNAL; 7; 22; 15; 3490; INTERNAL; 6; 20; 14; 3139
INTERNAL; 7; 22; 15; 3490; INTERNAL; 4; 20; 16; 1755
INTERNAL; 8; 23; 15; 3818; INTERNAL; 6; 22; 16; 3773
INTERNAL; 6; 22; 16; 3773; INTERNAL; 5; 20; 15; 2381
INTERNAL; 6; 22; 16; 3773; INTERNAL; 4; 20; 16; 3783
INTERNAL; 6; 22; 16; 3773; INTERNAL; 5; 20; 15; 3719
INTERNAL; 8; 23; 15; 3818; INTERNAL; 7; 22; 15; 2959
INTERNAL; 7; 22; 15; 2959; INTERNAL; 6; 20; 14; 3688
INTERNAL; 6; 20; 14; 3688; INTERNAL; 5; 19; 14; 3671
INTERNAL; 5; 19; 14; 3671; INTERNAL; 3; 18; 15; 3603
INTERNAL; 5; 19; 14; 3671; INTERNAL; 4; 18; 14; 3032
INTERNAL; 4; 18; 14; 3032; INTERNAL; 3; 17; 14; 3565
INTERNAL; 3; 17; 14; 3565; INTERNAL; 2; 16; 14; 3276
INTERNAL; 3; 17; 14; 3565; INTERNAL; 2; 16; 14; 1420
INTERNAL; 3; 17; 14; 3565; INTERNAL; 2; 16; 14; 1139
INTERNAL; 4; 18; 14; 3032; INTERNAL; 3; 17; 14; 3566
INTERNAL; 3; 17; 14; 3566; INTERNAL; 2; 16; 14; 3548
INTERNAL; 3; 17; 14; 3566; INTERNAL; 2; 16; 14; 3487
INTERNAL; 3; 17; 14; 3566; INTERNAL; 2; 16; 14; 3164
INTERNAL; 4; 18; 14; 3032; INTERNAL; 3; 17; 14; 3567
INTERNAL; 3; 17; 14; 3567; INTERNAL; 2; 16; 14; 3159
INTERNAL; 3; 17; 14; 3567; INTERNAL; 2; 16; 14; 3485
INTERNAL; 3; 17; 14; 3567; INTERNAL; 2; 16; 14; 3484
INTERNAL; 5; 19; 14; 3671; INTERNAL; 4; 18; 14; 3602
INTERNAL; 6; 20; 14; 3688; INTERNAL; 5; 19; 14; 2235
INTERNAL; 6; 20; 14; 3688; INTERNAL; 4; 19; 15; 3673
INTERNAL; 4; 19; 15; 3673; INTERNAL; 3; 18; 15; 3616
INTERNAL; 3; 18; 15; 3616; INTERNAL; 2; 17; 15; 3511
INTERNAL; 3; 18; 15; 3616; INTERNAL; 2; 17; 15; 3514
INTERNAL; 3; 18; 15; 3616; INTERNAL; 2; 17; 15; 3515
INTERNAL; 4; 19; 15; 3673; INTERNAL; 3; 18; 15; 3615
INTERNAL; 3; 18; 15; 3615; INTERNAL; 2; 17; 15; 3524
INTERNAL; 3; 18; 15; 3615; INTERNAL; 2; 17; 15; 3521
INTERNAL; 3; 18; 15; 3615; INTERNAL; 2; 17; 15; 3523
INTERNAL; 4; 19; 15; 3673; INTERNAL; 3; 18; 15; 2830
INTERNAL; 7; 22; 15; 2959; INTERNAL; 6; 20; 14; 2744
INTERNAL; 7; 22; 15; 2959; INTERNAL; 6; 20; 14; 2010
INTERNAL; 6; 20; 14; 2010; INTERNAL; 4; 19; 15; 2599
INTERNAL; 6; 20; 14; 2010; INTERNAL; 5; 19; 14; 3659
INTERNAL; 5; 19; 14; 3659; INTERNAL; 4; 18; 14; 3591
INTERNAL; 5; 19; 14; 3659; INTERNAL; 4; 18; 14; 3590
INTERNAL; 4; 18; 14; 3590; INTERNAL; 3; 17; 14; 3549
INTERNAL; 4; 18; 14; 3590; INTERNAL; 3; 17; 14; 2646
INTERNAL; 3; 17; 14; 2646; INTERNAL; 2; 16; 14; 1610
INTERNAL; 3; 17; 14; 2646; INTERNAL; 2; 16; 14; 3981
INTERNAL; 3; 17; 14; 2646; INTERNAL; 2; 16; 14; 1539
INTERNAL; 4; 18; 14; 3590; INTERNAL; 3; 17; 14; 3342
INTERNAL; 3; 17; 14; 3342; INTERNAL; 2; 16; 14; 3468
INTERNAL; 3; 17; 14; 3342; INTERNAL; 2; 16; 14; 3154
INTERNAL; 3; 17; 14; 3342; INTERNAL; 2; 16; 14; 2676
INTERNAL; 5; 19; 14; 3659; INTERNAL; 3; 18; 15; 3595
INTERNAL; 6; 20; 14; 2010; INTERNAL; 5; 19; 14; 3399
INTERNAL; 9; 24; 15; 1169; INTERNAL; 8; 23; 15; 3068
INTERNAL; 8; 23; 15; 3068; INTERNAL; 7; 21; 14; 3821
INTERNAL; 8; 23; 15; 3068; INTERNAL; 4; 21; 17; 1867
INTERNAL; 8; 23; 15; 3068; INTERNAL; 7; 21; 14; 2847
INTERNAL; 9; 24; 15; 1169; INTERNAL; 7; 23; 16; 1360
INTERNAL; 7; 23; 16; 1360; INTERNAL; 4; 21; 17; 3829
INTERNAL; 7; 23; 16; 1360; INTERNAL; 6; 21; 15; 3726
INTERNAL; 7; 23; 16; 1360; INTERNAL; 5; 21; 16; 1880
INTERNAL; 27; 27; 0; 4005; INTERNAL; 11; 26; 15; 3908
INTERNAL; 11; 26; 15; 3908; INTERNAL; 10; 24; 14; 3650
INTERNAL; 10; 24; 14; 3650; INTERNAL; 8; 23; 15; 3857
INTERNAL; 10; 24; 14; 3650; INTERNAL; 7; 23; 16; 2339
INTERNAL; 10; 24; 14; 3650; INTERNAL; 9; 23; 14; 2287
INTERNAL; 11; 26; 15; 3908; INTERNAL; 9; 24; 15; 1800
INTERNAL; 11; 26; 15; 3908; INTERNAL; 10; 24; 14; 3901
INTERNAL; 10; 24; 14; 3901; INTERNAL; 6; 23; 17; 2565
INTERNAL; 10; 24; 14; 3901; INTERNAL; 9; 23; 14; 2554
INTERNAL; 9; 23; 14; 2554; INTERNAL; 6; 22; 16; 3768
INTERNAL; 9; 23; 14; 2554; INTERNAL; 8; 22; 14; 2819
INTERNAL; 9; 23; 14; 2554; INTERNAL; 7; 22; 15; 3840
INTERNAL; 10; 24; 14; 3901; INTERNAL; 7; 23; 16; 2367
INTERNAL; 27; 27; 0; 4005; INTERNAL; 11; 26; 15; 3674
INTERNAL; 11; 26; 15; 3674; INTERNAL; 10; 25; 15; 3854
INTERNAL; 11; 26; 15; 3674; INTERNAL; 9; 25; 16; 2984
INTERNAL; 11; 26; 15; 3674; INTERNAL; 9; 25; 16; 3855
INTERNAL; 27; 27; 0; 4005; INTERNAL; 12; 26; 14; 3727
INTERNAL; 12; 26; 14; 3727; INTERNAL; 11; 25; 14; 3961
INTERNAL; 12; 26; 14; 3727; INTERNAL; 11; 25; 14; 3315
INTERNAL; 11; 25; 14; 3315; INTERNAL; 10; 24; 14; 2052
INTERNAL; 11; 25; 14; 3315; INTERNAL; 10; 24; 14; 3964
INTERNAL; 11; 25; 14; 3315; INTERNAL; 8; 24; 16; 3438
INTERNAL; 27; 27; 0; 4005; INTERNAL; 11; 26; 15; 3262
INTERNAL; 27; 27; 0; 4005; INTERNAL; 26; 26; 0; 3847
INTERNAL; 26; 26; 0; 3847; INTERNAL; 12; 25; 13; 3736
INTERNAL; 12; 25; 13; 3736; INTERNAL; 9; 22; 13; 2851
INTERNAL; 9; 22; 13; 2851; INTERNAL; 8; 21; 13; 3682
INTERNAL; 8; 21; 13; 3682; INTERNAL; 6; 20; 14; 2906
INTERNAL; 6; 20; 14; 2906; INTERNAL; 4; 19; 15; 2990
INTERNAL; 6; 20; 14; 2906; INTERNAL; 4; 19; 15; 3613
INTERNAL; 6; 20; 14; 2906; INTERNAL; 5; 19; 14; 2583
INTERNAL; 5; 19; 14; 2583; INTERNAL; 3; 18; 15; 3506
INTERNAL; 5; 19; 14; 2583; INTERNAL; 4; 18; 14; 1258
INTERNAL; 4; 18; 14; 1258; INTERNAL; 3; 17; 14; 2810
INTERNAL; 3; 17; 14; 2810; INTERNAL; 2; 16; 14; 1982
INTERNAL; 3; 17; 14; 2810; INTERNAL; 2; 16; 14; 3430
INTERNAL; 4; 18; 14; 1258; INTERNAL; 3; 17; 14; 3637
INTERNAL; 3; 17; 14; 3637; INTERNAL; 2; 16; 14; 4096
INTERNAL; 3; 17; 14; 3637; INTERNAL; 2; 16; 14; 3423
INTERNAL; 3; 17; 14; 3637; INTERNAL; 2; 16; 14; 1534
INTERNAL; 4; 18; 14; 1258; INTERNAL; 3; 17; 14; 3024
INTERNAL; 3; 17; 14; 3024; INTERNAL; 2; 16; 14; 3421
INTERNAL; 3; 17; 14; 3024; INTERNAL; 2; 16; 14; 3419
INTERNAL; 3; 17; 14; 3024; INTERNAL; 2; 16; 14; 1618
INTERNAL; 5; 19; 14; 2583; INTERNAL; 3; 18; 15; 3029
INTERNAL; 8; 21; 13; 3682; INTERNAL; 6; 20; 14; 3670
INTERNAL; 8; 21; 13; 3682; INTERNAL; 7; 20; 13; 3870
INTERNAL; 7; 20; 13; 3870; INTERNAL; 5; 19; 14; 3589
INTERNAL; 7; 20; 13; 3870; INTERNAL; 6; 19; 13; 3436
INTERNAL; 6; 19; 13; 3436; INTERNAL; 5; 18; 13; 1944
INTERNAL; 5; 18; 13; 1944; INTERNAL; 3; 17; 14; 3467
INTERNAL; 5; 18; 13; 1944; INTERNAL; 3; 17; 14; 2929
INTERNAL; 5; 18; 13; 1944; INTERNAL; 4; 17; 13; 3470
INTERNAL; 4; 17; 13; 3470; INTERNAL; 3; 16; 13; 3444
INTERNAL; 3; 16; 13; 3444; INTERNAL; 2; 15; 13; 1707
INTERNAL; 4; 17; 13; 3470; INTERNAL; 3; 16; 13; 1266
INTERNAL; 3; 16; 13; 1266; INTERNAL; 2; 15; 13; 2050
INTERNAL; 3; 16; 13; 1266; INTERNAL; 2; 15; 13; 1991
INTERNAL; 3; 16; 13; 1266; INTERNAL; 2; 15; 13; 3374
INTERNAL; 4; 17; 13; 3470; INTERNAL; 2; 16; 14; 3448
INTERNAL; 6; 19; 13; 3436; INTERNAL; 4; 18; 14; 3563
INTERNAL; 6; 19; 13; 3436; INTERNAL; 4; 18; 14; 2029
INTERNAL; 4; 18; 14; 2029; INTERNAL; 3; 17; 14; 1901
INTERNAL; 4; 18; 14; 2029; INTERNAL; 3; 17; 14; 3481
INTERNAL; 3; 17; 14; 3481; INTERNAL; 2; 16; 14; 1727
INTERNAL; 3; 17; 14; 3481; INTERNAL; 2; 16; 14; 3416
INTERNAL; 3; 17; 14; 3481; INTERNAL; 2; 16; 14; 2987
INTERNAL; 4; 18; 14; 2029; INTERNAL; 3; 17; 14; 3480
INTERNAL; 7; 20; 13; 3870; INTERNAL; 5; 19; 14; 2737
INTERNAL; 9; 22; 13; 2851; INTERNAL; 7; 21; 14; 3685
INTERNAL; 9; 22; 13; 2851; INTERNAL; 6; 21; 15; 2682
INTERNAL; 12; 25; 13; 3736; INTERNAL; 8; 22; 14; 1461
INTERNAL; 12; 25; 13; 3736; INTERNAL; 11; 22; 11; 3680
INTERNAL; 11; 22; 11; 3680; INTERNAL; 10; 21; 11; 3280
INTERNAL; 10; 21; 11; 3280; INTERNAL; 6; 20; 14; 3592
INTERNAL; 10; 21; 11; 3280; INTERNAL; 9; 20; 11; 1871
INTERNAL; 9; 20; 11; 1871; INTERNAL; 5; 19; 14; 2459
INTERNAL; 9; 20; 11; 1871; INTERNAL; 8; 19; 11; 1372
INTERNAL; 8; 19; 11; 1372; INTERNAL; 7; 18; 11; 3495
INTERNAL; 7; 18; 11; 3495; INTERNAL; 3; 17; 14; 1136
INTERNAL; 7; 18; 11; 3495; INTERNAL; 6; 17; 11; 2881
INTERNAL; 6; 17; 11; 2881; INTERNAL; 3; 16; 13; 1246
INTERNAL; 3; 16; 13; 1246; INTERNAL; 2; 15; 13; 2044
INTERNAL; 3; 16; 13; 1246; INTERNAL; 2; 15; 13; 3330
INTERNAL; 3; 16; 13; 1246; INTERNAL; 2; 15; 13; 3329
INTERNAL; 6; 17; 11; 2881; INTERNAL; 3; 16; 13; 2316
INTERNAL; 6; 17; 11; 2881; INTERNAL; 5; 16; 11; 3369
INTERNAL; 5; 16; 11; 3369; INTERNAL; 4; 15; 11; 3346
INTERNAL; 4; 15; 11; 3346; INTERNAL; 3; 14; 11; 3945
INTERNAL; 3; 14; 11; 3945; INTERNAL; 2; 13; 11; 3195
INTERNAL; 5; 16; 11; 3369; INTERNAL; 2; 15; 13; 3137
INTERNAL; 5; 16; 11; 3369; INTERNAL; 2; 15; 13; 3347
INTERNAL; 7; 18; 11; 3495; INTERNAL; 4; 17; 13; 2576
INTERNAL; 4; 17; 13; 2576; INTERNAL; 2; 16; 14; 3976
INTERNAL; 4; 17; 13; 2576; INTERNAL; 3; 16; 13; 3395
INTERNAL; 3; 16; 13; 3395; INTERNAL; 2; 15; 13; 3337
INTERNAL; 3; 16; 13; 3395; INTERNAL; 2; 15; 13; 3332
INTERNAL; 3; 16; 13; 3395; INTERNAL; 2; 15; 13; 3333
INTERNAL; 4; 17; 13; 2576; INTERNAL; 2; 16; 14; 1163
INTERNAL; 8; 19; 11; 1372; INTERNAL; 4; 18; 14; 3497
INTERNAL; 4; 18; 14; 3497; INTERNAL; 3; 17; 14; 3425
INTERNAL; 4; 18; 14; 3497; INTERNAL; 3; 17; 14; 2493
INTERNAL; 3; 17; 14; 2493; INTERNAL; 2; 16; 14; 1796
INTERNAL; 3; 17; 14; 2493; INTERNAL; 2; 16; 14; 2885
INTERNAL; 3; 17; 14; 2493; INTERNAL; 2; 16; 14; 3378
INTERNAL; 4; 18; 14; 3497; INTERNAL; 3; 17; 14; 3427
INTERNAL; 8; 19; 11; 1372; INTERNAL; 4; 18; 14; 2769
INTERNAL; 9; 20; 11; 1871; INTERNAL; 5; 19; 14; 4101
INTERNAL; 10; 21; 11; 3280; INTERNAL; 7; 20; 13; 3577
INTERNAL; 7; 20; 13; 3577; INTERNAL; 4; 19; 15; 2530
INTERNAL; 7; 20; 13; 3577; INTERNAL; 4; 19; 15; 3546
INTERNAL; 7; 20; 13; 3577; INTERNAL; 6; 19; 13; 3544
INTERNAL; 6; 19; 13; 3544; INTERNAL; 3; 18; 15; 3464
INTERNAL; 6; 19; 13; 3544; INTERNAL; 5; 18; 13; 2271
INTERNAL; 5; 18; 13; 2271; INTERNAL; 3; 17; 14; 3354
INTERNAL; 3; 17; 14; 3354; INTERNAL; 2; 16; 14; 3142
INTERNAL; 3; 17; 14; 3354; INTERNAL; 2; 16; 14; 3386
INTERNAL; 3; 17; 14; 3354; INTERNAL; 2; 16; 14; 3388
INTERNAL; 5; 18; 13; 2271; INTERNAL; 4; 17; 13; 3435
INTERNAL; 4; 17; 13; 3435; INTERNAL; 2; 16; 14; 3373
INTERNAL; 4; 17; 13; 3435; INTERNAL; 3; 16; 13; 3710
INTERNAL; 3; 16; 13; 3710; INTERNAL; 2; 15; 13; 3313
INTERNAL; 3; 16; 13; 3710; INTERNAL; 2; 15; 13; 3353
INTERNAL; 4; 17; 13; 3435; INTERNAL; 2; 16; 14; 1454
INTERNAL; 5; 18; 13; 2271; INTERNAL; 3; 17; 14; 2187
INTERNAL; 3; 17; 14; 2187; INTERNAL; 2; 16; 14; 3379
INTERNAL; 3; 17; 14; 2187; INTERNAL; 2; 16; 14; 3226
INTERNAL; 3; 17; 14; 2187; INTERNAL; 2; 16; 14; 3314
INTERNAL; 6; 19; 13; 3544; INTERNAL; 3; 18; 15; 3911
INTERNAL; 11; 22; 11; 3680; INTERNAL; 7; 21; 14; 3646
INTERNAL; 11; 22; 11; 3680; INTERNAL; 6; 21; 15; 3535
INTERNAL; 26; 26; 0; 3847; INTERNAL; 10; 25; 15; 3784
INTERNAL; 10; 25; 15; 3784; INTERNAL; 8; 24; 16; 3687
INTERNAL; 10; 25; 15; 3784; INTERNAL; 9; 24; 15; 1203
INTERNAL; 10; 25; 15; 3784; INTERNAL; 9; 24; 15; 3742
INTERNAL; 26; 26; 0; 3847; INTERNAL; 13; 25; 12; 3740
INTERNAL; 13; 25; 12; 3740; INTERNAL; 12; 23; 11; 3677
INTERNAL; 12; 23; 11; 3677; INTERNAL; 9; 22; 13; 3639
INTERNAL; 9; 22; 13; 3639; INTERNAL; 6; 21; 15; 1851
INTERNAL; 9; 22; 13; 3639; INTERNAL; 7; 21; 14; 3570
INTERNAL; 9; 22; 13; 3639; INTERNAL; 8; 21; 13; 3585
INTERNAL; 8; 21; 13; 3585; INTERNAL; 7; 20; 13; 3748
INTERNAL; 7; 20; 13; 3748; INTERNAL; 5; 19; 14; 3463
INTERNAL; 7; 20; 13; 3748; INTERNAL; 6; 19; 13; 3462
INTERNAL; 7; 20; 13; 3748; INTERNAL; 6; 19; 13; 3609
INTERNAL; 6; 19; 13; 3609; INTERNAL; 4; 18; 14; 1328
INTERNAL; 6; 19; 13; 3609; INTERNAL; 5; 18; 13; 3442
INTERNAL; 5; 18; 13; 3442; INTERNAL; 4; 17; 13; 3173
INTERNAL; 4; 17; 13; 3173; INTERNAL; 3; 16; 13; 1411
INTERNAL; 4; 17; 13; 3173; INTERNAL; 2; 16; 14; 1422
INTERNAL; 4; 17; 13; 3173; INTERNAL; 2; 16; 14; 3746
INTERNAL; 5; 18; 13; 3442; INTERNAL; 3; 17; 14; 3695
INTERNAL; 5; 18; 13; 3442; INTERNAL; 4; 17; 13; 3372
INTERNAL; 6; 19; 13; 3609; INTERNAL; 4; 18; 14; 3443
INTERNAL; 4; 18; 14; 3443; INTERNAL; 3; 17; 14; 3382
INTERNAL; 4; 18; 14; 3443; INTERNAL; 3; 17; 14; 1934
INTERNAL; 3; 17; 14; 1934; INTERNAL; 2; 15; 13; 3358
INTERNAL; 3; 17; 14; 1934; INTERNAL; 2; 15; 13; 3356
INTERNAL; 3; 17; 14; 1934; INTERNAL; 2; 15; 13; 2056
INTERNAL; 4; 18; 14; 3443; INTERNAL; 3; 17; 14; 3385
INTERNAL; 3; 17; 14; 3385; INTERNAL; 2; 15; 13; 3352
INTERNAL; 3; 17; 14; 3385; INTERNAL; 2; 15; 13; 3348
INTERNAL; 3; 17; 14; 3385; INTERNAL; 2; 15; 13; 3349
INTERNAL; 8; 21; 13; 3585; INTERNAL; 5; 20; 15; 1340
INTERNAL; 5; 20; 15; 1340; INTERNAL; 4; 19; 15; 2487
INTERNAL; 4; 19; 15; 2487; INTERNAL; 3; 17; 14; 3412
INTERNAL; 4; 19; 15; 2487; INTERNAL; 3; 17; 14; 3411
INTERNAL; 4; 19; 15; 2487; INTERNAL; 3; 17; 14; 3414
INTERNAL; 5; 20; 15; 1340; INTERNAL; 4; 19; 15; 1976
INTERNAL; 5; 20; 15; 1340; INTERNAL; 4; 19; 15; 3476
INTERNAL; 8; 21; 13; 3585; INTERNAL; 6; 20; 14; 1886
INTERNAL; 12; 23; 11; 3677; INTERNAL; 8; 22; 14; 3645
INTERNAL; 12; 23; 11; 3677; INTERNAL; 11; 22; 11; 3635
INTERNAL; 13; 25; 12; 3740; INTERNAL; 12; 23; 11; 3224
INTERNAL; 26; 26; 0; 3847; INTERNAL; 10; 25; 15; 3738
INTERNAL; 26; 26; 0; 3847; INTERNAL; 10; 25; 15; 3790
INTERNAL; 26; 26; 0; 3847; INTERNAL; 25; 25; 0; 3027
INTERNAL; 25; 25; 0; 3027; INTERNAL; 11; 24; 13; 3632
INTERNAL; 11; 24; 13; 3632; INTERNAL; 10; 23; 13; 1685
INTERNAL; 11; 24; 13; 3632; INTERNAL; 10; 23; 13; 3575
INTERNAL; 10; 23; 13; 3575; INTERNAL; 7; 21; 14; 3504
INTERNAL; 10; 23; 13; 3575; INTERNAL; 9; 21; 12; 1854
INTERNAL; 9; 21; 12; 1854; INTERNAL; 8; 20; 12; 3491
INTERNAL; 8; 20; 12; 3491; INTERNAL; 4; 18; 14; 1820
INTERNAL; 8; 20; 12; 3491; INTERNAL; 4; 18; 14; 3410
INTERNAL; 8; 20; 12; 3491; INTERNAL; 7; 18; 11; 2742
INTERNAL; 7; 18; 11; 2742; INTERNAL; 4; 17; 13; 3392
INTERNAL; 7; 18; 11; 2742; INTERNAL; 6; 17; 11; 3390
INTERNAL; 6; 17; 11; 3390; INTERNAL; 5; 16; 11; 3795
INTERNAL; 6; 17; 11; 3390; INTERNAL; 3; 16; 13; 3345
INTERNAL; 3; 16; 13; 3345; INTERNAL; 2; 15; 13; 3288
INTERNAL; 3; 16; 13; 3345; INTERNAL; 2; 15; 13; 3289
INTERNAL; 3; 16; 13; 3345; INTERNAL; 2; 15; 13; 2837
INTERNAL; 6; 17; 11; 3390; INTERNAL; 5; 16; 11; 3344
INTERNAL; 5; 16; 11; 3344; INTERNAL; 2; 15; 13; 2614
INTERNAL; 5; 16; 11; 3344; INTERNAL; 2; 15; 13; 3277
INTERNAL; 5; 16; 11; 3344; INTERNAL; 4; 15; 11; 3275
INTERNAL; 7; 18; 11; 2742; INTERNAL; 4; 17; 13; 2270
INTERNAL; 4; 17; 13; 2270; INTERNAL; 3; 16; 13; 3328
INTERNAL; 4; 17; 13; 2270; INTERNAL; 3; 16; 13; 3403
INTERNAL; 3; 16; 13; 3403; INTERNAL; 2; 15; 13; 3278
INTERNAL; 3; 16; 13; 3403; INTERNAL; 2; 15; 13; 3263
INTERNAL; 3; 16; 13; 3403; INTERNAL; 2; 15; 13; 1444
INTERNAL; 4; 17; 13; 2270; INTERNAL; 3; 16; 13; 3306
INTERNAL; 9; 21; 12; 1854; INTERNAL; 8; 20; 12; 3492
INTERNAL; 8; 20; 12; 3492; INTERNAL; 7; 18; 11; 3434
INTERNAL; 8; 20; 12; 3492; INTERNAL; 5; 18; 13; 3383
INTERNAL; 8; 20; 12; 3492; INTERNAL; 5; 18; 13; 2252
INTERNAL; 5; 18; 13; 2252; INTERNAL; 4; 17; 13; 3376
INTERNAL; 4; 17; 13; 3376; INTERNAL; 3; 16; 13; 2066
INTERNAL; 3; 16; 13; 2066; INTERNAL; 2; 15; 13; 3242
INTERNAL; 3; 16; 13; 2066; INTERNAL; 2; 15; 13; 1654
INTERNAL; 3; 16; 13; 2066; INTERNAL; 2; 15; 13; 2101
INTERNAL; 4; 17; 13; 3376; INTERNAL; 3; 16; 13; 3325
INTERNAL; 3; 16; 13; 3325; INTERNAL; 2; 15; 13; 2712
INTERNAL; 3; 16; 13; 3325; INTERNAL; 2; 15; 13; 2527
INTERNAL; 4; 17; 13; 3376; INTERNAL; 3; 16; 13; 3828
INTERNAL; 3; 16; 13; 3828; INTERNAL; 2; 15; 13; 2952
INTERNAL; 3; 16; 13; 3828; INTERNAL; 2; 15; 13; 3247
INTERNAL; 3; 16; 13; 3828; INTERNAL; 2; 15; 13; 3250
INTERNAL; 5; 18; 13; 2252; INTERNAL; 3; 17; 14; 3997
INTERNAL; 5; 18; 13; 2252; INTERNAL; 3; 17; 14; 3366
INTERNAL; 9; 21; 12; 1854; INTERNAL; 8; 20; 12; 1642
INTERNAL; 10; 23; 13; 3575; INTERNAL; 9; 21; 12; 2684
INTERNAL; 11; 24; 13; 3632; INTERNAL; 9; 23; 14; 3237
INTERNAL; 25; 25; 0; 3027; INTERNAL; 24; 24; 0; 3815
INTERNAL; 24; 24; 0; 3815; INTERNAL; 11; 23; 12; 3501
INTERNAL; 11; 23; 12; 3501; INTERNAL; 8; 22; 14; 2490
INTERNAL; 11; 23; 12; 3501; INTERNAL; 10; 22; 12; 1446
INTERNAL; 11; 23; 12; 3501; INTERNAL; 9; 22; 13; 3167
INTERNAL; 9; 22; 13; 3167; INTERNAL; 8; 21; 13; 3437
INTERNAL; 8; 21; 13; 3437; INTERNAL; 6; 19; 13; 3440
INTERNAL; 8; 21; 13; 3437; INTERNAL; 7; 19; 12; 3439
INTERNAL; 7; 19; 12; 3439; INTERNAL; 5; 18; 13; 3365
INTERNAL; 5; 18; 13; 3365; INTERNAL; 3; 16; 13; 3189
INTERNAL; 5; 18; 13; 3365; INTERNAL; 3; 16; 13; 2734
INTERNAL; 5; 18; 13; 3365; INTERNAL; 4; 16; 12; 3853
INTERNAL; 4; 16; 12; 3853; INTERNAL; 3; 15; 12; 2764
INTERNAL; 3; 15; 12; 2764; INTERNAL; 2; 14; 12; 1632
INTERNAL; 4; 16; 12; 3853; INTERNAL; 3; 15; 12; 2609
INTERNAL; 3; 15; 12; 2609; INTERNAL; 2; 14; 12; 3205
INTERNAL; 3; 15; 12; 2609; INTERNAL; 2; 14; 12; 3209
INTERNAL; 3; 15; 12; 2609; INTERNAL; 2; 14; 12; 3181
INTERNAL; 4; 16; 12; 3853; INTERNAL; 3; 15; 12; 3036
INTERNAL; 3; 15; 12; 3036; INTERNAL; 2; 14; 12; 2962
INTERNAL; 3; 15; 12; 3036; INTERNAL; 2; 14; 12; 3210
INTERNAL; 3; 15; 12; 3036; INTERNAL; 2; 14; 12; 3212
INTERNAL; 7; 19; 12; 3439; INTERNAL; 5; 18; 13; 1957
INTERNAL; 7; 19; 12; 3439; INTERNAL; 6; 18; 12; 1969
INTERNAL; 8; 21; 13; 3437; INTERNAL; 7; 19; 12; 3983
INTERNAL; 7; 19; 12; 3983; INTERNAL; 4; 18; 14; 3375
INTERNAL; 7; 19; 12; 3983; INTERNAL; 6; 18; 12; 3220
INTERNAL; 6; 18; 12; 3220; INTERNAL; 4; 17; 13; 4084
INTERNAL; 6; 18; 12; 3220; INTERNAL; 5; 17; 12; 3308
INTERNAL; 5; 17; 12; 3308; INTERNAL; 3; 16; 13; 2895
INTERNAL; 5; 17; 12; 3308; INTERNAL; 3; 16; 13; 2239
INTERNAL; 3; 16; 13; 2239; INTERNAL; 2; 15; 13; 2653
INTERNAL; 3; 16; 13; 2239; INTERNAL; 2; 15; 13; 3218
INTERNAL; 3; 16; 13; 2239; INTERNAL; 2; 15; 13; 3197
INTERNAL; 5; 17; 12; 3308; INTERNAL; 4; 16; 12; 3239
INTERNAL; 4; 16; 12; 3239; INTERNAL; 2; 15; 13; 3199
INTERNAL; 4; 16; 12; 3239; INTERNAL; 2; 15; 13; 3202
INTERNAL; 4; 16; 12; 3239; INTERNAL; 3; 15; 12; 2088
INTERNAL; 3; 15; 12; 2088; INTERNAL; 2; 14; 12; 3149
INTERNAL; 6; 18; 12; 3220; INTERNAL; 4; 17; 13; 3309
INTERNAL; 4; 17; 13; 3309; INTERNAL; 3; 16; 13; 3244
INTERNAL; 3; 16; 13; 3244; INTERNAL; 2; 15; 13; 3717
INTERNAL; 3; 16; 13; 3244; INTERNAL; 2; 15; 13; 2701
INTERNAL; 3; 16; 13; 3244; INTERNAL; 2; 15; 13; 3216
INTERNAL; 4; 17; 13; 3309; INTERNAL; 3; 16; 13; 1689
INTERNAL; 4; 17; 13; 3309; INTERNAL; 3; 16; 13; 3243
INTERNAL; 7; 19; 12; 3983; INTERNAL; 5; 18; 13; 2499
INTERNAL; 9; 22; 13; 3167; INTERNAL; 5; 21; 16; 3461
INTERNAL; 9; 22; 13; 3167; INTERNAL; 7; 21; 14; 3294
INTERNAL; 24; 24; 0; 3815; INTERNAL; 23; 23; 0; 3455
INTERNAL; 23; 23; 0; 3455; INTERNAL; 10; 22; 12; 3299
INTERNAL; 10; 22; 12; 3299; INTERNAL; 9; 20; 11; 3229
INTERNAL; 9; 20; 11; 3229; INTERNAL; 6; 19; 13; 3172
INTERNAL; 6; 19; 13; 3172; INTERNAL; 4; 16; 12; 3177
INTERNAL; 4; 16; 12; 3177; INTERNAL; 2; 15; 13; 3183
INTERNAL; 4; 16; 12; 3177; INTERNAL; 3; 15; 12; 3182
INTERNAL; 3; 15; 12; 3182; INTERNAL; 2; 14; 12; 3131
INTERNAL; 3; 15; 12; 3182; INTERNAL; 2; 14; 12; 3128
INTERNAL; 3; 15; 12; 3182; INTERNAL; 2; 14; 12; 2336
INTERNAL; 4; 16; 12; 3177; INTERNAL; 3; 15; 12; 1470
INTERNAL; 3; 15; 12; 1470; INTERNAL; 2; 14; 12; 3124
INTERNAL; 3; 15; 12; 1470; INTERNAL; 2; 14; 12; 3126
INTERNAL; 3; 15; 12; 1470; INTERNAL; 2; 14; 12; 3231
INTERNAL; 6; 19; 13; 3172; INTERNAL; 4; 16; 12; 3180
INTERNAL; 4; 16; 12; 3180; INTERNAL; 3; 15; 12; 3187
INTERNAL; 4; 16; 12; 3180; INTERNAL; 3; 15; 12; 3193
INTERNAL; 3; 15; 12; 3193; INTERNAL; 2; 14; 12; 3113
INTERNAL; 3; 15; 12; 3193; INTERNAL; 2; 14; 12; 1818
INTERNAL; 3; 15; 12; 3193; INTERNAL; 2; 14; 12; 3115
INTERNAL; 4; 16; 12; 3180; INTERNAL; 3; 15; 12; 2360
INTERNAL; 3; 15; 12; 2360; INTERNAL; 2; 14; 12; 3155
INTERNAL; 3; 15; 12; 2360; INTERNAL; 2; 14; 12; 2603
INTERNAL; 3; 15; 12; 2360; INTERNAL; 2; 14; 12; 3125
INTERNAL; 6; 19; 13; 3172; INTERNAL; 5; 16; 11; 1917
INTERNAL; 5; 16; 11; 1917; INTERNAL; 3; 15; 12; 2880
INTERNAL; 5; 16; 11; 1917; INTERNAL; 4; 15; 11; 2611
INTERNAL; 4; 15; 11; 2611; INTERNAL; 3; 14; 11; 3070
INTERNAL; 3; 14; 11; 3070; INTERNAL; 2; 13; 11; 2436
INTERNAL; 3; 14; 11; 3070; INTERNAL; 2; 13; 11; 3074
INTERNAL; 3; 14; 11; 3070; INTERNAL; 2; 13; 11; 3109
INTERNAL; 4; 15; 11; 2611; INTERNAL; 3; 14; 11; 3066
INTERNAL; 3; 14; 11; 3066; INTERNAL; 2; 13; 11; 2993
INTERNAL; 3; 14; 11; 3066; INTERNAL; 2; 13; 11; 2992
INTERNAL; 3; 14; 11; 3066; INTERNAL; 2; 13; 11; 2767
INTERNAL; 4; 15; 11; 2611; INTERNAL; 3; 14; 11; 2320
INTERNAL; 3; 14; 11; 2320; INTERNAL; 2; 13; 11; 3562
INTERNAL; 3; 14; 11; 2320; INTERNAL; 2; 13; 11; 1161
INTERNAL; 3; 14; 11; 2320; INTERNAL; 2; 13; 11; 2988
INTERNAL; 5; 16; 11; 1917; INTERNAL; 4; 15; 11; 3108
INTERNAL; 4; 15; 11; 3108; INTERNAL; 3; 14; 11; 3035
INTERNAL; 3; 14; 11; 3035; INTERNAL; 2; 13; 11; 2324
INTERNAL; 4; 15; 11; 3108; INTERNAL; 2; 14; 12; 2651
INTERNAL; 4; 15; 11; 3108; INTERNAL; 2; 14; 12; 3038
INTERNAL; 9; 20; 11; 3229; INTERNAL; 6; 19; 13; 3175
INTERNAL; 6; 19; 13; 3175; INTERNAL; 5; 17; 12; 1460
INTERNAL; 5; 17; 12; 1460; INTERNAL; 4; 16; 12; 1182
INTERNAL; 5; 17; 12; 1460; INTERNAL; 4; 16; 12; 2545
INTERNAL; 4; 16; 12; 2545; INTERNAL; 3; 15; 12; 3073
INTERNAL; 4; 16; 12; 2545; INTERNAL; 3; 15; 12; 3101
INTERNAL; 3; 15; 12; 3101; INTERNAL; 2; 14; 12; 2154
INTERNAL; 3; 15; 12; 3101; INTERNAL; 2; 14; 12; 3060
INTERNAL; 4; 16; 12; 2545; INTERNAL; 3; 15; 12; 3102
INTERNAL; 3; 15; 12; 3102; INTERNAL; 2; 14; 12; 2179
INTERNAL; 3; 15; 12; 3102; INTERNAL; 2; 14; 12; 3040
INTERNAL; 3; 15; 12; 3102; INTERNAL; 2; 14; 12; 2601
INTERNAL; 5; 17; 12; 1460; INTERNAL; 4; 16; 12; 2469
INTERNAL; 4; 16; 12; 2469; INTERNAL; 2; 15; 13; 3148
INTERNAL; 4; 16; 12; 2469; INTERNAL; 3; 15; 12; 3145
INTERNAL; 3; 15; 12; 3145; INTERNAL; 2; 14; 12; 3051
INTERNAL; 3; 15; 12; 3145; INTERNAL; 2; 14; 12; 2230
INTERNAL; 3; 15; 12; 3145; INTERNAL; 2; 14; 12; 3054
INTERNAL; 4; 16; 12; 2469; INTERNAL; 3; 15; 12; 2138
INTERNAL; 6; 19; 13; 3175; INTERNAL; 5; 17; 12; 3533
INTERNAL; 5; 17; 12; 3533; INTERNAL; 3; 16; 13; 3144
INTERNAL; 5; 17; 12; 3533; INTERNAL; 3; 16; 13; 3140
INTERNAL; 3; 16; 13; 3140; INTERNAL; 2; 14; 12; 2623
INTERNAL; 3; 16; 13; 3140; INTERNAL; 2; 14; 12; 3153
INTERNAL; 3; 16; 13; 3140; INTERNAL; 2; 14; 12; 3152
INTERNAL; 5; 17; 12; 3533; INTERNAL; 4; 16; 12; 3138
INTERNAL; 6; 19; 13; 3175; INTERNAL; 4; 17; 13; 1251
INTERNAL; 4; 17; 13; 1251; INTERNAL; 3; 15; 12; 1676
INTERNAL; 4; 17; 13; 1251; INTERNAL; 3; 15; 12; 2164
INTERNAL; 4; 17; 13; 1251; INTERNAL; 3; 15; 12; 3203
INTERNAL; 9; 20; 11; 3229; INTERNAL; 8; 19; 11; 3170
INTERNAL; 8; 19; 11; 3170; INTERNAL; 7; 17; 10; 3134
INTERNAL; 7; 17; 10; 3134; INTERNAL; 4; 16; 12; 3045
INTERNAL; 4; 16; 12; 3045; INTERNAL; 3; 15; 12; 3058
INTERNAL; 3; 15; 12; 3058; INTERNAL; 2; 14; 12; 3116
INTERNAL; 3; 15; 12; 3058; INTERNAL; 2; 13; 11; 1187
INTERNAL; 3; 15; 12; 3058; INTERNAL; 2; 14; 12; 3018
INTERNAL; 3; 15; 12; 3058; INTERNAL; 2; 13; 11; 3703
INTERNAL; 4; 16; 12; 3045; INTERNAL; 3; 15; 12; 1915
INTERNAL; 3; 15; 12; 1915; INTERNAL; 2; 14; 12; 1587
INTERNAL; 3; 15; 12; 1915; INTERNAL; 2; 14; 12; 3020
INTERNAL; 3; 15; 12; 1915; INTERNAL; 2; 14; 12; 3246
INTERNAL; 4; 16; 12; 3045; INTERNAL; 3; 15; 12; 3059
INTERNAL; 7; 17; 10; 3134; INTERNAL; 6; 16; 10; 3043
INTERNAL; 6; 16; 10; 3043; INTERNAL; 3; 15; 12; 2453
INTERNAL; 3; 15; 12; 2453; INTERNAL; 2; 14; 12; 3014
INTERNAL; 3; 15; 12; 2453; INTERNAL; 2; 14; 12; 3017
INTERNAL; 3; 15; 12; 2453; INTERNAL; 2; 14; 12; 3016
INTERNAL; 6; 16; 10; 3043; INTERNAL; 3; 15; 12; 3048
INTERNAL; 6; 16; 10; 3043; INTERNAL; 5; 15; 10; 1883
INTERNAL; 5; 15; 10; 1883; INTERNAL; 3; 14; 11; 2430
INTERNAL; 3; 14; 11; 2430; INTERNAL; 2; 13; 11; 2957
INTERNAL; 3; 14; 11; 2430; INTERNAL; 2; 13; 11; 1955
INTERNAL; 3; 14; 11; 2430; INTERNAL; 2; 13; 11; 2311
INTERNAL; 5; 15; 10; 1883; INTERNAL; 4; 14; 10; 2477
INTERNAL; 4; 14; 10; 2477; INTERNAL; 2; 13; 11; 2948
INTERNAL; 4; 14; 10; 2477; INTERNAL; 3; 13; 10; 1990
INTERNAL; 3; 13; 10; 1990; INTERNAL; 2; 12; 10; 3982
INTERNAL; 4; 14; 10; 2477; INTERNAL; 2; 13; 11; 1905
INTERNAL; 5; 15; 10; 1883; INTERNAL; 3; 14; 11; 2829
INTERNAL; 3; 14; 11; 2829; INTERNAL; 2; 13; 11; 2960
INTERNAL; 3; 14; 11; 2829; INTERNAL; 2; 13; 11; 1239
INTERNAL; 3; 14; 11; 2829; INTERNAL; 2; 13; 11; 3037
INTERNAL; 7; 17; 10; 3134; INTERNAL; 4; 16; 12; 3047
INTERNAL; 4; 16; 12; 3047; INTERNAL; 3; 15; 12; 2095
INTERNAL; 4; 16; 12; 3047; INTERNAL; 3; 15; 12; 3012
INTERNAL; 4; 16; 12; 3047; INTERNAL; 3; 15; 12; 3011
INTERNAL; 8; 19; 11; 3170; INTERNAL; 5; 17; 12; 1388
INTERNAL; 8; 19; 11; 3170; INTERNAL; 6; 17; 11; 3135
INTERNAL; 6; 17; 11; 3135; INTERNAL; 5; 16; 11; 3065
INTERNAL; 5; 16; 11; 3065; INTERNAL; 3; 14; 11; 3450
INTERNAL; 5; 16; 11; 3065; INTERNAL; 3; 14; 11; 2985
INTERNAL; 3; 14; 11; 2985; INTERNAL; 2; 13; 11; 2937
INTERNAL; 3; 14; 11; 2985; INTERNAL; 2; 13; 11; 2928
INTERNAL; 3; 14; 11; 2985; INTERNAL; 2; 13; 11; 2931
INTERNAL; 5; 16; 11; 3065; INTERNAL; 4; 14; 10; 2981
INTERNAL; 4; 14; 10; 2981; INTERNAL; 3; 13; 10; 2967
INTERNAL; 3; 13; 10; 2967; INTERNAL; 2; 12; 10; 2908
INTERNAL; 3; 13; 10; 2967; INTERNAL; 2; 12; 10; 2905
INTERNAL; 3; 13; 10; 2967; INTERNAL; 2; 12; 10; 2352
INTERNAL; 4; 14; 10; 2981; INTERNAL; 3; 13; 10; 2966
INTERNAL; 3; 13; 10; 2966; INTERNAL; 2; 12; 10; 1125
INTERNAL; 3; 13; 10; 2966; INTERNAL; 2; 12; 10; 2678
INTERNAL; 3; 13; 10; 2966; INTERNAL; 2; 12; 10; 1898
INTERNAL; 6; 17; 11; 3135; INTERNAL; 4; 16; 12; 1352
INTERNAL; 4; 16; 12; 1352; INTERNAL; 3; 14; 11; 2989
INTERNAL; 4; 16; 12; 1352; INTERNAL; 3; 14; 11; 1764
INTERNAL; 4; 16; 12; 1352; INTERNAL; 3; 14; 11; 2991
INTERNAL; 3; 14; 11; 2991; INTERNAL; 2; 13; 11; 1209
INTERNAL; 3; 14; 11; 2991; INTERNAL; 2; 13; 11; 2926
INTERNAL; 3; 14; 11; 2991; INTERNAL; 2; 13; 11; 2927
INTERNAL; 6; 17; 11; 3135; INTERNAL; 4; 16; 12; 3555
INTERNAL; 10; 22; 12; 3299; INTERNAL; 9; 20; 11; 3230
INTERNAL; 9; 20; 11; 3230; INTERNAL; 8; 19; 11; 2104
INTERNAL; 8; 19; 11; 2104; INTERNAL; 6; 18; 12; 2700
INTERNAL; 6; 18; 12; 2700; INTERNAL; 5; 16; 11; 1419
INTERNAL; 5; 16; 11; 1419; INTERNAL; 3; 15; 12; 1514
INTERNAL; 3; 15; 12; 1514; INTERNAL; 2; 14; 12; 2753
INTERNAL; 3; 15; 12; 1514; INTERNAL; 2; 14; 12; 3041
INTERNAL; 3; 15; 12; 1514; INTERNAL; 2; 14; 12; 3042
INTERNAL; 5; 16; 11; 1419; INTERNAL; 3; 15; 12; 3033
INTERNAL; 5; 16; 11; 1419; INTERNAL; 4; 15; 11; 2740
INTERNAL; 6; 18; 12; 2700; INTERNAL; 5; 16; 11; 2650
INTERNAL; 6; 18; 12; 2700; INTERNAL; 4; 16; 12; 3103
INTERNAL; 4; 16; 12; 3103; INTERNAL; 3; 15; 12; 3121
INTERNAL; 4; 16; 12; 3103; INTERNAL; 3; 15; 12; 3119
INTERNAL; 4; 16; 12; 3103; INTERNAL; 3; 15; 12; 3117
INTERNAL; 8; 19; 11; 2104; INTERNAL; 7; 18; 11; 1468
INTERNAL; 7; 18; 11; 1468; INTERNAL; 4; 16; 12; 3099
INTERNAL; 7; 18; 11; 1468; INTERNAL; 6; 16; 10; 1908
INTERNAL; 7; 18; 11; 1468; INTERNAL; 4; 16; 12; 3363
INTERNAL; 8; 19; 11; 2104; INTERNAL; 5; 18; 13; 2585
INTERNAL; 5; 18; 13; 2585; INTERNAL; 3; 16; 13; 1346
INTERNAL; 5; 18; 13; 2585; INTERNAL; 3; 16; 13; 1547
INTERNAL; 5; 18; 13; 2585; INTERNAL; 4; 16; 12; 3215
INTERNAL; 9; 20; 11; 3230; INTERNAL; 6; 19; 13; 3235
INTERNAL; 6; 19; 13; 3235; INTERNAL; 4; 17; 13; 3256
INTERNAL; 6; 19; 13; 3235; INTERNAL; 5; 17; 12; 1558
INTERNAL; 6; 19; 13; 3235; INTERNAL; 5; 17; 12; 3254
INTERNAL; 9; 20; 11; 3230; INTERNAL; 7; 19; 12; 3234
INTERNAL; 7; 19; 12; 3234; INTERNAL; 5; 17; 12; 3071
INTERNAL; 7; 19; 12; 3234; INTERNAL; 6; 17; 11; 3236
INTERNAL; 7; 19; 12; 3234; INTERNAL; 4; 17; 13; 3972
INTERNAL; 10; 22; 12; 3299; INTERNAL; 7; 20; 13; 3232
INTERNAL; 7; 20; 13; 3232; INTERNAL; 6; 18; 12; 3265
INTERNAL; 6; 18; 12; 3265; INTERNAL; 5; 16; 11; 3271
INTERNAL; 6; 18; 12; 3265; INTERNAL; 3; 16; 13; 3273
INTERNAL; 6; 18; 12; 3265; INTERNAL; 4; 16; 12; 2795
INTERNAL; 7; 20; 13; 3232; INTERNAL; 5; 18; 13; 3267
INTERNAL; 5; 18; 13; 3267; INTERNAL; 4; 16; 12; 3283
INTERNAL; 5; 18; 13; 3267; INTERNAL; 3; 16; 13; 3287
INTERNAL; 5; 18; 13; 3267; INTERNAL; 4; 16; 12; 3285
INTERNAL; 7; 20; 13; 3232; INTERNAL; 6; 18; 12; 3257
INTERNAL; 23; 23; 0; 3455; INTERNAL; 11; 22; 11; 3396
INTERNAL; 11; 22; 11; 3396; INTERNAL; 10; 21; 11; 3397
INTERNAL; 10; 21; 11; 3397; INTERNAL; 9; 20; 11; 3401
INTERNAL; 9; 20; 11; 3401; INTERNAL; 8; 19; 11; 3362
INTERNAL; 8; 19; 11; 3362; INTERNAL; 6; 18; 12; 3305
INTERNAL; 8; 19; 11; 3362; INTERNAL; 7; 18; 11; 3304
INTERNAL; 8; 19; 11; 3362; INTERNAL; 6; 18; 12; 1431
INTERNAL; 9; 20; 11; 3401; INTERNAL; 7; 19; 12; 3364
INTERNAL; 9; 20; 11; 3401; INTERNAL; 7; 19; 12; 1896
INTERNAL; 10; 21; 11; 3397; INTERNAL; 8; 20; 12; 3405
INTERNAL; 10; 21; 11; 3397; INTERNAL; 9; 20; 11; 1423
INTERNAL; 9; 20; 11; 1423; INTERNAL; 8; 19; 11; 3021
INTERNAL; 9; 20; 11; 1423; INTERNAL; 8; 19; 11; 3407
INTERNAL; 8; 19; 11; 3407; INTERNAL; 7; 18; 11; 3389
INTERNAL; 7; 18; 11; 3389; INTERNAL; 5; 17; 12; 1885
INTERNAL; 7; 18; 11; 3389; INTERNAL; 6; 17; 11; 3340
INTERNAL; 7; 18; 11; 3389; INTERNAL; 5; 17; 12; 3343
INTERNAL; 8; 19; 11; 3407; INTERNAL; 7; 18; 11; 1997
INTERNAL; 7; 18; 11; 1997; INTERNAL; 4; 17; 13; 3323
INTERNAL; 7; 18; 11; 1997; INTERNAL; 6; 17; 11; 3317
INTERNAL; 7; 18; 11; 1997; INTERNAL; 4; 17; 13; 3318
INTERNAL; 8; 19; 11; 3407; INTERNAL; 7; 18; 11; 2296
INTERNAL; 9; 20; 11; 1423; INTERNAL; 8; 19; 11; 2043
INTERNAL; 11; 22; 11; 3396; INTERNAL; 10; 21; 11; 3312
INTERNAL; 10; 21; 11; 3312; INTERNAL; 8; 20; 12; 2488
INTERNAL; 8; 20; 12; 2488; INTERNAL; 7; 19; 12; 3316
INTERNAL; 8; 20; 12; 2488; INTERNAL; 7; 19; 12; 4103
INTERNAL; 8; 20; 12; 2488; INTERNAL; 7; 19; 12; 3730
INTERNAL; 10; 21; 11; 3312; INTERNAL; 9; 20; 11; 1605
INTERNAL; 10; 21; 11; 3312; INTERNAL; 8; 20; 12; 2225
INTERNAL; 23; 23; 0; 3455; INTERNAL; 10; 22; 12; 3361
INTERNAL; 23; 23; 0; 3455; INTERNAL; 22; 22; 0; 3291
INTERNAL; 22; 22; 0; 3291; INTERNAL; 11; 21; 10; 2442
INTERNAL; 11; 21; 10; 2442; INTERNAL; 10; 19; 9; 3079
INTERNAL; 10; 19; 9; 3079; INTERNAL; 8; 18; 10; 3026
INTERNAL; 8; 18; 10; 3026; INTERNAL; 6; 16; 10; 3030
INTERNAL; 6; 16; 10; 3030; INTERNAL; 5; 15; 10; 2996
INTERNAL; 5; 15; 10; 2996; INTERNAL; 3; 14; 11; 2947
INTERNAL; 3; 14; 11; 2947; INTERNAL; 2; 13; 11; 1502
INTERNAL; 3; 14; 11; 2947; INTERNAL; 2; 13; 11; 2915
INTERNAL; 5; 15; 10; 2996; INTERNAL; 4; 14; 10; 2945
INTERNAL; 4; 14; 10; 2945; INTERNAL; 2; 13; 11; 2260
INTERNAL; 4; 14; 10; 2945; INTERNAL; 3; 13; 10; 2729
INTERNAL; 4; 14; 10; 2945; INTERNAL; 2; 13; 11; 2461
INTERNAL; 5; 15; 10; 2996; INTERNAL; 4; 14; 10; 2221
INTERNAL; 6; 16; 10; 3030; INTERNAL; 5; 15; 10; 2995
INTERNAL; 6; 16; 10; 3030; INTERNAL; 4; 15; 11; 3000
INTERNAL; 4; 15; 11; 3000; INTERNAL; 3; 14; 11; 4034
INTERNAL; 4; 15; 11; 3000; INTERNAL; 3; 14; 11; 2951
INTERNAL; 4; 15; 11; 3000; INTERNAL; 3; 14; 11; 1992
INTERNAL; 3; 14; 11; 1992; INTERNAL; 2; 13; 11; 2844
INTERNAL; 3; 14; 11; 1992; INTERNAL; 2; 13; 11; 1465
INTERNAL; 3; 14; 11; 1992; INTERNAL; 2; 13; 11; 2910
INTERNAL; 8; 18; 10; 3026; INTERNAL; 7; 16; 9; 1234
INTERNAL; 7; 16; 9; 1234; INTERNAL; 4; 15; 11; 2000
INTERNAL; 7; 16; 9; 1234; INTERNAL; 5; 15; 10; 1400
INTERNAL; 7; 16; 9; 1234; INTERNAL; 6; 15; 9; 2979
INTERNAL; 6; 15; 9; 2979; INTERNAL; 3; 14; 11; 2757
INTERNAL; 6; 15; 9; 2979; INTERNAL; 5; 14; 9; 2452
INTERNAL; 5; 14; 9; 2452; INTERNAL; 2; 13; 11; 2245
INTERNAL; 5; 14; 9; 2452; INTERNAL; 3; 13; 10; 1277
INTERNAL; 3; 13; 10; 1277; INTERNAL; 2; 12; 10; 3679
INTERNAL; 3; 13; 10; 1277; INTERNAL; 2; 12; 10; 1155
INTERNAL; 3; 13; 10; 1277; INTERNAL; 2; 12; 10; 3004
INTERNAL; 5; 14; 9; 2452; INTERNAL; 4; 13; 9; 2039
INTERNAL; 4; 13; 9; 2039; INTERNAL; 3; 12; 9; 3779
INTERNAL; 3; 12; 9; 3779; INTERNAL; 2; 4; 2; 2519
INTERNAL; 4; 13; 9; 2039; INTERNAL; 2; 12; 10; 1561
INTERNAL; 6; 15; 9; 2979; INTERNAL; 3; 14; 11; 2925
INTERNAL; 8; 18; 10; 3026; INTERNAL; 5; 16; 11; 2099
INTERNAL; 10; 19; 9; 3079; INTERNAL; 8; 18; 10; 1576
INTERNAL; 8; 18; 10; 1576; INTERNAL; 6; 17; 11; 3162
INTERNAL; 8; 18; 10; 1576; INTERNAL; 7; 17; 10; 2424
INTERNAL; 8; 18; 10; 1576; INTERNAL; 7; 17; 10; 2532
INTERNAL; 7; 17; 10; 2532; INTERNAL; 4; 16; 12; 3009
INTERNAL; 7; 17; 10; 2532; INTERNAL; 6; 16; 10; 3005
INTERNAL; 6; 16; 10; 3005; INTERNAL; 5; 15; 10; 1289
INTERNAL; 5; 15; 10; 1289; INTERNAL; 3; 14; 11; 2300
INTERNAL; 5; 15; 10; 1289; INTERNAL; 3; 14; 11; 1120
INTERNAL; 5; 15; 10; 1289; INTERNAL; 4; 14; 10; 1121
INTERNAL; 6; 16; 10; 3005; INTERNAL; 4; 15; 11; 3321
INTERNAL; 6; 16; 10; 3005; INTERNAL; 5; 15; 10; 3428
INTERNAL; 7; 17; 10; 2532; INTERNAL; 6; 16; 10; 1603
INTERNAL; 6; 16; 10; 1603; INTERNAL; 4; 15; 11; 2778
INTERNAL; 6; 16; 10; 1603; INTERNAL; 5; 15; 10; 2961
INTERNAL; 5; 15; 10; 2961; INTERNAL; 3; 14; 11; 1606
INTERNAL; 5; 15; 10; 2961; INTERNAL; 3; 14; 11; 1745
INTERNAL; 3; 14; 11; 1745; INTERNAL; 2; 13; 11; 1134
INTERNAL; 3; 14; 11; 1745; INTERNAL; 2; 13; 11; 1262
INTERNAL; 3; 14; 11; 1745; INTERNAL; 2; 13; 11; 2774
INTERNAL; 5; 15; 10; 2961; INTERNAL; 4; 14; 10; 1247
INTERNAL; 4; 14; 10; 1247; INTERNAL; 2; 13; 11; 2978
INTERNAL; 4; 14; 10; 1247; INTERNAL; 3; 13; 10; 1158
INTERNAL; 3; 13; 10; 1158; INTERNAL; 2; 11; 9; 1253
INTERNAL; 3; 13; 10; 1158; INTERNAL; 2; 11; 9; 1184
INTERNAL; 3; 13; 10; 1158; INTERNAL; 2; 11; 9; 1189
INTERNAL; 4; 14; 10; 1247; INTERNAL; 2; 13; 11; 1157
INTERNAL; 6; 16; 10; 1603; INTERNAL; 5; 15; 10; 2965
INTERNAL; 5; 15; 10; 2965; INTERNAL; 3; 14; 11; 1511
INTERNAL; 5; 15; 10; 2965; INTERNAL; 4; 14; 10; 2913
INTERNAL; 4; 14; 10; 2913; INTERNAL; 3; 13; 10; 2186
INTERNAL; 3; 13; 10; 2186; INTERNAL; 2; 11; 9; 2647
INTERNAL; 4; 14; 10; 2913; INTERNAL; 2; 13; 11; 2198
INTERNAL; 4; 14; 10; 2913; INTERNAL; 2; 13; 11; 3471
INTERNAL; 5; 15; 10; 2965; INTERNAL; 3; 14; 11; 4076
INTERNAL; 3; 14; 11; 4076; INTERNAL; 2; 13; 11; 2591
INTERNAL; 3; 14; 11; 4076; INTERNAL; 2; 13; 11; 1140
INTERNAL; 3; 14; 11; 4076; INTERNAL; 2; 13; 11; 1737
INTERNAL; 10; 19; 9; 3079; INTERNAL; 9; 18; 9; 3647
INTERNAL; 9; 18; 9; 3647; INTERNAL; 7; 17; 10; 1314
INTERNAL; 9; 18; 9; 3647; INTERNAL; 6; 17; 11; 2557
INTERNAL; 9; 18; 9; 3647; INTERNAL; 8; 17; 9; 2977
INTERNAL; 8; 17; 9; 2977; INTERNAL; 7; 16; 9; 2921
INTERNAL; 7; 16; 9; 2921; INTERNAL; 5; 15; 10; 1127
INTERNAL; 5; 15; 10; 1127; INTERNAL; 3; 14; 11; 1582
INTERNAL; 5; 15; 10; 1127; INTERNAL; 4; 14; 10; 2071
INTERNAL; 4; 14; 10; 2071; INTERNAL; 3; 12; 9; 3479
INTERNAL; 3; 12; 9; 3479; INTERNAL; 2; 11; 9; 1216
INTERNAL; 3; 12; 9; 3479; INTERNAL; 2; 11; 9; 3618
INTERNAL; 3; 12; 9; 3479; INTERNAL; 2; 11; 9; 1218
INTERNAL; 4; 14; 10; 2071; INTERNAL; 3; 12; 9; 1897
INTERNAL; 4; 14; 10; 2071; INTERNAL; 3; 12; 9; 1353
INTERNAL; 3; 12; 9; 1353; INTERNAL; 2; 11; 9; 1321
INTERNAL; 3; 12; 9; 1353; INTERNAL; 2; 11; 9; 2859
INTERNAL; 3; 12; 9; 1353; INTERNAL; 2; 11; 9; 1581
INTERNAL; 5; 15; 10; 1127; INTERNAL; 4; 14; 10; 1135
INTERNAL; 7; 16; 9; 2921; INTERNAL; 5; 15; 10; 1304
INTERNAL; 7; 16; 9; 2921; INTERNAL; 6; 15; 9; 3141
INTERNAL; 6; 15; 9; 3141; INTERNAL; 5; 14; 9; 1370
INTERNAL; 5; 14; 9; 1370; INTERNAL; 3; 12; 9; 1194
INTERNAL; 3; 12; 9; 1194; INTERNAL; 2; 11; 9; 1713
INTERNAL; 3; 12; 9; 1194; INTERNAL; 2; 11; 9; 1545
INTERNAL; 3; 12; 9; 1194; INTERNAL; 2; 11; 9; 1842
INTERNAL; 5; 14; 9; 1370; INTERNAL; 3; 12; 9; 3380
INTERNAL; 3; 12; 9; 3380; INTERNAL; 2; 11; 9; 1391
INTERNAL; 3; 12; 9; 3380; INTERNAL; 2; 11; 9; 2142
INTERNAL; 5; 14; 9; 1370; INTERNAL; 4; 12; 8; 1198
INTERNAL; 4; 12; 8; 1198; INTERNAL; 3; 11; 8; 2663
INTERNAL; 3; 11; 8; 2663; INTERNAL; 2; 10; 8; 2598
INTERNAL; 4; 12; 8; 1198; INTERNAL; 2; 11; 9; 3741
INTERNAL; 4; 12; 8; 1198; INTERNAL; 2; 11; 9; 1798
INTERNAL; 6; 15; 9; 3141; INTERNAL; 4; 14; 10; 2604
INTERNAL; 6; 15; 9; 3141; INTERNAL; 3; 14; 11; 1410
INTERNAL; 8; 17; 9; 2977; INTERNAL; 6; 16; 10; 2707
INTERNAL; 6; 16; 10; 2707; INTERNAL; 5; 15; 10; 2505
INTERNAL; 5; 15; 10; 2505; INTERNAL; 3; 14; 11; 2890
INTERNAL; 5; 15; 10; 2505; INTERNAL; 3; 14; 11; 1143
INTERNAL; 3; 14; 11; 1143; INTERNAL; 2; 12; 10; 2111
INTERNAL; 3; 14; 11; 1143; INTERNAL; 2; 12; 10; 1201
INTERNAL; 3; 14; 11; 1143; INTERNAL; 2; 12; 10; 2495
INTERNAL; 5; 15; 10; 2505; INTERNAL; 4; 14; 10; 1499
INTERNAL; 6; 16; 10; 2707; INTERNAL; 5; 15; 10; 1123
INTERNAL; 5; 15; 10; 1123; INTERNAL; 3; 14; 11; 1146
INTERNAL; 3; 14; 11; 1146; INTERNAL; 2; 12; 10; 2147
INTERNAL; 3; 14; 11; 1146; INTERNAL; 2; 12; 10; 1733
INTERNAL; 3; 14; 11; 1146; INTERNAL; 2; 12; 10; 1768
INTERNAL; 5; 15; 10; 1123; INTERNAL; 3; 14; 11; 3190
INTERNAL; 3; 14; 11; 3190; INTERNAL; 2; 12; 10; 1350
INTERNAL; 3; 14; 11; 3190; INTERNAL; 2; 12; 10; 1179
INTERNAL; 3; 14; 11; 3190; INTERNAL; 2; 12; 10; 4080
INTERNAL; 5; 15; 10; 1123; INTERNAL; 4; 14; 10; 1644
INTERNAL; 4; 14; 10; 1644; INTERNAL; 2; 12; 10; 1809
INTERNAL; 4; 14; 10; 1644; INTERNAL; 3; 12; 9; 2259
INTERNAL; 4; 14; 10; 1644; INTERNAL; 2; 12; 10; 1206
INTERNAL; 6; 16; 10; 2707; INTERNAL; 5; 15; 10; 2237
INTERNAL; 8; 17; 9; 2977; INTERNAL; 6; 16; 10; 2922
INTERNAL; 11; 21; 10; 2442; INTERNAL; 10; 19; 9; 3081
INTERNAL; 10; 19; 9; 3081; INTERNAL; 8; 18; 10; 3087
INTERNAL; 10; 19; 9; 3081; INTERNAL; 9; 18; 9; 3083
INTERNAL; 9; 18; 9; 3083; INTERNAL; 7; 17; 10; 3096
INTERNAL; 9; 18; 9; 3083; INTERNAL; 8; 17; 9; 3090
INTERNAL; 9; 18; 9; 3083; INTERNAL; 6; 17; 11; 3097
INTERNAL; 10; 19; 9; 3081; INTERNAL; 8; 18; 10; 3086
INTERNAL; 22; 22; 0; 3291; INTERNAL; 10; 21; 11; 3161
INTERNAL; 10; 21; 11; 3161; INTERNAL; 9; 20; 11; 3166
INTERNAL; 10; 21; 11; 3161; INTERNAL; 8; 20; 12; 2347
INTERNAL; 10; 21; 11; 3161; INTERNAL; 9; 20; 11; 3169
INTERNAL; 22; 22; 0; 3291; INTERNAL; 10; 21; 11; 3222
INTERNAL; 22; 22; 0; 3291; INTERNAL; 10; 21; 11; 3225
INTERNAL; 22; 22; 0; 3291; INTERNAL; 21; 21; 0; 2202
INTERNAL; 21; 21; 0; 2202; INTERNAL; 10; 20; 10; 2288
INTERNAL; 10; 20; 10; 2288; INTERNAL; 8; 19; 11; 2972
INTERNAL; 8; 19; 11; 2972; INTERNAL; 7; 17; 10; 2939
INTERNAL; 7; 17; 10; 2939; INTERNAL; 5; 16; 11; 3409
INTERNAL; 7; 17; 10; 2939; INTERNAL; 6; 16; 10; 3100
INTERNAL; 7; 17; 10; 2939; INTERNAL; 5; 16; 11; 2294
INTERNAL; 8; 19; 11; 2972; INTERNAL; 6; 17; 11; 2941
INTERNAL; 8; 19; 11; 2972; INTERNAL; 6; 17; 11; 2943
INTERNAL; 10; 20; 10; 2288; INTERNAL; 7; 19; 12; 2973
INTERNAL; 10; 20; 10; 2288; INTERNAL; 9; 19; 10; 1933
INTERNAL; 21; 21; 0; 2202; INTERNAL; 10; 20; 10; 2969
INTERNAL; 21; 21; 0; 2202; INTERNAL; 10; 20; 10; 3509
INTERNAL; 21; 21; 0; 2202; INTERNAL; 20; 20; 0; 2968
INTERNAL; 20; 20; 0; 2968; INTERNAL; 10; 19; 9; 1833
INTERNAL; 10; 19; 9; 1833; INTERNAL; 7; 18; 11; 1630
INTERNAL; 10; 19; 9; 1833; INTERNAL; 9; 18; 9; 1128
INTERNAL; 9; 18; 9; 1128; INTERNAL; 8; 16; 8; 1803
INTERNAL; 8; 16; 8; 1803; INTERNAL; 5; 14; 9; 1208
INTERNAL; 5; 14; 9; 1208; INTERNAL; 3; 13; 10; 2899
INTERNAL; 5; 14; 9; 1208; INTERNAL; 4; 13; 9; 1231
INTERNAL; 5; 14; 9; 1208; INTERNAL; 4; 13; 9; 1691
INTERNAL; 4; 13; 9; 1691; INTERNAL; 3; 12; 9; 2315
INTERNAL; 3; 12; 9; 2315; INTERNAL; 2; 11; 9; 1240
INTERNAL; 4; 13; 9; 1691; INTERNAL; 3; 12; 9; 1508
INTERNAL; 3; 12; 9; 1508; INTERNAL; 2; 10; 8; 1303
INTERNAL; 3; 12; 9; 1508; INTERNAL; 2; 10; 8; 3823
INTERNAL; 3; 12; 9; 1508; INTERNAL; 2; 10; 8; 1279
INTERNAL; 3; 12; 9; 1508; INTERNAL; 2; 10; 8; 1794
INTERNAL; 4; 13; 9; 1691; INTERNAL; 3; 12; 9; 2862
INTERNAL; 3; 12; 9; 2862; INTERNAL; 2; 10; 8; 1244
INTERNAL; 3; 12; 9; 2862; INTERNAL; 2; 10; 8; 2484
INTERNAL; 3; 12; 9; 2862; INTERNAL; 2; 10; 8; 1248
INTERNAL; 8; 16; 8; 1803; INTERNAL; 7; 14; 7; 2788
INTERNAL; 7; 14; 7; 2788; INTERNAL; 6; 13; 7; 2877
INTERNAL; 6; 13; 7; 2877; INTERNAL; 5; 12; 7; 3782
INTERNAL; 5; 12; 7; 3782; INTERNAL; 3; 11; 8; 1242
INTERNAL; 3; 11; 8; 1242; INTERNAL; 2; 10; 8; 1283
INTERNAL; 3; 11; 8; 1242; INTERNAL; 2; 10; 8; 1652
INTERNAL; 3; 11; 8; 1242; INTERNAL; 2; 10; 8; 2425
INTERNAL; 5; 12; 7; 3782; INTERNAL; 4; 11; 7; 1726
INTERNAL; 4; 11; 7; 1726; INTERNAL; 2; 10; 8; 2175
INTERNAL; 4; 11; 7; 1726; INTERNAL; 2; 10; 8; 1599
INTERNAL; 4; 11; 7; 1726; INTERNAL; 3; 10; 7; 1506
INTERNAL; 3; 10; 7; 1506; INTERNAL; 2; 9; 7; 1341
INTERNAL; 5; 12; 7; 3782; INTERNAL; 3; 11; 8; 1415
INTERNAL; 6; 13; 7; 2877; INTERNAL; 3; 12; 9; 3360
INTERNAL; 6; 13; 7; 2877; INTERNAL; 4; 12; 8; 2809
INTERNAL; 7; 14; 7; 2788; INTERNAL; 5; 13; 8; 1233
INTERNAL; 5; 13; 8; 1233; INTERNAL; 3; 11; 8; 2416
INTERNAL; 5; 13; 8; 1233; INTERNAL; 4; 11; 7; 2566
INTERNAL; 4; 11; 7; 2566; INTERNAL; 2; 10; 8; 3156
INTERNAL; 4; 11; 7; 2566; INTERNAL; 3; 10; 7; 2589
INTERNAL; 3; 10; 7; 2589; INTERNAL; 2; 9; 7; 1308
INTERNAL; 3; 10; 7; 2589; INTERNAL; 2; 9; 7; 2652
INTERNAL; 5; 13; 8; 1233; INTERNAL; 3; 11; 8; 1255
INTERNAL; 7; 14; 7; 2788; INTERNAL; 4; 13; 9; 1232
INTERNAL; 8; 16; 8; 1803; INTERNAL; 5; 14; 9; 1870
INTERNAL; 5; 14; 9; 1870; INTERNAL; 4; 13; 9; 2458
INTERNAL; 4; 13; 9; 2458; INTERNAL; 3; 12; 9; 1241
INTERNAL; 4; 13; 9; 2458; INTERNAL; 3; 12; 9; 1907
INTERNAL; 3; 12; 9; 1907; INTERNAL; 2; 11; 9; 1271
INTERNAL; 3; 12; 9; 1907; INTERNAL; 2; 11; 9; 1273
INTERNAL; 3; 12; 9; 1907; INTERNAL; 2; 11; 9; 2433
INTERNAL; 4; 13; 9; 2458; INTERNAL; 3; 12; 9; 2333
INTERNAL; 3; 12; 9; 2333; INTERNAL; 2; 11; 9; 2932
INTERNAL; 3; 12; 9; 2333; INTERNAL; 2; 11; 9; 2964
INTERNAL; 3; 12; 9; 2333; INTERNAL; 2; 11; 9; 1927
INTERNAL; 5; 14; 9; 1870; INTERNAL; 3; 13; 10; 1224
INTERNAL; 5; 14; 9; 1870; INTERNAL; 3; 13; 10; 1219
INTERNAL; 9; 18; 9; 1128; INTERNAL; 6; 16; 10; 1151
INTERNAL; 6; 16; 10; 1151; INTERNAL; 5; 15; 10; 1148
INTERNAL; 6; 16; 10; 1151; INTERNAL; 5; 15; 10; 2567
INTERNAL; 6; 16; 10; 1151; INTERNAL; 5; 15; 10; 1150
INTERNAL; 9; 18; 9; 1128; INTERNAL; 5; 16; 11; 2176
INTERNAL; 10; 19; 9; 1833; INTERNAL; 9; 18; 9; 2401
INTERNAL; 9; 18; 9; 2401; INTERNAL; 7; 17; 10; 1629
INTERNAL; 9; 18; 9; 2401; INTERNAL; 8; 17; 9; 2107
INTERNAL; 8; 17; 9; 2107; INTERNAL; 6; 15; 9; 1335
INTERNAL; 8; 17; 9; 2107; INTERNAL; 7; 15; 8; 1946
INTERNAL; 7; 15; 8; 1946; INTERNAL; 5; 13; 8; 1294
INTERNAL; 7; 15; 8; 1946; INTERNAL; 4; 13; 9; 2045
INTERNAL; 7; 15; 8; 1946; INTERNAL; 6; 13; 7; 1780
INTERNAL; 8; 17; 9; 2107; INTERNAL; 5; 15; 10; 1983
INTERNAL; 5; 15; 10; 1983; INTERNAL; 4; 13; 9; 1183
INTERNAL; 4; 13; 9; 1183; INTERNAL; 3; 12; 9; 1417
INTERNAL; 3; 12; 9; 1417; INTERNAL; 2; 11; 9; 1259
INTERNAL; 3; 12; 9; 1417; INTERNAL; 2; 11; 9; 1260
INTERNAL; 3; 12; 9; 1417; INTERNAL; 2; 11; 9; 3811
INTERNAL; 4; 13; 9; 1183; INTERNAL; 3; 12; 9; 1621
INTERNAL; 3; 12; 9; 1621; INTERNAL; 2; 11; 9; 2114
INTERNAL; 3; 12; 9; 1621; INTERNAL; 2; 11; 9; 2681
INTERNAL; 3; 12; 9; 1621; INTERNAL; 2; 11; 9; 2145
INTERNAL; 4; 13; 9; 1183; INTERNAL; 3; 12; 9; 2718
INTERNAL; 5; 15; 10; 1983; INTERNAL; 3; 13; 10; 2725
INTERNAL; 5; 15; 10; 1983; INTERNAL; 3; 13; 10; 1904
INTERNAL; 9; 18; 9; 2401; INTERNAL; 6; 17; 11; 1625
INTERNAL; 20; 20; 0; 2968; INTERNAL; 19; 19; 0; 1132
INTERNAL; 19; 19; 0; 1132; INTERNAL; 9; 18; 9; 2406
INTERNAL; 9; 18; 9; 2406; INTERNAL; 8; 17; 9; 2368
INTERNAL; 8; 17; 9; 2368; INTERNAL; 6; 15; 9; 2078
INTERNAL; 6; 15; 9; 2078; INTERNAL; 5; 12; 7; 2196
INTERNAL; 6; 15; 9; 2078; INTERNAL; 5; 12; 7; 2257
INTERNAL; 5; 12; 7; 2257; INTERNAL; 4; 11; 7; 4091
INTERNAL; 4; 11; 7; 4091; INTERNAL; 2; 10; 8; 1507
INTERNAL; 4; 11; 7; 4091; INTERNAL; 2; 10; 8; 1977
INTERNAL; 4; 11; 7; 4091; INTERNAL; 3; 10; 7; 1325
INTERNAL; 3; 10; 7; 1325; INTERNAL; 2; 9; 7; 1399
INTERNAL; 3; 10; 7; 1325; INTERNAL; 2; 9; 7; 1380
INTERNAL; 5; 12; 7; 2257; INTERNAL; 3; 11; 8; 2835
INTERNAL; 5; 12; 7; 2257; INTERNAL; 4; 11; 7; 2730
INTERNAL; 6; 15; 9; 2078; INTERNAL; 5; 12; 7; 1256
INTERNAL; 8; 17; 9; 2368; INTERNAL; 6; 15; 9; 1481
INTERNAL; 6; 15; 9; 1481; INTERNAL; 3; 12; 9; 1284
INTERNAL; 6; 15; 9; 1481; INTERNAL; 5; 12; 7; 2814
INTERNAL; 5; 12; 7; 2814; INTERNAL; 3; 11; 8; 1290
INTERNAL; 3; 11; 8; 1290; INTERNAL; 2; 10; 8; 1318
INTERNAL; 3; 11; 8; 1290; INTERNAL; 2; 10; 8; 1316
INTERNAL; 3; 11; 8; 1290; INTERNAL; 2; 10; 8; 1320
INTERNAL; 5; 12; 7; 2814; INTERNAL; 4; 11; 7; 1257
INTERNAL; 4; 11; 7; 1257; INTERNAL; 2; 10; 8; 1331
INTERNAL; 4; 11; 7; 1257; INTERNAL; 3; 10; 7; 2850
INTERNAL; 4; 11; 7; 1257; INTERNAL; 2; 10; 8; 1875
INTERNAL; 5; 12; 7; 2814; INTERNAL; 3; 11; 8; 1773
INTERNAL; 3; 11; 8; 1773; INTERNAL; 2; 10; 8; 1313
INTERNAL; 3; 11; 8; 1773; INTERNAL; 2; 10; 8; 1310
INTERNAL; 3; 11; 8; 1773; INTERNAL; 2; 10; 8; 1645
INTERNAL; 6; 15; 9; 1481; INTERNAL; 3; 12; 9; 1327
INTERNAL; 8; 17; 9; 2368; INTERNAL; 7; 15; 8; 1559
INTERNAL; 7; 15; 8; 1559; INTERNAL; 5; 14; 9; 1480
INTERNAL; 7; 15; 8; 1559; INTERNAL; 5; 14; 9; 1546
INTERNAL; 5; 14; 9; 1546; INTERNAL; 3; 12; 9; 2254
INTERNAL; 5; 14; 9; 1546; INTERNAL; 4; 12; 8; 2935
INTERNAL; 5; 14; 9; 1546; INTERNAL; 4; 12; 8; 3545
INTERNAL; 4; 12; 8; 3545; INTERNAL; 3; 11; 8; 1356
INTERNAL; 3; 11; 8; 1356; INTERNAL; 2; 10; 8; 2136
INTERNAL; 3; 11; 8; 1356; INTERNAL; 2; 10; 8; 1390
INTERNAL; 3; 11; 8; 1356; INTERNAL; 2; 10; 8; 3486
INTERNAL; 4; 12; 8; 3545; INTERNAL; 3; 11; 8; 1355
INTERNAL; 4; 12; 8; 3545; INTERNAL; 3; 11; 8; 2199
INTERNAL; 3; 11; 8; 2199; INTERNAL; 2; 10; 8; 1406
INTERNAL; 3; 11; 8; 2199; INTERNAL; 2; 10; 8; 2160
INTERNAL; 3; 11; 8; 2199; INTERNAL; 2; 10; 8; 1404
INTERNAL; 7; 15; 8; 1559; INTERNAL; 6; 14; 8; 1292
INTERNAL; 6; 14; 8; 1292; INTERNAL; 5; 12; 7; 2799
INTERNAL; 5; 12; 7; 2799; INTERNAL; 3; 11; 8; 1339
INTERNAL; 3; 11; 8; 1339; INTERNAL; 2; 10; 8; 1668
INTERNAL; 3; 11; 8; 1339; INTERNAL; 2; 10; 8; 3335
INTERNAL; 3; 11; 8; 1339; INTERNAL; 2; 10; 8; 2761
INTERNAL; 5; 12; 7; 2799; INTERNAL; 3; 11; 8; 2346
INTERNAL; 3; 11; 8; 2346; INTERNAL; 2; 10; 8; 4089
INTERNAL; 3; 11; 8; 2346; INTERNAL; 2; 10; 8; 1705
INTERNAL; 3; 11; 8; 2346; INTERNAL; 2; 10; 8; 2394
INTERNAL; 5; 12; 7; 2799; INTERNAL; 4; 11; 7; 1860
INTERNAL; 4; 11; 7; 1860; INTERNAL; 3; 10; 7; 1912
INTERNAL; 3; 10; 7; 1912; INTERNAL; 2; 9; 7; 1393
INTERNAL; 4; 11; 7; 1860; INTERNAL; 2; 10; 8; 1367
INTERNAL; 4; 11; 7; 1860; INTERNAL; 2; 10; 8; 1677
INTERNAL; 6; 14; 8; 1292; INTERNAL; 4; 12; 8; 3418
INTERNAL; 4; 12; 8; 3418; INTERNAL; 3; 11; 8; 1379
INTERNAL; 3; 11; 8; 1379; INTERNAL; 2; 10; 8; 3861
INTERNAL; 3; 11; 8; 1379; INTERNAL; 2; 10; 8; 2279
INTERNAL; 3; 11; 8; 1379; INTERNAL; 2; 10; 8; 2648
INTERNAL; 4; 12; 8; 3418; INTERNAL; 3; 11; 8; 1474
INTERNAL; 4; 12; 8; 3418; INTERNAL; 3; 11; 8; 1533
INTERNAL; 3; 11; 8; 1533; INTERNAL; 2; 10; 8; 1413
INTERNAL; 3; 11; 8; 1533; INTERNAL; 2; 10; 8; 1503
INTERNAL; 3; 11; 8; 1533; INTERNAL; 2; 10; 8; 1647
INTERNAL; 6; 14; 8; 1292; INTERNAL; 4; 12; 8; 1844
INTERNAL; 9; 18; 9; 2406; INTERNAL; 7; 17; 10; 1238
INTERNAL; 7; 17; 10; 1238; INTERNAL; 6; 13; 7; 1740
INTERNAL; 7; 17; 10; 1238; INTERNAL; 4; 13; 9; 1544
INTERNAL; 7; 17; 10; 1238; INTERNAL; 6; 13; 7; 1403
INTERNAL; 9; 18; 9; 2406; INTERNAL; 8; 17; 9; 2710
INTERNAL; 8; 17; 9; 2710; INTERNAL; 5; 14; 9; 2963
INTERNAL; 8; 17; 9; 2710; INTERNAL; 7; 14; 7; 1235
INTERNAL; 7; 14; 7; 1235; INTERNAL; 6; 13; 7; 4016
INTERNAL; 6; 13; 7; 4016; INTERNAL; 3; 12; 9; 2616
INTERNAL; 6; 13; 7; 4016; INTERNAL; 5; 12; 7; 1505
INTERNAL; 6; 13; 7; 4016; INTERNAL; 3; 12; 9; 1276
INTERNAL; 7; 14; 7; 1235; INTERNAL; 4; 13; 9; 1205
INTERNAL; 7; 14; 7; 1235; INTERNAL; 6; 13; 7; 2363
INTERNAL; 6; 13; 7; 2363; INTERNAL; 5; 12; 7; 4115
INTERNAL; 6; 13; 7; 2363; INTERNAL; 4; 12; 8; 1978
INTERNAL; 4; 12; 8; 1978; INTERNAL; 3; 11; 8; 1315
INTERNAL; 3; 11; 8; 1315; INTERNAL; 2; 10; 8; 1758
INTERNAL; 3; 11; 8; 1315; INTERNAL; 2; 10; 8; 3338
INTERNAL; 3; 11; 8; 1315; INTERNAL; 2; 10; 8; 1366
INTERNAL; 4; 12; 8; 1978; INTERNAL; 3; 11; 8; 3214
INTERNAL; 4; 12; 8; 1978; INTERNAL; 3; 11; 8; 2064
INTERNAL; 6; 13; 7; 2363; INTERNAL; 4; 12; 8; 1287
INTERNAL; 8; 17; 9; 2710; INTERNAL; 7; 14; 7; 1948
INTERNAL; 19; 19; 0; 1132; INTERNAL; 18; 18; 0; 1730
INTERNAL; 18; 18; 0; 1730; INTERNAL; 12; 17; 5; 1306
INTERNAL; 12; 17; 5; 1306; INTERNAL; 10; 15; 5; 1344
INTERNAL; 10; 15; 5; 1344; INTERNAL; 9; 14; 5; 3264
INTERNAL; 9; 14; 5; 3264; INTERNAL; 8; 12; 4; 3261
INTERNAL; 8; 12; 4; 3261; INTERNAL; 3; 11; 8; 3702
INTERNAL; 8; 12; 4; 3261; INTERNAL; 4; 11; 7; 1414
INTERNAL; 4; 11; 7; 1414; INTERNAL; 3; 10; 7; 1560
INTERNAL; 3; 10; 7; 1560; INTERNAL; 2; 9; 7; 2577
INTERNAL; 3; 10; 7; 1560; INTERNAL; 2; 9; 7; 1432
INTERNAL; 4; 11; 7; 1414; INTERNAL; 3; 10; 7; 1434
INTERNAL; 3; 10; 7; 1434; INTERNAL; 2; 8; 6; 1540
INTERNAL; 3; 10; 7; 1434; INTERNAL; 2; 9; 7; 1491
INTERNAL; 3; 10; 7; 1434; INTERNAL; 2; 8; 6; 2014
INTERNAL; 3; 10; 7; 1434; INTERNAL; 2; 9; 7; 2605
INTERNAL; 4; 11; 7; 1414; INTERNAL; 3; 10; 7; 1439
INTERNAL; 3; 10; 7; 1439; INTERNAL; 2; 9; 7; 1925
INTERNAL; 3; 10; 7; 1439; INTERNAL; 2; 9; 7; 3862
INTERNAL; 3; 10; 7; 1439; INTERNAL; 2; 9; 7; 1510
INTERNAL; 8; 12; 4; 3261; INTERNAL; 7; 11; 4; 1950
INTERNAL; 7; 11; 4; 1950; INTERNAL; 6; 10; 4; 1250
INTERNAL; 6; 10; 4; 1250; INTERNAL; 2; 9; 7; 2116
INTERNAL; 6; 10; 4; 1250; INTERNAL; 5; 9; 4; 2152
INTERNAL; 5; 9; 4; 2152; INTERNAL; 2; 8; 6; 2509
INTERNAL; 5; 9; 4; 2152; INTERNAL; 2; 8; 6; 2592
INTERNAL; 5; 9; 4; 2152; INTERNAL; 4; 8; 4; 1440
INTERNAL; 4; 8; 4; 1440; INTERNAL; 3; 7; 4; 1593
INTERNAL; 3; 7; 4; 1593; INTERNAL; 2; 6; 4; 3143
INTERNAL; 6; 10; 4; 1250; INTERNAL; 2; 9; 7; 1513
INTERNAL; 7; 11; 4; 1950; INTERNAL; 3; 10; 7; 1638
INTERNAL; 3; 10; 7; 1638; INTERNAL; 2; 9; 7; 2463
INTERNAL; 3; 10; 7; 1638; INTERNAL; 2; 9; 7; 1449
INTERNAL; 3; 10; 7; 1638; INTERNAL; 2; 9; 7; 1455
INTERNAL; 7; 11; 4; 1950; INTERNAL; 3; 10; 7; 1487
INTERNAL; 3; 10; 7; 1487; INTERNAL; 2; 9; 7; 1617
INTERNAL; 3; 10; 7; 1487; INTERNAL; 2; 9; 7; 1451
INTERNAL; 3; 10; 7; 1487; INTERNAL; 2; 9; 7; 3106
INTERNAL; 9; 14; 5; 3264; INTERNAL; 4; 12; 8; 1382
INTERNAL; 9; 14; 5; 3264; INTERNAL; 5; 12; 7; 1384
INTERNAL; 5; 12; 7; 1384; INTERNAL; 3; 11; 8; 1816
INTERNAL; 5; 12; 7; 1384; INTERNAL; 4; 11; 7; 1409
INTERNAL; 4; 11; 7; 1409; INTERNAL; 3; 10; 7; 2825
INTERNAL; 3; 10; 7; 2825; INTERNAL; 2; 9; 7; 1504
INTERNAL; 3; 10; 7; 2825; INTERNAL; 2; 9; 7; 1495
INTERNAL; 3; 10; 7; 2825; INTERNAL; 2; 9; 7; 3753
INTERNAL; 4; 11; 7; 1409; INTERNAL; 2; 10; 8; 3286
INTERNAL; 4; 11; 7; 1409; INTERNAL; 3; 10; 7; 1815
INTERNAL; 3; 10; 7; 1815; INTERNAL; 2; 9; 7; 1980
INTERNAL; 5; 12; 7; 1384; INTERNAL; 3; 11; 8; 1483
INTERNAL; 10; 15; 5; 1344; INTERNAL; 7; 14; 7; 3804
INTERNAL; 7; 14; 7; 3804; INTERNAL; 6; 13; 7; 3636
INTERNAL; 6; 13; 7; 3636; INTERNAL; 4; 12; 8; 2510
INTERNAL; 4; 12; 8; 2510; INTERNAL; 3; 11; 8; 3483
INTERNAL; 4; 12; 8; 2510; INTERNAL; 3; 11; 8; 2276
INTERNAL; 4; 12; 8; 2510; INTERNAL; 3; 11; 8; 1395
INTERNAL; 6; 13; 7; 3636; INTERNAL; 4; 12; 8; 1435
INTERNAL; 4; 12; 8; 1435; INTERNAL; 3; 11; 8; 3794
INTERNAL; 4; 12; 8; 1435; INTERNAL; 3; 11; 8; 2751
INTERNAL; 4; 12; 8; 1435; INTERNAL; 3; 11; 8; 2420
INTERNAL; 3; 11; 8; 2420; INTERNAL; 2; 10; 8; 1939
INTERNAL; 3; 11; 8; 2420; INTERNAL; 2; 10; 8; 2183
INTERNAL; 3; 11; 8; 2420; INTERNAL; 2; 10; 8; 3518
INTERNAL; 6; 13; 7; 3636; INTERNAL; 5; 12; 7; 1398
INTERNAL; 5; 12; 7; 1398; INTERNAL; 3; 11; 8; 3586
INTERNAL; 5; 12; 7; 1398; INTERNAL; 4; 11; 7; 1448
INTERNAL; 5; 12; 7; 1398; INTERNAL; 4; 11; 7; 1445
INTERNAL; 4; 11; 7; 1445; INTERNAL; 3; 10; 7; 1486
INTERNAL; 3; 10; 7; 1486; INTERNAL; 2; 9; 7; 1744
INTERNAL; 3; 10; 7; 1486; INTERNAL; 2; 9; 7; 2447
INTERNAL; 3; 10; 7; 1486; INTERNAL; 2; 9; 7; 1852
INTERNAL; 4; 11; 7; 1445; INTERNAL; 3; 10; 7; 3942
INTERNAL; 3; 10; 7; 3942; INTERNAL; 2; 9; 7; 1535
INTERNAL; 3; 10; 7; 3942; INTERNAL; 2; 9; 7; 1568
INTERNAL; 3; 10; 7; 3942; INTERNAL; 2; 9; 7; 1806
INTERNAL; 4; 11; 7; 1445; INTERNAL; 3; 10; 7; 2284
INTERNAL; 7; 14; 7; 3804; INTERNAL; 5; 13; 8; 1375
INTERNAL; 5; 13; 8; 1375; INTERNAL; 4; 12; 8; 1364
INTERNAL; 5; 13; 8; 1375; INTERNAL; 4; 12; 8; 1392
INTERNAL; 5; 13; 8; 1375; INTERNAL; 3; 12; 9; 1358
INTERNAL; 7; 14; 7; 3804; INTERNAL; 5; 13; 8; 1378
INTERNAL; 5; 13; 8; 1378; INTERNAL; 4; 12; 8; 1914
INTERNAL; 5; 13; 8; 1378; INTERNAL; 4; 12; 8; 1371
INTERNAL; 5; 13; 8; 1378; INTERNAL; 3; 12; 9; 1368
INTERNAL; 10; 15; 5; 1344; INTERNAL; 9; 14; 5; 2272
INTERNAL; 9; 14; 5; 2272; INTERNAL; 8; 13; 5; 1426
INTERNAL; 9; 14; 5; 2272; INTERNAL; 8; 13; 5; 1418
INTERNAL; 8; 13; 5; 1418; INTERNAL; 5; 12; 7; 1458
INTERNAL; 5; 12; 7; 1458; INTERNAL; 4; 11; 7; 1884
INTERNAL; 4; 11; 7; 1884; INTERNAL; 3; 9; 6; 2427
INTERNAL; 4; 11; 7; 1884; INTERNAL; 2; 9; 7; 1607
INTERNAL; 4; 11; 7; 1884; INTERNAL; 2; 9; 7; 1710
INTERNAL; 5; 12; 7; 1458; INTERNAL; 3; 11; 8; 2456
INTERNAL; 5; 12; 7; 1458; INTERNAL; 3; 11; 8; 1464
INTERNAL; 8; 13; 5; 1418; INTERNAL; 7; 12; 5; 2228
INTERNAL; 7; 12; 5; 2228; INTERNAL; 6; 11; 5; 1928
INTERNAL; 7; 12; 5; 2228; INTERNAL; 6; 11; 5; 1520
INTERNAL; 6; 11; 5; 1520; INTERNAL; 5; 10; 5; 1887
INTERNAL; 5; 10; 5; 1887; INTERNAL; 2; 9; 7; 1594
INTERNAL; 5; 10; 5; 1887; INTERNAL; 2; 9; 7; 1597
INTERNAL; 5; 10; 5; 1887; INTERNAL; 4; 9; 5; 2354
INTERNAL; 6; 11; 5; 1520; INTERNAL; 3; 10; 7; 2404
INTERNAL; 3; 10; 7; 2404; INTERNAL; 2; 9; 7; 1657
INTERNAL; 3; 10; 7; 2404; INTERNAL; 2; 9; 7; 2032
INTERNAL; 6; 11; 5; 1520; INTERNAL; 3; 10; 7; 1553
INTERNAL; 3; 10; 7; 1553; INTERNAL; 2; 9; 7; 2132
INTERNAL; 3; 10; 7; 1553; INTERNAL; 2; 9; 7; 1578
INTERNAL; 3; 10; 7; 1553; INTERNAL; 2; 9; 7; 2234
INTERNAL; 7; 12; 5; 2228; INTERNAL; 3; 11; 8; 1516
INTERNAL; 8; 13; 5; 1418; INTERNAL; 7; 12; 5; 1467
INTERNAL; 9; 14; 5; 2272; INTERNAL; 5; 13; 8; 1416
INTERNAL; 12; 17; 5; 1306; INTERNAL; 11; 15; 4; 1349
INTERNAL; 11; 15; 4; 1349; INTERNAL; 6; 14; 8; 1342
INTERNAL; 6; 14; 8; 1342; INTERNAL; 4; 13; 9; 2632
INTERNAL; 6; 14; 8; 1342; INTERNAL; 5; 13; 8; 3498
INTERNAL; 6; 14; 8; 1342; INTERNAL; 5; 13; 8; 1600
INTERNAL; 11; 15; 4; 1349; INTERNAL; 10; 14; 4; 1343
INTERNAL; 10; 14; 4; 1343; INTERNAL; 6; 13; 7; 2619
INTERNAL; 10; 14; 4; 1343; INTERNAL; 9; 13; 4; 3948
INTERNAL; 10; 14; 4; 1343; INTERNAL; 5; 13; 8; 3025
INTERNAL; 11; 15; 4; 1349; INTERNAL; 7; 14; 7; 1834
INTERNAL; 18; 18; 0; 1730; INTERNAL; 9; 17; 8; 1269
INTERNAL; 9; 17; 8; 1269; INTERNAL; 7; 16; 9; 1267
INTERNAL; 9; 17; 8; 1269; INTERNAL; 8; 16; 8; 2709
INTERNAL; 9; 17; 8; 1269; INTERNAL; 7; 16; 9; 1614
INTERNAL; 7; 16; 9; 1614; INTERNAL; 6; 15; 9; 2688
INTERNAL; 7; 16; 9; 1614; INTERNAL; 6; 15; 9; 2067
INTERNAL; 7; 16; 9; 1614; INTERNAL; 6; 15; 9; 2081
INTERNAL; 18; 18; 0; 1730; INTERNAL; 11; 17; 6; 1357
INTERNAL; 11; 17; 6; 1357; INTERNAL; 7; 16; 9; 3270
INTERNAL; 11; 17; 6; 1357; INTERNAL; 10; 16; 6; 1968
INTERNAL; 11; 17; 6; 1357; INTERNAL; 7; 16; 9; 1297
INTERNAL; 18; 18; 0; 1730; INTERNAL; 17; 17; 0; 2334
INTERNAL; 17; 17; 0; 2334; INTERNAL; 10; 16; 6; 3151
INTERNAL; 10; 16; 6; 3151; INTERNAL; 9; 15; 6; 1429
INTERNAL; 10; 16; 6; 3151; INTERNAL; 8; 15; 7; 2128
INTERNAL; 8; 15; 7; 2128; INTERNAL; 5; 13; 8; 2615
INTERNAL; 8; 15; 7; 2128; INTERNAL; 7; 13; 6; 2038
INTERNAL; 7; 13; 6; 2038; INTERNAL; 4; 12; 8; 2773
INTERNAL; 7; 13; 6; 2038; INTERNAL; 6; 12; 6; 3013
INTERNAL; 6; 12; 6; 3013; INTERNAL; 3; 10; 7; 3582
INTERNAL; 6; 12; 6; 3013; INTERNAL; 3; 10; 7; 2665
INTERNAL; 3; 10; 7; 2665; INTERNAL; 2; 9; 7; 1177
INTERNAL; 3; 10; 7; 2665; INTERNAL; 2; 9; 7; 1590
INTERNAL; 3; 10; 7; 2665; INTERNAL; 2; 9; 7; 1580
INTERNAL; 6; 12; 6; 3013; INTERNAL; 5; 10; 5; 2207
INTERNAL; 7; 13; 6; 2038; INTERNAL; 6; 12; 6; 1488
INTERNAL; 6; 12; 6; 1488; INTERNAL; 4; 10; 6; 1611
INTERNAL; 6; 12; 6; 1488; INTERNAL; 5; 10; 5; 2277
INTERNAL; 5; 10; 5; 2277; INTERNAL; 3; 9; 6; 2738
INTERNAL; 3; 9; 6; 2738; INTERNAL; 2; 8; 6; 1636
INTERNAL; 5; 10; 5; 2277; INTERNAL; 3; 9; 6; 2706
INTERNAL; 3; 9; 6; 2706; INTERNAL; 2; 8; 6; 2139
INTERNAL; 3; 9; 6; 2706; INTERNAL; 2; 8; 6; 2863
INTERNAL; 3; 9; 6; 2706; INTERNAL; 2; 8; 6; 1641
INTERNAL; 5; 10; 5; 2277; INTERNAL; 4; 9; 5; 2451
INTERNAL; 4; 9; 5; 2451; INTERNAL; 2; 8; 6; 1317
INTERNAL; 4; 9; 5; 2451; INTERNAL; 3; 8; 5; 1659
INTERNAL; 3; 8; 5; 1659; INTERNAL; 2; 7; 5; 1679
INTERNAL; 4; 9; 5; 2451; INTERNAL; 2; 8; 6; 1655
INTERNAL; 6; 12; 6; 1488; INTERNAL; 3; 10; 7; 1542
INTERNAL; 8; 15; 7; 2128; INTERNAL; 4; 13; 9; 1369
INTERNAL; 10; 16; 6; 3151; INTERNAL; 6; 15; 9; 1427
INTERNAL; 17; 17; 0; 2334; INTERNAL; 16; 16; 0; 3806
INTERNAL; 16; 16; 0; 3806; INTERNAL; 9; 15; 6; 1476
INTERNAL; 9; 15; 6; 1476; INTERNAL; 8; 14; 6; 1473
INTERNAL; 8; 14; 6; 1473; INTERNAL; 7; 13; 6; 1526
INTERNAL; 8; 14; 6; 1473; INTERNAL; 7; 13; 6; 2305
INTERNAL; 7; 13; 6; 2305; INTERNAL; 4; 11; 7; 1555
INTERNAL; 4; 11; 7; 1555; INTERNAL; 3; 10; 7; 1589
INTERNAL; 4; 11; 7; 1555; INTERNAL; 3; 10; 7; 1586
INTERNAL; 3; 10; 7; 1586; INTERNAL; 2; 8; 6; 1648
INTERNAL; 3; 10; 7; 1586; INTERNAL; 2; 8; 6; 1653
INTERNAL; 3; 10; 7; 1586; INTERNAL; 2; 8; 6; 1650
INTERNAL; 4; 11; 7; 1555; INTERNAL; 3; 10; 7; 1709
INTERNAL; 7; 13; 6; 2305; INTERNAL; 6; 11; 5; 1562
INTERNAL; 6; 11; 5; 1562; INTERNAL; 5; 10; 5; 2821
INTERNAL; 6; 11; 5; 1562; INTERNAL; 4; 10; 6; 1604
INTERNAL; 4; 10; 6; 1604; INTERNAL; 3; 9; 6; 3217
INTERNAL; 3; 9; 6; 3217; INTERNAL; 2; 8; 6; 3499
INTERNAL; 3; 9; 6; 3217; INTERNAL; 2; 8; 6; 2846
INTERNAL; 3; 9; 6; 3217; INTERNAL; 2; 8; 6; 2893
INTERNAL; 4; 10; 6; 1604; INTERNAL; 2; 9; 7; 1623
INTERNAL; 4; 10; 6; 1604; INTERNAL; 3; 9; 6; 2923
INTERNAL; 3; 9; 6; 2923; INTERNAL; 2; 8; 6; 2321
INTERNAL; 3; 9; 6; 2923; INTERNAL; 2; 8; 6; 1712
INTERNAL; 3; 9; 6; 2923; INTERNAL; 2; 8; 6; 1456
INTERNAL; 6; 11; 5; 1562; INTERNAL; 3; 10; 7; 1601
INTERNAL; 7; 13; 6; 2305; INTERNAL; 6; 11; 5; 1563
INTERNAL; 8; 14; 6; 1473; INTERNAL; 5; 13; 8; 1522
INTERNAL; 9; 15; 6; 1476; INTERNAL; 8; 14; 6; 1469
INTERNAL; 9; 15; 6; 1476; INTERNAL; 8; 14; 6; 2166
INTERNAL; 16; 16; 0; 3806; INTERNAL; 8; 15; 7; 1832
INTERNAL; 8; 15; 7; 1832; INTERNAL; 7; 12; 5; 2068
INTERNAL; 7; 12; 5; 2068; INTERNAL; 6; 11; 5; 3996
INTERNAL; 7; 12; 5; 2068; INTERNAL; 6; 11; 5; 2720
INTERNAL; 6; 11; 5; 2720; INTERNAL; 5; 10; 5; 1574
INTERNAL; 6; 11; 5; 2720; INTERNAL; 5; 10; 5; 1572
INTERNAL; 5; 10; 5; 1572; INTERNAL; 4; 9; 5; 1662
INTERNAL; 5; 10; 5; 1572; INTERNAL; 3; 9; 6; 2318
INTERNAL; 5; 10; 5; 1572; INTERNAL; 4; 9; 5; 1665
INTERNAL; 4; 9; 5; 1665; INTERNAL; 3; 8; 5; 3478
INTERNAL; 4; 9; 5; 1665; INTERNAL; 2; 8; 6; 2872
INTERNAL; 4; 9; 5; 1665; INTERNAL; 3; 8; 5; 1683
INTERNAL; 3; 8; 5; 1683; INTERNAL; 2; 7; 5; 2869
INTERNAL; 3; 8; 5; 1683; INTERNAL; 2; 7; 5; 2180
INTERNAL; 6; 11; 5; 2720; INTERNAL; 4; 10; 6; 1695
INTERNAL; 4; 10; 6; 1695; INTERNAL; 3; 9; 6; 2942
INTERNAL; 3; 9; 6; 2942; INTERNAL; 2; 8; 6; 2295
INTERNAL; 3; 9; 6; 2942; INTERNAL; 2; 8; 6; 2857
INTERNAL; 3; 9; 6; 2942; INTERNAL; 2; 8; 6; 1708
INTERNAL; 4; 10; 6; 1695; INTERNAL; 3; 9; 6; 3355
INTERNAL; 4; 10; 6; 1695; INTERNAL; 3; 9; 6; 2097
INTERNAL; 7; 12; 5; 2068; INTERNAL; 6; 11; 5; 1584
INTERNAL; 8; 15; 7; 1832; INTERNAL; 7; 12; 5; 3789
INTERNAL; 8; 15; 7; 1832; INTERNAL; 7; 12; 5; 2625
INTERNAL; 7; 12; 5; 2625; INTERNAL; 6; 11; 5; 2889
INTERNAL; 7; 12; 5; 2625; INTERNAL; 6; 11; 5; 1482
INTERNAL; 6; 11; 5; 1482; INTERNAL; 4; 10; 6; 1631
INTERNAL; 4; 10; 6; 1631; INTERNAL; 3; 9; 6; 2783
INTERNAL; 4; 10; 6; 1631; INTERNAL; 3; 9; 6; 2781
INTERNAL; 4; 10; 6; 1631; INTERNAL; 3; 9; 6; 2385
INTERNAL; 6; 11; 5; 1482; INTERNAL; 5; 10; 5; 1633
INTERNAL; 5; 10; 5; 1633; INTERNAL; 3; 9; 6; 2722
INTERNAL; 3; 9; 6; 2722; INTERNAL; 2; 8; 6; 3513
INTERNAL; 3; 9; 6; 2722; INTERNAL; 2; 8; 6; 2634
INTERNAL; 3; 9; 6; 2722; INTERNAL; 2; 8; 6; 2849
INTERNAL; 5; 10; 5; 1633; INTERNAL; 4; 9; 5; 2886
INTERNAL; 4; 9; 5; 2886; INTERNAL; 2; 8; 6; 2531
INTERNAL; 4; 9; 5; 2886; INTERNAL; 2; 8; 6; 2843
INTERNAL; 4; 9; 5; 2886; INTERNAL; 3; 8; 5; 2149
INTERNAL; 3; 8; 5; 2149; INTERNAL; 2; 7; 5; 2982
INTERNAL; 5; 10; 5; 1633; INTERNAL; 3; 9; 6; 2887
INTERNAL; 3; 9; 6; 2887; INTERNAL; 2; 8; 6; 2497
INTERNAL; 3; 9; 6; 2887; INTERNAL; 2; 8; 6; 2130
INTERNAL; 3; 9; 6; 2887; INTERNAL; 2; 8; 6; 2205
INTERNAL; 6; 11; 5; 1482; INTERNAL; 4; 10; 6; 2786
INTERNAL; 7; 12; 5; 2625; INTERNAL; 4; 11; 7; 3351
INTERNAL; 16; 16; 0; 3806; INTERNAL; 10; 15; 5; 1530
INTERNAL; 10; 15; 5; 1530; INTERNAL; 8; 13; 5; 3255
INTERNAL; 10; 15; 5; 1530; INTERNAL; 9; 13; 4; 2309
INTERNAL; 9; 13; 4; 2309; INTERNAL; 8; 12; 4; 1616
INTERNAL; 8; 12; 4; 1616; INTERNAL; 7; 11; 4; 1667
INTERNAL; 7; 11; 4; 1667; INTERNAL; 4; 10; 6; 1699
INTERNAL; 7; 11; 4; 1667; INTERNAL; 4; 10; 6; 1688
INTERNAL; 4; 10; 6; 1688; INTERNAL; 3; 9; 6; 2450
INTERNAL; 3; 9; 6; 2450; INTERNAL; 2; 7; 5; 1774
INTERNAL; 3; 9; 6; 2450; INTERNAL; 2; 7; 5; 2201
INTERNAL; 3; 9; 6; 2450; INTERNAL; 2; 8; 6; 1548
INTERNAL; 3; 9; 6; 2450; INTERNAL; 2; 8; 6; 1674
INTERNAL; 4; 10; 6; 1688; INTERNAL; 3; 9; 6; 2855
INTERNAL; 3; 9; 6; 2855; INTERNAL; 2; 8; 6; 2098
INTERNAL; 3; 9; 6; 2855; INTERNAL; 2; 8; 6; 2806
INTERNAL; 3; 9; 6; 2855; INTERNAL; 2; 8; 6; 4107
INTERNAL; 4; 10; 6; 1688; INTERNAL; 3; 9; 6; 2620
INTERNAL; 3; 9; 6; 2620; INTERNAL; 2; 7; 5; 2784
INTERNAL; 3; 9; 6; 2620; INTERNAL; 2; 7; 5; 2789
INTERNAL; 3; 9; 6; 2620; INTERNAL; 2; 7; 5; 1808
INTERNAL; 7; 11; 4; 1667; INTERNAL; 6; 10; 4; 1702
INTERNAL; 6; 10; 4; 1702; INTERNAL; 3; 9; 6; 2868
INTERNAL; 6; 10; 4; 1702; INTERNAL; 5; 9; 4; 3508
INTERNAL; 5; 9; 4; 3508; INTERNAL; 3; 8; 5; 2794
INTERNAL; 3; 8; 5; 2794; INTERNAL; 2; 7; 5; 2359
INTERNAL; 3; 8; 5; 2794; INTERNAL; 2; 7; 5; 2140
INTERNAL; 3; 8; 5; 2794; INTERNAL; 2; 7; 5; 2529
INTERNAL; 5; 9; 4; 3508; INTERNAL; 3; 8; 5; 2796
INTERNAL; 5; 9; 4; 3508; INTERNAL; 4; 8; 4; 2638
INTERNAL; 4; 8; 4; 2638; INTERNAL; 3; 7; 4; 2526
INTERNAL; 3; 7; 4; 2526; INTERNAL; 2; 5; 3; 2395
INTERNAL; 4; 8; 4; 2638; INTERNAL; 2; 7; 5; 1359
INTERNAL; 4; 8; 4; 2638; INTERNAL; 2; 7; 5; 2754
INTERNAL; 6; 10; 4; 1702; INTERNAL; 3; 9; 6; 1799
INTERNAL; 8; 12; 4; 1616; INTERNAL; 5; 11; 6; 2768
INTERNAL; 8; 12; 4; 1616; INTERNAL; 4; 11; 7; 1714
INTERNAL; 9; 13; 4; 2309; INTERNAL; 7; 12; 5; 1838
INTERNAL; 9; 13; 4; 2309; INTERNAL; 6; 12; 6; 1612
INTERNAL; 16; 16; 0; 3806; INTERNAL; 9; 15; 6; 1628
INTERNAL; 9; 15; 6; 1628; INTERNAL; 7; 14; 7; 2884
INTERNAL; 9; 15; 6; 1628; INTERNAL; 8; 14; 6; 1528
INTERNAL; 9; 15; 6; 1628; INTERNAL; 7; 14; 7; 2970
INTERNAL; 16; 16; 0; 3806; INTERNAL; 9; 15; 6; 2466
INTERNAL; 16; 16; 0; 3806; INTERNAL; 15; 15; 0; 2428
INTERNAL; 15; 15; 0; 2428; INTERNAL; 9; 14; 5; 1619
INTERNAL; 15; 15; 0; 2428; INTERNAL; 10; 14; 4; 1857
INTERNAL; 15; 15; 0; 2428; INTERNAL; 9; 14; 5; 1199
INTERNAL; 9; 14; 5; 1199; INTERNAL; 8; 13; 5; 2865
INTERNAL; 8; 13; 5; 2865; INTERNAL; 4; 11; 7; 2673
INTERNAL; 8; 13; 5; 2865; INTERNAL; 5; 11; 6; 2883
INTERNAL; 8; 13; 5; 2865; INTERNAL; 7; 11; 4; 2876
INTERNAL; 7; 11; 4; 2876; INTERNAL; 3; 10; 7; 2839
INTERNAL; 7; 11; 4; 2876; INTERNAL; 4; 10; 6; 2838
INTERNAL; 7; 11; 4; 2876; INTERNAL; 6; 10; 4; 1763
INTERNAL; 6; 10; 4; 1763; INTERNAL; 3; 8; 5; 2782
INTERNAL; 6; 10; 4; 1763; INTERNAL; 5; 8; 3; 2574
INTERNAL; 5; 8; 3; 2574; INTERNAL; 4; 7; 3; 1301
INTERNAL; 4; 7; 3; 1301; INTERNAL; 3; 6; 3; 2243
INTERNAL; 4; 7; 3; 1301; INTERNAL; 2; 6; 4; 2089
INTERNAL; 4; 7; 3; 1301; INTERNAL; 2; 6; 4; 1772
INTERNAL; 5; 8; 3; 2574; INTERNAL; 3; 7; 4; 2268
INTERNAL; 3; 7; 4; 2268; INTERNAL; 2; 6; 4; 2390
INTERNAL; 3; 7; 4; 2268; INTERNAL; 2; 6; 4; 2600
INTERNAL; 6; 10; 4; 1763; INTERNAL; 3; 8; 5; 1821
INTERNAL; 3; 8; 5; 1821; INTERNAL; 2; 7; 5; 2203
INTERNAL; 3; 8; 5; 1821; INTERNAL; 2; 7; 5; 2219
INTERNAL; 3; 8; 5; 1821; INTERNAL; 2; 7; 5; 1921
INTERNAL; 9; 14; 5; 1199; INTERNAL; 6; 13; 7; 2903
INTERNAL; 9; 14; 5; 1199; INTERNAL; 8; 13; 5; 2283
INTERNAL; 15; 15; 0; 2428; INTERNAL; 9; 14; 5; 2645
INTERNAL; 15; 15; 0; 2428; INTERNAL; 14; 14; 0; 1678
INTERNAL; 14; 14; 0; 1678; INTERNAL; 9; 13; 4; 2873
INTERNAL; 9; 13; 4; 2873; INTERNAL; 7; 12; 5; 2856
INTERNAL; 9; 13; 4; 2873; INTERNAL; 7; 12; 5; 4030
INTERNAL; 7; 12; 5; 4030; INTERNAL; 6; 11; 5; 3063
INTERNAL; 6; 11; 5; 3063; INTERNAL; 3; 9; 6; 2792
INTERNAL; 6; 11; 5; 3063; INTERNAL; 3; 9; 6; 2212
INTERNAL; 6; 11; 5; 3063; INTERNAL; 5; 9; 4; 2803
INTERNAL; 5; 9; 4; 2803; INTERNAL; 4; 8; 4; 1839
INTERNAL; 5; 9; 4; 2803; INTERNAL; 3; 8; 5; 2752
INTERNAL; 5; 9; 4; 2803; INTERNAL; 3; 8; 5; 2842
INTERNAL; 3; 8; 5; 2842; INTERNAL; 2; 7; 5; 2727
INTERNAL; 3; 8; 5; 2842; INTERNAL; 2; 7; 5; 1477
INTERNAL; 3; 8; 5; 2842; INTERNAL; 2; 7; 5; 1722
INTERNAL; 7; 12; 5; 4030; INTERNAL; 4; 11; 7; 2858
INTERNAL; 7; 12; 5; 4030; INTERNAL; 6; 11; 5; 2123
INTERNAL; 9; 13; 4; 2873; INTERNAL; 8; 12; 4; 2874
INTERNAL; 14; 14; 0; 1678; INTERNAL; 13; 13; 0; 3953
INTERNAL; 13; 13; 0; 3953; INTERNAL; 8; 12; 4; 2414
INTERNAL; 8; 12; 4; 2414; INTERNAL; 4; 9; 5; 2290
INTERNAL; 4; 9; 5; 2290; INTERNAL; 3; 6; 3; 2689
INTERNAL; 3; 6; 3; 2689; INTERNAL; 2; 5; 3; 2879
INTERNAL; 4; 9; 5; 2290; INTERNAL; 2; 6; 4; 2516
INTERNAL; 4; 9; 5; 2290; INTERNAL; 2; 6; 4; 3684
INTERNAL; 8; 12; 4; 2414; INTERNAL; 7; 11; 4; 2820
INTERNAL; 7; 11; 4; 2820; INTERNAL; 5; 9; 4; 2348
INTERNAL; 5; 9; 4; 2348; INTERNAL; 4; 7; 3; 2704
INTERNAL; 4; 7; 3; 2704; INTERNAL; 3; 6; 3; 2691
INTERNAL; 3; 6; 3; 2691; INTERNAL; 2; 5; 3; 1186
INTERNAL; 3; 6; 3; 2691; INTERNAL; 2; 5; 3; 1863
INTERNAL; 3; 6; 3; 2691; INTERNAL; 2; 5; 3; 1299
INTERNAL; 4; 7; 3; 2704; INTERNAL; 2; 6; 4; 2594
INTERNAL; 4; 7; 3; 2704; INTERNAL; 2; 6; 4; 2636
INTERNAL; 5; 9; 4; 2348; INTERNAL; 4; 7; 3; 3206
INTERNAL; 5; 9; 4; 2348; INTERNAL; 4; 7; 3; 1215
INTERNAL; 7; 11; 4; 2820; INTERNAL; 5; 9; 4; 3367
INTERNAL; 5; 9; 4; 3367; INTERNAL; 3; 8; 5; 1130
INTERNAL; 3; 8; 5; 1130; INTERNAL; 2; 6; 4; 1984
INTERNAL; 3; 8; 5; 1130; INTERNAL; 2; 6; 4; 2002
INTERNAL; 5; 9; 4; 3367; INTERNAL; 4; 8; 4; 4106
INTERNAL; 4; 8; 4; 4106; INTERNAL; 2; 7; 5; 2543
INTERNAL; 4; 8; 4; 4106; INTERNAL; 2; 7; 5; 1138
INTERNAL; 4; 8; 4; 4106; INTERNAL; 3; 7; 4; 2624
INTERNAL; 5; 9; 4; 3367; INTERNAL; 4; 8; 4; 2622
INTERNAL; 4; 8; 4; 2622; INTERNAL; 3; 7; 4; 2163
INTERNAL; 3; 7; 4; 2163; INTERNAL; 2; 5; 3; 2049
INTERNAL; 4; 8; 4; 2622; INTERNAL; 2; 7; 5; 1518
INTERNAL; 4; 8; 4; 2622; INTERNAL; 2; 7; 5; 2641
INTERNAL; 7; 11; 4; 2820; INTERNAL; 6; 9; 3; 2415
INTERNAL; 6; 9; 3; 2415; INTERNAL; 5; 8; 3; 1845
INTERNAL; 5; 8; 3; 1845; INTERNAL; 4; 7; 3; 2643
INTERNAL; 4; 7; 3; 2643; INTERNAL; 2; 6; 4; 3934
INTERNAL; 4; 7; 3; 2643; INTERNAL; 2; 6; 4; 2441
INTERNAL; 4; 7; 3; 2643; INTERNAL; 3; 6; 3; 1760
INTERNAL; 5; 8; 3; 1845; INTERNAL; 3; 7; 4; 3107
INTERNAL; 3; 7; 4; 3107; INTERNAL; 2; 6; 4; 2593
INTERNAL; 3; 7; 4; 3107; INTERNAL; 2; 6; 4; 2595
INTERNAL; 3; 7; 4; 3107; INTERNAL; 2; 6; 4; 3890
INTERNAL; 5; 8; 3; 1845; INTERNAL; 3; 7; 4; 2330
INTERNAL; 3; 7; 4; 2330; INTERNAL; 2; 6; 4; 2323
INTERNAL; 3; 7; 4; 2330; INTERNAL; 2; 6; 4; 2596
INTERNAL; 6; 9; 3; 2415; INTERNAL; 3; 8; 5; 1193
INTERNAL; 3; 8; 5; 1193; INTERNAL; 2; 6; 4; 2077
INTERNAL; 3; 8; 5; 1193; INTERNAL; 2; 6; 4; 3456
INTERNAL; 3; 8; 5; 1193; INTERNAL; 2; 6; 4; 3251
INTERNAL; 6; 9; 3; 2415; INTERNAL; 4; 8; 4; 2683
INTERNAL; 8; 12; 4; 2414; INTERNAL; 5; 9; 4; 2801
INTERNAL; 8; 12; 4; 2414; INTERNAL; 6; 9; 3; 2501
INTERNAL; 6; 9; 3; 2501; INTERNAL; 4; 8; 4; 2513
INTERNAL; 6; 9; 3; 2501; INTERNAL; 3; 8; 5; 3053
INTERNAL; 6; 9; 3; 2501; INTERNAL; 5; 8; 3; 2512
INTERNAL; 5; 8; 3; 2512; INTERNAL; 4; 7; 3; 2476
INTERNAL; 4; 7; 3; 2476; INTERNAL; 3; 5; 2; 1804
INTERNAL; 3; 5; 2; 1804; INTERNAL; 2; 4; 2; 2617
INTERNAL; 4; 7; 3; 2476; INTERNAL; 2; 5; 3; 2047
INTERNAL; 4; 7; 3; 2476; INTERNAL; 2; 5; 3; 2169
INTERNAL; 5; 8; 3; 2512; INTERNAL; 4; 7; 3; 2544
INTERNAL; 5; 8; 3; 2512; INTERNAL; 3; 7; 4; 2983
INTERNAL; 3; 7; 4; 2983; INTERNAL; 2; 5; 3; 2561
INTERNAL; 8; 12; 4; 2414; INTERNAL; 5; 11; 6; 2694
INTERNAL; 5; 11; 6; 2694; INTERNAL; 3; 8; 5; 2956
INTERNAL; 5; 11; 6; 2694; INTERNAL; 4; 8; 4; 2263
INTERNAL; 4; 8; 4; 2263; INTERNAL; 3; 7; 4; 2723
INTERNAL; 4; 8; 4; 2263; INTERNAL; 3; 7; 4; 2048
INTERNAL; 4; 8; 4; 2263; INTERNAL; 2; 7; 5; 2306
INTERNAL; 5; 11; 6; 2694; INTERNAL; 3; 8; 5; 2150
INTERNAL; 13; 13; 0; 3953; INTERNAL; 8; 12; 4; 2200
INTERNAL; 8; 12; 4; 2200; INTERNAL; 6; 10; 4; 1853
INTERNAL; 6; 10; 4; 1853; INTERNAL; 4; 8; 4; 2924
INTERNAL; 6; 10; 4; 1853; INTERNAL; 3; 8; 5; 2129
INTERNAL; 6; 10; 4; 1853; INTERNAL; 5; 8; 3; 2440
INTERNAL; 8; 12; 4; 2200; INTERNAL; 7; 10; 3; 2206
INTERNAL; 8; 12; 4; 2200; INTERNAL; 6; 10; 4; 2735
INTERNAL; 6; 10; 4; 2735; INTERNAL; 5; 9; 4; 2743
INTERNAL; 6; 10; 4; 2735; INTERNAL; 5; 9; 4; 1302
INTERNAL; 6; 10; 4; 2735; INTERNAL; 5; 9; 4; 1791
INTERNAL; 13; 13; 0; 3953; INTERNAL; 12; 12; 0; 1718
INTERNAL; 12; 12; 0; 1718; INTERNAL; 11; 11; 0; 1735
INTERNAL; 11; 11; 0; 1735; INTERNAL; 10; 10; 0; 1930
INTERNAL; 10; 10; 0; 1930; INTERNAL; 8; 9; 1; 1405
INTERNAL; 8; 9; 1; 1405; INTERNAL; 7; 7; 0; 1759
INTERNAL; 7; 7; 0; 1759; INTERNAL; 6; 6; 0; 1181
INTERNAL; 6; 6; 0; 1181; INTERNAL; 5; 5; 0; 2177
INTERNAL; 5; 5; 0; 2177; INTERNAL; 2; 4; 2; 2675
INTERNAL; 5; 5; 0; 2177; INTERNAL; 4; 4; 0; 3869
INTERNAL; 4; 4; 0; 3869; INTERNAL; 3; 3; 0; 1878
INTERNAL; 3; 3; 0; 1878; INTERNAL; 2; 2; 0; 1879
INTERNAL; 4; 4; 0; 3869; INTERNAL; 2; 3; 1; 2096
INTERNAL; 4; 4; 0; 3869; INTERNAL; 2; 3; 1; 2110
INTERNAL; 5; 5; 0; 2177; INTERNAL; 3; 4; 1; 2054
INTERNAL; 3; 4; 1; 2054; INTERNAL; 2; 3; 1; 1843
INTERNAL; 6; 6; 0; 1181; INTERNAL; 3; 5; 2; 2282
INTERNAL; 3; 5; 2; 2282; INTERNAL; 2; 4; 2; 1994
INTERNAL; 3; 5; 2; 2282; INTERNAL; 2; 4; 2; 1751
INTERNAL; 3; 5; 2; 2282; INTERNAL; 2; 3; 1; 2118
INTERNAL; 3; 5; 2; 2282; INTERNAL; 2; 4; 2; 1754
INTERNAL; 7; 7; 0; 1759; INTERNAL; 5; 6; 1; 3989
INTERNAL; 5; 6; 1; 3989; INTERNAL; 4; 5; 1; 2280
INTERNAL; 4; 5; 1; 2280; INTERNAL; 2; 4; 2; 2191
INTERNAL; 4; 5; 1; 2280; INTERNAL; 2; 4; 2; 4004
INTERNAL; 4; 5; 1; 2280; INTERNAL; 3; 4; 1; 2188
INTERNAL; 5; 6; 1; 3989; INTERNAL; 3; 5; 2; 2182
INTERNAL; 3; 5; 2; 2182; INTERNAL; 2; 4; 2; 3900
INTERNAL; 3; 5; 2; 2182; INTERNAL; 2; 4; 2; 1776
INTERNAL; 5; 6; 1; 3989; INTERNAL; 3; 5; 2; 1746
INTERNAL; 3; 5; 2; 1746; INTERNAL; 2; 4; 2; 2335
INTERNAL; 7; 7; 0; 1759; INTERNAL; 3; 6; 3; 2094
INTERNAL; 3; 6; 3; 2094; INTERNAL; 2; 5; 3; 3623
INTERNAL; 3; 6; 3; 2094; INTERNAL; 2; 5; 3; 3690
INTERNAL; 3; 6; 3; 2094; INTERNAL; 2; 5; 3; 1999
INTERNAL; 7; 7; 0; 1759; INTERNAL; 6; 6; 0; 1890
INTERNAL; 6; 6; 0; 1890; INTERNAL; 3; 5; 2; 2137
INTERNAL; 6; 6; 0; 1890; INTERNAL; 5; 5; 0; 1795
INTERNAL; 5; 5; 0; 1795; INTERNAL; 2; 4; 2; 1835
INTERNAL; 5; 5; 0; 1795; INTERNAL; 4; 4; 0; 2156
INTERNAL; 4; 4; 0; 2156; INTERNAL; 2; 3; 1; 1975
INTERNAL; 4; 4; 0; 2156; INTERNAL; 2; 3; 1; 3241
INTERNAL; 4; 4; 0; 2156; INTERNAL; 3; 3; 0; 2286
INTERNAL; 3; 3; 0; 2286; INTERNAL; 2; 2; 0; 1697
INTERNAL; 5; 5; 0; 1795; INTERNAL; 2; 4; 2; 2549
INTERNAL; 6; 6; 0; 1890; INTERNAL; 4; 5; 1; 2233
INTERNAL; 8; 9; 1; 1405; INTERNAL; 7; 7; 0; 2325
INTERNAL; 7; 7; 0; 2325; INTERNAL; 6; 6; 0; 1827
INTERNAL; 7; 7; 0; 2325; INTERNAL; 5; 6; 1; 1822
INTERNAL; 7; 7; 0; 2325; INTERNAL; 5; 6; 1; 2192
INTERNAL; 5; 6; 1; 2192; INTERNAL; 4; 5; 1; 1849
INTERNAL; 5; 6; 1; 2192; INTERNAL; 3; 5; 2; 1846
INTERNAL; 5; 6; 1; 2192; INTERNAL; 4; 5; 1; 1856
INTERNAL; 4; 5; 1; 1856; INTERNAL; 2; 4; 2; 3191
INTERNAL; 4; 5; 1; 1856; INTERNAL; 3; 4; 1; 1881
INTERNAL; 4; 5; 1; 1856; INTERNAL; 2; 4; 2; 2337
INTERNAL; 10; 10; 0; 1930; INTERNAL; 7; 9; 2; 2393
INTERNAL; 7; 9; 2; 2393; INTERNAL; 6; 8; 2; 2483
INTERNAL; 6; 8; 2; 2483; INTERNAL; 4; 7; 3; 2434
INTERNAL; 4; 7; 3; 2434; INTERNAL; 3; 6; 3; 2635
INTERNAL; 3; 6; 3; 2635; INTERNAL; 2; 4; 2; 3077
INTERNAL; 3; 6; 3; 2635; INTERNAL; 2; 3; 1; 1823
INTERNAL; 4; 7; 3; 2434; INTERNAL; 3; 6; 3; 2687
INTERNAL; 4; 7; 3; 2434; INTERNAL; 3; 6; 3; 1719
INTERNAL; 6; 8; 2; 2483; INTERNAL; 4; 7; 3; 2028
INTERNAL; 4; 7; 3; 2028; INTERNAL; 3; 5; 2; 3886
INTERNAL; 4; 7; 3; 2028; INTERNAL; 2; 5; 3; 2331
INTERNAL; 4; 7; 3; 2028; INTERNAL; 2; 5; 3; 2449
INTERNAL; 6; 8; 2; 2483; INTERNAL; 5; 7; 2; 1588
INTERNAL; 5; 7; 2; 1588; INTERNAL; 2; 5; 3; 1627
INTERNAL; 5; 7; 2; 1588; INTERNAL; 2; 5; 3; 3835
INTERNAL; 5; 7; 2; 1588; INTERNAL; 4; 5; 1; 2912
INTERNAL; 4; 5; 1; 2912; INTERNAL; 3; 4; 1; 1658
INTERNAL; 7; 9; 2; 2393; INTERNAL; 5; 8; 3; 1783
INTERNAL; 5; 8; 3; 1783; INTERNAL; 3; 7; 4; 2556
INTERNAL; 3; 7; 4; 2556; INTERNAL; 2; 6; 4; 2558
INTERNAL; 3; 7; 4; 2556; INTERNAL; 2; 6; 4; 1943
INTERNAL; 3; 7; 4; 2556; INTERNAL; 2; 6; 4; 1720
INTERNAL; 5; 8; 3; 1783; INTERNAL; 4; 7; 3; 3057
INTERNAL; 4; 7; 3; 3057; INTERNAL; 3; 6; 3; 1741
INTERNAL; 4; 7; 3; 3057; INTERNAL; 2; 6; 4; 2399
INTERNAL; 4; 7; 3; 3057; INTERNAL; 2; 6; 4; 1732
INTERNAL; 5; 8; 3; 1783; INTERNAL; 3; 7; 4; 1609
INTERNAL; 3; 7; 4; 1609; INTERNAL; 2; 4; 2; 2471
INTERNAL; 3; 7; 4; 1609; INTERNAL; 2; 4; 2; 1826
INTERNAL; 7; 9; 2; 2393; INTERNAL; 6; 8; 2; 1385
INTERNAL; 6; 8; 2; 1385; INTERNAL; 3; 7; 4; 2386
INTERNAL; 6; 8; 2; 1385; INTERNAL; 4; 7; 3; 2398
INTERNAL; 6; 8; 2; 1385; INTERNAL; 5; 7; 2; 3844
INTERNAL; 10; 10; 0; 1930; INTERNAL; 7; 9; 2; 1966
INTERNAL; 7; 9; 2; 1966; INTERNAL; 4; 8; 4; 1893
INTERNAL; 7; 9; 2; 1966; INTERNAL; 6; 8; 2; 2383
INTERNAL; 10; 10; 0; 1930; INTERNAL; 9; 9; 0; 2848
INTERNAL; 9; 9; 0; 2848; INTERNAL; 8; 8; 0; 2470
INTERNAL; 9; 9; 0; 2848; INTERNAL; 7; 8; 1; 1828
INTERNAL; 9; 9; 0; 2848; INTERNAL; 6; 8; 2; 2397
INTERNAL; 6; 8; 2; 2397; INTERNAL; 4; 6; 2; 1899
INTERNAL; 6; 8; 2; 2397; INTERNAL; 5; 6; 1; 2291
INTERNAL; 5; 6; 1; 2291; INTERNAL; 3; 5; 2; 2669
INTERNAL; 3; 5; 2; 2669; INTERNAL; 2; 4; 2; 1811
INTERNAL; 3; 5; 2; 2669; INTERNAL; 2; 4; 2; 2771
INTERNAL; 5; 6; 1; 2291; INTERNAL; 4; 5; 1; 1891
INTERNAL; 5; 6; 1; 2291; INTERNAL; 3; 5; 2; 2223
INTERNAL; 3; 5; 2; 2223; INTERNAL; 2; 4; 2; 2448
INTERNAL; 3; 5; 2; 2223; INTERNAL; 2; 4; 2; 3188
INTERNAL; 3; 5; 2; 2223; INTERNAL; 2; 4; 2; 2125
INTERNAL; 6; 8; 2; 2397; INTERNAL; 5; 6; 1; 3082
INTERNAL; 5; 6; 1; 3082; INTERNAL; 3; 5; 2; 1913
INTERNAL; 5; 6; 1; 3082; INTERNAL; 4; 5; 1; 1227
INTERNAL; 4; 5; 1; 1227; INTERNAL; 2; 4; 2; 1995
INTERNAL; 4; 5; 1; 1227; INTERNAL; 3; 3; 0; 1981
INTERNAL; 3; 3; 0; 1981; INTERNAL; 2; 2; 0; 2832
INTERNAL; 4; 5; 1; 1227; INTERNAL; 2; 3; 1; 1701
INTERNAL; 5; 6; 1; 3082; INTERNAL; 3; 5; 2; 2777
INTERNAL; 3; 5; 2; 2777; INTERNAL; 2; 3; 1; 1926
INTERNAL; 3; 5; 2; 2777; INTERNAL; 2; 3; 1; 2278
INTERNAL; 9; 9; 0; 2848; INTERNAL; 6; 8; 2; 2075
INTERNAL; 6; 8; 2; 2075; INTERNAL; 5; 7; 2; 2046
INTERNAL; 6; 8; 2; 2075; INTERNAL; 5; 7; 2; 1144
INTERNAL; 6; 8; 2; 2075; INTERNAL; 5; 7; 2; 1988
INTERNAL; 9; 9; 0; 2848; INTERNAL; 8; 8; 0; 2105
INTERNAL; 8; 8; 0; 2105; INTERNAL; 6; 7; 1; 1900
INTERNAL; 6; 7; 1; 1900; INTERNAL; 4; 6; 2; 1923
INTERNAL; 4; 6; 2; 1923; INTERNAL; 2; 4; 2; 1938
INTERNAL; 4; 6; 2; 1923; INTERNAL; 3; 3; 0; 2419
INTERNAL; 3; 3; 0; 2419; INTERNAL; 2; 2; 0; 2108
INTERNAL; 4; 6; 2; 1923; INTERNAL; 2; 4; 2; 2411
INTERNAL; 4; 6; 2; 1923; INTERNAL; 2; 3; 1; 2217
INTERNAL; 4; 6; 2; 1923; INTERNAL; 3; 4; 1; 2143
INTERNAL; 6; 7; 1; 1900; INTERNAL; 3; 6; 3; 2086
INTERNAL; 6; 7; 1; 1900; INTERNAL; 5; 6; 1; 1326
INTERNAL; 8; 8; 0; 2105; INTERNAL; 5; 7; 2; 1496
INTERNAL; 5; 7; 2; 1496; INTERNAL; 4; 4; 0; 3700
INTERNAL; 4; 4; 0; 3700; INTERNAL; 3; 3; 0; 3307
INTERNAL; 3; 3; 0; 3307; INTERNAL; 2; 2; 0; 2265
INTERNAL; 3; 3; 0; 3307; INTERNAL; 2; 2; 0; 1500
INTERNAL; 4; 4; 0; 3700; INTERNAL; 3; 3; 0; 2413
INTERNAL; 4; 4; 0; 3700; INTERNAL; 2; 3; 1; 1889
INTERNAL; 5; 7; 2; 1496; INTERNAL; 4; 4; 0; 4112
INTERNAL; 5; 7; 2; 1496; INTERNAL; 4; 5; 1; 2429
INTERNAL; 8; 8; 0; 2105; INTERNAL; 6; 7; 1; 2805
INTERNAL; 6; 7; 1; 2805; INTERNAL; 5; 5; 0; 3496
INTERNAL; 5; 5; 0; 3496; INTERNAL; 4; 4; 0; 2148
INTERNAL; 4; 4; 0; 2148; INTERNAL; 2; 3; 1; 1485
INTERNAL; 4; 4; 0; 2148; INTERNAL; 3; 3; 0; 2845
INTERNAL; 3; 3; 0; 2845; INTERNAL; 2; 2; 0; 2555
INTERNAL; 4; 4; 0; 2148; INTERNAL; 2; 3; 1; 1989
INTERNAL; 5; 5; 0; 3496; INTERNAL; 4; 4; 0; 1942
INTERNAL; 5; 5; 0; 3496; INTERNAL; 4; 4; 0; 2975
INTERNAL; 6; 7; 1; 2805; INTERNAL; 5; 5; 0; 2475
INTERNAL; 8; 8; 0; 2105; INTERNAL; 6; 7; 1; 2040
INTERNAL; 8; 8; 0; 2105; INTERNAL; 7; 7; 0; 2741
INTERNAL; 7; 7; 0; 2741; INTERNAL; 5; 6; 1; 3233
INTERNAL; 5; 6; 1; 3233; INTERNAL; 3; 5; 2; 2379
INTERNAL; 3; 5; 2; 2379; INTERNAL; 2; 4; 2; 2302
INTERNAL; 3; 5; 2; 2379; INTERNAL; 2; 3; 1; 2226
INTERNAL; 3; 5; 2; 2379; INTERNAL; 2; 4; 2; 3171
INTERNAL; 3; 5; 2; 2379; INTERNAL; 2; 3; 1; 3198
INTERNAL; 5; 6; 1; 3233; INTERNAL; 3; 5; 2; 3771
INTERNAL; 5; 6; 1; 3233; INTERNAL; 4; 5; 1; 2355
INTERNAL; 7; 7; 0; 2741; INTERNAL; 5; 6; 1; 1859
INTERNAL; 7; 7; 0; 2741; INTERNAL; 5; 6; 1; 3969
INTERNAL; 7; 7; 0; 2741; INTERNAL; 6; 6; 0; 1825
INTERNAL; 6; 6; 0; 1825; INTERNAL; 4; 5; 1; 2465
INTERNAL; 4; 5; 1; 2465; INTERNAL; 3; 4; 1; 2033
INTERNAL; 4; 5; 1; 2465; INTERNAL; 3; 4; 1; 1670
INTERNAL; 3; 4; 1; 1670; INTERNAL; 2; 2; 0; 2120
INTERNAL; 4; 5; 1; 2465; INTERNAL; 2; 4; 2; 2247
INTERNAL; 4; 5; 1; 2465; INTERNAL; 3; 4; 1; 1249
INTERNAL; 3; 4; 1; 1249; INTERNAL; 2; 2; 0; 1785
INTERNAL; 3; 4; 1; 1249; INTERNAL; 2; 2; 0; 2322
INTERNAL; 4; 5; 1; 2465; INTERNAL; 2; 4; 2; 2409
INTERNAL; 6; 6; 0; 1825; INTERNAL; 3; 5; 2; 2059
INTERNAL; 6; 6; 0; 1825; INTERNAL; 5; 5; 0; 2350
INTERNAL; 5; 5; 0; 2350; INTERNAL; 4; 4; 0; 1970
INTERNAL; 4; 4; 0; 1970; INTERNAL; 3; 3; 0; 2640
INTERNAL; 3; 3; 0; 2640; INTERNAL; 2; 2; 0; 2763
INTERNAL; 3; 3; 0; 2640; INTERNAL; 2; 2; 0; 2400
INTERNAL; 3; 3; 0; 2640; INTERNAL; 2; 2; 0; 2256
INTERNAL; 3; 3; 0; 2640; INTERNAL; 2; 2; 0; 2168
INTERNAL; 3; 3; 0; 2640; INTERNAL; 2; 2; 0; 2070
INTERNAL; 3; 3; 0; 2640; INTERNAL; 2; 2; 0; 2157
INTERNAL; 4; 4; 0; 1970; INTERNAL; 3; 3; 0; 1954
INTERNAL; 4; 4; 0; 1970; INTERNAL; 3; 3; 0; 2209
INTERNAL; 3; 3; 0; 2209; INTERNAL; 2; 2; 0; 2327
INTERNAL; 3; 3; 0; 2209; INTERNAL; 2; 2; 0; 2341
INTERNAL; 3; 3; 0; 2209; INTERNAL; 2; 2; 0; 2455
INTERNAL; 5; 5; 0; 2350; INTERNAL; 3; 4; 1; 1430
INTERNAL; 3; 4; 1; 1430; INTERNAL; 2; 2; 0; 1724
INTERNAL; 3; 4; 1; 1430; INTERNAL; 2; 2; 0; 2307
INTERNAL; 3; 4; 1; 1430; INTERNAL; 2; 2; 0; 2588
INTERNAL; 5; 5; 0; 2350; INTERNAL; 3; 4; 1; 2021
INTERNAL; 3; 4; 1; 2021; INTERNAL; 2; 2; 0; 2025
INTERNAL; 3; 4; 1; 2021; INTERNAL; 2; 2; 0; 1936
INTERNAL; 5; 5; 0; 2350; INTERNAL; 4; 4; 0; 2580
INTERNAL; 4; 4; 0; 2580; INTERNAL; 3; 3; 0; 1762
INTERNAL; 4; 4; 0; 2580; INTERNAL; 3; 3; 0; 2020
INTERNAL; 4; 4; 0; 2580; INTERNAL; 3; 3; 0; 2326
INTERNAL; 5; 5; 0; 2350; INTERNAL; 4; 4; 0; 1861
INTERNAL; 4; 4; 0; 1861; INTERNAL; 2; 3; 1; 1951
INTERNAL; 4; 4; 0; 1861; INTERNAL; 3; 3; 0; 2313
INTERNAL; 4; 4; 0; 1861; INTERNAL; 3; 3; 0; 2109
INTERNAL; 3; 3; 0; 2109; INTERNAL; 2; 2; 0; 2541
INTERNAL; 3; 3; 0; 2109; INTERNAL; 2; 2; 0; 2521
INTERNAL; 3; 3; 0; 2109; INTERNAL; 2; 2; 0; 2058
INTERNAL; 3; 3; 0; 2109; INTERNAL; 2; 2; 0; 2606
INTERNAL; 3; 3; 0; 2109; INTERNAL; 2; 2; 0; 2037
INTERNAL; 4; 4; 0; 1861; INTERNAL; 3; 3; 0; 2422
INTERNAL; 3; 3; 0; 2422; INTERNAL; 2; 2; 0; 2745
INTERNAL; 3; 3; 0; 2422; INTERNAL; 2; 2; 0; 2685
INTERNAL; 4; 4; 0; 1861; INTERNAL; 3; 3; 0; 2364
INTERNAL; 5; 5; 0; 2350; INTERNAL; 4; 4; 0; 3028
INTERNAL; 6; 6; 0; 1825; INTERNAL; 4; 5; 1; 2369
INTERNAL; 4; 5; 1; 2369; INTERNAL; 3; 4; 1; 1459
INTERNAL; 6; 6; 0; 1825; INTERNAL; 4; 5; 1; 2304
INTERNAL; 6; 6; 0; 1825; INTERNAL; 4; 5; 1; 4062
INTERNAL; 7; 7; 0; 2741; INTERNAL; 6; 6; 0; 1748
INTERNAL; 7; 7; 0; 2741; INTERNAL; 4; 6; 2; 1521
INTERNAL; 8; 8; 0; 2105; INTERNAL; 6; 7; 1; 1222
INTERNAL; 9; 9; 0; 2848; INTERNAL; 6; 8; 2; 3056
INTERNAL; 10; 10; 0; 1930; INTERNAL; 7; 9; 2; 2351
INTERNAL; 10; 10; 0; 1930; INTERNAL; 7; 9; 2; 1749
INTERNAL; 11; 11; 0; 1735; INTERNAL; 7; 10; 3; 2535
INTERNAL; 7; 10; 3; 2535; INTERNAL; 5; 8; 3; 2481
INTERNAL; 7; 10; 3; 2535; INTERNAL; 6; 9; 3; 1757
INTERNAL; 7; 10; 3; 2535; INTERNAL; 6; 9; 3; 2189
INTERNAL; 6; 9; 3; 2189; INTERNAL; 3; 6; 3; 2586
INTERNAL; 3; 6; 3; 2586; INTERNAL; 2; 5; 3; 2246
INTERNAL; 3; 6; 3; 2586; INTERNAL; 2; 5; 3; 1634
INTERNAL; 3; 6; 3; 2586; INTERNAL; 2; 5; 3; 1848
INTERNAL; 6; 9; 3; 2189; INTERNAL; 4; 6; 2; 2525
INTERNAL; 6; 9; 3; 2189; INTERNAL; 5; 6; 1; 3877
INTERNAL; 7; 10; 3; 2535; INTERNAL; 6; 9; 3; 2480
INTERNAL; 6; 9; 3; 2480; INTERNAL; 4; 8; 4; 1212
INTERNAL; 4; 8; 4; 1212; INTERNAL; 3; 5; 2; 2607
INTERNAL; 4; 8; 4; 1212; INTERNAL; 3; 5; 2; 2502
INTERNAL; 4; 8; 4; 1212; INTERNAL; 2; 5; 3; 2194
INTERNAL; 6; 9; 3; 2480; INTERNAL; 5; 8; 3; 1929
INTERNAL; 5; 8; 3; 1929; INTERNAL; 2; 5; 3; 2506
INTERNAL; 5; 8; 3; 1929; INTERNAL; 2; 5; 3; 2332
INTERNAL; 5; 8; 3; 1929; INTERNAL; 4; 5; 1; 2485
INTERNAL; 11; 11; 0; 1735; INTERNAL; 8; 10; 2; 2328
INTERNAL; 8; 10; 2; 2328; INTERNAL; 6; 8; 2; 2542
INTERNAL; 6; 8; 2; 2542; INTERNAL; 4; 6; 2; 3569
INTERNAL; 6; 8; 2; 2542; INTERNAL; 4; 6; 2; 2575
INTERNAL; 6; 8; 2; 2542; INTERNAL; 5; 6; 1; 2571
INTERNAL; 8; 10; 2; 2328; INTERNAL; 7; 8; 1; 2539
INTERNAL; 7; 8; 1; 2539; INTERNAL; 3; 7; 4; 2550
INTERNAL; 3; 7; 4; 2550; INTERNAL; 2; 6; 4; 2374
INTERNAL; 3; 7; 4; 2550; INTERNAL; 2; 6; 4; 2112
INTERNAL; 3; 7; 4; 2550; INTERNAL; 2; 6; 4; 3930
INTERNAL; 7; 8; 1; 2539; INTERNAL; 6; 7; 1; 2695
INTERNAL; 7; 8; 1; 2539; INTERNAL; 4; 7; 3; 3564
INTERNAL; 4; 7; 3; 3564; INTERNAL; 2; 6; 4; 1570
INTERNAL; 4; 7; 3; 3564; INTERNAL; 3; 6; 3; 2472
INTERNAL; 4; 7; 3; 3564; INTERNAL; 3; 6; 3; 2553
INTERNAL; 11; 11; 0; 1735; INTERNAL; 9; 10; 1; 2215
INTERNAL; 9; 10; 1; 2215; INTERNAL; 8; 9; 1; 2170
INTERNAL; 8; 9; 1; 2170; INTERNAL; 5; 8; 3; 2584
INTERNAL; 8; 9; 1; 2170; INTERNAL; 7; 8; 1; 1543
INTERNAL; 8; 9; 1; 2170; INTERNAL; 5; 8; 3; 2523
INTERNAL; 5; 8; 3; 2523; INTERNAL; 4; 7; 3; 3852
INTERNAL; 5; 8; 3; 2523; INTERNAL; 3; 7; 4; 3311
INTERNAL; 5; 8; 3; 2523; INTERNAL; 3; 7; 4; 2285
INTERNAL; 8; 9; 1; 2170; INTERNAL; 7; 8; 1; 2578
INTERNAL; 7; 8; 1; 2578; INTERNAL; 3; 7; 4; 1484
INTERNAL; 7; 8; 1; 2578; INTERNAL; 6; 7; 1; 1752
INTERNAL; 9; 10; 1; 2215; INTERNAL; 8; 9; 1; 2726
INTERNAL; 11; 11; 0; 1735; INTERNAL; 7; 10; 3; 1309
INTERNAL; 11; 11; 0; 1735; INTERNAL; 7; 10; 3; 3049
INTERNAL; 12; 12; 0; 1718; INTERNAL; 8; 11; 3; 2655
INTERNAL; 8; 11; 3; 2655; INTERNAL; 7; 10; 3; 2667
INTERNAL; 7; 10; 3; 2667; INTERNAL; 5; 8; 3; 2528
INTERNAL; 7; 10; 3; 2667; INTERNAL; 6; 9; 3; 1953
INTERNAL; 6; 9; 3; 1953; INTERNAL; 4; 8; 4; 2494
INTERNAL; 6; 9; 3; 1953; INTERNAL; 5; 8; 3; 1656
INTERNAL; 7; 10; 3; 2667; INTERNAL; 6; 9; 3; 2492
INTERNAL; 8; 11; 3; 2655; INTERNAL; 7; 10; 3; 2747
INTERNAL; 8; 11; 3; 2655; INTERNAL; 7; 10; 3; 2672
INTERNAL; 7; 10; 3; 2672; INTERNAL; 6; 9; 3; 1717
INTERNAL; 7; 10; 3; 2672; INTERNAL; 6; 9; 3; 2060
INTERNAL; 12; 12; 0; 1718; INTERNAL; 7; 11; 4; 2224
INTERNAL; 12; 12; 0; 1718; INTERNAL; 9; 11; 2; 2222
INTERNAL; 12; 12; 0; 1718; INTERNAL; 8; 11; 3; 2610
INTERNAL; 12; 12; 0; 1718; INTERNAL; 8; 11; 3; 3581
INTERNAL; 13; 13; 0; 3953; INTERNAL; 8; 12; 4; 2732
INTERNAL; 13; 13; 0; 3953; INTERNAL; 8; 12; 4; 2249
INTERNAL; 13; 13; 0; 3953; INTERNAL; 9; 12; 3; 2008
INTERNAL; 9; 12; 3; 2008; INTERNAL; 8; 11; 3; 1817
INTERNAL; 8; 11; 3; 1817; INTERNAL; 6; 10; 4; 1278
INTERNAL; 8; 11; 3; 1817; INTERNAL; 7; 10; 3; 3808
INTERNAL; 7; 10; 3; 3808; INTERNAL; 6; 9; 3; 3760
INTERNAL; 7; 10; 3; 3808; INTERNAL; 6; 9; 3; 2772
INTERNAL; 7; 10; 3; 3808; INTERNAL; 5; 9; 4; 2174
INTERNAL; 8; 11; 3; 1817; INTERNAL; 6; 10; 4; 2760
INTERNAL; 9; 12; 3; 2008; INTERNAL; 8; 11; 3; 1895
INTERNAL; 14; 14; 0; 1678; INTERNAL; 9; 13; 4; 1191
INTERNAL; 14; 14; 0; 1678; INTERNAL; 8; 13; 5; 2811
INTERNAL; 14; 14; 0; 1678; INTERNAL; 8; 13; 5; 2827
INTERNAL; 8; 13; 5; 2827; INTERNAL; 7; 12; 5; 2824
INTERNAL; 8; 13; 5; 2827; INTERNAL; 7; 12; 5; 1750
INTERNAL; 8; 13; 5; 2827; INTERNAL; 7; 12; 5; 2090
INTERNAL; 14; 14; 0; 1678; INTERNAL; 8; 13; 5; 2828
INTERNAL; 15; 15; 0; 2428; INTERNAL; 9; 14; 5; 2362
INTERNAL; 17; 17; 0; 2334; INTERNAL; 10; 16; 6; 3957
INTERNAL; 17; 17; 0; 2334; INTERNAL; 9; 16; 7; 1466
INTERNAL; 17; 17; 0; 2334; INTERNAL; 10; 16; 6; 2015
INTERNAL; 17; 17; 0; 2334; INTERNAL; 12; 16; 4; 1906
INTERNAL; 18; 18; 0; 1730; INTERNAL; 11; 17; 6; 1478
INTERNAL; 18; 18; 0; 1730; INTERNAL; 11; 17; 6; 2380
INTERNAL; 19; 19; 0; 1132; INTERNAL; 9; 18; 9; 1210
INTERNAL; 9; 18; 9; 1210; INTERNAL; 8; 15; 7; 2658
INTERNAL; 9; 18; 9; 1210; INTERNAL; 8; 15; 7; 3061
INTERNAL; 9; 18; 9; 1210; INTERNAL; 8; 15; 7; 2540
INTERNAL; 8; 15; 7; 2540; INTERNAL; 7; 14; 7; 2227
INTERNAL; 8; 15; 7; 2540; INTERNAL; 5; 14; 9; 2185
INTERNAL; 8; 15; 7; 2540; INTERNAL; 7; 14; 7; 2085
INTERNAL; 19; 19; 0; 1132; INTERNAL; 9; 18; 9; 1211
INTERNAL; 19; 19; 0; 1132; INTERNAL; 11; 18; 7; 2813
INTERNAL; 11; 18; 7; 2813; INTERNAL; 10; 17; 7; 1176
INTERNAL; 10; 17; 7; 1176; INTERNAL; 8; 16; 8; 1166
INTERNAL; 10; 17; 7; 1176; INTERNAL; 8; 16; 8; 1172
INTERNAL; 10; 17; 7; 1176; INTERNAL; 9; 16; 7; 1175
INTERNAL; 11; 18; 7; 2813; INTERNAL; 9; 17; 8; 1682
INTERNAL; 19; 19; 0; 1132; INTERNAL; 9; 18; 9; 3489
INTERNAL; 20; 20; 0; 2968; INTERNAL; 11; 19; 8; 1190
INTERNAL; 20; 20; 0; 2968; INTERNAL; 10; 19; 9; 2756
INTERNAL; 20; 20; 0; 2968; INTERNAL; 10; 19; 9; 1592
INTERNAL; 10; 19; 9; 1592; INTERNAL; 8; 18; 10; 2919
INTERNAL; 10; 19; 9; 1592; INTERNAL; 8; 18; 10; 2920
INTERNAL; 10; 19; 9; 1592; INTERNAL; 9; 18; 9; 2918
INTERNAL; 20; 20; 0; 2968; INTERNAL; 10; 19; 9; 2144
INTERNAL; 21; 21; 0; 2202; INTERNAL; 10; 20; 10; 2971
INTERNAL; 21; 21; 0; 2202; INTERNAL; 11; 20; 9; 3892
INTERNAL; 22; 22; 0; 3291; INTERNAL; 10; 21; 11; 3158
INTERNAL; 23; 23; 0; 3455; INTERNAL; 10; 22; 12; 3882
INTERNAL; 10; 22; 12; 3882; INTERNAL; 8; 21; 13; 2261
INTERNAL; 10; 22; 12; 3882; INTERNAL; 9; 21; 12; 3300
INTERNAL; 10; 22; 12; 3882; INTERNAL; 8; 21; 13; 2486
INTERNAL; 23; 23; 0; 3455; INTERNAL; 10; 22; 12; 3359
INTERNAL; 24; 24; 0; 3815; INTERNAL; 10; 23; 13; 3454
INTERNAL; 10; 23; 13; 3454; INTERNAL; 9; 22; 13; 3459
INTERNAL; 10; 23; 13; 3454; INTERNAL; 9; 22; 13; 3458
INTERNAL; 10; 23; 13; 3454; INTERNAL; 9; 22; 13; 2816
INTERNAL; 24; 24; 0; 3815; INTERNAL; 10; 23; 13; 3502
INTERNAL; 24; 24; 0; 3815; INTERNAL; 11; 23; 12; 3457
INTERNAL; 24; 24; 0; 3815; INTERNAL; 10; 23; 13; 4099
INTERNAL; 25; 25; 0; 3027; INTERNAL; 12; 24; 12; 3146
INTERNAL; 25; 25; 0; 3027; INTERNAL; 11; 24; 13; 1160
INTERNAL; 25; 25; 0; 3027; INTERNAL; 13; 24; 11; 3296
INTERNAL; 25; 25; 0; 3027; INTERNAL; 11; 24; 13; 3573
INTERNAL; 28; 28; 0; 3919; INTERNAL; 12; 27; 15; 3873
INTERNAL; 28; 28; 0; 3919; INTERNAL; 11; 27; 16; 4041
INTERNAL; 28; 28; 0; 3919; INTERNAL; 11; 27; 16; 3817
INTERNAL; 29; 29; 0; 1007; INTERNAL; 11; 28; 17; 1067
INTERNAL; 29; 29; 0; 1007; INTERNAL; 10; 28; 18; 1771
INTERNAL; 30; 30; 0; 912; INTERNAL; 10; 29; 19; 3160
INTERNAL; 31; 31; 0; 1567; INTERNAL; 11; 30; 19; 1412
INTERNAL; 31; 31; 0; 1567; INTERNAL; 11; 30; 19; 910
INTERNAL; 11; 30; 19; 910; INTERNAL; 8; 29; 21; 907
INTERNAL; 11; 30; 19; 910; INTERNAL; 10; 29; 19; 1441
INTERNAL; 11; 30; 19; 910; INTERNAL; 10; 29; 19; 909
INTERNAL; 31; 31; 0; 1567; INTERNAL; 12; 30; 18; 1394
INTERNAL; 31; 31; 0; 1567; INTERNAL; 11; 30; 19; 877
INTERNAL; 32; 32; 0; 1397; INTERNAL; 10; 31; 21; 801
INTERNAL; 32; 32; 0; 1397; INTERNAL; 10; 31; 21; 803
INTERNAL; 33; 33; 0; 634; INTERNAL; 11; 32; 21; 694
INTERNAL; 11; 32; 21; 694; INTERNAL; 10; 30; 20; 2372
INTERNAL; 11; 32; 21; 694; INTERNAL; 8; 30; 22; 722
INTERNAL; 11; 32; 21; 694; INTERNAL; 9; 30; 21; 1779
INTERNAL; 9; 30; 21; 1779; INTERNAL; 8; 29; 21; 4054
INTERNAL; 9; 30; 21; 1779; INTERNAL; 7; 29; 22; 692
INTERNAL; 9; 30; 21; 1779; INTERNAL; 7; 29; 22; 693
INTERNAL; 33; 33; 0; 634; INTERNAL; 12; 32; 20; 629
INTERNAL; 12; 32; 20; 629; INTERNAL; 10; 31; 21; 663
INTERNAL; 10; 31; 21; 663; INTERNAL; 8; 30; 22; 661
INTERNAL; 10; 31; 21; 663; INTERNAL; 9; 30; 21; 662
INTERNAL; 10; 31; 21; 663; INTERNAL; 9; 30; 21; 1894
INTERNAL; 12; 32; 20; 629; INTERNAL; 11; 31; 20; 1956
INTERNAL; 34; 51; 17; 596; INTERNAL; 10; 33; 23; 630
INTERNAL; 34; 51; 17; 596; INTERNAL; 12; 33; 21; 633
INTERNAL; 34; 51; 17; 596; INTERNAL; 10; 33; 23; 631
UNKNOWN; -1; -1; -1; -1; OUTPUT; 38; 52; 14; 159
OUTPUT; 38; 52; 14; 159; INTERNAL; 37; 51; 14; 454
INTERNAL; 37; 51; 14; 454; INTERNAL; 10; 36; 26; 1615
INTERNAL; 10; 36; 26; 1615; INTERNAL; 8; 34; 26; 956
INTERNAL; 8; 34; 26; 956; INTERNAL; 5; 32; 27; 2343
INTERNAL; 5; 32; 27; 2343; INTERNAL; 4; 31; 27; 495
INTERNAL; 4; 31; 27; 495; INTERNAL; 2; 29; 27; 490
INTERNAL; 4; 31; 27; 495; INTERNAL; 3; 29; 26; 1425
INTERNAL; 3; 29; 26; 1425; INTERNAL; 2; 28; 26; 4033
INTERNAL; 3; 29; 26; 1425; INTERNAL; 2; 28; 26; 520
INTERNAL; 3; 29; 26; 1425; INTERNAL; 2; 28; 26; 3460
INTERNAL; 5; 32; 27; 2343; INTERNAL; 4; 31; 27; 493
INTERNAL; 4; 31; 27; 493; INTERNAL; 3; 29; 26; 486
INTERNAL; 3; 29; 26; 486; INTERNAL; 2; 28; 26; 528
INTERNAL; 4; 31; 27; 493; INTERNAL; 3; 29; 26; 488
INTERNAL; 3; 29; 26; 488; INTERNAL; 2; 28; 26; 4015
INTERNAL; 4; 31; 27; 493; INTERNAL; 3; 29; 26; 487
INTERNAL; 3; 29; 26; 487; INTERNAL; 2; 28; 26; 485
INTERNAL; 5; 32; 27; 2343; INTERNAL; 3; 31; 28; 492
INTERNAL; 3; 31; 28; 492; INTERNAL; 2; 29; 27; 483
INTERNAL; 3; 31; 28; 492; INTERNAL; 2; 29; 27; 484
INTERNAL; 3; 31; 28; 492; INTERNAL; 2; 29; 27; 1288
INTERNAL; 8; 34; 26; 956; INTERNAL; 7; 32; 25; 457
INTERNAL; 7; 32; 25; 457; INTERNAL; 6; 31; 25; 1192
INTERNAL; 6; 31; 25; 1192; INTERNAL; 3; 30; 27; 523
INTERNAL; 3; 30; 27; 523; INTERNAL; 2; 29; 27; 521
INTERNAL; 3; 30; 27; 523; INTERNAL; 2; 29; 27; 2489
INTERNAL; 3; 30; 27; 523; INTERNAL; 2; 29; 27; 767
INTERNAL; 6; 31; 25; 1192; INTERNAL; 5; 30; 25; 524
INTERNAL; 5; 30; 25; 524; INTERNAL; 4; 29; 25; 548
INTERNAL; 4; 29; 25; 548; INTERNAL; 3; 28; 25; 560
INTERNAL; 4; 29; 25; 548; INTERNAL; 2; 28; 26; 4075
INTERNAL; 4; 29; 25; 548; INTERNAL; 2; 28; 26; 1332
INTERNAL; 5; 30; 25; 524; INTERNAL; 3; 29; 26; 547
INTERNAL; 3; 29; 26; 547; INTERNAL; 2; 27; 25; 2017
INTERNAL; 3; 29; 26; 547; INTERNAL; 2; 27; 25; 1305
INTERNAL; 5; 30; 25; 524; INTERNAL; 3; 29; 26; 1291
INTERNAL; 3; 29; 26; 1291; INTERNAL; 2; 27; 25; 3221
INTERNAL; 3; 29; 26; 1291; INTERNAL; 2; 27; 25; 961
INTERNAL; 3; 29; 26; 1291; INTERNAL; 2; 27; 25; 2864
INTERNAL; 6; 31; 25; 1192; INTERNAL; 3; 30; 27; 522
INTERNAL; 7; 32; 25; 457; INTERNAL; 4; 31; 27; 2220
INTERNAL; 4; 31; 27; 2220; INTERNAL; 3; 30; 27; 509
INTERNAL; 3; 30; 27; 509; INTERNAL; 2; 28; 26; 3112
INTERNAL; 3; 30; 27; 509; INTERNAL; 2; 28; 26; 544
INTERNAL; 3; 30; 27; 509; INTERNAL; 2; 28; 26; 581
INTERNAL; 4; 31; 27; 2220; INTERNAL; 3; 30; 27; 510
INTERNAL; 3; 30; 27; 510; INTERNAL; 2; 28; 26; 2958
INTERNAL; 3; 30; 27; 510; INTERNAL; 2; 28; 26; 537
INTERNAL; 3; 30; 27; 510; INTERNAL; 2; 28; 26; 540
INTERNAL; 4; 31; 27; 2220; INTERNAL; 3; 30; 27; 508
INTERNAL; 3; 30; 27; 508; INTERNAL; 2; 28; 26; 3076
INTERNAL; 3; 30; 27; 508; INTERNAL; 2; 28; 26; 3111
INTERNAL; 7; 32; 25; 457; INTERNAL; 5; 31; 26; 499
INTERNAL; 5; 31; 26; 499; INTERNAL; 4; 30; 26; 718
INTERNAL; 4; 30; 26; 718; INTERNAL; 3; 29; 26; 1014
INTERNAL; 4; 30; 26; 718; INTERNAL; 3; 29; 26; 529
INTERNAL; 3; 29; 26; 529; INTERNAL; 2; 28; 26; 2582
INTERNAL; 3; 29; 26; 529; INTERNAL; 2; 28; 26; 545
INTERNAL; 4; 30; 26; 718; INTERNAL; 3; 29; 26; 2446
INTERNAL; 3; 29; 26; 2446; INTERNAL; 2; 28; 26; 3266
INTERNAL; 3; 29; 26; 2446; INTERNAL; 2; 28; 26; 3531
INTERNAL; 3; 29; 26; 2446; INTERNAL; 2; 28; 26; 1536
INTERNAL; 5; 31; 26; 499; INTERNAL; 3; 30; 27; 497
INTERNAL; 3; 30; 27; 497; INTERNAL; 2; 29; 27; 1195
INTERNAL; 3; 30; 27; 497; INTERNAL; 2; 29; 27; 496
INTERNAL; 3; 30; 27; 497; INTERNAL; 2; 29; 27; 3705
INTERNAL; 5; 31; 26; 499; INTERNAL; 3; 30; 27; 498
INTERNAL; 3; 30; 27; 498; INTERNAL; 2; 29; 27; 2758
INTERNAL; 3; 30; 27; 498; INTERNAL; 2; 29; 27; 746
INTERNAL; 3; 30; 27; 498; INTERNAL; 2; 29; 27; 2410
INTERNAL; 8; 34; 26; 956; INTERNAL; 5; 32; 27; 553
INTERNAL; 5; 32; 27; 553; INTERNAL; 3; 30; 27; 455
INTERNAL; 5; 32; 27; 553; INTERNAL; 4; 30; 26; 1940
INTERNAL; 5; 32; 27; 553; INTERNAL; 3; 30; 27; 456
INTERNAL; 10; 36; 26; 1615; INTERNAL; 8; 34; 26; 478
INTERNAL; 8; 34; 26; 478; INTERNAL; 5; 33; 28; 3547
INTERNAL; 8; 34; 26; 478; INTERNAL; 7; 33; 26; 2812
INTERNAL; 8; 34; 26; 478; INTERNAL; 7; 33; 26; 500
INTERNAL; 7; 33; 26; 500; INTERNAL; 5; 31; 26; 3914
INTERNAL; 5; 31; 26; 3914; INTERNAL; 4; 30; 26; 2518
INTERNAL; 4; 30; 26; 2518; INTERNAL; 3; 29; 26; 611
INTERNAL; 4; 30; 26; 2518; INTERNAL; 3; 29; 26; 535
INTERNAL; 3; 29; 26; 535; INTERNAL; 2; 28; 26; 1523
INTERNAL; 3; 29; 26; 535; INTERNAL; 2; 28; 26; 557
INTERNAL; 3; 29; 26; 535; INTERNAL; 2; 28; 26; 876
INTERNAL; 4; 30; 26; 2518; INTERNAL; 3; 29; 26; 536
INTERNAL; 3; 29; 26; 536; INTERNAL; 2; 28; 26; 554
INTERNAL; 3; 29; 26; 536; INTERNAL; 2; 28; 26; 555
INTERNAL; 3; 29; 26; 536; INTERNAL; 2; 28; 26; 3039
INTERNAL; 5; 31; 26; 3914; INTERNAL; 3; 30; 27; 519
INTERNAL; 3; 30; 27; 519; INTERNAL; 2; 29; 27; 2314
INTERNAL; 3; 30; 27; 519; INTERNAL; 2; 29; 27; 515
INTERNAL; 3; 30; 27; 519; INTERNAL; 2; 29; 27; 516
INTERNAL; 5; 31; 26; 3914; INTERNAL; 3; 30; 27; 1463
INTERNAL; 3; 30; 27; 1463; INTERNAL; 2; 29; 27; 514
INTERNAL; 3; 30; 27; 1463; INTERNAL; 2; 29; 27; 513
INTERNAL; 3; 30; 27; 1463; INTERNAL; 2; 29; 27; 512
INTERNAL; 7; 33; 26; 500; INTERNAL; 6; 31; 25; 527
INTERNAL; 7; 33; 26; 500; INTERNAL; 4; 31; 27; 526
INTERNAL; 10; 36; 26; 1615; INTERNAL; 9; 34; 25; 480
INTERNAL; 9; 34; 25; 480; INTERNAL; 5; 33; 28; 3525
INTERNAL; 5; 33; 28; 3525; INTERNAL; 4; 31; 27; 466
INTERNAL; 4; 31; 27; 466; INTERNAL; 2; 30; 28; 807
INTERNAL; 4; 31; 27; 466; INTERNAL; 3; 30; 27; 463
INTERNAL; 4; 31; 27; 466; INTERNAL; 2; 30; 28; 462
INTERNAL; 5; 33; 28; 3525; INTERNAL; 3; 31; 28; 464
INTERNAL; 3; 31; 28; 464; INTERNAL; 2; 30; 28; 460
INTERNAL; 3; 31; 28; 464; INTERNAL; 2; 30; 28; 458
INTERNAL; 3; 31; 28; 464; INTERNAL; 2; 30; 28; 459
INTERNAL; 5; 33; 28; 3525; INTERNAL; 3; 31; 28; 465
INTERNAL; 3; 31; 28; 465; INTERNAL; 2; 29; 27; 461
INTERNAL; 9; 34; 25; 480; INTERNAL; 6; 33; 27; 742
INTERNAL; 6; 33; 27; 742; INTERNAL; 4; 31; 27; 477
INTERNAL; 4; 31; 27; 477; INTERNAL; 3; 30; 27; 501
INTERNAL; 4; 31; 27; 477; INTERNAL; 3; 30; 27; 502
INTERNAL; 4; 31; 27; 477; INTERNAL; 3; 30; 27; 3104
INTERNAL; 6; 33; 27; 742; INTERNAL; 5; 31; 26; 3274
INTERNAL; 6; 33; 27; 742; INTERNAL; 5; 31; 26; 1864
INTERNAL; 5; 31; 26; 1864; INTERNAL; 4; 30; 26; 1700
INTERNAL; 4; 30; 26; 1700; INTERNAL; 2; 29; 27; 470
INTERNAL; 4; 30; 26; 1700; INTERNAL; 2; 29; 27; 2739
INTERNAL; 4; 30; 26; 1700; INTERNAL; 3; 29; 26; 471
INTERNAL; 5; 31; 26; 1864; INTERNAL; 4; 30; 26; 473
INTERNAL; 5; 31; 26; 1864; INTERNAL; 4; 30; 26; 472
INTERNAL; 4; 30; 26; 472; INTERNAL; 3; 29; 26; 469
INTERNAL; 4; 30; 26; 472; INTERNAL; 2; 29; 27; 468
INTERNAL; 4; 30; 26; 472; INTERNAL; 2; 29; 27; 2817
INTERNAL; 9; 34; 25; 480; INTERNAL; 8; 33; 25; 475
INTERNAL; 8; 33; 25; 475; INTERNAL; 5; 32; 27; 3200
INTERNAL; 8; 33; 25; 475; INTERNAL; 7; 32; 25; 1756
INTERNAL; 7; 32; 25; 1756; INTERNAL; 6; 30; 24; 1000
INTERNAL; 6; 30; 24; 1000; INTERNAL; 3; 29; 26; 2934
INTERNAL; 6; 30; 24; 1000; INTERNAL; 3; 29; 26; 1167
INTERNAL; 6; 30; 24; 1000; INTERNAL; 5; 29; 24; 546
INTERNAL; 5; 29; 24; 546; INTERNAL; 4; 28; 24; 559
INTERNAL; 5; 29; 24; 546; INTERNAL; 3; 28; 25; 558
INTERNAL; 5; 29; 24; 546; INTERNAL; 3; 28; 25; 2679
INTERNAL; 7; 32; 25; 1756; INTERNAL; 5; 30; 25; 4109
INTERNAL; 5; 30; 25; 4109; INTERNAL; 4; 29; 25; 542
INTERNAL; 4; 29; 25; 542; INTERNAL; 3; 28; 25; 566
INTERNAL; 4; 29; 25; 542; INTERNAL; 3; 28; 25; 1229
INTERNAL; 4; 29; 25; 542; INTERNAL; 3; 28; 25; 565
INTERNAL; 5; 30; 25; 4109; INTERNAL; 3; 29; 26; 3832
INTERNAL; 5; 30; 25; 4109; INTERNAL; 3; 29; 26; 541
INTERNAL; 7; 32; 25; 1756; INTERNAL; 4; 30; 26; 1345
INTERNAL; 8; 33; 25; 475; INTERNAL; 4; 32; 28; 503
INTERNAL; 37; 51; 14; 454; INTERNAL; 10; 36; 26; 1462
INTERNAL; 10; 36; 26; 1462; INTERNAL; 7; 35; 28; 451
INTERNAL; 7; 35; 28; 451; INTERNAL; 5; 32; 27; 2151
INTERNAL; 5; 32; 27; 2151; INTERNAL; 3; 31; 28; 439
INTERNAL; 5; 32; 27; 2151; INTERNAL; 4; 31; 27; 1651
INTERNAL; 5; 32; 27; 2151; INTERNAL; 3; 31; 28; 1437
INTERNAL; 3; 31; 28; 1437; INTERNAL; 2; 30; 28; 437
INTERNAL; 3; 31; 28; 1437; INTERNAL; 2; 30; 28; 438
INTERNAL; 3; 31; 28; 1437; INTERNAL; 2; 30; 28; 1374
INTERNAL; 7; 35; 28; 451; INTERNAL; 6; 32; 26; 441
INTERNAL; 7; 35; 28; 451; INTERNAL; 5; 32; 27; 440
INTERNAL; 10; 36; 26; 1462; INTERNAL; 9; 35; 26; 453
INTERNAL; 10; 36; 26; 1462; INTERNAL; 9; 35; 26; 452
INTERNAL; 9; 35; 26; 452; INTERNAL; 5; 33; 28; 1958
INTERNAL; 5; 33; 28; 1958; INTERNAL; 4; 31; 27; 448
INTERNAL; 4; 31; 27; 448; INTERNAL; 3; 30; 27; 446
INTERNAL; 3; 30; 27; 446; INTERNAL; 2; 29; 27; 1275
INTERNAL; 4; 31; 27; 448; INTERNAL; 2; 30; 28; 1075
INTERNAL; 5; 33; 28; 1958; INTERNAL; 3; 31; 28; 447
INTERNAL; 3; 31; 28; 447; INTERNAL; 2; 30; 28; 445
INTERNAL; 3; 31; 28; 447; INTERNAL; 2; 30; 28; 575
INTERNAL; 3; 31; 28; 447; INTERNAL; 2; 30; 28; 444
INTERNAL; 5; 33; 28; 1958; INTERNAL; 3; 31; 28; 1319
INTERNAL; 3; 31; 28; 1319; INTERNAL; 2; 30; 28; 442
INTERNAL; 3; 31; 28; 1319; INTERNAL; 2; 30; 28; 443
INTERNAL; 3; 31; 28; 1319; INTERNAL; 2; 30; 28; 2898
INTERNAL; 9; 35; 26; 452; INTERNAL; 6; 33; 27; 2708
INTERNAL; 6; 33; 27; 2708; INTERNAL; 5; 31; 26; 964
INTERNAL; 5; 31; 26; 964; INTERNAL; 3; 30; 27; 1457
INTERNAL; 5; 31; 26; 964; INTERNAL; 4; 30; 26; 3055
INTERNAL; 5; 31; 26; 964; INTERNAL; 4; 30; 26; 449
INTERNAL; 6; 33; 27; 2708; INTERNAL; 5; 31; 26; 450
INTERNAL; 6; 33; 27; 2708; INTERNAL; 5; 31; 26; 2938
INTERNAL; 9; 35; 26; 452; INTERNAL; 8; 33; 25; 1492
INTERNAL; 37; 51; 14; 454; INTERNAL; 36; 36; 0; 4074
INTERNAL; 36; 36; 0; 4074; INTERNAL; 35; 35; 0; 3258
INTERNAL; 35; 35; 0; 3258; INTERNAL; 10; 34; 24; 576
INTERNAL; 10; 34; 24; 576; INTERNAL; 9; 33; 24; 1830
INTERNAL; 9; 33; 24; 1830; INTERNAL; 7; 32; 25; 531
INTERNAL; 9; 33; 24; 1830; INTERNAL; 8; 32; 24; 3554
INTERNAL; 8; 32; 24; 3554; INTERNAL; 7; 31; 24; 3888
INTERNAL; 7; 31; 24; 3888; INTERNAL; 6; 30; 24; 563
INTERNAL; 6; 30; 24; 563; INTERNAL; 3; 29; 26; 1031
INTERNAL; 6; 30; 24; 563; INTERNAL; 5; 29; 24; 1810
INTERNAL; 6; 30; 24; 563; INTERNAL; 3; 29; 26; 832
INTERNAL; 7; 31; 24; 3888; INTERNAL; 6; 30; 24; 564
INTERNAL; 6; 30; 24; 564; INTERNAL; 4; 29; 25; 3560
INTERNAL; 6; 30; 24; 564; INTERNAL; 5; 29; 24; 562
INTERNAL; 6; 30; 24; 564; INTERNAL; 4; 29; 25; 561
INTERNAL; 7; 31; 24; 3888; INTERNAL; 6; 30; 24; 958
INTERNAL; 8; 32; 24; 3554; INTERNAL; 6; 31; 25; 549
INTERNAL; 6; 31; 25; 549; INTERNAL; 5; 30; 25; 2134
INTERNAL; 6; 31; 25; 549; INTERNAL; 5; 30; 25; 568
INTERNAL; 6; 31; 25; 549; INTERNAL; 4; 30; 26; 567
INTERNAL; 8; 32; 24; 3554; INTERNAL; 7; 31; 24; 3503
INTERNAL; 7; 31; 24; 3503; INTERNAL; 6; 30; 24; 2660
INTERNAL; 7; 31; 24; 3503; INTERNAL; 6; 30; 24; 2954
INTERNAL; 7; 31; 24; 3503; INTERNAL; 5; 30; 25; 3482
INTERNAL; 9; 33; 24; 1830; INTERNAL; 8; 32; 24; 532
INTERNAL; 8; 32; 24; 532; INTERNAL; 7; 31; 24; 3211
INTERNAL; 7; 31; 24; 3211; INTERNAL; 5; 30; 25; 3398
INTERNAL; 7; 31; 24; 3211; INTERNAL; 4; 30; 26; 1786
INTERNAL; 7; 31; 24; 3211; INTERNAL; 6; 30; 24; 1311
INTERNAL; 8; 32; 24; 532; INTERNAL; 7; 31; 24; 1973
INTERNAL; 8; 32; 24; 532; INTERNAL; 7; 31; 24; 530
INTERNAL; 10; 34; 24; 576; INTERNAL; 9; 33; 24; 533
INTERNAL; 9; 33; 24; 533; INTERNAL; 8; 32; 24; 1738
INTERNAL; 9; 33; 24; 533; INTERNAL; 8; 32; 24; 550
INTERNAL; 8; 32; 24; 550; INTERNAL; 7; 31; 24; 836
INTERNAL; 8; 32; 24; 550; INTERNAL; 6; 31; 25; 969
INTERNAL; 8; 32; 24; 550; INTERNAL; 6; 31; 25; 3044
INTERNAL; 9; 33; 24; 533; INTERNAL; 7; 32; 25; 2631
INTERNAL; 35; 35; 0; 3258; INTERNAL; 10; 34; 24; 4098
INTERNAL; 35; 35; 0; 3258; INTERNAL; 10; 34; 24; 552
INTERNAL; 10; 34; 24; 552; INTERNAL; 8; 33; 25; 3633
INTERNAL; 10; 34; 24; 552; INTERNAL; 9; 33; 24; 2061
INTERNAL; 10; 34; 24; 552; INTERNAL; 7; 33; 26; 2808
INTERNAL; 35; 35; 0; 3258; INTERNAL; 10; 34; 24; 615
INTERNAL; 35; 35; 0; 3258; INTERNAL; 34; 34; 0; 569
INTERNAL; 35; 35; 0; 3258; INTERNAL; 9; 34; 25; 551
INTERNAL; 36; 36; 0; 4074; INTERNAL; 10; 35; 25; 482
INTERNAL; 36; 36; 0; 4074; INTERNAL; 9; 35; 26; 507
INTERNAL; 36; 36; 0; 4074; INTERNAL; 9; 35; 26; 481
INTERNAL; 9; 35; 26; 481; INTERNAL; 8; 34; 26; 505
INTERNAL; 9; 35; 26; 481; INTERNAL; 8; 34; 26; 504
INTERNAL; 9; 35; 26; 481; INTERNAL; 8; 34; 26; 849
INTERNAL; 36; 36; 0; 4074; INTERNAL; 10; 35; 25; 2073
INTERNAL; 36; 36; 0; 4074; INTERNAL; 9; 35; 26; 506
UNKNOWN; -1; -1; -1; -1; OUTPUT; 42; 52; 10; 3420
OUTPUT; 42; 52; 10; 3420; INTERNAL; 41; 51; 10; 279
INTERNAL; 41; 51; 10; 279; INTERNAL; 40; 50; 10; 1902
INTERNAL; 40; 50; 10; 1902; INTERNAL; 39; 39; 0; 277
INTERNAL; 39; 39; 0; 277; INTERNAL; 9; 38; 29; 346
INTERNAL; 9; 38; 29; 346; INTERNAL; 8; 37; 29; 2251
INTERNAL; 8; 37; 29; 2251; INTERNAL; 6; 35; 29; 364
INTERNAL; 6; 35; 29; 364; INTERNAL; 3; 34; 31; 386
INTERNAL; 3; 34; 31; 386; INTERNAL; 2; 31; 29; 3303
INTERNAL; 3; 34; 31; 386; INTERNAL; 2; 31; 29; 892
INTERNAL; 3; 34; 31; 386; INTERNAL; 2; 31; 29; 382
INTERNAL; 6; 35; 29; 364; INTERNAL; 5; 34; 29; 1377
INTERNAL; 5; 34; 29; 1377; INTERNAL; 3; 32; 29; 398
INTERNAL; 3; 32; 29; 398; INTERNAL; 2; 31; 29; 1428
INTERNAL; 3; 32; 29; 398; INTERNAL; 2; 31; 29; 425
INTERNAL; 3; 32; 29; 398; INTERNAL; 2; 31; 29; 1743
INTERNAL; 5; 34; 29; 1377; INTERNAL; 4; 32; 28; 400
INTERNAL; 4; 32; 28; 400; INTERNAL; 2; 31; 29; 1797
INTERNAL; 4; 32; 28; 400; INTERNAL; 2; 31; 29; 422
INTERNAL; 4; 32; 28; 400; INTERNAL; 3; 31; 28; 489
INTERNAL; 5; 34; 29; 1377; INTERNAL; 3; 32; 29; 399
INTERNAL; 3; 32; 29; 399; INTERNAL; 2; 31; 29; 2581
INTERNAL; 3; 32; 29; 399; INTERNAL; 2; 31; 29; 1006
INTERNAL; 6; 35; 29; 364; INTERNAL; 4; 34; 30; 387
INTERNAL; 4; 34; 30; 387; INTERNAL; 3; 32; 29; 701
INTERNAL; 4; 34; 30; 387; INTERNAL; 2; 32; 30; 3253
INTERNAL; 4; 34; 30; 387; INTERNAL; 3; 32; 29; 384
INTERNAL; 3; 32; 29; 384; INTERNAL; 2; 31; 29; 383
INTERNAL; 8; 37; 29; 2251; INTERNAL; 7; 35; 28; 366
INTERNAL; 7; 35; 28; 366; INTERNAL; 6; 34; 28; 898
INTERNAL; 6; 34; 28; 898; INTERNAL; 5; 32; 27; 413
INTERNAL; 5; 32; 27; 413; INTERNAL; 4; 31; 27; 411
INTERNAL; 4; 31; 27; 411; INTERNAL; 2; 30; 28; 1020
INTERNAL; 4; 31; 27; 411; INTERNAL; 3; 30; 27; 1949
INTERNAL; 3; 30; 27; 1949; INTERNAL; 2; 29; 27; 3417
INTERNAL; 6; 34; 28; 898; INTERNAL; 3; 32; 29; 3617
INTERNAL; 3; 32; 29; 3617; INTERNAL; 2; 31; 29; 3186
INTERNAL; 3; 32; 29; 3617; INTERNAL; 2; 31; 29; 3089
INTERNAL; 3; 32; 29; 3617; INTERNAL; 2; 31; 29; 574
INTERNAL; 6; 34; 28; 898; INTERNAL; 4; 32; 28; 412
INTERNAL; 4; 32; 28; 412; INTERNAL; 3; 31; 28; 423
INTERNAL; 4; 32; 28; 412; INTERNAL; 3; 31; 28; 4070
INTERNAL; 4; 32; 28; 412; INTERNAL; 2; 31; 29; 2888
INTERNAL; 7; 35; 28; 366; INTERNAL; 5; 34; 29; 380
INTERNAL; 5; 34; 29; 380; INTERNAL; 3; 33; 30; 376
INTERNAL; 3; 33; 30; 376; INTERNAL; 2; 31; 29; 4119
INTERNAL; 3; 33; 30; 376; INTERNAL; 2; 31; 29; 372
INTERNAL; 3; 33; 30; 376; INTERNAL; 2; 31; 29; 370
INTERNAL; 5; 34; 29; 380; INTERNAL; 4; 33; 29; 377
INTERNAL; 4; 33; 29; 377; INTERNAL; 3; 31; 28; 713
INTERNAL; 3; 31; 28; 713; INTERNAL; 2; 30; 28; 3001
INTERNAL; 3; 31; 28; 713; INTERNAL; 2; 30; 28; 2082
INTERNAL; 3; 31; 28; 713; INTERNAL; 2; 30; 28; 2113
INTERNAL; 4; 33; 29; 377; INTERNAL; 2; 31; 29; 3150
INTERNAL; 4; 33; 29; 377; INTERNAL; 3; 31; 28; 407
INTERNAL; 3; 31; 28; 407; INTERNAL; 2; 30; 28; 1731
INTERNAL; 3; 31; 28; 407; INTERNAL; 2; 30; 28; 2204
INTERNAL; 5; 34; 29; 380; INTERNAL; 4; 33; 29; 939
INTERNAL; 4; 33; 29; 939; INTERNAL; 2; 31; 29; 374
INTERNAL; 4; 33; 29; 939; INTERNAL; 3; 31; 28; 375
INTERNAL; 4; 33; 29; 939; INTERNAL; 2; 31; 29; 373
INTERNAL; 7; 35; 28; 366; INTERNAL; 5; 34; 29; 381
INTERNAL; 5; 34; 29; 381; INTERNAL; 3; 32; 29; 379
INTERNAL; 5; 34; 29; 381; INTERNAL; 4; 32; 28; 474
INTERNAL; 5; 34; 29; 381; INTERNAL; 3; 32; 29; 378
INTERNAL; 3; 32; 29; 378; INTERNAL; 2; 31; 29; 3788
INTERNAL; 3; 32; 29; 378; INTERNAL; 2; 31; 29; 405
INTERNAL; 3; 32; 29; 378; INTERNAL; 2; 31; 29; 404
INTERNAL; 8; 37; 29; 2251; INTERNAL; 6; 35; 29; 1829
INTERNAL; 6; 35; 29; 1829; INTERNAL; 3; 33; 30; 362
INTERNAL; 3; 33; 30; 362; INTERNAL; 2; 32; 30; 608
INTERNAL; 3; 33; 30; 362; INTERNAL; 2; 32; 30; 358
INTERNAL; 6; 35; 29; 1829; INTERNAL; 5; 33; 28; 363
INTERNAL; 6; 35; 29; 1829; INTERNAL; 3; 33; 30; 734
INTERNAL; 3; 33; 30; 734; INTERNAL; 2; 32; 30; 360
INTERNAL; 3; 33; 30; 734; INTERNAL; 2; 32; 30; 359
INTERNAL; 3; 33; 30; 734; INTERNAL; 2; 32; 30; 361
INTERNAL; 9; 38; 29; 346; INTERNAL; 7; 37; 30; 344
INTERNAL; 7; 37; 30; 344; INTERNAL; 6; 35; 29; 337
INTERNAL; 6; 35; 29; 337; INTERNAL; 5; 34; 29; 356
INTERNAL; 5; 34; 29; 356; INTERNAL; 4; 33; 29; 393
INTERNAL; 4; 33; 29; 393; INTERNAL; 2; 32; 30; 352
INTERNAL; 4; 33; 29; 393; INTERNAL; 2; 32; 30; 1085
INTERNAL; 4; 33; 29; 393; INTERNAL; 3; 32; 29; 1742
INTERNAL; 5; 34; 29; 356; INTERNAL; 4; 33; 29; 3350
INTERNAL; 5; 34; 29; 356; INTERNAL; 3; 33; 30; 1661
INTERNAL; 3; 33; 30; 1661; INTERNAL; 2; 32; 30; 350
INTERNAL; 3; 33; 30; 1661; INTERNAL; 2; 32; 30; 349
INTERNAL; 3; 33; 30; 1661; INTERNAL; 2; 32; 30; 351
INTERNAL; 6; 35; 29; 337; INTERNAL; 5; 34; 29; 1640
INTERNAL; 6; 35; 29; 337; INTERNAL; 5; 34; 29; 2733
INTERNAL; 5; 34; 29; 2733; INTERNAL; 3; 32; 29; 355
INTERNAL; 5; 34; 29; 2733; INTERNAL; 4; 32; 28; 2573
INTERNAL; 5; 34; 29; 2733; INTERNAL; 3; 32; 29; 354
INTERNAL; 7; 37; 30; 344; INTERNAL; 6; 35; 29; 336
INTERNAL; 6; 35; 29; 336; INTERNAL; 3; 33; 30; 332
INTERNAL; 3; 33; 30; 332; INTERNAL; 2; 32; 30; 328
INTERNAL; 3; 33; 30; 332; INTERNAL; 2; 32; 30; 3843
INTERNAL; 3; 33; 30; 332; INTERNAL; 2; 32; 30; 329
INTERNAL; 6; 35; 29; 336; INTERNAL; 3; 33; 30; 333
INTERNAL; 3; 33; 30; 333; INTERNAL; 2; 32; 30; 331
INTERNAL; 3; 33; 30; 333; INTERNAL; 2; 32; 30; 3716
INTERNAL; 3; 33; 30; 333; INTERNAL; 2; 32; 30; 330
INTERNAL; 6; 35; 29; 336; INTERNAL; 5; 33; 28; 334
INTERNAL; 7; 37; 30; 344; INTERNAL; 4; 35; 31; 335
INTERNAL; 4; 35; 31; 335; INTERNAL; 3; 33; 30; 325
INTERNAL; 3; 33; 30; 325; INTERNAL; 2; 32; 30; 1649
INTERNAL; 3; 33; 30; 325; INTERNAL; 2; 32; 30; 322
INTERNAL; 3; 33; 30; 325; INTERNAL; 2; 32; 30; 323
INTERNAL; 4; 35; 31; 335; INTERNAL; 3; 33; 30; 327
INTERNAL; 3; 33; 30; 327; INTERNAL; 2; 32; 30; 324
INTERNAL; 4; 35; 31; 335; INTERNAL; 3; 33; 30; 326
INTERNAL; 9; 38; 29; 346; INTERNAL; 7; 37; 30; 345
INTERNAL; 7; 37; 30; 345; INTERNAL; 6; 34; 28; 343
INTERNAL; 7; 37; 30; 345; INTERNAL; 5; 34; 29; 340
INTERNAL; 7; 37; 30; 345; INTERNAL; 5; 34; 29; 341
INTERNAL; 5; 34; 29; 341; INTERNAL; 3; 33; 30; 3393
INTERNAL; 5; 34; 29; 341; INTERNAL; 3; 33; 30; 338
INTERNAL; 5; 34; 29; 341; INTERNAL; 4; 33; 29; 339
INTERNAL; 39; 39; 0; 277; INTERNAL; 9; 38; 29; 320
INTERNAL; 39; 39; 0; 277; INTERNAL; 10; 38; 28; 276
INTERNAL; 10; 38; 28; 276; INTERNAL; 9; 37; 28; 297
INTERNAL; 9; 37; 28; 297; INTERNAL; 8; 36; 28; 619
INTERNAL; 8; 36; 28; 619; INTERNAL; 7; 35; 28; 314
INTERNAL; 8; 36; 28; 619; INTERNAL; 4; 35; 31; 1945
INTERNAL; 4; 35; 31; 1945; INTERNAL; 3; 34; 31; 306
INTERNAL; 4; 35; 31; 1945; INTERNAL; 3; 34; 31; 2870
INTERNAL; 4; 35; 31; 1945; INTERNAL; 3; 34; 31; 307
INTERNAL; 3; 34; 31; 307; INTERNAL; 2; 32; 30; 305
INTERNAL; 3; 34; 31; 307; INTERNAL; 2; 32; 30; 3023
INTERNAL; 3; 34; 31; 307; INTERNAL; 2; 32; 30; 304
INTERNAL; 8; 36; 28; 619; INTERNAL; 6; 35; 29; 1778
INTERNAL; 6; 35; 29; 1778; INTERNAL; 3; 34; 31; 312
INTERNAL; 3; 34; 31; 312; INTERNAL; 2; 33; 31; 309
INTERNAL; 3; 34; 31; 312; INTERNAL; 2; 33; 31; 2914
INTERNAL; 3; 34; 31; 312; INTERNAL; 2; 33; 31; 308
INTERNAL; 6; 35; 29; 1778; INTERNAL; 3; 34; 31; 313
INTERNAL; 3; 34; 31; 313; INTERNAL; 2; 33; 31; 310
INTERNAL; 3; 34; 31; 313; INTERNAL; 2; 33; 31; 311
INTERNAL; 6; 35; 29; 1778; INTERNAL; 5; 34; 29; 654
INTERNAL; 9; 37; 28; 297; INTERNAL; 7; 36; 29; 316
INTERNAL; 7; 36; 29; 316; INTERNAL; 6; 34; 28; 303
INTERNAL; 7; 36; 29; 316; INTERNAL; 4; 34; 30; 302
INTERNAL; 4; 34; 30; 302; INTERNAL; 3; 33; 30; 3791
INTERNAL; 3; 33; 30; 3791; INTERNAL; 2; 32; 30; 543
INTERNAL; 4; 34; 30; 302; INTERNAL; 3; 33; 30; 299
INTERNAL; 4; 34; 30; 302; INTERNAL; 3; 33; 30; 300
INTERNAL; 7; 36; 29; 316; INTERNAL; 4; 34; 30; 301
INTERNAL; 9; 37; 28; 297; INTERNAL; 7; 36; 29; 317
INTERNAL; 10; 38; 28; 276; INTERNAL; 9; 37; 28; 2946
INTERNAL; 9; 37; 28; 2946; INTERNAL; 8; 36; 28; 1501
INTERNAL; 9; 37; 28; 2946; INTERNAL; 7; 36; 29; 294
INTERNAL; 7; 36; 29; 294; INTERNAL; 4; 35; 31; 1598
INTERNAL; 7; 36; 29; 294; INTERNAL; 6; 35; 29; 281
INTERNAL; 7; 36; 29; 294; INTERNAL; 3; 35; 32; 280
INTERNAL; 3; 35; 32; 280; INTERNAL; 2; 34; 32; 2785
INTERNAL; 3; 35; 32; 280; INTERNAL; 2; 34; 32; 2266
INTERNAL; 3; 35; 32; 280; INTERNAL; 2; 34; 32; 3822
INTERNAL; 9; 37; 28; 2946; INTERNAL; 8; 36; 28; 296
INTERNAL; 8; 36; 28; 296; INTERNAL; 7; 35; 28; 2106
INTERNAL; 8; 36; 28; 296; INTERNAL; 4; 35; 31; 293
INTERNAL; 4; 35; 31; 293; INTERNAL; 3; 34; 31; 845
INTERNAL; 4; 35; 31; 293; INTERNAL; 3; 34; 31; 2041
INTERNAL; 4; 35; 31; 293; INTERNAL; 3; 34; 31; 284
INTERNAL; 3; 34; 31; 284; INTERNAL; 2; 33; 31; 3402
INTERNAL; 3; 34; 31; 284; INTERNAL; 2; 33; 31; 283
INTERNAL; 8; 36; 28; 296; INTERNAL; 5; 35; 30; 1490
INTERNAL; 5; 35; 30; 1490; INTERNAL; 4; 34; 30; 289
INTERNAL; 5; 35; 30; 1490; INTERNAL; 4; 34; 30; 291
INTERNAL; 4; 34; 30; 291; INTERNAL; 3; 33; 30; 3084
INTERNAL; 4; 34; 30; 291; INTERNAL; 2; 33; 31; 285
INTERNAL; 4; 34; 30; 291; INTERNAL; 2; 33; 31; 295
INTERNAL; 5; 35; 30; 1490; INTERNAL; 4; 34; 30; 292
INTERNAL; 4; 34; 30; 292; INTERNAL; 2; 33; 31; 287
INTERNAL; 4; 34; 30; 292; INTERNAL; 2; 33; 31; 286
INTERNAL; 4; 34; 30; 292; INTERNAL; 3; 33; 30; 288
INTERNAL; 39; 39; 0; 277; INTERNAL; 38; 38; 0; 348
INTERNAL; 38; 38; 0; 348; INTERNAL; 11; 37; 26; 394
INTERNAL; 11; 37; 26; 394; INTERNAL; 10; 35; 25; 417
INTERNAL; 10; 35; 25; 417; INTERNAL; 7; 34; 27; 432
INTERNAL; 7; 34; 27; 432; INTERNAL; 6; 32; 26; 421
INTERNAL; 7; 34; 27; 432; INTERNAL; 5; 32; 27; 3800
INTERNAL; 5; 32; 27; 3800; INTERNAL; 4; 31; 27; 1792
INTERNAL; 5; 32; 27; 3800; INTERNAL; 3; 31; 28; 419
INTERNAL; 5; 32; 27; 3800; INTERNAL; 3; 31; 28; 1217
INTERNAL; 7; 34; 27; 432; INTERNAL; 5; 32; 27; 420
INTERNAL; 10; 35; 25; 417; INTERNAL; 8; 34; 26; 433
INTERNAL; 8; 34; 26; 433; INTERNAL; 6; 33; 27; 429
INTERNAL; 6; 33; 27; 429; INTERNAL; 3; 32; 29; 427
INTERNAL; 6; 33; 27; 429; INTERNAL; 5; 32; 27; 428
INTERNAL; 6; 33; 27; 429; INTERNAL; 3; 32; 29; 426
INTERNAL; 8; 34; 26; 433; INTERNAL; 6; 33; 27; 2264
INTERNAL; 6; 33; 27; 2264; INTERNAL; 4; 32; 28; 1681
INTERNAL; 6; 33; 27; 2264; INTERNAL; 5; 32; 27; 424
INTERNAL; 6; 33; 27; 2264; INTERNAL; 4; 32; 28; 972
INTERNAL; 8; 34; 26; 433; INTERNAL; 7; 33; 26; 431
INTERNAL; 10; 35; 25; 417; INTERNAL; 9; 34; 25; 2432
INTERNAL; 11; 37; 26; 394; INTERNAL; 9; 35; 26; 416
INTERNAL; 9; 35; 26; 416; INTERNAL; 8; 34; 26; 1876
INTERNAL; 9; 35; 26; 416; INTERNAL; 8; 34; 26; 415
INTERNAL; 8; 34; 26; 415; INTERNAL; 6; 33; 27; 3951
INTERNAL; 8; 34; 26; 415; INTERNAL; 7; 33; 26; 1090
INTERNAL; 8; 34; 26; 415; INTERNAL; 6; 33; 27; 414
INTERNAL; 6; 33; 27; 414; INTERNAL; 5; 32; 27; 410
INTERNAL; 6; 33; 27; 414; INTERNAL; 3; 32; 29; 408
INTERNAL; 6; 33; 27; 414; INTERNAL; 4; 32; 28; 409
INTERNAL; 9; 35; 26; 416; INTERNAL; 7; 34; 27; 4079
INTERNAL; 7; 34; 27; 4079; INTERNAL; 6; 33; 27; 1268
INTERNAL; 7; 34; 27; 4079; INTERNAL; 6; 33; 27; 403
INTERNAL; 7; 34; 27; 4079; INTERNAL; 5; 33; 28; 402
INTERNAL; 38; 38; 0; 348; INTERNAL; 9; 37; 28; 1855
INTERNAL; 38; 38; 0; 348; INTERNAL; 9; 37; 28; 1637
INTERNAL; 9; 37; 28; 1637; INTERNAL; 7; 36; 29; 3630
INTERNAL; 9; 37; 28; 1637; INTERNAL; 8; 36; 28; 392
INTERNAL; 8; 36; 28; 392; INTERNAL; 6; 35; 29; 388
INTERNAL; 8; 36; 28; 392; INTERNAL; 6; 35; 29; 389
INTERNAL; 8; 36; 28; 392; INTERNAL; 7; 35; 28; 390
INTERNAL; 9; 37; 28; 1637; INTERNAL; 8; 36; 28; 391
INTERNAL; 38; 38; 0; 348; INTERNAL; 9; 37; 28; 2402
INTERNAL; 38; 38; 0; 348; INTERNAL; 9; 37; 28; 368
INTERNAL; 9; 37; 28; 368; INTERNAL; 8; 36; 28; 367
INTERNAL; 9; 37; 28; 368; INTERNAL; 8; 36; 28; 3279
INTERNAL; 9; 37; 28; 368; INTERNAL; 6; 36; 30; 2724
INTERNAL; 38; 38; 0; 348; INTERNAL; 37; 37; 0; 395
INTERNAL; 37; 37; 0; 395; INTERNAL; 10; 36; 26; 435
INTERNAL; 37; 37; 0; 395; INTERNAL; 10; 36; 26; 668
INTERNAL; 37; 37; 0; 395; INTERNAL; 11; 36; 25; 2418
INTERNAL; 39; 39; 0; 277; INTERNAL; 9; 38; 29; 357
INTERNAL; 39; 39; 0; 277; INTERNAL; 9; 38; 29; 319
INTERNAL; 40; 50; 10; 1902; INTERNAL; 10; 39; 29; 3208
INTERNAL; 41; 51; 10; 279; INTERNAL; 9; 39; 30; 649
INTERNAL; 41; 51; 10; 279; INTERNAL; 9; 39; 30; 278
INTERNAL; 9; 39; 30; 278; INTERNAL; 6; 38; 32; 272
INTERNAL; 6; 38; 32; 272; INTERNAL; 5; 36; 31; 261
INTERNAL; 6; 38; 32; 272; INTERNAL; 4; 36; 32; 260
INTERNAL; 6; 38; 32; 272; INTERNAL; 3; 36; 33; 1684
INTERNAL; 3; 36; 33; 1684; INTERNAL; 2; 34; 32; 259
INTERNAL; 3; 36; 33; 1684; INTERNAL; 2; 34; 32; 1911
INTERNAL; 3; 36; 33; 1684; INTERNAL; 2; 34; 32; 258
INTERNAL; 9; 39; 30; 278; INTERNAL; 8; 38; 30; 273
INTERNAL; 9; 39; 30; 278; INTERNAL; 8; 38; 30; 274
INTERNAL; 8; 38; 30; 274; INTERNAL; 5; 37; 32; 1213
INTERNAL; 5; 37; 32; 1213; INTERNAL; 4; 35; 31; 2552
INTERNAL; 5; 37; 32; 1213; INTERNAL; 4; 35; 31; 268
INTERNAL; 4; 35; 31; 268; INTERNAL; 2; 34; 32; 265
INTERNAL; 4; 35; 31; 268; INTERNAL; 3; 34; 31; 802
INTERNAL; 5; 37; 32; 1213; INTERNAL; 3; 35; 32; 266
INTERNAL; 3; 35; 32; 266; INTERNAL; 2; 34; 32; 263
INTERNAL; 3; 35; 32; 266; INTERNAL; 2; 34; 32; 872
INTERNAL; 3; 35; 32; 266; INTERNAL; 2; 34; 32; 264
INTERNAL; 8; 38; 30; 274; INTERNAL; 5; 37; 32; 270
INTERNAL; 5; 37; 32; 270; INTERNAL; 3; 35; 32; 2121
INTERNAL; 5; 37; 32; 270; INTERNAL; 3; 35; 32; 2666
INTERNAL; 3; 35; 32; 2666; INTERNAL; 2; 34; 32; 1298
INTERNAL; 3; 35; 32; 2666; INTERNAL; 2; 34; 32; 269
INTERNAL; 5; 37; 32; 270; INTERNAL; 4; 35; 31; 282
INTERNAL; 8; 38; 30; 274; INTERNAL; 7; 37; 30; 271
UNKNOWN; -1; -1; -1; -1; OUTPUT; 13; 52; 39; 52
OUTPUT; 13; 52; 39; 52; INTERNAL; 12; 51; 39; 2703
INTERNAL; 12; 51; 39; 2703; INTERNAL; 11; 50; 39; 2690
UNKNOWN; -1; -1; -1; -1; OUTPUT; 33; 52; 19; 3091
OUTPUT; 33; 52; 19; 3091; INTERNAL; 32; 51; 19; 3786
INTERNAL; 32; 51; 19; 3786; INTERNAL; 31; 50; 19; 3765
UNKNOWN; -1; -1; -1; -1; OUTPUT; 35; 52; 17; 20
OUTPUT; 35; 52; 17; 20; INTERNAL; 34; 51; 17; 2798
UNKNOWN; -1; -1; -1; -1; OUTPUT; 41; 52; 11; 15
OUTPUT; 41; 52; 11; 15; INTERNAL; 40; 51; 11; 298
INTERNAL; 40; 51; 11; 298; INTERNAL; 39; 50; 11; 321
UNKNOWN; -1; -1; -1; -1; OUTPUT; 11; 52; 41; 1447
OUTPUT; 11; 52; 41; 1447; INTERNAL; 10; 51; 41; 1767
INTERNAL; 10; 51; 41; 1767; INTERNAL; 9; 50; 41; 1872
UNKNOWN; -1; -1; -1; -1; OUTPUT; 50; 52; 2; 5
OUTPUT; 50; 52; 2; 5; INTERNAL; 49; 51; 2; 1608
INTERNAL; 49; 51; 2; 1608; INTERNAL; 48; 50; 2; 1866
INTERNAL; 48; 50; 2; 1866; INTERNAL; 47; 47; 0; 1452
INTERNAL; 47; 47; 0; 1452; INTERNAL; 6; 46; 40; 3178
INTERNAL; 6; 46; 40; 3178; INTERNAL; 3; 45; 42; 130
INTERNAL; 3; 45; 42; 130; INTERNAL; 2; 44; 42; 3621
INTERNAL; 3; 45; 42; 130; INTERNAL; 2; 44; 42; 590
INTERNAL; 6; 46; 40; 3178; INTERNAL; 4; 45; 41; 1723
INTERNAL; 4; 45; 41; 1723; INTERNAL; 2; 44; 42; 93
INTERNAL; 4; 45; 41; 1723; INTERNAL; 3; 44; 41; 2548
INTERNAL; 3; 44; 41; 2548; INTERNAL; 2; 43; 41; 100
INTERNAL; 3; 44; 41; 2548; INTERNAL; 2; 43; 41; 1979
INTERNAL; 4; 45; 41; 1723; INTERNAL; 2; 44; 42; 92
INTERNAL; 6; 46; 40; 3178; INTERNAL; 5; 45; 40; 2126
INTERNAL; 5; 45; 40; 2126; INTERNAL; 4; 44; 40; 2034
INTERNAL; 4; 44; 40; 2034; INTERNAL; 2; 43; 41; 94
INTERNAL; 4; 44; 40; 2034; INTERNAL; 3; 43; 40; 95
INTERNAL; 3; 43; 40; 95; INTERNAL; 2; 42; 40; 2006
INTERNAL; 5; 45; 40; 2126; INTERNAL; 2; 44; 42; 2053
INTERNAL; 47; 47; 0; 1452; INTERNAL; 5; 46; 41; 97
INTERNAL; 5; 46; 41; 97; INTERNAL; 3; 44; 41; 935
INTERNAL; 5; 46; 41; 97; INTERNAL; 4; 44; 40; 4068
INTERNAL; 4; 44; 40; 4068; INTERNAL; 3; 43; 40; 396
INTERNAL; 3; 43; 40; 396; INTERNAL; 2; 40; 38; 113
INTERNAL; 3; 43; 40; 396; INTERNAL; 2; 40; 38; 2765
INTERNAL; 3; 43; 40; 396; INTERNAL; 2; 40; 38; 3465
INTERNAL; 4; 44; 40; 4068; INTERNAL; 3; 43; 40; 107
INTERNAL; 3; 43; 40; 107; INTERNAL; 2; 41; 39; 4009
INTERNAL; 3; 43; 40; 107; INTERNAL; 2; 41; 39; 112
INTERNAL; 4; 44; 40; 4068; INTERNAL; 3; 43; 40; 3136
INTERNAL; 3; 43; 40; 3136; INTERNAL; 2; 42; 40; 226
INTERNAL; 5; 46; 41; 97; INTERNAL; 4; 44; 40; 1407
INTERNAL; 4; 44; 40; 1407; INTERNAL; 3; 43; 40; 4002
INTERNAL; 4; 44; 40; 1407; INTERNAL; 3; 43; 40; 101
INTERNAL; 3; 43; 40; 101; INTERNAL; 2; 42; 40; 105
INTERNAL; 3; 43; 40; 101; INTERNAL; 2; 42; 40; 104
INTERNAL; 3; 43; 40; 101; INTERNAL; 2; 42; 40; 106
INTERNAL; 4; 44; 40; 1407; INTERNAL; 3; 43; 40; 102
INTERNAL; 47; 47; 0; 1452; INTERNAL; 5; 46; 41; 91
INTERNAL; 5; 46; 41; 91; INTERNAL; 4; 45; 41; 1042
INTERNAL; 5; 46; 41; 91; INTERNAL; 4; 45; 41; 2178
INTERNAL; 5; 46; 41; 91; INTERNAL; 4; 45; 41; 96
INTERNAL; 47; 47; 0; 1452; INTERNAL; 5; 46; 41; 2310
INTERNAL; 47; 47; 0; 1452; INTERNAL; 46; 46; 0; 99
INTERNAL; 46; 46; 0; 99; INTERNAL; 8; 45; 37; 109
INTERNAL; 8; 45; 37; 109; INTERNAL; 7; 43; 36; 1498
INTERNAL; 7; 43; 36; 1498; INTERNAL; 3; 42; 39; 4078
INTERNAL; 7; 43; 36; 1498; INTERNAL; 5; 42; 37; 115
INTERNAL; 5; 42; 37; 115; INTERNAL; 3; 41; 38; 2357
INTERNAL; 3; 41; 38; 2357; INTERNAL; 2; 40; 38; 2894
INTERNAL; 3; 41; 38; 2357; INTERNAL; 2; 40; 38; 621
INTERNAL; 3; 41; 38; 2357; INTERNAL; 2; 40; 38; 676
INTERNAL; 5; 42; 37; 115; INTERNAL; 3; 41; 38; 114
INTERNAL; 5; 42; 37; 115; INTERNAL; 4; 41; 37; 2997
INTERNAL; 4; 41; 37; 2997; INTERNAL; 2; 40; 38; 117
INTERNAL; 4; 41; 37; 2997; INTERNAL; 2; 40; 38; 116
INTERNAL; 4; 41; 37; 2997; INTERNAL; 3; 40; 37; 385
INTERNAL; 3; 40; 37; 385; INTERNAL; 2; 39; 37; 123
INTERNAL; 3; 40; 37; 385; INTERNAL; 2; 39; 37; 1965
INTERNAL; 7; 43; 36; 1498; INTERNAL; 6; 42; 36; 1639
INTERNAL; 6; 42; 36; 1639; INTERNAL; 3; 41; 38; 2602
INTERNAL; 6; 42; 36; 1639; INTERNAL; 5; 41; 36; 118
INTERNAL; 5; 41; 36; 118; INTERNAL; 4; 40; 36; 122
INTERNAL; 4; 40; 36; 122; INTERNAL; 3; 39; 36; 137
INTERNAL; 3; 39; 36; 137; INTERNAL; 2; 38; 36; 1129
INTERNAL; 4; 40; 36; 122; INTERNAL; 2; 39; 37; 136
INTERNAL; 4; 40; 36; 122; INTERNAL; 2; 39; 37; 1118
INTERNAL; 5; 41; 36; 118; INTERNAL; 3; 40; 37; 121
INTERNAL; 3; 40; 37; 121; INTERNAL; 2; 39; 37; 1620
INTERNAL; 3; 40; 37; 121; INTERNAL; 2; 39; 37; 135
INTERNAL; 6; 42; 36; 1639; INTERNAL; 3; 41; 38; 1424
INTERNAL; 3; 41; 38; 1424; INTERNAL; 2; 40; 38; 2238
INTERNAL; 3; 41; 38; 1424; INTERNAL; 2; 40; 38; 1433
INTERNAL; 3; 41; 38; 1424; INTERNAL; 2; 40; 38; 151
INTERNAL; 8; 45; 37; 109; INTERNAL; 7; 43; 36; 4111
INTERNAL; 7; 43; 36; 4111; INTERNAL; 6; 42; 36; 119
INTERNAL; 6; 42; 36; 119; INTERNAL; 3; 41; 38; 3474
INTERNAL; 6; 42; 36; 119; INTERNAL; 3; 41; 38; 124
INTERNAL; 6; 42; 36; 119; INTERNAL; 5; 41; 36; 126
INTERNAL; 5; 41; 36; 126; INTERNAL; 4; 40; 36; 134
INTERNAL; 4; 40; 36; 134; INTERNAL; 3; 39; 36; 2382
INTERNAL; 4; 40; 36; 134; INTERNAL; 2; 39; 37; 143
INTERNAL; 5; 41; 36; 126; INTERNAL; 3; 40; 37; 133
INTERNAL; 3; 40; 37; 133; INTERNAL; 2; 39; 37; 142
INTERNAL; 3; 40; 37; 133; INTERNAL; 2; 39; 37; 371
INTERNAL; 3; 40; 37; 133; INTERNAL; 2; 39; 37; 1322
INTERNAL; 5; 41; 36; 126; INTERNAL; 2; 40; 38; 132
INTERNAL; 7; 43; 36; 4111; INTERNAL; 4; 42; 38; 1376
INTERNAL; 7; 43; 36; 4111; INTERNAL; 6; 42; 36; 1765
INTERNAL; 46; 46; 0; 99; INTERNAL; 45; 45; 0; 110
INTERNAL; 45; 45; 0; 110; INTERNAL; 44; 44; 0; 3959
INTERNAL; 44; 44; 0; 3959; INTERNAL; 7; 43; 36; 538
INTERNAL; 7; 43; 36; 538; INTERNAL; 6; 42; 36; 2240
INTERNAL; 6; 42; 36; 2240; INTERNAL; 3; 39; 36; 152
INTERNAL; 3; 39; 36; 152; INTERNAL; 2; 38; 36; 406
INTERNAL; 3; 39; 36; 152; INTERNAL; 2; 38; 36; 804
INTERNAL; 3; 39; 36; 152; INTERNAL; 2; 38; 36; 628
INTERNAL; 6; 42; 36; 2240; INTERNAL; 4; 39; 35; 3938
INTERNAL; 4; 39; 35; 3938; INTERNAL; 2; 38; 36; 2626
INTERNAL; 4; 39; 35; 3938; INTERNAL; 2; 38; 36; 3006
INTERNAL; 4; 39; 35; 3938; INTERNAL; 3; 38; 35; 1264
INTERNAL; 3; 38; 35; 1264; INTERNAL; 2; 37; 35; 812
INTERNAL; 3; 38; 35; 1264; INTERNAL; 2; 37; 35; 2250
INTERNAL; 3; 38; 35; 1264; INTERNAL; 2; 37; 35; 2520
INTERNAL; 6; 42; 36; 2240; INTERNAL; 5; 39; 34; 153
INTERNAL; 5; 39; 34; 153; INTERNAL; 3; 38; 35; 2791
INTERNAL; 5; 39; 34; 153; INTERNAL; 3; 38; 35; 163
INTERNAL; 3; 38; 35; 163; INTERNAL; 2; 37; 35; 4073
INTERNAL; 3; 38; 35; 163; INTERNAL; 2; 37; 35; 169
INTERNAL; 3; 38; 35; 163; INTERNAL; 2; 37; 35; 168
INTERNAL; 5; 39; 34; 153; INTERNAL; 4; 38; 34; 164
INTERNAL; 4; 38; 34; 164; INTERNAL; 3; 37; 34; 2340
INTERNAL; 3; 37; 34; 2340; INTERNAL; 2; 36; 34; 184
INTERNAL; 3; 37; 34; 2340; INTERNAL; 2; 36; 34; 3046
INTERNAL; 4; 38; 34; 164; INTERNAL; 2; 37; 35; 174
INTERNAL; 4; 38; 34; 164; INTERNAL; 3; 37; 34; 175
INTERNAL; 3; 37; 34; 175; INTERNAL; 2; 36; 34; 2478
INTERNAL; 3; 37; 34; 175; INTERNAL; 2; 36; 34; 3431
INTERNAL; 3; 37; 34; 175; INTERNAL; 2; 36; 34; 3301
INTERNAL; 7; 43; 36; 538; INTERNAL; 6; 42; 36; 147
INTERNAL; 6; 42; 36; 147; INTERNAL; 4; 41; 37; 144
INTERNAL; 6; 42; 36; 147; INTERNAL; 3; 41; 38; 1131
INTERNAL; 6; 42; 36; 147; INTERNAL; 5; 41; 36; 145
INTERNAL; 5; 41; 36; 145; INTERNAL; 3; 39; 36; 149
INTERNAL; 3; 39; 36; 149; INTERNAL; 2; 38; 36; 732
INTERNAL; 5; 41; 36; 145; INTERNAL; 4; 39; 35; 150
INTERNAL; 4; 39; 35; 150; INTERNAL; 3; 38; 35; 160
INTERNAL; 3; 38; 35; 160; INTERNAL; 2; 37; 35; 172
INTERNAL; 3; 38; 35; 160; INTERNAL; 2; 37; 35; 171
INTERNAL; 3; 38; 35; 160; INTERNAL; 2; 37; 35; 170
INTERNAL; 4; 39; 35; 150; INTERNAL; 2; 38; 36; 2826
INTERNAL; 5; 41; 36; 145; INTERNAL; 3; 39; 36; 3292
INTERNAL; 3; 39; 36; 3292; INTERNAL; 2; 38; 36; 2560
INTERNAL; 3; 39; 36; 3292; INTERNAL; 2; 38; 36; 3785
INTERNAL; 3; 39; 36; 3292; INTERNAL; 2; 38; 36; 1569
INTERNAL; 7; 43; 36; 538; INTERNAL; 5; 42; 37; 146
INTERNAL; 5; 42; 37; 146; INTERNAL; 3; 40; 37; 141
INTERNAL; 5; 42; 37; 146; INTERNAL; 3; 40; 37; 2342
INTERNAL; 5; 42; 37; 146; INTERNAL; 4; 40; 36; 4010
INTERNAL; 44; 44; 0; 3959; INTERNAL; 7; 43; 36; 1882
INTERNAL; 7; 43; 36; 1882; INTERNAL; 5; 40; 35; 3272
INTERNAL; 7; 43; 36; 1882; INTERNAL; 6; 40; 34; 796
INTERNAL; 7; 43; 36; 1882; INTERNAL; 5; 40; 35; 2909
INTERNAL; 5; 40; 35; 2909; INTERNAL; 4; 39; 35; 162
INTERNAL; 5; 40; 35; 2909; INTERNAL; 3; 39; 36; 161
INTERNAL; 5; 40; 35; 2909; INTERNAL; 4; 39; 35; 793
INTERNAL; 4; 39; 35; 793; INTERNAL; 3; 38; 35; 580
INTERNAL; 4; 39; 35; 793; INTERNAL; 3; 38; 35; 173
INTERNAL; 3; 38; 35; 173; INTERNAL; 2; 37; 35; 2713
INTERNAL; 3; 38; 35; 173; INTERNAL; 2; 37; 35; 183
INTERNAL; 4; 39; 35; 793; INTERNAL; 3; 38; 35; 3950
INTERNAL; 44; 44; 0; 3959; INTERNAL; 43; 43; 0; 883
INTERNAL; 43; 43; 0; 883; INTERNAL; 9; 42; 33; 156
INTERNAL; 9; 42; 33; 156; INTERNAL; 8; 41; 33; 180
INTERNAL; 8; 41; 33; 180; INTERNAL; 7; 40; 33; 190
INTERNAL; 7; 40; 33; 190; INTERNAL; 4; 39; 35; 188
INTERNAL; 4; 39; 35; 188; INTERNAL; 3; 38; 35; 901
INTERNAL; 3; 38; 35; 901; INTERNAL; 2; 35; 33; 213
INTERNAL; 3; 38; 35; 901; INTERNAL; 2; 35; 33; 2197
INTERNAL; 3; 38; 35; 901; INTERNAL; 2; 35; 33; 212
INTERNAL; 4; 39; 35; 188; INTERNAL; 3; 38; 35; 201
INTERNAL; 3; 38; 35; 201; INTERNAL; 2; 37; 35; 199
INTERNAL; 3; 38; 35; 201; INTERNAL; 2; 37; 35; 198
INTERNAL; 4; 39; 35; 188; INTERNAL; 3; 38; 35; 200
INTERNAL; 3; 38; 35; 200; INTERNAL; 2; 36; 34; 209
INTERNAL; 3; 38; 35; 200; INTERNAL; 2; 36; 34; 210
INTERNAL; 3; 38; 35; 200; INTERNAL; 2; 36; 34; 539
INTERNAL; 7; 40; 33; 190; INTERNAL; 6; 39; 33; 189
INTERNAL; 6; 39; 33; 189; INTERNAL; 5; 38; 33; 197
INTERNAL; 5; 38; 33; 197; INTERNAL; 2; 37; 35; 2800
INTERNAL; 5; 38; 33; 197; INTERNAL; 4; 37; 33; 196
INTERNAL; 4; 37; 33; 196; INTERNAL; 3; 35; 32; 3466
INTERNAL; 3; 35; 32; 3466; INTERNAL; 2; 34; 32; 353
INTERNAL; 5; 38; 33; 197; INTERNAL; 2; 37; 35; 195
INTERNAL; 6; 39; 33; 189; INTERNAL; 5; 38; 33; 3797
INTERNAL; 5; 38; 33; 3797; INTERNAL; 4; 36; 32; 2153
INTERNAL; 5; 38; 33; 3797; INTERNAL; 3; 36; 33; 211
INTERNAL; 3; 36; 33; 211; INTERNAL; 2; 35; 33; 221
INTERNAL; 6; 39; 33; 189; INTERNAL; 3; 38; 35; 3219
INTERNAL; 3; 38; 35; 3219; INTERNAL; 2; 37; 35; 193
INTERNAL; 3; 38; 35; 3219; INTERNAL; 2; 37; 35; 3003
INTERNAL; 3; 38; 35; 3219; INTERNAL; 2; 37; 35; 194
INTERNAL; 7; 40; 33; 190; INTERNAL; 6; 39; 33; 2353
INTERNAL; 6; 39; 33; 2353; INTERNAL; 3; 38; 35; 186
INTERNAL; 6; 39; 33; 2353; INTERNAL; 5; 38; 33; 187
INTERNAL; 6; 39; 33; 2353; INTERNAL; 3; 38; 35; 2974
INTERNAL; 8; 41; 33; 180; INTERNAL; 4; 40; 36; 1282
INTERNAL; 4; 40; 36; 1282; INTERNAL; 3; 38; 35; 2498
INTERNAL; 4; 40; 36; 1282; INTERNAL; 3; 38; 35; 185
INTERNAL; 4; 40; 36; 1282; INTERNAL; 3; 38; 35; 2384
INTERNAL; 8; 41; 33; 180; INTERNAL; 7; 40; 33; 2376
INTERNAL; 7; 40; 33; 2376; INTERNAL; 6; 39; 33; 275
INTERNAL; 6; 39; 33; 275; INTERNAL; 5; 37; 32; 2882
INTERNAL; 5; 37; 32; 2882; INTERNAL; 3; 36; 33; 225
INTERNAL; 3; 36; 33; 225; INTERNAL; 2; 34; 32; 3856
INTERNAL; 3; 36; 33; 225; INTERNAL; 2; 34; 32; 3324
INTERNAL; 3; 36; 33; 225; INTERNAL; 2; 34; 32; 236
INTERNAL; 5; 37; 32; 2882; INTERNAL; 4; 36; 32; 1916
INTERNAL; 4; 36; 32; 1916; INTERNAL; 2; 34; 32; 2158
INTERNAL; 4; 36; 32; 1916; INTERNAL; 2; 34; 32; 3683
INTERNAL; 4; 36; 32; 1916; INTERNAL; 3; 34; 31; 237
INTERNAL; 3; 34; 31; 237; INTERNAL; 2; 33; 31; 252
INTERNAL; 5; 37; 32; 2882; INTERNAL; 3; 36; 33; 770
INTERNAL; 6; 39; 33; 275; INTERNAL; 3; 37; 34; 4050
INTERNAL; 6; 39; 33; 275; INTERNAL; 5; 37; 32; 430
INTERNAL; 7; 40; 33; 2376; INTERNAL; 4; 39; 35; 202
INTERNAL; 4; 39; 35; 202; INTERNAL; 3; 36; 33; 1556
INTERNAL; 3; 36; 33; 1556; INTERNAL; 2; 35; 33; 1034
INTERNAL; 3; 36; 33; 1556; INTERNAL; 2; 35; 33; 219
INTERNAL; 3; 36; 33; 1556; INTERNAL; 2; 35; 33; 220
INTERNAL; 4; 39; 35; 202; INTERNAL; 3; 36; 33; 214
INTERNAL; 3; 36; 33; 214; INTERNAL; 2; 34; 32; 230
INTERNAL; 3; 36; 33; 214; INTERNAL; 2; 35; 33; 1698
INTERNAL; 3; 36; 33; 214; INTERNAL; 2; 35; 33; 222
INTERNAL; 3; 36; 33; 214; INTERNAL; 2; 35; 33; 2100
INTERNAL; 4; 39; 35; 202; INTERNAL; 3; 36; 33; 434
INTERNAL; 7; 40; 33; 2376; INTERNAL; 4; 39; 35; 203
INTERNAL; 9; 42; 33; 156; INTERNAL; 8; 41; 33; 179
INTERNAL; 8; 41; 33; 179; INTERNAL; 7; 40; 33; 178
INTERNAL; 8; 41; 33; 179; INTERNAL; 7; 40; 33; 1728
INTERNAL; 7; 40; 33; 1728; INTERNAL; 6; 39; 33; 318
INTERNAL; 7; 40; 33; 1728; INTERNAL; 4; 39; 35; 2736
INTERNAL; 7; 40; 33; 1728; INTERNAL; 4; 39; 35; 176
INTERNAL; 8; 41; 33; 179; INTERNAL; 4; 40; 36; 177
INTERNAL; 43; 43; 0; 883; INTERNAL; 42; 42; 0; 182
INTERNAL; 42; 42; 0; 182; INTERNAL; 8; 41; 33; 3672
INTERNAL; 8; 41; 33; 3672; INTERNAL; 7; 38; 31; 216
INTERNAL; 7; 38; 31; 216; INTERNAL; 6; 37; 31; 1204
INTERNAL; 6; 37; 31; 1204; INTERNAL; 5; 36; 31; 235
INTERNAL; 5; 36; 31; 235; INTERNAL; 3; 35; 32; 865
INTERNAL; 3; 35; 32; 865; INTERNAL; 2; 34; 32; 3122
INTERNAL; 3; 35; 32; 865; INTERNAL; 2; 34; 32; 250
INTERNAL; 3; 35; 32; 865; INTERNAL; 2; 34; 32; 251
INTERNAL; 5; 36; 31; 235; INTERNAL; 4; 35; 31; 1084
INTERNAL; 4; 35; 31; 1084; INTERNAL; 2; 34; 32; 253
INTERNAL; 4; 35; 31; 1084; INTERNAL; 3; 34; 31; 3584
INTERNAL; 4; 35; 31; 1084; INTERNAL; 2; 34; 32; 254
INTERNAL; 5; 36; 31; 235; INTERNAL; 4; 35; 31; 2421
INTERNAL; 6; 37; 31; 1204; INTERNAL; 4; 36; 32; 234
INTERNAL; 4; 36; 32; 234; INTERNAL; 3; 35; 32; 3913
INTERNAL; 4; 36; 32; 234; INTERNAL; 3; 35; 32; 3281
INTERNAL; 4; 36; 32; 234; INTERNAL; 3; 35; 32; 249
INTERNAL; 6; 37; 31; 1204; INTERNAL; 4; 36; 32; 233
INTERNAL; 4; 36; 32; 233; INTERNAL; 3; 35; 32; 232
INTERNAL; 4; 36; 32; 233; INTERNAL; 2; 35; 33; 3608
INTERNAL; 4; 36; 32; 233; INTERNAL; 2; 35; 33; 231
INTERNAL; 7; 38; 31; 216; INTERNAL; 5; 37; 32; 227
INTERNAL; 5; 37; 32; 227; INTERNAL; 4; 36; 32; 224
INTERNAL; 5; 37; 32; 227; INTERNAL; 3; 36; 33; 2503
INTERNAL; 5; 37; 32; 227; INTERNAL; 3; 36; 33; 401
INTERNAL; 7; 38; 31; 216; INTERNAL; 5; 37; 32; 228
INTERNAL; 8; 41; 33; 3672; INTERNAL; 7; 38; 31; 4114
INTERNAL; 7; 38; 31; 4114; INTERNAL; 4; 37; 33; 3654
INTERNAL; 7; 38; 31; 4114; INTERNAL; 5; 37; 32; 3574
INTERNAL; 7; 38; 31; 4114; INTERNAL; 6; 37; 31; 897
INTERNAL; 6; 37; 31; 897; INTERNAL; 4; 36; 32; 1337
INTERNAL; 4; 36; 32; 1337; INTERNAL; 3; 35; 32; 1221
INTERNAL; 4; 36; 32; 1337; INTERNAL; 3; 35; 32; 3426
INTERNAL; 3; 35; 32; 3426; INTERNAL; 2; 34; 32; 4039
INTERNAL; 3; 35; 32; 3426; INTERNAL; 2; 34; 32; 1805
INTERNAL; 3; 35; 32; 3426; INTERNAL; 2; 34; 32; 2378
INTERNAL; 6; 37; 31; 897; INTERNAL; 5; 36; 31; 2639
INTERNAL; 5; 36; 31; 2639; INTERNAL; 4; 35; 31; 238
INTERNAL; 5; 36; 31; 2639; INTERNAL; 3; 35; 32; 1153
INTERNAL; 5; 36; 31; 2639; INTERNAL; 4; 35; 31; 239
INTERNAL; 6; 37; 31; 897; INTERNAL; 3; 36; 33; 666
INTERNAL; 8; 41; 33; 3672; INTERNAL; 6; 38; 32; 215
INTERNAL; 42; 42; 0; 182; INTERNAL; 8; 41; 33; 3406
INTERNAL; 8; 41; 33; 3406; INTERNAL; 7; 40; 33; 1029
INTERNAL; 8; 41; 33; 3406; INTERNAL; 7; 40; 33; 206
INTERNAL; 8; 41; 33; 3406; INTERNAL; 6; 40; 34; 204
INTERNAL; 42; 42; 0; 182; INTERNAL; 8; 41; 33; 191
INTERNAL; 42; 42; 0; 182; INTERNAL; 9; 41; 32; 781
INTERNAL; 9; 41; 32; 781; INTERNAL; 8; 39; 31; 218
INTERNAL; 8; 39; 31; 218; INTERNAL; 7; 38; 31; 884
INTERNAL; 8; 39; 31; 218; INTERNAL; 7; 38; 31; 1947
INTERNAL; 7; 38; 31; 1947; INTERNAL; 5; 37; 32; 241
INTERNAL; 7; 38; 31; 1947; INTERNAL; 6; 37; 31; 2124
INTERNAL; 6; 37; 31; 2124; INTERNAL; 5; 36; 31; 247
INTERNAL; 6; 37; 31; 2124; INTERNAL; 3; 36; 33; 3926
INTERNAL; 6; 37; 31; 2124; INTERNAL; 5; 36; 31; 248
INTERNAL; 7; 38; 31; 1947; INTERNAL; 4; 37; 33; 240
INTERNAL; 8; 39; 31; 218; INTERNAL; 6; 38; 32; 3341
INTERNAL; 9; 41; 32; 781; INTERNAL; 8; 39; 31; 217
INTERNAL; 42; 42; 0; 182; INTERNAL; 8; 41; 33; 467
INTERNAL; 42; 42; 0; 182; INTERNAL; 41; 41; 0; 207
INTERNAL; 41; 41; 0; 207; INTERNAL; 9; 40; 31; 245
INTERNAL; 9; 40; 31; 245; INTERNAL; 7; 38; 31; 1329
INTERNAL; 7; 38; 31; 1329; INTERNAL; 6; 37; 31; 3092
INTERNAL; 7; 38; 31; 1329; INTERNAL; 4; 37; 33; 1626
INTERNAL; 7; 38; 31; 1329; INTERNAL; 5; 37; 32; 255
INTERNAL; 9; 40; 31; 245; INTERNAL; 6; 38; 32; 2491
INTERNAL; 9; 40; 31; 245; INTERNAL; 8; 38; 30; 256
INTERNAL; 41; 41; 0; 207; INTERNAL; 9; 40; 31; 1847
INTERNAL; 41; 41; 0; 207; INTERNAL; 8; 40; 32; 854
INTERNAL; 41; 41; 0; 207; INTERNAL; 40; 40; 0; 632
INTERNAL; 40; 40; 0; 632; INTERNAL; 9; 39; 30; 257
INTERNAL; 40; 40; 0; 632; INTERNAL; 9; 39; 30; 992
INTERNAL; 41; 41; 0; 207; INTERNAL; 8; 40; 32; 244
INTERNAL; 8; 40; 32; 244; INTERNAL; 7; 39; 32; 243
INTERNAL; 8; 40; 32; 244; INTERNAL; 6; 39; 33; 242
INTERNAL; 8; 40; 32; 244; INTERNAL; 7; 39; 32; 3987
INTERNAL; 41; 41; 0; 207; INTERNAL; 8; 40; 32; 476
INTERNAL; 43; 43; 0; 883; INTERNAL; 9; 42; 33; 1564
INTERNAL; 9; 42; 33; 1564; INTERNAL; 8; 41; 33; 155
INTERNAL; 8; 41; 33; 155; INTERNAL; 5; 40; 35; 165
INTERNAL; 8; 41; 33; 155; INTERNAL; 7; 40; 33; 1575
INTERNAL; 8; 41; 33; 155; INTERNAL; 5; 40; 35; 3326
INTERNAL; 9; 42; 33; 1564; INTERNAL; 7; 41; 34; 3859
INTERNAL; 43; 43; 0; 883; INTERNAL; 9; 42; 33; 721
INTERNAL; 43; 43; 0; 883; INTERNAL; 8; 42; 34; 1421
INTERNAL; 43; 43; 0; 883; INTERNAL; 8; 42; 34; 166
INTERNAL; 44; 44; 0; 3959; INTERNAL; 7; 43; 36; 758
INTERNAL; 7; 43; 36; 758; INTERNAL; 6; 42; 36; 525
INTERNAL; 7; 43; 36; 758; INTERNAL; 5; 42; 37; 2508
INTERNAL; 7; 43; 36; 758; INTERNAL; 6; 42; 36; 139
INTERNAL; 6; 42; 36; 139; INTERNAL; 4; 41; 37; 4072
INTERNAL; 6; 42; 36; 139; INTERNAL; 5; 41; 36; 1888
INTERNAL; 6; 42; 36; 139; INTERNAL; 3; 41; 38; 138
INTERNAL; 44; 44; 0; 3959; INTERNAL; 9; 43; 34; 2013
INTERNAL; 44; 44; 0; 3959; INTERNAL; 7; 43; 36; 2612
INTERNAL; 45; 45; 0; 110; INTERNAL; 7; 44; 37; 125
INTERNAL; 45; 45; 0; 110; INTERNAL; 7; 44; 37; 129
INTERNAL; 7; 44; 37; 129; INTERNAL; 6; 43; 37; 208
INTERNAL; 7; 44; 37; 129; INTERNAL; 5; 43; 38; 127
INTERNAL; 7; 44; 37; 129; INTERNAL; 6; 43; 37; 128
INTERNAL; 45; 45; 0; 110; INTERNAL; 8; 44; 36; 1964
INTERNAL; 45; 45; 0; 110; INTERNAL; 7; 44; 37; 131
INTERNAL; 45; 45; 0; 110; INTERNAL; 7; 44; 37; 120
INTERNAL; 46; 46; 0; 99; INTERNAL; 6; 45; 39; 919
INTERNAL; 6; 45; 39; 919; INTERNAL; 4; 44; 40; 737
INTERNAL; 6; 45; 39; 919; INTERNAL; 5; 44; 39; 108
INTERNAL; 6; 45; 39; 919; INTERNAL; 3; 44; 41; 494
INTERNAL; 46; 46; 0; 99; INTERNAL; 5; 45; 40; 3227
INTERNAL; 46; 46; 0; 99; INTERNAL; 6; 45; 39; 2236
INTERNAL; 46; 46; 0; 99; INTERNAL; 7; 45; 38; 670
INTERNAL; 48; 50; 2; 1866; INTERNAL; 6; 47; 41; 90
INTERNAL; 6; 47; 41; 90; INTERNAL; 5; 46; 41; 89
INTERNAL; 6; 47; 41; 90; INTERNAL; 3; 46; 43; 88
INTERNAL; 6; 47; 41; 90; INTERNAL; 3; 46; 43; 87
INTERNAL; 3; 46; 43; 87; INTERNAL; 2; 44; 42; 85
INTERNAL; 3; 46; 43; 87; INTERNAL; 2; 44; 42; 4006
INTERNAL; 3; 46; 43; 87; INTERNAL; 2; 44; 42; 86
INTERNAL; 48; 50; 2; 1866; INTERNAL; 6; 47; 41; 2500
INTERNAL; 49; 51; 2; 1608; INTERNAL; 6; 47; 41; 3147
INTERNAL; 49; 51; 2; 1608; INTERNAL; 4; 47; 43; 2195
INTERNAL; 4; 47; 43; 2195; INTERNAL; 3; 45; 42; 491
INTERNAL; 4; 47; 43; 2195; INTERNAL; 3; 45; 42; 712
INTERNAL; 3; 45; 42; 712; INTERNAL; 2; 44; 42; 83
INTERNAL; 3; 45; 42; 712; INTERNAL; 2; 44; 42; 2131
INTERNAL; 3; 45; 42; 712; INTERNAL; 2; 44; 42; 84
UNKNOWN; -1; -1; -1; -1; OUTPUT; 14; 52; 38; 50
OUTPUT; 14; 52; 38; 50; INTERNAL; 13; 51; 38; 2649
INTERNAL; 13; 51; 38; 2649; INTERNAL; 12; 50; 38; 1243
UNKNOWN; -1; -1; -1; -1; OUTPUT; 16; 52; 36; 1874
OUTPUT; 16; 52; 36; 1874; INTERNAL; 15; 51; 36; 2303
INTERNAL; 15; 51; 36; 2303; INTERNAL; 14; 50; 36; 1573
UNKNOWN; -1; -1; -1; -1; OUTPUT; 45; 52; 7; 8
OUTPUT; 45; 52; 7; 8; INTERNAL; 44; 51; 7; 140
UNKNOWN; -1; -1; -1; -1; OUTPUT; 35; 52; 17; 21
OUTPUT; 35; 52; 17; 21; INTERNAL; 34; 51; 17; 1236
INTERNAL; 34; 51; 17; 1236; INTERNAL; 33; 50; 17; 695
UNKNOWN; -1; -1; -1; -1; OUTPUT; 21; 52; 31; 1892
OUTPUT; 21; 52; 31; 1892; INTERNAL; 20; 51; 31; 1577
UNKNOWN; -1; -1; -1; -1; OUTPUT; 39; 52; 13; 2534
OUTPUT; 39; 52; 13; 2534; INTERNAL; 38; 51; 13; 418
INTERNAL; 38; 51; 13; 418; INTERNAL; 37; 50; 13; 436
UNKNOWN; -1; -1; -1; -1; OUTPUT; 20; 52; 32; 3664
OUTPUT; 20; 52; 32; 3664; INTERNAL; 19; 51; 32; 1493
INTERNAL; 19; 51; 32; 1493; INTERNAL; 18; 50; 32; 1307
UNKNOWN; -1; -1; -1; -1; OUTPUT; 23; 52; 29; 2262
OUTPUT; 23; 52; 29; 2262; INTERNAL; 22; 51; 29; 3075
INTERNAL; 22; 51; 29; 3075; INTERNAL; 21; 50; 29; 3022
UNKNOWN; -1; -1; -1; -1; OUTPUT; 50; 52; 2; 3
OUTPUT; 50; 52; 2; 3; INTERNAL; 49; 51; 2; 1529
INTERNAL; 49; 51; 2; 1529; INTERNAL; 4; 48; 44; 73
INTERNAL; 4; 48; 44; 73; INTERNAL; 3; 46; 43; 1145
INTERNAL; 3; 46; 43; 1145; INTERNAL; 2; 45; 43; 1354
INTERNAL; 4; 48; 44; 73; INTERNAL; 3; 46; 43; 74
INTERNAL; 3; 46; 43; 74; INTERNAL; 2; 44; 42; 78
INTERNAL; 49; 51; 2; 1529; INTERNAL; 5; 48; 43; 75
INTERNAL; 5; 48; 43; 75; INTERNAL; 4; 47; 43; 479
INTERNAL; 4; 47; 43; 479; INTERNAL; 2; 45; 43; 3248
INTERNAL; 4; 47; 43; 479; INTERNAL; 3; 45; 42; 79
INTERNAL; 4; 47; 43; 479; INTERNAL; 3; 45; 42; 80
INTERNAL; 5; 48; 43; 75; INTERNAL; 4; 47; 43; 223
INTERNAL; 49; 51; 2; 1529; INTERNAL; 48; 48; 0; 77
INTERNAL; 48; 48; 0; 77; INTERNAL; 5; 47; 42; 82
INTERNAL; 5; 47; 42; 82; INTERNAL; 4; 46; 42; 81
INTERNAL; 5; 47; 42; 82; INTERNAL; 4; 46; 42; 1986
INTERNAL; 49; 51; 2; 1529; INTERNAL; 5; 48; 43; 697
INTERNAL; 49; 51; 2; 1529; INTERNAL; 4; 48; 44; 72
INTERNAL; 4; 48; 44; 72; INTERNAL; 2; 47; 45; 3775
INTERNAL; 4; 48; 44; 72; INTERNAL; 3; 47; 44; 71
INTERNAL; 49; 51; 2; 1529; INTERNAL; 5; 48; 43; 518
UNKNOWN; -1; -1; -1; -1; OUTPUT; 3; 52; 49; 3867
OUTPUT; 3; 52; 49; 3867; INTERNAL; 2; 51; 49; 2241
UNKNOWN; -1; -1; -1; -1; OUTPUT; 33; 52; 19; 25
OUTPUT; 33; 52; 19; 25; INTERNAL; 32; 51; 19; 842
UNKNOWN; -1; -1; -1; -1; OUTPUT; 33; 52; 19; 24
OUTPUT; 33; 52; 19; 24; INTERNAL; 32; 51; 19; 806
UNKNOWN; -1; -1; -1; -1; OUTPUT; 25; 52; 27; 39
OUTPUT; 25; 52; 27; 39; INTERNAL; 24; 51; 27; 2133
INTERNAL; 24; 51; 27; 2133; INTERNAL; 23; 50; 27; 2146
UNKNOWN; -1; -1; -1; -1; OUTPUT; 14; 52; 38; 517
OUTPUT; 14; 52; 38; 517; INTERNAL; 13; 51; 38; 2608
UNKNOWN; -1; -1; -1; -1; OUTPUT; 44; 52; 8; 511
OUTPUT; 44; 52; 8; 511; INTERNAL; 43; 51; 8; 1220
INTERNAL; 43; 51; 8; 1220; INTERNAL; 42; 50; 8; 2412
UNKNOWN; -1; -1; -1; -1; OUTPUT; 3; 52; 49; 3936
OUTPUT; 3; 52; 49; 3936; INTERNAL; 2; 51; 49; 2216
UNKNOWN; -1; -1; -1; -1; OUTPUT; 40; 52; 12; 3184
OUTPUT; 40; 52; 12; 3184; INTERNAL; 39; 51; 12; 369
INTERNAL; 39; 51; 12; 369; INTERNAL; 38; 50; 12; 397
UNKNOWN; -1; -1; -1; -1; OUTPUT; 23; 52; 29; 2731
OUTPUT; 23; 52; 29; 2731; INTERNAL; 22; 51; 29; 1180
UNKNOWN; -1; -1; -1; -1; OUTPUT; 32; 52; 20; 1036
OUTPUT; 32; 52; 20; 1036; INTERNAL; 31; 51; 20; 1011
INTERNAL; 31; 51; 20; 1011; INTERNAL; 30; 50; 20; 2998
UNKNOWN; -1; -1; -1; -1; OUTPUT; 42; 52; 10; 14
OUTPUT; 42; 52; 10; 14; INTERNAL; 41; 51; 10; 3537
UNKNOWN; -1; -1; -1; -1; OUTPUT; 9; 52; 43; 57
OUTPUT; 9; 52; 43; 57; INTERNAL; 8; 51; 43; 1552
INTERNAL; 8; 51; 43; 1552; INTERNAL; 7; 50; 43; 2091
UNKNOWN; -1; -1; -1; -1; OUTPUT; 4; 52; 48; 2770
OUTPUT; 4; 52; 48; 2770; INTERNAL; 3; 51; 48; 2298
UNKNOWN; -1; -1; -1; -1; OUTPUT; 19; 52; 33; 684
OUTPUT; 19; 52; 33; 684; INTERNAL; 18; 51; 33; 1671
INTERNAL; 18; 51; 33; 1671; INTERNAL; 17; 50; 33; 1389
UNKNOWN; -1; -1; -1; -1; OUTPUT; 35; 52; 17; 22
OUTPUT; 35; 52; 17; 22; INTERNAL; 34; 51; 17; 1770
UNKNOWN; -1; -1; -1; -1; OUTPUT; 46; 52; 6; 290
OUTPUT; 46; 52; 6; 290; INTERNAL; 45; 51; 6; 154
UNKNOWN; -1; -1; -1; -1; OUTPUT; 13; 52; 39; 705
OUTPUT; 13; 52; 39; 705; INTERNAL; 12; 51; 39; 2171
UNKNOWN; -1; -1; -1; -1; OUTPUT; 16; 52; 36; 675
OUTPUT; 16; 52; 36; 675; INTERNAL; 15; 51; 36; 1788
UNKNOWN; -1; -1; -1; -1; OUTPUT; 5; 52; 47; 2511
OUTPUT; 5; 52; 47; 2511; INTERNAL; 4; 51; 47; 2714
UNKNOWN; -1; -1; -1; -1; OUTPUT; 48; 52; 4; 51
OUTPUT; 48; 52; 4; 51; INTERNAL; 47; 51; 4; 974
UNKNOWN; -1; -1; -1; -1; OUTPUT; 5; 52; 47; 63
OUTPUT; 5; 52; 47; 63; INTERNAL; 4; 51; 47; 2275
UNKNOWN; -1; -1; -1; -1; OUTPUT; 20; 52; 32; 2860
OUTPUT; 20; 52; 32; 2860; INTERNAL; 19; 51; 32; 2797
UNKNOWN; -1; -1; -1; -1; OUTPUT; 48; 52; 4; 7
OUTPUT; 48; 52; 4; 7; INTERNAL; 47; 51; 4; 111
INTERNAL; 47; 51; 4; 111; INTERNAL; 46; 50; 4; 3751
UNKNOWN; -1; -1; -1; -1; OUTPUT; 38; 52; 14; 17
OUTPUT; 38; 52; 14; 17; INTERNAL; 37; 51; 14; 2289
INTERNAL; 37; 51; 14; 2289; INTERNAL; 36; 50; 14; 2759
UNKNOWN; -1; -1; -1; -1; OUTPUT; 8; 52; 44; 59
OUTPUT; 8; 52; 44; 59; INTERNAL; 7; 51; 44; 1952
UNKNOWN; -1; -1; -1; -1; OUTPUT; 28; 52; 24; 2407
OUTPUT; 28; 52; 24; 2407; INTERNAL; 27; 51; 24; 2670
INTERNAL; 27; 51; 24; 2670; INTERNAL; 26; 50; 24; 3734
UNKNOWN; -1; -1; -1; -1; OUTPUT; 12; 52; 40; 2036
OUTPUT; 12; 52; 40; 2036; INTERNAL; 11; 51; 40; 2630
INTERNAL; 11; 51; 40; 2630; INTERNAL; 10; 50; 40; 1862
UNKNOWN; -1; -1; -1; -1; OUTPUT; 47; 52; 5; 2533
OUTPUT; 47; 52; 5; 2533; INTERNAL; 46; 51; 5; 3831
INTERNAL; 46; 51; 5; 3831; INTERNAL; 45; 50; 5; 785
UNKNOWN; -1; -1; -1; -1; OUTPUT; 30; 52; 22; 30
OUTPUT; 30; 52; 22; 30; INTERNAL; 29; 51; 22; 1494
UNKNOWN; -1; -1; -1; -1; OUTPUT; 17; 52; 35; 792
OUTPUT; 17; 52; 35; 792; INTERNAL; 16; 51; 35; 2711
INTERNAL; 16; 51; 35; 2711; INTERNAL; 15; 50; 35; 1622
UNKNOWN; -1; -1; -1; -1; OUTPUT; 10; 52; 42; 55
OUTPUT; 10; 52; 42; 55; INTERNAL; 9; 51; 42; 1865
UNKNOWN; -1; -1; -1; -1; OUTPUT; 52; 52; 0; 1
OUTPUT; 52; 52; 0; 1; INTERNAL; 51; 51; 0; 2141
INTERNAL; 51; 51; 0; 2141; INTERNAL; 50; 50; 0; 65
INTERNAL; 50; 50; 0; 65; INTERNAL; 4; 49; 45; 68
INTERNAL; 50; 50; 0; 65; INTERNAL; 3; 49; 46; 315
INTERNAL; 3; 49; 46; 315; INTERNAL; 2; 48; 46; 3517
INTERNAL; 3; 49; 46; 315; INTERNAL; 2; 48; 46; 67
INTERNAL; 50; 50; 0; 65; INTERNAL; 49; 49; 0; 70
INTERNAL; 50; 50; 0; 65; INTERNAL; 2; 49; 47; 2258
INTERNAL; 50; 50; 0; 65; INTERNAL; 3; 49; 46; 2953
UNKNOWN; -1; -1; -1; -1; OUTPUT; 8; 52; 44; 2802
OUTPUT; 8; 52; 44; 2802; INTERNAL; 7; 51; 44; 1739
INTERNAL; 7; 51; 44; 1739; INTERNAL; 6; 50; 44; 1858
UNKNOWN; -1; -1; -1; -1; OUTPUT; 30; 52; 22; 31
OUTPUT; 30; 52; 22; 31; INTERNAL; 29; 51; 22; 4092
INTERNAL; 29; 51; 22; 4092; INTERNAL; 28; 50; 22; 4003
UNKNOWN; -1; -1; -1; -1; OUTPUT; 48; 52; 4; 6
OUTPUT; 48; 52; 4; 6; INTERNAL; 47; 51; 4; 103
UNKNOWN; -1; -1; -1; -1; OUTPUT; 51; 52; 1; 1784
OUTPUT; 51; 52; 1; 1784; INTERNAL; 50; 51; 1; 69
UNKNOWN; -1; -1; -1; -1; OUTPUT; 10; 52; 42; 56
OUTPUT; 10; 52; 42; 56; INTERNAL; 9; 51; 42; 1197
INTERNAL; 9; 51; 42; 1197; INTERNAL; 8; 50; 42; 1935
UNKNOWN; -1; -1; -1; -1; OUTPUT; 26; 52; 26; 2815
OUTPUT; 26; 52; 26; 2815; INTERNAL; 25; 51; 26; 3985
INTERNAL; 25; 51; 26; 3985; INTERNAL; 24; 50; 26; 3451
UNKNOWN; -1; -1; -1; -1; OUTPUT; 20; 52; 32; 43
OUTPUT; 20; 52; 32; 43; INTERNAL; 19; 51; 32; 2001
UNKNOWN; -1; -1; -1; -1; OUTPUT; 40; 52; 12; 2659
OUTPUT; 40; 52; 12; 2659; INTERNAL; 39; 51; 12; 347
UNKNOWN; -1; -1; -1; -1; OUTPUT; 21; 52; 31; 41
OUTPUT; 21; 52; 31; 41; INTERNAL; 20; 51; 31; 2916
UNKNOWN; -1; -1; -1; -1; OUTPUT; 34; 52; 18; 1162
OUTPUT; 34; 52; 18; 1162; INTERNAL; 33; 51; 18; 725
UNKNOWN; -1; -1; -1; -1; OUTPUT; 31; 52; 21; 29
OUTPUT; 31; 52; 21; 29; INTERNAL; 30; 51; 21; 1111
INTERNAL; 30; 51; 21; 1111; INTERNAL; 29; 50; 21; 4087
UNKNOWN; -1; -1; -1; -1; OUTPUT; 36; 52; 16; 262
OUTPUT; 36; 52; 16; 262; INTERNAL; 35; 51; 16; 2391
UNKNOWN; -1; -1; -1; -1; OUTPUT; 9; 52; 43; 58
OUTPUT; 9; 52; 43; 58; INTERNAL; 8; 51; 43; 2072
UNKNOWN; -1; -1; -1; -1; OUTPUT; 31; 52; 21; 28
OUTPUT; 31; 52; 21; 28; INTERNAL; 30; 51; 21; 2319
UNKNOWN; -1; -1; -1; -1; OUTPUT; 32; 52; 20; 26
OUTPUT; 32; 52; 20; 26; INTERNAL; 31; 51; 20; 1541
UNKNOWN; -1; -1; -1; -1; OUTPUT; 12; 52; 40; 53
OUTPUT; 12; 52; 40; 53; INTERNAL; 11; 51; 40; 2841
UNKNOWN; -1; -1; -1; -1; OUTPUT; 19; 52; 33; 3642
OUTPUT; 19; 52; 33; 3642; INTERNAL; 18; 51; 33; 2840
UNKNOWN; -1; -1; -1; -1; OUTPUT; 47; 52; 5; 205
OUTPUT; 47; 52; 5; 205; INTERNAL; 46; 51; 5; 2628
UNKNOWN; -1; -1; -1; -1; OUTPUT; 3; 52; 49; 2431
OUTPUT; 3; 52; 49; 2431; INTERNAL; 2; 51; 49; 2633
UNKNOWN; -1; -1; -1; -1; OUTPUT; 43; 52; 9; 12
OUTPUT; 43; 52; 9; 12; INTERNAL; 42; 51; 9; 733
INTERNAL; 42; 51; 9; 733; INTERNAL; 41; 50; 9; 2019
UNKNOWN; -1; -1; -1; -1; OUTPUT; 3; 52; 49; 64
OUTPUT; 3; 52; 49; 64; INTERNAL; 2; 51; 49; 2775
UNKNOWN; -1; -1; -1; -1; OUTPUT; 50; 52; 2; 3604
OUTPUT; 50; 52; 2; 3604; INTERNAL; 49; 51; 2; 76
UNKNOWN; -1; -1; -1; -1; OUTPUT; 37; 52; 15; 18
OUTPUT; 37; 52; 15; 18; INTERNAL; 36; 51; 15; 2705
INTERNAL; 36; 51; 15; 2705; INTERNAL; 35; 50; 15; 534
UNKNOWN; -1; -1; -1; -1; OUTPUT; 27; 52; 25; 35
OUTPUT; 27; 52; 25; 35; INTERNAL; 26; 51; 25; 1373
INTERNAL; 26; 51; 25; 1373; INTERNAL; 25; 50; 25; 3357
UNKNOWN; -1; -1; -1; -1; OUTPUT; 6; 52; 46; 62
OUTPUT; 6; 52; 46; 62; INTERNAL; 5; 51; 46; 1937
UNKNOWN; -1; -1; -1; -1; OUTPUT; 42; 52; 10; 365
OUTPUT; 42; 52; 10; 365; INTERNAL; 41; 51; 10; 246
UNKNOWN; -1; -1; -1; -1; OUTPUT; 24; 52; 28; 40
OUTPUT; 24; 52; 28; 40; INTERNAL; 23; 51; 28; 3298
UNKNOWN; -1; -1; -1; -1; OUTPUT; 48; 52; 4; 556
OUTPUT; 48; 52; 4; 556; INTERNAL; 47; 51; 4; 98
UNKNOWN; -1; -1; -1; -1; OUTPUT; 23; 52; 29; 3129
OUTPUT; 23; 52; 29; 3129; INTERNAL; 22; 51; 29; 1660
UNKNOWN; -1; -1; -1; -1; OUTPUT; 21; 52; 31; 2004
OUTPUT; 21; 52; 31; 2004; INTERNAL; 20; 51; 31; 1178
INTERNAL; 20; 51; 31; 1178; INTERNAL; 19; 50; 31; 1551
UNKNOWN; -1; -1; -1; -1; OUTPUT; 28; 52; 24; 1263
OUTPUT; 28; 52; 24; 1263; INTERNAL; 27; 51; 24; 3850
UNKNOWN; -1; -1; -1; -1; OUTPUT; 30; 52; 22; 2423
OUTPUT; 30; 52; 22; 2423; INTERNAL; 29; 51; 22; 3889
UNKNOWN; -1; -1; -1; -1; OUTPUT; 52; 52; 0; 1062
OUTPUT; 52; 52; 0; 1062; INTERNAL; 51; 51; 0; 2063
UNKNOWN; -1; -1; -1; -1; OUTPUT; 44; 52; 8; 3668
OUTPUT; 44; 52; 8; 3668; INTERNAL; 43; 51; 8; 2807
INTERNAL; 43; 51; 8; 2807; INTERNAL; 9; 49; 40; 167
UNKNOWN; -1; -1; -1; -1; OUTPUT; 26; 52; 26; 36
OUTPUT; 26; 52; 26; 36; INTERNAL; 25; 51; 26; 3572
UNKNOWN; -1; -1; -1; -1; OUTPUT; 21; 52; 31; 42
OUTPUT; 21; 52; 31; 42; INTERNAL; 20; 51; 31; 3512
UNKNOWN; -1; -1; -1; -1; OUTPUT; 39; 52; 13; 2444
OUTPUT; 39; 52; 13; 2444; INTERNAL; 38; 51; 13; 3067
UNKNOWN; -1; -1; -1; -1; OUTPUT; 29; 52; 23; 32
OUTPUT; 29; 52; 23; 32; INTERNAL; 28; 51; 23; 3960
INTERNAL; 28; 51; 23; 3960; INTERNAL; 27; 50; 23; 3906
UNKNOWN; -1; -1; -1; -1; OUTPUT; 22; 52; 30; 1725
OUTPUT; 22; 52; 30; 1725; INTERNAL; 21; 51; 30; 1591
UNKNOWN; -1; -1; -1; -1; OUTPUT; 28; 52; 24; 34
OUTPUT; 28; 52; 24; 34; INTERNAL; 27; 51; 24; 3614
UNKNOWN; -1; -1; -1; -1; OUTPUT; 7; 52; 45; 61
OUTPUT; 7; 52; 45; 61; INTERNAL; 6; 51; 45; 2244
INTERNAL; 6; 51; 45; 2244; INTERNAL; 5; 50; 45; 1285
INTERNAL; 6; 51; 45; 2244; INTERNAL; 4; 50; 46; 2009
UNKNOWN; -1; -1; -1; -1; OUTPUT; 12; 52; 40; 2917
OUTPUT; 12; 52; 40; 2917; INTERNAL; 11; 51; 40; 2467
UNKNOWN; -1; -1; -1; -1; OUTPUT; 23; 52; 29; 3802
OUTPUT; 23; 52; 29; 3802; INTERNAL; 22; 51; 29; 2473
UNKNOWN; -1; -1; -1; -1; OUTPUT; 15; 52; 37; 48
OUTPUT; 15; 52; 37; 48; INTERNAL; 14; 51; 37; 1841
INTERNAL; 14; 51; 37; 1841; INTERNAL; 13; 50; 37; 3669
UNKNOWN; -1; -1; -1; -1; OUTPUT; 16; 52; 36; 47
OUTPUT; 16; 52; 36; 47; INTERNAL; 15; 51; 36; 1387
UNKNOWN; -1; -1; -1; -1; OUTPUT; 45; 52; 7; 9
OUTPUT; 45; 52; 7; 9; INTERNAL; 44; 51; 7; 148
UNKNOWN; -1; -1; -1; -1; OUTPUT; 50; 52; 2; 4
OUTPUT; 50; 52; 2; 4; INTERNAL; 49; 51; 2; 3204
UNKNOWN; -1; -1; -1; -1; OUTPUT; 32; 52; 20; 27
OUTPUT; 32; 52; 20; 27; INTERNAL; 31; 51; 20; 949
UNKNOWN; -1; -1; -1; -1; OUTPUT; 41; 52; 11; 2232
OUTPUT; 41; 52; 11; 2232; INTERNAL; 40; 51; 11; 2102
UNKNOWN; -1; -1; -1; -1; OUTPUT; 44; 52; 8; 10
OUTPUT; 44; 52; 8; 10; INTERNAL; 43; 51; 8; 181
UNKNOWN; -1; -1; -1; -1; OUTPUT; 8; 52; 44; 917
OUTPUT; 8; 52; 44; 917; INTERNAL; 7; 51; 44; 2312
UNKNOWN; -1; -1; -1; -1; OUTPUT; 18; 52; 34; 44
OUTPUT; 18; 52; 34; 44; INTERNAL; 17; 51; 34; 4048
UNKNOWN; -1; -1; -1; -1; OUTPUT; 45; 52; 7; 3735
OUTPUT; 45; 52; 7; 3735; INTERNAL; 44; 51; 7; 158
INTERNAL; 44; 51; 7; 158; INTERNAL; 43; 50; 7; 157
UNKNOWN; -1; -1; -1; -1; OUTPUT; 33; 52; 19; 23
OUTPUT; 33; 52; 19; 23; INTERNAL; 32; 51; 19; 768
UNKNOWN; -1; -1; -1; -1; OUTPUT; 3; 52; 49; 1932
OUTPUT; 3; 52; 49; 1932; INTERNAL; 2; 51; 49; 3446
UNKNOWN; -1; -1; -1; -1; OUTPUT; 36; 52; 16; 3600
OUTPUT; 36; 52; 16; 3600; INTERNAL; 35; 51; 16; 3992
UNKNOWN; -1; -1; -1; -1; OUTPUT; 11; 52; 41; 54
OUTPUT; 11; 52; 41; 54; INTERNAL; 10; 51; 41; 1831
UNKNOWN; -1; -1; -1; -1; OUTPUT; 18; 52; 34; 46
OUTPUT; 18; 52; 34; 46; INTERNAL; 17; 51; 34; 2698
INTERNAL; 17; 51; 34; 2698; INTERNAL; 16; 50; 34; 1532
UNKNOWN; -1; -1; -1; -1; OUTPUT; 51; 52; 1; 600
OUTPUT; 51; 52; 1; 600; INTERNAL; 50; 51; 1; 3720
UNKNOWN; -1; -1; -1; -1; OUTPUT; 52; 52; 0; 0
OUTPUT; 52; 52; 0; 0; INTERNAL; 51; 51; 0; 3686
UNKNOWN; -1; -1; -1; -1; OUTPUT; 38; 52; 14; 923
OUTPUT; 38; 52; 14; 923; INTERNAL; 37; 51; 14; 1094
UNKNOWN; -1; -1; -1; -1; OUTPUT; 10; 52; 42; 342
OUTPUT; 10; 52; 42; 342; INTERNAL; 9; 51; 42; 1903
UNKNOWN; -1; -1; -1; -1; OUTPUT; 44; 52; 8; 11
OUTPUT; 44; 52; 8; 11; INTERNAL; 43; 51; 8; 192
UNKNOWN; -1; -1; -1; -1; OUTPUT; 29; 52; 23; 33
OUTPUT; 29; 52; 23; 33; INTERNAL; 28; 51; 23; 3907
UNKNOWN; -1; -1; -1; -1; OUTPUT; 43; 52; 9; 13
OUTPUT; 43; 52; 9; 13; INTERNAL; 42; 51; 9; 229
UNKNOWN; -1; -1; -1; -1; OUTPUT; 15; 52; 37; 3941
OUTPUT; 15; 52; 37; 3941; INTERNAL; 14; 51; 37; 1769
UNKNOWN; -1; -1; -1; -1; OUTPUT; 52; 52; 0; 2
OUTPUT; 52; 52; 0; 2; INTERNAL; 51; 51; 0; 66
UNKNOWN; -1; -1; -1; -1; OUTPUT; 40; 52; 12; 16
OUTPUT; 40; 52; 12; 16; INTERNAL; 39; 51; 12; 3713
UNKNOWN; -1; -1; -1; -1; OUTPUT; 49; 52; 3; 2644
OUTPUT; 49; 52; 3; 2644; INTERNAL; 48; 51; 3; 2522
UNKNOWN; -1; -1; -1; -1; OUTPUT; 25; 52; 27; 38
OUTPUT; 25; 52; 27; 38; INTERNAL; 24; 51; 27; 2569
UNKNOWN; -1; -1; -1; -1; OUTPUT; 14; 52; 38; 49
OUTPUT; 14; 52; 38; 49; INTERNAL; 13; 51; 38; 2692
UNKNOWN; -1; -1; -1; -1; OUTPUT; 18; 52; 34; 45
OUTPUT; 18; 52; 34; 45; INTERNAL; 17; 51; 34; 2373
INTERNAL; 17; 51; 34; 2373; INTERNAL; 10; 50; 40; 1479
UNKNOWN; -1; -1; -1; -1; OUTPUT; 17; 52; 35; 267
OUTPUT; 17; 52; 35; 267; INTERNAL; 16; 51; 35; 1840
UNKNOWN; -1; -1; -1; -1; OUTPUT; 27; 52; 25; 2301
OUTPUT; 27; 52; 25; 2301; INTERNAL; 26; 51; 25; 3174
UNKNOWN; -1; -1; -1; -1; OUTPUT; 7; 52; 45; 60
OUTPUT; 7; 52; 45; 60; INTERNAL; 6; 51; 45; 2022
UNKNOWN; -1; -1; -1; -1; OUTPUT; 26; 52; 26; 37
OUTPUT; 26; 52; 26; 37; INTERNAL; 25; 51; 26; 3452
