TYPE; ASAP; ALAP; SLACK; A; TYPE; ASAP; ALAP; SLACK; B
INTERNAL; 22; 22; 0; 505; INTERNAL; 43; 43; 0; 359
INTERNAL; 22; 22; 0; 673; INTERNAL; 43; 43; 0; 359
INTERNAL; 42; 42; 0; 623; INTERNAL; 43; 43; 0; 359
INTERNAL; 41; 41; 0; 1027; INTERNAL; 42; 42; 0; 623
INTERNAL; 26; 41; 15; 421; INTERNAL; 42; 42; 0; 623
INTERNAL; 26; 41; 15; 571; INTERNAL; 42; 42; 0; 623
INTERNAL; 25; 41; 16; 639; INTERNAL; 42; 42; 0; 623
INTERNAL; 24; 40; 16; 204; INTERNAL; 42; 42; 0; 623
INTERNAL; 24; 41; 17; 1289; INTERNAL; 42; 42; 0; 623
INTERNAL; 40; 40; 0; 1178; INTERNAL; 41; 41; 0; 1027
INTERNAL; 25; 40; 15; 522; INTERNAL; 41; 41; 0; 1027
INTERNAL; 26; 40; 14; 828; INTERNAL; 41; 41; 0; 1027
INTERNAL; 25; 40; 15; 1024; INTERNAL; 41; 41; 0; 1027
INTERNAL; 26; 40; 14; 436; INTERNAL; 41; 41; 0; 1027
INTERNAL; 25; 40; 15; 581; INTERNAL; 41; 41; 0; 1027
INTERNAL; 39; 39; 0; 490; INTERNAL; 40; 40; 0; 1178
INTERNAL; 25; 39; 14; 557; INTERNAL; 40; 40; 0; 1178
INTERNAL; 25; 39; 14; 552; INTERNAL; 40; 40; 0; 1178
INTERNAL; 26; 39; 13; 919; INTERNAL; 40; 40; 0; 1178
INTERNAL; 26; 39; 13; 802; INTERNAL; 40; 40; 0; 1178
INTERNAL; 25; 39; 14; 258; INTERNAL; 40; 40; 0; 1178
INTERNAL; 38; 38; 0; 813; INTERNAL; 39; 39; 0; 490
INTERNAL; 26; 38; 12; 478; INTERNAL; 39; 39; 0; 490
INTERNAL; 25; 38; 13; 917; INTERNAL; 39; 39; 0; 490
INTERNAL; 26; 38; 12; 596; INTERNAL; 39; 39; 0; 490
INTERNAL; 25; 38; 13; 757; INTERNAL; 39; 39; 0; 490
INTERNAL; 26; 38; 12; 615; INTERNAL; 39; 39; 0; 490
INTERNAL; 37; 37; 0; 556; INTERNAL; 38; 38; 0; 813
INTERNAL; 26; 37; 11; 693; INTERNAL; 38; 38; 0; 813
INTERNAL; 26; 37; 11; 939; INTERNAL; 38; 38; 0; 813
INTERNAL; 25; 37; 12; 659; INTERNAL; 38; 38; 0; 813
INTERNAL; 25; 37; 12; 696; INTERNAL; 38; 38; 0; 813
INTERNAL; 26; 37; 11; 1237; INTERNAL; 38; 38; 0; 813
INTERNAL; 36; 36; 0; 1402; INTERNAL; 37; 37; 0; 556
INTERNAL; 25; 36; 11; 711; INTERNAL; 37; 37; 0; 556
INTERNAL; 26; 36; 10; 951; INTERNAL; 37; 37; 0; 556
INTERNAL; 25; 36; 11; 704; INTERNAL; 37; 37; 0; 556
INTERNAL; 26; 36; 10; 566; INTERNAL; 37; 37; 0; 556
INTERNAL; 25; 36; 11; 710; INTERNAL; 37; 37; 0; 556
INTERNAL; 35; 35; 0; 909; INTERNAL; 36; 36; 0; 1402
INTERNAL; 27; 35; 8; 713; INTERNAL; 36; 36; 0; 1402
INTERNAL; 26; 35; 9; 618; INTERNAL; 36; 36; 0; 1402
INTERNAL; 26; 35; 9; 798; INTERNAL; 36; 36; 0; 1402
INTERNAL; 26; 35; 9; 717; INTERNAL; 36; 36; 0; 1402
INTERNAL; 25; 35; 10; 677; INTERNAL; 36; 36; 0; 1402
INTERNAL; 34; 34; 0; 541; INTERNAL; 35; 35; 0; 909
INTERNAL; 27; 34; 7; 783; INTERNAL; 35; 35; 0; 909
INTERNAL; 27; 34; 7; 595; INTERNAL; 35; 35; 0; 909
INTERNAL; 27; 34; 7; 549; INTERNAL; 35; 35; 0; 909
INTERNAL; 26; 34; 8; 526; INTERNAL; 35; 35; 0; 909
INTERNAL; 28; 34; 6; 734; INTERNAL; 35; 35; 0; 909
INTERNAL; 24; 33; 9; 668; INTERNAL; 34; 34; 0; 541
INTERNAL; 33; 33; 0; 411; INTERNAL; 34; 34; 0; 541
INTERNAL; 23; 33; 10; 593; INTERNAL; 34; 34; 0; 541
INTERNAL; 23; 33; 10; 1201; INTERNAL; 34; 34; 0; 541
INTERNAL; 24; 33; 9; 458; INTERNAL; 34; 34; 0; 541
INTERNAL; 26; 33; 7; 647; INTERNAL; 34; 34; 0; 541
INTERNAL; 23; 32; 9; 822; INTERNAL; 33; 33; 0; 411
INTERNAL; 23; 32; 9; 838; INTERNAL; 33; 33; 0; 411
INTERNAL; 23; 32; 9; 654; INTERNAL; 33; 33; 0; 411
INTERNAL; 23; 32; 9; 685; INTERNAL; 33; 33; 0; 411
INTERNAL; 24; 32; 8; 511; INTERNAL; 33; 33; 0; 411
INTERNAL; 32; 32; 0; 964; INTERNAL; 33; 33; 0; 411
INTERNAL; 31; 31; 0; 681; INTERNAL; 32; 32; 0; 964
INTERNAL; 25; 31; 6; 528; INTERNAL; 32; 32; 0; 964
INTERNAL; 23; 31; 8; 1067; INTERNAL; 32; 32; 0; 964
INTERNAL; 23; 31; 8; 524; INTERNAL; 32; 32; 0; 964
INTERNAL; 24; 31; 7; 862; INTERNAL; 32; 32; 0; 964
INTERNAL; 24; 31; 7; 531; INTERNAL; 32; 32; 0; 964
INTERNAL; 30; 30; 0; 698; INTERNAL; 31; 31; 0; 681
INTERNAL; 23; 30; 7; 504; INTERNAL; 31; 31; 0; 681
INTERNAL; 23; 30; 7; 457; INTERNAL; 31; 31; 0; 681
INTERNAL; 23; 30; 7; 1241; INTERNAL; 31; 31; 0; 681
INTERNAL; 23; 30; 7; 739; INTERNAL; 31; 31; 0; 681
INTERNAL; 24; 30; 6; 514; INTERNAL; 31; 31; 0; 681
INTERNAL; 23; 29; 6; 620; INTERNAL; 30; 30; 0; 698
INTERNAL; 23; 29; 6; 1364; INTERNAL; 30; 30; 0; 698
INTERNAL; 23; 29; 6; 454; INTERNAL; 30; 30; 0; 698
INTERNAL; 23; 29; 6; 686; INTERNAL; 30; 30; 0; 698
INTERNAL; 24; 29; 5; 481; INTERNAL; 30; 30; 0; 698
INTERNAL; 29; 29; 0; 420; INTERNAL; 30; 30; 0; 698
INTERNAL; 28; 28; 0; 579; INTERNAL; 29; 29; 0; 420
INTERNAL; 25; 28; 3; 262; INTERNAL; 29; 29; 0; 420
INTERNAL; 23; 28; 5; 515; INTERNAL; 29; 29; 0; 420
INTERNAL; 23; 28; 5; 855; INTERNAL; 29; 29; 0; 420
INTERNAL; 24; 28; 4; 637; INTERNAL; 29; 29; 0; 420
INTERNAL; 24; 28; 4; 356; INTERNAL; 29; 29; 0; 420
INTERNAL; 27; 27; 0; 625; INTERNAL; 28; 28; 0; 579
INTERNAL; 23; 27; 4; 972; INTERNAL; 28; 28; 0; 579
INTERNAL; 23; 27; 4; 494; INTERNAL; 28; 28; 0; 579
INTERNAL; 23; 27; 4; 434; INTERNAL; 28; 28; 0; 579
INTERNAL; 23; 27; 4; 299; INTERNAL; 28; 28; 0; 579
INTERNAL; 24; 27; 3; 1082; INTERNAL; 28; 28; 0; 579
INTERNAL; 23; 26; 3; 495; INTERNAL; 27; 27; 0; 625
INTERNAL; 23; 26; 3; 461; INTERNAL; 27; 27; 0; 625
INTERNAL; 23; 26; 3; 821; INTERNAL; 27; 27; 0; 625
INTERNAL; 23; 26; 3; 709; INTERNAL; 27; 27; 0; 625
INTERNAL; 24; 26; 2; 384; INTERNAL; 27; 27; 0; 625
INTERNAL; 26; 26; 0; 535; INTERNAL; 27; 27; 0; 625
INTERNAL; 25; 25; 0; 442; INTERNAL; 26; 26; 0; 535
INTERNAL; 25; 25; 0; 432; INTERNAL; 26; 26; 0; 535
INTERNAL; 23; 25; 2; 431; INTERNAL; 26; 26; 0; 535
INTERNAL; 23; 25; 2; 559; INTERNAL; 26; 26; 0; 535
INTERNAL; 24; 25; 1; 465; INTERNAL; 26; 26; 0; 535
INTERNAL; 24; 25; 1; 1299; INTERNAL; 26; 26; 0; 535
INTERNAL; 24; 24; 0; 718; INTERNAL; 25; 25; 0; 442
INTERNAL; 23; 24; 1; 539; INTERNAL; 25; 25; 0; 442
INTERNAL; 23; 24; 1; 873; INTERNAL; 25; 25; 0; 442
INTERNAL; 23; 24; 1; 924; INTERNAL; 25; 25; 0; 442
INTERNAL; 23; 24; 1; 551; INTERNAL; 25; 25; 0; 442
INTERNAL; 24; 24; 0; 509; INTERNAL; 25; 25; 0; 442
INPUT; 1; 3; 2; 629; INTERNAL; 24; 24; 0; 509
INPUT; 1; 3; 2; 715; INTERNAL; 24; 24; 0; 509
INTERNAL; 22; 22; 0; 806; INTERNAL; 24; 24; 0; 509
INTERNAL; 23; 23; 0; 503; INTERNAL; 24; 24; 0; 509
INPUT; 1; 3; 2; 665; INTERNAL; 23; 23; 0; 503
INPUT; 1; 3; 2; 895; INTERNAL; 23; 23; 0; 503
INTERNAL; 22; 22; 0; 624; INTERNAL; 23; 23; 0; 503
INTERNAL; 2; 21; 19; 452; INTERNAL; 22; 22; 0; 624
INPUT; 1; 19; 18; 554; INTERNAL; 22; 22; 0; 624
INPUT; 1; 19; 18; 273; INTERNAL; 22; 22; 0; 624
INTERNAL; 21; 21; 0; 1089; INTERNAL; 22; 22; 0; 624
INTERNAL; 20; 20; 0; 1190; INTERNAL; 21; 21; 0; 1089
INTERNAL; 3; 20; 17; 819; INTERNAL; 21; 21; 0; 1089
INTERNAL; 3; 20; 17; 416; INTERNAL; 21; 21; 0; 1089
INTERNAL; 3; 20; 17; 409; INTERNAL; 21; 21; 0; 1089
INTERNAL; 3; 20; 17; 413; INTERNAL; 21; 21; 0; 1089
INTERNAL; 3; 20; 17; 852; INTERNAL; 21; 21; 0; 1089
INTERNAL; 19; 19; 0; 737; INTERNAL; 20; 20; 0; 1190
INTERNAL; 3; 19; 16; 925; INTERNAL; 20; 20; 0; 1190
INTERNAL; 3; 19; 16; 466; INTERNAL; 20; 20; 0; 1190
INTERNAL; 3; 19; 16; 626; INTERNAL; 20; 20; 0; 1190
INTERNAL; 3; 19; 16; 741; INTERNAL; 20; 20; 0; 1190
INTERNAL; 3; 19; 16; 690; INTERNAL; 20; 20; 0; 1190
INTERNAL; 18; 18; 0; 482; INTERNAL; 19; 19; 0; 737
INTERNAL; 3; 18; 15; 600; INTERNAL; 19; 19; 0; 737
INTERNAL; 3; 18; 15; 915; INTERNAL; 19; 19; 0; 737
INTERNAL; 3; 18; 15; 218; INTERNAL; 19; 19; 0; 737
INTERNAL; 3; 18; 15; 343; INTERNAL; 19; 19; 0; 737
INTERNAL; 3; 18; 15; 1134; INTERNAL; 19; 19; 0; 737
INTERNAL; 17; 17; 0; 809; INTERNAL; 18; 18; 0; 482
INTERNAL; 3; 17; 14; 1119; INTERNAL; 18; 18; 0; 482
INTERNAL; 3; 17; 14; 612; INTERNAL; 18; 18; 0; 482
INTERNAL; 3; 17; 14; 947; INTERNAL; 18; 18; 0; 482
INTERNAL; 3; 17; 14; 462; INTERNAL; 18; 18; 0; 482
INTERNAL; 3; 17; 14; 747; INTERNAL; 18; 18; 0; 482
INTERNAL; 16; 16; 0; 670; INTERNAL; 17; 17; 0; 809
INTERNAL; 3; 16; 13; 565; INTERNAL; 17; 17; 0; 809
INTERNAL; 3; 16; 13; 477; INTERNAL; 17; 17; 0; 809
INTERNAL; 3; 16; 13; 662; INTERNAL; 17; 17; 0; 809
INTERNAL; 3; 16; 13; 752; INTERNAL; 17; 17; 0; 809
INTERNAL; 3; 16; 13; 756; INTERNAL; 17; 17; 0; 809
INTERNAL; 15; 15; 0; 760; INTERNAL; 16; 16; 0; 670
INTERNAL; 3; 15; 12; 875; INTERNAL; 16; 16; 0; 670
INTERNAL; 3; 15; 12; 469; INTERNAL; 16; 16; 0; 670
INTERNAL; 3; 15; 12; 839; INTERNAL; 16; 16; 0; 670
INTERNAL; 3; 15; 12; 764; INTERNAL; 16; 16; 0; 670
INTERNAL; 3; 15; 12; 767; INTERNAL; 16; 16; 0; 670
INTERNAL; 14; 14; 0; 770; INTERNAL; 15; 15; 0; 760
INTERNAL; 4; 14; 10; 1076; INTERNAL; 15; 15; 0; 760
INTERNAL; 5; 14; 9; 1228; INTERNAL; 15; 15; 0; 760
INTERNAL; 4; 14; 10; 778; INTERNAL; 15; 15; 0; 760
INTERNAL; 4; 14; 10; 1238; INTERNAL; 15; 15; 0; 760
INTERNAL; 3; 14; 11; 784; INTERNAL; 15; 15; 0; 760
INTERNAL; 13; 13; 0; 521; INTERNAL; 14; 14; 0; 770
INTERNAL; 2; 13; 11; 772; INTERNAL; 14; 14; 0; 770
INTERNAL; 4; 13; 9; 430; INTERNAL; 14; 14; 0; 770
INTERNAL; 4; 13; 9; 792; INTERNAL; 14; 14; 0; 770
INTERNAL; 5; 13; 8; 795; INTERNAL; 14; 14; 0; 770
INTERNAL; 4; 13; 9; 804; INTERNAL; 14; 14; 0; 770
INTERNAL; 12; 12; 0; 398; INTERNAL; 13; 13; 0; 521
INPUT; 1; 12; 11; 480; INTERNAL; 13; 13; 0; 521
INPUT; 1; 12; 11; 280; INTERNAL; 13; 13; 0; 521
INPUT; 1; 12; 11; 892; INTERNAL; 13; 13; 0; 521
INPUT; 1; 12; 11; 956; INTERNAL; 13; 13; 0; 521
INTERNAL; 2; 12; 10; 324; INTERNAL; 13; 13; 0; 521
INPUT; 1; 11; 10; 820; INTERNAL; 12; 12; 0; 398
INPUT; 1; 11; 10; 1165; INTERNAL; 12; 12; 0; 398
INTERNAL; 11; 11; 0; 417; INTERNAL; 12; 12; 0; 398
INTERNAL; 2; 11; 9; 826; INTERNAL; 12; 12; 0; 398
INPUT; 1; 11; 10; 830; INTERNAL; 12; 12; 0; 398
INPUT; 1; 11; 10; 815; INTERNAL; 12; 12; 0; 398
INTERNAL; 10; 10; 0; 726; INTERNAL; 11; 11; 0; 417
INPUT; 1; 10; 9; 833; INTERNAL; 11; 11; 0; 417
INPUT; 1; 10; 9; 921; INTERNAL; 11; 11; 0; 417
INPUT; 1; 10; 9; 841; INTERNAL; 11; 11; 0; 417
INPUT; 1; 10; 9; 743; INTERNAL; 11; 11; 0; 417
INTERNAL; 2; 10; 8; 902; INTERNAL; 11; 11; 0; 417
INPUT; 1; 9; 8; 780; INTERNAL; 10; 10; 0; 726
INPUT; 1; 9; 8; 844; INTERNAL; 10; 10; 0; 726
INTERNAL; 9; 9; 0; 489; INTERNAL; 10; 10; 0; 726
INTERNAL; 2; 9; 7; 845; INTERNAL; 10; 10; 0; 726
INPUT; 1; 9; 8; 588; INTERNAL; 10; 10; 0; 726
INPUT; 1; 9; 8; 771; INTERNAL; 10; 10; 0; 726
INTERNAL; 8; 8; 0; 523; INTERNAL; 9; 9; 0; 489
INPUT; 1; 8; 7; 849; INTERNAL; 9; 9; 0; 489
INPUT; 1; 8; 7; 714; INTERNAL; 9; 9; 0; 489
INPUT; 1; 8; 7; 268; INTERNAL; 9; 9; 0; 489
INPUT; 1; 8; 7; 753; INTERNAL; 9; 9; 0; 489
INTERNAL; 2; 8; 6; 428; INTERNAL; 9; 9; 0; 489
INPUT; 1; 7; 6; 666; INTERNAL; 8; 8; 0; 523
INPUT; 1; 7; 6; 484; INTERNAL; 8; 8; 0; 523
INTERNAL; 7; 7; 0; 1054; INTERNAL; 8; 8; 0; 523
INTERNAL; 2; 7; 5; 975; INTERNAL; 8; 8; 0; 523
INPUT; 1; 7; 6; 916; INTERNAL; 8; 8; 0; 523
INPUT; 1; 7; 6; 811; INTERNAL; 8; 8; 0; 523
INTERNAL; 6; 6; 0; 627; INTERNAL; 7; 7; 0; 1054
INPUT; 1; 6; 5; 570; INTERNAL; 7; 7; 0; 1054
INPUT; 1; 6; 5; 675; INTERNAL; 7; 7; 0; 1054
INPUT; 1; 6; 5; 712; INTERNAL; 7; 7; 0; 1054
INPUT; 1; 6; 5; 248; INTERNAL; 7; 7; 0; 1054
INTERNAL; 2; 6; 4; 866; INTERNAL; 7; 7; 0; 1054
INPUT; 1; 5; 4; 872; INTERNAL; 6; 6; 0; 627
INPUT; 1; 5; 4; 721; INTERNAL; 6; 6; 0; 627
INTERNAL; 5; 5; 0; 459; INTERNAL; 6; 6; 0; 627
INTERNAL; 2; 5; 3; 585; INTERNAL; 6; 6; 0; 627
INPUT; 1; 5; 4; 884; INTERNAL; 6; 6; 0; 627
INPUT; 1; 5; 4; 1048; INTERNAL; 6; 6; 0; 627
INTERNAL; 4; 4; 0; 861; INTERNAL; 5; 5; 0; 459
INPUT; 1; 4; 3; 1130; INTERNAL; 5; 5; 0; 459
INPUT; 1; 4; 3; 888; INTERNAL; 5; 5; 0; 459
INPUT; 1; 4; 3; 848; INTERNAL; 5; 5; 0; 459
INPUT; 1; 4; 3; 891; INTERNAL; 5; 5; 0; 459
INTERNAL; 2; 4; 2; 842; INTERNAL; 5; 5; 0; 459
INPUT; 1; 3; 2; 897; INTERNAL; 4; 4; 0; 861
INPUT; 1; 3; 2; 665; INTERNAL; 4; 4; 0; 861
INTERNAL; 3; 3; 0; 846; INTERNAL; 4; 4; 0; 861
INTERNAL; 2; 3; 1; 491; INTERNAL; 4; 4; 0; 861
INPUT; 1; 3; 2; 895; INTERNAL; 4; 4; 0; 861
INPUT; 1; 3; 2; 900; INTERNAL; 4; 4; 0; 861
INTERNAL; 2; 2; 0; 901; INTERNAL; 3; 3; 0; 846
INPUT; 1; 2; 1; 903; INTERNAL; 3; 3; 0; 846
INPUT; 1; 2; 1; 441; INTERNAL; 3; 3; 0; 846
INPUT; 1; 2; 1; 682; INTERNAL; 3; 3; 0; 846
INPUT; 1; 2; 1; 881; INTERNAL; 3; 3; 0; 846
INTERNAL; 2; 2; 0; 705; INTERNAL; 3; 3; 0; 846
INPUT; 1; 1; 0; 910; INTERNAL; 2; 2; 0; 705
INPUT; 1; 1; 0; 362; INTERNAL; 2; 2; 0; 705
INPUT; 1; 1; 0; 1230; INTERNAL; 2; 2; 0; 901
INPUT; 1; 1; 0; 640; INTERNAL; 2; 2; 0; 901
INPUT; 1; 1; 0; 544; INTERNAL; 2; 2; 0; 901
INPUT; 1; 1; 0; 603; INTERNAL; 2; 2; 0; 901
INPUT; 1; 1; 0; 1275; INTERNAL; 2; 2; 0; 901
INPUT; 1; 1; 0; 648; INTERNAL; 2; 2; 0; 901
INPUT; 1; 1; 0; 362; INTERNAL; 2; 3; 1; 491
INPUT; 1; 1; 0; 910; INTERNAL; 2; 3; 1; 491
INPUT; 1; 3; 2; 580; INTERNAL; 2; 4; 2; 842
INPUT; 1; 3; 2; 439; INTERNAL; 2; 4; 2; 842
INPUT; 1; 3; 2; 439; INTERNAL; 2; 5; 3; 585
INPUT; 1; 3; 2; 580; INTERNAL; 2; 5; 3; 585
INPUT; 1; 5; 4; 912; INTERNAL; 2; 6; 4; 866
INPUT; 1; 5; 4; 920; INTERNAL; 2; 6; 4; 866
INPUT; 1; 5; 4; 920; INTERNAL; 2; 7; 5; 975
INPUT; 1; 5; 4; 912; INTERNAL; 2; 7; 5; 975
INPUT; 1; 7; 6; 688; INTERNAL; 2; 8; 6; 428
INPUT; 1; 7; 6; 1387; INTERNAL; 2; 8; 6; 428
INPUT; 1; 7; 6; 1387; INTERNAL; 2; 9; 7; 845
INPUT; 1; 7; 6; 688; INTERNAL; 2; 9; 7; 845
INPUT; 1; 9; 8; 660; INTERNAL; 2; 10; 8; 902
INPUT; 1; 9; 8; 932; INTERNAL; 2; 10; 8; 902
INPUT; 1; 9; 8; 932; INTERNAL; 2; 11; 9; 826
INPUT; 1; 9; 8; 660; INTERNAL; 2; 11; 9; 826
INPUT; 1; 11; 10; 282; INTERNAL; 2; 12; 10; 324
INPUT; 1; 11; 10; 1143; INTERNAL; 2; 12; 10; 324
INTERNAL; 2; 12; 10; 926; INTERNAL; 5; 13; 8; 795
INPUT; 1; 9; 8; 644; INTERNAL; 5; 13; 8; 795
INPUT; 1; 9; 8; 746; INTERNAL; 5; 13; 8; 795
INPUT; 1; 9; 8; 864; INTERNAL; 5; 13; 8; 795
INPUT; 1; 9; 8; 361; INTERNAL; 5; 13; 8; 795
INTERNAL; 4; 12; 8; 656; INTERNAL; 5; 13; 8; 795
INPUT; 1; 10; 9; 834; INTERNAL; 4; 12; 8; 656
INPUT; 1; 10; 9; 730; INTERNAL; 4; 12; 8; 656
INPUT; 1; 11; 10; 697; INTERNAL; 4; 12; 8; 656
INPUT; 1; 11; 10; 407; INTERNAL; 4; 12; 8; 656
INTERNAL; 2; 11; 9; 631; INTERNAL; 4; 12; 8; 656
INTERNAL; 3; 11; 8; 404; INTERNAL; 4; 12; 8; 656
INPUT; 1; 10; 9; 429; INTERNAL; 3; 11; 8; 404
INPUT; 1; 10; 9; 1211; INTERNAL; 3; 11; 8; 404
INPUT; 1; 10; 9; 634; INTERNAL; 3; 11; 8; 404
INPUT; 1; 10; 9; 663; INTERNAL; 3; 11; 8; 404
INTERNAL; 2; 10; 8; 1223; INTERNAL; 3; 11; 8; 404
INPUT; 1; 9; 8; 644; INTERNAL; 2; 10; 8; 1223
INPUT; 1; 9; 8; 864; INTERNAL; 2; 10; 8; 1223
INPUT; 1; 9; 8; 746; INTERNAL; 2; 10; 8; 1223
INPUT; 1; 9; 8; 361; INTERNAL; 2; 10; 8; 1223
INPUT; 1; 10; 9; 730; INTERNAL; 2; 11; 9; 631
INPUT; 1; 10; 9; 834; INTERNAL; 2; 11; 9; 631
INPUT; 1; 10; 9; 569; INTERNAL; 2; 11; 9; 631
INPUT; 1; 10; 9; 399; INTERNAL; 2; 11; 9; 631
INPUT; 1; 10; 9; 689; INTERNAL; 2; 11; 9; 631
INPUT; 1; 10; 9; 680; INTERNAL; 2; 11; 9; 631
INPUT; 1; 10; 9; 429; INTERNAL; 2; 12; 10; 926
INPUT; 1; 10; 9; 1211; INTERNAL; 2; 12; 10; 926
INPUT; 1; 10; 9; 634; INTERNAL; 2; 12; 10; 926
INPUT; 1; 10; 9; 663; INTERNAL; 2; 12; 10; 926
INPUT; 1; 10; 9; 834; INTERNAL; 4; 13; 9; 430
INPUT; 1; 11; 10; 697; INTERNAL; 4; 13; 9; 430
INPUT; 1; 11; 10; 407; INTERNAL; 4; 13; 9; 430
INPUT; 1; 10; 9; 730; INTERNAL; 4; 13; 9; 430
INTERNAL; 2; 12; 10; 397; INTERNAL; 4; 13; 9; 430
INTERNAL; 3; 11; 8; 404; INTERNAL; 4; 13; 9; 430
INPUT; 1; 10; 9; 569; INTERNAL; 2; 12; 10; 397
INPUT; 1; 10; 9; 399; INTERNAL; 2; 12; 10; 397
INPUT; 1; 10; 9; 680; INTERNAL; 2; 12; 10; 397
INPUT; 1; 10; 9; 689; INTERNAL; 2; 12; 10; 397
INPUT; 1; 11; 10; 393; INTERNAL; 2; 12; 10; 397
INPUT; 1; 11; 10; 406; INTERNAL; 2; 12; 10; 397
INPUT; 1; 11; 10; 1112; INTERNAL; 4; 13; 9; 792
INPUT; 1; 11; 10; 389; INTERNAL; 4; 13; 9; 792
INPUT; 1; 11; 10; 387; INTERNAL; 4; 13; 9; 792
INPUT; 1; 11; 10; 427; INTERNAL; 4; 13; 9; 792
INTERNAL; 2; 12; 10; 536; INTERNAL; 4; 13; 9; 792
INTERNAL; 3; 12; 9; 706; INTERNAL; 4; 13; 9; 792
INPUT; 1; 10; 9; 759; INTERNAL; 3; 12; 9; 706
INPUT; 1; 10; 9; 894; INTERNAL; 3; 12; 9; 706
INPUT; 1; 10; 9; 267; INTERNAL; 3; 12; 9; 706
INPUT; 1; 10; 9; 923; INTERNAL; 3; 12; 9; 706
INTERNAL; 2; 11; 9; 700; INTERNAL; 3; 12; 9; 706
INPUT; 1; 10; 9; 386; INTERNAL; 2; 11; 9; 700
INPUT; 1; 10; 9; 385; INTERNAL; 2; 11; 9; 700
INPUT; 1; 10; 9; 383; INTERNAL; 2; 11; 9; 700
INPUT; 1; 10; 9; 1022; INTERNAL; 2; 11; 9; 700
INPUT; 1; 11; 10; 381; INTERNAL; 2; 12; 10; 536
INPUT; 1; 11; 10; 1359; INTERNAL; 2; 12; 10; 536
INPUT; 1; 11; 10; 378; INTERNAL; 2; 12; 10; 536
INPUT; 1; 11; 10; 929; INTERNAL; 2; 12; 10; 536
INPUT; 1; 11; 10; 1359; INTERNAL; 4; 13; 9; 804
INPUT; 1; 11; 10; 381; INTERNAL; 4; 13; 9; 804
INTERNAL; 2; 12; 10; 536; INTERNAL; 4; 13; 9; 804
INTERNAL; 2; 12; 10; 653; INTERNAL; 4; 13; 9; 804
INTERNAL; 3; 12; 9; 749; INTERNAL; 4; 13; 9; 804
INTERNAL; 3; 12; 9; 706; INTERNAL; 4; 13; 9; 804
INTERNAL; 2; 11; 9; 533; INTERNAL; 3; 12; 9; 749
INPUT; 1; 10; 9; 386; INTERNAL; 3; 12; 9; 749
INPUT; 1; 10; 9; 383; INTERNAL; 3; 12; 9; 749
INPUT; 1; 10; 9; 385; INTERNAL; 3; 12; 9; 749
INPUT; 1; 10; 9; 1022; INTERNAL; 3; 12; 9; 749
INPUT; 1; 10; 9; 759; INTERNAL; 2; 11; 9; 533
INPUT; 1; 10; 9; 894; INTERNAL; 2; 11; 9; 533
INPUT; 1; 10; 9; 267; INTERNAL; 2; 11; 9; 533
INPUT; 1; 10; 9; 923; INTERNAL; 2; 11; 9; 533
INPUT; 1; 11; 10; 929; INTERNAL; 2; 12; 10; 653
INPUT; 1; 11; 10; 378; INTERNAL; 2; 12; 10; 653
INPUT; 1; 11; 10; 389; INTERNAL; 2; 12; 10; 653
INPUT; 1; 11; 10; 387; INTERNAL; 2; 12; 10; 653
INPUT; 1; 11; 10; 427; INTERNAL; 2; 12; 10; 653
INPUT; 1; 11; 10; 1112; INTERNAL; 2; 12; 10; 653
INPUT; 1; 11; 10; 406; INTERNAL; 2; 13; 11; 772
INPUT; 1; 11; 10; 393; INTERNAL; 2; 13; 11; 772
INPUT; 1; 11; 10; 1143; INTERNAL; 2; 13; 11; 772
INPUT; 1; 11; 10; 282; INTERNAL; 2; 13; 11; 772
INPUT; 1; 10; 9; 793; INTERNAL; 5; 14; 9; 1228
INPUT; 1; 10; 9; 479; INTERNAL; 5; 14; 9; 1228
INTERNAL; 2; 11; 9; 377; INTERNAL; 5; 14; 9; 1228
INTERNAL; 2; 13; 11; 375; INTERNAL; 5; 14; 9; 1228
INTERNAL; 4; 13; 9; 374; INTERNAL; 5; 14; 9; 1228
INPUT; 1; 11; 10; 630; INTERNAL; 4; 13; 9; 374
INPUT; 1; 11; 10; 371; INTERNAL; 4; 13; 9; 374
INTERNAL; 2; 12; 10; 408; INTERNAL; 4; 13; 9; 374
INTERNAL; 2; 12; 10; 1270; INTERNAL; 4; 13; 9; 374
INTERNAL; 3; 12; 9; 193; INTERNAL; 4; 13; 9; 374
INPUT; 1; 11; 10; 370; INTERNAL; 3; 12; 9; 193
INPUT; 1; 11; 10; 401; INTERNAL; 3; 12; 9; 193
INPUT; 1; 11; 10; 889; INTERNAL; 3; 12; 9; 193
INPUT; 1; 11; 10; 584; INTERNAL; 3; 12; 9; 193
INTERNAL; 2; 11; 9; 377; INTERNAL; 3; 12; 9; 193
INPUT; 1; 10; 9; 479; INTERNAL; 2; 11; 9; 377
INPUT; 1; 10; 9; 793; INTERNAL; 2; 11; 9; 377
INPUT; 1; 10; 9; 367; INTERNAL; 2; 11; 9; 377
INPUT; 1; 10; 9; 525; INTERNAL; 2; 11; 9; 377
INPUT; 1; 11; 10; 371; INTERNAL; 2; 12; 10; 1270
INPUT; 1; 11; 10; 630; INTERNAL; 2; 12; 10; 1270
INPUT; 1; 11; 10; 906; INTERNAL; 2; 12; 10; 1270
INPUT; 1; 11; 10; 609; INTERNAL; 2; 12; 10; 1270
INPUT; 1; 11; 10; 609; INTERNAL; 2; 12; 10; 408
INPUT; 1; 11; 10; 906; INTERNAL; 2; 12; 10; 408
INPUT; 1; 11; 10; 488; INTERNAL; 2; 12; 10; 408
INPUT; 1; 11; 10; 270; INTERNAL; 2; 12; 10; 408
INPUT; 1; 11; 10; 365; INTERNAL; 2; 12; 10; 408
INPUT; 1; 11; 10; 516; INTERNAL; 2; 12; 10; 408
INPUT; 1; 10; 9; 525; INTERNAL; 2; 13; 11; 375
INPUT; 1; 10; 9; 367; INTERNAL; 2; 13; 11; 375
INPUT; 1; 11; 10; 370; INTERNAL; 2; 13; 11; 375
INPUT; 1; 11; 10; 401; INTERNAL; 2; 13; 11; 375
INPUT; 1; 11; 10; 889; INTERNAL; 2; 13; 11; 375
INPUT; 1; 11; 10; 584; INTERNAL; 2; 13; 11; 375
INPUT; 1; 11; 10; 516; INTERNAL; 4; 14; 10; 1076
INPUT; 1; 11; 10; 488; INTERNAL; 4; 14; 10; 1076
INPUT; 1; 11; 10; 270; INTERNAL; 4; 14; 10; 1076
INPUT; 1; 11; 10; 365; INTERNAL; 4; 14; 10; 1076
INTERNAL; 2; 12; 10; 1270; INTERNAL; 4; 14; 10; 1076
INTERNAL; 3; 12; 9; 193; INTERNAL; 4; 14; 10; 1076
INPUT; 1; 12; 11; 788; INTERNAL; 4; 14; 10; 1238
INPUT; 1; 12; 11; 360; INTERNAL; 4; 14; 10; 1238
INPUT; 1; 12; 11; 1367; INTERNAL; 4; 14; 10; 1238
INPUT; 1; 12; 11; 358; INTERNAL; 4; 14; 10; 1238
INTERNAL; 2; 13; 11; 260; INTERNAL; 4; 14; 10; 1238
INTERNAL; 3; 13; 10; 508; INTERNAL; 4; 14; 10; 1238
INPUT; 1; 11; 10; 898; INTERNAL; 3; 13; 10; 508
INPUT; 1; 11; 10; 456; INTERNAL; 3; 13; 10; 508
INPUT; 1; 11; 10; 353; INTERNAL; 3; 13; 10; 508
INPUT; 1; 11; 10; 860; INTERNAL; 3; 13; 10; 508
INTERNAL; 2; 12; 10; 254; INTERNAL; 3; 13; 10; 508
INPUT; 1; 11; 10; 1003; INTERNAL; 2; 12; 10; 254
INPUT; 1; 11; 10; 347; INTERNAL; 2; 12; 10; 254
INPUT; 1; 11; 10; 346; INTERNAL; 2; 12; 10; 254
INPUT; 1; 11; 10; 345; INTERNAL; 2; 12; 10; 254
INPUT; 1; 12; 11; 344; INTERNAL; 2; 13; 11; 260
INPUT; 1; 12; 11; 814; INTERNAL; 2; 13; 11; 260
INPUT; 1; 12; 11; 1072; INTERNAL; 2; 13; 11; 260
INPUT; 1; 12; 11; 366; INTERNAL; 2; 13; 11; 260
INPUT; 1; 12; 11; 814; INTERNAL; 4; 14; 10; 778
INPUT; 1; 12; 11; 344; INTERNAL; 4; 14; 10; 778
INTERNAL; 2; 13; 11; 260; INTERNAL; 4; 14; 10; 778
INTERNAL; 2; 13; 11; 314; INTERNAL; 4; 14; 10; 778
INTERNAL; 3; 13; 10; 335; INTERNAL; 4; 14; 10; 778
INTERNAL; 3; 13; 10; 508; INTERNAL; 4; 14; 10; 778
INTERNAL; 2; 12; 10; 440; INTERNAL; 3; 13; 10; 335
INPUT; 1; 11; 10; 1003; INTERNAL; 3; 13; 10; 335
INPUT; 1; 11; 10; 346; INTERNAL; 3; 13; 10; 335
INPUT; 1; 11; 10; 347; INTERNAL; 3; 13; 10; 335
INPUT; 1; 11; 10; 345; INTERNAL; 3; 13; 10; 335
INPUT; 1; 11; 10; 898; INTERNAL; 2; 12; 10; 440
INPUT; 1; 11; 10; 456; INTERNAL; 2; 12; 10; 440
INPUT; 1; 11; 10; 353; INTERNAL; 2; 12; 10; 440
INPUT; 1; 11; 10; 860; INTERNAL; 2; 12; 10; 440
INPUT; 1; 12; 11; 366; INTERNAL; 2; 13; 11; 314
INPUT; 1; 12; 11; 1072; INTERNAL; 2; 13; 11; 314
INPUT; 1; 12; 11; 360; INTERNAL; 2; 13; 11; 314
INPUT; 1; 12; 11; 1367; INTERNAL; 2; 13; 11; 314
INPUT; 1; 12; 11; 358; INTERNAL; 2; 13; 11; 314
INPUT; 1; 12; 11; 788; INTERNAL; 2; 13; 11; 314
INPUT; 1; 13; 12; 527; INTERNAL; 3; 14; 11; 784
INPUT; 1; 13; 12; 333; INTERNAL; 3; 14; 11; 784
INPUT; 1; 13; 12; 327; INTERNAL; 3; 14; 11; 784
INPUT; 1; 13; 12; 1389; INTERNAL; 3; 14; 11; 784
INTERNAL; 2; 13; 11; 597; INTERNAL; 3; 14; 11; 784
INPUT; 1; 12; 11; 835; INTERNAL; 2; 13; 11; 597
INPUT; 1; 12; 11; 296; INTERNAL; 2; 13; 11; 597
INPUT; 1; 12; 11; 790; INTERNAL; 2; 13; 11; 597
INPUT; 1; 12; 11; 318; INTERNAL; 2; 13; 11; 597
INPUT; 1; 12; 11; 296; INTERNAL; 3; 15; 12; 875
INPUT; 1; 12; 11; 835; INTERNAL; 3; 15; 12; 875
INTERNAL; 2; 14; 12; 701; INTERNAL; 3; 15; 12; 875
INTERNAL; 2; 13; 11; 597; INTERNAL; 3; 15; 12; 875
INPUT; 1; 12; 11; 318; INTERNAL; 2; 14; 12; 701
INPUT; 1; 12; 11; 790; INTERNAL; 2; 14; 12; 701
INPUT; 1; 13; 12; 527; INTERNAL; 2; 14; 12; 701
INPUT; 1; 13; 12; 333; INTERNAL; 2; 14; 12; 701
INPUT; 1; 13; 12; 327; INTERNAL; 2; 14; 12; 701
INPUT; 1; 13; 12; 1389; INTERNAL; 2; 14; 12; 701
INPUT; 1; 13; 12; 316; INTERNAL; 3; 15; 12; 469
INPUT; 1; 13; 12; 703; INTERNAL; 3; 15; 12; 469
INPUT; 1; 13; 12; 313; INTERNAL; 3; 15; 12; 469
INPUT; 1; 13; 12; 319; INTERNAL; 3; 15; 12; 469
INTERNAL; 2; 14; 12; 1177; INTERNAL; 3; 15; 12; 469
INPUT; 1; 13; 12; 591; INTERNAL; 2; 14; 12; 1177
INPUT; 1; 13; 12; 303; INTERNAL; 2; 14; 12; 1177
INPUT; 1; 13; 12; 311; INTERNAL; 2; 14; 12; 1177
INPUT; 1; 13; 12; 304; INTERNAL; 2; 14; 12; 1177
INTERNAL; 2; 14; 12; 1078; INTERNAL; 3; 15; 12; 764
INPUT; 1; 13; 12; 591; INTERNAL; 3; 15; 12; 764
INPUT; 1; 13; 12; 311; INTERNAL; 3; 15; 12; 764
INPUT; 1; 13; 12; 303; INTERNAL; 3; 15; 12; 764
INPUT; 1; 13; 12; 304; INTERNAL; 3; 15; 12; 764
INPUT; 1; 13; 12; 316; INTERNAL; 2; 14; 12; 1078
INPUT; 1; 13; 12; 703; INTERNAL; 2; 14; 12; 1078
INPUT; 1; 13; 12; 313; INTERNAL; 2; 14; 12; 1078
INPUT; 1; 13; 12; 319; INTERNAL; 2; 14; 12; 1078
INPUT; 1; 13; 12; 300; INTERNAL; 3; 15; 12; 839
INPUT; 1; 13; 12; 298; INTERNAL; 3; 15; 12; 839
INPUT; 1; 13; 12; 748; INTERNAL; 3; 15; 12; 839
INPUT; 1; 13; 12; 415; INTERNAL; 3; 15; 12; 839
INTERNAL; 2; 14; 12; 550; INTERNAL; 3; 15; 12; 839
INPUT; 1; 13; 12; 542; INTERNAL; 2; 14; 12; 550
INPUT; 1; 13; 12; 468; INTERNAL; 2; 14; 12; 550
INPUT; 1; 13; 12; 297; INTERNAL; 2; 14; 12; 550
INPUT; 1; 13; 12; 732; INTERNAL; 2; 14; 12; 550
INPUT; 1; 13; 12; 468; INTERNAL; 3; 15; 12; 767
INPUT; 1; 13; 12; 542; INTERNAL; 3; 15; 12; 767
INTERNAL; 2; 14; 12; 293; INTERNAL; 3; 15; 12; 767
INTERNAL; 2; 14; 12; 550; INTERNAL; 3; 15; 12; 767
INPUT; 1; 13; 12; 732; INTERNAL; 2; 14; 12; 293
INPUT; 1; 13; 12; 297; INTERNAL; 2; 14; 12; 293
INPUT; 1; 13; 12; 300; INTERNAL; 2; 14; 12; 293
INPUT; 1; 13; 12; 298; INTERNAL; 2; 14; 12; 293
INPUT; 1; 13; 12; 748; INTERNAL; 2; 14; 12; 293
INPUT; 1; 13; 12; 415; INTERNAL; 2; 14; 12; 293
INPUT; 1; 14; 13; 657; INTERNAL; 3; 16; 13; 565
INPUT; 1; 14; 13; 1398; INTERNAL; 3; 16; 13; 565
INPUT; 1; 14; 13; 291; INTERNAL; 3; 16; 13; 565
INPUT; 1; 14; 13; 192; INTERNAL; 3; 16; 13; 565
INTERNAL; 2; 15; 13; 586; INTERNAL; 3; 16; 13; 565
INPUT; 1; 14; 13; 290; INTERNAL; 2; 15; 13; 586
INPUT; 1; 14; 13; 1335; INTERNAL; 2; 15; 13; 586
INPUT; 1; 14; 13; 287; INTERNAL; 2; 15; 13; 586
INPUT; 1; 14; 13; 285; INTERNAL; 2; 15; 13; 586
INTERNAL; 2; 15; 13; 560; INTERNAL; 3; 16; 13; 477
INPUT; 1; 14; 13; 290; INTERNAL; 3; 16; 13; 477
INPUT; 1; 14; 13; 287; INTERNAL; 3; 16; 13; 477
INPUT; 1; 14; 13; 1335; INTERNAL; 3; 16; 13; 477
INPUT; 1; 14; 13; 285; INTERNAL; 3; 16; 13; 477
INPUT; 1; 14; 13; 657; INTERNAL; 2; 15; 13; 560
INPUT; 1; 14; 13; 1398; INTERNAL; 2; 15; 13; 560
INPUT; 1; 14; 13; 291; INTERNAL; 2; 15; 13; 560
INPUT; 1; 14; 13; 192; INTERNAL; 2; 15; 13; 560
INPUT; 1; 14; 13; 467; INTERNAL; 3; 16; 13; 752
INPUT; 1; 14; 13; 405; INTERNAL; 3; 16; 13; 752
INPUT; 1; 14; 13; 733; INTERNAL; 3; 16; 13; 752
INPUT; 1; 14; 13; 1274; INTERNAL; 3; 16; 13; 752
INTERNAL; 2; 15; 13; 476; INTERNAL; 3; 16; 13; 752
INPUT; 1; 14; 13; 281; INTERNAL; 2; 15; 13; 476
INPUT; 1; 14; 13; 578; INTERNAL; 2; 15; 13; 476
INPUT; 1; 14; 13; 606; INTERNAL; 2; 15; 13; 476
INPUT; 1; 14; 13; 567; INTERNAL; 2; 15; 13; 476
INPUT; 1; 14; 13; 578; INTERNAL; 3; 16; 13; 662
INPUT; 1; 14; 13; 281; INTERNAL; 3; 16; 13; 662
INTERNAL; 2; 15; 13; 184; INTERNAL; 3; 16; 13; 662
INTERNAL; 2; 15; 13; 476; INTERNAL; 3; 16; 13; 662
INPUT; 1; 14; 13; 567; INTERNAL; 2; 15; 13; 184
INPUT; 1; 14; 13; 606; INTERNAL; 2; 15; 13; 184
INPUT; 1; 14; 13; 467; INTERNAL; 2; 15; 13; 184
INPUT; 1; 14; 13; 405; INTERNAL; 2; 15; 13; 184
INPUT; 1; 14; 13; 733; INTERNAL; 2; 15; 13; 184
INPUT; 1; 14; 13; 1274; INTERNAL; 2; 15; 13; 184
INPUT; 1; 15; 14; 279; INTERNAL; 3; 16; 13; 756
INPUT; 1; 15; 14; 766; INTERNAL; 3; 16; 13; 756
INPUT; 1; 15; 14; 856; INTERNAL; 3; 16; 13; 756
INPUT; 1; 15; 14; 322; INTERNAL; 3; 16; 13; 756
INTERNAL; 2; 15; 13; 278; INTERNAL; 3; 16; 13; 756
INPUT; 1; 14; 13; 453; INTERNAL; 2; 15; 13; 278
INPUT; 1; 14; 13; 740; INTERNAL; 2; 15; 13; 278
INPUT; 1; 14; 13; 1249; INTERNAL; 2; 15; 13; 278
INPUT; 1; 14; 13; 445; INTERNAL; 2; 15; 13; 278
INTERNAL; 2; 16; 14; 590; INTERNAL; 3; 17; 14; 1119
INPUT; 1; 14; 13; 453; INTERNAL; 3; 17; 14; 1119
INPUT; 1; 14; 13; 1249; INTERNAL; 3; 17; 14; 1119
INPUT; 1; 14; 13; 740; INTERNAL; 3; 17; 14; 1119
INPUT; 1; 14; 13; 445; INTERNAL; 3; 17; 14; 1119
INPUT; 1; 15; 14; 279; INTERNAL; 2; 16; 14; 590
INPUT; 1; 15; 14; 766; INTERNAL; 2; 16; 14; 590
INPUT; 1; 15; 14; 856; INTERNAL; 2; 16; 14; 590
INPUT; 1; 15; 14; 322; INTERNAL; 2; 16; 14; 590
INPUT; 1; 15; 14; 276; INTERNAL; 3; 17; 14; 612
INPUT; 1; 15; 14; 1026; INTERNAL; 3; 17; 14; 612
INPUT; 1; 15; 14; 418; INTERNAL; 3; 17; 14; 612
INPUT; 1; 15; 14; 1189; INTERNAL; 3; 17; 14; 612
INTERNAL; 2; 16; 14; 865; INTERNAL; 3; 17; 14; 612
INPUT; 1; 15; 14; 678; INTERNAL; 2; 16; 14; 865
INPUT; 1; 15; 14; 602; INTERNAL; 2; 16; 14; 865
INPUT; 1; 15; 14; 853; INTERNAL; 2; 16; 14; 865
INPUT; 1; 15; 14; 543; INTERNAL; 2; 16; 14; 865
INPUT; 1; 15; 14; 602; INTERNAL; 3; 17; 14; 462
INPUT; 1; 15; 14; 678; INTERNAL; 3; 17; 14; 462
INTERNAL; 2; 16; 14; 269; INTERNAL; 3; 17; 14; 462
INTERNAL; 2; 16; 14; 865; INTERNAL; 3; 17; 14; 462
INPUT; 1; 15; 14; 543; INTERNAL; 2; 16; 14; 269
INPUT; 1; 15; 14; 853; INTERNAL; 2; 16; 14; 269
INPUT; 1; 15; 14; 276; INTERNAL; 2; 16; 14; 269
INPUT; 1; 15; 14; 1026; INTERNAL; 2; 16; 14; 269
INPUT; 1; 15; 14; 418; INTERNAL; 2; 16; 14; 269
INPUT; 1; 15; 14; 1189; INTERNAL; 2; 16; 14; 269
INPUT; 1; 15; 14; 266; INTERNAL; 3; 17; 14; 947
INPUT; 1; 15; 14; 265; INTERNAL; 3; 17; 14; 947
INPUT; 1; 15; 14; 983; INTERNAL; 3; 17; 14; 947
INPUT; 1; 15; 14; 1199; INTERNAL; 3; 17; 14; 947
INTERNAL; 2; 16; 14; 264; INTERNAL; 3; 17; 14; 947
INPUT; 1; 15; 14; 1188; INTERNAL; 2; 16; 14; 264
INPUT; 1; 15; 14; 237; INTERNAL; 2; 16; 14; 264
INPUT; 1; 15; 14; 867; INTERNAL; 2; 16; 14; 264
INPUT; 1; 15; 14; 255; INTERNAL; 2; 16; 14; 264
INTERNAL; 2; 16; 14; 1154; INTERNAL; 3; 17; 14; 747
INPUT; 1; 15; 14; 1188; INTERNAL; 3; 17; 14; 747
INPUT; 1; 15; 14; 867; INTERNAL; 3; 17; 14; 747
INPUT; 1; 15; 14; 237; INTERNAL; 3; 17; 14; 747
INPUT; 1; 15; 14; 255; INTERNAL; 3; 17; 14; 747
INPUT; 1; 15; 14; 266; INTERNAL; 2; 16; 14; 1154
INPUT; 1; 15; 14; 265; INTERNAL; 2; 16; 14; 1154
INPUT; 1; 15; 14; 983; INTERNAL; 2; 16; 14; 1154
INPUT; 1; 15; 14; 1199; INTERNAL; 2; 16; 14; 1154
INPUT; 1; 16; 15; 687; INTERNAL; 3; 18; 15; 600
INPUT; 1; 16; 15; 251; INTERNAL; 3; 18; 15; 600
INPUT; 1; 16; 15; 323; INTERNAL; 3; 18; 15; 600
INPUT; 1; 16; 15; 572; INTERNAL; 3; 18; 15; 600
INTERNAL; 2; 17; 15; 548; INTERNAL; 3; 18; 15; 600
INPUT; 1; 16; 15; 517; INTERNAL; 2; 17; 15; 548
INPUT; 1; 16; 15; 247; INTERNAL; 2; 17; 15; 548
INPUT; 1; 16; 15; 437; INTERNAL; 2; 17; 15; 548
INPUT; 1; 16; 15; 245; INTERNAL; 2; 17; 15; 548
INPUT; 1; 16; 15; 247; INTERNAL; 3; 18; 15; 915
INPUT; 1; 16; 15; 517; INTERNAL; 3; 18; 15; 915
INTERNAL; 2; 17; 15; 244; INTERNAL; 3; 18; 15; 915
INTERNAL; 2; 17; 15; 548; INTERNAL; 3; 18; 15; 915
INPUT; 1; 16; 15; 245; INTERNAL; 2; 17; 15; 244
INPUT; 1; 16; 15; 437; INTERNAL; 2; 17; 15; 244
INPUT; 1; 16; 15; 687; INTERNAL; 2; 17; 15; 244
INPUT; 1; 16; 15; 251; INTERNAL; 2; 17; 15; 244
INPUT; 1; 16; 15; 323; INTERNAL; 2; 17; 15; 244
INPUT; 1; 16; 15; 572; INTERNAL; 2; 17; 15; 244
INPUT; 1; 16; 15; 611; INTERNAL; 3; 18; 15; 343
INPUT; 1; 16; 15; 885; INTERNAL; 3; 18; 15; 343
INPUT; 1; 16; 15; 394; INTERNAL; 3; 18; 15; 343
INPUT; 1; 16; 15; 242; INTERNAL; 3; 18; 15; 343
INTERNAL; 2; 17; 15; 183; INTERNAL; 3; 18; 15; 343
INPUT; 1; 16; 15; 908; INTERNAL; 2; 17; 15; 183
INPUT; 1; 16; 15; 229; INTERNAL; 2; 17; 15; 183
INPUT; 1; 16; 15; 731; INTERNAL; 2; 17; 15; 183
INPUT; 1; 16; 15; 722; INTERNAL; 2; 17; 15; 183
INTERNAL; 2; 17; 15; 240; INTERNAL; 3; 18; 15; 218
INPUT; 1; 16; 15; 908; INTERNAL; 3; 18; 15; 218
INPUT; 1; 16; 15; 731; INTERNAL; 3; 18; 15; 218
INPUT; 1; 16; 15; 229; INTERNAL; 3; 18; 15; 218
INPUT; 1; 16; 15; 722; INTERNAL; 3; 18; 15; 218
INPUT; 1; 16; 15; 611; INTERNAL; 2; 17; 15; 240
INPUT; 1; 16; 15; 885; INTERNAL; 2; 17; 15; 240
INPUT; 1; 16; 15; 394; INTERNAL; 2; 17; 15; 240
INPUT; 1; 16; 15; 242; INTERNAL; 2; 17; 15; 240
INPUT; 1; 17; 16; 239; INTERNAL; 3; 18; 15; 1134
INPUT; 1; 17; 16; 664; INTERNAL; 3; 18; 15; 1134
INPUT; 1; 17; 16; 649; INTERNAL; 3; 18; 15; 1134
INPUT; 1; 17; 16; 1234; INTERNAL; 3; 18; 15; 1134
INTERNAL; 2; 17; 15; 236; INTERNAL; 3; 18; 15; 1134
INPUT; 1; 16; 15; 235; INTERNAL; 2; 17; 15; 236
INPUT; 1; 16; 15; 351; INTERNAL; 2; 17; 15; 236
INPUT; 1; 16; 15; 231; INTERNAL; 2; 17; 15; 236
INPUT; 1; 16; 15; 392; INTERNAL; 2; 17; 15; 236
INPUT; 1; 16; 15; 351; INTERNAL; 3; 19; 16; 925
INPUT; 1; 16; 15; 235; INTERNAL; 3; 19; 16; 925
INTERNAL; 2; 18; 16; 763; INTERNAL; 3; 19; 16; 925
INTERNAL; 2; 17; 15; 236; INTERNAL; 3; 19; 16; 925
INPUT; 1; 16; 15; 392; INTERNAL; 2; 18; 16; 763
INPUT; 1; 16; 15; 231; INTERNAL; 2; 18; 16; 763
INPUT; 1; 17; 16; 239; INTERNAL; 2; 18; 16; 763
INPUT; 1; 17; 16; 664; INTERNAL; 2; 18; 16; 763
INPUT; 1; 17; 16; 649; INTERNAL; 2; 18; 16; 763
INPUT; 1; 17; 16; 1234; INTERNAL; 2; 18; 16; 763
INPUT; 1; 17; 16; 228; INTERNAL; 3; 19; 16; 466
INPUT; 1; 17; 16; 607; INTERNAL; 3; 19; 16; 466
INPUT; 1; 17; 16; 227; INTERNAL; 3; 19; 16; 466
INPUT; 1; 17; 16; 547; INTERNAL; 3; 19; 16; 466
INTERNAL; 2; 18; 16; 537; INTERNAL; 3; 19; 16; 466
INPUT; 1; 17; 16; 1061; INTERNAL; 2; 18; 16; 537
INPUT; 1; 17; 16; 1279; INTERNAL; 2; 18; 16; 537
INPUT; 1; 17; 16; 233; INTERNAL; 2; 18; 16; 537
INPUT; 1; 17; 16; 1213; INTERNAL; 2; 18; 16; 537
INTERNAL; 2; 18; 16; 225; INTERNAL; 3; 19; 16; 741
INPUT; 1; 17; 16; 1061; INTERNAL; 3; 19; 16; 741
INPUT; 1; 17; 16; 233; INTERNAL; 3; 19; 16; 741
INPUT; 1; 17; 16; 1279; INTERNAL; 3; 19; 16; 741
INPUT; 1; 17; 16; 1213; INTERNAL; 3; 19; 16; 741
INPUT; 1; 17; 16; 228; INTERNAL; 2; 18; 16; 225
INPUT; 1; 17; 16; 607; INTERNAL; 2; 18; 16; 225
INPUT; 1; 17; 16; 227; INTERNAL; 2; 18; 16; 225
INPUT; 1; 17; 16; 547; INTERNAL; 2; 18; 16; 225
INPUT; 1; 17; 16; 553; INTERNAL; 3; 19; 16; 626
INPUT; 1; 17; 16; 223; INTERNAL; 3; 19; 16; 626
INPUT; 1; 17; 16; 911; INTERNAL; 3; 19; 16; 626
INPUT; 1; 17; 16; 222; INTERNAL; 3; 19; 16; 626
INTERNAL; 2; 18; 16; 768; INTERNAL; 3; 19; 16; 626
INPUT; 1; 17; 16; 315; INTERNAL; 2; 18; 16; 768
INPUT; 1; 17; 16; 423; INTERNAL; 2; 18; 16; 768
INPUT; 1; 17; 16; 1358; INTERNAL; 2; 18; 16; 768
INPUT; 1; 17; 16; 824; INTERNAL; 2; 18; 16; 768
INPUT; 1; 17; 16; 423; INTERNAL; 3; 19; 16; 690
INPUT; 1; 17; 16; 315; INTERNAL; 3; 19; 16; 690
INTERNAL; 2; 18; 16; 221; INTERNAL; 3; 19; 16; 690
INTERNAL; 2; 18; 16; 768; INTERNAL; 3; 19; 16; 690
INPUT; 1; 17; 16; 824; INTERNAL; 2; 18; 16; 221
INPUT; 1; 17; 16; 1358; INTERNAL; 2; 18; 16; 221
INPUT; 1; 17; 16; 553; INTERNAL; 2; 18; 16; 221
INPUT; 1; 17; 16; 223; INTERNAL; 2; 18; 16; 221
INPUT; 1; 17; 16; 911; INTERNAL; 2; 18; 16; 221
INPUT; 1; 17; 16; 222; INTERNAL; 2; 18; 16; 221
INPUT; 1; 18; 17; 729; INTERNAL; 3; 20; 17; 819
INPUT; 1; 18; 17; 213; INTERNAL; 3; 20; 17; 819
INPUT; 1; 18; 17; 831; INTERNAL; 3; 20; 17; 819
INPUT; 1; 18; 17; 256; INTERNAL; 3; 20; 17; 819
INTERNAL; 2; 19; 17; 364; INTERNAL; 3; 20; 17; 819
INPUT; 1; 18; 17; 808; INTERNAL; 2; 19; 17; 364
INPUT; 1; 18; 17; 801; INTERNAL; 2; 19; 17; 364
INPUT; 1; 18; 17; 616; INTERNAL; 2; 19; 17; 364
INPUT; 1; 18; 17; 390; INTERNAL; 2; 19; 17; 364
INTERNAL; 2; 19; 17; 433; INTERNAL; 3; 20; 17; 416
INPUT; 1; 18; 17; 808; INTERNAL; 3; 20; 17; 416
INPUT; 1; 18; 17; 616; INTERNAL; 3; 20; 17; 416
INPUT; 1; 18; 17; 801; INTERNAL; 3; 20; 17; 416
INPUT; 1; 18; 17; 390; INTERNAL; 3; 20; 17; 416
INPUT; 1; 18; 17; 729; INTERNAL; 2; 19; 17; 433
INPUT; 1; 18; 17; 213; INTERNAL; 2; 19; 17; 433
INPUT; 1; 18; 17; 831; INTERNAL; 2; 19; 17; 433
INPUT; 1; 18; 17; 256; INTERNAL; 2; 19; 17; 433
INPUT; 1; 18; 17; 485; INTERNAL; 3; 20; 17; 413
INPUT; 1; 18; 17; 210; INTERNAL; 3; 20; 17; 413
INPUT; 1; 18; 17; 217; INTERNAL; 3; 20; 17; 413
INPUT; 1; 18; 17; 1033; INTERNAL; 3; 20; 17; 413
INTERNAL; 2; 19; 17; 208; INTERNAL; 3; 20; 17; 413
INPUT; 1; 18; 17; 1139; INTERNAL; 2; 19; 17; 208
INPUT; 1; 18; 17; 194; INTERNAL; 2; 19; 17; 208
INPUT; 1; 18; 17; 403; INTERNAL; 2; 19; 17; 208
INPUT; 1; 18; 17; 817; INTERNAL; 2; 19; 17; 208
INPUT; 1; 18; 17; 194; INTERNAL; 3; 20; 17; 409
INPUT; 1; 18; 17; 1139; INTERNAL; 3; 20; 17; 409
INTERNAL; 2; 19; 17; 1059; INTERNAL; 3; 20; 17; 409
INTERNAL; 2; 19; 17; 208; INTERNAL; 3; 20; 17; 409
INPUT; 1; 18; 17; 817; INTERNAL; 2; 19; 17; 1059
INPUT; 1; 18; 17; 403; INTERNAL; 2; 19; 17; 1059
INPUT; 1; 18; 17; 485; INTERNAL; 2; 19; 17; 1059
INPUT; 1; 18; 17; 210; INTERNAL; 2; 19; 17; 1059
INPUT; 1; 18; 17; 217; INTERNAL; 2; 19; 17; 1059
INPUT; 1; 18; 17; 1033; INTERNAL; 2; 19; 17; 1059
INPUT; 1; 19; 18; 554; INTERNAL; 3; 20; 17; 852
INPUT; 1; 19; 18; 273; INTERNAL; 3; 20; 17; 852
INPUT; 1; 19; 18; 883; INTERNAL; 3; 20; 17; 852
INPUT; 1; 19; 18; 927; INTERNAL; 3; 20; 17; 852
INTERNAL; 2; 19; 17; 205; INTERNAL; 3; 20; 17; 852
INPUT; 1; 18; 17; 451; INTERNAL; 2; 19; 17; 205
INPUT; 1; 18; 17; 203; INTERNAL; 2; 19; 17; 205
INPUT; 1; 18; 17; 986; INTERNAL; 2; 19; 17; 205
INPUT; 1; 18; 17; 622; INTERNAL; 2; 19; 17; 205
INPUT; 1; 18; 17; 986; INTERNAL; 2; 21; 19; 452
INPUT; 1; 18; 17; 451; INTERNAL; 2; 21; 19; 452
INPUT; 1; 18; 17; 203; INTERNAL; 2; 21; 19; 452
INPUT; 1; 18; 17; 622; INTERNAL; 2; 21; 19; 452
INPUT; 1; 19; 18; 883; INTERNAL; 2; 21; 19; 452
INPUT; 1; 19; 18; 927; INTERNAL; 2; 21; 19; 452
INTERNAL; 2; 21; 19; 1282; INTERNAL; 22; 22; 0; 806
INPUT; 1; 19; 18; 1038; INTERNAL; 22; 22; 0; 806
INPUT; 1; 19; 18; 202; INTERNAL; 22; 22; 0; 806
INTERNAL; 21; 21; 0; 257; INTERNAL; 22; 22; 0; 806
INTERNAL; 20; 20; 0; 599; INTERNAL; 21; 21; 0; 257
INTERNAL; 3; 20; 17; 676; INTERNAL; 21; 21; 0; 257
INTERNAL; 3; 20; 17; 638; INTERNAL; 21; 21; 0; 257
INTERNAL; 3; 20; 17; 199; INTERNAL; 21; 21; 0; 257
INTERNAL; 3; 20; 17; 198; INTERNAL; 21; 21; 0; 257
INTERNAL; 3; 20; 17; 882; INTERNAL; 21; 21; 0; 257
INTERNAL; 19; 19; 0; 1257; INTERNAL; 20; 20; 0; 599
INTERNAL; 3; 19; 16; 338; INTERNAL; 20; 20; 0; 599
INTERNAL; 3; 19; 16; 216; INTERNAL; 20; 20; 0; 599
INTERNAL; 3; 19; 16; 879; INTERNAL; 20; 20; 0; 599
INTERNAL; 3; 19; 16; 472; INTERNAL; 20; 20; 0; 599
INTERNAL; 3; 19; 16; 259; INTERNAL; 20; 20; 0; 599
INTERNAL; 18; 18; 0; 604; INTERNAL; 19; 19; 0; 1257
INTERNAL; 3; 18; 15; 215; INTERNAL; 19; 19; 0; 1257
INTERNAL; 3; 18; 15; 196; INTERNAL; 19; 19; 0; 1257
INTERNAL; 3; 18; 15; 326; INTERNAL; 19; 19; 0; 1257
INTERNAL; 3; 18; 15; 979; INTERNAL; 19; 19; 0; 1257
INTERNAL; 3; 18; 15; 274; INTERNAL; 19; 19; 0; 1257
INTERNAL; 17; 17; 0; 195; INTERNAL; 18; 18; 0; 604
INTERNAL; 3; 17; 14; 191; INTERNAL; 18; 18; 0; 604
INTERNAL; 3; 17; 14; 190; INTERNAL; 18; 18; 0; 604
INTERNAL; 3; 17; 14; 499; INTERNAL; 18; 18; 0; 604
INTERNAL; 3; 17; 14; 348; INTERNAL; 18; 18; 0; 604
INTERNAL; 3; 17; 14; 1180; INTERNAL; 18; 18; 0; 604
INTERNAL; 16; 16; 0; 443; INTERNAL; 17; 17; 0; 195
INTERNAL; 3; 16; 13; 736; INTERNAL; 17; 17; 0; 195
INTERNAL; 3; 16; 13; 301; INTERNAL; 17; 17; 0; 195
INTERNAL; 3; 16; 13; 727; INTERNAL; 17; 17; 0; 195
INTERNAL; 3; 16; 13; 564; INTERNAL; 17; 17; 0; 195
INTERNAL; 3; 16; 13; 187; INTERNAL; 17; 17; 0; 195
INTERNAL; 15; 15; 0; 331; INTERNAL; 16; 16; 0; 443
INTERNAL; 3; 15; 12; 368; INTERNAL; 16; 16; 0; 443
INTERNAL; 3; 15; 12; 186; INTERNAL; 16; 16; 0; 443
INTERNAL; 3; 15; 12; 305; INTERNAL; 16; 16; 0; 443
INTERNAL; 3; 15; 12; 182; INTERNAL; 16; 16; 0; 443
INTERNAL; 3; 15; 12; 777; INTERNAL; 16; 16; 0; 443
INTERNAL; 14; 14; 0; 576; INTERNAL; 15; 15; 0; 331
INTERNAL; 4; 14; 10; 1117; INTERNAL; 15; 15; 0; 331
INTERNAL; 5; 14; 9; 928; INTERNAL; 15; 15; 0; 331
INTERNAL; 4; 14; 10; 930; INTERNAL; 15; 15; 0; 331
INTERNAL; 4; 14; 10; 931; INTERNAL; 15; 15; 0; 331
INTERNAL; 3; 14; 11; 941; INTERNAL; 15; 15; 0; 331
INTERNAL; 13; 13; 0; 935; INTERNAL; 14; 14; 0; 576
INTERNAL; 2; 13; 11; 936; INTERNAL; 14; 14; 0; 576
INTERNAL; 4; 13; 9; 224; INTERNAL; 14; 14; 0; 576
INTERNAL; 4; 13; 9; 473; INTERNAL; 14; 14; 0; 576
INTERNAL; 5; 13; 8; 1330; INTERNAL; 14; 14; 0; 576
INTERNAL; 4; 13; 9; 937; INTERNAL; 14; 14; 0; 576
INTERNAL; 12; 12; 0; 938; INTERNAL; 13; 13; 0; 935
INPUT; 1; 12; 11; 943; INTERNAL; 13; 13; 0; 935
INPUT; 1; 12; 11; 1377; INTERNAL; 13; 13; 0; 935
INPUT; 1; 12; 11; 944; INTERNAL; 13; 13; 0; 935
INPUT; 1; 12; 11; 945; INTERNAL; 13; 13; 0; 935
INTERNAL; 2; 12; 10; 506; INTERNAL; 13; 13; 0; 935
INPUT; 1; 11; 10; 946; INTERNAL; 12; 12; 0; 938
INPUT; 1; 11; 10; 238; INTERNAL; 12; 12; 0; 938
INTERNAL; 11; 11; 0; 899; INTERNAL; 12; 12; 0; 938
INTERNAL; 2; 11; 9; 447; INTERNAL; 12; 12; 0; 938
INPUT; 1; 11; 10; 372; INTERNAL; 12; 12; 0; 938
INPUT; 1; 11; 10; 1102; INTERNAL; 12; 12; 0; 938
INTERNAL; 10; 10; 0; 870; INTERNAL; 11; 11; 0; 899
INPUT; 1; 10; 9; 948; INTERNAL; 11; 11; 0; 899
INPUT; 1; 10; 9; 952; INTERNAL; 11; 11; 0; 899
INPUT; 1; 10; 9; 412; INTERNAL; 11; 11; 0; 899
INPUT; 1; 10; 9; 812; INTERNAL; 11; 11; 0; 899
INTERNAL; 2; 10; 8; 1337; INTERNAL; 11; 11; 0; 899
INPUT; 1; 9; 8; 742; INTERNAL; 10; 10; 0; 870
INPUT; 1; 9; 8; 953; INTERNAL; 10; 10; 0; 870
INTERNAL; 9; 9; 0; 869; INTERNAL; 10; 10; 0; 870
INTERNAL; 2; 9; 7; 1354; INTERNAL; 10; 10; 0; 870
INPUT; 1; 9; 8; 854; INTERNAL; 10; 10; 0; 870
INPUT; 1; 9; 8; 226; INTERNAL; 10; 10; 0; 870
INTERNAL; 8; 8; 0; 954; INTERNAL; 9; 9; 0; 869
INPUT; 1; 8; 7; 382; INTERNAL; 9; 9; 0; 869
INPUT; 1; 8; 7; 188; INTERNAL; 9; 9; 0; 869
INPUT; 1; 8; 7; 958; INTERNAL; 9; 9; 0; 869
INPUT; 1; 8; 7; 959; INTERNAL; 9; 9; 0; 869
INTERNAL; 2; 8; 6; 955; INTERNAL; 9; 9; 0; 869
INPUT; 1; 7; 6; 961; INTERNAL; 8; 8; 0; 954
INPUT; 1; 7; 6; 965; INTERNAL; 8; 8; 0; 954
INTERNAL; 7; 7; 0; 967; INTERNAL; 8; 8; 0; 954
INTERNAL; 2; 7; 5; 949; INTERNAL; 8; 8; 0; 954
INPUT; 1; 7; 6; 968; INTERNAL; 8; 8; 0; 954
INPUT; 1; 7; 6; 197; INTERNAL; 8; 8; 0; 954
INTERNAL; 6; 6; 0; 352; INTERNAL; 7; 7; 0; 967
INPUT; 1; 6; 5; 608; INTERNAL; 7; 7; 0; 967
INPUT; 1; 6; 5; 827; INTERNAL; 7; 7; 0; 967
INPUT; 1; 6; 5; 960; INTERNAL; 7; 7; 0; 967
INPUT; 1; 6; 5; 969; INTERNAL; 7; 7; 0; 967
INTERNAL; 2; 6; 4; 971; INTERNAL; 7; 7; 0; 967
INPUT; 1; 5; 4; 308; INTERNAL; 6; 6; 0; 352
INPUT; 1; 5; 4; 321; INTERNAL; 6; 6; 0; 352
INTERNAL; 5; 5; 0; 651; INTERNAL; 6; 6; 0; 352
INTERNAL; 2; 5; 3; 532; INTERNAL; 6; 6; 0; 352
INPUT; 1; 5; 4; 400; INTERNAL; 6; 6; 0; 352
INPUT; 1; 5; 4; 973; INTERNAL; 6; 6; 0; 352
INTERNAL; 4; 4; 0; 977; INTERNAL; 5; 5; 0; 651
INPUT; 1; 4; 3; 978; INTERNAL; 5; 5; 0; 651
INPUT; 1; 4; 3; 980; INTERNAL; 5; 5; 0; 651
INPUT; 1; 4; 3; 723; INTERNAL; 5; 5; 0; 651
INPUT; 1; 4; 3; 981; INTERNAL; 5; 5; 0; 651
INTERNAL; 2; 4; 2; 982; INTERNAL; 5; 5; 0; 651
INPUT; 1; 3; 2; 984; INTERNAL; 4; 4; 0; 977
INPUT; 1; 3; 2; 629; INTERNAL; 4; 4; 0; 977
INTERNAL; 3; 3; 0; 1231; INTERNAL; 4; 4; 0; 977
INTERNAL; 2; 3; 1; 988; INTERNAL; 4; 4; 0; 977
INPUT; 1; 3; 2; 715; INTERNAL; 4; 4; 0; 977
INPUT; 1; 3; 2; 1016; INTERNAL; 4; 4; 0; 977
INTERNAL; 2; 2; 0; 1251; INTERNAL; 3; 3; 0; 1231
INPUT; 1; 2; 1; 991; INTERNAL; 3; 3; 0; 1231
INPUT; 1; 2; 1; 633; INTERNAL; 3; 3; 0; 1231
INPUT; 1; 2; 1; 996; INTERNAL; 3; 3; 0; 1231
INPUT; 1; 2; 1; 997; INTERNAL; 3; 3; 0; 1231
INTERNAL; 2; 2; 0; 1226; INTERNAL; 3; 3; 0; 1231
INPUT; 1; 1; 0; 583; INTERNAL; 2; 2; 0; 1226
INPUT; 1; 1; 0; 913; INTERNAL; 2; 2; 0; 1226
INPUT; 1; 1; 0; 1001; INTERNAL; 2; 2; 0; 1251
INPUT; 1; 1; 0; 185; INTERNAL; 2; 2; 0; 1251
INPUT; 1; 1; 0; 1002; INTERNAL; 2; 2; 0; 1251
INPUT; 1; 1; 0; 765; INTERNAL; 2; 2; 0; 1251
INPUT; 1; 1; 0; 1005; INTERNAL; 2; 2; 0; 1251
INPUT; 1; 1; 0; 1007; INTERNAL; 2; 2; 0; 1251
INPUT; 1; 1; 0; 913; INTERNAL; 2; 3; 1; 988
INPUT; 1; 1; 0; 583; INTERNAL; 2; 3; 1; 988
INPUT; 1; 3; 2; 707; INTERNAL; 2; 4; 2; 982
INPUT; 1; 3; 2; 1009; INTERNAL; 2; 4; 2; 982
INPUT; 1; 3; 2; 1009; INTERNAL; 2; 5; 3; 532
INPUT; 1; 3; 2; 707; INTERNAL; 2; 5; 3; 532
INPUT; 1; 5; 4; 1013; INTERNAL; 2; 6; 4; 971
INPUT; 1; 5; 4; 871; INTERNAL; 2; 6; 4; 971
INPUT; 1; 5; 4; 871; INTERNAL; 2; 7; 5; 949
INPUT; 1; 5; 4; 1013; INTERNAL; 2; 7; 5; 949
INPUT; 1; 7; 6; 1017; INTERNAL; 2; 8; 6; 955
INPUT; 1; 7; 6; 446; INTERNAL; 2; 8; 6; 955
INPUT; 1; 7; 6; 446; INTERNAL; 2; 9; 7; 1354
INPUT; 1; 7; 6; 1017; INTERNAL; 2; 9; 7; 1354
INPUT; 1; 9; 8; 1019; INTERNAL; 2; 10; 8; 1337
INPUT; 1; 9; 8; 643; INTERNAL; 2; 10; 8; 1337
INPUT; 1; 9; 8; 643; INTERNAL; 2; 11; 9; 447
INPUT; 1; 9; 8; 1019; INTERNAL; 2; 11; 9; 447
INPUT; 1; 11; 10; 1023; INTERNAL; 2; 12; 10; 506
INPUT; 1; 11; 10; 874; INTERNAL; 2; 12; 10; 506
INTERNAL; 2; 12; 10; 658; INTERNAL; 5; 13; 8; 1330
INPUT; 1; 9; 8; 818; INTERNAL; 5; 13; 8; 1330
INPUT; 1; 9; 8; 1025; INTERNAL; 5; 13; 8; 1330
INPUT; 1; 9; 8; 1160; INTERNAL; 5; 13; 8; 1330
INPUT; 1; 9; 8; 1028; INTERNAL; 5; 13; 8; 1330
INTERNAL; 4; 12; 8; 1030; INTERNAL; 5; 13; 8; 1330
INPUT; 1; 10; 9; 1084; INTERNAL; 4; 12; 8; 1030
INPUT; 1; 10; 9; 1031; INTERNAL; 4; 12; 8; 1030
INPUT; 1; 11; 10; 1068; INTERNAL; 4; 12; 8; 1030
INPUT; 1; 11; 10; 1032; INTERNAL; 4; 12; 8; 1030
INTERNAL; 2; 11; 9; 744; INTERNAL; 4; 12; 8; 1030
INTERNAL; 3; 11; 8; 1271; INTERNAL; 4; 12; 8; 1030
INPUT; 1; 10; 9; 230; INTERNAL; 3; 11; 8; 1271
INPUT; 1; 10; 9; 1034; INTERNAL; 3; 11; 8; 1271
INPUT; 1; 10; 9; 594; INTERNAL; 3; 11; 8; 1271
INPUT; 1; 10; 9; 1035; INTERNAL; 3; 11; 8; 1271
INTERNAL; 2; 10; 8; 1036; INTERNAL; 3; 11; 8; 1271
INPUT; 1; 9; 8; 818; INTERNAL; 2; 10; 8; 1036
INPUT; 1; 9; 8; 1160; INTERNAL; 2; 10; 8; 1036
INPUT; 1; 9; 8; 1025; INTERNAL; 2; 10; 8; 1036
INPUT; 1; 9; 8; 1028; INTERNAL; 2; 10; 8; 1036
INPUT; 1; 10; 9; 1031; INTERNAL; 2; 11; 9; 744
INPUT; 1; 10; 9; 1084; INTERNAL; 2; 11; 9; 744
INPUT; 1; 10; 9; 1037; INTERNAL; 2; 11; 9; 744
INPUT; 1; 10; 9; 449; INTERNAL; 2; 11; 9; 744
INPUT; 1; 10; 9; 1039; INTERNAL; 2; 11; 9; 744
INPUT; 1; 10; 9; 803; INTERNAL; 2; 11; 9; 744
INPUT; 1; 10; 9; 230; INTERNAL; 2; 12; 10; 658
INPUT; 1; 10; 9; 1034; INTERNAL; 2; 12; 10; 658
INPUT; 1; 10; 9; 594; INTERNAL; 2; 12; 10; 658
INPUT; 1; 10; 9; 1035; INTERNAL; 2; 12; 10; 658
INPUT; 1; 10; 9; 1084; INTERNAL; 4; 13; 9; 224
INPUT; 1; 11; 10; 1068; INTERNAL; 4; 13; 9; 224
INPUT; 1; 11; 10; 1032; INTERNAL; 4; 13; 9; 224
INPUT; 1; 10; 9; 1031; INTERNAL; 4; 13; 9; 224
INTERNAL; 2; 12; 10; 1146; INTERNAL; 4; 13; 9; 224
INTERNAL; 3; 11; 8; 1271; INTERNAL; 4; 13; 9; 224
INPUT; 1; 10; 9; 1037; INTERNAL; 2; 12; 10; 1146
INPUT; 1; 10; 9; 449; INTERNAL; 2; 12; 10; 1146
INPUT; 1; 10; 9; 803; INTERNAL; 2; 12; 10; 1146
INPUT; 1; 10; 9; 1039; INTERNAL; 2; 12; 10; 1146
INPUT; 1; 11; 10; 1042; INTERNAL; 2; 12; 10; 1146
INPUT; 1; 11; 10; 496; INTERNAL; 2; 12; 10; 1146
INPUT; 1; 11; 10; 189; INTERNAL; 4; 13; 9; 473
INPUT; 1; 11; 10; 500; INTERNAL; 4; 13; 9; 473
INPUT; 1; 11; 10; 1047; INTERNAL; 4; 13; 9; 473
INPUT; 1; 11; 10; 1049; INTERNAL; 4; 13; 9; 473
INTERNAL; 2; 12; 10; 922; INTERNAL; 4; 13; 9; 473
INTERNAL; 3; 12; 9; 332; INTERNAL; 4; 13; 9; 473
INPUT; 1; 10; 9; 1051; INTERNAL; 3; 12; 9; 332
INPUT; 1; 10; 9; 1374; INTERNAL; 3; 12; 9; 332
INPUT; 1; 10; 9; 1053; INTERNAL; 3; 12; 9; 332
INPUT; 1; 10; 9; 1056; INTERNAL; 3; 12; 9; 332
INTERNAL; 2; 11; 9; 1057; INTERNAL; 3; 12; 9; 332
INPUT; 1; 10; 9; 786; INTERNAL; 2; 11; 9; 1057
INPUT; 1; 10; 9; 1058; INTERNAL; 2; 11; 9; 1057
INPUT; 1; 10; 9; 1060; INTERNAL; 2; 11; 9; 1057
INPUT; 1; 10; 9; 1064; INTERNAL; 2; 11; 9; 1057
INPUT; 1; 11; 10; 1065; INTERNAL; 2; 12; 10; 922
INPUT; 1; 11; 10; 1066; INTERNAL; 2; 12; 10; 922
INPUT; 1; 11; 10; 970; INTERNAL; 2; 12; 10; 922
INPUT; 1; 11; 10; 1069; INTERNAL; 2; 12; 10; 922
INPUT; 1; 11; 10; 1066; INTERNAL; 4; 13; 9; 937
INPUT; 1; 11; 10; 1065; INTERNAL; 4; 13; 9; 937
INTERNAL; 2; 12; 10; 922; INTERNAL; 4; 13; 9; 937
INTERNAL; 2; 12; 10; 976; INTERNAL; 4; 13; 9; 937
INTERNAL; 3; 12; 9; 1070; INTERNAL; 4; 13; 9; 937
INTERNAL; 3; 12; 9; 332; INTERNAL; 4; 13; 9; 937
INTERNAL; 2; 11; 9; 1071; INTERNAL; 3; 12; 9; 1070
INPUT; 1; 10; 9; 786; INTERNAL; 3; 12; 9; 1070
INPUT; 1; 10; 9; 1060; INTERNAL; 3; 12; 9; 1070
INPUT; 1; 10; 9; 1058; INTERNAL; 3; 12; 9; 1070
INPUT; 1; 10; 9; 1064; INTERNAL; 3; 12; 9; 1070
INPUT; 1; 10; 9; 1051; INTERNAL; 2; 11; 9; 1071
INPUT; 1; 10; 9; 1374; INTERNAL; 2; 11; 9; 1071
INPUT; 1; 10; 9; 1053; INTERNAL; 2; 11; 9; 1071
INPUT; 1; 10; 9; 1056; INTERNAL; 2; 11; 9; 1071
INPUT; 1; 11; 10; 1069; INTERNAL; 2; 12; 10; 976
INPUT; 1; 11; 10; 970; INTERNAL; 2; 12; 10; 976
INPUT; 1; 11; 10; 500; INTERNAL; 2; 12; 10; 976
INPUT; 1; 11; 10; 1047; INTERNAL; 2; 12; 10; 976
INPUT; 1; 11; 10; 1049; INTERNAL; 2; 12; 10; 976
INPUT; 1; 11; 10; 189; INTERNAL; 2; 12; 10; 976
INPUT; 1; 11; 10; 496; INTERNAL; 2; 13; 11; 936
INPUT; 1; 11; 10; 1042; INTERNAL; 2; 13; 11; 936
INPUT; 1; 11; 10; 874; INTERNAL; 2; 13; 11; 936
INPUT; 1; 11; 10; 1023; INTERNAL; 2; 13; 11; 936
INPUT; 1; 10; 9; 486; INTERNAL; 5; 14; 9; 928
INPUT; 1; 10; 9; 1029; INTERNAL; 5; 14; 9; 928
INTERNAL; 2; 11; 9; 1020; INTERNAL; 5; 14; 9; 928
INTERNAL; 2; 13; 11; 1073; INTERNAL; 5; 14; 9; 928
INTERNAL; 4; 13; 9; 829; INTERNAL; 5; 14; 9; 928
INPUT; 1; 11; 10; 1074; INTERNAL; 4; 13; 9; 829
INPUT; 1; 11; 10; 1077; INTERNAL; 4; 13; 9; 829
INTERNAL; 2; 12; 10; 1079; INTERNAL; 4; 13; 9; 829
INTERNAL; 2; 12; 10; 1080; INTERNAL; 4; 13; 9; 829
INTERNAL; 3; 12; 9; 720; INTERNAL; 4; 13; 9; 829
INPUT; 1; 11; 10; 1081; INTERNAL; 3; 12; 9; 720
INPUT; 1; 11; 10; 1085; INTERNAL; 3; 12; 9; 720
INPUT; 1; 11; 10; 724; INTERNAL; 3; 12; 9; 720
INPUT; 1; 11; 10; 1087; INTERNAL; 3; 12; 9; 720
INTERNAL; 2; 11; 9; 1020; INTERNAL; 3; 12; 9; 720
INPUT; 1; 10; 9; 1029; INTERNAL; 2; 11; 9; 1020
INPUT; 1; 10; 9; 486; INTERNAL; 2; 11; 9; 1020
INPUT; 1; 10; 9; 758; INTERNAL; 2; 11; 9; 1020
INPUT; 1; 10; 9; 1092; INTERNAL; 2; 11; 9; 1020
INPUT; 1; 11; 10; 1077; INTERNAL; 2; 12; 10; 1080
INPUT; 1; 11; 10; 1074; INTERNAL; 2; 12; 10; 1080
INPUT; 1; 11; 10; 635; INTERNAL; 2; 12; 10; 1080
INPUT; 1; 11; 10; 963; INTERNAL; 2; 12; 10; 1080
INPUT; 1; 11; 10; 963; INTERNAL; 2; 12; 10; 1079
INPUT; 1; 11; 10; 635; INTERNAL; 2; 12; 10; 1079
INPUT; 1; 11; 10; 1093; INTERNAL; 2; 12; 10; 1079
INPUT; 1; 11; 10; 1094; INTERNAL; 2; 12; 10; 1079
INPUT; 1; 11; 10; 288; INTERNAL; 2; 12; 10; 1079
INPUT; 1; 11; 10; 241; INTERNAL; 2; 12; 10; 1079
INPUT; 1; 10; 9; 1092; INTERNAL; 2; 13; 11; 1073
INPUT; 1; 10; 9; 758; INTERNAL; 2; 13; 11; 1073
INPUT; 1; 11; 10; 1081; INTERNAL; 2; 13; 11; 1073
INPUT; 1; 11; 10; 1085; INTERNAL; 2; 13; 11; 1073
INPUT; 1; 11; 10; 724; INTERNAL; 2; 13; 11; 1073
INPUT; 1; 11; 10; 1087; INTERNAL; 2; 13; 11; 1073
INPUT; 1; 11; 10; 241; INTERNAL; 4; 14; 10; 1117
INPUT; 1; 11; 10; 1093; INTERNAL; 4; 14; 10; 1117
INPUT; 1; 11; 10; 1094; INTERNAL; 4; 14; 10; 1117
INPUT; 1; 11; 10; 288; INTERNAL; 4; 14; 10; 1117
INTERNAL; 2; 12; 10; 1080; INTERNAL; 4; 14; 10; 1117
INTERNAL; 3; 12; 9; 720; INTERNAL; 4; 14; 10; 1117
INPUT; 1; 12; 11; 933; INTERNAL; 4; 14; 10; 931
INPUT; 1; 12; 11; 1098; INTERNAL; 4; 14; 10; 931
INPUT; 1; 12; 11; 1099; INTERNAL; 4; 14; 10; 931
INPUT; 1; 12; 11; 1100; INTERNAL; 4; 14; 10; 931
INTERNAL; 2; 13; 11; 725; INTERNAL; 4; 14; 10; 931
INTERNAL; 3; 13; 10; 200; INTERNAL; 4; 14; 10; 931
INPUT; 1; 11; 10; 1101; INTERNAL; 3; 13; 10; 200
INPUT; 1; 11; 10; 1014; INTERNAL; 3; 13; 10; 200
INPUT; 1; 11; 10; 1113; INTERNAL; 3; 13; 10; 200
INPUT; 1; 11; 10; 545; INTERNAL; 3; 13; 10; 200
INTERNAL; 2; 12; 10; 1103; INTERNAL; 3; 13; 10; 200
INPUT; 1; 11; 10; 1127; INTERNAL; 2; 12; 10; 1103
INPUT; 1; 11; 10; 1106; INTERNAL; 2; 12; 10; 1103
INPUT; 1; 11; 10; 1108; INTERNAL; 2; 12; 10; 1103
INPUT; 1; 11; 10; 1110; INTERNAL; 2; 12; 10; 1103
INPUT; 1; 12; 11; 1111; INTERNAL; 2; 13; 11; 725
INPUT; 1; 12; 11; 1114; INTERNAL; 2; 13; 11; 725
INPUT; 1; 12; 11; 391; INTERNAL; 2; 13; 11; 725
INPUT; 1; 12; 11; 1115; INTERNAL; 2; 13; 11; 725
INPUT; 1; 12; 11; 1114; INTERNAL; 4; 14; 10; 930
INPUT; 1; 12; 11; 1111; INTERNAL; 4; 14; 10; 930
INTERNAL; 2; 13; 11; 725; INTERNAL; 4; 14; 10; 930
INTERNAL; 2; 13; 11; 1116; INTERNAL; 4; 14; 10; 930
INTERNAL; 3; 13; 10; 530; INTERNAL; 4; 14; 10; 930
INTERNAL; 3; 13; 10; 200; INTERNAL; 4; 14; 10; 930
INTERNAL; 2; 12; 10; 1118; INTERNAL; 3; 13; 10; 530
INPUT; 1; 11; 10; 1127; INTERNAL; 3; 13; 10; 530
INPUT; 1; 11; 10; 1108; INTERNAL; 3; 13; 10; 530
INPUT; 1; 11; 10; 1106; INTERNAL; 3; 13; 10; 530
INPUT; 1; 11; 10; 1110; INTERNAL; 3; 13; 10; 530
INPUT; 1; 11; 10; 1101; INTERNAL; 2; 12; 10; 1118
INPUT; 1; 11; 10; 1014; INTERNAL; 2; 12; 10; 1118
INPUT; 1; 11; 10; 1113; INTERNAL; 2; 12; 10; 1118
INPUT; 1; 11; 10; 545; INTERNAL; 2; 12; 10; 1118
INPUT; 1; 12; 11; 1115; INTERNAL; 2; 13; 11; 1116
INPUT; 1; 12; 11; 391; INTERNAL; 2; 13; 11; 1116
INPUT; 1; 12; 11; 1098; INTERNAL; 2; 13; 11; 1116
INPUT; 1; 12; 11; 1099; INTERNAL; 2; 13; 11; 1116
INPUT; 1; 12; 11; 1100; INTERNAL; 2; 13; 11; 1116
INPUT; 1; 12; 11; 933; INTERNAL; 2; 13; 11; 1116
INPUT; 1; 13; 12; 655; INTERNAL; 3; 14; 11; 941
INPUT; 1; 13; 12; 463; INTERNAL; 3; 14; 11; 941
INPUT; 1; 13; 12; 1120; INTERNAL; 3; 14; 11; 941
INPUT; 1; 13; 12; 1123; INTERNAL; 3; 14; 11; 941
INTERNAL; 2; 13; 11; 807; INTERNAL; 3; 14; 11; 941
INPUT; 1; 12; 11; 1124; INTERNAL; 2; 13; 11; 807
INPUT; 1; 12; 11; 974; INTERNAL; 2; 13; 11; 807
INPUT; 1; 12; 11; 761; INTERNAL; 2; 13; 11; 807
INPUT; 1; 12; 11; 309; INTERNAL; 2; 13; 11; 807
INPUT; 1; 12; 11; 974; INTERNAL; 3; 15; 12; 368
INPUT; 1; 12; 11; 1124; INTERNAL; 3; 15; 12; 368
INTERNAL; 2; 14; 12; 989; INTERNAL; 3; 15; 12; 368
INTERNAL; 2; 13; 11; 807; INTERNAL; 3; 15; 12; 368
INPUT; 1; 12; 11; 309; INTERNAL; 2; 14; 12; 989
INPUT; 1; 12; 11; 761; INTERNAL; 2; 14; 12; 989
INPUT; 1; 13; 12; 655; INTERNAL; 2; 14; 12; 989
INPUT; 1; 13; 12; 463; INTERNAL; 2; 14; 12; 989
INPUT; 1; 13; 12; 1120; INTERNAL; 2; 14; 12; 989
INPUT; 1; 13; 12; 1123; INTERNAL; 2; 14; 12; 989
INPUT; 1; 13; 12; 1086; INTERNAL; 3; 15; 12; 186
INPUT; 1; 13; 12; 628; INTERNAL; 3; 15; 12; 186
INPUT; 1; 13; 12; 1125; INTERNAL; 3; 15; 12; 186
INPUT; 1; 13; 12; 1128; INTERNAL; 3; 15; 12; 186
INTERNAL; 2; 14; 12; 1131; INTERNAL; 3; 15; 12; 186
INPUT; 1; 13; 12; 492; INTERNAL; 2; 14; 12; 1131
INPUT; 1; 13; 12; 249; INTERNAL; 2; 14; 12; 1131
INPUT; 1; 13; 12; 1135; INTERNAL; 2; 14; 12; 1131
INPUT; 1; 13; 12; 1167; INTERNAL; 2; 14; 12; 1131
INTERNAL; 2; 14; 12; 363; INTERNAL; 3; 15; 12; 182
INPUT; 1; 13; 12; 492; INTERNAL; 3; 15; 12; 182
INPUT; 1; 13; 12; 1135; INTERNAL; 3; 15; 12; 182
INPUT; 1; 13; 12; 249; INTERNAL; 3; 15; 12; 182
INPUT; 1; 13; 12; 1167; INTERNAL; 3; 15; 12; 182
INPUT; 1; 13; 12; 1086; INTERNAL; 2; 14; 12; 363
INPUT; 1; 13; 12; 628; INTERNAL; 2; 14; 12; 363
INPUT; 1; 13; 12; 1125; INTERNAL; 2; 14; 12; 363
INPUT; 1; 13; 12; 1128; INTERNAL; 2; 14; 12; 363
INPUT; 1; 13; 12; 738; INTERNAL; 3; 15; 12; 305
INPUT; 1; 13; 12; 843; INTERNAL; 3; 15; 12; 305
INPUT; 1; 13; 12; 1182; INTERNAL; 3; 15; 12; 305
INPUT; 1; 13; 12; 1136; INTERNAL; 3; 15; 12; 305
INTERNAL; 2; 14; 12; 1137; INTERNAL; 3; 15; 12; 305
INPUT; 1; 13; 12; 1140; INTERNAL; 2; 14; 12; 1137
INPUT; 1; 13; 12; 369; INTERNAL; 2; 14; 12; 1137
INPUT; 1; 13; 12; 1141; INTERNAL; 2; 14; 12; 1137
INPUT; 1; 13; 12; 422; INTERNAL; 2; 14; 12; 1137
INPUT; 1; 13; 12; 369; INTERNAL; 3; 15; 12; 777
INPUT; 1; 13; 12; 1140; INTERNAL; 3; 15; 12; 777
INTERNAL; 2; 14; 12; 645; INTERNAL; 3; 15; 12; 777
INTERNAL; 2; 14; 12; 1137; INTERNAL; 3; 15; 12; 777
INPUT; 1; 13; 12; 422; INTERNAL; 2; 14; 12; 645
INPUT; 1; 13; 12; 1141; INTERNAL; 2; 14; 12; 645
INPUT; 1; 13; 12; 738; INTERNAL; 2; 14; 12; 645
INPUT; 1; 13; 12; 843; INTERNAL; 2; 14; 12; 645
INPUT; 1; 13; 12; 1182; INTERNAL; 2; 14; 12; 645
INPUT; 1; 13; 12; 1136; INTERNAL; 2; 14; 12; 645
INPUT; 1; 14; 13; 1142; INTERNAL; 3; 16; 13; 736
INPUT; 1; 14; 13; 563; INTERNAL; 3; 16; 13; 736
INPUT; 1; 14; 13; 1008; INTERNAL; 3; 16; 13; 736
INPUT; 1; 14; 13; 934; INTERNAL; 3; 16; 13; 736
INTERNAL; 2; 15; 13; 1144; INTERNAL; 3; 16; 13; 736
INPUT; 1; 14; 13; 1320; INTERNAL; 2; 15; 13; 1144
INPUT; 1; 14; 13; 1147; INTERNAL; 2; 15; 13; 1144
INPUT; 1; 14; 13; 1149; INTERNAL; 2; 15; 13; 1144
INPUT; 1; 14; 13; 1150; INTERNAL; 2; 15; 13; 1144
INTERNAL; 2; 15; 13; 751; INTERNAL; 3; 16; 13; 301
INPUT; 1; 14; 13; 1320; INTERNAL; 3; 16; 13; 301
INPUT; 1; 14; 13; 1149; INTERNAL; 3; 16; 13; 301
INPUT; 1; 14; 13; 1147; INTERNAL; 3; 16; 13; 301
INPUT; 1; 14; 13; 1150; INTERNAL; 3; 16; 13; 301
INPUT; 1; 14; 13; 1142; INTERNAL; 2; 15; 13; 751
INPUT; 1; 14; 13; 563; INTERNAL; 2; 15; 13; 751
INPUT; 1; 14; 13; 1008; INTERNAL; 2; 15; 13; 751
INPUT; 1; 14; 13; 934; INTERNAL; 2; 15; 13; 751
INPUT; 1; 14; 13; 1151; INTERNAL; 3; 16; 13; 564
INPUT; 1; 14; 13; 1152; INTERNAL; 3; 16; 13; 564
INPUT; 1; 14; 13; 1224; INTERNAL; 3; 16; 13; 564
INPUT; 1; 14; 13; 847; INTERNAL; 3; 16; 13; 564
INTERNAL; 2; 15; 13; 773; INTERNAL; 3; 16; 13; 564
INPUT; 1; 14; 13; 1155; INTERNAL; 2; 15; 13; 773
INPUT; 1; 14; 13; 1157; INTERNAL; 2; 15; 13; 773
INPUT; 1; 14; 13; 1159; INTERNAL; 2; 15; 13; 773
INPUT; 1; 14; 13; 1161; INTERNAL; 2; 15; 13; 773
INPUT; 1; 14; 13; 1157; INTERNAL; 3; 16; 13; 727
INPUT; 1; 14; 13; 1155; INTERNAL; 3; 16; 13; 727
INTERNAL; 2; 15; 13; 650; INTERNAL; 3; 16; 13; 727
INTERNAL; 2; 15; 13; 773; INTERNAL; 3; 16; 13; 727
INPUT; 1; 14; 13; 1161; INTERNAL; 2; 15; 13; 650
INPUT; 1; 14; 13; 1159; INTERNAL; 2; 15; 13; 650
INPUT; 1; 14; 13; 1151; INTERNAL; 2; 15; 13; 650
INPUT; 1; 14; 13; 1152; INTERNAL; 2; 15; 13; 650
INPUT; 1; 14; 13; 1224; INTERNAL; 2; 15; 13; 650
INPUT; 1; 14; 13; 847; INTERNAL; 2; 15; 13; 650
INPUT; 1; 15; 14; 487; INTERNAL; 3; 16; 13; 187
INPUT; 1; 15; 14; 1164; INTERNAL; 3; 16; 13; 187
INPUT; 1; 15; 14; 1166; INTERNAL; 3; 16; 13; 187
INPUT; 1; 15; 14; 907; INTERNAL; 3; 16; 13; 187
INTERNAL; 2; 15; 13; 1168; INTERNAL; 3; 16; 13; 187
INPUT; 1; 14; 13; 1169; INTERNAL; 2; 15; 13; 1168
INPUT; 1; 14; 13; 307; INTERNAL; 2; 15; 13; 1168
INPUT; 1; 14; 13; 1173; INTERNAL; 2; 15; 13; 1168
INPUT; 1; 14; 13; 661; INTERNAL; 2; 15; 13; 1168
INTERNAL; 2; 16; 14; 1174; INTERNAL; 3; 17; 14; 191
INPUT; 1; 14; 13; 1169; INTERNAL; 3; 17; 14; 191
INPUT; 1; 14; 13; 1173; INTERNAL; 3; 17; 14; 191
INPUT; 1; 14; 13; 307; INTERNAL; 3; 17; 14; 191
INPUT; 1; 14; 13; 661; INTERNAL; 3; 17; 14; 191
INPUT; 1; 15; 14; 487; INTERNAL; 2; 16; 14; 1174
INPUT; 1; 15; 14; 1164; INTERNAL; 2; 16; 14; 1174
INPUT; 1; 15; 14; 1166; INTERNAL; 2; 16; 14; 1174
INPUT; 1; 15; 14; 907; INTERNAL; 2; 16; 14; 1174
INPUT; 1; 15; 14; 1179; INTERNAL; 3; 17; 14; 190
INPUT; 1; 15; 14; 1350; INTERNAL; 3; 17; 14; 190
INPUT; 1; 15; 14; 243; INTERNAL; 3; 17; 14; 190
INPUT; 1; 15; 14; 206; INTERNAL; 3; 17; 14; 190
INTERNAL; 2; 16; 14; 272; INTERNAL; 3; 17; 14; 190
INPUT; 1; 15; 14; 1181; INTERNAL; 2; 16; 14; 272
INPUT; 1; 15; 14; 605; INTERNAL; 2; 16; 14; 272
INPUT; 1; 15; 14; 1145; INTERNAL; 2; 16; 14; 272
INPUT; 1; 15; 14; 1385; INTERNAL; 2; 16; 14; 272
INPUT; 1; 15; 14; 605; INTERNAL; 3; 17; 14; 348
INPUT; 1; 15; 14; 1181; INTERNAL; 3; 17; 14; 348
INTERNAL; 2; 16; 14; 1264; INTERNAL; 3; 17; 14; 348
INTERNAL; 2; 16; 14; 272; INTERNAL; 3; 17; 14; 348
INPUT; 1; 15; 14; 1385; INTERNAL; 2; 16; 14; 1264
INPUT; 1; 15; 14; 1145; INTERNAL; 2; 16; 14; 1264
INPUT; 1; 15; 14; 1179; INTERNAL; 2; 16; 14; 1264
INPUT; 1; 15; 14; 1350; INTERNAL; 2; 16; 14; 1264
INPUT; 1; 15; 14; 243; INTERNAL; 2; 16; 14; 1264
INPUT; 1; 15; 14; 206; INTERNAL; 2; 16; 14; 1264
INPUT; 1; 15; 14; 1183; INTERNAL; 3; 17; 14; 499
INPUT; 1; 15; 14; 669; INTERNAL; 3; 17; 14; 499
INPUT; 1; 15; 14; 448; INTERNAL; 3; 17; 14; 499
INPUT; 1; 15; 14; 769; INTERNAL; 3; 17; 14; 499
INTERNAL; 2; 16; 14; 1184; INTERNAL; 3; 17; 14; 499
INPUT; 1; 15; 14; 1185; INTERNAL; 2; 16; 14; 1184
INPUT; 1; 15; 14; 1186; INTERNAL; 2; 16; 14; 1184
INPUT; 1; 15; 14; 1153; INTERNAL; 2; 16; 14; 1184
INPUT; 1; 15; 14; 1187; INTERNAL; 2; 16; 14; 1184
INTERNAL; 2; 16; 14; 1138; INTERNAL; 3; 17; 14; 1180
INPUT; 1; 15; 14; 1185; INTERNAL; 3; 17; 14; 1180
INPUT; 1; 15; 14; 1153; INTERNAL; 3; 17; 14; 1180
INPUT; 1; 15; 14; 1186; INTERNAL; 3; 17; 14; 1180
INPUT; 1; 15; 14; 1187; INTERNAL; 3; 17; 14; 1180
INPUT; 1; 15; 14; 1183; INTERNAL; 2; 16; 14; 1138
INPUT; 1; 15; 14; 669; INTERNAL; 2; 16; 14; 1138
INPUT; 1; 15; 14; 448; INTERNAL; 2; 16; 14; 1138
INPUT; 1; 15; 14; 769; INTERNAL; 2; 16; 14; 1138
INPUT; 1; 16; 15; 1191; INTERNAL; 3; 18; 15; 215
INPUT; 1; 16; 15; 1192; INTERNAL; 3; 18; 15; 215
INPUT; 1; 16; 15; 562; INTERNAL; 3; 18; 15; 215
INPUT; 1; 16; 15; 1193; INTERNAL; 3; 18; 15; 215
INTERNAL; 2; 17; 15; 1216; INTERNAL; 3; 18; 15; 215
INPUT; 1; 16; 15; 337; INTERNAL; 2; 17; 15; 1216
INPUT; 1; 16; 15; 1194; INTERNAL; 2; 17; 15; 1216
INPUT; 1; 16; 15; 876; INTERNAL; 2; 17; 15; 1216
INPUT; 1; 16; 15; 1240; INTERNAL; 2; 17; 15; 1216
INPUT; 1; 16; 15; 1194; INTERNAL; 3; 18; 15; 196
INPUT; 1; 16; 15; 337; INTERNAL; 3; 18; 15; 196
INTERNAL; 2; 17; 15; 745; INTERNAL; 3; 18; 15; 196
INTERNAL; 2; 17; 15; 1216; INTERNAL; 3; 18; 15; 196
INPUT; 1; 16; 15; 1240; INTERNAL; 2; 17; 15; 745
INPUT; 1; 16; 15; 876; INTERNAL; 2; 17; 15; 745
INPUT; 1; 16; 15; 1191; INTERNAL; 2; 17; 15; 745
INPUT; 1; 16; 15; 1192; INTERNAL; 2; 17; 15; 745
INPUT; 1; 16; 15; 562; INTERNAL; 2; 17; 15; 745
INPUT; 1; 16; 15; 1193; INTERNAL; 2; 17; 15; 745
INPUT; 1; 16; 15; 425; INTERNAL; 3; 18; 15; 979
INPUT; 1; 16; 15; 1196; INTERNAL; 3; 18; 15; 979
INPUT; 1; 16; 15; 1198; INTERNAL; 3; 18; 15; 979
INPUT; 1; 16; 15; 1095; INTERNAL; 3; 18; 15; 979
INTERNAL; 2; 17; 15; 1202; INTERNAL; 3; 18; 15; 979
INPUT; 1; 16; 15; 1203; INTERNAL; 2; 17; 15; 1202
INPUT; 1; 16; 15; 1205; INTERNAL; 2; 17; 15; 1202
INPUT; 1; 16; 15; 1206; INTERNAL; 2; 17; 15; 1202
INPUT; 1; 16; 15; 1207; INTERNAL; 2; 17; 15; 1202
INTERNAL; 2; 17; 15; 1208; INTERNAL; 3; 18; 15; 326
INPUT; 1; 16; 15; 1203; INTERNAL; 3; 18; 15; 326
INPUT; 1; 16; 15; 1206; INTERNAL; 3; 18; 15; 326
INPUT; 1; 16; 15; 1205; INTERNAL; 3; 18; 15; 326
INPUT; 1; 16; 15; 1207; INTERNAL; 3; 18; 15; 326
INPUT; 1; 16; 15; 425; INTERNAL; 2; 17; 15; 1208
INPUT; 1; 16; 15; 1196; INTERNAL; 2; 17; 15; 1208
INPUT; 1; 16; 15; 1198; INTERNAL; 2; 17; 15; 1208
INPUT; 1; 16; 15; 1095; INTERNAL; 2; 17; 15; 1208
INPUT; 1; 17; 16; 1209; INTERNAL; 3; 18; 15; 274
INPUT; 1; 17; 16; 1210; INTERNAL; 3; 18; 15; 274
INPUT; 1; 17; 16; 312; INTERNAL; 3; 18; 15; 274
INPUT; 1; 17; 16; 1212; INTERNAL; 3; 18; 15; 274
INTERNAL; 2; 17; 15; 339; INTERNAL; 3; 18; 15; 274
INPUT; 1; 16; 15; 1075; INTERNAL; 2; 17; 15; 339
INPUT; 1; 16; 15; 568; INTERNAL; 2; 17; 15; 339
INPUT; 1; 16; 15; 1214; INTERNAL; 2; 17; 15; 339
INPUT; 1; 16; 15; 1148; INTERNAL; 2; 17; 15; 339
INPUT; 1; 16; 15; 568; INTERNAL; 3; 19; 16; 338
INPUT; 1; 16; 15; 1075; INTERNAL; 3; 19; 16; 338
INTERNAL; 2; 18; 16; 498; INTERNAL; 3; 19; 16; 338
INTERNAL; 2; 17; 15; 339; INTERNAL; 3; 19; 16; 338
INPUT; 1; 16; 15; 1148; INTERNAL; 2; 18; 16; 498
INPUT; 1; 16; 15; 1214; INTERNAL; 2; 18; 16; 498
INPUT; 1; 17; 16; 1209; INTERNAL; 2; 18; 16; 498
INPUT; 1; 17; 16; 1210; INTERNAL; 2; 18; 16; 498
INPUT; 1; 17; 16; 312; INTERNAL; 2; 18; 16; 498
INPUT; 1; 17; 16; 1212; INTERNAL; 2; 18; 16; 498
INPUT; 1; 17; 16; 1217; INTERNAL; 3; 19; 16; 216
INPUT; 1; 17; 16; 1171; INTERNAL; 3; 19; 16; 216
INPUT; 1; 17; 16; 1219; INTERNAL; 3; 19; 16; 216
INPUT; 1; 17; 16; 518; INTERNAL; 3; 19; 16; 216
INTERNAL; 2; 18; 16; 1044; INTERNAL; 3; 19; 16; 216
INPUT; 1; 17; 16; 1356; INTERNAL; 2; 18; 16; 1044
INPUT; 1; 17; 16; 1011; INTERNAL; 2; 18; 16; 1044
INPUT; 1; 17; 16; 1220; INTERNAL; 2; 18; 16; 1044
INPUT; 1; 17; 16; 1221; INTERNAL; 2; 18; 16; 1044
INTERNAL; 2; 18; 16; 1232; INTERNAL; 3; 19; 16; 472
INPUT; 1; 17; 16; 1356; INTERNAL; 3; 19; 16; 472
INPUT; 1; 17; 16; 1220; INTERNAL; 3; 19; 16; 472
INPUT; 1; 17; 16; 1011; INTERNAL; 3; 19; 16; 472
INPUT; 1; 17; 16; 1221; INTERNAL; 3; 19; 16; 472
INPUT; 1; 17; 16; 1217; INTERNAL; 2; 18; 16; 1232
INPUT; 1; 17; 16; 1171; INTERNAL; 2; 18; 16; 1232
INPUT; 1; 17; 16; 1219; INTERNAL; 2; 18; 16; 1232
INPUT; 1; 17; 16; 518; INTERNAL; 2; 18; 16; 1232
INPUT; 1; 17; 16; 877; INTERNAL; 3; 19; 16; 879
INPUT; 1; 17; 16; 1004; INTERNAL; 3; 19; 16; 879
INPUT; 1; 17; 16; 1233; INTERNAL; 3; 19; 16; 879
INPUT; 1; 17; 16; 985; INTERNAL; 3; 19; 16; 879
INTERNAL; 2; 18; 16; 1000; INTERNAL; 3; 19; 16; 879
INPUT; 1; 17; 16; 1371; INTERNAL; 2; 18; 16; 1000
INPUT; 1; 17; 16; 253; INTERNAL; 2; 18; 16; 1000
INPUT; 1; 17; 16; 1200; INTERNAL; 2; 18; 16; 1000
INPUT; 1; 17; 16; 728; INTERNAL; 2; 18; 16; 1000
INPUT; 1; 17; 16; 253; INTERNAL; 3; 19; 16; 259
INPUT; 1; 17; 16; 1371; INTERNAL; 3; 19; 16; 259
INTERNAL; 2; 18; 16; 716; INTERNAL; 3; 19; 16; 259
INTERNAL; 2; 18; 16; 1000; INTERNAL; 3; 19; 16; 259
INPUT; 1; 17; 16; 728; INTERNAL; 2; 18; 16; 716
INPUT; 1; 17; 16; 1200; INTERNAL; 2; 18; 16; 716
INPUT; 1; 17; 16; 877; INTERNAL; 2; 18; 16; 716
INPUT; 1; 17; 16; 1004; INTERNAL; 2; 18; 16; 716
INPUT; 1; 17; 16; 1233; INTERNAL; 2; 18; 16; 716
INPUT; 1; 17; 16; 985; INTERNAL; 2; 18; 16; 716
INPUT; 1; 18; 17; 1235; INTERNAL; 3; 20; 17; 676
INPUT; 1; 18; 17; 794; INTERNAL; 3; 20; 17; 676
INPUT; 1; 18; 17; 893; INTERNAL; 3; 20; 17; 676
INPUT; 1; 18; 17; 1303; INTERNAL; 3; 20; 17; 676
INTERNAL; 2; 19; 17; 617; INTERNAL; 3; 20; 17; 676
INPUT; 1; 18; 17; 349; INTERNAL; 2; 19; 17; 617
INPUT; 1; 18; 17; 1236; INTERNAL; 2; 19; 17; 617
INPUT; 1; 18; 17; 1195; INTERNAL; 2; 19; 17; 617
INPUT; 1; 18; 17; 787; INTERNAL; 2; 19; 17; 617
INTERNAL; 2; 19; 17; 1309; INTERNAL; 3; 20; 17; 638
INPUT; 1; 18; 17; 349; INTERNAL; 3; 20; 17; 638
INPUT; 1; 18; 17; 1195; INTERNAL; 3; 20; 17; 638
INPUT; 1; 18; 17; 1236; INTERNAL; 3; 20; 17; 638
INPUT; 1; 18; 17; 787; INTERNAL; 3; 20; 17; 638
INPUT; 1; 18; 17; 1235; INTERNAL; 2; 19; 17; 1309
INPUT; 1; 18; 17; 794; INTERNAL; 2; 19; 17; 1309
INPUT; 1; 18; 17; 893; INTERNAL; 2; 19; 17; 1309
INPUT; 1; 18; 17; 1303; INTERNAL; 2; 19; 17; 1309
INPUT; 1; 18; 17; 1090; INTERNAL; 3; 20; 17; 198
INPUT; 1; 18; 17; 1239; INTERNAL; 3; 20; 17; 198
INPUT; 1; 18; 17; 1242; INTERNAL; 3; 20; 17; 198
INPUT; 1; 18; 17; 1244; INTERNAL; 3; 20; 17; 198
INTERNAL; 2; 19; 17; 836; INTERNAL; 3; 20; 17; 198
INPUT; 1; 18; 17; 341; INTERNAL; 2; 19; 17; 836
INPUT; 1; 18; 17; 1163; INTERNAL; 2; 19; 17; 836
INPUT; 1; 18; 17; 840; INTERNAL; 2; 19; 17; 836
INPUT; 1; 18; 17; 1245; INTERNAL; 2; 19; 17; 836
INPUT; 1; 18; 17; 1163; INTERNAL; 3; 20; 17; 199
INPUT; 1; 18; 17; 341; INTERNAL; 3; 20; 17; 199
INTERNAL; 2; 19; 17; 1246; INTERNAL; 3; 20; 17; 199
INTERNAL; 2; 19; 17; 836; INTERNAL; 3; 20; 17; 199
INPUT; 1; 18; 17; 1245; INTERNAL; 2; 19; 17; 1246
INPUT; 1; 18; 17; 840; INTERNAL; 2; 19; 17; 1246
INPUT; 1; 18; 17; 1090; INTERNAL; 2; 19; 17; 1246
INPUT; 1; 18; 17; 1239; INTERNAL; 2; 19; 17; 1246
INPUT; 1; 18; 17; 1242; INTERNAL; 2; 19; 17; 1246
INPUT; 1; 18; 17; 1244; INTERNAL; 2; 19; 17; 1246
INPUT; 1; 19; 18; 1038; INTERNAL; 3; 20; 17; 882
INPUT; 1; 19; 18; 202; INTERNAL; 3; 20; 17; 882
INPUT; 1; 19; 18; 1247; INTERNAL; 3; 20; 17; 882
INPUT; 1; 19; 18; 207; INTERNAL; 3; 20; 17; 882
INTERNAL; 2; 19; 17; 691; INTERNAL; 3; 20; 17; 882
INPUT; 1; 18; 17; 320; INTERNAL; 2; 19; 17; 691
INPUT; 1; 18; 17; 1248; INTERNAL; 2; 19; 17; 691
INPUT; 1; 18; 17; 1325; INTERNAL; 2; 19; 17; 691
INPUT; 1; 18; 17; 1250; INTERNAL; 2; 19; 17; 691
INPUT; 1; 18; 17; 1325; INTERNAL; 2; 21; 19; 1282
INPUT; 1; 18; 17; 320; INTERNAL; 2; 21; 19; 1282
INPUT; 1; 18; 17; 1248; INTERNAL; 2; 21; 19; 1282
INPUT; 1; 18; 17; 1250; INTERNAL; 2; 21; 19; 1282
INPUT; 1; 19; 18; 1247; INTERNAL; 2; 21; 19; 1282
INPUT; 1; 19; 18; 207; INTERNAL; 2; 21; 19; 1282
INTERNAL; 23; 23; 0; 1010; INTERNAL; 24; 24; 0; 718
INTERNAL; 23; 23; 0; 1253; INTERNAL; 24; 24; 0; 718
INTERNAL; 23; 23; 0; 1254; INTERNAL; 24; 24; 0; 718
INTERNAL; 23; 23; 0; 1256; INTERNAL; 24; 24; 0; 718
INTERNAL; 23; 23; 0; 1258; INTERNAL; 24; 24; 0; 718
INPUT; 1; 2; 1; 903; INTERNAL; 23; 23; 0; 1254
INPUT; 1; 2; 1; 441; INTERNAL; 23; 23; 0; 1254
INTERNAL; 22; 22; 0; 624; INTERNAL; 23; 23; 0; 1254
INPUT; 1; 2; 1; 996; INTERNAL; 23; 23; 0; 1258
INPUT; 1; 2; 1; 682; INTERNAL; 23; 23; 0; 1258
INPUT; 1; 2; 1; 881; INTERNAL; 23; 23; 0; 1258
INPUT; 1; 2; 1; 997; INTERNAL; 23; 23; 0; 1258
INTERNAL; 22; 22; 0; 806; INTERNAL; 23; 23; 0; 1258
INTERNAL; 22; 22; 0; 624; INTERNAL; 23; 23; 0; 1258
INPUT; 1; 2; 1; 996; INTERNAL; 23; 23; 0; 1010
INPUT; 1; 2; 1; 682; INTERNAL; 23; 23; 0; 1010
INPUT; 1; 2; 1; 997; INTERNAL; 23; 23; 0; 1010
INPUT; 1; 2; 1; 881; INTERNAL; 23; 23; 0; 1010
INTERNAL; 22; 22; 0; 806; INTERNAL; 23; 23; 0; 1010
INTERNAL; 22; 22; 0; 624; INTERNAL; 23; 23; 0; 1010
INTERNAL; 22; 22; 0; 540; INTERNAL; 23; 23; 0; 1253
INTERNAL; 22; 22; 0; 1259; INTERNAL; 23; 23; 0; 1253
INTERNAL; 22; 22; 0; 1175; INTERNAL; 23; 23; 0; 1253
INTERNAL; 22; 22; 0; 505; INTERNAL; 23; 23; 0; 1253
INTERNAL; 22; 22; 0; 419; INTERNAL; 23; 23; 0; 1253
INTERNAL; 22; 22; 0; 673; INTERNAL; 23; 23; 0; 1253
INPUT; 1; 1; 0; 1005; INTERNAL; 22; 22; 0; 673
INPUT; 1; 1; 0; 1007; INTERNAL; 22; 22; 0; 673
INTERNAL; 2; 21; 19; 1282; INTERNAL; 22; 22; 0; 673
INPUT; 1; 19; 18; 1038; INTERNAL; 22; 22; 0; 673
INTERNAL; 21; 21; 0; 257; INTERNAL; 22; 22; 0; 673
INPUT; 1; 19; 18; 202; INTERNAL; 22; 22; 0; 673
INPUT; 1; 1; 0; 544; INTERNAL; 22; 22; 0; 540
INPUT; 1; 1; 0; 640; INTERNAL; 22; 22; 0; 540
INTERNAL; 2; 21; 19; 452; INTERNAL; 22; 22; 0; 540
INPUT; 1; 19; 18; 554; INTERNAL; 22; 22; 0; 540
INTERNAL; 21; 21; 0; 1089; INTERNAL; 22; 22; 0; 540
INPUT; 1; 19; 18; 273; INTERNAL; 22; 22; 0; 540
INPUT; 1; 1; 0; 1002; INTERNAL; 22; 22; 0; 419
INPUT; 1; 1; 0; 185; INTERNAL; 22; 22; 0; 419
INTERNAL; 2; 21; 19; 1282; INTERNAL; 22; 22; 0; 419
INPUT; 1; 19; 18; 1038; INTERNAL; 22; 22; 0; 419
INTERNAL; 21; 21; 0; 257; INTERNAL; 22; 22; 0; 419
INPUT; 1; 19; 18; 202; INTERNAL; 22; 22; 0; 419
INPUT; 1; 1; 0; 765; INTERNAL; 22; 22; 0; 1259
INPUT; 1; 1; 0; 1001; INTERNAL; 22; 22; 0; 1259
INTERNAL; 2; 21; 19; 1282; INTERNAL; 22; 22; 0; 1259
INPUT; 1; 19; 18; 1038; INTERNAL; 22; 22; 0; 1259
INTERNAL; 21; 21; 0; 257; INTERNAL; 22; 22; 0; 1259
INPUT; 1; 19; 18; 202; INTERNAL; 22; 22; 0; 1259
INPUT; 1; 1; 0; 1275; INTERNAL; 22; 22; 0; 505
INPUT; 1; 1; 0; 648; INTERNAL; 22; 22; 0; 505
INTERNAL; 2; 21; 19; 452; INTERNAL; 22; 22; 0; 505
INPUT; 1; 19; 18; 554; INTERNAL; 22; 22; 0; 505
INTERNAL; 21; 21; 0; 1089; INTERNAL; 22; 22; 0; 505
INPUT; 1; 19; 18; 273; INTERNAL; 22; 22; 0; 505
INPUT; 1; 1; 0; 603; INTERNAL; 22; 22; 0; 1175
INPUT; 1; 1; 0; 1230; INTERNAL; 22; 22; 0; 1175
INTERNAL; 2; 21; 19; 452; INTERNAL; 22; 22; 0; 1175
INPUT; 1; 19; 18; 554; INTERNAL; 22; 22; 0; 1175
INTERNAL; 21; 21; 0; 1089; INTERNAL; 22; 22; 0; 1175
INPUT; 1; 19; 18; 273; INTERNAL; 22; 22; 0; 1175
INPUT; 1; 2; 1; 991; INTERNAL; 23; 23; 0; 1256
INPUT; 1; 2; 1; 633; INTERNAL; 23; 23; 0; 1256
INTERNAL; 22; 22; 0; 806; INTERNAL; 23; 23; 0; 1256
INPUT; 1; 3; 2; 984; INTERNAL; 23; 24; 1; 539
INPUT; 1; 3; 2; 1016; INTERNAL; 23; 24; 1; 539
INTERNAL; 22; 22; 0; 806; INTERNAL; 23; 24; 1; 539
INPUT; 1; 3; 2; 897; INTERNAL; 23; 24; 1; 873
INPUT; 1; 3; 2; 900; INTERNAL; 23; 24; 1; 873
INTERNAL; 22; 22; 0; 624; INTERNAL; 23; 24; 1; 873
INPUT; 1; 1; 0; 910; INTERNAL; 23; 24; 1; 924
INPUT; 1; 1; 0; 362; INTERNAL; 23; 24; 1; 924
INTERNAL; 22; 22; 0; 624; INTERNAL; 23; 24; 1; 924
INPUT; 1; 1; 0; 583; INTERNAL; 23; 24; 1; 551
INPUT; 1; 1; 0; 913; INTERNAL; 23; 24; 1; 551
INTERNAL; 22; 22; 0; 806; INTERNAL; 23; 24; 1; 551
INPUT; 1; 4; 3; 981; INTERNAL; 25; 25; 0; 432
INPUT; 1; 4; 3; 723; INTERNAL; 25; 25; 0; 432
INTERNAL; 23; 24; 1; 1260; INTERNAL; 25; 25; 0; 432
INTERNAL; 22; 22; 0; 806; INTERNAL; 25; 25; 0; 432
INTERNAL; 24; 24; 0; 589; INTERNAL; 25; 25; 0; 432
INPUT; 1; 3; 2; 629; INTERNAL; 24; 24; 0; 589
INPUT; 1; 3; 2; 715; INTERNAL; 24; 24; 0; 589
INTERNAL; 23; 23; 0; 503; INTERNAL; 24; 24; 0; 589
INTERNAL; 22; 22; 0; 806; INTERNAL; 24; 24; 0; 589
INPUT; 1; 4; 3; 891; INTERNAL; 23; 24; 1; 1260
INPUT; 1; 4; 3; 848; INTERNAL; 23; 24; 1; 1260
INTERNAL; 22; 22; 0; 624; INTERNAL; 23; 24; 1; 1260
INPUT; 1; 3; 2; 707; INTERNAL; 24; 25; 1; 1299
INPUT; 1; 3; 2; 1009; INTERNAL; 24; 25; 1; 1299
INTERNAL; 22; 22; 0; 806; INTERNAL; 24; 25; 1; 1299
INTERNAL; 23; 24; 1; 1262; INTERNAL; 24; 25; 1; 1299
INPUT; 1; 3; 2; 580; INTERNAL; 23; 24; 1; 1262
INPUT; 1; 3; 2; 439; INTERNAL; 23; 24; 1; 1262
INTERNAL; 22; 22; 0; 624; INTERNAL; 23; 24; 1; 1262
INPUT; 1; 4; 3; 981; INTERNAL; 24; 25; 1; 465
INPUT; 1; 4; 3; 723; INTERNAL; 24; 25; 1; 465
INTERNAL; 22; 22; 0; 806; INTERNAL; 24; 25; 1; 465
INTERNAL; 23; 24; 1; 1260; INTERNAL; 24; 25; 1; 465
INPUT; 1; 4; 3; 978; INTERNAL; 23; 25; 2; 431
INPUT; 1; 4; 3; 980; INTERNAL; 23; 25; 2; 431
INTERNAL; 22; 22; 0; 806; INTERNAL; 23; 25; 2; 431
INPUT; 1; 4; 3; 1130; INTERNAL; 23; 25; 2; 559
INPUT; 1; 4; 3; 888; INTERNAL; 23; 25; 2; 559
INTERNAL; 22; 22; 0; 624; INTERNAL; 23; 25; 2; 559
INPUT; 1; 3; 2; 707; INTERNAL; 24; 26; 2; 384
INPUT; 1; 3; 2; 1009; INTERNAL; 24; 26; 2; 384
INTERNAL; 23; 24; 1; 1262; INTERNAL; 24; 26; 2; 384
INTERNAL; 22; 22; 0; 806; INTERNAL; 24; 26; 2; 384
INPUT; 1; 5; 4; 721; INTERNAL; 23; 26; 3; 495
INPUT; 1; 5; 4; 884; INTERNAL; 23; 26; 3; 495
INTERNAL; 22; 22; 0; 624; INTERNAL; 23; 26; 3; 495
INPUT; 1; 5; 4; 321; INTERNAL; 23; 26; 3; 709
INPUT; 1; 5; 4; 400; INTERNAL; 23; 26; 3; 709
INTERNAL; 22; 22; 0; 806; INTERNAL; 23; 26; 3; 709
INPUT; 1; 5; 4; 872; INTERNAL; 23; 26; 3; 461
INPUT; 1; 5; 4; 1048; INTERNAL; 23; 26; 3; 461
INTERNAL; 22; 22; 0; 624; INTERNAL; 23; 26; 3; 461
INPUT; 1; 5; 4; 308; INTERNAL; 23; 26; 3; 821
INPUT; 1; 5; 4; 973; INTERNAL; 23; 26; 3; 821
INTERNAL; 22; 22; 0; 806; INTERNAL; 23; 26; 3; 821
INPUT; 1; 5; 4; 1013; INTERNAL; 24; 27; 3; 1082
INPUT; 1; 5; 4; 871; INTERNAL; 24; 27; 3; 1082
INTERNAL; 22; 22; 0; 806; INTERNAL; 24; 27; 3; 1082
INTERNAL; 23; 26; 3; 402; INTERNAL; 24; 27; 3; 1082
INPUT; 1; 5; 4; 912; INTERNAL; 23; 26; 3; 402
INPUT; 1; 5; 4; 920; INTERNAL; 23; 26; 3; 402
INTERNAL; 22; 22; 0; 624; INTERNAL; 23; 26; 3; 402
INPUT; 1; 6; 5; 570; INTERNAL; 23; 27; 4; 972
INPUT; 1; 6; 5; 675; INTERNAL; 23; 27; 4; 972
INTERNAL; 22; 22; 0; 624; INTERNAL; 23; 27; 4; 972
INPUT; 1; 6; 5; 608; INTERNAL; 23; 27; 4; 434
INPUT; 1; 6; 5; 827; INTERNAL; 23; 27; 4; 434
INTERNAL; 22; 22; 0; 806; INTERNAL; 23; 27; 4; 434
INPUT; 1; 6; 5; 248; INTERNAL; 23; 27; 4; 494
INPUT; 1; 6; 5; 712; INTERNAL; 23; 27; 4; 494
INTERNAL; 22; 22; 0; 624; INTERNAL; 23; 27; 4; 494
INPUT; 1; 6; 5; 969; INTERNAL; 23; 27; 4; 299
INPUT; 1; 6; 5; 960; INTERNAL; 23; 27; 4; 299
INTERNAL; 22; 22; 0; 806; INTERNAL; 23; 27; 4; 299
INPUT; 1; 7; 6; 961; INTERNAL; 25; 28; 3; 262
INPUT; 1; 7; 6; 197; INTERNAL; 25; 28; 3; 262
INTERNAL; 23; 27; 4; 1263; INTERNAL; 25; 28; 3; 262
INTERNAL; 22; 22; 0; 806; INTERNAL; 25; 28; 3; 262
INTERNAL; 24; 27; 3; 962; INTERNAL; 25; 28; 3; 262
INPUT; 1; 5; 4; 1013; INTERNAL; 24; 27; 3; 962
INPUT; 1; 5; 4; 871; INTERNAL; 24; 27; 3; 962
INTERNAL; 23; 26; 3; 402; INTERNAL; 24; 27; 3; 962
INTERNAL; 22; 22; 0; 806; INTERNAL; 24; 27; 3; 962
INPUT; 1; 7; 6; 666; INTERNAL; 23; 27; 4; 1263
INPUT; 1; 7; 6; 811; INTERNAL; 23; 27; 4; 1263
INTERNAL; 22; 22; 0; 624; INTERNAL; 23; 27; 4; 1263
INPUT; 1; 8; 7; 959; INTERNAL; 24; 28; 4; 356
INPUT; 1; 8; 7; 958; INTERNAL; 24; 28; 4; 356
INTERNAL; 22; 22; 0; 806; INTERNAL; 24; 28; 4; 356
INTERNAL; 23; 27; 4; 1266; INTERNAL; 24; 28; 4; 356
INPUT; 1; 8; 7; 753; INTERNAL; 23; 27; 4; 1266
INPUT; 1; 8; 7; 268; INTERNAL; 23; 27; 4; 1266
INTERNAL; 22; 22; 0; 624; INTERNAL; 23; 27; 4; 1266
INPUT; 1; 7; 6; 961; INTERNAL; 24; 28; 4; 637
INPUT; 1; 7; 6; 197; INTERNAL; 24; 28; 4; 637
INTERNAL; 22; 22; 0; 806; INTERNAL; 24; 28; 4; 637
INTERNAL; 23; 27; 4; 1263; INTERNAL; 24; 28; 4; 637
INPUT; 1; 7; 6; 965; INTERNAL; 23; 28; 5; 515
INPUT; 1; 7; 6; 968; INTERNAL; 23; 28; 5; 515
INTERNAL; 22; 22; 0; 806; INTERNAL; 23; 28; 5; 515
INPUT; 1; 7; 6; 484; INTERNAL; 23; 28; 5; 855
INPUT; 1; 7; 6; 916; INTERNAL; 23; 28; 5; 855
INTERNAL; 22; 22; 0; 624; INTERNAL; 23; 28; 5; 855
INPUT; 1; 8; 7; 959; INTERNAL; 24; 29; 5; 481
INPUT; 1; 8; 7; 958; INTERNAL; 24; 29; 5; 481
INTERNAL; 23; 27; 4; 1266; INTERNAL; 24; 29; 5; 481
INTERNAL; 22; 22; 0; 806; INTERNAL; 24; 29; 5; 481
INPUT; 1; 7; 6; 688; INTERNAL; 23; 29; 6; 620
INPUT; 1; 7; 6; 1387; INTERNAL; 23; 29; 6; 620
INTERNAL; 22; 22; 0; 624; INTERNAL; 23; 29; 6; 620
INPUT; 1; 7; 6; 1017; INTERNAL; 23; 29; 6; 686
INPUT; 1; 7; 6; 446; INTERNAL; 23; 29; 6; 686
INTERNAL; 22; 22; 0; 806; INTERNAL; 23; 29; 6; 686
INPUT; 1; 8; 7; 849; INTERNAL; 23; 29; 6; 1364
INPUT; 1; 8; 7; 714; INTERNAL; 23; 29; 6; 1364
INTERNAL; 22; 22; 0; 624; INTERNAL; 23; 29; 6; 1364
INPUT; 1; 8; 7; 382; INTERNAL; 23; 29; 6; 454
INPUT; 1; 8; 7; 188; INTERNAL; 23; 29; 6; 454
INTERNAL; 22; 22; 0; 806; INTERNAL; 23; 29; 6; 454
INPUT; 1; 10; 9; 812; INTERNAL; 24; 30; 6; 514
INPUT; 1; 10; 9; 412; INTERNAL; 24; 30; 6; 514
INTERNAL; 22; 22; 0; 806; INTERNAL; 24; 30; 6; 514
INTERNAL; 23; 29; 6; 1267; INTERNAL; 24; 30; 6; 514
INPUT; 1; 10; 9; 743; INTERNAL; 23; 29; 6; 1267
INPUT; 1; 10; 9; 841; INTERNAL; 23; 29; 6; 1267
INTERNAL; 22; 22; 0; 624; INTERNAL; 23; 29; 6; 1267
INPUT; 1; 9; 8; 844; INTERNAL; 23; 30; 7; 504
INPUT; 1; 9; 8; 588; INTERNAL; 23; 30; 7; 504
INTERNAL; 22; 22; 0; 624; INTERNAL; 23; 30; 7; 504
INPUT; 1; 9; 8; 953; INTERNAL; 23; 30; 7; 1241
INPUT; 1; 9; 8; 854; INTERNAL; 23; 30; 7; 1241
INTERNAL; 22; 22; 0; 806; INTERNAL; 23; 30; 7; 1241
INPUT; 1; 9; 8; 780; INTERNAL; 23; 30; 7; 457
INPUT; 1; 9; 8; 771; INTERNAL; 23; 30; 7; 457
INTERNAL; 22; 22; 0; 624; INTERNAL; 23; 30; 7; 457
INPUT; 1; 9; 8; 742; INTERNAL; 23; 30; 7; 739
INPUT; 1; 9; 8; 226; INTERNAL; 23; 30; 7; 739
INTERNAL; 22; 22; 0; 806; INTERNAL; 23; 30; 7; 739
INPUT; 1; 10; 9; 948; INTERNAL; 25; 31; 6; 528
INPUT; 1; 10; 9; 952; INTERNAL; 25; 31; 6; 528
INTERNAL; 23; 30; 7; 837; INTERNAL; 25; 31; 6; 528
INTERNAL; 22; 22; 0; 806; INTERNAL; 25; 31; 6; 528
INTERNAL; 24; 30; 6; 286; INTERNAL; 25; 31; 6; 528
INPUT; 1; 10; 9; 812; INTERNAL; 24; 30; 6; 286
INPUT; 1; 10; 9; 412; INTERNAL; 24; 30; 6; 286
INTERNAL; 23; 29; 6; 1267; INTERNAL; 24; 30; 6; 286
INTERNAL; 22; 22; 0; 806; INTERNAL; 24; 30; 6; 286
INPUT; 1; 10; 9; 833; INTERNAL; 23; 30; 7; 837
INPUT; 1; 10; 9; 921; INTERNAL; 23; 30; 7; 837
INTERNAL; 22; 22; 0; 624; INTERNAL; 23; 30; 7; 837
INPUT; 1; 11; 10; 946; INTERNAL; 24; 31; 7; 531
INPUT; 1; 11; 10; 1102; INTERNAL; 24; 31; 7; 531
INTERNAL; 22; 22; 0; 806; INTERNAL; 24; 31; 7; 531
INTERNAL; 23; 30; 7; 823; INTERNAL; 24; 31; 7; 531
INPUT; 1; 11; 10; 820; INTERNAL; 23; 30; 7; 823
INPUT; 1; 11; 10; 815; INTERNAL; 23; 30; 7; 823
INTERNAL; 22; 22; 0; 624; INTERNAL; 23; 30; 7; 823
INPUT; 1; 10; 9; 948; INTERNAL; 24; 31; 7; 862
INPUT; 1; 10; 9; 952; INTERNAL; 24; 31; 7; 862
INTERNAL; 22; 22; 0; 806; INTERNAL; 24; 31; 7; 862
INTERNAL; 23; 30; 7; 837; INTERNAL; 24; 31; 7; 862
INPUT; 1; 9; 8; 1019; INTERNAL; 23; 31; 8; 1067
INPUT; 1; 9; 8; 643; INTERNAL; 23; 31; 8; 1067
INTERNAL; 22; 22; 0; 806; INTERNAL; 23; 31; 8; 1067
INPUT; 1; 9; 8; 660; INTERNAL; 23; 31; 8; 524
INPUT; 1; 9; 8; 932; INTERNAL; 23; 31; 8; 524
INTERNAL; 22; 22; 0; 624; INTERNAL; 23; 31; 8; 524
INPUT; 1; 11; 10; 946; INTERNAL; 24; 32; 8; 511
INPUT; 1; 11; 10; 1102; INTERNAL; 24; 32; 8; 511
INTERNAL; 23; 30; 7; 823; INTERNAL; 24; 32; 8; 511
INTERNAL; 22; 22; 0; 806; INTERNAL; 24; 32; 8; 511
INPUT; 1; 12; 11; 956; INTERNAL; 23; 32; 9; 822
INPUT; 1; 12; 11; 892; INTERNAL; 23; 32; 9; 822
INTERNAL; 22; 22; 0; 624; INTERNAL; 23; 32; 9; 822
INPUT; 1; 12; 11; 945; INTERNAL; 23; 32; 9; 685
INPUT; 1; 12; 11; 944; INTERNAL; 23; 32; 9; 685
INTERNAL; 22; 22; 0; 806; INTERNAL; 23; 32; 9; 685
INPUT; 1; 11; 10; 1165; INTERNAL; 23; 32; 9; 838
INPUT; 1; 11; 10; 830; INTERNAL; 23; 32; 9; 838
INTERNAL; 22; 22; 0; 624; INTERNAL; 23; 32; 9; 838
INPUT; 1; 11; 10; 238; INTERNAL; 23; 32; 9; 654
INPUT; 1; 11; 10; 372; INTERNAL; 23; 32; 9; 654
INTERNAL; 22; 22; 0; 806; INTERNAL; 23; 32; 9; 654
INTERNAL; 23; 32; 9; 1272; INTERNAL; 26; 33; 7; 647
INTERNAL; 23; 32; 9; 1276; INTERNAL; 26; 33; 7; 647
INTERNAL; 25; 32; 7; 1277; INTERNAL; 26; 33; 7; 647
INTERNAL; 25; 32; 7; 1281; INTERNAL; 26; 33; 7; 647
INPUT; 1; 9; 8; 818; INTERNAL; 25; 32; 7; 1277
INPUT; 1; 9; 8; 1160; INTERNAL; 25; 32; 7; 1277
INTERNAL; 23; 31; 8; 1283; INTERNAL; 25; 32; 7; 1277
INTERNAL; 22; 22; 0; 806; INTERNAL; 25; 32; 7; 1277
INTERNAL; 24; 31; 7; 641; INTERNAL; 25; 32; 7; 1277
INTERNAL; 23; 30; 7; 1286; INTERNAL; 24; 31; 7; 641
INTERNAL; 23; 30; 7; 1288; INTERNAL; 24; 31; 7; 641
INTERNAL; 23; 30; 7; 762; INTERNAL; 24; 31; 7; 641
INTERNAL; 23; 30; 7; 1109; INTERNAL; 24; 31; 7; 641
INPUT; 1; 9; 8; 1025; INTERNAL; 23; 30; 7; 762
INPUT; 1; 9; 8; 1028; INTERNAL; 23; 30; 7; 762
INTERNAL; 22; 22; 0; 806; INTERNAL; 23; 30; 7; 762
INPUT; 1; 9; 8; 746; INTERNAL; 23; 30; 7; 1109
INPUT; 1; 9; 8; 361; INTERNAL; 23; 30; 7; 1109
INTERNAL; 22; 22; 0; 624; INTERNAL; 23; 30; 7; 1109
INPUT; 1; 10; 9; 429; INTERNAL; 23; 30; 7; 1288
INPUT; 1; 10; 9; 1211; INTERNAL; 23; 30; 7; 1288
INTERNAL; 22; 22; 0; 624; INTERNAL; 23; 30; 7; 1288
INPUT; 1; 10; 9; 230; INTERNAL; 23; 30; 7; 1286
INPUT; 1; 10; 9; 1034; INTERNAL; 23; 30; 7; 1286
INTERNAL; 22; 22; 0; 806; INTERNAL; 23; 30; 7; 1286
INPUT; 1; 9; 8; 644; INTERNAL; 23; 31; 8; 1283
INPUT; 1; 9; 8; 864; INTERNAL; 23; 31; 8; 1283
INTERNAL; 22; 22; 0; 624; INTERNAL; 23; 31; 8; 1283
INTERNAL; 23; 31; 8; 1285; INTERNAL; 25; 32; 7; 1281
INTERNAL; 23; 31; 8; 1292; INTERNAL; 25; 32; 7; 1281
INTERNAL; 23; 31; 8; 1156; INTERNAL; 25; 32; 7; 1281
INTERNAL; 23; 31; 8; 789; INTERNAL; 25; 32; 7; 1281
INTERNAL; 24; 31; 7; 1294; INTERNAL; 25; 32; 7; 1281
INTERNAL; 23; 30; 7; 414; INTERNAL; 24; 31; 7; 1294
INTERNAL; 23; 30; 7; 1197; INTERNAL; 24; 31; 7; 1294
INTERNAL; 23; 30; 7; 825; INTERNAL; 24; 31; 7; 1294
INTERNAL; 23; 30; 7; 1295; INTERNAL; 24; 31; 7; 1294
INTERNAL; 23; 30; 7; 474; INTERNAL; 24; 31; 7; 1294
INTERNAL; 23; 30; 7; 1296; INTERNAL; 24; 31; 7; 1294
INPUT; 1; 10; 9; 569; INTERNAL; 23; 30; 7; 1296
INPUT; 1; 10; 9; 399; INTERNAL; 23; 30; 7; 1296
INTERNAL; 22; 22; 0; 624; INTERNAL; 23; 30; 7; 1296
INPUT; 1; 10; 9; 1037; INTERNAL; 23; 30; 7; 474
INPUT; 1; 10; 9; 449; INTERNAL; 23; 30; 7; 474
INTERNAL; 22; 22; 0; 806; INTERNAL; 23; 30; 7; 474
INPUT; 1; 10; 9; 1084; INTERNAL; 23; 30; 7; 825
INPUT; 1; 10; 9; 1031; INTERNAL; 23; 30; 7; 825
INTERNAL; 22; 22; 0; 806; INTERNAL; 23; 30; 7; 825
INPUT; 1; 10; 9; 834; INTERNAL; 23; 30; 7; 1295
INPUT; 1; 10; 9; 730; INTERNAL; 23; 30; 7; 1295
INTERNAL; 22; 22; 0; 624; INTERNAL; 23; 30; 7; 1295
INPUT; 1; 11; 10; 697; INTERNAL; 23; 30; 7; 1197
INPUT; 1; 11; 10; 407; INTERNAL; 23; 30; 7; 1197
INTERNAL; 22; 22; 0; 624; INTERNAL; 23; 30; 7; 1197
INPUT; 1; 11; 10; 1068; INTERNAL; 23; 30; 7; 414
INPUT; 1; 11; 10; 1032; INTERNAL; 23; 30; 7; 414
INTERNAL; 22; 22; 0; 806; INTERNAL; 23; 30; 7; 414
INPUT; 1; 11; 10; 393; INTERNAL; 23; 31; 8; 1156
INPUT; 1; 11; 10; 406; INTERNAL; 23; 31; 8; 1156
INTERNAL; 22; 22; 0; 624; INTERNAL; 23; 31; 8; 1156
INPUT; 1; 11; 10; 1042; INTERNAL; 23; 31; 8; 789
INPUT; 1; 11; 10; 496; INTERNAL; 23; 31; 8; 789
INTERNAL; 22; 22; 0; 806; INTERNAL; 23; 31; 8; 789
INPUT; 1; 10; 9; 803; INTERNAL; 23; 31; 8; 1285
INPUT; 1; 10; 9; 1039; INTERNAL; 23; 31; 8; 1285
INTERNAL; 22; 22; 0; 806; INTERNAL; 23; 31; 8; 1285
INPUT; 1; 10; 9; 680; INTERNAL; 23; 31; 8; 1292
INPUT; 1; 10; 9; 689; INTERNAL; 23; 31; 8; 1292
INTERNAL; 22; 22; 0; 624; INTERNAL; 23; 31; 8; 1292
INPUT; 1; 10; 9; 663; INTERNAL; 23; 32; 9; 1276
INPUT; 1; 10; 9; 634; INTERNAL; 23; 32; 9; 1276
INTERNAL; 22; 22; 0; 624; INTERNAL; 23; 32; 9; 1276
INPUT; 1; 10; 9; 1035; INTERNAL; 23; 32; 9; 1272
INPUT; 1; 10; 9; 594; INTERNAL; 23; 32; 9; 1272
INTERNAL; 22; 22; 0; 806; INTERNAL; 23; 32; 9; 1272
INPUT; 1; 11; 10; 1023; INTERNAL; 24; 33; 9; 458
INPUT; 1; 11; 10; 874; INTERNAL; 24; 33; 9; 458
INTERNAL; 22; 22; 0; 806; INTERNAL; 24; 33; 9; 458
INTERNAL; 23; 32; 9; 998; INTERNAL; 24; 33; 9; 458
INPUT; 1; 11; 10; 282; INTERNAL; 23; 32; 9; 998
INPUT; 1; 11; 10; 1143; INTERNAL; 23; 32; 9; 998
INTERNAL; 22; 22; 0; 624; INTERNAL; 23; 32; 9; 998
INPUT; 1; 11; 10; 1023; INTERNAL; 24; 33; 9; 668
INPUT; 1; 11; 10; 874; INTERNAL; 24; 33; 9; 668
INTERNAL; 23; 31; 8; 789; INTERNAL; 24; 33; 9; 668
INTERNAL; 23; 31; 8; 1156; INTERNAL; 24; 33; 9; 668
INTERNAL; 23; 32; 9; 998; INTERNAL; 24; 33; 9; 668
INTERNAL; 22; 22; 0; 806; INTERNAL; 24; 33; 9; 668
INPUT; 1; 12; 11; 480; INTERNAL; 23; 33; 10; 593
INPUT; 1; 12; 11; 280; INTERNAL; 23; 33; 10; 593
INTERNAL; 22; 22; 0; 624; INTERNAL; 23; 33; 10; 593
INPUT; 1; 12; 11; 943; INTERNAL; 23; 33; 10; 1201
INPUT; 1; 12; 11; 1377; INTERNAL; 23; 33; 10; 1201
INTERNAL; 22; 22; 0; 806; INTERNAL; 23; 33; 10; 1201
INTERNAL; 25; 33; 8; 679; INTERNAL; 28; 34; 6; 734
INTERNAL; 23; 31; 8; 1298; INTERNAL; 28; 34; 6; 734
INTERNAL; 23; 31; 8; 1300; INTERNAL; 28; 34; 6; 734
INTERNAL; 23; 31; 8; 1302; INTERNAL; 28; 34; 6; 734
INTERNAL; 23; 31; 8; 592; INTERNAL; 28; 34; 6; 734
INTERNAL; 27; 33; 6; 201; INTERNAL; 28; 34; 6; 734
INTERNAL; 25; 32; 7; 277; INTERNAL; 27; 33; 6; 201
INTERNAL; 23; 30; 7; 1121; INTERNAL; 27; 33; 6; 201
INTERNAL; 23; 30; 7; 1046; INTERNAL; 27; 33; 6; 201
INTERNAL; 23; 30; 7; 1305; INTERNAL; 27; 33; 6; 201
INTERNAL; 23; 30; 7; 1261; INTERNAL; 27; 33; 6; 201
INTERNAL; 26; 32; 6; 1306; INTERNAL; 27; 33; 6; 201
INTERNAL; 23; 31; 8; 1298; INTERNAL; 26; 32; 6; 1306
INTERNAL; 23; 31; 8; 1300; INTERNAL; 26; 32; 6; 1306
INTERNAL; 23; 31; 8; 1302; INTERNAL; 26; 32; 6; 1306
INTERNAL; 23; 31; 8; 592; INTERNAL; 26; 32; 6; 1306
INTERNAL; 25; 31; 6; 1307; INTERNAL; 26; 32; 6; 1306
INPUT; 1; 11; 10; 1087; INTERNAL; 25; 31; 6; 1307
INPUT; 1; 11; 10; 724; INTERNAL; 25; 31; 6; 1307
INTERNAL; 23; 30; 7; 674; INTERNAL; 25; 31; 6; 1307
INTERNAL; 22; 22; 0; 806; INTERNAL; 25; 31; 6; 1307
INTERNAL; 24; 30; 6; 797; INTERNAL; 25; 31; 6; 1307
INPUT; 1; 11; 10; 1081; INTERNAL; 24; 30; 6; 797
INPUT; 1; 11; 10; 1085; INTERNAL; 24; 30; 6; 797
INTERNAL; 22; 22; 0; 806; INTERNAL; 24; 30; 6; 797
INTERNAL; 23; 29; 6; 1287; INTERNAL; 24; 30; 6; 797
INPUT; 1; 11; 10; 370; INTERNAL; 23; 29; 6; 1287
INPUT; 1; 11; 10; 401; INTERNAL; 23; 29; 6; 1287
INTERNAL; 22; 22; 0; 624; INTERNAL; 23; 29; 6; 1287
INPUT; 1; 11; 10; 584; INTERNAL; 23; 30; 7; 674
INPUT; 1; 11; 10; 889; INTERNAL; 23; 30; 7; 674
INTERNAL; 22; 22; 0; 624; INTERNAL; 23; 30; 7; 674
INPUT; 1; 10; 9; 479; INTERNAL; 23; 31; 8; 1302
INPUT; 1; 10; 9; 793; INTERNAL; 23; 31; 8; 1302
INTERNAL; 22; 22; 0; 624; INTERNAL; 23; 31; 8; 1302
INPUT; 1; 10; 9; 1029; INTERNAL; 23; 31; 8; 592
INPUT; 1; 10; 9; 486; INTERNAL; 23; 31; 8; 592
INTERNAL; 22; 22; 0; 806; INTERNAL; 23; 31; 8; 592
INPUT; 1; 10; 9; 758; INTERNAL; 23; 31; 8; 1298
INPUT; 1; 10; 9; 1092; INTERNAL; 23; 31; 8; 1298
INTERNAL; 22; 22; 0; 806; INTERNAL; 23; 31; 8; 1298
INPUT; 1; 10; 9; 367; INTERNAL; 23; 31; 8; 1300
INPUT; 1; 10; 9; 525; INTERNAL; 23; 31; 8; 1300
INTERNAL; 22; 22; 0; 624; INTERNAL; 23; 31; 8; 1300
INPUT; 1; 11; 10; 1094; INTERNAL; 25; 32; 7; 277
INPUT; 1; 11; 10; 1093; INTERNAL; 25; 32; 7; 277
INTERNAL; 24; 31; 7; 561; INTERNAL; 25; 32; 7; 277
INTERNAL; 23; 31; 8; 1052; INTERNAL; 25; 32; 7; 277
INTERNAL; 22; 22; 0; 806; INTERNAL; 25; 32; 7; 277
INTERNAL; 24; 31; 7; 652; INTERNAL; 25; 32; 7; 277
INTERNAL; 23; 30; 7; 1305; INTERNAL; 24; 31; 7; 652
INTERNAL; 23; 30; 7; 1121; INTERNAL; 24; 31; 7; 652
INTERNAL; 23; 30; 7; 1261; INTERNAL; 24; 31; 7; 652
INTERNAL; 23; 30; 7; 1046; INTERNAL; 24; 31; 7; 652
INPUT; 1; 11; 10; 635; INTERNAL; 23; 30; 7; 1261
INPUT; 1; 11; 10; 963; INTERNAL; 23; 30; 7; 1261
INTERNAL; 22; 22; 0; 806; INTERNAL; 23; 30; 7; 1261
INPUT; 1; 11; 10; 906; INTERNAL; 23; 30; 7; 1046
INPUT; 1; 11; 10; 609; INTERNAL; 23; 30; 7; 1046
INTERNAL; 22; 22; 0; 624; INTERNAL; 23; 30; 7; 1046
INPUT; 1; 11; 10; 371; INTERNAL; 23; 30; 7; 1121
INPUT; 1; 11; 10; 630; INTERNAL; 23; 30; 7; 1121
INTERNAL; 22; 22; 0; 624; INTERNAL; 23; 30; 7; 1121
INPUT; 1; 11; 10; 1077; INTERNAL; 23; 30; 7; 1305
INPUT; 1; 11; 10; 1074; INTERNAL; 23; 30; 7; 1305
INTERNAL; 22; 22; 0; 806; INTERNAL; 23; 30; 7; 1305
INPUT; 1; 11; 10; 241; INTERNAL; 24; 31; 7; 561
INPUT; 1; 11; 10; 288; INTERNAL; 24; 31; 7; 561
INTERNAL; 23; 30; 7; 1310; INTERNAL; 24; 31; 7; 561
INTERNAL; 22; 22; 0; 806; INTERNAL; 24; 31; 7; 561
INPUT; 1; 11; 10; 516; INTERNAL; 23; 30; 7; 1310
INPUT; 1; 11; 10; 365; INTERNAL; 23; 30; 7; 1310
INTERNAL; 22; 22; 0; 624; INTERNAL; 23; 30; 7; 1310
INPUT; 1; 11; 10; 488; INTERNAL; 23; 31; 8; 1052
INPUT; 1; 11; 10; 270; INTERNAL; 23; 31; 8; 1052
INTERNAL; 22; 22; 0; 624; INTERNAL; 23; 31; 8; 1052
INPUT; 1; 11; 10; 1087; INTERNAL; 25; 33; 8; 679
INPUT; 1; 11; 10; 724; INTERNAL; 25; 33; 8; 679
INTERNAL; 24; 32; 8; 1311; INTERNAL; 25; 33; 8; 679
INTERNAL; 23; 30; 7; 674; INTERNAL; 25; 33; 8; 679
INTERNAL; 24; 30; 6; 797; INTERNAL; 25; 33; 8; 679
INTERNAL; 22; 22; 0; 806; INTERNAL; 25; 33; 8; 679
INPUT; 1; 11; 10; 1081; INTERNAL; 24; 32; 8; 1311
INPUT; 1; 11; 10; 1085; INTERNAL; 24; 32; 8; 1311
INTERNAL; 23; 31; 8; 1298; INTERNAL; 24; 32; 8; 1311
INTERNAL; 23; 31; 8; 1300; INTERNAL; 24; 32; 8; 1311
INTERNAL; 23; 29; 6; 1287; INTERNAL; 24; 32; 8; 1311
INTERNAL; 22; 22; 0; 806; INTERNAL; 24; 32; 8; 1311
INTERNAL; 25; 32; 7; 1277; INTERNAL; 27; 34; 7; 783
INTERNAL; 26; 33; 7; 1312; INTERNAL; 27; 34; 7; 783
INTERNAL; 23; 32; 9; 1272; INTERNAL; 27; 34; 7; 783
INTERNAL; 23; 32; 9; 1276; INTERNAL; 27; 34; 7; 783
INTERNAL; 24; 33; 9; 1313; INTERNAL; 27; 34; 7; 783
INTERNAL; 24; 33; 9; 1314; INTERNAL; 27; 34; 7; 783
INTERNAL; 25; 32; 7; 1315; INTERNAL; 26; 33; 7; 1312
INTERNAL; 23; 30; 7; 1197; INTERNAL; 26; 33; 7; 1312
INTERNAL; 23; 30; 7; 1295; INTERNAL; 26; 33; 7; 1312
INTERNAL; 23; 30; 7; 414; INTERNAL; 26; 33; 7; 1312
INTERNAL; 23; 30; 7; 825; INTERNAL; 26; 33; 7; 1312
INTERNAL; 23; 31; 8; 1292; INTERNAL; 25; 32; 7; 1315
INTERNAL; 23; 31; 8; 1285; INTERNAL; 25; 32; 7; 1315
INTERNAL; 23; 30; 7; 1296; INTERNAL; 25; 32; 7; 1315
INTERNAL; 23; 30; 7; 474; INTERNAL; 25; 32; 7; 1315
INTERNAL; 24; 31; 7; 1294; INTERNAL; 25; 32; 7; 1315
INTERNAL; 23; 30; 7; 1288; INTERNAL; 24; 33; 9; 1313
INTERNAL; 23; 30; 7; 1286; INTERNAL; 24; 33; 9; 1313
INPUT; 1; 9; 8; 1160; INTERNAL; 24; 33; 9; 1314
INPUT; 1; 9; 8; 818; INTERNAL; 24; 33; 9; 1314
INTERNAL; 23; 31; 8; 1283; INTERNAL; 24; 33; 9; 1314
INTERNAL; 23; 30; 7; 1109; INTERNAL; 24; 33; 9; 1314
INTERNAL; 23; 30; 7; 762; INTERNAL; 24; 33; 9; 1314
INTERNAL; 22; 22; 0; 806; INTERNAL; 24; 33; 9; 1314
INTERNAL; 23; 33; 10; 850; INTERNAL; 27; 34; 7; 595
INTERNAL; 23; 33; 10; 799; INTERNAL; 27; 34; 7; 595
INTERNAL; 26; 33; 7; 396; INTERNAL; 27; 34; 7; 595
INTERNAL; 25; 33; 8; 1133; INTERNAL; 27; 34; 7; 595
INTERNAL; 23; 31; 8; 1316; INTERNAL; 26; 33; 7; 396
INTERNAL; 23; 31; 8; 289; INTERNAL; 26; 33; 7; 396
INTERNAL; 23; 31; 8; 538; INTERNAL; 26; 33; 7; 396
INTERNAL; 23; 31; 8; 1317; INTERNAL; 26; 33; 7; 396
INTERNAL; 25; 32; 7; 520; INTERNAL; 26; 33; 7; 396
INPUT; 1; 11; 10; 1065; INTERNAL; 25; 32; 7; 520
INPUT; 1; 11; 10; 1066; INTERNAL; 25; 32; 7; 520
INTERNAL; 23; 31; 8; 573; INTERNAL; 25; 32; 7; 520
INTERNAL; 22; 22; 0; 806; INTERNAL; 25; 32; 7; 520
INTERNAL; 24; 31; 7; 555; INTERNAL; 25; 32; 7; 520
INTERNAL; 23; 30; 7; 575; INTERNAL; 24; 31; 7; 555
INTERNAL; 23; 30; 7; 1021; INTERNAL; 24; 31; 7; 555
INPUT; 1; 11; 10; 378; INTERNAL; 23; 30; 7; 1021
INPUT; 1; 11; 10; 929; INTERNAL; 23; 30; 7; 1021
INTERNAL; 22; 22; 0; 624; INTERNAL; 23; 30; 7; 1021
INPUT; 1; 11; 10; 970; INTERNAL; 23; 30; 7; 575
INPUT; 1; 11; 10; 1069; INTERNAL; 23; 30; 7; 575
INTERNAL; 22; 22; 0; 806; INTERNAL; 23; 30; 7; 575
INPUT; 1; 11; 10; 381; INTERNAL; 23; 31; 8; 573
INPUT; 1; 11; 10; 1359; INTERNAL; 23; 31; 8; 573
INTERNAL; 22; 22; 0; 624; INTERNAL; 23; 31; 8; 573
INPUT; 1; 11; 10; 389; INTERNAL; 23; 31; 8; 538
INPUT; 1; 11; 10; 387; INTERNAL; 23; 31; 8; 538
INTERNAL; 22; 22; 0; 624; INTERNAL; 23; 31; 8; 538
INPUT; 1; 11; 10; 500; INTERNAL; 23; 31; 8; 1317
INPUT; 1; 11; 10; 1047; INTERNAL; 23; 31; 8; 1317
INTERNAL; 22; 22; 0; 806; INTERNAL; 23; 31; 8; 1317
INPUT; 1; 11; 10; 1112; INTERNAL; 23; 31; 8; 289
INPUT; 1; 11; 10; 427; INTERNAL; 23; 31; 8; 289
INTERNAL; 22; 22; 0; 624; INTERNAL; 23; 31; 8; 289
INPUT; 1; 11; 10; 189; INTERNAL; 23; 31; 8; 1316
INPUT; 1; 11; 10; 1049; INTERNAL; 23; 31; 8; 1316
INTERNAL; 22; 22; 0; 806; INTERNAL; 23; 31; 8; 1316
INPUT; 1; 10; 9; 786; INTERNAL; 25; 33; 8; 1133
INPUT; 1; 10; 9; 1058; INTERNAL; 25; 33; 8; 1133
INTERNAL; 23; 32; 9; 683; INTERNAL; 25; 33; 8; 1133
INTERNAL; 22; 22; 0; 806; INTERNAL; 25; 33; 8; 1133
INTERNAL; 24; 32; 8; 464; INTERNAL; 25; 33; 8; 1133
INTERNAL; 23; 31; 8; 890; INTERNAL; 24; 32; 8; 464
INTERNAL; 23; 31; 8; 1319; INTERNAL; 24; 32; 8; 464
INTERNAL; 23; 31; 8; 1318; INTERNAL; 24; 32; 8; 464
INTERNAL; 23; 31; 8; 470; INTERNAL; 24; 32; 8; 464
INPUT; 1; 10; 9; 1060; INTERNAL; 23; 31; 8; 1318
INPUT; 1; 10; 9; 1064; INTERNAL; 23; 31; 8; 1318
INTERNAL; 22; 22; 0; 806; INTERNAL; 23; 31; 8; 1318
INPUT; 1; 10; 9; 383; INTERNAL; 23; 31; 8; 470
INPUT; 1; 10; 9; 1022; INTERNAL; 23; 31; 8; 470
INTERNAL; 22; 22; 0; 624; INTERNAL; 23; 31; 8; 470
INPUT; 1; 10; 9; 759; INTERNAL; 23; 31; 8; 1319
INPUT; 1; 10; 9; 894; INTERNAL; 23; 31; 8; 1319
INTERNAL; 22; 22; 0; 624; INTERNAL; 23; 31; 8; 1319
INPUT; 1; 10; 9; 1051; INTERNAL; 23; 31; 8; 890
INPUT; 1; 10; 9; 1374; INTERNAL; 23; 31; 8; 890
INTERNAL; 22; 22; 0; 806; INTERNAL; 23; 31; 8; 890
INPUT; 1; 10; 9; 386; INTERNAL; 23; 32; 9; 683
INPUT; 1; 10; 9; 385; INTERNAL; 23; 32; 9; 683
INTERNAL; 22; 22; 0; 624; INTERNAL; 23; 32; 9; 683
INPUT; 1; 10; 9; 923; INTERNAL; 23; 33; 10; 799
INPUT; 1; 10; 9; 267; INTERNAL; 23; 33; 10; 799
INTERNAL; 22; 22; 0; 624; INTERNAL; 23; 33; 10; 799
INPUT; 1; 10; 9; 1056; INTERNAL; 23; 33; 10; 850
INPUT; 1; 10; 9; 1053; INTERNAL; 23; 33; 10; 850
INTERNAL; 22; 22; 0; 806; INTERNAL; 23; 33; 10; 850
INPUT; 1; 11; 10; 241; INTERNAL; 27; 34; 7; 549
INPUT; 1; 11; 10; 288; INTERNAL; 27; 34; 7; 549
INTERNAL; 23; 30; 7; 1310; INTERNAL; 27; 34; 7; 549
INTERNAL; 22; 22; 0; 806; INTERNAL; 27; 34; 7; 549
INTERNAL; 26; 32; 6; 1306; INTERNAL; 27; 34; 7; 549
INTERNAL; 25; 33; 8; 987; INTERNAL; 27; 34; 7; 549
INPUT; 1; 11; 10; 1093; INTERNAL; 25; 33; 8; 987
INPUT; 1; 11; 10; 1094; INTERNAL; 25; 33; 8; 987
INTERNAL; 23; 31; 8; 1052; INTERNAL; 25; 33; 8; 987
INTERNAL; 22; 22; 0; 806; INTERNAL; 25; 33; 8; 987
INTERNAL; 24; 31; 7; 652; INTERNAL; 25; 33; 8; 987
INTERNAL; 25; 33; 8; 1133; INTERNAL; 26; 34; 8; 526
INTERNAL; 25; 33; 8; 1062; INTERNAL; 26; 34; 8; 526
INTERNAL; 23; 33; 10; 850; INTERNAL; 26; 34; 8; 526
INTERNAL; 23; 33; 10; 799; INTERNAL; 26; 34; 8; 526
INTERNAL; 24; 33; 9; 271; INTERNAL; 26; 34; 8; 526
INTERNAL; 24; 33; 9; 610; INTERNAL; 26; 34; 8; 526
INPUT; 1; 11; 10; 1066; INTERNAL; 25; 33; 8; 1062
INPUT; 1; 11; 10; 1065; INTERNAL; 25; 33; 8; 1062
INTERNAL; 23; 31; 8; 573; INTERNAL; 25; 33; 8; 1062
INTERNAL; 24; 32; 8; 598; INTERNAL; 25; 33; 8; 1062
INTERNAL; 24; 31; 7; 555; INTERNAL; 25; 33; 8; 1062
INTERNAL; 22; 22; 0; 806; INTERNAL; 25; 33; 8; 1062
INTERNAL; 23; 30; 7; 1021; INTERNAL; 24; 32; 8; 598
INTERNAL; 23; 30; 7; 575; INTERNAL; 24; 32; 8; 598
INTERNAL; 23; 31; 8; 538; INTERNAL; 24; 32; 8; 598
INTERNAL; 23; 31; 8; 289; INTERNAL; 24; 32; 8; 598
INTERNAL; 23; 31; 8; 1317; INTERNAL; 24; 32; 8; 598
INTERNAL; 23; 31; 8; 1316; INTERNAL; 24; 32; 8; 598
INTERNAL; 23; 31; 8; 1319; INTERNAL; 24; 33; 9; 271
INTERNAL; 23; 31; 8; 890; INTERNAL; 24; 33; 9; 271
INPUT; 1; 10; 9; 1058; INTERNAL; 24; 33; 9; 610
INPUT; 1; 10; 9; 786; INTERNAL; 24; 33; 9; 610
INTERNAL; 23; 32; 9; 683; INTERNAL; 24; 33; 9; 610
INTERNAL; 23; 31; 8; 470; INTERNAL; 24; 33; 9; 610
INTERNAL; 23; 31; 8; 1318; INTERNAL; 24; 33; 9; 610
INTERNAL; 22; 22; 0; 806; INTERNAL; 24; 33; 9; 610
INTERNAL; 23; 34; 11; 1322; INTERNAL; 27; 35; 8; 713
INTERNAL; 23; 34; 11; 357; INTERNAL; 27; 35; 8; 713
INTERNAL; 26; 34; 8; 1308; INTERNAL; 27; 35; 8; 713
INTERNAL; 25; 34; 9; 1129; INTERNAL; 27; 35; 8; 713
INTERNAL; 23; 32; 9; 209; INTERNAL; 26; 34; 8; 1308
INTERNAL; 23; 32; 9; 791; INTERNAL; 26; 34; 8; 1308
INTERNAL; 23; 32; 9; 1323; INTERNAL; 26; 34; 8; 1308
INTERNAL; 23; 32; 9; 211; INTERNAL; 26; 34; 8; 1308
INTERNAL; 25; 33; 8; 1324; INTERNAL; 26; 34; 8; 1308
INPUT; 1; 12; 11; 1111; INTERNAL; 25; 33; 8; 1324
INPUT; 1; 12; 11; 1114; INTERNAL; 25; 33; 8; 1324
INTERNAL; 23; 32; 9; 1326; INTERNAL; 25; 33; 8; 1324
INTERNAL; 22; 22; 0; 806; INTERNAL; 25; 33; 8; 1324
INTERNAL; 24; 32; 8; 1327; INTERNAL; 25; 33; 8; 1324
INTERNAL; 23; 31; 8; 636; INTERNAL; 24; 32; 8; 1327
INTERNAL; 23; 31; 8; 1328; INTERNAL; 24; 32; 8; 1327
INPUT; 1; 12; 11; 1072; INTERNAL; 23; 31; 8; 1328
INPUT; 1; 12; 11; 366; INTERNAL; 23; 31; 8; 1328
INTERNAL; 22; 22; 0; 624; INTERNAL; 23; 31; 8; 1328
INPUT; 1; 12; 11; 391; INTERNAL; 23; 31; 8; 636
INPUT; 1; 12; 11; 1115; INTERNAL; 23; 31; 8; 636
INTERNAL; 22; 22; 0; 806; INTERNAL; 23; 31; 8; 636
INPUT; 1; 12; 11; 344; INTERNAL; 23; 32; 9; 1326
INPUT; 1; 12; 11; 814; INTERNAL; 23; 32; 9; 1326
INTERNAL; 22; 22; 0; 624; INTERNAL; 23; 32; 9; 1326
INPUT; 1; 12; 11; 360; INTERNAL; 23; 32; 9; 1323
INPUT; 1; 12; 11; 1367; INTERNAL; 23; 32; 9; 1323
INTERNAL; 22; 22; 0; 624; INTERNAL; 23; 32; 9; 1323
INPUT; 1; 12; 11; 1098; INTERNAL; 23; 32; 9; 211
INPUT; 1; 12; 11; 1099; INTERNAL; 23; 32; 9; 211
INTERNAL; 22; 22; 0; 806; INTERNAL; 23; 32; 9; 211
INPUT; 1; 12; 11; 788; INTERNAL; 23; 32; 9; 791
INPUT; 1; 12; 11; 358; INTERNAL; 23; 32; 9; 791
INTERNAL; 22; 22; 0; 624; INTERNAL; 23; 32; 9; 791
INPUT; 1; 12; 11; 933; INTERNAL; 23; 32; 9; 209
INPUT; 1; 12; 11; 1100; INTERNAL; 23; 32; 9; 209
INTERNAL; 22; 22; 0; 806; INTERNAL; 23; 32; 9; 209
INPUT; 1; 11; 10; 1127; INTERNAL; 25; 34; 9; 1129
INPUT; 1; 11; 10; 1106; INTERNAL; 25; 34; 9; 1129
INTERNAL; 23; 33; 10; 1265; INTERNAL; 25; 34; 9; 1129
INTERNAL; 22; 22; 0; 806; INTERNAL; 25; 34; 9; 1129
INTERNAL; 24; 33; 9; 1329; INTERNAL; 25; 34; 9; 1129
INTERNAL; 23; 32; 9; 1332; INTERNAL; 24; 33; 9; 1329
INTERNAL; 23; 32; 9; 1334; INTERNAL; 24; 33; 9; 1329
INTERNAL; 23; 32; 9; 410; INTERNAL; 24; 33; 9; 1329
INTERNAL; 23; 32; 9; 1280; INTERNAL; 24; 33; 9; 1329
INPUT; 1; 11; 10; 1108; INTERNAL; 23; 32; 9; 410
INPUT; 1; 11; 10; 1110; INTERNAL; 23; 32; 9; 410
INTERNAL; 22; 22; 0; 806; INTERNAL; 23; 32; 9; 410
INPUT; 1; 11; 10; 346; INTERNAL; 23; 32; 9; 1280
INPUT; 1; 11; 10; 345; INTERNAL; 23; 32; 9; 1280
INTERNAL; 22; 22; 0; 624; INTERNAL; 23; 32; 9; 1280
INPUT; 1; 11; 10; 898; INTERNAL; 23; 32; 9; 1334
INPUT; 1; 11; 10; 456; INTERNAL; 23; 32; 9; 1334
INTERNAL; 22; 22; 0; 624; INTERNAL; 23; 32; 9; 1334
INPUT; 1; 11; 10; 1101; INTERNAL; 23; 32; 9; 1332
INPUT; 1; 11; 10; 1014; INTERNAL; 23; 32; 9; 1332
INTERNAL; 22; 22; 0; 806; INTERNAL; 23; 32; 9; 1332
INPUT; 1; 11; 10; 1003; INTERNAL; 23; 33; 10; 1265
INPUT; 1; 11; 10; 347; INTERNAL; 23; 33; 10; 1265
INTERNAL; 22; 22; 0; 624; INTERNAL; 23; 33; 10; 1265
INPUT; 1; 11; 10; 860; INTERNAL; 23; 34; 11; 357
INPUT; 1; 11; 10; 353; INTERNAL; 23; 34; 11; 357
INTERNAL; 22; 22; 0; 624; INTERNAL; 23; 34; 11; 357
INPUT; 1; 11; 10; 545; INTERNAL; 23; 34; 11; 1322
INPUT; 1; 11; 10; 1113; INTERNAL; 23; 34; 11; 1322
INTERNAL; 22; 22; 0; 806; INTERNAL; 23; 34; 11; 1322
INTERNAL; 25; 34; 9; 1129; INTERNAL; 26; 35; 9; 618
INTERNAL; 25; 34; 9; 1336; INTERNAL; 26; 35; 9; 618
INTERNAL; 23; 34; 11; 1322; INTERNAL; 26; 35; 9; 618
INTERNAL; 23; 34; 11; 357; INTERNAL; 26; 35; 9; 618
INTERNAL; 24; 34; 10; 887; INTERNAL; 26; 35; 9; 618
INTERNAL; 24; 34; 10; 667; INTERNAL; 26; 35; 9; 618
INPUT; 1; 12; 11; 1114; INTERNAL; 25; 34; 9; 1336
INPUT; 1; 12; 11; 1111; INTERNAL; 25; 34; 9; 1336
INTERNAL; 23; 32; 9; 1326; INTERNAL; 25; 34; 9; 1336
INTERNAL; 24; 33; 9; 1041; INTERNAL; 25; 34; 9; 1336
INTERNAL; 24; 32; 8; 1327; INTERNAL; 25; 34; 9; 1336
INTERNAL; 22; 22; 0; 806; INTERNAL; 25; 34; 9; 1336
INTERNAL; 23; 31; 8; 1328; INTERNAL; 24; 33; 9; 1041
INTERNAL; 23; 31; 8; 636; INTERNAL; 24; 33; 9; 1041
INTERNAL; 23; 32; 9; 1323; INTERNAL; 24; 33; 9; 1041
INTERNAL; 23; 32; 9; 791; INTERNAL; 24; 33; 9; 1041
INTERNAL; 23; 32; 9; 211; INTERNAL; 24; 33; 9; 1041
INTERNAL; 23; 32; 9; 209; INTERNAL; 24; 33; 9; 1041
INTERNAL; 23; 32; 9; 1334; INTERNAL; 24; 34; 10; 887
INTERNAL; 23; 32; 9; 1332; INTERNAL; 24; 34; 10; 887
INPUT; 1; 11; 10; 1106; INTERNAL; 24; 34; 10; 667
INPUT; 1; 11; 10; 1127; INTERNAL; 24; 34; 10; 667
INTERNAL; 23; 33; 10; 1265; INTERNAL; 24; 34; 10; 667
INTERNAL; 23; 32; 9; 1280; INTERNAL; 24; 34; 10; 667
INTERNAL; 23; 32; 9; 410; INTERNAL; 24; 34; 10; 667
INTERNAL; 22; 22; 0; 806; INTERNAL; 24; 34; 10; 667
INTERNAL; 23; 32; 9; 1321; INTERNAL; 26; 35; 9; 717
INTERNAL; 23; 32; 9; 1338; INTERNAL; 26; 35; 9; 717
INTERNAL; 23; 34; 11; 1225; INTERNAL; 26; 35; 9; 717
INTERNAL; 23; 34; 11; 1104; INTERNAL; 26; 35; 9; 717
INTERNAL; 25; 34; 9; 805; INTERNAL; 26; 35; 9; 717
INPUT; 1; 13; 12; 1123; INTERNAL; 25; 34; 9; 805
INPUT; 1; 13; 12; 1120; INTERNAL; 25; 34; 9; 805
INTERNAL; 23; 33; 10; 1122; INTERNAL; 25; 34; 9; 805
INTERNAL; 22; 22; 0; 806; INTERNAL; 25; 34; 9; 805
INTERNAL; 24; 33; 9; 1339; INTERNAL; 25; 34; 9; 805
INPUT; 1; 13; 12; 655; INTERNAL; 24; 33; 9; 1339
INPUT; 1; 13; 12; 463; INTERNAL; 24; 33; 9; 1339
INTERNAL; 22; 22; 0; 806; INTERNAL; 24; 33; 9; 1339
INTERNAL; 23; 32; 9; 1341; INTERNAL; 24; 33; 9; 1339
INPUT; 1; 13; 12; 527; INTERNAL; 23; 32; 9; 1341
INPUT; 1; 13; 12; 333; INTERNAL; 23; 32; 9; 1341
INTERNAL; 22; 22; 0; 624; INTERNAL; 23; 32; 9; 1341
INPUT; 1; 13; 12; 1389; INTERNAL; 23; 33; 10; 1122
INPUT; 1; 13; 12; 327; INTERNAL; 23; 33; 10; 1122
INTERNAL; 22; 22; 0; 624; INTERNAL; 23; 33; 10; 1122
INPUT; 1; 12; 11; 835; INTERNAL; 23; 34; 11; 1225
INPUT; 1; 12; 11; 296; INTERNAL; 23; 34; 11; 1225
INTERNAL; 22; 22; 0; 624; INTERNAL; 23; 34; 11; 1225
INPUT; 1; 12; 11; 1124; INTERNAL; 23; 34; 11; 1104
INPUT; 1; 12; 11; 974; INTERNAL; 23; 34; 11; 1104
INTERNAL; 22; 22; 0; 806; INTERNAL; 23; 34; 11; 1104
INPUT; 1; 12; 11; 761; INTERNAL; 23; 32; 9; 1321
INPUT; 1; 12; 11; 309; INTERNAL; 23; 32; 9; 1321
INTERNAL; 22; 22; 0; 806; INTERNAL; 23; 32; 9; 1321
INPUT; 1; 12; 11; 790; INTERNAL; 23; 32; 9; 1338
INPUT; 1; 12; 11; 318; INTERNAL; 23; 32; 9; 1338
INTERNAL; 22; 22; 0; 624; INTERNAL; 23; 32; 9; 1338
INTERNAL; 25; 34; 9; 334; INTERNAL; 26; 35; 9; 798
INTERNAL; 23; 32; 9; 1321; INTERNAL; 26; 35; 9; 798
INTERNAL; 23; 32; 9; 1338; INTERNAL; 26; 35; 9; 798
INTERNAL; 23; 34; 11; 1225; INTERNAL; 26; 35; 9; 798
INTERNAL; 23; 34; 11; 1104; INTERNAL; 26; 35; 9; 798
INPUT; 1; 13; 12; 1123; INTERNAL; 25; 34; 9; 334
INPUT; 1; 13; 12; 1120; INTERNAL; 25; 34; 9; 334
INTERNAL; 24; 33; 9; 379; INTERNAL; 25; 34; 9; 334
INTERNAL; 23; 33; 10; 1122; INTERNAL; 25; 34; 9; 334
INTERNAL; 24; 33; 9; 1339; INTERNAL; 25; 34; 9; 334
INTERNAL; 22; 22; 0; 806; INTERNAL; 25; 34; 9; 334
INPUT; 1; 13; 12; 655; INTERNAL; 24; 33; 9; 379
INPUT; 1; 13; 12; 463; INTERNAL; 24; 33; 9; 379
INTERNAL; 23; 32; 9; 1321; INTERNAL; 24; 33; 9; 379
INTERNAL; 23; 32; 9; 1338; INTERNAL; 24; 33; 9; 379
INTERNAL; 23; 32; 9; 1341; INTERNAL; 24; 33; 9; 379
INTERNAL; 22; 22; 0; 806; INTERNAL; 24; 33; 9; 379
INTERNAL; 23; 34; 11; 993; INTERNAL; 25; 35; 10; 677
INTERNAL; 23; 34; 11; 283; INTERNAL; 25; 35; 10; 677
INTERNAL; 23; 34; 11; 1342; INTERNAL; 25; 35; 10; 677
INTERNAL; 23; 34; 11; 1290; INTERNAL; 25; 35; 10; 677
INTERNAL; 24; 34; 10; 1344; INTERNAL; 25; 35; 10; 677
INPUT; 1; 13; 12; 1086; INTERNAL; 24; 34; 10; 1344
INPUT; 1; 13; 12; 628; INTERNAL; 24; 34; 10; 1344
INTERNAL; 23; 33; 10; 614; INTERNAL; 24; 34; 10; 1344
INTERNAL; 23; 33; 10; 232; INTERNAL; 24; 34; 10; 1344
INTERNAL; 22; 22; 0; 806; INTERNAL; 24; 34; 10; 1344
INTERNAL; 23; 33; 10; 708; INTERNAL; 24; 34; 10; 1344
INPUT; 1; 13; 12; 316; INTERNAL; 23; 33; 10; 708
INPUT; 1; 13; 12; 703; INTERNAL; 23; 33; 10; 708
INTERNAL; 22; 22; 0; 624; INTERNAL; 23; 33; 10; 708
INPUT; 1; 13; 12; 319; INTERNAL; 23; 33; 10; 614
INPUT; 1; 13; 12; 313; INTERNAL; 23; 33; 10; 614
INTERNAL; 22; 22; 0; 624; INTERNAL; 23; 33; 10; 614
INPUT; 1; 13; 12; 1128; INTERNAL; 23; 33; 10; 232
INPUT; 1; 13; 12; 1125; INTERNAL; 23; 33; 10; 232
INTERNAL; 22; 22; 0; 806; INTERNAL; 23; 33; 10; 232
INPUT; 1; 13; 12; 591; INTERNAL; 23; 34; 11; 1342
INPUT; 1; 13; 12; 303; INTERNAL; 23; 34; 11; 1342
INTERNAL; 22; 22; 0; 624; INTERNAL; 23; 34; 11; 1342
INPUT; 1; 13; 12; 492; INTERNAL; 23; 34; 11; 1290
INPUT; 1; 13; 12; 249; INTERNAL; 23; 34; 11; 1290
INTERNAL; 22; 22; 0; 806; INTERNAL; 23; 34; 11; 1290
INPUT; 1; 13; 12; 1135; INTERNAL; 23; 34; 11; 993
INPUT; 1; 13; 12; 1167; INTERNAL; 23; 34; 11; 993
INTERNAL; 22; 22; 0; 806; INTERNAL; 23; 34; 11; 993
INPUT; 1; 13; 12; 311; INTERNAL; 23; 34; 11; 283
INPUT; 1; 13; 12; 304; INTERNAL; 23; 34; 11; 283
INTERNAL; 22; 22; 0; 624; INTERNAL; 23; 34; 11; 283
INTERNAL; 23; 33; 10; 1333; INTERNAL; 26; 36; 10; 951
INTERNAL; 23; 33; 10; 1345; INTERNAL; 26; 36; 10; 951
INTERNAL; 23; 35; 12; 292; INTERNAL; 26; 36; 10; 951
INTERNAL; 23; 35; 12; 868; INTERNAL; 26; 36; 10; 951
INTERNAL; 25; 35; 10; 1346; INTERNAL; 26; 36; 10; 951
INPUT; 1; 13; 12; 1136; INTERNAL; 25; 35; 10; 1346
INPUT; 1; 13; 12; 1182; INTERNAL; 25; 35; 10; 1346
INTERNAL; 23; 34; 11; 1105; INTERNAL; 25; 35; 10; 1346
INTERNAL; 22; 22; 0; 806; INTERNAL; 25; 35; 10; 1346
INTERNAL; 24; 34; 10; 994; INTERNAL; 25; 35; 10; 1346
INPUT; 1; 13; 12; 738; INTERNAL; 24; 34; 10; 994
INPUT; 1; 13; 12; 843; INTERNAL; 24; 34; 10; 994
INTERNAL; 22; 22; 0; 806; INTERNAL; 24; 34; 10; 994
INTERNAL; 23; 33; 10; 694; INTERNAL; 24; 34; 10; 994
INPUT; 1; 13; 12; 300; INTERNAL; 23; 33; 10; 694
INPUT; 1; 13; 12; 298; INTERNAL; 23; 33; 10; 694
INTERNAL; 22; 22; 0; 624; INTERNAL; 23; 33; 10; 694
INPUT; 1; 13; 12; 415; INTERNAL; 23; 34; 11; 1105
INPUT; 1; 13; 12; 748; INTERNAL; 23; 34; 11; 1105
INTERNAL; 22; 22; 0; 624; INTERNAL; 23; 34; 11; 1105
INPUT; 1; 13; 12; 542; INTERNAL; 23; 35; 12; 292
INPUT; 1; 13; 12; 468; INTERNAL; 23; 35; 12; 292
INTERNAL; 22; 22; 0; 624; INTERNAL; 23; 35; 12; 292
INPUT; 1; 13; 12; 1140; INTERNAL; 23; 35; 12; 868
INPUT; 1; 13; 12; 369; INTERNAL; 23; 35; 12; 868
INTERNAL; 22; 22; 0; 806; INTERNAL; 23; 35; 12; 868
INPUT; 1; 13; 12; 1141; INTERNAL; 23; 33; 10; 1333
INPUT; 1; 13; 12; 422; INTERNAL; 23; 33; 10; 1333
INTERNAL; 22; 22; 0; 806; INTERNAL; 23; 33; 10; 1333
INPUT; 1; 13; 12; 297; INTERNAL; 23; 33; 10; 1345
INPUT; 1; 13; 12; 732; INTERNAL; 23; 33; 10; 1345
INTERNAL; 22; 22; 0; 624; INTERNAL; 23; 33; 10; 1345
INTERNAL; 25; 35; 10; 646; INTERNAL; 26; 36; 10; 566
INTERNAL; 23; 33; 10; 1333; INTERNAL; 26; 36; 10; 566
INTERNAL; 23; 33; 10; 1345; INTERNAL; 26; 36; 10; 566
INTERNAL; 23; 35; 12; 292; INTERNAL; 26; 36; 10; 566
INTERNAL; 23; 35; 12; 868; INTERNAL; 26; 36; 10; 566
INPUT; 1; 13; 12; 1136; INTERNAL; 25; 35; 10; 646
INPUT; 1; 13; 12; 1182; INTERNAL; 25; 35; 10; 646
INTERNAL; 24; 34; 10; 325; INTERNAL; 25; 35; 10; 646
INTERNAL; 23; 34; 11; 1105; INTERNAL; 25; 35; 10; 646
INTERNAL; 24; 34; 10; 994; INTERNAL; 25; 35; 10; 646
INTERNAL; 22; 22; 0; 806; INTERNAL; 25; 35; 10; 646
INPUT; 1; 13; 12; 738; INTERNAL; 24; 34; 10; 325
INPUT; 1; 13; 12; 843; INTERNAL; 24; 34; 10; 325
INTERNAL; 23; 33; 10; 1333; INTERNAL; 24; 34; 10; 325
INTERNAL; 23; 33; 10; 1345; INTERNAL; 24; 34; 10; 325
INTERNAL; 23; 33; 10; 694; INTERNAL; 24; 34; 10; 325
INTERNAL; 22; 22; 0; 806; INTERNAL; 24; 34; 10; 325
INTERNAL; 24; 35; 11; 497; INTERNAL; 25; 36; 11; 711
INTERNAL; 23; 34; 11; 1342; INTERNAL; 25; 36; 11; 711
INTERNAL; 23; 34; 11; 1290; INTERNAL; 25; 36; 11; 711
INTERNAL; 23; 34; 11; 993; INTERNAL; 25; 36; 11; 711
INTERNAL; 23; 34; 11; 283; INTERNAL; 25; 36; 11; 711
INPUT; 1; 13; 12; 628; INTERNAL; 24; 35; 11; 497
INPUT; 1; 13; 12; 1086; INTERNAL; 24; 35; 11; 497
INTERNAL; 23; 33; 10; 708; INTERNAL; 24; 35; 11; 497
INTERNAL; 23; 33; 10; 614; INTERNAL; 24; 35; 11; 497
INTERNAL; 23; 33; 10; 232; INTERNAL; 24; 35; 11; 497
INTERNAL; 22; 22; 0; 806; INTERNAL; 24; 35; 11; 497
INTERNAL; 23; 35; 12; 1347; INTERNAL; 25; 36; 11; 704
INTERNAL; 23; 35; 12; 1349; INTERNAL; 25; 36; 11; 704
INTERNAL; 23; 35; 12; 1353; INTERNAL; 25; 36; 11; 704
INTERNAL; 23; 35; 12; 999; INTERNAL; 25; 36; 11; 704
INTERNAL; 24; 35; 11; 328; INTERNAL; 25; 36; 11; 704
INPUT; 1; 14; 13; 1142; INTERNAL; 24; 35; 11; 328
INPUT; 1; 14; 13; 563; INTERNAL; 24; 35; 11; 328
INTERNAL; 23; 34; 11; 1355; INTERNAL; 24; 35; 11; 328
INTERNAL; 23; 34; 11; 1357; INTERNAL; 24; 35; 11; 328
INTERNAL; 22; 22; 0; 806; INTERNAL; 24; 35; 11; 328
INTERNAL; 23; 34; 11; 1360; INTERNAL; 24; 35; 11; 328
INPUT; 1; 14; 13; 657; INTERNAL; 23; 34; 11; 1360
INPUT; 1; 14; 13; 1398; INTERNAL; 23; 34; 11; 1360
INTERNAL; 22; 22; 0; 624; INTERNAL; 23; 34; 11; 1360
INPUT; 1; 14; 13; 192; INTERNAL; 23; 34; 11; 1355
INPUT; 1; 14; 13; 291; INTERNAL; 23; 34; 11; 1355
INTERNAL; 22; 22; 0; 624; INTERNAL; 23; 34; 11; 1355
INPUT; 1; 14; 13; 934; INTERNAL; 23; 34; 11; 1357
INPUT; 1; 14; 13; 1008; INTERNAL; 23; 34; 11; 1357
INTERNAL; 22; 22; 0; 806; INTERNAL; 23; 34; 11; 1357
INPUT; 1; 14; 13; 290; INTERNAL; 23; 35; 12; 1353
INPUT; 1; 14; 13; 1335; INTERNAL; 23; 35; 12; 1353
INTERNAL; 22; 22; 0; 624; INTERNAL; 23; 35; 12; 1353
INPUT; 1; 14; 13; 1320; INTERNAL; 23; 35; 12; 999
INPUT; 1; 14; 13; 1147; INTERNAL; 23; 35; 12; 999
INTERNAL; 22; 22; 0; 806; INTERNAL; 23; 35; 12; 999
INPUT; 1; 14; 13; 1149; INTERNAL; 23; 35; 12; 1347
INPUT; 1; 14; 13; 1150; INTERNAL; 23; 35; 12; 1347
INTERNAL; 22; 22; 0; 806; INTERNAL; 23; 35; 12; 1347
INPUT; 1; 14; 13; 287; INTERNAL; 23; 35; 12; 1349
INPUT; 1; 14; 13; 285; INTERNAL; 23; 35; 12; 1349
INTERNAL; 22; 22; 0; 624; INTERNAL; 23; 35; 12; 1349
INTERNAL; 24; 35; 11; 424; INTERNAL; 25; 36; 11; 710
INTERNAL; 23; 35; 12; 1353; INTERNAL; 25; 36; 11; 710
INTERNAL; 23; 35; 12; 999; INTERNAL; 25; 36; 11; 710
INTERNAL; 23; 35; 12; 1347; INTERNAL; 25; 36; 11; 710
INTERNAL; 23; 35; 12; 1349; INTERNAL; 25; 36; 11; 710
INPUT; 1; 14; 13; 563; INTERNAL; 24; 35; 11; 424
INPUT; 1; 14; 13; 1142; INTERNAL; 24; 35; 11; 424
INTERNAL; 23; 34; 11; 1360; INTERNAL; 24; 35; 11; 424
INTERNAL; 23; 34; 11; 1355; INTERNAL; 24; 35; 11; 424
INTERNAL; 23; 34; 11; 1357; INTERNAL; 24; 35; 11; 424
INTERNAL; 22; 22; 0; 806; INTERNAL; 24; 35; 11; 424
INTERNAL; 23; 34; 11; 1362; INTERNAL; 26; 37; 11; 693
INTERNAL; 23; 34; 11; 1363; INTERNAL; 26; 37; 11; 693
INTERNAL; 23; 36; 13; 1365; INTERNAL; 26; 37; 11; 693
INTERNAL; 23; 36; 13; 1366; INTERNAL; 26; 37; 11; 693
INTERNAL; 25; 36; 11; 340; INTERNAL; 26; 37; 11; 693
INPUT; 1; 14; 13; 847; INTERNAL; 25; 36; 11; 340
INPUT; 1; 14; 13; 1224; INTERNAL; 25; 36; 11; 340
INTERNAL; 23; 35; 12; 214; INTERNAL; 25; 36; 11; 340
INTERNAL; 22; 22; 0; 806; INTERNAL; 25; 36; 11; 340
INTERNAL; 24; 35; 11; 1368; INTERNAL; 25; 36; 11; 340
INPUT; 1; 14; 13; 1151; INTERNAL; 24; 35; 11; 1368
INPUT; 1; 14; 13; 1152; INTERNAL; 24; 35; 11; 1368
INTERNAL; 22; 22; 0; 806; INTERNAL; 24; 35; 11; 1368
INTERNAL; 23; 34; 11; 940; INTERNAL; 24; 35; 11; 1368
INPUT; 1; 14; 13; 467; INTERNAL; 23; 34; 11; 940
INPUT; 1; 14; 13; 405; INTERNAL; 23; 34; 11; 940
INTERNAL; 22; 22; 0; 624; INTERNAL; 23; 34; 11; 940
INPUT; 1; 14; 13; 1274; INTERNAL; 23; 35; 12; 214
INPUT; 1; 14; 13; 733; INTERNAL; 23; 35; 12; 214
INTERNAL; 22; 22; 0; 624; INTERNAL; 23; 35; 12; 214
INPUT; 1; 14; 13; 281; INTERNAL; 23; 36; 13; 1365
INPUT; 1; 14; 13; 578; INTERNAL; 23; 36; 13; 1365
INTERNAL; 22; 22; 0; 624; INTERNAL; 23; 36; 13; 1365
INPUT; 1; 14; 13; 1155; INTERNAL; 23; 36; 13; 1366
INPUT; 1; 14; 13; 1157; INTERNAL; 23; 36; 13; 1366
INTERNAL; 22; 22; 0; 806; INTERNAL; 23; 36; 13; 1366
INPUT; 1; 14; 13; 1159; INTERNAL; 23; 34; 11; 1362
INPUT; 1; 14; 13; 1161; INTERNAL; 23; 34; 11; 1362
INTERNAL; 22; 22; 0; 806; INTERNAL; 23; 34; 11; 1362
INPUT; 1; 14; 13; 606; INTERNAL; 23; 34; 11; 1363
INPUT; 1; 14; 13; 567; INTERNAL; 23; 34; 11; 1363
INTERNAL; 22; 22; 0; 624; INTERNAL; 23; 34; 11; 1363
INTERNAL; 25; 36; 11; 373; INTERNAL; 26; 37; 11; 939
INTERNAL; 23; 34; 11; 1362; INTERNAL; 26; 37; 11; 939
INTERNAL; 23; 34; 11; 1363; INTERNAL; 26; 37; 11; 939
INTERNAL; 23; 36; 13; 1365; INTERNAL; 26; 37; 11; 939
INTERNAL; 23; 36; 13; 1366; INTERNAL; 26; 37; 11; 939
INPUT; 1; 14; 13; 847; INTERNAL; 25; 36; 11; 373
INPUT; 1; 14; 13; 1224; INTERNAL; 25; 36; 11; 373
INTERNAL; 24; 35; 11; 512; INTERNAL; 25; 36; 11; 373
INTERNAL; 23; 35; 12; 214; INTERNAL; 25; 36; 11; 373
INTERNAL; 24; 35; 11; 1368; INTERNAL; 25; 36; 11; 373
INTERNAL; 22; 22; 0; 806; INTERNAL; 25; 36; 11; 373
INPUT; 1; 14; 13; 1151; INTERNAL; 24; 35; 11; 512
INPUT; 1; 14; 13; 1152; INTERNAL; 24; 35; 11; 512
INTERNAL; 23; 34; 11; 1362; INTERNAL; 24; 35; 11; 512
INTERNAL; 23; 34; 11; 1363; INTERNAL; 24; 35; 11; 512
INTERNAL; 23; 34; 11; 940; INTERNAL; 24; 35; 11; 512
INTERNAL; 22; 22; 0; 806; INTERNAL; 24; 35; 11; 512
INTERNAL; 23; 35; 12; 1369; INTERNAL; 26; 37; 11; 1237
INTERNAL; 23; 35; 12; 1172; INTERNAL; 26; 37; 11; 1237
INTERNAL; 23; 36; 13; 1372; INTERNAL; 26; 37; 11; 1237
INTERNAL; 23; 36; 13; 1375; INTERNAL; 26; 37; 11; 1237
INTERNAL; 25; 36; 11; 1378; INTERNAL; 26; 37; 11; 1237
INPUT; 1; 15; 14; 206; INTERNAL; 25; 36; 11; 1378
INPUT; 1; 15; 14; 243; INTERNAL; 25; 36; 11; 1378
INTERNAL; 23; 35; 12; 1351; INTERNAL; 25; 36; 11; 1378
INTERNAL; 22; 22; 0; 806; INTERNAL; 25; 36; 11; 1378
INTERNAL; 24; 35; 11; 957; INTERNAL; 25; 36; 11; 1378
INPUT; 1; 15; 14; 1179; INTERNAL; 24; 35; 11; 957
INPUT; 1; 15; 14; 1350; INTERNAL; 24; 35; 11; 957
INTERNAL; 22; 22; 0; 806; INTERNAL; 24; 35; 11; 957
INTERNAL; 23; 34; 11; 302; INTERNAL; 24; 35; 11; 957
INPUT; 1; 15; 14; 276; INTERNAL; 23; 34; 11; 302
INPUT; 1; 15; 14; 1026; INTERNAL; 23; 34; 11; 302
INTERNAL; 22; 22; 0; 624; INTERNAL; 23; 34; 11; 302
INPUT; 1; 15; 14; 1189; INTERNAL; 23; 35; 12; 1351
INPUT; 1; 15; 14; 418; INTERNAL; 23; 35; 12; 1351
INTERNAL; 22; 22; 0; 624; INTERNAL; 23; 35; 12; 1351
INPUT; 1; 15; 14; 678; INTERNAL; 23; 36; 13; 1372
INPUT; 1; 15; 14; 602; INTERNAL; 23; 36; 13; 1372
INTERNAL; 22; 22; 0; 624; INTERNAL; 23; 36; 13; 1372
INPUT; 1; 15; 14; 1181; INTERNAL; 23; 36; 13; 1375
INPUT; 1; 15; 14; 605; INTERNAL; 23; 36; 13; 1375
INTERNAL; 22; 22; 0; 806; INTERNAL; 23; 36; 13; 1375
INPUT; 1; 15; 14; 1145; INTERNAL; 23; 35; 12; 1369
INPUT; 1; 15; 14; 1385; INTERNAL; 23; 35; 12; 1369
INTERNAL; 22; 22; 0; 806; INTERNAL; 23; 35; 12; 1369
INPUT; 1; 15; 14; 853; INTERNAL; 23; 35; 12; 1172
INPUT; 1; 15; 14; 543; INTERNAL; 23; 35; 12; 1172
INTERNAL; 22; 22; 0; 624; INTERNAL; 23; 35; 12; 1172
INTERNAL; 23; 36; 13; 501; INTERNAL; 25; 37; 12; 696
INTERNAL; 23; 36; 13; 699; INTERNAL; 25; 37; 12; 696
INTERNAL; 23; 36; 13; 1379; INTERNAL; 25; 37; 12; 696
INTERNAL; 23; 36; 13; 1380; INTERNAL; 25; 37; 12; 696
INTERNAL; 24; 36; 12; 990; INTERNAL; 25; 37; 12; 696
INPUT; 1; 15; 14; 487; INTERNAL; 24; 36; 12; 990
INPUT; 1; 15; 14; 1164; INTERNAL; 24; 36; 12; 990
INTERNAL; 23; 35; 12; 1381; INTERNAL; 24; 36; 12; 990
INTERNAL; 23; 35; 12; 234; INTERNAL; 24; 36; 12; 990
INTERNAL; 22; 22; 0; 806; INTERNAL; 24; 36; 12; 990
INTERNAL; 23; 35; 12; 1383; INTERNAL; 24; 36; 12; 990
INPUT; 1; 15; 14; 279; INTERNAL; 23; 35; 12; 1383
INPUT; 1; 15; 14; 766; INTERNAL; 23; 35; 12; 1383
INTERNAL; 22; 22; 0; 624; INTERNAL; 23; 35; 12; 1383
INPUT; 1; 15; 14; 322; INTERNAL; 23; 35; 12; 1381
INPUT; 1; 15; 14; 856; INTERNAL; 23; 35; 12; 1381
INTERNAL; 22; 22; 0; 624; INTERNAL; 23; 35; 12; 1381
INPUT; 1; 15; 14; 907; INTERNAL; 23; 35; 12; 234
INPUT; 1; 15; 14; 1166; INTERNAL; 23; 35; 12; 234
INTERNAL; 22; 22; 0; 806; INTERNAL; 23; 35; 12; 234
INPUT; 1; 14; 13; 453; INTERNAL; 23; 36; 13; 1379
INPUT; 1; 14; 13; 740; INTERNAL; 23; 36; 13; 1379
INTERNAL; 22; 22; 0; 624; INTERNAL; 23; 36; 13; 1379
INPUT; 1; 14; 13; 1169; INTERNAL; 23; 36; 13; 1380
INPUT; 1; 14; 13; 307; INTERNAL; 23; 36; 13; 1380
INTERNAL; 22; 22; 0; 806; INTERNAL; 23; 36; 13; 1380
INPUT; 1; 14; 13; 1173; INTERNAL; 23; 36; 13; 501
INPUT; 1; 14; 13; 661; INTERNAL; 23; 36; 13; 501
INTERNAL; 22; 22; 0; 806; INTERNAL; 23; 36; 13; 501
INPUT; 1; 14; 13; 1249; INTERNAL; 23; 36; 13; 699
INPUT; 1; 14; 13; 445; INTERNAL; 23; 36; 13; 699
INTERNAL; 22; 22; 0; 624; INTERNAL; 23; 36; 13; 699
INTERNAL; 24; 36; 12; 450; INTERNAL; 25; 37; 12; 659
INTERNAL; 23; 36; 13; 1379; INTERNAL; 25; 37; 12; 659
INTERNAL; 23; 36; 13; 1380; INTERNAL; 25; 37; 12; 659
INTERNAL; 23; 36; 13; 501; INTERNAL; 25; 37; 12; 659
INTERNAL; 23; 36; 13; 699; INTERNAL; 25; 37; 12; 659
INPUT; 1; 15; 14; 1164; INTERNAL; 24; 36; 12; 450
INPUT; 1; 15; 14; 487; INTERNAL; 24; 36; 12; 450
INTERNAL; 23; 35; 12; 1383; INTERNAL; 24; 36; 12; 450
INTERNAL; 23; 35; 12; 1381; INTERNAL; 24; 36; 12; 450
INTERNAL; 23; 35; 12; 234; INTERNAL; 24; 36; 12; 450
INTERNAL; 22; 22; 0; 806; INTERNAL; 24; 36; 12; 450
INTERNAL; 25; 37; 12; 1384; INTERNAL; 26; 38; 12; 478
INTERNAL; 23; 35; 12; 1369; INTERNAL; 26; 38; 12; 478
INTERNAL; 23; 35; 12; 1172; INTERNAL; 26; 38; 12; 478
INTERNAL; 23; 36; 13; 1372; INTERNAL; 26; 38; 12; 478
INTERNAL; 23; 36; 13; 1375; INTERNAL; 26; 38; 12; 478
INPUT; 1; 15; 14; 206; INTERNAL; 25; 37; 12; 1384
INPUT; 1; 15; 14; 243; INTERNAL; 25; 37; 12; 1384
INTERNAL; 24; 36; 12; 275; INTERNAL; 25; 37; 12; 1384
INTERNAL; 23; 35; 12; 1351; INTERNAL; 25; 37; 12; 1384
INTERNAL; 24; 35; 11; 957; INTERNAL; 25; 37; 12; 1384
INTERNAL; 22; 22; 0; 806; INTERNAL; 25; 37; 12; 1384
INPUT; 1; 15; 14; 1179; INTERNAL; 24; 36; 12; 275
INPUT; 1; 15; 14; 1350; INTERNAL; 24; 36; 12; 275
INTERNAL; 23; 35; 12; 1369; INTERNAL; 24; 36; 12; 275
INTERNAL; 23; 35; 12; 1172; INTERNAL; 24; 36; 12; 275
INTERNAL; 23; 34; 11; 302; INTERNAL; 24; 36; 12; 275
INTERNAL; 22; 22; 0; 806; INTERNAL; 24; 36; 12; 275
INTERNAL; 23; 35; 12; 1386; INTERNAL; 26; 38; 12; 596
INTERNAL; 23; 35; 12; 1370; INTERNAL; 26; 38; 12; 596
INTERNAL; 23; 37; 14; 444; INTERNAL; 26; 38; 12; 596
INTERNAL; 23; 37; 14; 1055; INTERNAL; 26; 38; 12; 596
INTERNAL; 25; 37; 12; 1291; INTERNAL; 26; 38; 12; 596
INPUT; 1; 16; 15; 1193; INTERNAL; 25; 37; 12; 1291
INPUT; 1; 16; 15; 562; INTERNAL; 25; 37; 12; 1291
INTERNAL; 23; 36; 13; 1083; INTERNAL; 25; 37; 12; 1291
INTERNAL; 22; 22; 0; 806; INTERNAL; 25; 37; 12; 1291
INTERNAL; 24; 36; 12; 816; INTERNAL; 25; 37; 12; 1291
INPUT; 1; 16; 15; 1191; INTERNAL; 24; 36; 12; 816
INPUT; 1; 16; 15; 1192; INTERNAL; 24; 36; 12; 816
INTERNAL; 22; 22; 0; 806; INTERNAL; 24; 36; 12; 816
INTERNAL; 23; 35; 12; 1388; INTERNAL; 24; 36; 12; 816
INPUT; 1; 16; 15; 687; INTERNAL; 23; 35; 12; 1388
INPUT; 1; 16; 15; 251; INTERNAL; 23; 35; 12; 1388
INTERNAL; 22; 22; 0; 624; INTERNAL; 23; 35; 12; 1388
INPUT; 1; 16; 15; 572; INTERNAL; 23; 36; 13; 1083
INPUT; 1; 16; 15; 323; INTERNAL; 23; 36; 13; 1083
INTERNAL; 22; 22; 0; 624; INTERNAL; 23; 36; 13; 1083
INPUT; 1; 16; 15; 517; INTERNAL; 23; 37; 14; 444
INPUT; 1; 16; 15; 247; INTERNAL; 23; 37; 14; 444
INTERNAL; 22; 22; 0; 624; INTERNAL; 23; 37; 14; 444
INPUT; 1; 16; 15; 337; INTERNAL; 23; 37; 14; 1055
INPUT; 1; 16; 15; 1194; INTERNAL; 23; 37; 14; 1055
INTERNAL; 22; 22; 0; 806; INTERNAL; 23; 37; 14; 1055
INPUT; 1; 16; 15; 876; INTERNAL; 23; 35; 12; 1386
INPUT; 1; 16; 15; 1240; INTERNAL; 23; 35; 12; 1386
INTERNAL; 22; 22; 0; 806; INTERNAL; 23; 35; 12; 1386
INPUT; 1; 16; 15; 437; INTERNAL; 23; 35; 12; 1370
INPUT; 1; 16; 15; 245; INTERNAL; 23; 35; 12; 1370
INTERNAL; 22; 22; 0; 624; INTERNAL; 23; 35; 12; 1370
INTERNAL; 25; 37; 12; 671; INTERNAL; 26; 38; 12; 615
INTERNAL; 23; 35; 12; 1386; INTERNAL; 26; 38; 12; 615
INTERNAL; 23; 35; 12; 1370; INTERNAL; 26; 38; 12; 615
INTERNAL; 23; 37; 14; 444; INTERNAL; 26; 38; 12; 615
INTERNAL; 23; 37; 14; 1055; INTERNAL; 26; 38; 12; 615
INPUT; 1; 16; 15; 1193; INTERNAL; 25; 37; 12; 671
INPUT; 1; 16; 15; 562; INTERNAL; 25; 37; 12; 671
INTERNAL; 24; 36; 12; 1390; INTERNAL; 25; 37; 12; 671
INTERNAL; 23; 36; 13; 1083; INTERNAL; 25; 37; 12; 671
INTERNAL; 24; 36; 12; 816; INTERNAL; 25; 37; 12; 671
INTERNAL; 22; 22; 0; 806; INTERNAL; 25; 37; 12; 671
INPUT; 1; 16; 15; 1191; INTERNAL; 24; 36; 12; 1390
INPUT; 1; 16; 15; 1192; INTERNAL; 24; 36; 12; 1390
INTERNAL; 23; 35; 12; 1386; INTERNAL; 24; 36; 12; 1390
INTERNAL; 23; 35; 12; 1370; INTERNAL; 24; 36; 12; 1390
INTERNAL; 23; 35; 12; 1388; INTERNAL; 24; 36; 12; 1390
INTERNAL; 22; 22; 0; 806; INTERNAL; 24; 36; 12; 1390
INTERNAL; 23; 37; 14; 1391; INTERNAL; 25; 38; 13; 917
INTERNAL; 23; 37; 14; 1252; INTERNAL; 25; 38; 13; 917
INTERNAL; 23; 37; 14; 1392; INTERNAL; 25; 38; 13; 917
INTERNAL; 23; 37; 14; 750; INTERNAL; 25; 38; 13; 917
INTERNAL; 24; 37; 13; 1304; INTERNAL; 25; 38; 13; 917
INPUT; 1; 15; 14; 1183; INTERNAL; 24; 37; 13; 1304
INPUT; 1; 15; 14; 669; INTERNAL; 24; 37; 13; 1304
INTERNAL; 23; 36; 13; 1297; INTERNAL; 24; 37; 13; 1304
INTERNAL; 23; 36; 13; 330; INTERNAL; 24; 37; 13; 1304
INTERNAL; 22; 22; 0; 806; INTERNAL; 24; 37; 13; 1304
INTERNAL; 23; 36; 13; 950; INTERNAL; 24; 37; 13; 1304
INPUT; 1; 15; 14; 266; INTERNAL; 23; 36; 13; 950
INPUT; 1; 15; 14; 265; INTERNAL; 23; 36; 13; 950
INTERNAL; 22; 22; 0; 624; INTERNAL; 23; 36; 13; 950
INPUT; 1; 15; 14; 1199; INTERNAL; 23; 36; 13; 1297
INPUT; 1; 15; 14; 983; INTERNAL; 23; 36; 13; 1297
INTERNAL; 22; 22; 0; 624; INTERNAL; 23; 36; 13; 1297
INPUT; 1; 15; 14; 769; INTERNAL; 23; 36; 13; 330
INPUT; 1; 15; 14; 448; INTERNAL; 23; 36; 13; 330
INTERNAL; 22; 22; 0; 806; INTERNAL; 23; 36; 13; 330
INPUT; 1; 15; 14; 1188; INTERNAL; 23; 37; 14; 1392
INPUT; 1; 15; 14; 237; INTERNAL; 23; 37; 14; 1392
INTERNAL; 22; 22; 0; 624; INTERNAL; 23; 37; 14; 1392
INPUT; 1; 15; 14; 1185; INTERNAL; 23; 37; 14; 750
INPUT; 1; 15; 14; 1186; INTERNAL; 23; 37; 14; 750
INTERNAL; 22; 22; 0; 806; INTERNAL; 23; 37; 14; 750
INPUT; 1; 15; 14; 1153; INTERNAL; 23; 37; 14; 1391
INPUT; 1; 15; 14; 1187; INTERNAL; 23; 37; 14; 1391
INTERNAL; 22; 22; 0; 806; INTERNAL; 23; 37; 14; 1391
INPUT; 1; 15; 14; 867; INTERNAL; 23; 37; 14; 1252
INPUT; 1; 15; 14; 255; INTERNAL; 23; 37; 14; 1252
INTERNAL; 22; 22; 0; 624; INTERNAL; 23; 37; 14; 1252
INTERNAL; 24; 37; 13; 577; INTERNAL; 25; 38; 13; 757
INTERNAL; 23; 37; 14; 1392; INTERNAL; 25; 38; 13; 757
INTERNAL; 23; 37; 14; 750; INTERNAL; 25; 38; 13; 757
INTERNAL; 23; 37; 14; 1391; INTERNAL; 25; 38; 13; 757
INTERNAL; 23; 37; 14; 1252; INTERNAL; 25; 38; 13; 757
INPUT; 1; 15; 14; 669; INTERNAL; 24; 37; 13; 577
INPUT; 1; 15; 14; 1183; INTERNAL; 24; 37; 13; 577
INTERNAL; 23; 36; 13; 950; INTERNAL; 24; 37; 13; 577
INTERNAL; 23; 36; 13; 1297; INTERNAL; 24; 37; 13; 577
INTERNAL; 23; 36; 13; 330; INTERNAL; 24; 37; 13; 577
INTERNAL; 22; 22; 0; 806; INTERNAL; 24; 37; 13; 577
INTERNAL; 23; 36; 13; 702; INTERNAL; 26; 39; 13; 802
INTERNAL; 23; 36; 13; 1393; INTERNAL; 26; 39; 13; 802
INTERNAL; 23; 38; 15; 642; INTERNAL; 26; 39; 13; 802
INTERNAL; 23; 38; 15; 914; INTERNAL; 26; 39; 13; 802
INTERNAL; 25; 38; 13; 781; INTERNAL; 26; 39; 13; 802
INPUT; 1; 17; 16; 1212; INTERNAL; 25; 38; 13; 781
INPUT; 1; 17; 16; 312; INTERNAL; 25; 38; 13; 781
INTERNAL; 23; 37; 14; 1394; INTERNAL; 25; 38; 13; 781
INTERNAL; 22; 22; 0; 806; INTERNAL; 25; 38; 13; 781
INTERNAL; 24; 37; 13; 754; INTERNAL; 25; 38; 13; 781
INPUT; 1; 17; 16; 1209; INTERNAL; 24; 37; 13; 754
INPUT; 1; 17; 16; 1210; INTERNAL; 24; 37; 13; 754
INTERNAL; 22; 22; 0; 806; INTERNAL; 24; 37; 13; 754
INTERNAL; 23; 36; 13; 775; INTERNAL; 24; 37; 13; 754
INPUT; 1; 17; 16; 239; INTERNAL; 23; 36; 13; 775
INPUT; 1; 17; 16; 664; INTERNAL; 23; 36; 13; 775
INTERNAL; 22; 22; 0; 624; INTERNAL; 23; 36; 13; 775
INPUT; 1; 17; 16; 1234; INTERNAL; 23; 37; 14; 1394
INPUT; 1; 17; 16; 649; INTERNAL; 23; 37; 14; 1394
INTERNAL; 22; 22; 0; 624; INTERNAL; 23; 37; 14; 1394
INPUT; 1; 16; 15; 235; INTERNAL; 23; 38; 15; 642
INPUT; 1; 16; 15; 351; INTERNAL; 23; 38; 15; 642
INTERNAL; 22; 22; 0; 624; INTERNAL; 23; 38; 15; 642
INPUT; 1; 16; 15; 1075; INTERNAL; 23; 38; 15; 914
INPUT; 1; 16; 15; 568; INTERNAL; 23; 38; 15; 914
INTERNAL; 22; 22; 0; 806; INTERNAL; 23; 38; 15; 914
INPUT; 1; 16; 15; 1214; INTERNAL; 23; 36; 13; 702
INPUT; 1; 16; 15; 1148; INTERNAL; 23; 36; 13; 702
INTERNAL; 22; 22; 0; 806; INTERNAL; 23; 36; 13; 702
INPUT; 1; 16; 15; 231; INTERNAL; 23; 36; 13; 1393
INPUT; 1; 16; 15; 392; INTERNAL; 23; 36; 13; 1393
INTERNAL; 22; 22; 0; 624; INTERNAL; 23; 36; 13; 1393
INTERNAL; 25; 38; 13; 832; INTERNAL; 26; 39; 13; 919
INTERNAL; 23; 36; 13; 702; INTERNAL; 26; 39; 13; 919
INTERNAL; 23; 36; 13; 1393; INTERNAL; 26; 39; 13; 919
INTERNAL; 23; 38; 15; 642; INTERNAL; 26; 39; 13; 919
INTERNAL; 23; 38; 15; 914; INTERNAL; 26; 39; 13; 919
INPUT; 1; 17; 16; 1212; INTERNAL; 25; 38; 13; 832
INPUT; 1; 17; 16; 312; INTERNAL; 25; 38; 13; 832
INTERNAL; 24; 37; 13; 1006; INTERNAL; 25; 38; 13; 832
INTERNAL; 23; 37; 14; 1394; INTERNAL; 25; 38; 13; 832
INTERNAL; 24; 37; 13; 754; INTERNAL; 25; 38; 13; 832
INTERNAL; 22; 22; 0; 806; INTERNAL; 25; 38; 13; 832
INPUT; 1; 17; 16; 1209; INTERNAL; 24; 37; 13; 1006
INPUT; 1; 17; 16; 1210; INTERNAL; 24; 37; 13; 1006
INTERNAL; 23; 36; 13; 702; INTERNAL; 24; 37; 13; 1006
INTERNAL; 23; 36; 13; 1393; INTERNAL; 24; 37; 13; 1006
INTERNAL; 23; 36; 13; 775; INTERNAL; 24; 37; 13; 1006
INTERNAL; 22; 22; 0; 806; INTERNAL; 24; 37; 13; 1006
INTERNAL; 23; 38; 15; 534; INTERNAL; 25; 39; 14; 557
INTERNAL; 23; 38; 15; 942; INTERNAL; 25; 39; 14; 557
INTERNAL; 23; 38; 15; 1255; INTERNAL; 25; 39; 14; 557
INTERNAL; 23; 38; 15; 1227; INTERNAL; 25; 39; 14; 557
INTERNAL; 24; 38; 14; 460; INTERNAL; 25; 39; 14; 557
INPUT; 1; 16; 15; 425; INTERNAL; 24; 38; 14; 460
INPUT; 1; 16; 15; 1196; INTERNAL; 24; 38; 14; 460
INTERNAL; 23; 37; 14; 1395; INTERNAL; 24; 38; 14; 460
INTERNAL; 23; 37; 14; 1229; INTERNAL; 24; 38; 14; 460
INTERNAL; 22; 22; 0; 806; INTERNAL; 24; 38; 14; 460
INTERNAL; 23; 37; 14; 1400; INTERNAL; 24; 38; 14; 460
INPUT; 1; 16; 15; 611; INTERNAL; 23; 37; 14; 1400
INPUT; 1; 16; 15; 885; INTERNAL; 23; 37; 14; 1400
INTERNAL; 22; 22; 0; 624; INTERNAL; 23; 37; 14; 1400
INPUT; 1; 16; 15; 242; INTERNAL; 23; 37; 14; 1395
INPUT; 1; 16; 15; 394; INTERNAL; 23; 37; 14; 1395
INTERNAL; 22; 22; 0; 624; INTERNAL; 23; 37; 14; 1395
INPUT; 1; 16; 15; 1095; INTERNAL; 23; 37; 14; 1229
INPUT; 1; 16; 15; 1198; INTERNAL; 23; 37; 14; 1229
INTERNAL; 22; 22; 0; 806; INTERNAL; 23; 37; 14; 1229
INPUT; 1; 16; 15; 908; INTERNAL; 23; 38; 15; 1255
INPUT; 1; 16; 15; 229; INTERNAL; 23; 38; 15; 1255
INTERNAL; 22; 22; 0; 624; INTERNAL; 23; 38; 15; 1255
INPUT; 1; 16; 15; 1203; INTERNAL; 23; 38; 15; 1227
INPUT; 1; 16; 15; 1205; INTERNAL; 23; 38; 15; 1227
INTERNAL; 22; 22; 0; 806; INTERNAL; 23; 38; 15; 1227
INPUT; 1; 16; 15; 1206; INTERNAL; 23; 38; 15; 534
INPUT; 1; 16; 15; 1207; INTERNAL; 23; 38; 15; 534
INTERNAL; 22; 22; 0; 806; INTERNAL; 23; 38; 15; 534
INPUT; 1; 16; 15; 731; INTERNAL; 23; 38; 15; 942
INPUT; 1; 16; 15; 722; INTERNAL; 23; 38; 15; 942
INTERNAL; 22; 22; 0; 624; INTERNAL; 23; 38; 15; 942
INTERNAL; 24; 38; 14; 1401; INTERNAL; 25; 39; 14; 552
INTERNAL; 23; 38; 15; 1255; INTERNAL; 25; 39; 14; 552
INTERNAL; 23; 38; 15; 1227; INTERNAL; 25; 39; 14; 552
INTERNAL; 23; 38; 15; 534; INTERNAL; 25; 39; 14; 552
INTERNAL; 23; 38; 15; 942; INTERNAL; 25; 39; 14; 552
INPUT; 1; 16; 15; 1196; INTERNAL; 24; 38; 14; 1401
INPUT; 1; 16; 15; 425; INTERNAL; 24; 38; 14; 1401
INTERNAL; 23; 37; 14; 1400; INTERNAL; 24; 38; 14; 1401
INTERNAL; 23; 37; 14; 1395; INTERNAL; 24; 38; 14; 1401
INTERNAL; 23; 37; 14; 1229; INTERNAL; 24; 38; 14; 1401
INTERNAL; 22; 22; 0; 806; INTERNAL; 24; 38; 14; 1401
INTERNAL; 23; 38; 15; 1331; INTERNAL; 25; 39; 14; 258
INTERNAL; 23; 38; 15; 918; INTERNAL; 25; 39; 14; 258
INTERNAL; 23; 38; 15; 1050; INTERNAL; 25; 39; 14; 258
INTERNAL; 23; 38; 15; 1399; INTERNAL; 25; 39; 14; 258
INTERNAL; 24; 38; 14; 1268; INTERNAL; 25; 39; 14; 258
INPUT; 1; 17; 16; 1217; INTERNAL; 24; 38; 14; 1268
INPUT; 1; 17; 16; 1171; INTERNAL; 24; 38; 14; 1268
INTERNAL; 23; 37; 14; 1204; INTERNAL; 24; 38; 14; 1268
INTERNAL; 23; 37; 14; 1403; INTERNAL; 24; 38; 14; 1268
INTERNAL; 22; 22; 0; 806; INTERNAL; 24; 38; 14; 1268
INTERNAL; 23; 37; 14; 779; INTERNAL; 24; 38; 14; 1268
INPUT; 1; 17; 16; 228; INTERNAL; 23; 37; 14; 779
INPUT; 1; 17; 16; 607; INTERNAL; 23; 37; 14; 779
INTERNAL; 22; 22; 0; 624; INTERNAL; 23; 37; 14; 779
INPUT; 1; 17; 16; 547; INTERNAL; 23; 37; 14; 1204
INPUT; 1; 17; 16; 227; INTERNAL; 23; 37; 14; 1204
INTERNAL; 22; 22; 0; 624; INTERNAL; 23; 37; 14; 1204
INPUT; 1; 17; 16; 518; INTERNAL; 23; 37; 14; 1403
INPUT; 1; 17; 16; 1219; INTERNAL; 23; 37; 14; 1403
INTERNAL; 22; 22; 0; 806; INTERNAL; 23; 37; 14; 1403
INPUT; 1; 17; 16; 1061; INTERNAL; 23; 38; 15; 1050
INPUT; 1; 17; 16; 1279; INTERNAL; 23; 38; 15; 1050
INTERNAL; 22; 22; 0; 624; INTERNAL; 23; 38; 15; 1050
INPUT; 1; 17; 16; 1356; INTERNAL; 23; 38; 15; 1399
INPUT; 1; 17; 16; 1011; INTERNAL; 23; 38; 15; 1399
INTERNAL; 22; 22; 0; 806; INTERNAL; 23; 38; 15; 1399
INPUT; 1; 17; 16; 1220; INTERNAL; 23; 38; 15; 1331
INPUT; 1; 17; 16; 1221; INTERNAL; 23; 38; 15; 1331
INTERNAL; 22; 22; 0; 806; INTERNAL; 23; 38; 15; 1331
INPUT; 1; 17; 16; 233; INTERNAL; 23; 38; 15; 918
INPUT; 1; 17; 16; 1213; INTERNAL; 23; 38; 15; 918
INTERNAL; 22; 22; 0; 624; INTERNAL; 23; 38; 15; 918
INTERNAL; 23; 37; 14; 1404; INTERNAL; 26; 40; 14; 828
INTERNAL; 23; 37; 14; 181; INTERNAL; 26; 40; 14; 828
INTERNAL; 23; 39; 16; 295; INTERNAL; 26; 40; 14; 828
INTERNAL; 23; 39; 16; 180; INTERNAL; 26; 40; 14; 828
INTERNAL; 25; 39; 14; 178; INTERNAL; 26; 40; 14; 828
INPUT; 1; 17; 16; 985; INTERNAL; 25; 39; 14; 178
INPUT; 1; 17; 16; 1233; INTERNAL; 25; 39; 14; 178
INTERNAL; 23; 38; 15; 177; INTERNAL; 25; 39; 14; 178
INTERNAL; 22; 22; 0; 806; INTERNAL; 25; 39; 14; 178
INTERNAL; 24; 38; 14; 176; INTERNAL; 25; 39; 14; 178
INPUT; 1; 17; 16; 877; INTERNAL; 24; 38; 14; 176
INPUT; 1; 17; 16; 1004; INTERNAL; 24; 38; 14; 176
INTERNAL; 22; 22; 0; 806; INTERNAL; 24; 38; 14; 176
INTERNAL; 23; 37; 14; 175; INTERNAL; 24; 38; 14; 176
INPUT; 1; 17; 16; 553; INTERNAL; 23; 37; 14; 175
INPUT; 1; 17; 16; 223; INTERNAL; 23; 37; 14; 175
INTERNAL; 22; 22; 0; 624; INTERNAL; 23; 37; 14; 175
INPUT; 1; 17; 16; 222; INTERNAL; 23; 38; 15; 177
INPUT; 1; 17; 16; 911; INTERNAL; 23; 38; 15; 177
INTERNAL; 22; 22; 0; 624; INTERNAL; 23; 38; 15; 177
INPUT; 1; 17; 16; 315; INTERNAL; 23; 39; 16; 295
INPUT; 1; 17; 16; 423; INTERNAL; 23; 39; 16; 295
INTERNAL; 22; 22; 0; 624; INTERNAL; 23; 39; 16; 295
INPUT; 1; 17; 16; 1371; INTERNAL; 23; 39; 16; 180
INPUT; 1; 17; 16; 253; INTERNAL; 23; 39; 16; 180
INTERNAL; 22; 22; 0; 806; INTERNAL; 23; 39; 16; 180
INPUT; 1; 17; 16; 1200; INTERNAL; 23; 37; 14; 1404
INPUT; 1; 17; 16; 728; INTERNAL; 23; 37; 14; 1404
INTERNAL; 22; 22; 0; 806; INTERNAL; 23; 37; 14; 1404
INPUT; 1; 17; 16; 1358; INTERNAL; 23; 37; 14; 181
INPUT; 1; 17; 16; 824; INTERNAL; 23; 37; 14; 181
INTERNAL; 22; 22; 0; 624; INTERNAL; 23; 37; 14; 181
INTERNAL; 25; 39; 14; 173; INTERNAL; 26; 40; 14; 436
INTERNAL; 23; 37; 14; 1404; INTERNAL; 26; 40; 14; 436
INTERNAL; 23; 37; 14; 181; INTERNAL; 26; 40; 14; 436
INTERNAL; 23; 39; 16; 295; INTERNAL; 26; 40; 14; 436
INTERNAL; 23; 39; 16; 180; INTERNAL; 26; 40; 14; 436
INPUT; 1; 17; 16; 985; INTERNAL; 25; 39; 14; 173
INPUT; 1; 17; 16; 1233; INTERNAL; 25; 39; 14; 173
INTERNAL; 24; 38; 14; 172; INTERNAL; 25; 39; 14; 173
INTERNAL; 23; 38; 15; 177; INTERNAL; 25; 39; 14; 173
INTERNAL; 24; 38; 14; 176; INTERNAL; 25; 39; 14; 173
INTERNAL; 22; 22; 0; 806; INTERNAL; 25; 39; 14; 173
INPUT; 1; 17; 16; 877; INTERNAL; 24; 38; 14; 172
INPUT; 1; 17; 16; 1004; INTERNAL; 24; 38; 14; 172
INTERNAL; 23; 37; 14; 1404; INTERNAL; 24; 38; 14; 172
INTERNAL; 23; 37; 14; 181; INTERNAL; 24; 38; 14; 172
INTERNAL; 23; 37; 14; 175; INTERNAL; 24; 38; 14; 172
INTERNAL; 22; 22; 0; 806; INTERNAL; 24; 38; 14; 172
INTERNAL; 24; 39; 15; 170; INTERNAL; 25; 40; 15; 522
INTERNAL; 23; 38; 15; 1050; INTERNAL; 25; 40; 15; 522
INTERNAL; 23; 38; 15; 1399; INTERNAL; 25; 40; 15; 522
INTERNAL; 23; 38; 15; 1331; INTERNAL; 25; 40; 15; 522
INTERNAL; 23; 38; 15; 918; INTERNAL; 25; 40; 15; 522
INPUT; 1; 17; 16; 1171; INTERNAL; 24; 39; 15; 170
INPUT; 1; 17; 16; 1217; INTERNAL; 24; 39; 15; 170
INTERNAL; 23; 37; 14; 779; INTERNAL; 24; 39; 15; 170
INTERNAL; 23; 37; 14; 1204; INTERNAL; 24; 39; 15; 170
INTERNAL; 23; 37; 14; 1403; INTERNAL; 24; 39; 15; 170
INTERNAL; 22; 22; 0; 806; INTERNAL; 24; 39; 15; 170
INTERNAL; 23; 39; 16; 168; INTERNAL; 25; 40; 15; 1024
INTERNAL; 23; 39; 16; 601; INTERNAL; 25; 40; 15; 1024
INTERNAL; 23; 39; 16; 167; INTERNAL; 25; 40; 15; 1024
INTERNAL; 23; 39; 16; 1284; INTERNAL; 25; 40; 15; 1024
INTERNAL; 24; 39; 15; 166; INTERNAL; 25; 40; 15; 1024
INPUT; 1; 18; 17; 1235; INTERNAL; 24; 39; 15; 166
INPUT; 1; 18; 17; 794; INTERNAL; 24; 39; 15; 166
INTERNAL; 23; 38; 15; 1097; INTERNAL; 24; 39; 15; 166
INTERNAL; 23; 38; 15; 165; INTERNAL; 24; 39; 15; 166
INTERNAL; 22; 22; 0; 806; INTERNAL; 24; 39; 15; 166
INTERNAL; 23; 38; 15; 164; INTERNAL; 24; 39; 15; 166
INPUT; 1; 18; 17; 729; INTERNAL; 23; 38; 15; 164
INPUT; 1; 18; 17; 213; INTERNAL; 23; 38; 15; 164
INTERNAL; 22; 22; 0; 624; INTERNAL; 23; 38; 15; 164
INPUT; 1; 18; 17; 256; INTERNAL; 23; 38; 15; 1097
INPUT; 1; 18; 17; 831; INTERNAL; 23; 38; 15; 1097
INTERNAL; 22; 22; 0; 624; INTERNAL; 23; 38; 15; 1097
INPUT; 1; 18; 17; 1303; INTERNAL; 23; 38; 15; 165
INPUT; 1; 18; 17; 893; INTERNAL; 23; 38; 15; 165
INTERNAL; 22; 22; 0; 806; INTERNAL; 23; 38; 15; 165
INPUT; 1; 18; 17; 808; INTERNAL; 23; 39; 16; 167
INPUT; 1; 18; 17; 801; INTERNAL; 23; 39; 16; 167
INTERNAL; 22; 22; 0; 624; INTERNAL; 23; 39; 16; 167
INPUT; 1; 18; 17; 349; INTERNAL; 23; 39; 16; 1284
INPUT; 1; 18; 17; 1236; INTERNAL; 23; 39; 16; 1284
INTERNAL; 22; 22; 0; 806; INTERNAL; 23; 39; 16; 1284
INPUT; 1; 18; 17; 1195; INTERNAL; 23; 39; 16; 168
INPUT; 1; 18; 17; 787; INTERNAL; 23; 39; 16; 168
INTERNAL; 22; 22; 0; 806; INTERNAL; 23; 39; 16; 168
INPUT; 1; 18; 17; 616; INTERNAL; 23; 39; 16; 601
INPUT; 1; 18; 17; 390; INTERNAL; 23; 39; 16; 601
INTERNAL; 22; 22; 0; 624; INTERNAL; 23; 39; 16; 601
INTERNAL; 24; 39; 15; 171; INTERNAL; 25; 40; 15; 581
INTERNAL; 23; 39; 16; 167; INTERNAL; 25; 40; 15; 581
INTERNAL; 23; 39; 16; 1284; INTERNAL; 25; 40; 15; 581
INTERNAL; 23; 39; 16; 168; INTERNAL; 25; 40; 15; 581
INTERNAL; 23; 39; 16; 601; INTERNAL; 25; 40; 15; 581
INPUT; 1; 18; 17; 794; INTERNAL; 24; 39; 15; 171
INPUT; 1; 18; 17; 1235; INTERNAL; 24; 39; 15; 171
INTERNAL; 23; 38; 15; 164; INTERNAL; 24; 39; 15; 171
INTERNAL; 23; 38; 15; 1097; INTERNAL; 24; 39; 15; 171
INTERNAL; 23; 38; 15; 165; INTERNAL; 24; 39; 15; 171
INTERNAL; 22; 22; 0; 806; INTERNAL; 24; 39; 15; 171
INTERNAL; 23; 38; 15; 1040; INTERNAL; 26; 41; 15; 421
INTERNAL; 23; 38; 15; 695; INTERNAL; 26; 41; 15; 421
INTERNAL; 23; 40; 17; 163; INTERNAL; 26; 41; 15; 421
INTERNAL; 23; 40; 17; 161; INTERNAL; 26; 41; 15; 421
INTERNAL; 25; 40; 15; 160; INTERNAL; 26; 41; 15; 421
INPUT; 1; 18; 17; 1244; INTERNAL; 25; 40; 15; 160
INPUT; 1; 18; 17; 1242; INTERNAL; 25; 40; 15; 160
INTERNAL; 23; 39; 16; 159; INTERNAL; 25; 40; 15; 160
INTERNAL; 22; 22; 0; 806; INTERNAL; 25; 40; 15; 160
INTERNAL; 24; 39; 15; 158; INTERNAL; 25; 40; 15; 160
INPUT; 1; 18; 17; 1090; INTERNAL; 24; 39; 15; 158
INPUT; 1; 18; 17; 1239; INTERNAL; 24; 39; 15; 158
INTERNAL; 22; 22; 0; 806; INTERNAL; 24; 39; 15; 158
INTERNAL; 23; 38; 15; 546; INTERNAL; 24; 39; 15; 158
INPUT; 1; 18; 17; 485; INTERNAL; 23; 38; 15; 546
INPUT; 1; 18; 17; 210; INTERNAL; 23; 38; 15; 546
INTERNAL; 22; 22; 0; 624; INTERNAL; 23; 38; 15; 546
INPUT; 1; 18; 17; 1033; INTERNAL; 23; 39; 16; 159
INPUT; 1; 18; 17; 217; INTERNAL; 23; 39; 16; 159
INTERNAL; 22; 22; 0; 624; INTERNAL; 23; 39; 16; 159
INPUT; 1; 18; 17; 1139; INTERNAL; 23; 40; 17; 163
INPUT; 1; 18; 17; 194; INTERNAL; 23; 40; 17; 163
INTERNAL; 22; 22; 0; 624; INTERNAL; 23; 40; 17; 163
INPUT; 1; 18; 17; 341; INTERNAL; 23; 40; 17; 161
INPUT; 1; 18; 17; 1163; INTERNAL; 23; 40; 17; 161
INTERNAL; 22; 22; 0; 806; INTERNAL; 23; 40; 17; 161
INPUT; 1; 18; 17; 840; INTERNAL; 23; 38; 15; 1040
INPUT; 1; 18; 17; 1245; INTERNAL; 23; 38; 15; 1040
INTERNAL; 22; 22; 0; 806; INTERNAL; 23; 38; 15; 1040
INPUT; 1; 18; 17; 403; INTERNAL; 23; 38; 15; 695
INPUT; 1; 18; 17; 817; INTERNAL; 23; 38; 15; 695
INTERNAL; 22; 22; 0; 624; INTERNAL; 23; 38; 15; 695
INTERNAL; 25; 40; 15; 157; INTERNAL; 26; 41; 15; 571
INTERNAL; 23; 38; 15; 1040; INTERNAL; 26; 41; 15; 571
INTERNAL; 23; 38; 15; 695; INTERNAL; 26; 41; 15; 571
INTERNAL; 23; 40; 17; 163; INTERNAL; 26; 41; 15; 571
INTERNAL; 23; 40; 17; 161; INTERNAL; 26; 41; 15; 571
INPUT; 1; 18; 17; 1244; INTERNAL; 25; 40; 15; 157
INPUT; 1; 18; 17; 1242; INTERNAL; 25; 40; 15; 157
INTERNAL; 24; 39; 15; 672; INTERNAL; 25; 40; 15; 157
INTERNAL; 23; 39; 16; 159; INTERNAL; 25; 40; 15; 157
INTERNAL; 24; 39; 15; 158; INTERNAL; 25; 40; 15; 157
INTERNAL; 22; 22; 0; 806; INTERNAL; 25; 40; 15; 157
INPUT; 1; 18; 17; 1090; INTERNAL; 24; 39; 15; 672
INPUT; 1; 18; 17; 1239; INTERNAL; 24; 39; 15; 672
INTERNAL; 23; 38; 15; 1040; INTERNAL; 24; 39; 15; 672
INTERNAL; 23; 38; 15; 695; INTERNAL; 24; 39; 15; 672
INTERNAL; 23; 38; 15; 546; INTERNAL; 24; 39; 15; 672
INTERNAL; 22; 22; 0; 806; INTERNAL; 24; 39; 15; 672
INTERNAL; 24; 40; 16; 1018; INTERNAL; 25; 41; 16; 639
INTERNAL; 24; 40; 16; 204; INTERNAL; 25; 41; 16; 639
INTERNAL; 23; 39; 16; 350; INTERNAL; 25; 41; 16; 639
INTERNAL; 23; 39; 16; 684; INTERNAL; 25; 41; 16; 639
INTERNAL; 22; 40; 18; 156; INTERNAL; 25; 41; 16; 639
INTERNAL; 22; 40; 18; 1269; INTERNAL; 25; 41; 16; 639
INTERNAL; 23; 39; 16; 1176; INTERNAL; 24; 40; 16; 204
INTERNAL; 23; 39; 16; 155; INTERNAL; 24; 40; 16; 204
INTERNAL; 23; 39; 16; 684; INTERNAL; 24; 40; 16; 204
INTERNAL; 23; 39; 16; 350; INTERNAL; 24; 40; 16; 204
INPUT; 1; 18; 17; 451; INTERNAL; 23; 39; 16; 350
INPUT; 1; 18; 17; 203; INTERNAL; 23; 39; 16; 350
INTERNAL; 22; 22; 0; 624; INTERNAL; 23; 39; 16; 350
INPUT; 1; 18; 17; 320; INTERNAL; 23; 39; 16; 684
INPUT; 1; 18; 17; 1248; INTERNAL; 23; 39; 16; 684
INTERNAL; 22; 22; 0; 806; INTERNAL; 23; 39; 16; 684
INPUT; 1; 18; 17; 986; INTERNAL; 23; 39; 16; 155
INPUT; 1; 18; 17; 622; INTERNAL; 23; 39; 16; 155
INTERNAL; 22; 22; 0; 624; INTERNAL; 23; 39; 16; 155
INPUT; 1; 18; 17; 1325; INTERNAL; 23; 39; 16; 1176
INPUT; 1; 18; 17; 1250; INTERNAL; 23; 39; 16; 1176
INTERNAL; 22; 22; 0; 806; INTERNAL; 23; 39; 16; 1176
INPUT; 1; 19; 18; 207; INTERNAL; 24; 40; 16; 1018
INPUT; 1; 19; 18; 1247; INTERNAL; 24; 40; 16; 1018
INTERNAL; 23; 39; 16; 1176; INTERNAL; 24; 40; 16; 1018
INTERNAL; 23; 39; 16; 155; INTERNAL; 24; 40; 16; 1018
INTERNAL; 23; 39; 16; 154; INTERNAL; 24; 40; 16; 1018
INTERNAL; 22; 22; 0; 806; INTERNAL; 24; 40; 16; 1018
INPUT; 1; 19; 18; 927; INTERNAL; 23; 39; 16; 154
INPUT; 1; 19; 18; 883; INTERNAL; 23; 39; 16; 154
INTERNAL; 22; 22; 0; 624; INTERNAL; 23; 39; 16; 154
INPUT; 1; 19; 18; 1038; INTERNAL; 22; 40; 18; 156
INTERNAL; 21; 21; 0; 257; INTERNAL; 22; 40; 18; 156
INPUT; 1; 19; 18; 202; INTERNAL; 22; 40; 18; 156
INPUT; 1; 19; 18; 554; INTERNAL; 22; 40; 18; 1269
INTERNAL; 21; 21; 0; 1089; INTERNAL; 22; 40; 18; 1269
INPUT; 1; 19; 18; 273; INTERNAL; 22; 40; 18; 1269
INPUT; 1; 19; 18; 207; INTERNAL; 24; 41; 17; 1289
INPUT; 1; 19; 18; 1247; INTERNAL; 24; 41; 17; 1289
INTERNAL; 22; 40; 18; 1269; INTERNAL; 24; 41; 17; 1289
INTERNAL; 22; 40; 18; 156; INTERNAL; 24; 41; 17; 1289
INTERNAL; 22; 22; 0; 806; INTERNAL; 24; 41; 17; 1289
INTERNAL; 23; 39; 16; 154; INTERNAL; 24; 41; 17; 1289
INTERNAL; 22; 22; 0; 1175; INTERNAL; 43; 43; 0; 376
INTERNAL; 22; 22; 0; 1259; INTERNAL; 43; 43; 0; 376
INTERNAL; 42; 42; 0; 623; INTERNAL; 43; 43; 0; 376
INTERNAL; 22; 22; 0; 540; INTERNAL; 43; 43; 0; 153
INTERNAL; 22; 22; 0; 419; INTERNAL; 43; 43; 0; 153
INTERNAL; 42; 42; 0; 623; INTERNAL; 43; 43; 0; 153
INPUT; 1; 2; 1; 997; INTERNAL; 43; 43; 0; 1348
INPUT; 1; 2; 1; 996; INTERNAL; 43; 43; 0; 1348
INTERNAL; 23; 42; 19; 587; INTERNAL; 43; 43; 0; 1348
INTERNAL; 22; 22; 0; 806; INTERNAL; 43; 43; 0; 1348
INTERNAL; 42; 42; 0; 623; INTERNAL; 43; 43; 0; 1348
INPUT; 1; 2; 1; 881; INTERNAL; 23; 42; 19; 587
INPUT; 1; 2; 1; 682; INTERNAL; 23; 42; 19; 587
INTERNAL; 22; 22; 0; 624; INTERNAL; 23; 42; 19; 587
INTERNAL; 23; 23; 0; 1254; INTERNAL; 43; 43; 0; 152
INTERNAL; 23; 23; 0; 1256; INTERNAL; 43; 43; 0; 152
INTERNAL; 42; 42; 0; 623; INTERNAL; 43; 43; 0; 152
INTERNAL; 23; 24; 1; 924; INTERNAL; 43; 43; 0; 151
INTERNAL; 23; 24; 1; 551; INTERNAL; 43; 43; 0; 151
INTERNAL; 42; 42; 0; 623; INTERNAL; 43; 43; 0; 151
INTERNAL; 23; 24; 1; 873; INTERNAL; 43; 43; 0; 483
INTERNAL; 23; 24; 1; 539; INTERNAL; 43; 43; 0; 483
INTERNAL; 42; 42; 0; 623; INTERNAL; 43; 43; 0; 483
INPUT; 1; 3; 2; 629; INTERNAL; 43; 43; 0; 150
INPUT; 1; 3; 2; 715; INTERNAL; 43; 43; 0; 150
INTERNAL; 23; 23; 0; 503; INTERNAL; 43; 43; 0; 150
INTERNAL; 22; 22; 0; 806; INTERNAL; 43; 43; 0; 150
INTERNAL; 42; 42; 0; 623; INTERNAL; 43; 43; 0; 150
INPUT; 1; 4; 3; 981; INTERNAL; 43; 43; 0; 148
INPUT; 1; 4; 3; 723; INTERNAL; 43; 43; 0; 148
INTERNAL; 23; 24; 1; 1260; INTERNAL; 43; 43; 0; 148
INTERNAL; 22; 22; 0; 806; INTERNAL; 43; 43; 0; 148
INTERNAL; 42; 42; 0; 623; INTERNAL; 43; 43; 0; 148
INTERNAL; 23; 25; 2; 559; INTERNAL; 43; 43; 0; 1162
INTERNAL; 23; 25; 2; 431; INTERNAL; 43; 43; 0; 1162
INTERNAL; 42; 42; 0; 623; INTERNAL; 43; 43; 0; 1162
INPUT; 1; 3; 2; 707; INTERNAL; 43; 43; 0; 147
INPUT; 1; 3; 2; 1009; INTERNAL; 43; 43; 0; 147
INTERNAL; 23; 24; 1; 1262; INTERNAL; 43; 43; 0; 147
INTERNAL; 22; 22; 0; 806; INTERNAL; 43; 43; 0; 147
INTERNAL; 42; 42; 0; 623; INTERNAL; 43; 43; 0; 147
INTERNAL; 23; 26; 3; 461; INTERNAL; 43; 43; 0; 146
INTERNAL; 23; 26; 3; 821; INTERNAL; 43; 43; 0; 146
INTERNAL; 42; 42; 0; 623; INTERNAL; 43; 43; 0; 146
INTERNAL; 23; 26; 3; 495; INTERNAL; 43; 43; 0; 145
INTERNAL; 23; 26; 3; 709; INTERNAL; 43; 43; 0; 145
INTERNAL; 42; 42; 0; 623; INTERNAL; 43; 43; 0; 145
INTERNAL; 23; 27; 4; 494; INTERNAL; 43; 43; 0; 502
INTERNAL; 23; 27; 4; 299; INTERNAL; 43; 43; 0; 502
INTERNAL; 42; 42; 0; 623; INTERNAL; 43; 43; 0; 502
INTERNAL; 23; 27; 4; 972; INTERNAL; 43; 43; 0; 144
INTERNAL; 23; 27; 4; 434; INTERNAL; 43; 43; 0; 144
INTERNAL; 42; 42; 0; 623; INTERNAL; 43; 43; 0; 144
INPUT; 1; 5; 4; 1013; INTERNAL; 43; 43; 0; 632
INPUT; 1; 5; 4; 871; INTERNAL; 43; 43; 0; 632
INTERNAL; 23; 26; 3; 402; INTERNAL; 43; 43; 0; 632
INTERNAL; 22; 22; 0; 806; INTERNAL; 43; 43; 0; 632
INTERNAL; 42; 42; 0; 623; INTERNAL; 43; 43; 0; 632
INPUT; 1; 7; 6; 961; INTERNAL; 43; 43; 0; 143
INPUT; 1; 7; 6; 197; INTERNAL; 43; 43; 0; 143
INTERNAL; 23; 27; 4; 1263; INTERNAL; 43; 43; 0; 143
INTERNAL; 22; 22; 0; 806; INTERNAL; 43; 43; 0; 143
INTERNAL; 42; 42; 0; 623; INTERNAL; 43; 43; 0; 143
INTERNAL; 23; 28; 5; 855; INTERNAL; 43; 43; 0; 1218
INTERNAL; 23; 28; 5; 515; INTERNAL; 43; 43; 0; 1218
INTERNAL; 42; 42; 0; 623; INTERNAL; 43; 43; 0; 1218
INPUT; 1; 8; 7; 959; INTERNAL; 43; 43; 0; 558
INPUT; 1; 8; 7; 958; INTERNAL; 43; 43; 0; 558
INTERNAL; 23; 27; 4; 1266; INTERNAL; 43; 43; 0; 558
INTERNAL; 22; 22; 0; 806; INTERNAL; 43; 43; 0; 558
INTERNAL; 42; 42; 0; 623; INTERNAL; 43; 43; 0; 558
INTERNAL; 23; 29; 6; 1364; INTERNAL; 43; 43; 0; 142
INTERNAL; 23; 29; 6; 454; INTERNAL; 43; 43; 0; 142
INTERNAL; 42; 42; 0; 623; INTERNAL; 43; 43; 0; 142
INTERNAL; 23; 29; 6; 620; INTERNAL; 43; 43; 0; 719
INTERNAL; 23; 29; 6; 686; INTERNAL; 43; 43; 0; 719
INTERNAL; 42; 42; 0; 623; INTERNAL; 43; 43; 0; 719
INTERNAL; 23; 30; 7; 457; INTERNAL; 43; 43; 0; 141
INTERNAL; 23; 30; 7; 739; INTERNAL; 43; 43; 0; 141
INTERNAL; 42; 42; 0; 623; INTERNAL; 43; 43; 0; 141
INTERNAL; 23; 30; 7; 504; INTERNAL; 43; 43; 0; 140
INTERNAL; 23; 30; 7; 1241; INTERNAL; 43; 43; 0; 140
INTERNAL; 42; 42; 0; 623; INTERNAL; 43; 43; 0; 140
INPUT; 1; 10; 9; 812; INTERNAL; 43; 43; 0; 139
INPUT; 1; 10; 9; 412; INTERNAL; 43; 43; 0; 139
INTERNAL; 23; 29; 6; 1267; INTERNAL; 43; 43; 0; 139
INTERNAL; 22; 22; 0; 806; INTERNAL; 43; 43; 0; 139
INTERNAL; 42; 42; 0; 623; INTERNAL; 43; 43; 0; 139
INPUT; 1; 10; 9; 948; INTERNAL; 43; 43; 0; 574
INPUT; 1; 10; 9; 952; INTERNAL; 43; 43; 0; 574
INTERNAL; 23; 30; 7; 837; INTERNAL; 43; 43; 0; 574
INTERNAL; 22; 22; 0; 806; INTERNAL; 43; 43; 0; 574
INTERNAL; 42; 42; 0; 623; INTERNAL; 43; 43; 0; 574
INTERNAL; 23; 31; 8; 524; INTERNAL; 43; 43; 0; 138
INTERNAL; 23; 31; 8; 1067; INTERNAL; 43; 43; 0; 138
INTERNAL; 42; 42; 0; 623; INTERNAL; 43; 43; 0; 138
INPUT; 1; 11; 10; 946; INTERNAL; 43; 43; 0; 851
INPUT; 1; 11; 10; 1102; INTERNAL; 43; 43; 0; 851
INTERNAL; 23; 30; 7; 823; INTERNAL; 43; 43; 0; 851
INTERNAL; 22; 22; 0; 806; INTERNAL; 43; 43; 0; 851
INTERNAL; 42; 42; 0; 623; INTERNAL; 43; 43; 0; 851
INTERNAL; 23; 32; 9; 838; INTERNAL; 43; 43; 0; 1096
INTERNAL; 23; 32; 9; 654; INTERNAL; 43; 43; 0; 1096
INTERNAL; 42; 42; 0; 623; INTERNAL; 43; 43; 0; 1096
INTERNAL; 23; 32; 9; 822; INTERNAL; 43; 43; 0; 137
INTERNAL; 23; 32; 9; 685; INTERNAL; 43; 43; 0; 137
INTERNAL; 42; 42; 0; 623; INTERNAL; 43; 43; 0; 137
INTERNAL; 23; 33; 10; 593; INTERNAL; 43; 43; 0; 388
INTERNAL; 23; 33; 10; 1201; INTERNAL; 43; 43; 0; 388
INTERNAL; 42; 42; 0; 623; INTERNAL; 43; 43; 0; 388
INPUT; 1; 11; 10; 1023; INTERNAL; 43; 43; 0; 136
INPUT; 1; 11; 10; 874; INTERNAL; 43; 43; 0; 136
INTERNAL; 23; 32; 9; 998; INTERNAL; 43; 43; 0; 136
INTERNAL; 22; 22; 0; 806; INTERNAL; 43; 43; 0; 136
INTERNAL; 42; 42; 0; 623; INTERNAL; 43; 43; 0; 136
INTERNAL; 23; 31; 8; 1156; INTERNAL; 43; 43; 0; 510
INTERNAL; 23; 31; 8; 789; INTERNAL; 43; 43; 0; 510
INTERNAL; 42; 42; 0; 623; INTERNAL; 43; 43; 0; 510
INTERNAL; 23; 31; 8; 1292; INTERNAL; 43; 43; 0; 135
INTERNAL; 23; 31; 8; 1285; INTERNAL; 43; 43; 0; 135
INTERNAL; 42; 42; 0; 623; INTERNAL; 43; 43; 0; 135
INTERNAL; 23; 30; 7; 1296; INTERNAL; 43; 43; 0; 134
INTERNAL; 23; 30; 7; 474; INTERNAL; 43; 43; 0; 134
INTERNAL; 42; 42; 0; 623; INTERNAL; 43; 43; 0; 134
INTERNAL; 23; 30; 7; 1295; INTERNAL; 43; 43; 0; 133
INTERNAL; 23; 30; 7; 825; INTERNAL; 43; 43; 0; 133
INTERNAL; 42; 42; 0; 623; INTERNAL; 43; 43; 0; 133
INTERNAL; 23; 30; 7; 1197; INTERNAL; 43; 43; 0; 131
INTERNAL; 23; 30; 7; 414; INTERNAL; 43; 43; 0; 131
INTERNAL; 42; 42; 0; 623; INTERNAL; 43; 43; 0; 131
INTERNAL; 23; 32; 9; 1276; INTERNAL; 43; 43; 0; 130
INTERNAL; 23; 32; 9; 1272; INTERNAL; 43; 43; 0; 130
INTERNAL; 42; 42; 0; 623; INTERNAL; 43; 43; 0; 130
INTERNAL; 23; 30; 7; 1288; INTERNAL; 43; 43; 0; 129
INTERNAL; 23; 30; 7; 1286; INTERNAL; 43; 43; 0; 129
INTERNAL; 42; 42; 0; 623; INTERNAL; 43; 43; 0; 129
INTERNAL; 23; 30; 7; 1109; INTERNAL; 43; 43; 0; 284
INTERNAL; 23; 30; 7; 762; INTERNAL; 43; 43; 0; 284
INTERNAL; 42; 42; 0; 623; INTERNAL; 43; 43; 0; 284
INPUT; 1; 9; 8; 818; INTERNAL; 43; 43; 0; 128
INPUT; 1; 9; 8; 1160; INTERNAL; 43; 43; 0; 128
INTERNAL; 23; 31; 8; 1283; INTERNAL; 43; 43; 0; 128
INTERNAL; 22; 22; 0; 806; INTERNAL; 43; 43; 0; 128
INTERNAL; 42; 42; 0; 623; INTERNAL; 43; 43; 0; 128
INTERNAL; 23; 31; 8; 289; INTERNAL; 43; 43; 0; 127
INTERNAL; 23; 31; 8; 1316; INTERNAL; 43; 43; 0; 127
INTERNAL; 42; 42; 0; 623; INTERNAL; 43; 43; 0; 127
INTERNAL; 23; 31; 8; 538; INTERNAL; 43; 43; 0; 1373
INTERNAL; 23; 31; 8; 1317; INTERNAL; 43; 43; 0; 1373
INTERNAL; 42; 42; 0; 623; INTERNAL; 43; 43; 0; 1373
INTERNAL; 23; 30; 7; 1021; INTERNAL; 43; 43; 0; 126
INTERNAL; 23; 30; 7; 575; INTERNAL; 43; 43; 0; 126
INTERNAL; 42; 42; 0; 623; INTERNAL; 43; 43; 0; 126
INPUT; 1; 11; 10; 1065; INTERNAL; 43; 43; 0; 125
INPUT; 1; 11; 10; 1066; INTERNAL; 43; 43; 0; 125
INTERNAL; 23; 31; 8; 573; INTERNAL; 43; 43; 0; 125
INTERNAL; 22; 22; 0; 806; INTERNAL; 43; 43; 0; 125
INTERNAL; 42; 42; 0; 623; INTERNAL; 43; 43; 0; 125
INTERNAL; 23; 33; 10; 799; INTERNAL; 43; 43; 0; 1340
INTERNAL; 23; 33; 10; 850; INTERNAL; 43; 43; 0; 1340
INTERNAL; 42; 42; 0; 623; INTERNAL; 43; 43; 0; 1340
INTERNAL; 23; 31; 8; 1319; INTERNAL; 43; 43; 0; 169
INTERNAL; 23; 31; 8; 890; INTERNAL; 43; 43; 0; 169
INTERNAL; 42; 42; 0; 623; INTERNAL; 43; 43; 0; 169
INTERNAL; 23; 31; 8; 470; INTERNAL; 43; 43; 0; 124
INTERNAL; 23; 31; 8; 1318; INTERNAL; 43; 43; 0; 124
INTERNAL; 42; 42; 0; 623; INTERNAL; 43; 43; 0; 124
INPUT; 1; 10; 9; 786; INTERNAL; 43; 43; 0; 1361
INPUT; 1; 10; 9; 1058; INTERNAL; 43; 43; 0; 1361
INTERNAL; 23; 32; 9; 683; INTERNAL; 43; 43; 0; 1361
INTERNAL; 22; 22; 0; 806; INTERNAL; 43; 43; 0; 1361
INTERNAL; 42; 42; 0; 623; INTERNAL; 43; 43; 0; 1361
INPUT; 1; 11; 10; 241; INTERNAL; 43; 43; 0; 123
INPUT; 1; 11; 10; 288; INTERNAL; 43; 43; 0; 123
INTERNAL; 23; 30; 7; 1310; INTERNAL; 43; 43; 0; 123
INTERNAL; 22; 22; 0; 806; INTERNAL; 43; 43; 0; 123
INTERNAL; 42; 42; 0; 623; INTERNAL; 43; 43; 0; 123
INPUT; 1; 11; 10; 1093; INTERNAL; 43; 43; 0; 121
INPUT; 1; 11; 10; 1094; INTERNAL; 43; 43; 0; 121
INTERNAL; 23; 31; 8; 1052; INTERNAL; 43; 43; 0; 121
INTERNAL; 22; 22; 0; 806; INTERNAL; 43; 43; 0; 121
INTERNAL; 42; 42; 0; 623; INTERNAL; 43; 43; 0; 121
INTERNAL; 23; 30; 7; 1046; INTERNAL; 43; 43; 0; 120
INTERNAL; 23; 30; 7; 1261; INTERNAL; 43; 43; 0; 120
INTERNAL; 42; 42; 0; 623; INTERNAL; 43; 43; 0; 120
INTERNAL; 23; 30; 7; 1121; INTERNAL; 43; 43; 0; 119
INTERNAL; 23; 30; 7; 1305; INTERNAL; 43; 43; 0; 119
INTERNAL; 42; 42; 0; 623; INTERNAL; 43; 43; 0; 119
INPUT; 1; 11; 10; 1087; INTERNAL; 43; 43; 0; 455
INPUT; 1; 11; 10; 724; INTERNAL; 43; 43; 0; 455
INTERNAL; 23; 30; 7; 674; INTERNAL; 43; 43; 0; 455
INTERNAL; 22; 22; 0; 806; INTERNAL; 43; 43; 0; 455
INTERNAL; 42; 42; 0; 623; INTERNAL; 43; 43; 0; 455
INPUT; 1; 11; 10; 1081; INTERNAL; 43; 43; 0; 118
INPUT; 1; 11; 10; 1085; INTERNAL; 43; 43; 0; 118
INTERNAL; 23; 29; 6; 1287; INTERNAL; 43; 43; 0; 118
INTERNAL; 22; 22; 0; 806; INTERNAL; 43; 43; 0; 118
INTERNAL; 42; 42; 0; 623; INTERNAL; 43; 43; 0; 118
INTERNAL; 23; 31; 8; 1300; INTERNAL; 43; 43; 0; 117
INTERNAL; 23; 31; 8; 1298; INTERNAL; 43; 43; 0; 117
INTERNAL; 42; 42; 0; 623; INTERNAL; 43; 43; 0; 117
INTERNAL; 23; 31; 8; 1302; INTERNAL; 43; 43; 0; 116
INTERNAL; 23; 31; 8; 592; INTERNAL; 43; 43; 0; 116
INTERNAL; 42; 42; 0; 623; INTERNAL; 43; 43; 0; 116
INTERNAL; 23; 32; 9; 791; INTERNAL; 43; 43; 0; 619
INTERNAL; 23; 32; 9; 209; INTERNAL; 43; 43; 0; 619
INTERNAL; 42; 42; 0; 623; INTERNAL; 43; 43; 0; 619
INTERNAL; 23; 32; 9; 1323; INTERNAL; 43; 43; 0; 115
INTERNAL; 23; 32; 9; 211; INTERNAL; 43; 43; 0; 115
INTERNAL; 42; 42; 0; 623; INTERNAL; 43; 43; 0; 115
INTERNAL; 23; 31; 8; 1328; INTERNAL; 43; 43; 0; 355
INTERNAL; 23; 31; 8; 636; INTERNAL; 43; 43; 0; 355
INTERNAL; 42; 42; 0; 623; INTERNAL; 43; 43; 0; 355
INPUT; 1; 12; 11; 1111; INTERNAL; 43; 43; 0; 114
INPUT; 1; 12; 11; 1114; INTERNAL; 43; 43; 0; 114
INTERNAL; 23; 32; 9; 1326; INTERNAL; 43; 43; 0; 114
INTERNAL; 22; 22; 0; 806; INTERNAL; 43; 43; 0; 114
INTERNAL; 42; 42; 0; 623; INTERNAL; 43; 43; 0; 114
INTERNAL; 23; 34; 11; 357; INTERNAL; 43; 43; 0; 113
INTERNAL; 23; 34; 11; 1322; INTERNAL; 43; 43; 0; 113
INTERNAL; 42; 42; 0; 623; INTERNAL; 43; 43; 0; 113
INTERNAL; 23; 32; 9; 1334; INTERNAL; 43; 43; 0; 112
INTERNAL; 23; 32; 9; 1332; INTERNAL; 43; 43; 0; 112
INTERNAL; 42; 42; 0; 623; INTERNAL; 43; 43; 0; 112
INTERNAL; 23; 32; 9; 1280; INTERNAL; 43; 43; 0; 426
INTERNAL; 23; 32; 9; 410; INTERNAL; 43; 43; 0; 426
INTERNAL; 42; 42; 0; 623; INTERNAL; 43; 43; 0; 426
INPUT; 1; 11; 10; 1127; INTERNAL; 43; 43; 0; 529
INPUT; 1; 11; 10; 1106; INTERNAL; 43; 43; 0; 529
INTERNAL; 23; 33; 10; 1265; INTERNAL; 43; 43; 0; 529
INTERNAL; 22; 22; 0; 806; INTERNAL; 43; 43; 0; 529
INTERNAL; 42; 42; 0; 623; INTERNAL; 43; 43; 0; 529
INPUT; 1; 13; 12; 1123; INTERNAL; 43; 43; 0; 1243
INPUT; 1; 13; 12; 1120; INTERNAL; 43; 43; 0; 1243
INTERNAL; 23; 33; 10; 1122; INTERNAL; 43; 43; 0; 1243
INTERNAL; 22; 22; 0; 806; INTERNAL; 43; 43; 0; 1243
INTERNAL; 42; 42; 0; 623; INTERNAL; 43; 43; 0; 1243
INPUT; 1; 13; 12; 655; INTERNAL; 43; 43; 0; 261
INPUT; 1; 13; 12; 463; INTERNAL; 43; 43; 0; 261
INTERNAL; 23; 32; 9; 1341; INTERNAL; 43; 43; 0; 261
INTERNAL; 22; 22; 0; 806; INTERNAL; 43; 43; 0; 261
INTERNAL; 42; 42; 0; 623; INTERNAL; 43; 43; 0; 261
INTERNAL; 23; 32; 9; 1338; INTERNAL; 43; 43; 0; 111
INTERNAL; 23; 32; 9; 1321; INTERNAL; 43; 43; 0; 111
INTERNAL; 42; 42; 0; 623; INTERNAL; 43; 43; 0; 111
INTERNAL; 23; 34; 11; 1225; INTERNAL; 43; 43; 0; 471
INTERNAL; 23; 34; 11; 1104; INTERNAL; 43; 43; 0; 471
INTERNAL; 42; 42; 0; 623; INTERNAL; 43; 43; 0; 471
INTERNAL; 23; 33; 10; 614; INTERNAL; 43; 43; 0; 110
INTERNAL; 23; 33; 10; 232; INTERNAL; 43; 43; 0; 110
INTERNAL; 42; 42; 0; 623; INTERNAL; 43; 43; 0; 110
INPUT; 1; 13; 12; 1086; INTERNAL; 43; 43; 0; 109
INPUT; 1; 13; 12; 628; INTERNAL; 43; 43; 0; 109
INTERNAL; 23; 33; 10; 708; INTERNAL; 43; 43; 0; 109
INTERNAL; 22; 22; 0; 806; INTERNAL; 43; 43; 0; 109
INTERNAL; 42; 42; 0; 623; INTERNAL; 43; 43; 0; 109
INTERNAL; 23; 34; 11; 283; INTERNAL; 43; 43; 0; 905
INTERNAL; 23; 34; 11; 993; INTERNAL; 43; 43; 0; 905
INTERNAL; 42; 42; 0; 623; INTERNAL; 43; 43; 0; 905
INTERNAL; 23; 34; 11; 1342; INTERNAL; 43; 43; 0; 108
INTERNAL; 23; 34; 11; 1290; INTERNAL; 43; 43; 0; 108
INTERNAL; 42; 42; 0; 623; INTERNAL; 43; 43; 0; 108
INPUT; 1; 13; 12; 1136; INTERNAL; 43; 43; 0; 1091
INPUT; 1; 13; 12; 1182; INTERNAL; 43; 43; 0; 1091
INTERNAL; 23; 34; 11; 1105; INTERNAL; 43; 43; 0; 1091
INTERNAL; 22; 22; 0; 806; INTERNAL; 43; 43; 0; 1091
INTERNAL; 42; 42; 0; 623; INTERNAL; 43; 43; 0; 1091
INPUT; 1; 13; 12; 738; INTERNAL; 43; 43; 0; 212
INPUT; 1; 13; 12; 843; INTERNAL; 43; 43; 0; 212
INTERNAL; 23; 33; 10; 694; INTERNAL; 43; 43; 0; 212
INTERNAL; 22; 22; 0; 806; INTERNAL; 43; 43; 0; 212
INTERNAL; 42; 42; 0; 623; INTERNAL; 43; 43; 0; 212
INTERNAL; 23; 33; 10; 1345; INTERNAL; 43; 43; 0; 107
INTERNAL; 23; 33; 10; 1333; INTERNAL; 43; 43; 0; 107
INTERNAL; 42; 42; 0; 623; INTERNAL; 43; 43; 0; 107
INTERNAL; 23; 35; 12; 292; INTERNAL; 43; 43; 0; 105
INTERNAL; 23; 35; 12; 868; INTERNAL; 43; 43; 0; 105
INTERNAL; 42; 42; 0; 623; INTERNAL; 43; 43; 0; 105
INTERNAL; 23; 34; 11; 1355; INTERNAL; 43; 43; 0; 104
INTERNAL; 23; 34; 11; 1357; INTERNAL; 43; 43; 0; 104
INTERNAL; 42; 42; 0; 623; INTERNAL; 43; 43; 0; 104
INPUT; 1; 14; 13; 1142; INTERNAL; 43; 43; 0; 102
INPUT; 1; 14; 13; 563; INTERNAL; 43; 43; 0; 102
INTERNAL; 23; 34; 11; 1360; INTERNAL; 43; 43; 0; 102
INTERNAL; 22; 22; 0; 806; INTERNAL; 43; 43; 0; 102
INTERNAL; 42; 42; 0; 623; INTERNAL; 43; 43; 0; 102
INTERNAL; 23; 35; 12; 1349; INTERNAL; 43; 43; 0; 101
INTERNAL; 23; 35; 12; 1347; INTERNAL; 43; 43; 0; 101
INTERNAL; 42; 42; 0; 623; INTERNAL; 43; 43; 0; 101
INTERNAL; 23; 35; 12; 1353; INTERNAL; 43; 43; 0; 810
INTERNAL; 23; 35; 12; 999; INTERNAL; 43; 43; 0; 810
INTERNAL; 42; 42; 0; 623; INTERNAL; 43; 43; 0; 810
INPUT; 1; 14; 13; 847; INTERNAL; 43; 43; 0; 100
INPUT; 1; 14; 13; 1224; INTERNAL; 43; 43; 0; 100
INTERNAL; 23; 35; 12; 214; INTERNAL; 43; 43; 0; 100
INTERNAL; 22; 22; 0; 806; INTERNAL; 43; 43; 0; 100
INTERNAL; 42; 42; 0; 623; INTERNAL; 43; 43; 0; 100
INPUT; 1; 14; 13; 1151; INTERNAL; 43; 43; 0; 582
INPUT; 1; 14; 13; 1152; INTERNAL; 43; 43; 0; 582
INTERNAL; 23; 34; 11; 940; INTERNAL; 43; 43; 0; 582
INTERNAL; 22; 22; 0; 806; INTERNAL; 43; 43; 0; 582
INTERNAL; 42; 42; 0; 623; INTERNAL; 43; 43; 0; 582
INTERNAL; 23; 34; 11; 1363; INTERNAL; 43; 43; 0; 435
INTERNAL; 23; 34; 11; 1362; INTERNAL; 43; 43; 0; 435
INTERNAL; 42; 42; 0; 623; INTERNAL; 43; 43; 0; 435
INTERNAL; 23; 36; 13; 1365; INTERNAL; 43; 43; 0; 99
INTERNAL; 23; 36; 13; 1366; INTERNAL; 43; 43; 0; 99
INTERNAL; 42; 42; 0; 623; INTERNAL; 43; 43; 0; 99
INTERNAL; 23; 35; 12; 1381; INTERNAL; 43; 43; 0; 98
INTERNAL; 23; 35; 12; 234; INTERNAL; 43; 43; 0; 98
INTERNAL; 42; 42; 0; 623; INTERNAL; 43; 43; 0; 98
INPUT; 1; 15; 14; 487; INTERNAL; 43; 43; 0; 782
INPUT; 1; 15; 14; 1164; INTERNAL; 43; 43; 0; 782
INTERNAL; 23; 35; 12; 1383; INTERNAL; 43; 43; 0; 782
INTERNAL; 22; 22; 0; 806; INTERNAL; 43; 43; 0; 782
INTERNAL; 42; 42; 0; 623; INTERNAL; 43; 43; 0; 782
INTERNAL; 23; 36; 13; 699; INTERNAL; 43; 43; 0; 97
INTERNAL; 23; 36; 13; 501; INTERNAL; 43; 43; 0; 97
INTERNAL; 42; 42; 0; 623; INTERNAL; 43; 43; 0; 97
INTERNAL; 23; 36; 13; 1379; INTERNAL; 43; 43; 0; 96
INTERNAL; 23; 36; 13; 1380; INTERNAL; 43; 43; 0; 96
INTERNAL; 42; 42; 0; 623; INTERNAL; 43; 43; 0; 96
INPUT; 1; 15; 14; 206; INTERNAL; 43; 43; 0; 438
INPUT; 1; 15; 14; 243; INTERNAL; 43; 43; 0; 438
INTERNAL; 23; 35; 12; 1351; INTERNAL; 43; 43; 0; 438
INTERNAL; 22; 22; 0; 806; INTERNAL; 43; 43; 0; 438
INTERNAL; 42; 42; 0; 623; INTERNAL; 43; 43; 0; 438
INPUT; 1; 15; 14; 1179; INTERNAL; 43; 43; 0; 95
INPUT; 1; 15; 14; 1350; INTERNAL; 43; 43; 0; 95
INTERNAL; 23; 34; 11; 302; INTERNAL; 43; 43; 0; 95
INTERNAL; 22; 22; 0; 806; INTERNAL; 43; 43; 0; 95
INTERNAL; 42; 42; 0; 623; INTERNAL; 43; 43; 0; 95
INTERNAL; 23; 35; 12; 1172; INTERNAL; 43; 43; 0; 94
INTERNAL; 23; 35; 12; 1369; INTERNAL; 43; 43; 0; 94
INTERNAL; 42; 42; 0; 623; INTERNAL; 43; 43; 0; 94
INTERNAL; 23; 36; 13; 1372; INTERNAL; 43; 43; 0; 162
INTERNAL; 23; 36; 13; 1375; INTERNAL; 43; 43; 0; 162
INTERNAL; 42; 42; 0; 623; INTERNAL; 43; 43; 0; 162
INTERNAL; 23; 36; 13; 1297; INTERNAL; 43; 43; 0; 1382
INTERNAL; 23; 36; 13; 330; INTERNAL; 43; 43; 0; 1382
INTERNAL; 42; 42; 0; 623; INTERNAL; 43; 43; 0; 1382
INPUT; 1; 15; 14; 1183; INTERNAL; 43; 43; 0; 93
INPUT; 1; 15; 14; 669; INTERNAL; 43; 43; 0; 93
INTERNAL; 23; 36; 13; 950; INTERNAL; 43; 43; 0; 93
INTERNAL; 22; 22; 0; 806; INTERNAL; 43; 43; 0; 93
INTERNAL; 42; 42; 0; 623; INTERNAL; 43; 43; 0; 93
INTERNAL; 23; 37; 14; 1252; INTERNAL; 43; 43; 0; 92
INTERNAL; 23; 37; 14; 1391; INTERNAL; 43; 43; 0; 92
INTERNAL; 42; 42; 0; 623; INTERNAL; 43; 43; 0; 92
INTERNAL; 23; 37; 14; 1392; INTERNAL; 43; 43; 0; 735
INTERNAL; 23; 37; 14; 750; INTERNAL; 43; 43; 0; 735
INTERNAL; 42; 42; 0; 623; INTERNAL; 43; 43; 0; 735
INPUT; 1; 16; 15; 1193; INTERNAL; 43; 43; 0; 91
INPUT; 1; 16; 15; 562; INTERNAL; 43; 43; 0; 91
INTERNAL; 23; 36; 13; 1083; INTERNAL; 43; 43; 0; 91
INTERNAL; 22; 22; 0; 806; INTERNAL; 43; 43; 0; 91
INTERNAL; 42; 42; 0; 623; INTERNAL; 43; 43; 0; 91
INPUT; 1; 16; 15; 1191; INTERNAL; 43; 43; 0; 1222
INPUT; 1; 16; 15; 1192; INTERNAL; 43; 43; 0; 1222
INTERNAL; 23; 35; 12; 1388; INTERNAL; 43; 43; 0; 1222
INTERNAL; 22; 22; 0; 806; INTERNAL; 43; 43; 0; 1222
INTERNAL; 42; 42; 0; 623; INTERNAL; 43; 43; 0; 1222
INTERNAL; 23; 35; 12; 1370; INTERNAL; 43; 43; 0; 90
INTERNAL; 23; 35; 12; 1386; INTERNAL; 43; 43; 0; 90
INTERNAL; 42; 42; 0; 623; INTERNAL; 43; 43; 0; 90
INTERNAL; 23; 37; 14; 444; INTERNAL; 43; 43; 0; 1063
INTERNAL; 23; 37; 14; 1055; INTERNAL; 43; 43; 0; 1063
INTERNAL; 42; 42; 0; 623; INTERNAL; 43; 43; 0; 1063
INTERNAL; 23; 37; 14; 1395; INTERNAL; 43; 43; 0; 89
INTERNAL; 23; 37; 14; 1229; INTERNAL; 43; 43; 0; 89
INTERNAL; 42; 42; 0; 623; INTERNAL; 43; 43; 0; 89
INPUT; 1; 16; 15; 425; INTERNAL; 43; 43; 0; 395
INPUT; 1; 16; 15; 1196; INTERNAL; 43; 43; 0; 395
INTERNAL; 23; 37; 14; 1400; INTERNAL; 43; 43; 0; 395
INTERNAL; 22; 22; 0; 806; INTERNAL; 43; 43; 0; 395
INTERNAL; 42; 42; 0; 623; INTERNAL; 43; 43; 0; 395
INTERNAL; 23; 38; 15; 942; INTERNAL; 43; 43; 0; 1293
INTERNAL; 23; 38; 15; 534; INTERNAL; 43; 43; 0; 1293
INTERNAL; 42; 42; 0; 623; INTERNAL; 43; 43; 0; 1293
INTERNAL; 23; 38; 15; 1255; INTERNAL; 43; 43; 0; 1132
INTERNAL; 23; 38; 15; 1227; INTERNAL; 43; 43; 0; 1132
INTERNAL; 42; 42; 0; 623; INTERNAL; 43; 43; 0; 1132
INPUT; 1; 17; 16; 1212; INTERNAL; 43; 43; 0; 904
INPUT; 1; 17; 16; 312; INTERNAL; 43; 43; 0; 904
INTERNAL; 23; 37; 14; 1394; INTERNAL; 43; 43; 0; 904
INTERNAL; 22; 22; 0; 806; INTERNAL; 43; 43; 0; 904
INTERNAL; 42; 42; 0; 623; INTERNAL; 43; 43; 0; 904
INPUT; 1; 17; 16; 1209; INTERNAL; 43; 43; 0; 179
INPUT; 1; 17; 16; 1210; INTERNAL; 43; 43; 0; 179
INTERNAL; 23; 36; 13; 775; INTERNAL; 43; 43; 0; 179
INTERNAL; 22; 22; 0; 806; INTERNAL; 43; 43; 0; 179
INTERNAL; 42; 42; 0; 623; INTERNAL; 43; 43; 0; 179
INTERNAL; 23; 36; 13; 1393; INTERNAL; 43; 43; 0; 88
INTERNAL; 23; 36; 13; 702; INTERNAL; 43; 43; 0; 88
INTERNAL; 42; 42; 0; 623; INTERNAL; 43; 43; 0; 88
INTERNAL; 23; 38; 15; 642; INTERNAL; 43; 43; 0; 86
INTERNAL; 23; 38; 15; 914; INTERNAL; 43; 43; 0; 86
INTERNAL; 42; 42; 0; 623; INTERNAL; 43; 43; 0; 86
INTERNAL; 23; 37; 14; 1204; INTERNAL; 43; 43; 0; 85
INTERNAL; 23; 37; 14; 1403; INTERNAL; 43; 43; 0; 85
INTERNAL; 42; 42; 0; 623; INTERNAL; 43; 43; 0; 85
INPUT; 1; 17; 16; 1217; INTERNAL; 43; 43; 0; 246
INPUT; 1; 17; 16; 1171; INTERNAL; 43; 43; 0; 246
INTERNAL; 23; 37; 14; 779; INTERNAL; 43; 43; 0; 246
INTERNAL; 22; 22; 0; 806; INTERNAL; 43; 43; 0; 246
INTERNAL; 42; 42; 0; 623; INTERNAL; 43; 43; 0; 246
INTERNAL; 23; 38; 15; 918; INTERNAL; 43; 43; 0; 84
INTERNAL; 23; 38; 15; 1331; INTERNAL; 43; 43; 0; 84
INTERNAL; 42; 42; 0; 623; INTERNAL; 43; 43; 0; 84
INTERNAL; 23; 38; 15; 1050; INTERNAL; 43; 43; 0; 83
INTERNAL; 23; 38; 15; 1399; INTERNAL; 43; 43; 0; 83
INTERNAL; 42; 42; 0; 623; INTERNAL; 43; 43; 0; 83
INPUT; 1; 17; 16; 985; INTERNAL; 43; 43; 0; 82
INPUT; 1; 17; 16; 1233; INTERNAL; 43; 43; 0; 82
INTERNAL; 23; 38; 15; 177; INTERNAL; 43; 43; 0; 82
INTERNAL; 22; 22; 0; 806; INTERNAL; 43; 43; 0; 82
INTERNAL; 42; 42; 0; 623; INTERNAL; 43; 43; 0; 82
INPUT; 1; 17; 16; 877; INTERNAL; 43; 43; 0; 796
INPUT; 1; 17; 16; 1004; INTERNAL; 43; 43; 0; 796
INTERNAL; 23; 37; 14; 175; INTERNAL; 43; 43; 0; 796
INTERNAL; 22; 22; 0; 806; INTERNAL; 43; 43; 0; 796
INTERNAL; 42; 42; 0; 623; INTERNAL; 43; 43; 0; 796
INTERNAL; 23; 37; 14; 181; INTERNAL; 43; 43; 0; 1352
INTERNAL; 23; 37; 14; 1404; INTERNAL; 43; 43; 0; 1352
INTERNAL; 42; 42; 0; 623; INTERNAL; 43; 43; 0; 1352
INTERNAL; 23; 39; 16; 295; INTERNAL; 43; 43; 0; 220
INTERNAL; 23; 39; 16; 180; INTERNAL; 43; 43; 0; 220
INTERNAL; 42; 42; 0; 623; INTERNAL; 43; 43; 0; 220
INTERNAL; 23; 38; 15; 1097; INTERNAL; 43; 43; 0; 81
INTERNAL; 23; 38; 15; 165; INTERNAL; 43; 43; 0; 81
INTERNAL; 42; 42; 0; 623; INTERNAL; 43; 43; 0; 81
INPUT; 1; 18; 17; 1235; INTERNAL; 43; 43; 0; 80
INPUT; 1; 18; 17; 794; INTERNAL; 43; 43; 0; 80
INTERNAL; 23; 38; 15; 164; INTERNAL; 43; 43; 0; 80
INTERNAL; 22; 22; 0; 806; INTERNAL; 43; 43; 0; 80
INTERNAL; 42; 42; 0; 623; INTERNAL; 43; 43; 0; 80
INTERNAL; 23; 39; 16; 601; INTERNAL; 43; 43; 0; 878
INTERNAL; 23; 39; 16; 168; INTERNAL; 43; 43; 0; 878
INTERNAL; 42; 42; 0; 623; INTERNAL; 43; 43; 0; 878
INTERNAL; 23; 39; 16; 167; INTERNAL; 43; 43; 0; 310
INTERNAL; 23; 39; 16; 1284; INTERNAL; 43; 43; 0; 310
INTERNAL; 42; 42; 0; 623; INTERNAL; 43; 43; 0; 310
INPUT; 1; 18; 17; 1244; INTERNAL; 43; 43; 0; 79
INPUT; 1; 18; 17; 1242; INTERNAL; 43; 43; 0; 79
INTERNAL; 23; 39; 16; 159; INTERNAL; 43; 43; 0; 79
INTERNAL; 22; 22; 0; 806; INTERNAL; 43; 43; 0; 79
INTERNAL; 42; 42; 0; 623; INTERNAL; 43; 43; 0; 79
INPUT; 1; 18; 17; 1090; INTERNAL; 43; 43; 0; 1126
INPUT; 1; 18; 17; 1239; INTERNAL; 43; 43; 0; 1126
INTERNAL; 23; 38; 15; 546; INTERNAL; 43; 43; 0; 1126
INTERNAL; 22; 22; 0; 806; INTERNAL; 43; 43; 0; 1126
INTERNAL; 42; 42; 0; 623; INTERNAL; 43; 43; 0; 1126
INTERNAL; 23; 38; 15; 695; INTERNAL; 43; 43; 0; 250
INTERNAL; 23; 38; 15; 1040; INTERNAL; 43; 43; 0; 250
INTERNAL; 42; 42; 0; 623; INTERNAL; 43; 43; 0; 250
INTERNAL; 23; 40; 17; 163; INTERNAL; 43; 43; 0; 78
INTERNAL; 23; 40; 17; 161; INTERNAL; 43; 43; 0; 78
INTERNAL; 42; 42; 0; 623; INTERNAL; 43; 43; 0; 78
INPUT; 1; 19; 18; 207; INTERNAL; 43; 43; 0; 692
INPUT; 1; 19; 18; 1247; INTERNAL; 43; 43; 0; 692
INTERNAL; 23; 39; 16; 154; INTERNAL; 43; 43; 0; 692
INTERNAL; 22; 22; 0; 806; INTERNAL; 43; 43; 0; 692
INTERNAL; 42; 42; 0; 623; INTERNAL; 43; 43; 0; 692
INTERNAL; 23; 39; 16; 155; INTERNAL; 43; 43; 0; 77
INTERNAL; 23; 39; 16; 1176; INTERNAL; 43; 43; 0; 77
INTERNAL; 42; 42; 0; 623; INTERNAL; 43; 43; 0; 77
INTERNAL; 23; 39; 16; 350; INTERNAL; 43; 43; 0; 76
INTERNAL; 23; 39; 16; 684; INTERNAL; 43; 43; 0; 76
INTERNAL; 42; 42; 0; 623; INTERNAL; 43; 43; 0; 76
INTERNAL; 22; 40; 18; 156; INTERNAL; 23; 43; 20; 75
INTERNAL; 22; 40; 18; 1269; INTERNAL; 23; 43; 20; 75
INTERNAL; 22; 22; 0; 624; INTERNAL; 43; 43; 0; 74
INTERNAL; 22; 22; 0; 806; INTERNAL; 43; 43; 0; 74
INTERNAL; 42; 42; 0; 623; INTERNAL; 43; 43; 0; 74
INTERNAL; 43; 43; 0; 359; OUTPUT; 44; 44; 0; 106
INTERNAL; 43; 43; 0; 376; OUTPUT; 44; 44; 0; 73
INTERNAL; 43; 43; 0; 153; OUTPUT; 44; 44; 0; 1088
INTERNAL; 43; 43; 0; 1348; OUTPUT; 44; 44; 0; 1158
INTERNAL; 43; 43; 0; 152; OUTPUT; 44; 44; 0; 72
INTERNAL; 43; 43; 0; 151; OUTPUT; 44; 44; 0; 342
INTERNAL; 43; 43; 0; 483; OUTPUT; 44; 44; 0; 71
INTERNAL; 43; 43; 0; 150; OUTPUT; 44; 44; 0; 70
INTERNAL; 43; 43; 0; 148; OUTPUT; 44; 44; 0; 1107
INTERNAL; 43; 43; 0; 1162; OUTPUT; 44; 44; 0; 69
INTERNAL; 43; 43; 0; 147; OUTPUT; 44; 44; 0; 774
INTERNAL; 43; 43; 0; 146; OUTPUT; 44; 44; 0; 68
INTERNAL; 43; 43; 0; 145; OUTPUT; 44; 44; 0; 67
INTERNAL; 43; 43; 0; 502; OUTPUT; 44; 44; 0; 66
INTERNAL; 43; 43; 0; 144; OUTPUT; 44; 44; 0; 65
INTERNAL; 43; 43; 0; 632; OUTPUT; 44; 44; 0; 219
INTERNAL; 43; 43; 0; 143; OUTPUT; 44; 44; 0; 64
INTERNAL; 43; 43; 0; 1218; OUTPUT; 44; 44; 0; 1015
INTERNAL; 43; 43; 0; 558; OUTPUT; 44; 44; 0; 62
INTERNAL; 43; 43; 0; 142; OUTPUT; 44; 44; 0; 995
INTERNAL; 43; 43; 0; 719; OUTPUT; 44; 44; 0; 61
INTERNAL; 43; 43; 0; 141; OUTPUT; 44; 44; 0; 60
INTERNAL; 43; 43; 0; 140; OUTPUT; 44; 44; 0; 59
INTERNAL; 43; 43; 0; 139; OUTPUT; 44; 44; 0; 785
INTERNAL; 43; 43; 0; 574; OUTPUT; 44; 44; 0; 149
INTERNAL; 43; 43; 0; 138; OUTPUT; 44; 44; 0; 58
INTERNAL; 43; 43; 0; 851; OUTPUT; 44; 44; 0; 57
INTERNAL; 43; 43; 0; 1096; OUTPUT; 44; 44; 0; 294
INTERNAL; 43; 43; 0; 137; OUTPUT; 44; 44; 0; 56
INTERNAL; 43; 43; 0; 388; OUTPUT; 44; 44; 0; 613
INTERNAL; 43; 43; 0; 136; OUTPUT; 44; 44; 0; 55
INTERNAL; 43; 43; 0; 510; OUTPUT; 44; 44; 0; 54
INTERNAL; 43; 43; 0; 135; OUTPUT; 44; 44; 0; 53
INTERNAL; 43; 43; 0; 134; OUTPUT; 44; 44; 0; 52
INTERNAL; 43; 43; 0; 133; OUTPUT; 44; 44; 0; 329
INTERNAL; 43; 43; 0; 131; OUTPUT; 44; 44; 0; 51
INTERNAL; 43; 43; 0; 130; OUTPUT; 44; 44; 0; 50
INTERNAL; 43; 43; 0; 129; OUTPUT; 44; 44; 0; 49
INTERNAL; 43; 43; 0; 284; OUTPUT; 44; 44; 0; 48
INTERNAL; 43; 43; 0; 128; OUTPUT; 44; 44; 0; 1043
INTERNAL; 43; 43; 0; 127; OUTPUT; 44; 44; 0; 47
INTERNAL; 43; 43; 0; 1373; OUTPUT; 44; 44; 0; 46
INTERNAL; 43; 43; 0; 126; OUTPUT; 44; 44; 0; 859
INTERNAL; 43; 43; 0; 125; OUTPUT; 44; 44; 0; 45
INTERNAL; 43; 43; 0; 1340; OUTPUT; 44; 44; 0; 44
INTERNAL; 43; 43; 0; 169; OUTPUT; 44; 44; 0; 800
INTERNAL; 43; 43; 0; 124; OUTPUT; 44; 44; 0; 43
INTERNAL; 43; 43; 0; 1361; OUTPUT; 44; 44; 0; 132
INTERNAL; 43; 43; 0; 123; OUTPUT; 44; 44; 0; 42
INTERNAL; 43; 43; 0; 121; OUTPUT; 44; 44; 0; 41
INTERNAL; 43; 43; 0; 120; OUTPUT; 44; 44; 0; 858
INTERNAL; 43; 43; 0; 119; OUTPUT; 44; 44; 0; 40
INTERNAL; 43; 43; 0; 455; OUTPUT; 44; 44; 0; 306
INTERNAL; 43; 43; 0; 118; OUTPUT; 44; 44; 0; 966
INTERNAL; 43; 43; 0; 117; OUTPUT; 44; 44; 0; 1045
INTERNAL; 43; 43; 0; 116; OUTPUT; 44; 44; 0; 39
INTERNAL; 43; 43; 0; 619; OUTPUT; 44; 44; 0; 880
INTERNAL; 43; 43; 0; 115; OUTPUT; 44; 44; 0; 38
INTERNAL; 43; 43; 0; 355; OUTPUT; 44; 44; 0; 37
INTERNAL; 43; 43; 0; 114; OUTPUT; 44; 44; 0; 317
INTERNAL; 43; 43; 0; 113; OUTPUT; 44; 44; 0; 36
INTERNAL; 43; 43; 0; 112; OUTPUT; 44; 44; 0; 857
INTERNAL; 43; 43; 0; 426; OUTPUT; 44; 44; 0; 35
INTERNAL; 43; 43; 0; 529; OUTPUT; 44; 44; 0; 87
INTERNAL; 43; 43; 0; 1243; OUTPUT; 44; 44; 0; 621
INTERNAL; 43; 43; 0; 261; OUTPUT; 44; 44; 0; 34
INTERNAL; 43; 43; 0; 111; OUTPUT; 44; 44; 0; 33
INTERNAL; 43; 43; 0; 471; OUTPUT; 44; 44; 0; 32
INTERNAL; 43; 43; 0; 110; OUTPUT; 44; 44; 0; 31
INTERNAL; 43; 43; 0; 109; OUTPUT; 44; 44; 0; 30
INTERNAL; 43; 43; 0; 905; OUTPUT; 44; 44; 0; 507
INTERNAL; 43; 43; 0; 108; OUTPUT; 44; 44; 0; 29
INTERNAL; 43; 43; 0; 1091; OUTPUT; 44; 44; 0; 28
INTERNAL; 43; 43; 0; 212; OUTPUT; 44; 44; 0; 27
INTERNAL; 43; 43; 0; 107; OUTPUT; 44; 44; 0; 380
INTERNAL; 43; 43; 0; 105; OUTPUT; 44; 44; 0; 263
INTERNAL; 43; 43; 0; 104; OUTPUT; 44; 44; 0; 122
INTERNAL; 43; 43; 0; 102; OUTPUT; 44; 44; 0; 493
INTERNAL; 43; 43; 0; 101; OUTPUT; 44; 44; 0; 26
INTERNAL; 43; 43; 0; 810; OUTPUT; 44; 44; 0; 25
INTERNAL; 43; 43; 0; 100; OUTPUT; 44; 44; 0; 1343
INTERNAL; 43; 43; 0; 582; OUTPUT; 44; 44; 0; 24
INTERNAL; 43; 43; 0; 435; OUTPUT; 44; 44; 0; 63
INTERNAL; 43; 43; 0; 99; OUTPUT; 44; 44; 0; 23
INTERNAL; 43; 43; 0; 98; OUTPUT; 44; 44; 0; 992
INTERNAL; 43; 43; 0; 782; OUTPUT; 44; 44; 0; 174
INTERNAL; 43; 43; 0; 97; OUTPUT; 44; 44; 0; 776
INTERNAL; 43; 43; 0; 96; OUTPUT; 44; 44; 0; 22
INTERNAL; 43; 43; 0; 438; OUTPUT; 44; 44; 0; 21
INTERNAL; 43; 43; 0; 95; OUTPUT; 44; 44; 0; 1301
INTERNAL; 43; 43; 0; 94; OUTPUT; 44; 44; 0; 20
INTERNAL; 43; 43; 0; 162; OUTPUT; 44; 44; 0; 896
INTERNAL; 43; 43; 0; 1382; OUTPUT; 44; 44; 0; 1376
INTERNAL; 43; 43; 0; 93; OUTPUT; 44; 44; 0; 1397
INTERNAL; 43; 43; 0; 92; OUTPUT; 44; 44; 0; 19
INTERNAL; 43; 43; 0; 735; OUTPUT; 44; 44; 0; 519
INTERNAL; 43; 43; 0; 91; OUTPUT; 44; 44; 0; 18
INTERNAL; 43; 43; 0; 1222; OUTPUT; 44; 44; 0; 336
INTERNAL; 43; 43; 0; 90; OUTPUT; 44; 44; 0; 17
INTERNAL; 43; 43; 0; 1063; OUTPUT; 44; 44; 0; 886
INTERNAL; 43; 43; 0; 89; OUTPUT; 44; 44; 0; 16
INTERNAL; 43; 43; 0; 395; OUTPUT; 44; 44; 0; 755
INTERNAL; 43; 43; 0; 1293; OUTPUT; 44; 44; 0; 15
INTERNAL; 43; 43; 0; 1132; OUTPUT; 44; 44; 0; 1170
INTERNAL; 43; 43; 0; 904; OUTPUT; 44; 44; 0; 14
INTERNAL; 43; 43; 0; 179; OUTPUT; 44; 44; 0; 13
INTERNAL; 43; 43; 0; 88; OUTPUT; 44; 44; 0; 354
INTERNAL; 43; 43; 0; 86; OUTPUT; 44; 44; 0; 12
INTERNAL; 43; 43; 0; 85; OUTPUT; 44; 44; 0; 1215
INTERNAL; 43; 43; 0; 246; OUTPUT; 44; 44; 0; 11
INTERNAL; 43; 43; 0; 84; OUTPUT; 44; 44; 0; 513
INTERNAL; 43; 43; 0; 83; OUTPUT; 44; 44; 0; 475
INTERNAL; 43; 43; 0; 82; OUTPUT; 44; 44; 0; 10
INTERNAL; 43; 43; 0; 796; OUTPUT; 44; 44; 0; 9
INTERNAL; 43; 43; 0; 1352; OUTPUT; 44; 44; 0; 8
INTERNAL; 43; 43; 0; 220; OUTPUT; 44; 44; 0; 7
INTERNAL; 43; 43; 0; 81; OUTPUT; 44; 44; 0; 6
INTERNAL; 43; 43; 0; 80; OUTPUT; 44; 44; 0; 252
INTERNAL; 43; 43; 0; 878; OUTPUT; 44; 44; 0; 5
INTERNAL; 43; 43; 0; 310; OUTPUT; 44; 44; 0; 1273
INTERNAL; 43; 43; 0; 79; OUTPUT; 44; 44; 0; 4
INTERNAL; 43; 43; 0; 1126; OUTPUT; 44; 44; 0; 3
INTERNAL; 43; 43; 0; 250; OUTPUT; 44; 44; 0; 1396
INTERNAL; 43; 43; 0; 78; OUTPUT; 44; 44; 0; 2
INTERNAL; 43; 43; 0; 692; OUTPUT; 44; 44; 0; 1278
INTERNAL; 43; 43; 0; 77; OUTPUT; 44; 44; 0; 1
INTERNAL; 43; 43; 0; 76; OUTPUT; 44; 44; 0; 103
INTERNAL; 23; 43; 20; 75; OUTPUT; 24; 44; 20; 1012
INTERNAL; 43; 43; 0; 74; OUTPUT; 44; 44; 0; 863
INTERNAL; 42; 42; 0; 623; OUTPUT; 43; 44; 1; 0
