TYPE; ASAP; ALAP; SLACK; A; TYPE; ASAP; ALAP; SLACK; B
INTERNAL; 27; 27; 0; 681; INTERNAL; 28; 37; 9; 747
INTERNAL; 26; 27; 1; 1441; INTERNAL; 28; 37; 9; 747
INTERNAL; 26; 26; 0; 596; INTERNAL; 27; 27; 0; 681
INTERNAL; 26; 26; 0; 710; INTERNAL; 27; 27; 0; 681
INTERNAL; 10; 26; 16; 725; INTERNAL; 27; 27; 0; 681
INTERNAL; 25; 25; 0; 1165; INTERNAL; 26; 26; 0; 596
INTERNAL; 25; 25; 0; 759; INTERNAL; 26; 26; 0; 596
INTERNAL; 25; 25; 0; 1156; INTERNAL; 26; 26; 0; 596
INTERNAL; 25; 25; 0; 690; INTERNAL; 26; 26; 0; 596
INTERNAL; 24; 24; 0; 347; INTERNAL; 25; 25; 0; 1156
INTERNAL; 24; 24; 0; 676; INTERNAL; 25; 25; 0; 1156
INTERNAL; 24; 24; 0; 740; INTERNAL; 25; 25; 0; 1156
INTERNAL; 2; 16; 14; 829; INTERNAL; 25; 25; 0; 1156
INTERNAL; 24; 24; 0; 733; INTERNAL; 25; 25; 0; 1156
INTERNAL; 3; 14; 11; 1128; INTERNAL; 25; 25; 0; 1156
INTERNAL; 23; 23; 0; 607; INTERNAL; 24; 24; 0; 347
INTERNAL; 23; 23; 0; 889; INTERNAL; 24; 24; 0; 347
INTERNAL; 22; 22; 0; 875; INTERNAL; 24; 24; 0; 347
INTERNAL; 22; 22; 0; 665; INTERNAL; 24; 24; 0; 347
INTERNAL; 22; 22; 0; 686; INTERNAL; 23; 23; 0; 607
INTERNAL; 4; 16; 12; 878; INTERNAL; 23; 23; 0; 607
INTERNAL; 22; 22; 0; 764; INTERNAL; 23; 23; 0; 607
INTERNAL; 3; 9; 6; 866; INTERNAL; 23; 23; 0; 607
INTERNAL; 21; 21; 0; 647; INTERNAL; 22; 22; 0; 686
INTERNAL; 21; 21; 0; 651; INTERNAL; 22; 22; 0; 686
INTERNAL; 21; 21; 0; 670; INTERNAL; 22; 22; 0; 686
INTERNAL; 21; 21; 0; 1349; INTERNAL; 22; 22; 0; 686
INTERNAL; 21; 21; 0; 790; INTERNAL; 22; 22; 0; 686
INTERNAL; 20; 20; 0; 959; INTERNAL; 21; 21; 0; 647
INTERNAL; 19; 19; 0; 717; INTERNAL; 21; 21; 0; 647
INTERNAL; 10; 19; 9; 912; INTERNAL; 21; 21; 0; 647
INTERNAL; 20; 20; 0; 734; INTERNAL; 21; 21; 0; 647
INTERNAL; 19; 19; 0; 924; INTERNAL; 20; 20; 0; 959
INTERNAL; 19; 19; 0; 655; INTERNAL; 20; 20; 0; 959
INTERNAL; 11; 18; 7; 1125; INTERNAL; 20; 20; 0; 959
INTERNAL; 9; 18; 9; 342; INTERNAL; 20; 20; 0; 959
INTERNAL; 18; 18; 0; 457; INTERNAL; 20; 20; 0; 959
INTERNAL; 14; 18; 4; 1197; INTERNAL; 20; 20; 0; 959
INTERNAL; 18; 18; 0; 457; INTERNAL; 19; 19; 0; 924
INTERNAL; 14; 18; 4; 1197; INTERNAL; 19; 19; 0; 924
INTERNAL; 14; 18; 4; 752; INTERNAL; 19; 19; 0; 924
INTERNAL; 14; 18; 4; 973; INTERNAL; 19; 19; 0; 924
INTERNAL; 15; 16; 1; 454; INTERNAL; 18; 18; 0; 457
INTERNAL; 14; 16; 2; 947; INTERNAL; 18; 18; 0; 457
INTERNAL; 14; 16; 2; 750; INTERNAL; 18; 18; 0; 457
INTERNAL; 14; 16; 2; 772; INTERNAL; 18; 18; 0; 457
INTERNAL; 17; 17; 0; 789; INTERNAL; 18; 18; 0; 457
INTERNAL; 16; 17; 1; 307; INTERNAL; 18; 18; 0; 457
INTERNAL; 15; 16; 1; 761; INTERNAL; 17; 17; 0; 789
INTERNAL; 16; 16; 0; 704; INTERNAL; 17; 17; 0; 789
INTERNAL; 14; 15; 1; 802; INTERNAL; 17; 17; 0; 789
INTERNAL; 15; 15; 0; 787; INTERNAL; 17; 17; 0; 789
INTERNAL; 15; 16; 1; 951; INTERNAL; 17; 17; 0; 789
INTERNAL; 16; 16; 0; 709; INTERNAL; 17; 17; 0; 789
INTERNAL; 15; 15; 0; 599; INTERNAL; 16; 16; 0; 704
INTERNAL; 15; 15; 0; 706; INTERNAL; 16; 16; 0; 704
INTERNAL; 15; 15; 0; 775; INTERNAL; 16; 16; 0; 704
INTERNAL; 15; 15; 0; 663; INTERNAL; 16; 16; 0; 704
INTERNAL; 15; 15; 0; 1242; INTERNAL; 16; 16; 0; 704
INTERNAL; 14; 15; 1; 715; INTERNAL; 16; 16; 0; 704
INTERNAL; 14; 14; 0; 1346; INTERNAL; 15; 15; 0; 1242
INTERNAL; 13; 13; 0; 949; INTERNAL; 15; 15; 0; 1242
INTERNAL; 13; 13; 0; 289; INTERNAL; 15; 15; 0; 1242
INTERNAL; 13; 13; 0; 1387; INTERNAL; 14; 14; 0; 1346
INTERNAL; 12; 13; 1; 853; INTERNAL; 14; 14; 0; 1346
INTERNAL; 11; 13; 2; 888; INTERNAL; 14; 14; 0; 1346
INTERNAL; 10; 11; 1; 739; INTERNAL; 14; 14; 0; 1346
INTERNAL; 12; 12; 0; 632; INTERNAL; 13; 13; 0; 1387
INTERNAL; 11; 12; 1; 869; INTERNAL; 13; 13; 0; 1387
INTERNAL; 12; 12; 0; 475; INTERNAL; 13; 13; 0; 1387
INTERNAL; 11; 11; 0; 555; INTERNAL; 12; 12; 0; 632
INTERNAL; 10; 11; 1; 824; INTERNAL; 12; 12; 0; 632
INTERNAL; 3; 9; 6; 490; INTERNAL; 11; 11; 0; 555
INTERNAL; 10; 10; 0; 828; INTERNAL; 11; 11; 0; 555
INTERNAL; 10; 10; 0; 911; INTERNAL; 11; 11; 0; 555
INTERNAL; 10; 10; 0; 925; INTERNAL; 11; 11; 0; 555
INTERNAL; 9; 9; 0; 774; INTERNAL; 10; 10; 0; 911
INTERNAL; 9; 9; 0; 1421; INTERNAL; 10; 10; 0; 911
INTERNAL; 8; 9; 1; 608; INTERNAL; 10; 10; 0; 911
INTERNAL; 8; 9; 1; 605; INTERNAL; 10; 10; 0; 911
INTERNAL; 8; 9; 1; 390; INTERNAL; 10; 10; 0; 911
INTERNAL; 6; 6; 0; 931; INTERNAL; 9; 9; 0; 774
INTERNAL; 6; 6; 0; 585; INTERNAL; 9; 9; 0; 774
INTERNAL; 8; 8; 0; 874; INTERNAL; 9; 9; 0; 774
INTERNAL; 6; 6; 0; 1227; INTERNAL; 8; 8; 0; 874
INTERNAL; 6; 6; 0; 582; INTERNAL; 8; 8; 0; 874
INTERNAL; 6; 6; 0; 766; INTERNAL; 8; 8; 0; 874
INTERNAL; 7; 7; 0; 723; INTERNAL; 8; 8; 0; 874
INTERNAL; 7; 7; 0; 578; INTERNAL; 8; 8; 0; 874
INTERNAL; 6; 6; 0; 629; INTERNAL; 7; 7; 0; 578
INTERNAL; 6; 6; 0; 510; INTERNAL; 7; 7; 0; 578
INTERNAL; 5; 5; 0; 1514; INTERNAL; 6; 6; 0; 629
INPUT; 1; 5; 4; 304; INTERNAL; 6; 6; 0; 629
INPUT; 1; 4; 3; 574; INTERNAL; 6; 6; 0; 629
INPUT; 1; 5; 4; 810; INTERNAL; 6; 6; 0; 629
INTERNAL; 5; 5; 0; 1263; INTERNAL; 6; 6; 0; 629
INTERNAL; 5; 5; 0; 570; INTERNAL; 6; 6; 0; 629
INTERNAL; 4; 4; 0; 1399; INTERNAL; 5; 5; 0; 1263
INPUT; 1; 4; 3; 574; INTERNAL; 5; 5; 0; 1263
INPUT; 1; 3; 2; 559; INTERNAL; 5; 5; 0; 1263
INPUT; 1; 3; 2; 591; INTERNAL; 4; 4; 0; 1399
INPUT; 1; 3; 2; 531; INTERNAL; 4; 4; 0; 1399
INPUT; 1; 3; 2; 927; INTERNAL; 4; 4; 0; 1399
INPUT; 1; 3; 2; 941; INTERNAL; 4; 4; 0; 1399
INTERNAL; 3; 3; 0; 371; INTERNAL; 4; 4; 0; 1399
INPUT; 1; 2; 1; 628; INTERNAL; 3; 3; 0; 371
INPUT; 1; 2; 1; 343; INTERNAL; 3; 3; 0; 371
INPUT; 1; 2; 1; 622; INTERNAL; 3; 3; 0; 371
INPUT; 1; 2; 1; 606; INTERNAL; 3; 3; 0; 371
INPUT; 1; 2; 1; 420; INTERNAL; 3; 3; 0; 371
INTERNAL; 2; 2; 0; 571; INTERNAL; 3; 3; 0; 371
INPUT; 1; 1; 0; 542; INTERNAL; 2; 2; 0; 571
INPUT; 1; 1; 0; 642; INTERNAL; 2; 2; 0; 571
INPUT; 1; 1; 0; 818; INTERNAL; 2; 2; 0; 571
INPUT; 1; 1; 0; 910; INTERNAL; 2; 2; 0; 571
INPUT; 1; 1; 0; 541; INTERNAL; 2; 2; 0; 571
INPUT; 1; 1; 0; 640; INTERNAL; 2; 2; 0; 571
INPUT; 1; 4; 3; 1212; INTERNAL; 5; 5; 0; 1514
INPUT; 1; 4; 3; 536; INTERNAL; 5; 5; 0; 1514
INPUT; 1; 4; 3; 597; INTERNAL; 5; 5; 0; 1514
INPUT; 1; 4; 3; 527; INTERNAL; 5; 5; 0; 1514
INTERNAL; 4; 4; 0; 600; INTERNAL; 5; 5; 0; 1514
INPUT; 1; 3; 2; 591; INTERNAL; 4; 4; 0; 600
INPUT; 1; 3; 2; 531; INTERNAL; 4; 4; 0; 600
INPUT; 1; 3; 2; 927; INTERNAL; 4; 4; 0; 600
INPUT; 1; 3; 2; 941; INTERNAL; 4; 4; 0; 600
INPUT; 1; 3; 2; 559; INTERNAL; 4; 4; 0; 600
INTERNAL; 3; 3; 0; 371; INTERNAL; 4; 4; 0; 600
INTERNAL; 4; 4; 0; 600; INTERNAL; 5; 5; 0; 570
INPUT; 1; 4; 3; 527; INTERNAL; 5; 5; 0; 570
INPUT; 1; 4; 3; 574; INTERNAL; 5; 5; 0; 570
INPUT; 1; 4; 3; 536; INTERNAL; 5; 5; 0; 570
INPUT; 1; 4; 3; 1212; INTERNAL; 5; 5; 0; 570
INPUT; 1; 4; 3; 597; INTERNAL; 5; 5; 0; 570
INTERNAL; 5; 5; 0; 1514; INTERNAL; 6; 6; 0; 510
INPUT; 1; 5; 4; 304; INTERNAL; 6; 6; 0; 510
INPUT; 1; 4; 3; 574; INTERNAL; 6; 6; 0; 510
INPUT; 1; 5; 4; 810; INTERNAL; 6; 6; 0; 510
INTERNAL; 5; 5; 0; 1263; INTERNAL; 6; 6; 0; 510
INTERNAL; 5; 5; 0; 982; INTERNAL; 6; 6; 0; 510
INTERNAL; 4; 4; 0; 600; INTERNAL; 5; 5; 0; 982
INPUT; 1; 4; 3; 536; INTERNAL; 5; 5; 0; 982
INPUT; 1; 4; 3; 527; INTERNAL; 5; 5; 0; 982
INPUT; 1; 4; 3; 574; INTERNAL; 5; 5; 0; 982
INPUT; 1; 4; 3; 1212; INTERNAL; 5; 5; 0; 982
INPUT; 1; 4; 3; 597; INTERNAL; 5; 5; 0; 982
INTERNAL; 6; 6; 0; 707; INTERNAL; 7; 7; 0; 723
INTERNAL; 6; 6; 0; 522; INTERNAL; 7; 7; 0; 723
INTERNAL; 5; 5; 0; 1514; INTERNAL; 6; 6; 0; 707
INPUT; 1; 5; 4; 304; INTERNAL; 6; 6; 0; 707
INPUT; 1; 4; 3; 574; INTERNAL; 6; 6; 0; 707
INPUT; 1; 5; 4; 810; INTERNAL; 6; 6; 0; 707
INTERNAL; 5; 5; 0; 1263; INTERNAL; 6; 6; 0; 707
INTERNAL; 5; 5; 0; 547; INTERNAL; 6; 6; 0; 707
INTERNAL; 4; 4; 0; 600; INTERNAL; 5; 5; 0; 547
INPUT; 1; 4; 3; 536; INTERNAL; 5; 5; 0; 547
INPUT; 1; 4; 3; 574; INTERNAL; 5; 5; 0; 547
INPUT; 1; 4; 3; 1212; INTERNAL; 5; 5; 0; 547
INPUT; 1; 4; 3; 527; INTERNAL; 5; 5; 0; 547
INPUT; 1; 4; 3; 597; INTERNAL; 5; 5; 0; 547
INTERNAL; 5; 5; 0; 1514; INTERNAL; 6; 6; 0; 522
INPUT; 1; 4; 3; 574; INTERNAL; 6; 6; 0; 522
INTERNAL; 5; 5; 0; 1263; INTERNAL; 6; 6; 0; 522
INPUT; 1; 5; 4; 304; INTERNAL; 6; 6; 0; 522
INPUT; 1; 5; 4; 810; INTERNAL; 6; 6; 0; 522
INTERNAL; 5; 5; 0; 517; INTERNAL; 6; 6; 0; 522
INTERNAL; 4; 4; 0; 600; INTERNAL; 5; 5; 0; 517
INPUT; 1; 4; 3; 527; INTERNAL; 5; 5; 0; 517
INPUT; 1; 4; 3; 574; INTERNAL; 5; 5; 0; 517
INPUT; 1; 4; 3; 597; INTERNAL; 5; 5; 0; 517
INPUT; 1; 4; 3; 1212; INTERNAL; 5; 5; 0; 517
INPUT; 1; 4; 3; 536; INTERNAL; 5; 5; 0; 517
INTERNAL; 5; 5; 0; 1514; INTERNAL; 6; 6; 0; 1227
INPUT; 1; 4; 3; 574; INTERNAL; 6; 6; 0; 1227
INTERNAL; 5; 5; 0; 1263; INTERNAL; 6; 6; 0; 1227
INPUT; 1; 5; 4; 304; INTERNAL; 6; 6; 0; 1227
INPUT; 1; 5; 4; 810; INTERNAL; 6; 6; 0; 1227
INTERNAL; 5; 5; 0; 1269; INTERNAL; 6; 6; 0; 1227
INTERNAL; 4; 4; 0; 600; INTERNAL; 5; 5; 0; 1269
INPUT; 1; 4; 3; 597; INTERNAL; 5; 5; 0; 1269
INPUT; 1; 4; 3; 527; INTERNAL; 5; 5; 0; 1269
INPUT; 1; 4; 3; 574; INTERNAL; 5; 5; 0; 1269
INPUT; 1; 4; 3; 1212; INTERNAL; 5; 5; 0; 1269
INPUT; 1; 4; 3; 536; INTERNAL; 5; 5; 0; 1269
INTERNAL; 5; 5; 0; 1514; INTERNAL; 6; 6; 0; 582
INTERNAL; 5; 5; 0; 1263; INTERNAL; 6; 6; 0; 582
INPUT; 1; 5; 4; 304; INTERNAL; 6; 6; 0; 582
INPUT; 1; 4; 3; 574; INTERNAL; 6; 6; 0; 582
INPUT; 1; 5; 4; 810; INTERNAL; 6; 6; 0; 582
INTERNAL; 5; 5; 0; 547; INTERNAL; 6; 6; 0; 582
INTERNAL; 5; 5; 0; 1514; INTERNAL; 6; 6; 0; 766
INTERNAL; 5; 5; 0; 1263; INTERNAL; 6; 6; 0; 766
INPUT; 1; 5; 4; 304; INTERNAL; 6; 6; 0; 766
INPUT; 1; 4; 3; 574; INTERNAL; 6; 6; 0; 766
INPUT; 1; 5; 4; 810; INTERNAL; 6; 6; 0; 766
INTERNAL; 5; 5; 0; 570; INTERNAL; 6; 6; 0; 766
INTERNAL; 5; 5; 0; 1514; INTERNAL; 6; 6; 0; 931
INPUT; 1; 4; 3; 574; INTERNAL; 6; 6; 0; 931
INPUT; 1; 5; 4; 304; INTERNAL; 6; 6; 0; 931
INPUT; 1; 5; 4; 810; INTERNAL; 6; 6; 0; 931
INTERNAL; 5; 5; 0; 517; INTERNAL; 6; 6; 0; 931
INTERNAL; 5; 5; 0; 1263; INTERNAL; 6; 6; 0; 931
INTERNAL; 5; 5; 0; 1514; INTERNAL; 6; 6; 0; 585
INPUT; 1; 4; 3; 574; INTERNAL; 6; 6; 0; 585
INPUT; 1; 5; 4; 304; INTERNAL; 6; 6; 0; 585
INPUT; 1; 5; 4; 810; INTERNAL; 6; 6; 0; 585
INTERNAL; 5; 5; 0; 1269; INTERNAL; 6; 6; 0; 585
INTERNAL; 5; 5; 0; 1263; INTERNAL; 6; 6; 0; 585
INTERNAL; 7; 8; 1; 758; INTERNAL; 9; 9; 0; 1421
INTERNAL; 6; 6; 0; 560; INTERNAL; 9; 9; 0; 1421
INTERNAL; 6; 6; 0; 346; INTERNAL; 9; 9; 0; 1421
INTERNAL; 6; 6; 0; 783; INTERNAL; 9; 9; 0; 1421
INTERNAL; 7; 8; 1; 688; INTERNAL; 9; 9; 0; 1421
INTERNAL; 8; 8; 0; 1476; INTERNAL; 9; 9; 0; 1421
INTERNAL; 6; 6; 0; 711; INTERNAL; 8; 8; 0; 1476
INTERNAL; 6; 6; 0; 814; INTERNAL; 8; 8; 0; 1476
INTERNAL; 6; 6; 0; 857; INTERNAL; 8; 8; 0; 1476
INTERNAL; 6; 6; 0; 820; INTERNAL; 8; 8; 0; 1476
INTERNAL; 7; 7; 0; 513; INTERNAL; 8; 8; 0; 1476
INTERNAL; 6; 6; 0; 908; INTERNAL; 7; 7; 0; 513
INTERNAL; 6; 6; 0; 825; INTERNAL; 7; 7; 0; 513
INTERNAL; 5; 5; 0; 1514; INTERNAL; 6; 6; 0; 908
INPUT; 1; 4; 3; 574; INTERNAL; 6; 6; 0; 908
INTERNAL; 5; 5; 0; 1263; INTERNAL; 6; 6; 0; 908
INPUT; 1; 5; 4; 304; INTERNAL; 6; 6; 0; 908
INPUT; 1; 5; 4; 810; INTERNAL; 6; 6; 0; 908
INTERNAL; 5; 5; 0; 827; INTERNAL; 6; 6; 0; 908
INTERNAL; 4; 4; 0; 600; INTERNAL; 5; 5; 0; 827
INPUT; 1; 4; 3; 536; INTERNAL; 5; 5; 0; 827
INPUT; 1; 4; 3; 597; INTERNAL; 5; 5; 0; 827
INPUT; 1; 4; 3; 574; INTERNAL; 5; 5; 0; 827
INPUT; 1; 4; 3; 1212; INTERNAL; 5; 5; 0; 827
INPUT; 1; 4; 3; 527; INTERNAL; 5; 5; 0; 827
INTERNAL; 5; 5; 0; 1514; INTERNAL; 6; 6; 0; 825
INTERNAL; 5; 5; 0; 1263; INTERNAL; 6; 6; 0; 825
INPUT; 1; 5; 4; 304; INTERNAL; 6; 6; 0; 825
INPUT; 1; 4; 3; 574; INTERNAL; 6; 6; 0; 825
INPUT; 1; 5; 4; 810; INTERNAL; 6; 6; 0; 825
INTERNAL; 5; 5; 0; 833; INTERNAL; 6; 6; 0; 825
INTERNAL; 4; 4; 0; 600; INTERNAL; 5; 5; 0; 833
INPUT; 1; 4; 3; 597; INTERNAL; 5; 5; 0; 833
INPUT; 1; 4; 3; 574; INTERNAL; 5; 5; 0; 833
INPUT; 1; 4; 3; 1212; INTERNAL; 5; 5; 0; 833
INPUT; 1; 4; 3; 527; INTERNAL; 5; 5; 0; 833
INPUT; 1; 4; 3; 536; INTERNAL; 5; 5; 0; 833
INTERNAL; 5; 5; 0; 1514; INTERNAL; 6; 6; 0; 711
INPUT; 1; 5; 4; 304; INTERNAL; 6; 6; 0; 711
INPUT; 1; 4; 3; 574; INTERNAL; 6; 6; 0; 711
INPUT; 1; 5; 4; 810; INTERNAL; 6; 6; 0; 711
INTERNAL; 5; 5; 0; 1263; INTERNAL; 6; 6; 0; 711
INTERNAL; 5; 5; 0; 548; INTERNAL; 6; 6; 0; 711
INTERNAL; 4; 4; 0; 600; INTERNAL; 5; 5; 0; 548
INPUT; 1; 4; 3; 574; INTERNAL; 5; 5; 0; 548
INPUT; 1; 4; 3; 527; INTERNAL; 5; 5; 0; 548
INPUT; 1; 4; 3; 597; INTERNAL; 5; 5; 0; 548
INPUT; 1; 4; 3; 536; INTERNAL; 5; 5; 0; 548
INPUT; 1; 4; 3; 1212; INTERNAL; 5; 5; 0; 548
INTERNAL; 5; 5; 0; 1514; INTERNAL; 6; 6; 0; 814
INPUT; 1; 5; 4; 304; INTERNAL; 6; 6; 0; 814
INPUT; 1; 4; 3; 574; INTERNAL; 6; 6; 0; 814
INPUT; 1; 5; 4; 810; INTERNAL; 6; 6; 0; 814
INTERNAL; 5; 5; 0; 1263; INTERNAL; 6; 6; 0; 814
INTERNAL; 5; 5; 0; 779; INTERNAL; 6; 6; 0; 814
INTERNAL; 4; 4; 0; 600; INTERNAL; 5; 5; 0; 779
INPUT; 1; 4; 3; 527; INTERNAL; 5; 5; 0; 779
INPUT; 1; 4; 3; 574; INTERNAL; 5; 5; 0; 779
INPUT; 1; 4; 3; 1212; INTERNAL; 5; 5; 0; 779
INPUT; 1; 4; 3; 597; INTERNAL; 5; 5; 0; 779
INPUT; 1; 4; 3; 536; INTERNAL; 5; 5; 0; 779
INTERNAL; 5; 5; 0; 1514; INTERNAL; 6; 6; 0; 857
INPUT; 1; 4; 3; 574; INTERNAL; 6; 6; 0; 857
INPUT; 1; 5; 4; 304; INTERNAL; 6; 6; 0; 857
INPUT; 1; 5; 4; 810; INTERNAL; 6; 6; 0; 857
INTERNAL; 5; 5; 0; 982; INTERNAL; 6; 6; 0; 857
INTERNAL; 5; 5; 0; 1263; INTERNAL; 6; 6; 0; 857
INTERNAL; 5; 5; 0; 1514; INTERNAL; 6; 6; 0; 820
INPUT; 1; 5; 4; 304; INTERNAL; 6; 6; 0; 820
INPUT; 1; 4; 3; 574; INTERNAL; 6; 6; 0; 820
INPUT; 1; 5; 4; 810; INTERNAL; 6; 6; 0; 820
INTERNAL; 5; 5; 0; 1263; INTERNAL; 6; 6; 0; 820
INTERNAL; 5; 5; 0; 271; INTERNAL; 6; 6; 0; 820
INTERNAL; 4; 4; 0; 600; INTERNAL; 5; 5; 0; 271
INPUT; 1; 4; 3; 597; INTERNAL; 5; 5; 0; 271
INPUT; 1; 4; 3; 574; INTERNAL; 5; 5; 0; 271
INPUT; 1; 4; 3; 536; INTERNAL; 5; 5; 0; 271
INPUT; 1; 4; 3; 1212; INTERNAL; 5; 5; 0; 271
INPUT; 1; 4; 3; 527; INTERNAL; 5; 5; 0; 271
INTERNAL; 6; 6; 0; 720; INTERNAL; 7; 8; 1; 758
INTERNAL; 5; 5; 0; 570; INTERNAL; 7; 8; 1; 758
INTERNAL; 5; 5; 0; 1514; INTERNAL; 6; 6; 0; 720
INPUT; 1; 4; 3; 574; INTERNAL; 6; 6; 0; 720
INPUT; 1; 5; 4; 304; INTERNAL; 6; 6; 0; 720
INPUT; 1; 5; 4; 810; INTERNAL; 6; 6; 0; 720
INTERNAL; 6; 6; 0; 770; INTERNAL; 7; 8; 1; 688
INTERNAL; 6; 6; 0; 777; INTERNAL; 7; 8; 1; 688
INTERNAL; 5; 5; 0; 1514; INTERNAL; 6; 6; 0; 770
INPUT; 1; 4; 3; 574; INTERNAL; 6; 6; 0; 770
INTERNAL; 5; 5; 0; 1263; INTERNAL; 6; 6; 0; 770
INPUT; 1; 5; 4; 304; INTERNAL; 6; 6; 0; 770
INPUT; 1; 5; 4; 810; INTERNAL; 6; 6; 0; 770
INTERNAL; 5; 5; 0; 271; INTERNAL; 6; 6; 0; 770
INTERNAL; 5; 5; 0; 1514; INTERNAL; 6; 6; 0; 777
INPUT; 1; 4; 3; 574; INTERNAL; 6; 6; 0; 777
INPUT; 1; 5; 4; 304; INTERNAL; 6; 6; 0; 777
INPUT; 1; 5; 4; 810; INTERNAL; 6; 6; 0; 777
INTERNAL; 5; 5; 0; 827; INTERNAL; 6; 6; 0; 777
INTERNAL; 5; 5; 0; 1263; INTERNAL; 6; 6; 0; 777
INTERNAL; 5; 5; 0; 1514; INTERNAL; 6; 6; 0; 560
INTERNAL; 5; 5; 0; 1263; INTERNAL; 6; 6; 0; 560
INPUT; 1; 5; 4; 304; INTERNAL; 6; 6; 0; 560
INPUT; 1; 4; 3; 574; INTERNAL; 6; 6; 0; 560
INPUT; 1; 5; 4; 810; INTERNAL; 6; 6; 0; 560
INTERNAL; 5; 5; 0; 548; INTERNAL; 6; 6; 0; 560
INTERNAL; 5; 5; 0; 1514; INTERNAL; 6; 6; 0; 346
INPUT; 1; 4; 3; 574; INTERNAL; 6; 6; 0; 346
INTERNAL; 5; 5; 0; 1263; INTERNAL; 6; 6; 0; 346
INPUT; 1; 5; 4; 304; INTERNAL; 6; 6; 0; 346
INPUT; 1; 5; 4; 810; INTERNAL; 6; 6; 0; 346
INTERNAL; 5; 5; 0; 982; INTERNAL; 6; 6; 0; 346
INTERNAL; 5; 5; 0; 1514; INTERNAL; 6; 6; 0; 783
INPUT; 1; 5; 4; 304; INTERNAL; 6; 6; 0; 783
INPUT; 1; 4; 3; 574; INTERNAL; 6; 6; 0; 783
INPUT; 1; 5; 4; 810; INTERNAL; 6; 6; 0; 783
INTERNAL; 5; 5; 0; 1263; INTERNAL; 6; 6; 0; 783
INTERNAL; 5; 5; 0; 833; INTERNAL; 6; 6; 0; 783
INTERNAL; 6; 6; 0; 834; INTERNAL; 8; 9; 1; 608
INTERNAL; 6; 6; 0; 971; INTERNAL; 8; 9; 1; 608
INTERNAL; 6; 6; 0; 968; INTERNAL; 8; 9; 1; 608
INTERNAL; 6; 6; 0; 923; INTERNAL; 8; 9; 1; 608
INTERNAL; 6; 6; 0; 1204; INTERNAL; 8; 9; 1; 608
INTERNAL; 7; 8; 1; 487; INTERNAL; 8; 9; 1; 608
INTERNAL; 6; 6; 0; 643; INTERNAL; 7; 8; 1; 487
INTERNAL; 6; 6; 0; 850; INTERNAL; 7; 8; 1; 487
INTERNAL; 6; 6; 0; 634; INTERNAL; 7; 8; 1; 487
INTERNAL; 6; 6; 0; 520; INTERNAL; 7; 8; 1; 487
INTERNAL; 5; 5; 0; 1514; INTERNAL; 6; 6; 0; 643
INPUT; 1; 5; 4; 304; INTERNAL; 6; 6; 0; 643
INPUT; 1; 4; 3; 574; INTERNAL; 6; 6; 0; 643
INPUT; 1; 5; 4; 810; INTERNAL; 6; 6; 0; 643
INTERNAL; 5; 5; 0; 1263; INTERNAL; 6; 6; 0; 643
INTERNAL; 5; 5; 0; 827; INTERNAL; 6; 6; 0; 643
INTERNAL; 5; 5; 0; 1514; INTERNAL; 6; 6; 0; 850
INPUT; 1; 5; 4; 304; INTERNAL; 6; 6; 0; 850
INPUT; 1; 4; 3; 574; INTERNAL; 6; 6; 0; 850
INPUT; 1; 5; 4; 810; INTERNAL; 6; 6; 0; 850
INTERNAL; 5; 5; 0; 1263; INTERNAL; 6; 6; 0; 850
INTERNAL; 5; 5; 0; 815; INTERNAL; 6; 6; 0; 850
INTERNAL; 4; 4; 0; 600; INTERNAL; 5; 5; 0; 815
INPUT; 1; 4; 3; 574; INTERNAL; 5; 5; 0; 815
INPUT; 1; 4; 3; 597; INTERNAL; 5; 5; 0; 815
INPUT; 1; 4; 3; 536; INTERNAL; 5; 5; 0; 815
INPUT; 1; 4; 3; 1212; INTERNAL; 5; 5; 0; 815
INPUT; 1; 4; 3; 527; INTERNAL; 5; 5; 0; 815
INTERNAL; 5; 5; 0; 1514; INTERNAL; 6; 6; 0; 634
INPUT; 1; 4; 3; 574; INTERNAL; 6; 6; 0; 634
INPUT; 1; 5; 4; 304; INTERNAL; 6; 6; 0; 634
INPUT; 1; 5; 4; 810; INTERNAL; 6; 6; 0; 634
INTERNAL; 5; 5; 0; 779; INTERNAL; 6; 6; 0; 634
INTERNAL; 5; 5; 0; 1263; INTERNAL; 6; 6; 0; 634
INTERNAL; 5; 5; 0; 1514; INTERNAL; 6; 6; 0; 520
INTERNAL; 5; 5; 0; 1263; INTERNAL; 6; 6; 0; 520
INPUT; 1; 5; 4; 304; INTERNAL; 6; 6; 0; 520
INPUT; 1; 4; 3; 574; INTERNAL; 6; 6; 0; 520
INPUT; 1; 5; 4; 810; INTERNAL; 6; 6; 0; 520
INTERNAL; 5; 5; 0; 271; INTERNAL; 6; 6; 0; 520
INTERNAL; 5; 5; 0; 1514; INTERNAL; 6; 6; 0; 834
INPUT; 1; 4; 3; 574; INTERNAL; 6; 6; 0; 834
INPUT; 1; 5; 4; 304; INTERNAL; 6; 6; 0; 834
INPUT; 1; 5; 4; 810; INTERNAL; 6; 6; 0; 834
INTERNAL; 5; 5; 0; 548; INTERNAL; 6; 6; 0; 834
INTERNAL; 5; 5; 0; 1263; INTERNAL; 6; 6; 0; 834
INTERNAL; 5; 5; 0; 1514; INTERNAL; 6; 6; 0; 971
INPUT; 1; 4; 3; 574; INTERNAL; 6; 6; 0; 971
INTERNAL; 5; 5; 0; 1263; INTERNAL; 6; 6; 0; 971
INPUT; 1; 5; 4; 304; INTERNAL; 6; 6; 0; 971
INPUT; 1; 5; 4; 810; INTERNAL; 6; 6; 0; 971
INTERNAL; 5; 5; 0; 779; INTERNAL; 6; 6; 0; 971
INTERNAL; 5; 5; 0; 1514; INTERNAL; 6; 6; 0; 968
INTERNAL; 5; 5; 0; 1263; INTERNAL; 6; 6; 0; 968
INPUT; 1; 5; 4; 304; INTERNAL; 6; 6; 0; 968
INPUT; 1; 4; 3; 574; INTERNAL; 6; 6; 0; 968
INPUT; 1; 5; 4; 810; INTERNAL; 6; 6; 0; 968
INTERNAL; 5; 5; 0; 815; INTERNAL; 6; 6; 0; 968
INTERNAL; 5; 5; 0; 1514; INTERNAL; 6; 6; 0; 923
INTERNAL; 5; 5; 0; 1263; INTERNAL; 6; 6; 0; 923
INPUT; 1; 5; 4; 304; INTERNAL; 6; 6; 0; 923
INPUT; 1; 4; 3; 574; INTERNAL; 6; 6; 0; 923
INPUT; 1; 5; 4; 810; INTERNAL; 6; 6; 0; 923
INTERNAL; 5; 5; 0; 827; INTERNAL; 6; 6; 0; 923
INTERNAL; 5; 5; 0; 1514; INTERNAL; 6; 6; 0; 1204
INPUT; 1; 4; 3; 574; INTERNAL; 6; 6; 0; 1204
INTERNAL; 5; 5; 0; 1263; INTERNAL; 6; 6; 0; 1204
INPUT; 1; 5; 4; 304; INTERNAL; 6; 6; 0; 1204
INPUT; 1; 5; 4; 810; INTERNAL; 6; 6; 0; 1204
INTERNAL; 5; 5; 0; 548; INTERNAL; 6; 6; 0; 1204
INTERNAL; 5; 5; 0; 701; INTERNAL; 8; 9; 1; 605
INTERNAL; 6; 6; 0; 835; INTERNAL; 8; 9; 1; 605
INTERNAL; 6; 6; 0; 381; INTERNAL; 8; 9; 1; 605
INTERNAL; 7; 8; 1; 534; INTERNAL; 8; 9; 1; 605
INTERNAL; 7; 8; 1; 695; INTERNAL; 8; 9; 1; 605
INTERNAL; 6; 6; 0; 792; INTERNAL; 7; 8; 1; 534
INTERNAL; 6; 6; 0; 881; INTERNAL; 7; 8; 1; 534
INTERNAL; 6; 6; 0; 885; INTERNAL; 7; 8; 1; 534
INTERNAL; 6; 6; 0; 894; INTERNAL; 7; 8; 1; 534
INTERNAL; 5; 5; 0; 1514; INTERNAL; 6; 6; 0; 792
INPUT; 1; 5; 4; 304; INTERNAL; 6; 6; 0; 792
INPUT; 1; 4; 3; 574; INTERNAL; 6; 6; 0; 792
INPUT; 1; 5; 4; 810; INTERNAL; 6; 6; 0; 792
INTERNAL; 5; 5; 0; 1263; INTERNAL; 6; 6; 0; 792
INTERNAL; 5; 5; 0; 899; INTERNAL; 6; 6; 0; 792
INTERNAL; 4; 4; 0; 600; INTERNAL; 5; 5; 0; 899
INPUT; 1; 4; 3; 597; INTERNAL; 5; 5; 0; 899
INPUT; 1; 4; 3; 527; INTERNAL; 5; 5; 0; 899
INPUT; 1; 4; 3; 574; INTERNAL; 5; 5; 0; 899
INPUT; 1; 4; 3; 536; INTERNAL; 5; 5; 0; 899
INPUT; 1; 4; 3; 1212; INTERNAL; 5; 5; 0; 899
INTERNAL; 5; 5; 0; 1514; INTERNAL; 6; 6; 0; 881
INTERNAL; 5; 5; 0; 1263; INTERNAL; 6; 6; 0; 881
INPUT; 1; 5; 4; 304; INTERNAL; 6; 6; 0; 881
INPUT; 1; 4; 3; 574; INTERNAL; 6; 6; 0; 881
INPUT; 1; 5; 4; 810; INTERNAL; 6; 6; 0; 881
INTERNAL; 5; 5; 0; 1269; INTERNAL; 6; 6; 0; 881
INTERNAL; 5; 5; 0; 1514; INTERNAL; 6; 6; 0; 885
INTERNAL; 5; 5; 0; 1263; INTERNAL; 6; 6; 0; 885
INPUT; 1; 5; 4; 304; INTERNAL; 6; 6; 0; 885
INPUT; 1; 4; 3; 574; INTERNAL; 6; 6; 0; 885
INPUT; 1; 5; 4; 810; INTERNAL; 6; 6; 0; 885
INTERNAL; 5; 5; 0; 779; INTERNAL; 6; 6; 0; 885
INTERNAL; 5; 5; 0; 1514; INTERNAL; 6; 6; 0; 894
INPUT; 1; 5; 4; 304; INTERNAL; 6; 6; 0; 894
INPUT; 1; 4; 3; 574; INTERNAL; 6; 6; 0; 894
INPUT; 1; 5; 4; 810; INTERNAL; 6; 6; 0; 894
INTERNAL; 5; 5; 0; 1263; INTERNAL; 6; 6; 0; 894
INTERNAL; 5; 5; 0; 1269; INTERNAL; 6; 6; 0; 894
INTERNAL; 6; 6; 0; 901; INTERNAL; 7; 8; 1; 695
INTERNAL; 6; 6; 0; 694; INTERNAL; 7; 8; 1; 695
INTERNAL; 5; 5; 0; 1514; INTERNAL; 6; 6; 0; 901
INPUT; 1; 5; 4; 304; INTERNAL; 6; 6; 0; 901
INPUT; 1; 4; 3; 574; INTERNAL; 6; 6; 0; 901
INPUT; 1; 5; 4; 810; INTERNAL; 6; 6; 0; 901
INTERNAL; 5; 5; 0; 1263; INTERNAL; 6; 6; 0; 901
INTERNAL; 5; 5; 0; 907; INTERNAL; 6; 6; 0; 901
INTERNAL; 4; 4; 0; 600; INTERNAL; 5; 5; 0; 907
INPUT; 1; 4; 3; 574; INTERNAL; 5; 5; 0; 907
INPUT; 1; 4; 3; 536; INTERNAL; 5; 5; 0; 907
INPUT; 1; 4; 3; 597; INTERNAL; 5; 5; 0; 907
INPUT; 1; 4; 3; 527; INTERNAL; 5; 5; 0; 907
INPUT; 1; 4; 3; 1212; INTERNAL; 5; 5; 0; 907
INTERNAL; 5; 5; 0; 1514; INTERNAL; 6; 6; 0; 694
INPUT; 1; 4; 3; 574; INTERNAL; 6; 6; 0; 694
INTERNAL; 5; 5; 0; 1263; INTERNAL; 6; 6; 0; 694
INPUT; 1; 5; 4; 304; INTERNAL; 6; 6; 0; 694
INPUT; 1; 5; 4; 810; INTERNAL; 6; 6; 0; 694
INTERNAL; 5; 5; 0; 592; INTERNAL; 6; 6; 0; 694
INTERNAL; 4; 4; 0; 600; INTERNAL; 5; 5; 0; 592
INPUT; 1; 4; 3; 536; INTERNAL; 5; 5; 0; 592
INPUT; 1; 4; 3; 597; INTERNAL; 5; 5; 0; 592
INPUT; 1; 4; 3; 527; INTERNAL; 5; 5; 0; 592
INPUT; 1; 4; 3; 574; INTERNAL; 5; 5; 0; 592
INPUT; 1; 4; 3; 1212; INTERNAL; 5; 5; 0; 592
INTERNAL; 5; 5; 0; 1514; INTERNAL; 6; 6; 0; 835
INPUT; 1; 5; 4; 304; INTERNAL; 6; 6; 0; 835
INPUT; 1; 4; 3; 574; INTERNAL; 6; 6; 0; 835
INPUT; 1; 5; 4; 810; INTERNAL; 6; 6; 0; 835
INTERNAL; 5; 5; 0; 1263; INTERNAL; 6; 6; 0; 835
INTERNAL; 5; 5; 0; 1514; INTERNAL; 6; 6; 0; 381
INTERNAL; 5; 5; 0; 1263; INTERNAL; 6; 6; 0; 381
INPUT; 1; 5; 4; 304; INTERNAL; 6; 6; 0; 381
INPUT; 1; 4; 3; 574; INTERNAL; 6; 6; 0; 381
INPUT; 1; 5; 4; 810; INTERNAL; 6; 6; 0; 381
INTERNAL; 5; 5; 0; 907; INTERNAL; 6; 6; 0; 381
INTERNAL; 4; 4; 0; 600; INTERNAL; 5; 5; 0; 701
INPUT; 1; 4; 3; 574; INTERNAL; 5; 5; 0; 701
INPUT; 1; 4; 3; 1212; INTERNAL; 5; 5; 0; 701
INPUT; 1; 4; 3; 597; INTERNAL; 5; 5; 0; 701
INPUT; 1; 4; 3; 527; INTERNAL; 5; 5; 0; 701
INPUT; 1; 4; 3; 536; INTERNAL; 5; 5; 0; 701
INTERNAL; 5; 5; 0; 592; INTERNAL; 8; 9; 1; 390
INTERNAL; 5; 5; 0; 756; INTERNAL; 8; 9; 1; 390
INTERNAL; 6; 6; 0; 905; INTERNAL; 8; 9; 1; 390
INTERNAL; 7; 8; 1; 1488; INTERNAL; 8; 9; 1; 390
INTERNAL; 7; 8; 1; 593; INTERNAL; 8; 9; 1; 390
INTERNAL; 6; 6; 0; 891; INTERNAL; 7; 8; 1; 593
INTERNAL; 6; 6; 0; 978; INTERNAL; 7; 8; 1; 593
INTERNAL; 5; 5; 0; 1514; INTERNAL; 6; 6; 0; 891
INTERNAL; 5; 5; 0; 1263; INTERNAL; 6; 6; 0; 891
INPUT; 1; 5; 4; 304; INTERNAL; 6; 6; 0; 891
INPUT; 1; 4; 3; 574; INTERNAL; 6; 6; 0; 891
INPUT; 1; 5; 4; 810; INTERNAL; 6; 6; 0; 891
INTERNAL; 5; 5; 0; 899; INTERNAL; 6; 6; 0; 891
INTERNAL; 5; 5; 0; 1514; INTERNAL; 6; 6; 0; 978
INTERNAL; 5; 5; 0; 1263; INTERNAL; 6; 6; 0; 978
INPUT; 1; 5; 4; 304; INTERNAL; 6; 6; 0; 978
INPUT; 1; 4; 3; 574; INTERNAL; 6; 6; 0; 978
INPUT; 1; 5; 4; 810; INTERNAL; 6; 6; 0; 978
INTERNAL; 5; 5; 0; 701; INTERNAL; 6; 6; 0; 978
INTERNAL; 5; 5; 0; 517; INTERNAL; 7; 8; 1; 1488
INTERNAL; 6; 6; 0; 905; INTERNAL; 7; 8; 1; 1488
INTERNAL; 6; 6; 0; 800; INTERNAL; 7; 8; 1; 1488
INTERNAL; 6; 6; 0; 1126; INTERNAL; 7; 8; 1; 1488
INTERNAL; 6; 6; 0; 877; INTERNAL; 7; 8; 1; 1488
INTERNAL; 5; 5; 0; 1514; INTERNAL; 6; 6; 0; 905
INPUT; 1; 5; 4; 304; INTERNAL; 6; 6; 0; 905
INPUT; 1; 4; 3; 574; INTERNAL; 6; 6; 0; 905
INPUT; 1; 5; 4; 810; INTERNAL; 6; 6; 0; 905
INTERNAL; 5; 5; 0; 1514; INTERNAL; 6; 6; 0; 877
INPUT; 1; 4; 3; 574; INTERNAL; 6; 6; 0; 877
INPUT; 1; 5; 4; 304; INTERNAL; 6; 6; 0; 877
INPUT; 1; 5; 4; 810; INTERNAL; 6; 6; 0; 877
INTERNAL; 5; 5; 0; 899; INTERNAL; 6; 6; 0; 877
INTERNAL; 5; 5; 0; 1514; INTERNAL; 6; 6; 0; 800
INTERNAL; 5; 5; 0; 1263; INTERNAL; 6; 6; 0; 800
INPUT; 1; 5; 4; 304; INTERNAL; 6; 6; 0; 800
INPUT; 1; 4; 3; 574; INTERNAL; 6; 6; 0; 800
INPUT; 1; 5; 4; 810; INTERNAL; 6; 6; 0; 800
INTERNAL; 5; 5; 0; 982; INTERNAL; 6; 6; 0; 800
INTERNAL; 5; 5; 0; 1514; INTERNAL; 6; 6; 0; 1126
INPUT; 1; 4; 3; 574; INTERNAL; 6; 6; 0; 1126
INPUT; 1; 5; 4; 304; INTERNAL; 6; 6; 0; 1126
INPUT; 1; 5; 4; 810; INTERNAL; 6; 6; 0; 1126
INTERNAL; 5; 5; 0; 592; INTERNAL; 6; 6; 0; 1126
INTERNAL; 5; 5; 0; 1263; INTERNAL; 6; 6; 0; 1126
INTERNAL; 4; 4; 0; 600; INTERNAL; 5; 5; 0; 756
INPUT; 1; 4; 3; 574; INTERNAL; 5; 5; 0; 756
INPUT; 1; 4; 3; 536; INTERNAL; 5; 5; 0; 756
INPUT; 1; 4; 3; 1212; INTERNAL; 5; 5; 0; 756
INPUT; 1; 4; 3; 527; INTERNAL; 5; 5; 0; 756
INPUT; 1; 4; 3; 597; INTERNAL; 5; 5; 0; 756
INTERNAL; 6; 6; 0; 621; INTERNAL; 10; 10; 0; 925
INTERNAL; 9; 9; 0; 1362; INTERNAL; 10; 10; 0; 925
INTERNAL; 9; 9; 0; 1360; INTERNAL; 10; 10; 0; 925
INTERNAL; 9; 9; 0; 851; INTERNAL; 10; 10; 0; 925
INTERNAL; 9; 9; 0; 984; INTERNAL; 10; 10; 0; 925
INTERNAL; 6; 6; 0; 919; INTERNAL; 9; 9; 0; 984
INTERNAL; 6; 6; 0; 922; INTERNAL; 9; 9; 0; 984
INTERNAL; 6; 6; 0; 858; INTERNAL; 9; 9; 0; 984
INTERNAL; 8; 8; 0; 616; INTERNAL; 9; 9; 0; 984
INTERNAL; 8; 8; 0; 841; INTERNAL; 9; 9; 0; 984
INTERNAL; 7; 8; 1; 751; INTERNAL; 9; 9; 0; 984
INTERNAL; 6; 6; 0; 1448; INTERNAL; 8; 8; 0; 616
INTERNAL; 6; 6; 0; 623; INTERNAL; 8; 8; 0; 616
INTERNAL; 7; 7; 0; 854; INTERNAL; 8; 8; 0; 616
INTERNAL; 5; 5; 0; 517; INTERNAL; 7; 7; 0; 854
INTERNAL; 6; 6; 0; 809; INTERNAL; 7; 7; 0; 854
INTERNAL; 6; 6; 0; 1148; INTERNAL; 7; 7; 0; 854
INTERNAL; 5; 5; 0; 1269; INTERNAL; 7; 7; 0; 854
INTERNAL; 5; 5; 0; 1514; INTERNAL; 6; 6; 0; 809
INPUT; 1; 4; 3; 574; INTERNAL; 6; 6; 0; 809
INPUT; 1; 5; 4; 810; INTERNAL; 6; 6; 0; 809
INPUT; 1; 5; 4; 304; INTERNAL; 6; 6; 0; 809
INTERNAL; 5; 5; 0; 1263; INTERNAL; 6; 6; 0; 809
INTERNAL; 5; 5; 0; 1514; INTERNAL; 6; 6; 0; 1148
INTERNAL; 5; 5; 0; 1263; INTERNAL; 6; 6; 0; 1148
INPUT; 1; 4; 3; 574; INTERNAL; 6; 6; 0; 1148
INPUT; 1; 5; 4; 810; INTERNAL; 6; 6; 0; 1148
INPUT; 1; 5; 4; 304; INTERNAL; 6; 6; 0; 1148
INTERNAL; 5; 5; 0; 1514; INTERNAL; 6; 6; 0; 1448
INPUT; 1; 4; 3; 574; INTERNAL; 6; 6; 0; 1448
INPUT; 1; 5; 4; 810; INTERNAL; 6; 6; 0; 1448
INPUT; 1; 5; 4; 304; INTERNAL; 6; 6; 0; 1448
INTERNAL; 5; 5; 0; 982; INTERNAL; 6; 6; 0; 1448
INTERNAL; 5; 5; 0; 1514; INTERNAL; 6; 6; 0; 623
INTERNAL; 5; 5; 0; 1263; INTERNAL; 6; 6; 0; 623
INPUT; 1; 4; 3; 574; INTERNAL; 6; 6; 0; 623
INPUT; 1; 5; 4; 810; INTERNAL; 6; 6; 0; 623
INPUT; 1; 5; 4; 304; INTERNAL; 6; 6; 0; 623
INTERNAL; 5; 5; 0; 899; INTERNAL; 6; 6; 0; 623
INTERNAL; 7; 7; 0; 928; INTERNAL; 8; 8; 0; 841
INTERNAL; 6; 6; 0; 762; INTERNAL; 8; 8; 0; 841
INTERNAL; 6; 6; 0; 712; INTERNAL; 8; 8; 0; 841
INTERNAL; 6; 6; 0; 586; INTERNAL; 8; 8; 0; 841
INTERNAL; 6; 6; 0; 738; INTERNAL; 8; 8; 0; 841
INTERNAL; 6; 6; 0; 1148; INTERNAL; 7; 7; 0; 928
INTERNAL; 5; 5; 0; 570; INTERNAL; 7; 7; 0; 928
INTERNAL; 5; 5; 0; 1514; INTERNAL; 6; 6; 0; 762
INTERNAL; 5; 5; 0; 1263; INTERNAL; 6; 6; 0; 762
INPUT; 1; 4; 3; 574; INTERNAL; 6; 6; 0; 762
INPUT; 1; 5; 4; 810; INTERNAL; 6; 6; 0; 762
INPUT; 1; 5; 4; 304; INTERNAL; 6; 6; 0; 762
INTERNAL; 5; 5; 0; 592; INTERNAL; 6; 6; 0; 762
INTERNAL; 5; 5; 0; 1514; INTERNAL; 6; 6; 0; 712
INPUT; 1; 4; 3; 574; INTERNAL; 6; 6; 0; 712
INPUT; 1; 5; 4; 810; INTERNAL; 6; 6; 0; 712
INPUT; 1; 5; 4; 304; INTERNAL; 6; 6; 0; 712
INTERNAL; 5; 5; 0; 899; INTERNAL; 6; 6; 0; 712
INTERNAL; 5; 5; 0; 1263; INTERNAL; 6; 6; 0; 712
INTERNAL; 5; 5; 0; 1514; INTERNAL; 6; 6; 0; 586
INPUT; 1; 4; 3; 574; INTERNAL; 6; 6; 0; 586
INPUT; 1; 5; 4; 304; INTERNAL; 6; 6; 0; 586
INPUT; 1; 5; 4; 810; INTERNAL; 6; 6; 0; 586
INTERNAL; 5; 5; 0; 701; INTERNAL; 6; 6; 0; 586
INTERNAL; 5; 5; 0; 1263; INTERNAL; 6; 6; 0; 586
INTERNAL; 5; 5; 0; 1514; INTERNAL; 6; 6; 0; 738
INPUT; 1; 4; 3; 574; INTERNAL; 6; 6; 0; 738
INPUT; 1; 5; 4; 304; INTERNAL; 6; 6; 0; 738
INPUT; 1; 5; 4; 810; INTERNAL; 6; 6; 0; 738
INTERNAL; 5; 5; 0; 547; INTERNAL; 6; 6; 0; 738
INTERNAL; 5; 5; 0; 1263; INTERNAL; 6; 6; 0; 738
INTERNAL; 6; 6; 0; 915; INTERNAL; 7; 8; 1; 751
INTERNAL; 6; 6; 0; 929; INTERNAL; 7; 8; 1; 751
INTERNAL; 6; 6; 0; 930; INTERNAL; 7; 8; 1; 751
INTERNAL; 6; 6; 0; 1365; INTERNAL; 7; 8; 1; 751
INTERNAL; 6; 6; 0; 920; INTERNAL; 7; 8; 1; 751
INTERNAL; 6; 6; 0; 296; INTERNAL; 7; 8; 1; 751
INTERNAL; 5; 5; 0; 1514; INTERNAL; 6; 6; 0; 915
INPUT; 1; 4; 3; 574; INTERNAL; 6; 6; 0; 915
INPUT; 1; 5; 4; 304; INTERNAL; 6; 6; 0; 915
INPUT; 1; 5; 4; 810; INTERNAL; 6; 6; 0; 915
INTERNAL; 5; 5; 0; 271; INTERNAL; 6; 6; 0; 915
INTERNAL; 5; 5; 0; 1263; INTERNAL; 6; 6; 0; 915
INTERNAL; 5; 5; 0; 1514; INTERNAL; 6; 6; 0; 929
INPUT; 1; 4; 3; 574; INTERNAL; 6; 6; 0; 929
INTERNAL; 5; 5; 0; 1263; INTERNAL; 6; 6; 0; 929
INPUT; 1; 5; 4; 304; INTERNAL; 6; 6; 0; 929
INPUT; 1; 5; 4; 810; INTERNAL; 6; 6; 0; 929
INTERNAL; 5; 5; 0; 756; INTERNAL; 6; 6; 0; 929
INTERNAL; 5; 5; 0; 1514; INTERNAL; 6; 6; 0; 930
INPUT; 1; 4; 3; 574; INTERNAL; 6; 6; 0; 930
INPUT; 1; 5; 4; 810; INTERNAL; 6; 6; 0; 930
INPUT; 1; 5; 4; 304; INTERNAL; 6; 6; 0; 930
INTERNAL; 5; 5; 0; 517; INTERNAL; 6; 6; 0; 930
INTERNAL; 5; 5; 0; 1263; INTERNAL; 6; 6; 0; 930
INTERNAL; 5; 5; 0; 1514; INTERNAL; 6; 6; 0; 1365
INPUT; 1; 4; 3; 574; INTERNAL; 6; 6; 0; 1365
INPUT; 1; 5; 4; 810; INTERNAL; 6; 6; 0; 1365
INPUT; 1; 5; 4; 304; INTERNAL; 6; 6; 0; 1365
INTERNAL; 5; 5; 0; 592; INTERNAL; 6; 6; 0; 1365
INTERNAL; 5; 5; 0; 1263; INTERNAL; 6; 6; 0; 1365
INTERNAL; 5; 5; 0; 1514; INTERNAL; 6; 6; 0; 920
INPUT; 1; 4; 3; 574; INTERNAL; 6; 6; 0; 920
INTERNAL; 5; 5; 0; 1263; INTERNAL; 6; 6; 0; 920
INPUT; 1; 5; 4; 304; INTERNAL; 6; 6; 0; 920
INPUT; 1; 5; 4; 810; INTERNAL; 6; 6; 0; 920
INTERNAL; 5; 5; 0; 701; INTERNAL; 6; 6; 0; 920
INTERNAL; 5; 5; 0; 1514; INTERNAL; 6; 6; 0; 296
INPUT; 1; 4; 3; 574; INTERNAL; 6; 6; 0; 296
INTERNAL; 5; 5; 0; 1263; INTERNAL; 6; 6; 0; 296
INPUT; 1; 5; 4; 304; INTERNAL; 6; 6; 0; 296
INPUT; 1; 5; 4; 810; INTERNAL; 6; 6; 0; 296
INTERNAL; 5; 5; 0; 907; INTERNAL; 6; 6; 0; 296
INTERNAL; 5; 5; 0; 1514; INTERNAL; 6; 6; 0; 919
INPUT; 1; 4; 3; 574; INTERNAL; 6; 6; 0; 919
INPUT; 1; 5; 4; 304; INTERNAL; 6; 6; 0; 919
INPUT; 1; 5; 4; 810; INTERNAL; 6; 6; 0; 919
INTERNAL; 5; 5; 0; 756; INTERNAL; 6; 6; 0; 919
INTERNAL; 5; 5; 0; 1263; INTERNAL; 6; 6; 0; 919
INTERNAL; 5; 5; 0; 1514; INTERNAL; 6; 6; 0; 922
INPUT; 1; 4; 3; 574; INTERNAL; 6; 6; 0; 922
INTERNAL; 5; 5; 0; 1263; INTERNAL; 6; 6; 0; 922
INPUT; 1; 5; 4; 304; INTERNAL; 6; 6; 0; 922
INPUT; 1; 5; 4; 810; INTERNAL; 6; 6; 0; 922
INTERNAL; 5; 5; 0; 547; INTERNAL; 6; 6; 0; 922
INTERNAL; 5; 5; 0; 1514; INTERNAL; 6; 6; 0; 858
INPUT; 1; 4; 3; 574; INTERNAL; 6; 6; 0; 858
INPUT; 1; 5; 4; 304; INTERNAL; 6; 6; 0; 858
INPUT; 1; 5; 4; 810; INTERNAL; 6; 6; 0; 858
INTERNAL; 5; 5; 0; 907; INTERNAL; 6; 6; 0; 858
INTERNAL; 5; 5; 0; 1263; INTERNAL; 6; 6; 0; 858
INTERNAL; 8; 8; 0; 652; INTERNAL; 9; 9; 0; 851
INTERNAL; 8; 8; 0; 936; INTERNAL; 9; 9; 0; 851
INTERNAL; 8; 8; 0; 660; INTERNAL; 9; 9; 0; 851
INTERNAL; 7; 8; 1; 429; INTERNAL; 9; 9; 0; 851
INTERNAL; 7; 8; 1; 942; INTERNAL; 9; 9; 0; 851
INTERNAL; 7; 8; 1; 477; INTERNAL; 9; 9; 0; 851
INTERNAL; 7; 7; 0; 953; INTERNAL; 8; 8; 0; 652
INTERNAL; 6; 6; 0; 729; INTERNAL; 8; 8; 0; 652
INTERNAL; 6; 6; 0; 870; INTERNAL; 7; 7; 0; 953
INTERNAL; 5; 5; 0; 833; INTERNAL; 7; 7; 0; 953
INTERNAL; 5; 5; 0; 1514; INTERNAL; 6; 6; 0; 870
INPUT; 1; 4; 3; 574; INTERNAL; 6; 6; 0; 870
INPUT; 1; 5; 4; 304; INTERNAL; 6; 6; 0; 870
INPUT; 1; 5; 4; 810; INTERNAL; 6; 6; 0; 870
INTERNAL; 5; 5; 0; 1263; INTERNAL; 6; 6; 0; 870
INTERNAL; 5; 5; 0; 1514; INTERNAL; 6; 6; 0; 729
INPUT; 1; 4; 3; 574; INTERNAL; 6; 6; 0; 729
INPUT; 1; 5; 4; 304; INTERNAL; 6; 6; 0; 729
INPUT; 1; 5; 4; 810; INTERNAL; 6; 6; 0; 729
INTERNAL; 5; 5; 0; 815; INTERNAL; 6; 6; 0; 729
INTERNAL; 5; 5; 0; 1263; INTERNAL; 6; 6; 0; 729
INTERNAL; 5; 5; 0; 592; INTERNAL; 8; 8; 0; 936
INTERNAL; 6; 7; 1; 996; INTERNAL; 8; 8; 0; 936
INTERNAL; 6; 6; 0; 903; INTERNAL; 8; 8; 0; 936
INTERNAL; 6; 6; 0; 804; INTERNAL; 8; 8; 0; 936
INTERNAL; 7; 7; 0; 735; INTERNAL; 8; 8; 0; 936
INTERNAL; 6; 6; 0; 960; INTERNAL; 7; 7; 0; 735
INTERNAL; 6; 6; 0; 310; INTERNAL; 7; 7; 0; 735
INTERNAL; 6; 6; 0; 1522; INTERNAL; 7; 7; 0; 735
INTERNAL; 5; 5; 0; 1514; INTERNAL; 6; 6; 0; 960
INTERNAL; 5; 5; 0; 1263; INTERNAL; 6; 6; 0; 960
INPUT; 1; 4; 3; 574; INTERNAL; 6; 6; 0; 960
INPUT; 1; 5; 4; 810; INTERNAL; 6; 6; 0; 960
INPUT; 1; 5; 4; 304; INTERNAL; 6; 6; 0; 960
INTERNAL; 5; 5; 0; 907; INTERNAL; 6; 6; 0; 960
INTERNAL; 5; 5; 0; 1514; INTERNAL; 6; 6; 0; 310
INPUT; 1; 4; 3; 574; INTERNAL; 6; 6; 0; 310
INTERNAL; 5; 5; 0; 1263; INTERNAL; 6; 6; 0; 310
INPUT; 1; 5; 4; 304; INTERNAL; 6; 6; 0; 310
INPUT; 1; 5; 4; 810; INTERNAL; 6; 6; 0; 310
INTERNAL; 5; 5; 0; 815; INTERNAL; 6; 6; 0; 310
INTERNAL; 5; 5; 0; 1514; INTERNAL; 6; 6; 0; 1522
INPUT; 1; 4; 3; 574; INTERNAL; 6; 6; 0; 1522
INTERNAL; 5; 5; 0; 1263; INTERNAL; 6; 6; 0; 1522
INPUT; 1; 5; 4; 304; INTERNAL; 6; 6; 0; 1522
INPUT; 1; 5; 4; 810; INTERNAL; 6; 6; 0; 1522
INTERNAL; 5; 5; 0; 833; INTERNAL; 6; 6; 0; 1522
INTERNAL; 5; 5; 0; 1514; INTERNAL; 6; 7; 1; 996
INPUT; 1; 4; 3; 574; INTERNAL; 6; 7; 1; 996
INPUT; 1; 5; 4; 304; INTERNAL; 6; 7; 1; 996
INPUT; 1; 5; 4; 810; INTERNAL; 6; 7; 1; 996
INTERNAL; 5; 5; 0; 1514; INTERNAL; 6; 6; 0; 903
INPUT; 1; 4; 3; 574; INTERNAL; 6; 6; 0; 903
INPUT; 1; 5; 4; 810; INTERNAL; 6; 6; 0; 903
INPUT; 1; 5; 4; 304; INTERNAL; 6; 6; 0; 903
INTERNAL; 5; 5; 0; 1269; INTERNAL; 6; 6; 0; 903
INTERNAL; 5; 5; 0; 1263; INTERNAL; 6; 6; 0; 903
INTERNAL; 5; 5; 0; 1514; INTERNAL; 6; 6; 0; 804
INPUT; 1; 4; 3; 574; INTERNAL; 6; 6; 0; 804
INPUT; 1; 5; 4; 810; INTERNAL; 6; 6; 0; 804
INPUT; 1; 5; 4; 304; INTERNAL; 6; 6; 0; 804
INTERNAL; 5; 5; 0; 899; INTERNAL; 6; 6; 0; 804
INTERNAL; 5; 5; 0; 1263; INTERNAL; 6; 6; 0; 804
INTERNAL; 7; 7; 0; 966; INTERNAL; 8; 8; 0; 660
INTERNAL; 6; 6; 0; 658; INTERNAL; 8; 8; 0; 660
INTERNAL; 6; 6; 0; 558; INTERNAL; 8; 8; 0; 660
INTERNAL; 6; 6; 0; 806; INTERNAL; 8; 8; 0; 660
INTERNAL; 6; 6; 0; 282; INTERNAL; 7; 7; 0; 966
INTERNAL; 5; 5; 0; 548; INTERNAL; 7; 7; 0; 966
INTERNAL; 5; 5; 0; 1514; INTERNAL; 6; 6; 0; 282
INPUT; 1; 4; 3; 574; INTERNAL; 6; 6; 0; 282
INTERNAL; 5; 5; 0; 1263; INTERNAL; 6; 6; 0; 282
INPUT; 1; 5; 4; 304; INTERNAL; 6; 6; 0; 282
INPUT; 1; 5; 4; 810; INTERNAL; 6; 6; 0; 282
INTERNAL; 5; 5; 0; 1514; INTERNAL; 6; 6; 0; 658
INPUT; 1; 4; 3; 574; INTERNAL; 6; 6; 0; 658
INPUT; 1; 5; 4; 810; INTERNAL; 6; 6; 0; 658
INPUT; 1; 5; 4; 304; INTERNAL; 6; 6; 0; 658
INTERNAL; 5; 5; 0; 779; INTERNAL; 6; 6; 0; 658
INTERNAL; 5; 5; 0; 1263; INTERNAL; 6; 6; 0; 658
INTERNAL; 5; 5; 0; 1514; INTERNAL; 6; 6; 0; 558
INPUT; 1; 4; 3; 574; INTERNAL; 6; 6; 0; 558
INPUT; 1; 5; 4; 810; INTERNAL; 6; 6; 0; 558
INPUT; 1; 5; 4; 304; INTERNAL; 6; 6; 0; 558
INTERNAL; 5; 5; 0; 570; INTERNAL; 6; 6; 0; 558
INTERNAL; 5; 5; 0; 1263; INTERNAL; 6; 6; 0; 558
INTERNAL; 5; 5; 0; 1514; INTERNAL; 6; 6; 0; 806
INPUT; 1; 4; 3; 574; INTERNAL; 6; 6; 0; 806
INTERNAL; 5; 5; 0; 1263; INTERNAL; 6; 6; 0; 806
INPUT; 1; 5; 4; 810; INTERNAL; 6; 6; 0; 806
INPUT; 1; 5; 4; 304; INTERNAL; 6; 6; 0; 806
INTERNAL; 5; 5; 0; 779; INTERNAL; 6; 6; 0; 806
INTERNAL; 6; 6; 0; 1292; INTERNAL; 7; 8; 1; 429
INTERNAL; 6; 6; 0; 603; INTERNAL; 7; 8; 1; 429
INTERNAL; 5; 5; 0; 1514; INTERNAL; 6; 6; 0; 1292
INPUT; 1; 4; 3; 574; INTERNAL; 6; 6; 0; 1292
INTERNAL; 5; 5; 0; 1263; INTERNAL; 6; 6; 0; 1292
INPUT; 1; 5; 4; 810; INTERNAL; 6; 6; 0; 1292
INPUT; 1; 5; 4; 304; INTERNAL; 6; 6; 0; 1292
INTERNAL; 5; 5; 0; 899; INTERNAL; 6; 6; 0; 1292
INTERNAL; 5; 5; 0; 1514; INTERNAL; 6; 6; 0; 603
INPUT; 1; 4; 3; 574; INTERNAL; 6; 6; 0; 603
INPUT; 1; 5; 4; 810; INTERNAL; 6; 6; 0; 603
INPUT; 1; 5; 4; 304; INTERNAL; 6; 6; 0; 603
INTERNAL; 5; 5; 0; 907; INTERNAL; 6; 6; 0; 603
INTERNAL; 5; 5; 0; 1263; INTERNAL; 6; 6; 0; 603
INTERNAL; 6; 6; 0; 401; INTERNAL; 7; 8; 1; 942
INTERNAL; 6; 6; 0; 566; INTERNAL; 7; 8; 1; 942
INTERNAL; 5; 5; 0; 1514; INTERNAL; 6; 6; 0; 401
INPUT; 1; 4; 3; 574; INTERNAL; 6; 6; 0; 401
INTERNAL; 5; 5; 0; 1263; INTERNAL; 6; 6; 0; 401
INPUT; 1; 5; 4; 810; INTERNAL; 6; 6; 0; 401
INPUT; 1; 5; 4; 304; INTERNAL; 6; 6; 0; 401
INTERNAL; 5; 5; 0; 1269; INTERNAL; 6; 6; 0; 401
INTERNAL; 5; 5; 0; 1514; INTERNAL; 6; 6; 0; 566
INPUT; 1; 4; 3; 574; INTERNAL; 6; 6; 0; 566
INTERNAL; 5; 5; 0; 1263; INTERNAL; 6; 6; 0; 566
INPUT; 1; 5; 4; 810; INTERNAL; 6; 6; 0; 566
INPUT; 1; 5; 4; 304; INTERNAL; 6; 6; 0; 566
INTERNAL; 5; 5; 0; 517; INTERNAL; 6; 6; 0; 566
INTERNAL; 6; 6; 0; 532; INTERNAL; 7; 8; 1; 477
INTERNAL; 6; 6; 0; 314; INTERNAL; 7; 8; 1; 477
INTERNAL; 6; 6; 0; 326; INTERNAL; 7; 8; 1; 477
INTERNAL; 6; 6; 0; 436; INTERNAL; 7; 8; 1; 477
INTERNAL; 5; 5; 0; 1514; INTERNAL; 6; 6; 0; 532
INPUT; 1; 4; 3; 574; INTERNAL; 6; 6; 0; 532
INPUT; 1; 5; 4; 810; INTERNAL; 6; 6; 0; 532
INPUT; 1; 5; 4; 304; INTERNAL; 6; 6; 0; 532
INTERNAL; 5; 5; 0; 517; INTERNAL; 6; 6; 0; 532
INTERNAL; 5; 5; 0; 1263; INTERNAL; 6; 6; 0; 532
INTERNAL; 5; 5; 0; 1514; INTERNAL; 6; 6; 0; 314
INPUT; 1; 4; 3; 574; INTERNAL; 6; 6; 0; 314
INPUT; 1; 5; 4; 810; INTERNAL; 6; 6; 0; 314
INPUT; 1; 5; 4; 304; INTERNAL; 6; 6; 0; 314
INTERNAL; 5; 5; 0; 982; INTERNAL; 6; 6; 0; 314
INTERNAL; 5; 5; 0; 1263; INTERNAL; 6; 6; 0; 314
INTERNAL; 5; 5; 0; 1514; INTERNAL; 6; 6; 0; 326
INPUT; 1; 4; 3; 574; INTERNAL; 6; 6; 0; 326
INTERNAL; 5; 5; 0; 1263; INTERNAL; 6; 6; 0; 326
INPUT; 1; 5; 4; 810; INTERNAL; 6; 6; 0; 326
INPUT; 1; 5; 4; 304; INTERNAL; 6; 6; 0; 326
INTERNAL; 5; 5; 0; 982; INTERNAL; 6; 6; 0; 326
INTERNAL; 5; 5; 0; 1514; INTERNAL; 6; 6; 0; 436
INPUT; 1; 4; 3; 574; INTERNAL; 6; 6; 0; 436
INTERNAL; 5; 5; 0; 1263; INTERNAL; 6; 6; 0; 436
INPUT; 1; 5; 4; 810; INTERNAL; 6; 6; 0; 436
INPUT; 1; 5; 4; 304; INTERNAL; 6; 6; 0; 436
INTERNAL; 5; 5; 0; 570; INTERNAL; 6; 6; 0; 436
INTERNAL; 6; 6; 0; 576; INTERNAL; 9; 9; 0; 1362
INTERNAL; 6; 6; 0; 741; INTERNAL; 9; 9; 0; 1362
INTERNAL; 6; 6; 0; 708; INTERNAL; 9; 9; 0; 1362
INTERNAL; 8; 8; 0; 975; INTERNAL; 9; 9; 0; 1362
INTERNAL; 7; 7; 0; 849; INTERNAL; 8; 8; 0; 975
INTERNAL; 7; 7; 0; 1150; INTERNAL; 8; 8; 0; 975
INTERNAL; 6; 6; 0; 553; INTERNAL; 8; 8; 0; 975
INTERNAL; 6; 6; 0; 514; INTERNAL; 8; 8; 0; 975
INTERNAL; 6; 6; 0; 1394; INTERNAL; 8; 8; 0; 975
INTERNAL; 6; 6; 0; 1148; INTERNAL; 7; 7; 0; 849
INTERNAL; 5; 5; 0; 815; INTERNAL; 7; 7; 0; 849
INTERNAL; 6; 6; 0; 809; INTERNAL; 7; 7; 0; 1150
INTERNAL; 5; 5; 0; 701; INTERNAL; 7; 7; 0; 1150
INTERNAL; 5; 5; 0; 1514; INTERNAL; 6; 6; 0; 553
INTERNAL; 5; 5; 0; 1263; INTERNAL; 6; 6; 0; 553
INPUT; 1; 4; 3; 574; INTERNAL; 6; 6; 0; 553
INPUT; 1; 5; 4; 810; INTERNAL; 6; 6; 0; 553
INPUT; 1; 5; 4; 304; INTERNAL; 6; 6; 0; 553
INTERNAL; 5; 5; 0; 701; INTERNAL; 6; 6; 0; 553
INTERNAL; 5; 5; 0; 1514; INTERNAL; 6; 6; 0; 514
INPUT; 1; 4; 3; 574; INTERNAL; 6; 6; 0; 514
INPUT; 1; 5; 4; 810; INTERNAL; 6; 6; 0; 514
INPUT; 1; 5; 4; 304; INTERNAL; 6; 6; 0; 514
INTERNAL; 5; 5; 0; 547; INTERNAL; 6; 6; 0; 514
INTERNAL; 5; 5; 0; 1263; INTERNAL; 6; 6; 0; 514
INTERNAL; 5; 5; 0; 1514; INTERNAL; 6; 6; 0; 1394
INPUT; 1; 4; 3; 574; INTERNAL; 6; 6; 0; 1394
INPUT; 1; 5; 4; 810; INTERNAL; 6; 6; 0; 1394
INPUT; 1; 5; 4; 304; INTERNAL; 6; 6; 0; 1394
INTERNAL; 5; 5; 0; 756; INTERNAL; 6; 6; 0; 1394
INTERNAL; 5; 5; 0; 1263; INTERNAL; 6; 6; 0; 1394
INTERNAL; 5; 5; 0; 1514; INTERNAL; 6; 6; 0; 576
INTERNAL; 5; 5; 0; 1263; INTERNAL; 6; 6; 0; 576
INPUT; 1; 4; 3; 574; INTERNAL; 6; 6; 0; 576
INPUT; 1; 5; 4; 810; INTERNAL; 6; 6; 0; 576
INPUT; 1; 5; 4; 304; INTERNAL; 6; 6; 0; 576
INTERNAL; 5; 5; 0; 756; INTERNAL; 6; 6; 0; 576
INTERNAL; 5; 5; 0; 1514; INTERNAL; 6; 6; 0; 741
INPUT; 1; 4; 3; 574; INTERNAL; 6; 6; 0; 741
INPUT; 1; 5; 4; 810; INTERNAL; 6; 6; 0; 741
INPUT; 1; 5; 4; 304; INTERNAL; 6; 6; 0; 741
INTERNAL; 5; 5; 0; 815; INTERNAL; 6; 6; 0; 741
INTERNAL; 5; 5; 0; 1263; INTERNAL; 6; 6; 0; 741
INTERNAL; 5; 5; 0; 1514; INTERNAL; 6; 6; 0; 708
INTERNAL; 5; 5; 0; 1263; INTERNAL; 6; 6; 0; 708
INPUT; 1; 4; 3; 574; INTERNAL; 6; 6; 0; 708
INPUT; 1; 5; 4; 810; INTERNAL; 6; 6; 0; 708
INPUT; 1; 5; 4; 304; INTERNAL; 6; 6; 0; 708
INTERNAL; 5; 5; 0; 547; INTERNAL; 6; 6; 0; 708
INTERNAL; 6; 6; 0; 310; INTERNAL; 9; 9; 0; 1360
INTERNAL; 6; 6; 0; 1522; INTERNAL; 9; 9; 0; 1360
INTERNAL; 7; 8; 1; 963; INTERNAL; 9; 9; 0; 1360
INTERNAL; 8; 8; 0; 652; INTERNAL; 9; 9; 0; 1360
INTERNAL; 8; 8; 0; 1074; INTERNAL; 9; 9; 0; 1360
INTERNAL; 5; 5; 0; 271; INTERNAL; 8; 8; 0; 1074
INTERNAL; 6; 6; 0; 809; INTERNAL; 8; 8; 0; 1074
INTERNAL; 6; 6; 0; 1148; INTERNAL; 8; 8; 0; 1074
INTERNAL; 5; 5; 0; 548; INTERNAL; 8; 8; 0; 1074
INTERNAL; 5; 5; 0; 779; INTERNAL; 8; 8; 0; 1074
INTERNAL; 7; 7; 0; 969; INTERNAL; 8; 8; 0; 1074
INTERNAL; 6; 6; 0; 286; INTERNAL; 7; 7; 0; 969
INTERNAL; 6; 6; 0; 1083; INTERNAL; 7; 7; 0; 969
INTERNAL; 5; 5; 0; 1514; INTERNAL; 6; 6; 0; 286
INTERNAL; 5; 5; 0; 1263; INTERNAL; 6; 6; 0; 286
INPUT; 1; 4; 3; 574; INTERNAL; 6; 6; 0; 286
INPUT; 1; 5; 4; 810; INTERNAL; 6; 6; 0; 286
INPUT; 1; 5; 4; 304; INTERNAL; 6; 6; 0; 286
INTERNAL; 5; 5; 0; 827; INTERNAL; 6; 6; 0; 286
INTERNAL; 5; 5; 0; 1514; INTERNAL; 6; 6; 0; 1083
INPUT; 1; 4; 3; 574; INTERNAL; 6; 6; 0; 1083
INPUT; 1; 5; 4; 810; INTERNAL; 6; 6; 0; 1083
INPUT; 1; 5; 4; 304; INTERNAL; 6; 6; 0; 1083
INTERNAL; 5; 5; 0; 570; INTERNAL; 6; 6; 0; 1083
INTERNAL; 5; 5; 0; 1263; INTERNAL; 6; 6; 0; 1083
INTERNAL; 6; 6; 0; 1471; INTERNAL; 7; 8; 1; 963
INTERNAL; 6; 6; 0; 876; INTERNAL; 7; 8; 1; 963
INTERNAL; 6; 6; 0; 879; INTERNAL; 7; 8; 1; 963
INTERNAL; 5; 5; 0; 1514; INTERNAL; 6; 6; 0; 1471
INPUT; 1; 4; 3; 574; INTERNAL; 6; 6; 0; 1471
INPUT; 1; 5; 4; 810; INTERNAL; 6; 6; 0; 1471
INPUT; 1; 5; 4; 304; INTERNAL; 6; 6; 0; 1471
INTERNAL; 5; 5; 0; 271; INTERNAL; 6; 6; 0; 1471
INTERNAL; 5; 5; 0; 1263; INTERNAL; 6; 6; 0; 1471
INTERNAL; 5; 5; 0; 1514; INTERNAL; 6; 6; 0; 876
INPUT; 1; 4; 3; 574; INTERNAL; 6; 6; 0; 876
INPUT; 1; 5; 4; 810; INTERNAL; 6; 6; 0; 876
INPUT; 1; 5; 4; 304; INTERNAL; 6; 6; 0; 876
INTERNAL; 5; 5; 0; 827; INTERNAL; 6; 6; 0; 876
INTERNAL; 5; 5; 0; 1263; INTERNAL; 6; 6; 0; 876
INTERNAL; 5; 5; 0; 1514; INTERNAL; 6; 6; 0; 879
INTERNAL; 5; 5; 0; 1263; INTERNAL; 6; 6; 0; 879
INPUT; 1; 4; 3; 574; INTERNAL; 6; 6; 0; 879
INPUT; 1; 5; 4; 810; INTERNAL; 6; 6; 0; 879
INPUT; 1; 5; 4; 304; INTERNAL; 6; 6; 0; 879
INTERNAL; 5; 5; 0; 833; INTERNAL; 6; 6; 0; 879
INTERNAL; 5; 5; 0; 1514; INTERNAL; 6; 6; 0; 621
INPUT; 1; 4; 3; 574; INTERNAL; 6; 6; 0; 621
INPUT; 1; 5; 4; 810; INTERNAL; 6; 6; 0; 621
INPUT; 1; 5; 4; 304; INTERNAL; 6; 6; 0; 621
INTERNAL; 5; 5; 0; 833; INTERNAL; 6; 6; 0; 621
INTERNAL; 5; 5; 0; 1263; INTERNAL; 6; 6; 0; 621
INTERNAL; 6; 6; 0; 621; INTERNAL; 10; 10; 0; 828
INTERNAL; 9; 9; 0; 1362; INTERNAL; 10; 10; 0; 828
INTERNAL; 9; 9; 0; 1360; INTERNAL; 10; 10; 0; 828
INTERNAL; 9; 9; 0; 851; INTERNAL; 10; 10; 0; 828
INTERNAL; 9; 9; 0; 984; INTERNAL; 10; 10; 0; 828
INTERNAL; 2; 8; 6; 656; INTERNAL; 3; 9; 6; 490
INPUT; 1; 1; 0; 818; INTERNAL; 3; 9; 6; 490
INPUT; 1; 4; 3; 574; INTERNAL; 3; 9; 6; 490
INPUT; 1; 1; 0; 910; INTERNAL; 3; 9; 6; 490
INPUT; 1; 1; 0; 542; INTERNAL; 2; 8; 6; 656
INPUT; 1; 1; 0; 642; INTERNAL; 2; 8; 6; 656
INTERNAL; 4; 10; 6; 848; INTERNAL; 10; 11; 1; 824
INTERNAL; 4; 9; 5; 763; INTERNAL; 10; 11; 1; 824
INTERNAL; 9; 9; 0; 604; INTERNAL; 10; 11; 1; 824
INTERNAL; 9; 9; 0; 985; INTERNAL; 10; 11; 1; 824
INTERNAL; 8; 8; 0; 863; INTERNAL; 9; 9; 0; 604
INTERNAL; 8; 8; 0; 945; INTERNAL; 9; 9; 0; 604
INTERNAL; 8; 8; 0; 1110; INTERNAL; 9; 9; 0; 604
INTERNAL; 8; 8; 0; 967; INTERNAL; 9; 9; 0; 604
INTERNAL; 7; 7; 0; 736; INTERNAL; 9; 9; 0; 604
INTERNAL; 7; 7; 0; 361; INTERNAL; 9; 9; 0; 604
INTERNAL; 7; 7; 0; 506; INTERNAL; 8; 8; 0; 863
INTERNAL; 7; 7; 0; 504; INTERNAL; 8; 8; 0; 863
INTERNAL; 7; 7; 0; 503; INTERNAL; 8; 8; 0; 863
INTERNAL; 7; 7; 0; 498; INTERNAL; 8; 8; 0; 863
INTERNAL; 7; 7; 0; 496; INTERNAL; 8; 8; 0; 863
INTERNAL; 7; 7; 0; 495; INTERNAL; 8; 8; 0; 863
INTERNAL; 6; 6; 0; 621; INTERNAL; 7; 7; 0; 506
INTERNAL; 6; 6; 0; 623; INTERNAL; 7; 7; 0; 506
INTERNAL; 5; 5; 0; 815; INTERNAL; 7; 7; 0; 504
INTERNAL; 5; 5; 0; 701; INTERNAL; 7; 7; 0; 504
INTERNAL; 6; 6; 0; 835; INTERNAL; 7; 7; 0; 504
INTERNAL; 6; 6; 0; 585; INTERNAL; 7; 7; 0; 504
INTERNAL; 6; 6; 0; 560; INTERNAL; 7; 7; 0; 504
INTERNAL; 6; 6; 0; 785; INTERNAL; 7; 7; 0; 504
INTERNAL; 5; 5; 0; 1514; INTERNAL; 6; 6; 0; 785
INTERNAL; 5; 5; 0; 1263; INTERNAL; 6; 6; 0; 785
INPUT; 1; 5; 4; 304; INTERNAL; 6; 6; 0; 785
INPUT; 1; 4; 3; 574; INTERNAL; 6; 6; 0; 785
INPUT; 1; 5; 4; 810; INTERNAL; 6; 6; 0; 785
INTERNAL; 5; 5; 0; 592; INTERNAL; 6; 6; 0; 785
INTERNAL; 6; 6; 0; 903; INTERNAL; 7; 7; 0; 503
INTERNAL; 6; 6; 0; 666; INTERNAL; 7; 7; 0; 503
INTERNAL; 6; 6; 0; 494; INTERNAL; 7; 7; 0; 503
INTERNAL; 6; 6; 0; 738; INTERNAL; 7; 7; 0; 503
INTERNAL; 5; 5; 0; 1514; INTERNAL; 6; 6; 0; 666
INPUT; 1; 4; 3; 574; INTERNAL; 6; 6; 0; 666
INPUT; 1; 5; 4; 810; INTERNAL; 6; 6; 0; 666
INPUT; 1; 5; 4; 304; INTERNAL; 6; 6; 0; 666
INTERNAL; 5; 5; 0; 779; INTERNAL; 6; 6; 0; 666
INTERNAL; 5; 5; 0; 1263; INTERNAL; 6; 6; 0; 666
INTERNAL; 5; 5; 0; 1514; INTERNAL; 6; 6; 0; 494
INTERNAL; 5; 5; 0; 1263; INTERNAL; 6; 6; 0; 494
INPUT; 1; 5; 4; 304; INTERNAL; 6; 6; 0; 494
INPUT; 1; 4; 3; 574; INTERNAL; 6; 6; 0; 494
INPUT; 1; 5; 4; 810; INTERNAL; 6; 6; 0; 494
INTERNAL; 5; 5; 0; 517; INTERNAL; 6; 6; 0; 494
INTERNAL; 6; 6; 0; 654; INTERNAL; 7; 7; 0; 498
INTERNAL; 6; 6; 0; 489; INTERNAL; 7; 7; 0; 498
INTERNAL; 6; 6; 0; 296; INTERNAL; 7; 7; 0; 498
INTERNAL; 5; 5; 0; 1514; INTERNAL; 6; 6; 0; 654
INPUT; 1; 4; 3; 574; INTERNAL; 6; 6; 0; 654
INPUT; 1; 5; 4; 304; INTERNAL; 6; 6; 0; 654
INPUT; 1; 5; 4; 810; INTERNAL; 6; 6; 0; 654
INTERNAL; 5; 5; 0; 899; INTERNAL; 6; 6; 0; 654
INTERNAL; 5; 5; 0; 1263; INTERNAL; 6; 6; 0; 654
INTERNAL; 5; 5; 0; 1514; INTERNAL; 6; 6; 0; 489
INPUT; 1; 4; 3; 574; INTERNAL; 6; 6; 0; 489
INPUT; 1; 5; 4; 810; INTERNAL; 6; 6; 0; 489
INPUT; 1; 5; 4; 304; INTERNAL; 6; 6; 0; 489
INTERNAL; 5; 5; 0; 756; INTERNAL; 6; 6; 0; 489
INTERNAL; 5; 5; 0; 1263; INTERNAL; 6; 6; 0; 489
INTERNAL; 6; 6; 0; 1148; INTERNAL; 7; 7; 0; 496
INTERNAL; 6; 6; 0; 809; INTERNAL; 7; 7; 0; 496
INTERNAL; 5; 5; 0; 701; INTERNAL; 7; 7; 0; 496
INTERNAL; 6; 6; 0; 915; INTERNAL; 7; 7; 0; 496
INTERNAL; 6; 6; 0; 762; INTERNAL; 7; 7; 0; 495
INTERNAL; 6; 6; 0; 838; INTERNAL; 7; 7; 0; 495
INTERNAL; 6; 6; 0; 436; INTERNAL; 7; 7; 0; 495
INTERNAL; 6; 6; 0; 777; INTERNAL; 7; 7; 0; 495
INTERNAL; 5; 5; 0; 1514; INTERNAL; 6; 6; 0; 838
INPUT; 1; 5; 4; 304; INTERNAL; 6; 6; 0; 838
INPUT; 1; 4; 3; 574; INTERNAL; 6; 6; 0; 838
INPUT; 1; 5; 4; 810; INTERNAL; 6; 6; 0; 838
INTERNAL; 5; 5; 0; 1263; INTERNAL; 6; 6; 0; 838
INTERNAL; 5; 5; 0; 592; INTERNAL; 6; 6; 0; 838
INTERNAL; 6; 6; 0; 1489; INTERNAL; 8; 8; 0; 945
INTERNAL; 6; 6; 0; 707; INTERNAL; 8; 8; 0; 945
INTERNAL; 6; 6; 0; 653; INTERNAL; 8; 8; 0; 945
INTERNAL; 7; 7; 0; 784; INTERNAL; 8; 8; 0; 945
INTERNAL; 7; 7; 0; 476; INTERNAL; 8; 8; 0; 945
INTERNAL; 6; 6; 0; 968; INTERNAL; 7; 7; 0; 476
INTERNAL; 6; 6; 0; 516; INTERNAL; 7; 7; 0; 476
INTERNAL; 6; 6; 0; 806; INTERNAL; 7; 7; 0; 476
INTERNAL; 6; 6; 0; 1204; INTERNAL; 7; 7; 0; 476
INTERNAL; 6; 6; 0; 820; INTERNAL; 7; 7; 0; 476
INTERNAL; 6; 6; 0; 687; INTERNAL; 7; 7; 0; 476
INTERNAL; 5; 5; 0; 1514; INTERNAL; 6; 6; 0; 516
INTERNAL; 5; 5; 0; 1263; INTERNAL; 6; 6; 0; 516
INPUT; 1; 5; 4; 304; INTERNAL; 6; 6; 0; 516
INPUT; 1; 4; 3; 574; INTERNAL; 6; 6; 0; 516
INPUT; 1; 5; 4; 810; INTERNAL; 6; 6; 0; 516
INTERNAL; 5; 5; 0; 756; INTERNAL; 6; 6; 0; 516
INTERNAL; 5; 5; 0; 1514; INTERNAL; 6; 6; 0; 687
INPUT; 1; 4; 3; 574; INTERNAL; 6; 6; 0; 687
INPUT; 1; 5; 4; 810; INTERNAL; 6; 6; 0; 687
INPUT; 1; 5; 4; 304; INTERNAL; 6; 6; 0; 687
INTERNAL; 5; 5; 0; 815; INTERNAL; 6; 6; 0; 687
INTERNAL; 5; 5; 0; 1263; INTERNAL; 6; 6; 0; 687
INTERNAL; 5; 5; 0; 907; INTERNAL; 7; 7; 0; 784
INTERNAL; 6; 6; 0; 1143; INTERNAL; 7; 7; 0; 784
INTERNAL; 6; 6; 0; 971; INTERNAL; 7; 7; 0; 784
INTERNAL; 6; 6; 0; 677; INTERNAL; 7; 7; 0; 784
INTERNAL; 6; 6; 0; 576; INTERNAL; 7; 7; 0; 784
INTERNAL; 5; 5; 0; 1514; INTERNAL; 6; 6; 0; 1143
INPUT; 1; 4; 3; 574; INTERNAL; 6; 6; 0; 1143
INPUT; 1; 5; 4; 810; INTERNAL; 6; 6; 0; 1143
INPUT; 1; 5; 4; 304; INTERNAL; 6; 6; 0; 1143
INTERNAL; 5; 5; 0; 1263; INTERNAL; 6; 6; 0; 1143
INTERNAL; 5; 5; 0; 1514; INTERNAL; 6; 6; 0; 677
INPUT; 1; 4; 3; 574; INTERNAL; 6; 6; 0; 677
INPUT; 1; 5; 4; 810; INTERNAL; 6; 6; 0; 677
INPUT; 1; 5; 4; 304; INTERNAL; 6; 6; 0; 677
INTERNAL; 5; 5; 0; 1269; INTERNAL; 6; 6; 0; 677
INTERNAL; 5; 5; 0; 1263; INTERNAL; 6; 6; 0; 677
INTERNAL; 5; 5; 0; 1514; INTERNAL; 6; 6; 0; 1489
INPUT; 1; 4; 3; 574; INTERNAL; 6; 6; 0; 1489
INPUT; 1; 5; 4; 810; INTERNAL; 6; 6; 0; 1489
INPUT; 1; 5; 4; 304; INTERNAL; 6; 6; 0; 1489
INTERNAL; 5; 5; 0; 827; INTERNAL; 6; 6; 0; 1489
INTERNAL; 5; 5; 0; 1263; INTERNAL; 6; 6; 0; 1489
INTERNAL; 5; 5; 0; 1514; INTERNAL; 6; 6; 0; 653
INPUT; 1; 4; 3; 574; INTERNAL; 6; 6; 0; 653
INTERNAL; 5; 5; 0; 1263; INTERNAL; 6; 6; 0; 653
INPUT; 1; 5; 4; 304; INTERNAL; 6; 6; 0; 653
INPUT; 1; 5; 4; 810; INTERNAL; 6; 6; 0; 653
INTERNAL; 5; 5; 0; 899; INTERNAL; 6; 6; 0; 653
INTERNAL; 7; 7; 0; 966; INTERNAL; 8; 8; 0; 1110
INTERNAL; 6; 6; 0; 881; INTERNAL; 8; 8; 0; 1110
INTERNAL; 6; 6; 0; 1394; INTERNAL; 8; 8; 0; 1110
INTERNAL; 7; 7; 0; 1160; INTERNAL; 8; 8; 0; 1110
INTERNAL; 6; 6; 0; 931; INTERNAL; 7; 7; 0; 1160
INTERNAL; 6; 6; 0; 286; INTERNAL; 7; 7; 0; 1160
INTERNAL; 6; 6; 0; 381; INTERNAL; 7; 7; 0; 1160
INTERNAL; 6; 6; 0; 1385; INTERNAL; 7; 7; 0; 1160
INTERNAL; 6; 6; 0; 919; INTERNAL; 7; 7; 0; 1160
INTERNAL; 6; 6; 0; 922; INTERNAL; 7; 7; 0; 1160
INTERNAL; 5; 5; 0; 1514; INTERNAL; 6; 6; 0; 1385
INPUT; 1; 4; 3; 574; INTERNAL; 6; 6; 0; 1385
INTERNAL; 5; 5; 0; 1263; INTERNAL; 6; 6; 0; 1385
INPUT; 1; 5; 4; 810; INTERNAL; 6; 6; 0; 1385
INPUT; 1; 5; 4; 304; INTERNAL; 6; 6; 0; 1385
INTERNAL; 5; 5; 0; 907; INTERNAL; 6; 6; 0; 1385
INTERNAL; 6; 6; 0; 811; INTERNAL; 8; 8; 0; 967
INTERNAL; 6; 6; 0; 310; INTERNAL; 8; 8; 0; 967
INTERNAL; 7; 7; 0; 302; INTERNAL; 8; 8; 0; 967
INTERNAL; 7; 7; 0; 486; INTERNAL; 8; 8; 0; 967
INTERNAL; 7; 7; 0; 1047; INTERNAL; 8; 8; 0; 967
INTERNAL; 7; 7; 0; 776; INTERNAL; 8; 8; 0; 967
INTERNAL; 6; 6; 0; 483; INTERNAL; 7; 7; 0; 1047
INTERNAL; 6; 6; 0; 929; INTERNAL; 7; 7; 0; 1047
INTERNAL; 5; 5; 0; 1514; INTERNAL; 6; 6; 0; 483
INPUT; 1; 4; 3; 574; INTERNAL; 6; 6; 0; 483
INTERNAL; 5; 5; 0; 1263; INTERNAL; 6; 6; 0; 483
INPUT; 1; 5; 4; 810; INTERNAL; 6; 6; 0; 483
INPUT; 1; 5; 4; 304; INTERNAL; 6; 6; 0; 483
INTERNAL; 5; 5; 0; 833; INTERNAL; 6; 6; 0; 483
INTERNAL; 6; 6; 0; 729; INTERNAL; 7; 7; 0; 776
INTERNAL; 6; 6; 0; 1342; INTERNAL; 7; 7; 0; 776
INTERNAL; 5; 5; 0; 1514; INTERNAL; 6; 6; 0; 1342
INPUT; 1; 5; 4; 304; INTERNAL; 6; 6; 0; 1342
INPUT; 1; 4; 3; 574; INTERNAL; 6; 6; 0; 1342
INPUT; 1; 5; 4; 810; INTERNAL; 6; 6; 0; 1342
INTERNAL; 5; 5; 0; 1263; INTERNAL; 6; 6; 0; 1342
INTERNAL; 5; 5; 0; 517; INTERNAL; 6; 6; 0; 1342
INTERNAL; 6; 6; 0; 565; INTERNAL; 7; 7; 0; 302
INTERNAL; 6; 6; 0; 930; INTERNAL; 7; 7; 0; 302
INTERNAL; 5; 5; 0; 1514; INTERNAL; 6; 6; 0; 565
INTERNAL; 5; 5; 0; 1263; INTERNAL; 6; 6; 0; 565
INPUT; 1; 4; 3; 574; INTERNAL; 6; 6; 0; 565
INPUT; 1; 5; 4; 810; INTERNAL; 6; 6; 0; 565
INPUT; 1; 5; 4; 304; INTERNAL; 6; 6; 0; 565
INTERNAL; 5; 5; 0; 271; INTERNAL; 6; 6; 0; 565
INTERNAL; 6; 6; 0; 970; INTERNAL; 7; 7; 0; 486
INTERNAL; 6; 6; 0; 923; INTERNAL; 7; 7; 0; 486
INTERNAL; 6; 6; 0; 634; INTERNAL; 7; 7; 0; 486
INTERNAL; 6; 6; 0; 326; INTERNAL; 7; 7; 0; 486
INTERNAL; 5; 5; 0; 1514; INTERNAL; 6; 6; 0; 970
INTERNAL; 5; 5; 0; 1263; INTERNAL; 6; 6; 0; 970
INPUT; 1; 4; 3; 574; INTERNAL; 6; 6; 0; 970
INPUT; 1; 5; 4; 810; INTERNAL; 6; 6; 0; 970
INPUT; 1; 5; 4; 304; INTERNAL; 6; 6; 0; 970
INTERNAL; 5; 5; 0; 548; INTERNAL; 6; 6; 0; 970
INTERNAL; 5; 5; 0; 1514; INTERNAL; 6; 6; 0; 811
INTERNAL; 5; 5; 0; 1263; INTERNAL; 6; 6; 0; 811
INPUT; 1; 4; 3; 574; INTERNAL; 6; 6; 0; 811
INPUT; 1; 5; 4; 810; INTERNAL; 6; 6; 0; 811
INPUT; 1; 5; 4; 304; INTERNAL; 6; 6; 0; 811
INTERNAL; 5; 5; 0; 517; INTERNAL; 6; 6; 0; 811
INTERNAL; 5; 5; 0; 833; INTERNAL; 7; 7; 0; 736
INTERNAL; 6; 6; 0; 905; INTERNAL; 7; 7; 0; 736
INTERNAL; 6; 6; 0; 482; INTERNAL; 7; 7; 0; 736
INTERNAL; 6; 6; 0; 481; INTERNAL; 7; 7; 0; 736
INTERNAL; 6; 6; 0; 721; INTERNAL; 7; 7; 0; 736
INTERNAL; 5; 5; 0; 1514; INTERNAL; 6; 6; 0; 721
INPUT; 1; 4; 3; 574; INTERNAL; 6; 6; 0; 721
INTERNAL; 5; 5; 0; 1263; INTERNAL; 6; 6; 0; 721
INPUT; 1; 5; 4; 810; INTERNAL; 6; 6; 0; 721
INPUT; 1; 5; 4; 304; INTERNAL; 6; 6; 0; 721
INTERNAL; 5; 5; 0; 756; INTERNAL; 6; 6; 0; 721
INTERNAL; 5; 5; 0; 1514; INTERNAL; 6; 6; 0; 482
INPUT; 1; 4; 3; 574; INTERNAL; 6; 6; 0; 482
INPUT; 1; 5; 4; 810; INTERNAL; 6; 6; 0; 482
INPUT; 1; 5; 4; 304; INTERNAL; 6; 6; 0; 482
INTERNAL; 5; 5; 0; 271; INTERNAL; 6; 6; 0; 482
INTERNAL; 5; 5; 0; 1263; INTERNAL; 6; 6; 0; 482
INTERNAL; 5; 5; 0; 1514; INTERNAL; 6; 6; 0; 481
INPUT; 1; 4; 3; 574; INTERNAL; 6; 6; 0; 481
INPUT; 1; 5; 4; 810; INTERNAL; 6; 6; 0; 481
INPUT; 1; 5; 4; 304; INTERNAL; 6; 6; 0; 481
INTERNAL; 5; 5; 0; 592; INTERNAL; 6; 6; 0; 481
INTERNAL; 5; 5; 0; 1263; INTERNAL; 6; 6; 0; 481
INTERNAL; 5; 5; 0; 815; INTERNAL; 7; 7; 0; 361
INTERNAL; 6; 6; 0; 720; INTERNAL; 7; 7; 0; 361
INTERNAL; 6; 6; 0; 1148; INTERNAL; 7; 7; 0; 361
INTERNAL; 5; 5; 0; 570; INTERNAL; 7; 7; 0; 361
INTERNAL; 6; 6; 0; 1448; INTERNAL; 7; 7; 0; 361
INTERNAL; 6; 6; 0; 1292; INTERNAL; 7; 7; 0; 361
INTERNAL; 8; 8; 0; 874; INTERNAL; 9; 9; 0; 985
INTERNAL; 8; 8; 0; 939; INTERNAL; 9; 9; 0; 985
INTERNAL; 8; 8; 0; 944; INTERNAL; 9; 9; 0; 985
INTERNAL; 8; 8; 0; 935; INTERNAL; 9; 9; 0; 985
INTERNAL; 8; 8; 0; 1101; INTERNAL; 9; 9; 0; 985
INTERNAL; 7; 7; 0; 470; INTERNAL; 8; 8; 0; 939
INTERNAL; 7; 7; 0; 657; INTERNAL; 8; 8; 0; 939
INTERNAL; 7; 7; 0; 692; INTERNAL; 8; 8; 0; 939
INTERNAL; 7; 7; 0; 469; INTERNAL; 8; 8; 0; 939
INTERNAL; 7; 7; 0; 1317; INTERNAL; 8; 8; 0; 939
INTERNAL; 7; 7; 0; 1154; INTERNAL; 8; 8; 0; 939
INTERNAL; 6; 6; 0; 870; INTERNAL; 7; 7; 0; 470
INTERNAL; 6; 6; 0; 1148; INTERNAL; 7; 7; 0; 470
INTERNAL; 5; 5; 0; 1269; INTERNAL; 7; 7; 0; 470
INTERNAL; 5; 5; 0; 517; INTERNAL; 7; 7; 0; 470
INTERNAL; 5; 5; 0; 833; INTERNAL; 7; 7; 0; 470
INTERNAL; 6; 6; 0; 738; INTERNAL; 7; 7; 0; 470
INTERNAL; 6; 6; 0; 903; INTERNAL; 7; 7; 0; 657
INTERNAL; 6; 6; 0; 858; INTERNAL; 7; 7; 0; 657
INTERNAL; 6; 6; 0; 834; INTERNAL; 7; 7; 0; 692
INTERNAL; 6; 6; 0; 653; INTERNAL; 7; 7; 0; 692
INTERNAL; 6; 6; 0; 711; INTERNAL; 7; 7; 0; 469
INTERNAL; 6; 6; 0; 381; INTERNAL; 7; 7; 0; 469
INTERNAL; 6; 6; 0; 891; INTERNAL; 7; 7; 0; 469
INTERNAL; 6; 6; 0; 978; INTERNAL; 7; 7; 0; 469
INTERNAL; 6; 6; 0; 557; INTERNAL; 7; 7; 0; 1317
INTERNAL; 6; 6; 0; 514; INTERNAL; 7; 7; 0; 1317
INTERNAL; 6; 6; 0; 520; INTERNAL; 7; 7; 0; 1317
INTERNAL; 5; 5; 0; 1514; INTERNAL; 6; 6; 0; 557
INPUT; 1; 4; 3; 574; INTERNAL; 6; 6; 0; 557
INPUT; 1; 5; 4; 304; INTERNAL; 6; 6; 0; 557
INPUT; 1; 5; 4; 810; INTERNAL; 6; 6; 0; 557
INTERNAL; 5; 5; 0; 570; INTERNAL; 6; 6; 0; 557
INTERNAL; 5; 5; 0; 1263; INTERNAL; 6; 6; 0; 557
INTERNAL; 6; 6; 0; 585; INTERNAL; 7; 7; 0; 1154
INTERNAL; 6; 6; 0; 708; INTERNAL; 7; 7; 0; 1154
INTERNAL; 6; 6; 0; 481; INTERNAL; 7; 7; 0; 1154
INTERNAL; 7; 7; 0; 849; INTERNAL; 8; 8; 0; 944
INTERNAL; 6; 6; 0; 783; INTERNAL; 8; 8; 0; 944
INTERNAL; 6; 6; 0; 879; INTERNAL; 8; 8; 0; 944
INTERNAL; 7; 7; 0; 461; INTERNAL; 8; 8; 0; 944
INTERNAL; 7; 7; 0; 861; INTERNAL; 8; 8; 0; 944
INTERNAL; 6; 6; 0; 1032; INTERNAL; 7; 7; 0; 461
INTERNAL; 6; 6; 0; 804; INTERNAL; 7; 7; 0; 461
INTERNAL; 5; 5; 0; 1514; INTERNAL; 6; 6; 0; 1032
INPUT; 1; 4; 3; 574; INTERNAL; 6; 6; 0; 1032
INTERNAL; 5; 5; 0; 1263; INTERNAL; 6; 6; 0; 1032
INPUT; 1; 5; 4; 810; INTERNAL; 6; 6; 0; 1032
INPUT; 1; 5; 4; 304; INTERNAL; 6; 6; 0; 1032
INTERNAL; 5; 5; 0; 815; INTERNAL; 6; 6; 0; 1032
INTERNAL; 5; 5; 0; 815; INTERNAL; 7; 7; 0; 861
INTERNAL; 5; 5; 0; 701; INTERNAL; 7; 7; 0; 861
INTERNAL; 6; 6; 0; 1143; INTERNAL; 7; 7; 0; 861
INTERNAL; 6; 6; 0; 483; INTERNAL; 7; 7; 0; 861
INTERNAL; 6; 6; 0; 1342; INTERNAL; 7; 7; 0; 861
INTERNAL; 6; 6; 0; 1143; INTERNAL; 8; 8; 0; 935
INTERNAL; 6; 6; 0; 458; INTERNAL; 8; 8; 0; 935
INTERNAL; 5; 5; 0; 907; INTERNAL; 8; 8; 0; 935
INTERNAL; 6; 6; 0; 566; INTERNAL; 8; 8; 0; 935
INTERNAL; 7; 7; 0; 990; INTERNAL; 8; 8; 0; 935
INTERNAL; 6; 6; 0; 666; INTERNAL; 7; 7; 0; 990
INTERNAL; 6; 6; 0; 960; INTERNAL; 7; 7; 0; 990
INTERNAL; 6; 6; 0; 1083; INTERNAL; 7; 7; 0; 990
INTERNAL; 6; 6; 0; 603; INTERNAL; 7; 7; 0; 990
INTERNAL; 6; 6; 0; 455; INTERNAL; 7; 7; 0; 990
INTERNAL; 6; 6; 0; 922; INTERNAL; 7; 7; 0; 990
INTERNAL; 5; 5; 0; 1514; INTERNAL; 6; 6; 0; 455
INPUT; 1; 4; 3; 574; INTERNAL; 6; 6; 0; 455
INTERNAL; 5; 5; 0; 1263; INTERNAL; 6; 6; 0; 455
INPUT; 1; 5; 4; 810; INTERNAL; 6; 6; 0; 455
INPUT; 1; 5; 4; 304; INTERNAL; 6; 6; 0; 455
INTERNAL; 5; 5; 0; 827; INTERNAL; 6; 6; 0; 455
INTERNAL; 5; 5; 0; 1514; INTERNAL; 6; 6; 0; 458
INPUT; 1; 4; 3; 574; INTERNAL; 6; 6; 0; 458
INTERNAL; 5; 5; 0; 1263; INTERNAL; 6; 6; 0; 458
INPUT; 1; 5; 4; 304; INTERNAL; 6; 6; 0; 458
INPUT; 1; 5; 4; 810; INTERNAL; 6; 6; 0; 458
INTERNAL; 6; 6; 0; 762; INTERNAL; 8; 8; 0; 1101
INTERNAL; 6; 6; 0; 929; INTERNAL; 8; 8; 0; 1101
INTERNAL; 6; 6; 0; 489; INTERNAL; 8; 8; 0; 1101
INTERNAL; 6; 6; 0; 825; INTERNAL; 8; 8; 0; 1101
INTERNAL; 7; 7; 0; 1325; INTERNAL; 8; 8; 0; 1101
INTERNAL; 7; 7; 0; 452; INTERNAL; 8; 8; 0; 1101
INTERNAL; 6; 6; 0; 460; INTERNAL; 7; 7; 0; 1325
INTERNAL; 6; 6; 0; 920; INTERNAL; 7; 7; 0; 1325
INTERNAL; 5; 5; 0; 1514; INTERNAL; 6; 6; 0; 460
INPUT; 1; 4; 3; 574; INTERNAL; 6; 6; 0; 460
INPUT; 1; 5; 4; 810; INTERNAL; 6; 6; 0; 460
INPUT; 1; 5; 4; 304; INTERNAL; 6; 6; 0; 460
INTERNAL; 5; 5; 0; 547; INTERNAL; 6; 6; 0; 460
INTERNAL; 5; 5; 0; 1263; INTERNAL; 6; 6; 0; 460
INTERNAL; 6; 6; 0; 1489; INTERNAL; 7; 7; 0; 452
INTERNAL; 6; 6; 0; 971; INTERNAL; 7; 7; 0; 452
INTERNAL; 6; 6; 0; 1365; INTERNAL; 7; 7; 0; 452
INTERNAL; 6; 6; 0; 857; INTERNAL; 7; 7; 0; 452
INPUT; 1; 3; 2; 591; INTERNAL; 4; 9; 5; 763
INPUT; 1; 3; 2; 531; INTERNAL; 4; 9; 5; 763
INPUT; 1; 3; 2; 927; INTERNAL; 4; 9; 5; 763
INTERNAL; 3; 3; 0; 371; INTERNAL; 4; 9; 5; 763
INPUT; 1; 4; 3; 574; INTERNAL; 4; 9; 5; 763
INPUT; 1; 3; 2; 941; INTERNAL; 4; 9; 5; 763
INPUT; 1; 3; 2; 591; INTERNAL; 4; 10; 6; 848
INPUT; 1; 3; 2; 531; INTERNAL; 4; 10; 6; 848
INTERNAL; 3; 3; 0; 371; INTERNAL; 4; 10; 6; 848
INPUT; 1; 4; 3; 574; INTERNAL; 4; 10; 6; 848
INPUT; 1; 3; 2; 927; INTERNAL; 4; 10; 6; 848
INTERNAL; 11; 11; 0; 893; INTERNAL; 12; 12; 0; 475
INTERNAL; 10; 11; 1; 449; INTERNAL; 12; 12; 0; 475
INTERNAL; 10; 11; 1; 852; INTERNAL; 12; 12; 0; 475
INTERNAL; 3; 9; 6; 866; INTERNAL; 11; 11; 0; 893
INTERNAL; 3; 9; 6; 448; INTERNAL; 11; 11; 0; 893
INTERNAL; 10; 10; 0; 1519; INTERNAL; 11; 11; 0; 893
INTERNAL; 10; 10; 0; 667; INTERNAL; 11; 11; 0; 893
INTERNAL; 9; 9; 0; 485; INTERNAL; 11; 11; 0; 893
INTERNAL; 9; 9; 0; 977; INTERNAL; 10; 10; 0; 1519
INTERNAL; 9; 9; 0; 445; INTERNAL; 10; 10; 0; 1519
INTERNAL; 9; 9; 0; 1508; INTERNAL; 10; 10; 0; 1519
INTERNAL; 8; 8; 0; 1502; INTERNAL; 10; 10; 0; 1519
INTERNAL; 8; 9; 1; 443; INTERNAL; 10; 10; 0; 1519
INTERNAL; 8; 9; 1; 411; INTERNAL; 10; 10; 0; 1519
INTERNAL; 8; 8; 0; 1275; INTERNAL; 9; 9; 0; 977
INTERNAL; 7; 8; 1; 434; INTERNAL; 9; 9; 0; 977
INTERNAL; 7; 8; 1; 856; INTERNAL; 9; 9; 0; 977
INTERNAL; 6; 6; 0; 483; INTERNAL; 8; 8; 0; 1275
INTERNAL; 6; 6; 0; 310; INTERNAL; 8; 8; 0; 1275
INTERNAL; 6; 6; 0; 687; INTERNAL; 8; 8; 0; 1275
INTERNAL; 6; 6; 0; 296; INTERNAL; 8; 8; 0; 1275
INTERNAL; 7; 7; 0; 389; INTERNAL; 8; 8; 0; 1275
INTERNAL; 6; 6; 0; 738; INTERNAL; 7; 7; 0; 389
INTERNAL; 6; 6; 0; 566; INTERNAL; 7; 7; 0; 389
INTERNAL; 5; 5; 0; 701; INTERNAL; 7; 8; 1; 434
INTERNAL; 6; 6; 0; 809; INTERNAL; 7; 8; 1; 434
INTERNAL; 6; 6; 0; 835; INTERNAL; 7; 8; 1; 434
INTERNAL; 5; 5; 0; 548; INTERNAL; 7; 8; 1; 434
INTERNAL; 6; 6; 0; 381; INTERNAL; 7; 8; 1; 856
INTERNAL; 6; 6; 0; 923; INTERNAL; 7; 8; 1; 856
INTERNAL; 6; 6; 0; 432; INTERNAL; 7; 8; 1; 856
INTERNAL; 6; 6; 0; 783; INTERNAL; 7; 8; 1; 856
INTERNAL; 5; 5; 0; 1514; INTERNAL; 6; 6; 0; 432
INTERNAL; 5; 5; 0; 1263; INTERNAL; 6; 6; 0; 432
INPUT; 1; 4; 3; 574; INTERNAL; 6; 6; 0; 432
INPUT; 1; 5; 4; 810; INTERNAL; 6; 6; 0; 432
INPUT; 1; 5; 4; 304; INTERNAL; 6; 6; 0; 432
INTERNAL; 5; 5; 0; 779; INTERNAL; 6; 6; 0; 432
INTERNAL; 6; 6; 0; 582; INTERNAL; 9; 9; 0; 445
INTERNAL; 6; 6; 0; 920; INTERNAL; 9; 9; 0; 445
INTERNAL; 8; 8; 0; 430; INTERNAL; 9; 9; 0; 445
INTERNAL; 6; 6; 0; 872; INTERNAL; 8; 8; 0; 430
INTERNAL; 6; 6; 0; 427; INTERNAL; 8; 8; 0; 430
INTERNAL; 6; 6; 0; 894; INTERNAL; 8; 8; 0; 430
INTERNAL; 6; 6; 0; 825; INTERNAL; 8; 8; 0; 430
INTERNAL; 7; 7; 0; 402; INTERNAL; 8; 8; 0; 430
INTERNAL; 7; 7; 0; 426; INTERNAL; 8; 8; 0; 430
INTERNAL; 6; 6; 0; 424; INTERNAL; 7; 7; 0; 402
INTERNAL; 6; 6; 0; 919; INTERNAL; 7; 7; 0; 402
INTERNAL; 6; 6; 0; 766; INTERNAL; 7; 7; 0; 402
INTERNAL; 5; 5; 0; 1514; INTERNAL; 6; 6; 0; 424
INPUT; 1; 5; 4; 304; INTERNAL; 6; 6; 0; 424
INPUT; 1; 4; 3; 574; INTERNAL; 6; 6; 0; 424
INPUT; 1; 5; 4; 810; INTERNAL; 6; 6; 0; 424
INTERNAL; 5; 5; 0; 1263; INTERNAL; 6; 6; 0; 424
INTERNAL; 5; 5; 0; 756; INTERNAL; 6; 6; 0; 424
INTERNAL; 6; 6; 0; 586; INTERNAL; 7; 7; 0; 426
INTERNAL; 6; 6; 0; 694; INTERNAL; 7; 7; 0; 426
INTERNAL; 5; 5; 0; 1514; INTERNAL; 6; 6; 0; 872
INPUT; 1; 4; 3; 574; INTERNAL; 6; 6; 0; 872
INTERNAL; 5; 5; 0; 1263; INTERNAL; 6; 6; 0; 872
INPUT; 1; 5; 4; 810; INTERNAL; 6; 6; 0; 872
INPUT; 1; 5; 4; 304; INTERNAL; 6; 6; 0; 872
INTERNAL; 5; 5; 0; 271; INTERNAL; 6; 6; 0; 872
INTERNAL; 5; 5; 0; 1514; INTERNAL; 6; 6; 0; 427
INPUT; 1; 4; 3; 574; INTERNAL; 6; 6; 0; 427
INTERNAL; 5; 5; 0; 1263; INTERNAL; 6; 6; 0; 427
INPUT; 1; 5; 4; 810; INTERNAL; 6; 6; 0; 427
INPUT; 1; 5; 4; 304; INTERNAL; 6; 6; 0; 427
INTERNAL; 5; 5; 0; 592; INTERNAL; 6; 6; 0; 427
INTERNAL; 6; 6; 0; 560; INTERNAL; 9; 9; 0; 1508
INTERNAL; 6; 6; 0; 643; INTERNAL; 9; 9; 0; 1508
INTERNAL; 6; 6; 0; 401; INTERNAL; 9; 9; 0; 1508
INTERNAL; 8; 8; 0; 1425; INTERNAL; 9; 9; 0; 1508
INTERNAL; 6; 6; 0; 1489; INTERNAL; 8; 8; 0; 1425
INTERNAL; 6; 6; 0; 922; INTERNAL; 8; 8; 0; 1425
INTERNAL; 6; 6; 0; 481; INTERNAL; 8; 8; 0; 1425
INTERNAL; 6; 6; 0; 879; INTERNAL; 8; 8; 0; 1425
INTERNAL; 7; 7; 0; 776; INTERNAL; 8; 8; 0; 1425
INTERNAL; 7; 7; 0; 657; INTERNAL; 8; 8; 0; 1425
INTERNAL; 7; 7; 0; 419; INTERNAL; 8; 8; 0; 1502
INTERNAL; 7; 7; 0; 958; INTERNAL; 8; 8; 0; 1502
INTERNAL; 7; 7; 0; 416; INTERNAL; 8; 8; 0; 1502
INTERNAL; 7; 7; 0; 413; INTERNAL; 8; 8; 0; 1502
INTERNAL; 7; 7; 0; 916; INTERNAL; 8; 8; 0; 1502
INTERNAL; 7; 7; 0; 1210; INTERNAL; 8; 8; 0; 1502
INTERNAL; 6; 6; 0; 1292; INTERNAL; 7; 7; 0; 419
INTERNAL; 6; 6; 0; 603; INTERNAL; 7; 7; 0; 419
INTERNAL; 6; 6; 0; 455; INTERNAL; 7; 7; 0; 419
INTERNAL; 6; 6; 0; 800; INTERNAL; 7; 7; 0; 419
INTERNAL; 5; 5; 0; 833; INTERNAL; 7; 7; 0; 958
INTERNAL; 5; 5; 0; 271; INTERNAL; 7; 7; 0; 958
INTERNAL; 6; 6; 0; 870; INTERNAL; 7; 7; 0; 958
INTERNAL; 6; 6; 0; 968; INTERNAL; 7; 7; 0; 958
INTERNAL; 6; 6; 0; 516; INTERNAL; 7; 7; 0; 958
INTERNAL; 6; 6; 0; 1522; INTERNAL; 7; 7; 0; 416
INTERNAL; 6; 6; 0; 850; INTERNAL; 7; 7; 0; 416
INTERNAL; 6; 6; 0; 588; INTERNAL; 7; 7; 0; 416
INTERNAL; 6; 6; 0; 876; INTERNAL; 7; 7; 0; 416
INTERNAL; 5; 5; 0; 1514; INTERNAL; 6; 6; 0; 588
INPUT; 1; 4; 3; 574; INTERNAL; 6; 6; 0; 588
INPUT; 1; 5; 4; 810; INTERNAL; 6; 6; 0; 588
INPUT; 1; 5; 4; 304; INTERNAL; 6; 6; 0; 588
INTERNAL; 5; 5; 0; 833; INTERNAL; 6; 6; 0; 588
INTERNAL; 5; 5; 0; 1263; INTERNAL; 6; 6; 0; 588
INTERNAL; 6; 6; 0; 707; INTERNAL; 7; 7; 0; 413
INTERNAL; 6; 6; 0; 286; INTERNAL; 7; 7; 0; 413
INTERNAL; 6; 6; 0; 1083; INTERNAL; 7; 7; 0; 413
INTERNAL; 6; 6; 0; 792; INTERNAL; 7; 7; 0; 413
INTERNAL; 6; 6; 0; 629; INTERNAL; 7; 7; 0; 916
INTERNAL; 6; 6; 0; 510; INTERNAL; 7; 7; 0; 916
INTERNAL; 6; 6; 0; 891; INTERNAL; 7; 7; 0; 916
INTERNAL; 6; 6; 0; 978; INTERNAL; 7; 7; 0; 916
INTERNAL; 6; 6; 0; 412; INTERNAL; 7; 7; 0; 1210
INTERNAL; 6; 6; 0; 785; INTERNAL; 7; 7; 0; 1210
INTERNAL; 5; 5; 0; 1514; INTERNAL; 6; 6; 0; 412
INPUT; 1; 4; 3; 574; INTERNAL; 6; 6; 0; 412
INPUT; 1; 5; 4; 810; INTERNAL; 6; 6; 0; 412
INPUT; 1; 5; 4; 304; INTERNAL; 6; 6; 0; 412
INTERNAL; 5; 5; 0; 548; INTERNAL; 6; 6; 0; 412
INTERNAL; 5; 5; 0; 1263; INTERNAL; 6; 6; 0; 412
INTERNAL; 6; 6; 0; 970; INTERNAL; 8; 9; 1; 443
INTERNAL; 6; 6; 0; 1471; INTERNAL; 8; 9; 1; 443
INTERNAL; 7; 7; 0; 461; INTERNAL; 8; 9; 1; 443
INTERNAL; 7; 7; 0; 581; INTERNAL; 8; 9; 1; 443
INTERNAL; 7; 8; 1; 1324; INTERNAL; 8; 9; 1; 443
INTERNAL; 6; 6; 0; 814; INTERNAL; 7; 7; 0; 581
INTERNAL; 6; 6; 0; 820; INTERNAL; 7; 7; 0; 581
INTERNAL; 6; 6; 0; 960; INTERNAL; 7; 8; 1; 1324
INTERNAL; 6; 6; 0; 885; INTERNAL; 7; 8; 1; 1324
INTERNAL; 6; 6; 0; 520; INTERNAL; 7; 8; 1; 1324
INTERNAL; 6; 6; 0; 482; INTERNAL; 7; 8; 1; 1324
INTERNAL; 6; 6; 0; 565; INTERNAL; 8; 9; 1; 411
INTERNAL; 6; 6; 0; 929; INTERNAL; 8; 9; 1; 411
INTERNAL; 6; 6; 0; 494; INTERNAL; 8; 9; 1; 411
INTERNAL; 6; 6; 0; 838; INTERNAL; 8; 9; 1; 411
INTERNAL; 7; 7; 0; 826; INTERNAL; 8; 9; 1; 411
INTERNAL; 7; 8; 1; 898; INTERNAL; 8; 9; 1; 411
INTERNAL; 6; 6; 0; 666; INTERNAL; 7; 7; 0; 826
INTERNAL; 6; 6; 0; 881; INTERNAL; 7; 7; 0; 826
INTERNAL; 6; 6; 0; 901; INTERNAL; 7; 8; 1; 898
INTERNAL; 6; 6; 0; 1126; INTERNAL; 7; 8; 1; 898
INTERNAL; 9; 9; 0; 984; INTERNAL; 10; 10; 0; 667
INTERNAL; 9; 9; 0; 851; INTERNAL; 10; 10; 0; 667
INTERNAL; 8; 8; 0; 410; INTERNAL; 9; 9; 0; 485
INTERNAL; 8; 8; 0; 612; INTERNAL; 9; 9; 0; 485
INTERNAL; 8; 8; 0; 407; INTERNAL; 9; 9; 0; 485
INTERNAL; 8; 8; 0; 405; INTERNAL; 9; 9; 0; 485
INTERNAL; 8; 8; 0; 403; INTERNAL; 9; 9; 0; 485
INTERNAL; 8; 8; 0; 938; INTERNAL; 9; 9; 0; 485
INTERNAL; 6; 6; 0; 970; INTERNAL; 8; 8; 0; 410
INTERNAL; 6; 6; 0; 1489; INTERNAL; 8; 8; 0; 410
INTERNAL; 6; 6; 0; 603; INTERNAL; 8; 8; 0; 410
INTERNAL; 6; 6; 0; 1365; INTERNAL; 8; 8; 0; 410
INTERNAL; 7; 7; 0; 470; INTERNAL; 8; 8; 0; 410
INTERNAL; 7; 7; 0; 648; INTERNAL; 8; 8; 0; 410
INTERNAL; 6; 6; 0; 522; INTERNAL; 7; 7; 0; 648
INTERNAL; 6; 6; 0; 460; INTERNAL; 7; 7; 0; 648
INTERNAL; 7; 7; 0; 609; INTERNAL; 8; 8; 0; 612
INTERNAL; 6; 6; 0; 412; INTERNAL; 8; 8; 0; 612
INTERNAL; 6; 6; 0; 1522; INTERNAL; 8; 8; 0; 612
INTERNAL; 6; 6; 0; 1083; INTERNAL; 8; 8; 0; 612
INTERNAL; 6; 6; 0; 654; INTERNAL; 8; 8; 0; 612
INTERNAL; 5; 5; 0; 1263; INTERNAL; 7; 7; 0; 609
INTERNAL; 6; 6; 0; 720; INTERNAL; 7; 7; 0; 609
INTERNAL; 5; 5; 0; 570; INTERNAL; 7; 7; 0; 609
INTERNAL; 6; 6; 0; 310; INTERNAL; 8; 8; 0; 407
INTERNAL; 6; 6; 0; 346; INTERNAL; 8; 8; 0; 407
INTERNAL; 6; 6; 0; 520; INTERNAL; 8; 8; 0; 407
INTERNAL; 7; 7; 0; 1267; INTERNAL; 8; 8; 0; 407
INTERNAL; 6; 6; 0; 762; INTERNAL; 7; 7; 0; 1267
INTERNAL; 6; 6; 0; 711; INTERNAL; 7; 7; 0; 1267
INTERNAL; 6; 6; 0; 532; INTERNAL; 7; 7; 0; 1267
INTERNAL; 6; 6; 0; 922; INTERNAL; 7; 7; 0; 1267
INTERNAL; 7; 7; 0; 849; INTERNAL; 8; 8; 0; 405
INTERNAL; 7; 7; 0; 615; INTERNAL; 8; 8; 0; 405
INTERNAL; 6; 6; 0; 666; INTERNAL; 8; 8; 0; 405
INTERNAL; 6; 6; 0; 838; INTERNAL; 8; 8; 0; 405
INTERNAL; 6; 6; 0; 436; INTERNAL; 8; 8; 0; 405
INTERNAL; 6; 6; 0; 809; INTERNAL; 7; 7; 0; 615
INTERNAL; 5; 5; 0; 548; INTERNAL; 7; 7; 0; 615
INTERNAL; 7; 7; 0; 400; INTERNAL; 8; 8; 0; 403
INTERNAL; 7; 7; 0; 1332; INTERNAL; 8; 8; 0; 403
INTERNAL; 7; 7; 0; 736; INTERNAL; 8; 8; 0; 403
INTERNAL; 7; 7; 0; 363; INTERNAL; 8; 8; 0; 403
INTERNAL; 7; 7; 0; 983; INTERNAL; 8; 8; 0; 403
INTERNAL; 5; 5; 0; 1269; INTERNAL; 7; 7; 0; 400
INTERNAL; 6; 6; 0; 720; INTERNAL; 7; 7; 0; 400
INTERNAL; 6; 6; 0; 792; INTERNAL; 7; 7; 0; 400
INTERNAL; 6; 6; 0; 326; INTERNAL; 7; 7; 0; 400
INTERNAL; 6; 6; 0; 489; INTERNAL; 7; 7; 0; 400
INTERNAL; 6; 6; 0; 915; INTERNAL; 7; 7; 0; 400
INTERNAL; 6; 6; 0; 883; INTERNAL; 7; 7; 0; 1332
INTERNAL; 6; 6; 0; 427; INTERNAL; 7; 7; 0; 1332
INTERNAL; 6; 6; 0; 800; INTERNAL; 7; 7; 0; 1332
INTERNAL; 6; 6; 0; 785; INTERNAL; 7; 7; 0; 1332
INTERNAL; 6; 6; 0; 766; INTERNAL; 7; 7; 0; 1332
INTERNAL; 6; 6; 0; 708; INTERNAL; 7; 7; 0; 1332
INTERNAL; 5; 5; 0; 1514; INTERNAL; 6; 6; 0; 883
INPUT; 1; 4; 3; 574; INTERNAL; 6; 6; 0; 883
INTERNAL; 5; 5; 0; 1263; INTERNAL; 6; 6; 0; 883
INPUT; 1; 5; 4; 810; INTERNAL; 6; 6; 0; 883
INPUT; 1; 5; 4; 304; INTERNAL; 6; 6; 0; 883
INTERNAL; 5; 5; 0; 547; INTERNAL; 6; 6; 0; 883
INTERNAL; 6; 6; 0; 960; INTERNAL; 7; 7; 0; 363
INTERNAL; 6; 6; 0; 881; INTERNAL; 7; 7; 0; 363
INTERNAL; 6; 6; 0; 494; INTERNAL; 7; 7; 0; 363
INTERNAL; 6; 6; 0; 857; INTERNAL; 7; 7; 0; 363
INTERNAL; 6; 6; 0; 729; INTERNAL; 7; 7; 0; 983
INTERNAL; 6; 6; 0; 314; INTERNAL; 7; 7; 0; 983
INTERNAL; 6; 6; 0; 1342; INTERNAL; 7; 7; 0; 983
INTERNAL; 6; 6; 0; 432; INTERNAL; 7; 7; 0; 983
INTERNAL; 6; 6; 0; 560; INTERNAL; 8; 8; 0; 938
INTERNAL; 6; 6; 0; 741; INTERNAL; 8; 8; 0; 938
INTERNAL; 7; 7; 0; 581; INTERNAL; 8; 8; 0; 938
INTERNAL; 7; 7; 0; 645; INTERNAL; 8; 8; 0; 938
INTERNAL; 7; 7; 0; 946; INTERNAL; 8; 8; 0; 938
INTERNAL; 7; 7; 0; 395; INTERNAL; 8; 8; 0; 938
INTERNAL; 6; 6; 0; 621; INTERNAL; 7; 7; 0; 946
INTERNAL; 6; 6; 0; 455; INTERNAL; 7; 7; 0; 946
INTERNAL; 6; 6; 0; 629; INTERNAL; 7; 7; 0; 946
INTERNAL; 6; 6; 0; 510; INTERNAL; 7; 7; 0; 946
INTERNAL; 6; 6; 0; 891; INTERNAL; 7; 7; 0; 946
INTERNAL; 6; 6; 0; 623; INTERNAL; 7; 7; 0; 946
INTERNAL; 5; 5; 0; 827; INTERNAL; 7; 7; 0; 395
INTERNAL; 6; 6; 0; 905; INTERNAL; 7; 7; 0; 395
INTERNAL; 6; 6; 0; 653; INTERNAL; 7; 7; 0; 395
INTERNAL; 6; 6; 0; 885; INTERNAL; 7; 7; 0; 395
INTERNAL; 6; 6; 0; 872; INTERNAL; 7; 7; 0; 395
INTERNAL; 6; 6; 0; 712; INTERNAL; 7; 7; 0; 645
INTERNAL; 6; 6; 0; 894; INTERNAL; 7; 7; 0; 645
INPUT; 1; 1; 0; 818; INTERNAL; 3; 9; 6; 866
INPUT; 1; 1; 0; 910; INTERNAL; 3; 9; 6; 866
INPUT; 1; 1; 0; 541; INTERNAL; 3; 9; 6; 866
INTERNAL; 2; 8; 6; 656; INTERNAL; 3; 9; 6; 866
INPUT; 1; 4; 3; 574; INTERNAL; 3; 9; 6; 866
INPUT; 1; 1; 0; 640; INTERNAL; 3; 9; 6; 866
INTERNAL; 2; 2; 0; 571; INTERNAL; 3; 9; 6; 448
INPUT; 1; 4; 3; 574; INTERNAL; 3; 9; 6; 448
INPUT; 1; 2; 1; 628; INTERNAL; 3; 9; 6; 448
INTERNAL; 4; 9; 5; 757; INTERNAL; 10; 11; 1; 449
INTERNAL; 4; 9; 5; 587; INTERNAL; 10; 11; 1; 449
INTERNAL; 9; 9; 0; 396; INTERNAL; 10; 11; 1; 449
INTERNAL; 9; 9; 0; 551; INTERNAL; 10; 11; 1; 449
INTERNAL; 9; 9; 0; 485; INTERNAL; 10; 11; 1; 449
INTERNAL; 8; 8; 0; 393; INTERNAL; 9; 9; 0; 396
INTERNAL; 8; 8; 0; 278; INTERNAL; 9; 9; 0; 396
INTERNAL; 8; 8; 0; 391; INTERNAL; 9; 9; 0; 396
INTERNAL; 8; 8; 0; 626; INTERNAL; 9; 9; 0; 396
INTERNAL; 8; 8; 0; 388; INTERNAL; 9; 9; 0; 396
INTERNAL; 6; 6; 0; 1489; INTERNAL; 8; 8; 0; 393
INTERNAL; 6; 6; 0; 712; INTERNAL; 8; 8; 0; 393
INTERNAL; 7; 7; 0; 702; INTERNAL; 8; 8; 0; 393
INTERNAL; 7; 7; 0; 387; INTERNAL; 8; 8; 0; 393
INTERNAL; 7; 7; 0; 515; INTERNAL; 8; 8; 0; 393
INTERNAL; 7; 7; 0; 976; INTERNAL; 8; 8; 0; 393
INTERNAL; 6; 6; 0; 560; INTERNAL; 7; 7; 0; 515
INTERNAL; 6; 6; 0; 643; INTERNAL; 7; 7; 0; 515
INTERNAL; 6; 6; 0; 931; INTERNAL; 7; 7; 0; 515
INTERNAL; 6; 6; 0; 557; INTERNAL; 7; 7; 0; 515
INTERNAL; 6; 6; 0; 621; INTERNAL; 7; 7; 0; 515
INTERNAL; 6; 6; 0; 915; INTERNAL; 7; 7; 0; 515
INTERNAL; 6; 6; 0; 762; INTERNAL; 7; 7; 0; 976
INTERNAL; 6; 6; 0; 903; INTERNAL; 7; 7; 0; 976
INTERNAL; 6; 6; 0; 872; INTERNAL; 7; 7; 0; 702
INTERNAL; 6; 6; 0; 970; INTERNAL; 7; 7; 0; 702
INTERNAL; 6; 6; 0; 483; INTERNAL; 7; 7; 0; 387
INTERNAL; 6; 6; 0; 729; INTERNAL; 7; 7; 0; 387
INTERNAL; 6; 6; 0; 1032; INTERNAL; 7; 7; 0; 387
INTERNAL; 6; 6; 0; 658; INTERNAL; 7; 7; 0; 387
INTERNAL; 6; 6; 0; 707; INTERNAL; 7; 7; 0; 387
INTERNAL; 6; 6; 0; 834; INTERNAL; 7; 7; 0; 387
INTERNAL; 7; 7; 0; 384; INTERNAL; 8; 8; 0; 278
INTERNAL; 7; 7; 0; 1215; INTERNAL; 8; 8; 0; 278
INTERNAL; 7; 7; 0; 735; INTERNAL; 8; 8; 0; 278
INTERNAL; 7; 7; 0; 379; INTERNAL; 8; 8; 0; 278
INTERNAL; 6; 6; 0; 666; INTERNAL; 7; 7; 0; 384
INTERNAL; 6; 6; 0; 1292; INTERNAL; 7; 7; 0; 384
INTERNAL; 6; 6; 0; 412; INTERNAL; 7; 7; 0; 384
INTERNAL; 6; 6; 0; 1471; INTERNAL; 7; 7; 0; 384
INTERNAL; 6; 6; 0; 711; INTERNAL; 7; 7; 0; 384
INTERNAL; 6; 6; 0; 553; INTERNAL; 7; 7; 0; 384
INTERNAL; 6; 6; 0; 811; INTERNAL; 7; 7; 0; 1215
INTERNAL; 6; 6; 0; 576; INTERNAL; 7; 7; 0; 1215
INTERNAL; 6; 6; 0; 286; INTERNAL; 7; 7; 0; 1215
INTERNAL; 6; 6; 0; 804; INTERNAL; 7; 7; 0; 1215
INTERNAL; 6; 6; 0; 814; INTERNAL; 7; 7; 0; 1215
INTERNAL; 6; 6; 0; 721; INTERNAL; 7; 7; 0; 1215
INTERNAL; 6; 6; 0; 378; INTERNAL; 7; 7; 0; 379
INTERNAL; 6; 6; 0; 1083; INTERNAL; 7; 7; 0; 379
INTERNAL; 6; 6; 0; 346; INTERNAL; 7; 7; 0; 379
INTERNAL; 6; 6; 0; 971; INTERNAL; 7; 7; 0; 379
INTERNAL; 5; 5; 0; 1514; INTERNAL; 6; 6; 0; 378
INPUT; 1; 4; 3; 574; INTERNAL; 6; 6; 0; 378
INTERNAL; 5; 5; 0; 1263; INTERNAL; 6; 6; 0; 378
INPUT; 1; 5; 4; 810; INTERNAL; 6; 6; 0; 378
INPUT; 1; 5; 4; 304; INTERNAL; 6; 6; 0; 378
INTERNAL; 5; 5; 0; 701; INTERNAL; 6; 6; 0; 378
INTERNAL; 6; 6; 0; 565; INTERNAL; 8; 8; 0; 391
INTERNAL; 6; 6; 0; 381; INTERNAL; 8; 8; 0; 391
INTERNAL; 6; 6; 0; 968; INTERNAL; 8; 8; 0; 391
INTERNAL; 7; 7; 0; 556; INTERNAL; 8; 8; 0; 391
INTERNAL; 6; 6; 0; 586; INTERNAL; 7; 7; 0; 556
INTERNAL; 6; 6; 0; 1227; INTERNAL; 7; 7; 0; 556
INTERNAL; 6; 6; 0; 929; INTERNAL; 7; 7; 0; 556
INTERNAL; 6; 6; 0; 883; INTERNAL; 7; 7; 0; 556
INTERNAL; 6; 6; 0; 850; INTERNAL; 7; 7; 0; 556
INTERNAL; 6; 6; 0; 877; INTERNAL; 7; 7; 0; 556
INTERNAL; 6; 6; 0; 741; INTERNAL; 8; 8; 0; 626
INTERNAL; 6; 6; 0; 532; INTERNAL; 8; 8; 0; 626
INTERNAL; 6; 6; 0; 677; INTERNAL; 8; 8; 0; 626
INTERNAL; 6; 6; 0; 558; INTERNAL; 8; 8; 0; 626
INTERNAL; 7; 7; 0; 760; INTERNAL; 8; 8; 0; 626
INTERNAL; 5; 5; 0; 701; INTERNAL; 7; 7; 0; 760
INTERNAL; 6; 6; 0; 282; INTERNAL; 7; 7; 0; 760
INTERNAL; 6; 6; 0; 835; INTERNAL; 7; 7; 0; 760
INTERNAL; 5; 5; 0; 907; INTERNAL; 7; 7; 0; 760
INTERNAL; 6; 6; 0; 582; INTERNAL; 7; 7; 0; 760
INTERNAL; 7; 7; 0; 377; INTERNAL; 8; 8; 0; 388
INTERNAL; 6; 6; 0; 923; INTERNAL; 8; 8; 0; 388
INTERNAL; 6; 6; 0; 314; INTERNAL; 8; 8; 0; 388
INTERNAL; 6; 6; 0; 908; INTERNAL; 8; 8; 0; 388
INTERNAL; 6; 6; 0; 514; INTERNAL; 8; 8; 0; 388
INTERNAL; 6; 6; 0; 427; INTERNAL; 8; 8; 0; 388
INTERNAL; 5; 5; 0; 1263; INTERNAL; 7; 7; 0; 377
INTERNAL; 6; 6; 0; 1448; INTERNAL; 7; 7; 0; 377
INTERNAL; 8; 8; 0; 1502; INTERNAL; 9; 9; 0; 551
INTERNAL; 8; 8; 0; 1181; INTERNAL; 9; 9; 0; 551
INTERNAL; 8; 8; 0; 376; INTERNAL; 9; 9; 0; 551
INTERNAL; 8; 8; 0; 1043; INTERNAL; 9; 9; 0; 551
INTERNAL; 8; 8; 0; 864; INTERNAL; 9; 9; 0; 551
INTERNAL; 7; 7; 0; 375; INTERNAL; 8; 8; 0; 1181
INTERNAL; 7; 7; 0; 402; INTERNAL; 8; 8; 0; 1181
INTERNAL; 7; 7; 0; 575; INTERNAL; 8; 8; 0; 1181
INTERNAL; 7; 7; 0; 373; INTERNAL; 8; 8; 0; 1181
INTERNAL; 7; 7; 0; 572; INTERNAL; 8; 8; 0; 1181
INTERNAL; 6; 6; 0; 557; INTERNAL; 7; 7; 0; 375
INTERNAL; 6; 6; 0; 804; INTERNAL; 7; 7; 0; 375
INTERNAL; 6; 6; 0; 582; INTERNAL; 7; 7; 0; 375
INTERNAL; 6; 6; 0; 514; INTERNAL; 7; 7; 0; 375
INTERNAL; 6; 6; 0; 653; INTERNAL; 7; 7; 0; 375
INTERNAL; 6; 6; 0; 585; INTERNAL; 7; 7; 0; 375
INTERNAL; 6; 6; 0; 532; INTERNAL; 7; 7; 0; 575
INTERNAL; 6; 6; 0; 930; INTERNAL; 7; 7; 0; 575
INTERNAL; 6; 6; 0; 881; INTERNAL; 7; 7; 0; 575
INTERNAL; 6; 6; 0; 762; INTERNAL; 7; 7; 0; 373
INTERNAL; 6; 6; 0; 1342; INTERNAL; 7; 7; 0; 373
INTERNAL; 6; 6; 0; 885; INTERNAL; 7; 7; 0; 373
INTERNAL; 6; 6; 0; 432; INTERNAL; 7; 7; 0; 572
INTERNAL; 6; 6; 0; 806; INTERNAL; 7; 7; 0; 572
INTERNAL; 6; 6; 0; 522; INTERNAL; 7; 7; 0; 572
INTERNAL; 6; 6; 0; 1365; INTERNAL; 7; 7; 0; 572
INTERNAL; 7; 7; 0; 890; INTERNAL; 8; 8; 0; 376
INTERNAL; 6; 6; 0; 811; INTERNAL; 8; 8; 0; 376
INTERNAL; 6; 6; 0; 576; INTERNAL; 8; 8; 0; 376
INTERNAL; 6; 6; 0; 558; INTERNAL; 8; 8; 0; 376
INTERNAL; 7; 7; 0; 550; INTERNAL; 8; 8; 0; 376
INTERNAL; 7; 7; 0; 506; INTERNAL; 8; 8; 0; 376
INTERNAL; 6; 6; 0; 1143; INTERNAL; 7; 7; 0; 890
INTERNAL; 5; 5; 0; 701; INTERNAL; 7; 7; 0; 890
INTERNAL; 6; 6; 0; 483; INTERNAL; 7; 7; 0; 550
INTERNAL; 6; 6; 0; 929; INTERNAL; 7; 7; 0; 550
INTERNAL; 6; 6; 0; 460; INTERNAL; 7; 7; 0; 550
INTERNAL; 6; 6; 0; 920; INTERNAL; 7; 7; 0; 550
INTERNAL; 7; 7; 0; 849; INTERNAL; 8; 8; 0; 1043
INTERNAL; 6; 6; 0; 838; INTERNAL; 8; 8; 0; 1043
INTERNAL; 6; 6; 0; 1204; INTERNAL; 8; 8; 0; 1043
INTERNAL; 6; 6; 0; 894; INTERNAL; 8; 8; 0; 1043
INTERNAL; 7; 7; 0; 372; INTERNAL; 8; 8; 0; 1043
INTERNAL; 7; 7; 0; 442; INTERNAL; 8; 8; 0; 1043
INTERNAL; 6; 6; 0; 1227; INTERNAL; 7; 7; 0; 372
INTERNAL; 6; 6; 0; 634; INTERNAL; 7; 7; 0; 372
INTERNAL; 6; 6; 0; 971; INTERNAL; 7; 7; 0; 442
INTERNAL; 6; 6; 0; 494; INTERNAL; 7; 7; 0; 442
INTERNAL; 6; 6; 0; 960; INTERNAL; 8; 8; 0; 864
INTERNAL; 6; 6; 0; 378; INTERNAL; 8; 8; 0; 864
INTERNAL; 6; 6; 0; 1394; INTERNAL; 8; 8; 0; 864
INTERNAL; 6; 6; 0; 326; INTERNAL; 8; 8; 0; 864
INTERNAL; 7; 7; 0; 768; INTERNAL; 8; 8; 0; 864
INTERNAL; 6; 6; 0; 883; INTERNAL; 7; 7; 0; 768
INTERNAL; 6; 6; 0; 677; INTERNAL; 7; 7; 0; 768
INTERNAL; 6; 6; 0; 654; INTERNAL; 7; 7; 0; 768
INTERNAL; 6; 6; 0; 401; INTERNAL; 7; 7; 0; 768
INTERNAL; 3; 8; 5; 816; INTERNAL; 4; 9; 5; 757
INPUT; 1; 4; 3; 574; INTERNAL; 4; 9; 5; 757
INPUT; 1; 2; 1; 343; INTERNAL; 4; 9; 5; 757
INPUT; 1; 2; 1; 628; INTERNAL; 3; 8; 5; 816
INTERNAL; 2; 2; 0; 571; INTERNAL; 3; 8; 5; 816
INTERNAL; 3; 8; 5; 816; INTERNAL; 4; 9; 5; 587
INPUT; 1; 2; 1; 343; INTERNAL; 4; 9; 5; 587
INPUT; 1; 4; 3; 574; INTERNAL; 4; 9; 5; 587
INPUT; 1; 2; 1; 622; INTERNAL; 4; 9; 5; 587
INTERNAL; 4; 10; 6; 370; INTERNAL; 10; 11; 1; 852
INTERNAL; 4; 10; 6; 366; INTERNAL; 10; 11; 1; 852
INTERNAL; 9; 9; 0; 396; INTERNAL; 10; 11; 1; 852
INTERNAL; 9; 9; 0; 546; INTERNAL; 10; 11; 1; 852
INTERNAL; 9; 9; 0; 364; INTERNAL; 10; 11; 1; 852
INTERNAL; 8; 8; 0; 933; INTERNAL; 9; 9; 0; 546
INTERNAL; 8; 8; 0; 630; INTERNAL; 9; 9; 0; 546
INTERNAL; 8; 8; 0; 358; INTERNAL; 9; 9; 0; 546
INTERNAL; 8; 8; 0; 683; INTERNAL; 9; 9; 0; 546
INTERNAL; 8; 8; 0; 356; INTERNAL; 9; 9; 0; 546
INTERNAL; 8; 8; 0; 769; INTERNAL; 9; 9; 0; 546
INTERNAL; 7; 7; 0; 615; INTERNAL; 8; 8; 0; 933
INTERNAL; 6; 6; 0; 762; INTERNAL; 8; 8; 0; 933
INTERNAL; 6; 6; 0; 514; INTERNAL; 8; 8; 0; 933
INTERNAL; 6; 6; 0; 825; INTERNAL; 8; 8; 0; 933
INTERNAL; 7; 7; 0; 353; INTERNAL; 8; 8; 0; 933
INTERNAL; 7; 7; 0; 344; INTERNAL; 8; 8; 0; 933
INTERNAL; 6; 6; 0; 516; INTERNAL; 7; 7; 0; 344
INTERNAL; 6; 6; 0; 792; INTERNAL; 7; 7; 0; 344
INTERNAL; 6; 6; 0; 770; INTERNAL; 7; 7; 0; 344
INTERNAL; 6; 6; 0; 908; INTERNAL; 7; 7; 0; 353
INTERNAL; 6; 6; 0; 1126; INTERNAL; 7; 7; 0; 353
INTERNAL; 7; 7; 0; 645; INTERNAL; 8; 8; 0; 630
INTERNAL; 7; 7; 0; 399; INTERNAL; 8; 8; 0; 630
INTERNAL; 7; 7; 0; 350; INTERNAL; 8; 8; 0; 630
INTERNAL; 7; 7; 0; 1146; INTERNAL; 8; 8; 0; 630
INTERNAL; 7; 7; 0; 383; INTERNAL; 8; 8; 0; 630
INTERNAL; 7; 7; 0; 348; INTERNAL; 8; 8; 0; 630
INTERNAL; 5; 5; 0; 701; INTERNAL; 7; 7; 0; 399
INTERNAL; 6; 6; 0; 835; INTERNAL; 7; 7; 0; 399
INTERNAL; 6; 6; 0; 532; INTERNAL; 7; 7; 0; 399
INTERNAL; 6; 6; 0; 1385; INTERNAL; 7; 7; 0; 399
INTERNAL; 6; 6; 0; 857; INTERNAL; 7; 7; 0; 399
INTERNAL; 6; 6; 0; 557; INTERNAL; 7; 7; 0; 399
INTERNAL; 6; 6; 0; 1489; INTERNAL; 7; 7; 0; 350
INTERNAL; 6; 6; 0; 721; INTERNAL; 7; 7; 0; 350
INTERNAL; 6; 6; 0; 326; INTERNAL; 7; 7; 0; 350
INTERNAL; 6; 6; 0; 677; INTERNAL; 7; 7; 0; 1146
INTERNAL; 6; 6; 0; 296; INTERNAL; 7; 7; 0; 1146
INTERNAL; 6; 6; 0; 455; INTERNAL; 7; 7; 0; 383
INTERNAL; 6; 6; 0; 510; INTERNAL; 7; 7; 0; 383
INTERNAL; 6; 6; 0; 522; INTERNAL; 7; 7; 0; 383
INTERNAL; 6; 6; 0; 838; INTERNAL; 7; 7; 0; 383
INTERNAL; 6; 6; 0; 553; INTERNAL; 7; 7; 0; 348
INTERNAL; 6; 6; 0; 286; INTERNAL; 7; 7; 0; 348
INTERNAL; 6; 6; 0; 565; INTERNAL; 7; 7; 0; 348
INTERNAL; 6; 6; 0; 930; INTERNAL; 7; 7; 0; 348
INTERNAL; 7; 7; 0; 368; INTERNAL; 8; 8; 0; 358
INTERNAL; 7; 7; 0; 826; INTERNAL; 8; 8; 0; 358
INTERNAL; 7; 7; 0; 999; INTERNAL; 8; 8; 0; 358
INTERNAL; 7; 7; 0; 954; INTERNAL; 8; 8; 0; 358
INTERNAL; 7; 7; 0; 465; INTERNAL; 8; 8; 0; 358
INTERNAL; 7; 7; 0; 341; INTERNAL; 8; 8; 0; 358
INTERNAL; 6; 6; 0; 883; INTERNAL; 7; 7; 0; 368
INTERNAL; 6; 6; 0; 427; INTERNAL; 7; 7; 0; 368
INTERNAL; 6; 6; 0; 708; INTERNAL; 7; 7; 0; 368
INTERNAL; 6; 6; 0; 834; INTERNAL; 7; 7; 0; 999
INTERNAL; 6; 6; 0; 923; INTERNAL; 7; 7; 0; 999
INTERNAL; 6; 6; 0; 460; INTERNAL; 7; 7; 0; 999
INTERNAL; 6; 6; 0; 1204; INTERNAL; 7; 7; 0; 999
INTERNAL; 6; 6; 0; 481; INTERNAL; 7; 7; 0; 999
INTERNAL; 6; 6; 0; 338; INTERNAL; 7; 7; 0; 999
INTERNAL; 5; 5; 0; 1514; INTERNAL; 6; 6; 0; 338
INPUT; 1; 4; 3; 574; INTERNAL; 6; 6; 0; 338
INTERNAL; 5; 5; 0; 1263; INTERNAL; 6; 6; 0; 338
INPUT; 1; 5; 4; 304; INTERNAL; 6; 6; 0; 338
INPUT; 1; 5; 4; 810; INTERNAL; 6; 6; 0; 338
INTERNAL; 5; 5; 0; 570; INTERNAL; 6; 6; 0; 338
INTERNAL; 6; 6; 0; 621; INTERNAL; 7; 7; 0; 954
INTERNAL; 6; 6; 0; 582; INTERNAL; 7; 7; 0; 954
INTERNAL; 6; 6; 0; 634; INTERNAL; 7; 7; 0; 954
INTERNAL; 6; 6; 0; 814; INTERNAL; 7; 7; 0; 465
INTERNAL; 6; 6; 0; 777; INTERNAL; 7; 7; 0; 465
INTERNAL; 5; 5; 0; 548; INTERNAL; 7; 7; 0; 341
INTERNAL; 6; 6; 0; 282; INTERNAL; 7; 7; 0; 341
INTERNAL; 6; 6; 0; 919; INTERNAL; 7; 7; 0; 341
INTERNAL; 6; 6; 0; 1365; INTERNAL; 7; 7; 0; 341
INTERNAL; 6; 6; 0; 658; INTERNAL; 7; 7; 0; 341
INTERNAL; 6; 6; 0; 310; INTERNAL; 8; 8; 0; 683
INTERNAL; 6; 6; 0; 346; INTERNAL; 8; 8; 0; 683
INTERNAL; 6; 6; 0; 520; INTERNAL; 8; 8; 0; 683
INTERNAL; 7; 7; 0; 337; INTERNAL; 8; 8; 0; 683
INTERNAL; 7; 7; 0; 845; INTERNAL; 8; 8; 0; 683
INTERNAL; 6; 6; 0; 1292; INTERNAL; 7; 7; 0; 845
INTERNAL; 6; 6; 0; 785; INTERNAL; 7; 7; 0; 845
INTERNAL; 6; 6; 0; 335; INTERNAL; 7; 7; 0; 845
INTERNAL; 5; 5; 0; 1514; INTERNAL; 6; 6; 0; 335
INPUT; 1; 4; 3; 574; INTERNAL; 6; 6; 0; 335
INPUT; 1; 5; 4; 810; INTERNAL; 6; 6; 0; 335
INPUT; 1; 5; 4; 304; INTERNAL; 6; 6; 0; 335
INTERNAL; 5; 5; 0; 982; INTERNAL; 6; 6; 0; 335
INTERNAL; 5; 5; 0; 1263; INTERNAL; 6; 6; 0; 335
INTERNAL; 6; 6; 0; 412; INTERNAL; 7; 7; 0; 337
INTERNAL; 6; 6; 0; 968; INTERNAL; 7; 7; 0; 337
INTERNAL; 6; 6; 0; 891; INTERNAL; 7; 7; 0; 337
INTERNAL; 7; 7; 0; 609; INTERNAL; 8; 8; 0; 356
INTERNAL; 6; 6; 0; 653; INTERNAL; 8; 8; 0; 356
INTERNAL; 6; 6; 0; 566; INTERNAL; 8; 8; 0; 356
INTERNAL; 7; 7; 0; 360; INTERNAL; 8; 8; 0; 356
INTERNAL; 6; 6; 0; 931; INTERNAL; 7; 7; 0; 360
INTERNAL; 6; 6; 0; 729; INTERNAL; 7; 7; 0; 360
INTERNAL; 6; 6; 0; 378; INTERNAL; 7; 7; 0; 360
INTERNAL; 6; 6; 0; 381; INTERNAL; 7; 7; 0; 360
INTERNAL; 7; 7; 0; 890; INTERNAL; 8; 8; 0; 769
INTERNAL; 7; 7; 0; 849; INTERNAL; 8; 8; 0; 769
INTERNAL; 7; 7; 0; 1150; INTERNAL; 8; 8; 0; 769
INTERNAL; 6; 6; 0; 694; INTERNAL; 8; 8; 0; 769
INTERNAL; 7; 7; 0; 300; INTERNAL; 8; 8; 0; 769
INTERNAL; 6; 6; 0; 1143; INTERNAL; 7; 7; 0; 300
INTERNAL; 6; 6; 0; 458; INTERNAL; 7; 7; 0; 300
INTERNAL; 5; 5; 0; 779; INTERNAL; 7; 7; 0; 300
INTERNAL; 5; 5; 0; 907; INTERNAL; 7; 7; 0; 300
INTERNAL; 5; 5; 0; 756; INTERNAL; 7; 7; 0; 300
INTERNAL; 8; 8; 0; 843; INTERNAL; 9; 9; 0; 364
INTERNAL; 8; 8; 0; 749; INTERNAL; 9; 9; 0; 364
INTERNAL; 8; 8; 0; 333; INTERNAL; 9; 9; 0; 364
INTERNAL; 8; 8; 0; 524; INTERNAL; 9; 9; 0; 364
INTERNAL; 8; 8; 0; 478; INTERNAL; 9; 9; 0; 364
INTERNAL; 8; 8; 0; 791; INTERNAL; 9; 9; 0; 364
INTERNAL; 7; 7; 0; 419; INTERNAL; 8; 8; 0; 843
INTERNAL; 7; 7; 0; 958; INTERNAL; 8; 8; 0; 843
INTERNAL; 7; 7; 0; 341; INTERNAL; 8; 8; 0; 749
INTERNAL; 7; 7; 0; 602; INTERNAL; 8; 8; 0; 749
INTERNAL; 7; 7; 0; 897; INTERNAL; 8; 8; 0; 749
INTERNAL; 7; 7; 0; 504; INTERNAL; 8; 8; 0; 749
INTERNAL; 7; 7; 0; 544; INTERNAL; 8; 8; 0; 749
INTERNAL; 7; 7; 0; 331; INTERNAL; 8; 8; 0; 749
INTERNAL; 5; 5; 0; 1269; INTERNAL; 7; 7; 0; 602
INTERNAL; 6; 6; 0; 1148; INTERNAL; 7; 7; 0; 602
INTERNAL; 6; 6; 0; 1342; INTERNAL; 7; 7; 0; 602
INTERNAL; 6; 6; 0; 838; INTERNAL; 7; 7; 0; 602
INTERNAL; 6; 6; 0; 792; INTERNAL; 7; 7; 0; 602
INTERNAL; 6; 6; 0; 424; INTERNAL; 7; 7; 0; 897
INTERNAL; 6; 6; 0; 806; INTERNAL; 7; 7; 0; 897
INTERNAL; 6; 6; 0; 520; INTERNAL; 7; 7; 0; 897
INTERNAL; 6; 6; 0; 960; INTERNAL; 7; 7; 0; 544
INTERNAL; 6; 6; 0; 586; INTERNAL; 7; 7; 0; 544
INTERNAL; 6; 6; 0; 677; INTERNAL; 7; 7; 0; 544
INTERNAL; 6; 6; 0; 881; INTERNAL; 7; 7; 0; 544
INTERNAL; 6; 6; 0; 654; INTERNAL; 7; 7; 0; 544
INTERNAL; 6; 6; 0; 694; INTERNAL; 7; 7; 0; 544
INTERNAL; 6; 6; 0; 1489; INTERNAL; 7; 7; 0; 331
INTERNAL; 6; 6; 0; 412; INTERNAL; 7; 7; 0; 331
INTERNAL; 6; 6; 0; 711; INTERNAL; 7; 7; 0; 331
INTERNAL; 6; 6; 0; 494; INTERNAL; 7; 7; 0; 331
INTERNAL; 6; 6; 0; 310; INTERNAL; 8; 8; 0; 333
INTERNAL; 6; 6; 0; 314; INTERNAL; 8; 8; 0; 333
INTERNAL; 6; 6; 0; 857; INTERNAL; 8; 8; 0; 333
INTERNAL; 7; 7; 0; 1506; INTERNAL; 8; 8; 0; 333
INTERNAL; 6; 6; 0; 565; INTERNAL; 7; 7; 0; 1506
INTERNAL; 6; 6; 0; 335; INTERNAL; 7; 7; 0; 1506
INTERNAL; 6; 6; 0; 666; INTERNAL; 8; 8; 0; 524
INTERNAL; 6; 6; 0; 634; INTERNAL; 8; 8; 0; 524
INTERNAL; 6; 6; 0; 481; INTERNAL; 8; 8; 0; 524
INTERNAL; 7; 7; 0; 581; INTERNAL; 8; 8; 0; 524
INTERNAL; 7; 7; 0; 377; INTERNAL; 8; 8; 0; 478
INTERNAL; 6; 6; 0; 432; INTERNAL; 8; 8; 0; 478
INTERNAL; 6; 6; 0; 922; INTERNAL; 8; 8; 0; 478
INTERNAL; 7; 7; 0; 659; INTERNAL; 8; 8; 0; 478
INTERNAL; 6; 6; 0; 931; INTERNAL; 7; 7; 0; 659
INTERNAL; 6; 6; 0; 557; INTERNAL; 7; 7; 0; 659
INTERNAL; 6; 6; 0; 741; INTERNAL; 7; 7; 0; 659
INTERNAL; 6; 6; 0; 876; INTERNAL; 7; 7; 0; 659
INTERNAL; 6; 6; 0; 891; INTERNAL; 7; 7; 0; 659
INTERNAL; 6; 6; 0; 708; INTERNAL; 7; 7; 0; 659
INTERNAL; 6; 6; 0; 514; INTERNAL; 8; 8; 0; 791
INTERNAL; 6; 6; 0; 894; INTERNAL; 8; 8; 0; 791
INTERNAL; 6; 6; 0; 777; INTERNAL; 8; 8; 0; 791
INTERNAL; 6; 6; 0; 296; INTERNAL; 8; 8; 0; 791
INTERNAL; 7; 7; 0; 425; INTERNAL; 8; 8; 0; 791
INTERNAL; 7; 7; 0; 1232; INTERNAL; 8; 8; 0; 791
INTERNAL; 6; 6; 0; 834; INTERNAL; 7; 7; 0; 425
INTERNAL; 6; 6; 0; 558; INTERNAL; 7; 7; 0; 425
INTERNAL; 6; 6; 0; 653; INTERNAL; 7; 7; 0; 425
INTERNAL; 6; 6; 0; 427; INTERNAL; 7; 7; 0; 1232
INTERNAL; 6; 6; 0; 436; INTERNAL; 7; 7; 0; 1232
INPUT; 1; 2; 1; 343; INTERNAL; 4; 10; 6; 370
INPUT; 1; 2; 1; 622; INTERNAL; 4; 10; 6; 370
INTERNAL; 3; 8; 5; 816; INTERNAL; 4; 10; 6; 370
INPUT; 1; 4; 3; 574; INTERNAL; 4; 10; 6; 370
INPUT; 1; 2; 1; 606; INTERNAL; 4; 10; 6; 370
INPUT; 1; 2; 1; 343; INTERNAL; 4; 10; 6; 366
INPUT; 1; 2; 1; 622; INTERNAL; 4; 10; 6; 366
INPUT; 1; 2; 1; 606; INTERNAL; 4; 10; 6; 366
INTERNAL; 3; 8; 5; 816; INTERNAL; 4; 10; 6; 366
INPUT; 1; 4; 3; 574; INTERNAL; 4; 10; 6; 366
INPUT; 1; 2; 1; 420; INTERNAL; 4; 10; 6; 366
INTERNAL; 3; 9; 6; 614; INTERNAL; 11; 12; 1; 869
INTERNAL; 3; 9; 6; 866; INTERNAL; 11; 12; 1; 869
INTERNAL; 10; 10; 0; 911; INTERNAL; 11; 12; 1; 869
INTERNAL; 10; 10; 0; 667; INTERNAL; 11; 12; 1; 869
INTERNAL; 10; 10; 0; 512; INTERNAL; 11; 12; 1; 869
INTERNAL; 6; 6; 0; 621; INTERNAL; 10; 10; 0; 512
INTERNAL; 9; 9; 0; 1362; INTERNAL; 10; 10; 0; 512
INTERNAL; 9; 9; 0; 1360; INTERNAL; 10; 10; 0; 512
INTERNAL; 9; 9; 0; 984; INTERNAL; 10; 10; 0; 512
INPUT; 1; 1; 0; 818; INTERNAL; 3; 9; 6; 614
INPUT; 1; 1; 0; 910; INTERNAL; 3; 9; 6; 614
INTERNAL; 2; 8; 6; 656; INTERNAL; 3; 9; 6; 614
INPUT; 1; 4; 3; 574; INTERNAL; 3; 9; 6; 614
INPUT; 1; 1; 0; 541; INTERNAL; 3; 9; 6; 614
INTERNAL; 11; 11; 0; 807; INTERNAL; 12; 13; 1; 853
INTERNAL; 10; 11; 1; 1390; INTERNAL; 12; 13; 1; 853
INTERNAL; 10; 11; 1; 492; INTERNAL; 12; 13; 1; 853
INTERNAL; 4; 9; 5; 757; INTERNAL; 11; 11; 0; 807
INTERNAL; 4; 9; 5; 587; INTERNAL; 11; 11; 0; 807
INTERNAL; 10; 10; 0; 1519; INTERNAL; 11; 11; 0; 807
INTERNAL; 10; 10; 0; 667; INTERNAL; 11; 11; 0; 807
INTERNAL; 9; 9; 0; 485; INTERNAL; 11; 11; 0; 807
INTERNAL; 4; 10; 6; 370; INTERNAL; 10; 11; 1; 1390
INTERNAL; 4; 10; 6; 366; INTERNAL; 10; 11; 1; 1390
INTERNAL; 9; 9; 0; 396; INTERNAL; 10; 11; 1; 1390
INTERNAL; 9; 9; 0; 551; INTERNAL; 10; 11; 1; 1390
INTERNAL; 9; 9; 0; 485; INTERNAL; 10; 11; 1; 1390
INTERNAL; 4; 10; 6; 795; INTERNAL; 10; 11; 1; 492
INTERNAL; 4; 10; 6; 1423; INTERNAL; 10; 11; 1; 492
INTERNAL; 9; 9; 0; 396; INTERNAL; 10; 11; 1; 492
INTERNAL; 9; 9; 0; 546; INTERNAL; 10; 11; 1; 492
INTERNAL; 9; 9; 0; 364; INTERNAL; 10; 11; 1; 492
INTERNAL; 3; 3; 0; 371; INTERNAL; 4; 10; 6; 795
INPUT; 1; 4; 3; 574; INTERNAL; 4; 10; 6; 795
INPUT; 1; 3; 2; 591; INTERNAL; 4; 10; 6; 795
INTERNAL; 3; 3; 0; 371; INTERNAL; 4; 10; 6; 1423
INPUT; 1; 3; 2; 591; INTERNAL; 4; 10; 6; 1423
INPUT; 1; 4; 3; 574; INTERNAL; 4; 10; 6; 1423
INPUT; 1; 3; 2; 531; INTERNAL; 4; 10; 6; 1423
INTERNAL; 10; 10; 0; 911; INTERNAL; 11; 13; 2; 888
INTERNAL; 3; 9; 6; 614; INTERNAL; 11; 13; 2; 888
INTERNAL; 9; 9; 0; 604; INTERNAL; 11; 13; 2; 888
INTERNAL; 4; 10; 6; 848; INTERNAL; 10; 11; 1; 739
INTERNAL; 4; 9; 5; 763; INTERNAL; 10; 11; 1; 739
INTERNAL; 9; 9; 0; 546; INTERNAL; 10; 11; 1; 739
INTERNAL; 9; 9; 0; 604; INTERNAL; 10; 11; 1; 739
INTERNAL; 9; 9; 0; 981; INTERNAL; 10; 11; 1; 739
INTERNAL; 8; 8; 0; 831; INTERNAL; 9; 9; 0; 981
INTERNAL; 8; 8; 0; 685; INTERNAL; 9; 9; 0; 981
INTERNAL; 8; 8; 0; 1078; INTERNAL; 9; 9; 0; 981
INTERNAL; 8; 8; 0; 325; INTERNAL; 9; 9; 0; 981
INTERNAL; 7; 7; 0; 337; INTERNAL; 8; 8; 0; 831
INTERNAL; 7; 7; 0; 361; INTERNAL; 8; 8; 0; 831
INTERNAL; 7; 7; 0; 684; INTERNAL; 8; 8; 0; 831
INTERNAL; 7; 7; 0; 431; INTERNAL; 8; 8; 0; 831
INTERNAL; 7; 7; 0; 1451; INTERNAL; 8; 8; 0; 831
INTERNAL; 7; 7; 0; 322; INTERNAL; 8; 8; 0; 831
INTERNAL; 6; 6; 0; 560; INTERNAL; 7; 7; 0; 684
INTERNAL; 6; 6; 0; 643; INTERNAL; 7; 7; 0; 684
INTERNAL; 6; 6; 0; 588; INTERNAL; 7; 7; 0; 684
INTERNAL; 6; 6; 0; 629; INTERNAL; 7; 7; 0; 684
INTERNAL; 6; 6; 0; 401; INTERNAL; 7; 7; 0; 684
INTERNAL; 6; 6; 0; 858; INTERNAL; 7; 7; 0; 684
INTERNAL; 6; 6; 0; 971; INTERNAL; 7; 7; 0; 431
INTERNAL; 6; 6; 0; 785; INTERNAL; 7; 7; 0; 431
INTERNAL; 6; 6; 0; 494; INTERNAL; 7; 7; 0; 431
INTERNAL; 6; 6; 0; 520; INTERNAL; 7; 7; 0; 431
INTERNAL; 6; 6; 0; 929; INTERNAL; 7; 7; 0; 1451
INTERNAL; 6; 6; 0; 806; INTERNAL; 7; 7; 0; 1451
INTERNAL; 6; 6; 0; 920; INTERNAL; 7; 7; 0; 1451
INTERNAL; 6; 6; 0; 687; INTERNAL; 7; 7; 0; 1451
INTERNAL; 6; 6; 0; 908; INTERNAL; 7; 7; 0; 322
INTERNAL; 6; 6; 0; 514; INTERNAL; 7; 7; 0; 322
INTERNAL; 6; 6; 0; 792; INTERNAL; 7; 7; 0; 322
INTERNAL; 6; 6; 0; 432; INTERNAL; 7; 7; 0; 322
INTERNAL; 6; 6; 0; 838; INTERNAL; 7; 7; 0; 322
INTERNAL; 6; 6; 0; 825; INTERNAL; 7; 7; 0; 322
INTERNAL; 7; 7; 0; 321; INTERNAL; 8; 8; 0; 685
INTERNAL; 7; 7; 0; 415; INTERNAL; 8; 8; 0; 685
INTERNAL; 7; 7; 0; 1020; INTERNAL; 8; 8; 0; 685
INTERNAL; 7; 7; 0; 1516; INTERNAL; 8; 8; 0; 685
INTERNAL; 7; 7; 0; 311; INTERNAL; 8; 8; 0; 685
INTERNAL; 6; 6; 0; 915; INTERNAL; 7; 7; 0; 321
INTERNAL; 6; 6; 0; 378; INTERNAL; 7; 7; 0; 321
INTERNAL; 6; 6; 0; 381; INTERNAL; 7; 7; 0; 321
INTERNAL; 6; 6; 0; 978; INTERNAL; 7; 7; 0; 321
INTERNAL; 6; 6; 0; 1489; INTERNAL; 7; 7; 0; 415
INTERNAL; 6; 6; 0; 532; INTERNAL; 7; 7; 0; 415
INTERNAL; 6; 6; 0; 901; INTERNAL; 7; 7; 0; 415
INTERNAL; 6; 6; 0; 634; INTERNAL; 7; 7; 0; 415
INTERNAL; 6; 6; 0; 857; INTERNAL; 7; 7; 0; 415
INTERNAL; 6; 6; 0; 1126; INTERNAL; 7; 7; 0; 415
INTERNAL; 6; 6; 0; 310; INTERNAL; 7; 7; 0; 1020
INTERNAL; 6; 6; 0; 1522; INTERNAL; 7; 7; 0; 1020
INTERNAL; 6; 6; 0; 346; INTERNAL; 7; 7; 0; 1020
INTERNAL; 6; 6; 0; 1385; INTERNAL; 7; 7; 0; 1020
INTERNAL; 6; 6; 0; 1143; INTERNAL; 7; 7; 0; 1516
INTERNAL; 6; 6; 0; 720; INTERNAL; 7; 7; 0; 1516
INTERNAL; 5; 5; 0; 1269; INTERNAL; 7; 7; 0; 1516
INTERNAL; 5; 5; 0; 701; INTERNAL; 7; 7; 0; 1516
INTERNAL; 5; 5; 0; 907; INTERNAL; 7; 7; 0; 1516
INTERNAL; 6; 6; 0; 326; INTERNAL; 7; 7; 0; 1516
INTERNAL; 6; 6; 0; 1032; INTERNAL; 7; 7; 0; 311
INTERNAL; 6; 6; 0; 834; INTERNAL; 7; 7; 0; 311
INTERNAL; 6; 6; 0; 558; INTERNAL; 7; 7; 0; 311
INTERNAL; 6; 6; 0; 455; INTERNAL; 7; 7; 0; 311
INTERNAL; 6; 6; 0; 653; INTERNAL; 7; 7; 0; 311
INTERNAL; 6; 6; 0; 1204; INTERNAL; 7; 7; 0; 311
INTERNAL; 7; 7; 0; 1150; INTERNAL; 8; 8; 0; 1078
INTERNAL; 6; 6; 0; 582; INTERNAL; 8; 8; 0; 1078
INTERNAL; 6; 6; 0; 510; INTERNAL; 8; 8; 0; 1078
INTERNAL; 7; 7; 0; 854; INTERNAL; 8; 8; 0; 1078
INTERNAL; 7; 7; 0; 742; INTERNAL; 8; 8; 0; 1078
INTERNAL; 6; 6; 0; 712; INTERNAL; 7; 7; 0; 742
INTERNAL; 6; 6; 0; 850; INTERNAL; 7; 7; 0; 742
INTERNAL; 6; 6; 0; 930; INTERNAL; 7; 7; 0; 742
INTERNAL; 6; 6; 0; 783; INTERNAL; 7; 7; 0; 742
INTERNAL; 7; 7; 0; 976; INTERNAL; 8; 8; 0; 325
INTERNAL; 7; 7; 0; 969; INTERNAL; 8; 8; 0; 325
INTERNAL; 7; 7; 0; 581; INTERNAL; 8; 8; 0; 325
INTERNAL; 7; 7; 0; 549; INTERNAL; 8; 8; 0; 325
INTERNAL; 6; 6; 0; 741; INTERNAL; 7; 7; 0; 549
INTERNAL; 6; 6; 0; 603; INTERNAL; 7; 7; 0; 549
INTERNAL; 6; 6; 0; 876; INTERNAL; 7; 7; 0; 549
INTERNAL; 6; 6; 0; 1394; INTERNAL; 7; 7; 0; 549
INTERNAL; 6; 6; 0; 922; INTERNAL; 7; 7; 0; 549
INTERNAL; 6; 6; 0; 879; INTERNAL; 7; 7; 0; 549
INTERNAL; 12; 12; 0; 625; INTERNAL; 13; 13; 0; 949
INTERNAL; 11; 12; 1; 562; INTERNAL; 13; 13; 0; 949
INTERNAL; 11; 12; 1; 308; INTERNAL; 13; 13; 0; 949
INTERNAL; 11; 11; 0; 781; INTERNAL; 12; 12; 0; 625
INTERNAL; 10; 11; 1; 1091; INTERNAL; 12; 12; 0; 625
INTERNAL; 10; 11; 1; 638; INTERNAL; 12; 12; 0; 625
INTERNAL; 3; 9; 6; 448; INTERNAL; 11; 11; 0; 781
INTERNAL; 4; 9; 5; 757; INTERNAL; 11; 11; 0; 781
INTERNAL; 10; 10; 0; 1519; INTERNAL; 11; 11; 0; 781
INTERNAL; 10; 10; 0; 667; INTERNAL; 11; 11; 0; 781
INTERNAL; 9; 9; 0; 485; INTERNAL; 11; 11; 0; 781
INTERNAL; 4; 9; 5; 587; INTERNAL; 10; 11; 1; 1091
INTERNAL; 4; 10; 6; 370; INTERNAL; 10; 11; 1; 1091
INTERNAL; 9; 9; 0; 396; INTERNAL; 10; 11; 1; 1091
INTERNAL; 9; 9; 0; 551; INTERNAL; 10; 11; 1; 1091
INTERNAL; 9; 9; 0; 485; INTERNAL; 10; 11; 1; 1091
INTERNAL; 4; 10; 6; 366; INTERNAL; 10; 11; 1; 638
INTERNAL; 4; 10; 6; 795; INTERNAL; 10; 11; 1; 638
INTERNAL; 9; 9; 0; 396; INTERNAL; 10; 11; 1; 638
INTERNAL; 9; 9; 0; 546; INTERNAL; 10; 11; 1; 638
INTERNAL; 9; 9; 0; 364; INTERNAL; 10; 11; 1; 638
INTERNAL; 10; 10; 0; 306; INTERNAL; 11; 12; 1; 562
INTERNAL; 10; 10; 0; 911; INTERNAL; 11; 12; 1; 562
INTERNAL; 3; 9; 6; 490; INTERNAL; 11; 12; 1; 562
INTERNAL; 10; 11; 1; 1252; INTERNAL; 11; 12; 1; 562
INTERNAL; 4; 9; 5; 763; INTERNAL; 10; 10; 0; 306
INTERNAL; 9; 9; 0; 985; INTERNAL; 10; 10; 0; 306
INTERNAL; 9; 9; 0; 604; INTERNAL; 10; 10; 0; 306
INTERNAL; 4; 10; 6; 1423; INTERNAL; 10; 11; 1; 1252
INTERNAL; 4; 10; 6; 848; INTERNAL; 10; 11; 1; 1252
INTERNAL; 9; 9; 0; 546; INTERNAL; 10; 11; 1; 1252
INTERNAL; 9; 9; 0; 604; INTERNAL; 10; 11; 1; 1252
INTERNAL; 9; 9; 0; 981; INTERNAL; 10; 11; 1; 1252
INTERNAL; 3; 9; 6; 866; INTERNAL; 11; 12; 1; 308
INTERNAL; 3; 9; 6; 448; INTERNAL; 11; 12; 1; 308
INTERNAL; 10; 10; 0; 911; INTERNAL; 11; 12; 1; 308
INTERNAL; 10; 10; 0; 667; INTERNAL; 11; 12; 1; 308
INTERNAL; 10; 10; 0; 512; INTERNAL; 11; 12; 1; 308
INTERNAL; 12; 12; 0; 274; INTERNAL; 13; 13; 0; 289
INTERNAL; 12; 12; 0; 440; INTERNAL; 13; 13; 0; 289
INTERNAL; 11; 11; 0; 462; INTERNAL; 13; 13; 0; 289
INTERNAL; 10; 11; 1; 1252; INTERNAL; 13; 13; 0; 289
INTERNAL; 11; 11; 0; 488; INTERNAL; 12; 12; 0; 274
INTERNAL; 10; 11; 1; 303; INTERNAL; 12; 12; 0; 274
INTERNAL; 10; 11; 1; 824; INTERNAL; 12; 12; 0; 274
INTERNAL; 11; 11; 0; 555; INTERNAL; 12; 12; 0; 274
INTERNAL; 3; 9; 6; 490; INTERNAL; 11; 11; 0; 488
INTERNAL; 3; 9; 6; 614; INTERNAL; 11; 11; 0; 488
INTERNAL; 10; 10; 0; 911; INTERNAL; 11; 11; 0; 488
INTERNAL; 10; 10; 0; 667; INTERNAL; 11; 11; 0; 488
INTERNAL; 10; 10; 0; 512; INTERNAL; 11; 11; 0; 488
INTERNAL; 4; 10; 6; 795; INTERNAL; 10; 11; 1; 303
INTERNAL; 4; 10; 6; 1423; INTERNAL; 10; 11; 1; 303
INTERNAL; 9; 9; 0; 546; INTERNAL; 10; 11; 1; 303
INTERNAL; 9; 9; 0; 604; INTERNAL; 10; 11; 1; 303
INTERNAL; 9; 9; 0; 981; INTERNAL; 10; 11; 1; 303
INTERNAL; 11; 11; 0; 781; INTERNAL; 12; 12; 0; 440
INTERNAL; 10; 11; 1; 1091; INTERNAL; 12; 12; 0; 440
INTERNAL; 10; 11; 1; 638; INTERNAL; 12; 12; 0; 440
INTERNAL; 10; 10; 0; 911; INTERNAL; 11; 11; 0; 462
INTERNAL; 3; 9; 6; 490; INTERNAL; 11; 11; 0; 462
INTERNAL; 10; 10; 0; 306; INTERNAL; 11; 11; 0; 462
INTERNAL; 14; 14; 0; 421; INTERNAL; 15; 15; 0; 599
INTERNAL; 14; 14; 0; 299; INTERNAL; 15; 15; 0; 599
INTERNAL; 14; 14; 0; 1346; INTERNAL; 15; 15; 0; 599
INTERNAL; 13; 13; 0; 949; INTERNAL; 14; 14; 0; 299
INTERNAL; 13; 13; 0; 289; INTERNAL; 14; 14; 0; 299
INTERNAL; 13; 13; 0; 1293; INTERNAL; 14; 14; 0; 421
INTERNAL; 12; 12; 0; 298; INTERNAL; 14; 14; 0; 421
INTERNAL; 12; 12; 0; 423; INTERNAL; 14; 14; 0; 421
INTERNAL; 12; 12; 0; 896; INTERNAL; 14; 14; 0; 421
INTERNAL; 12; 12; 0; 440; INTERNAL; 14; 14; 0; 421
INTERNAL; 12; 12; 0; 661; INTERNAL; 14; 14; 0; 421
INTERNAL; 12; 12; 0; 632; INTERNAL; 13; 13; 0; 1293
INTERNAL; 12; 12; 0; 475; INTERNAL; 13; 13; 0; 1293
INTERNAL; 11; 12; 1; 869; INTERNAL; 13; 13; 0; 1293
INTERNAL; 10; 11; 1; 840; INTERNAL; 12; 12; 0; 298
INTERNAL; 10; 11; 1; 675; INTERNAL; 12; 12; 0; 298
INTERNAL; 11; 11; 0; 294; INTERNAL; 12; 12; 0; 298
INTERNAL; 10; 11; 1; 859; INTERNAL; 12; 12; 0; 298
INTERNAL; 10; 10; 0; 1519; INTERNAL; 11; 11; 0; 294
INTERNAL; 9; 9; 0; 485; INTERNAL; 11; 11; 0; 294
INTERNAL; 3; 9; 6; 490; INTERNAL; 11; 11; 0; 294
INTERNAL; 10; 10; 0; 667; INTERNAL; 11; 11; 0; 294
INTERNAL; 4; 10; 6; 795; INTERNAL; 10; 11; 1; 859
INTERNAL; 4; 10; 6; 1423; INTERNAL; 10; 11; 1; 859
INTERNAL; 9; 9; 0; 604; INTERNAL; 10; 11; 1; 859
INTERNAL; 9; 9; 0; 985; INTERNAL; 10; 11; 1; 859
INTERNAL; 4; 9; 5; 587; INTERNAL; 10; 11; 1; 840
INTERNAL; 4; 10; 6; 370; INTERNAL; 10; 11; 1; 840
INTERNAL; 9; 9; 0; 396; INTERNAL; 10; 11; 1; 840
INTERNAL; 9; 9; 0; 546; INTERNAL; 10; 11; 1; 840
INTERNAL; 9; 9; 0; 364; INTERNAL; 10; 11; 1; 840
INTERNAL; 3; 9; 6; 448; INTERNAL; 10; 11; 1; 675
INTERNAL; 4; 9; 5; 757; INTERNAL; 10; 11; 1; 675
INTERNAL; 9; 9; 0; 396; INTERNAL; 10; 11; 1; 675
INTERNAL; 9; 9; 0; 551; INTERNAL; 10; 11; 1; 675
INTERNAL; 9; 9; 0; 485; INTERNAL; 10; 11; 1; 675
INTERNAL; 11; 11; 0; 1479; INTERNAL; 12; 12; 0; 423
INTERNAL; 10; 11; 1; 386; INTERNAL; 12; 12; 0; 423
INTERNAL; 10; 11; 1; 1076; INTERNAL; 12; 12; 0; 423
INTERNAL; 3; 9; 6; 614; INTERNAL; 11; 11; 0; 1479
INTERNAL; 3; 9; 6; 866; INTERNAL; 11; 11; 0; 1479
INTERNAL; 10; 10; 0; 1519; INTERNAL; 11; 11; 0; 1479
INTERNAL; 10; 10; 0; 667; INTERNAL; 11; 11; 0; 1479
INTERNAL; 9; 9; 0; 485; INTERNAL; 11; 11; 0; 1479
INTERNAL; 4; 10; 6; 1423; INTERNAL; 10; 11; 1; 386
INTERNAL; 4; 10; 6; 848; INTERNAL; 10; 11; 1; 386
INTERNAL; 9; 9; 0; 604; INTERNAL; 10; 11; 1; 386
INTERNAL; 9; 9; 0; 985; INTERNAL; 10; 11; 1; 386
INTERNAL; 4; 10; 6; 366; INTERNAL; 10; 11; 1; 1076
INTERNAL; 4; 10; 6; 795; INTERNAL; 10; 11; 1; 1076
INTERNAL; 9; 9; 0; 546; INTERNAL; 10; 11; 1; 1076
INTERNAL; 9; 9; 0; 604; INTERNAL; 10; 11; 1; 1076
INTERNAL; 9; 9; 0; 981; INTERNAL; 10; 11; 1; 1076
INTERNAL; 11; 11; 0; 893; INTERNAL; 12; 12; 0; 896
INTERNAL; 10; 11; 1; 449; INTERNAL; 12; 12; 0; 896
INTERNAL; 10; 11; 1; 852; INTERNAL; 12; 12; 0; 896
INTERNAL; 11; 11; 0; 488; INTERNAL; 12; 12; 0; 661
INTERNAL; 10; 11; 1; 303; INTERNAL; 12; 12; 0; 661
INTERNAL; 11; 11; 0; 555; INTERNAL; 12; 12; 0; 661
INTERNAL; 10; 11; 1; 824; INTERNAL; 12; 12; 0; 661
INTERNAL; 11; 11; 0; 462; INTERNAL; 12; 12; 0; 661
INTERNAL; 10; 11; 1; 1252; INTERNAL; 12; 12; 0; 661
INTERNAL; 14; 14; 0; 299; INTERNAL; 15; 15; 0; 663
INTERNAL; 14; 14; 0; 1346; INTERNAL; 15; 15; 0; 663
INTERNAL; 14; 14; 0; 421; INTERNAL; 15; 15; 0; 663
INTERNAL; 14; 14; 0; 1175; INTERNAL; 15; 15; 0; 706
INTERNAL; 14; 14; 0; 340; INTERNAL; 15; 15; 0; 706
INTERNAL; 13; 13; 0; 315; INTERNAL; 14; 14; 0; 340
INTERNAL; 13; 13; 0; 293; INTERNAL; 14; 14; 0; 340
INTERNAL; 13; 13; 0; 813; INTERNAL; 14; 14; 0; 340
INTERNAL; 11; 12; 1; 545; INTERNAL; 13; 13; 0; 813
INTERNAL; 3; 9; 6; 490; INTERNAL; 13; 13; 0; 813
INTERNAL; 10; 10; 0; 828; INTERNAL; 13; 13; 0; 813
INTERNAL; 12; 12; 0; 291; INTERNAL; 13; 13; 0; 813
INTERNAL; 11; 12; 1; 287; INTERNAL; 13; 13; 0; 813
INTERNAL; 12; 12; 0; 1296; INTERNAL; 13; 13; 0; 813
INTERNAL; 11; 11; 0; 294; INTERNAL; 12; 12; 0; 291
INTERNAL; 10; 11; 1; 859; INTERNAL; 12; 12; 0; 291
INTERNAL; 11; 11; 0; 555; INTERNAL; 12; 12; 0; 1296
INTERNAL; 11; 11; 0; 488; INTERNAL; 12; 12; 0; 1296
INTERNAL; 10; 11; 1; 824; INTERNAL; 12; 12; 0; 1296
INTERNAL; 10; 11; 1; 303; INTERNAL; 12; 12; 0; 1296
INTERNAL; 10; 11; 1; 840; INTERNAL; 11; 12; 1; 287
INTERNAL; 10; 11; 1; 675; INTERNAL; 11; 12; 1; 287
INTERNAL; 10; 11; 1; 987; INTERNAL; 11; 12; 1; 545
INTERNAL; 10; 11; 1; 285; INTERNAL; 11; 12; 1; 545
INTERNAL; 10; 11; 1; 714; INTERNAL; 11; 12; 1; 545
INTERNAL; 4; 10; 6; 370; INTERNAL; 10; 11; 1; 987
INTERNAL; 4; 10; 6; 366; INTERNAL; 10; 11; 1; 987
INTERNAL; 9; 9; 0; 546; INTERNAL; 10; 11; 1; 987
INTERNAL; 9; 9; 0; 604; INTERNAL; 10; 11; 1; 987
INTERNAL; 9; 9; 0; 981; INTERNAL; 10; 11; 1; 987
INTERNAL; 3; 9; 6; 866; INTERNAL; 10; 11; 1; 285
INTERNAL; 3; 9; 6; 448; INTERNAL; 10; 11; 1; 285
INTERNAL; 9; 9; 0; 396; INTERNAL; 10; 11; 1; 285
INTERNAL; 9; 9; 0; 551; INTERNAL; 10; 11; 1; 285
INTERNAL; 9; 9; 0; 485; INTERNAL; 10; 11; 1; 285
INTERNAL; 4; 9; 5; 757; INTERNAL; 10; 11; 1; 714
INTERNAL; 4; 9; 5; 587; INTERNAL; 10; 11; 1; 714
INTERNAL; 9; 9; 0; 396; INTERNAL; 10; 11; 1; 714
INTERNAL; 9; 9; 0; 546; INTERNAL; 10; 11; 1; 714
INTERNAL; 9; 9; 0; 364; INTERNAL; 10; 11; 1; 714
INTERNAL; 3; 9; 6; 490; INTERNAL; 13; 13; 0; 293
INTERNAL; 10; 10; 0; 828; INTERNAL; 13; 13; 0; 293
INTERNAL; 11; 12; 1; 545; INTERNAL; 13; 13; 0; 293
INTERNAL; 12; 12; 0; 291; INTERNAL; 13; 13; 0; 293
INTERNAL; 11; 12; 1; 287; INTERNAL; 13; 13; 0; 293
INTERNAL; 12; 12; 0; 1296; INTERNAL; 13; 13; 0; 293
INTERNAL; 12; 12; 0; 298; INTERNAL; 13; 13; 0; 315
INTERNAL; 12; 12; 0; 423; INTERNAL; 13; 13; 0; 315
INTERNAL; 12; 12; 0; 896; INTERNAL; 13; 13; 0; 315
INTERNAL; 13; 13; 0; 281; INTERNAL; 14; 14; 0; 1175
INTERNAL; 13; 13; 0; 280; INTERNAL; 14; 14; 0; 1175
INTERNAL; 12; 12; 0; 298; INTERNAL; 13; 13; 0; 281
INTERNAL; 12; 12; 0; 423; INTERNAL; 13; 13; 0; 281
INTERNAL; 12; 12; 0; 896; INTERNAL; 13; 13; 0; 281
INTERNAL; 12; 12; 0; 632; INTERNAL; 13; 13; 0; 281
INTERNAL; 12; 12; 0; 475; INTERNAL; 13; 13; 0; 281
INTERNAL; 11; 12; 1; 869; INTERNAL; 13; 13; 0; 281
INTERNAL; 12; 12; 0; 440; INTERNAL; 13; 13; 0; 280
INTERNAL; 12; 12; 0; 661; INTERNAL; 13; 13; 0; 280
INTERNAL; 14; 14; 0; 279; INTERNAL; 15; 15; 0; 775
INTERNAL; 14; 14; 0; 369; INTERNAL; 15; 15; 0; 775
INTERNAL; 14; 14; 0; 699; INTERNAL; 15; 15; 0; 775
INTERNAL; 14; 14; 0; 276; INTERNAL; 15; 15; 0; 775
INTERNAL; 13; 14; 1; 273; INTERNAL; 15; 15; 0; 775
INTERNAL; 14; 14; 0; 439; INTERNAL; 15; 15; 0; 775
INTERNAL; 13; 13; 0; 813; INTERNAL; 14; 14; 0; 439
INTERNAL; 13; 13; 0; 293; INTERNAL; 14; 14; 0; 439
INTERNAL; 13; 13; 0; 315; INTERNAL; 14; 14; 0; 439
INTERNAL; 13; 13; 0; 281; INTERNAL; 14; 14; 0; 439
INTERNAL; 13; 13; 0; 280; INTERNAL; 14; 14; 0; 439
INTERNAL; 13; 13; 0; 474; INTERNAL; 14; 14; 0; 279
INTERNAL; 12; 13; 1; 674; INTERNAL; 14; 14; 0; 279
INTERNAL; 12; 13; 1; 518; INTERNAL; 14; 14; 0; 279
INTERNAL; 3; 9; 6; 490; INTERNAL; 13; 13; 0; 474
INTERNAL; 10; 10; 0; 828; INTERNAL; 13; 13; 0; 474
INTERNAL; 12; 12; 0; 291; INTERNAL; 13; 13; 0; 474
INTERNAL; 11; 12; 1; 287; INTERNAL; 13; 13; 0; 474
INTERNAL; 11; 12; 1; 545; INTERNAL; 13; 13; 0; 474
INTERNAL; 11; 11; 0; 767; INTERNAL; 12; 13; 1; 674
INTERNAL; 10; 11; 1; 778; INTERNAL; 12; 13; 1; 674
INTERNAL; 10; 11; 1; 1374; INTERNAL; 12; 13; 1; 674
INTERNAL; 10; 11; 1; 529; INTERNAL; 12; 13; 1; 674
INTERNAL; 10; 11; 1; 859; INTERNAL; 12; 13; 1; 674
INTERNAL; 11; 11; 0; 294; INTERNAL; 12; 13; 1; 674
INTERNAL; 3; 9; 6; 490; INTERNAL; 11; 11; 0; 767
INTERNAL; 3; 9; 6; 614; INTERNAL; 11; 11; 0; 767
INTERNAL; 10; 10; 0; 1519; INTERNAL; 11; 11; 0; 767
INTERNAL; 10; 10; 0; 667; INTERNAL; 11; 11; 0; 767
INTERNAL; 9; 9; 0; 485; INTERNAL; 11; 11; 0; 767
INTERNAL; 4; 10; 6; 366; INTERNAL; 10; 11; 1; 778
INTERNAL; 4; 10; 6; 795; INTERNAL; 10; 11; 1; 778
INTERNAL; 9; 9; 0; 604; INTERNAL; 10; 11; 1; 778
INTERNAL; 9; 9; 0; 985; INTERNAL; 10; 11; 1; 778
INTERNAL; 4; 9; 5; 587; INTERNAL; 10; 11; 1; 1374
INTERNAL; 4; 10; 6; 370; INTERNAL; 10; 11; 1; 1374
INTERNAL; 9; 9; 0; 546; INTERNAL; 10; 11; 1; 1374
INTERNAL; 9; 9; 0; 604; INTERNAL; 10; 11; 1; 1374
INTERNAL; 9; 9; 0; 981; INTERNAL; 10; 11; 1; 1374
INTERNAL; 3; 9; 6; 448; INTERNAL; 10; 11; 1; 529
INTERNAL; 4; 9; 5; 757; INTERNAL; 10; 11; 1; 529
INTERNAL; 9; 9; 0; 396; INTERNAL; 10; 11; 1; 529
INTERNAL; 9; 9; 0; 546; INTERNAL; 10; 11; 1; 529
INTERNAL; 9; 9; 0; 364; INTERNAL; 10; 11; 1; 529
INTERNAL; 11; 11; 0; 1479; INTERNAL; 12; 13; 1; 518
INTERNAL; 10; 11; 1; 386; INTERNAL; 12; 13; 1; 518
INTERNAL; 10; 11; 1; 1076; INTERNAL; 12; 13; 1; 518
INTERNAL; 13; 13; 0; 637; INTERNAL; 14; 14; 0; 369
INTERNAL; 12; 13; 1; 1183; INTERNAL; 14; 14; 0; 369
INTERNAL; 11; 13; 2; 561; INTERNAL; 14; 14; 0; 369
INTERNAL; 13; 13; 0; 265; INTERNAL; 14; 14; 0; 369
INTERNAL; 11; 13; 2; 1045; INTERNAL; 14; 14; 0; 369
INTERNAL; 13; 13; 0; 266; INTERNAL; 14; 14; 0; 369
INTERNAL; 12; 12; 0; 355; INTERNAL; 13; 13; 0; 637
INTERNAL; 11; 12; 1; 323; INTERNAL; 13; 13; 0; 637
INTERNAL; 10; 12; 2; 1005; INTERNAL; 13; 13; 0; 637
INTERNAL; 11; 11; 0; 471; INTERNAL; 12; 12; 0; 355
INTERNAL; 10; 11; 1; 844; INTERNAL; 12; 12; 0; 355
INTERNAL; 3; 9; 6; 490; INTERNAL; 11; 11; 0; 471
INTERNAL; 10; 10; 0; 414; INTERNAL; 11; 11; 0; 471
INTERNAL; 10; 10; 0; 264; INTERNAL; 11; 11; 0; 471
INTERNAL; 9; 9; 0; 551; INTERNAL; 10; 10; 0; 264
INTERNAL; 9; 9; 0; 396; INTERNAL; 10; 10; 0; 264
INTERNAL; 9; 9; 0; 485; INTERNAL; 10; 10; 0; 264
INTERNAL; 9; 9; 0; 396; INTERNAL; 10; 10; 0; 414
INTERNAL; 9; 9; 0; 551; INTERNAL; 10; 10; 0; 414
INTERNAL; 4; 10; 6; 370; INTERNAL; 10; 11; 1; 844
INTERNAL; 4; 10; 6; 366; INTERNAL; 10; 11; 1; 844
INTERNAL; 9; 9; 0; 604; INTERNAL; 10; 11; 1; 844
INTERNAL; 9; 9; 0; 985; INTERNAL; 10; 11; 1; 844
INTERNAL; 3; 9; 6; 490; INTERNAL; 11; 12; 1; 323
INTERNAL; 10; 10; 0; 1519; INTERNAL; 11; 12; 1; 323
INTERNAL; 9; 9; 0; 485; INTERNAL; 11; 12; 1; 323
INTERNAL; 3; 9; 6; 614; INTERNAL; 10; 12; 2; 1005
INTERNAL; 3; 9; 6; 866; INTERNAL; 10; 12; 2; 1005
INTERNAL; 9; 9; 0; 396; INTERNAL; 10; 12; 2; 1005
INTERNAL; 9; 9; 0; 551; INTERNAL; 10; 12; 2; 1005
INTERNAL; 9; 9; 0; 485; INTERNAL; 10; 12; 2; 1005
INTERNAL; 12; 12; 0; 743; INTERNAL; 13; 13; 0; 265
INTERNAL; 12; 12; 0; 450; INTERNAL; 13; 13; 0; 265
INTERNAL; 12; 12; 0; 991; INTERNAL; 13; 13; 0; 265
INTERNAL; 11; 12; 1; 993; INTERNAL; 13; 13; 0; 265
INTERNAL; 12; 12; 0; 312; INTERNAL; 13; 13; 0; 265
INTERNAL; 10; 10; 0; 998; INTERNAL; 12; 12; 0; 743
INTERNAL; 10; 10; 0; 1464; INTERNAL; 12; 12; 0; 743
INTERNAL; 10; 10; 0; 1000; INTERNAL; 12; 12; 0; 743
INTERNAL; 10; 10; 0; 1003; INTERNAL; 12; 12; 0; 743
INTERNAL; 10; 10; 0; 1006; INTERNAL; 12; 12; 0; 743
INTERNAL; 11; 11; 0; 1009; INTERNAL; 12; 12; 0; 743
INTERNAL; 3; 9; 6; 490; INTERNAL; 11; 11; 0; 1009
INTERNAL; 10; 10; 0; 414; INTERNAL; 11; 11; 0; 1009
INTERNAL; 9; 9; 0; 364; INTERNAL; 10; 10; 0; 1006
INTERNAL; 9; 9; 0; 546; INTERNAL; 10; 10; 0; 1006
INTERNAL; 9; 9; 0; 396; INTERNAL; 10; 10; 0; 1006
INTERNAL; 3; 9; 6; 490; INTERNAL; 10; 10; 0; 998
INTERNAL; 9; 9; 0; 546; INTERNAL; 10; 10; 0; 998
INTERNAL; 9; 9; 0; 364; INTERNAL; 10; 10; 0; 998
INTERNAL; 4; 9; 5; 757; INTERNAL; 10; 10; 0; 1464
INTERNAL; 4; 9; 5; 587; INTERNAL; 10; 10; 0; 1464
INTERNAL; 9; 9; 0; 604; INTERNAL; 10; 10; 0; 1464
INTERNAL; 9; 9; 0; 985; INTERNAL; 10; 10; 0; 1464
INTERNAL; 3; 9; 6; 866; INTERNAL; 10; 10; 0; 1000
INTERNAL; 3; 9; 6; 448; INTERNAL; 10; 10; 0; 1000
INTERNAL; 9; 9; 0; 546; INTERNAL; 10; 10; 0; 1000
INTERNAL; 9; 9; 0; 604; INTERNAL; 10; 10; 0; 1000
INTERNAL; 9; 9; 0; 981; INTERNAL; 10; 10; 0; 1000
INTERNAL; 3; 9; 6; 490; INTERNAL; 10; 10; 0; 1003
INTERNAL; 3; 9; 6; 614; INTERNAL; 10; 10; 0; 1003
INTERNAL; 9; 9; 0; 396; INTERNAL; 10; 10; 0; 1003
INTERNAL; 9; 9; 0; 546; INTERNAL; 10; 10; 0; 1003
INTERNAL; 9; 9; 0; 364; INTERNAL; 10; 10; 0; 1003
INTERNAL; 11; 11; 0; 320; INTERNAL; 12; 12; 0; 450
INTERNAL; 11; 11; 0; 1011; INTERNAL; 12; 12; 0; 450
INTERNAL; 10; 10; 0; 998; INTERNAL; 12; 12; 0; 450
INTERNAL; 10; 11; 1; 1012; INTERNAL; 12; 12; 0; 450
INTERNAL; 10; 11; 1; 1015; INTERNAL; 12; 12; 0; 450
INTERNAL; 11; 11; 0; 1234; INTERNAL; 12; 12; 0; 450
INTERNAL; 10; 10; 0; 998; INTERNAL; 11; 11; 0; 1234
INTERNAL; 10; 10; 0; 1006; INTERNAL; 11; 11; 0; 1234
INTERNAL; 10; 10; 0; 1464; INTERNAL; 11; 11; 0; 1234
INTERNAL; 10; 10; 0; 1000; INTERNAL; 11; 11; 0; 1234
INTERNAL; 10; 10; 0; 1003; INTERNAL; 11; 11; 0; 1234
INTERNAL; 10; 10; 0; 1446; INTERNAL; 11; 11; 0; 320
INTERNAL; 10; 10; 0; 1097; INTERNAL; 11; 11; 0; 320
INTERNAL; 10; 10; 0; 786; INTERNAL; 11; 11; 0; 320
INTERNAL; 9; 9; 0; 981; INTERNAL; 10; 10; 0; 1097
INTERNAL; 9; 9; 0; 604; INTERNAL; 10; 10; 0; 1097
INTERNAL; 9; 9; 0; 546; INTERNAL; 10; 10; 0; 1097
INTERNAL; 3; 9; 6; 490; INTERNAL; 10; 10; 0; 1446
INTERNAL; 9; 9; 0; 604; INTERNAL; 10; 10; 0; 1446
INTERNAL; 9; 9; 0; 981; INTERNAL; 10; 10; 0; 1446
INTERNAL; 3; 9; 6; 866; INTERNAL; 10; 10; 0; 786
INTERNAL; 3; 9; 6; 448; INTERNAL; 10; 10; 0; 786
INTERNAL; 9; 9; 0; 604; INTERNAL; 10; 10; 0; 786
INTERNAL; 9; 9; 0; 985; INTERNAL; 10; 10; 0; 786
INTERNAL; 10; 10; 0; 1097; INTERNAL; 11; 11; 0; 1011
INTERNAL; 10; 10; 0; 1019; INTERNAL; 11; 11; 0; 1011
INTERNAL; 10; 10; 0; 1021; INTERNAL; 11; 11; 0; 1011
INTERNAL; 10; 10; 0; 1023; INTERNAL; 11; 11; 0; 1011
INTERNAL; 10; 10; 0; 1446; INTERNAL; 11; 11; 0; 1011
INTERNAL; 10; 10; 0; 786; INTERNAL; 11; 11; 0; 1011
INTERNAL; 3; 9; 6; 614; INTERNAL; 10; 10; 0; 1019
INTERNAL; 3; 9; 6; 866; INTERNAL; 10; 10; 0; 1019
INTERNAL; 9; 9; 0; 604; INTERNAL; 10; 10; 0; 1019
INTERNAL; 9; 9; 0; 985; INTERNAL; 10; 10; 0; 1019
INTERNAL; 3; 9; 6; 614; INTERNAL; 10; 10; 0; 1021
INTERNAL; 9; 9; 0; 985; INTERNAL; 10; 10; 0; 1021
INTERNAL; 9; 9; 0; 604; INTERNAL; 10; 10; 0; 1021
INTERNAL; 3; 9; 6; 490; INTERNAL; 10; 10; 0; 1021
INTERNAL; 3; 9; 6; 490; INTERNAL; 10; 10; 0; 1023
INTERNAL; 3; 9; 6; 614; INTERNAL; 10; 10; 0; 1023
INTERNAL; 9; 9; 0; 546; INTERNAL; 10; 10; 0; 1023
INTERNAL; 9; 9; 0; 604; INTERNAL; 10; 10; 0; 1023
INTERNAL; 9; 9; 0; 981; INTERNAL; 10; 10; 0; 1023
INTERNAL; 3; 9; 6; 448; INTERNAL; 10; 11; 1; 1012
INTERNAL; 4; 9; 5; 757; INTERNAL; 10; 11; 1; 1012
INTERNAL; 9; 9; 0; 604; INTERNAL; 10; 11; 1; 1012
INTERNAL; 9; 9; 0; 985; INTERNAL; 10; 11; 1; 1012
INTERNAL; 3; 9; 6; 614; INTERNAL; 10; 11; 1; 1015
INTERNAL; 3; 9; 6; 866; INTERNAL; 10; 11; 1; 1015
INTERNAL; 9; 9; 0; 546; INTERNAL; 10; 11; 1; 1015
INTERNAL; 9; 9; 0; 604; INTERNAL; 10; 11; 1; 1015
INTERNAL; 9; 9; 0; 981; INTERNAL; 10; 11; 1; 1015
INTERNAL; 10; 10; 0; 998; INTERNAL; 12; 12; 0; 991
INTERNAL; 10; 10; 0; 1006; INTERNAL; 12; 12; 0; 991
INTERNAL; 10; 10; 0; 1464; INTERNAL; 12; 12; 0; 991
INTERNAL; 10; 10; 0; 1000; INTERNAL; 12; 12; 0; 991
INTERNAL; 10; 10; 0; 1003; INTERNAL; 12; 12; 0; 991
INTERNAL; 11; 11; 0; 1009; INTERNAL; 12; 12; 0; 991
INTERNAL; 10; 11; 1; 1024; INTERNAL; 12; 12; 0; 312
INTERNAL; 10; 11; 1; 1025; INTERNAL; 12; 12; 0; 312
INTERNAL; 10; 11; 1; 1029; INTERNAL; 12; 12; 0; 312
INTERNAL; 11; 11; 0; 471; INTERNAL; 12; 12; 0; 312
INTERNAL; 11; 11; 0; 277; INTERNAL; 12; 12; 0; 312
INTERNAL; 10; 11; 1; 844; INTERNAL; 12; 12; 0; 312
INTERNAL; 10; 10; 0; 1030; INTERNAL; 11; 11; 0; 277
INTERNAL; 10; 10; 0; 1257; INTERNAL; 11; 11; 0; 277
INTERNAL; 10; 10; 0; 1034; INTERNAL; 11; 11; 0; 277
INTERNAL; 4; 9; 5; 757; INTERNAL; 10; 10; 0; 1030
INTERNAL; 4; 9; 5; 587; INTERNAL; 10; 10; 0; 1030
INTERNAL; 9; 9; 0; 546; INTERNAL; 10; 10; 0; 1030
INTERNAL; 9; 9; 0; 604; INTERNAL; 10; 10; 0; 1030
INTERNAL; 9; 9; 0; 981; INTERNAL; 10; 10; 0; 1030
INTERNAL; 3; 9; 6; 866; INTERNAL; 10; 10; 0; 1257
INTERNAL; 3; 9; 6; 448; INTERNAL; 10; 10; 0; 1257
INTERNAL; 9; 9; 0; 396; INTERNAL; 10; 10; 0; 1257
INTERNAL; 9; 9; 0; 546; INTERNAL; 10; 10; 0; 1257
INTERNAL; 9; 9; 0; 364; INTERNAL; 10; 10; 0; 1257
INTERNAL; 3; 9; 6; 490; INTERNAL; 10; 10; 0; 1034
INTERNAL; 3; 9; 6; 614; INTERNAL; 10; 10; 0; 1034
INTERNAL; 9; 9; 0; 396; INTERNAL; 10; 10; 0; 1034
INTERNAL; 9; 9; 0; 551; INTERNAL; 10; 10; 0; 1034
INTERNAL; 9; 9; 0; 485; INTERNAL; 10; 10; 0; 1034
INTERNAL; 3; 9; 6; 448; INTERNAL; 10; 11; 1; 1024
INTERNAL; 4; 9; 5; 757; INTERNAL; 10; 11; 1; 1024
INTERNAL; 9; 9; 0; 546; INTERNAL; 10; 11; 1; 1024
INTERNAL; 9; 9; 0; 604; INTERNAL; 10; 11; 1; 1024
INTERNAL; 9; 9; 0; 981; INTERNAL; 10; 11; 1; 1024
INTERNAL; 4; 9; 5; 587; INTERNAL; 10; 11; 1; 1025
INTERNAL; 4; 10; 6; 370; INTERNAL; 10; 11; 1; 1025
INTERNAL; 9; 9; 0; 604; INTERNAL; 10; 11; 1; 1025
INTERNAL; 9; 9; 0; 985; INTERNAL; 10; 11; 1; 1025
INTERNAL; 3; 9; 6; 614; INTERNAL; 10; 11; 1; 1029
INTERNAL; 3; 9; 6; 866; INTERNAL; 10; 11; 1; 1029
INTERNAL; 9; 9; 0; 396; INTERNAL; 10; 11; 1; 1029
INTERNAL; 9; 9; 0; 546; INTERNAL; 10; 11; 1; 1029
INTERNAL; 9; 9; 0; 364; INTERNAL; 10; 11; 1; 1029
INTERNAL; 10; 11; 1; 1024; INTERNAL; 11; 12; 1; 993
INTERNAL; 10; 11; 1; 1025; INTERNAL; 11; 12; 1; 993
INTERNAL; 10; 11; 1; 1029; INTERNAL; 11; 12; 1; 993
INTERNAL; 12; 12; 0; 355; INTERNAL; 13; 13; 0; 266
INTERNAL; 11; 12; 1; 323; INTERNAL; 13; 13; 0; 266
INTERNAL; 10; 12; 2; 1005; INTERNAL; 13; 13; 0; 266
INTERNAL; 12; 12; 0; 1038; INTERNAL; 13; 13; 0; 266
INTERNAL; 11; 12; 1; 765; INTERNAL; 13; 13; 0; 266
INTERNAL; 10; 11; 1; 778; INTERNAL; 12; 12; 0; 1038
INTERNAL; 10; 11; 1; 1374; INTERNAL; 12; 12; 0; 1038
INTERNAL; 10; 11; 1; 529; INTERNAL; 12; 12; 0; 1038
INTERNAL; 11; 11; 0; 294; INTERNAL; 12; 12; 0; 1038
INTERNAL; 11; 11; 0; 767; INTERNAL; 12; 12; 0; 1038
INTERNAL; 10; 11; 1; 859; INTERNAL; 12; 12; 0; 1038
INTERNAL; 10; 11; 1; 987; INTERNAL; 11; 12; 1; 765
INTERNAL; 10; 11; 1; 285; INTERNAL; 11; 12; 1; 765
INTERNAL; 10; 11; 1; 714; INTERNAL; 11; 12; 1; 765
INTERNAL; 11; 11; 0; 277; INTERNAL; 12; 13; 1; 1183
INTERNAL; 10; 11; 1; 1024; INTERNAL; 12; 13; 1; 1183
INTERNAL; 10; 11; 1; 1025; INTERNAL; 12; 13; 1; 1183
INTERNAL; 10; 11; 1; 1029; INTERNAL; 12; 13; 1; 1183
INTERNAL; 10; 11; 1; 844; INTERNAL; 12; 13; 1; 1183
INTERNAL; 11; 11; 0; 471; INTERNAL; 12; 13; 1; 1183
INTERNAL; 10; 10; 0; 1030; INTERNAL; 11; 13; 2; 561
INTERNAL; 10; 10; 0; 1257; INTERNAL; 11; 13; 2; 561
INTERNAL; 10; 10; 0; 1034; INTERNAL; 11; 13; 2; 561
INTERNAL; 10; 11; 1; 778; INTERNAL; 11; 13; 2; 1045
INTERNAL; 10; 11; 1; 1374; INTERNAL; 11; 13; 2; 1045
INTERNAL; 10; 11; 1; 529; INTERNAL; 11; 13; 2; 1045
INTERNAL; 13; 13; 0; 474; INTERNAL; 14; 14; 0; 699
INTERNAL; 12; 13; 1; 674; INTERNAL; 14; 14; 0; 699
INTERNAL; 12; 13; 1; 518; INTERNAL; 14; 14; 0; 699
INTERNAL; 13; 13; 0; 293; INTERNAL; 14; 14; 0; 276
INTERNAL; 13; 13; 0; 315; INTERNAL; 14; 14; 0; 276
INTERNAL; 12; 12; 0; 355; INTERNAL; 13; 14; 1; 273
INTERNAL; 12; 12; 0; 1038; INTERNAL; 13; 14; 1; 273
INTERNAL; 11; 12; 1; 765; INTERNAL; 13; 14; 1; 273
INTERNAL; 11; 12; 1; 323; INTERNAL; 13; 14; 1; 273
INTERNAL; 10; 12; 2; 1005; INTERNAL; 13; 14; 1; 273
INTERNAL; 13; 13; 0; 1387; INTERNAL; 14; 15; 1; 715
INTERNAL; 12; 13; 1; 853; INTERNAL; 14; 15; 1; 715
INTERNAL; 11; 13; 2; 888; INTERNAL; 14; 15; 1; 715
INTERNAL; 10; 11; 1; 739; INTERNAL; 14; 15; 1; 715
INTERNAL; 13; 14; 1; 1039; INTERNAL; 14; 15; 1; 715
INTERNAL; 13; 14; 1; 484; INTERNAL; 14; 15; 1; 715
INTERNAL; 12; 13; 1; 1140; INTERNAL; 13; 14; 1; 1039
INTERNAL; 12; 12; 0; 1372; INTERNAL; 13; 14; 1; 1039
INTERNAL; 11; 12; 1; 1042; INTERNAL; 12; 13; 1; 1140
INTERNAL; 11; 12; 1; 1044; INTERNAL; 12; 13; 1; 1140
INTERNAL; 10; 11; 1; 739; INTERNAL; 11; 12; 1; 1042
INTERNAL; 9; 9; 0; 604; INTERNAL; 11; 12; 1; 1042
INTERNAL; 10; 10; 0; 911; INTERNAL; 11; 12; 1; 1042
INTERNAL; 3; 9; 6; 614; INTERNAL; 11; 12; 1; 1042
INTERNAL; 3; 9; 6; 448; INTERNAL; 11; 12; 1; 1044
INTERNAL; 4; 9; 5; 757; INTERNAL; 11; 12; 1; 1044
INTERNAL; 10; 10; 0; 911; INTERNAL; 11; 12; 1; 1044
INTERNAL; 10; 10; 0; 667; INTERNAL; 11; 12; 1; 1044
INTERNAL; 10; 10; 0; 512; INTERNAL; 11; 12; 1; 1044
INTERNAL; 11; 11; 0; 807; INTERNAL; 12; 12; 0; 1372
INTERNAL; 10; 11; 1; 1390; INTERNAL; 12; 12; 0; 1372
INTERNAL; 10; 11; 1; 492; INTERNAL; 12; 12; 0; 1372
INTERNAL; 12; 12; 0; 625; INTERNAL; 13; 14; 1; 484
INTERNAL; 11; 12; 1; 562; INTERNAL; 13; 14; 1; 484
INTERNAL; 11; 12; 1; 308; INTERNAL; 13; 14; 1; 484
INTERNAL; 12; 13; 1; 1046; INTERNAL; 13; 14; 1; 484
INTERNAL; 11; 13; 2; 567; INTERNAL; 13; 14; 1; 484
INTERNAL; 11; 12; 1; 1027; INTERNAL; 12; 13; 1; 1046
INTERNAL; 10; 12; 2; 1048; INTERNAL; 12; 13; 1; 1046
INTERNAL; 10; 12; 2; 1033; INTERNAL; 12; 13; 1; 1046
INTERNAL; 4; 9; 5; 587; INTERNAL; 11; 12; 1; 1027
INTERNAL; 4; 10; 6; 370; INTERNAL; 11; 12; 1; 1027
INTERNAL; 10; 10; 0; 1519; INTERNAL; 11; 12; 1; 1027
INTERNAL; 10; 10; 0; 667; INTERNAL; 11; 12; 1; 1027
INTERNAL; 9; 9; 0; 485; INTERNAL; 11; 12; 1; 1027
INTERNAL; 4; 10; 6; 1423; INTERNAL; 10; 12; 2; 1048
INTERNAL; 4; 10; 6; 848; INTERNAL; 10; 12; 2; 1048
INTERNAL; 9; 9; 0; 396; INTERNAL; 10; 12; 2; 1048
INTERNAL; 9; 9; 0; 546; INTERNAL; 10; 12; 2; 1048
INTERNAL; 9; 9; 0; 364; INTERNAL; 10; 12; 2; 1048
INTERNAL; 4; 10; 6; 366; INTERNAL; 10; 12; 2; 1033
INTERNAL; 4; 10; 6; 795; INTERNAL; 10; 12; 2; 1033
INTERNAL; 9; 9; 0; 396; INTERNAL; 10; 12; 2; 1033
INTERNAL; 9; 9; 0; 551; INTERNAL; 10; 12; 2; 1033
INTERNAL; 9; 9; 0; 485; INTERNAL; 10; 12; 2; 1033
INTERNAL; 4; 9; 5; 763; INTERNAL; 11; 13; 2; 567
INTERNAL; 10; 10; 0; 911; INTERNAL; 11; 13; 2; 567
INTERNAL; 3; 9; 6; 866; INTERNAL; 11; 13; 2; 567
INTERNAL; 9; 9; 0; 546; INTERNAL; 11; 13; 2; 567
INTERNAL; 9; 9; 0; 604; INTERNAL; 11; 13; 2; 567
INTERNAL; 9; 9; 0; 981; INTERNAL; 11; 13; 2; 567
INTERNAL; 15; 15; 0; 1049; INTERNAL; 16; 16; 0; 709
INTERNAL; 14; 15; 1; 1089; INTERNAL; 16; 16; 0; 709
INTERNAL; 14; 15; 1; 1465; INTERNAL; 16; 16; 0; 709
INTERNAL; 14; 14; 0; 1055; INTERNAL; 15; 15; 0; 1049
INTERNAL; 13; 13; 0; 1059; INTERNAL; 15; 15; 0; 1049
INTERNAL; 12; 13; 1; 1060; INTERNAL; 15; 15; 0; 1049
INTERNAL; 12; 13; 1; 1064; INTERNAL; 15; 15; 0; 1049
INTERNAL; 13; 14; 1; 1065; INTERNAL; 15; 15; 0; 1049
INTERNAL; 13; 13; 0; 1066; INTERNAL; 14; 14; 0; 1055
INTERNAL; 13; 13; 0; 926; INTERNAL; 14; 14; 0; 1055
INTERNAL; 12; 12; 0; 1115; INTERNAL; 13; 13; 0; 1066
INTERNAL; 11; 12; 1; 1416; INTERNAL; 13; 13; 0; 1066
INTERNAL; 11; 12; 1; 1071; INTERNAL; 13; 13; 0; 1066
INTERNAL; 10; 10; 0; 911; INTERNAL; 12; 12; 0; 1115
INTERNAL; 11; 11; 0; 724; INTERNAL; 12; 12; 0; 1115
INTERNAL; 3; 9; 6; 448; INTERNAL; 12; 12; 0; 1115
INTERNAL; 10; 11; 1; 801; INTERNAL; 12; 12; 0; 1115
INTERNAL; 9; 9; 0; 604; INTERNAL; 11; 11; 0; 724
INTERNAL; 10; 10; 0; 1097; INTERNAL; 11; 11; 0; 724
INTERNAL; 9; 9; 0; 546; INTERNAL; 10; 11; 1; 801
INTERNAL; 9; 9; 0; 604; INTERNAL; 10; 11; 1; 801
INTERNAL; 4; 10; 6; 366; INTERNAL; 11; 12; 1; 1416
INTERNAL; 4; 10; 6; 795; INTERNAL; 11; 12; 1; 1416
INTERNAL; 10; 10; 0; 1519; INTERNAL; 11; 12; 1; 1416
INTERNAL; 10; 10; 0; 667; INTERNAL; 11; 12; 1; 1416
INTERNAL; 9; 9; 0; 485; INTERNAL; 11; 12; 1; 1416
INTERNAL; 10; 10; 0; 667; INTERNAL; 11; 12; 1; 1071
INTERNAL; 4; 10; 6; 370; INTERNAL; 11; 12; 1; 1071
INTERNAL; 10; 10; 0; 512; INTERNAL; 11; 12; 1; 1071
INTERNAL; 4; 9; 5; 587; INTERNAL; 11; 12; 1; 1071
INTERNAL; 10; 10; 0; 828; INTERNAL; 11; 12; 1; 1071
INTERNAL; 10; 10; 0; 911; INTERNAL; 11; 12; 1; 1071
INTERNAL; 12; 12; 0; 441; INTERNAL; 13; 13; 0; 926
INTERNAL; 12; 12; 0; 1075; INTERNAL; 13; 13; 0; 926
INTERNAL; 11; 11; 0; 693; INTERNAL; 12; 12; 0; 441
INTERNAL; 11; 11; 0; 1077; INTERNAL; 12; 12; 0; 441
INTERNAL; 10; 11; 1; 1082; INTERNAL; 12; 12; 0; 441
INTERNAL; 4; 10; 6; 370; INTERNAL; 11; 11; 0; 693
INTERNAL; 4; 10; 6; 366; INTERNAL; 11; 11; 0; 693
INTERNAL; 10; 10; 0; 1519; INTERNAL; 11; 11; 0; 693
INTERNAL; 10; 10; 0; 667; INTERNAL; 11; 11; 0; 693
INTERNAL; 9; 9; 0; 485; INTERNAL; 11; 11; 0; 693
INTERNAL; 10; 10; 0; 667; INTERNAL; 11; 11; 0; 1077
INTERNAL; 4; 9; 5; 587; INTERNAL; 11; 11; 0; 1077
INTERNAL; 10; 10; 0; 512; INTERNAL; 11; 11; 0; 1077
INTERNAL; 4; 9; 5; 757; INTERNAL; 11; 11; 0; 1077
INTERNAL; 10; 10; 0; 828; INTERNAL; 11; 11; 0; 1077
INTERNAL; 10; 10; 0; 911; INTERNAL; 11; 11; 0; 1077
INTERNAL; 4; 10; 6; 848; INTERNAL; 10; 11; 1; 1082
INTERNAL; 4; 9; 5; 763; INTERNAL; 10; 11; 1; 1082
INTERNAL; 9; 9; 0; 396; INTERNAL; 10; 11; 1; 1082
INTERNAL; 9; 9; 0; 546; INTERNAL; 10; 11; 1; 1082
INTERNAL; 9; 9; 0; 364; INTERNAL; 10; 11; 1; 1082
INTERNAL; 11; 11; 0; 1068; INTERNAL; 12; 12; 0; 1075
INTERNAL; 10; 11; 1; 1037; INTERNAL; 12; 12; 0; 1075
INTERNAL; 10; 11; 1; 497; INTERNAL; 12; 12; 0; 1075
INTERNAL; 10; 10; 0; 911; INTERNAL; 11; 11; 0; 1068
INTERNAL; 4; 9; 5; 757; INTERNAL; 11; 11; 0; 1068
INTERNAL; 4; 9; 5; 763; INTERNAL; 10; 11; 1; 1037
INTERNAL; 9; 9; 0; 546; INTERNAL; 10; 11; 1; 1037
INTERNAL; 9; 9; 0; 364; INTERNAL; 10; 11; 1; 1037
INTERNAL; 9; 9; 0; 396; INTERNAL; 10; 11; 1; 1037
INTERNAL; 4; 10; 6; 1423; INTERNAL; 10; 11; 1; 497
INTERNAL; 4; 10; 6; 848; INTERNAL; 10; 11; 1; 497
INTERNAL; 9; 9; 0; 396; INTERNAL; 10; 11; 1; 497
INTERNAL; 9; 9; 0; 551; INTERNAL; 10; 11; 1; 497
INTERNAL; 9; 9; 0; 485; INTERNAL; 10; 11; 1; 497
INTERNAL; 12; 13; 1; 1084; INTERNAL; 13; 14; 1; 1065
INTERNAL; 10; 13; 3; 1085; INTERNAL; 13; 14; 1; 1065
INTERNAL; 11; 13; 2; 1302; INTERNAL; 13; 14; 1; 1065
INTERNAL; 11; 11; 0; 724; INTERNAL; 12; 13; 1; 1084
INTERNAL; 10; 10; 0; 911; INTERNAL; 12; 13; 1; 1084
INTERNAL; 3; 9; 6; 448; INTERNAL; 12; 13; 1; 1084
INTERNAL; 10; 11; 1; 801; INTERNAL; 12; 13; 1; 1084
INTERNAL; 4; 9; 5; 763; INTERNAL; 11; 13; 2; 1302
INTERNAL; 10; 10; 0; 911; INTERNAL; 11; 13; 2; 1302
INTERNAL; 3; 9; 6; 866; INTERNAL; 11; 13; 2; 1302
INTERNAL; 9; 9; 0; 604; INTERNAL; 11; 13; 2; 1302
INTERNAL; 9; 9; 0; 981; INTERNAL; 11; 13; 2; 1302
INTERNAL; 9; 9; 0; 546; INTERNAL; 11; 13; 2; 1302
INTERNAL; 4; 10; 6; 795; INTERNAL; 10; 13; 3; 1085
INTERNAL; 4; 10; 6; 1423; INTERNAL; 10; 13; 3; 1085
INTERNAL; 9; 9; 0; 396; INTERNAL; 10; 13; 3; 1085
INTERNAL; 9; 9; 0; 551; INTERNAL; 10; 13; 3; 1085
INTERNAL; 9; 9; 0; 485; INTERNAL; 10; 13; 3; 1085
INTERNAL; 12; 12; 0; 1372; INTERNAL; 13; 13; 0; 1059
INTERNAL; 11; 12; 1; 1044; INTERNAL; 13; 13; 0; 1059
INTERNAL; 11; 12; 1; 1042; INTERNAL; 13; 13; 0; 1059
INTERNAL; 11; 12; 1; 1027; INTERNAL; 12; 13; 1; 1064
INTERNAL; 10; 12; 2; 1048; INTERNAL; 12; 13; 1; 1064
INTERNAL; 10; 12; 2; 1033; INTERNAL; 12; 13; 1; 1064
INTERNAL; 11; 11; 0; 693; INTERNAL; 12; 13; 1; 1060
INTERNAL; 11; 11; 0; 1077; INTERNAL; 12; 13; 1; 1060
INTERNAL; 10; 11; 1; 1082; INTERNAL; 12; 13; 1; 1060
INTERNAL; 13; 14; 1; 1062; INTERNAL; 14; 15; 1; 1089
INTERNAL; 12; 14; 2; 1086; INTERNAL; 14; 15; 1; 1089
INTERNAL; 11; 14; 3; 316; INTERNAL; 14; 15; 1; 1089
INTERNAL; 12; 12; 0; 1115; INTERNAL; 13; 14; 1; 1062
INTERNAL; 11; 12; 1; 1416; INTERNAL; 13; 14; 1; 1062
INTERNAL; 11; 12; 1; 1071; INTERNAL; 13; 14; 1; 1062
INTERNAL; 11; 11; 0; 1068; INTERNAL; 12; 14; 2; 1086
INTERNAL; 10; 11; 1; 1037; INTERNAL; 12; 14; 2; 1086
INTERNAL; 10; 11; 1; 497; INTERNAL; 12; 14; 2; 1086
INTERNAL; 10; 10; 0; 911; INTERNAL; 11; 14; 3; 316
INTERNAL; 4; 9; 5; 757; INTERNAL; 11; 14; 3; 316
INTERNAL; 4; 9; 5; 587; INTERNAL; 11; 14; 3; 316
INTERNAL; 10; 10; 0; 1006; INTERNAL; 11; 14; 3; 316
INTERNAL; 13; 13; 0; 1066; INTERNAL; 14; 15; 1; 1465
INTERNAL; 12; 12; 0; 441; INTERNAL; 14; 15; 1; 1465
INTERNAL; 12; 12; 0; 1075; INTERNAL; 14; 15; 1; 1465
INTERNAL; 12; 14; 2; 1087; INTERNAL; 14; 15; 1; 1465
INTERNAL; 11; 13; 2; 1463; INTERNAL; 14; 15; 1; 1465
INTERNAL; 11; 13; 2; 730; INTERNAL; 12; 14; 2; 1087
INTERNAL; 10; 13; 3; 1090; INTERNAL; 12; 14; 2; 1087
INTERNAL; 4; 10; 6; 795; INTERNAL; 11; 13; 2; 730
INTERNAL; 4; 10; 6; 1423; INTERNAL; 11; 13; 2; 730
INTERNAL; 10; 10; 0; 1519; INTERNAL; 11; 13; 2; 730
INTERNAL; 10; 10; 0; 667; INTERNAL; 11; 13; 2; 730
INTERNAL; 9; 9; 0; 485; INTERNAL; 11; 13; 2; 730
INTERNAL; 4; 10; 6; 848; INTERNAL; 10; 13; 3; 1090
INTERNAL; 4; 9; 5; 763; INTERNAL; 10; 13; 3; 1090
INTERNAL; 9; 9; 0; 396; INTERNAL; 10; 13; 3; 1090
INTERNAL; 9; 9; 0; 551; INTERNAL; 10; 13; 3; 1090
INTERNAL; 9; 9; 0; 485; INTERNAL; 10; 13; 3; 1090
INTERNAL; 10; 10; 0; 667; INTERNAL; 11; 13; 2; 1463
INTERNAL; 4; 10; 6; 366; INTERNAL; 11; 13; 2; 1463
INTERNAL; 10; 10; 0; 512; INTERNAL; 11; 13; 2; 1463
INTERNAL; 4; 10; 6; 370; INTERNAL; 11; 13; 2; 1463
INTERNAL; 10; 10; 0; 828; INTERNAL; 11; 13; 2; 1463
INTERNAL; 10; 10; 0; 911; INTERNAL; 11; 13; 2; 1463
INTERNAL; 14; 15; 1; 305; INTERNAL; 15; 16; 1; 761
INTERNAL; 14; 14; 0; 1055; INTERNAL; 15; 16; 1; 761
INTERNAL; 14; 14; 0; 1092; INTERNAL; 15; 16; 1; 761
INTERNAL; 13; 14; 1; 1093; INTERNAL; 15; 16; 1; 761
INTERNAL; 13; 14; 1; 1402; INTERNAL; 15; 16; 1; 761
INTERNAL; 13; 13; 0; 1059; INTERNAL; 14; 15; 1; 305
INTERNAL; 12; 13; 1; 1064; INTERNAL; 14; 15; 1; 305
INTERNAL; 12; 13; 1; 1060; INTERNAL; 14; 15; 1; 305
INTERNAL; 13; 14; 1; 1065; INTERNAL; 14; 15; 1; 305
INTERNAL; 13; 13; 0; 1059; INTERNAL; 14; 14; 0; 1092
INTERNAL; 12; 13; 1; 1064; INTERNAL; 14; 14; 0; 1092
INTERNAL; 12; 13; 1; 1060; INTERNAL; 14; 14; 0; 1092
INTERNAL; 12; 13; 1; 1046; INTERNAL; 13; 14; 1; 1402
INTERNAL; 12; 12; 0; 625; INTERNAL; 13; 14; 1; 1402
INTERNAL; 11; 12; 1; 308; INTERNAL; 13; 14; 1; 1402
INTERNAL; 11; 13; 2; 567; INTERNAL; 13; 14; 1; 1402
INTERNAL; 11; 12; 1; 562; INTERNAL; 13; 14; 1; 1402
INTERNAL; 12; 13; 1; 1084; INTERNAL; 13; 14; 1; 1093
INTERNAL; 11; 13; 2; 1302; INTERNAL; 13; 14; 1; 1093
INTERNAL; 10; 13; 3; 1085; INTERNAL; 13; 14; 1; 1093
INTERNAL; 14; 14; 0; 1092; INTERNAL; 15; 15; 0; 787
INTERNAL; 13; 14; 1; 1402; INTERNAL; 15; 15; 0; 787
INTERNAL; 13; 14; 1; 1093; INTERNAL; 15; 15; 0; 787
INTERNAL; 14; 14; 0; 1092; INTERNAL; 15; 16; 1; 951
INTERNAL; 13; 14; 1; 1093; INTERNAL; 15; 16; 1; 951
INTERNAL; 13; 14; 1; 1402; INTERNAL; 15; 16; 1; 951
INTERNAL; 14; 15; 1; 305; INTERNAL; 15; 16; 1; 951
INTERNAL; 14; 14; 0; 1055; INTERNAL; 15; 16; 1; 951
INTERNAL; 13; 13; 0; 1387; INTERNAL; 14; 15; 1; 802
INTERNAL; 13; 14; 1; 1039; INTERNAL; 14; 15; 1; 802
INTERNAL; 13; 14; 1; 484; INTERNAL; 14; 15; 1; 802
INTERNAL; 12; 13; 1; 853; INTERNAL; 14; 15; 1; 802
INTERNAL; 11; 13; 2; 888; INTERNAL; 14; 15; 1; 802
INTERNAL; 10; 11; 1; 739; INTERNAL; 14; 15; 1; 802
INTERNAL; 15; 15; 0; 1049; INTERNAL; 16; 17; 1; 307
INTERNAL; 14; 15; 1; 1089; INTERNAL; 16; 17; 1; 307
INTERNAL; 14; 15; 1; 1465; INTERNAL; 16; 17; 1; 307
INTERNAL; 14; 15; 1; 1089; INTERNAL; 15; 16; 1; 454
INTERNAL; 13; 13; 0; 1066; INTERNAL; 15; 16; 1; 454
INTERNAL; 12; 12; 0; 441; INTERNAL; 15; 16; 1; 454
INTERNAL; 12; 12; 0; 1075; INTERNAL; 15; 16; 1; 454
INTERNAL; 12; 14; 2; 1087; INTERNAL; 15; 16; 1; 454
INTERNAL; 11; 13; 2; 1463; INTERNAL; 15; 16; 1; 454
INTERNAL; 12; 15; 3; 1095; INTERNAL; 14; 16; 2; 947
INTERNAL; 13; 14; 1; 1062; INTERNAL; 14; 16; 2; 947
INTERNAL; 11; 14; 3; 316; INTERNAL; 14; 16; 2; 947
INTERNAL; 12; 14; 2; 1086; INTERNAL; 14; 16; 2; 947
INTERNAL; 12; 14; 2; 530; INTERNAL; 14; 16; 2; 947
INTERNAL; 12; 15; 3; 1098; INTERNAL; 14; 16; 2; 947
INTERNAL; 11; 13; 2; 730; INTERNAL; 12; 14; 2; 530
INTERNAL; 11; 13; 2; 1463; INTERNAL; 12; 14; 2; 530
INTERNAL; 10; 13; 3; 1090; INTERNAL; 12; 14; 2; 530
INTERNAL; 11; 14; 3; 617; INTERNAL; 12; 15; 3; 1098
INTERNAL; 11; 14; 3; 1102; INTERNAL; 12; 15; 3; 1098
INTERNAL; 10; 10; 0; 1006; INTERNAL; 11; 14; 3; 617
INTERNAL; 4; 9; 5; 757; INTERNAL; 11; 14; 3; 617
INTERNAL; 4; 9; 5; 587; INTERNAL; 11; 14; 3; 617
INTERNAL; 10; 10; 0; 911; INTERNAL; 11; 14; 3; 617
INTERNAL; 10; 10; 0; 667; INTERNAL; 11; 14; 3; 1102
INTERNAL; 4; 10; 6; 795; INTERNAL; 11; 14; 3; 1102
INTERNAL; 10; 10; 0; 512; INTERNAL; 11; 14; 3; 1102
INTERNAL; 4; 10; 6; 366; INTERNAL; 11; 14; 3; 1102
INTERNAL; 10; 10; 0; 828; INTERNAL; 11; 14; 3; 1102
INTERNAL; 10; 10; 0; 911; INTERNAL; 11; 14; 3; 1102
INTERNAL; 11; 14; 3; 1103; INTERNAL; 12; 15; 3; 1095
INTERNAL; 11; 14; 3; 1104; INTERNAL; 12; 15; 3; 1095
INTERNAL; 10; 14; 4; 1106; INTERNAL; 12; 15; 3; 1095
INTERNAL; 10; 10; 0; 911; INTERNAL; 11; 14; 3; 1103
INTERNAL; 4; 10; 6; 370; INTERNAL; 11; 14; 3; 1103
INTERNAL; 4; 10; 6; 1423; INTERNAL; 11; 14; 3; 1104
INTERNAL; 4; 10; 6; 848; INTERNAL; 11; 14; 3; 1104
INTERNAL; 10; 10; 0; 1519; INTERNAL; 11; 14; 3; 1104
INTERNAL; 10; 10; 0; 667; INTERNAL; 11; 14; 3; 1104
INTERNAL; 9; 9; 0; 485; INTERNAL; 11; 14; 3; 1104
INTERNAL; 4; 9; 5; 763; INTERNAL; 10; 14; 4; 1106
INTERNAL; 9; 9; 0; 396; INTERNAL; 10; 14; 4; 1106
INTERNAL; 9; 9; 0; 551; INTERNAL; 10; 14; 4; 1106
INTERNAL; 9; 9; 0; 485; INTERNAL; 10; 14; 4; 1106
INTERNAL; 13; 15; 2; 540; INTERNAL; 14; 16; 2; 750
INTERNAL; 12; 15; 3; 1108; INTERNAL; 14; 16; 2; 750
INTERNAL; 11; 15; 4; 662; INTERNAL; 14; 16; 2; 750
INTERNAL; 12; 14; 2; 530; INTERNAL; 13; 15; 2; 540
INTERNAL; 11; 14; 3; 1102; INTERNAL; 13; 15; 2; 540
INTERNAL; 11; 14; 3; 617; INTERNAL; 13; 15; 2; 540
INTERNAL; 11; 14; 3; 1103; INTERNAL; 12; 15; 3; 1108
INTERNAL; 11; 14; 3; 1104; INTERNAL; 12; 15; 3; 1108
INTERNAL; 10; 14; 4; 1106; INTERNAL; 12; 15; 3; 1108
INTERNAL; 11; 14; 3; 472; INTERNAL; 12; 15; 3; 1108
INTERNAL; 11; 14; 3; 417; INTERNAL; 12; 15; 3; 1108
INTERNAL; 4; 10; 6; 848; INTERNAL; 11; 14; 3; 472
INTERNAL; 4; 9; 5; 763; INTERNAL; 11; 14; 3; 472
INTERNAL; 10; 10; 0; 1519; INTERNAL; 11; 14; 3; 472
INTERNAL; 10; 10; 0; 667; INTERNAL; 11; 14; 3; 472
INTERNAL; 9; 9; 0; 485; INTERNAL; 11; 14; 3; 472
INTERNAL; 10; 10; 0; 667; INTERNAL; 11; 14; 3; 417
INTERNAL; 4; 10; 6; 1423; INTERNAL; 11; 14; 3; 417
INTERNAL; 10; 10; 0; 512; INTERNAL; 11; 14; 3; 417
INTERNAL; 4; 10; 6; 795; INTERNAL; 11; 14; 3; 417
INTERNAL; 10; 10; 0; 828; INTERNAL; 11; 14; 3; 417
INTERNAL; 10; 10; 0; 911; INTERNAL; 11; 14; 3; 417
INTERNAL; 10; 10; 0; 911; INTERNAL; 11; 15; 4; 662
INTERNAL; 4; 10; 6; 370; INTERNAL; 11; 15; 4; 662
INTERNAL; 4; 10; 6; 366; INTERNAL; 11; 15; 4; 662
INTERNAL; 10; 10; 0; 264; INTERNAL; 11; 15; 4; 662
INTERNAL; 13; 14; 1; 1062; INTERNAL; 14; 16; 2; 772
INTERNAL; 12; 14; 2; 1086; INTERNAL; 14; 16; 2; 772
INTERNAL; 11; 14; 3; 316; INTERNAL; 14; 16; 2; 772
INTERNAL; 12; 14; 2; 530; INTERNAL; 14; 16; 2; 772
INTERNAL; 12; 15; 3; 1098; INTERNAL; 14; 16; 2; 772
INTERNAL; 12; 15; 3; 1095; INTERNAL; 14; 16; 2; 772
INTERNAL; 13; 17; 4; 1112; INTERNAL; 14; 18; 4; 752
INTERNAL; 12; 16; 4; 817; INTERNAL; 14; 18; 4; 752
INTERNAL; 13; 15; 2; 540; INTERNAL; 14; 18; 4; 752
INTERNAL; 12; 15; 3; 1108; INTERNAL; 14; 18; 4; 752
INTERNAL; 11; 15; 4; 662; INTERNAL; 14; 18; 4; 752
INTERNAL; 12; 16; 4; 1114; INTERNAL; 13; 17; 4; 1112
INTERNAL; 11; 16; 5; 1117; INTERNAL; 13; 17; 4; 1112
INTERNAL; 11; 14; 3; 1103; INTERNAL; 12; 16; 4; 1114
INTERNAL; 11; 14; 3; 472; INTERNAL; 12; 16; 4; 1114
INTERNAL; 11; 14; 3; 417; INTERNAL; 12; 16; 4; 1114
INTERNAL; 11; 14; 3; 1104; INTERNAL; 12; 16; 4; 1114
INTERNAL; 10; 14; 4; 1106; INTERNAL; 12; 16; 4; 1114
INTERNAL; 10; 10; 0; 264; INTERNAL; 11; 16; 5; 1117
INTERNAL; 4; 10; 6; 370; INTERNAL; 11; 16; 5; 1117
INTERNAL; 4; 10; 6; 366; INTERNAL; 11; 16; 5; 1117
INTERNAL; 10; 10; 0; 911; INTERNAL; 11; 16; 5; 1117
INTERNAL; 11; 15; 4; 1040; INTERNAL; 12; 16; 4; 817
INTERNAL; 11; 15; 4; 1120; INTERNAL; 12; 16; 4; 817
INTERNAL; 11; 15; 4; 1123; INTERNAL; 12; 16; 4; 817
INTERNAL; 10; 10; 0; 911; INTERNAL; 11; 15; 4; 1040
INTERNAL; 4; 10; 6; 795; INTERNAL; 11; 15; 4; 1040
INTERNAL; 4; 9; 5; 763; INTERNAL; 11; 15; 4; 1120
INTERNAL; 10; 10; 0; 1519; INTERNAL; 11; 15; 4; 1120
INTERNAL; 9; 9; 0; 485; INTERNAL; 11; 15; 4; 1120
INTERNAL; 10; 10; 0; 667; INTERNAL; 11; 15; 4; 1120
INTERNAL; 10; 10; 0; 667; INTERNAL; 11; 15; 4; 1123
INTERNAL; 4; 10; 6; 848; INTERNAL; 11; 15; 4; 1123
INTERNAL; 10; 10; 0; 512; INTERNAL; 11; 15; 4; 1123
INTERNAL; 4; 10; 6; 1423; INTERNAL; 11; 15; 4; 1123
INTERNAL; 10; 10; 0; 828; INTERNAL; 11; 15; 4; 1123
INTERNAL; 10; 10; 0; 911; INTERNAL; 11; 15; 4; 1123
INTERNAL; 13; 15; 2; 540; INTERNAL; 14; 18; 4; 1197
INTERNAL; 12; 15; 3; 1108; INTERNAL; 14; 18; 4; 1197
INTERNAL; 11; 15; 4; 662; INTERNAL; 14; 18; 4; 1197
INTERNAL; 13; 17; 4; 1112; INTERNAL; 14; 18; 4; 1197
INTERNAL; 12; 16; 4; 817; INTERNAL; 14; 18; 4; 1197
INTERNAL; 13; 17; 4; 1124; INTERNAL; 14; 18; 4; 973
INTERNAL; 13; 17; 4; 718; INTERNAL; 14; 18; 4; 973
INTERNAL; 12; 16; 4; 1114; INTERNAL; 13; 17; 4; 1124
INTERNAL; 12; 16; 4; 817; INTERNAL; 13; 17; 4; 1124
INTERNAL; 11; 16; 5; 1117; INTERNAL; 13; 17; 4; 1124
INTERNAL; 11; 15; 4; 1040; INTERNAL; 13; 17; 4; 718
INTERNAL; 11; 15; 4; 1120; INTERNAL; 13; 17; 4; 718
INTERNAL; 11; 15; 4; 1123; INTERNAL; 13; 17; 4; 718
INTERNAL; 12; 16; 4; 1121; INTERNAL; 13; 17; 4; 718
INTERNAL; 11; 16; 5; 1129; INTERNAL; 13; 17; 4; 718
INTERNAL; 10; 10; 0; 911; INTERNAL; 12; 16; 4; 1121
INTERNAL; 4; 10; 6; 795; INTERNAL; 12; 16; 4; 1121
INTERNAL; 4; 10; 6; 1423; INTERNAL; 12; 16; 4; 1121
INTERNAL; 11; 15; 4; 611; INTERNAL; 12; 16; 4; 1121
INTERNAL; 9; 9; 0; 485; INTERNAL; 11; 15; 4; 611
INTERNAL; 10; 10; 0; 1519; INTERNAL; 11; 15; 4; 611
INTERNAL; 10; 10; 0; 667; INTERNAL; 11; 15; 4; 611
INTERNAL; 10; 10; 0; 667; INTERNAL; 11; 16; 5; 1129
INTERNAL; 4; 9; 5; 763; INTERNAL; 11; 16; 5; 1129
INTERNAL; 10; 10; 0; 512; INTERNAL; 11; 16; 5; 1129
INTERNAL; 4; 10; 6; 848; INTERNAL; 11; 16; 5; 1129
INTERNAL; 10; 10; 0; 828; INTERNAL; 11; 16; 5; 1129
INTERNAL; 10; 10; 0; 911; INTERNAL; 11; 16; 5; 1129
INTERNAL; 18; 18; 0; 1130; INTERNAL; 19; 19; 0; 655
INTERNAL; 18; 18; 0; 1132; INTERNAL; 19; 19; 0; 655
INTERNAL; 18; 18; 0; 1278; INTERNAL; 19; 19; 0; 655
INTERNAL; 10; 17; 7; 1133; INTERNAL; 19; 19; 0; 655
INTERNAL; 12; 17; 5; 533; INTERNAL; 19; 19; 0; 655
INTERNAL; 17; 17; 0; 789; INTERNAL; 18; 18; 0; 1130
INTERNAL; 16; 17; 1; 307; INTERNAL; 18; 18; 0; 1130
INTERNAL; 15; 16; 1; 454; INTERNAL; 18; 18; 0; 1130
INTERNAL; 14; 16; 2; 772; INTERNAL; 18; 18; 0; 1130
INTERNAL; 15; 17; 2; 1137; INTERNAL; 18; 18; 0; 1130
INTERNAL; 14; 16; 2; 947; INTERNAL; 15; 17; 2; 1137
INTERNAL; 14; 16; 2; 750; INTERNAL; 15; 17; 2; 1137
INTERNAL; 17; 17; 0; 789; INTERNAL; 18; 18; 0; 1132
INTERNAL; 16; 17; 1; 307; INTERNAL; 18; 18; 0; 1132
INTERNAL; 16; 17; 1; 499; INTERNAL; 18; 18; 0; 1132
INTERNAL; 15; 16; 1; 454; INTERNAL; 16; 17; 1; 499
INTERNAL; 14; 16; 2; 772; INTERNAL; 16; 17; 1; 499
INTERNAL; 17; 17; 0; 842; INTERNAL; 18; 18; 0; 1278
INTERNAL; 17; 17; 0; 1141; INTERNAL; 18; 18; 0; 1278
INTERNAL; 17; 17; 0; 1142; INTERNAL; 18; 18; 0; 1278
INTERNAL; 11; 16; 5; 1151; INTERNAL; 18; 18; 0; 1278
INTERNAL; 10; 17; 7; 836; INTERNAL; 18; 18; 0; 1278
INTERNAL; 16; 16; 0; 704; INTERNAL; 17; 17; 0; 842
INTERNAL; 14; 15; 1; 802; INTERNAL; 17; 17; 0; 842
INTERNAL; 15; 16; 1; 951; INTERNAL; 17; 17; 0; 842
INTERNAL; 15; 15; 0; 787; INTERNAL; 17; 17; 0; 842
INTERNAL; 15; 16; 1; 761; INTERNAL; 17; 17; 0; 842
INTERNAL; 16; 16; 0; 709; INTERNAL; 17; 17; 0; 842
INTERNAL; 16; 16; 0; 704; INTERNAL; 17; 17; 0; 1141
INTERNAL; 15; 15; 0; 787; INTERNAL; 17; 17; 0; 1141
INTERNAL; 14; 15; 1; 802; INTERNAL; 17; 17; 0; 1141
INTERNAL; 15; 16; 1; 951; INTERNAL; 17; 17; 0; 1141
INTERNAL; 10; 16; 6; 1153; INTERNAL; 17; 17; 0; 1142
INTERNAL; 16; 16; 0; 525; INTERNAL; 17; 17; 0; 1142
INTERNAL; 16; 16; 0; 1155; INTERNAL; 17; 17; 0; 1142
INTERNAL; 11; 16; 5; 797; INTERNAL; 17; 17; 0; 1142
INTERNAL; 16; 16; 0; 1161; INTERNAL; 17; 17; 0; 1142
INTERNAL; 16; 16; 0; 704; INTERNAL; 17; 17; 0; 1142
INTERNAL; 15; 15; 0; 787; INTERNAL; 16; 16; 0; 1161
INTERNAL; 14; 15; 1; 802; INTERNAL; 16; 16; 0; 1161
INTERNAL; 15; 15; 0; 706; INTERNAL; 16; 16; 0; 525
INTERNAL; 15; 15; 0; 775; INTERNAL; 16; 16; 0; 525
INTERNAL; 15; 15; 0; 663; INTERNAL; 16; 16; 0; 525
INTERNAL; 15; 15; 0; 599; INTERNAL; 16; 16; 0; 525
INTERNAL; 15; 15; 0; 1242; INTERNAL; 16; 16; 0; 525
INTERNAL; 14; 15; 1; 715; INTERNAL; 16; 16; 0; 525
INTERNAL; 10; 15; 5; 1162; INTERNAL; 16; 16; 0; 1155
INTERNAL; 15; 15; 0; 663; INTERNAL; 16; 16; 0; 1155
INTERNAL; 10; 15; 5; 1018; INTERNAL; 16; 16; 0; 1155
INTERNAL; 15; 15; 0; 865; INTERNAL; 16; 16; 0; 1155
INTERNAL; 14; 14; 0; 340; INTERNAL; 16; 16; 0; 1155
INTERNAL; 14; 14; 0; 1175; INTERNAL; 16; 16; 0; 1155
INTERNAL; 14; 14; 0; 279; INTERNAL; 15; 15; 0; 865
INTERNAL; 14; 14; 0; 369; INTERNAL; 15; 15; 0; 865
INTERNAL; 13; 14; 1; 273; INTERNAL; 15; 15; 0; 865
INTERNAL; 14; 14; 0; 699; INTERNAL; 15; 15; 0; 865
INTERNAL; 14; 14; 0; 276; INTERNAL; 15; 15; 0; 865
INTERNAL; 9; 14; 5; 1164; INTERNAL; 10; 15; 5; 1018
INTERNAL; 8; 14; 6; 595; INTERNAL; 10; 15; 5; 1018
INTERNAL; 8; 14; 6; 1166; INTERNAL; 10; 15; 5; 1018
INTERNAL; 8; 14; 6; 1199; INTERNAL; 10; 15; 5; 1018
INTERNAL; 6; 6; 0; 483; INTERNAL; 9; 14; 5; 1164
INTERNAL; 6; 6; 0; 729; INTERNAL; 9; 14; 5; 1164
INTERNAL; 6; 6; 0; 1032; INTERNAL; 9; 14; 5; 1164
INTERNAL; 8; 13; 5; 788; INTERNAL; 9; 14; 5; 1164
INTERNAL; 7; 7; 0; 615; INTERNAL; 8; 13; 5; 788
INTERNAL; 6; 6; 0; 588; INTERNAL; 8; 13; 5; 788
INTERNAL; 6; 6; 0; 432; INTERNAL; 8; 13; 5; 788
INTERNAL; 6; 6; 0; 436; INTERNAL; 8; 13; 5; 788
INTERNAL; 7; 7; 0; 465; INTERNAL; 8; 13; 5; 788
INTERNAL; 7; 7; 0; 302; INTERNAL; 8; 13; 5; 788
INTERNAL; 6; 6; 0; 658; INTERNAL; 8; 14; 6; 595
INTERNAL; 6; 6; 0; 711; INTERNAL; 8; 14; 6; 595
INTERNAL; 6; 6; 0; 885; INTERNAL; 8; 14; 6; 595
INTERNAL; 6; 6; 0; 783; INTERNAL; 8; 14; 6; 595
INTERNAL; 7; 8; 1; 429; INTERNAL; 8; 14; 6; 595
INTERNAL; 7; 13; 6; 523; INTERNAL; 8; 14; 6; 595
INTERNAL; 5; 5; 0; 1269; INTERNAL; 7; 13; 6; 523
INTERNAL; 6; 6; 0; 1148; INTERNAL; 7; 13; 6; 523
INTERNAL; 6; 6; 0; 326; INTERNAL; 7; 13; 6; 523
INTERNAL; 7; 7; 0; 609; INTERNAL; 8; 14; 6; 1166
INTERNAL; 7; 7; 0; 928; INTERNAL; 8; 14; 6; 1166
INTERNAL; 6; 6; 0; 971; INTERNAL; 8; 14; 6; 1166
INTERNAL; 6; 6; 0; 876; INTERNAL; 8; 14; 6; 1166
INTERNAL; 7; 7; 0; 426; INTERNAL; 8; 14; 6; 1166
INTERNAL; 7; 7; 0; 768; INTERNAL; 8; 14; 6; 1166
INTERNAL; 6; 6; 0; 920; INTERNAL; 8; 14; 6; 1199
INTERNAL; 6; 6; 0; 738; INTERNAL; 8; 14; 6; 1199
INTERNAL; 7; 13; 6; 1167; INTERNAL; 8; 14; 6; 1199
INTERNAL; 7; 13; 6; 339; INTERNAL; 8; 14; 6; 1199
INTERNAL; 7; 13; 6; 568; INTERNAL; 8; 14; 6; 1199
INTERNAL; 5; 5; 0; 982; INTERNAL; 7; 13; 6; 339
INTERNAL; 6; 6; 0; 905; INTERNAL; 7; 13; 6; 339
INTERNAL; 6; 6; 0; 1204; INTERNAL; 7; 13; 6; 339
INTERNAL; 6; 6; 0; 482; INTERNAL; 7; 13; 6; 339
INTERNAL; 6; 6; 0; 820; INTERNAL; 7; 13; 6; 339
INTERNAL; 6; 6; 0; 1365; INTERNAL; 7; 13; 6; 339
INTERNAL; 5; 5; 0; 592; INTERNAL; 7; 13; 6; 568
INTERNAL; 5; 5; 0; 756; INTERNAL; 7; 13; 6; 568
INTERNAL; 6; 6; 0; 870; INTERNAL; 7; 13; 6; 568
INTERNAL; 6; 6; 0; 879; INTERNAL; 7; 13; 6; 568
INTERNAL; 6; 6; 0; 872; INTERNAL; 7; 13; 6; 568
INTERNAL; 6; 6; 0; 881; INTERNAL; 7; 13; 6; 568
INTERNAL; 5; 5; 0; 827; INTERNAL; 7; 13; 6; 1167
INTERNAL; 6; 7; 1; 996; INTERNAL; 7; 13; 6; 1167
INTERNAL; 6; 6; 0; 741; INTERNAL; 7; 13; 6; 1167
INTERNAL; 9; 14; 5; 1498; INTERNAL; 10; 15; 5; 1162
INTERNAL; 9; 14; 5; 1168; INTERNAL; 10; 15; 5; 1162
INTERNAL; 8; 14; 6; 1172; INTERNAL; 10; 15; 5; 1162
INTERNAL; 8; 14; 6; 1173; INTERNAL; 10; 15; 5; 1162
INTERNAL; 7; 7; 0; 399; INTERNAL; 10; 15; 5; 1162
INTERNAL; 8; 13; 5; 1061; INTERNAL; 9; 14; 5; 1498
INTERNAL; 8; 13; 5; 1176; INTERNAL; 9; 14; 5; 1498
INTERNAL; 7; 7; 0; 735; INTERNAL; 9; 14; 5; 1498
INTERNAL; 7; 7; 0; 602; INTERNAL; 9; 14; 5; 1498
INTERNAL; 7; 7; 0; 496; INTERNAL; 9; 14; 5; 1498
INTERNAL; 6; 6; 0; 712; INTERNAL; 8; 13; 5; 1061
INTERNAL; 6; 6; 0; 879; INTERNAL; 8; 13; 5; 1061
INTERNAL; 7; 7; 0; 692; INTERNAL; 8; 13; 5; 1061
INTERNAL; 6; 6; 0; 721; INTERNAL; 8; 13; 5; 1176
INTERNAL; 6; 6; 0; 455; INTERNAL; 8; 13; 5; 1176
INTERNAL; 6; 6; 0; 482; INTERNAL; 8; 13; 5; 1176
INTERNAL; 7; 12; 5; 1022; INTERNAL; 8; 13; 5; 1176
INTERNAL; 7; 7; 0; 702; INTERNAL; 8; 13; 5; 1176
INTERNAL; 6; 6; 0; 811; INTERNAL; 7; 12; 5; 1022
INTERNAL; 6; 6; 0; 381; INTERNAL; 7; 12; 5; 1022
INTERNAL; 6; 6; 0; 901; INTERNAL; 7; 12; 5; 1022
INTERNAL; 6; 6; 0; 603; INTERNAL; 7; 12; 5; 1022
INTERNAL; 6; 6; 0; 783; INTERNAL; 7; 12; 5; 1022
INTERNAL; 6; 6; 0; 658; INTERNAL; 9; 14; 5; 1168
INTERNAL; 6; 6; 0; 565; INTERNAL; 9; 14; 5; 1168
INTERNAL; 6; 6; 0; 908; INTERNAL; 9; 14; 5; 1168
INTERNAL; 8; 13; 5; 1177; INTERNAL; 9; 14; 5; 1168
INTERNAL; 8; 13; 5; 1179; INTERNAL; 9; 14; 5; 1168
INTERNAL; 7; 7; 0; 615; INTERNAL; 8; 13; 5; 1179
INTERNAL; 6; 6; 0; 588; INTERNAL; 8; 13; 5; 1179
INTERNAL; 6; 6; 0; 806; INTERNAL; 8; 13; 5; 1179
INTERNAL; 6; 6; 0; 922; INTERNAL; 8; 13; 5; 1179
INTERNAL; 7; 7; 0; 1146; INTERNAL; 8; 13; 5; 1179
INTERNAL; 6; 6; 0; 800; INTERNAL; 8; 13; 5; 1177
INTERNAL; 6; 6; 0; 785; INTERNAL; 8; 13; 5; 1177
INTERNAL; 6; 6; 0; 766; INTERNAL; 8; 13; 5; 1177
INTERNAL; 7; 8; 1; 487; INTERNAL; 8; 13; 5; 1177
INTERNAL; 6; 6; 0; 586; INTERNAL; 8; 14; 6; 1172
INTERNAL; 6; 6; 0; 1227; INTERNAL; 8; 14; 6; 1172
INTERNAL; 6; 6; 0; 929; INTERNAL; 8; 14; 6; 1172
INTERNAL; 7; 7; 0; 503; INTERNAL; 8; 14; 6; 1172
INTERNAL; 7; 7; 0; 379; INTERNAL; 8; 14; 6; 1172
INTERNAL; 7; 7; 0; 609; INTERNAL; 8; 14; 6; 1173
INTERNAL; 6; 6; 0; 585; INTERNAL; 8; 14; 6; 1173
INTERNAL; 6; 6; 0; 1394; INTERNAL; 8; 14; 6; 1173
INTERNAL; 6; 6; 0; 687; INTERNAL; 8; 14; 6; 1173
INTERNAL; 6; 6; 0; 335; INTERNAL; 8; 14; 6; 1173
INTERNAL; 7; 7; 0; 461; INTERNAL; 8; 14; 6; 1173
INTERNAL; 10; 15; 5; 268; INTERNAL; 11; 16; 5; 797
INTERNAL; 9; 15; 6; 744; INTERNAL; 11; 16; 5; 797
INTERNAL; 9; 15; 6; 404; INTERNAL; 11; 16; 5; 797
INTERNAL; 8; 15; 7; 1184; INTERNAL; 11; 16; 5; 797
INTERNAL; 8; 8; 0; 933; INTERNAL; 11; 16; 5; 797
INTERNAL; 7; 7; 0; 504; INTERNAL; 11; 16; 5; 797
INTERNAL; 6; 6; 0; 806; INTERNAL; 10; 15; 5; 268
INTERNAL; 6; 6; 0; 1394; INTERNAL; 10; 15; 5; 268
INTERNAL; 7; 7; 0; 461; INTERNAL; 10; 15; 5; 268
INTERNAL; 7; 7; 0; 341; INTERNAL; 10; 15; 5; 268
INTERNAL; 9; 14; 5; 1186; INTERNAL; 10; 15; 5; 268
INTERNAL; 8; 14; 6; 1158; INTERNAL; 10; 15; 5; 268
INTERNAL; 6; 6; 0; 903; INTERNAL; 9; 14; 5; 1186
INTERNAL; 6; 6; 0; 741; INTERNAL; 9; 14; 5; 1186
INTERNAL; 7; 7; 0; 1232; INTERNAL; 9; 14; 5; 1186
INTERNAL; 7; 13; 6; 523; INTERNAL; 9; 14; 5; 1186
INTERNAL; 8; 13; 5; 1007; INTERNAL; 9; 14; 5; 1186
INTERNAL; 8; 13; 5; 837; INTERNAL; 9; 14; 5; 1186
INTERNAL; 6; 6; 0; 378; INTERNAL; 8; 13; 5; 1007
INTERNAL; 6; 6; 0; 1385; INTERNAL; 8; 13; 5; 1007
INTERNAL; 6; 6; 0; 858; INTERNAL; 8; 13; 5; 1007
INTERNAL; 7; 8; 1; 963; INTERNAL; 8; 13; 5; 1007
INTERNAL; 7; 7; 0; 1150; INTERNAL; 8; 13; 5; 837
INTERNAL; 6; 6; 0; 930; INTERNAL; 8; 13; 5; 837
INTERNAL; 6; 6; 0; 401; INTERNAL; 8; 13; 5; 837
INTERNAL; 7; 12; 5; 1191; INTERNAL; 8; 13; 5; 837
INTERNAL; 6; 6; 0; 489; INTERNAL; 7; 12; 5; 1191
INTERNAL; 6; 6; 0; 687; INTERNAL; 7; 12; 5; 1191
INTERNAL; 7; 7; 0; 377; INTERNAL; 8; 14; 6; 1158
INTERNAL; 6; 6; 0; 1489; INTERNAL; 8; 14; 6; 1158
INTERNAL; 6; 6; 0; 883; INTERNAL; 8; 14; 6; 1158
INTERNAL; 7; 7; 0; 849; INTERNAL; 9; 15; 6; 744
INTERNAL; 7; 7; 0; 928; INTERNAL; 9; 15; 6; 744
INTERNAL; 6; 6; 0; 970; INTERNAL; 9; 15; 6; 744
INTERNAL; 6; 6; 0; 481; INTERNAL; 9; 15; 6; 744
INTERNAL; 7; 8; 1; 695; INTERNAL; 9; 15; 6; 744
INTERNAL; 8; 8; 0; 652; INTERNAL; 9; 15; 6; 744
INTERNAL; 6; 6; 0; 412; INTERNAL; 9; 15; 6; 404
INTERNAL; 6; 6; 0; 711; INTERNAL; 9; 15; 6; 404
INTERNAL; 6; 6; 0; 286; INTERNAL; 9; 15; 6; 404
INTERNAL; 6; 6; 0; 857; INTERNAL; 9; 15; 6; 404
INTERNAL; 8; 14; 6; 624; INTERNAL; 9; 15; 6; 404
INTERNAL; 7; 14; 7; 1192; INTERNAL; 9; 15; 6; 404
INTERNAL; 6; 6; 0; 834; INTERNAL; 8; 14; 6; 624
INTERNAL; 6; 6; 0; 721; INTERNAL; 8; 14; 6; 624
INTERNAL; 6; 6; 0; 381; INTERNAL; 8; 14; 6; 624
INTERNAL; 6; 6; 0; 424; INTERNAL; 8; 14; 6; 624
INTERNAL; 6; 6; 0; 922; INTERNAL; 8; 14; 6; 624
INTERNAL; 7; 7; 0; 372; INTERNAL; 8; 14; 6; 624
INTERNAL; 5; 5; 0; 907; INTERNAL; 7; 14; 7; 1192
INTERNAL; 6; 6; 0; 1143; INTERNAL; 7; 14; 7; 1192
INTERNAL; 6; 6; 0; 971; INTERNAL; 7; 14; 7; 1192
INTERNAL; 7; 7; 0; 946; INTERNAL; 8; 15; 7; 1184
INTERNAL; 7; 7; 0; 395; INTERNAL; 8; 15; 7; 1184
INTERNAL; 7; 7; 0; 581; INTERNAL; 8; 15; 7; 1184
INTERNAL; 7; 7; 0; 645; INTERNAL; 8; 15; 7; 1184
INTERNAL; 9; 14; 5; 1168; INTERNAL; 10; 16; 6; 1153
INTERNAL; 9; 15; 6; 1196; INTERNAL; 10; 16; 6; 1153
INTERNAL; 9; 15; 6; 744; INTERNAL; 10; 16; 6; 1153
INTERNAL; 8; 8; 0; 278; INTERNAL; 10; 16; 6; 1153
INTERNAL; 8; 15; 7; 1198; INTERNAL; 10; 16; 6; 1153
INTERNAL; 6; 6; 0; 708; INTERNAL; 9; 15; 6; 1196
INTERNAL; 6; 6; 0; 482; INTERNAL; 9; 15; 6; 1196
INTERNAL; 6; 6; 0; 566; INTERNAL; 9; 15; 6; 1196
INTERNAL; 7; 7; 0; 602; INTERNAL; 9; 15; 6; 1196
INTERNAL; 8; 14; 6; 1200; INTERNAL; 9; 15; 6; 1196
INTERNAL; 7; 7; 0; 890; INTERNAL; 8; 14; 6; 1200
INTERNAL; 6; 6; 0; 582; INTERNAL; 8; 14; 6; 1200
INTERNAL; 6; 6; 0; 1204; INTERNAL; 8; 14; 6; 1200
INTERNAL; 6; 6; 0; 326; INTERNAL; 8; 14; 6; 1200
INTERNAL; 6; 6; 0; 560; INTERNAL; 8; 15; 7; 1198
INTERNAL; 6; 6; 0; 654; INTERNAL; 8; 15; 7; 1198
INTERNAL; 7; 7; 0; 506; INTERNAL; 8; 15; 7; 1198
INTERNAL; 7; 7; 0; 648; INTERNAL; 8; 15; 7; 1198
INTERNAL; 10; 15; 5; 1134; INTERNAL; 11; 16; 5; 1151
INTERNAL; 9; 15; 6; 909; INTERNAL; 11; 16; 5; 1151
INTERNAL; 9; 15; 6; 583; INTERNAL; 11; 16; 5; 1151
INTERNAL; 8; 15; 7; 1201; INTERNAL; 11; 16; 5; 1151
INTERNAL; 6; 6; 0; 557; INTERNAL; 10; 15; 5; 1134
INTERNAL; 7; 14; 7; 895; INTERNAL; 10; 15; 5; 1134
INTERNAL; 9; 14; 5; 1339; INTERNAL; 10; 15; 5; 1134
INTERNAL; 6; 6; 0; 919; INTERNAL; 9; 14; 5; 1339
INTERNAL; 6; 6; 0; 481; INTERNAL; 9; 14; 5; 1339
INTERNAL; 7; 7; 0; 549; INTERNAL; 9; 14; 5; 1339
INTERNAL; 7; 13; 6; 753; INTERNAL; 9; 14; 5; 1339
INTERNAL; 8; 8; 0; 612; INTERNAL; 9; 14; 5; 1339
INTERNAL; 8; 13; 5; 1205; INTERNAL; 9; 14; 5; 1339
INTERNAL; 6; 6; 0; 653; INTERNAL; 8; 13; 5; 1205
INTERNAL; 6; 6; 0; 806; INTERNAL; 8; 13; 5; 1205
INTERNAL; 6; 6; 0; 623; INTERNAL; 8; 13; 5; 1205
INTERNAL; 6; 6; 0; 857; INTERNAL; 8; 13; 5; 1205
INTERNAL; 7; 7; 0; 461; INTERNAL; 8; 13; 5; 1205
INTERNAL; 6; 6; 0; 558; INTERNAL; 7; 13; 6; 753
INTERNAL; 6; 6; 0; 766; INTERNAL; 7; 13; 6; 753
INTERNAL; 6; 6; 0; 455; INTERNAL; 7; 14; 7; 895
INTERNAL; 6; 6; 0; 891; INTERNAL; 7; 14; 7; 895
INTERNAL; 8; 14; 6; 1174; INTERNAL; 9; 15; 6; 909
INTERNAL; 7; 7; 0; 645; INTERNAL; 9; 15; 6; 909
INTERNAL; 7; 7; 0; 350; INTERNAL; 9; 15; 6; 909
INTERNAL; 7; 7; 0; 1146; INTERNAL; 9; 15; 6; 909
INTERNAL; 7; 7; 0; 953; INTERNAL; 8; 14; 6; 1174
INTERNAL; 6; 6; 0; 915; INTERNAL; 8; 14; 6; 1174
INTERNAL; 7; 13; 6; 1208; INTERNAL; 8; 14; 6; 1174
INTERNAL; 7; 13; 6; 1209; INTERNAL; 8; 14; 6; 1174
INTERNAL; 7; 13; 6; 1187; INTERNAL; 8; 14; 6; 1174
INTERNAL; 5; 5; 0; 1269; INTERNAL; 7; 13; 6; 1187
INTERNAL; 6; 6; 0; 1148; INTERNAL; 7; 13; 6; 1187
INTERNAL; 6; 6; 0; 694; INTERNAL; 7; 13; 6; 1187
INTERNAL; 6; 6; 0; 482; INTERNAL; 7; 13; 6; 1187
INTERNAL; 6; 6; 0; 707; INTERNAL; 7; 13; 6; 1208
INTERNAL; 6; 6; 0; 666; INTERNAL; 7; 13; 6; 1208
INTERNAL; 6; 6; 0; 310; INTERNAL; 7; 13; 6; 1208
INTERNAL; 6; 6; 0; 777; INTERNAL; 7; 13; 6; 1208
INTERNAL; 6; 6; 0; 883; INTERNAL; 7; 13; 6; 1209
INTERNAL; 6; 6; 0; 978; INTERNAL; 7; 13; 6; 1209
INTERNAL; 6; 6; 0; 785; INTERNAL; 9; 15; 6; 583
INTERNAL; 6; 6; 0; 1365; INTERNAL; 9; 15; 6; 583
INTERNAL; 6; 6; 0; 838; INTERNAL; 9; 15; 6; 583
INTERNAL; 8; 14; 6; 1202; INTERNAL; 9; 15; 6; 583
INTERNAL; 6; 6; 0; 903; INTERNAL; 8; 14; 6; 1202
INTERNAL; 6; 6; 0; 346; INTERNAL; 8; 14; 6; 1202
INTERNAL; 6; 6; 0; 1448; INTERNAL; 8; 14; 6; 1202
INTERNAL; 6; 6; 0; 825; INTERNAL; 8; 14; 6; 1202
INTERNAL; 7; 7; 0; 702; INTERNAL; 8; 14; 6; 1202
INTERNAL; 7; 7; 0; 928; INTERNAL; 8; 15; 7; 1201
INTERNAL; 6; 6; 0; 1292; INTERNAL; 8; 15; 7; 1201
INTERNAL; 6; 6; 0; 585; INTERNAL; 8; 15; 7; 1201
INTERNAL; 6; 6; 0; 489; INTERNAL; 8; 15; 7; 1201
INTERNAL; 7; 7; 0; 353; INTERNAL; 8; 15; 7; 1201
INTERNAL; 7; 7; 0; 581; INTERNAL; 8; 15; 7; 1201
INTERNAL; 9; 14; 5; 1164; INTERNAL; 10; 17; 7; 836
INTERNAL; 8; 16; 8; 1041; INTERNAL; 10; 17; 7; 836
INTERNAL; 8; 13; 5; 1007; INTERNAL; 10; 17; 7; 836
INTERNAL; 8; 16; 8; 1213; INTERNAL; 10; 17; 7; 836
INTERNAL; 8; 16; 8; 1214; INTERNAL; 10; 17; 7; 836
INTERNAL; 7; 16; 9; 1216; INTERNAL; 10; 17; 7; 836
INTERNAL; 7; 7; 0; 341; INTERNAL; 8; 16; 8; 1041
INTERNAL; 7; 7; 0; 602; INTERNAL; 8; 16; 8; 1041
INTERNAL; 7; 7; 0; 897; INTERNAL; 8; 16; 8; 1041
INTERNAL; 7; 7; 0; 504; INTERNAL; 8; 16; 8; 1041
INTERNAL; 7; 7; 0; 544; INTERNAL; 8; 16; 8; 1041
INTERNAL; 7; 8; 1; 758; INTERNAL; 8; 16; 8; 1213
INTERNAL; 6; 6; 0; 1292; INTERNAL; 8; 16; 8; 1213
INTERNAL; 7; 7; 0; 999; INTERNAL; 8; 16; 8; 1213
INTERNAL; 7; 15; 8; 1218; INTERNAL; 8; 16; 8; 1213
INTERNAL; 7; 7; 0; 389; INTERNAL; 8; 16; 8; 1213
INTERNAL; 6; 6; 0; 643; INTERNAL; 7; 15; 8; 1218
INTERNAL; 6; 6; 0; 623; INTERNAL; 7; 15; 8; 1218
INTERNAL; 7; 7; 0; 849; INTERNAL; 8; 16; 8; 1214
INTERNAL; 6; 6; 0; 553; INTERNAL; 8; 16; 8; 1214
INTERNAL; 6; 6; 0; 1522; INTERNAL; 8; 16; 8; 1214
INTERNAL; 6; 6; 0; 510; INTERNAL; 8; 16; 8; 1214
INTERNAL; 7; 7; 0; 513; INTERNAL; 8; 16; 8; 1214
INTERNAL; 7; 8; 1; 593; INTERNAL; 8; 16; 8; 1214
INTERNAL; 6; 6; 0; 915; INTERNAL; 7; 16; 9; 1216
INTERNAL; 6; 6; 0; 804; INTERNAL; 7; 16; 9; 1216
INTERNAL; 6; 6; 0; 721; INTERNAL; 7; 16; 9; 1216
INTERNAL; 11; 16; 5; 1221; INTERNAL; 12; 17; 5; 533
INTERNAL; 9; 16; 7; 1223; INTERNAL; 12; 17; 5; 533
INTERNAL; 8; 16; 8; 1437; INTERNAL; 12; 17; 5; 533
INTERNAL; 8; 16; 8; 1224; INTERNAL; 12; 17; 5; 533
INTERNAL; 8; 14; 6; 1158; INTERNAL; 12; 17; 5; 533
INTERNAL; 7; 7; 0; 1317; INTERNAL; 12; 17; 5; 533
INTERNAL; 6; 6; 0; 1032; INTERNAL; 11; 16; 5; 1221
INTERNAL; 6; 6; 0; 510; INTERNAL; 11; 16; 5; 1221
INTERNAL; 6; 6; 0; 326; INTERNAL; 11; 16; 5; 1221
INTERNAL; 10; 15; 5; 332; INTERNAL; 11; 16; 5; 1221
INTERNAL; 7; 7; 0; 953; INTERNAL; 10; 15; 5; 332
INTERNAL; 6; 6; 0; 424; INTERNAL; 10; 15; 5; 332
INTERNAL; 6; 6; 0; 694; INTERNAL; 10; 15; 5; 332
INTERNAL; 9; 14; 5; 1225; INTERNAL; 10; 15; 5; 332
INTERNAL; 9; 14; 5; 297; INTERNAL; 10; 15; 5; 332
INTERNAL; 8; 14; 6; 1229; INTERNAL; 10; 15; 5; 332
INTERNAL; 6; 6; 0; 576; INTERNAL; 9; 14; 5; 1225
INTERNAL; 6; 6; 0; 1227; INTERNAL; 9; 14; 5; 1225
INTERNAL; 6; 6; 0; 785; INTERNAL; 9; 14; 5; 1225
INTERNAL; 6; 6; 0; 825; INTERNAL; 9; 14; 5; 1225
INTERNAL; 8; 13; 5; 1061; INTERNAL; 9; 14; 5; 1225
INTERNAL; 6; 6; 0; 1292; INTERNAL; 9; 14; 5; 297
INTERNAL; 6; 6; 0; 708; INTERNAL; 9; 14; 5; 297
INTERNAL; 7; 8; 1; 898; INTERNAL; 9; 14; 5; 297
INTERNAL; 8; 8; 0; 612; INTERNAL; 9; 14; 5; 297
INTERNAL; 7; 7; 0; 1047; INTERNAL; 9; 14; 5; 297
INTERNAL; 7; 7; 0; 966; INTERNAL; 8; 14; 6; 1229
INTERNAL; 6; 6; 0; 582; INTERNAL; 8; 14; 6; 1229
INTERNAL; 6; 6; 0; 885; INTERNAL; 8; 14; 6; 1229
INTERNAL; 6; 6; 0; 711; INTERNAL; 9; 16; 7; 1223
INTERNAL; 6; 6; 0; 814; INTERNAL; 9; 16; 7; 1223
INTERNAL; 6; 6; 0; 857; INTERNAL; 9; 16; 7; 1223
INTERNAL; 8; 15; 7; 1230; INTERNAL; 9; 16; 7; 1223
INTERNAL; 7; 7; 0; 854; INTERNAL; 9; 16; 7; 1223
INTERNAL; 7; 15; 8; 1236; INTERNAL; 9; 16; 7; 1223
INTERNAL; 7; 7; 0; 1150; INTERNAL; 8; 15; 7; 1230
INTERNAL; 6; 6; 0; 707; INTERNAL; 8; 15; 7; 1230
INTERNAL; 6; 6; 0; 741; INTERNAL; 8; 15; 7; 1230
INTERNAL; 6; 6; 0; 792; INTERNAL; 8; 15; 7; 1230
INTERNAL; 6; 6; 0; 481; INTERNAL; 8; 15; 7; 1230
INTERNAL; 6; 6; 0; 687; INTERNAL; 8; 15; 7; 1230
INTERNAL; 6; 6; 0; 1471; INTERNAL; 7; 15; 8; 1236
INTERNAL; 6; 6; 0; 427; INTERNAL; 7; 15; 8; 1236
INTERNAL; 6; 6; 0; 1342; INTERNAL; 7; 15; 8; 1236
INTERNAL; 7; 7; 0; 572; INTERNAL; 8; 16; 8; 1437
INTERNAL; 7; 15; 8; 501; INTERNAL; 8; 16; 8; 1437
INTERNAL; 6; 6; 0; 621; INTERNAL; 7; 15; 8; 501
INTERNAL; 6; 6; 0; 876; INTERNAL; 7; 15; 8; 501
INTERNAL; 6; 6; 0; 920; INTERNAL; 7; 15; 8; 501
INTERNAL; 6; 6; 0; 634; INTERNAL; 7; 15; 8; 501
INTERNAL; 6; 6; 0; 489; INTERNAL; 7; 15; 8; 501
INTERNAL; 6; 6; 0; 820; INTERNAL; 7; 15; 8; 501
INTERNAL; 7; 15; 8; 1239; INTERNAL; 8; 16; 8; 1224
INTERNAL; 6; 6; 0; 346; INTERNAL; 8; 16; 8; 1224
INTERNAL; 6; 6; 0; 908; INTERNAL; 8; 16; 8; 1224
INTERNAL; 6; 6; 0; 881; INTERNAL; 8; 16; 8; 1224
INTERNAL; 7; 15; 8; 1240; INTERNAL; 8; 16; 8; 1224
INTERNAL; 7; 14; 7; 1192; INTERNAL; 8; 16; 8; 1224
INTERNAL; 6; 6; 0; 720; INTERNAL; 7; 15; 8; 1239
INTERNAL; 5; 5; 0; 547; INTERNAL; 7; 15; 8; 1239
INTERNAL; 5; 5; 0; 815; INTERNAL; 7; 15; 8; 1240
INTERNAL; 5; 5; 0; 701; INTERNAL; 7; 15; 8; 1240
INTERNAL; 6; 6; 0; 835; INTERNAL; 7; 15; 8; 1240
INTERNAL; 9; 16; 7; 447; INTERNAL; 10; 17; 7; 1133
INTERNAL; 9; 16; 7; 803; INTERNAL; 10; 17; 7; 1133
INTERNAL; 8; 16; 8; 1169; INTERNAL; 10; 17; 7; 1133
INTERNAL; 8; 16; 8; 1189; INTERNAL; 10; 17; 7; 1133
INTERNAL; 6; 6; 0; 804; INTERNAL; 9; 16; 7; 447
INTERNAL; 6; 6; 0; 588; INTERNAL; 9; 16; 7; 447
INTERNAL; 8; 8; 0; 933; INTERNAL; 9; 16; 7; 447
INTERNAL; 8; 8; 0; 630; INTERNAL; 9; 16; 7; 447
INTERNAL; 6; 6; 0; 1365; INTERNAL; 9; 16; 7; 803
INTERNAL; 6; 6; 0; 920; INTERNAL; 9; 16; 7; 803
INTERNAL; 7; 7; 0; 581; INTERNAL; 9; 16; 7; 803
INTERNAL; 8; 8; 0; 356; INTERNAL; 9; 16; 7; 803
INTERNAL; 8; 15; 7; 1241; INTERNAL; 9; 16; 7; 803
INTERNAL; 7; 7; 0; 377; INTERNAL; 8; 15; 7; 1241
INTERNAL; 6; 6; 0; 711; INTERNAL; 8; 15; 7; 1241
INTERNAL; 6; 6; 0; 806; INTERNAL; 8; 15; 7; 1241
INTERNAL; 6; 6; 0; 687; INTERNAL; 8; 15; 7; 1241
INTERNAL; 7; 13; 6; 753; INTERNAL; 8; 15; 7; 1241
INTERNAL; 7; 7; 0; 657; INTERNAL; 8; 15; 7; 1241
INTERNAL; 6; 6; 0; 960; INTERNAL; 8; 16; 8; 1169
INTERNAL; 6; 6; 0; 1083; INTERNAL; 8; 16; 8; 1169
INTERNAL; 6; 6; 0; 971; INTERNAL; 8; 16; 8; 1169
INTERNAL; 6; 6; 0; 800; INTERNAL; 8; 16; 8; 1169
INTERNAL; 7; 15; 8; 1244; INTERNAL; 8; 16; 8; 1169
INTERNAL; 6; 6; 0; 643; INTERNAL; 7; 15; 8; 1244
INTERNAL; 6; 6; 0; 314; INTERNAL; 7; 15; 8; 1244
INTERNAL; 6; 6; 0; 876; INTERNAL; 7; 15; 8; 1244
INTERNAL; 6; 6; 0; 708; INTERNAL; 7; 15; 8; 1244
INTERNAL; 6; 6; 0; 970; INTERNAL; 8; 16; 8; 1189
INTERNAL; 6; 6; 0; 658; INTERNAL; 8; 16; 8; 1189
INTERNAL; 6; 6; 0; 978; INTERNAL; 8; 16; 8; 1189
INTERNAL; 6; 6; 0; 424; INTERNAL; 8; 16; 8; 1189
INTERNAL; 7; 15; 8; 1246; INTERNAL; 8; 16; 8; 1189
INTERNAL; 7; 15; 8; 1248; INTERNAL; 8; 16; 8; 1189
INTERNAL; 6; 6; 0; 560; INTERNAL; 7; 15; 8; 1246
INTERNAL; 6; 6; 0; 483; INTERNAL; 7; 15; 8; 1246
INTERNAL; 6; 6; 0; 1522; INTERNAL; 7; 15; 8; 1246
INTERNAL; 6; 6; 0; 623; INTERNAL; 7; 15; 8; 1246
INTERNAL; 6; 6; 0; 436; INTERNAL; 7; 15; 8; 1246
INTERNAL; 5; 5; 0; 517; INTERNAL; 7; 15; 8; 1248
INTERNAL; 5; 5; 0; 1269; INTERNAL; 7; 15; 8; 1248
INTERNAL; 6; 6; 0; 1148; INTERNAL; 7; 15; 8; 1248
INTERNAL; 6; 6; 0; 850; INTERNAL; 7; 15; 8; 1248
INTERNAL; 6; 6; 0; 582; INTERNAL; 7; 15; 8; 1248
INTERNAL; 10; 17; 7; 1182; INTERNAL; 11; 18; 7; 1125
INTERNAL; 10; 15; 5; 332; INTERNAL; 11; 18; 7; 1125
INTERNAL; 9; 17; 8; 1113; INTERNAL; 11; 18; 7; 1125
INTERNAL; 8; 17; 9; 1250; INTERNAL; 11; 18; 7; 1125
INTERNAL; 9; 16; 7; 1253; INTERNAL; 10; 17; 7; 1182
INTERNAL; 8; 16; 8; 1256; INTERNAL; 10; 17; 7; 1182
INTERNAL; 6; 6; 0; 378; INTERNAL; 9; 16; 7; 1253
INTERNAL; 6; 6; 0; 971; INTERNAL; 9; 16; 7; 1253
INTERNAL; 6; 6; 0; 800; INTERNAL; 9; 16; 7; 1253
INTERNAL; 6; 6; 0; 585; INTERNAL; 9; 16; 7; 1253
INTERNAL; 8; 8; 0; 405; INTERNAL; 9; 16; 7; 1253
INTERNAL; 7; 8; 1; 856; INTERNAL; 9; 16; 7; 1253
INTERNAL; 7; 7; 0; 377; INTERNAL; 8; 16; 8; 1256
INTERNAL; 6; 6; 0; 621; INTERNAL; 8; 16; 8; 1256
INTERNAL; 6; 6; 0; 721; INTERNAL; 8; 16; 8; 1256
INTERNAL; 6; 6; 0; 586; INTERNAL; 8; 16; 8; 1256
INTERNAL; 6; 6; 0; 930; INTERNAL; 8; 16; 8; 1256
INTERNAL; 7; 7; 0; 1146; INTERNAL; 8; 16; 8; 1256
INTERNAL; 6; 6; 0; 516; INTERNAL; 9; 17; 8; 1113
INTERNAL; 6; 6; 0; 1204; INTERNAL; 9; 17; 8; 1113
INTERNAL; 7; 8; 1; 942; INTERNAL; 9; 17; 8; 1113
INTERNAL; 8; 8; 0; 407; INTERNAL; 9; 17; 8; 1113
INTERNAL; 7; 7; 0; 657; INTERNAL; 9; 17; 8; 1113
INTERNAL; 6; 6; 0; 658; INTERNAL; 8; 17; 9; 1250
INTERNAL; 6; 6; 0; 565; INTERNAL; 8; 17; 9; 1250
INTERNAL; 6; 6; 0; 908; INTERNAL; 8; 17; 9; 1250
INTERNAL; 6; 6; 0; 482; INTERNAL; 8; 17; 9; 1250
INTERNAL; 7; 14; 7; 895; INTERNAL; 8; 17; 9; 1250
INTERNAL; 7; 15; 8; 1236; INTERNAL; 8; 17; 9; 1250
INTERNAL; 8; 9; 1; 443; INTERNAL; 9; 18; 9; 342
INTERNAL; 8; 8; 0; 478; INTERNAL; 9; 18; 9; 342
INTERNAL; 8; 8; 0; 863; INTERNAL; 9; 18; 9; 342
INTERNAL; 8; 17; 9; 1258; INTERNAL; 9; 18; 9; 342
INTERNAL; 8; 17; 9; 737; INTERNAL; 9; 18; 9; 342
INTERNAL; 6; 6; 0; 811; INTERNAL; 8; 17; 9; 1258
INTERNAL; 6; 6; 0; 314; INTERNAL; 8; 17; 9; 1258
INTERNAL; 7; 8; 1; 898; INTERNAL; 8; 17; 9; 1258
INTERNAL; 7; 8; 1; 429; INTERNAL; 8; 17; 9; 1258
INTERNAL; 7; 7; 0; 645; INTERNAL; 8; 17; 9; 1258
INTERNAL; 6; 6; 0; 883; INTERNAL; 8; 17; 9; 737
INTERNAL; 6; 6; 0; 920; INTERNAL; 8; 17; 9; 737
INTERNAL; 6; 6; 0; 1394; INTERNAL; 8; 17; 9; 737
INTERNAL; 7; 7; 0; 379; INTERNAL; 8; 17; 9; 737
INTERNAL; 7; 7; 0; 575; INTERNAL; 8; 17; 9; 737
INTERNAL; 7; 7; 0; 344; INTERNAL; 8; 17; 9; 737
INTERNAL; 19; 19; 0; 1260; INTERNAL; 20; 20; 0; 734
INTERNAL; 14; 19; 5; 1152; INTERNAL; 20; 20; 0; 734
INTERNAL; 12; 19; 7; 1149; INTERNAL; 20; 20; 0; 734
INTERNAL; 11; 19; 8; 466; INTERNAL; 20; 20; 0; 734
INTERNAL; 11; 19; 8; 1262; INTERNAL; 20; 20; 0; 734
INTERNAL; 14; 18; 4; 752; INTERNAL; 19; 19; 0; 1260
INTERNAL; 18; 18; 0; 457; INTERNAL; 19; 19; 0; 1260
INTERNAL; 14; 18; 4; 1197; INTERNAL; 19; 19; 0; 1260
INTERNAL; 13; 17; 4; 1124; INTERNAL; 19; 19; 0; 1260
INTERNAL; 13; 17; 4; 718; INTERNAL; 19; 19; 0; 1260
INTERNAL; 14; 18; 4; 1264; INTERNAL; 19; 19; 0; 1260
INTERNAL; 13; 17; 4; 1265; INTERNAL; 14; 18; 4; 1264
INTERNAL; 12; 17; 5; 1268; INTERNAL; 14; 18; 4; 1264
INTERNAL; 12; 16; 4; 1121; INTERNAL; 13; 17; 4; 1265
INTERNAL; 11; 15; 4; 1040; INTERNAL; 13; 17; 4; 1265
INTERNAL; 11; 15; 4; 1120; INTERNAL; 13; 17; 4; 1265
INTERNAL; 11; 15; 4; 1123; INTERNAL; 13; 17; 4; 1265
INTERNAL; 11; 16; 5; 1129; INTERNAL; 13; 17; 4; 1265
INTERNAL; 10; 10; 0; 911; INTERNAL; 12; 17; 5; 1268
INTERNAL; 11; 15; 4; 611; INTERNAL; 12; 17; 5; 1268
INTERNAL; 4; 10; 6; 795; INTERNAL; 12; 17; 5; 1268
INTERNAL; 4; 10; 6; 1423; INTERNAL; 12; 17; 5; 1268
INTERNAL; 4; 10; 6; 848; INTERNAL; 12; 17; 5; 1268
INTERNAL; 11; 16; 5; 988; INTERNAL; 12; 17; 5; 1268
INTERNAL; 10; 10; 0; 667; INTERNAL; 11; 16; 5; 988
INTERNAL; 10; 10; 0; 828; INTERNAL; 11; 16; 5; 988
INTERNAL; 4; 9; 5; 763; INTERNAL; 11; 16; 5; 988
INTERNAL; 10; 10; 0; 512; INTERNAL; 11; 16; 5; 988
INTERNAL; 10; 10; 0; 911; INTERNAL; 11; 16; 5; 988
INTERNAL; 13; 17; 4; 1265; INTERNAL; 14; 19; 5; 1152
INTERNAL; 12; 17; 5; 1268; INTERNAL; 14; 19; 5; 1152
INTERNAL; 11; 15; 4; 611; INTERNAL; 12; 19; 7; 1149
INTERNAL; 10; 10; 0; 911; INTERNAL; 12; 19; 7; 1149
INTERNAL; 4; 10; 6; 848; INTERNAL; 12; 19; 7; 1149
INTERNAL; 4; 10; 6; 795; INTERNAL; 12; 19; 7; 1149
INTERNAL; 4; 10; 6; 1423; INTERNAL; 12; 19; 7; 1149
INTERNAL; 11; 16; 5; 988; INTERNAL; 12; 19; 7; 1149
INTERNAL; 10; 15; 5; 1134; INTERNAL; 11; 19; 8; 466
INTERNAL; 10; 18; 8; 1270; INTERNAL; 11; 19; 8; 466
INTERNAL; 8; 8; 0; 933; INTERNAL; 11; 19; 8; 466
INTERNAL; 8; 8; 0; 967; INTERNAL; 11; 19; 8; 466
INTERNAL; 8; 18; 10; 832; INTERNAL; 11; 19; 8; 466
INTERNAL; 8; 18; 10; 1190; INTERNAL; 11; 19; 8; 466
INTERNAL; 6; 6; 0; 915; INTERNAL; 10; 18; 8; 1270
INTERNAL; 6; 6; 0; 1365; INTERNAL; 10; 18; 8; 1270
INTERNAL; 9; 17; 8; 1272; INTERNAL; 10; 18; 8; 1270
INTERNAL; 7; 7; 0; 389; INTERNAL; 10; 18; 8; 1270
INTERNAL; 6; 6; 0; 885; INTERNAL; 9; 17; 8; 1272
INTERNAL; 6; 6; 0; 783; INTERNAL; 9; 17; 8; 1272
INTERNAL; 7; 16; 9; 1273; INTERNAL; 9; 17; 8; 1272
INTERNAL; 8; 16; 8; 1274; INTERNAL; 9; 17; 8; 1272
INTERNAL; 7; 14; 7; 1192; INTERNAL; 9; 17; 8; 1272
INTERNAL; 7; 7; 0; 890; INTERNAL; 8; 16; 8; 1274
INTERNAL; 6; 6; 0; 834; INTERNAL; 8; 16; 8; 1274
INTERNAL; 6; 6; 0; 1385; INTERNAL; 7; 16; 9; 1273
INTERNAL; 6; 6; 0; 629; INTERNAL; 7; 16; 9; 1273
INTERNAL; 7; 7; 0; 1150; INTERNAL; 8; 18; 10; 832
INTERNAL; 6; 6; 0; 707; INTERNAL; 8; 18; 10; 832
INTERNAL; 6; 6; 0; 711; INTERNAL; 8; 18; 10; 832
INTERNAL; 6; 6; 0; 494; INTERNAL; 8; 18; 10; 832
INTERNAL; 6; 6; 0; 1204; INTERNAL; 8; 18; 10; 832
INTERNAL; 7; 7; 0; 953; INTERNAL; 8; 18; 10; 1190
INTERNAL; 6; 6; 0; 314; INTERNAL; 8; 18; 10; 1190
INTERNAL; 6; 6; 0; 588; INTERNAL; 8; 18; 10; 1190
INTERNAL; 6; 6; 0; 424; INTERNAL; 8; 18; 10; 1190
INTERNAL; 6; 6; 0; 694; INTERNAL; 8; 18; 10; 1190
INTERNAL; 6; 6; 0; 777; INTERNAL; 8; 18; 10; 1190
INTERNAL; 10; 10; 0; 911; INTERNAL; 11; 19; 8; 1262
INTERNAL; 10; 10; 0; 925; INTERNAL; 11; 19; 8; 1262
INTERNAL; 4; 9; 5; 763; INTERNAL; 11; 19; 8; 1262
INTERNAL; 4; 10; 6; 848; INTERNAL; 11; 19; 8; 1262
INTERNAL; 18; 18; 0; 457; INTERNAL; 19; 19; 0; 717
INTERNAL; 14; 18; 4; 1197; INTERNAL; 19; 19; 0; 717
INTERNAL; 13; 17; 4; 1124; INTERNAL; 19; 19; 0; 717
INTERNAL; 13; 17; 4; 718; INTERNAL; 19; 19; 0; 717
INTERNAL; 14; 18; 4; 752; INTERNAL; 19; 19; 0; 717
INTERNAL; 14; 18; 4; 1264; INTERNAL; 19; 19; 0; 717
INTERNAL; 9; 18; 9; 1207; INTERNAL; 10; 19; 9; 912
INTERNAL; 9; 14; 5; 1498; INTERNAL; 10; 19; 9; 912
INTERNAL; 9; 18; 9; 716; INTERNAL; 10; 19; 9; 912
INTERNAL; 8; 8; 0; 388; INTERNAL; 10; 19; 9; 912
INTERNAL; 8; 16; 8; 1437; INTERNAL; 10; 19; 9; 912
INTERNAL; 6; 6; 0; 560; INTERNAL; 9; 18; 9; 1207
INTERNAL; 6; 6; 0; 286; INTERNAL; 9; 18; 9; 1207
INTERNAL; 6; 6; 0; 424; INTERNAL; 9; 18; 9; 1207
INTERNAL; 6; 6; 0; 481; INTERNAL; 9; 18; 9; 1207
INTERNAL; 8; 17; 9; 1276; INTERNAL; 9; 18; 9; 1207
INTERNAL; 8; 14; 6; 1229; INTERNAL; 9; 18; 9; 1207
INTERNAL; 6; 6; 0; 729; INTERNAL; 8; 17; 9; 1276
INTERNAL; 6; 6; 0; 1032; INTERNAL; 8; 17; 9; 1276
INTERNAL; 6; 6; 0; 1204; INTERNAL; 8; 17; 9; 1276
INTERNAL; 6; 6; 0; 894; INTERNAL; 8; 17; 9; 1276
INTERNAL; 7; 7; 0; 578; INTERNAL; 8; 17; 9; 1276
INTERNAL; 7; 8; 1; 688; INTERNAL; 8; 17; 9; 1276
INTERNAL; 6; 6; 0; 460; INTERNAL; 9; 18; 9; 716
INTERNAL; 6; 6; 0; 654; INTERNAL; 9; 18; 9; 716
INTERNAL; 6; 6; 0; 335; INTERNAL; 9; 18; 9; 716
INTERNAL; 8; 17; 9; 668; INTERNAL; 9; 18; 9; 716
INTERNAL; 8; 17; 9; 507; INTERNAL; 9; 18; 9; 716
INTERNAL; 7; 7; 0; 953; INTERNAL; 8; 17; 9; 507
INTERNAL; 6; 6; 0; 586; INTERNAL; 8; 17; 9; 507
INTERNAL; 6; 6; 0; 588; INTERNAL; 8; 17; 9; 507
INTERNAL; 6; 6; 0; 1394; INTERNAL; 8; 17; 9; 507
INTERNAL; 6; 6; 0; 566; INTERNAL; 8; 17; 9; 507
INTERNAL; 6; 6; 0; 931; INTERNAL; 8; 17; 9; 668
INTERNAL; 6; 6; 0; 576; INTERNAL; 8; 17; 9; 668
INTERNAL; 6; 6; 0; 378; INTERNAL; 8; 17; 9; 668
INTERNAL; 6; 6; 0; 346; INTERNAL; 8; 17; 9; 668
INTERNAL; 7; 7; 0; 976; INTERNAL; 8; 17; 9; 668
INTERNAL; 20; 20; 0; 959; INTERNAL; 21; 21; 0; 651
INTERNAL; 20; 20; 0; 1233; INTERNAL; 21; 21; 0; 651
INTERNAL; 19; 19; 0; 717; INTERNAL; 20; 20; 0; 1233
INTERNAL; 10; 19; 9; 912; INTERNAL; 20; 20; 0; 1233
INTERNAL; 20; 20; 0; 318; INTERNAL; 21; 21; 0; 670
INTERNAL; 20; 20; 0; 1279; INTERNAL; 21; 21; 0; 670
INTERNAL; 20; 20; 0; 1460; INTERNAL; 21; 21; 0; 670
INTERNAL; 20; 20; 0; 1280; INTERNAL; 21; 21; 0; 670
INTERNAL; 20; 20; 0; 1233; INTERNAL; 21; 21; 0; 670
INTERNAL; 20; 20; 0; 959; INTERNAL; 21; 21; 0; 670
INTERNAL; 19; 19; 0; 655; INTERNAL; 20; 20; 0; 1280
INTERNAL; 19; 19; 0; 796; INTERNAL; 20; 20; 0; 1280
INTERNAL; 19; 19; 0; 823; INTERNAL; 20; 20; 0; 1280
INTERNAL; 19; 19; 0; 330; INTERNAL; 20; 20; 0; 1280
INTERNAL; 11; 18; 7; 1125; INTERNAL; 19; 19; 0; 823
INTERNAL; 18; 18; 0; 457; INTERNAL; 19; 19; 0; 823
INTERNAL; 14; 18; 4; 1197; INTERNAL; 19; 19; 0; 823
INTERNAL; 18; 18; 0; 457; INTERNAL; 19; 19; 0; 796
INTERNAL; 14; 18; 4; 1197; INTERNAL; 19; 19; 0; 796
INTERNAL; 11; 18; 7; 1125; INTERNAL; 19; 19; 0; 796
INTERNAL; 18; 18; 0; 457; INTERNAL; 19; 19; 0; 330
INTERNAL; 14; 18; 4; 1197; INTERNAL; 19; 19; 0; 330
INTERNAL; 14; 18; 4; 752; INTERNAL; 19; 19; 0; 330
INTERNAL; 14; 18; 4; 973; INTERNAL; 19; 19; 0; 330
INTERNAL; 9; 18; 9; 342; INTERNAL; 19; 19; 0; 330
INTERNAL; 19; 19; 0; 655; INTERNAL; 20; 20; 0; 318
INTERNAL; 19; 19; 0; 796; INTERNAL; 20; 20; 0; 318
INTERNAL; 19; 19; 0; 679; INTERNAL; 20; 20; 0; 1279
INTERNAL; 19; 19; 0; 671; INTERNAL; 20; 20; 0; 1279
INTERNAL; 19; 19; 0; 1211; INTERNAL; 20; 20; 0; 1279
INTERNAL; 19; 19; 0; 1118; INTERNAL; 20; 20; 0; 1279
INTERNAL; 19; 19; 0; 655; INTERNAL; 20; 20; 0; 1279
INTERNAL; 19; 19; 0; 796; INTERNAL; 20; 20; 0; 1279
INTERNAL; 18; 18; 0; 1132; INTERNAL; 19; 19; 0; 1211
INTERNAL; 18; 18; 0; 1278; INTERNAL; 19; 19; 0; 1211
INTERNAL; 10; 17; 7; 1133; INTERNAL; 19; 19; 0; 1211
INTERNAL; 18; 18; 0; 613; INTERNAL; 19; 19; 0; 1211
INTERNAL; 17; 17; 0; 789; INTERNAL; 18; 18; 0; 613
INTERNAL; 16; 17; 1; 307; INTERNAL; 18; 18; 0; 613
INTERNAL; 15; 16; 1; 454; INTERNAL; 18; 18; 0; 613
INTERNAL; 14; 16; 2; 772; INTERNAL; 18; 18; 0; 613
INTERNAL; 15; 17; 2; 1137; INTERNAL; 18; 18; 0; 613
INTERNAL; 12; 17; 5; 533; INTERNAL; 18; 18; 0; 613
INTERNAL; 18; 18; 0; 1132; INTERNAL; 19; 19; 0; 1118
INTERNAL; 18; 18; 0; 1278; INTERNAL; 19; 19; 0; 1118
INTERNAL; 10; 17; 7; 1133; INTERNAL; 19; 19; 0; 1118
INTERNAL; 18; 18; 0; 613; INTERNAL; 19; 19; 0; 1118
INTERNAL; 18; 18; 0; 1282; INTERNAL; 19; 19; 0; 679
INTERNAL; 18; 18; 0; 408; INTERNAL; 19; 19; 0; 679
INTERNAL; 18; 18; 0; 1004; INTERNAL; 19; 19; 0; 679
INTERNAL; 18; 18; 0; 1278; INTERNAL; 19; 19; 0; 679
INTERNAL; 18; 18; 0; 934; INTERNAL; 19; 19; 0; 679
INTERNAL; 17; 17; 0; 789; INTERNAL; 18; 18; 0; 934
INTERNAL; 16; 17; 1; 307; INTERNAL; 18; 18; 0; 934
INTERNAL; 16; 17; 1; 499; INTERNAL; 18; 18; 0; 934
INTERNAL; 10; 17; 7; 1133; INTERNAL; 18; 18; 0; 934
INTERNAL; 17; 17; 0; 1141; INTERNAL; 18; 18; 0; 1004
INTERNAL; 17; 17; 0; 1142; INTERNAL; 18; 18; 0; 1004
INTERNAL; 11; 16; 5; 1151; INTERNAL; 18; 18; 0; 1004
INTERNAL; 17; 17; 0; 842; INTERNAL; 18; 18; 0; 1004
INTERNAL; 10; 17; 7; 836; INTERNAL; 18; 18; 0; 1004
INTERNAL; 17; 17; 0; 1142; INTERNAL; 18; 18; 0; 1282
INTERNAL; 17; 17; 0; 1283; INTERNAL; 18; 18; 0; 1282
INTERNAL; 16; 16; 0; 704; INTERNAL; 17; 17; 0; 1283
INTERNAL; 15; 15; 0; 787; INTERNAL; 17; 17; 0; 1283
INTERNAL; 14; 15; 1; 802; INTERNAL; 17; 17; 0; 1283
INTERNAL; 15; 16; 1; 951; INTERNAL; 17; 17; 0; 1283
INTERNAL; 11; 16; 5; 1151; INTERNAL; 17; 17; 0; 1283
INTERNAL; 17; 17; 0; 1053; INTERNAL; 18; 18; 0; 408
INTERNAL; 17; 17; 0; 1284; INTERNAL; 18; 18; 0; 408
INTERNAL; 17; 17; 0; 1287; INTERNAL; 18; 18; 0; 408
INTERNAL; 17; 17; 0; 1142; INTERNAL; 18; 18; 0; 408
INTERNAL; 17; 17; 0; 1283; INTERNAL; 18; 18; 0; 408
INTERNAL; 16; 16; 0; 525; INTERNAL; 17; 17; 0; 1287
INTERNAL; 16; 16; 0; 1155; INTERNAL; 17; 17; 0; 1287
INTERNAL; 11; 16; 5; 797; INTERNAL; 17; 17; 0; 1287
INTERNAL; 16; 16; 0; 704; INTERNAL; 17; 17; 0; 1287
INTERNAL; 16; 16; 0; 1161; INTERNAL; 17; 17; 0; 1287
INTERNAL; 10; 16; 6; 1153; INTERNAL; 17; 17; 0; 1287
INTERNAL; 16; 16; 0; 525; INTERNAL; 17; 17; 0; 1053
INTERNAL; 16; 16; 0; 1155; INTERNAL; 17; 17; 0; 1053
INTERNAL; 11; 16; 5; 797; INTERNAL; 17; 17; 0; 1053
INTERNAL; 16; 16; 0; 1288; INTERNAL; 17; 17; 0; 1284
INTERNAL; 16; 16; 0; 525; INTERNAL; 17; 17; 0; 1284
INTERNAL; 16; 16; 0; 1155; INTERNAL; 17; 17; 0; 1284
INTERNAL; 11; 16; 5; 797; INTERNAL; 17; 17; 0; 1284
INTERNAL; 16; 16; 0; 1193; INTERNAL; 17; 17; 0; 1284
INTERNAL; 15; 15; 0; 865; INTERNAL; 16; 16; 0; 1288
INTERNAL; 15; 15; 0; 943; INTERNAL; 16; 16; 0; 1288
INTERNAL; 10; 15; 5; 1162; INTERNAL; 16; 16; 0; 1288
INTERNAL; 14; 14; 0; 340; INTERNAL; 15; 15; 0; 943
INTERNAL; 14; 14; 0; 1175; INTERNAL; 15; 15; 0; 943
INTERNAL; 14; 14; 0; 340; INTERNAL; 16; 16; 0; 1193
INTERNAL; 15; 15; 0; 865; INTERNAL; 16; 16; 0; 1193
INTERNAL; 14; 14; 0; 1175; INTERNAL; 16; 16; 0; 1193
INTERNAL; 10; 15; 5; 1162; INTERNAL; 16; 16; 0; 1193
INTERNAL; 15; 15; 0; 663; INTERNAL; 16; 16; 0; 1193
INTERNAL; 10; 15; 5; 1018; INTERNAL; 16; 16; 0; 1193
INTERNAL; 18; 18; 0; 1132; INTERNAL; 19; 19; 0; 671
INTERNAL; 18; 18; 0; 1278; INTERNAL; 19; 19; 0; 671
INTERNAL; 10; 17; 7; 1133; INTERNAL; 19; 19; 0; 671
INTERNAL; 18; 18; 0; 613; INTERNAL; 19; 19; 0; 671
INTERNAL; 19; 19; 0; 796; INTERNAL; 20; 20; 0; 1460
INTERNAL; 19; 19; 0; 823; INTERNAL; 20; 20; 0; 1460
INTERNAL; 19; 19; 0; 655; INTERNAL; 20; 20; 0; 1460
INTERNAL; 19; 19; 0; 330; INTERNAL; 20; 20; 0; 1460
INTERNAL; 20; 20; 0; 959; INTERNAL; 21; 21; 0; 1349
INTERNAL; 19; 19; 0; 717; INTERNAL; 21; 21; 0; 1349
INTERNAL; 10; 19; 9; 912; INTERNAL; 21; 21; 0; 1349
INTERNAL; 20; 20; 0; 734; INTERNAL; 21; 21; 0; 1349
INTERNAL; 20; 20; 0; 959; INTERNAL; 21; 21; 0; 790
INTERNAL; 19; 19; 0; 717; INTERNAL; 21; 21; 0; 790
INTERNAL; 10; 19; 9; 912; INTERNAL; 21; 21; 0; 790
INTERNAL; 20; 20; 0; 1289; INTERNAL; 21; 21; 0; 790
INTERNAL; 11; 19; 8; 466; INTERNAL; 21; 21; 0; 790
INTERNAL; 10; 20; 10; 917; INTERNAL; 21; 21; 0; 790
INTERNAL; 19; 19; 0; 1260; INTERNAL; 20; 20; 0; 1289
INTERNAL; 14; 19; 5; 1152; INTERNAL; 20; 20; 0; 1289
INTERNAL; 12; 19; 7; 1149; INTERNAL; 20; 20; 0; 1289
INTERNAL; 11; 19; 8; 1262; INTERNAL; 20; 20; 0; 1289
INTERNAL; 9; 14; 5; 1164; INTERNAL; 10; 20; 10; 917
INTERNAL; 9; 19; 10; 846; INTERNAL; 10; 20; 10; 917
INTERNAL; 8; 8; 0; 939; INTERNAL; 10; 20; 10; 917
INTERNAL; 8; 19; 11; 948; INTERNAL; 10; 20; 10; 917
INTERNAL; 8; 8; 0; 430; INTERNAL; 9; 19; 10; 846
INTERNAL; 7; 7; 0; 506; INTERNAL; 9; 19; 10; 846
INTERNAL; 7; 8; 1; 942; INTERNAL; 9; 19; 10; 846
INTERNAL; 7; 7; 0; 496; INTERNAL; 9; 19; 10; 846
INTERNAL; 7; 18; 11; 635; INTERNAL; 9; 19; 10; 846
INTERNAL; 6; 6; 0; 1489; INTERNAL; 7; 18; 11; 635
INTERNAL; 6; 6; 0; 785; INTERNAL; 7; 18; 11; 635
INTERNAL; 6; 6; 0; 806; INTERNAL; 7; 18; 11; 635
INTERNAL; 6; 6; 0; 634; INTERNAL; 7; 18; 11; 635
INTERNAL; 6; 6; 0; 482; INTERNAL; 7; 18; 11; 635
INTERNAL; 6; 6; 0; 335; INTERNAL; 7; 18; 11; 635
INTERNAL; 6; 6; 0; 707; INTERNAL; 8; 19; 11; 948
INTERNAL; 6; 6; 0; 850; INTERNAL; 8; 19; 11; 948
INTERNAL; 6; 6; 0; 558; INTERNAL; 8; 19; 11; 948
INTERNAL; 6; 6; 0; 800; INTERNAL; 8; 19; 11; 948
INTERNAL; 6; 6; 0; 857; INTERNAL; 8; 19; 11; 948
INTERNAL; 7; 7; 0; 373; INTERNAL; 8; 19; 11; 948
INTERNAL; 21; 21; 0; 1228; INTERNAL; 22; 22; 0; 764
INTERNAL; 4; 16; 12; 1291; INTERNAL; 22; 22; 0; 764
INTERNAL; 21; 21; 0; 651; INTERNAL; 22; 22; 0; 764
INTERNAL; 4; 16; 12; 780; INTERNAL; 22; 22; 0; 764
INTERNAL; 21; 21; 0; 647; INTERNAL; 22; 22; 0; 764
INTERNAL; 4; 15; 11; 726; INTERNAL; 22; 22; 0; 764
INTERNAL; 20; 20; 0; 959; INTERNAL; 21; 21; 0; 1228
INTERNAL; 20; 20; 0; 1289; INTERNAL; 21; 21; 0; 1228
INTERNAL; 11; 19; 8; 466; INTERNAL; 21; 21; 0; 1228
INTERNAL; 19; 19; 0; 717; INTERNAL; 21; 21; 0; 1228
INTERNAL; 10; 19; 9; 912; INTERNAL; 21; 21; 0; 1228
INTERNAL; 10; 20; 10; 917; INTERNAL; 21; 21; 0; 1228
INTERNAL; 3; 9; 6; 866; INTERNAL; 4; 16; 12; 1291
INTERNAL; 3; 9; 6; 614; INTERNAL; 4; 16; 12; 1291
INTERNAL; 3; 9; 6; 490; INTERNAL; 4; 16; 12; 1291
INTERNAL; 3; 14; 11; 1128; INTERNAL; 4; 16; 12; 1291
INTERNAL; 2; 8; 6; 656; INTERNAL; 3; 14; 11; 1128
INPUT; 1; 4; 3; 574; INTERNAL; 3; 14; 11; 1128
INPUT; 1; 1; 0; 818; INTERNAL; 3; 14; 11; 1128
INTERNAL; 3; 9; 6; 490; INTERNAL; 4; 15; 11; 726
INTERNAL; 3; 14; 11; 1128; INTERNAL; 4; 15; 11; 726
INTERNAL; 3; 9; 6; 614; INTERNAL; 4; 15; 11; 726
INTERNAL; 3; 9; 6; 866; INTERNAL; 4; 16; 12; 780
INTERNAL; 3; 9; 6; 490; INTERNAL; 4; 16; 12; 780
INTERNAL; 3; 14; 11; 1128; INTERNAL; 4; 16; 12; 780
INTERNAL; 3; 9; 6; 614; INTERNAL; 4; 16; 12; 780
INTERNAL; 3; 9; 6; 866; INTERNAL; 4; 16; 12; 878
INTERNAL; 3; 9; 6; 490; INTERNAL; 4; 16; 12; 878
INTERNAL; 3; 14; 11; 1128; INTERNAL; 4; 16; 12; 878
INTERNAL; 3; 9; 6; 614; INTERNAL; 4; 16; 12; 878
INTERNAL; 22; 22; 0; 1294; INTERNAL; 23; 23; 0; 889
INTERNAL; 22; 22; 0; 1405; INTERNAL; 23; 23; 0; 889
INTERNAL; 22; 22; 0; 1295; INTERNAL; 23; 23; 0; 889
INTERNAL; 22; 22; 0; 882; INTERNAL; 23; 23; 0; 889
INTERNAL; 22; 22; 0; 1206; INTERNAL; 23; 23; 0; 889
INTERNAL; 3; 9; 6; 866; INTERNAL; 23; 23; 0; 889
INTERNAL; 21; 21; 0; 647; INTERNAL; 22; 22; 0; 1206
INTERNAL; 4; 16; 12; 1291; INTERNAL; 22; 22; 0; 1206
INTERNAL; 21; 21; 0; 1297; INTERNAL; 22; 22; 0; 1206
INTERNAL; 21; 21; 0; 670; INTERNAL; 22; 22; 0; 1206
INTERNAL; 21; 21; 0; 1349; INTERNAL; 22; 22; 0; 1206
INTERNAL; 4; 16; 12; 878; INTERNAL; 22; 22; 0; 1206
INTERNAL; 20; 20; 0; 1280; INTERNAL; 21; 21; 0; 1297
INTERNAL; 4; 16; 12; 780; INTERNAL; 21; 21; 0; 1297
INTERNAL; 20; 20; 0; 959; INTERNAL; 21; 21; 0; 1297
INTERNAL; 20; 20; 0; 1233; INTERNAL; 21; 21; 0; 1297
INTERNAL; 4; 15; 11; 726; INTERNAL; 21; 21; 0; 1297
INTERNAL; 21; 21; 0; 1298; INTERNAL; 22; 22; 0; 1294
INTERNAL; 21; 21; 0; 1301; INTERNAL; 22; 22; 0; 1294
INTERNAL; 20; 20; 0; 979; INTERNAL; 21; 21; 0; 1298
INTERNAL; 5; 16; 11; 1303; INTERNAL; 21; 21; 0; 1298
INTERNAL; 20; 20; 0; 986; INTERNAL; 21; 21; 0; 1298
INTERNAL; 20; 20; 0; 1116; INTERNAL; 21; 21; 0; 1298
INTERNAL; 20; 20; 0; 269; INTERNAL; 21; 21; 0; 1298
INTERNAL; 4; 9; 5; 587; INTERNAL; 21; 21; 0; 1298
INTERNAL; 19; 19; 0; 1304; INTERNAL; 20; 20; 0; 1116
INTERNAL; 18; 19; 1; 995; INTERNAL; 20; 20; 0; 1116
INTERNAL; 19; 19; 0; 1305; INTERNAL; 20; 20; 0; 1116
INTERNAL; 18; 18; 0; 1282; INTERNAL; 19; 19; 0; 1304
INTERNAL; 18; 18; 0; 1105; INTERNAL; 19; 19; 0; 1304
INTERNAL; 5; 16; 11; 1306; INTERNAL; 19; 19; 0; 1304
INTERNAL; 5; 16; 11; 1144; INTERNAL; 19; 19; 0; 1304
INTERNAL; 18; 18; 0; 650; INTERNAL; 19; 19; 0; 1304
INTERNAL; 4; 10; 6; 795; INTERNAL; 19; 19; 0; 1304
INTERNAL; 17; 17; 0; 1287; INTERNAL; 18; 18; 0; 1105
INTERNAL; 17; 17; 0; 1053; INTERNAL; 18; 18; 0; 1105
INTERNAL; 17; 17; 0; 1142; INTERNAL; 18; 18; 0; 1105
INTERNAL; 17; 17; 0; 1284; INTERNAL; 18; 18; 0; 1105
INTERNAL; 17; 17; 0; 1283; INTERNAL; 18; 18; 0; 1105
INTERNAL; 5; 16; 11; 1307; INTERNAL; 18; 18; 0; 650
INTERNAL; 17; 17; 0; 1053; INTERNAL; 18; 18; 0; 650
INTERNAL; 17; 17; 0; 1287; INTERNAL; 18; 18; 0; 650
INTERNAL; 5; 15; 10; 1251; INTERNAL; 18; 18; 0; 650
INTERNAL; 4; 10; 6; 370; INTERNAL; 5; 16; 11; 1307
INTERNAL; 4; 10; 6; 366; INTERNAL; 5; 16; 11; 1307
INTERNAL; 4; 9; 5; 587; INTERNAL; 5; 16; 11; 1307
INTERNAL; 4; 10; 6; 795; INTERNAL; 5; 16; 11; 1307
INTERNAL; 4; 10; 6; 370; INTERNAL; 5; 15; 10; 1251
INTERNAL; 4; 9; 5; 587; INTERNAL; 5; 15; 10; 1251
INTERNAL; 4; 10; 6; 366; INTERNAL; 5; 15; 10; 1251
INTERNAL; 4; 10; 6; 370; INTERNAL; 5; 16; 11; 1306
INTERNAL; 4; 10; 6; 366; INTERNAL; 5; 16; 11; 1306
INTERNAL; 4; 10; 6; 795; INTERNAL; 5; 16; 11; 1306
INTERNAL; 4; 9; 5; 587; INTERNAL; 5; 16; 11; 1306
INTERNAL; 4; 10; 6; 370; INTERNAL; 5; 16; 11; 1144
INTERNAL; 4; 10; 6; 366; INTERNAL; 5; 16; 11; 1144
INTERNAL; 4; 10; 6; 795; INTERNAL; 5; 16; 11; 1144
INTERNAL; 4; 9; 5; 587; INTERNAL; 5; 16; 11; 1144
INTERNAL; 18; 18; 0; 1122; INTERNAL; 19; 19; 0; 1305
INTERNAL; 5; 16; 11; 1306; INTERNAL; 19; 19; 0; 1305
INTERNAL; 18; 18; 0; 871; INTERNAL; 19; 19; 0; 1305
INTERNAL; 16; 16; 0; 409; INTERNAL; 19; 19; 0; 1305
INTERNAL; 18; 18; 0; 1308; INTERNAL; 19; 19; 0; 1305
INTERNAL; 4; 10; 6; 795; INTERNAL; 19; 19; 0; 1305
INTERNAL; 17; 17; 0; 1053; INTERNAL; 18; 18; 0; 871
INTERNAL; 17; 17; 0; 1310; INTERNAL; 18; 18; 0; 871
INTERNAL; 5; 16; 11; 1306; INTERNAL; 18; 18; 0; 871
INTERNAL; 5; 16; 11; 1144; INTERNAL; 18; 18; 0; 871
INTERNAL; 17; 17; 0; 1069; INTERNAL; 18; 18; 0; 871
INTERNAL; 17; 17; 0; 1312; INTERNAL; 18; 18; 0; 871
INTERNAL; 16; 16; 0; 1193; INTERNAL; 17; 17; 0; 1069
INTERNAL; 16; 16; 0; 589; INTERNAL; 17; 17; 0; 1069
INTERNAL; 5; 16; 11; 1306; INTERNAL; 17; 17; 0; 1069
INTERNAL; 5; 16; 11; 1144; INTERNAL; 17; 17; 0; 1069
INTERNAL; 16; 16; 0; 1316; INTERNAL; 17; 17; 0; 1069
INTERNAL; 16; 16; 0; 1318; INTERNAL; 17; 17; 0; 1069
INTERNAL; 15; 15; 0; 865; INTERNAL; 16; 16; 0; 589
INTERNAL; 14; 14; 0; 340; INTERNAL; 16; 16; 0; 589
INTERNAL; 14; 14; 0; 1175; INTERNAL; 16; 16; 0; 589
INTERNAL; 10; 15; 5; 1162; INTERNAL; 16; 16; 0; 589
INTERNAL; 15; 15; 0; 663; INTERNAL; 16; 16; 0; 589
INTERNAL; 10; 15; 5; 1018; INTERNAL; 16; 16; 0; 589
INTERNAL; 15; 15; 0; 865; INTERNAL; 16; 16; 0; 1316
INTERNAL; 15; 15; 0; 943; INTERNAL; 16; 16; 0; 1316
INTERNAL; 10; 15; 5; 1162; INTERNAL; 16; 16; 0; 1316
INTERNAL; 5; 15; 10; 1251; INTERNAL; 16; 16; 0; 1316
INTERNAL; 4; 10; 6; 370; INTERNAL; 16; 16; 0; 1318
INTERNAL; 4; 9; 5; 587; INTERNAL; 16; 16; 0; 1318
INTERNAL; 15; 15; 0; 865; INTERNAL; 16; 16; 0; 1318
INTERNAL; 15; 15; 0; 943; INTERNAL; 16; 16; 0; 1318
INTERNAL; 10; 15; 5; 1162; INTERNAL; 16; 16; 0; 1318
INTERNAL; 4; 10; 6; 795; INTERNAL; 16; 16; 0; 1318
INTERNAL; 16; 16; 0; 1288; INTERNAL; 17; 17; 0; 1310
INTERNAL; 16; 16; 0; 1320; INTERNAL; 17; 17; 0; 1310
INTERNAL; 10; 15; 5; 1018; INTERNAL; 17; 17; 0; 1310
INTERNAL; 16; 16; 0; 525; INTERNAL; 17; 17; 0; 1310
INTERNAL; 16; 16; 0; 1155; INTERNAL; 17; 17; 0; 1310
INTERNAL; 11; 16; 5; 797; INTERNAL; 17; 17; 0; 1310
INTERNAL; 15; 15; 0; 706; INTERNAL; 16; 16; 0; 1320
INTERNAL; 15; 15; 0; 775; INTERNAL; 16; 16; 0; 1320
INTERNAL; 15; 15; 0; 663; INTERNAL; 16; 16; 0; 1320
INTERNAL; 16; 16; 0; 1193; INTERNAL; 17; 17; 0; 1312
INTERNAL; 5; 15; 10; 1251; INTERNAL; 17; 17; 0; 1312
INTERNAL; 16; 16; 0; 1288; INTERNAL; 17; 17; 0; 1312
INTERNAL; 5; 16; 11; 1307; INTERNAL; 17; 17; 0; 1312
INTERNAL; 17; 17; 0; 1287; INTERNAL; 18; 18; 0; 1122
INTERNAL; 17; 17; 0; 1053; INTERNAL; 18; 18; 0; 1122
INTERNAL; 17; 17; 0; 1284; INTERNAL; 18; 18; 0; 1122
INTERNAL; 5; 16; 11; 1307; INTERNAL; 18; 18; 0; 1308
INTERNAL; 16; 16; 0; 1193; INTERNAL; 18; 18; 0; 1308
INTERNAL; 17; 17; 0; 1053; INTERNAL; 18; 18; 0; 1308
INTERNAL; 5; 15; 10; 1251; INTERNAL; 18; 18; 0; 1308
INTERNAL; 17; 17; 0; 1287; INTERNAL; 18; 18; 0; 1308
INTERNAL; 5; 16; 11; 1144; INTERNAL; 18; 18; 0; 1308
INTERNAL; 4; 10; 6; 795; INTERNAL; 16; 16; 0; 409
INTERNAL; 4; 10; 6; 1423; INTERNAL; 16; 16; 0; 409
INTERNAL; 15; 15; 0; 865; INTERNAL; 16; 16; 0; 409
INTERNAL; 15; 15; 0; 943; INTERNAL; 16; 16; 0; 409
INTERNAL; 10; 15; 5; 1162; INTERNAL; 16; 16; 0; 409
INTERNAL; 16; 16; 0; 1288; INTERNAL; 18; 19; 1; 995
INTERNAL; 4; 9; 5; 763; INTERNAL; 18; 19; 1; 995
INTERNAL; 4; 10; 6; 795; INTERNAL; 18; 19; 1; 995
INTERNAL; 4; 10; 6; 1423; INTERNAL; 18; 19; 1; 995
INTERNAL; 17; 18; 1; 1321; INTERNAL; 18; 19; 1; 995
INTERNAL; 16; 16; 0; 589; INTERNAL; 17; 18; 1; 1321
INTERNAL; 5; 16; 11; 1377; INTERNAL; 17; 18; 1; 1321
INTERNAL; 5; 16; 11; 1323; INTERNAL; 17; 18; 1; 1321
INTERNAL; 16; 16; 0; 1193; INTERNAL; 17; 18; 1; 1321
INTERNAL; 16; 16; 0; 746; INTERNAL; 17; 18; 1; 1321
INTERNAL; 15; 15; 0; 865; INTERNAL; 16; 16; 0; 746
INTERNAL; 15; 15; 0; 943; INTERNAL; 16; 16; 0; 746
INTERNAL; 10; 15; 5; 1162; INTERNAL; 16; 16; 0; 746
INTERNAL; 5; 15; 10; 1326; INTERNAL; 16; 16; 0; 746
INTERNAL; 4; 10; 6; 848; INTERNAL; 5; 15; 10; 1326
INTERNAL; 4; 10; 6; 795; INTERNAL; 5; 15; 10; 1326
INTERNAL; 4; 10; 6; 1423; INTERNAL; 5; 15; 10; 1326
INTERNAL; 4; 9; 5; 763; INTERNAL; 5; 16; 11; 1377
INTERNAL; 4; 10; 6; 795; INTERNAL; 5; 16; 11; 1377
INTERNAL; 4; 10; 6; 1423; INTERNAL; 5; 16; 11; 1377
INTERNAL; 4; 10; 6; 848; INTERNAL; 5; 16; 11; 1377
INTERNAL; 4; 9; 5; 763; INTERNAL; 5; 16; 11; 1323
INTERNAL; 4; 10; 6; 848; INTERNAL; 5; 16; 11; 1323
INTERNAL; 4; 10; 6; 795; INTERNAL; 5; 16; 11; 1323
INTERNAL; 4; 10; 6; 1423; INTERNAL; 5; 16; 11; 1323
INTERNAL; 19; 19; 0; 1410; INTERNAL; 20; 20; 0; 269
INTERNAL; 18; 19; 1; 446; INTERNAL; 20; 20; 0; 269
INTERNAL; 4; 10; 6; 795; INTERNAL; 20; 20; 0; 269
INTERNAL; 5; 16; 11; 1306; INTERNAL; 19; 19; 0; 1410
INTERNAL; 5; 16; 11; 1144; INTERNAL; 19; 19; 0; 1410
INTERNAL; 18; 18; 0; 1282; INTERNAL; 19; 19; 0; 1410
INTERNAL; 18; 18; 0; 408; INTERNAL; 19; 19; 0; 1410
INTERNAL; 18; 18; 0; 1004; INTERNAL; 19; 19; 0; 1410
INTERNAL; 18; 18; 0; 1185; INTERNAL; 19; 19; 0; 1410
INTERNAL; 17; 17; 0; 1287; INTERNAL; 18; 18; 0; 1185
INTERNAL; 5; 16; 11; 1307; INTERNAL; 18; 18; 0; 1185
INTERNAL; 17; 17; 0; 1142; INTERNAL; 18; 18; 0; 1185
INTERNAL; 17; 17; 0; 1283; INTERNAL; 18; 18; 0; 1185
INTERNAL; 5; 15; 10; 1251; INTERNAL; 18; 18; 0; 1185
INTERNAL; 17; 17; 0; 1310; INTERNAL; 18; 19; 1; 446
INTERNAL; 5; 16; 11; 1377; INTERNAL; 18; 19; 1; 446
INTERNAL; 17; 17; 0; 438; INTERNAL; 18; 19; 1; 446
INTERNAL; 17; 17; 0; 1327; INTERNAL; 18; 19; 1; 446
INTERNAL; 4; 9; 5; 763; INTERNAL; 18; 19; 1; 446
INTERNAL; 17; 17; 0; 798; INTERNAL; 18; 19; 1; 446
INTERNAL; 16; 16; 0; 525; INTERNAL; 17; 17; 0; 1327
INTERNAL; 16; 16; 0; 1155; INTERNAL; 17; 17; 0; 1327
INTERNAL; 11; 16; 5; 797; INTERNAL; 17; 17; 0; 1327
INTERNAL; 5; 16; 11; 1323; INTERNAL; 17; 17; 0; 1327
INTERNAL; 5; 15; 10; 1326; INTERNAL; 17; 17; 0; 798
INTERNAL; 16; 16; 0; 1193; INTERNAL; 17; 17; 0; 798
INTERNAL; 16; 16; 0; 1288; INTERNAL; 17; 17; 0; 798
INTERNAL; 5; 16; 11; 1328; INTERNAL; 17; 17; 0; 798
INTERNAL; 4; 9; 5; 763; INTERNAL; 5; 16; 11; 1328
INTERNAL; 4; 10; 6; 848; INTERNAL; 5; 16; 11; 1328
INTERNAL; 4; 10; 6; 795; INTERNAL; 5; 16; 11; 1328
INTERNAL; 4; 10; 6; 1423; INTERNAL; 5; 16; 11; 1328
INTERNAL; 16; 16; 0; 1193; INTERNAL; 17; 17; 0; 438
INTERNAL; 16; 16; 0; 589; INTERNAL; 17; 17; 0; 438
INTERNAL; 5; 16; 11; 1377; INTERNAL; 17; 17; 0; 438
INTERNAL; 5; 16; 11; 1323; INTERNAL; 17; 17; 0; 438
INTERNAL; 16; 16; 0; 746; INTERNAL; 17; 17; 0; 438
INTERNAL; 16; 16; 0; 409; INTERNAL; 17; 17; 0; 438
INTERNAL; 19; 19; 0; 679; INTERNAL; 20; 20; 0; 979
INTERNAL; 19; 19; 0; 671; INTERNAL; 20; 20; 0; 979
INTERNAL; 19; 19; 0; 1118; INTERNAL; 20; 20; 0; 979
INTERNAL; 19; 19; 0; 655; INTERNAL; 20; 20; 0; 979
INTERNAL; 19; 19; 0; 796; INTERNAL; 20; 20; 0; 979
INTERNAL; 19; 19; 0; 1211; INTERNAL; 20; 20; 0; 979
INTERNAL; 19; 19; 0; 1211; INTERNAL; 20; 20; 0; 986
INTERNAL; 5; 15; 10; 327; INTERNAL; 20; 20; 0; 986
INTERNAL; 19; 19; 0; 382; INTERNAL; 20; 20; 0; 986
INTERNAL; 19; 19; 0; 655; INTERNAL; 20; 20; 0; 986
INTERNAL; 19; 19; 0; 796; INTERNAL; 20; 20; 0; 986
INTERNAL; 5; 16; 11; 913; INTERNAL; 20; 20; 0; 986
INTERNAL; 18; 18; 0; 1278; INTERNAL; 19; 19; 0; 382
INTERNAL; 18; 18; 0; 934; INTERNAL; 19; 19; 0; 382
INTERNAL; 5; 16; 11; 552; INTERNAL; 19; 19; 0; 382
INTERNAL; 4; 9; 5; 757; INTERNAL; 5; 16; 11; 552
INTERNAL; 3; 9; 6; 866; INTERNAL; 5; 16; 11; 552
INTERNAL; 3; 9; 6; 448; INTERNAL; 5; 16; 11; 552
INTERNAL; 4; 9; 5; 587; INTERNAL; 5; 16; 11; 552
INTERNAL; 4; 9; 5; 757; INTERNAL; 5; 16; 11; 913
INTERNAL; 4; 9; 5; 587; INTERNAL; 5; 16; 11; 913
INTERNAL; 3; 9; 6; 866; INTERNAL; 5; 16; 11; 913
INTERNAL; 3; 9; 6; 448; INTERNAL; 5; 16; 11; 913
INTERNAL; 4; 9; 5; 757; INTERNAL; 5; 15; 10; 327
INTERNAL; 3; 9; 6; 866; INTERNAL; 5; 15; 10; 327
INTERNAL; 3; 9; 6; 448; INTERNAL; 5; 15; 10; 327
INTERNAL; 4; 9; 5; 757; INTERNAL; 5; 16; 11; 1303
INTERNAL; 3; 9; 6; 866; INTERNAL; 5; 16; 11; 1303
INTERNAL; 3; 9; 6; 448; INTERNAL; 5; 16; 11; 1303
INTERNAL; 4; 9; 5; 587; INTERNAL; 5; 16; 11; 1303
INTERNAL; 20; 20; 0; 1487; INTERNAL; 21; 21; 0; 1301
INTERNAL; 20; 20; 0; 799; INTERNAL; 21; 21; 0; 1301
INTERNAL; 19; 19; 0; 847; INTERNAL; 21; 21; 0; 1301
INTERNAL; 20; 20; 0; 1243; INTERNAL; 21; 21; 0; 1301
INTERNAL; 20; 20; 0; 1330; INTERNAL; 21; 21; 0; 1301
INTERNAL; 4; 9; 5; 587; INTERNAL; 21; 21; 0; 1301
INTERNAL; 19; 19; 0; 1211; INTERNAL; 20; 20; 0; 1330
INTERNAL; 5; 16; 11; 913; INTERNAL; 20; 20; 0; 1330
INTERNAL; 19; 19; 0; 1333; INTERNAL; 20; 20; 0; 1330
INTERNAL; 19; 19; 0; 679; INTERNAL; 20; 20; 0; 1330
INTERNAL; 19; 19; 0; 671; INTERNAL; 20; 20; 0; 1330
INTERNAL; 5; 16; 11; 1303; INTERNAL; 20; 20; 0; 1330
INTERNAL; 18; 18; 0; 1004; INTERNAL; 19; 19; 0; 1333
INTERNAL; 5; 16; 11; 552; INTERNAL; 19; 19; 0; 1333
INTERNAL; 18; 18; 0; 1278; INTERNAL; 19; 19; 0; 1333
INTERNAL; 18; 18; 0; 934; INTERNAL; 19; 19; 0; 1333
INTERNAL; 5; 15; 10; 327; INTERNAL; 19; 19; 0; 1333
INTERNAL; 19; 19; 0; 1304; INTERNAL; 20; 20; 0; 1487
INTERNAL; 19; 19; 0; 1305; INTERNAL; 20; 20; 0; 1487
INTERNAL; 18; 19; 1; 995; INTERNAL; 20; 20; 0; 1487
INTERNAL; 19; 19; 0; 394; INTERNAL; 20; 20; 0; 799
INTERNAL; 5; 16; 11; 1303; INTERNAL; 20; 20; 0; 799
INTERNAL; 19; 19; 0; 1337; INTERNAL; 20; 20; 0; 799
INTERNAL; 19; 19; 0; 1338; INTERNAL; 20; 20; 0; 799
INTERNAL; 4; 9; 5; 587; INTERNAL; 20; 20; 0; 799
INTERNAL; 18; 18; 0; 1004; INTERNAL; 19; 19; 0; 394
INTERNAL; 18; 18; 0; 1282; INTERNAL; 19; 19; 0; 394
INTERNAL; 18; 18; 0; 1278; INTERNAL; 19; 19; 0; 394
INTERNAL; 18; 18; 0; 408; INTERNAL; 19; 19; 0; 394
INTERNAL; 18; 18; 0; 934; INTERNAL; 19; 19; 0; 394
INTERNAL; 18; 18; 0; 1278; INTERNAL; 19; 19; 0; 1337
INTERNAL; 18; 18; 0; 934; INTERNAL; 19; 19; 0; 1337
INTERNAL; 5; 16; 11; 913; INTERNAL; 19; 19; 0; 1337
INTERNAL; 18; 18; 0; 1282; INTERNAL; 19; 19; 0; 1338
INTERNAL; 5; 16; 11; 552; INTERNAL; 19; 19; 0; 1338
INTERNAL; 18; 18; 0; 1004; INTERNAL; 19; 19; 0; 1338
INTERNAL; 5; 15; 10; 327; INTERNAL; 19; 19; 0; 1338
INTERNAL; 19; 19; 0; 1340; INTERNAL; 20; 20; 0; 1243
INTERNAL; 19; 19; 0; 1343; INTERNAL; 20; 20; 0; 1243
INTERNAL; 19; 19; 0; 1235; INTERNAL; 20; 20; 0; 1243
INTERNAL; 18; 19; 1; 639; INTERNAL; 20; 20; 0; 1243
INTERNAL; 19; 19; 0; 329; INTERNAL; 20; 20; 0; 1243
INTERNAL; 4; 9; 5; 587; INTERNAL; 20; 20; 0; 1243
INTERNAL; 5; 16; 11; 1303; INTERNAL; 19; 19; 0; 329
INTERNAL; 5; 16; 11; 913; INTERNAL; 19; 19; 0; 329
INTERNAL; 18; 18; 0; 1282; INTERNAL; 19; 19; 0; 329
INTERNAL; 18; 18; 0; 408; INTERNAL; 19; 19; 0; 329
INTERNAL; 18; 18; 0; 1004; INTERNAL; 19; 19; 0; 329
INTERNAL; 18; 18; 0; 937; INTERNAL; 19; 19; 0; 329
INTERNAL; 17; 17; 0; 1287; INTERNAL; 18; 18; 0; 937
INTERNAL; 5; 16; 11; 552; INTERNAL; 18; 18; 0; 937
INTERNAL; 17; 17; 0; 1142; INTERNAL; 18; 18; 0; 937
INTERNAL; 17; 17; 0; 1283; INTERNAL; 18; 18; 0; 937
INTERNAL; 5; 15; 10; 327; INTERNAL; 18; 18; 0; 937
INTERNAL; 17; 17; 0; 1069; INTERNAL; 19; 19; 0; 1340
INTERNAL; 4; 10; 6; 795; INTERNAL; 19; 19; 0; 1340
INTERNAL; 18; 18; 0; 1111; INTERNAL; 19; 19; 0; 1340
INTERNAL; 17; 17; 0; 1310; INTERNAL; 18; 18; 0; 1111
INTERNAL; 5; 16; 11; 1306; INTERNAL; 18; 18; 0; 1111
INTERNAL; 5; 16; 11; 1144; INTERNAL; 18; 18; 0; 1111
INTERNAL; 17; 17; 0; 1053; INTERNAL; 18; 18; 0; 1111
INTERNAL; 17; 17; 0; 1312; INTERNAL; 18; 18; 0; 1111
INTERNAL; 18; 18; 0; 1282; INTERNAL; 19; 19; 0; 1343
INTERNAL; 18; 18; 0; 1105; INTERNAL; 19; 19; 0; 1343
INTERNAL; 5; 16; 11; 1303; INTERNAL; 19; 19; 0; 1343
INTERNAL; 5; 16; 11; 913; INTERNAL; 19; 19; 0; 1343
INTERNAL; 18; 18; 0; 1344; INTERNAL; 19; 19; 0; 1343
INTERNAL; 4; 9; 5; 587; INTERNAL; 19; 19; 0; 1343
INTERNAL; 17; 17; 0; 1053; INTERNAL; 18; 18; 0; 1344
INTERNAL; 5; 16; 11; 552; INTERNAL; 18; 18; 0; 1344
INTERNAL; 17; 17; 0; 1287; INTERNAL; 18; 18; 0; 1344
INTERNAL; 5; 15; 10; 327; INTERNAL; 18; 18; 0; 1344
INTERNAL; 18; 18; 0; 1122; INTERNAL; 19; 19; 0; 1235
INTERNAL; 5; 16; 11; 1303; INTERNAL; 19; 19; 0; 1235
INTERNAL; 18; 18; 0; 451; INTERNAL; 19; 19; 0; 1235
INTERNAL; 17; 18; 1; 1345; INTERNAL; 19; 19; 0; 1235
INTERNAL; 18; 18; 0; 1347; INTERNAL; 19; 19; 0; 1235
INTERNAL; 4; 9; 5; 587; INTERNAL; 19; 19; 0; 1235
INTERNAL; 17; 17; 0; 1053; INTERNAL; 18; 18; 0; 451
INTERNAL; 17; 17; 0; 1310; INTERNAL; 18; 18; 0; 451
INTERNAL; 5; 16; 11; 1303; INTERNAL; 18; 18; 0; 451
INTERNAL; 5; 16; 11; 913; INTERNAL; 18; 18; 0; 451
INTERNAL; 17; 17; 0; 748; INTERNAL; 18; 18; 0; 451
INTERNAL; 17; 17; 0; 319; INTERNAL; 18; 18; 0; 451
INTERNAL; 16; 16; 0; 1193; INTERNAL; 17; 17; 0; 748
INTERNAL; 16; 16; 0; 589; INTERNAL; 17; 17; 0; 748
INTERNAL; 5; 16; 11; 1303; INTERNAL; 17; 17; 0; 748
INTERNAL; 5; 16; 11; 913; INTERNAL; 17; 17; 0; 748
INTERNAL; 16; 16; 0; 1219; INTERNAL; 17; 17; 0; 748
INTERNAL; 16; 16; 0; 539; INTERNAL; 17; 17; 0; 748
INTERNAL; 15; 15; 0; 865; INTERNAL; 16; 16; 0; 1219
INTERNAL; 15; 15; 0; 943; INTERNAL; 16; 16; 0; 1219
INTERNAL; 10; 15; 5; 1162; INTERNAL; 16; 16; 0; 1219
INTERNAL; 5; 15; 10; 327; INTERNAL; 16; 16; 0; 1219
INTERNAL; 3; 9; 6; 866; INTERNAL; 16; 16; 0; 539
INTERNAL; 3; 9; 6; 448; INTERNAL; 16; 16; 0; 539
INTERNAL; 15; 15; 0; 865; INTERNAL; 16; 16; 0; 539
INTERNAL; 15; 15; 0; 943; INTERNAL; 16; 16; 0; 539
INTERNAL; 10; 15; 5; 1162; INTERNAL; 16; 16; 0; 539
INTERNAL; 4; 9; 5; 587; INTERNAL; 16; 16; 0; 539
INTERNAL; 5; 15; 10; 327; INTERNAL; 17; 17; 0; 319
INTERNAL; 16; 16; 0; 1193; INTERNAL; 17; 17; 0; 319
INTERNAL; 16; 16; 0; 1288; INTERNAL; 17; 17; 0; 319
INTERNAL; 5; 16; 11; 552; INTERNAL; 17; 17; 0; 319
INTERNAL; 16; 16; 0; 1193; INTERNAL; 18; 18; 0; 1347
INTERNAL; 5; 16; 11; 552; INTERNAL; 18; 18; 0; 1347
INTERNAL; 17; 17; 0; 1053; INTERNAL; 18; 18; 0; 1347
INTERNAL; 5; 15; 10; 327; INTERNAL; 18; 18; 0; 1347
INTERNAL; 17; 17; 0; 1287; INTERNAL; 18; 18; 0; 1347
INTERNAL; 5; 16; 11; 913; INTERNAL; 18; 18; 0; 1347
INTERNAL; 16; 16; 0; 1288; INTERNAL; 17; 18; 1; 1345
INTERNAL; 4; 10; 6; 370; INTERNAL; 17; 18; 1; 1345
INTERNAL; 4; 9; 5; 587; INTERNAL; 17; 18; 1; 1345
INTERNAL; 4; 10; 6; 795; INTERNAL; 18; 19; 1; 639
INTERNAL; 17; 18; 1; 1345; INTERNAL; 18; 19; 1; 639
INTERNAL; 17; 18; 1; 456; INTERNAL; 18; 19; 1; 639
INTERNAL; 16; 16; 0; 589; INTERNAL; 17; 18; 1; 456
INTERNAL; 5; 16; 11; 1306; INTERNAL; 17; 18; 1; 456
INTERNAL; 5; 16; 11; 1144; INTERNAL; 17; 18; 1; 456
INTERNAL; 16; 16; 0; 1193; INTERNAL; 17; 18; 1; 456
INTERNAL; 16; 16; 0; 1316; INTERNAL; 17; 18; 1; 456
INTERNAL; 18; 18; 0; 1122; INTERNAL; 19; 19; 0; 847
INTERNAL; 5; 16; 11; 1306; INTERNAL; 19; 19; 0; 847
INTERNAL; 18; 18; 0; 1308; INTERNAL; 19; 19; 0; 847
INTERNAL; 18; 18; 0; 871; INTERNAL; 19; 19; 0; 847
INTERNAL; 16; 16; 0; 409; INTERNAL; 19; 19; 0; 847
INTERNAL; 4; 10; 6; 795; INTERNAL; 19; 19; 0; 847
INTERNAL; 21; 21; 0; 1350; INTERNAL; 22; 22; 0; 1405
INTERNAL; 4; 16; 12; 878; INTERNAL; 22; 22; 0; 1405
INTERNAL; 21; 21; 0; 1352; INTERNAL; 22; 22; 0; 1405
INTERNAL; 3; 9; 6; 866; INTERNAL; 22; 22; 0; 1405
INTERNAL; 20; 20; 0; 318; INTERNAL; 21; 21; 0; 1350
INTERNAL; 20; 20; 0; 1279; INTERNAL; 21; 21; 0; 1350
INTERNAL; 20; 20; 0; 1460; INTERNAL; 21; 21; 0; 1350
INTERNAL; 20; 20; 0; 1280; INTERNAL; 21; 21; 0; 1350
INTERNAL; 20; 20; 0; 959; INTERNAL; 21; 21; 0; 1350
INTERNAL; 20; 20; 0; 1233; INTERNAL; 21; 21; 0; 1350
INTERNAL; 20; 20; 0; 1280; INTERNAL; 21; 21; 0; 1352
INTERNAL; 4; 15; 11; 726; INTERNAL; 21; 21; 0; 1352
INTERNAL; 20; 20; 0; 1285; INTERNAL; 21; 21; 0; 1352
INTERNAL; 20; 20; 0; 959; INTERNAL; 21; 21; 0; 1352
INTERNAL; 20; 20; 0; 1233; INTERNAL; 21; 21; 0; 1352
INTERNAL; 4; 16; 12; 1291; INTERNAL; 21; 21; 0; 1352
INTERNAL; 19; 19; 0; 655; INTERNAL; 20; 20; 0; 1285
INTERNAL; 19; 19; 0; 796; INTERNAL; 20; 20; 0; 1285
INTERNAL; 4; 16; 12; 780; INTERNAL; 20; 20; 0; 1285
INTERNAL; 21; 21; 0; 290; INTERNAL; 22; 22; 0; 1295
INTERNAL; 21; 21; 0; 1355; INTERNAL; 22; 22; 0; 1295
INTERNAL; 20; 20; 0; 799; INTERNAL; 21; 21; 0; 290
INTERNAL; 20; 20; 0; 1243; INTERNAL; 21; 21; 0; 290
INTERNAL; 19; 19; 0; 847; INTERNAL; 21; 21; 0; 290
INTERNAL; 20; 20; 0; 1330; INTERNAL; 21; 21; 0; 1355
INTERNAL; 20; 20; 0; 1487; INTERNAL; 21; 21; 0; 1355
INTERNAL; 4; 9; 5; 587; INTERNAL; 21; 21; 0; 1355
INTERNAL; 21; 21; 0; 1254; INTERNAL; 22; 22; 0; 882
INTERNAL; 21; 21; 0; 1147; INTERNAL; 22; 22; 0; 882
INTERNAL; 21; 21; 0; 1356; INTERNAL; 22; 22; 0; 882
INTERNAL; 21; 21; 0; 1358; INTERNAL; 22; 22; 0; 882
INTERNAL; 20; 20; 0; 1359; INTERNAL; 22; 22; 0; 882
INTERNAL; 20; 20; 0; 921; INTERNAL; 22; 22; 0; 882
INTERNAL; 20; 20; 0; 1361; INTERNAL; 21; 21; 0; 1254
INTERNAL; 20; 20; 0; 1243; INTERNAL; 21; 21; 0; 1254
INTERNAL; 19; 19; 0; 394; INTERNAL; 20; 20; 0; 1361
INTERNAL; 5; 16; 11; 1303; INTERNAL; 20; 20; 0; 1361
INTERNAL; 19; 19; 0; 1337; INTERNAL; 20; 20; 0; 1361
INTERNAL; 19; 19; 0; 1338; INTERNAL; 20; 20; 0; 1361
INTERNAL; 19; 19; 0; 847; INTERNAL; 20; 20; 0; 1361
INTERNAL; 4; 9; 5; 587; INTERNAL; 20; 20; 0; 1361
INTERNAL; 4; 16; 12; 878; INTERNAL; 21; 21; 0; 1356
INTERNAL; 20; 20; 0; 1363; INTERNAL; 21; 21; 0; 1356
INTERNAL; 20; 20; 0; 1279; INTERNAL; 21; 21; 0; 1356
INTERNAL; 20; 20; 0; 1460; INTERNAL; 21; 21; 0; 1356
INTERNAL; 20; 20; 0; 1366; INTERNAL; 21; 21; 0; 1356
INTERNAL; 3; 9; 6; 866; INTERNAL; 21; 21; 0; 1356
INTERNAL; 19; 19; 0; 655; INTERNAL; 20; 20; 0; 1363
INTERNAL; 19; 19; 0; 796; INTERNAL; 20; 20; 0; 1363
INTERNAL; 19; 19; 0; 823; INTERNAL; 20; 20; 0; 1363
INTERNAL; 19; 19; 0; 330; INTERNAL; 20; 20; 0; 1363
INTERNAL; 4; 16; 12; 1291; INTERNAL; 20; 20; 0; 1363
INTERNAL; 19; 19; 0; 1211; INTERNAL; 20; 20; 0; 1366
INTERNAL; 4; 16; 12; 780; INTERNAL; 20; 20; 0; 1366
INTERNAL; 19; 19; 0; 655; INTERNAL; 20; 20; 0; 1366
INTERNAL; 19; 19; 0; 796; INTERNAL; 20; 20; 0; 1366
INTERNAL; 4; 15; 11; 726; INTERNAL; 20; 20; 0; 1366
INTERNAL; 20; 20; 0; 979; INTERNAL; 21; 21; 0; 1147
INTERNAL; 4; 16; 12; 878; INTERNAL; 21; 21; 0; 1147
INTERNAL; 20; 20; 0; 1367; INTERNAL; 21; 21; 0; 1147
INTERNAL; 3; 9; 6; 866; INTERNAL; 21; 21; 0; 1147
INTERNAL; 19; 19; 0; 1211; INTERNAL; 20; 20; 0; 1367
INTERNAL; 4; 15; 11; 726; INTERNAL; 20; 20; 0; 1367
INTERNAL; 19; 19; 0; 961; INTERNAL; 20; 20; 0; 1367
INTERNAL; 19; 19; 0; 655; INTERNAL; 20; 20; 0; 1367
INTERNAL; 19; 19; 0; 796; INTERNAL; 20; 20; 0; 1367
INTERNAL; 4; 16; 12; 1291; INTERNAL; 20; 20; 0; 1367
INTERNAL; 18; 18; 0; 1278; INTERNAL; 19; 19; 0; 961
INTERNAL; 18; 18; 0; 934; INTERNAL; 19; 19; 0; 961
INTERNAL; 4; 16; 12; 780; INTERNAL; 19; 19; 0; 961
INTERNAL; 20; 20; 0; 1368; INTERNAL; 21; 21; 0; 1358
INTERNAL; 20; 20; 0; 1369; INTERNAL; 21; 21; 0; 1358
INTERNAL; 19; 19; 0; 1414; INTERNAL; 21; 21; 0; 1358
INTERNAL; 20; 20; 0; 955; INTERNAL; 21; 21; 0; 1358
INTERNAL; 20; 20; 0; 1371; INTERNAL; 21; 21; 0; 1358
INTERNAL; 3; 9; 6; 866; INTERNAL; 21; 21; 0; 1358
INTERNAL; 19; 19; 0; 1211; INTERNAL; 20; 20; 0; 1371
INTERNAL; 4; 16; 12; 1291; INTERNAL; 20; 20; 0; 1371
INTERNAL; 19; 19; 0; 1381; INTERNAL; 20; 20; 0; 1371
INTERNAL; 19; 19; 0; 679; INTERNAL; 20; 20; 0; 1371
INTERNAL; 19; 19; 0; 671; INTERNAL; 20; 20; 0; 1371
INTERNAL; 4; 16; 12; 878; INTERNAL; 20; 20; 0; 1371
INTERNAL; 18; 18; 0; 1004; INTERNAL; 19; 19; 0; 1381
INTERNAL; 4; 16; 12; 780; INTERNAL; 19; 19; 0; 1381
INTERNAL; 18; 18; 0; 1278; INTERNAL; 19; 19; 0; 1381
INTERNAL; 18; 18; 0; 934; INTERNAL; 19; 19; 0; 1381
INTERNAL; 4; 15; 11; 726; INTERNAL; 19; 19; 0; 1381
INTERNAL; 19; 19; 0; 1343; INTERNAL; 20; 20; 0; 1368
INTERNAL; 19; 19; 0; 1235; INTERNAL; 20; 20; 0; 1368
INTERNAL; 18; 19; 1; 639; INTERNAL; 20; 20; 0; 1368
INTERNAL; 19; 19; 0; 394; INTERNAL; 20; 20; 0; 1369
INTERNAL; 4; 16; 12; 878; INTERNAL; 20; 20; 0; 1369
INTERNAL; 19; 19; 0; 1099; INTERNAL; 20; 20; 0; 1369
INTERNAL; 19; 19; 0; 1375; INTERNAL; 20; 20; 0; 1369
INTERNAL; 3; 9; 6; 866; INTERNAL; 20; 20; 0; 1369
INTERNAL; 18; 18; 0; 1278; INTERNAL; 19; 19; 0; 1099
INTERNAL; 18; 18; 0; 934; INTERNAL; 19; 19; 0; 1099
INTERNAL; 4; 16; 12; 1291; INTERNAL; 19; 19; 0; 1099
INTERNAL; 18; 18; 0; 1282; INTERNAL; 19; 19; 0; 1375
INTERNAL; 4; 16; 12; 780; INTERNAL; 19; 19; 0; 1375
INTERNAL; 18; 18; 0; 1004; INTERNAL; 19; 19; 0; 1375
INTERNAL; 4; 15; 11; 726; INTERNAL; 19; 19; 0; 1375
INTERNAL; 19; 19; 0; 1376; INTERNAL; 20; 20; 0; 955
INTERNAL; 19; 19; 0; 437; INTERNAL; 20; 20; 0; 955
INTERNAL; 19; 19; 0; 1378; INTERNAL; 20; 20; 0; 955
INTERNAL; 19; 19; 0; 618; INTERNAL; 20; 20; 0; 955
INTERNAL; 18; 19; 1; 952; INTERNAL; 20; 20; 0; 955
INTERNAL; 18; 19; 1; 1334; INTERNAL; 20; 20; 0; 955
INTERNAL; 4; 16; 12; 878; INTERNAL; 19; 19; 0; 1378
INTERNAL; 18; 18; 0; 886; INTERNAL; 19; 19; 0; 1378
INTERNAL; 18; 18; 0; 408; INTERNAL; 19; 19; 0; 1378
INTERNAL; 18; 18; 0; 354; INTERNAL; 19; 19; 0; 1378
INTERNAL; 18; 18; 0; 1379; INTERNAL; 19; 19; 0; 1378
INTERNAL; 3; 9; 6; 866; INTERNAL; 19; 19; 0; 1378
INTERNAL; 17; 17; 0; 1141; INTERNAL; 18; 18; 0; 354
INTERNAL; 17; 17; 0; 1142; INTERNAL; 18; 18; 0; 354
INTERNAL; 17; 17; 0; 842; INTERNAL; 18; 18; 0; 354
INTERNAL; 11; 16; 5; 1151; INTERNAL; 18; 18; 0; 354
INTERNAL; 10; 17; 7; 836; INTERNAL; 18; 18; 0; 354
INTERNAL; 17; 17; 0; 1141; INTERNAL; 18; 18; 0; 886
INTERNAL; 17; 17; 0; 1142; INTERNAL; 18; 18; 0; 886
INTERNAL; 11; 16; 5; 1151; INTERNAL; 18; 18; 0; 886
INTERNAL; 17; 17; 0; 842; INTERNAL; 18; 18; 0; 886
INTERNAL; 10; 17; 7; 836; INTERNAL; 18; 18; 0; 886
INTERNAL; 4; 16; 12; 1291; INTERNAL; 18; 18; 0; 886
INTERNAL; 17; 17; 0; 1287; INTERNAL; 18; 18; 0; 1379
INTERNAL; 4; 16; 12; 780; INTERNAL; 18; 18; 0; 1379
INTERNAL; 17; 17; 0; 1142; INTERNAL; 18; 18; 0; 1379
INTERNAL; 17; 17; 0; 1283; INTERNAL; 18; 18; 0; 1379
INTERNAL; 4; 15; 11; 726; INTERNAL; 18; 18; 0; 1379
INTERNAL; 18; 18; 0; 1105; INTERNAL; 19; 19; 0; 618
INTERNAL; 4; 16; 12; 878; INTERNAL; 19; 19; 0; 618
INTERNAL; 18; 18; 0; 1380; INTERNAL; 19; 19; 0; 618
INTERNAL; 18; 18; 0; 1383; INTERNAL; 19; 19; 0; 618
INTERNAL; 3; 9; 6; 866; INTERNAL; 19; 19; 0; 618
INTERNAL; 18; 18; 0; 324; INTERNAL; 19; 19; 0; 618
INTERNAL; 17; 17; 0; 1142; INTERNAL; 18; 18; 0; 1380
INTERNAL; 17; 17; 0; 1283; INTERNAL; 18; 18; 0; 1380
INTERNAL; 4; 16; 12; 1291; INTERNAL; 18; 18; 0; 1380
INTERNAL; 17; 17; 0; 1053; INTERNAL; 18; 18; 0; 1383
INTERNAL; 4; 16; 12; 780; INTERNAL; 18; 18; 0; 1383
INTERNAL; 17; 17; 0; 1287; INTERNAL; 18; 18; 0; 1383
INTERNAL; 4; 15; 11; 726; INTERNAL; 18; 18; 0; 1383
INTERNAL; 4; 9; 5; 587; INTERNAL; 18; 18; 0; 324
INTERNAL; 17; 17; 0; 1348; INTERNAL; 18; 18; 0; 324
INTERNAL; 17; 17; 0; 1384; INTERNAL; 18; 18; 0; 324
INTERNAL; 16; 16; 0; 589; INTERNAL; 17; 17; 0; 1384
INTERNAL; 5; 16; 11; 1303; INTERNAL; 17; 17; 0; 1384
INTERNAL; 5; 16; 11; 913; INTERNAL; 17; 17; 0; 1384
INTERNAL; 16; 16; 0; 1193; INTERNAL; 17; 17; 0; 1384
INTERNAL; 16; 16; 0; 1219; INTERNAL; 17; 17; 0; 1384
INTERNAL; 16; 16; 0; 1288; INTERNAL; 17; 17; 0; 1348
INTERNAL; 3; 9; 6; 866; INTERNAL; 17; 17; 0; 1348
INTERNAL; 3; 9; 6; 448; INTERNAL; 17; 17; 0; 1348
INTERNAL; 18; 18; 0; 1122; INTERNAL; 19; 19; 0; 1376
INTERNAL; 4; 16; 12; 878; INTERNAL; 19; 19; 0; 1376
INTERNAL; 18; 18; 0; 1386; INTERNAL; 19; 19; 0; 1376
INTERNAL; 17; 17; 0; 1348; INTERNAL; 19; 19; 0; 1376
INTERNAL; 18; 18; 0; 270; INTERNAL; 19; 19; 0; 1376
INTERNAL; 3; 9; 6; 866; INTERNAL; 19; 19; 0; 1376
INTERNAL; 17; 17; 0; 1053; INTERNAL; 18; 18; 0; 1386
INTERNAL; 17; 17; 0; 1310; INTERNAL; 18; 18; 0; 1386
INTERNAL; 4; 16; 12; 878; INTERNAL; 18; 18; 0; 1386
INTERNAL; 4; 16; 12; 1291; INTERNAL; 18; 18; 0; 1386
INTERNAL; 17; 17; 0; 1351; INTERNAL; 18; 18; 0; 1386
INTERNAL; 17; 17; 0; 509; INTERNAL; 18; 18; 0; 1386
INTERNAL; 16; 16; 0; 1193; INTERNAL; 17; 17; 0; 1351
INTERNAL; 16; 16; 0; 589; INTERNAL; 17; 17; 0; 1351
INTERNAL; 4; 16; 12; 878; INTERNAL; 17; 17; 0; 1351
INTERNAL; 4; 16; 12; 1291; INTERNAL; 17; 17; 0; 1351
INTERNAL; 16; 16; 0; 619; INTERNAL; 17; 17; 0; 1351
INTERNAL; 16; 16; 0; 1388; INTERNAL; 17; 17; 0; 1351
INTERNAL; 15; 15; 0; 865; INTERNAL; 16; 16; 0; 619
INTERNAL; 15; 15; 0; 943; INTERNAL; 16; 16; 0; 619
INTERNAL; 10; 15; 5; 1162; INTERNAL; 16; 16; 0; 619
INTERNAL; 4; 15; 11; 726; INTERNAL; 16; 16; 0; 619
INTERNAL; 3; 9; 6; 490; INTERNAL; 16; 16; 0; 1388
INTERNAL; 3; 14; 11; 1128; INTERNAL; 16; 16; 0; 1388
INTERNAL; 15; 15; 0; 865; INTERNAL; 16; 16; 0; 1388
INTERNAL; 15; 15; 0; 943; INTERNAL; 16; 16; 0; 1388
INTERNAL; 10; 15; 5; 1162; INTERNAL; 16; 16; 0; 1388
INTERNAL; 3; 9; 6; 866; INTERNAL; 16; 16; 0; 1388
INTERNAL; 4; 15; 11; 726; INTERNAL; 17; 17; 0; 509
INTERNAL; 16; 16; 0; 1193; INTERNAL; 17; 17; 0; 509
INTERNAL; 16; 16; 0; 1288; INTERNAL; 17; 17; 0; 509
INTERNAL; 4; 16; 12; 780; INTERNAL; 17; 17; 0; 509
INTERNAL; 16; 16; 0; 1193; INTERNAL; 18; 18; 0; 270
INTERNAL; 4; 16; 12; 780; INTERNAL; 18; 18; 0; 270
INTERNAL; 17; 17; 0; 1053; INTERNAL; 18; 18; 0; 270
INTERNAL; 4; 15; 11; 726; INTERNAL; 18; 18; 0; 270
INTERNAL; 17; 17; 0; 1287; INTERNAL; 18; 18; 0; 270
INTERNAL; 4; 16; 12; 1291; INTERNAL; 18; 18; 0; 270
INTERNAL; 18; 18; 0; 1105; INTERNAL; 19; 19; 0; 437
INTERNAL; 4; 16; 12; 878; INTERNAL; 19; 19; 0; 437
INTERNAL; 18; 18; 0; 1380; INTERNAL; 19; 19; 0; 437
INTERNAL; 18; 18; 0; 1383; INTERNAL; 19; 19; 0; 437
INTERNAL; 18; 18; 0; 324; INTERNAL; 19; 19; 0; 437
INTERNAL; 3; 9; 6; 866; INTERNAL; 19; 19; 0; 437
INTERNAL; 17; 17; 0; 1310; INTERNAL; 18; 19; 1; 952
INTERNAL; 5; 16; 11; 1303; INTERNAL; 18; 19; 1; 952
INTERNAL; 5; 16; 11; 913; INTERNAL; 18; 19; 1; 952
INTERNAL; 17; 17; 0; 1053; INTERNAL; 18; 19; 1; 952
INTERNAL; 17; 17; 0; 319; INTERNAL; 18; 19; 1; 952
INTERNAL; 17; 17; 0; 748; INTERNAL; 18; 19; 1; 1334
INTERNAL; 4; 9; 5; 587; INTERNAL; 18; 19; 1; 1334
INTERNAL; 18; 18; 0; 1122; INTERNAL; 19; 19; 0; 1414
INTERNAL; 5; 16; 11; 1303; INTERNAL; 19; 19; 0; 1414
INTERNAL; 18; 18; 0; 1347; INTERNAL; 19; 19; 0; 1414
INTERNAL; 18; 18; 0; 451; INTERNAL; 19; 19; 0; 1414
INTERNAL; 17; 18; 1; 1345; INTERNAL; 19; 19; 0; 1414
INTERNAL; 4; 9; 5; 587; INTERNAL; 19; 19; 0; 1414
INTERNAL; 19; 19; 0; 1343; INTERNAL; 20; 20; 0; 1359
INTERNAL; 18; 19; 1; 639; INTERNAL; 20; 20; 0; 1359
INTERNAL; 19; 19; 0; 1235; INTERNAL; 20; 20; 0; 1359
INTERNAL; 19; 19; 0; 329; INTERNAL; 20; 20; 0; 921
INTERNAL; 19; 19; 0; 1340; INTERNAL; 20; 20; 0; 921
INTERNAL; 4; 9; 5; 587; INTERNAL; 20; 20; 0; 921
INTERNAL; 21; 21; 0; 1389; INTERNAL; 22; 22; 0; 875
INTERNAL; 21; 21; 0; 1301; INTERNAL; 22; 22; 0; 875
INTERNAL; 20; 20; 0; 1116; INTERNAL; 22; 22; 0; 875
INTERNAL; 20; 20; 0; 269; INTERNAL; 22; 22; 0; 875
INTERNAL; 20; 20; 0; 979; INTERNAL; 21; 21; 0; 1389
INTERNAL; 5; 16; 11; 1303; INTERNAL; 21; 21; 0; 1389
INTERNAL; 20; 20; 0; 986; INTERNAL; 21; 21; 0; 1389
INTERNAL; 4; 9; 5; 587; INTERNAL; 21; 21; 0; 1389
INTERNAL; 21; 21; 0; 1391; INTERNAL; 22; 22; 0; 665
INTERNAL; 21; 21; 0; 573; INTERNAL; 22; 22; 0; 665
INTERNAL; 4; 9; 5; 587; INTERNAL; 22; 22; 0; 665
INTERNAL; 20; 20; 0; 997; INTERNAL; 21; 21; 0; 1391
INTERNAL; 20; 20; 0; 1300; INTERNAL; 21; 21; 0; 1391
INTERNAL; 18; 19; 1; 446; INTERNAL; 20; 20; 0; 997
INTERNAL; 19; 19; 0; 1304; INTERNAL; 20; 20; 0; 997
INTERNAL; 18; 19; 1; 995; INTERNAL; 20; 20; 0; 997
INTERNAL; 19; 19; 0; 1305; INTERNAL; 20; 20; 0; 997
INTERNAL; 19; 19; 0; 1410; INTERNAL; 20; 20; 0; 997
INTERNAL; 4; 10; 6; 795; INTERNAL; 20; 20; 0; 997
INTERNAL; 19; 19; 0; 394; INTERNAL; 20; 20; 0; 1300
INTERNAL; 5; 16; 11; 1306; INTERNAL; 20; 20; 0; 1300
INTERNAL; 19; 19; 0; 1222; INTERNAL; 20; 20; 0; 1300
INTERNAL; 19; 19; 0; 418; INTERNAL; 20; 20; 0; 1300
INTERNAL; 19; 19; 0; 422; INTERNAL; 20; 20; 0; 1300
INTERNAL; 4; 10; 6; 795; INTERNAL; 20; 20; 0; 1300
INTERNAL; 18; 18; 0; 1278; INTERNAL; 19; 19; 0; 1222
INTERNAL; 18; 18; 0; 934; INTERNAL; 19; 19; 0; 1222
INTERNAL; 5; 16; 11; 1144; INTERNAL; 19; 19; 0; 1222
INTERNAL; 5; 16; 11; 1307; INTERNAL; 19; 19; 0; 418
INTERNAL; 18; 18; 0; 1282; INTERNAL; 19; 19; 0; 418
INTERNAL; 18; 18; 0; 1004; INTERNAL; 19; 19; 0; 418
INTERNAL; 5; 15; 10; 1251; INTERNAL; 19; 19; 0; 418
INTERNAL; 18; 18; 0; 1122; INTERNAL; 19; 19; 0; 422
INTERNAL; 5; 16; 11; 1377; INTERNAL; 19; 19; 0; 422
INTERNAL; 18; 18; 0; 1392; INTERNAL; 19; 19; 0; 422
INTERNAL; 4; 9; 5; 763; INTERNAL; 19; 19; 0; 422
INTERNAL; 18; 18; 0; 1299; INTERNAL; 19; 19; 0; 422
INTERNAL; 16; 16; 0; 1288; INTERNAL; 19; 19; 0; 422
INTERNAL; 16; 16; 0; 1193; INTERNAL; 18; 18; 0; 1392
INTERNAL; 5; 16; 11; 1328; INTERNAL; 18; 18; 0; 1392
INTERNAL; 5; 15; 10; 1326; INTERNAL; 18; 18; 0; 1392
INTERNAL; 17; 17; 0; 1053; INTERNAL; 18; 18; 0; 1392
INTERNAL; 17; 17; 0; 1287; INTERNAL; 18; 18; 0; 1392
INTERNAL; 5; 16; 11; 1323; INTERNAL; 18; 18; 0; 1392
INTERNAL; 5; 16; 11; 1377; INTERNAL; 18; 18; 0; 1299
INTERNAL; 17; 17; 0; 1310; INTERNAL; 18; 18; 0; 1299
INTERNAL; 17; 17; 0; 1327; INTERNAL; 18; 18; 0; 1299
INTERNAL; 4; 9; 5; 763; INTERNAL; 18; 18; 0; 1299
INTERNAL; 17; 17; 0; 798; INTERNAL; 18; 18; 0; 1299
INTERNAL; 17; 17; 0; 438; INTERNAL; 18; 18; 0; 1299
INTERNAL; 20; 20; 0; 1280; INTERNAL; 21; 21; 0; 573
INTERNAL; 5; 16; 11; 913; INTERNAL; 21; 21; 0; 573
INTERNAL; 20; 20; 0; 1393; INTERNAL; 21; 21; 0; 573
INTERNAL; 20; 20; 0; 1279; INTERNAL; 21; 21; 0; 573
INTERNAL; 20; 20; 0; 1460; INTERNAL; 21; 21; 0; 573
INTERNAL; 5; 16; 11; 1303; INTERNAL; 21; 21; 0; 573
INTERNAL; 19; 19; 0; 1211; INTERNAL; 20; 20; 0; 1393
INTERNAL; 5; 16; 11; 552; INTERNAL; 20; 20; 0; 1393
INTERNAL; 19; 19; 0; 655; INTERNAL; 20; 20; 0; 1393
INTERNAL; 19; 19; 0; 796; INTERNAL; 20; 20; 0; 1393
INTERNAL; 5; 15; 10; 327; INTERNAL; 20; 20; 0; 1393
INTERNAL; 23; 23; 0; 1395; INTERNAL; 24; 24; 0; 676
INTERNAL; 23; 23; 0; 1396; INTERNAL; 24; 24; 0; 676
INTERNAL; 3; 9; 6; 866; INTERNAL; 24; 24; 0; 676
INTERNAL; 22; 22; 0; 479; INTERNAL; 23; 23; 0; 1395
INTERNAL; 4; 16; 12; 1291; INTERNAL; 23; 23; 0; 1395
INTERNAL; 22; 22; 0; 1397; INTERNAL; 23; 23; 0; 1395
INTERNAL; 22; 22; 0; 1398; INTERNAL; 23; 23; 0; 1395
INTERNAL; 22; 22; 0; 1050; INTERNAL; 23; 23; 0; 1395
INTERNAL; 4; 16; 12; 878; INTERNAL; 23; 23; 0; 1395
INTERNAL; 21; 21; 0; 651; INTERNAL; 22; 22; 0; 1398
INTERNAL; 21; 21; 0; 1228; INTERNAL; 22; 22; 0; 1398
INTERNAL; 21; 21; 0; 670; INTERNAL; 22; 22; 0; 1398
INTERNAL; 21; 21; 0; 1349; INTERNAL; 22; 22; 0; 1398
INTERNAL; 21; 21; 0; 647; INTERNAL; 22; 22; 0; 1398
INTERNAL; 21; 21; 0; 1220; INTERNAL; 22; 22; 0; 479
INTERNAL; 11; 21; 10; 1400; INTERNAL; 22; 22; 0; 479
INTERNAL; 20; 20; 0; 959; INTERNAL; 21; 21; 0; 1220
INTERNAL; 20; 20; 0; 1289; INTERNAL; 21; 21; 0; 1220
INTERNAL; 11; 19; 8; 466; INTERNAL; 21; 21; 0; 1220
INTERNAL; 19; 19; 0; 717; INTERNAL; 21; 21; 0; 1220
INTERNAL; 10; 19; 9; 912; INTERNAL; 21; 21; 0; 1220
INTERNAL; 10; 20; 10; 917; INTERNAL; 21; 21; 0; 1220
INTERNAL; 10; 20; 10; 1401; INTERNAL; 11; 21; 10; 1400
INTERNAL; 8; 8; 0; 393; INTERNAL; 11; 21; 10; 1400
INTERNAL; 8; 20; 12; 535; INTERNAL; 11; 21; 10; 1400
INTERNAL; 8; 20; 12; 1403; INTERNAL; 11; 21; 10; 1400
INTERNAL; 7; 7; 0; 1150; INTERNAL; 10; 20; 10; 1401
INTERNAL; 6; 6; 0; 566; INTERNAL; 10; 20; 10; 1401
INTERNAL; 8; 19; 11; 1404; INTERNAL; 10; 20; 10; 1401
INTERNAL; 9; 19; 10; 1406; INTERNAL; 10; 20; 10; 1401
INTERNAL; 7; 19; 12; 1407; INTERNAL; 10; 20; 10; 1401
INTERNAL; 8; 19; 11; 1408; INTERNAL; 10; 20; 10; 1401
INTERNAL; 6; 6; 0; 919; INTERNAL; 9; 19; 10; 1406
INTERNAL; 6; 6; 0; 654; INTERNAL; 9; 19; 10; 1406
INTERNAL; 6; 6; 0; 1394; INTERNAL; 9; 19; 10; 1406
INTERNAL; 6; 6; 0; 858; INTERNAL; 9; 19; 10; 1406
INTERNAL; 8; 14; 6; 1229; INTERNAL; 9; 19; 10; 1406
INTERNAL; 7; 7; 0; 609; INTERNAL; 8; 19; 11; 1408
INTERNAL; 6; 6; 0; 310; INTERNAL; 8; 19; 11; 1408
INTERNAL; 6; 6; 0; 978; INTERNAL; 8; 19; 11; 1408
INTERNAL; 6; 6; 0; 838; INTERNAL; 8; 19; 11; 1408
INTERNAL; 6; 6; 0; 335; INTERNAL; 8; 19; 11; 1408
INTERNAL; 7; 7; 0; 377; INTERNAL; 8; 19; 11; 1404
INTERNAL; 7; 7; 0; 615; INTERNAL; 8; 19; 11; 1404
INTERNAL; 6; 6; 0; 804; INTERNAL; 8; 19; 11; 1404
INTERNAL; 6; 6; 0; 901; INTERNAL; 8; 19; 11; 1404
INTERNAL; 6; 6; 0; 929; INTERNAL; 7; 19; 12; 1407
INTERNAL; 6; 6; 0; 588; INTERNAL; 7; 19; 12; 1407
INTERNAL; 6; 6; 0; 1204; INTERNAL; 7; 19; 12; 1407
INTERNAL; 6; 6; 0; 894; INTERNAL; 7; 19; 12; 1407
INTERNAL; 6; 6; 0; 800; INTERNAL; 8; 20; 12; 535
INTERNAL; 6; 6; 0; 520; INTERNAL; 8; 20; 12; 535
INTERNAL; 6; 6; 0; 296; INTERNAL; 8; 20; 12; 535
INTERNAL; 6; 6; 0; 879; INTERNAL; 8; 20; 12; 535
INTERNAL; 7; 13; 6; 1187; INTERNAL; 8; 20; 12; 535
INTERNAL; 7; 19; 12; 1409; INTERNAL; 8; 20; 12; 535
INTERNAL; 6; 6; 0; 576; INTERNAL; 7; 19; 12; 1409
INTERNAL; 6; 6; 0; 770; INTERNAL; 7; 19; 12; 1409
INTERNAL; 6; 6; 0; 783; INTERNAL; 7; 19; 12; 1409
INTERNAL; 6; 6; 0; 629; INTERNAL; 8; 20; 12; 1403
INTERNAL; 6; 6; 0; 881; INTERNAL; 8; 20; 12; 1403
INTERNAL; 6; 6; 0; 522; INTERNAL; 8; 20; 12; 1403
INTERNAL; 6; 6; 0; 401; INTERNAL; 8; 20; 12; 1403
INTERNAL; 7; 7; 0; 384; INTERNAL; 8; 20; 12; 1403
INTERNAL; 7; 14; 7; 895; INTERNAL; 8; 20; 12; 1403
INTERNAL; 21; 21; 0; 1220; INTERNAL; 22; 22; 0; 1050
INTERNAL; 21; 21; 0; 1228; INTERNAL; 22; 22; 0; 1050
INTERNAL; 11; 21; 10; 1400; INTERNAL; 22; 22; 0; 1050
INTERNAL; 21; 21; 0; 1228; INTERNAL; 22; 22; 0; 1397
INTERNAL; 4; 15; 11; 726; INTERNAL; 22; 22; 0; 1397
INTERNAL; 21; 21; 0; 647; INTERNAL; 22; 22; 0; 1397
INTERNAL; 4; 16; 12; 780; INTERNAL; 22; 22; 0; 1397
INTERNAL; 22; 22; 0; 1354; INTERNAL; 23; 23; 0; 1396
INTERNAL; 22; 22; 0; 1411; INTERNAL; 23; 23; 0; 1396
INTERNAL; 21; 22; 1; 580; INTERNAL; 23; 23; 0; 1396
INTERNAL; 4; 9; 5; 587; INTERNAL; 23; 23; 0; 1396
INTERNAL; 21; 21; 0; 1391; INTERNAL; 22; 22; 0; 1354
INTERNAL; 21; 21; 0; 719; INTERNAL; 22; 22; 0; 1354
INTERNAL; 21; 21; 0; 1389; INTERNAL; 22; 22; 0; 1354
INTERNAL; 21; 21; 0; 1301; INTERNAL; 22; 22; 0; 1354
INTERNAL; 21; 21; 0; 573; INTERNAL; 22; 22; 0; 1354
INTERNAL; 4; 9; 5; 587; INTERNAL; 22; 22; 0; 1354
INTERNAL; 20; 20; 0; 1116; INTERNAL; 21; 21; 0; 719
INTERNAL; 20; 20; 0; 269; INTERNAL; 21; 21; 0; 719
INTERNAL; 5; 16; 11; 1303; INTERNAL; 22; 22; 0; 1411
INTERNAL; 21; 21; 0; 1350; INTERNAL; 22; 22; 0; 1411
INTERNAL; 21; 21; 0; 1415; INTERNAL; 22; 22; 0; 1411
INTERNAL; 20; 20; 0; 1280; INTERNAL; 21; 21; 0; 1415
INTERNAL; 5; 15; 10; 327; INTERNAL; 21; 21; 0; 1415
INTERNAL; 20; 20; 0; 1417; INTERNAL; 21; 21; 0; 1415
INTERNAL; 20; 20; 0; 959; INTERNAL; 21; 21; 0; 1415
INTERNAL; 20; 20; 0; 1233; INTERNAL; 21; 21; 0; 1415
INTERNAL; 5; 16; 11; 913; INTERNAL; 21; 21; 0; 1415
INTERNAL; 19; 19; 0; 655; INTERNAL; 20; 20; 0; 1417
INTERNAL; 19; 19; 0; 796; INTERNAL; 20; 20; 0; 1417
INTERNAL; 5; 16; 11; 552; INTERNAL; 20; 20; 0; 1417
INTERNAL; 20; 20; 0; 997; INTERNAL; 21; 22; 1; 580
INTERNAL; 20; 20; 0; 1419; INTERNAL; 21; 22; 1; 580
INTERNAL; 19; 19; 0; 422; INTERNAL; 21; 22; 1; 580
INTERNAL; 20; 20; 0; 537; INTERNAL; 21; 22; 1; 580
INTERNAL; 20; 20; 0; 1420; INTERNAL; 21; 22; 1; 580
INTERNAL; 4; 10; 6; 795; INTERNAL; 21; 22; 1; 580
INTERNAL; 19; 19; 0; 394; INTERNAL; 20; 20; 0; 1419
INTERNAL; 5; 16; 11; 1306; INTERNAL; 20; 20; 0; 1419
INTERNAL; 19; 19; 0; 1222; INTERNAL; 20; 20; 0; 1419
INTERNAL; 19; 19; 0; 418; INTERNAL; 20; 20; 0; 1419
INTERNAL; 4; 10; 6; 795; INTERNAL; 20; 20; 0; 1419
INTERNAL; 19; 19; 0; 1211; INTERNAL; 20; 20; 0; 537
INTERNAL; 5; 16; 11; 1144; INTERNAL; 20; 20; 0; 537
INTERNAL; 19; 19; 0; 1422; INTERNAL; 20; 20; 0; 537
INTERNAL; 19; 19; 0; 679; INTERNAL; 20; 20; 0; 537
INTERNAL; 19; 19; 0; 671; INTERNAL; 20; 20; 0; 537
INTERNAL; 5; 16; 11; 1306; INTERNAL; 20; 20; 0; 537
INTERNAL; 18; 18; 0; 1004; INTERNAL; 19; 19; 0; 1422
INTERNAL; 5; 16; 11; 1307; INTERNAL; 19; 19; 0; 1422
INTERNAL; 18; 18; 0; 1278; INTERNAL; 19; 19; 0; 1422
INTERNAL; 18; 18; 0; 934; INTERNAL; 19; 19; 0; 1422
INTERNAL; 5; 15; 10; 1251; INTERNAL; 19; 19; 0; 1422
INTERNAL; 16; 16; 0; 1193; INTERNAL; 20; 20; 0; 1420
INTERNAL; 4; 9; 5; 763; INTERNAL; 20; 20; 0; 1420
INTERNAL; 19; 19; 0; 1424; INTERNAL; 20; 20; 0; 1420
INTERNAL; 19; 19; 0; 1079; INTERNAL; 20; 20; 0; 1420
INTERNAL; 18; 18; 0; 1122; INTERNAL; 19; 19; 0; 1424
INTERNAL; 16; 16; 0; 1288; INTERNAL; 19; 19; 0; 1424
INTERNAL; 5; 16; 11; 1377; INTERNAL; 19; 19; 0; 1424
INTERNAL; 18; 18; 0; 1299; INTERNAL; 19; 19; 0; 1424
INTERNAL; 18; 18; 0; 1392; INTERNAL; 19; 19; 0; 1424
INTERNAL; 4; 9; 5; 763; INTERNAL; 19; 19; 0; 1424
INTERNAL; 5; 16; 11; 1377; INTERNAL; 19; 19; 0; 1079
INTERNAL; 18; 18; 0; 1105; INTERNAL; 19; 19; 0; 1079
INTERNAL; 5; 16; 11; 1323; INTERNAL; 19; 19; 0; 1079
INTERNAL; 18; 18; 0; 1282; INTERNAL; 19; 19; 0; 1079
INTERNAL; 18; 18; 0; 1131; INTERNAL; 19; 19; 0; 1079
INTERNAL; 17; 17; 0; 1053; INTERNAL; 18; 18; 0; 1131
INTERNAL; 5; 16; 11; 1328; INTERNAL; 18; 18; 0; 1131
INTERNAL; 17; 17; 0; 1287; INTERNAL; 18; 18; 0; 1131
INTERNAL; 5; 15; 10; 1326; INTERNAL; 18; 18; 0; 1131
INTERNAL; 23; 23; 0; 1426; INTERNAL; 24; 24; 0; 740
INTERNAL; 12; 22; 10; 1336; INTERNAL; 24; 24; 0; 740
INTERNAL; 23; 23; 0; 902; INTERNAL; 24; 24; 0; 740
INTERNAL; 22; 22; 0; 1428; INTERNAL; 24; 24; 0; 740
INTERNAL; 22; 22; 0; 1398; INTERNAL; 23; 23; 0; 902
INTERNAL; 21; 21; 0; 1228; INTERNAL; 23; 23; 0; 902
INTERNAL; 21; 21; 0; 1220; INTERNAL; 23; 23; 0; 902
INTERNAL; 11; 21; 10; 1429; INTERNAL; 23; 23; 0; 902
INTERNAL; 11; 21; 10; 1400; INTERNAL; 23; 23; 0; 902
INTERNAL; 11; 21; 10; 1057; INTERNAL; 23; 23; 0; 902
INTERNAL; 10; 20; 10; 1073; INTERNAL; 11; 21; 10; 1057
INTERNAL; 9; 9; 0; 774; INTERNAL; 11; 21; 10; 1057
INTERNAL; 8; 9; 1; 608; INTERNAL; 11; 21; 10; 1057
INTERNAL; 8; 9; 1; 605; INTERNAL; 11; 21; 10; 1057
INTERNAL; 9; 19; 10; 700; INTERNAL; 10; 20; 10; 1073
INTERNAL; 9; 19; 10; 1431; INTERNAL; 10; 20; 10; 1073
INTERNAL; 8; 16; 8; 1256; INTERNAL; 10; 20; 10; 1073
INTERNAL; 8; 13; 5; 1007; INTERNAL; 10; 20; 10; 1073
INTERNAL; 8; 8; 0; 652; INTERNAL; 9; 19; 10; 700
INTERNAL; 8; 8; 0; 936; INTERNAL; 9; 19; 10; 700
INTERNAL; 7; 8; 1; 429; INTERNAL; 9; 19; 10; 700
INTERNAL; 7; 8; 1; 942; INTERNAL; 9; 19; 10; 700
INTERNAL; 6; 6; 0; 762; INTERNAL; 9; 19; 10; 1431
INTERNAL; 6; 6; 0; 811; INTERNAL; 9; 19; 10; 1431
INTERNAL; 6; 6; 0; 286; INTERNAL; 9; 19; 10; 1431
INTERNAL; 6; 6; 0; 883; INTERNAL; 9; 19; 10; 1431
INTERNAL; 8; 18; 10; 1432; INTERNAL; 9; 19; 10; 1431
INTERNAL; 5; 5; 0; 701; INTERNAL; 8; 18; 10; 1432
INTERNAL; 5; 5; 0; 907; INTERNAL; 8; 18; 10; 1432
INTERNAL; 6; 6; 0; 1143; INTERNAL; 8; 18; 10; 1432
INTERNAL; 7; 7; 0; 1325; INTERNAL; 8; 18; 10; 1432
INTERNAL; 7; 7; 0; 1506; INTERNAL; 8; 18; 10; 1432
INTERNAL; 7; 12; 5; 1191; INTERNAL; 8; 18; 10; 1432
INTERNAL; 10; 20; 10; 598; INTERNAL; 11; 21; 10; 1429
INTERNAL; 9; 9; 0; 774; INTERNAL; 11; 21; 10; 1429
INTERNAL; 9; 19; 10; 700; INTERNAL; 11; 21; 10; 1429
INTERNAL; 9; 9; 0; 1362; INTERNAL; 11; 21; 10; 1429
INTERNAL; 6; 6; 0; 820; INTERNAL; 10; 20; 10; 598
INTERNAL; 7; 7; 0; 513; INTERNAL; 10; 20; 10; 598
INTERNAL; 7; 8; 1; 1488; INTERNAL; 10; 20; 10; 598
INTERNAL; 7; 7; 0; 742; INTERNAL; 10; 20; 10; 598
INTERNAL; 9; 19; 10; 1433; INTERNAL; 10; 20; 10; 598
INTERNAL; 6; 6; 0; 915; INTERNAL; 9; 19; 10; 1433
INTERNAL; 6; 6; 0; 1365; INTERNAL; 9; 19; 10; 1433
INTERNAL; 7; 18; 11; 682; INTERNAL; 9; 19; 10; 1433
INTERNAL; 8; 8; 0; 616; INTERNAL; 9; 19; 10; 1433
INTERNAL; 7; 8; 1; 688; INTERNAL; 9; 19; 10; 1433
INTERNAL; 6; 6; 0; 968; INTERNAL; 7; 18; 11; 682
INTERNAL; 6; 6; 0; 885; INTERNAL; 7; 18; 11; 682
INTERNAL; 22; 22; 0; 1314; INTERNAL; 23; 23; 0; 1426
INTERNAL; 12; 22; 10; 1336; INTERNAL; 23; 23; 0; 1426
INTERNAL; 21; 21; 0; 1220; INTERNAL; 22; 22; 0; 1314
INTERNAL; 11; 21; 10; 1400; INTERNAL; 22; 22; 0; 1314
INTERNAL; 11; 21; 10; 1057; INTERNAL; 22; 22; 0; 1314
INTERNAL; 11; 21; 10; 1429; INTERNAL; 22; 22; 0; 1314
INTERNAL; 6; 6; 0; 621; INTERNAL; 12; 22; 10; 1336
INTERNAL; 9; 9; 0; 1362; INTERNAL; 12; 22; 10; 1336
INTERNAL; 7; 7; 0; 496; INTERNAL; 12; 22; 10; 1336
INTERNAL; 11; 21; 10; 1435; INTERNAL; 12; 22; 10; 1336
INTERNAL; 5; 5; 0; 547; INTERNAL; 11; 21; 10; 1435
INTERNAL; 6; 6; 0; 905; INTERNAL; 11; 21; 10; 1435
INTERNAL; 7; 7; 0; 928; INTERNAL; 11; 21; 10; 1435
INTERNAL; 10; 20; 10; 773; INTERNAL; 11; 21; 10; 1435
INTERNAL; 9; 9; 0; 1421; INTERNAL; 11; 21; 10; 1435
INTERNAL; 9; 19; 10; 700; INTERNAL; 10; 20; 10; 773
INTERNAL; 8; 9; 1; 608; INTERNAL; 10; 20; 10; 773
INTERNAL; 8; 8; 0; 1074; INTERNAL; 10; 20; 10; 773
INTERNAL; 7; 8; 1; 963; INTERNAL; 10; 20; 10; 773
INTERNAL; 21; 21; 0; 1220; INTERNAL; 22; 22; 0; 1428
INTERNAL; 11; 21; 10; 1400; INTERNAL; 22; 22; 0; 1428
INTERNAL; 11; 21; 10; 1057; INTERNAL; 22; 22; 0; 1428
INTERNAL; 11; 21; 10; 1429; INTERNAL; 22; 22; 0; 1428
INTERNAL; 22; 22; 0; 1428; INTERNAL; 24; 24; 0; 733
INTERNAL; 2; 16; 14; 1436; INTERNAL; 24; 24; 0; 733
INTERNAL; 22; 22; 0; 1438; INTERNAL; 24; 24; 0; 733
INTERNAL; 3; 16; 13; 703; INTERNAL; 24; 24; 0; 733
INTERNAL; 23; 23; 0; 1426; INTERNAL; 24; 24; 0; 733
INTERNAL; 2; 16; 14; 1439; INTERNAL; 24; 24; 0; 733
INTERNAL; 21; 21; 0; 1220; INTERNAL; 22; 22; 0; 1438
INTERNAL; 11; 21; 10; 1400; INTERNAL; 22; 22; 0; 1438
INTERNAL; 11; 21; 10; 1057; INTERNAL; 22; 22; 0; 1438
INTERNAL; 2; 8; 6; 656; INTERNAL; 3; 16; 13; 703
INPUT; 1; 1; 0; 818; INTERNAL; 3; 16; 13; 703
INPUT; 1; 4; 3; 574; INTERNAL; 2; 16; 14; 1439
INPUT; 1; 1; 0; 642; INTERNAL; 2; 16; 14; 1439
INPUT; 1; 1; 0; 818; INTERNAL; 2; 16; 14; 1439
INPUT; 1; 1; 0; 542; INTERNAL; 2; 16; 14; 1439
INPUT; 1; 1; 0; 542; INTERNAL; 2; 16; 14; 1436
INPUT; 1; 1; 0; 642; INTERNAL; 2; 16; 14; 1436
INPUT; 1; 4; 3; 574; INTERNAL; 2; 16; 14; 1436
INPUT; 1; 4; 3; 574; INTERNAL; 2; 16; 14; 829
INPUT; 1; 1; 0; 642; INTERNAL; 2; 16; 14; 829
INPUT; 1; 1; 0; 818; INTERNAL; 2; 16; 14; 829
INPUT; 1; 1; 0; 542; INTERNAL; 2; 16; 14; 829
INTERNAL; 24; 24; 0; 1440; INTERNAL; 25; 25; 0; 1165
INTERNAL; 24; 24; 0; 1442; INTERNAL; 25; 25; 0; 1165
INTERNAL; 24; 24; 0; 1443; INTERNAL; 25; 25; 0; 1165
INTERNAL; 24; 24; 0; 1444; INTERNAL; 25; 25; 0; 1165
INTERNAL; 23; 23; 0; 1434; INTERNAL; 25; 25; 0; 1165
INTERNAL; 23; 23; 0; 1445; INTERNAL; 25; 25; 0; 1165
INTERNAL; 23; 23; 0; 889; INTERNAL; 24; 24; 0; 1440
INTERNAL; 23; 23; 0; 1447; INTERNAL; 24; 24; 0; 1440
INTERNAL; 22; 22; 0; 686; INTERNAL; 23; 23; 0; 1447
INTERNAL; 4; 16; 12; 878; INTERNAL; 23; 23; 0; 1447
INTERNAL; 22; 22; 0; 764; INTERNAL; 23; 23; 0; 1447
INTERNAL; 22; 22; 0; 875; INTERNAL; 23; 23; 0; 1447
INTERNAL; 22; 22; 0; 665; INTERNAL; 23; 23; 0; 1447
INTERNAL; 3; 9; 6; 866; INTERNAL; 23; 23; 0; 1447
INTERNAL; 23; 23; 0; 1449; INTERNAL; 24; 24; 0; 1444
INTERNAL; 2; 16; 14; 829; INTERNAL; 24; 24; 0; 1444
INTERNAL; 23; 23; 0; 1450; INTERNAL; 24; 24; 0; 1444
INTERNAL; 3; 14; 11; 1128; INTERNAL; 24; 24; 0; 1444
INTERNAL; 22; 22; 0; 1398; INTERNAL; 23; 23; 0; 1449
INTERNAL; 21; 21; 0; 1228; INTERNAL; 23; 23; 0; 1449
INTERNAL; 21; 21; 0; 1220; INTERNAL; 23; 23; 0; 1449
INTERNAL; 11; 21; 10; 1400; INTERNAL; 23; 23; 0; 1449
INTERNAL; 11; 21; 10; 1057; INTERNAL; 23; 23; 0; 1449
INTERNAL; 11; 21; 10; 1429; INTERNAL; 23; 23; 0; 1449
INTERNAL; 2; 16; 14; 1439; INTERNAL; 23; 23; 0; 1450
INTERNAL; 22; 22; 0; 1428; INTERNAL; 23; 23; 0; 1450
INTERNAL; 22; 22; 0; 1438; INTERNAL; 23; 23; 0; 1450
INTERNAL; 2; 16; 14; 1436; INTERNAL; 23; 23; 0; 1450
INTERNAL; 22; 22; 0; 479; INTERNAL; 23; 23; 0; 1450
INTERNAL; 3; 16; 13; 703; INTERNAL; 23; 23; 0; 1450
INTERNAL; 23; 23; 0; 1017; INTERNAL; 24; 24; 0; 1442
INTERNAL; 2; 16; 14; 829; INTERNAL; 24; 24; 0; 1442
INTERNAL; 23; 23; 0; 1452; INTERNAL; 24; 24; 0; 1442
INTERNAL; 3; 14; 11; 1128; INTERNAL; 24; 24; 0; 1442
INTERNAL; 21; 21; 0; 1228; INTERNAL; 23; 23; 0; 1017
INTERNAL; 22; 22; 0; 1398; INTERNAL; 23; 23; 0; 1017
INTERNAL; 21; 21; 0; 1220; INTERNAL; 23; 23; 0; 1017
INTERNAL; 11; 21; 10; 1400; INTERNAL; 23; 23; 0; 1017
INTERNAL; 11; 21; 10; 1057; INTERNAL; 23; 23; 0; 1017
INTERNAL; 21; 21; 0; 1228; INTERNAL; 23; 23; 0; 1452
INTERNAL; 3; 16; 13; 703; INTERNAL; 23; 23; 0; 1452
INTERNAL; 22; 22; 0; 1438; INTERNAL; 23; 23; 0; 1452
INTERNAL; 2; 16; 14; 1439; INTERNAL; 23; 23; 0; 1452
INTERNAL; 22; 22; 0; 479; INTERNAL; 23; 23; 0; 1452
INTERNAL; 2; 16; 14; 1436; INTERNAL; 23; 23; 0; 1452
INTERNAL; 23; 23; 0; 1453; INTERNAL; 24; 24; 0; 1443
INTERNAL; 23; 23; 0; 351; INTERNAL; 24; 24; 0; 1443
INTERNAL; 23; 23; 0; 1412; INTERNAL; 24; 24; 0; 1443
INTERNAL; 22; 23; 1; 569; INTERNAL; 24; 24; 0; 1443
INTERNAL; 23; 23; 0; 1081; INTERNAL; 24; 24; 0; 1443
INTERNAL; 3; 14; 11; 1128; INTERNAL; 24; 24; 0; 1443
INTERNAL; 22; 22; 0; 882; INTERNAL; 23; 23; 0; 1453
INTERNAL; 22; 22; 0; 1454; INTERNAL; 23; 23; 0; 1453
INTERNAL; 21; 21; 0; 1350; INTERNAL; 22; 22; 0; 1454
INTERNAL; 4; 16; 12; 878; INTERNAL; 22; 22; 0; 1454
INTERNAL; 21; 21; 0; 1352; INTERNAL; 22; 22; 0; 1454
INTERNAL; 21; 21; 0; 290; INTERNAL; 22; 22; 0; 1454
INTERNAL; 21; 21; 0; 1355; INTERNAL; 22; 22; 0; 1454
INTERNAL; 3; 9; 6; 866; INTERNAL; 22; 22; 0; 1454
INTERNAL; 22; 22; 0; 1455; INTERNAL; 23; 23; 0; 351
INTERNAL; 22; 22; 0; 689; INTERNAL; 23; 23; 0; 351
INTERNAL; 22; 22; 0; 672; INTERNAL; 23; 23; 0; 351
INTERNAL; 21; 22; 1; 1457; INTERNAL; 23; 23; 0; 351
INTERNAL; 22; 22; 0; 644; INTERNAL; 23; 23; 0; 351
INTERNAL; 3; 14; 11; 1128; INTERNAL; 23; 23; 0; 351
INTERNAL; 21; 21; 0; 1358; INTERNAL; 22; 22; 0; 1455
INTERNAL; 21; 21; 0; 914; INTERNAL; 22; 22; 0; 1455
INTERNAL; 20; 20; 0; 979; INTERNAL; 21; 21; 0; 914
INTERNAL; 4; 16; 12; 878; INTERNAL; 21; 21; 0; 914
INTERNAL; 20; 20; 0; 1367; INTERNAL; 21; 21; 0; 914
INTERNAL; 20; 20; 0; 1359; INTERNAL; 21; 21; 0; 914
INTERNAL; 20; 20; 0; 921; INTERNAL; 21; 21; 0; 914
INTERNAL; 3; 9; 6; 866; INTERNAL; 21; 21; 0; 914
INTERNAL; 21; 21; 0; 722; INTERNAL; 22; 22; 0; 689
INTERNAL; 21; 21; 0; 1458; INTERNAL; 22; 22; 0; 689
INTERNAL; 21; 21; 0; 732; INTERNAL; 22; 22; 0; 689
INTERNAL; 20; 21; 1; 1357; INTERNAL; 22; 22; 0; 689
INTERNAL; 21; 21; 0; 641; INTERNAL; 22; 22; 0; 689
INTERNAL; 3; 14; 11; 1128; INTERNAL; 22; 22; 0; 689
INTERNAL; 20; 20; 0; 955; INTERNAL; 21; 21; 0; 722
INTERNAL; 20; 20; 0; 1058; INTERNAL; 21; 21; 0; 722
INTERNAL; 19; 19; 0; 394; INTERNAL; 20; 20; 0; 1058
INTERNAL; 4; 16; 12; 878; INTERNAL; 20; 20; 0; 1058
INTERNAL; 19; 19; 0; 1099; INTERNAL; 20; 20; 0; 1058
INTERNAL; 19; 19; 0; 1375; INTERNAL; 20; 20; 0; 1058
INTERNAL; 19; 19; 0; 1414; INTERNAL; 20; 20; 0; 1058
INTERNAL; 3; 9; 6; 866; INTERNAL; 20; 20; 0; 1058
INTERNAL; 20; 20; 0; 979; INTERNAL; 21; 21; 0; 1458
INTERNAL; 2; 16; 14; 829; INTERNAL; 21; 21; 0; 1458
INTERNAL; 19; 20; 1; 1491; INTERNAL; 21; 21; 0; 1458
INTERNAL; 20; 20; 0; 989; INTERNAL; 21; 21; 0; 1458
INTERNAL; 3; 14; 11; 1128; INTERNAL; 21; 21; 0; 1458
INTERNAL; 19; 19; 0; 1211; INTERNAL; 20; 20; 0; 989
INTERNAL; 2; 16; 14; 1436; INTERNAL; 20; 20; 0; 989
INTERNAL; 19; 19; 0; 655; INTERNAL; 20; 20; 0; 989
INTERNAL; 19; 19; 0; 796; INTERNAL; 20; 20; 0; 989
INTERNAL; 2; 16; 14; 1439; INTERNAL; 20; 20; 0; 989
INTERNAL; 18; 18; 0; 1278; INTERNAL; 19; 20; 1; 1491
INTERNAL; 18; 18; 0; 934; INTERNAL; 19; 20; 1; 1491
INTERNAL; 3; 16; 13; 703; INTERNAL; 19; 20; 1; 1491
INTERNAL; 20; 20; 0; 1459; INTERNAL; 21; 21; 0; 732
INTERNAL; 20; 20; 0; 697; INTERNAL; 21; 21; 0; 732
INTERNAL; 20; 20; 0; 463; INTERNAL; 21; 21; 0; 732
INTERNAL; 19; 20; 1; 1461; INTERNAL; 21; 21; 0; 732
INTERNAL; 20; 20; 0; 918; INTERNAL; 21; 21; 0; 732
INTERNAL; 3; 14; 11; 1128; INTERNAL; 21; 21; 0; 732
INTERNAL; 19; 19; 0; 1376; INTERNAL; 20; 20; 0; 1459
INTERNAL; 19; 19; 0; 437; INTERNAL; 20; 20; 0; 1459
INTERNAL; 19; 19; 0; 727; INTERNAL; 20; 20; 0; 697
INTERNAL; 19; 19; 0; 1466; INTERNAL; 20; 20; 0; 697
INTERNAL; 19; 19; 0; 808; INTERNAL; 20; 20; 0; 697
INTERNAL; 18; 19; 1; 511; INTERNAL; 20; 20; 0; 697
INTERNAL; 18; 19; 1; 283; INTERNAL; 20; 20; 0; 697
INTERNAL; 18; 19; 1; 1467; INTERNAL; 20; 20; 0; 697
INTERNAL; 16; 16; 0; 1193; INTERNAL; 19; 19; 0; 1466
INTERNAL; 2; 8; 6; 656; INTERNAL; 19; 19; 0; 1466
INTERNAL; 18; 18; 0; 1245; INTERNAL; 19; 19; 0; 1466
INTERNAL; 18; 18; 0; 940; INTERNAL; 19; 19; 0; 1466
INTERNAL; 17; 18; 1; 1271; INTERNAL; 19; 19; 0; 1466
INTERNAL; 3; 14; 11; 1128; INTERNAL; 19; 19; 0; 1466
INTERNAL; 2; 16; 14; 1439; INTERNAL; 18; 18; 0; 940
INTERNAL; 17; 17; 0; 1053; INTERNAL; 18; 18; 0; 940
INTERNAL; 3; 14; 11; 1128; INTERNAL; 18; 18; 0; 940
INTERNAL; 17; 17; 0; 1470; INTERNAL; 18; 18; 0; 940
INTERNAL; 17; 17; 0; 1472; INTERNAL; 18; 18; 0; 940
INTERNAL; 17; 17; 0; 1063; INTERNAL; 18; 18; 0; 940
INTERNAL; 16; 16; 0; 1193; INTERNAL; 17; 17; 0; 1470
INTERNAL; 2; 16; 14; 1436; INTERNAL; 17; 17; 0; 1470
INTERNAL; 16; 16; 0; 1288; INTERNAL; 17; 17; 0; 1470
INTERNAL; 3; 16; 13; 703; INTERNAL; 17; 17; 0; 1470
INTERNAL; 16; 16; 0; 589; INTERNAL; 17; 17; 0; 1472
INTERNAL; 16; 16; 0; 525; INTERNAL; 17; 17; 0; 1472
INTERNAL; 16; 16; 0; 1155; INTERNAL; 17; 17; 0; 1472
INTERNAL; 11; 16; 5; 797; INTERNAL; 17; 17; 0; 1472
INTERNAL; 3; 14; 11; 1128; INTERNAL; 17; 17; 0; 1472
INTERNAL; 2; 16; 14; 829; INTERNAL; 17; 17; 0; 1472
INTERNAL; 16; 16; 0; 1193; INTERNAL; 17; 17; 0; 1063
INTERNAL; 2; 16; 14; 1439; INTERNAL; 17; 17; 0; 1063
INTERNAL; 2; 8; 6; 656; INTERNAL; 17; 17; 0; 1063
INTERNAL; 16; 16; 0; 1288; INTERNAL; 17; 17; 0; 1063
INTERNAL; 3; 14; 11; 1128; INTERNAL; 17; 17; 0; 1063
INTERNAL; 2; 16; 14; 1436; INTERNAL; 18; 18; 0; 1245
INTERNAL; 2; 16; 14; 1439; INTERNAL; 18; 18; 0; 1245
INTERNAL; 17; 17; 0; 1284; INTERNAL; 18; 18; 0; 1245
INTERNAL; 2; 16; 14; 829; INTERNAL; 18; 18; 0; 1245
INTERNAL; 17; 17; 0; 1287; INTERNAL; 18; 18; 0; 1245
INTERNAL; 17; 17; 0; 1053; INTERNAL; 18; 18; 0; 1245
INTERNAL; 16; 16; 0; 1288; INTERNAL; 17; 18; 1; 1271
INTERNAL; 3; 9; 6; 490; INTERNAL; 17; 18; 1; 1271
INTERNAL; 3; 14; 11; 1128; INTERNAL; 17; 18; 1; 1271
INTERNAL; 18; 18; 0; 1282; INTERNAL; 19; 19; 0; 808
INTERNAL; 18; 18; 0; 1105; INTERNAL; 19; 19; 0; 808
INTERNAL; 2; 16; 14; 829; INTERNAL; 19; 19; 0; 808
INTERNAL; 2; 16; 14; 1439; INTERNAL; 19; 19; 0; 808
INTERNAL; 18; 18; 0; 962; INTERNAL; 19; 19; 0; 808
INTERNAL; 3; 14; 11; 1128; INTERNAL; 19; 19; 0; 808
INTERNAL; 3; 16; 13; 703; INTERNAL; 18; 18; 0; 962
INTERNAL; 17; 17; 0; 1053; INTERNAL; 18; 18; 0; 962
INTERNAL; 17; 17; 0; 1287; INTERNAL; 18; 18; 0; 962
INTERNAL; 2; 16; 14; 1436; INTERNAL; 18; 18; 0; 962
INTERNAL; 2; 16; 14; 829; INTERNAL; 19; 19; 0; 727
INTERNAL; 18; 18; 0; 1475; INTERNAL; 19; 19; 0; 727
INTERNAL; 18; 18; 0; 408; INTERNAL; 19; 19; 0; 727
INTERNAL; 18; 18; 0; 354; INTERNAL; 19; 19; 0; 727
INTERNAL; 18; 18; 0; 1477; INTERNAL; 19; 19; 0; 727
INTERNAL; 3; 14; 11; 1128; INTERNAL; 19; 19; 0; 727
INTERNAL; 17; 17; 0; 1141; INTERNAL; 18; 18; 0; 1475
INTERNAL; 17; 17; 0; 1142; INTERNAL; 18; 18; 0; 1475
INTERNAL; 11; 16; 5; 1151; INTERNAL; 18; 18; 0; 1475
INTERNAL; 17; 17; 0; 842; INTERNAL; 18; 18; 0; 1475
INTERNAL; 10; 17; 7; 836; INTERNAL; 18; 18; 0; 1475
INTERNAL; 2; 16; 14; 1439; INTERNAL; 18; 18; 0; 1475
INTERNAL; 17; 17; 0; 1287; INTERNAL; 18; 18; 0; 1477
INTERNAL; 3; 16; 13; 703; INTERNAL; 18; 18; 0; 1477
INTERNAL; 17; 17; 0; 1142; INTERNAL; 18; 18; 0; 1477
INTERNAL; 17; 17; 0; 1283; INTERNAL; 18; 18; 0; 1477
INTERNAL; 2; 16; 14; 1436; INTERNAL; 18; 18; 0; 1477
INTERNAL; 17; 17; 0; 1310; INTERNAL; 18; 19; 1; 1467
INTERNAL; 4; 16; 12; 878; INTERNAL; 18; 19; 1; 1467
INTERNAL; 4; 16; 12; 1291; INTERNAL; 18; 19; 1; 1467
INTERNAL; 17; 17; 0; 1053; INTERNAL; 18; 19; 1; 1467
INTERNAL; 17; 17; 0; 509; INTERNAL; 18; 19; 1; 1467
INTERNAL; 17; 17; 0; 1351; INTERNAL; 18; 19; 1; 283
INTERNAL; 3; 9; 6; 866; INTERNAL; 18; 19; 1; 283
INTERNAL; 16; 16; 0; 589; INTERNAL; 18; 19; 1; 511
INTERNAL; 4; 16; 12; 878; INTERNAL; 18; 19; 1; 511
INTERNAL; 3; 9; 6; 866; INTERNAL; 18; 19; 1; 511
INTERNAL; 17; 18; 1; 1478; INTERNAL; 18; 19; 1; 511
INTERNAL; 17; 18; 1; 1271; INTERNAL; 18; 19; 1; 511
INTERNAL; 4; 16; 12; 1291; INTERNAL; 17; 18; 1; 1478
INTERNAL; 16; 16; 0; 1193; INTERNAL; 17; 18; 1; 1478
INTERNAL; 16; 16; 0; 619; INTERNAL; 17; 18; 1; 1478
INTERNAL; 19; 19; 0; 394; INTERNAL; 20; 20; 0; 463
INTERNAL; 2; 16; 14; 829; INTERNAL; 20; 20; 0; 463
INTERNAL; 19; 19; 0; 980; INTERNAL; 20; 20; 0; 463
INTERNAL; 3; 14; 11; 1128; INTERNAL; 20; 20; 0; 463
INTERNAL; 18; 18; 0; 1004; INTERNAL; 19; 19; 0; 980
INTERNAL; 2; 16; 14; 1436; INTERNAL; 19; 19; 0; 980
INTERNAL; 18; 18; 0; 275; INTERNAL; 19; 19; 0; 980
INTERNAL; 18; 18; 0; 1278; INTERNAL; 19; 19; 0; 980
INTERNAL; 18; 18; 0; 934; INTERNAL; 19; 19; 0; 980
INTERNAL; 2; 16; 14; 1439; INTERNAL; 19; 19; 0; 980
INTERNAL; 17; 17; 0; 1142; INTERNAL; 18; 18; 0; 275
INTERNAL; 17; 17; 0; 1283; INTERNAL; 18; 18; 0; 275
INTERNAL; 3; 16; 13; 703; INTERNAL; 18; 18; 0; 275
INTERNAL; 19; 19; 0; 1211; INTERNAL; 20; 20; 0; 918
INTERNAL; 2; 16; 14; 1439; INTERNAL; 20; 20; 0; 918
INTERNAL; 19; 19; 0; 1322; INTERNAL; 20; 20; 0; 918
INTERNAL; 19; 19; 0; 679; INTERNAL; 20; 20; 0; 918
INTERNAL; 19; 19; 0; 671; INTERNAL; 20; 20; 0; 918
INTERNAL; 2; 16; 14; 829; INTERNAL; 20; 20; 0; 918
INTERNAL; 18; 18; 0; 1004; INTERNAL; 19; 19; 0; 1322
INTERNAL; 3; 16; 13; 703; INTERNAL; 19; 19; 0; 1322
INTERNAL; 18; 18; 0; 1278; INTERNAL; 19; 19; 0; 1322
INTERNAL; 18; 18; 0; 934; INTERNAL; 19; 19; 0; 1322
INTERNAL; 2; 16; 14; 1436; INTERNAL; 19; 19; 0; 1322
INTERNAL; 18; 18; 0; 1122; INTERNAL; 19; 20; 1; 1461
INTERNAL; 4; 16; 12; 878; INTERNAL; 19; 20; 1; 1461
INTERNAL; 18; 18; 0; 270; INTERNAL; 19; 20; 1; 1461
INTERNAL; 18; 18; 0; 1386; INTERNAL; 19; 20; 1; 1461
INTERNAL; 17; 17; 0; 1348; INTERNAL; 19; 20; 1; 1461
INTERNAL; 3; 9; 6; 866; INTERNAL; 19; 20; 1; 1461
INTERNAL; 20; 20; 0; 1280; INTERNAL; 21; 21; 0; 641
INTERNAL; 2; 16; 14; 1439; INTERNAL; 21; 21; 0; 641
INTERNAL; 20; 20; 0; 444; INTERNAL; 21; 21; 0; 641
INTERNAL; 20; 20; 0; 1279; INTERNAL; 21; 21; 0; 641
INTERNAL; 20; 20; 0; 1460; INTERNAL; 21; 21; 0; 641
INTERNAL; 2; 16; 14; 829; INTERNAL; 21; 21; 0; 641
INTERNAL; 19; 19; 0; 1211; INTERNAL; 20; 20; 0; 444
INTERNAL; 3; 16; 13; 703; INTERNAL; 20; 20; 0; 444
INTERNAL; 19; 19; 0; 655; INTERNAL; 20; 20; 0; 444
INTERNAL; 19; 19; 0; 796; INTERNAL; 20; 20; 0; 444
INTERNAL; 2; 16; 14; 1436; INTERNAL; 20; 20; 0; 444
INTERNAL; 19; 19; 0; 1376; INTERNAL; 20; 21; 1; 1357
INTERNAL; 19; 19; 0; 437; INTERNAL; 20; 21; 1; 1357
INTERNAL; 19; 19; 0; 618; INTERNAL; 20; 21; 1; 1357
INTERNAL; 19; 19; 0; 1378; INTERNAL; 20; 21; 1; 1357
INTERNAL; 18; 19; 1; 952; INTERNAL; 20; 21; 1; 1357
INTERNAL; 18; 19; 1; 1334; INTERNAL; 20; 21; 1; 1357
INTERNAL; 20; 20; 0; 318; INTERNAL; 22; 22; 0; 672
INTERNAL; 3; 16; 13; 703; INTERNAL; 22; 22; 0; 672
INTERNAL; 21; 21; 0; 1350; INTERNAL; 22; 22; 0; 672
INTERNAL; 2; 16; 14; 829; INTERNAL; 22; 22; 0; 672
INTERNAL; 21; 21; 0; 1480; INTERNAL; 22; 22; 0; 672
INTERNAL; 3; 14; 11; 1128; INTERNAL; 22; 22; 0; 672
INTERNAL; 20; 20; 0; 1280; INTERNAL; 21; 21; 0; 1480
INTERNAL; 2; 16; 14; 1436; INTERNAL; 21; 21; 0; 1480
INTERNAL; 20; 20; 0; 959; INTERNAL; 21; 21; 0; 1480
INTERNAL; 20; 20; 0; 1233; INTERNAL; 21; 21; 0; 1480
INTERNAL; 2; 16; 14; 1439; INTERNAL; 21; 21; 0; 1480
INTERNAL; 21; 21; 0; 647; INTERNAL; 22; 22; 0; 644
INTERNAL; 2; 16; 14; 1439; INTERNAL; 22; 22; 0; 644
INTERNAL; 21; 21; 0; 1481; INTERNAL; 22; 22; 0; 644
INTERNAL; 21; 21; 0; 670; INTERNAL; 22; 22; 0; 644
INTERNAL; 21; 21; 0; 1349; INTERNAL; 22; 22; 0; 644
INTERNAL; 2; 16; 14; 829; INTERNAL; 22; 22; 0; 644
INTERNAL; 20; 20; 0; 1280; INTERNAL; 21; 21; 0; 1481
INTERNAL; 3; 16; 13; 703; INTERNAL; 21; 21; 0; 1481
INTERNAL; 20; 20; 0; 959; INTERNAL; 21; 21; 0; 1481
INTERNAL; 20; 20; 0; 1233; INTERNAL; 21; 21; 0; 1481
INTERNAL; 2; 16; 14; 1436; INTERNAL; 21; 21; 0; 1481
INTERNAL; 20; 20; 0; 1369; INTERNAL; 21; 22; 1; 1457
INTERNAL; 20; 20; 0; 955; INTERNAL; 21; 22; 1; 1457
INTERNAL; 19; 19; 0; 1414; INTERNAL; 21; 22; 1; 1457
INTERNAL; 20; 20; 0; 1371; INTERNAL; 21; 22; 1; 1457
INTERNAL; 20; 20; 0; 1368; INTERNAL; 21; 22; 1; 1457
INTERNAL; 3; 9; 6; 866; INTERNAL; 21; 22; 1; 1457
INTERNAL; 21; 21; 0; 651; INTERNAL; 23; 23; 0; 1412
INTERNAL; 3; 16; 13; 703; INTERNAL; 23; 23; 0; 1412
INTERNAL; 22; 22; 0; 686; INTERNAL; 23; 23; 0; 1412
INTERNAL; 2; 16; 14; 829; INTERNAL; 23; 23; 0; 1412
INTERNAL; 22; 22; 0; 1482; INTERNAL; 23; 23; 0; 1412
INTERNAL; 3; 14; 11; 1128; INTERNAL; 23; 23; 0; 1412
INTERNAL; 21; 21; 0; 1228; INTERNAL; 22; 22; 0; 1482
INTERNAL; 2; 16; 14; 1439; INTERNAL; 22; 22; 0; 1482
INTERNAL; 21; 21; 0; 647; INTERNAL; 22; 22; 0; 1482
INTERNAL; 2; 16; 14; 1436; INTERNAL; 22; 22; 0; 1482
INTERNAL; 2; 16; 14; 829; INTERNAL; 23; 23; 0; 1081
INTERNAL; 22; 22; 0; 1398; INTERNAL; 23; 23; 0; 1081
INTERNAL; 22; 22; 0; 1050; INTERNAL; 23; 23; 0; 1081
INTERNAL; 22; 22; 0; 1286; INTERNAL; 23; 23; 0; 1081
INTERNAL; 21; 21; 0; 1228; INTERNAL; 22; 22; 0; 1286
INTERNAL; 2; 16; 14; 1436; INTERNAL; 22; 22; 0; 1286
INTERNAL; 21; 21; 0; 771; INTERNAL; 22; 22; 0; 1286
INTERNAL; 11; 21; 10; 1400; INTERNAL; 22; 22; 0; 1286
INTERNAL; 21; 21; 0; 1220; INTERNAL; 22; 22; 0; 1286
INTERNAL; 2; 16; 14; 1439; INTERNAL; 22; 22; 0; 1286
INTERNAL; 20; 20; 0; 959; INTERNAL; 21; 21; 0; 771
INTERNAL; 19; 19; 0; 717; INTERNAL; 21; 21; 0; 771
INTERNAL; 10; 19; 9; 912; INTERNAL; 21; 21; 0; 771
INTERNAL; 20; 20; 0; 734; INTERNAL; 21; 21; 0; 771
INTERNAL; 3; 16; 13; 703; INTERNAL; 21; 21; 0; 771
INTERNAL; 21; 21; 0; 1147; INTERNAL; 22; 23; 1; 569
INTERNAL; 21; 21; 0; 1358; INTERNAL; 22; 23; 1; 569
INTERNAL; 20; 20; 0; 1359; INTERNAL; 22; 23; 1; 569
INTERNAL; 20; 20; 0; 921; INTERNAL; 22; 23; 1; 569
INTERNAL; 21; 21; 0; 1254; INTERNAL; 22; 23; 1; 569
INTERNAL; 21; 21; 0; 1356; INTERNAL; 22; 23; 1; 569
INTERNAL; 22; 22; 0; 1405; INTERNAL; 23; 23; 0; 1434
INTERNAL; 22; 22; 0; 882; INTERNAL; 23; 23; 0; 1434
INTERNAL; 21; 21; 0; 290; INTERNAL; 23; 23; 0; 1434
INTERNAL; 21; 21; 0; 1355; INTERNAL; 23; 23; 0; 1434
INTERNAL; 22; 22; 0; 1206; INTERNAL; 23; 23; 0; 1445
INTERNAL; 22; 22; 0; 1294; INTERNAL; 23; 23; 0; 1445
INTERNAL; 3; 9; 6; 866; INTERNAL; 23; 23; 0; 1445
INTERNAL; 24; 24; 0; 740; INTERNAL; 25; 25; 0; 759
INTERNAL; 2; 16; 14; 829; INTERNAL; 25; 25; 0; 759
INTERNAL; 24; 24; 0; 733; INTERNAL; 25; 25; 0; 759
INTERNAL; 24; 24; 0; 347; INTERNAL; 25; 25; 0; 759
INTERNAL; 24; 24; 0; 676; INTERNAL; 25; 25; 0; 759
INTERNAL; 3; 14; 11; 1128; INTERNAL; 25; 25; 0; 759
INTERNAL; 24; 24; 0; 1473; INTERNAL; 25; 25; 0; 690
INTERNAL; 2; 16; 14; 829; INTERNAL; 25; 25; 0; 690
INTERNAL; 24; 24; 0; 1483; INTERNAL; 25; 25; 0; 690
INTERNAL; 24; 24; 0; 1484; INTERNAL; 25; 25; 0; 690
INTERNAL; 24; 24; 0; 1238; INTERNAL; 25; 25; 0; 690
INTERNAL; 3; 14; 11; 1128; INTERNAL; 25; 25; 0; 690
INTERNAL; 23; 23; 0; 1426; INTERNAL; 24; 24; 0; 1473
INTERNAL; 12; 22; 10; 1336; INTERNAL; 24; 24; 0; 1473
INTERNAL; 23; 23; 0; 902; INTERNAL; 24; 24; 0; 1473
INTERNAL; 22; 22; 0; 1428; INTERNAL; 24; 24; 0; 1473
INTERNAL; 23; 23; 0; 590; INTERNAL; 24; 24; 0; 1473
INTERNAL; 22; 22; 0; 1314; INTERNAL; 23; 23; 0; 590
INTERNAL; 12; 22; 10; 1336; INTERNAL; 23; 23; 0; 590
INTERNAL; 9; 22; 13; 974; INTERNAL; 23; 23; 0; 590
INTERNAL; 8; 8; 0; 685; INTERNAL; 9; 22; 13; 974
INTERNAL; 8; 18; 10; 1190; INTERNAL; 9; 22; 13; 974
INTERNAL; 8; 21; 13; 1028; INTERNAL; 9; 22; 13; 974
INTERNAL; 8; 21; 13; 295; INTERNAL; 9; 22; 13; 974
INTERNAL; 8; 21; 13; 1490; INTERNAL; 9; 22; 13; 974
INTERNAL; 6; 6; 0; 658; INTERNAL; 8; 21; 13; 1028
INTERNAL; 6; 6; 0; 908; INTERNAL; 8; 21; 13; 1028
INTERNAL; 7; 20; 13; 1492; INTERNAL; 8; 21; 13; 1028
INTERNAL; 7; 7; 0; 648; INTERNAL; 8; 21; 13; 1028
INTERNAL; 7; 20; 13; 543; INTERNAL; 8; 21; 13; 1028
INTERNAL; 6; 6; 0; 557; INTERNAL; 7; 20; 13; 543
INTERNAL; 6; 6; 0; 971; INTERNAL; 7; 20; 13; 543
INTERNAL; 6; 6; 0; 436; INTERNAL; 7; 20; 13; 543
INTERNAL; 6; 6; 0; 770; INTERNAL; 7; 20; 13; 543
INTERNAL; 6; 6; 0; 721; INTERNAL; 7; 20; 13; 1492
INTERNAL; 6; 6; 0; 883; INTERNAL; 7; 20; 13; 1492
INTERNAL; 6; 6; 0; 872; INTERNAL; 8; 21; 13; 295
INTERNAL; 6; 6; 0; 483; INTERNAL; 8; 21; 13; 295
INTERNAL; 7; 12; 5; 1191; INTERNAL; 8; 21; 13; 295
INTERNAL; 7; 20; 13; 459; INTERNAL; 8; 21; 13; 295
INTERNAL; 5; 5; 0; 701; INTERNAL; 7; 20; 13; 459
INTERNAL; 6; 6; 0; 835; INTERNAL; 7; 20; 13; 459
INTERNAL; 6; 6; 0; 806; INTERNAL; 7; 20; 13; 459
INTERNAL; 6; 6; 0; 482; INTERNAL; 7; 20; 13; 459
INTERNAL; 6; 6; 0; 931; INTERNAL; 7; 20; 13; 459
INTERNAL; 7; 7; 0; 609; INTERNAL; 8; 21; 13; 1490
INTERNAL; 7; 7; 0; 966; INTERNAL; 8; 21; 13; 1490
INTERNAL; 6; 6; 0; 729; INTERNAL; 8; 21; 13; 1490
INTERNAL; 6; 6; 0; 412; INTERNAL; 8; 21; 13; 1490
INTERNAL; 6; 6; 0; 516; INTERNAL; 8; 21; 13; 1490
INTERNAL; 6; 6; 0; 654; INTERNAL; 8; 21; 13; 1490
INTERNAL; 22; 22; 0; 1428; INTERNAL; 24; 24; 0; 1483
INTERNAL; 3; 16; 13; 703; INTERNAL; 24; 24; 0; 1483
INTERNAL; 2; 16; 14; 1439; INTERNAL; 24; 24; 0; 1483
INTERNAL; 23; 23; 0; 860; INTERNAL; 24; 24; 0; 1483
INTERNAL; 23; 23; 0; 1426; INTERNAL; 24; 24; 0; 1483
INTERNAL; 2; 16; 14; 1436; INTERNAL; 24; 24; 0; 1483
INTERNAL; 22; 22; 0; 1314; INTERNAL; 23; 23; 0; 860
INTERNAL; 12; 22; 10; 1336; INTERNAL; 23; 23; 0; 860
INTERNAL; 9; 22; 13; 974; INTERNAL; 23; 23; 0; 860
INTERNAL; 23; 23; 0; 1396; INTERNAL; 24; 24; 0; 1484
INTERNAL; 23; 23; 0; 607; INTERNAL; 24; 24; 0; 1484
INTERNAL; 23; 23; 0; 1493; INTERNAL; 24; 24; 0; 1484
INTERNAL; 23; 23; 0; 889; INTERNAL; 24; 24; 0; 1484
INTERNAL; 23; 23; 0; 1395; INTERNAL; 24; 24; 0; 1484
INTERNAL; 3; 9; 6; 866; INTERNAL; 24; 24; 0; 1484
INTERNAL; 22; 22; 0; 875; INTERNAL; 23; 23; 0; 1493
INTERNAL; 22; 22; 0; 665; INTERNAL; 23; 23; 0; 1493
INTERNAL; 23; 23; 0; 1017; INTERNAL; 24; 24; 0; 1238
INTERNAL; 4; 16; 12; 878; INTERNAL; 24; 24; 0; 1238
INTERNAL; 23; 23; 0; 352; INTERNAL; 24; 24; 0; 1238
INTERNAL; 23; 23; 0; 1051; INTERNAL; 24; 24; 0; 1238
INTERNAL; 3; 9; 6; 866; INTERNAL; 24; 24; 0; 1238
INTERNAL; 22; 22; 0; 1354; INTERNAL; 23; 23; 0; 1051
INTERNAL; 22; 22; 0; 1411; INTERNAL; 23; 23; 0; 1051
INTERNAL; 21; 22; 1; 580; INTERNAL; 23; 23; 0; 1051
INTERNAL; 22; 22; 0; 1094; INTERNAL; 23; 23; 0; 1051
INTERNAL; 4; 9; 5; 587; INTERNAL; 23; 23; 0; 1051
INTERNAL; 22; 22; 0; 1373; INTERNAL; 23; 23; 0; 1051
INTERNAL; 21; 21; 0; 647; INTERNAL; 22; 22; 0; 1094
INTERNAL; 5; 16; 11; 913; INTERNAL; 22; 22; 0; 1094
INTERNAL; 21; 21; 0; 636; INTERNAL; 22; 22; 0; 1094
INTERNAL; 21; 21; 0; 670; INTERNAL; 22; 22; 0; 1094
INTERNAL; 21; 21; 0; 1349; INTERNAL; 22; 22; 0; 1094
INTERNAL; 5; 16; 11; 1303; INTERNAL; 22; 22; 0; 1094
INTERNAL; 20; 20; 0; 1280; INTERNAL; 21; 21; 0; 636
INTERNAL; 5; 16; 11; 552; INTERNAL; 21; 21; 0; 636
INTERNAL; 20; 20; 0; 959; INTERNAL; 21; 21; 0; 636
INTERNAL; 20; 20; 0; 1233; INTERNAL; 21; 21; 0; 636
INTERNAL; 5; 15; 10; 327; INTERNAL; 21; 21; 0; 636
INTERNAL; 21; 21; 0; 272; INTERNAL; 22; 22; 0; 1373
INTERNAL; 21; 21; 0; 601; INTERNAL; 22; 22; 0; 1373
INTERNAL; 20; 21; 1; 563; INTERNAL; 22; 22; 0; 1373
INTERNAL; 20; 20; 0; 1420; INTERNAL; 21; 21; 0; 272
INTERNAL; 20; 20; 0; 997; INTERNAL; 21; 21; 0; 272
INTERNAL; 20; 20; 0; 1419; INTERNAL; 21; 21; 0; 272
INTERNAL; 19; 19; 0; 422; INTERNAL; 21; 21; 0; 272
INTERNAL; 20; 20; 0; 537; INTERNAL; 21; 21; 0; 272
INTERNAL; 4; 10; 6; 795; INTERNAL; 21; 21; 0; 272
INTERNAL; 20; 20; 0; 979; INTERNAL; 21; 21; 0; 601
INTERNAL; 5; 16; 11; 1306; INTERNAL; 21; 21; 0; 601
INTERNAL; 20; 20; 0; 1266; INTERNAL; 21; 21; 0; 601
INTERNAL; 4; 10; 6; 795; INTERNAL; 21; 21; 0; 601
INTERNAL; 19; 19; 0; 1211; INTERNAL; 20; 20; 0; 1266
INTERNAL; 5; 15; 10; 1251; INTERNAL; 20; 20; 0; 1266
INTERNAL; 19; 19; 0; 1494; INTERNAL; 20; 20; 0; 1266
INTERNAL; 19; 19; 0; 655; INTERNAL; 20; 20; 0; 1266
INTERNAL; 19; 19; 0; 796; INTERNAL; 20; 20; 0; 1266
INTERNAL; 5; 16; 11; 1144; INTERNAL; 20; 20; 0; 1266
INTERNAL; 18; 18; 0; 1278; INTERNAL; 19; 19; 0; 1494
INTERNAL; 18; 18; 0; 934; INTERNAL; 19; 19; 0; 1494
INTERNAL; 5; 16; 11; 1307; INTERNAL; 19; 19; 0; 1494
INTERNAL; 16; 16; 0; 1193; INTERNAL; 20; 21; 1; 563
INTERNAL; 19; 19; 0; 1424; INTERNAL; 20; 21; 1; 563
INTERNAL; 19; 19; 0; 1079; INTERNAL; 20; 21; 1; 563
INTERNAL; 4; 9; 5; 763; INTERNAL; 20; 21; 1; 563
INTERNAL; 17; 17; 0; 1053; INTERNAL; 20; 21; 1; 563
INTERNAL; 19; 19; 0; 884; INTERNAL; 20; 21; 1; 563
INTERNAL; 5; 16; 11; 1377; INTERNAL; 19; 19; 0; 884
INTERNAL; 5; 16; 11; 1323; INTERNAL; 19; 19; 0; 884
INTERNAL; 18; 18; 0; 1282; INTERNAL; 19; 19; 0; 884
INTERNAL; 18; 18; 0; 408; INTERNAL; 19; 19; 0; 884
INTERNAL; 18; 18; 0; 1004; INTERNAL; 19; 19; 0; 884
INTERNAL; 18; 18; 0; 1496; INTERNAL; 19; 19; 0; 884
INTERNAL; 17; 17; 0; 1287; INTERNAL; 18; 18; 0; 1496
INTERNAL; 5; 16; 11; 1328; INTERNAL; 18; 18; 0; 1496
INTERNAL; 17; 17; 0; 1142; INTERNAL; 18; 18; 0; 1496
INTERNAL; 17; 17; 0; 1283; INTERNAL; 18; 18; 0; 1496
INTERNAL; 5; 15; 10; 1326; INTERNAL; 18; 18; 0; 1496
INTERNAL; 21; 21; 0; 1228; INTERNAL; 23; 23; 0; 352
INTERNAL; 4; 16; 12; 780; INTERNAL; 23; 23; 0; 352
INTERNAL; 22; 22; 0; 1438; INTERNAL; 23; 23; 0; 352
INTERNAL; 4; 16; 12; 1291; INTERNAL; 23; 23; 0; 352
INTERNAL; 22; 22; 0; 479; INTERNAL; 23; 23; 0; 352
INTERNAL; 4; 15; 11; 726; INTERNAL; 23; 23; 0; 352
INTERNAL; 25; 25; 0; 1497; INTERNAL; 26; 26; 0; 710
INTERNAL; 11; 25; 14; 1277; INTERNAL; 26; 26; 0; 710
INTERNAL; 25; 25; 0; 1165; INTERNAL; 26; 26; 0; 710
INTERNAL; 25; 25; 0; 759; INTERNAL; 26; 26; 0; 710
INTERNAL; 10; 24; 14; 1499; INTERNAL; 25; 25; 0; 1497
INTERNAL; 12; 24; 12; 867; INTERNAL; 25; 25; 0; 1497
INTERNAL; 24; 24; 0; 480; INTERNAL; 25; 25; 0; 1497
INTERNAL; 24; 24; 0; 1442; INTERNAL; 25; 25; 0; 1497
INTERNAL; 24; 24; 0; 1443; INTERNAL; 25; 25; 0; 1497
INTERNAL; 24; 24; 0; 406; INTERNAL; 25; 25; 0; 1497
INTERNAL; 23; 23; 0; 1434; INTERNAL; 24; 24; 0; 480
INTERNAL; 23; 23; 0; 1445; INTERNAL; 24; 24; 0; 480
INTERNAL; 23; 23; 0; 1449; INTERNAL; 24; 24; 0; 406
INTERNAL; 2; 16; 14; 829; INTERNAL; 24; 24; 0; 406
INTERNAL; 23; 23; 0; 1450; INTERNAL; 24; 24; 0; 406
INTERNAL; 23; 23; 0; 889; INTERNAL; 24; 24; 0; 406
INTERNAL; 23; 23; 0; 1447; INTERNAL; 24; 24; 0; 406
INTERNAL; 3; 14; 11; 1128; INTERNAL; 24; 24; 0; 406
INTERNAL; 11; 23; 12; 334; INTERNAL; 12; 24; 12; 867
INTERNAL; 10; 23; 13; 1500; INTERNAL; 12; 24; 12; 867
INTERNAL; 9; 23; 14; 932; INTERNAL; 12; 24; 12; 867
INTERNAL; 6; 6; 0; 970; INTERNAL; 11; 23; 12; 334
INTERNAL; 6; 6; 0; 585; INTERNAL; 11; 23; 12; 334
INTERNAL; 10; 22; 12; 1052; INTERNAL; 11; 23; 12; 334
INTERNAL; 7; 7; 0; 768; INTERNAL; 11; 23; 12; 334
INTERNAL; 9; 21; 12; 691; INTERNAL; 10; 22; 12; 1052
INTERNAL; 7; 7; 0; 431; INTERNAL; 10; 22; 12; 1052
INTERNAL; 7; 7; 0; 1451; INTERNAL; 10; 22; 12; 1052
INTERNAL; 6; 6; 0; 658; INTERNAL; 9; 21; 12; 691
INTERNAL; 6; 6; 0; 553; INTERNAL; 9; 21; 12; 691
INTERNAL; 6; 6; 0; 1522; INTERNAL; 9; 21; 12; 691
INTERNAL; 6; 6; 0; 427; INTERNAL; 9; 21; 12; 691
INTERNAL; 8; 20; 12; 1080; INTERNAL; 9; 21; 12; 691
INTERNAL; 7; 7; 0; 969; INTERNAL; 9; 21; 12; 691
INTERNAL; 6; 6; 0; 1032; INTERNAL; 8; 20; 12; 1080
INTERNAL; 6; 6; 0; 919; INTERNAL; 8; 20; 12; 1080
INTERNAL; 6; 6; 0; 489; INTERNAL; 8; 20; 12; 1080
INTERNAL; 6; 6; 0; 481; INTERNAL; 8; 20; 12; 1080
INTERNAL; 6; 6; 0; 694; INTERNAL; 8; 20; 12; 1080
INTERNAL; 7; 13; 6; 753; INTERNAL; 8; 20; 12; 1080
INTERNAL; 6; 6; 0; 586; INTERNAL; 10; 23; 13; 1500
INTERNAL; 6; 6; 0; 923; INTERNAL; 10; 23; 13; 1500
INTERNAL; 6; 6; 0; 623; INTERNAL; 10; 23; 13; 1500
INTERNAL; 7; 13; 6; 339; INTERNAL; 10; 23; 13; 1500
INTERNAL; 9; 22; 13; 1364; INTERNAL; 10; 23; 13; 1500
INTERNAL; 6; 6; 0; 811; INTERNAL; 9; 22; 13; 1364
INTERNAL; 6; 6; 0; 532; INTERNAL; 9; 22; 13; 1364
INTERNAL; 8; 21; 13; 745; INTERNAL; 9; 22; 13; 1364
INTERNAL; 7; 15; 8; 1240; INTERNAL; 9; 22; 13; 1364
INTERNAL; 7; 7; 0; 1150; INTERNAL; 8; 21; 13; 745
INTERNAL; 6; 6; 0; 777; INTERNAL; 8; 21; 13; 745
INTERNAL; 6; 6; 0; 566; INTERNAL; 8; 21; 13; 745
INTERNAL; 6; 6; 0; 296; INTERNAL; 8; 21; 13; 745
INTERNAL; 6; 6; 0; 712; INTERNAL; 9; 23; 14; 932
INTERNAL; 6; 6; 0; 908; INTERNAL; 9; 23; 14; 932
INTERNAL; 6; 6; 0; 629; INTERNAL; 9; 23; 14; 932
INTERNAL; 6; 6; 0; 522; INTERNAL; 9; 23; 14; 932
INTERNAL; 8; 22; 14; 1503; INTERNAL; 9; 23; 14; 932
INTERNAL; 8; 22; 14; 992; INTERNAL; 9; 23; 14; 932
INTERNAL; 7; 7; 0; 615; INTERNAL; 8; 22; 14; 1503
INTERNAL; 6; 6; 0; 1471; INTERNAL; 8; 22; 14; 1503
INTERNAL; 6; 6; 0; 378; INTERNAL; 8; 22; 14; 1503
INTERNAL; 6; 6; 0; 455; INTERNAL; 8; 22; 14; 1503
INTERNAL; 6; 6; 0; 326; INTERNAL; 8; 22; 14; 1503
INTERNAL; 6; 6; 0; 804; INTERNAL; 8; 22; 14; 992
INTERNAL; 6; 6; 0; 814; INTERNAL; 8; 22; 14; 992
INTERNAL; 6; 6; 0; 741; INTERNAL; 8; 22; 14; 992
INTERNAL; 6; 6; 0; 653; INTERNAL; 8; 22; 14; 992
INTERNAL; 7; 7; 0; 372; INTERNAL; 8; 22; 14; 992
INTERNAL; 9; 23; 14; 839; INTERNAL; 10; 24; 14; 1499
INTERNAL; 9; 23; 14; 620; INTERNAL; 10; 24; 14; 1499
INTERNAL; 9; 23; 14; 1505; INTERNAL; 10; 24; 14; 1499
INTERNAL; 6; 6; 0; 666; INTERNAL; 9; 23; 14; 839
INTERNAL; 6; 6; 0; 603; INTERNAL; 9; 23; 14; 839
INTERNAL; 7; 8; 1; 688; INTERNAL; 9; 23; 14; 839
INTERNAL; 7; 22; 15; 1127; INTERNAL; 9; 23; 14; 839
INTERNAL; 8; 14; 6; 1158; INTERNAL; 9; 23; 14; 839
INTERNAL; 8; 16; 8; 1169; INTERNAL; 9; 23; 14; 839
INTERNAL; 6; 6; 0; 894; INTERNAL; 7; 22; 15; 1127
INTERNAL; 6; 6; 0; 401; INTERNAL; 7; 22; 15; 1127
INTERNAL; 8; 18; 10; 832; INTERNAL; 9; 23; 14; 620
INTERNAL; 8; 22; 14; 433; INTERNAL; 9; 23; 14; 620
INTERNAL; 7; 7; 0; 890; INTERNAL; 8; 22; 14; 433
INTERNAL; 6; 6; 0; 558; INTERNAL; 8; 22; 14; 433
INTERNAL; 6; 6; 0; 923; INTERNAL; 8; 22; 14; 433
INTERNAL; 6; 6; 0; 891; INTERNAL; 8; 22; 14; 433
INTERNAL; 7; 7; 0; 550; INTERNAL; 8; 22; 14; 433
INTERNAL; 7; 7; 0; 506; INTERNAL; 8; 22; 14; 433
INTERNAL; 6; 6; 0; 516; INTERNAL; 9; 23; 14; 1505
INTERNAL; 6; 6; 0; 629; INTERNAL; 9; 23; 14; 1505
INTERNAL; 6; 6; 0; 857; INTERNAL; 9; 23; 14; 1505
INTERNAL; 8; 15; 7; 1201; INTERNAL; 9; 23; 14; 1505
INTERNAL; 8; 22; 14; 805; INTERNAL; 9; 23; 14; 1505
INTERNAL; 7; 22; 15; 1311; INTERNAL; 9; 23; 14; 1505
INTERNAL; 6; 6; 0; 412; INTERNAL; 8; 22; 14; 805
INTERNAL; 6; 6; 0; 286; INTERNAL; 8; 22; 14; 805
INTERNAL; 6; 6; 0; 919; INTERNAL; 8; 22; 14; 805
INTERNAL; 6; 6; 0; 922; INTERNAL; 8; 22; 14; 805
INTERNAL; 7; 7; 0; 389; INTERNAL; 8; 22; 14; 805
INTERNAL; 7; 13; 6; 523; INTERNAL; 8; 22; 14; 805
INTERNAL; 6; 6; 0; 931; INTERNAL; 7; 22; 15; 1311
INTERNAL; 6; 6; 0; 565; INTERNAL; 7; 22; 15; 1311
INTERNAL; 6; 6; 0; 582; INTERNAL; 7; 22; 15; 1311
INTERNAL; 6; 6; 0; 901; INTERNAL; 7; 22; 15; 1311
INTERNAL; 10; 24; 14; 1171; INTERNAL; 11; 25; 14; 1277
INTERNAL; 10; 24; 14; 1507; INTERNAL; 11; 25; 14; 1277
INTERNAL; 9; 24; 15; 1509; INTERNAL; 11; 25; 14; 1277
INTERNAL; 8; 15; 7; 1184; INTERNAL; 11; 25; 14; 1277
INTERNAL; 6; 6; 0; 762; INTERNAL; 10; 24; 14; 1171
INTERNAL; 6; 6; 0; 483; INTERNAL; 10; 24; 14; 1171
INTERNAL; 6; 6; 0; 381; INTERNAL; 10; 24; 14; 1171
INTERNAL; 6; 6; 0; 858; INTERNAL; 10; 24; 14; 1171
INTERNAL; 9; 23; 14; 1510; INTERNAL; 10; 24; 14; 1171
INTERNAL; 6; 6; 0; 1032; INTERNAL; 9; 23; 14; 1510
INTERNAL; 6; 6; 0; 582; INTERNAL; 9; 23; 14; 1510
INTERNAL; 6; 6; 0; 520; INTERNAL; 9; 23; 14; 1510
INTERNAL; 6; 6; 0; 825; INTERNAL; 9; 23; 14; 1510
INTERNAL; 8; 22; 14; 994; INTERNAL; 9; 23; 14; 1510
INTERNAL; 8; 22; 14; 1511; INTERNAL; 9; 23; 14; 1510
INTERNAL; 7; 7; 0; 928; INTERNAL; 8; 22; 14; 994
INTERNAL; 6; 6; 0; 560; INTERNAL; 8; 22; 14; 994
INTERNAL; 6; 6; 0; 1227; INTERNAL; 8; 22; 14; 994
INTERNAL; 6; 6; 0; 800; INTERNAL; 8; 22; 14; 994
INTERNAL; 6; 6; 0; 806; INTERNAL; 8; 22; 14; 994
INTERNAL; 6; 6; 0; 654; INTERNAL; 8; 22; 14; 994
INTERNAL; 5; 5; 0; 701; INTERNAL; 8; 22; 14; 1511
INTERNAL; 6; 6; 0; 835; INTERNAL; 8; 22; 14; 1511
INTERNAL; 6; 6; 0; 931; INTERNAL; 8; 22; 14; 1511
INTERNAL; 7; 20; 13; 1492; INTERNAL; 8; 22; 14; 1511
INTERNAL; 7; 21; 14; 1474; INTERNAL; 8; 22; 14; 1511
INTERNAL; 6; 6; 0; 1292; INTERNAL; 7; 21; 14; 1474
INTERNAL; 6; 6; 0; 1522; INTERNAL; 7; 21; 14; 1474
INTERNAL; 6; 6; 0; 1083; INTERNAL; 7; 21; 14; 1474
INTERNAL; 6; 6; 0; 708; INTERNAL; 7; 21; 14; 1474
INTERNAL; 7; 7; 0; 849; INTERNAL; 10; 24; 14; 1507
INTERNAL; 6; 6; 0; 971; INTERNAL; 10; 24; 14; 1507
INTERNAL; 7; 7; 0; 426; INTERNAL; 10; 24; 14; 1507
INTERNAL; 7; 19; 12; 1409; INTERNAL; 10; 24; 14; 1507
INTERNAL; 9; 23; 14; 1512; INTERNAL; 10; 24; 14; 1507
INTERNAL; 7; 7; 0; 615; INTERNAL; 9; 23; 14; 1512
INTERNAL; 6; 6; 0; 804; INTERNAL; 9; 23; 14; 1512
INTERNAL; 6; 6; 0; 792; INTERNAL; 9; 23; 14; 1512
INTERNAL; 6; 6; 0; 766; INTERNAL; 9; 23; 14; 1512
INTERNAL; 6; 6; 0; 930; INTERNAL; 9; 23; 14; 1512
INTERNAL; 8; 16; 8; 1274; INTERNAL; 9; 23; 14; 1512
INTERNAL; 6; 6; 0; 346; INTERNAL; 9; 24; 15; 1509
INTERNAL; 6; 6; 0; 677; INTERNAL; 9; 24; 15; 1509
INTERNAL; 7; 7; 0; 983; INTERNAL; 9; 24; 15; 1509
INTERNAL; 7; 7; 0; 723; INTERNAL; 9; 24; 15; 1509
INTERNAL; 8; 19; 11; 1408; INTERNAL; 9; 24; 15; 1509
INTERNAL; 7; 7; 0; 363; INTERNAL; 9; 24; 15; 1509
INTERNAL; 9; 25; 16; 1163; INTERNAL; 10; 26; 16; 725
INTERNAL; 9; 16; 7; 803; INTERNAL; 10; 26; 16; 725
INTERNAL; 9; 25; 16; 1427; INTERNAL; 10; 26; 16; 725
INTERNAL; 7; 7; 0; 498; INTERNAL; 10; 26; 16; 725
INTERNAL; 7; 7; 0; 1317; INTERNAL; 10; 26; 16; 725
INTERNAL; 7; 19; 12; 1409; INTERNAL; 10; 26; 16; 725
INTERNAL; 8; 8; 0; 843; INTERNAL; 9; 25; 16; 1163
INTERNAL; 7; 7; 0; 416; INTERNAL; 9; 25; 16; 1163
INTERNAL; 7; 7; 0; 413; INTERNAL; 9; 25; 16; 1163
INTERNAL; 7; 7; 0; 916; INTERNAL; 9; 25; 16; 1163
INTERNAL; 6; 6; 0; 621; INTERNAL; 9; 25; 16; 1427
INTERNAL; 6; 6; 0; 1385; INTERNAL; 9; 25; 16; 1427
INTERNAL; 6; 6; 0; 694; INTERNAL; 9; 25; 16; 1427
INTERNAL; 8; 9; 1; 411; INTERNAL; 9; 25; 16; 1427
INTERNAL; 7; 7; 0; 372; INTERNAL; 9; 25; 16; 1427
INTERNAL; 7; 20; 13; 1492; INTERNAL; 9; 25; 16; 1427
INTERNAL; 25; 25; 0; 1165; INTERNAL; 26; 27; 1; 1441
INTERNAL; 25; 25; 0; 759; INTERNAL; 26; 27; 1; 1441
INTERNAL; 25; 25; 0; 1497; INTERNAL; 26; 27; 1; 1441
INTERNAL; 11; 25; 14; 1277; INTERNAL; 26; 27; 1; 1441
INTERNAL; 27; 27; 0; 681; INTERNAL; 29; 37; 8; 1157
INTERNAL; 26; 27; 1; 1441; INTERNAL; 29; 37; 8; 1157
INTERNAL; 2; 35; 33; 1485; INTERNAL; 29; 37; 8; 1157
INTERNAL; 28; 36; 8; 1515; INTERNAL; 29; 37; 8; 1157
INTERNAL; 27; 27; 0; 698; INTERNAL; 28; 36; 8; 1515
INTERNAL; 27; 27; 0; 1194; INTERNAL; 28; 36; 8; 1515
INTERNAL; 10; 26; 16; 713; INTERNAL; 28; 36; 8; 1515
INTERNAL; 26; 26; 0; 596; INTERNAL; 27; 27; 0; 698
INTERNAL; 26; 26; 0; 710; INTERNAL; 27; 27; 0; 698
INTERNAL; 10; 26; 16; 725; INTERNAL; 27; 27; 0; 698
INTERNAL; 26; 26; 0; 1203; INTERNAL; 27; 27; 0; 1194
INTERNAL; 26; 26; 0; 1382; INTERNAL; 27; 27; 0; 1194
INTERNAL; 25; 25; 0; 1165; INTERNAL; 26; 26; 0; 1203
INTERNAL; 25; 25; 0; 759; INTERNAL; 26; 26; 0; 1203
INTERNAL; 25; 25; 0; 1309; INTERNAL; 26; 26; 0; 1203
INTERNAL; 25; 25; 0; 397; INTERNAL; 26; 26; 0; 1203
INTERNAL; 25; 25; 0; 1156; INTERNAL; 26; 26; 0; 1203
INTERNAL; 24; 24; 0; 1473; INTERNAL; 25; 25; 0; 1309
INTERNAL; 2; 16; 14; 829; INTERNAL; 25; 25; 0; 1309
INTERNAL; 24; 24; 0; 1483; INTERNAL; 25; 25; 0; 1309
INTERNAL; 3; 14; 11; 1128; INTERNAL; 25; 25; 0; 1309
INTERNAL; 24; 24; 0; 1484; INTERNAL; 25; 25; 0; 397
INTERNAL; 24; 24; 0; 1238; INTERNAL; 25; 25; 0; 397
INTERNAL; 25; 25; 0; 1517; INTERNAL; 26; 26; 0; 1382
INTERNAL; 25; 25; 0; 1014; INTERNAL; 26; 26; 0; 1382
INTERNAL; 24; 24; 0; 1520; INTERNAL; 25; 25; 0; 1517
INTERNAL; 2; 16; 14; 829; INTERNAL; 25; 25; 0; 1517
INTERNAL; 24; 24; 0; 1521; INTERNAL; 25; 25; 0; 1517
INTERNAL; 3; 14; 11; 1128; INTERNAL; 25; 25; 0; 1517
INTERNAL; 23; 23; 0; 902; INTERNAL; 24; 24; 0; 1520
INTERNAL; 22; 22; 0; 1428; INTERNAL; 24; 24; 0; 1520
INTERNAL; 22; 22; 0; 1314; INTERNAL; 24; 24; 0; 1520
INTERNAL; 9; 22; 13; 974; INTERNAL; 24; 24; 0; 1520
INTERNAL; 12; 22; 10; 1336; INTERNAL; 24; 24; 0; 1520
INTERNAL; 11; 22; 11; 1290; INTERNAL; 24; 24; 0; 1520
INTERNAL; 10; 15; 5; 268; INTERNAL; 11; 22; 11; 1290
INTERNAL; 9; 21; 12; 1523; INTERNAL; 11; 22; 11; 1290
INTERNAL; 8; 8; 0; 376; INTERNAL; 11; 22; 11; 1290
INTERNAL; 8; 8; 0; 935; INTERNAL; 11; 22; 11; 1290
INTERNAL; 8; 21; 13; 263; INTERNAL; 11; 22; 11; 1290
INTERNAL; 7; 21; 14; 262; INTERNAL; 11; 22; 11; 1290
INTERNAL; 7; 7; 0; 849; INTERNAL; 9; 21; 12; 1523
INTERNAL; 6; 6; 0; 677; INTERNAL; 9; 21; 12; 1523
INTERNAL; 8; 8; 0; 841; INTERNAL; 9; 21; 12; 1523
INTERNAL; 7; 20; 13; 261; INTERNAL; 9; 21; 12; 1523
INTERNAL; 7; 7; 0; 702; INTERNAL; 9; 21; 12; 1523
INTERNAL; 6; 6; 0; 1292; INTERNAL; 7; 20; 13; 261
INTERNAL; 6; 6; 0; 412; INTERNAL; 7; 20; 13; 261
INTERNAL; 6; 6; 0; 286; INTERNAL; 7; 20; 13; 261
INTERNAL; 6; 6; 0; 314; INTERNAL; 7; 20; 13; 261
INTERNAL; 6; 6; 0; 432; INTERNAL; 7; 20; 13; 261
INTERNAL; 6; 6; 0; 708; INTERNAL; 7; 20; 13; 261
INTERNAL; 7; 7; 0; 615; INTERNAL; 8; 21; 13; 263
INTERNAL; 6; 6; 0; 514; INTERNAL; 8; 21; 13; 263
INTERNAL; 7; 7; 0; 1506; INTERNAL; 8; 21; 13; 263
INTERNAL; 6; 6; 0; 553; INTERNAL; 7; 21; 14; 262
INTERNAL; 6; 6; 0; 721; INTERNAL; 7; 21; 14; 262
INTERNAL; 6; 6; 0; 532; INTERNAL; 7; 21; 14; 262
INTERNAL; 6; 6; 0; 588; INTERNAL; 7; 21; 14; 262
INTERNAL; 6; 6; 0; 482; INTERNAL; 7; 21; 14; 262
INTERNAL; 6; 6; 0; 481; INTERNAL; 7; 21; 14; 262
INTERNAL; 2; 16; 14; 1439; INTERNAL; 24; 24; 0; 1521
INTERNAL; 23; 23; 0; 260; INTERNAL; 24; 24; 0; 1521
INTERNAL; 23; 23; 0; 860; INTERNAL; 24; 24; 0; 1521
INTERNAL; 2; 16; 14; 1436; INTERNAL; 24; 24; 0; 1521
INTERNAL; 23; 23; 0; 1426; INTERNAL; 24; 24; 0; 1521
INTERNAL; 3; 16; 13; 703; INTERNAL; 24; 24; 0; 1521
INTERNAL; 22; 22; 0; 1314; INTERNAL; 23; 23; 0; 260
INTERNAL; 12; 22; 10; 1336; INTERNAL; 23; 23; 0; 260
INTERNAL; 9; 22; 13; 974; INTERNAL; 23; 23; 0; 260
INTERNAL; 11; 22; 11; 1290; INTERNAL; 23; 23; 0; 260
INTERNAL; 24; 24; 0; 1484; INTERNAL; 25; 25; 0; 1014
INTERNAL; 24; 24; 0; 259; INTERNAL; 25; 25; 0; 1014
INTERNAL; 23; 23; 0; 1051; INTERNAL; 25; 25; 0; 1014
INTERNAL; 24; 24; 0; 1010; INTERNAL; 25; 25; 0; 1014
INTERNAL; 23; 23; 0; 1017; INTERNAL; 24; 24; 0; 259
INTERNAL; 4; 16; 12; 878; INTERNAL; 24; 24; 0; 259
INTERNAL; 23; 23; 0; 352; INTERNAL; 24; 24; 0; 259
INTERNAL; 3; 9; 6; 866; INTERNAL; 24; 24; 0; 259
INTERNAL; 23; 23; 0; 1449; INTERNAL; 24; 24; 0; 1010
INTERNAL; 4; 16; 12; 878; INTERNAL; 24; 24; 0; 1010
INTERNAL; 23; 23; 0; 1259; INTERNAL; 24; 24; 0; 1010
INTERNAL; 23; 23; 0; 508; INTERNAL; 24; 24; 0; 1010
INTERNAL; 23; 23; 0; 258; INTERNAL; 24; 24; 0; 1010
INTERNAL; 3; 9; 6; 866; INTERNAL; 24; 24; 0; 1010
INTERNAL; 22; 22; 0; 1354; INTERNAL; 23; 23; 0; 508
INTERNAL; 22; 22; 0; 1373; INTERNAL; 23; 23; 0; 508
INTERNAL; 21; 22; 1; 580; INTERNAL; 23; 23; 0; 508
INTERNAL; 22; 22; 0; 1094; INTERNAL; 23; 23; 0; 508
INTERNAL; 22; 22; 0; 1411; INTERNAL; 23; 23; 0; 508
INTERNAL; 4; 9; 5; 587; INTERNAL; 23; 23; 0; 508
INTERNAL; 22; 22; 0; 686; INTERNAL; 23; 23; 0; 258
INTERNAL; 5; 16; 11; 1303; INTERNAL; 23; 23; 0; 258
INTERNAL; 22; 22; 0; 256; INTERNAL; 23; 23; 0; 258
INTERNAL; 22; 22; 0; 255; INTERNAL; 23; 23; 0; 258
INTERNAL; 22; 22; 0; 254; INTERNAL; 23; 23; 0; 258
INTERNAL; 4; 9; 5; 587; INTERNAL; 23; 23; 0; 258
INTERNAL; 21; 21; 0; 1228; INTERNAL; 22; 22; 0; 256
INTERNAL; 5; 16; 11; 913; INTERNAL; 22; 22; 0; 256
INTERNAL; 21; 21; 0; 651; INTERNAL; 22; 22; 0; 256
INTERNAL; 5; 16; 11; 552; INTERNAL; 22; 22; 0; 256
INTERNAL; 21; 21; 0; 647; INTERNAL; 22; 22; 0; 256
INTERNAL; 5; 15; 10; 327; INTERNAL; 22; 22; 0; 256
INTERNAL; 21; 21; 0; 272; INTERNAL; 22; 22; 0; 255
INTERNAL; 21; 21; 0; 601; INTERNAL; 22; 22; 0; 255
INTERNAL; 20; 21; 1; 563; INTERNAL; 22; 22; 0; 255
INTERNAL; 21; 21; 0; 1495; INTERNAL; 22; 22; 0; 254
INTERNAL; 21; 21; 0; 253; INTERNAL; 22; 22; 0; 254
INTERNAL; 20; 20; 0; 252; INTERNAL; 21; 21; 0; 1495
INTERNAL; 20; 20; 0; 584; INTERNAL; 21; 21; 0; 1495
INTERNAL; 19; 19; 0; 394; INTERNAL; 20; 20; 0; 252
INTERNAL; 5; 16; 11; 1377; INTERNAL; 20; 20; 0; 252
INTERNAL; 17; 17; 0; 1287; INTERNAL; 20; 20; 0; 252
INTERNAL; 19; 19; 0; 906; INTERNAL; 20; 20; 0; 252
INTERNAL; 4; 9; 5; 763; INTERNAL; 20; 20; 0; 252
INTERNAL; 19; 19; 0; 251; INTERNAL; 20; 20; 0; 252
INTERNAL; 18; 18; 0; 1278; INTERNAL; 19; 19; 0; 906
INTERNAL; 18; 18; 0; 934; INTERNAL; 19; 19; 0; 906
INTERNAL; 5; 16; 11; 1323; INTERNAL; 19; 19; 0; 906
INTERNAL; 18; 18; 0; 1282; INTERNAL; 19; 19; 0; 251
INTERNAL; 5; 16; 11; 1328; INTERNAL; 19; 19; 0; 251
INTERNAL; 18; 18; 0; 1004; INTERNAL; 19; 19; 0; 251
INTERNAL; 5; 15; 10; 1326; INTERNAL; 19; 19; 0; 251
INTERNAL; 17; 17; 0; 1053; INTERNAL; 20; 20; 0; 584
INTERNAL; 16; 16; 0; 1193; INTERNAL; 20; 20; 0; 584
INTERNAL; 19; 19; 0; 1424; INTERNAL; 20; 20; 0; 584
INTERNAL; 19; 19; 0; 884; INTERNAL; 20; 20; 0; 584
INTERNAL; 19; 19; 0; 1079; INTERNAL; 20; 20; 0; 584
INTERNAL; 4; 9; 5; 763; INTERNAL; 20; 20; 0; 584
INTERNAL; 5; 16; 11; 1306; INTERNAL; 21; 21; 0; 253
INTERNAL; 20; 20; 0; 250; INTERNAL; 21; 21; 0; 253
INTERNAL; 20; 20; 0; 1279; INTERNAL; 21; 21; 0; 253
INTERNAL; 20; 20; 0; 1460; INTERNAL; 21; 21; 0; 253
INTERNAL; 20; 20; 0; 249; INTERNAL; 21; 21; 0; 253
INTERNAL; 4; 10; 6; 795; INTERNAL; 21; 21; 0; 253
INTERNAL; 19; 19; 0; 655; INTERNAL; 20; 20; 0; 250
INTERNAL; 19; 19; 0; 796; INTERNAL; 20; 20; 0; 250
INTERNAL; 19; 19; 0; 823; INTERNAL; 20; 20; 0; 250
INTERNAL; 19; 19; 0; 330; INTERNAL; 20; 20; 0; 250
INTERNAL; 5; 16; 11; 1144; INTERNAL; 20; 20; 0; 250
INTERNAL; 19; 19; 0; 1211; INTERNAL; 20; 20; 0; 249
INTERNAL; 5; 16; 11; 1307; INTERNAL; 20; 20; 0; 249
INTERNAL; 19; 19; 0; 655; INTERNAL; 20; 20; 0; 249
INTERNAL; 19; 19; 0; 796; INTERNAL; 20; 20; 0; 249
INTERNAL; 5; 15; 10; 1251; INTERNAL; 20; 20; 0; 249
INTERNAL; 4; 16; 12; 1291; INTERNAL; 23; 23; 0; 1259
INTERNAL; 22; 22; 0; 1428; INTERNAL; 23; 23; 0; 1259
INTERNAL; 22; 22; 0; 1438; INTERNAL; 23; 23; 0; 1259
INTERNAL; 4; 15; 11; 726; INTERNAL; 23; 23; 0; 1259
INTERNAL; 22; 22; 0; 479; INTERNAL; 23; 23; 0; 1259
INTERNAL; 4; 16; 12; 780; INTERNAL; 23; 23; 0; 1259
INTERNAL; 7; 7; 0; 849; INTERNAL; 10; 26; 16; 713
INTERNAL; 9; 23; 14; 1510; INTERNAL; 10; 26; 16; 713
INTERNAL; 9; 25; 16; 248; INTERNAL; 10; 26; 16; 713
INTERNAL; 8; 25; 17; 247; INTERNAL; 10; 26; 16; 713
INTERNAL; 9; 16; 7; 1223; INTERNAL; 10; 26; 16; 713
INTERNAL; 7; 19; 12; 1409; INTERNAL; 10; 26; 16; 713
INTERNAL; 6; 6; 0; 891; INTERNAL; 9; 25; 16; 248
INTERNAL; 6; 6; 0; 494; INTERNAL; 9; 25; 16; 248
INTERNAL; 6; 6; 0; 777; INTERNAL; 9; 25; 16; 248
INTERNAL; 7; 19; 12; 1407; INTERNAL; 9; 25; 16; 248
INTERNAL; 8; 24; 16; 246; INTERNAL; 9; 25; 16; 248
INTERNAL; 7; 7; 0; 890; INTERNAL; 8; 24; 16; 246
INTERNAL; 6; 6; 0; 968; INTERNAL; 8; 24; 16; 246
INTERNAL; 6; 6; 0; 820; INTERNAL; 8; 24; 16; 246
INTERNAL; 6; 6; 0; 879; INTERNAL; 8; 24; 16; 246
INTERNAL; 6; 6; 0; 658; INTERNAL; 8; 25; 17; 247
INTERNAL; 6; 6; 0; 310; INTERNAL; 8; 25; 17; 247
INTERNAL; 7; 15; 8; 1218; INTERNAL; 8; 25; 17; 247
INTERNAL; 7; 7; 0; 702; INTERNAL; 8; 25; 17; 247
INTERNAL; 7; 8; 1; 898; INTERNAL; 8; 25; 17; 247
INPUT; 1; 4; 3; 574; INTERNAL; 2; 35; 33; 1485
INPUT; 1; 34; 33; 245; INTERNAL; 2; 35; 33; 1485
INTERNAL; 28; 36; 8; 1515; INTERNAL; 29; 37; 8; 244
INTERNAL; 27; 27; 0; 681; INTERNAL; 29; 37; 8; 244
INTERNAL; 26; 27; 1; 1441; INTERNAL; 29; 37; 8; 244
INTERNAL; 2; 35; 33; 1485; INTERNAL; 29; 37; 8; 244
INTERNAL; 27; 27; 0; 1002; INTERNAL; 29; 37; 8; 244
INTERNAL; 27; 27; 0; 243; INTERNAL; 29; 37; 8; 244
INTERNAL; 10; 26; 16; 713; INTERNAL; 27; 27; 0; 1002
INTERNAL; 26; 26; 0; 596; INTERNAL; 27; 27; 0; 1002
INTERNAL; 26; 26; 0; 710; INTERNAL; 27; 27; 0; 1002
INTERNAL; 10; 26; 16; 725; INTERNAL; 27; 27; 0; 1002
INTERNAL; 26; 26; 0; 1203; INTERNAL; 27; 27; 0; 1002
INTERNAL; 26; 26; 0; 1382; INTERNAL; 27; 27; 0; 1002
INTERNAL; 26; 26; 0; 1203; INTERNAL; 27; 27; 0; 243
INTERNAL; 25; 25; 0; 1517; INTERNAL; 27; 27; 0; 243
INTERNAL; 25; 25; 0; 1014; INTERNAL; 27; 27; 0; 243
INTERNAL; 26; 26; 0; 241; INTERNAL; 27; 27; 0; 243
INTERNAL; 10; 26; 16; 240; INTERNAL; 27; 27; 0; 243
INTERNAL; 25; 25; 0; 239; INTERNAL; 26; 26; 0; 241
INTERNAL; 25; 25; 0; 238; INTERNAL; 26; 26; 0; 241
INTERNAL; 25; 25; 0; 236; INTERNAL; 26; 26; 0; 241
INTERNAL; 24; 24; 0; 235; INTERNAL; 25; 25; 0; 239
INTERNAL; 2; 16; 14; 829; INTERNAL; 25; 25; 0; 239
INTERNAL; 24; 24; 0; 234; INTERNAL; 25; 25; 0; 239
INTERNAL; 3; 14; 11; 1128; INTERNAL; 25; 25; 0; 239
INTERNAL; 23; 23; 0; 902; INTERNAL; 24; 24; 0; 235
INTERNAL; 22; 22; 0; 1428; INTERNAL; 24; 24; 0; 235
INTERNAL; 12; 22; 10; 1336; INTERNAL; 24; 24; 0; 235
INTERNAL; 22; 22; 0; 1314; INTERNAL; 24; 24; 0; 235
INTERNAL; 9; 22; 13; 974; INTERNAL; 24; 24; 0; 235
INTERNAL; 11; 22; 11; 1290; INTERNAL; 24; 24; 0; 235
INTERNAL; 23; 23; 0; 260; INTERNAL; 24; 24; 0; 234
INTERNAL; 2; 16; 14; 1436; INTERNAL; 24; 24; 0; 234
INTERNAL; 23; 23; 0; 860; INTERNAL; 24; 24; 0; 234
INTERNAL; 3; 16; 13; 703; INTERNAL; 24; 24; 0; 234
INTERNAL; 24; 24; 0; 1484; INTERNAL; 25; 25; 0; 238
INTERNAL; 24; 24; 0; 232; INTERNAL; 25; 25; 0; 238
INTERNAL; 24; 24; 0; 231; INTERNAL; 25; 25; 0; 238
INTERNAL; 24; 24; 0; 259; INTERNAL; 25; 25; 0; 238
INTERNAL; 23; 23; 0; 1051; INTERNAL; 25; 25; 0; 238
INTERNAL; 23; 23; 0; 508; INTERNAL; 24; 24; 0; 232
INTERNAL; 23; 23; 0; 258; INTERNAL; 24; 24; 0; 232
INTERNAL; 23; 23; 0; 1449; INTERNAL; 24; 24; 0; 231
INTERNAL; 4; 16; 12; 878; INTERNAL; 24; 24; 0; 231
INTERNAL; 23; 23; 0; 1259; INTERNAL; 24; 24; 0; 231
INTERNAL; 3; 9; 6; 866; INTERNAL; 24; 24; 0; 231
INTERNAL; 24; 24; 0; 740; INTERNAL; 25; 25; 0; 236
INTERNAL; 4; 16; 12; 878; INTERNAL; 25; 25; 0; 236
INTERNAL; 24; 24; 0; 229; INTERNAL; 25; 25; 0; 236
INTERNAL; 24; 24; 0; 755; INTERNAL; 25; 25; 0; 236
INTERNAL; 3; 9; 6; 866; INTERNAL; 25; 25; 0; 236
INTERNAL; 23; 23; 0; 508; INTERNAL; 24; 24; 0; 755
INTERNAL; 23; 23; 0; 228; INTERNAL; 24; 24; 0; 755
INTERNAL; 22; 22; 0; 255; INTERNAL; 24; 24; 0; 755
INTERNAL; 22; 22; 0; 254; INTERNAL; 24; 24; 0; 755
INTERNAL; 23; 23; 0; 627; INTERNAL; 24; 24; 0; 755
INTERNAL; 23; 23; 0; 1188; INTERNAL; 24; 24; 0; 755
INTERNAL; 22; 22; 0; 686; INTERNAL; 23; 23; 0; 228
INTERNAL; 5; 16; 11; 1303; INTERNAL; 23; 23; 0; 228
INTERNAL; 22; 22; 0; 256; INTERNAL; 23; 23; 0; 228
INTERNAL; 4; 9; 5; 587; INTERNAL; 23; 23; 0; 228
INTERNAL; 5; 16; 11; 1303; INTERNAL; 23; 23; 0; 627
INTERNAL; 22; 22; 0; 380; INTERNAL; 23; 23; 0; 627
INTERNAL; 22; 22; 0; 1398; INTERNAL; 23; 23; 0; 627
INTERNAL; 22; 22; 0; 1050; INTERNAL; 23; 23; 0; 627
INTERNAL; 22; 22; 0; 328; INTERNAL; 23; 23; 0; 627
INTERNAL; 4; 9; 5; 587; INTERNAL; 23; 23; 0; 627
INTERNAL; 21; 21; 0; 1220; INTERNAL; 22; 22; 0; 380
INTERNAL; 11; 21; 10; 1400; INTERNAL; 22; 22; 0; 380
INTERNAL; 5; 16; 11; 913; INTERNAL; 22; 22; 0; 380
INTERNAL; 21; 21; 0; 1228; INTERNAL; 22; 22; 0; 328
INTERNAL; 5; 15; 10; 327; INTERNAL; 22; 22; 0; 328
INTERNAL; 21; 21; 0; 647; INTERNAL; 22; 22; 0; 328
INTERNAL; 5; 16; 11; 552; INTERNAL; 22; 22; 0; 328
INTERNAL; 22; 22; 0; 227; INTERNAL; 23; 23; 0; 1188
INTERNAL; 22; 22; 0; 526; INTERNAL; 23; 23; 0; 1188
INTERNAL; 21; 22; 1; 1430; INTERNAL; 23; 23; 0; 1188
INTERNAL; 21; 21; 0; 272; INTERNAL; 22; 22; 0; 227
INTERNAL; 21; 21; 0; 1495; INTERNAL; 22; 22; 0; 227
INTERNAL; 21; 21; 0; 253; INTERNAL; 22; 22; 0; 227
INTERNAL; 21; 21; 0; 601; INTERNAL; 22; 22; 0; 227
INTERNAL; 20; 21; 1; 563; INTERNAL; 22; 22; 0; 227
INTERNAL; 21; 21; 0; 1350; INTERNAL; 22; 22; 0; 526
INTERNAL; 5; 16; 11; 1306; INTERNAL; 22; 22; 0; 526
INTERNAL; 21; 21; 0; 225; INTERNAL; 22; 22; 0; 526
INTERNAL; 4; 10; 6; 795; INTERNAL; 22; 22; 0; 526
INTERNAL; 20; 20; 0; 1280; INTERNAL; 21; 21; 0; 225
INTERNAL; 5; 15; 10; 1251; INTERNAL; 21; 21; 0; 225
INTERNAL; 20; 20; 0; 224; INTERNAL; 21; 21; 0; 225
INTERNAL; 20; 20; 0; 959; INTERNAL; 21; 21; 0; 225
INTERNAL; 20; 20; 0; 1233; INTERNAL; 21; 21; 0; 225
INTERNAL; 5; 16; 11; 1144; INTERNAL; 21; 21; 0; 225
INTERNAL; 19; 19; 0; 655; INTERNAL; 20; 20; 0; 224
INTERNAL; 19; 19; 0; 796; INTERNAL; 20; 20; 0; 224
INTERNAL; 5; 16; 11; 1307; INTERNAL; 20; 20; 0; 224
INTERNAL; 20; 20; 0; 252; INTERNAL; 21; 22; 1; 1430
INTERNAL; 20; 20; 0; 584; INTERNAL; 21; 22; 1; 1430
INTERNAL; 18; 18; 0; 1282; INTERNAL; 21; 22; 1; 1430
INTERNAL; 4; 9; 5; 763; INTERNAL; 21; 22; 1; 1430
INTERNAL; 20; 20; 0; 223; INTERNAL; 21; 22; 1; 1430
INTERNAL; 20; 20; 0; 664; INTERNAL; 21; 22; 1; 1430
INTERNAL; 19; 19; 0; 1211; INTERNAL; 20; 20; 0; 664
INTERNAL; 5; 16; 11; 1323; INTERNAL; 20; 20; 0; 664
INTERNAL; 19; 19; 0; 313; INTERNAL; 20; 20; 0; 664
INTERNAL; 19; 19; 0; 679; INTERNAL; 20; 20; 0; 664
INTERNAL; 19; 19; 0; 671; INTERNAL; 20; 20; 0; 664
INTERNAL; 5; 16; 11; 1377; INTERNAL; 20; 20; 0; 664
INTERNAL; 18; 18; 0; 1004; INTERNAL; 19; 19; 0; 313
INTERNAL; 5; 16; 11; 1328; INTERNAL; 19; 19; 0; 313
INTERNAL; 18; 18; 0; 1278; INTERNAL; 19; 19; 0; 313
INTERNAL; 18; 18; 0; 934; INTERNAL; 19; 19; 0; 313
INTERNAL; 5; 15; 10; 1326; INTERNAL; 19; 19; 0; 313
INTERNAL; 5; 16; 11; 1377; INTERNAL; 20; 20; 0; 223
INTERNAL; 19; 19; 0; 394; INTERNAL; 20; 20; 0; 223
INTERNAL; 19; 19; 0; 906; INTERNAL; 20; 20; 0; 223
INTERNAL; 4; 9; 5; 763; INTERNAL; 20; 20; 0; 223
INTERNAL; 19; 19; 0; 251; INTERNAL; 20; 20; 0; 223
INTERNAL; 17; 17; 0; 1287; INTERNAL; 20; 20; 0; 223
INTERNAL; 4; 15; 11; 726; INTERNAL; 24; 24; 0; 229
INTERNAL; 22; 22; 0; 1428; INTERNAL; 24; 24; 0; 229
INTERNAL; 22; 22; 0; 1438; INTERNAL; 24; 24; 0; 229
INTERNAL; 4; 16; 12; 780; INTERNAL; 24; 24; 0; 229
INTERNAL; 23; 23; 0; 1426; INTERNAL; 24; 24; 0; 229
INTERNAL; 4; 16; 12; 1291; INTERNAL; 24; 24; 0; 229
INTERNAL; 9; 23; 14; 839; INTERNAL; 10; 26; 16; 240
INTERNAL; 9; 25; 16; 633; INTERNAL; 10; 26; 16; 240
INTERNAL; 8; 8; 0; 1181; INTERNAL; 10; 26; 16; 240
INTERNAL; 6; 6; 0; 588; INTERNAL; 9; 25; 16; 633
INTERNAL; 6; 6; 0; 623; INTERNAL; 9; 25; 16; 633
INTERNAL; 6; 6; 0; 920; INTERNAL; 9; 25; 16; 633
INTERNAL; 8; 24; 16; 222; INTERNAL; 9; 25; 16; 633
INTERNAL; 8; 24; 16; 221; INTERNAL; 9; 25; 16; 633
INTERNAL; 7; 8; 1; 434; INTERNAL; 9; 25; 16; 633
INTERNAL; 6; 6; 0; 560; INTERNAL; 8; 24; 16; 222
INTERNAL; 6; 6; 0; 872; INTERNAL; 8; 24; 16; 222
INTERNAL; 6; 6; 0; 712; INTERNAL; 8; 24; 16; 222
INTERNAL; 6; 6; 0; 850; INTERNAL; 8; 24; 16; 222
INTERNAL; 6; 6; 0; 792; INTERNAL; 8; 24; 16; 222
INTERNAL; 7; 16; 9; 1273; INTERNAL; 8; 24; 16; 222
INTERNAL; 6; 6; 0; 970; INTERNAL; 8; 24; 16; 221
INTERNAL; 6; 6; 0; 1471; INTERNAL; 8; 24; 16; 221
INTERNAL; 6; 6; 0; 286; INTERNAL; 8; 24; 16; 221
INTERNAL; 6; 6; 0; 908; INTERNAL; 8; 24; 16; 221
INTERNAL; 7; 8; 1; 695; INTERNAL; 8; 24; 16; 221
INTERNAL; 28; 28; 0; 220; INTERNAL; 29; 37; 8; 219
INTERNAL; 2; 35; 33; 1485; INTERNAL; 29; 37; 8; 219
INTERNAL; 28; 28; 0; 218; INTERNAL; 29; 37; 8; 219
INTERNAL; 28; 28; 0; 385; INTERNAL; 29; 37; 8; 219
INTERNAL; 26; 27; 1; 1441; INTERNAL; 28; 28; 0; 218
INTERNAL; 27; 27; 0; 698; INTERNAL; 28; 28; 0; 218
INTERNAL; 27; 27; 0; 1194; INTERNAL; 28; 28; 0; 218
INTERNAL; 10; 26; 16; 713; INTERNAL; 28; 28; 0; 218
INTERNAL; 27; 27; 0; 243; INTERNAL; 28; 28; 0; 218
INTERNAL; 27; 27; 0; 681; INTERNAL; 28; 28; 0; 218
INTERNAL; 27; 27; 0; 681; INTERNAL; 28; 28; 0; 220
INTERNAL; 27; 27; 0; 698; INTERNAL; 28; 28; 0; 220
INTERNAL; 27; 27; 0; 1194; INTERNAL; 28; 28; 0; 220
INTERNAL; 10; 26; 16; 713; INTERNAL; 28; 28; 0; 220
INTERNAL; 27; 27; 0; 243; INTERNAL; 28; 28; 0; 220
INTERNAL; 26; 27; 1; 1441; INTERNAL; 28; 28; 0; 220
INTERNAL; 27; 27; 0; 1002; INTERNAL; 28; 28; 0; 385
INTERNAL; 27; 27; 0; 216; INTERNAL; 28; 28; 0; 385
INTERNAL; 10; 26; 16; 240; INTERNAL; 28; 28; 0; 385
INTERNAL; 27; 27; 0; 215; INTERNAL; 28; 28; 0; 385
INTERNAL; 10; 27; 17; 214; INTERNAL; 28; 28; 0; 385
INTERNAL; 26; 26; 0; 1203; INTERNAL; 27; 27; 0; 216
INTERNAL; 25; 25; 0; 1517; INTERNAL; 27; 27; 0; 216
INTERNAL; 25; 25; 0; 1014; INTERNAL; 27; 27; 0; 216
INTERNAL; 26; 26; 0; 241; INTERNAL; 27; 27; 0; 216
INTERNAL; 26; 26; 0; 1203; INTERNAL; 27; 27; 0; 215
INTERNAL; 25; 25; 0; 1517; INTERNAL; 27; 27; 0; 215
INTERNAL; 26; 26; 0; 241; INTERNAL; 27; 27; 0; 215
INTERNAL; 25; 25; 0; 1014; INTERNAL; 27; 27; 0; 215
INTERNAL; 26; 26; 0; 213; INTERNAL; 27; 27; 0; 215
INTERNAL; 26; 26; 0; 212; INTERNAL; 27; 27; 0; 215
INTERNAL; 25; 25; 0; 239; INTERNAL; 26; 26; 0; 213
INTERNAL; 25; 25; 0; 238; INTERNAL; 26; 26; 0; 213
INTERNAL; 25; 25; 0; 236; INTERNAL; 26; 26; 0; 213
INTERNAL; 25; 25; 0; 238; INTERNAL; 26; 26; 0; 212
INTERNAL; 25; 25; 0; 236; INTERNAL; 26; 26; 0; 212
INTERNAL; 25; 25; 0; 211; INTERNAL; 26; 26; 0; 212
INTERNAL; 25; 25; 0; 209; INTERNAL; 26; 26; 0; 212
INTERNAL; 25; 25; 0; 468; INTERNAL; 26; 26; 0; 212
INTERNAL; 24; 24; 0; 740; INTERNAL; 25; 25; 0; 211
INTERNAL; 4; 16; 12; 878; INTERNAL; 25; 25; 0; 211
INTERNAL; 24; 24; 0; 229; INTERNAL; 25; 25; 0; 211
INTERNAL; 3; 9; 6; 866; INTERNAL; 25; 25; 0; 211
INTERNAL; 24; 24; 0; 755; INTERNAL; 25; 25; 0; 211
INTERNAL; 24; 24; 0; 208; INTERNAL; 25; 25; 0; 209
INTERNAL; 2; 16; 14; 829; INTERNAL; 25; 25; 0; 209
INTERNAL; 3; 16; 13; 703; INTERNAL; 25; 25; 0; 209
INTERNAL; 23; 23; 0; 260; INTERNAL; 25; 25; 0; 209
INTERNAL; 3; 14; 11; 1128; INTERNAL; 25; 25; 0; 209
INTERNAL; 23; 23; 0; 902; INTERNAL; 24; 24; 0; 208
INTERNAL; 22; 22; 0; 1428; INTERNAL; 24; 24; 0; 208
INTERNAL; 22; 22; 0; 1314; INTERNAL; 24; 24; 0; 208
INTERNAL; 9; 22; 13; 974; INTERNAL; 24; 24; 0; 208
INTERNAL; 12; 22; 10; 1336; INTERNAL; 24; 24; 0; 208
INTERNAL; 24; 24; 0; 1473; INTERNAL; 25; 25; 0; 468
INTERNAL; 4; 16; 12; 878; INTERNAL; 25; 25; 0; 468
INTERNAL; 24; 24; 0; 207; INTERNAL; 25; 25; 0; 468
INTERNAL; 24; 24; 0; 206; INTERNAL; 25; 25; 0; 468
INTERNAL; 24; 24; 0; 1501; INTERNAL; 25; 25; 0; 468
INTERNAL; 3; 9; 6; 866; INTERNAL; 25; 25; 0; 468
INTERNAL; 23; 23; 0; 508; INTERNAL; 24; 24; 0; 206
INTERNAL; 23; 23; 0; 627; INTERNAL; 24; 24; 0; 206
INTERNAL; 23; 23; 0; 1188; INTERNAL; 24; 24; 0; 206
INTERNAL; 23; 23; 0; 228; INTERNAL; 24; 24; 0; 206
INTERNAL; 22; 22; 0; 255; INTERNAL; 24; 24; 0; 206
INTERNAL; 22; 22; 0; 254; INTERNAL; 24; 24; 0; 206
INTERNAL; 23; 23; 0; 1017; INTERNAL; 24; 24; 0; 1501
INTERNAL; 5; 16; 11; 1303; INTERNAL; 24; 24; 0; 1501
INTERNAL; 23; 23; 0; 205; INTERNAL; 24; 24; 0; 1501
INTERNAL; 23; 23; 0; 204; INTERNAL; 24; 24; 0; 1501
INTERNAL; 23; 23; 0; 203; INTERNAL; 24; 24; 0; 1501
INTERNAL; 4; 9; 5; 587; INTERNAL; 24; 24; 0; 1501
INTERNAL; 21; 21; 0; 1228; INTERNAL; 23; 23; 0; 205
INTERNAL; 5; 16; 11; 552; INTERNAL; 23; 23; 0; 205
INTERNAL; 22; 22; 0; 1438; INTERNAL; 23; 23; 0; 205
INTERNAL; 5; 16; 11; 913; INTERNAL; 23; 23; 0; 205
INTERNAL; 22; 22; 0; 479; INTERNAL; 23; 23; 0; 205
INTERNAL; 5; 15; 10; 327; INTERNAL; 23; 23; 0; 205
INTERNAL; 22; 22; 0; 227; INTERNAL; 23; 23; 0; 204
INTERNAL; 22; 22; 0; 526; INTERNAL; 23; 23; 0; 204
INTERNAL; 21; 22; 1; 1430; INTERNAL; 23; 23; 0; 204
INTERNAL; 22; 22; 0; 1008; INTERNAL; 23; 23; 0; 203
INTERNAL; 5; 16; 11; 1306; INTERNAL; 23; 23; 0; 203
INTERNAL; 22; 22; 0; 202; INTERNAL; 23; 23; 0; 203
INTERNAL; 22; 22; 0; 392; INTERNAL; 23; 23; 0; 203
INTERNAL; 4; 10; 6; 795; INTERNAL; 23; 23; 0; 203
INTERNAL; 21; 21; 0; 670; INTERNAL; 22; 22; 0; 1008
INTERNAL; 21; 21; 0; 1349; INTERNAL; 22; 22; 0; 1008
INTERNAL; 20; 20; 0; 979; INTERNAL; 22; 22; 0; 392
INTERNAL; 5; 16; 11; 1377; INTERNAL; 22; 22; 0; 392
INTERNAL; 18; 18; 0; 1004; INTERNAL; 22; 22; 0; 392
INTERNAL; 4; 9; 5; 763; INTERNAL; 22; 22; 0; 392
INTERNAL; 21; 21; 0; 201; INTERNAL; 22; 22; 0; 392
INTERNAL; 21; 21; 0; 1513; INTERNAL; 22; 22; 0; 392
INTERNAL; 5; 15; 10; 1326; INTERNAL; 21; 21; 0; 201
INTERNAL; 19; 19; 0; 1211; INTERNAL; 21; 21; 0; 201
INTERNAL; 5; 16; 11; 1323; INTERNAL; 21; 21; 0; 201
INTERNAL; 20; 20; 0; 318; INTERNAL; 21; 21; 0; 201
INTERNAL; 19; 20; 1; 199; INTERNAL; 21; 21; 0; 201
INTERNAL; 18; 18; 0; 1278; INTERNAL; 19; 20; 1; 199
INTERNAL; 18; 18; 0; 934; INTERNAL; 19; 20; 1; 199
INTERNAL; 5; 16; 11; 1328; INTERNAL; 19; 20; 1; 199
INTERNAL; 20; 20; 0; 252; INTERNAL; 21; 21; 0; 1513
INTERNAL; 20; 20; 0; 584; INTERNAL; 21; 21; 0; 1513
INTERNAL; 4; 9; 5; 763; INTERNAL; 21; 21; 0; 1513
INTERNAL; 18; 18; 0; 1282; INTERNAL; 21; 21; 0; 1513
INTERNAL; 20; 20; 0; 223; INTERNAL; 21; 21; 0; 1513
INTERNAL; 20; 20; 0; 664; INTERNAL; 21; 21; 0; 1513
INTERNAL; 5; 16; 11; 1307; INTERNAL; 22; 22; 0; 202
INTERNAL; 20; 20; 0; 1280; INTERNAL; 22; 22; 0; 202
INTERNAL; 21; 21; 0; 651; INTERNAL; 22; 22; 0; 202
INTERNAL; 5; 15; 10; 1251; INTERNAL; 22; 22; 0; 202
INTERNAL; 21; 21; 0; 647; INTERNAL; 22; 22; 0; 202
INTERNAL; 5; 16; 11; 1144; INTERNAL; 22; 22; 0; 202
INTERNAL; 22; 22; 0; 1428; INTERNAL; 24; 24; 0; 207
INTERNAL; 4; 16; 12; 780; INTERNAL; 24; 24; 0; 207
INTERNAL; 4; 16; 12; 1291; INTERNAL; 24; 24; 0; 207
INTERNAL; 23; 23; 0; 860; INTERNAL; 24; 24; 0; 207
INTERNAL; 23; 23; 0; 1426; INTERNAL; 24; 24; 0; 207
INTERNAL; 4; 15; 11; 726; INTERNAL; 24; 24; 0; 207
INTERNAL; 9; 26; 17; 198; INTERNAL; 10; 27; 17; 214
INTERNAL; 8; 8; 0; 626; INTERNAL; 10; 27; 17; 214
INTERNAL; 8; 8; 0; 612; INTERNAL; 10; 27; 17; 214
INTERNAL; 8; 8; 0; 939; INTERNAL; 10; 27; 17; 214
INTERNAL; 8; 22; 14; 1503; INTERNAL; 10; 27; 17; 214
INTERNAL; 6; 6; 0; 721; INTERNAL; 9; 26; 17; 198
INTERNAL; 6; 6; 0; 930; INTERNAL; 9; 26; 17; 198
INTERNAL; 7; 8; 1; 688; INTERNAL; 9; 26; 17; 198
INTERNAL; 7; 15; 8; 1218; INTERNAL; 9; 26; 17; 198
INTERNAL; 8; 16; 8; 1437; INTERNAL; 9; 26; 17; 198
INTERNAL; 8; 25; 17; 197; INTERNAL; 9; 26; 17; 198
INTERNAL; 7; 7; 0; 890; INTERNAL; 8; 25; 17; 197
INTERNAL; 6; 6; 0; 516; INTERNAL; 8; 25; 17; 197
INTERNAL; 6; 6; 0; 919; INTERNAL; 8; 25; 17; 197
INTERNAL; 6; 6; 0; 494; INTERNAL; 8; 25; 17; 197
INTERNAL; 7; 7; 0; 845; INTERNAL; 8; 25; 17; 197
INTERNAL; 28; 28; 0; 220; INTERNAL; 29; 37; 8; 855
INTERNAL; 28; 28; 0; 218; INTERNAL; 29; 37; 8; 855
INTERNAL; 2; 35; 33; 1485; INTERNAL; 29; 37; 8; 855
INTERNAL; 28; 28; 0; 385; INTERNAL; 29; 37; 8; 855
INTERNAL; 28; 28; 0; 196; INTERNAL; 29; 37; 8; 855
INTERNAL; 28; 28; 0; 195; INTERNAL; 29; 37; 8; 855
INTERNAL; 27; 27; 0; 1002; INTERNAL; 28; 28; 0; 196
INTERNAL; 27; 27; 0; 215; INTERNAL; 28; 28; 0; 196
INTERNAL; 27; 27; 0; 216; INTERNAL; 28; 28; 0; 196
INTERNAL; 10; 27; 17; 214; INTERNAL; 28; 28; 0; 196
INTERNAL; 10; 26; 16; 240; INTERNAL; 28; 28; 0; 196
INTERNAL; 27; 27; 0; 194; INTERNAL; 28; 28; 0; 195
INTERNAL; 26; 27; 1; 193; INTERNAL; 28; 28; 0; 195
INTERNAL; 27; 27; 0; 1139; INTERNAL; 28; 28; 0; 195
INTERNAL; 9; 27; 18; 1249; INTERNAL; 28; 28; 0; 195
INTERNAL; 26; 26; 0; 213; INTERNAL; 27; 27; 0; 194
INTERNAL; 26; 26; 0; 1203; INTERNAL; 27; 27; 0; 194
INTERNAL; 25; 25; 0; 1517; INTERNAL; 27; 27; 0; 194
INTERNAL; 25; 25; 0; 1014; INTERNAL; 27; 27; 0; 194
INTERNAL; 26; 26; 0; 241; INTERNAL; 27; 27; 0; 194
INTERNAL; 26; 26; 0; 212; INTERNAL; 27; 27; 0; 194
INTERNAL; 26; 26; 0; 192; INTERNAL; 27; 27; 0; 1139
INTERNAL; 26; 26; 0; 191; INTERNAL; 27; 27; 0; 1139
INTERNAL; 25; 25; 0; 190; INTERNAL; 27; 27; 0; 1139
INTERNAL; 25; 25; 0; 209; INTERNAL; 26; 26; 0; 192
INTERNAL; 25; 25; 0; 468; INTERNAL; 26; 26; 0; 192
INTERNAL; 24; 24; 0; 206; INTERNAL; 26; 26; 0; 192
INTERNAL; 24; 24; 0; 1501; INTERNAL; 26; 26; 0; 192
INTERNAL; 25; 25; 0; 189; INTERNAL; 26; 26; 0; 192
INTERNAL; 24; 24; 0; 1473; INTERNAL; 25; 25; 0; 189
INTERNAL; 4; 16; 12; 878; INTERNAL; 25; 25; 0; 189
INTERNAL; 24; 24; 0; 207; INTERNAL; 25; 25; 0; 189
INTERNAL; 3; 9; 6; 866; INTERNAL; 25; 25; 0; 189
INTERNAL; 24; 24; 0; 206; INTERNAL; 26; 26; 0; 191
INTERNAL; 24; 25; 1; 398; INTERNAL; 26; 26; 0; 191
INTERNAL; 23; 23; 0; 204; INTERNAL; 26; 26; 0; 191
INTERNAL; 23; 23; 0; 203; INTERNAL; 26; 26; 0; 191
INTERNAL; 25; 25; 0; 362; INTERNAL; 26; 26; 0; 191
INTERNAL; 23; 23; 0; 1449; INTERNAL; 25; 25; 0; 362
INTERNAL; 5; 16; 11; 1303; INTERNAL; 25; 25; 0; 362
INTERNAL; 23; 24; 1; 188; INTERNAL; 25; 25; 0; 362
INTERNAL; 24; 24; 0; 187; INTERNAL; 25; 25; 0; 362
INTERNAL; 24; 24; 0; 226; INTERNAL; 25; 25; 0; 362
INTERNAL; 4; 9; 5; 587; INTERNAL; 25; 25; 0; 362
INTERNAL; 22; 22; 0; 1008; INTERNAL; 24; 24; 0; 187
INTERNAL; 5; 16; 11; 1306; INTERNAL; 24; 24; 0; 187
INTERNAL; 23; 23; 0; 204; INTERNAL; 24; 24; 0; 187
INTERNAL; 22; 22; 0; 392; INTERNAL; 24; 24; 0; 187
INTERNAL; 22; 22; 0; 202; INTERNAL; 24; 24; 0; 187
INTERNAL; 4; 10; 6; 795; INTERNAL; 24; 24; 0; 187
INTERNAL; 22; 22; 0; 686; INTERNAL; 24; 24; 0; 226
INTERNAL; 5; 16; 11; 1306; INTERNAL; 24; 24; 0; 226
INTERNAL; 22; 23; 1; 186; INTERNAL; 24; 24; 0; 226
INTERNAL; 23; 23; 0; 1462; INTERNAL; 24; 24; 0; 226
INTERNAL; 22; 23; 1; 185; INTERNAL; 24; 24; 0; 226
INTERNAL; 4; 10; 6; 795; INTERNAL; 24; 24; 0; 226
INTERNAL; 4; 9; 5; 763; INTERNAL; 23; 23; 0; 1462
INTERNAL; 18; 18; 0; 1278; INTERNAL; 23; 23; 0; 1462
INTERNAL; 18; 18; 0; 934; INTERNAL; 23; 23; 0; 1462
INTERNAL; 22; 22; 0; 184; INTERNAL; 23; 23; 0; 1462
INTERNAL; 3; 14; 11; 1128; INTERNAL; 23; 23; 0; 1462
INTERNAL; 5; 16; 11; 1377; INTERNAL; 22; 22; 0; 184
INTERNAL; 20; 20; 0; 1279; INTERNAL; 22; 22; 0; 184
INTERNAL; 20; 20; 0; 1460; INTERNAL; 22; 22; 0; 184
INTERNAL; 21; 21; 0; 183; INTERNAL; 22; 22; 0; 184
INTERNAL; 19; 19; 0; 1211; INTERNAL; 21; 21; 0; 183
INTERNAL; 5; 16; 11; 1328; INTERNAL; 21; 21; 0; 183
INTERNAL; 5; 15; 10; 1326; INTERNAL; 21; 21; 0; 183
INTERNAL; 20; 20; 0; 318; INTERNAL; 21; 21; 0; 183
INTERNAL; 20; 20; 0; 1280; INTERNAL; 21; 21; 0; 183
INTERNAL; 5; 16; 11; 1323; INTERNAL; 21; 21; 0; 183
INTERNAL; 21; 21; 0; 1513; INTERNAL; 22; 23; 1; 185
INTERNAL; 18; 18; 0; 1004; INTERNAL; 22; 23; 1; 185
INTERNAL; 20; 20; 0; 979; INTERNAL; 22; 23; 1; 185
INTERNAL; 5; 16; 11; 1377; INTERNAL; 22; 23; 1; 185
INTERNAL; 21; 21; 0; 201; INTERNAL; 22; 23; 1; 185
INTERNAL; 4; 9; 5; 763; INTERNAL; 22; 23; 1; 185
INTERNAL; 21; 21; 0; 1228; INTERNAL; 22; 23; 1; 186
INTERNAL; 5; 16; 11; 1144; INTERNAL; 22; 23; 1; 186
INTERNAL; 5; 16; 11; 1307; INTERNAL; 22; 23; 1; 186
INTERNAL; 21; 21; 0; 651; INTERNAL; 22; 23; 1; 186
INTERNAL; 21; 21; 0; 647; INTERNAL; 22; 23; 1; 186
INTERNAL; 5; 15; 10; 1251; INTERNAL; 22; 23; 1; 186
INTERNAL; 5; 16; 11; 913; INTERNAL; 23; 24; 1; 188
INTERNAL; 22; 22; 0; 1428; INTERNAL; 23; 24; 1; 188
INTERNAL; 22; 22; 0; 1438; INTERNAL; 23; 24; 1; 188
INTERNAL; 5; 15; 10; 327; INTERNAL; 23; 24; 1; 188
INTERNAL; 22; 22; 0; 479; INTERNAL; 23; 24; 1; 188
INTERNAL; 5; 16; 11; 552; INTERNAL; 23; 24; 1; 188
INTERNAL; 23; 23; 0; 1017; INTERNAL; 24; 25; 1; 398
INTERNAL; 5; 16; 11; 1303; INTERNAL; 24; 25; 1; 398
INTERNAL; 23; 23; 0; 205; INTERNAL; 24; 25; 1; 398
INTERNAL; 4; 9; 5; 587; INTERNAL; 24; 25; 1; 398
INTERNAL; 24; 24; 0; 1520; INTERNAL; 25; 25; 0; 190
INTERNAL; 4; 16; 12; 878; INTERNAL; 25; 25; 0; 190
INTERNAL; 24; 24; 0; 365; INTERNAL; 25; 25; 0; 190
INTERNAL; 3; 9; 6; 866; INTERNAL; 25; 25; 0; 190
INTERNAL; 23; 23; 0; 260; INTERNAL; 24; 24; 0; 365
INTERNAL; 4; 16; 12; 1291; INTERNAL; 24; 24; 0; 365
INTERNAL; 4; 15; 11; 726; INTERNAL; 24; 24; 0; 365
INTERNAL; 23; 23; 0; 860; INTERNAL; 24; 24; 0; 365
INTERNAL; 23; 23; 0; 1426; INTERNAL; 24; 24; 0; 365
INTERNAL; 4; 16; 12; 780; INTERNAL; 24; 24; 0; 365
INTERNAL; 25; 25; 0; 211; INTERNAL; 26; 27; 1; 193
INTERNAL; 25; 25; 0; 238; INTERNAL; 26; 27; 1; 193
INTERNAL; 25; 25; 0; 236; INTERNAL; 26; 27; 1; 193
INTERNAL; 25; 25; 0; 209; INTERNAL; 26; 27; 1; 193
INTERNAL; 25; 25; 0; 468; INTERNAL; 26; 27; 1; 193
INTERNAL; 8; 8; 0; 278; INTERNAL; 9; 27; 18; 1249
INTERNAL; 8; 8; 0; 791; INTERNAL; 9; 27; 18; 1249
INTERNAL; 8; 14; 6; 1199; INTERNAL; 9; 27; 18; 1249
INTERNAL; 8; 26; 18; 182; INTERNAL; 9; 27; 18; 1249
INTERNAL; 8; 26; 18; 181; INTERNAL; 9; 27; 18; 1249
INTERNAL; 7; 7; 0; 849; INTERNAL; 8; 26; 18; 182
INTERNAL; 7; 7; 0; 1150; INTERNAL; 8; 26; 18; 182
INTERNAL; 7; 12; 5; 1191; INTERNAL; 8; 26; 18; 182
INTERNAL; 7; 16; 9; 1273; INTERNAL; 8; 26; 18; 182
INTERNAL; 6; 6; 0; 978; INTERNAL; 8; 26; 18; 181
INTERNAL; 6; 6; 0; 1342; INTERNAL; 8; 26; 18; 181
INTERNAL; 6; 6; 0; 460; INTERNAL; 8; 26; 18; 181
INTERNAL; 7; 7; 0; 657; INTERNAL; 8; 26; 18; 181
INTERNAL; 7; 7; 0; 1047; INTERNAL; 8; 26; 18; 181
INTERNAL; 29; 29; 0; 180; INTERNAL; 30; 37; 7; 179
INTERNAL; 2; 35; 33; 1485; INTERNAL; 30; 37; 7; 179
INTERNAL; 29; 29; 0; 972; INTERNAL; 30; 37; 7; 179
INTERNAL; 28; 28; 0; 218; INTERNAL; 29; 29; 0; 972
INTERNAL; 28; 28; 0; 385; INTERNAL; 29; 29; 0; 972
INTERNAL; 28; 28; 0; 196; INTERNAL; 29; 29; 0; 972
INTERNAL; 28; 28; 0; 336; INTERNAL; 29; 29; 0; 972
INTERNAL; 9; 27; 18; 1249; INTERNAL; 29; 29; 0; 972
INTERNAL; 28; 28; 0; 178; INTERNAL; 29; 29; 0; 972
INTERNAL; 27; 27; 0; 194; INTERNAL; 28; 28; 0; 336
INTERNAL; 26; 27; 1; 193; INTERNAL; 28; 28; 0; 336
INTERNAL; 27; 27; 0; 1139; INTERNAL; 28; 28; 0; 336
INTERNAL; 27; 27; 0; 194; INTERNAL; 28; 28; 0; 178
INTERNAL; 26; 27; 1; 193; INTERNAL; 28; 28; 0; 178
INTERNAL; 27; 27; 0; 177; INTERNAL; 28; 28; 0; 178
INTERNAL; 26; 26; 0; 192; INTERNAL; 28; 28; 0; 178
INTERNAL; 27; 27; 0; 176; INTERNAL; 28; 28; 0; 178
INTERNAL; 11; 27; 16; 174; INTERNAL; 28; 28; 0; 178
INTERNAL; 26; 26; 0; 191; INTERNAL; 27; 27; 0; 177
INTERNAL; 25; 25; 0; 190; INTERNAL; 27; 27; 0; 177
INTERNAL; 26; 26; 0; 873; INTERNAL; 27; 27; 0; 176
INTERNAL; 26; 26; 0; 173; INTERNAL; 27; 27; 0; 176
INTERNAL; 26; 26; 0; 172; INTERNAL; 27; 27; 0; 176
INTERNAL; 25; 25; 0; 362; INTERNAL; 26; 26; 0; 873
INTERNAL; 24; 24; 0; 206; INTERNAL; 26; 26; 0; 873
INTERNAL; 25; 25; 0; 190; INTERNAL; 26; 26; 0; 873
INTERNAL; 24; 25; 1; 398; INTERNAL; 26; 26; 0; 873
INTERNAL; 23; 23; 0; 204; INTERNAL; 26; 26; 0; 873
INTERNAL; 23; 23; 0; 203; INTERNAL; 26; 26; 0; 873
INTERNAL; 25; 25; 0; 171; INTERNAL; 26; 26; 0; 173
INTERNAL; 3; 9; 6; 866; INTERNAL; 26; 26; 0; 173
INTERNAL; 4; 15; 11; 726; INTERNAL; 25; 25; 0; 171
INTERNAL; 23; 23; 0; 260; INTERNAL; 25; 25; 0; 171
INTERNAL; 23; 23; 0; 860; INTERNAL; 25; 25; 0; 171
INTERNAL; 4; 16; 12; 780; INTERNAL; 25; 25; 0; 171
INTERNAL; 24; 24; 0; 235; INTERNAL; 25; 25; 0; 171
INTERNAL; 4; 16; 12; 878; INTERNAL; 25; 25; 0; 171
INTERNAL; 25; 25; 0; 170; INTERNAL; 26; 26; 0; 172
INTERNAL; 25; 25; 0; 169; INTERNAL; 26; 26; 0; 172
INTERNAL; 25; 25; 0; 168; INTERNAL; 26; 26; 0; 172
INTERNAL; 23; 23; 0; 1449; INTERNAL; 25; 25; 0; 170
INTERNAL; 5; 16; 11; 1303; INTERNAL; 25; 25; 0; 170
INTERNAL; 24; 24; 0; 187; INTERNAL; 25; 25; 0; 170
INTERNAL; 24; 24; 0; 226; INTERNAL; 25; 25; 0; 170
INTERNAL; 23; 24; 1; 188; INTERNAL; 25; 25; 0; 170
INTERNAL; 4; 9; 5; 587; INTERNAL; 25; 25; 0; 170
INTERNAL; 24; 24; 0; 740; INTERNAL; 25; 25; 0; 169
INTERNAL; 5; 16; 11; 1303; INTERNAL; 25; 25; 0; 169
INTERNAL; 24; 24; 0; 464; INTERNAL; 25; 25; 0; 169
INTERNAL; 4; 9; 5; 587; INTERNAL; 25; 25; 0; 169
INTERNAL; 5; 15; 10; 327; INTERNAL; 24; 24; 0; 464
INTERNAL; 22; 22; 0; 1428; INTERNAL; 24; 24; 0; 464
INTERNAL; 22; 22; 0; 1438; INTERNAL; 24; 24; 0; 464
INTERNAL; 5; 16; 11; 552; INTERNAL; 24; 24; 0; 464
INTERNAL; 23; 23; 0; 1426; INTERNAL; 24; 24; 0; 464
INTERNAL; 5; 16; 11; 913; INTERNAL; 24; 24; 0; 464
INTERNAL; 24; 24; 0; 167; INTERNAL; 25; 25; 0; 168
INTERNAL; 24; 24; 0; 166; INTERNAL; 25; 25; 0; 168
INTERNAL; 24; 24; 0; 1335; INTERNAL; 25; 25; 0; 168
INTERNAL; 4; 10; 6; 795; INTERNAL; 25; 25; 0; 168
INTERNAL; 22; 22; 0; 686; INTERNAL; 24; 24; 0; 167
INTERNAL; 5; 16; 11; 1306; INTERNAL; 24; 24; 0; 167
INTERNAL; 23; 23; 0; 1462; INTERNAL; 24; 24; 0; 167
INTERNAL; 22; 23; 1; 185; INTERNAL; 24; 24; 0; 167
INTERNAL; 22; 23; 1; 186; INTERNAL; 24; 24; 0; 167
INTERNAL; 4; 10; 6; 795; INTERNAL; 24; 24; 0; 167
INTERNAL; 5; 16; 11; 1306; INTERNAL; 24; 24; 0; 166
INTERNAL; 22; 22; 0; 1398; INTERNAL; 24; 24; 0; 166
INTERNAL; 22; 22; 0; 1050; INTERNAL; 24; 24; 0; 166
INTERNAL; 23; 23; 0; 165; INTERNAL; 24; 24; 0; 166
INTERNAL; 21; 21; 0; 1228; INTERNAL; 23; 23; 0; 165
INTERNAL; 5; 15; 10; 1251; INTERNAL; 23; 23; 0; 165
INTERNAL; 21; 21; 0; 647; INTERNAL; 23; 23; 0; 165
INTERNAL; 5; 16; 11; 1307; INTERNAL; 23; 23; 0; 165
INTERNAL; 22; 22; 0; 479; INTERNAL; 23; 23; 0; 165
INTERNAL; 5; 16; 11; 1144; INTERNAL; 23; 23; 0; 165
INTERNAL; 23; 23; 0; 1469; INTERNAL; 24; 24; 0; 1335
INTERNAL; 23; 23; 0; 164; INTERNAL; 24; 24; 0; 1335
INTERNAL; 21; 21; 0; 1350; INTERNAL; 23; 23; 0; 1469
INTERNAL; 5; 16; 11; 1377; INTERNAL; 23; 23; 0; 1469
INTERNAL; 22; 22; 0; 163; INTERNAL; 23; 23; 0; 1469
INTERNAL; 4; 9; 5; 763; INTERNAL; 23; 23; 0; 1469
INTERNAL; 20; 20; 0; 318; INTERNAL; 22; 22; 0; 163
INTERNAL; 5; 16; 11; 1328; INTERNAL; 22; 22; 0; 163
INTERNAL; 5; 15; 10; 1326; INTERNAL; 22; 22; 0; 163
INTERNAL; 20; 20; 0; 1280; INTERNAL; 22; 22; 0; 163
INTERNAL; 21; 21; 0; 651; INTERNAL; 22; 22; 0; 163
INTERNAL; 5; 16; 11; 1323; INTERNAL; 22; 22; 0; 163
INTERNAL; 22; 22; 0; 184; INTERNAL; 23; 23; 0; 164
INTERNAL; 18; 18; 0; 1278; INTERNAL; 23; 23; 0; 164
INTERNAL; 18; 18; 0; 934; INTERNAL; 23; 23; 0; 164
INTERNAL; 4; 9; 5; 763; INTERNAL; 23; 23; 0; 164
INTERNAL; 19; 19; 0; 1211; INTERNAL; 23; 23; 0; 164
INTERNAL; 3; 14; 11; 1128; INTERNAL; 23; 23; 0; 164
INTERNAL; 10; 20; 10; 1401; INTERNAL; 11; 27; 16; 174
INTERNAL; 9; 21; 12; 1523; INTERNAL; 11; 27; 16; 174
INTERNAL; 9; 26; 17; 1319; INTERNAL; 11; 27; 16; 174
INTERNAL; 8; 26; 18; 162; INTERNAL; 11; 27; 16; 174
INTERNAL; 7; 15; 8; 1246; INTERNAL; 11; 27; 16; 174
INTERNAL; 6; 6; 0; 883; INTERNAL; 9; 26; 17; 1319
INTERNAL; 6; 6; 0; 585; INTERNAL; 9; 26; 17; 1319
INTERNAL; 6; 6; 0; 1342; INTERNAL; 9; 26; 17; 1319
INTERNAL; 6; 6; 0; 634; INTERNAL; 9; 26; 17; 1319
INTERNAL; 8; 24; 16; 246; INTERNAL; 9; 26; 17; 1319
INTERNAL; 7; 25; 18; 467; INTERNAL; 9; 26; 17; 1319
INTERNAL; 6; 6; 0; 903; INTERNAL; 7; 25; 18; 467
INTERNAL; 6; 6; 0; 741; INTERNAL; 7; 25; 18; 467
INTERNAL; 6; 6; 0; 516; INTERNAL; 7; 25; 18; 467
INTERNAL; 7; 7; 0; 442; INTERNAL; 8; 26; 18; 162
INTERNAL; 7; 7; 0; 723; INTERNAL; 8; 26; 18; 162
INTERNAL; 7; 7; 0; 513; INTERNAL; 8; 26; 18; 162
INTERNAL; 7; 13; 6; 753; INTERNAL; 8; 26; 18; 162
INTERNAL; 28; 28; 0; 218; INTERNAL; 29; 29; 0; 180
INTERNAL; 28; 28; 0; 385; INTERNAL; 29; 29; 0; 180
INTERNAL; 28; 28; 0; 196; INTERNAL; 29; 29; 0; 180
INTERNAL; 28; 28; 0; 195; INTERNAL; 29; 29; 0; 180
INTERNAL; 28; 28; 0; 220; INTERNAL; 29; 29; 0; 180
INTERNAL; 30; 30; 0; 161; INTERNAL; 31; 37; 6; 160
INTERNAL; 2; 35; 33; 1485; INTERNAL; 31; 37; 6; 160
INTERNAL; 30; 30; 0; 1261; INTERNAL; 31; 37; 6; 160
INTERNAL; 29; 29; 0; 159; INTERNAL; 30; 30; 0; 1261
INTERNAL; 29; 29; 0; 158; INTERNAL; 30; 30; 0; 1261
INTERNAL; 28; 28; 0; 284; INTERNAL; 30; 30; 0; 1261
INTERNAL; 28; 29; 1; 794; INTERNAL; 30; 30; 0; 1261
INTERNAL; 12; 29; 17; 1100; INTERNAL; 30; 30; 0; 1261
INTERNAL; 28; 28; 0; 196; INTERNAL; 29; 29; 0; 159
INTERNAL; 28; 28; 0; 336; INTERNAL; 29; 29; 0; 159
INTERNAL; 9; 27; 18; 1249; INTERNAL; 29; 29; 0; 159
INTERNAL; 28; 28; 0; 178; INTERNAL; 29; 29; 0; 159
INTERNAL; 28; 28; 0; 385; INTERNAL; 29; 29; 0; 159
INTERNAL; 28; 28; 0; 218; INTERNAL; 29; 29; 0; 159
INTERNAL; 28; 28; 0; 196; INTERNAL; 29; 29; 0; 158
INTERNAL; 28; 28; 0; 157; INTERNAL; 29; 29; 0; 158
INTERNAL; 28; 28; 0; 336; INTERNAL; 29; 29; 0; 158
INTERNAL; 11; 27; 16; 174; INTERNAL; 29; 29; 0; 158
INTERNAL; 9; 27; 18; 1249; INTERNAL; 29; 29; 0; 158
INTERNAL; 27; 27; 0; 194; INTERNAL; 28; 28; 0; 157
INTERNAL; 26; 27; 1; 193; INTERNAL; 28; 28; 0; 157
INTERNAL; 27; 27; 0; 177; INTERNAL; 28; 28; 0; 157
INTERNAL; 26; 26; 0; 192; INTERNAL; 28; 28; 0; 157
INTERNAL; 27; 27; 0; 176; INTERNAL; 28; 28; 0; 157
INTERNAL; 27; 27; 0; 177; INTERNAL; 28; 28; 0; 284
INTERNAL; 27; 27; 0; 156; INTERNAL; 28; 28; 0; 284
INTERNAL; 27; 27; 0; 194; INTERNAL; 28; 28; 0; 284
INTERNAL; 26; 27; 1; 193; INTERNAL; 28; 28; 0; 284
INTERNAL; 26; 26; 0; 873; INTERNAL; 28; 28; 0; 284
INTERNAL; 26; 26; 0; 192; INTERNAL; 28; 28; 0; 284
INTERNAL; 26; 26; 0; 173; INTERNAL; 27; 27; 0; 156
INTERNAL; 26; 26; 0; 172; INTERNAL; 27; 27; 0; 156
INTERNAL; 27; 28; 1; 1107; INTERNAL; 28; 29; 1; 794
INTERNAL; 27; 28; 1; 1013; INTERNAL; 28; 29; 1; 794
INTERNAL; 26; 26; 0; 173; INTERNAL; 27; 28; 1; 1107
INTERNAL; 25; 25; 0; 170; INTERNAL; 27; 28; 1; 1107
INTERNAL; 25; 25; 0; 169; INTERNAL; 27; 28; 1; 1107
INTERNAL; 25; 25; 0; 168; INTERNAL; 27; 28; 1; 1107
INTERNAL; 26; 26; 0; 819; INTERNAL; 27; 28; 1; 1013
INTERNAL; 26; 26; 0; 154; INTERNAL; 27; 28; 1; 1013
INTERNAL; 25; 26; 1; 153; INTERNAL; 27; 28; 1; 1013
INTERNAL; 25; 25; 0; 169; INTERNAL; 26; 26; 0; 819
INTERNAL; 24; 24; 0; 167; INTERNAL; 26; 26; 0; 819
INTERNAL; 24; 24; 0; 166; INTERNAL; 26; 26; 0; 819
INTERNAL; 24; 24; 0; 1335; INTERNAL; 26; 26; 0; 819
INTERNAL; 4; 10; 6; 795; INTERNAL; 26; 26; 0; 819
INTERNAL; 24; 24; 0; 1473; INTERNAL; 26; 26; 0; 154
INTERNAL; 5; 16; 11; 1303; INTERNAL; 26; 26; 0; 154
INTERNAL; 24; 25; 1; 1468; INTERNAL; 26; 26; 0; 154
INTERNAL; 25; 25; 0; 577; INTERNAL; 26; 26; 0; 154
INTERNAL; 25; 25; 0; 152; INTERNAL; 26; 26; 0; 154
INTERNAL; 4; 9; 5; 587; INTERNAL; 26; 26; 0; 154
INTERNAL; 23; 23; 0; 1469; INTERNAL; 25; 25; 0; 577
INTERNAL; 23; 23; 0; 164; INTERNAL; 25; 25; 0; 577
INTERNAL; 24; 24; 0; 166; INTERNAL; 25; 25; 0; 577
INTERNAL; 4; 10; 6; 795; INTERNAL; 25; 25; 0; 577
INTERNAL; 4; 9; 5; 763; INTERNAL; 25; 25; 0; 152
INTERNAL; 20; 20; 0; 318; INTERNAL; 25; 25; 0; 152
INTERNAL; 24; 24; 0; 151; INTERNAL; 25; 25; 0; 152
INTERNAL; 23; 24; 1; 150; INTERNAL; 25; 25; 0; 152
INTERNAL; 23; 23; 0; 149; INTERNAL; 25; 25; 0; 152
INTERNAL; 3; 14; 11; 1128; INTERNAL; 25; 25; 0; 152
INTERNAL; 23; 23; 0; 1017; INTERNAL; 24; 24; 0; 151
INTERNAL; 5; 16; 11; 1306; INTERNAL; 24; 24; 0; 151
INTERNAL; 23; 23; 0; 148; INTERNAL; 24; 24; 0; 151
INTERNAL; 4; 10; 6; 795; INTERNAL; 24; 24; 0; 151
INTERNAL; 21; 21; 0; 1228; INTERNAL; 23; 23; 0; 148
INTERNAL; 5; 16; 11; 1307; INTERNAL; 23; 23; 0; 148
INTERNAL; 22; 22; 0; 1438; INTERNAL; 23; 23; 0; 148
INTERNAL; 5; 16; 11; 1144; INTERNAL; 23; 23; 0; 148
INTERNAL; 22; 22; 0; 479; INTERNAL; 23; 23; 0; 148
INTERNAL; 5; 15; 10; 1251; INTERNAL; 23; 23; 0; 148
INTERNAL; 22; 22; 0; 1008; INTERNAL; 23; 24; 1; 150
INTERNAL; 5; 16; 11; 1377; INTERNAL; 23; 24; 1; 150
INTERNAL; 22; 23; 1; 965; INTERNAL; 23; 24; 1; 150
INTERNAL; 4; 9; 5; 763; INTERNAL; 23; 24; 1; 150
INTERNAL; 20; 20; 0; 1280; INTERNAL; 22; 23; 1; 965
INTERNAL; 5; 16; 11; 1328; INTERNAL; 22; 23; 1; 965
INTERNAL; 5; 15; 10; 1326; INTERNAL; 22; 23; 1; 965
INTERNAL; 21; 21; 0; 651; INTERNAL; 22; 23; 1; 965
INTERNAL; 21; 21; 0; 647; INTERNAL; 22; 23; 1; 965
INTERNAL; 5; 16; 11; 1323; INTERNAL; 22; 23; 1; 965
INTERNAL; 4; 9; 5; 763; INTERNAL; 23; 23; 0; 149
INTERNAL; 19; 19; 0; 1211; INTERNAL; 23; 23; 0; 149
INTERNAL; 3; 14; 11; 1128; INTERNAL; 23; 23; 0; 149
INTERNAL; 22; 22; 0; 184; INTERNAL; 23; 23; 0; 149
INTERNAL; 18; 18; 0; 1278; INTERNAL; 23; 23; 0; 149
INTERNAL; 18; 18; 0; 934; INTERNAL; 23; 23; 0; 149
INTERNAL; 22; 22; 0; 1428; INTERNAL; 24; 25; 1; 1468
INTERNAL; 5; 16; 11; 552; INTERNAL; 24; 25; 1; 1468
INTERNAL; 5; 16; 11; 913; INTERNAL; 24; 25; 1; 1468
INTERNAL; 23; 23; 0; 860; INTERNAL; 24; 25; 1; 1468
INTERNAL; 23; 23; 0; 1426; INTERNAL; 24; 25; 1; 1468
INTERNAL; 5; 15; 10; 327; INTERNAL; 24; 25; 1; 1468
INTERNAL; 24; 24; 0; 208; INTERNAL; 25; 26; 1; 153
INTERNAL; 4; 16; 12; 878; INTERNAL; 25; 26; 1; 153
INTERNAL; 4; 16; 12; 780; INTERNAL; 25; 26; 1; 153
INTERNAL; 23; 23; 0; 260; INTERNAL; 25; 26; 1; 153
INTERNAL; 3; 9; 6; 866; INTERNAL; 25; 26; 1; 153
INTERNAL; 11; 28; 17; 649; INTERNAL; 12; 29; 17; 1100
INTERNAL; 10; 24; 14; 1171; INTERNAL; 12; 29; 17; 1100
INTERNAL; 7; 7; 0; 377; INTERNAL; 11; 28; 17; 649
INTERNAL; 6; 6; 0; 711; INTERNAL; 11; 28; 17; 649
INTERNAL; 10; 27; 17; 147; INTERNAL; 11; 28; 17; 649
INTERNAL; 7; 7; 0; 1232; INTERNAL; 11; 28; 17; 649
INTERNAL; 7; 18; 11; 682; INTERNAL; 11; 28; 17; 649
INTERNAL; 8; 27; 19; 146; INTERNAL; 11; 28; 17; 649
INTERNAL; 6; 6; 0; 1204; INTERNAL; 10; 27; 17; 147
INTERNAL; 6; 6; 0; 820; INTERNAL; 10; 27; 17; 147
INTERNAL; 7; 13; 6; 753; INTERNAL; 10; 27; 17; 147
INTERNAL; 7; 15; 8; 1218; INTERNAL; 10; 27; 17; 147
INTERNAL; 9; 26; 17; 233; INTERNAL; 10; 27; 17; 147
INTERNAL; 8; 13; 5; 837; INTERNAL; 10; 27; 17; 147
INTERNAL; 6; 6; 0; 970; INTERNAL; 9; 26; 17; 233
INTERNAL; 6; 6; 0; 603; INTERNAL; 9; 26; 17; 233
INTERNAL; 6; 6; 0; 876; INTERNAL; 9; 26; 17; 233
INTERNAL; 6; 6; 0; 1365; INTERNAL; 9; 26; 17; 233
INTERNAL; 8; 21; 13; 263; INTERNAL; 9; 26; 17; 233
INTERNAL; 7; 14; 7; 895; INTERNAL; 9; 26; 17; 233
INTERNAL; 6; 6; 0; 621; INTERNAL; 8; 27; 19; 146
INTERNAL; 6; 6; 0; 960; INTERNAL; 8; 27; 19; 146
INTERNAL; 6; 6; 0; 629; INTERNAL; 8; 27; 19; 146
INTERNAL; 6; 6; 0; 432; INTERNAL; 8; 27; 19; 146
INTERNAL; 7; 13; 6; 568; INTERNAL; 8; 27; 19; 146
INTERNAL; 29; 29; 0; 972; INTERNAL; 30; 30; 0; 161
INTERNAL; 29; 29; 0; 180; INTERNAL; 30; 30; 0; 161
INTERNAL; 30; 30; 0; 1261; INTERNAL; 31; 37; 6; 491
INTERNAL; 30; 30; 0; 161; INTERNAL; 31; 37; 6; 491
INTERNAL; 2; 35; 33; 1485; INTERNAL; 31; 37; 6; 491
INTERNAL; 30; 30; 0; 200; INTERNAL; 31; 37; 6; 491
INTERNAL; 29; 29; 0; 158; INTERNAL; 30; 30; 0; 200
INTERNAL; 29; 29; 0; 159; INTERNAL; 30; 30; 0; 200
INTERNAL; 12; 29; 17; 1100; INTERNAL; 30; 30; 0; 200
INTERNAL; 28; 28; 0; 284; INTERNAL; 30; 30; 0; 200
INTERNAL; 28; 29; 1; 794; INTERNAL; 30; 30; 0; 200
INTERNAL; 29; 29; 0; 502; INTERNAL; 30; 30; 0; 200
INTERNAL; 28; 28; 0; 284; INTERNAL; 29; 29; 0; 502
INTERNAL; 27; 28; 1; 1107; INTERNAL; 29; 29; 0; 502
INTERNAL; 27; 28; 1; 1013; INTERNAL; 29; 29; 0; 502
INTERNAL; 28; 28; 0; 678; INTERNAL; 29; 29; 0; 502
INTERNAL; 12; 28; 16; 964; INTERNAL; 29; 29; 0; 502
INTERNAL; 27; 27; 0; 145; INTERNAL; 28; 28; 0; 678
INTERNAL; 27; 27; 0; 357; INTERNAL; 28; 28; 0; 678
INTERNAL; 26; 26; 0; 819; INTERNAL; 27; 27; 0; 145
INTERNAL; 26; 26; 0; 154; INTERNAL; 27; 27; 0; 145
INTERNAL; 25; 26; 1; 153; INTERNAL; 27; 27; 0; 145
INTERNAL; 26; 26; 0; 144; INTERNAL; 27; 27; 0; 357
INTERNAL; 26; 26; 0; 900; INTERNAL; 27; 27; 0; 357
INTERNAL; 25; 26; 1; 728; INTERNAL; 27; 27; 0; 357
INTERNAL; 24; 24; 0; 1473; INTERNAL; 26; 26; 0; 144
INTERNAL; 5; 16; 11; 1303; INTERNAL; 26; 26; 0; 144
INTERNAL; 25; 25; 0; 577; INTERNAL; 26; 26; 0; 144
INTERNAL; 25; 25; 0; 152; INTERNAL; 26; 26; 0; 144
INTERNAL; 24; 25; 1; 1468; INTERNAL; 26; 26; 0; 144
INTERNAL; 4; 9; 5; 587; INTERNAL; 26; 26; 0; 144
INTERNAL; 25; 25; 0; 143; INTERNAL; 26; 26; 0; 900
INTERNAL; 25; 25; 0; 142; INTERNAL; 26; 26; 0; 900
INTERNAL; 24; 25; 1; 731; INTERNAL; 26; 26; 0; 900
INTERNAL; 24; 24; 0; 151; INTERNAL; 25; 25; 0; 143
INTERNAL; 23; 24; 1; 150; INTERNAL; 25; 25; 0; 143
INTERNAL; 4; 9; 5; 763; INTERNAL; 25; 25; 0; 143
INTERNAL; 20; 20; 0; 318; INTERNAL; 25; 25; 0; 143
INTERNAL; 23; 23; 0; 149; INTERNAL; 25; 25; 0; 143
INTERNAL; 3; 14; 11; 1128; INTERNAL; 25; 25; 0; 143
INTERNAL; 4; 9; 5; 763; INTERNAL; 25; 25; 0; 142
INTERNAL; 20; 20; 0; 1280; INTERNAL; 25; 25; 0; 142
INTERNAL; 24; 24; 0; 646; INTERNAL; 25; 25; 0; 142
INTERNAL; 23; 24; 1; 141; INTERNAL; 25; 25; 0; 142
INTERNAL; 3; 9; 6; 866; INTERNAL; 25; 25; 0; 142
INTERNAL; 3; 14; 11; 1128; INTERNAL; 25; 25; 0; 142
INTERNAL; 23; 23; 0; 149; INTERNAL; 24; 24; 0; 646
INTERNAL; 3; 14; 11; 1128; INTERNAL; 24; 24; 0; 646
INTERNAL; 4; 9; 5; 763; INTERNAL; 24; 24; 0; 646
INTERNAL; 20; 20; 0; 318; INTERNAL; 24; 24; 0; 646
INTERNAL; 22; 22; 0; 686; INTERNAL; 23; 24; 1; 141
INTERNAL; 5; 16; 11; 1377; INTERNAL; 23; 24; 1; 141
INTERNAL; 22; 23; 1; 139; INTERNAL; 23; 24; 1; 141
INTERNAL; 4; 9; 5; 763; INTERNAL; 23; 24; 1; 141
INTERNAL; 21; 21; 0; 1228; INTERNAL; 22; 23; 1; 139
INTERNAL; 5; 16; 11; 1323; INTERNAL; 22; 23; 1; 139
INTERNAL; 21; 21; 0; 651; INTERNAL; 22; 23; 1; 139
INTERNAL; 5; 16; 11; 1328; INTERNAL; 22; 23; 1; 139
INTERNAL; 21; 21; 0; 647; INTERNAL; 22; 23; 1; 139
INTERNAL; 5; 15; 10; 1326; INTERNAL; 22; 23; 1; 139
INTERNAL; 23; 23; 0; 1449; INTERNAL; 24; 25; 1; 731
INTERNAL; 5; 16; 11; 1306; INTERNAL; 24; 25; 1; 731
INTERNAL; 23; 24; 1; 138; INTERNAL; 24; 25; 1; 731
INTERNAL; 4; 10; 6; 795; INTERNAL; 24; 25; 1; 731
INTERNAL; 22; 22; 0; 1428; INTERNAL; 23; 24; 1; 138
INTERNAL; 5; 16; 11; 1144; INTERNAL; 23; 24; 1; 138
INTERNAL; 22; 22; 0; 1438; INTERNAL; 23; 24; 1; 138
INTERNAL; 5; 15; 10; 1251; INTERNAL; 23; 24; 1; 138
INTERNAL; 22; 22; 0; 479; INTERNAL; 23; 24; 1; 138
INTERNAL; 5; 16; 11; 1307; INTERNAL; 23; 24; 1; 138
INTERNAL; 24; 24; 0; 1520; INTERNAL; 25; 26; 1; 728
INTERNAL; 5; 16; 11; 1303; INTERNAL; 25; 26; 1; 728
INTERNAL; 24; 25; 1; 1001; INTERNAL; 25; 26; 1; 728
INTERNAL; 4; 9; 5; 587; INTERNAL; 25; 26; 1; 728
INTERNAL; 23; 23; 0; 260; INTERNAL; 24; 25; 1; 1001
INTERNAL; 5; 16; 11; 913; INTERNAL; 24; 25; 1; 1001
INTERNAL; 5; 15; 10; 327; INTERNAL; 24; 25; 1; 1001
INTERNAL; 23; 23; 0; 860; INTERNAL; 24; 25; 1; 1001
INTERNAL; 23; 23; 0; 1426; INTERNAL; 24; 25; 1; 1001
INTERNAL; 5; 16; 11; 552; INTERNAL; 24; 25; 1; 1001
INTERNAL; 11; 16; 5; 1221; INTERNAL; 12; 28; 16; 964
INTERNAL; 10; 27; 17; 147; INTERNAL; 12; 28; 16; 964
INTERNAL; 8; 27; 19; 137; INTERNAL; 12; 28; 16; 964
INTERNAL; 7; 7; 0; 1325; INTERNAL; 12; 28; 16; 964
INTERNAL; 7; 7; 0; 465; INTERNAL; 12; 28; 16; 964
INTERNAL; 7; 27; 20; 136; INTERNAL; 12; 28; 16; 964
INTERNAL; 6; 6; 0; 658; INTERNAL; 8; 27; 19; 137
INTERNAL; 6; 6; 0; 923; INTERNAL; 8; 27; 19; 137
INTERNAL; 6; 6; 0; 314; INTERNAL; 8; 27; 19; 137
INTERNAL; 6; 6; 0; 792; INTERNAL; 8; 27; 19; 137
INTERNAL; 7; 25; 18; 467; INTERNAL; 8; 27; 19; 137
INTERNAL; 6; 6; 0; 931; INTERNAL; 7; 27; 20; 136
INTERNAL; 6; 6; 0; 915; INTERNAL; 7; 27; 20; 136
INTERNAL; 6; 6; 0; 553; INTERNAL; 7; 27; 20; 136
INTERNAL; 6; 6; 0; 978; INTERNAL; 7; 27; 20; 136
INTERNAL; 31; 31; 0; 135; INTERNAL; 32; 37; 5; 1178
INTERNAL; 2; 35; 33; 1485; INTERNAL; 32; 37; 5; 1178
INTERNAL; 31; 31; 0; 374; INTERNAL; 32; 37; 5; 1178
INTERNAL; 30; 30; 0; 134; INTERNAL; 31; 31; 0; 374
INTERNAL; 30; 30; 0; 1138; INTERNAL; 31; 31; 0; 374
INTERNAL; 29; 30; 1; 1353; INTERNAL; 31; 31; 0; 374
INTERNAL; 12; 30; 18; 301; INTERNAL; 31; 31; 0; 374
INTERNAL; 29; 29; 0; 158; INTERNAL; 30; 30; 0; 134
INTERNAL; 12; 29; 17; 1100; INTERNAL; 30; 30; 0; 134
INTERNAL; 29; 29; 0; 502; INTERNAL; 30; 30; 0; 134
INTERNAL; 28; 28; 0; 284; INTERNAL; 30; 30; 0; 134
INTERNAL; 28; 29; 1; 794; INTERNAL; 30; 30; 0; 134
INTERNAL; 29; 29; 0; 159; INTERNAL; 30; 30; 0; 134
INTERNAL; 29; 29; 0; 158; INTERNAL; 30; 30; 0; 1138
INTERNAL; 29; 29; 0; 428; INTERNAL; 30; 30; 0; 1138
INTERNAL; 12; 28; 16; 964; INTERNAL; 30; 30; 0; 1138
INTERNAL; 12; 29; 17; 1100; INTERNAL; 30; 30; 0; 1138
INTERNAL; 28; 28; 0; 284; INTERNAL; 30; 30; 0; 1138
INTERNAL; 28; 29; 1; 794; INTERNAL; 30; 30; 0; 1138
INTERNAL; 28; 28; 0; 284; INTERNAL; 29; 29; 0; 428
INTERNAL; 27; 28; 1; 1107; INTERNAL; 29; 29; 0; 428
INTERNAL; 27; 28; 1; 1013; INTERNAL; 29; 29; 0; 428
INTERNAL; 28; 28; 0; 678; INTERNAL; 29; 29; 0; 428
INTERNAL; 28; 28; 0; 284; INTERNAL; 29; 30; 1; 1353
INTERNAL; 27; 27; 0; 145; INTERNAL; 29; 30; 1; 1353
INTERNAL; 27; 28; 1; 1107; INTERNAL; 29; 30; 1; 1353
INTERNAL; 27; 27; 0; 357; INTERNAL; 29; 30; 1; 1353
INTERNAL; 27; 28; 1; 1013; INTERNAL; 29; 30; 1; 1353
INTERNAL; 28; 28; 0; 133; INTERNAL; 29; 30; 1; 1353
INTERNAL; 27; 27; 0; 1070; INTERNAL; 28; 28; 0; 133
INTERNAL; 27; 27; 0; 132; INTERNAL; 28; 28; 0; 133
INTERNAL; 26; 26; 0; 144; INTERNAL; 27; 27; 0; 1070
INTERNAL; 26; 26; 0; 900; INTERNAL; 27; 27; 0; 1070
INTERNAL; 25; 26; 1; 728; INTERNAL; 27; 27; 0; 1070
INTERNAL; 26; 26; 0; 217; INTERNAL; 27; 27; 0; 132
INTERNAL; 26; 26; 0; 131; INTERNAL; 27; 27; 0; 132
INTERNAL; 26; 26; 0; 1026; INTERNAL; 27; 27; 0; 132
INTERNAL; 25; 25; 0; 130; INTERNAL; 26; 26; 0; 217
INTERNAL; 4; 9; 5; 587; INTERNAL; 26; 26; 0; 217
INTERNAL; 5; 15; 10; 327; INTERNAL; 25; 25; 0; 130
INTERNAL; 23; 23; 0; 260; INTERNAL; 25; 25; 0; 130
INTERNAL; 23; 23; 0; 860; INTERNAL; 25; 25; 0; 130
INTERNAL; 5; 16; 11; 552; INTERNAL; 25; 25; 0; 130
INTERNAL; 24; 24; 0; 235; INTERNAL; 25; 25; 0; 130
INTERNAL; 5; 16; 11; 1303; INTERNAL; 25; 25; 0; 130
INTERNAL; 25; 25; 0; 143; INTERNAL; 26; 26; 0; 131
INTERNAL; 25; 25; 0; 142; INTERNAL; 26; 26; 0; 131
INTERNAL; 24; 25; 1; 731; INTERNAL; 26; 26; 0; 131
INTERNAL; 25; 25; 0; 904; INTERNAL; 26; 26; 0; 1026
INTERNAL; 25; 25; 0; 129; INTERNAL; 26; 26; 0; 1026
INTERNAL; 24; 25; 1; 128; INTERNAL; 26; 26; 0; 1026
INTERNAL; 22; 25; 3; 579; INTERNAL; 26; 26; 0; 1026
INTERNAL; 21; 25; 4; 680; INTERNAL; 26; 26; 0; 1026
INTERNAL; 4; 10; 6; 795; INTERNAL; 26; 26; 0; 1026
INTERNAL; 5; 16; 11; 1306; INTERNAL; 25; 25; 0; 904
INTERNAL; 24; 24; 0; 740; INTERNAL; 25; 25; 0; 904
INTERNAL; 24; 24; 0; 230; INTERNAL; 25; 25; 0; 904
INTERNAL; 22; 22; 0; 1428; INTERNAL; 24; 24; 0; 230
INTERNAL; 5; 15; 10; 1251; INTERNAL; 24; 24; 0; 230
INTERNAL; 22; 22; 0; 1438; INTERNAL; 24; 24; 0; 230
INTERNAL; 5; 16; 11; 1307; INTERNAL; 24; 24; 0; 230
INTERNAL; 23; 23; 0; 1426; INTERNAL; 24; 24; 0; 230
INTERNAL; 5; 16; 11; 1144; INTERNAL; 24; 24; 0; 230
INTERNAL; 24; 24; 0; 646; INTERNAL; 25; 25; 0; 129
INTERNAL; 23; 24; 1; 141; INTERNAL; 25; 25; 0; 129
INTERNAL; 4; 9; 5; 763; INTERNAL; 25; 25; 0; 129
INTERNAL; 20; 20; 0; 1280; INTERNAL; 25; 25; 0; 129
INTERNAL; 3; 9; 6; 866; INTERNAL; 25; 25; 0; 129
INTERNAL; 3; 14; 11; 1128; INTERNAL; 25; 25; 0; 129
INTERNAL; 5; 16; 11; 1377; INTERNAL; 24; 25; 1; 128
INTERNAL; 23; 24; 1; 862; INTERNAL; 24; 25; 1; 128
INTERNAL; 22; 22; 0; 1398; INTERNAL; 24; 25; 1; 128
INTERNAL; 22; 22; 0; 1050; INTERNAL; 24; 25; 1; 128
INTERNAL; 4; 9; 5; 763; INTERNAL; 24; 25; 1; 128
INTERNAL; 21; 21; 0; 1228; INTERNAL; 23; 24; 1; 862
INTERNAL; 5; 15; 10; 1326; INTERNAL; 23; 24; 1; 862
INTERNAL; 21; 21; 0; 647; INTERNAL; 23; 24; 1; 862
INTERNAL; 5; 16; 11; 1328; INTERNAL; 23; 24; 1; 862
INTERNAL; 22; 22; 0; 479; INTERNAL; 23; 24; 1; 862
INTERNAL; 5; 16; 11; 1323; INTERNAL; 23; 24; 1; 862
INTERNAL; 4; 9; 5; 763; INTERNAL; 22; 25; 3; 579
INTERNAL; 21; 21; 0; 651; INTERNAL; 22; 25; 3; 579
INTERNAL; 3; 9; 6; 866; INTERNAL; 21; 25; 4; 680
INTERNAL; 4; 9; 5; 763; INTERNAL; 21; 25; 4; 680
INTERNAL; 3; 14; 11; 1128; INTERNAL; 21; 25; 4; 680
INTERNAL; 20; 20; 0; 1280; INTERNAL; 21; 25; 4; 680
INTERNAL; 11; 23; 12; 334; INTERNAL; 12; 30; 18; 301
INTERNAL; 9; 29; 20; 127; INTERNAL; 12; 30; 18; 301
INTERNAL; 9; 29; 20; 892; INTERNAL; 12; 30; 18; 301
INTERNAL; 8; 8; 0; 333; INTERNAL; 12; 30; 18; 301
INTERNAL; 6; 6; 0; 483; INTERNAL; 9; 29; 20; 127
INTERNAL; 6; 6; 0; 968; INTERNAL; 9; 29; 20; 127
INTERNAL; 6; 6; 0; 516; INTERNAL; 9; 29; 20; 127
INTERNAL; 8; 15; 7; 1184; INTERNAL; 9; 29; 20; 127
INTERNAL; 7; 12; 5; 1022; INTERNAL; 9; 29; 20; 127
INTERNAL; 7; 28; 21; 473; INTERNAL; 9; 29; 20; 127
INTERNAL; 6; 6; 0; 346; INTERNAL; 7; 28; 21; 473
INTERNAL; 6; 6; 0; 1227; INTERNAL; 7; 28; 21; 473
INTERNAL; 6; 6; 0; 582; INTERNAL; 7; 28; 21; 473
INTERNAL; 6; 6; 0; 930; INTERNAL; 7; 28; 21; 473
INTERNAL; 6; 6; 0; 825; INTERNAL; 7; 28; 21; 473
INTERNAL; 6; 6; 0; 296; INTERNAL; 7; 28; 21; 473
INTERNAL; 7; 7; 0; 928; INTERNAL; 9; 29; 20; 892
INTERNAL; 6; 6; 0; 770; INTERNAL; 9; 29; 20; 892
INTERNAL; 6; 6; 0; 879; INTERNAL; 9; 29; 20; 892
INTERNAL; 8; 28; 20; 1217; INTERNAL; 9; 29; 20; 892
INTERNAL; 7; 28; 21; 126; INTERNAL; 9; 29; 20; 892
INTERNAL; 7; 7; 0; 377; INTERNAL; 8; 28; 20; 1217
INTERNAL; 6; 6; 0; 432; INTERNAL; 8; 28; 20; 1217
INTERNAL; 6; 6; 0; 922; INTERNAL; 8; 28; 20; 1217
INTERNAL; 7; 16; 9; 1216; INTERNAL; 8; 28; 20; 1217
INTERNAL; 6; 6; 0; 834; INTERNAL; 7; 28; 21; 126
INTERNAL; 6; 6; 0; 850; INTERNAL; 7; 28; 21; 126
INTERNAL; 6; 6; 0; 588; INTERNAL; 7; 28; 21; 126
INTERNAL; 6; 6; 0; 436; INTERNAL; 7; 28; 21; 126
INTERNAL; 30; 30; 0; 1261; INTERNAL; 31; 31; 0; 135
INTERNAL; 30; 30; 0; 200; INTERNAL; 31; 31; 0; 135
INTERNAL; 30; 30; 0; 161; INTERNAL; 31; 31; 0; 135
INTERNAL; 31; 31; 0; 374; INTERNAL; 32; 37; 5; 124
INTERNAL; 31; 31; 0; 135; INTERNAL; 32; 37; 5; 124
INTERNAL; 2; 35; 33; 1485; INTERNAL; 32; 37; 5; 124
INTERNAL; 31; 31; 0; 123; INTERNAL; 32; 37; 5; 124
INTERNAL; 30; 30; 0; 1138; INTERNAL; 31; 31; 0; 123
INTERNAL; 30; 30; 0; 134; INTERNAL; 31; 31; 0; 123
INTERNAL; 29; 30; 1; 1353; INTERNAL; 31; 31; 0; 123
INTERNAL; 12; 30; 18; 301; INTERNAL; 31; 31; 0; 123
INTERNAL; 30; 30; 0; 122; INTERNAL; 31; 31; 0; 123
INTERNAL; 29; 29; 0; 830; INTERNAL; 30; 30; 0; 122
INTERNAL; 28; 29; 1; 121; INTERNAL; 30; 30; 0; 122
INTERNAL; 28; 29; 1; 1145; INTERNAL; 30; 30; 0; 122
INTERNAL; 11; 29; 18; 120; INTERNAL; 30; 30; 0; 122
INTERNAL; 28; 28; 0; 284; INTERNAL; 29; 29; 0; 830
INTERNAL; 27; 27; 0; 145; INTERNAL; 29; 29; 0; 830
INTERNAL; 27; 28; 1; 1107; INTERNAL; 29; 29; 0; 830
INTERNAL; 27; 27; 0; 357; INTERNAL; 29; 29; 0; 830
INTERNAL; 27; 28; 1; 1013; INTERNAL; 29; 29; 0; 830
INTERNAL; 28; 28; 0; 133; INTERNAL; 29; 29; 0; 830
INTERNAL; 27; 27; 0; 1070; INTERNAL; 28; 29; 1; 121
INTERNAL; 27; 27; 0; 132; INTERNAL; 28; 29; 1; 121
INTERNAL; 27; 28; 1; 505; INTERNAL; 28; 29; 1; 1145
INTERNAL; 27; 28; 1; 119; INTERNAL; 28; 29; 1; 1145
INTERNAL; 26; 26; 0; 217; INTERNAL; 27; 28; 1; 505
INTERNAL; 26; 26; 0; 1026; INTERNAL; 27; 28; 1; 505
INTERNAL; 26; 26; 0; 131; INTERNAL; 27; 28; 1; 505
INTERNAL; 26; 27; 1; 118; INTERNAL; 27; 28; 1; 119
INTERNAL; 26; 27; 1; 117; INTERNAL; 27; 28; 1; 119
INTERNAL; 25; 27; 2; 155; INTERNAL; 27; 28; 1; 119
INTERNAL; 25; 25; 0; 129; INTERNAL; 26; 27; 1; 118
INTERNAL; 25; 25; 0; 904; INTERNAL; 26; 27; 1; 118
INTERNAL; 4; 10; 6; 795; INTERNAL; 26; 27; 1; 118
INTERNAL; 24; 25; 1; 128; INTERNAL; 26; 27; 1; 118
INTERNAL; 22; 25; 3; 579; INTERNAL; 26; 27; 1; 118
INTERNAL; 21; 25; 4; 680; INTERNAL; 26; 27; 1; 118
INTERNAL; 24; 24; 0; 1473; INTERNAL; 26; 27; 1; 117
INTERNAL; 5; 16; 11; 1306; INTERNAL; 26; 27; 1; 117
INTERNAL; 24; 26; 2; 288; INTERNAL; 26; 27; 1; 117
INTERNAL; 25; 26; 1; 237; INTERNAL; 26; 27; 1; 117
INTERNAL; 24; 26; 2; 116; INTERNAL; 26; 27; 1; 117
INTERNAL; 4; 10; 6; 795; INTERNAL; 26; 27; 1; 117
INTERNAL; 24; 25; 1; 128; INTERNAL; 25; 26; 1; 237
INTERNAL; 22; 25; 3; 579; INTERNAL; 25; 26; 1; 237
INTERNAL; 21; 25; 4; 680; INTERNAL; 25; 26; 1; 237
INTERNAL; 5; 16; 11; 1307; INTERNAL; 24; 26; 2; 288
INTERNAL; 22; 22; 0; 1428; INTERNAL; 24; 26; 2; 288
INTERNAL; 5; 16; 11; 1144; INTERNAL; 24; 26; 2; 288
INTERNAL; 23; 23; 0; 860; INTERNAL; 24; 26; 2; 288
INTERNAL; 23; 23; 0; 1426; INTERNAL; 24; 26; 2; 288
INTERNAL; 5; 15; 10; 1251; INTERNAL; 24; 26; 2; 288
INTERNAL; 23; 23; 0; 1017; INTERNAL; 24; 26; 2; 116
INTERNAL; 5; 16; 11; 1377; INTERNAL; 24; 26; 2; 116
INTERNAL; 21; 21; 0; 1349; INTERNAL; 24; 26; 2; 116
INTERNAL; 4; 9; 5; 763; INTERNAL; 24; 26; 2; 116
INTERNAL; 23; 25; 2; 669; INTERNAL; 24; 26; 2; 116
INTERNAL; 21; 21; 0; 1228; INTERNAL; 23; 25; 2; 669
INTERNAL; 5; 16; 11; 1328; INTERNAL; 23; 25; 2; 669
INTERNAL; 22; 22; 0; 1438; INTERNAL; 23; 25; 2; 669
INTERNAL; 5; 16; 11; 1323; INTERNAL; 23; 25; 2; 669
INTERNAL; 22; 22; 0; 479; INTERNAL; 23; 25; 2; 669
INTERNAL; 5; 15; 10; 1326; INTERNAL; 23; 25; 2; 669
INTERNAL; 24; 24; 0; 208; INTERNAL; 25; 27; 2; 155
INTERNAL; 5; 16; 11; 1303; INTERNAL; 25; 27; 2; 155
INTERNAL; 5; 16; 11; 552; INTERNAL; 25; 27; 2; 155
INTERNAL; 23; 23; 0; 260; INTERNAL; 25; 27; 2; 155
INTERNAL; 4; 9; 5; 587; INTERNAL; 25; 27; 2; 155
INTERNAL; 10; 15; 5; 268; INTERNAL; 11; 29; 18; 120
INTERNAL; 9; 24; 15; 1509; INTERNAL; 11; 29; 18; 120
INTERNAL; 9; 28; 19; 115; INTERNAL; 11; 29; 18; 120
INTERNAL; 6; 6; 0; 603; INTERNAL; 9; 28; 19; 115
INTERNAL; 6; 6; 0; 708; INTERNAL; 9; 28; 19; 115
INTERNAL; 6; 6; 0; 777; INTERNAL; 9; 28; 19; 115
INTERNAL; 8; 27; 19; 114; INTERNAL; 9; 28; 19; 115
INTERNAL; 7; 7; 0; 515; INTERNAL; 9; 28; 19; 115
INTERNAL; 7; 19; 12; 1407; INTERNAL; 9; 28; 19; 115
INTERNAL; 6; 6; 0; 711; INTERNAL; 8; 27; 19; 114
INTERNAL; 6; 6; 0; 1083; INTERNAL; 8; 27; 19; 114
INTERNAL; 6; 6; 0; 1227; INTERNAL; 8; 27; 19; 114
INTERNAL; 6; 6; 0; 653; INTERNAL; 8; 27; 19; 114
INTERNAL; 7; 7; 0; 1325; INTERNAL; 8; 27; 19; 114
INTERNAL; 7; 18; 11; 682; INTERNAL; 8; 27; 19; 114
INTERNAL; 32; 32; 0; 113; INTERNAL; 33; 37; 4; 112
INTERNAL; 2; 35; 33; 1485; INTERNAL; 33; 37; 4; 112
INTERNAL; 32; 32; 0; 1518; INTERNAL; 33; 37; 4; 112
INTERNAL; 31; 31; 0; 110; INTERNAL; 32; 32; 0; 1518
INTERNAL; 31; 31; 0; 109; INTERNAL; 32; 32; 0; 1518
INTERNAL; 30; 30; 0; 1138; INTERNAL; 31; 31; 0; 110
INTERNAL; 12; 30; 18; 301; INTERNAL; 31; 31; 0; 110
INTERNAL; 30; 30; 0; 122; INTERNAL; 31; 31; 0; 110
INTERNAL; 29; 30; 1; 1353; INTERNAL; 31; 31; 0; 110
INTERNAL; 30; 30; 0; 134; INTERNAL; 31; 31; 0; 110
INTERNAL; 30; 30; 0; 1138; INTERNAL; 31; 31; 0; 109
INTERNAL; 30; 30; 0; 108; INTERNAL; 31; 31; 0; 109
INTERNAL; 11; 29; 18; 120; INTERNAL; 31; 31; 0; 109
INTERNAL; 12; 30; 18; 301; INTERNAL; 31; 31; 0; 109
INTERNAL; 29; 30; 1; 1353; INTERNAL; 31; 31; 0; 109
INTERNAL; 30; 30; 0; 1504; INTERNAL; 31; 31; 0; 109
INTERNAL; 29; 29; 0; 830; INTERNAL; 30; 30; 0; 108
INTERNAL; 28; 29; 1; 121; INTERNAL; 30; 30; 0; 108
INTERNAL; 28; 29; 1; 1145; INTERNAL; 30; 30; 0; 108
INTERNAL; 29; 29; 0; 830; INTERNAL; 30; 30; 0; 1504
INTERNAL; 28; 29; 1; 121; INTERNAL; 30; 30; 0; 1504
INTERNAL; 28; 29; 1; 1145; INTERNAL; 30; 30; 0; 1504
INTERNAL; 28; 29; 1; 107; INTERNAL; 30; 30; 0; 1504
INTERNAL; 28; 29; 1; 1136; INTERNAL; 30; 30; 0; 1504
INTERNAL; 11; 29; 18; 210; INTERNAL; 30; 30; 0; 1504
INTERNAL; 27; 28; 1; 505; INTERNAL; 28; 29; 1; 107
INTERNAL; 27; 28; 1; 119; INTERNAL; 28; 29; 1; 107
INTERNAL; 27; 28; 1; 317; INTERNAL; 28; 29; 1; 1136
INTERNAL; 27; 28; 1; 106; INTERNAL; 28; 29; 1; 1136
INTERNAL; 26; 27; 1; 118; INTERNAL; 27; 28; 1; 317
INTERNAL; 26; 27; 1; 117; INTERNAL; 27; 28; 1; 317
INTERNAL; 25; 27; 2; 155; INTERNAL; 27; 28; 1; 317
INTERNAL; 26; 27; 1; 105; INTERNAL; 27; 28; 1; 106
INTERNAL; 25; 27; 2; 1313; INTERNAL; 27; 28; 1; 106
INTERNAL; 25; 27; 2; 104; INTERNAL; 27; 28; 1; 106
INTERNAL; 24; 24; 0; 1473; INTERNAL; 26; 27; 1; 105
INTERNAL; 5; 16; 11; 1306; INTERNAL; 26; 27; 1; 105
INTERNAL; 25; 26; 1; 237; INTERNAL; 26; 27; 1; 105
INTERNAL; 24; 26; 2; 116; INTERNAL; 26; 27; 1; 105
INTERNAL; 24; 26; 2; 288; INTERNAL; 26; 27; 1; 105
INTERNAL; 4; 10; 6; 795; INTERNAL; 26; 27; 1; 105
INTERNAL; 24; 24; 0; 1520; INTERNAL; 25; 27; 2; 1313
INTERNAL; 5; 16; 11; 1306; INTERNAL; 25; 27; 2; 1313
INTERNAL; 24; 26; 2; 103; INTERNAL; 25; 27; 2; 1313
INTERNAL; 4; 10; 6; 795; INTERNAL; 25; 27; 2; 1313
INTERNAL; 23; 23; 0; 260; INTERNAL; 24; 26; 2; 103
INTERNAL; 5; 16; 11; 1144; INTERNAL; 24; 26; 2; 103
INTERNAL; 23; 23; 0; 860; INTERNAL; 24; 26; 2; 103
INTERNAL; 5; 15; 10; 1251; INTERNAL; 24; 26; 2; 103
INTERNAL; 23; 23; 0; 1426; INTERNAL; 24; 26; 2; 103
INTERNAL; 5; 16; 11; 1307; INTERNAL; 24; 26; 2; 103
INTERNAL; 24; 26; 2; 1036; INTERNAL; 25; 27; 2; 104
INTERNAL; 24; 26; 2; 1315; INTERNAL; 25; 27; 2; 104
INTERNAL; 23; 26; 3; 102; INTERNAL; 25; 27; 2; 104
INTERNAL; 23; 23; 0; 1449; INTERNAL; 24; 26; 2; 1036
INTERNAL; 5; 16; 11; 1377; INTERNAL; 24; 26; 2; 1036
INTERNAL; 23; 25; 2; 564; INTERNAL; 24; 26; 2; 1036
INTERNAL; 4; 9; 5; 763; INTERNAL; 24; 26; 2; 1036
INTERNAL; 5; 16; 11; 1323; INTERNAL; 23; 25; 2; 564
INTERNAL; 22; 22; 0; 1428; INTERNAL; 23; 25; 2; 564
INTERNAL; 22; 22; 0; 1438; INTERNAL; 23; 25; 2; 564
INTERNAL; 5; 15; 10; 1326; INTERNAL; 23; 25; 2; 564
INTERNAL; 22; 22; 0; 479; INTERNAL; 23; 25; 2; 564
INTERNAL; 5; 16; 11; 1328; INTERNAL; 23; 25; 2; 564
INTERNAL; 21; 21; 0; 647; INTERNAL; 24; 26; 2; 1315
INTERNAL; 21; 21; 0; 651; INTERNAL; 24; 26; 2; 1315
INTERNAL; 23; 23; 0; 1017; INTERNAL; 24; 26; 2; 1315
INTERNAL; 5; 16; 11; 1377; INTERNAL; 24; 26; 2; 1315
INTERNAL; 23; 25; 2; 669; INTERNAL; 24; 26; 2; 1315
INTERNAL; 4; 9; 5; 763; INTERNAL; 24; 26; 2; 1315
INTERNAL; 22; 25; 3; 579; INTERNAL; 23; 26; 3; 102
INTERNAL; 22; 25; 3; 101; INTERNAL; 23; 26; 3; 102
INTERNAL; 4; 9; 5; 587; INTERNAL; 23; 26; 3; 102
INTERNAL; 21; 21; 0; 1228; INTERNAL; 22; 25; 3; 101
INTERNAL; 4; 9; 5; 763; INTERNAL; 22; 25; 3; 101
INTERNAL; 10; 28; 18; 822; INTERNAL; 11; 29; 18; 210
INTERNAL; 9; 9; 0; 445; INTERNAL; 11; 29; 18; 210
INTERNAL; 9; 23; 14; 932; INTERNAL; 11; 29; 18; 210
INTERNAL; 8; 8; 0; 863; INTERNAL; 11; 29; 18; 210
INTERNAL; 9; 27; 18; 594; INTERNAL; 10; 28; 18; 822
INTERNAL; 8; 16; 8; 1274; INTERNAL; 10; 28; 18; 822
INTERNAL; 7; 7; 0; 969; INTERNAL; 10; 28; 18; 822
INTERNAL; 7; 18; 11; 682; INTERNAL; 10; 28; 18; 822
INTERNAL; 6; 6; 0; 857; INTERNAL; 9; 27; 18; 594
INTERNAL; 7; 7; 0; 1506; INTERNAL; 9; 27; 18; 594
INTERNAL; 7; 19; 12; 1409; INTERNAL; 9; 27; 18; 594
INTERNAL; 8; 26; 18; 435; INTERNAL; 9; 27; 18; 594
INTERNAL; 7; 7; 0; 609; INTERNAL; 8; 26; 18; 435
INTERNAL; 6; 6; 0; 514; INTERNAL; 8; 26; 18; 435
INTERNAL; 6; 6; 0; 1126; INTERNAL; 8; 26; 18; 435
INTERNAL; 7; 7; 0; 735; INTERNAL; 8; 26; 18; 435
INTERNAL; 31; 31; 0; 374; INTERNAL; 32; 32; 0; 113
INTERNAL; 31; 31; 0; 123; INTERNAL; 32; 32; 0; 113
INTERNAL; 31; 31; 0; 135; INTERNAL; 32; 32; 0; 113
INTERNAL; 32; 32; 0; 1518; INTERNAL; 33; 37; 4; 493
INTERNAL; 32; 32; 0; 113; INTERNAL; 33; 37; 4; 493
INTERNAL; 2; 35; 33; 1485; INTERNAL; 33; 37; 4; 493
INTERNAL; 32; 32; 0; 367; INTERNAL; 33; 37; 4; 493
INTERNAL; 31; 31; 0; 100; INTERNAL; 32; 32; 0; 367
INTERNAL; 31; 31; 0; 110; INTERNAL; 32; 32; 0; 367
INTERNAL; 31; 31; 0; 1109; INTERNAL; 32; 32; 0; 367
INTERNAL; 11; 29; 18; 210; INTERNAL; 32; 32; 0; 367
INTERNAL; 31; 31; 0; 793; INTERNAL; 32; 32; 0; 367
INTERNAL; 30; 30; 0; 1138; INTERNAL; 31; 31; 0; 100
INTERNAL; 30; 30; 0; 108; INTERNAL; 31; 31; 0; 100
INTERNAL; 29; 30; 1; 1353; INTERNAL; 31; 31; 0; 100
INTERNAL; 11; 29; 18; 120; INTERNAL; 31; 31; 0; 100
INTERNAL; 12; 30; 18; 301; INTERNAL; 31; 31; 0; 100
INTERNAL; 30; 30; 0; 99; INTERNAL; 31; 31; 0; 1109
INTERNAL; 28; 29; 1; 1136; INTERNAL; 31; 31; 0; 1109
INTERNAL; 27; 28; 1; 505; INTERNAL; 30; 30; 0; 99
INTERNAL; 27; 28; 1; 119; INTERNAL; 30; 30; 0; 99
INTERNAL; 29; 29; 0; 830; INTERNAL; 30; 30; 0; 99
INTERNAL; 28; 29; 1; 121; INTERNAL; 30; 30; 0; 99
INTERNAL; 30; 30; 0; 98; INTERNAL; 31; 31; 0; 793
INTERNAL; 28; 30; 2; 97; INTERNAL; 31; 31; 0; 793
INTERNAL; 10; 30; 20; 95; INTERNAL; 31; 31; 0; 793
INTERNAL; 27; 28; 1; 505; INTERNAL; 30; 30; 0; 98
INTERNAL; 27; 28; 1; 317; INTERNAL; 30; 30; 0; 98
INTERNAL; 27; 28; 1; 106; INTERNAL; 30; 30; 0; 98
INTERNAL; 27; 28; 1; 119; INTERNAL; 30; 30; 0; 98
INTERNAL; 28; 29; 1; 121; INTERNAL; 30; 30; 0; 98
INTERNAL; 29; 29; 0; 830; INTERNAL; 30; 30; 0; 98
INTERNAL; 27; 29; 2; 957; INTERNAL; 28; 30; 2; 97
INTERNAL; 27; 29; 2; 94; INTERNAL; 28; 30; 2; 97
INTERNAL; 26; 27; 1; 105; INTERNAL; 27; 29; 2; 957
INTERNAL; 25; 27; 2; 1313; INTERNAL; 27; 29; 2; 957
INTERNAL; 25; 27; 2; 104; INTERNAL; 27; 29; 2; 957
INTERNAL; 26; 28; 2; 1067; INTERNAL; 27; 29; 2; 94
INTERNAL; 25; 28; 3; 93; INTERNAL; 27; 29; 2; 94
INTERNAL; 25; 28; 3; 1413; INTERNAL; 27; 29; 2; 94
INTERNAL; 25; 27; 2; 92; INTERNAL; 26; 28; 2; 1067
INTERNAL; 4; 10; 6; 795; INTERNAL; 26; 28; 2; 1067
INTERNAL; 23; 23; 0; 260; INTERNAL; 25; 27; 2; 92
INTERNAL; 5; 15; 10; 1251; INTERNAL; 25; 27; 2; 92
INTERNAL; 23; 23; 0; 860; INTERNAL; 25; 27; 2; 92
INTERNAL; 5; 16; 11; 1307; INTERNAL; 25; 27; 2; 92
INTERNAL; 24; 24; 0; 235; INTERNAL; 25; 27; 2; 92
INTERNAL; 5; 16; 11; 1306; INTERNAL; 25; 27; 2; 92
INTERNAL; 24; 24; 0; 740; INTERNAL; 25; 28; 3; 93
INTERNAL; 5; 16; 11; 1377; INTERNAL; 25; 28; 3; 93
INTERNAL; 22; 22; 0; 479; INTERNAL; 25; 28; 3; 93
INTERNAL; 4; 9; 5; 763; INTERNAL; 25; 28; 3; 93
INTERNAL; 24; 27; 3; 950; INTERNAL; 25; 28; 3; 93
INTERNAL; 23; 27; 4; 91; INTERNAL; 25; 28; 3; 93
INTERNAL; 22; 22; 0; 1428; INTERNAL; 24; 27; 3; 950
INTERNAL; 5; 15; 10; 1326; INTERNAL; 24; 27; 3; 950
INTERNAL; 22; 22; 0; 1438; INTERNAL; 24; 27; 3; 950
INTERNAL; 5; 16; 11; 1328; INTERNAL; 24; 27; 3; 950
INTERNAL; 23; 23; 0; 1426; INTERNAL; 24; 27; 3; 950
INTERNAL; 5; 16; 11; 1323; INTERNAL; 24; 27; 3; 950
INTERNAL; 22; 25; 3; 579; INTERNAL; 23; 27; 4; 91
INTERNAL; 22; 25; 3; 101; INTERNAL; 23; 27; 4; 91
INTERNAL; 4; 9; 5; 587; INTERNAL; 23; 27; 4; 91
INTERNAL; 24; 26; 2; 1036; INTERNAL; 25; 28; 3; 1413
INTERNAL; 24; 26; 2; 1315; INTERNAL; 25; 28; 3; 1413
INTERNAL; 23; 26; 3; 102; INTERNAL; 25; 28; 3; 1413
INTERNAL; 9; 9; 0; 977; INTERNAL; 10; 30; 20; 95
INTERNAL; 9; 29; 20; 500; INTERNAL; 10; 30; 20; 95
INTERNAL; 8; 8; 0; 1502; INTERNAL; 10; 30; 20; 95
INTERNAL; 8; 9; 1; 443; INTERNAL; 10; 30; 20; 95
INTERNAL; 6; 6; 0; 1204; INTERNAL; 9; 29; 20; 500
INTERNAL; 8; 8; 0; 975; INTERNAL; 9; 29; 20; 500
INTERNAL; 8; 21; 13; 1028; INTERNAL; 9; 29; 20; 500
INTERNAL; 7; 28; 21; 90; INTERNAL; 9; 29; 20; 500
INTERNAL; 7; 7; 0; 425; INTERNAL; 9; 29; 20; 500
INTERNAL; 8; 8; 0; 616; INTERNAL; 9; 29; 20; 500
INTERNAL; 6; 6; 0; 532; INTERNAL; 7; 28; 21; 90
INTERNAL; 6; 6; 0; 857; INTERNAL; 7; 28; 21; 90
INTERNAL; 33; 33; 0; 89; INTERNAL; 34; 37; 3; 96
INTERNAL; 2; 35; 33; 1485; INTERNAL; 34; 37; 3; 96
INTERNAL; 33; 33; 0; 868; INTERNAL; 34; 37; 3; 96
INTERNAL; 32; 32; 0; 88; INTERNAL; 33; 33; 0; 868
INTERNAL; 32; 32; 0; 86; INTERNAL; 33; 33; 0; 868
INTERNAL; 31; 31; 0; 100; INTERNAL; 32; 32; 0; 88
INTERNAL; 31; 31; 0; 1109; INTERNAL; 32; 32; 0; 88
INTERNAL; 11; 29; 18; 210; INTERNAL; 32; 32; 0; 88
INTERNAL; 31; 31; 0; 793; INTERNAL; 32; 32; 0; 88
INTERNAL; 31; 31; 0; 110; INTERNAL; 32; 32; 0; 88
INTERNAL; 31; 31; 0; 85; INTERNAL; 32; 32; 0; 86
INTERNAL; 31; 31; 0; 84; INTERNAL; 32; 32; 0; 86
INTERNAL; 31; 31; 0; 793; INTERNAL; 32; 32; 0; 86
INTERNAL; 31; 31; 0; 83; INTERNAL; 32; 32; 0; 86
INTERNAL; 31; 31; 0; 82; INTERNAL; 32; 32; 0; 86
INTERNAL; 11; 29; 18; 210; INTERNAL; 31; 31; 0; 85
INTERNAL; 28; 29; 1; 1136; INTERNAL; 31; 31; 0; 85
INTERNAL; 30; 30; 0; 99; INTERNAL; 31; 31; 0; 85
INTERNAL; 30; 30; 0; 1138; INTERNAL; 31; 31; 0; 84
INTERNAL; 30; 30; 0; 108; INTERNAL; 31; 31; 0; 84
INTERNAL; 11; 29; 18; 120; INTERNAL; 31; 31; 0; 84
INTERNAL; 12; 30; 18; 301; INTERNAL; 31; 31; 0; 84
INTERNAL; 29; 30; 1; 1353; INTERNAL; 31; 31; 0; 84
INTERNAL; 30; 30; 0; 1504; INTERNAL; 31; 31; 0; 84
INTERNAL; 10; 30; 20; 95; INTERNAL; 31; 31; 0; 83
INTERNAL; 28; 30; 2; 97; INTERNAL; 31; 31; 0; 83
INTERNAL; 30; 30; 0; 98; INTERNAL; 31; 31; 0; 83
INTERNAL; 30; 30; 0; 98; INTERNAL; 31; 31; 0; 82
INTERNAL; 27; 29; 2; 957; INTERNAL; 31; 31; 0; 82
INTERNAL; 27; 29; 2; 94; INTERNAL; 31; 31; 0; 82
INTERNAL; 28; 30; 2; 81; INTERNAL; 31; 31; 0; 82
INTERNAL; 11; 30; 19; 554; INTERNAL; 31; 31; 0; 82
INTERNAL; 27; 29; 2; 80; INTERNAL; 28; 30; 2; 81
INTERNAL; 26; 29; 3; 1226; INTERNAL; 28; 30; 2; 81
INTERNAL; 26; 28; 2; 1067; INTERNAL; 27; 29; 2; 80
INTERNAL; 25; 28; 3; 93; INTERNAL; 27; 29; 2; 80
INTERNAL; 25; 28; 3; 1413; INTERNAL; 27; 29; 2; 80
INTERNAL; 25; 28; 3; 79; INTERNAL; 26; 29; 3; 1226
INTERNAL; 25; 28; 3; 519; INTERNAL; 26; 29; 3; 1226
INTERNAL; 25; 28; 3; 78; INTERNAL; 26; 29; 3; 1226
INTERNAL; 23; 28; 5; 77; INTERNAL; 26; 29; 3; 1226
INTERNAL; 22; 22; 0; 479; INTERNAL; 25; 28; 3; 79
INTERNAL; 24; 24; 0; 740; INTERNAL; 25; 28; 3; 79
INTERNAL; 5; 16; 11; 1377; INTERNAL; 25; 28; 3; 79
INTERNAL; 24; 27; 3; 950; INTERNAL; 25; 28; 3; 79
INTERNAL; 23; 27; 4; 91; INTERNAL; 25; 28; 3; 79
INTERNAL; 4; 9; 5; 763; INTERNAL; 25; 28; 3; 79
INTERNAL; 24; 24; 0; 1473; INTERNAL; 25; 28; 3; 519
INTERNAL; 5; 16; 11; 1377; INTERNAL; 25; 28; 3; 519
INTERNAL; 24; 27; 3; 87; INTERNAL; 25; 28; 3; 519
INTERNAL; 4; 9; 5; 763; INTERNAL; 25; 28; 3; 519
INTERNAL; 22; 22; 0; 1428; INTERNAL; 24; 27; 3; 87
INTERNAL; 5; 16; 11; 1328; INTERNAL; 24; 27; 3; 87
INTERNAL; 23; 23; 0; 860; INTERNAL; 24; 27; 3; 87
INTERNAL; 5; 16; 11; 1323; INTERNAL; 24; 27; 3; 87
INTERNAL; 23; 23; 0; 1426; INTERNAL; 24; 27; 3; 87
INTERNAL; 5; 15; 10; 1326; INTERNAL; 24; 27; 3; 87
INTERNAL; 24; 24; 0; 208; INTERNAL; 25; 28; 3; 78
INTERNAL; 5; 16; 11; 1306; INTERNAL; 25; 28; 3; 78
INTERNAL; 5; 16; 11; 1307; INTERNAL; 25; 28; 3; 78
INTERNAL; 23; 23; 0; 260; INTERNAL; 25; 28; 3; 78
INTERNAL; 4; 10; 6; 795; INTERNAL; 25; 28; 3; 78
INTERNAL; 4; 9; 5; 763; INTERNAL; 23; 28; 5; 77
INTERNAL; 22; 22; 0; 1438; INTERNAL; 23; 28; 5; 77
INTERNAL; 22; 22; 0; 479; INTERNAL; 23; 28; 5; 77
INTERNAL; 10; 17; 7; 1182; INTERNAL; 11; 30; 19; 554
INTERNAL; 9; 14; 5; 1339; INTERNAL; 11; 30; 19; 554
INTERNAL; 8; 24; 16; 222; INTERNAL; 11; 30; 19; 554
INTERNAL; 8; 29; 21; 1370; INTERNAL; 11; 30; 19; 554
INTERNAL; 8; 29; 21; 76; INTERNAL; 11; 30; 19; 554
INTERNAL; 7; 7; 0; 1150; INTERNAL; 8; 29; 21; 1370
INTERNAL; 6; 6; 0; 729; INTERNAL; 8; 29; 21; 1370
INTERNAL; 6; 6; 0; 522; INTERNAL; 8; 29; 21; 1370
INTERNAL; 6; 6; 0; 708; INTERNAL; 8; 29; 21; 1370
INTERNAL; 6; 6; 0; 770; INTERNAL; 8; 29; 21; 1370
INTERNAL; 5; 5; 0; 779; INTERNAL; 8; 29; 21; 76
INTERNAL; 6; 6; 0; 905; INTERNAL; 8; 29; 21; 76
INTERNAL; 6; 6; 0; 483; INTERNAL; 8; 29; 21; 76
INTERNAL; 7; 7; 0; 845; INTERNAL; 8; 29; 21; 76
INTERNAL; 7; 13; 6; 1209; INTERNAL; 8; 29; 21; 76
INTERNAL; 32; 32; 0; 1518; INTERNAL; 33; 33; 0; 89
INTERNAL; 32; 32; 0; 367; INTERNAL; 33; 33; 0; 89
INTERNAL; 32; 32; 0; 113; INTERNAL; 33; 33; 0; 89
INTERNAL; 33; 33; 0; 868; INTERNAL; 35; 37; 2; 75
INTERNAL; 33; 33; 0; 89; INTERNAL; 35; 37; 2; 75
INTERNAL; 2; 35; 33; 1485; INTERNAL; 35; 37; 2; 75
INTERNAL; 34; 36; 2; 1281; INTERNAL; 35; 37; 2; 75
INTERNAL; 33; 33; 0; 74; INTERNAL; 34; 36; 2; 1281
INTERNAL; 33; 33; 0; 538; INTERNAL; 34; 36; 2; 1281
INTERNAL; 32; 32; 0; 88; INTERNAL; 33; 33; 0; 74
INTERNAL; 32; 32; 0; 86; INTERNAL; 33; 33; 0; 74
INTERNAL; 32; 32; 0; 73; INTERNAL; 33; 33; 0; 538
INTERNAL; 32; 32; 0; 1456; INTERNAL; 33; 33; 0; 538
INTERNAL; 31; 31; 0; 84; INTERNAL; 32; 32; 0; 73
INTERNAL; 31; 31; 0; 85; INTERNAL; 32; 32; 0; 73
INTERNAL; 31; 31; 0; 793; INTERNAL; 32; 32; 0; 73
INTERNAL; 31; 31; 0; 82; INTERNAL; 32; 32; 0; 73
INTERNAL; 31; 31; 0; 83; INTERNAL; 32; 32; 0; 73
INTERNAL; 31; 31; 0; 72; INTERNAL; 32; 32; 0; 73
INTERNAL; 30; 30; 0; 98; INTERNAL; 31; 31; 0; 72
INTERNAL; 27; 29; 2; 957; INTERNAL; 31; 31; 0; 72
INTERNAL; 27; 29; 2; 94; INTERNAL; 31; 31; 0; 72
INTERNAL; 11; 30; 19; 554; INTERNAL; 31; 31; 0; 72
INTERNAL; 28; 30; 2; 81; INTERNAL; 31; 31; 0; 72
INTERNAL; 31; 31; 0; 1119; INTERNAL; 32; 32; 0; 1456
INTERNAL; 28; 30; 2; 71; INTERNAL; 32; 32; 0; 1456
INTERNAL; 27; 30; 3; 69; INTERNAL; 32; 32; 0; 1456
INTERNAL; 10; 31; 21; 68; INTERNAL; 32; 32; 0; 1456
INTERNAL; 30; 30; 0; 98; INTERNAL; 31; 31; 0; 1119
INTERNAL; 27; 29; 2; 957; INTERNAL; 31; 31; 0; 1119
INTERNAL; 27; 29; 2; 94; INTERNAL; 31; 31; 0; 1119
INTERNAL; 28; 30; 2; 81; INTERNAL; 31; 31; 0; 1119
INTERNAL; 27; 29; 2; 80; INTERNAL; 28; 30; 2; 71
INTERNAL; 26; 29; 3; 1226; INTERNAL; 28; 30; 2; 71
INTERNAL; 26; 29; 3; 67; INTERNAL; 27; 30; 3; 69
INTERNAL; 26; 29; 3; 66; INTERNAL; 27; 30; 3; 69
INTERNAL; 25; 28; 3; 519; INTERNAL; 26; 29; 3; 67
INTERNAL; 25; 28; 3; 78; INTERNAL; 26; 29; 3; 67
INTERNAL; 25; 28; 3; 79; INTERNAL; 26; 29; 3; 67
INTERNAL; 23; 28; 5; 77; INTERNAL; 26; 29; 3; 67
INTERNAL; 4; 9; 5; 763; INTERNAL; 26; 29; 3; 66
INTERNAL; 22; 22; 0; 479; INTERNAL; 26; 29; 3; 66
INTERNAL; 22; 22; 0; 1438; INTERNAL; 26; 29; 3; 66
INTERNAL; 25; 28; 3; 79; INTERNAL; 26; 29; 3; 66
INTERNAL; 25; 28; 3; 349; INTERNAL; 26; 29; 3; 66
INTERNAL; 23; 28; 5; 65; INTERNAL; 26; 29; 3; 66
INTERNAL; 24; 24; 0; 1520; INTERNAL; 25; 28; 3; 349
INTERNAL; 5; 16; 11; 1377; INTERNAL; 25; 28; 3; 349
INTERNAL; 24; 27; 3; 705; INTERNAL; 25; 28; 3; 349
INTERNAL; 4; 9; 5; 763; INTERNAL; 25; 28; 3; 349
INTERNAL; 5; 16; 11; 1323; INTERNAL; 24; 27; 3; 705
INTERNAL; 23; 23; 0; 260; INTERNAL; 24; 27; 3; 705
INTERNAL; 5; 15; 10; 1326; INTERNAL; 24; 27; 3; 705
INTERNAL; 23; 23; 0; 860; INTERNAL; 24; 27; 3; 705
INTERNAL; 23; 23; 0; 1426; INTERNAL; 24; 27; 3; 705
INTERNAL; 5; 16; 11; 1328; INTERNAL; 24; 27; 3; 705
INTERNAL; 4; 9; 5; 763; INTERNAL; 23; 28; 5; 65
INTERNAL; 22; 22; 0; 1438; INTERNAL; 23; 28; 5; 65
INTERNAL; 22; 22; 0; 1428; INTERNAL; 23; 28; 5; 65
INTERNAL; 4; 10; 6; 795; INTERNAL; 23; 28; 5; 65
INTERNAL; 9; 18; 9; 716; INTERNAL; 10; 31; 21; 68
INTERNAL; 9; 23; 14; 839; INTERNAL; 10; 31; 21; 68
INTERNAL; 9; 30; 21; 64; INTERNAL; 10; 31; 21; 68
INTERNAL; 8; 8; 0; 967; INTERNAL; 10; 31; 21; 68
INTERNAL; 6; 6; 0; 712; INTERNAL; 9; 30; 21; 64
INTERNAL; 6; 6; 0; 834; INTERNAL; 9; 30; 21; 64
INTERNAL; 6; 6; 0; 738; INTERNAL; 9; 30; 21; 64
INTERNAL; 8; 24; 16; 246; INTERNAL; 9; 30; 21; 64
INTERNAL; 8; 29; 21; 63; INTERNAL; 9; 30; 21; 64
INTERNAL; 8; 29; 21; 62; INTERNAL; 9; 30; 21; 64
INTERNAL; 7; 7; 0; 849; INTERNAL; 8; 29; 21; 63
INTERNAL; 6; 6; 0; 978; INTERNAL; 8; 29; 21; 63
INTERNAL; 6; 6; 0; 785; INTERNAL; 8; 29; 21; 63
INTERNAL; 6; 6; 0; 922; INTERNAL; 8; 29; 21; 63
INTERNAL; 6; 6; 0; 694; INTERNAL; 8; 29; 21; 63
INTERNAL; 6; 6; 0; 412; INTERNAL; 8; 29; 21; 62
INTERNAL; 6; 6; 0; 532; INTERNAL; 8; 29; 21; 62
INTERNAL; 6; 6; 0; 432; INTERNAL; 8; 29; 21; 62
INTERNAL; 6; 6; 0; 838; INTERNAL; 8; 29; 21; 62
INTERNAL; 7; 14; 7; 895; INTERNAL; 8; 29; 21; 62
INTERNAL; 7; 15; 8; 1240; INTERNAL; 8; 29; 21; 62
INTERNAL; 34; 36; 2; 1281; INTERNAL; 35; 37; 2; 61
INTERNAL; 33; 33; 0; 868; INTERNAL; 35; 37; 2; 61
INTERNAL; 33; 33; 0; 89; INTERNAL; 35; 37; 2; 61
INTERNAL; 2; 35; 33; 1485; INTERNAL; 35; 37; 2; 61
INTERNAL; 34; 36; 2; 60; INTERNAL; 35; 37; 2; 61
INTERNAL; 33; 33; 0; 1180; INTERNAL; 35; 37; 2; 61
INTERNAL; 33; 33; 0; 74; INTERNAL; 34; 36; 2; 60
INTERNAL; 33; 33; 0; 538; INTERNAL; 34; 36; 2; 60
INTERNAL; 32; 32; 0; 73; INTERNAL; 33; 33; 0; 1180
INTERNAL; 32; 32; 0; 1456; INTERNAL; 33; 33; 0; 1180
INTERNAL; 32; 32; 0; 59; INTERNAL; 33; 33; 0; 1180
INTERNAL; 32; 32; 0; 58; INTERNAL; 33; 33; 0; 1180
INTERNAL; 31; 31; 0; 1119; INTERNAL; 32; 32; 0; 59
INTERNAL; 28; 30; 2; 71; INTERNAL; 32; 32; 0; 59
INTERNAL; 10; 31; 21; 68; INTERNAL; 32; 32; 0; 59
INTERNAL; 27; 30; 3; 69; INTERNAL; 32; 32; 0; 59
INTERNAL; 31; 31; 0; 57; INTERNAL; 32; 32; 0; 58
INTERNAL; 27; 31; 4; 56; INTERNAL; 32; 32; 0; 58
INTERNAL; 27; 31; 4; 55; INTERNAL; 32; 32; 0; 58
INTERNAL; 11; 31; 20; 54; INTERNAL; 32; 32; 0; 58
INTERNAL; 28; 30; 2; 71; INTERNAL; 31; 31; 0; 57
INTERNAL; 30; 30; 0; 98; INTERNAL; 31; 31; 0; 57
INTERNAL; 27; 29; 2; 957; INTERNAL; 31; 31; 0; 57
INTERNAL; 27; 29; 2; 94; INTERNAL; 31; 31; 0; 57
INTERNAL; 28; 30; 2; 81; INTERNAL; 31; 31; 0; 57
INTERNAL; 27; 30; 3; 69; INTERNAL; 31; 31; 0; 57
INTERNAL; 26; 29; 3; 67; INTERNAL; 27; 31; 4; 56
INTERNAL; 26; 29; 3; 66; INTERNAL; 27; 31; 4; 56
INTERNAL; 26; 30; 4; 267; INTERNAL; 27; 31; 4; 55
INTERNAL; 25; 30; 5; 53; INTERNAL; 27; 31; 4; 55
INTERNAL; 22; 22; 0; 479; INTERNAL; 26; 30; 4; 267
INTERNAL; 22; 22; 0; 1438; INTERNAL; 26; 30; 4; 267
INTERNAL; 4; 9; 5; 763; INTERNAL; 26; 30; 4; 267
INTERNAL; 25; 28; 3; 349; INTERNAL; 26; 30; 4; 267
INTERNAL; 23; 28; 5; 65; INTERNAL; 26; 30; 4; 267
INTERNAL; 25; 28; 3; 79; INTERNAL; 26; 30; 4; 267
INTERNAL; 24; 24; 0; 235; INTERNAL; 25; 30; 5; 53
INTERNAL; 5; 16; 11; 1377; INTERNAL; 25; 30; 5; 53
INTERNAL; 4; 9; 5; 763; INTERNAL; 25; 30; 5; 53
INTERNAL; 23; 23; 0; 1426; INTERNAL; 25; 30; 5; 53
INTERNAL; 24; 29; 5; 309; INTERNAL; 25; 30; 5; 53
INTERNAL; 23; 29; 6; 70; INTERNAL; 25; 30; 5; 53
INTERNAL; 5; 15; 10; 1326; INTERNAL; 24; 29; 5; 309
INTERNAL; 23; 23; 0; 260; INTERNAL; 24; 29; 5; 309
INTERNAL; 23; 23; 0; 860; INTERNAL; 24; 29; 5; 309
INTERNAL; 5; 16; 11; 1328; INTERNAL; 24; 29; 5; 309
INTERNAL; 22; 22; 0; 1438; INTERNAL; 23; 29; 6; 70
INTERNAL; 22; 22; 0; 1428; INTERNAL; 23; 29; 6; 70
INTERNAL; 4; 10; 6; 795; INTERNAL; 23; 29; 6; 70
INTERNAL; 4; 9; 5; 763; INTERNAL; 23; 29; 6; 70
INTERNAL; 10; 30; 20; 1035; INTERNAL; 11; 31; 20; 54
INTERNAL; 9; 14; 5; 1498; INTERNAL; 11; 31; 20; 54
INTERNAL; 8; 8; 0; 478; INTERNAL; 11; 31; 20; 54
INTERNAL; 8; 8; 0; 1101; INTERNAL; 11; 31; 20; 54
INTERNAL; 6; 6; 0; 881; INTERNAL; 10; 30; 20; 1035
INTERNAL; 6; 6; 0; 1204; INTERNAL; 10; 30; 20; 1035
INTERNAL; 6; 6; 0; 738; INTERNAL; 10; 30; 20; 1035
INTERNAL; 9; 29; 20; 52; INTERNAL; 10; 30; 20; 1035
INTERNAL; 7; 7; 0; 504; INTERNAL; 10; 30; 20; 1035
INTERNAL; 7; 29; 22; 1088; INTERNAL; 10; 30; 20; 1035
INTERNAL; 6; 6; 0; 412; INTERNAL; 9; 29; 20; 52
INTERNAL; 6; 6; 0; 286; INTERNAL; 9; 29; 20; 52
INTERNAL; 7; 18; 11; 682; INTERNAL; 9; 29; 20; 52
INTERNAL; 8; 8; 0; 652; INTERNAL; 9; 29; 20; 52
INTERNAL; 7; 13; 6; 1209; INTERNAL; 9; 29; 20; 52
INTERNAL; 6; 6; 0; 643; INTERNAL; 7; 29; 22; 1088
INTERNAL; 6; 6; 0; 1471; INTERNAL; 7; 29; 22; 1088
INTERNAL; 6; 6; 0; 919; INTERNAL; 7; 29; 22; 1088
INTERNAL; 6; 6; 0; 766; INTERNAL; 7; 29; 22; 1088
INTERNAL; 34; 36; 2; 528; INTERNAL; 35; 37; 2; 125
INTERNAL; 2; 35; 33; 1485; INTERNAL; 35; 37; 2; 125
INTERNAL; 33; 33; 0; 521; INTERNAL; 35; 37; 2; 125
INTERNAL; 33; 33; 0; 51; INTERNAL; 35; 37; 2; 125
INTERNAL; 33; 33; 0; 868; INTERNAL; 34; 36; 2; 528
INTERNAL; 33; 33; 0; 74; INTERNAL; 34; 36; 2; 528
INTERNAL; 33; 33; 0; 538; INTERNAL; 34; 36; 2; 528
INTERNAL; 33; 33; 0; 1180; INTERNAL; 34; 36; 2; 528
INTERNAL; 33; 33; 0; 89; INTERNAL; 34; 36; 2; 528
INTERNAL; 32; 32; 0; 73; INTERNAL; 33; 33; 0; 521
INTERNAL; 32; 32; 0; 1456; INTERNAL; 33; 33; 0; 521
INTERNAL; 32; 32; 0; 59; INTERNAL; 33; 33; 0; 521
INTERNAL; 32; 32; 0; 58; INTERNAL; 33; 33; 0; 521
INTERNAL; 32; 32; 0; 86; INTERNAL; 33; 33; 0; 521
INTERNAL; 32; 32; 0; 88; INTERNAL; 33; 33; 0; 521
INTERNAL; 32; 32; 0; 73; INTERNAL; 33; 33; 0; 51
INTERNAL; 32; 32; 0; 1456; INTERNAL; 33; 33; 0; 51
INTERNAL; 32; 32; 0; 58; INTERNAL; 33; 33; 0; 51
INTERNAL; 32; 32; 0; 59; INTERNAL; 33; 33; 0; 51
INTERNAL; 32; 32; 0; 1418; INTERNAL; 33; 33; 0; 51
INTERNAL; 32; 32; 0; 50; INTERNAL; 33; 33; 0; 51
INTERNAL; 31; 31; 0; 57; INTERNAL; 32; 32; 0; 1418
INTERNAL; 27; 31; 4; 56; INTERNAL; 32; 32; 0; 1418
INTERNAL; 11; 31; 20; 54; INTERNAL; 32; 32; 0; 1418
INTERNAL; 27; 31; 4; 55; INTERNAL; 32; 32; 0; 1418
INTERNAL; 31; 31; 0; 57; INTERNAL; 32; 32; 0; 50
INTERNAL; 27; 31; 4; 56; INTERNAL; 32; 32; 0; 50
INTERNAL; 26; 30; 4; 267; INTERNAL; 32; 32; 0; 50
INTERNAL; 25; 30; 5; 53; INTERNAL; 32; 32; 0; 50
INTERNAL; 27; 31; 4; 49; INTERNAL; 32; 32; 0; 50
INTERNAL; 10; 31; 21; 1329; INTERNAL; 32; 32; 0; 50
INTERNAL; 26; 30; 4; 48; INTERNAL; 27; 31; 4; 49
INTERNAL; 25; 30; 5; 631; INTERNAL; 27; 31; 4; 49
INTERNAL; 23; 23; 0; 590; INTERNAL; 26; 30; 4; 48
INTERNAL; 4; 9; 5; 763; INTERNAL; 26; 30; 4; 48
INTERNAL; 25; 29; 4; 956; INTERNAL; 26; 30; 4; 48
INTERNAL; 24; 24; 0; 208; INTERNAL; 25; 29; 4; 956
INTERNAL; 5; 16; 11; 1377; INTERNAL; 25; 29; 4; 956
INTERNAL; 5; 16; 11; 1328; INTERNAL; 25; 29; 4; 956
INTERNAL; 23; 23; 0; 260; INTERNAL; 25; 29; 4; 956
INTERNAL; 23; 23; 0; 1426; INTERNAL; 25; 30; 5; 631
INTERNAL; 24; 24; 0; 235; INTERNAL; 25; 30; 5; 631
INTERNAL; 5; 16; 11; 1377; INTERNAL; 25; 30; 5; 631
INTERNAL; 24; 29; 5; 309; INTERNAL; 25; 30; 5; 631
INTERNAL; 23; 29; 6; 70; INTERNAL; 25; 30; 5; 631
INTERNAL; 4; 9; 5; 763; INTERNAL; 25; 30; 5; 631
INTERNAL; 9; 15; 6; 909; INTERNAL; 10; 31; 21; 1329
INTERNAL; 9; 30; 21; 47; INTERNAL; 10; 31; 21; 1329
INTERNAL; 9; 30; 21; 46; INTERNAL; 10; 31; 21; 1329
INTERNAL; 8; 8; 0; 1110; INTERNAL; 10; 31; 21; 1329
INTERNAL; 6; 6; 0; 711; INTERNAL; 9; 30; 21; 47
INTERNAL; 6; 6; 0; 586; INTERNAL; 9; 30; 21; 47
INTERNAL; 6; 6; 0; 424; INTERNAL; 9; 30; 21; 47
INTERNAL; 8; 8; 0; 831; INTERNAL; 9; 30; 21; 47
INTERNAL; 6; 6; 0; 1471; INTERNAL; 9; 30; 21; 46
INTERNAL; 6; 6; 0; 378; INTERNAL; 9; 30; 21; 46
INTERNAL; 7; 7; 0; 1232; INTERNAL; 9; 30; 21; 46
INTERNAL; 7; 29; 22; 345; INTERNAL; 9; 30; 21; 46
INTERNAL; 8; 29; 21; 1370; INTERNAL; 9; 30; 21; 46
INTERNAL; 7; 7; 0; 389; INTERNAL; 9; 30; 21; 46
INTERNAL; 6; 6; 0; 1522; INTERNAL; 7; 29; 22; 345
INTERNAL; 6; 6; 0; 603; INTERNAL; 7; 29; 22; 345
INTERNAL; 6; 6; 0; 766; INTERNAL; 7; 29; 22; 345
INTERNAL; 6; 6; 0; 654; INTERNAL; 7; 29; 22; 345
INTERNAL; 34; 34; 0; 45; INTERNAL; 35; 37; 2; 44
INTERNAL; 2; 35; 33; 1485; INTERNAL; 35; 37; 2; 44
INTERNAL; 34; 34; 0; 43; INTERNAL; 35; 37; 2; 44
INTERNAL; 33; 33; 0; 1255; INTERNAL; 34; 34; 0; 43
INTERNAL; 33; 33; 0; 521; INTERNAL; 34; 34; 0; 43
INTERNAL; 33; 33; 0; 42; INTERNAL; 34; 34; 0; 43
INTERNAL; 10; 31; 21; 1329; INTERNAL; 34; 34; 0; 43
INTERNAL; 33; 33; 0; 41; INTERNAL; 34; 34; 0; 43
INTERNAL; 32; 32; 0; 1456; INTERNAL; 33; 33; 0; 1255
INTERNAL; 32; 32; 0; 73; INTERNAL; 33; 33; 0; 1255
INTERNAL; 32; 32; 0; 58; INTERNAL; 33; 33; 0; 1255
INTERNAL; 32; 32; 0; 59; INTERNAL; 33; 33; 0; 1255
INTERNAL; 32; 32; 0; 1418; INTERNAL; 33; 33; 0; 1255
INTERNAL; 32; 32; 0; 453; INTERNAL; 33; 33; 0; 42
INTERNAL; 27; 31; 4; 49; INTERNAL; 33; 33; 0; 42
INTERNAL; 26; 30; 4; 267; INTERNAL; 32; 32; 0; 453
INTERNAL; 25; 30; 5; 53; INTERNAL; 32; 32; 0; 453
INTERNAL; 31; 31; 0; 57; INTERNAL; 32; 32; 0; 453
INTERNAL; 27; 31; 4; 56; INTERNAL; 32; 32; 0; 453
INTERNAL; 32; 32; 0; 453; INTERNAL; 33; 33; 0; 41
INTERNAL; 26; 30; 4; 48; INTERNAL; 33; 33; 0; 41
INTERNAL; 25; 30; 5; 631; INTERNAL; 33; 33; 0; 41
INTERNAL; 26; 32; 6; 1341; INTERNAL; 33; 33; 0; 41
INTERNAL; 24; 32; 8; 40; INTERNAL; 33; 33; 0; 41
INTERNAL; 10; 32; 22; 754; INTERNAL; 33; 33; 0; 41
INTERNAL; 23; 23; 0; 1426; INTERNAL; 26; 32; 6; 1341
INTERNAL; 25; 29; 4; 956; INTERNAL; 26; 32; 6; 1341
INTERNAL; 23; 23; 0; 590; INTERNAL; 26; 32; 6; 1341
INTERNAL; 4; 9; 5; 763; INTERNAL; 26; 32; 6; 1341
INTERNAL; 23; 23; 0; 260; INTERNAL; 24; 32; 8; 40
INTERNAL; 11; 22; 11; 1290; INTERNAL; 24; 32; 8; 40
INTERNAL; 4; 9; 5; 763; INTERNAL; 24; 32; 8; 40
INTERNAL; 23; 23; 0; 1426; INTERNAL; 24; 32; 8; 40
INTERNAL; 9; 16; 7; 447; INTERNAL; 10; 32; 22; 754
INTERNAL; 9; 23; 14; 620; INTERNAL; 10; 32; 22; 754
INTERNAL; 8; 22; 14; 994; INTERNAL; 10; 32; 22; 754
INTERNAL; 8; 29; 21; 63; INTERNAL; 10; 32; 22; 754
INTERNAL; 8; 31; 23; 1072; INTERNAL; 10; 32; 22; 754
INTERNAL; 7; 15; 8; 1236; INTERNAL; 10; 32; 22; 754
INTERNAL; 7; 7; 0; 377; INTERNAL; 8; 31; 23; 1072
INTERNAL; 6; 6; 0; 310; INTERNAL; 8; 31; 23; 1072
INTERNAL; 6; 6; 0; 1522; INTERNAL; 8; 31; 23; 1072
INTERNAL; 6; 6; 0; 401; INTERNAL; 8; 31; 23; 1072
INTERNAL; 6; 6; 0; 783; INTERNAL; 8; 31; 23; 1072
INTERNAL; 7; 7; 0; 826; INTERNAL; 8; 31; 23; 1072
INTERNAL; 33; 33; 0; 868; INTERNAL; 34; 34; 0; 45
INTERNAL; 33; 33; 0; 74; INTERNAL; 34; 34; 0; 45
INTERNAL; 33; 33; 0; 538; INTERNAL; 34; 34; 0; 45
INTERNAL; 33; 33; 0; 1180; INTERNAL; 34; 34; 0; 45
INTERNAL; 33; 33; 0; 51; INTERNAL; 34; 34; 0; 45
INTERNAL; 33; 33; 0; 89; INTERNAL; 34; 34; 0; 45
INTERNAL; 35; 36; 1; 140; INTERNAL; 36; 37; 1; 39
INTERNAL; 2; 35; 33; 1485; INTERNAL; 36; 37; 1; 39
INTERNAL; 35; 36; 1; 673; INTERNAL; 36; 37; 1; 39
INTERNAL; 34; 34; 0; 38; INTERNAL; 35; 36; 1; 673
INTERNAL; 34; 34; 0; 1486; INTERNAL; 35; 36; 1; 673
INTERNAL; 11; 33; 22; 610; INTERNAL; 35; 36; 1; 673
INTERNAL; 33; 33; 0; 1255; INTERNAL; 34; 34; 0; 38
INTERNAL; 33; 33; 0; 42; INTERNAL; 34; 34; 0; 38
INTERNAL; 10; 31; 21; 1329; INTERNAL; 34; 34; 0; 38
INTERNAL; 33; 33; 0; 41; INTERNAL; 34; 34; 0; 38
INTERNAL; 33; 33; 0; 521; INTERNAL; 34; 34; 0; 38
INTERNAL; 33; 33; 0; 36; INTERNAL; 34; 34; 0; 1486
INTERNAL; 33; 33; 0; 1096; INTERNAL; 34; 34; 0; 1486
INTERNAL; 33; 33; 0; 1231; INTERNAL; 34; 34; 0; 1486
INTERNAL; 33; 33; 0; 35; INTERNAL; 34; 34; 0; 1486
INTERNAL; 10; 31; 21; 1329; INTERNAL; 33; 33; 0; 1096
INTERNAL; 27; 31; 4; 49; INTERNAL; 33; 33; 0; 1096
INTERNAL; 32; 32; 0; 453; INTERNAL; 33; 33; 0; 1096
INTERNAL; 32; 32; 0; 73; INTERNAL; 33; 33; 0; 36
INTERNAL; 32; 32; 0; 1456; INTERNAL; 33; 33; 0; 36
INTERNAL; 32; 32; 0; 59; INTERNAL; 33; 33; 0; 36
INTERNAL; 32; 32; 0; 1418; INTERNAL; 33; 33; 0; 36
INTERNAL; 32; 32; 0; 58; INTERNAL; 33; 33; 0; 36
INTERNAL; 32; 32; 0; 50; INTERNAL; 33; 33; 0; 36
INTERNAL; 32; 32; 0; 453; INTERNAL; 33; 33; 0; 1231
INTERNAL; 26; 30; 4; 48; INTERNAL; 33; 33; 0; 1231
INTERNAL; 25; 30; 5; 631; INTERNAL; 33; 33; 0; 1231
INTERNAL; 26; 32; 6; 1341; INTERNAL; 33; 33; 0; 1231
INTERNAL; 24; 32; 8; 40; INTERNAL; 33; 33; 0; 1231
INTERNAL; 10; 32; 22; 754; INTERNAL; 33; 33; 0; 1231
INTERNAL; 32; 32; 0; 453; INTERNAL; 33; 33; 0; 35
INTERNAL; 26; 30; 4; 48; INTERNAL; 33; 33; 0; 35
INTERNAL; 25; 30; 5; 631; INTERNAL; 33; 33; 0; 35
INTERNAL; 10; 32; 22; 754; INTERNAL; 33; 33; 0; 35
INTERNAL; 26; 32; 6; 1341; INTERNAL; 33; 33; 0; 35
INTERNAL; 24; 32; 8; 40; INTERNAL; 33; 33; 0; 35
INTERNAL; 10; 20; 10; 1401; INTERNAL; 11; 33; 22; 610
INTERNAL; 9; 32; 23; 34; INTERNAL; 11; 33; 22; 610
INTERNAL; 8; 8; 0; 403; INTERNAL; 11; 33; 22; 610
INTERNAL; 7; 7; 0; 946; INTERNAL; 11; 33; 22; 610
INTERNAL; 6; 6; 0; 811; INTERNAL; 9; 32; 23; 34
INTERNAL; 6; 6; 0; 814; INTERNAL; 9; 32; 23; 34
INTERNAL; 7; 15; 8; 1240; INTERNAL; 9; 32; 23; 34
INTERNAL; 7; 31; 24; 33; INTERNAL; 9; 32; 23; 34
INTERNAL; 8; 16; 8; 1274; INTERNAL; 9; 32; 23; 34
INTERNAL; 7; 7; 0; 1146; INTERNAL; 9; 32; 23; 34
INTERNAL; 6; 6; 0; 1032; INTERNAL; 7; 31; 24; 33
INTERNAL; 6; 6; 0; 565; INTERNAL; 7; 31; 24; 33
INTERNAL; 6; 6; 0; 381; INTERNAL; 7; 31; 24; 33
INTERNAL; 6; 6; 0; 968; INTERNAL; 7; 31; 24; 33
INTERNAL; 6; 6; 0; 558; INTERNAL; 7; 31; 24; 33
INTERNAL; 6; 6; 0; 770; INTERNAL; 7; 31; 24; 33
INTERNAL; 34; 34; 0; 43; INTERNAL; 35; 36; 1; 140
INTERNAL; 34; 34; 0; 45; INTERNAL; 35; 36; 1; 140
INTERNAL; 35; 36; 1; 140; INTERNAL; 36; 37; 1; 32
INTERNAL; 34; 34; 0; 38; INTERNAL; 36; 37; 1; 32
INTERNAL; 34; 34; 0; 1486; INTERNAL; 36; 37; 1; 32
INTERNAL; 11; 33; 22; 610; INTERNAL; 36; 37; 1; 32
INTERNAL; 2; 35; 33; 1485; INTERNAL; 36; 37; 1; 32
INTERNAL; 11; 33; 22; 1056; INTERNAL; 36; 37; 1; 32
INTERNAL; 10; 22; 12; 1052; INTERNAL; 11; 33; 22; 1056
INTERNAL; 9; 32; 23; 1331; INTERNAL; 11; 33; 22; 1056
INTERNAL; 8; 8; 0; 938; INTERNAL; 11; 33; 22; 1056
INTERNAL; 7; 7; 0; 321; INTERNAL; 11; 33; 22; 1056
INTERNAL; 7; 7; 0; 415; INTERNAL; 11; 33; 22; 1056
INTERNAL; 8; 17; 9; 507; INTERNAL; 9; 32; 23; 1331
INTERNAL; 7; 8; 1; 434; INTERNAL; 9; 32; 23; 1331
INTERNAL; 7; 7; 0; 602; INTERNAL; 9; 32; 23; 1331
INTERNAL; 7; 7; 0; 361; INTERNAL; 9; 32; 23; 1331
INTERNAL; 7; 31; 24; 31; INTERNAL; 9; 32; 23; 1331
INTERNAL; 6; 6; 0; 721; INTERNAL; 7; 31; 24; 31
INTERNAL; 6; 6; 0; 800; INTERNAL; 7; 31; 24; 31
INTERNAL; 6; 6; 0; 876; INTERNAL; 7; 31; 24; 31
INTERNAL; 6; 6; 0; 881; INTERNAL; 7; 31; 24; 31
INTERNAL; 6; 6; 0; 770; INTERNAL; 7; 31; 24; 31
INTERNAL; 35; 35; 0; 29; INTERNAL; 36; 37; 1; 28
INTERNAL; 2; 35; 33; 1485; INTERNAL; 36; 37; 1; 28
INTERNAL; 35; 35; 0; 27; INTERNAL; 36; 37; 1; 28
INTERNAL; 34; 34; 0; 38; INTERNAL; 35; 35; 0; 27
INTERNAL; 34; 34; 0; 1486; INTERNAL; 35; 35; 0; 27
INTERNAL; 11; 33; 22; 610; INTERNAL; 35; 35; 0; 27
INTERNAL; 11; 33; 22; 1056; INTERNAL; 35; 35; 0; 27
INTERNAL; 10; 34; 24; 696; INTERNAL; 35; 35; 0; 27
INTERNAL; 9; 30; 21; 47; INTERNAL; 10; 34; 24; 696
INTERNAL; 9; 33; 24; 30; INTERNAL; 10; 34; 24; 696
INTERNAL; 8; 8; 0; 358; INTERNAL; 10; 34; 24; 696
INTERNAL; 8; 19; 11; 948; INTERNAL; 10; 34; 24; 696
INTERNAL; 6; 6; 0; 820; INTERNAL; 9; 33; 24; 30
INTERNAL; 6; 6; 0; 783; INTERNAL; 9; 33; 24; 30
INTERNAL; 6; 6; 0; 296; INTERNAL; 9; 33; 24; 30
INTERNAL; 7; 25; 18; 467; INTERNAL; 9; 33; 24; 30
INTERNAL; 8; 32; 24; 26; INTERNAL; 9; 33; 24; 30
INTERNAL; 6; 6; 0; 970; INTERNAL; 8; 32; 24; 26
INTERNAL; 6; 6; 0; 576; INTERNAL; 8; 32; 24; 26
INTERNAL; 6; 6; 0; 510; INTERNAL; 8; 32; 24; 26
INTERNAL; 6; 6; 0; 894; INTERNAL; 8; 32; 24; 26
INTERNAL; 7; 7; 0; 461; INTERNAL; 8; 32; 24; 26
INTERNAL; 34; 34; 0; 43; INTERNAL; 35; 35; 0; 29
INTERNAL; 34; 34; 0; 38; INTERNAL; 35; 35; 0; 29
INTERNAL; 11; 33; 22; 1056; INTERNAL; 35; 35; 0; 29
INTERNAL; 34; 34; 0; 1486; INTERNAL; 35; 35; 0; 29
INTERNAL; 11; 33; 22; 610; INTERNAL; 35; 35; 0; 29
INTERNAL; 34; 34; 0; 45; INTERNAL; 35; 35; 0; 29
INTERNAL; 35; 35; 0; 27; INTERNAL; 36; 37; 1; 25
INTERNAL; 35; 35; 0; 29; INTERNAL; 36; 37; 1; 25
INTERNAL; 2; 35; 33; 1485; INTERNAL; 36; 37; 1; 25
INTERNAL; 35; 35; 0; 37; INTERNAL; 36; 37; 1; 25
INTERNAL; 34; 34; 0; 38; INTERNAL; 35; 35; 0; 37
INTERNAL; 34; 34; 0; 1486; INTERNAL; 35; 35; 0; 37
INTERNAL; 11; 33; 22; 610; INTERNAL; 35; 35; 0; 37
INTERNAL; 11; 33; 22; 1056; INTERNAL; 35; 35; 0; 37
INTERNAL; 10; 34; 24; 696; INTERNAL; 35; 35; 0; 37
INTERNAL; 10; 34; 24; 887; INTERNAL; 35; 35; 0; 37
INTERNAL; 9; 9; 0; 1362; INTERNAL; 10; 34; 24; 887
INTERNAL; 9; 29; 20; 127; INTERNAL; 10; 34; 24; 887
INTERNAL; 8; 8; 0; 749; INTERNAL; 10; 34; 24; 887
INTERNAL; 8; 33; 25; 24; INTERNAL; 10; 34; 24; 887
INTERNAL; 7; 33; 26; 23; INTERNAL; 10; 34; 24; 887
INTERNAL; 6; 6; 0; 800; INTERNAL; 8; 33; 25; 24
INTERNAL; 6; 6; 0; 482; INTERNAL; 8; 33; 25; 24
INTERNAL; 6; 6; 0; 1126; INTERNAL; 8; 33; 25; 24
INTERNAL; 7; 13; 6; 753; INTERNAL; 8; 33; 25; 24
INTERNAL; 7; 7; 0; 723; INTERNAL; 8; 33; 25; 24
INTERNAL; 6; 6; 0; 931; INTERNAL; 7; 33; 26; 23
INTERNAL; 6; 6; 0; 762; INTERNAL; 7; 33; 26; 23
INTERNAL; 6; 6; 0; 929; INTERNAL; 7; 33; 26; 23
INTERNAL; 6; 6; 0; 978; INTERNAL; 7; 33; 26; 23
INTERNAL; 6; 6; 0; 920; INTERNAL; 7; 33; 26; 23
INTERNAL; 6; 6; 0; 858; INTERNAL; 7; 33; 26; 23
INTERNAL; 36; 36; 0; 22; INTERNAL; 37; 37; 0; 292
INTERNAL; 2; 35; 33; 1485; INTERNAL; 37; 37; 0; 292
INTERNAL; 36; 36; 0; 21; INTERNAL; 37; 37; 0; 292
INTERNAL; 35; 35; 0; 880; INTERNAL; 36; 36; 0; 21
INTERNAL; 35; 35; 0; 111; INTERNAL; 36; 36; 0; 21
INTERNAL; 10; 34; 24; 696; INTERNAL; 35; 35; 0; 880
INTERNAL; 10; 34; 24; 887; INTERNAL; 35; 35; 0; 880
INTERNAL; 34; 34; 0; 20; INTERNAL; 35; 35; 0; 880
INTERNAL; 10; 10; 0; 911; INTERNAL; 35; 35; 0; 880
INTERNAL; 10; 34; 24; 359; INTERNAL; 35; 35; 0; 880
INTERNAL; 33; 33; 0; 36; INTERNAL; 34; 34; 0; 20
INTERNAL; 33; 33; 0; 1096; INTERNAL; 34; 34; 0; 20
INTERNAL; 33; 33; 0; 35; INTERNAL; 34; 34; 0; 20
INTERNAL; 33; 33; 0; 1231; INTERNAL; 34; 34; 0; 20
INTERNAL; 11; 33; 22; 610; INTERNAL; 34; 34; 0; 20
INTERNAL; 11; 33; 22; 1056; INTERNAL; 34; 34; 0; 20
INTERNAL; 7; 15; 8; 1239; INTERNAL; 10; 34; 24; 359
INTERNAL; 6; 6; 0; 621; INTERNAL; 10; 34; 24; 359
INTERNAL; 9; 19; 10; 700; INTERNAL; 10; 34; 24; 359
INTERNAL; 7; 8; 1; 477; INTERNAL; 10; 34; 24; 359
INTERNAL; 7; 7; 0; 496; INTERNAL; 10; 34; 24; 359
INTERNAL; 9; 9; 0; 1362; INTERNAL; 10; 34; 24; 359
INTERNAL; 11; 33; 22; 1056; INTERNAL; 35; 35; 0; 111
INTERNAL; 10; 34; 24; 696; INTERNAL; 35; 35; 0; 111
INTERNAL; 10; 34; 24; 887; INTERNAL; 35; 35; 0; 111
INTERNAL; 34; 34; 0; 1486; INTERNAL; 35; 35; 0; 111
INTERNAL; 11; 33; 22; 610; INTERNAL; 35; 35; 0; 111
INTERNAL; 34; 34; 0; 38; INTERNAL; 35; 35; 0; 111
INTERNAL; 35; 35; 0; 27; INTERNAL; 36; 36; 0; 22
INTERNAL; 35; 35; 0; 29; INTERNAL; 36; 36; 0; 22
INTERNAL; 35; 35; 0; 37; INTERNAL; 36; 36; 0; 22
INTERNAL; 36; 36; 0; 19; INTERNAL; 37; 37; 0; 257
INTERNAL; 36; 36; 0; 1195; INTERNAL; 37; 37; 0; 257
INTERNAL; 2; 35; 33; 1485; INTERNAL; 36; 36; 0; 19
INTERNAL; 35; 35; 0; 27; INTERNAL; 36; 36; 0; 19
INTERNAL; 35; 35; 0; 880; INTERNAL; 36; 36; 0; 19
INTERNAL; 35; 35; 0; 111; INTERNAL; 36; 36; 0; 19
INTERNAL; 35; 35; 0; 37; INTERNAL; 36; 36; 0; 19
INTERNAL; 35; 35; 0; 29; INTERNAL; 36; 36; 0; 19
INTERNAL; 10; 34; 24; 359; INTERNAL; 36; 36; 0; 1195
INTERNAL; 35; 35; 0; 1237; INTERNAL; 36; 36; 0; 1195
INTERNAL; 35; 35; 0; 18; INTERNAL; 36; 36; 0; 1195
INTERNAL; 10; 34; 24; 887; INTERNAL; 36; 36; 0; 1195
INTERNAL; 10; 10; 0; 911; INTERNAL; 36; 36; 0; 1195
INTERNAL; 10; 35; 25; 1135; INTERNAL; 36; 36; 0; 1195
INTERNAL; 10; 34; 24; 696; INTERNAL; 35; 35; 0; 1237
INTERNAL; 34; 34; 0; 20; INTERNAL; 35; 35; 0; 1237
INTERNAL; 11; 33; 22; 1056; INTERNAL; 35; 35; 0; 18
INTERNAL; 10; 34; 24; 696; INTERNAL; 35; 35; 0; 18
INTERNAL; 34; 34; 0; 1486; INTERNAL; 35; 35; 0; 18
INTERNAL; 11; 33; 22; 610; INTERNAL; 35; 35; 0; 18
INTERNAL; 34; 34; 0; 38; INTERNAL; 35; 35; 0; 18
INTERNAL; 9; 9; 0; 984; INTERNAL; 10; 35; 25; 1135
INTERNAL; 9; 9; 0; 1360; INTERNAL; 10; 35; 25; 1135
INTERNAL; 36; 36; 0; 1195; INTERNAL; 37; 37; 0; 812
INTERNAL; 36; 36; 0; 21; INTERNAL; 37; 37; 0; 812
INTERNAL; 36; 36; 0; 22; INTERNAL; 37; 37; 0; 812
INTERNAL; 2; 35; 33; 1485; INTERNAL; 37; 37; 0; 812
INTERNAL; 6; 36; 30; 17; INTERNAL; 37; 37; 0; 812
INTERNAL; 36; 36; 0; 16; INTERNAL; 37; 37; 0; 812
INTERNAL; 10; 10; 0; 911; INTERNAL; 36; 36; 0; 16
INTERNAL; 10; 34; 24; 359; INTERNAL; 36; 36; 0; 16
INTERNAL; 35; 35; 0; 1237; INTERNAL; 36; 36; 0; 16
INTERNAL; 10; 35; 25; 1135; INTERNAL; 36; 36; 0; 16
INTERNAL; 35; 35; 0; 18; INTERNAL; 36; 36; 0; 16
INTERNAL; 10; 34; 24; 887; INTERNAL; 36; 36; 0; 16
INPUT; 1; 5; 4; 810; INTERNAL; 6; 36; 30; 17
INPUT; 1; 5; 4; 304; INTERNAL; 6; 36; 30; 17
INPUT; 1; 4; 3; 574; INTERNAL; 6; 36; 30; 17
INTERNAL; 5; 5; 0; 1514; INTERNAL; 6; 36; 30; 17
INTERNAL; 36; 36; 0; 16; INTERNAL; 37; 37; 0; 1170
INTERNAL; 6; 36; 30; 17; INTERNAL; 37; 37; 0; 1170
INTERNAL; 36; 36; 0; 21; INTERNAL; 37; 37; 0; 1170
INTERNAL; 36; 36; 0; 1195; INTERNAL; 37; 37; 0; 1170
INTERNAL; 36; 36; 0; 22; INTERNAL; 37; 37; 0; 1170
INTERNAL; 2; 35; 33; 1485; INTERNAL; 37; 37; 0; 1170
INTERNAL; 28; 37; 9; 747; OUTPUT; 29; 38; 9; 821
INTERNAL; 29; 37; 8; 1157; OUTPUT; 30; 38; 8; 15
INTERNAL; 29; 37; 8; 244; OUTPUT; 30; 38; 8; 14
INTERNAL; 29; 37; 8; 219; OUTPUT; 30; 38; 8; 782
INTERNAL; 29; 37; 8; 855; OUTPUT; 30; 38; 8; 13
INTERNAL; 30; 37; 7; 179; OUTPUT; 31; 38; 7; 175
INTERNAL; 31; 37; 6; 160; OUTPUT; 32; 38; 6; 12
INTERNAL; 31; 37; 6; 491; OUTPUT; 32; 38; 6; 11
INTERNAL; 32; 37; 5; 1178; OUTPUT; 33; 38; 5; 10
INTERNAL; 32; 37; 5; 124; OUTPUT; 33; 38; 5; 1054
INTERNAL; 33; 37; 4; 112; OUTPUT; 34; 38; 4; 9
INTERNAL; 33; 37; 4; 493; OUTPUT; 34; 38; 4; 1031
INTERNAL; 34; 37; 3; 96; OUTPUT; 35; 38; 3; 8
INTERNAL; 35; 37; 2; 75; OUTPUT; 36; 38; 2; 242
INTERNAL; 35; 37; 2; 61; OUTPUT; 36; 38; 2; 7
INTERNAL; 35; 37; 2; 125; OUTPUT; 36; 38; 2; 6
INTERNAL; 35; 37; 2; 44; OUTPUT; 36; 38; 2; 1159
INTERNAL; 36; 37; 1; 39; OUTPUT; 37; 38; 1; 1247
INTERNAL; 36; 37; 1; 32; OUTPUT; 37; 38; 1; 1016
INTERNAL; 36; 37; 1; 28; OUTPUT; 37; 38; 1; 5
INTERNAL; 36; 37; 1; 25; OUTPUT; 37; 38; 1; 4
INTERNAL; 37; 37; 0; 292; OUTPUT; 38; 38; 0; 3
INTERNAL; 37; 37; 0; 257; OUTPUT; 38; 38; 0; 2
INTERNAL; 37; 37; 0; 812; OUTPUT; 38; 38; 0; 1
INTERNAL; 37; 37; 0; 1170; OUTPUT; 38; 38; 0; 0
