TYPE; ASAP; ALAP; SLACK; A; TYPE; ASAP; ALAP; SLACK; B
UNKNOWN; -1; -1; -1; -1; OUTPUT; 16; 20; 4; 21
OUTPUT; 16; 20; 4; 21; INTERNAL; 15; 19; 4; 5149
INTERNAL; 15; 19; 4; 5149; INTERNAL; 14; 15; 1; 4067
INTERNAL; 14; 15; 1; 4067; INTERNAL; 12; 14; 2; 5090
INTERNAL; 12; 14; 2; 5090; INTERNAL; 5; 12; 7; 4787
INTERNAL; 5; 12; 7; 4787; INTERNAL; 2; 5; 3; 2564
INTERNAL; 2; 5; 3; 2564; INPUT; 1; 3; 2; 1865
INTERNAL; 2; 5; 3; 2564; INPUT; 1; 3; 2; 4212
INTERNAL; 2; 5; 3; 2564; INPUT; 1; 3; 2; 4825
INTERNAL; 5; 12; 7; 4787; INTERNAL; 2; 5; 3; 1373
INTERNAL; 2; 5; 3; 1373; INPUT; 1; 4; 3; 2800
INTERNAL; 2; 5; 3; 1373; INPUT; 1; 4; 3; 2277
INTERNAL; 2; 5; 3; 1373; INPUT; 1; 4; 3; 3039
INTERNAL; 2; 5; 3; 1373; INPUT; 1; 4; 3; 1953
INTERNAL; 5; 12; 7; 4787; INTERNAL; 4; 11; 7; 5055
INTERNAL; 4; 11; 7; 5055; INPUT; 1; 5; 4; 5057
INTERNAL; 4; 11; 7; 5055; INTERNAL; 2; 10; 8; 5060
INTERNAL; 2; 10; 8; 5060; INPUT; 1; 3; 2; 2198
INTERNAL; 2; 10; 8; 5060; INPUT; 1; 3; 2; 2063
INTERNAL; 2; 10; 8; 5060; INPUT; 1; 3; 2; 4481
INTERNAL; 2; 10; 8; 5060; INPUT; 1; 3; 2; 3228
INTERNAL; 2; 10; 8; 5060; INPUT; 1; 3; 2; 2051
INTERNAL; 2; 10; 8; 5060; INPUT; 1; 3; 2; 4480
INTERNAL; 4; 11; 7; 5055; INTERNAL; 2; 4; 2; 5062
INTERNAL; 2; 4; 2; 5062; INPUT; 1; 3; 2; 4454
INTERNAL; 2; 4; 2; 5062; INPUT; 1; 3; 2; 1257
INTERNAL; 2; 4; 2; 5062; INPUT; 1; 3; 2; 1251
INTERNAL; 2; 4; 2; 5062; INPUT; 1; 3; 2; 4479
INTERNAL; 4; 11; 7; 5055; INTERNAL; 2; 10; 8; 2278
INTERNAL; 2; 10; 8; 2278; INPUT; 1; 5; 4; 5063
INTERNAL; 2; 10; 8; 2278; INPUT; 1; 6; 5; 985
INTERNAL; 2; 10; 8; 2278; INPUT; 1; 5; 4; 2664
INTERNAL; 4; 11; 7; 5055; INTERNAL; 3; 6; 3; 1036
INTERNAL; 3; 6; 3; 1036; INPUT; 1; 4; 3; 1385
INTERNAL; 3; 6; 3; 1036; INPUT; 1; 4; 3; 2793
INTERNAL; 3; 6; 3; 1036; INTERNAL; 2; 5; 3; 1031
INTERNAL; 2; 5; 3; 1031; INPUT; 1; 4; 3; 1381
INTERNAL; 2; 5; 3; 1031; INPUT; 1; 4; 3; 793
INTERNAL; 5; 12; 7; 4787; INTERNAL; 3; 11; 8; 4896
INTERNAL; 3; 11; 8; 4896; INPUT; 1; 5; 4; 1858
INTERNAL; 3; 11; 8; 4896; INTERNAL; 2; 10; 8; 1661
INTERNAL; 2; 10; 8; 1661; INPUT; 1; 4; 3; 3418
INTERNAL; 2; 10; 8; 1661; INPUT; 1; 4; 3; 3788
INTERNAL; 2; 10; 8; 1661; INPUT; 1; 4; 3; 650
INTERNAL; 2; 10; 8; 1661; INPUT; 1; 4; 3; 3601
INTERNAL; 3; 11; 8; 4896; INPUT; 1; 5; 4; 2856
INTERNAL; 3; 11; 8; 4896; INTERNAL; 2; 5; 3; 3668
INTERNAL; 2; 5; 3; 3668; INPUT; 1; 4; 3; 2861
INTERNAL; 2; 5; 3; 3668; INPUT; 1; 4; 3; 2056
INTERNAL; 2; 5; 3; 3668; INPUT; 1; 4; 3; 2230
INTERNAL; 2; 5; 3; 3668; INPUT; 1; 4; 3; 2713
INTERNAL; 3; 11; 8; 4896; INPUT; 1; 5; 4; 5065
INTERNAL; 3; 11; 8; 4896; INPUT; 1; 5; 4; 962
INTERNAL; 5; 12; 7; 4787; INPUT; 1; 3; 2; 3451
INTERNAL; 5; 12; 7; 4787; INTERNAL; 2; 4; 2; 3243
INTERNAL; 2; 4; 2; 3243; INPUT; 1; 2; 1; 1304
INTERNAL; 2; 4; 2; 3243; INPUT; 1; 2; 1; 1402
INTERNAL; 2; 4; 2; 3243; INPUT; 1; 2; 1; 1294
INTERNAL; 2; 4; 2; 3243; INPUT; 1; 2; 1; 3488
INTERNAL; 12; 14; 2; 5090; INTERNAL; 4; 12; 8; 2843
INTERNAL; 4; 12; 8; 2843; INPUT; 1; 4; 3; 3088
INTERNAL; 4; 12; 8; 2843; INTERNAL; 3; 11; 8; 1150
INTERNAL; 3; 11; 8; 1150; INTERNAL; 2; 4; 2; 5074
INTERNAL; 2; 4; 2; 5074; INPUT; 1; 3; 2; 5734
INTERNAL; 2; 4; 2; 5074; INPUT; 1; 3; 2; 1343
INTERNAL; 2; 4; 2; 5074; INPUT; 1; 3; 2; 1252
INTERNAL; 2; 4; 2; 5074; INPUT; 1; 3; 2; 1116
INTERNAL; 3; 11; 8; 1150; INTERNAL; 2; 5; 3; 5039
INTERNAL; 2; 5; 3; 5039; INPUT; 1; 4; 3; 4046
INTERNAL; 2; 5; 3; 5039; INPUT; 1; 4; 3; 4390
INTERNAL; 2; 5; 3; 5039; INPUT; 1; 4; 3; 3060
INTERNAL; 2; 5; 3; 5039; INPUT; 1; 4; 3; 2904
INTERNAL; 3; 11; 8; 1150; INTERNAL; 2; 6; 4; 870
INTERNAL; 2; 6; 4; 870; INPUT; 1; 5; 4; 4934
INTERNAL; 2; 6; 4; 870; INPUT; 1; 4; 3; 3892
INTERNAL; 2; 6; 4; 870; INPUT; 1; 4; 3; 3894
INTERNAL; 2; 6; 4; 870; INPUT; 1; 4; 3; 3578
INTERNAL; 3; 11; 8; 1150; INTERNAL; 2; 4; 2; 2572
INTERNAL; 2; 4; 2; 2572; INPUT; 1; 3; 2; 3616
INTERNAL; 2; 4; 2; 2572; INPUT; 1; 3; 2; 2271
INTERNAL; 2; 4; 2; 2572; INPUT; 1; 3; 2; 2880
INTERNAL; 2; 4; 2; 2572; INPUT; 1; 3; 2; 2506
INTERNAL; 4; 12; 8; 2843; INPUT; 1; 4; 3; 2876
INTERNAL; 4; 12; 8; 2843; INPUT; 1; 4; 3; 895
INTERNAL; 4; 12; 8; 2843; INTERNAL; 3; 11; 8; 5067
INTERNAL; 3; 11; 8; 5067; INTERNAL; 2; 4; 2; 705
INTERNAL; 2; 4; 2; 705; INPUT; 1; 3; 2; 1921
INTERNAL; 2; 4; 2; 705; INPUT; 1; 3; 2; 2437
INTERNAL; 3; 11; 8; 5067; INPUT; 1; 3; 2; 965
INTERNAL; 3; 11; 8; 5067; INTERNAL; 2; 5; 3; 2162
INTERNAL; 2; 5; 3; 2162; INPUT; 1; 4; 3; 2185
INTERNAL; 2; 5; 3; 2162; INPUT; 1; 4; 3; 2592
INTERNAL; 2; 5; 3; 2162; INPUT; 1; 4; 3; 2170
INTERNAL; 2; 5; 3; 2162; INPUT; 1; 4; 3; 2975
INTERNAL; 3; 11; 8; 5067; INTERNAL; 2; 10; 8; 5134
INTERNAL; 2; 10; 8; 5134; INPUT; 1; 4; 3; 1234
INTERNAL; 2; 10; 8; 5134; INPUT; 1; 4; 3; 1233
INTERNAL; 2; 10; 8; 5134; INPUT; 1; 4; 3; 1231
INTERNAL; 3; 11; 8; 5067; INPUT; 1; 4; 3; 3605
INTERNAL; 3; 11; 8; 5067; INPUT; 1; 3; 2; 3438
INTERNAL; 4; 12; 8; 2843; INTERNAL; 3; 11; 8; 5515
INTERNAL; 3; 11; 8; 5515; INTERNAL; 2; 10; 8; 5070
INTERNAL; 2; 10; 8; 5070; INPUT; 1; 3; 2; 1983
INTERNAL; 2; 10; 8; 5070; INPUT; 1; 3; 2; 887
INTERNAL; 2; 10; 8; 5070; INPUT; 1; 3; 2; 5168
INTERNAL; 2; 10; 8; 5070; INPUT; 1; 3; 2; 2580
INTERNAL; 3; 11; 8; 5515; INPUT; 1; 4; 3; 2763
INTERNAL; 3; 11; 8; 5515; INTERNAL; 2; 8; 6; 4744
INTERNAL; 2; 8; 6; 4744; INPUT; 1; 4; 3; 3735
INTERNAL; 2; 8; 6; 4744; INPUT; 1; 4; 3; 1924
INTERNAL; 3; 11; 8; 5515; INPUT; 1; 4; 3; 2296
INTERNAL; 3; 11; 8; 5515; INTERNAL; 2; 4; 2; 5069
INTERNAL; 2; 4; 2; 5069; INPUT; 1; 3; 2; 3235
INTERNAL; 2; 4; 2; 5069; INPUT; 1; 3; 2; 3425
INTERNAL; 12; 14; 2; 5090; INTERNAL; 11; 12; 1; 792
INTERNAL; 11; 12; 1; 792; INTERNAL; 10; 11; 1; 4788
INTERNAL; 10; 11; 1; 4788; INTERNAL; 5; 10; 5; 4799
INTERNAL; 5; 10; 5; 4799; INTERNAL; 4; 7; 3; 5020
INTERNAL; 4; 7; 3; 5020; INTERNAL; 3; 5; 2; 2789
INTERNAL; 3; 5; 2; 2789; INTERNAL; 2; 4; 2; 2906
INTERNAL; 2; 4; 2; 2906; INPUT; 1; 3; 2; 4476
INTERNAL; 2; 4; 2; 2906; INPUT; 1; 3; 2; 2294
INTERNAL; 3; 5; 2; 2789; INPUT; 1; 4; 3; 5892
INTERNAL; 3; 5; 2; 2789; INPUT; 1; 4; 3; 2538
INTERNAL; 4; 7; 3; 5020; INPUT; 1; 5; 4; 5019
INTERNAL; 4; 7; 3; 5020; INPUT; 1; 5; 4; 2389
INTERNAL; 4; 7; 3; 5020; INPUT; 1; 5; 4; 4981
INTERNAL; 4; 7; 3; 5020; INTERNAL; 2; 5; 3; 5023
INTERNAL; 2; 5; 3; 5023; INPUT; 1; 4; 3; 3958
INTERNAL; 2; 5; 3; 5023; INPUT; 1; 4; 3; 4920
INTERNAL; 2; 5; 3; 5023; INPUT; 1; 4; 3; 5024
INTERNAL; 2; 5; 3; 5023; INPUT; 1; 4; 3; 2134
INTERNAL; 4; 7; 3; 5020; INPUT; 1; 5; 4; 4985
INTERNAL; 5; 10; 5; 4799; INTERNAL; 3; 7; 4; 5016
INTERNAL; 3; 7; 4; 5016; INPUT; 1; 3; 2; 1734
INTERNAL; 3; 7; 4; 5016; INPUT; 1; 3; 2; 2846
INTERNAL; 3; 7; 4; 5016; INTERNAL; 2; 5; 3; 866
INTERNAL; 2; 5; 3; 866; INPUT; 1; 4; 3; 5671
INTERNAL; 3; 7; 4; 5016; INPUT; 1; 3; 2; 5317
INTERNAL; 5; 10; 5; 4799; INTERNAL; 2; 9; 7; 2029
INTERNAL; 2; 9; 7; 2029; INPUT; 1; 5; 4; 3649
INTERNAL; 2; 9; 7; 2029; INPUT; 1; 5; 4; 3702
INTERNAL; 5; 10; 5; 4799; INTERNAL; 3; 7; 4; 4275
INTERNAL; 3; 7; 4; 4275; INTERNAL; 2; 4; 2; 3275
INTERNAL; 2; 4; 2; 3275; INPUT; 1; 3; 2; 2882
INTERNAL; 2; 4; 2; 3275; INPUT; 1; 3; 2; 2712
INTERNAL; 3; 7; 4; 4275; INPUT; 1; 4; 3; 2886
INTERNAL; 3; 7; 4; 4275; INPUT; 1; 4; 3; 2884
INTERNAL; 5; 10; 5; 4799; INTERNAL; 3; 9; 6; 5017
INTERNAL; 3; 9; 6; 5017; INPUT; 1; 3; 2; 1378
INTERNAL; 3; 9; 6; 5017; INTERNAL; 2; 4; 2; 3565
INTERNAL; 2; 4; 2; 3565; INPUT; 1; 3; 2; 1358
INTERNAL; 2; 4; 2; 3565; INPUT; 1; 3; 2; 3871
INTERNAL; 2; 4; 2; 3565; INPUT; 1; 3; 2; 4114
INTERNAL; 2; 4; 2; 3565; INPUT; 1; 3; 2; 1362
INTERNAL; 3; 9; 6; 5017; INTERNAL; 2; 6; 4; 4579
INTERNAL; 2; 6; 4; 4579; INPUT; 1; 4; 3; 5627
INTERNAL; 2; 6; 4; 4579; INPUT; 1; 4; 3; 2862
INTERNAL; 2; 6; 4; 4579; INPUT; 1; 4; 3; 1537
INTERNAL; 2; 6; 4; 4579; INPUT; 1; 4; 3; 2666
INTERNAL; 3; 9; 6; 5017; INPUT; 1; 4; 3; 2625
INTERNAL; 3; 9; 6; 5017; INPUT; 1; 3; 2; 3693
INTERNAL; 3; 9; 6; 5017; INPUT; 1; 4; 3; 2844
INTERNAL; 5; 10; 5; 4799; INTERNAL; 2; 4; 2; 2831
INTERNAL; 2; 4; 2; 2831; INPUT; 1; 2; 1; 3404
INTERNAL; 2; 4; 2; 2831; INPUT; 1; 2; 1; 4821
INTERNAL; 2; 4; 2; 2831; INPUT; 1; 2; 1; 4820
INTERNAL; 10; 11; 1; 4788; INTERNAL; 9; 10; 1; 1834
INTERNAL; 9; 10; 1; 1834; INTERNAL; 8; 9; 1; 1227
INTERNAL; 8; 9; 1; 1227; INTERNAL; 5; 8; 3; 4876
INTERNAL; 5; 8; 3; 4876; INTERNAL; 2; 6; 4; 4246
INTERNAL; 2; 6; 4; 4246; INPUT; 1; 5; 4; 2680
INTERNAL; 2; 6; 4; 4246; INPUT; 1; 5; 4; 4257
INTERNAL; 2; 6; 4; 4246; INPUT; 1; 5; 4; 4733
INTERNAL; 2; 6; 4; 4246; INPUT; 1; 5; 4; 3452
INTERNAL; 5; 8; 3; 4876; INTERNAL; 3; 7; 4; 1364
INTERNAL; 3; 7; 4; 1364; INTERNAL; 2; 6; 4; 1450
INTERNAL; 2; 6; 4; 1450; INPUT; 1; 5; 4; 2754
INTERNAL; 2; 6; 4; 1450; INPUT; 1; 5; 4; 909
INTERNAL; 2; 6; 4; 1450; INPUT; 1; 5; 4; 725
INTERNAL; 3; 7; 4; 1364; INPUT; 1; 3; 2; 1128
INTERNAL; 3; 7; 4; 1364; INTERNAL; 2; 6; 4; 3591
INTERNAL; 2; 6; 4; 3591; INPUT; 1; 3; 2; 1657
INTERNAL; 2; 6; 4; 3591; INPUT; 1; 3; 2; 5143
INTERNAL; 2; 6; 4; 3591; INPUT; 1; 3; 2; 2301
INTERNAL; 2; 6; 4; 3591; INPUT; 1; 3; 2; 761
INTERNAL; 3; 7; 4; 1364; INPUT; 1; 3; 2; 3569
INTERNAL; 5; 8; 3; 4876; INTERNAL; 3; 7; 4; 4943
INTERNAL; 3; 7; 4; 4943; INTERNAL; 2; 5; 3; 1123
INTERNAL; 2; 5; 3; 1123; INPUT; 1; 3; 2; 1951
INTERNAL; 2; 5; 3; 1123; INPUT; 1; 3; 2; 712
INTERNAL; 2; 5; 3; 1123; INPUT; 1; 3; 2; 5181
INTERNAL; 3; 7; 4; 4943; INPUT; 1; 5; 4; 3701
INTERNAL; 3; 7; 4; 4943; INTERNAL; 2; 5; 3; 4577
INTERNAL; 2; 5; 3; 4577; INPUT; 1; 3; 2; 5406
INTERNAL; 2; 5; 3; 4577; INPUT; 1; 3; 2; 2510
INTERNAL; 2; 5; 3; 4577; INPUT; 1; 3; 2; 1864
INTERNAL; 5; 8; 3; 4876; INTERNAL; 3; 7; 4; 3230
INTERNAL; 3; 7; 4; 3230; INTERNAL; 2; 6; 4; 3505
INTERNAL; 2; 6; 4; 3505; INPUT; 1; 4; 3; 1623
INTERNAL; 2; 6; 4; 3505; INPUT; 1; 3; 2; 1939
INTERNAL; 2; 6; 4; 3505; INPUT; 1; 4; 3; 1938
INTERNAL; 2; 6; 4; 3505; INPUT; 1; 3; 2; 3209
INTERNAL; 3; 7; 4; 3230; INPUT; 1; 3; 2; 1433
INTERNAL; 3; 7; 4; 3230; INPUT; 1; 4; 3; 2022
INTERNAL; 3; 7; 4; 3230; INTERNAL; 2; 6; 4; 3808
INTERNAL; 2; 6; 4; 3808; INPUT; 1; 4; 3; 3300
INTERNAL; 2; 6; 4; 3808; INPUT; 1; 4; 3; 4163
INTERNAL; 2; 6; 4; 3808; INPUT; 1; 5; 4; 1908
INTERNAL; 2; 6; 4; 3808; INPUT; 1; 4; 3; 1952
INTERNAL; 3; 7; 4; 3230; INPUT; 1; 3; 2; 2548
INTERNAL; 3; 7; 4; 3230; INPUT; 1; 4; 3; 1689
INTERNAL; 5; 8; 3; 4876; INTERNAL; 4; 7; 3; 4945
INTERNAL; 4; 7; 3; 4945; INPUT; 1; 4; 3; 1186
INTERNAL; 4; 7; 3; 4945; INPUT; 1; 4; 3; 1454
INTERNAL; 4; 7; 3; 4945; INPUT; 1; 4; 3; 2077
INTERNAL; 4; 7; 3; 4945; INTERNAL; 3; 6; 3; 4947
INTERNAL; 3; 6; 3; 4947; INPUT; 1; 2; 1; 1561
INTERNAL; 3; 6; 3; 4947; INPUT; 1; 2; 1; 1438
INTERNAL; 3; 6; 3; 4947; INPUT; 1; 2; 1; 2403
INTERNAL; 8; 9; 1; 1227; INTERNAL; 7; 8; 1; 3869
INTERNAL; 7; 8; 1; 3869; INTERNAL; 6; 7; 1; 1380
INTERNAL; 6; 7; 1; 1380; INTERNAL; 2; 5; 3; 4877
INTERNAL; 2; 5; 3; 4877; INPUT; 1; 4; 3; 2005
INTERNAL; 2; 5; 3; 4877; INPUT; 1; 4; 3; 1412
INTERNAL; 2; 5; 3; 4877; INPUT; 1; 4; 3; 2125
INTERNAL; 6; 7; 1; 1380; INTERNAL; 2; 4; 2; 732
INTERNAL; 2; 4; 2; 732; INPUT; 1; 3; 2; 1154
INTERNAL; 2; 4; 2; 732; INPUT; 1; 3; 2; 1747
INTERNAL; 2; 4; 2; 732; INPUT; 1; 3; 2; 3342
INTERNAL; 2; 4; 2; 732; INPUT; 1; 3; 2; 1918
INTERNAL; 6; 7; 1; 1380; INTERNAL; 5; 6; 1; 2433
INTERNAL; 5; 6; 1; 2433; INTERNAL; 2; 4; 2; 3740
INTERNAL; 2; 4; 2; 3740; INPUT; 1; 3; 2; 4029
INTERNAL; 2; 4; 2; 3740; INPUT; 1; 3; 2; 2693
INTERNAL; 5; 6; 1; 2433; INTERNAL; 2; 5; 3; 4879
INTERNAL; 2; 5; 3; 4879; INPUT; 1; 4; 3; 4885
INTERNAL; 2; 5; 3; 4879; INPUT; 1; 4; 3; 2600
INTERNAL; 2; 5; 3; 4879; INPUT; 1; 4; 3; 4881
INTERNAL; 2; 5; 3; 4879; INPUT; 1; 4; 3; 4883
INTERNAL; 5; 6; 1; 2433; INPUT; 1; 5; 4; 4392
INTERNAL; 5; 6; 1; 2433; INPUT; 1; 5; 4; 4391
INTERNAL; 5; 6; 1; 2433; INTERNAL; 4; 5; 1; 597
INTERNAL; 4; 5; 1; 597; INTERNAL; 3; 4; 1; 5637
INTERNAL; 3; 4; 1; 5637; INTERNAL; 2; 3; 1; 1614
INTERNAL; 2; 3; 1; 1614; INPUT; 1; 2; 1; 3593
INTERNAL; 2; 3; 1; 1614; INPUT; 1; 2; 1; 2046
INTERNAL; 2; 3; 1; 1614; INPUT; 1; 2; 1; 2248
INTERNAL; 3; 4; 1; 5637; INPUT; 1; 3; 2; 2381
INTERNAL; 4; 5; 1; 597; INPUT; 1; 4; 3; 3969
INTERNAL; 4; 5; 1; 597; INPUT; 1; 4; 3; 1455
INTERNAL; 4; 5; 1; 597; INPUT; 1; 4; 3; 1756
INTERNAL; 4; 5; 1; 597; INTERNAL; 2; 4; 2; 4529
INTERNAL; 2; 4; 2; 4529; INPUT; 1; 3; 2; 2470
INTERNAL; 2; 4; 2; 4529; INPUT; 1; 3; 2; 4880
INTERNAL; 2; 4; 2; 4529; INPUT; 1; 3; 2; 2394
INTERNAL; 2; 4; 2; 4529; INPUT; 1; 3; 2; 3180
INTERNAL; 4; 5; 1; 597; INPUT; 1; 4; 3; 2176
INTERNAL; 5; 6; 1; 2433; INPUT; 1; 5; 4; 2416
INTERNAL; 6; 7; 1; 1380; INTERNAL; 4; 6; 2; 4792
INTERNAL; 4; 6; 2; 4792; INPUT; 1; 5; 4; 1937
INTERNAL; 4; 6; 2; 4792; INTERNAL; 2; 5; 3; 4906
INTERNAL; 2; 5; 3; 4906; INPUT; 1; 4; 3; 1239
INTERNAL; 2; 5; 3; 4906; INPUT; 1; 4; 3; 2594
INTERNAL; 2; 5; 3; 4906; INPUT; 1; 4; 3; 2010
INTERNAL; 2; 5; 3; 4906; INPUT; 1; 4; 3; 1868
INTERNAL; 4; 6; 2; 4792; INTERNAL; 3; 5; 2; 1236
INTERNAL; 3; 5; 2; 1236; INTERNAL; 2; 4; 2; 1207
INTERNAL; 2; 4; 2; 1207; INPUT; 1; 3; 2; 1325
INTERNAL; 2; 4; 2; 1207; INPUT; 1; 3; 2; 4415
INTERNAL; 3; 5; 2; 1236; INPUT; 1; 3; 2; 1327
INTERNAL; 3; 5; 2; 1236; INPUT; 1; 3; 2; 4641
INTERNAL; 4; 6; 2; 4792; INPUT; 1; 5; 4; 4889
INTERNAL; 4; 6; 2; 4792; INPUT; 1; 5; 4; 1936
INTERNAL; 6; 7; 1; 1380; INTERNAL; 2; 5; 3; 3233
INTERNAL; 2; 5; 3; 3233; INPUT; 1; 3; 2; 1005
INTERNAL; 2; 5; 3; 3233; INPUT; 1; 3; 2; 669
INTERNAL; 2; 5; 3; 3233; INPUT; 1; 3; 2; 1007
INTERNAL; 2; 5; 3; 3233; INPUT; 1; 3; 2; 2755
INTERNAL; 7; 8; 1; 3869; INTERNAL; 4; 7; 3; 5073
INTERNAL; 4; 7; 3; 5073; INTERNAL; 3; 6; 3; 1367
INTERNAL; 3; 6; 3; 1367; INPUT; 1; 3; 2; 1853
INTERNAL; 3; 6; 3; 1367; INPUT; 1; 5; 4; 1693
INTERNAL; 3; 6; 3; 1367; INPUT; 1; 5; 4; 4101
INTERNAL; 3; 6; 3; 1367; INTERNAL; 2; 3; 1; 3845
INTERNAL; 2; 3; 1; 3845; INPUT; 1; 2; 1; 1508
INTERNAL; 2; 3; 1; 3845; INPUT; 1; 2; 1; 3999
INTERNAL; 3; 6; 3; 1367; INTERNAL; 2; 5; 3; 4051
INTERNAL; 2; 5; 3; 4051; INPUT; 1; 3; 2; 2086
INTERNAL; 2; 5; 3; 4051; INPUT; 1; 3; 2; 2767
INTERNAL; 2; 5; 3; 4051; INPUT; 1; 3; 2; 2527
INTERNAL; 2; 5; 3; 4051; INPUT; 1; 3; 2; 2642
INTERNAL; 3; 6; 3; 1367; INTERNAL; 2; 5; 3; 4914
INTERNAL; 2; 5; 3; 4914; INPUT; 1; 3; 2; 1776
INTERNAL; 2; 5; 3; 4914; INPUT; 1; 4; 3; 1220
INTERNAL; 2; 5; 3; 4914; INPUT; 1; 4; 3; 4791
INTERNAL; 2; 5; 3; 4914; INPUT; 1; 3; 2; 1842
INTERNAL; 4; 7; 3; 5073; INTERNAL; 3; 6; 3; 4910
INTERNAL; 3; 6; 3; 4910; INTERNAL; 2; 5; 3; 1393
INTERNAL; 3; 6; 3; 4910; INTERNAL; 2; 5; 3; 3470
INTERNAL; 2; 5; 3; 3470; INPUT; 1; 3; 2; 2201
INTERNAL; 4; 7; 3; 5073; INTERNAL; 2; 6; 4; 4852
INTERNAL; 2; 6; 4; 4852; INPUT; 1; 4; 3; 2485
INTERNAL; 2; 6; 4; 4852; INPUT; 1; 4; 3; 1387
INTERNAL; 2; 6; 4; 4852; INPUT; 1; 4; 3; 3582
INTERNAL; 4; 7; 3; 5073; INTERNAL; 3; 6; 3; 4911
INTERNAL; 3; 6; 3; 4911; INPUT; 1; 2; 1; 3194
INTERNAL; 3; 6; 3; 4911; INPUT; 1; 2; 1; 5541
INTERNAL; 3; 6; 3; 4911; INPUT; 1; 3; 2; 2459
INTERNAL; 3; 6; 3; 4911; INPUT; 1; 2; 1; 3195
INTERNAL; 4; 7; 3; 5073; INTERNAL; 3; 6; 3; 5321
INTERNAL; 3; 6; 3; 5321; INPUT; 1; 4; 3; 5342
INTERNAL; 3; 6; 3; 5321; INTERNAL; 2; 5; 3; 4915
INTERNAL; 2; 5; 3; 4915; INPUT; 1; 3; 2; 3355
INTERNAL; 2; 5; 3; 4915; INPUT; 1; 3; 2; 2254
INTERNAL; 2; 5; 3; 4915; INPUT; 1; 3; 2; 3358
INTERNAL; 2; 5; 3; 4915; INPUT; 1; 3; 2; 3363
INTERNAL; 3; 6; 3; 5321; INPUT; 1; 4; 3; 2266
INTERNAL; 3; 6; 3; 5321; INTERNAL; 2; 4; 2; 3444
INTERNAL; 2; 4; 2; 3444; INPUT; 1; 3; 2; 2969
INTERNAL; 2; 4; 2; 3444; INPUT; 1; 3; 2; 2283
INTERNAL; 3; 6; 3; 5321; INTERNAL; 2; 4; 2; 1826
INTERNAL; 2; 4; 2; 1826; INPUT; 1; 3; 2; 2012
INTERNAL; 2; 4; 2; 1826; INPUT; 1; 3; 2; 1956
INTERNAL; 7; 8; 1; 3869; INTERNAL; 5; 7; 2; 5556
INTERNAL; 5; 7; 2; 5556; INTERNAL; 4; 6; 2; 3340
INTERNAL; 4; 6; 2; 3340; INTERNAL; 2; 5; 3; 832
INTERNAL; 2; 5; 3; 832; INPUT; 1; 2; 1; 3557
INTERNAL; 2; 5; 3; 832; INPUT; 1; 2; 1; 1290
INTERNAL; 2; 5; 3; 832; INPUT; 1; 2; 1; 1241
INTERNAL; 2; 5; 3; 832; INPUT; 1; 2; 1; 4326
INTERNAL; 4; 6; 2; 3340; INPUT; 1; 5; 4; 4898
INTERNAL; 4; 6; 2; 3340; INTERNAL; 2; 5; 3; 4899
INTERNAL; 2; 5; 3; 4899; INPUT; 1; 4; 3; 4905
INTERNAL; 2; 5; 3; 4899; INPUT; 1; 4; 3; 2487
INTERNAL; 2; 5; 3; 4899; INPUT; 1; 4; 3; 4909
INTERNAL; 2; 5; 3; 4899; INPUT; 1; 4; 3; 4904
INTERNAL; 4; 6; 2; 3340; INTERNAL; 3; 5; 2; 1906
INTERNAL; 3; 5; 2; 1906; INPUT; 1; 4; 3; 1698
INTERNAL; 3; 5; 2; 1906; INPUT; 1; 4; 3; 680
INTERNAL; 3; 5; 2; 1906; INPUT; 1; 4; 3; 3566
INTERNAL; 3; 5; 2; 1906; INTERNAL; 2; 4; 2; 4901
INTERNAL; 2; 4; 2; 4901; INPUT; 1; 3; 2; 1927
INTERNAL; 2; 4; 2; 4901; INPUT; 1; 3; 2; 2923
INTERNAL; 2; 4; 2; 4901; INPUT; 1; 3; 2; 1898
INTERNAL; 3; 5; 2; 1906; INTERNAL; 2; 4; 2; 4903
INTERNAL; 2; 4; 2; 4903; INPUT; 1; 3; 2; 1476
INTERNAL; 2; 4; 2; 4903; INPUT; 1; 3; 2; 6001
INTERNAL; 2; 4; 2; 4903; INPUT; 1; 3; 2; 819
INTERNAL; 5; 7; 2; 5556; INTERNAL; 2; 4; 2; 4423
INTERNAL; 5; 7; 2; 5556; INTERNAL; 4; 6; 2; 4893
INTERNAL; 4; 6; 2; 4893; INTERNAL; 3; 5; 2; 4895
INTERNAL; 3; 5; 2; 4895; INTERNAL; 2; 4; 2; 3475
INTERNAL; 2; 4; 2; 3475; INPUT; 1; 3; 2; 3564
INTERNAL; 2; 4; 2; 3475; INPUT; 1; 3; 2; 2731
INTERNAL; 3; 5; 2; 4895; INPUT; 1; 4; 3; 2168
INTERNAL; 4; 6; 2; 4893; INTERNAL; 2; 4; 2; 3948
INTERNAL; 2; 4; 2; 3948; INPUT; 1; 3; 2; 3953
INTERNAL; 2; 4; 2; 3948; INPUT; 1; 3; 2; 1888
INTERNAL; 2; 4; 2; 3948; INPUT; 1; 3; 2; 1879
INTERNAL; 2; 4; 2; 3948; INPUT; 1; 3; 2; 1891
INTERNAL; 4; 6; 2; 4893; INTERNAL; 2; 5; 3; 1175
INTERNAL; 2; 5; 3; 1175; INPUT; 1; 2; 1; 1295
INTERNAL; 2; 5; 3; 1175; INPUT; 1; 2; 1; 2687
INTERNAL; 2; 5; 3; 1175; INPUT; 1; 2; 1; 2447
INTERNAL; 2; 5; 3; 1175; INPUT; 1; 2; 1; 2167
INTERNAL; 8; 9; 1; 1227; INTERNAL; 6; 8; 2; 1539
INTERNAL; 6; 8; 2; 1539; INTERNAL; 5; 7; 2; 3446
INTERNAL; 5; 7; 2; 3446; INTERNAL; 4; 6; 2; 4919
INTERNAL; 4; 6; 2; 4919; INPUT; 1; 2; 1; 2300
INTERNAL; 4; 6; 2; 4919; INPUT; 1; 2; 1; 3263
INTERNAL; 4; 6; 2; 4919; INTERNAL; 3; 5; 2; 2284
INTERNAL; 3; 5; 2; 2284; INTERNAL; 2; 4; 2; 1975
INTERNAL; 3; 5; 2; 2284; INPUT; 1; 4; 3; 1243
INTERNAL; 4; 6; 2; 4919; INPUT; 1; 2; 1; 1444
INTERNAL; 5; 7; 2; 3446; INTERNAL; 2; 5; 3; 2303
INTERNAL; 2; 5; 3; 2303; INPUT; 1; 4; 3; 2067
INTERNAL; 2; 5; 3; 2303; INPUT; 1; 4; 3; 3219
INTERNAL; 2; 5; 3; 2303; INPUT; 1; 4; 3; 2735
INTERNAL; 2; 5; 3; 2303; INPUT; 1; 4; 3; 3130
INTERNAL; 5; 7; 2; 3446; INPUT; 1; 4; 3; 3338
INTERNAL; 5; 7; 2; 3446; INTERNAL; 2; 4; 2; 860
INTERNAL; 2; 4; 2; 860; INPUT; 1; 3; 2; 2533
INTERNAL; 2; 4; 2; 860; INPUT; 1; 3; 2; 2674
INTERNAL; 2; 4; 2; 860; INPUT; 1; 3; 2; 2452
INTERNAL; 2; 4; 2; 860; INPUT; 1; 3; 2; 3245
INTERNAL; 5; 7; 2; 3446; INTERNAL; 2; 6; 4; 4923
INTERNAL; 2; 6; 4; 4923; INPUT; 1; 3; 2; 1008
INTERNAL; 2; 6; 4; 4923; INPUT; 1; 3; 2; 5650
INTERNAL; 2; 6; 4; 4923; INPUT; 1; 3; 2; 768
INTERNAL; 5; 7; 2; 3446; INTERNAL; 4; 6; 2; 3860
INTERNAL; 4; 6; 2; 3860; INTERNAL; 3; 5; 2; 2260
INTERNAL; 3; 5; 2; 2260; INPUT; 1; 3; 2; 2105
INTERNAL; 3; 5; 2; 2260; INPUT; 1; 3; 2; 2839
INTERNAL; 3; 5; 2; 2260; INTERNAL; 2; 3; 1; 2946
INTERNAL; 2; 3; 1; 2946; INPUT; 1; 2; 1; 3442
INTERNAL; 2; 3; 1; 2946; INPUT; 1; 2; 1; 2915
INTERNAL; 4; 6; 2; 3860; INTERNAL; 3; 5; 2; 4925
INTERNAL; 3; 5; 2; 4925; INTERNAL; 2; 4; 2; 3747
INTERNAL; 2; 4; 2; 3747; INPUT; 1; 3; 2; 4596
INTERNAL; 3; 5; 2; 4925; INPUT; 1; 3; 2; 1095
INTERNAL; 3; 5; 2; 4925; INPUT; 1; 3; 2; 1094
INTERNAL; 3; 5; 2; 4925; INPUT; 1; 4; 3; 3550
INTERNAL; 3; 5; 2; 4925; INPUT; 1; 4; 3; 4136
INTERNAL; 3; 5; 2; 4925; INPUT; 1; 4; 3; 2770
INTERNAL; 4; 6; 2; 3860; INTERNAL; 3; 5; 2; 3197
INTERNAL; 3; 5; 2; 3197; INTERNAL; 2; 4; 2; 730
INTERNAL; 2; 4; 2; 730; INPUT; 1; 3; 2; 4928
INTERNAL; 2; 4; 2; 730; INPUT; 1; 3; 2; 4927
INTERNAL; 2; 4; 2; 730; INPUT; 1; 3; 2; 2806
INTERNAL; 2; 4; 2; 730; INPUT; 1; 3; 2; 3645
INTERNAL; 6; 8; 2; 1539; INTERNAL; 5; 7; 2; 2892
INTERNAL; 5; 7; 2; 2892; INTERNAL; 2; 6; 4; 2821
INTERNAL; 2; 6; 4; 2821; INPUT; 1; 5; 4; 4671
INTERNAL; 2; 6; 4; 2821; INPUT; 1; 4; 3; 2274
INTERNAL; 2; 6; 4; 2821; INPUT; 1; 4; 3; 2850
INTERNAL; 2; 6; 4; 2821; INPUT; 1; 4; 3; 2113
INTERNAL; 5; 7; 2; 2892; INTERNAL; 2; 5; 3; 5285
INTERNAL; 2; 5; 3; 5285; INPUT; 1; 3; 2; 1405
INTERNAL; 2; 5; 3; 5285; INPUT; 1; 3; 2; 4624
INTERNAL; 2; 5; 3; 5285; INPUT; 1; 3; 2; 2728
INTERNAL; 2; 5; 3; 5285; INPUT; 1; 3; 2; 5506
INTERNAL; 5; 7; 2; 2892; INTERNAL; 3; 6; 3; 4930
INTERNAL; 3; 6; 3; 4930; INPUT; 1; 5; 4; 4941
INTERNAL; 3; 6; 3; 4930; INPUT; 1; 5; 4; 1514
INTERNAL; 3; 6; 3; 4930; INPUT; 1; 5; 4; 4938
INTERNAL; 3; 6; 3; 4930; INPUT; 1; 5; 4; 3065
INTERNAL; 3; 6; 3; 4930; INTERNAL; 2; 4; 2; 2059
INTERNAL; 2; 4; 2; 2059; INPUT; 1; 3; 2; 3832
INTERNAL; 2; 4; 2; 2059; INPUT; 1; 3; 2; 1695
INTERNAL; 2; 4; 2; 2059; INPUT; 1; 3; 2; 5099
INTERNAL; 2; 4; 2; 2059; INPUT; 1; 3; 2; 5656
INTERNAL; 5; 7; 2; 2892; INTERNAL; 4; 6; 2; 645
INTERNAL; 4; 6; 2; 645; INTERNAL; 2; 4; 2; 1392
INTERNAL; 2; 4; 2; 1392; INPUT; 1; 3; 2; 1389
INTERNAL; 2; 4; 2; 1392; INPUT; 1; 3; 2; 2204
INTERNAL; 2; 4; 2; 1392; INPUT; 1; 3; 2; 5860
INTERNAL; 2; 4; 2; 1392; INPUT; 1; 3; 2; 3536
INTERNAL; 4; 6; 2; 645; INTERNAL; 3; 4; 1; 2304
INTERNAL; 3; 4; 1; 2304; INPUT; 1; 3; 2; 2032
INTERNAL; 4; 6; 2; 645; INTERNAL; 2; 4; 2; 4935
INTERNAL; 2; 4; 2; 4935; INPUT; 1; 3; 2; 4485
INTERNAL; 5; 7; 2; 2892; INTERNAL; 2; 6; 4; 4933
INTERNAL; 9; 10; 1; 1834; INTERNAL; 7; 9; 2; 4873
INTERNAL; 7; 9; 2; 4873; INTERNAL; 6; 8; 2; 3899
INTERNAL; 6; 8; 2; 3899; INTERNAL; 5; 7; 2; 4951
INTERNAL; 5; 7; 2; 4951; INTERNAL; 3; 6; 3; 4956
INTERNAL; 3; 6; 3; 4956; INTERNAL; 2; 5; 3; 4207
INTERNAL; 2; 5; 3; 4207; INPUT; 1; 2; 1; 1990
INTERNAL; 2; 5; 3; 4207; INPUT; 1; 2; 1; 1603
INTERNAL; 2; 5; 3; 4207; INPUT; 1; 4; 3; 1473
INTERNAL; 3; 6; 3; 4956; INPUT; 1; 3; 2; 3614
INTERNAL; 3; 6; 3; 4956; INTERNAL; 2; 4; 2; 3951
INTERNAL; 2; 4; 2; 3951; INPUT; 1; 3; 2; 1068
INTERNAL; 2; 4; 2; 3951; INPUT; 1; 3; 2; 1065
INTERNAL; 3; 6; 3; 4956; INPUT; 1; 3; 2; 1812
INTERNAL; 3; 6; 3; 4956; INPUT; 1; 3; 2; 2565
INTERNAL; 3; 6; 3; 4956; INTERNAL; 2; 4; 2; 4240
INTERNAL; 2; 4; 2; 4240; INPUT; 1; 3; 2; 1130
INTERNAL; 2; 4; 2; 4240; INPUT; 1; 3; 2; 3563
INTERNAL; 5; 7; 2; 4951; INTERNAL; 4; 6; 2; 4959
INTERNAL; 4; 6; 2; 4959; INTERNAL; 3; 5; 2; 3471
INTERNAL; 3; 5; 2; 3471; INPUT; 1; 3; 2; 2310
INTERNAL; 3; 5; 2; 3471; INPUT; 1; 3; 2; 3037
INTERNAL; 3; 5; 2; 3471; INPUT; 1; 3; 2; 3177
INTERNAL; 3; 5; 2; 3471; INTERNAL; 2; 4; 2; 4967
INTERNAL; 2; 4; 2; 4967; INPUT; 1; 3; 2; 2489
INTERNAL; 2; 4; 2; 4967; INPUT; 1; 3; 2; 943
INTERNAL; 2; 4; 2; 4967; INPUT; 1; 3; 2; 2395
INTERNAL; 2; 4; 2; 4967; INPUT; 1; 3; 2; 5830
INTERNAL; 4; 6; 2; 4959; INPUT; 1; 3; 2; 2563
INTERNAL; 4; 6; 2; 4959; INPUT; 1; 3; 2; 2166
INTERNAL; 4; 6; 2; 4959; INTERNAL; 3; 5; 2; 4961
INTERNAL; 3; 5; 2; 4961; INTERNAL; 2; 4; 2; 2173
INTERNAL; 3; 5; 2; 4961; INTERNAL; 2; 4; 2; 4964
INTERNAL; 2; 4; 2; 4964; INPUT; 1; 1; 0; 1696
INTERNAL; 2; 4; 2; 4964; INPUT; 1; 1; 0; 2571
INTERNAL; 2; 4; 2; 4964; INPUT; 1; 1; 0; 1642
INTERNAL; 2; 4; 2; 4964; INPUT; 1; 1; 0; 3307
INTERNAL; 4; 6; 2; 4959; INTERNAL; 2; 3; 1; 1894
INTERNAL; 2; 3; 1; 1894; INPUT; 1; 2; 1; 5746
INTERNAL; 2; 3; 1; 1894; INPUT; 1; 2; 1; 1341
INTERNAL; 5; 7; 2; 4951; INTERNAL; 3; 6; 3; 4958
INTERNAL; 3; 6; 3; 4958; INTERNAL; 2; 5; 3; 4055
INTERNAL; 2; 5; 3; 4055; INPUT; 1; 4; 3; 2502
INTERNAL; 2; 5; 3; 4055; INPUT; 1; 4; 3; 4461
INTERNAL; 2; 5; 3; 4055; INPUT; 1; 4; 3; 3433
INTERNAL; 2; 5; 3; 4055; INPUT; 1; 4; 3; 4969
INTERNAL; 3; 6; 3; 4958; INTERNAL; 2; 5; 3; 3431
INTERNAL; 2; 5; 3; 3431; INPUT; 1; 4; 3; 1783
INTERNAL; 2; 5; 3; 3431; INPUT; 1; 4; 3; 2677
INTERNAL; 2; 5; 3; 3431; INPUT; 1; 4; 3; 2116
INTERNAL; 6; 8; 2; 3899; INTERNAL; 5; 7; 2; 4953
INTERNAL; 5; 7; 2; 4953; INTERNAL; 2; 6; 4; 4974
INTERNAL; 2; 6; 4; 4974; INPUT; 1; 3; 2; 3630
INTERNAL; 2; 6; 4; 4974; INPUT; 1; 3; 2; 2848
INTERNAL; 2; 6; 4; 4974; INPUT; 1; 3; 2; 1509
INTERNAL; 2; 6; 4; 4974; INPUT; 1; 3; 2; 3633
INTERNAL; 5; 7; 2; 4953; INTERNAL; 4; 6; 2; 4971
INTERNAL; 4; 6; 2; 4971; INTERNAL; 3; 5; 2; 5137
INTERNAL; 3; 5; 2; 5137; INTERNAL; 2; 4; 2; 3811
INTERNAL; 2; 4; 2; 3811; INPUT; 1; 3; 2; 2575
INTERNAL; 2; 4; 2; 3811; INPUT; 1; 3; 2; 3016
INTERNAL; 2; 4; 2; 3811; INPUT; 1; 3; 2; 1961
INTERNAL; 2; 4; 2; 3811; INPUT; 1; 3; 2; 4798
INTERNAL; 3; 5; 2; 5137; INPUT; 1; 4; 3; 2149
INTERNAL; 4; 6; 2; 4971; INPUT; 1; 2; 1; 3729
INTERNAL; 4; 6; 2; 4971; INPUT; 1; 3; 2; 4284
INTERNAL; 4; 6; 2; 4971; INPUT; 1; 2; 1; 3733
INTERNAL; 4; 6; 2; 4971; INPUT; 1; 3; 2; 4286
INTERNAL; 5; 7; 2; 4953; INTERNAL; 3; 6; 3; 3556
INTERNAL; 3; 6; 3; 3556; INTERNAL; 2; 5; 3; 942
INTERNAL; 2; 5; 3; 942; INPUT; 1; 2; 1; 3673
INTERNAL; 2; 5; 3; 942; INPUT; 1; 2; 1; 2632
INTERNAL; 2; 5; 3; 942; INPUT; 1; 2; 1; 2637
INTERNAL; 2; 5; 3; 942; INPUT; 1; 2; 1; 2270
INTERNAL; 3; 6; 3; 3556; INTERNAL; 2; 5; 3; 4977
INTERNAL; 2; 5; 3; 4977; INPUT; 1; 4; 3; 3581
INTERNAL; 2; 5; 3; 4977; INPUT; 1; 4; 3; 3345
INTERNAL; 2; 5; 3; 4977; INPUT; 1; 4; 3; 3352
INTERNAL; 3; 6; 3; 3556; INTERNAL; 2; 4; 2; 4976
INTERNAL; 2; 4; 2; 4976; INPUT; 1; 3; 2; 2324
INTERNAL; 2; 4; 2; 4976; INPUT; 1; 3; 2; 1678
INTERNAL; 2; 4; 2; 4976; INPUT; 1; 3; 2; 2251
INTERNAL; 5; 7; 2; 4953; INTERNAL; 3; 6; 3; 4972
INTERNAL; 3; 6; 3; 4972; INPUT; 1; 5; 4; 3063
INTERNAL; 3; 6; 3; 4972; INPUT; 1; 5; 4; 3035
INTERNAL; 3; 6; 3; 4972; INPUT; 1; 5; 4; 4536
INTERNAL; 3; 6; 3; 4972; INTERNAL; 2; 5; 3; 934
INTERNAL; 3; 6; 3; 4972; INTERNAL; 2; 5; 3; 4978
INTERNAL; 5; 7; 2; 4953; INTERNAL; 3; 6; 3; 3760
INTERNAL; 3; 6; 3; 3760; INTERNAL; 2; 5; 3; 4975
INTERNAL; 2; 5; 3; 4975; INPUT; 1; 4; 3; 3904
INTERNAL; 2; 5; 3; 4975; INPUT; 1; 4; 3; 2662
INTERNAL; 2; 5; 3; 4975; INPUT; 1; 4; 3; 3703
INTERNAL; 2; 5; 3; 4975; INPUT; 1; 4; 3; 1755
INTERNAL; 3; 6; 3; 3760; INTERNAL; 2; 5; 3; 1540
INTERNAL; 2; 5; 3; 1540; INPUT; 1; 4; 3; 1200
INTERNAL; 6; 8; 2; 3899; INTERNAL; 4; 7; 3; 4955
INTERNAL; 4; 7; 3; 4955; INTERNAL; 3; 6; 3; 2777
INTERNAL; 3; 6; 3; 2777; INTERNAL; 2; 5; 3; 4486
INTERNAL; 2; 5; 3; 4486; INPUT; 1; 4; 3; 3926
INTERNAL; 2; 5; 3; 4486; INPUT; 1; 4; 3; 4897
INTERNAL; 2; 5; 3; 4486; INPUT; 1; 4; 3; 4491
INTERNAL; 2; 5; 3; 4486; INPUT; 1; 4; 3; 2218
INTERNAL; 3; 6; 3; 2777; INTERNAL; 2; 5; 3; 2555
INTERNAL; 2; 5; 3; 2555; INPUT; 1; 4; 3; 1187
INTERNAL; 4; 7; 3; 4955; INTERNAL; 2; 6; 4; 4980
INTERNAL; 2; 6; 4; 4980; INPUT; 1; 4; 3; 3367
INTERNAL; 2; 6; 4; 4980; INPUT; 1; 4; 3; 2045
INTERNAL; 2; 6; 4; 4980; INPUT; 1; 4; 3; 1052
INTERNAL; 2; 6; 4; 4980; INPUT; 1; 4; 3; 2698
INTERNAL; 4; 7; 3; 4955; INTERNAL; 2; 6; 4; 5461
INTERNAL; 2; 6; 4; 5461; INPUT; 1; 5; 4; 4990
INTERNAL; 2; 6; 4; 5461; INPUT; 1; 4; 3; 3966
INTERNAL; 2; 6; 4; 5461; INPUT; 1; 4; 3; 5337
INTERNAL; 4; 7; 3; 4955; INTERNAL; 3; 6; 3; 4456
INTERNAL; 3; 6; 3; 4456; INTERNAL; 2; 5; 3; 4524
INTERNAL; 2; 5; 3; 4524; INPUT; 1; 4; 3; 3888
INTERNAL; 2; 5; 3; 4524; INPUT; 1; 4; 3; 3891
INTERNAL; 2; 5; 3; 4524; INPUT; 1; 4; 3; 4812
INTERNAL; 2; 5; 3; 4524; INPUT; 1; 4; 3; 3889
INTERNAL; 3; 6; 3; 4456; INTERNAL; 2; 5; 3; 1673
INTERNAL; 2; 5; 3; 1673; INPUT; 1; 3; 2; 2098
INTERNAL; 2; 5; 3; 1673; INPUT; 1; 3; 2; 2942
INTERNAL; 2; 5; 3; 1673; INPUT; 1; 4; 3; 4948
INTERNAL; 2; 5; 3; 1673; INPUT; 1; 4; 3; 3769
INTERNAL; 4; 7; 3; 4955; INTERNAL; 3; 6; 3; 1181
INTERNAL; 3; 6; 3; 1181; INPUT; 1; 5; 4; 2673
INTERNAL; 3; 6; 3; 1181; INTERNAL; 2; 5; 3; 1263
INTERNAL; 2; 5; 3; 1263; INPUT; 1; 4; 3; 2517
INTERNAL; 2; 5; 3; 1263; INPUT; 1; 4; 3; 747
INTERNAL; 2; 5; 3; 1263; INPUT; 1; 4; 3; 3480
INTERNAL; 2; 5; 3; 1263; INPUT; 1; 4; 3; 2830
INTERNAL; 3; 6; 3; 1181; INPUT; 1; 5; 4; 5835
INTERNAL; 3; 6; 3; 1181; INPUT; 1; 5; 4; 4988
INTERNAL; 4; 7; 3; 4955; INTERNAL; 2; 6; 4; 2707
INTERNAL; 2; 6; 4; 2707; INPUT; 1; 3; 2; 5977
INTERNAL; 2; 6; 4; 2707; INPUT; 1; 3; 2; 2610
INTERNAL; 2; 6; 4; 2707; INPUT; 1; 4; 3; 5754
INTERNAL; 2; 6; 4; 2707; INPUT; 1; 3; 2; 4333
INTERNAL; 7; 9; 2; 4873; INTERNAL; 5; 8; 3; 1226
INTERNAL; 5; 8; 3; 1226; INTERNAL; 2; 7; 5; 4992
INTERNAL; 2; 7; 5; 4992; INPUT; 1; 4; 3; 2895
INTERNAL; 2; 7; 5; 4992; INPUT; 1; 3; 2; 5485
INTERNAL; 2; 7; 5; 4992; INPUT; 1; 4; 3; 1621
INTERNAL; 2; 7; 5; 4992; INPUT; 1; 4; 3; 2934
INTERNAL; 2; 7; 5; 4992; INPUT; 1; 3; 2; 2579
INTERNAL; 2; 7; 5; 4992; INPUT; 1; 3; 2; 619
INTERNAL; 5; 8; 3; 1226; INTERNAL; 2; 7; 5; 4995
INTERNAL; 2; 7; 5; 4995; INPUT; 1; 3; 2; 1668
INTERNAL; 2; 7; 5; 4995; INPUT; 1; 3; 2; 1746
INTERNAL; 5; 8; 3; 1226; INTERNAL; 2; 5; 3; 1118
INTERNAL; 5; 8; 3; 1226; INTERNAL; 2; 7; 5; 4999
INTERNAL; 5; 8; 3; 1226; INTERNAL; 3; 7; 4; 684
INTERNAL; 3; 7; 4; 684; INTERNAL; 2; 6; 4; 638
INTERNAL; 2; 6; 4; 638; INPUT; 1; 3; 2; 1344
INTERNAL; 2; 6; 4; 638; INPUT; 1; 4; 3; 1741
INTERNAL; 2; 6; 4; 638; INPUT; 1; 4; 3; 1501
INTERNAL; 2; 6; 4; 638; INPUT; 1; 3; 2; 5382
INTERNAL; 5; 8; 3; 1226; INTERNAL; 4; 7; 3; 4998
INTERNAL; 4; 7; 3; 4998; INTERNAL; 3; 6; 3; 5005
INTERNAL; 3; 6; 3; 5005; INTERNAL; 2; 5; 3; 2936
INTERNAL; 3; 6; 3; 5005; INTERNAL; 2; 5; 3; 2018
INTERNAL; 3; 6; 3; 5005; INTERNAL; 2; 5; 3; 5006
INTERNAL; 3; 6; 3; 5005; INPUT; 1; 3; 2; 5116
INTERNAL; 4; 7; 3; 4998; INTERNAL; 3; 6; 3; 5002
INTERNAL; 3; 6; 3; 5002; INPUT; 1; 4; 3; 1135
INTERNAL; 3; 6; 3; 5002; INPUT; 1; 4; 3; 2172
INTERNAL; 3; 6; 3; 5002; INTERNAL; 2; 5; 3; 4357
INTERNAL; 3; 6; 3; 5002; INPUT; 1; 4; 3; 1880
INTERNAL; 3; 6; 3; 5002; INPUT; 1; 4; 3; 721
INTERNAL; 7; 9; 2; 4873; INTERNAL; 5; 8; 3; 4950
INTERNAL; 5; 8; 3; 4950; INTERNAL; 4; 7; 3; 5008
INTERNAL; 4; 7; 3; 5008; INTERNAL; 3; 6; 3; 5460
INTERNAL; 3; 6; 3; 5460; INPUT; 1; 4; 3; 5010
INTERNAL; 3; 6; 3; 5460; INTERNAL; 2; 5; 3; 2972
INTERNAL; 3; 6; 3; 5460; INPUT; 1; 4; 3; 3346
INTERNAL; 3; 6; 3; 5460; INPUT; 1; 4; 3; 2924
INTERNAL; 4; 7; 3; 5008; INTERNAL; 2; 6; 4; 5009
INTERNAL; 2; 6; 4; 5009; INPUT; 1; 5; 4; 1850
INTERNAL; 2; 6; 4; 5009; INPUT; 1; 5; 4; 3310
INTERNAL; 2; 6; 4; 5009; INPUT; 1; 5; 4; 4041
INTERNAL; 5; 8; 3; 4950; INTERNAL; 3; 7; 4; 1497
INTERNAL; 3; 7; 4; 1497; INTERNAL; 2; 5; 3; 3779
INTERNAL; 2; 5; 3; 3779; INPUT; 1; 4; 3; 2439
INTERNAL; 2; 5; 3; 3779; INPUT; 1; 4; 3; 2612
INTERNAL; 2; 5; 3; 3779; INPUT; 1; 4; 3; 1663
INTERNAL; 2; 5; 3; 3779; INPUT; 1; 4; 3; 2739
INTERNAL; 3; 7; 4; 1497; INTERNAL; 2; 5; 3; 1011
INTERNAL; 3; 7; 4; 1497; INTERNAL; 2; 6; 4; 968
INTERNAL; 2; 6; 4; 968; INPUT; 1; 3; 2; 2191
INTERNAL; 2; 6; 4; 968; INPUT; 1; 3; 2; 686
INTERNAL; 2; 6; 4; 968; INPUT; 1; 3; 2; 2305
INTERNAL; 2; 6; 4; 968; INPUT; 1; 3; 2; 2073
INTERNAL; 3; 7; 4; 1497; INTERNAL; 2; 6; 4; 896
INTERNAL; 2; 6; 4; 896; INPUT; 1; 2; 1; 1520
INTERNAL; 2; 6; 4; 896; INPUT; 1; 2; 1; 2595
INTERNAL; 2; 6; 4; 896; INPUT; 1; 2; 1; 2792
INTERNAL; 3; 7; 4; 1497; INTERNAL; 2; 6; 4; 4660
INTERNAL; 9; 10; 1; 1834; INTERNAL; 4; 9; 5; 4874
INTERNAL; 4; 9; 5; 4874; INTERNAL; 2; 8; 6; 3377
INTERNAL; 2; 8; 6; 3377; INPUT; 1; 7; 6; 4431
INTERNAL; 2; 8; 6; 3377; INPUT; 1; 7; 6; 5015
INTERNAL; 2; 8; 6; 3377; INPUT; 1; 7; 6; 1088
INTERNAL; 2; 8; 6; 3377; INPUT; 1; 7; 6; 5927
INTERNAL; 4; 9; 5; 4874; INPUT; 1; 3; 2; 5856
INTERNAL; 4; 9; 5; 4874; INPUT; 1; 3; 2; 4347
INTERNAL; 4; 9; 5; 4874; INTERNAL; 3; 8; 5; 1067
INTERNAL; 3; 8; 5; 1067; INTERNAL; 2; 7; 5; 5011
INTERNAL; 2; 7; 5; 5011; INPUT; 1; 3; 2; 4891
INTERNAL; 2; 7; 5; 5011; INPUT; 1; 3; 2; 1132
INTERNAL; 2; 7; 5; 5011; INPUT; 1; 3; 2; 1694
INTERNAL; 2; 7; 5; 5011; INPUT; 1; 3; 2; 2431
INTERNAL; 3; 8; 5; 1067; INPUT; 1; 6; 5; 3828
INTERNAL; 3; 8; 5; 1067; INTERNAL; 2; 5; 3; 1106
INTERNAL; 2; 5; 3; 1106; INPUT; 1; 4; 3; 3786
INTERNAL; 2; 5; 3; 1106; INPUT; 1; 4; 3; 5415
INTERNAL; 2; 5; 3; 1106; INPUT; 1; 4; 3; 2180
INTERNAL; 4; 9; 5; 4874; INTERNAL; 3; 8; 5; 4517
INTERNAL; 3; 8; 5; 4517; INTERNAL; 2; 6; 4; 4697
INTERNAL; 2; 6; 4; 4697; INPUT; 1; 3; 2; 774
INTERNAL; 2; 6; 4; 4697; INPUT; 1; 2; 1; 1893
INTERNAL; 2; 6; 4; 4697; INPUT; 1; 2; 1; 2511
INTERNAL; 3; 8; 5; 4517; INTERNAL; 2; 7; 5; 5140
INTERNAL; 2; 7; 5; 5140; INPUT; 1; 3; 2; 3629
INTERNAL; 2; 7; 5; 5140; INPUT; 1; 3; 2; 1083
INTERNAL; 2; 7; 5; 5140; INPUT; 1; 3; 2; 3852
INTERNAL; 2; 7; 5; 5140; INPUT; 1; 3; 2; 1081
INTERNAL; 4; 9; 5; 4874; INTERNAL; 2; 4; 2; 1437
INTERNAL; 2; 4; 2; 1437; INPUT; 1; 3; 2; 5458
INTERNAL; 2; 4; 2; 1437; INPUT; 1; 3; 2; 3472
INTERNAL; 10; 11; 1; 4788; INTERNAL; 9; 10; 1; 4797
INTERNAL; 9; 10; 1; 4797; INTERNAL; 5; 9; 4; 3756
INTERNAL; 5; 9; 4; 3756; INTERNAL; 4; 8; 4; 2350
INTERNAL; 4; 8; 4; 2350; INPUT; 1; 3; 2; 3862
INTERNAL; 4; 8; 4; 2350; INPUT; 1; 3; 2; 3508
INTERNAL; 4; 8; 4; 2350; INTERNAL; 3; 7; 4; 2429
INTERNAL; 3; 7; 4; 2429; INPUT; 1; 4; 3; 2888
INTERNAL; 3; 7; 4; 2429; INPUT; 1; 4; 3; 814
INTERNAL; 3; 7; 4; 2429; INPUT; 1; 4; 3; 3089
INTERNAL; 3; 7; 4; 2429; INPUT; 1; 4; 3; 2249
INTERNAL; 3; 7; 4; 2429; INTERNAL; 2; 6; 4; 2574
INTERNAL; 4; 8; 4; 2350; INPUT; 1; 3; 2; 3858
INTERNAL; 4; 8; 4; 2350; INPUT; 1; 3; 2; 3853
INTERNAL; 5; 9; 4; 3756; INTERNAL; 4; 8; 4; 4864
INTERNAL; 4; 8; 4; 4864; INPUT; 1; 4; 3; 3919
INTERNAL; 4; 8; 4; 4864; INTERNAL; 3; 7; 4; 2110
INTERNAL; 4; 8; 4; 4864; INTERNAL; 2; 5; 3; 2281
INTERNAL; 2; 5; 3; 2281; INPUT; 1; 3; 2; 2203
INTERNAL; 4; 8; 4; 4864; INPUT; 1; 4; 3; 3103
INTERNAL; 4; 8; 4; 4864; INTERNAL; 2; 5; 3; 4250
INTERNAL; 2; 5; 3; 4250; INPUT; 1; 3; 2; 2794
INTERNAL; 2; 5; 3; 4250; INPUT; 1; 3; 2; 3483
INTERNAL; 2; 5; 3; 4250; INPUT; 1; 3; 2; 3478
INTERNAL; 4; 8; 4; 4864; INPUT; 1; 4; 3; 3229
INTERNAL; 5; 9; 4; 3756; INTERNAL; 3; 8; 5; 4860
INTERNAL; 3; 8; 5; 4860; INPUT; 1; 4; 3; 5882
INTERNAL; 3; 8; 5; 4860; INPUT; 1; 4; 3; 3507
INTERNAL; 3; 8; 5; 4860; INPUT; 1; 4; 3; 4916
INTERNAL; 3; 8; 5; 4860; INPUT; 1; 4; 3; 2945
INTERNAL; 3; 8; 5; 4860; INTERNAL; 2; 5; 3; 3169
INTERNAL; 2; 5; 3; 3169; INPUT; 1; 4; 3; 3543
INTERNAL; 3; 8; 5; 4860; INTERNAL; 2; 4; 2; 3247
INTERNAL; 9; 10; 1; 4797; INTERNAL; 5; 9; 4; 2524
INTERNAL; 5; 9; 4; 2524; INTERNAL; 3; 8; 5; 4866
INTERNAL; 3; 8; 5; 4866; INTERNAL; 2; 7; 5; 4643
INTERNAL; 2; 7; 5; 4643; INPUT; 1; 3; 2; 2360
INTERNAL; 2; 7; 5; 4643; INPUT; 1; 3; 2; 1311
INTERNAL; 2; 7; 5; 4643; INPUT; 1; 3; 2; 3549
INTERNAL; 2; 7; 5; 4643; INPUT; 1; 4; 3; 1255
INTERNAL; 3; 8; 5; 4866; INPUT; 1; 5; 4; 3390
INTERNAL; 3; 8; 5; 4866; INPUT; 1; 5; 4; 3211
INTERNAL; 3; 8; 5; 4866; INTERNAL; 2; 7; 5; 1028
INTERNAL; 2; 7; 5; 1028; INPUT; 1; 4; 3; 3524
INTERNAL; 5; 9; 4; 2524; INPUT; 1; 3; 2; 3842
INTERNAL; 5; 9; 4; 2524; INTERNAL; 4; 8; 4; 5152
INTERNAL; 4; 8; 4; 5152; INTERNAL; 2; 7; 5; 4996
INTERNAL; 4; 8; 4; 5152; INTERNAL; 2; 7; 5; 4868
INTERNAL; 4; 8; 4; 5152; INTERNAL; 3; 7; 4; 2484
INTERNAL; 3; 7; 4; 2484; INTERNAL; 2; 6; 4; 4869
INTERNAL; 3; 7; 4; 2484; INPUT; 1; 3; 2; 3344
INTERNAL; 3; 7; 4; 2484; INPUT; 1; 3; 2; 2989
INTERNAL; 3; 7; 4; 2484; INPUT; 1; 2; 1; 1551
INTERNAL; 4; 8; 4; 5152; INPUT; 1; 2; 1; 3262
INTERNAL; 4; 8; 4; 5152; INTERNAL; 2; 5; 3; 2436
INTERNAL; 2; 5; 3; 2436; INPUT; 1; 4; 3; 587
INTERNAL; 2; 5; 3; 2436; INPUT; 1; 4; 3; 1063
INTERNAL; 2; 5; 3; 2436; INPUT; 1; 4; 3; 1062
INTERNAL; 2; 5; 3; 2436; INPUT; 1; 4; 3; 2252
INTERNAL; 5; 9; 4; 2524; INPUT; 1; 3; 2; 3044
INTERNAL; 5; 9; 4; 2524; INTERNAL; 3; 8; 5; 2621
INTERNAL; 3; 8; 5; 2621; INTERNAL; 2; 7; 5; 1235
INTERNAL; 2; 7; 5; 1235; INPUT; 1; 6; 5; 2048
INTERNAL; 2; 7; 5; 1235; INPUT; 1; 6; 5; 1692
INTERNAL; 2; 7; 5; 1235; INPUT; 1; 6; 5; 3574
INTERNAL; 2; 7; 5; 1235; INPUT; 1; 6; 5; 4315
INTERNAL; 5; 9; 4; 2524; INPUT; 1; 3; 2; 2325
INTERNAL; 9; 10; 1; 4797; INTERNAL; 8; 9; 1; 5442
INTERNAL; 8; 9; 1; 5442; INTERNAL; 5; 8; 3; 4800
INTERNAL; 5; 8; 3; 4800; INTERNAL; 2; 7; 5; 3776
INTERNAL; 2; 7; 5; 3776; INPUT; 1; 3; 2; 5531
INTERNAL; 2; 7; 5; 3776; INPUT; 1; 3; 2; 2323
INTERNAL; 2; 7; 5; 3776; INPUT; 1; 4; 3; 4858
INTERNAL; 2; 7; 5; 3776; INPUT; 1; 3; 2; 5265
INTERNAL; 2; 7; 5; 3776; INPUT; 1; 4; 3; 4856
INTERNAL; 2; 7; 5; 3776; INPUT; 1; 4; 3; 4853
INTERNAL; 5; 8; 3; 4800; INPUT; 1; 4; 3; 719
INTERNAL; 5; 8; 3; 4800; INTERNAL; 4; 7; 3; 4851
INTERNAL; 4; 7; 3; 4851; INPUT; 1; 4; 3; 4274
INTERNAL; 4; 7; 3; 4851; INPUT; 1; 3; 2; 1716
INTERNAL; 4; 7; 3; 4851; INPUT; 1; 4; 3; 4279
INTERNAL; 4; 7; 3; 4851; INPUT; 1; 3; 2; 4664
INTERNAL; 4; 7; 3; 4851; INPUT; 1; 4; 3; 4278
INTERNAL; 4; 7; 3; 4851; INTERNAL; 3; 6; 3; 4865
INTERNAL; 3; 6; 3; 4865; INTERNAL; 2; 4; 2; 1550
INTERNAL; 2; 4; 2; 1550; INPUT; 1; 3; 2; 3145
INTERNAL; 2; 4; 2; 1550; INPUT; 1; 3; 2; 1249
INTERNAL; 2; 4; 2; 1550; INPUT; 1; 3; 2; 1246
INTERNAL; 2; 4; 2; 1550; INPUT; 1; 3; 2; 2461
INTERNAL; 5; 8; 3; 4800; INTERNAL; 2; 5; 3; 3029
INTERNAL; 2; 5; 3; 3029; INPUT; 1; 4; 3; 2477
INTERNAL; 2; 5; 3; 3029; INPUT; 1; 4; 3; 1885
INTERNAL; 5; 8; 3; 4800; INPUT; 1; 4; 3; 3459
INTERNAL; 5; 8; 3; 4800; INTERNAL; 2; 6; 4; 4834
INTERNAL; 2; 6; 4; 4834; INPUT; 1; 5; 4; 4840
INTERNAL; 2; 6; 4; 4834; INPUT; 1; 5; 4; 4843
INTERNAL; 2; 6; 4; 4834; INPUT; 1; 5; 4; 2368
INTERNAL; 2; 6; 4; 4834; INPUT; 1; 5; 4; 5297
INTERNAL; 8; 9; 1; 5442; INTERNAL; 6; 8; 2; 1713
INTERNAL; 6; 8; 2; 1713; INTERNAL; 5; 7; 2; 5465
INTERNAL; 5; 7; 2; 5465; INTERNAL; 4; 6; 2; 2780
INTERNAL; 4; 6; 2; 2780; INTERNAL; 2; 5; 3; 4098
INTERNAL; 4; 6; 2; 2780; INTERNAL; 2; 5; 3; 3119
INTERNAL; 5; 7; 2; 5465; INTERNAL; 2; 6; 4; 3401
INTERNAL; 5; 7; 2; 5465; INTERNAL; 3; 6; 3; 3025
INTERNAL; 3; 6; 3; 3025; INTERNAL; 2; 5; 3; 2415
INTERNAL; 2; 5; 3; 2415; INPUT; 1; 4; 3; 3502
INTERNAL; 2; 5; 3; 2415; INPUT; 1; 4; 3; 997
INTERNAL; 3; 6; 3; 3025; INTERNAL; 2; 5; 3; 1567
INTERNAL; 2; 5; 3; 1567; INPUT; 1; 3; 2; 4288
INTERNAL; 2; 5; 3; 1567; INPUT; 1; 3; 2; 740
INTERNAL; 2; 5; 3; 1567; INPUT; 1; 3; 2; 2363
INTERNAL; 5; 7; 2; 5465; INTERNAL; 2; 4; 2; 3819
INTERNAL; 6; 8; 2; 1713; INTERNAL; 4; 7; 3; 1999
INTERNAL; 4; 7; 3; 1999; INPUT; 1; 5; 4; 2047
INTERNAL; 4; 7; 3; 1999; INTERNAL; 2; 5; 3; 946
INTERNAL; 2; 5; 3; 946; INPUT; 1; 4; 3; 3192
INTERNAL; 2; 5; 3; 946; INPUT; 1; 4; 3; 3066
INTERNAL; 2; 5; 3; 946; INPUT; 1; 4; 3; 2914
INTERNAL; 2; 5; 3; 946; INPUT; 1; 4; 3; 1966
INTERNAL; 4; 7; 3; 1999; INTERNAL; 2; 6; 4; 3368
INTERNAL; 4; 7; 3; 1999; INTERNAL; 3; 6; 3; 4832
INTERNAL; 3; 6; 3; 4832; INTERNAL; 2; 5; 3; 4839
INTERNAL; 3; 6; 3; 4832; INTERNAL; 2; 5; 3; 2626
INTERNAL; 2; 5; 3; 2626; INPUT; 1; 3; 2; 3196
INTERNAL; 2; 5; 3; 2626; INPUT; 1; 3; 2; 3238
INTERNAL; 2; 5; 3; 2626; INPUT; 1; 3; 2; 5324
INTERNAL; 2; 5; 3; 2626; INPUT; 1; 3; 2; 2941
INTERNAL; 4; 7; 3; 1999; INPUT; 1; 5; 4; 4452
INTERNAL; 6; 8; 2; 1713; INTERNAL; 4; 7; 3; 4830
INTERNAL; 4; 7; 3; 4830; INTERNAL; 3; 6; 3; 1721
INTERNAL; 3; 6; 3; 1721; INTERNAL; 2; 4; 2; 1729
INTERNAL; 3; 6; 3; 1721; INTERNAL; 2; 5; 3; 4849
INTERNAL; 3; 6; 3; 1721; INTERNAL; 2; 3; 1; 1917
INTERNAL; 2; 3; 1; 1917; INPUT; 1; 2; 1; 2925
INTERNAL; 2; 3; 1; 1917; INPUT; 1; 2; 1; 5669
INTERNAL; 3; 6; 3; 1721; INTERNAL; 2; 5; 3; 4847
INTERNAL; 3; 6; 3; 1721; INPUT; 1; 2; 1; 2576
INTERNAL; 4; 7; 3; 4830; INTERNAL; 3; 6; 3; 4846
INTERNAL; 3; 6; 3; 4846; INPUT; 1; 4; 3; 3826
INTERNAL; 3; 6; 3; 4846; INPUT; 1; 4; 3; 2027
INTERNAL; 3; 6; 3; 4846; INPUT; 1; 4; 3; 3309
INTERNAL; 3; 6; 3; 4846; INTERNAL; 2; 5; 3; 4850
INTERNAL; 2; 5; 3; 4850; INPUT; 1; 3; 2; 891
INTERNAL; 2; 5; 3; 4850; INPUT; 1; 3; 2; 4796
INTERNAL; 2; 5; 3; 4850; INPUT; 1; 4; 3; 1764
INTERNAL; 2; 5; 3; 4850; INPUT; 1; 4; 3; 2318
INTERNAL; 3; 6; 3; 4846; INPUT; 1; 4; 3; 2279
INTERNAL; 4; 7; 3; 4830; INTERNAL; 3; 6; 3; 4844
INTERNAL; 3; 6; 3; 4844; INTERNAL; 2; 5; 3; 2939
INTERNAL; 2; 5; 3; 2939; INPUT; 1; 4; 3; 4597
INTERNAL; 2; 5; 3; 2939; INPUT; 1; 4; 3; 3576
INTERNAL; 3; 6; 3; 4844; INPUT; 1; 4; 3; 1404
INTERNAL; 3; 6; 3; 4844; INPUT; 1; 4; 3; 991
INTERNAL; 3; 6; 3; 4844; INPUT; 1; 4; 3; 992
INTERNAL; 8; 9; 1; 5442; INTERNAL; 7; 8; 1; 1192
INTERNAL; 7; 8; 1; 1192; INTERNAL; 5; 7; 2; 717
INTERNAL; 5; 7; 2; 717; INPUT; 1; 4; 3; 1403
INTERNAL; 5; 7; 2; 717; INPUT; 1; 4; 3; 1029
INTERNAL; 5; 7; 2; 717; INPUT; 1; 4; 3; 4648
INTERNAL; 5; 7; 2; 717; INTERNAL; 4; 6; 2; 1958
INTERNAL; 4; 6; 2; 1958; INTERNAL; 2; 5; 3; 4819
INTERNAL; 2; 5; 3; 4819; INPUT; 1; 3; 2; 4952
INTERNAL; 2; 5; 3; 4819; INPUT; 1; 3; 2; 4380
INTERNAL; 2; 5; 3; 4819; INPUT; 1; 3; 2; 1136
INTERNAL; 2; 5; 3; 4819; INPUT; 1; 3; 2; 4379
INTERNAL; 4; 6; 2; 1958; INPUT; 1; 4; 3; 5012
INTERNAL; 4; 6; 2; 1958; INPUT; 1; 5; 4; 4366
INTERNAL; 4; 6; 2; 1958; INTERNAL; 2; 5; 3; 2474
INTERNAL; 2; 5; 3; 2474; INPUT; 1; 4; 3; 4706
INTERNAL; 2; 5; 3; 2474; INPUT; 1; 4; 3; 2450
INTERNAL; 2; 5; 3; 2474; INPUT; 1; 4; 3; 2738
INTERNAL; 2; 5; 3; 2474; INPUT; 1; 4; 3; 2835
INTERNAL; 4; 6; 2; 1958; INTERNAL; 3; 5; 2; 2854
INTERNAL; 3; 5; 2; 2854; INPUT; 1; 4; 3; 4709
INTERNAL; 3; 5; 2; 2854; INPUT; 1; 4; 3; 4710
INTERNAL; 3; 5; 2; 2854; INPUT; 1; 4; 3; 4711
INTERNAL; 4; 6; 2; 1958; INTERNAL; 2; 5; 3; 2586
INTERNAL; 2; 5; 3; 2586; INPUT; 1; 2; 1; 1672
INTERNAL; 2; 5; 3; 2586; INPUT; 1; 1; 0; 2778
INTERNAL; 2; 5; 3; 2586; INPUT; 1; 1; 0; 2618
INTERNAL; 5; 7; 2; 717; INTERNAL; 3; 6; 3; 5145
INTERNAL; 3; 6; 3; 5145; INTERNAL; 2; 5; 3; 2947
INTERNAL; 3; 6; 3; 5145; INTERNAL; 2; 5; 3; 4614
INTERNAL; 2; 5; 3; 4614; INPUT; 1; 4; 3; 695
INTERNAL; 2; 5; 3; 4614; INPUT; 1; 4; 3; 2955
INTERNAL; 2; 5; 3; 4614; INPUT; 1; 4; 3; 1142
INTERNAL; 2; 5; 3; 4614; INPUT; 1; 4; 3; 1875
INTERNAL; 3; 6; 3; 5145; INPUT; 1; 4; 3; 3266
INTERNAL; 5; 7; 2; 717; INPUT; 1; 4; 3; 1612
INTERNAL; 7; 8; 1; 1192; INTERNAL; 6; 7; 1; 4801
INTERNAL; 6; 7; 1; 4801; INTERNAL; 5; 6; 1; 1302
INTERNAL; 5; 6; 1; 1302; INTERNAL; 3; 4; 1; 1803
INTERNAL; 3; 4; 1; 1803; INTERNAL; 2; 3; 1; 4226
INTERNAL; 3; 4; 1; 1803; INPUT; 1; 3; 2; 3026
INTERNAL; 5; 6; 1; 1302; INTERNAL; 2; 4; 2; 4809
INTERNAL; 5; 6; 1; 1302; INTERNAL; 4; 5; 1; 4811
INTERNAL; 4; 5; 1; 4811; INTERNAL; 3; 4; 1; 4222
INTERNAL; 3; 4; 1; 4222; INTERNAL; 2; 3; 1; 4225
INTERNAL; 2; 3; 1; 4225; INPUT; 1; 2; 1; 2956
INTERNAL; 4; 5; 1; 4811; INPUT; 1; 4; 3; 1006
INTERNAL; 4; 5; 1; 4811; INPUT; 1; 4; 3; 3792
INTERNAL; 4; 5; 1; 4811; INPUT; 1; 4; 3; 4563
INTERNAL; 4; 5; 1; 4811; INPUT; 1; 4; 3; 4813
INTERNAL; 6; 7; 1; 4801; INTERNAL; 3; 6; 3; 4806
INTERNAL; 3; 6; 3; 4806; INPUT; 1; 2; 1; 3072
INTERNAL; 3; 6; 3; 4806; INPUT; 1; 2; 1; 3515
INTERNAL; 3; 6; 3; 4806; INPUT; 1; 3; 2; 2700
INTERNAL; 3; 6; 3; 4806; INTERNAL; 2; 5; 3; 3938
INTERNAL; 3; 6; 3; 4806; INPUT; 1; 2; 1; 1916
INTERNAL; 6; 7; 1; 4801; INTERNAL; 3; 6; 3; 4808
INTERNAL; 3; 6; 3; 4808; INTERNAL; 2; 5; 3; 4815
INTERNAL; 2; 5; 3; 4815; INPUT; 1; 4; 3; 2269
INTERNAL; 2; 5; 3; 4815; INPUT; 1; 4; 3; 4817
INTERNAL; 2; 5; 3; 4815; INPUT; 1; 4; 3; 5423
INTERNAL; 2; 5; 3; 4815; INPUT; 1; 4; 3; 4818
INTERNAL; 6; 7; 1; 4801; INPUT; 1; 5; 4; 651
INTERNAL; 6; 7; 1; 4801; INPUT; 1; 5; 4; 5295
INTERNAL; 6; 7; 1; 4801; INPUT; 1; 5; 4; 4573
INTERNAL; 7; 8; 1; 1192; INTERNAL; 4; 7; 3; 4803
INTERNAL; 4; 7; 3; 4803; INTERNAL; 2; 6; 4; 4823
INTERNAL; 4; 7; 3; 4803; INTERNAL; 3; 6; 3; 975
INTERNAL; 3; 6; 3; 975; INTERNAL; 2; 5; 3; 4824
INTERNAL; 3; 6; 3; 975; INTERNAL; 2; 5; 3; 4826
INTERNAL; 4; 7; 3; 4803; INTERNAL; 3; 6; 3; 1589
INTERNAL; 3; 6; 3; 1589; INPUT; 1; 4; 3; 4184
INTERNAL; 3; 6; 3; 1589; INTERNAL; 2; 5; 3; 1420
INTERNAL; 2; 5; 3; 1420; INPUT; 1; 4; 3; 2207
INTERNAL; 2; 5; 3; 1420; INPUT; 1; 4; 3; 966
INTERNAL; 2; 5; 3; 1420; INPUT; 1; 4; 3; 3033
INTERNAL; 2; 5; 3; 1420; INPUT; 1; 4; 3; 3707
INTERNAL; 3; 6; 3; 1589; INPUT; 1; 4; 3; 1544
INTERNAL; 3; 6; 3; 1589; INTERNAL; 2; 5; 3; 2566
INTERNAL; 2; 5; 3; 2566; INPUT; 1; 4; 3; 1165
INTERNAL; 2; 5; 3; 2566; INPUT; 1; 4; 3; 1604
INTERNAL; 3; 6; 3; 1589; INPUT; 1; 4; 3; 1262
INTERNAL; 4; 7; 3; 4803; INTERNAL; 2; 6; 4; 1810
INTERNAL; 2; 6; 4; 1810; INPUT; 1; 5; 4; 2557
INTERNAL; 2; 6; 4; 1810; INPUT; 1; 5; 4; 3781
INTERNAL; 2; 6; 4; 1810; INPUT; 1; 5; 4; 1972
INTERNAL; 2; 6; 4; 1810; INPUT; 1; 5; 4; 2826
INTERNAL; 11; 12; 1; 792; INTERNAL; 5; 11; 6; 3231
INTERNAL; 5; 11; 6; 3231; INTERNAL; 3; 10; 7; 5050
INTERNAL; 3; 10; 7; 5050; INTERNAL; 2; 7; 5; 5054
INTERNAL; 5; 11; 6; 3231; INTERNAL; 4; 10; 6; 4198
INTERNAL; 4; 10; 6; 4198; INTERNAL; 3; 4; 1; 5053
INTERNAL; 3; 4; 1; 5053; INTERNAL; 2; 3; 1; 2060
INTERNAL; 5; 11; 6; 3231; INTERNAL; 3; 10; 7; 1568
INTERNAL; 3; 10; 7; 1568; INTERNAL; 2; 6; 4; 3972
INTERNAL; 2; 6; 4; 3972; INPUT; 1; 5; 4; 2613
INTERNAL; 2; 6; 4; 3972; INPUT; 1; 5; 4; 2901
INTERNAL; 2; 6; 4; 3972; INPUT; 1; 5; 4; 3336
INTERNAL; 2; 6; 4; 3972; INPUT; 1; 5; 4; 1613
INTERNAL; 5; 11; 6; 3231; INTERNAL; 3; 10; 7; 3854
INTERNAL; 3; 10; 7; 3854; INPUT; 1; 4; 3; 3726
INTERNAL; 3; 10; 7; 3854; INPUT; 1; 4; 3; 3135
INTERNAL; 3; 10; 7; 3854; INPUT; 1; 4; 3; 3721
INTERNAL; 11; 12; 1; 792; INTERNAL; 6; 11; 5; 4789
INTERNAL; 6; 11; 5; 4789; INTERNAL; 5; 10; 5; 674
INTERNAL; 5; 10; 5; 674; INTERNAL; 3; 9; 6; 5037
INTERNAL; 3; 9; 6; 5037; INTERNAL; 2; 6; 4; 3350
INTERNAL; 3; 9; 6; 5037; INTERNAL; 2; 8; 6; 4206
INTERNAL; 2; 8; 6; 4206; INPUT; 1; 4; 3; 2159
INTERNAL; 2; 8; 6; 4206; INPUT; 1; 4; 3; 4273
INTERNAL; 2; 8; 6; 4206; INPUT; 1; 4; 3; 2999
INTERNAL; 2; 8; 6; 4206; INPUT; 1; 4; 3; 4269
INTERNAL; 3; 9; 6; 5037; INTERNAL; 2; 5; 3; 1349
INTERNAL; 2; 5; 3; 1349; INPUT; 1; 4; 3; 3257
INTERNAL; 2; 5; 3; 1349; INPUT; 1; 4; 3; 1702
INTERNAL; 2; 5; 3; 1349; INPUT; 1; 4; 3; 4344
INTERNAL; 5; 10; 5; 674; INTERNAL; 4; 9; 5; 2593
INTERNAL; 4; 9; 5; 2593; INTERNAL; 3; 8; 5; 5040
INTERNAL; 3; 8; 5; 5040; INTERNAL; 2; 5; 3; 5043
INTERNAL; 2; 5; 3; 5043; INPUT; 1; 4; 3; 3251
INTERNAL; 2; 5; 3; 5043; INPUT; 1; 4; 3; 1319
INTERNAL; 2; 5; 3; 5043; INPUT; 1; 4; 3; 1320
INTERNAL; 3; 8; 5; 5040; INTERNAL; 2; 7; 5; 794
INTERNAL; 2; 7; 5; 794; INPUT; 1; 6; 5; 4556
INTERNAL; 2; 7; 5; 794; INPUT; 1; 6; 5; 1751
INTERNAL; 2; 7; 5; 794; INPUT; 1; 6; 5; 3573
INTERNAL; 2; 7; 5; 794; INPUT; 1; 6; 5; 3651
INTERNAL; 4; 9; 5; 2593; INTERNAL; 2; 3; 1; 987
INTERNAL; 4; 9; 5; 2593; INPUT; 1; 4; 3; 4406
INTERNAL; 5; 10; 5; 674; INTERNAL; 3; 9; 6; 5034
INTERNAL; 3; 9; 6; 5034; INPUT; 1; 2; 1; 5722
INTERNAL; 3; 9; 6; 5034; INPUT; 1; 2; 1; 3423
INTERNAL; 3; 9; 6; 5034; INTERNAL; 2; 8; 6; 4166
INTERNAL; 2; 8; 6; 4166; INPUT; 1; 3; 2; 3796
INTERNAL; 2; 8; 6; 4166; INPUT; 1; 3; 2; 3795
INTERNAL; 2; 8; 6; 4166; INPUT; 1; 3; 2; 5227
INTERNAL; 2; 8; 6; 4166; INPUT; 1; 3; 2; 6010
INTERNAL; 3; 9; 6; 5034; INPUT; 1; 2; 1; 984
INTERNAL; 3; 9; 6; 5034; INPUT; 1; 2; 1; 1654
INTERNAL; 6; 11; 5; 4789; INTERNAL; 5; 10; 5; 2055
INTERNAL; 5; 10; 5; 2055; INTERNAL; 2; 8; 6; 3437
INTERNAL; 5; 10; 5; 2055; INTERNAL; 4; 9; 5; 4216
INTERNAL; 4; 9; 5; 4216; INTERNAL; 3; 8; 5; 5028
INTERNAL; 3; 8; 5; 5028; INTERNAL; 2; 7; 5; 4569
INTERNAL; 2; 7; 5; 4569; INPUT; 1; 3; 2; 3608
INTERNAL; 3; 8; 5; 5028; INPUT; 1; 3; 2; 2902
INTERNAL; 3; 8; 5; 5028; INPUT; 1; 3; 2; 1904
INTERNAL; 3; 8; 5; 5028; INPUT; 1; 3; 2; 801
INTERNAL; 4; 9; 5; 4216; INTERNAL; 2; 5; 3; 4548
INTERNAL; 4; 9; 5; 4216; INTERNAL; 2; 8; 6; 5026
INTERNAL; 4; 9; 5; 4216; INTERNAL; 2; 8; 6; 5030
INTERNAL; 5; 10; 5; 2055; INTERNAL; 3; 9; 6; 5022
INTERNAL; 3; 9; 6; 5022; INTERNAL; 2; 4; 2; 2192
INTERNAL; 3; 9; 6; 5022; INTERNAL; 2; 8; 6; 5031
INTERNAL; 2; 8; 6; 5031; INPUT; 1; 4; 3; 1846
INTERNAL; 2; 8; 6; 5031; INPUT; 1; 4; 3; 3299
INTERNAL; 2; 8; 6; 5031; INPUT; 1; 4; 3; 2257
INTERNAL; 5; 10; 5; 2055; INTERNAL; 2; 6; 4; 3155
INTERNAL; 2; 6; 4; 3155; INPUT; 1; 4; 3; 2952
INTERNAL; 2; 6; 4; 3155; INPUT; 1; 4; 3; 5450
INTERNAL; 6; 11; 5; 4789; INTERNAL; 5; 10; 5; 3998
INTERNAL; 5; 10; 5; 3998; INTERNAL; 2; 7; 5; 5047
INTERNAL; 2; 7; 5; 5047; INPUT; 1; 2; 1; 1831
INTERNAL; 2; 7; 5; 5047; INPUT; 1; 2; 1; 739
INTERNAL; 2; 7; 5; 5047; INPUT; 1; 2; 1; 4329
INTERNAL; 5; 10; 5; 3998; INTERNAL; 3; 9; 6; 3078
INTERNAL; 3; 9; 6; 3078; INTERNAL; 2; 3; 1; 3075
INTERNAL; 2; 3; 1; 3075; INPUT; 1; 2; 1; 2312
INTERNAL; 2; 3; 1; 3075; INPUT; 1; 2; 1; 2106
INTERNAL; 3; 9; 6; 3078; INPUT; 1; 3; 2; 1791
INTERNAL; 3; 9; 6; 3078; INPUT; 1; 1; 0; 4932
INTERNAL; 3; 9; 6; 3078; INPUT; 1; 1; 0; 3590
INTERNAL; 3; 9; 6; 3078; INPUT; 1; 1; 0; 3090
INTERNAL; 3; 9; 6; 3078; INPUT; 1; 3; 2; 3021
INTERNAL; 5; 10; 5; 3998; INTERNAL; 3; 9; 6; 2921
INTERNAL; 3; 9; 6; 2921; INPUT; 1; 5; 4; 2995
INTERNAL; 3; 9; 6; 2921; INPUT; 1; 5; 4; 2931
INTERNAL; 3; 9; 6; 2921; INPUT; 1; 5; 4; 1398
INTERNAL; 3; 9; 6; 2921; INPUT; 1; 5; 4; 2658
INTERNAL; 5; 10; 5; 3998; INTERNAL; 4; 9; 5; 5846
INTERNAL; 4; 9; 5; 5846; INTERNAL; 3; 8; 5; 5033
INTERNAL; 3; 8; 5; 5033; INPUT; 1; 4; 3; 5358
INTERNAL; 3; 8; 5; 5033; INPUT; 1; 4; 3; 585
INTERNAL; 3; 8; 5; 5033; INTERNAL; 2; 7; 5; 5048
INTERNAL; 4; 9; 5; 5846; INTERNAL; 3; 8; 5; 2115
INTERNAL; 5; 10; 5; 3998; INTERNAL; 2; 7; 5; 5046
INTERNAL; 2; 7; 5; 5046; INPUT; 1; 5; 4; 1685
INTERNAL; 2; 7; 5; 5046; INPUT; 1; 5; 4; 3292
INTERNAL; 2; 7; 5; 5046; INPUT; 1; 5; 4; 5551
INTERNAL; 14; 15; 1; 4067; INTERNAL; 13; 14; 1; 4693
INTERNAL; 13; 14; 1; 4693; INTERNAL; 5; 13; 8; 4416
INTERNAL; 5; 13; 8; 4416; INTERNAL; 3; 12; 9; 3498
INTERNAL; 3; 12; 9; 3498; INTERNAL; 2; 5; 3; 1633
INTERNAL; 3; 12; 9; 3498; INTERNAL; 2; 7; 5; 671
INTERNAL; 2; 7; 5; 671; INPUT; 1; 3; 2; 3023
INTERNAL; 2; 7; 5; 671; INPUT; 1; 3; 2; 2507
INTERNAL; 2; 7; 5; 671; INPUT; 1; 3; 2; 2877
INTERNAL; 2; 7; 5; 671; INPUT; 1; 3; 2; 2646
INTERNAL; 3; 12; 9; 3498; INPUT; 1; 5; 4; 4435
INTERNAL; 5; 13; 8; 4416; INTERNAL; 3; 6; 3; 855
INTERNAL; 3; 6; 3; 855; INPUT; 1; 4; 3; 2276
INTERNAL; 3; 6; 3; 855; INPUT; 1; 4; 3; 1166
INTERNAL; 5; 13; 8; 4416; INTERNAL; 2; 7; 5; 5903
INTERNAL; 5; 13; 8; 4416; INTERNAL; 2; 6; 4; 3146
INTERNAL; 2; 6; 4; 3146; INPUT; 1; 4; 3; 3123
INTERNAL; 2; 6; 4; 3146; INPUT; 1; 4; 3; 3321
INTERNAL; 2; 6; 4; 3146; INPUT; 1; 4; 3; 1730
INTERNAL; 2; 6; 4; 3146; INPUT; 1; 4; 3; 3184
INTERNAL; 5; 13; 8; 4416; INTERNAL; 2; 6; 4; 2996
INTERNAL; 2; 6; 4; 2996; INPUT; 1; 4; 3; 5950
INTERNAL; 2; 6; 4; 2996; INPUT; 1; 4; 3; 3983
INTERNAL; 2; 6; 4; 2996; INPUT; 1; 4; 3; 4132
INTERNAL; 2; 6; 4; 2996; INPUT; 1; 4; 3; 4135
INTERNAL; 5; 13; 8; 4416; INTERNAL; 4; 12; 8; 2479
INTERNAL; 4; 12; 8; 2479; INTERNAL; 3; 11; 8; 5916
INTERNAL; 3; 11; 8; 5916; INTERNAL; 2; 10; 8; 5076
INTERNAL; 4; 12; 8; 2479; INTERNAL; 3; 11; 8; 5075
INTERNAL; 3; 11; 8; 5075; INPUT; 1; 3; 2; 4675
INTERNAL; 3; 11; 8; 5075; INTERNAL; 2; 6; 4; 3144
INTERNAL; 4; 12; 8; 2479; INPUT; 1; 5; 4; 3141
INTERNAL; 4; 12; 8; 2479; INPUT; 1; 5; 4; 709
INTERNAL; 4; 12; 8; 2479; INPUT; 1; 5; 4; 847
INTERNAL; 13; 14; 1; 4693; INTERNAL; 5; 13; 8; 4786
INTERNAL; 5; 13; 8; 4786; INTERNAL; 2; 5; 3; 3126
INTERNAL; 5; 13; 8; 4786; INTERNAL; 3; 12; 9; 5078
INTERNAL; 3; 12; 9; 5078; INTERNAL; 2; 11; 9; 4634
INTERNAL; 5; 13; 8; 4786; INTERNAL; 4; 12; 8; 2021
INTERNAL; 4; 12; 8; 2021; INTERNAL; 3; 11; 8; 5079
INTERNAL; 3; 11; 8; 5079; INTERNAL; 2; 4; 2; 5086
INTERNAL; 2; 4; 2; 5086; INPUT; 1; 2; 1; 1824
INTERNAL; 4; 12; 8; 2021; INTERNAL; 2; 5; 3; 1686
INTERNAL; 4; 12; 8; 2021; INTERNAL; 3; 5; 2; 3287
INTERNAL; 3; 5; 2; 3287; INTERNAL; 2; 4; 2; 2003
INTERNAL; 4; 12; 8; 2021; INTERNAL; 2; 4; 2; 5082
INTERNAL; 2; 4; 2; 5082; INPUT; 1; 3; 2; 2766
INTERNAL; 5; 13; 8; 4786; INTERNAL; 3; 12; 9; 3013
INTERNAL; 3; 12; 9; 3013; INTERNAL; 2; 5; 3; 3683
INTERNAL; 2; 5; 3; 3683; INPUT; 1; 4; 3; 1280
INTERNAL; 2; 5; 3; 3683; INPUT; 1; 4; 3; 963
INTERNAL; 2; 5; 3; 3683; INPUT; 1; 4; 3; 4243
INTERNAL; 3; 12; 9; 3013; INPUT; 1; 4; 3; 1159
INTERNAL; 13; 14; 1; 4693; INTERNAL; 12; 13; 1; 4785
INTERNAL; 14; 15; 1; 4067; INTERNAL; 12; 14; 2; 3921
INTERNAL; 12; 14; 2; 3921; INTERNAL; 11; 13; 2; 589
INTERNAL; 12; 14; 2; 3921; INTERNAL; 6; 13; 7; 5092
INTERNAL; 12; 14; 2; 3921; INTERNAL; 11; 13; 2; 5091
INTERNAL; 11; 13; 2; 5091; INTERNAL; 10; 12; 2; 5093
INTERNAL; 10; 12; 2; 5093; INTERNAL; 7; 11; 4; 5097
INTERNAL; 10; 12; 2; 5093; INTERNAL; 9; 11; 2; 5096
INTERNAL; 11; 13; 2; 5091; INTERNAL; 10; 12; 2; 4987
INTERNAL; 10; 12; 2; 4987; INTERNAL; 9; 11; 2; 4871
INTERNAL; 9; 11; 2; 4871; INTERNAL; 8; 10; 2; 5101
INTERNAL; 9; 11; 2; 4871; INTERNAL; 7; 10; 3; 1022
INTERNAL; 7; 10; 3; 1022; INTERNAL; 6; 9; 3; 5106
INTERNAL; 7; 10; 3; 1022; INTERNAL; 6; 9; 3; 5108
INTERNAL; 6; 9; 3; 5108; INTERNAL; 3; 8; 5; 3454
INTERNAL; 3; 8; 5; 3454; INTERNAL; 2; 6; 4; 3167
INTERNAL; 2; 6; 4; 3167; INPUT; 1; 3; 2; 2078
INTERNAL; 2; 6; 4; 3167; INPUT; 1; 3; 2; 2678
INTERNAL; 2; 6; 4; 3167; INPUT; 1; 3; 2; 3308
INTERNAL; 2; 6; 4; 3167; INPUT; 1; 3; 2; 3312
INTERNAL; 6; 9; 3; 5108; INTERNAL; 4; 8; 4; 3185
INTERNAL; 4; 8; 4; 3185; INTERNAL; 3; 7; 4; 5115
INTERNAL; 6; 9; 3; 5108; INTERNAL; 5; 8; 3; 5114
INTERNAL; 5; 8; 3; 5114; INTERNAL; 3; 7; 4; 2117
INTERNAL; 7; 10; 3; 1022; INTERNAL; 3; 9; 6; 5109
INTERNAL; 9; 11; 2; 4871; INTERNAL; 7; 10; 3; 5102
INTERNAL; 10; 12; 2; 4987; INTERNAL; 9; 11; 2; 5098
INTERNAL; 9; 11; 2; 5098; INTERNAL; 7; 10; 3; 5117
INTERNAL; 7; 10; 3; 5117; INTERNAL; 6; 9; 3; 5128
INTERNAL; 7; 10; 3; 5117; INTERNAL; 6; 9; 3; 5129
INTERNAL; 6; 9; 3; 5129; INTERNAL; 5; 8; 3; 5133
INTERNAL; 5; 8; 3; 5133; INTERNAL; 4; 7; 3; 1198
INTERNAL; 6; 9; 3; 5129; INTERNAL; 4; 8; 4; 4144
INTERNAL; 4; 8; 4; 4144; INTERNAL; 3; 7; 4; 4317
INTERNAL; 6; 9; 3; 5129; INTERNAL; 5; 8; 3; 5131
INTERNAL; 5; 8; 3; 5131; INTERNAL; 4; 7; 3; 4113
INTERNAL; 4; 7; 3; 4113; INPUT; 1; 6; 5; 1941
INTERNAL; 4; 7; 3; 4113; INPUT; 1; 6; 5; 5139
INTERNAL; 4; 7; 3; 4113; INTERNAL; 3; 6; 3; 3655
INTERNAL; 4; 7; 3; 4113; INPUT; 1; 6; 5; 3654
INTERNAL; 4; 7; 3; 4113; INPUT; 1; 6; 5; 5135
INTERNAL; 7; 10; 3; 5117; INTERNAL; 5; 9; 4; 2556
INTERNAL; 5; 9; 4; 2556; INTERNAL; 4; 8; 4; 5142
INTERNAL; 4; 8; 4; 5142; INTERNAL; 3; 7; 4; 5144
INTERNAL; 3; 7; 4; 5144; INTERNAL; 2; 6; 4; 758
INTERNAL; 3; 7; 4; 5144; INTERNAL; 2; 6; 4; 3658
INTERNAL; 5; 9; 4; 2556; INTERNAL; 4; 8; 4; 642
INTERNAL; 4; 8; 4; 642; INTERNAL; 3; 7; 4; 3270
INTERNAL; 9; 11; 2; 5098; INTERNAL; 8; 10; 2; 3076
INTERNAL; 9; 11; 2; 5098; INTERNAL; 8; 10; 2; 1446
INTERNAL; 8; 10; 2; 1446; INTERNAL; 6; 9; 3; 5119
INTERNAL; 8; 10; 2; 1446; INTERNAL; 5; 9; 4; 5122
INTERNAL; 5; 9; 4; 5122; INTERNAL; 3; 8; 5; 1120
INTERNAL; 3; 8; 5; 1120; INPUT; 1; 5; 4; 2704
INTERNAL; 3; 8; 5; 1120; INPUT; 1; 5; 4; 2186
INTERNAL; 5; 9; 4; 5122; INTERNAL; 3; 8; 5; 5123
INTERNAL; 5; 9; 4; 5122; INTERNAL; 4; 8; 4; 919
INTERNAL; 4; 8; 4; 919; INTERNAL; 2; 4; 2; 3666
INTERNAL; 4; 8; 4; 919; INTERNAL; 2; 4; 2; 672
INTERNAL; 4; 8; 4; 919; INTERNAL; 3; 7; 4; 5127
INTERNAL; 8; 10; 2; 1446; INTERNAL; 7; 9; 2; 3840
INTERNAL; 10; 12; 2; 4987; INTERNAL; 9; 11; 2; 1332
INTERNAL; 11; 13; 2; 5091; INTERNAL; 10; 12; 2; 6052
INTERNAL; 15; 19; 4; 5149; INTERNAL; 13; 15; 2; 3680
INTERNAL; 13; 15; 2; 3680; INTERNAL; 12; 14; 2; 1203
INTERNAL; 12; 14; 2; 1203; INTERNAL; 11; 13; 2; 5155
INTERNAL; 11; 13; 2; 5155; INTERNAL; 10; 12; 2; 1807
INTERNAL; 10; 12; 2; 1807; INTERNAL; 9; 11; 2; 4360
INTERNAL; 10; 12; 2; 1807; INTERNAL; 9; 11; 2; 5158
INTERNAL; 9; 11; 2; 5158; INTERNAL; 6; 10; 4; 5161
INTERNAL; 9; 11; 2; 5158; INTERNAL; 7; 10; 3; 4540
INTERNAL; 9; 11; 2; 5158; INTERNAL; 8; 10; 2; 3284
INTERNAL; 10; 12; 2; 1807; INTERNAL; 8; 11; 3; 5159
INTERNAL; 8; 11; 3; 5159; INTERNAL; 6; 10; 4; 5165
INTERNAL; 6; 10; 4; 5165; INTERNAL; 5; 9; 4; 2709
INTERNAL; 5; 9; 4; 2709; INTERNAL; 4; 8; 4; 5170
INTERNAL; 6; 10; 4; 5165; INTERNAL; 5; 9; 4; 5169
INTERNAL; 8; 11; 3; 5159; INTERNAL; 7; 10; 3; 5718
INTERNAL; 7; 10; 3; 5718; INTERNAL; 5; 9; 4; 5166
INTERNAL; 7; 10; 3; 5718; INTERNAL; 6; 9; 3; 3396
INTERNAL; 8; 11; 3; 5159; INTERNAL; 7; 10; 3; 3561
INTERNAL; 11; 13; 2; 5155; INTERNAL; 10; 12; 2; 5157
INTERNAL; 11; 13; 2; 5155; INTERNAL; 9; 12; 3; 1464
INTERNAL; 12; 14; 2; 1203; INTERNAL; 10; 13; 3; 5156
INTERNAL; 12; 14; 2; 1203; INTERNAL; 11; 13; 2; 4058
INTERNAL; 13; 15; 2; 3680; INTERNAL; 12; 14; 2; 5154
UNKNOWN; -1; -1; -1; -1; OUTPUT; 18; 20; 2; 25
OUTPUT; 18; 20; 2; 25; INTERNAL; 17; 19; 2; 1528
INTERNAL; 17; 19; 2; 1528; INTERNAL; 16; 17; 1; 6031
INTERNAL; 16; 17; 1; 6031; INTERNAL; 13; 16; 3; 4756
INTERNAL; 13; 16; 3; 4756; INTERNAL; 12; 15; 3; 4757
INTERNAL; 12; 15; 3; 4757; INTERNAL; 11; 12; 1; 4719
INTERNAL; 11; 12; 1; 4719; INTERNAL; 10; 11; 1; 4728
INTERNAL; 10; 11; 1; 4728; INTERNAL; 9; 10; 1; 4736
INTERNAL; 9; 10; 1; 4736; INTERNAL; 7; 9; 2; 4652
INTERNAL; 7; 9; 2; 4652; INTERNAL; 6; 8; 2; 2245
INTERNAL; 6; 8; 2; 2245; INTERNAL; 5; 7; 2; 4674
INTERNAL; 5; 7; 2; 4674; INTERNAL; 2; 5; 3; 3316
INTERNAL; 5; 7; 2; 4674; INTERNAL; 2; 5; 3; 1054
INTERNAL; 2; 5; 3; 1054; INPUT; 1; 4; 3; 4304
INTERNAL; 2; 5; 3; 1054; INPUT; 1; 4; 3; 3481
INTERNAL; 2; 5; 3; 1054; INPUT; 1; 4; 3; 4305
INTERNAL; 2; 5; 3; 1054; INPUT; 1; 4; 3; 4637
INTERNAL; 5; 7; 2; 4674; INTERNAL; 4; 6; 2; 1296
INTERNAL; 4; 6; 2; 1296; INPUT; 1; 4; 3; 1984
INTERNAL; 4; 6; 2; 1296; INPUT; 1; 4; 3; 3071
INTERNAL; 4; 6; 2; 1296; INTERNAL; 3; 5; 2; 2631
INTERNAL; 3; 5; 2; 2631; INPUT; 1; 3; 2; 5369
INTERNAL; 3; 5; 2; 2631; INPUT; 1; 4; 3; 4601
INTERNAL; 3; 5; 2; 2631; INPUT; 1; 3; 2; 1469
INTERNAL; 4; 6; 2; 1296; INTERNAL; 2; 5; 3; 1979
INTERNAL; 2; 5; 3; 1979; INPUT; 1; 4; 3; 2227
INTERNAL; 2; 5; 3; 1979; INPUT; 1; 4; 3; 1119
INTERNAL; 2; 5; 3; 1979; INPUT; 1; 4; 3; 2509
INTERNAL; 2; 5; 3; 1979; INPUT; 1; 4; 3; 4602
INTERNAL; 4; 6; 2; 1296; INPUT; 1; 4; 3; 4855
INTERNAL; 4; 6; 2; 1296; INTERNAL; 3; 5; 2; 4600
INTERNAL; 3; 5; 2; 4600; INPUT; 1; 4; 3; 4606
INTERNAL; 3; 5; 2; 4600; INTERNAL; 2; 4; 2; 3898
INTERNAL; 2; 4; 2; 3898; INPUT; 1; 3; 2; 4093
INTERNAL; 2; 4; 2; 3898; INPUT; 1; 3; 2; 961
INTERNAL; 3; 5; 2; 4600; INPUT; 1; 4; 3; 5906
INTERNAL; 5; 7; 2; 4674; INTERNAL; 2; 5; 3; 2352
INTERNAL; 2; 5; 3; 2352; INPUT; 1; 4; 3; 3439
INTERNAL; 2; 5; 3; 2352; INPUT; 1; 4; 3; 2501
INTERNAL; 2; 5; 3; 2352; INPUT; 1; 4; 3; 5212
INTERNAL; 2; 5; 3; 2352; INPUT; 1; 4; 3; 3348
INTERNAL; 6; 8; 2; 2245; INTERNAL; 3; 7; 4; 5479
INTERNAL; 3; 7; 4; 5479; INTERNAL; 2; 4; 2; 3719
INTERNAL; 2; 4; 2; 3719; INPUT; 1; 3; 2; 3330
INTERNAL; 2; 4; 2; 3719; INPUT; 1; 3; 2; 2384
INTERNAL; 2; 4; 2; 3719; INPUT; 1; 3; 2; 660
INTERNAL; 2; 4; 2; 3719; INPUT; 1; 3; 2; 659
INTERNAL; 6; 8; 2; 2245; INTERNAL; 5; 7; 2; 3153
INTERNAL; 5; 7; 2; 3153; INTERNAL; 2; 6; 4; 2221
INTERNAL; 5; 7; 2; 3153; INTERNAL; 2; 6; 4; 1573
INTERNAL; 2; 6; 4; 1573; INPUT; 1; 5; 4; 1802
INTERNAL; 2; 6; 4; 1573; INPUT; 1; 5; 4; 3554
INTERNAL; 2; 6; 4; 1573; INPUT; 1; 5; 4; 936
INTERNAL; 2; 6; 4; 1573; INPUT; 1; 5; 4; 933
INTERNAL; 5; 7; 2; 3153; INTERNAL; 4; 6; 2; 4676
INTERNAL; 4; 6; 2; 4676; INTERNAL; 2; 4; 2; 3933
INTERNAL; 2; 4; 2; 3933; INPUT; 1; 3; 2; 701
INTERNAL; 2; 4; 2; 3933; INPUT; 1; 3; 2; 1441
INTERNAL; 4; 6; 2; 4676; INTERNAL; 2; 5; 3; 2867
INTERNAL; 2; 5; 3; 2867; INPUT; 1; 4; 3; 746
INTERNAL; 4; 6; 2; 4676; INTERNAL; 2; 5; 3; 734
INTERNAL; 2; 5; 3; 734; INPUT; 1; 4; 3; 4395
INTERNAL; 2; 5; 3; 734; INPUT; 1; 4; 3; 3511
INTERNAL; 2; 5; 3; 734; INPUT; 1; 4; 3; 3128
INTERNAL; 2; 5; 3; 734; INPUT; 1; 4; 3; 3691
INTERNAL; 4; 6; 2; 4676; INTERNAL; 2; 5; 3; 2663
INTERNAL; 4; 6; 2; 4676; INTERNAL; 3; 5; 2; 2174
INTERNAL; 3; 5; 2; 2174; INTERNAL; 2; 4; 2; 5919
INTERNAL; 2; 4; 2; 5919; INPUT; 1; 3; 2; 4081
INTERNAL; 2; 4; 2; 5919; INPUT; 1; 3; 2; 4494
INTERNAL; 2; 4; 2; 5919; INPUT; 1; 3; 2; 1276
INTERNAL; 2; 4; 2; 5919; INPUT; 1; 3; 2; 4588
INTERNAL; 5; 7; 2; 3153; INTERNAL; 3; 6; 3; 4585
INTERNAL; 3; 6; 3; 4585; INPUT; 1; 3; 2; 4592
INTERNAL; 3; 6; 3; 4585; INTERNAL; 2; 5; 3; 4593
INTERNAL; 2; 5; 3; 4593; INPUT; 1; 4; 3; 4594
INTERNAL; 2; 5; 3; 4593; INPUT; 1; 4; 3; 1948
INTERNAL; 3; 6; 3; 4585; INPUT; 1; 3; 2; 1580
INTERNAL; 7; 9; 2; 4652; INTERNAL; 6; 8; 2; 4662
INTERNAL; 6; 8; 2; 4662; INTERNAL; 5; 7; 2; 4334
INTERNAL; 5; 7; 2; 4334; INTERNAL; 2; 5; 3; 3225
INTERNAL; 5; 7; 2; 4334; INTERNAL; 4; 6; 2; 4339
INTERNAL; 4; 6; 2; 4339; INTERNAL; 2; 4; 2; 3848
INTERNAL; 4; 6; 2; 4339; INPUT; 1; 5; 4; 2009
INTERNAL; 4; 6; 2; 4339; INTERNAL; 3; 5; 2; 837
INTERNAL; 3; 5; 2; 837; INPUT; 1; 4; 3; 4348
INTERNAL; 3; 5; 2; 837; INTERNAL; 2; 4; 2; 3546
INTERNAL; 2; 4; 2; 3546; INPUT; 1; 3; 2; 1376
INTERNAL; 2; 4; 2; 3546; INPUT; 1; 3; 2; 1372
INTERNAL; 2; 4; 2; 3546; INPUT; 1; 3; 2; 3584
INTERNAL; 2; 4; 2; 3546; INPUT; 1; 3; 2; 2130
INTERNAL; 3; 5; 2; 837; INPUT; 1; 4; 3; 2246
INTERNAL; 3; 5; 2; 837; INPUT; 1; 4; 3; 3212
INTERNAL; 3; 5; 2; 837; INPUT; 1; 4; 3; 4432
INTERNAL; 4; 6; 2; 4339; INPUT; 1; 5; 4; 1151
INTERNAL; 4; 6; 2; 4339; INPUT; 1; 5; 4; 5112
INTERNAL; 4; 6; 2; 4339; INPUT; 1; 5; 4; 3469
INTERNAL; 5; 7; 2; 4334; INTERNAL; 4; 6; 2; 702
INTERNAL; 4; 6; 2; 702; INTERNAL; 2; 4; 2; 4345
INTERNAL; 2; 4; 2; 4345; INPUT; 1; 3; 2; 2590
INTERNAL; 2; 4; 2; 4345; INPUT; 1; 3; 2; 1795
INTERNAL; 2; 4; 2; 4345; INPUT; 1; 3; 2; 3664
INTERNAL; 2; 4; 2; 4345; INPUT; 1; 3; 2; 3448
INTERNAL; 4; 6; 2; 702; INPUT; 1; 3; 2; 2118
INTERNAL; 4; 6; 2; 702; INPUT; 1; 3; 2; 2696
INTERNAL; 4; 6; 2; 702; INPUT; 1; 5; 4; 1674
INTERNAL; 4; 6; 2; 702; INPUT; 1; 3; 2; 4341
INTERNAL; 4; 6; 2; 702; INTERNAL; 3; 5; 2; 4343
INTERNAL; 5; 7; 2; 4334; INPUT; 1; 5; 4; 2465
INTERNAL; 5; 7; 2; 4334; INTERNAL; 3; 6; 3; 4335
INTERNAL; 3; 6; 3; 4335; INTERNAL; 2; 5; 3; 4349
INTERNAL; 2; 5; 3; 4349; INPUT; 1; 4; 3; 4351
INTERNAL; 2; 5; 3; 4349; INPUT; 1; 4; 3; 5912
INTERNAL; 2; 5; 3; 4349; INPUT; 1; 4; 3; 2446
INTERNAL; 2; 5; 3; 4349; INPUT; 1; 4; 3; 4346
INTERNAL; 3; 6; 3; 4335; INTERNAL; 2; 5; 3; 2531
INTERNAL; 5; 7; 2; 4334; INPUT; 1; 5; 4; 4338
INTERNAL; 6; 8; 2; 4662; INTERNAL; 4; 7; 3; 5947
INTERNAL; 4; 7; 3; 5947; INTERNAL; 2; 4; 2; 976
INTERNAL; 2; 4; 2; 976; INPUT; 1; 3; 2; 3461
INTERNAL; 2; 4; 2; 976; INPUT; 1; 3; 2; 3492
INTERNAL; 4; 7; 3; 5947; INTERNAL; 3; 4; 1; 1481
INTERNAL; 3; 4; 1; 1481; INTERNAL; 2; 3; 1; 1478
INTERNAL; 2; 3; 1; 1478; INPUT; 1; 2; 1; 2074
INTERNAL; 2; 3; 1; 1478; INPUT; 1; 2; 1; 3236
INTERNAL; 3; 4; 1; 1481; INPUT; 1; 3; 2; 1479
INTERNAL; 3; 4; 1; 1481; INPUT; 1; 3; 2; 1480
INTERNAL; 4; 7; 3; 5947; INTERNAL; 2; 5; 3; 978
INTERNAL; 2; 5; 3; 978; INPUT; 1; 3; 2; 2340
INTERNAL; 2; 5; 3; 978; INPUT; 1; 3; 2; 1453
INTERNAL; 2; 5; 3; 978; INPUT; 1; 3; 2; 2762
INTERNAL; 2; 5; 3; 978; INPUT; 1; 3; 2; 1800
INTERNAL; 4; 7; 3; 5947; INTERNAL; 3; 6; 3; 4355
INTERNAL; 3; 6; 3; 4355; INTERNAL; 2; 5; 3; 5242
INTERNAL; 2; 5; 3; 5242; INPUT; 1; 4; 3; 2094
INTERNAL; 2; 5; 3; 5242; INPUT; 1; 4; 3; 3056
INTERNAL; 3; 6; 3; 4355; INTERNAL; 2; 5; 3; 2730
INTERNAL; 7; 9; 2; 4652; INTERNAL; 6; 8; 2; 4663
INTERNAL; 6; 8; 2; 4663; INTERNAL; 4; 7; 3; 1594
INTERNAL; 4; 7; 3; 1594; INTERNAL; 3; 6; 3; 4263
INTERNAL; 3; 6; 3; 4263; INPUT; 1; 4; 3; 4237
INTERNAL; 3; 6; 3; 4263; INPUT; 1; 5; 4; 4527
INTERNAL; 3; 6; 3; 4263; INPUT; 1; 4; 3; 2132
INTERNAL; 3; 6; 3; 4263; INPUT; 1; 4; 3; 647
INTERNAL; 4; 7; 3; 1594; INTERNAL; 3; 6; 3; 4672
INTERNAL; 3; 6; 3; 4672; INTERNAL; 2; 5; 3; 4673
INTERNAL; 6; 8; 2; 4663; INTERNAL; 5; 7; 2; 5587
INTERNAL; 5; 7; 2; 5587; INTERNAL; 3; 6; 3; 755
INTERNAL; 3; 6; 3; 755; INTERNAL; 2; 5; 3; 4620
INTERNAL; 5; 7; 2; 5587; INTERNAL; 2; 6; 4; 4611
INTERNAL; 2; 6; 4; 4611; INPUT; 1; 3; 2; 994
INTERNAL; 2; 6; 4; 4611; INPUT; 1; 3; 2; 998
INTERNAL; 2; 6; 4; 4611; INPUT; 1; 5; 4; 2456
INTERNAL; 2; 6; 4; 4611; INPUT; 1; 5; 4; 4622
INTERNAL; 5; 7; 2; 5587; INTERNAL; 2; 6; 4; 4665
INTERNAL; 5; 7; 2; 5587; INTERNAL; 2; 6; 4; 4608
INTERNAL; 2; 6; 4; 4608; INPUT; 1; 4; 3; 4097
INTERNAL; 2; 6; 4; 4608; INPUT; 1; 4; 3; 4626
INTERNAL; 2; 6; 4; 4608; INPUT; 1; 4; 3; 4627
INTERNAL; 2; 6; 4; 4608; INPUT; 1; 5; 4; 4625
INTERNAL; 5; 7; 2; 5587; INTERNAL; 4; 6; 2; 4666
INTERNAL; 4; 6; 2; 4666; INTERNAL; 3; 5; 2; 4668
INTERNAL; 3; 5; 2; 4668; INPUT; 1; 4; 3; 2781
INTERNAL; 3; 5; 2; 4668; INPUT; 1; 4; 3; 754
INTERNAL; 3; 5; 2; 4668; INTERNAL; 2; 4; 2; 1691
INTERNAL; 2; 4; 2; 1691; INPUT; 1; 3; 2; 1097
INTERNAL; 2; 4; 2; 1691; INPUT; 1; 3; 2; 1096
INTERNAL; 3; 5; 2; 4668; INPUT; 1; 4; 3; 644
INTERNAL; 3; 5; 2; 4668; INPUT; 1; 4; 3; 1816
INTERNAL; 3; 5; 2; 4668; INTERNAL; 2; 4; 2; 3087
INTERNAL; 2; 4; 2; 3087; INPUT; 1; 3; 2; 3631
INTERNAL; 2; 4; 2; 3087; INPUT; 1; 3; 2; 4199
INTERNAL; 2; 4; 2; 3087; INPUT; 1; 3; 2; 2076
INTERNAL; 4; 6; 2; 4666; INTERNAL; 2; 5; 3; 5667
INTERNAL; 6; 8; 2; 4663; INTERNAL; 4; 7; 3; 4185
INTERNAL; 4; 7; 3; 4185; INTERNAL; 3; 6; 3; 4670
INTERNAL; 3; 6; 3; 4670; INPUT; 1; 4; 3; 1861
INTERNAL; 3; 6; 3; 4670; INPUT; 1; 4; 3; 3028
INTERNAL; 3; 6; 3; 4670; INPUT; 1; 4; 3; 1064
INTERNAL; 3; 6; 3; 4670; INTERNAL; 2; 5; 3; 4227
INTERNAL; 2; 5; 3; 4227; INPUT; 1; 4; 3; 914
INTERNAL; 2; 5; 3; 4227; INPUT; 1; 4; 3; 3603
INTERNAL; 2; 5; 3; 4227; INPUT; 1; 4; 3; 2202
INTERNAL; 2; 5; 3; 4227; INPUT; 1; 4; 3; 912
INTERNAL; 3; 6; 3; 4670; INPUT; 1; 4; 3; 4291
INTERNAL; 4; 7; 3; 4185; INTERNAL; 3; 6; 3; 2671
INTERNAL; 4; 7; 3; 4185; INTERNAL; 3; 6; 3; 634
INTERNAL; 9; 10; 1; 4736; INTERNAL; 7; 9; 2; 4651
INTERNAL; 7; 9; 2; 4651; INTERNAL; 3; 8; 5; 3718
INTERNAL; 3; 8; 5; 3718; INTERNAL; 2; 4; 2; 2733
INTERNAL; 3; 8; 5; 3718; INTERNAL; 2; 6; 4; 777
INTERNAL; 2; 6; 4; 777; INPUT; 1; 4; 3; 937
INTERNAL; 2; 6; 4; 777; INPUT; 1; 4; 3; 3539
INTERNAL; 2; 6; 4; 777; INPUT; 1; 4; 3; 3897
INTERNAL; 7; 9; 2; 4651; INTERNAL; 6; 8; 2; 889
INTERNAL; 7; 9; 2; 4651; INTERNAL; 6; 8; 2; 3009
INTERNAL; 6; 8; 2; 3009; INTERNAL; 5; 7; 2; 4292
INTERNAL; 5; 7; 2; 4292; INTERNAL; 4; 6; 2; 4297
INTERNAL; 4; 6; 2; 4297; INTERNAL; 3; 5; 2; 2161
INTERNAL; 4; 6; 2; 4297; INTERNAL; 2; 4; 2; 649
INTERNAL; 4; 6; 2; 4297; INTERNAL; 2; 5; 3; 4181
INTERNAL; 2; 5; 3; 4181; INPUT; 1; 4; 3; 5495
INTERNAL; 2; 5; 3; 4181; INPUT; 1; 4; 3; 1390
INTERNAL; 2; 5; 3; 4181; INPUT; 1; 4; 3; 2243
INTERNAL; 2; 5; 3; 4181; INPUT; 1; 4; 3; 3809
INTERNAL; 4; 6; 2; 4297; INTERNAL; 2; 5; 3; 4300
INTERNAL; 2; 5; 3; 4300; INPUT; 1; 4; 3; 1408
INTERNAL; 2; 5; 3; 4300; INPUT; 1; 4; 3; 4282
INTERNAL; 2; 5; 3; 4300; INPUT; 1; 4; 3; 3708
INTERNAL; 2; 5; 3; 4300; INPUT; 1; 4; 3; 4283
INTERNAL; 4; 6; 2; 4297; INTERNAL; 2; 5; 3; 5893
INTERNAL; 2; 5; 3; 5893; INPUT; 1; 4; 3; 710
INTERNAL; 2; 5; 3; 5893; INPUT; 1; 3; 2; 4997
INTERNAL; 2; 5; 3; 5893; INPUT; 1; 3; 2; 2790
INTERNAL; 2; 5; 3; 5893; INPUT; 1; 3; 2; 3304
INTERNAL; 5; 7; 2; 4292; INTERNAL; 3; 5; 2; 3004
INTERNAL; 3; 5; 2; 3004; INTERNAL; 2; 4; 2; 4301
INTERNAL; 2; 4; 2; 4301; INPUT; 1; 3; 2; 3588
INTERNAL; 2; 4; 2; 4301; INPUT; 1; 3; 2; 3112
INTERNAL; 2; 4; 2; 4301; INPUT; 1; 3; 2; 3378
INTERNAL; 2; 4; 2; 4301; INPUT; 1; 3; 2; 3806
INTERNAL; 5; 7; 2; 4292; INTERNAL; 2; 5; 3; 4296
INTERNAL; 5; 7; 2; 4292; INTERNAL; 2; 4; 2; 1727
INTERNAL; 2; 4; 2; 1727; INPUT; 1; 3; 2; 1172
INTERNAL; 2; 4; 2; 1727; INPUT; 1; 3; 2; 1170
INTERNAL; 5; 7; 2; 4292; INTERNAL; 2; 4; 2; 4298
INTERNAL; 5; 7; 2; 4292; INTERNAL; 3; 5; 2; 4295
INTERNAL; 3; 5; 2; 4295; INPUT; 1; 2; 1; 2822
INTERNAL; 3; 5; 2; 4295; INPUT; 1; 3; 2; 663
INTERNAL; 3; 5; 2; 4295; INTERNAL; 2; 4; 2; 3669
INTERNAL; 2; 4; 2; 3669; INPUT; 1; 2; 1; 1852
INTERNAL; 2; 4; 2; 3669; INPUT; 1; 3; 2; 3319
INTERNAL; 6; 8; 2; 3009; INTERNAL; 5; 7; 2; 5173
INTERNAL; 5; 7; 2; 5173; INTERNAL; 4; 6; 2; 2121
INTERNAL; 4; 6; 2; 2121; INTERNAL; 2; 4; 2; 5222
INTERNAL; 2; 4; 2; 5222; INPUT; 1; 3; 2; 1312
INTERNAL; 4; 6; 2; 2121; INTERNAL; 3; 5; 2; 1087
INTERNAL; 3; 5; 2; 1087; INTERNAL; 2; 4; 2; 1144
INTERNAL; 2; 4; 2; 1144; INPUT; 1; 3; 2; 1632
INTERNAL; 2; 4; 2; 1144; INPUT; 1; 3; 2; 4294
INTERNAL; 2; 4; 2; 1144; INPUT; 1; 3; 2; 2334
INTERNAL; 2; 4; 2; 1144; INPUT; 1; 3; 2; 1814
INTERNAL; 3; 5; 2; 1087; INTERNAL; 2; 4; 2; 4309
INTERNAL; 2; 4; 2; 4309; INPUT; 1; 3; 2; 3256
INTERNAL; 4; 6; 2; 2121; INTERNAL; 3; 5; 2; 1222
INTERNAL; 3; 5; 2; 1222; INPUT; 1; 3; 2; 1069
INTERNAL; 3; 5; 2; 1222; INPUT; 1; 3; 2; 1066
INTERNAL; 4; 6; 2; 2121; INTERNAL; 2; 4; 2; 4306
INTERNAL; 2; 4; 2; 4306; INPUT; 1; 3; 2; 4310
INTERNAL; 2; 4; 2; 4306; INPUT; 1; 3; 2; 4316
INTERNAL; 2; 4; 2; 4306; INPUT; 1; 3; 2; 5386
INTERNAL; 2; 4; 2; 4306; INPUT; 1; 3; 2; 4311
INTERNAL; 5; 7; 2; 5173; INTERNAL; 4; 6; 2; 3429
INTERNAL; 4; 6; 2; 3429; INTERNAL; 3; 5; 2; 4302
INTERNAL; 3; 5; 2; 4302; INPUT; 1; 4; 3; 1548
INTERNAL; 3; 5; 2; 4302; INTERNAL; 2; 4; 2; 2062
INTERNAL; 2; 4; 2; 2062; INPUT; 1; 3; 2; 3618
INTERNAL; 2; 4; 2; 2062; INPUT; 1; 3; 2; 2355
INTERNAL; 3; 5; 2; 4302; INPUT; 1; 3; 2; 3652
INTERNAL; 6; 8; 2; 3009; INTERNAL; 4; 7; 3; 2187
INTERNAL; 4; 7; 3; 2187; INTERNAL; 2; 6; 4; 4319
INTERNAL; 4; 7; 3; 2187; INTERNAL; 2; 6; 4; 4322
INTERNAL; 2; 6; 4; 4322; INPUT; 1; 3; 2; 4336
INTERNAL; 2; 6; 4; 4322; INPUT; 1; 5; 4; 2959
INTERNAL; 2; 6; 4; 4322; INPUT; 1; 5; 4; 4254
INTERNAL; 2; 6; 4; 4322; INPUT; 1; 3; 2; 1366
INTERNAL; 4; 7; 3; 2187; INTERNAL; 3; 6; 3; 4323
INTERNAL; 3; 6; 3; 4323; INTERNAL; 2; 5; 3; 3181
INTERNAL; 3; 6; 3; 4323; INPUT; 1; 5; 4; 2954
INTERNAL; 3; 6; 3; 4323; INTERNAL; 2; 5; 3; 4328
INTERNAL; 3; 6; 3; 4323; INTERNAL; 2; 5; 3; 4324
INTERNAL; 3; 6; 3; 4323; INTERNAL; 2; 5; 3; 1518
INTERNAL; 3; 6; 3; 4323; INTERNAL; 2; 5; 3; 4327
INTERNAL; 2; 5; 3; 4327; INPUT; 1; 4; 3; 3906
INTERNAL; 2; 5; 3; 4327; INPUT; 1; 4; 3; 4048
INTERNAL; 2; 5; 3; 4327; INPUT; 1; 4; 3; 4331
INTERNAL; 2; 5; 3; 4327; INPUT; 1; 4; 3; 4330
INTERNAL; 4; 7; 3; 2187; INTERNAL; 2; 6; 4; 4321
INTERNAL; 2; 6; 4; 4321; INPUT; 1; 2; 1; 3140
INTERNAL; 2; 6; 4; 4321; INPUT; 1; 2; 1; 1369
INTERNAL; 2; 6; 4; 4321; INPUT; 1; 2; 1; 1602
INTERNAL; 2; 6; 4; 4321; INPUT; 1; 2; 1; 2385
INTERNAL; 9; 10; 1; 4736; INTERNAL; 8; 9; 1; 4619
INTERNAL; 8; 9; 1; 4619; INTERNAL; 7; 8; 1; 4653
INTERNAL; 7; 8; 1; 4653; INTERNAL; 6; 7; 1; 958
INTERNAL; 6; 7; 1; 958; INTERNAL; 3; 6; 3; 1560
INTERNAL; 3; 6; 3; 1560; INPUT; 1; 3; 2; 2605
INTERNAL; 3; 6; 3; 1560; INPUT; 1; 3; 2; 4116
INTERNAL; 3; 6; 3; 1560; INPUT; 1; 3; 2; 2863
INTERNAL; 6; 7; 1; 958; INTERNAL; 3; 6; 3; 4213
INTERNAL; 3; 6; 3; 4213; INTERNAL; 2; 5; 3; 982
INTERNAL; 3; 6; 3; 4213; INPUT; 1; 2; 1; 1194
INTERNAL; 3; 6; 3; 4213; INPUT; 1; 2; 1; 1699
INTERNAL; 3; 6; 3; 4213; INPUT; 1; 2; 1; 3084
INTERNAL; 6; 7; 1; 958; INTERNAL; 5; 6; 1; 2714
INTERNAL; 5; 6; 1; 2714; INTERNAL; 2; 5; 3; 4220
INTERNAL; 2; 5; 3; 4220; INPUT; 1; 4; 3; 2779
INTERNAL; 2; 5; 3; 4220; INPUT; 1; 4; 3; 2179
INTERNAL; 2; 5; 3; 4220; INPUT; 1; 4; 3; 1899
INTERNAL; 2; 5; 3; 4220; INPUT; 1; 4; 3; 5355
INTERNAL; 5; 6; 1; 2714; INTERNAL; 2; 4; 2; 4217
INTERNAL; 5; 6; 1; 2714; INTERNAL; 3; 5; 2; 4219
INTERNAL; 3; 5; 2; 4219; INPUT; 1; 4; 3; 3774
INTERNAL; 5; 6; 1; 2714; INTERNAL; 4; 5; 1; 6007
INTERNAL; 4; 5; 1; 6007; INTERNAL; 2; 4; 2; 2151
INTERNAL; 2; 4; 2; 2151; INPUT; 1; 3; 2; 3402
INTERNAL; 2; 4; 2; 2151; INPUT; 1; 3; 2; 2598
INTERNAL; 4; 5; 1; 6007; INPUT; 1; 4; 3; 3393
INTERNAL; 4; 5; 1; 6007; INPUT; 1; 4; 3; 2729
INTERNAL; 6; 7; 1; 958; INTERNAL; 3; 6; 3; 4215
INTERNAL; 6; 7; 1; 958; INTERNAL; 2; 6; 4; 5286
INTERNAL; 6; 7; 1; 958; INTERNAL; 3; 6; 3; 4211
INTERNAL; 7; 8; 1; 4653; INTERNAL; 5; 7; 2; 4210
INTERNAL; 5; 7; 2; 4210; INTERNAL; 4; 6; 2; 4245
INTERNAL; 4; 6; 2; 4245; INPUT; 1; 4; 3; 4581
INTERNAL; 4; 6; 2; 4245; INTERNAL; 2; 4; 2; 3193
INTERNAL; 2; 4; 2; 3193; INPUT; 1; 3; 2; 1397
INTERNAL; 2; 4; 2; 3193; INPUT; 1; 3; 2; 4686
INTERNAL; 4; 6; 2; 4245; INPUT; 1; 4; 3; 5689
INTERNAL; 4; 6; 2; 4245; INPUT; 1; 4; 3; 1401
INTERNAL; 4; 6; 2; 4245; INPUT; 1; 4; 3; 3252
INTERNAL; 4; 6; 2; 4245; INTERNAL; 3; 4; 1; 3217
INTERNAL; 3; 4; 1; 3217; INPUT; 1; 3; 2; 5000
INTERNAL; 5; 7; 2; 4210; INTERNAL; 3; 6; 3; 3095
INTERNAL; 3; 6; 3; 3095; INTERNAL; 2; 5; 3; 2333
INTERNAL; 2; 5; 3; 2333; INPUT; 1; 4; 3; 1576
INTERNAL; 2; 5; 3; 2333; INPUT; 1; 4; 3; 1742
INTERNAL; 2; 5; 3; 2333; INPUT; 1; 4; 3; 706
INTERNAL; 2; 5; 3; 2333; INPUT; 1; 4; 3; 1912
INTERNAL; 3; 6; 3; 3095; INTERNAL; 2; 5; 3; 4252
INTERNAL; 5; 7; 2; 4210; INTERNAL; 3; 6; 3; 2321
INTERNAL; 3; 6; 3; 2321; INPUT; 1; 4; 3; 3411
INTERNAL; 3; 6; 3; 2321; INPUT; 1; 4; 3; 2818
INTERNAL; 5; 7; 2; 4210; INTERNAL; 3; 6; 3; 4244
INTERNAL; 3; 6; 3; 4244; INPUT; 1; 3; 2; 5996
INTERNAL; 3; 6; 3; 4244; INPUT; 1; 3; 2; 2343
INTERNAL; 3; 6; 3; 4244; INTERNAL; 2; 4; 2; 3696
INTERNAL; 3; 6; 3; 4244; INPUT; 1; 3; 2; 2144
INTERNAL; 7; 8; 1; 4653; INTERNAL; 6; 7; 1; 1525
INTERNAL; 6; 7; 1; 1525; INTERNAL; 3; 6; 3; 4228
INTERNAL; 3; 6; 3; 4228; INTERNAL; 2; 5; 3; 3636
INTERNAL; 2; 5; 3; 3636; INPUT; 1; 4; 3; 1817
INTERNAL; 2; 5; 3; 3636; INPUT; 1; 4; 3; 3205
INTERNAL; 2; 5; 3; 3636; INPUT; 1; 4; 3; 858
INTERNAL; 2; 5; 3; 3636; INPUT; 1; 4; 3; 2567
INTERNAL; 6; 7; 1; 1525; INTERNAL; 2; 6; 4; 5100
INTERNAL; 6; 7; 1; 1525; INTERNAL; 5; 6; 1; 4232
INTERNAL; 5; 6; 1; 4232; INPUT; 1; 4; 3; 694
INTERNAL; 5; 6; 1; 4232; INTERNAL; 2; 5; 3; 4229
INTERNAL; 2; 5; 3; 4229; INPUT; 1; 4; 3; 2549
INTERNAL; 2; 5; 3; 4229; INPUT; 1; 4; 3; 3288
INTERNAL; 2; 5; 3; 4229; INPUT; 1; 4; 3; 4239
INTERNAL; 2; 5; 3; 4229; INPUT; 1; 4; 3; 3134
INTERNAL; 5; 6; 1; 4232; INTERNAL; 2; 5; 3; 1003
INTERNAL; 2; 5; 3; 1003; INPUT; 1; 4; 3; 1204
INTERNAL; 2; 5; 3; 1003; INPUT; 1; 4; 3; 2855
INTERNAL; 5; 6; 1; 4232; INTERNAL; 4; 5; 1; 3695
INTERNAL; 4; 5; 1; 3695; INTERNAL; 2; 3; 1; 4234
INTERNAL; 4; 5; 1; 3695; INTERNAL; 3; 4; 1; 4238
INTERNAL; 5; 6; 1; 4232; INPUT; 1; 4; 3; 692
INTERNAL; 5; 6; 1; 4232; INTERNAL; 2; 5; 3; 2816
INTERNAL; 2; 5; 3; 2816; INPUT; 1; 3; 2; 1996
INTERNAL; 2; 5; 3; 2816; INPUT; 1; 3; 2; 4103
INTERNAL; 2; 5; 3; 2816; INPUT; 1; 3; 2; 1215
INTERNAL; 2; 5; 3; 2816; INPUT; 1; 3; 2; 2208
INTERNAL; 8; 9; 1; 4619; INTERNAL; 6; 8; 2; 4656
INTERNAL; 8; 9; 1; 4619; INTERNAL; 6; 8; 2; 2992
INTERNAL; 6; 8; 2; 2992; INTERNAL; 4; 7; 3; 5934
INTERNAL; 4; 7; 3; 5934; INTERNAL; 2; 6; 4; 2881
INTERNAL; 2; 6; 4; 2881; INPUT; 1; 3; 2; 2727
INTERNAL; 2; 6; 4; 2881; INPUT; 1; 3; 2; 1316
INTERNAL; 2; 6; 4; 2881; INPUT; 1; 3; 2; 2824
INTERNAL; 2; 6; 4; 2881; INPUT; 1; 3; 2; 2175
INTERNAL; 4; 7; 3; 5934; INTERNAL; 3; 6; 3; 5505
INTERNAL; 3; 6; 3; 5505; INTERNAL; 2; 5; 3; 4572
INTERNAL; 2; 5; 3; 4572; INPUT; 1; 4; 3; 4575
INTERNAL; 2; 5; 3; 4572; INPUT; 1; 4; 3; 5991
INTERNAL; 2; 5; 3; 4572; INPUT; 1; 4; 3; 3059
INTERNAL; 2; 5; 3; 4572; INPUT; 1; 4; 3; 4576
INTERNAL; 4; 7; 3; 5934; INTERNAL; 2; 6; 4; 5490
INTERNAL; 2; 6; 4; 5490; INPUT; 1; 5; 4; 5747
INTERNAL; 2; 6; 4; 5490; INPUT; 1; 5; 4; 3850
INTERNAL; 2; 6; 4; 5490; INPUT; 1; 5; 4; 5072
INTERNAL; 2; 6; 4; 5490; INPUT; 1; 5; 4; 2169
INTERNAL; 4; 7; 3; 5934; INTERNAL; 2; 4; 2; 2769
INTERNAL; 6; 8; 2; 2992; INTERNAL; 5; 7; 2; 862
INTERNAL; 5; 7; 2; 862; INTERNAL; 4; 6; 2; 4661
INTERNAL; 6; 8; 2; 2992; INTERNAL; 3; 7; 4; 4658
INTERNAL; 10; 11; 1; 4728; INTERNAL; 8; 10; 2; 4738
INTERNAL; 8; 10; 2; 4738; INTERNAL; 7; 9; 2; 4743
INTERNAL; 7; 9; 2; 4743; INTERNAL; 6; 8; 2; 4751
INTERNAL; 7; 9; 2; 4743; INTERNAL; 5; 8; 3; 4752
INTERNAL; 5; 8; 3; 4752; INTERNAL; 4; 7; 3; 5755
INTERNAL; 5; 8; 3; 4752; INTERNAL; 4; 7; 3; 951
INTERNAL; 4; 7; 3; 951; INTERNAL; 2; 3; 1; 2933
INTERNAL; 4; 7; 3; 951; INTERNAL; 3; 6; 3; 1297
INTERNAL; 3; 6; 3; 1297; INTERNAL; 2; 5; 3; 2231
INTERNAL; 4; 7; 3; 951; INTERNAL; 3; 6; 3; 5487
INTERNAL; 8; 10; 2; 4738; INTERNAL; 7; 9; 2; 3317
INTERNAL; 7; 9; 2; 3317; INTERNAL; 6; 8; 2; 4750
INTERNAL; 7; 9; 2; 3317; INTERNAL; 6; 8; 2; 4404
INTERNAL; 8; 10; 2; 4738; INTERNAL; 7; 9; 2; 4742
INTERNAL; 10; 11; 1; 4728; INTERNAL; 9; 10; 1; 4549
INTERNAL; 9; 10; 1; 4549; INTERNAL; 7; 9; 2; 4739
INTERNAL; 7; 9; 2; 4739; INTERNAL; 6; 8; 2; 2082
INTERNAL; 6; 8; 2; 2082; INTERNAL; 5; 7; 2; 4414
INTERNAL; 5; 7; 2; 4414; INTERNAL; 3; 6; 3; 3453
INTERNAL; 3; 6; 3; 3453; INTERNAL; 2; 5; 3; 1104
INTERNAL; 2; 5; 3; 1104; INPUT; 1; 1; 0; 3149
INTERNAL; 3; 6; 3; 3453; INTERNAL; 2; 5; 3; 4433
INTERNAL; 2; 5; 3; 4433; INPUT; 1; 4; 3; 3838
INTERNAL; 2; 5; 3; 4433; INPUT; 1; 4; 3; 2184
INTERNAL; 2; 5; 3; 4433; INPUT; 1; 4; 3; 1887
INTERNAL; 2; 5; 3; 4433; INPUT; 1; 4; 3; 3836
INTERNAL; 5; 7; 2; 4414; INTERNAL; 2; 6; 4; 3517
INTERNAL; 2; 6; 4; 3517; INPUT; 1; 4; 3; 2290
INTERNAL; 2; 6; 4; 3517; INPUT; 1; 4; 3; 5799
INTERNAL; 2; 6; 4; 3517; INPUT; 1; 4; 3; 4276
INTERNAL; 2; 6; 4; 3517; INPUT; 1; 4; 3; 1873
INTERNAL; 5; 7; 2; 4414; INTERNAL; 4; 6; 2; 1610
INTERNAL; 4; 6; 2; 1610; INTERNAL; 2; 5; 3; 2458
INTERNAL; 2; 5; 3; 2458; INPUT; 1; 3; 2; 2066
INTERNAL; 2; 5; 3; 2458; INPUT; 1; 3; 2; 1355
INTERNAL; 2; 5; 3; 2458; INPUT; 1; 3; 2; 2837
INTERNAL; 2; 5; 3; 2458; INPUT; 1; 3; 2; 1202
INTERNAL; 4; 6; 2; 1610; INTERNAL; 3; 5; 2; 2129
INTERNAL; 4; 6; 2; 1610; INTERNAL; 3; 5; 2; 4428
INTERNAL; 3; 5; 2; 4428; INTERNAL; 2; 4; 2; 4429
INTERNAL; 2; 4; 2; 4429; INPUT; 1; 3; 2; 5489
INTERNAL; 2; 4; 2; 4429; INPUT; 1; 3; 2; 4260
INTERNAL; 2; 4; 2; 4429; INPUT; 1; 3; 2; 5861
INTERNAL; 4; 6; 2; 1610; INTERNAL; 2; 5; 3; 5384
INTERNAL; 5; 7; 2; 4414; INTERNAL; 4; 6; 2; 4421
INTERNAL; 4; 6; 2; 4421; INPUT; 1; 3; 2; 3975
INTERNAL; 4; 6; 2; 4421; INTERNAL; 3; 5; 2; 4954
INTERNAL; 3; 5; 2; 4954; INPUT; 1; 4; 3; 4426
INTERNAL; 3; 5; 2; 4954; INTERNAL; 2; 4; 2; 4425
INTERNAL; 2; 4; 2; 4425; INPUT; 1; 3; 2; 4427
INTERNAL; 2; 4; 2; 4425; INPUT; 1; 3; 2; 3365
INTERNAL; 3; 5; 2; 4954; INPUT; 1; 4; 3; 2152
INTERNAL; 4; 6; 2; 4421; INPUT; 1; 4; 3; 5241
INTERNAL; 4; 6; 2; 4421; INPUT; 1; 4; 3; 5511
INTERNAL; 4; 6; 2; 4421; INTERNAL; 2; 5; 3; 4424
INTERNAL; 4; 6; 2; 4421; INPUT; 1; 4; 3; 2683
INTERNAL; 6; 8; 2; 2082; INTERNAL; 5; 7; 2; 4419
INTERNAL; 5; 7; 2; 4419; INTERNAL; 3; 6; 3; 1291
INTERNAL; 3; 6; 3; 1291; INTERNAL; 2; 5; 3; 4451
INTERNAL; 2; 5; 3; 4451; INPUT; 1; 4; 3; 4469
INTERNAL; 2; 5; 3; 4451; INPUT; 1; 4; 3; 1269
INTERNAL; 2; 5; 3; 4451; INPUT; 1; 4; 3; 4857
INTERNAL; 2; 5; 3; 4451; INPUT; 1; 4; 3; 4470
INTERNAL; 3; 6; 3; 1291; INTERNAL; 2; 5; 3; 4468
INTERNAL; 2; 5; 3; 4468; INPUT; 1; 4; 3; 733
INTERNAL; 2; 5; 3; 4468; INPUT; 1; 4; 3; 4993
INTERNAL; 2; 5; 3; 4468; INPUT; 1; 4; 3; 5492
INTERNAL; 3; 6; 3; 1291; INPUT; 1; 5; 4; 4040
INTERNAL; 5; 7; 2; 4419; INTERNAL; 4; 6; 2; 1736
INTERNAL; 4; 6; 2; 1736; INTERNAL; 3; 5; 2; 4453
INTERNAL; 3; 5; 2; 4453; INPUT; 1; 4; 3; 4459
INTERNAL; 3; 5; 2; 4453; INTERNAL; 2; 4; 2; 4464
INTERNAL; 2; 4; 2; 4464; INPUT; 1; 3; 2; 3061
INTERNAL; 3; 5; 2; 4453; INPUT; 1; 4; 3; 3661
INTERNAL; 4; 6; 2; 1736; INPUT; 1; 4; 3; 4457
INTERNAL; 4; 6; 2; 1736; INTERNAL; 2; 5; 3; 3705
INTERNAL; 2; 5; 3; 3705; INPUT; 1; 4; 3; 4466
INTERNAL; 2; 5; 3; 3705; INPUT; 1; 4; 3; 4467
INTERNAL; 2; 5; 3; 3705; INPUT; 1; 4; 3; 1183
INTERNAL; 2; 5; 3; 3705; INPUT; 1; 4; 3; 5196
INTERNAL; 4; 6; 2; 1736; INPUT; 1; 4; 3; 3895
INTERNAL; 6; 8; 2; 2082; INTERNAL; 5; 7; 2; 4418
INTERNAL; 5; 7; 2; 4418; INTERNAL; 4; 6; 2; 764
INTERNAL; 4; 6; 2; 764; INTERNAL; 3; 5; 2; 620
INTERNAL; 3; 5; 2; 620; INPUT; 1; 4; 3; 1656
INTERNAL; 3; 5; 2; 620; INTERNAL; 2; 4; 2; 1703
INTERNAL; 2; 4; 2; 1703; INPUT; 1; 3; 2; 883
INTERNAL; 2; 4; 2; 1703; INPUT; 1; 3; 2; 1782
INTERNAL; 3; 5; 2; 620; INPUT; 1; 4; 3; 2810
INTERNAL; 4; 6; 2; 764; INTERNAL; 2; 5; 3; 4439
INTERNAL; 2; 5; 3; 4439; INPUT; 1; 4; 3; 2534
INTERNAL; 2; 5; 3; 4439; INPUT; 1; 4; 3; 1833
INTERNAL; 2; 5; 3; 4439; INPUT; 1; 4; 3; 4442
INTERNAL; 2; 5; 3; 4439; INPUT; 1; 4; 3; 5118
INTERNAL; 4; 6; 2; 764; INTERNAL; 3; 5; 2; 3172
INTERNAL; 3; 5; 2; 3172; INTERNAL; 2; 4; 2; 4441
INTERNAL; 4; 6; 2; 764; INTERNAL; 3; 5; 2; 3468
INTERNAL; 3; 5; 2; 3468; INTERNAL; 2; 4; 2; 3435
INTERNAL; 3; 5; 2; 3468; INPUT; 1; 3; 2; 4448
INTERNAL; 5; 7; 2; 4418; INTERNAL; 3; 6; 3; 3362
INTERNAL; 3; 6; 3; 3362; INTERNAL; 2; 5; 3; 4293
INTERNAL; 2; 5; 3; 4293; INPUT; 1; 4; 3; 2900
INTERNAL; 2; 5; 3; 4293; INPUT; 1; 4; 3; 2519
INTERNAL; 2; 5; 3; 4293; INPUT; 1; 4; 3; 2160
INTERNAL; 2; 5; 3; 4293; INPUT; 1; 4; 3; 2891
INTERNAL; 5; 7; 2; 4418; INTERNAL; 2; 6; 4; 4437
INTERNAL; 2; 6; 4; 4437; INPUT; 1; 3; 2; 1032
INTERNAL; 2; 6; 4; 4437; INPUT; 1; 3; 2; 2691
INTERNAL; 2; 6; 4; 4437; INPUT; 1; 3; 2; 3659
INTERNAL; 5; 7; 2; 4418; INTERNAL; 3; 6; 3; 5481
INTERNAL; 3; 6; 3; 5481; INTERNAL; 2; 5; 3; 4455
INTERNAL; 5; 7; 2; 4418; INTERNAL; 3; 6; 3; 3634
INTERNAL; 3; 6; 3; 3634; INPUT; 1; 5; 4; 4445
INTERNAL; 3; 6; 3; 3634; INPUT; 1; 4; 3; 4447
INTERNAL; 3; 6; 3; 3634; INPUT; 1; 4; 3; 4449
INTERNAL; 3; 6; 3; 3634; INPUT; 1; 5; 4; 1024
INTERNAL; 5; 7; 2; 4418; INTERNAL; 2; 6; 4; 2650
INTERNAL; 7; 9; 2; 4739; INTERNAL; 5; 8; 3; 4687
INTERNAL; 5; 8; 3; 4687; INTERNAL; 4; 7; 3; 4682
INTERNAL; 5; 8; 3; 4687; INTERNAL; 4; 7; 3; 4683
INTERNAL; 4; 7; 3; 4683; INTERNAL; 2; 6; 4; 4554
INTERNAL; 2; 6; 4; 4554; INPUT; 1; 4; 3; 4558
INTERNAL; 2; 6; 4; 4554; INPUT; 1; 4; 3; 3886
INTERNAL; 2; 6; 4; 4554; INPUT; 1; 4; 3; 3291
INTERNAL; 4; 7; 3; 4683; INTERNAL; 2; 5; 3; 2139
INTERNAL; 2; 5; 3; 2139; INPUT; 1; 4; 3; 716
INTERNAL; 2; 5; 3; 2139; INPUT; 1; 4; 3; 1429
INTERNAL; 2; 5; 3; 2139; INPUT; 1; 4; 3; 1779
INTERNAL; 2; 5; 3; 2139; INPUT; 1; 4; 3; 4888
INTERNAL; 4; 7; 3; 4683; INTERNAL; 2; 6; 4; 3686
INTERNAL; 2; 6; 4; 3686; INPUT; 1; 2; 1; 5914
INTERNAL; 2; 6; 4; 3686; INPUT; 1; 2; 1; 1534
INTERNAL; 2; 6; 4; 3686; INPUT; 1; 2; 1; 3327
INTERNAL; 4; 7; 3; 4683; INTERNAL; 2; 6; 4; 3047
INTERNAL; 4; 7; 3; 4683; INTERNAL; 3; 5; 2; 2091
INTERNAL; 3; 5; 2; 2091; INPUT; 1; 4; 3; 1173
INTERNAL; 3; 5; 2; 2091; INTERNAL; 2; 4; 2; 3375
INTERNAL; 2; 4; 2; 3375; INPUT; 1; 3; 2; 3677
INTERNAL; 2; 4; 2; 3375; INPUT; 1; 3; 2; 2815
INTERNAL; 3; 5; 2; 2091; INPUT; 1; 4; 3; 3613
INTERNAL; 4; 7; 3; 4683; INTERNAL; 2; 6; 4; 3955
INTERNAL; 5; 8; 3; 4687; INTERNAL; 3; 7; 4; 1781
INTERNAL; 3; 7; 4; 1781; INTERNAL; 2; 5; 3; 1139
INTERNAL; 3; 7; 4; 1781; INTERNAL; 2; 4; 2; 4562
INTERNAL; 3; 7; 4; 1781; INTERNAL; 2; 6; 4; 1862
INTERNAL; 2; 6; 4; 1862; INPUT; 1; 4; 3; 707
INTERNAL; 3; 7; 4; 1781; INTERNAL; 2; 6; 4; 5817
INTERNAL; 7; 9; 2; 4739; INTERNAL; 5; 8; 3; 5418
INTERNAL; 5; 8; 3; 5418; INTERNAL; 4; 7; 3; 3250
INTERNAL; 5; 8; 3; 5418; INTERNAL; 4; 7; 3; 4690
INTERNAL; 5; 8; 3; 5418; INTERNAL; 3; 7; 4; 4695
INTERNAL; 3; 7; 4; 4695; INTERNAL; 2; 6; 4; 4534
INTERNAL; 3; 7; 4; 4695; INTERNAL; 2; 6; 4; 2054
INTERNAL; 2; 6; 4; 2054; INPUT; 1; 5; 4; 4535
INTERNAL; 2; 6; 4; 2054; INPUT; 1; 5; 4; 1738
INTERNAL; 2; 6; 4; 2054; INPUT; 1; 5; 4; 4388
INTERNAL; 2; 6; 4; 2054; INPUT; 1; 5; 4; 5208
INTERNAL; 9; 10; 1; 4549; INTERNAL; 5; 9; 4; 4741
INTERNAL; 9; 10; 1; 4549; INTERNAL; 8; 9; 1; 3606
INTERNAL; 11; 12; 1; 4719; INTERNAL; 10; 11; 1; 4118
INTERNAL; 10; 11; 1; 4118; INTERNAL; 8; 10; 2; 2587
INTERNAL; 8; 10; 2; 2587; INTERNAL; 7; 9; 2; 4699
INTERNAL; 7; 9; 2; 4699; INTERNAL; 6; 8; 2; 4701
INTERNAL; 6; 8; 2; 4701; INTERNAL; 5; 7; 2; 2652
INTERNAL; 5; 7; 2; 2652; INTERNAL; 4; 6; 2; 4629
INTERNAL; 4; 6; 2; 4629; INTERNAL; 3; 5; 2; 4520
INTERNAL; 3; 5; 2; 4520; INTERNAL; 2; 4; 2; 5304
INTERNAL; 2; 4; 2; 5304; INPUT; 1; 3; 2; 2929
INTERNAL; 3; 5; 2; 4520; INTERNAL; 2; 4; 2; 2540
INTERNAL; 2; 4; 2; 2540; INPUT; 1; 3; 2; 615
INTERNAL; 5; 7; 2; 2652; INTERNAL; 4; 6; 2; 4515
INTERNAL; 4; 6; 2; 4515; INTERNAL; 3; 5; 2; 5958
INTERNAL; 3; 5; 2; 5958; INTERNAL; 2; 4; 2; 1117
INTERNAL; 3; 5; 2; 5958; INPUT; 1; 4; 3; 1556
INTERNAL; 3; 5; 2; 5958; INPUT; 1; 4; 3; 4085
INTERNAL; 4; 6; 2; 4515; INPUT; 1; 4; 3; 876
INTERNAL; 4; 6; 2; 4515; INPUT; 1; 4; 3; 760
INTERNAL; 4; 6; 2; 4515; INPUT; 1; 4; 3; 3067
INTERNAL; 4; 6; 2; 4515; INTERNAL; 2; 5; 3; 3954
INTERNAL; 4; 6; 2; 4515; INPUT; 1; 4; 3; 4519
INTERNAL; 6; 8; 2; 4701; INTERNAL; 5; 7; 2; 3369
INTERNAL; 5; 7; 2; 3369; INTERNAL; 2; 6; 4; 4508
INTERNAL; 2; 6; 4; 4508; INPUT; 1; 5; 4; 3830
INTERNAL; 2; 6; 4; 4508; INPUT; 1; 2; 1; 2758
INTERNAL; 2; 6; 4; 4508; INPUT; 1; 5; 4; 2190
INTERNAL; 2; 6; 4; 4508; INPUT; 1; 2; 1; 5771
INTERNAL; 2; 6; 4; 4508; INPUT; 1; 5; 4; 3426
INTERNAL; 2; 6; 4; 4508; INPUT; 1; 5; 4; 4514
INTERNAL; 5; 7; 2; 3369; INTERNAL; 4; 6; 2; 1197
INTERNAL; 4; 6; 2; 1197; INTERNAL; 2; 5; 3; 2293
INTERNAL; 4; 6; 2; 1197; INTERNAL; 2; 5; 3; 2828
INTERNAL; 2; 5; 3; 2828; INPUT; 1; 4; 3; 3474
INTERNAL; 4; 6; 2; 1197; INTERNAL; 3; 5; 2; 4957
INTERNAL; 3; 5; 2; 4957; INTERNAL; 2; 4; 2; 1163
INTERNAL; 2; 4; 2; 1163; INPUT; 1; 3; 2; 742
INTERNAL; 2; 4; 2; 1163; INPUT; 1; 3; 2; 1991
INTERNAL; 2; 4; 2; 1163; INPUT; 1; 3; 2; 1836
INTERNAL; 2; 4; 2; 1163; INPUT; 1; 3; 2; 2410
INTERNAL; 3; 5; 2; 4957; INPUT; 1; 2; 1; 986
INTERNAL; 3; 5; 2; 4957; INTERNAL; 2; 4; 2; 4509
INTERNAL; 3; 5; 2; 4957; INPUT; 1; 3; 2; 5150
INTERNAL; 3; 5; 2; 4957; INPUT; 1; 2; 1; 2526
INTERNAL; 5; 7; 2; 3369; INTERNAL; 2; 5; 3; 3857
INTERNAL; 5; 7; 2; 3369; INTERNAL; 2; 6; 4; 765
INTERNAL; 5; 7; 2; 3369; INTERNAL; 3; 6; 3; 4172
INTERNAL; 3; 6; 3; 4172; INTERNAL; 2; 5; 3; 4510
INTERNAL; 6; 8; 2; 4701; INTERNAL; 5; 7; 2; 5514
INTERNAL; 5; 7; 2; 5514; INTERNAL; 3; 6; 3; 3560
INTERNAL; 3; 6; 3; 3560; INTERNAL; 2; 5; 3; 2508
INTERNAL; 2; 5; 3; 2508; INPUT; 1; 3; 2; 2720
INTERNAL; 2; 5; 3; 2508; INPUT; 1; 3; 2; 1598
INTERNAL; 2; 5; 3; 2508; INPUT; 1; 3; 2; 5709
INTERNAL; 3; 6; 3; 3560; INTERNAL; 2; 5; 3; 4506
INTERNAL; 3; 6; 3; 3560; INTERNAL; 2; 5; 3; 4020
INTERNAL; 2; 5; 3; 4020; INPUT; 1; 4; 3; 2419
INTERNAL; 2; 5; 3; 4020; INPUT; 1; 4; 3; 1720
INTERNAL; 2; 5; 3; 4020; INPUT; 1; 4; 3; 1744
INTERNAL; 2; 5; 3; 4020; INPUT; 1; 4; 3; 3226
INTERNAL; 5; 7; 2; 5514; INTERNAL; 4; 6; 2; 4503
INTERNAL; 4; 6; 2; 4503; INTERNAL; 2; 5; 3; 1048
INTERNAL; 4; 6; 2; 4503; INTERNAL; 3; 5; 2; 4504
INTERNAL; 3; 5; 2; 4504; INPUT; 1; 4; 3; 3265
INTERNAL; 3; 5; 2; 4504; INPUT; 1; 4; 3; 955
INTERNAL; 3; 5; 2; 4504; INPUT; 1; 4; 3; 839
INTERNAL; 4; 6; 2; 4503; INTERNAL; 2; 5; 3; 2264
INTERNAL; 5; 7; 2; 5514; INTERNAL; 3; 6; 3; 2611
INTERNAL; 5; 7; 2; 5514; INTERNAL; 2; 6; 4; 4096
INTERNAL; 2; 6; 4; 4096; INPUT; 1; 4; 3; 3994
INTERNAL; 2; 6; 4; 4096; INPUT; 1; 4; 3; 3974
INTERNAL; 2; 6; 4; 4096; INPUT; 1; 4; 3; 3996
INTERNAL; 2; 6; 4; 4096; INPUT; 1; 4; 3; 4059
INTERNAL; 7; 9; 2; 4699; INTERNAL; 6; 8; 2; 4249
INTERNAL; 6; 8; 2; 4249; INTERNAL; 5; 7; 2; 2609
INTERNAL; 5; 7; 2; 2609; INTERNAL; 3; 6; 3; 3559
INTERNAL; 3; 6; 3; 3559; INTERNAL; 2; 3; 1; 1564
INTERNAL; 3; 6; 3; 3559; INTERNAL; 2; 5; 3; 1287
INTERNAL; 2; 5; 3; 1287; INPUT; 1; 3; 2; 3905
INTERNAL; 2; 5; 3; 1287; INPUT; 1; 3; 2; 3635
INTERNAL; 2; 5; 3; 1287; INPUT; 1; 3; 2; 2107
INTERNAL; 2; 5; 3; 1287; INPUT; 1; 4; 3; 2536
INTERNAL; 5; 7; 2; 2609; INTERNAL; 3; 6; 3; 4794
INTERNAL; 3; 6; 3; 4794; INTERNAL; 2; 5; 3; 3040
INTERNAL; 2; 5; 3; 3040; INPUT; 1; 3; 2; 1162
INTERNAL; 3; 6; 3; 4794; INTERNAL; 2; 5; 3; 4267
INTERNAL; 2; 5; 3; 4267; INPUT; 1; 4; 3; 1758
INTERNAL; 2; 5; 3; 4267; INPUT; 1; 4; 3; 3389
INTERNAL; 2; 5; 3; 4267; INPUT; 1; 4; 3; 3388
INTERNAL; 5; 7; 2; 2609; INTERNAL; 4; 6; 2; 2512
INTERNAL; 4; 6; 2; 2512; INTERNAL; 3; 5; 2; 4387
INTERNAL; 5; 7; 2; 2609; INTERNAL; 3; 6; 3; 4138
INTERNAL; 3; 6; 3; 4138; INTERNAL; 2; 5; 3; 2382
INTERNAL; 6; 8; 2; 4249; INTERNAL; 5; 7; 2; 4373
INTERNAL; 5; 7; 2; 4373; INTERNAL; 4; 6; 2; 4375
INTERNAL; 4; 6; 2; 4375; INTERNAL; 2; 5; 3; 722
INTERNAL; 5; 7; 2; 4373; INTERNAL; 2; 6; 4; 4376
INTERNAL; 5; 7; 2; 4373; INTERNAL; 3; 6; 3; 2628
INTERNAL; 3; 6; 3; 2628; INTERNAL; 2; 5; 3; 1298
INTERNAL; 5; 7; 2; 4373; INTERNAL; 2; 6; 4; 4574
INTERNAL; 5; 7; 2; 4373; INTERNAL; 3; 6; 3; 4374
INTERNAL; 3; 6; 3; 4374; INPUT; 1; 5; 4; 4381
INTERNAL; 3; 6; 3; 4374; INTERNAL; 2; 5; 3; 4382
INTERNAL; 5; 7; 2; 4373; INTERNAL; 2; 6; 4; 4377
INTERNAL; 2; 6; 4; 4377; INPUT; 1; 3; 2; 813
INTERNAL; 2; 6; 4; 4377; INPUT; 1; 5; 4; 4384
INTERNAL; 2; 6; 4; 4377; INPUT; 1; 3; 2; 1157
INTERNAL; 2; 6; 4; 4377; INPUT; 1; 4; 3; 4386
INTERNAL; 6; 8; 2; 4249; INTERNAL; 5; 7; 2; 3121
INTERNAL; 5; 7; 2; 3121; INPUT; 1; 6; 5; 4389
INTERNAL; 5; 7; 2; 3121; INTERNAL; 4; 6; 2; 4394
INTERNAL; 4; 6; 2; 4394; INPUT; 1; 3; 2; 6011
INTERNAL; 4; 6; 2; 4394; INTERNAL; 3; 5; 2; 4396
INTERNAL; 3; 5; 2; 4396; INPUT; 1; 4; 3; 4408
INTERNAL; 3; 5; 2; 4396; INPUT; 1; 4; 3; 4407
INTERNAL; 3; 5; 2; 4396; INPUT; 1; 4; 3; 3387
INTERNAL; 3; 5; 2; 4396; INTERNAL; 2; 4; 2; 3771
INTERNAL; 4; 6; 2; 4394; INTERNAL; 2; 5; 3; 4398
INTERNAL; 2; 5; 3; 4398; INPUT; 1; 4; 3; 4411
INTERNAL; 2; 5; 3; 4398; INPUT; 1; 4; 3; 1819
INTERNAL; 2; 5; 3; 4398; INPUT; 1; 4; 3; 4412
INTERNAL; 2; 5; 3; 4398; INPUT; 1; 4; 3; 4410
INTERNAL; 7; 9; 2; 4699; INTERNAL; 5; 8; 3; 4704
INTERNAL; 5; 8; 3; 4704; INTERNAL; 3; 7; 4; 918
INTERNAL; 3; 7; 4; 918; INTERNAL; 2; 6; 4; 4472
INTERNAL; 2; 6; 4; 4472; INPUT; 1; 2; 1; 5713
INTERNAL; 2; 6; 4; 4472; INPUT; 1; 2; 1; 1045
INTERNAL; 2; 6; 4; 4472; INPUT; 1; 2; 1; 1044
INTERNAL; 2; 6; 4; 4472; INPUT; 1; 2; 1; 2930
INTERNAL; 3; 7; 4; 918; INTERNAL; 2; 6; 4; 1683
INTERNAL; 3; 7; 4; 918; INTERNAL; 2; 4; 2; 4473
INTERNAL; 2; 4; 2; 4473; INPUT; 1; 3; 2; 2719
INTERNAL; 5; 8; 3; 4704; INTERNAL; 3; 7; 4; 3945
INTERNAL; 5; 8; 3; 4704; INTERNAL; 4; 7; 3; 4707
INTERNAL; 8; 10; 2; 2587; INTERNAL; 3; 9; 6; 3737
INTERNAL; 3; 9; 6; 3737; INTERNAL; 2; 6; 4; 2783
INTERNAL; 2; 6; 4; 2783; INPUT; 1; 5; 4; 4528
INTERNAL; 2; 6; 4; 2783; INPUT; 1; 4; 3; 960
INTERNAL; 2; 6; 4; 2783; INPUT; 1; 4; 3; 4963
INTERNAL; 2; 6; 4; 2783; INPUT; 1; 5; 4; 1080
INTERNAL; 3; 9; 6; 3737; INTERNAL; 2; 5; 3; 5184
INTERNAL; 3; 9; 6; 3737; INTERNAL; 2; 6; 4; 2314
INTERNAL; 2; 6; 4; 2314; INPUT; 1; 5; 4; 2990
INTERNAL; 8; 10; 2; 2587; INTERNAL; 7; 9; 2; 4700
INTERNAL; 7; 9; 2; 4700; INTERNAL; 6; 8; 2; 4861
INTERNAL; 7; 9; 2; 4700; INTERNAL; 5; 8; 3; 1137
INTERNAL; 5; 8; 3; 1137; INTERNAL; 4; 7; 3; 4471
INTERNAL; 7; 9; 2; 4700; INTERNAL; 4; 8; 4; 1283
INTERNAL; 4; 8; 4; 1283; INTERNAL; 3; 7; 4; 4525
INTERNAL; 3; 7; 4; 4525; INTERNAL; 2; 6; 4; 4084
INTERNAL; 3; 7; 4; 4525; INTERNAL; 2; 6; 4; 5219
INTERNAL; 4; 8; 4; 1283; INTERNAL; 3; 7; 4; 1943
INTERNAL; 3; 7; 4; 1943; INTERNAL; 2; 6; 4; 4342
INTERNAL; 3; 7; 4; 1943; INTERNAL; 2; 5; 3; 5840
INTERNAL; 4; 8; 4; 1283; INTERNAL; 3; 7; 4; 1620
INTERNAL; 10; 11; 1; 4118; INTERNAL; 9; 10; 1; 4511
INTERNAL; 9; 10; 1; 4511; INTERNAL; 8; 9; 1; 4677
INTERNAL; 8; 9; 1; 4677; INTERNAL; 5; 8; 3; 4208
INTERNAL; 5; 8; 3; 4208; INPUT; 1; 4; 3; 1399
INTERNAL; 5; 8; 3; 4208; INTERNAL; 4; 7; 3; 4262
INTERNAL; 4; 7; 3; 4262; INTERNAL; 2; 6; 4; 4281
INTERNAL; 4; 7; 3; 4262; INTERNAL; 2; 6; 4; 5412
INTERNAL; 2; 6; 4; 5412; INPUT; 1; 5; 4; 3610
INTERNAL; 4; 7; 3; 4262; INTERNAL; 2; 5; 3; 1071
INTERNAL; 4; 7; 3; 4262; INTERNAL; 3; 6; 3; 4973
INTERNAL; 3; 6; 3; 4973; INPUT; 1; 4; 3; 5132
INTERNAL; 3; 6; 3; 4973; INPUT; 1; 4; 3; 4912
INTERNAL; 3; 6; 3; 4973; INPUT; 1; 4; 3; 2554
INTERNAL; 3; 6; 3; 4973; INTERNAL; 2; 5; 3; 699
INTERNAL; 2; 5; 3; 699; INPUT; 1; 4; 3; 1801
INTERNAL; 2; 5; 3; 699; INPUT; 1; 4; 3; 3305
INTERNAL; 2; 5; 3; 699; INPUT; 1; 4; 3; 2362
INTERNAL; 2; 5; 3; 699; INPUT; 1; 4; 3; 2317
INTERNAL; 5; 8; 3; 4208; INTERNAL; 2; 4; 2; 3253
INTERNAL; 2; 4; 2; 3253; INPUT; 1; 3; 2; 4940
INTERNAL; 2; 4; 2; 3253; INPUT; 1; 3; 2; 2965
INTERNAL; 5; 8; 3; 4208; INPUT; 1; 4; 3; 3255
INTERNAL; 5; 8; 3; 4208; INTERNAL; 3; 7; 4; 4265
INTERNAL; 3; 7; 4; 4265; INTERNAL; 2; 5; 3; 4272
INTERNAL; 2; 5; 3; 4272; INPUT; 1; 4; 3; 1787
INTERNAL; 3; 7; 4; 4265; INTERNAL; 2; 6; 4; 3499
INTERNAL; 2; 6; 4; 3499; INPUT; 1; 3; 2; 4290
INTERNAL; 2; 6; 4; 3499; INPUT; 1; 3; 2; 5081
INTERNAL; 2; 6; 4; 3499; INPUT; 1; 4; 3; 3873
INTERNAL; 3; 7; 4; 4265; INTERNAL; 2; 3; 1; 1232
INTERNAL; 3; 7; 4; 4265; INTERNAL; 2; 6; 4; 4287
INTERNAL; 2; 6; 4; 4287; INPUT; 1; 3; 2; 5572
INTERNAL; 5; 8; 3; 4208; INTERNAL; 4; 7; 3; 4264
INTERNAL; 4; 7; 3; 4264; INTERNAL; 3; 6; 3; 4271
INTERNAL; 3; 6; 3; 4271; INPUT; 1; 3; 2; 2420
INTERNAL; 3; 6; 3; 4271; INPUT; 1; 3; 2; 1631
INTERNAL; 3; 6; 3; 4271; INPUT; 1; 3; 2; 3597
INTERNAL; 8; 9; 1; 4677; INTERNAL; 7; 8; 1; 2788
INTERNAL; 9; 10; 1; 4511; INTERNAL; 7; 9; 2; 1001
INTERNAL; 7; 9; 2; 1001; INTERNAL; 6; 8; 2; 4371
INTERNAL; 7; 9; 2; 1001; INTERNAL; 6; 8; 2; 3512
INTERNAL; 9; 10; 1; 4511; INTERNAL; 7; 9; 2; 4702
INTERNAL; 10; 11; 1; 4118; INTERNAL; 8; 10; 2; 4732
INTERNAL; 8; 10; 2; 4732; INTERNAL; 6; 9; 3; 4735
INTERNAL; 6; 9; 3; 4735; INTERNAL; 5; 8; 3; 2907
INTERNAL; 6; 9; 3; 4735; INTERNAL; 5; 8; 3; 2478
INTERNAL; 8; 10; 2; 4732; INTERNAL; 7; 9; 2; 3644
INTERNAL; 11; 12; 1; 4719; INTERNAL; 10; 11; 1; 4725
INTERNAL; 10; 11; 1; 4725; INTERNAL; 9; 10; 1; 4649
INTERNAL; 10; 11; 1; 4725; INTERNAL; 9; 10; 1; 4647
INTERNAL; 9; 10; 1; 4647; INTERNAL; 7; 9; 2; 4204
INTERNAL; 9; 10; 1; 4647; INTERNAL; 4; 9; 5; 1626
INTERNAL; 4; 9; 5; 1626; INTERNAL; 3; 8; 5; 4359
INTERNAL; 3; 8; 5; 4359; INPUT; 1; 5; 4; 1209
INTERNAL; 3; 8; 5; 4359; INPUT; 1; 5; 4; 1682
INTERNAL; 3; 8; 5; 4359; INTERNAL; 2; 7; 5; 4362
INTERNAL; 2; 7; 5; 4362; INPUT; 1; 5; 4; 5902
INTERNAL; 2; 7; 5; 4362; INPUT; 1; 5; 4; 3114
INTERNAL; 2; 7; 5; 4362; INPUT; 1; 4; 3; 1462
INTERNAL; 9; 10; 1; 4647; INTERNAL; 8; 9; 1; 4202
INTERNAL; 10; 11; 1; 4725; INTERNAL; 9; 10; 1; 4402
INTERNAL; 12; 15; 3; 4757; INTERNAL; 9; 12; 3; 4722
INTERNAL; 9; 12; 3; 4722; INTERNAL; 8; 10; 2; 4698
INTERNAL; 9; 12; 3; 4722; INTERNAL; 8; 10; 2; 5256
INTERNAL; 8; 10; 2; 5256; INTERNAL; 7; 9; 2; 4368
INTERNAL; 8; 10; 2; 5256; INTERNAL; 5; 9; 4; 4369
INTERNAL; 5; 9; 4; 4369; INTERNAL; 4; 8; 4; 3290
INTERNAL; 4; 8; 4; 3290; INTERNAL; 2; 5; 3; 2699
INTERNAL; 2; 5; 3; 2699; INPUT; 1; 3; 2; 3662
INTERNAL; 4; 8; 4; 3290; INTERNAL; 3; 7; 4; 4474
INTERNAL; 3; 7; 4; 4474; INPUT; 1; 5; 4; 3068
INTERNAL; 3; 7; 4; 4474; INPUT; 1; 5; 4; 2242
INTERNAL; 3; 7; 4; 4474; INPUT; 1; 5; 4; 1571
INTERNAL; 3; 7; 4; 4474; INPUT; 1; 5; 4; 2378
INTERNAL; 3; 7; 4; 4474; INTERNAL; 2; 6; 4; 4477
INTERNAL; 3; 7; 4; 4474; INTERNAL; 2; 6; 4; 1704
INTERNAL; 4; 8; 4; 3290; INTERNAL; 2; 6; 4; 3682
INTERNAL; 2; 6; 4; 3682; INPUT; 1; 3; 2; 2258
INTERNAL; 2; 6; 4; 3682; INPUT; 1; 3; 2; 751
INTERNAL; 4; 8; 4; 3290; INPUT; 1; 3; 2; 3882
INTERNAL; 4; 8; 4; 3290; INTERNAL; 2; 7; 5; 4475
INTERNAL; 9; 12; 3; 4722; INTERNAL; 8; 10; 2; 2791
INTERNAL; 8; 10; 2; 2791; INTERNAL; 5; 9; 4; 4960
INTERNAL; 5; 9; 4; 4960; INTERNAL; 4; 8; 4; 2329
INTERNAL; 4; 8; 4; 2329; INTERNAL; 2; 7; 5; 3887
INTERNAL; 4; 8; 4; 2329; INTERNAL; 3; 7; 4; 4532
INTERNAL; 3; 7; 4; 4532; INPUT; 1; 4; 3; 3653
INTERNAL; 4; 8; 4; 2329; INTERNAL; 3; 7; 4; 1978
INTERNAL; 5; 9; 4; 4960; INTERNAL; 3; 8; 5; 4531
INTERNAL; 3; 8; 5; 4531; INTERNAL; 2; 4; 2; 2001
INTERNAL; 3; 8; 5; 4531; INTERNAL; 2; 7; 5; 4537
INTERNAL; 2; 7; 5; 4537; INPUT; 1; 5; 4; 3415
INTERNAL; 2; 7; 5; 4537; INPUT; 1; 5; 4; 2869
INTERNAL; 2; 7; 5; 4537; INPUT; 1; 5; 4; 2968
INTERNAL; 2; 7; 5; 4537; INPUT; 1; 5; 4; 3412
INTERNAL; 5; 9; 4; 4960; INTERNAL; 2; 6; 4; 4507
INTERNAL; 2; 6; 4; 4507; INPUT; 1; 5; 4; 1338
INTERNAL; 2; 6; 4; 4507; INPUT; 1; 5; 4; 3782
INTERNAL; 2; 6; 4; 4507; INPUT; 1; 5; 4; 2008
INTERNAL; 2; 6; 4; 4507; INPUT; 1; 5; 4; 4542
INTERNAL; 8; 10; 2; 2791; INTERNAL; 7; 9; 2; 4498
INTERNAL; 8; 10; 2; 2791; INTERNAL; 4; 9; 5; 4500
INTERNAL; 4; 9; 5; 4500; INTERNAL; 3; 8; 5; 4544
INTERNAL; 3; 8; 5; 4544; INPUT; 1; 4; 3; 5571
INTERNAL; 4; 9; 5; 4500; INTERNAL; 2; 8; 6; 2049
INTERNAL; 4; 9; 5; 4500; INTERNAL; 3; 8; 5; 4543
INTERNAL; 3; 8; 5; 4543; INPUT; 1; 4; 3; 4552
INTERNAL; 3; 8; 5; 4543; INPUT; 1; 4; 3; 3458
INTERNAL; 3; 8; 5; 4543; INPUT; 1; 4; 3; 1725
INTERNAL; 3; 8; 5; 4543; INPUT; 1; 4; 3; 4551
INTERNAL; 4; 9; 5; 4500; INTERNAL; 2; 5; 3; 4541
INTERNAL; 4; 9; 5; 4500; INTERNAL; 3; 8; 5; 4538
INTERNAL; 3; 8; 5; 4538; INPUT; 1; 4; 3; 2768
INTERNAL; 3; 8; 5; 4538; INTERNAL; 2; 3; 1; 957
INTERNAL; 2; 3; 1; 957; INPUT; 1; 2; 1; 828
INTERNAL; 4; 9; 5; 4500; INTERNAL; 2; 8; 6; 4545
INTERNAL; 12; 15; 3; 4757; INTERNAL; 11; 12; 1; 4089
INTERNAL; 11; 12; 1; 4089; INTERNAL; 10; 11; 1; 5741
INTERNAL; 10; 11; 1; 5741; INTERNAL; 8; 10; 2; 1809
INTERNAL; 10; 11; 1; 5741; INTERNAL; 4; 10; 6; 4436
INTERNAL; 4; 10; 6; 4436; INTERNAL; 3; 9; 6; 4482
INTERNAL; 3; 9; 6; 4482; INTERNAL; 2; 8; 6; 1929
INTERNAL; 2; 8; 6; 1929; INPUT; 1; 6; 5; 4488
INTERNAL; 2; 8; 6; 1929; INPUT; 1; 6; 5; 4484
INTERNAL; 2; 8; 6; 1929; INPUT; 1; 6; 5; 4487
INTERNAL; 4; 10; 6; 4436; INTERNAL; 3; 9; 6; 4483
INTERNAL; 3; 9; 6; 4483; INTERNAL; 2; 5; 3; 4489
INTERNAL; 3; 9; 6; 4483; INPUT; 1; 3; 2; 3258
INTERNAL; 3; 9; 6; 4483; INTERNAL; 2; 8; 6; 4490
INTERNAL; 10; 11; 1; 5741; INTERNAL; 9; 10; 1; 3465
INTERNAL; 11; 12; 1; 4089; INTERNAL; 9; 11; 2; 1934
INTERNAL; 11; 12; 1; 4089; INTERNAL; 10; 11; 1; 4646
INTERNAL; 13; 16; 3; 4756; INTERNAL; 12; 15; 3; 4759
INTERNAL; 12; 15; 3; 4759; INTERNAL; 11; 14; 3; 2602
INTERNAL; 12; 15; 3; 4759; INTERNAL; 11; 14; 3; 1245
INTERNAL; 11; 14; 3; 1245; INTERNAL; 9; 13; 4; 697
INTERNAL; 9; 13; 4; 697; INTERNAL; 7; 12; 5; 4766
INTERNAL; 9; 13; 4; 697; INTERNAL; 8; 12; 4; 4765
INTERNAL; 8; 12; 4; 4765; INTERNAL; 5; 11; 6; 1572
INTERNAL; 8; 12; 4; 4765; INTERNAL; 7; 11; 4; 4768
INTERNAL; 9; 13; 4; 697; INTERNAL; 8; 12; 4; 3548
INTERNAL; 11; 14; 3; 1245; INTERNAL; 10; 13; 3; 4762
INTERNAL; 11; 14; 3; 1245; INTERNAL; 10; 13; 3; 4689
INTERNAL; 10; 13; 3; 4689; INTERNAL; 6; 12; 6; 3936
INTERNAL; 10; 13; 3; 4689; INTERNAL; 9; 12; 3; 4763
INTERNAL; 10; 13; 3; 4689; INTERNAL; 8; 12; 4; 4764
INTERNAL; 12; 15; 3; 4759; INTERNAL; 10; 14; 4; 4760
INTERNAL; 16; 17; 1; 6031; INTERNAL; 15; 16; 1; 5004
INTERNAL; 15; 16; 1; 5004; INTERNAL; 14; 15; 1; 4499
INTERNAL; 14; 15; 1; 4499; INTERNAL; 13; 14; 1; 4713
INTERNAL; 13; 14; 1; 4713; INTERNAL; 12; 13; 1; 4718
INTERNAL; 13; 14; 1; 4713; INTERNAL; 12; 13; 1; 4715
INTERNAL; 12; 13; 1; 4715; INTERNAL; 9; 12; 3; 4645
INTERNAL; 9; 12; 3; 4645; INTERNAL; 4; 10; 6; 3108
INTERNAL; 4; 10; 6; 3108; INTERNAL; 3; 9; 6; 4561
INTERNAL; 3; 9; 6; 4561; INTERNAL; 2; 5; 3; 3529
INTERNAL; 2; 5; 3; 3529; INPUT; 1; 3; 2; 2745
INTERNAL; 2; 5; 3; 3529; INPUT; 1; 3; 2; 3694
INTERNAL; 2; 5; 3; 3529; INPUT; 1; 3; 2; 1903
INTERNAL; 3; 9; 6; 4561; INTERNAL; 2; 6; 4; 4565
INTERNAL; 4; 10; 6; 3108; INTERNAL; 3; 9; 6; 4560
INTERNAL; 3; 9; 6; 4560; INTERNAL; 2; 6; 4; 4564
INTERNAL; 2; 6; 4; 4564; INPUT; 1; 5; 4; 5311
INTERNAL; 2; 6; 4; 4564; INPUT; 1; 5; 4; 1617
INTERNAL; 2; 6; 4; 4564; INPUT; 1; 5; 4; 3875
INTERNAL; 3; 9; 6; 4560; INTERNAL; 2; 5; 3; 2629
INTERNAL; 2; 5; 3; 2629; INPUT; 1; 4; 3; 1726
INTERNAL; 2; 5; 3; 2629; INPUT; 1; 4; 3; 4681
INTERNAL; 3; 9; 6; 4560; INTERNAL; 2; 8; 6; 1010
INTERNAL; 4; 10; 6; 3108; INTERNAL; 3; 9; 6; 595
INTERNAL; 3; 9; 6; 595; INTERNAL; 2; 8; 6; 3917
INTERNAL; 2; 8; 6; 3917; INPUT; 1; 4; 3; 3514
INTERNAL; 2; 8; 6; 3917; INPUT; 1; 4; 3; 5300
INTERNAL; 2; 8; 6; 3917; INPUT; 1; 4; 3; 3946
INTERNAL; 2; 8; 6; 3917; INPUT; 1; 4; 3; 3504
INTERNAL; 3; 9; 6; 595; INTERNAL; 2; 6; 4; 2644
INTERNAL; 2; 6; 4; 2644; INPUT; 1; 4; 3; 1759
INTERNAL; 2; 6; 4; 2644; INPUT; 1; 4; 3; 2819
INTERNAL; 2; 6; 4; 2644; INPUT; 1; 4; 3; 2194
INTERNAL; 2; 6; 4; 2644; INPUT; 1; 4; 3; 2155
INTERNAL; 3; 9; 6; 595; INTERNAL; 2; 2; 0; 1206
INTERNAL; 2; 2; 0; 1206; INPUT; 1; 1; 0; 2237
INTERNAL; 2; 2; 0; 1206; INPUT; 1; 1; 0; 4917
INTERNAL; 9; 12; 3; 4645; INTERNAL; 5; 10; 5; 4497
INTERNAL; 5; 10; 5; 4497; INTERNAL; 3; 9; 6; 4553
INTERNAL; 3; 9; 6; 4553; INTERNAL; 2; 8; 6; 4559
INTERNAL; 5; 10; 5; 4497; INTERNAL; 4; 9; 5; 3150
INTERNAL; 4; 9; 5; 3150; INPUT; 1; 4; 3; 1876
INTERNAL; 4; 9; 5; 3150; INTERNAL; 3; 8; 5; 728
INTERNAL; 3; 8; 5; 728; INTERNAL; 2; 7; 5; 3479
INTERNAL; 4; 9; 5; 3150; INPUT; 1; 4; 3; 3152
INTERNAL; 4; 9; 5; 3150; INPUT; 1; 4; 3; 3911
INTERNAL; 4; 9; 5; 3150; INTERNAL; 2; 8; 6; 5013
INTERNAL; 2; 8; 6; 5013; INPUT; 1; 4; 3; 3912
INTERNAL; 5; 10; 5; 4497; INTERNAL; 4; 9; 5; 5243
INTERNAL; 4; 9; 5; 5243; INTERNAL; 3; 8; 5; 4568
INTERNAL; 9; 12; 3; 4645; INTERNAL; 8; 10; 2; 4495
INTERNAL; 12; 13; 1; 4715; INTERNAL; 11; 12; 1; 844
INTERNAL; 12; 13; 1; 4715; INTERNAL; 11; 12; 1; 2847
INTERNAL; 11; 12; 1; 2847; INTERNAL; 9; 11; 2; 4201
INTERNAL; 11; 12; 1; 2847; INTERNAL; 5; 11; 6; 1489
INTERNAL; 5; 11; 6; 1489; INTERNAL; 2; 5; 3; 3923
INTERNAL; 2; 5; 3; 3923; INPUT; 1; 4; 3; 4582
INTERNAL; 2; 5; 3; 3923; INPUT; 1; 4; 3; 4583
INTERNAL; 5; 11; 6; 1489; INTERNAL; 4; 10; 6; 4567
INTERNAL; 4; 10; 6; 4567; INTERNAL; 3; 9; 6; 4570
INTERNAL; 3; 9; 6; 4570; INTERNAL; 2; 6; 4; 3927
INTERNAL; 5; 11; 6; 1489; INTERNAL; 3; 10; 7; 4566
INTERNAL; 11; 12; 1; 2847; INTERNAL; 10; 11; 1; 4197
INTERNAL; 14; 15; 1; 4499; INTERNAL; 13; 14; 1; 3674
INTERNAL; 13; 14; 1; 3674; INTERNAL; 12; 13; 1; 4644
INTERNAL; 13; 14; 1; 3674; INTERNAL; 5; 13; 8; 3579
INTERNAL; 5; 13; 8; 3579; INTERNAL; 2; 12; 10; 4175
INTERNAL; 13; 14; 1; 3674; INTERNAL; 12; 13; 1; 3106
INTERNAL; 12; 13; 1; 3106; INTERNAL; 5; 12; 7; 2413
INTERNAL; 5; 12; 7; 2413; INTERNAL; 4; 11; 7; 4492
INTERNAL; 5; 12; 7; 2413; INTERNAL; 3; 11; 8; 3619
INTERNAL; 3; 11; 8; 3619; INPUT; 1; 10; 9; 3482
INTERNAL; 3; 11; 8; 3619; INPUT; 1; 10; 9; 2889
INTERNAL; 3; 11; 8; 3619; INPUT; 1; 10; 9; 4589
INTERNAL; 5; 12; 7; 2413; INTERNAL; 3; 11; 8; 2958
INTERNAL; 3; 11; 8; 2958; INPUT; 1; 4; 3; 3903
INTERNAL; 3; 11; 8; 2958; INPUT; 1; 4; 3; 1016
INTERNAL; 3; 11; 8; 2958; INTERNAL; 2; 10; 8; 4590
INTERNAL; 3; 11; 8; 2958; INTERNAL; 2; 4; 2; 1014
INTERNAL; 2; 4; 2; 1014; INPUT; 1; 3; 2; 2471
INTERNAL; 2; 4; 2; 1014; INPUT; 1; 3; 2; 1017
INTERNAL; 12; 13; 1; 3106; INTERNAL; 5; 12; 7; 4196
INTERNAL; 5; 12; 7; 4196; INTERNAL; 4; 11; 7; 3414
INTERNAL; 5; 12; 7; 4196; INTERNAL; 4; 11; 7; 4598
INTERNAL; 4; 11; 7; 4598; INTERNAL; 3; 10; 7; 3639
INTERNAL; 3; 10; 7; 3639; INTERNAL; 2; 5; 3; 1878
INTERNAL; 2; 5; 3; 1878; INPUT; 1; 4; 3; 1307
INTERNAL; 12; 13; 1; 3106; INTERNAL; 11; 12; 1; 3405
INTERNAL; 15; 16; 1; 5004; INTERNAL; 14; 15; 1; 1671
INTERNAL; 14; 15; 1; 1671; INTERNAL; 13; 14; 1; 4642
INTERNAL; 14; 15; 1; 1671; INTERNAL; 13; 14; 1; 2114
INTERNAL; 13; 14; 1; 2114; INTERNAL; 12; 13; 1; 4190
INTERNAL; 13; 14; 1; 2114; INTERNAL; 5; 13; 8; 2299
INTERNAL; 5; 13; 8; 2299; INTERNAL; 3; 12; 9; 3380
INTERNAL; 3; 12; 9; 3380; INPUT; 1; 11; 10; 4615
INTERNAL; 3; 12; 9; 3380; INPUT; 1; 11; 10; 3699
INTERNAL; 3; 12; 9; 3380; INPUT; 1; 11; 10; 4617
INTERNAL; 3; 12; 9; 3380; INPUT; 1; 11; 10; 2486
INTERNAL; 5; 13; 8; 2299; INTERNAL; 4; 12; 8; 4607
INTERNAL; 4; 12; 8; 4607; INTERNAL; 2; 6; 4; 4667
INTERNAL; 4; 12; 8; 4607; INTERNAL; 3; 11; 8; 4613
INTERNAL; 13; 14; 1; 2114; INTERNAL; 4; 13; 9; 4194
INTERNAL; 4; 13; 9; 4194; INTERNAL; 3; 12; 9; 4628
INTERNAL; 3; 12; 9; 4628; INTERNAL; 2; 5; 3; 3394
INTERNAL; 3; 12; 9; 4628; INTERNAL; 2; 11; 9; 2040
INTERNAL; 4; 13; 9; 4194; INTERNAL; 3; 12; 9; 2797
INTERNAL; 3; 12; 9; 2797; INPUT; 1; 4; 3; 4635
INTERNAL; 3; 12; 9; 2797; INPUT; 1; 4; 3; 4639
INTERNAL; 3; 12; 9; 2797; INTERNAL; 2; 11; 9; 4640
INTERNAL; 3; 12; 9; 2797; INPUT; 1; 4; 3; 3476
INTERNAL; 4; 13; 9; 4194; INTERNAL; 2; 12; 10; 4633
INTERNAL; 2; 12; 10; 4633; INPUT; 1; 4; 3; 5574
INTERNAL; 2; 12; 10; 4633; INPUT; 1; 4; 3; 2578
INTERNAL; 2; 12; 10; 4633; INPUT; 1; 4; 3; 640
INTERNAL; 16; 17; 1; 6031; INTERNAL; 14; 16; 2; 4755
INTERNAL; 16; 17; 1; 6031; INTERNAL; 13; 16; 3; 3592
INTERNAL; 17; 19; 2; 1528; INTERNAL; 14; 17; 3; 1247
INTERNAL; 14; 17; 3; 1247; INTERNAL; 13; 16; 3; 4139
INTERNAL; 13; 16; 3; 4139; INTERNAL; 12; 15; 3; 4119
INTERNAL; 12; 15; 3; 4119; INTERNAL; 10; 14; 4; 4546
INTERNAL; 12; 15; 3; 4119; INTERNAL; 10; 14; 4; 4778
INTERNAL; 10; 14; 4; 4778; INTERNAL; 9; 13; 4; 2870
INTERNAL; 10; 14; 4; 4778; INTERNAL; 8; 13; 5; 4780
INTERNAL; 12; 15; 3; 4119; INTERNAL; 11; 14; 3; 5301
INTERNAL; 13; 16; 3; 4139; INTERNAL; 12; 15; 3; 4774
INTERNAL; 14; 17; 3; 1247; INTERNAL; 13; 16; 3; 4769
UNKNOWN; -1; -1; -1; -1; OUTPUT; 15; 20; 5; 14
OUTPUT; 15; 20; 5; 14; INTERNAL; 14; 19; 5; 5735
INTERNAL; 14; 19; 5; 5735; INTERNAL; 12; 14; 2; 5425
INTERNAL; 12; 14; 2; 5425; INTERNAL; 8; 13; 5; 5745
INTERNAL; 8; 13; 5; 5745; INTERNAL; 5; 10; 5; 4478
INTERNAL; 5; 10; 5; 4478; INTERNAL; 3; 9; 6; 3940
INTERNAL; 3; 9; 6; 3940; INTERNAL; 2; 7; 5; 1286
INTERNAL; 5; 10; 5; 4478; INTERNAL; 4; 9; 5; 2411
INTERNAL; 4; 9; 5; 2411; INTERNAL; 3; 8; 5; 5705
INTERNAL; 3; 8; 5; 5705; INPUT; 1; 4; 3; 3844
INTERNAL; 4; 9; 5; 2411; INTERNAL; 3; 8; 5; 2962
INTERNAL; 4; 9; 5; 2411; INTERNAL; 2; 5; 3; 5600
INTERNAL; 4; 9; 5; 2411; INTERNAL; 2; 8; 6; 5706
INTERNAL; 2; 8; 6; 5706; INPUT; 1; 4; 3; 5493
INTERNAL; 5; 10; 5; 4478; INTERNAL; 3; 9; 6; 5672
INTERNAL; 3; 9; 6; 5672; INPUT; 1; 6; 5; 5708
INTERNAL; 3; 9; 6; 5672; INPUT; 1; 6; 5; 5710
INTERNAL; 3; 9; 6; 5672; INPUT; 1; 6; 5; 5711
INTERNAL; 3; 9; 6; 5672; INTERNAL; 2; 4; 2; 2432
INTERNAL; 2; 4; 2; 2432; INPUT; 1; 3; 2; 3553
INTERNAL; 3; 9; 6; 5672; INTERNAL; 2; 6; 4; 2455
INTERNAL; 2; 6; 4; 2455; INPUT; 1; 5; 4; 3283
INTERNAL; 2; 6; 4; 2455; INPUT; 1; 5; 4; 1611
INTERNAL; 2; 6; 4; 2455; INPUT; 1; 5; 4; 1411
INTERNAL; 2; 6; 4; 2455; INPUT; 1; 5; 4; 1609
INTERNAL; 3; 9; 6; 5672; INPUT; 1; 6; 5; 4105
INTERNAL; 5; 10; 5; 4478; INTERNAL; 2; 5; 3; 1559
INTERNAL; 2; 5; 3; 1559; INPUT; 1; 3; 2; 4010
INTERNAL; 8; 13; 5; 5745; INTERNAL; 7; 10; 3; 1111
INTERNAL; 7; 10; 3; 1111; INTERNAL; 4; 9; 5; 5692
INTERNAL; 4; 9; 5; 5692; INTERNAL; 2; 6; 4; 920
INTERNAL; 2; 6; 4; 920; INPUT; 1; 4; 3; 1086
INTERNAL; 2; 6; 4; 920; INPUT; 1; 4; 3; 3339
INTERNAL; 2; 6; 4; 920; INPUT; 1; 4; 3; 1529
INTERNAL; 2; 6; 4; 920; INPUT; 1; 4; 3; 5510
INTERNAL; 4; 9; 5; 5692; INTERNAL; 3; 8; 5; 6014
INTERNAL; 3; 8; 5; 6014; INTERNAL; 2; 7; 5; 2639
INTERNAL; 2; 7; 5; 2639; INPUT; 1; 4; 3; 2028
INTERNAL; 2; 7; 5; 2639; INPUT; 1; 4; 3; 2784
INTERNAL; 2; 7; 5; 2639; INPUT; 1; 4; 3; 2397
INTERNAL; 3; 8; 5; 6014; INTERNAL; 2; 4; 2; 5645
INTERNAL; 4; 9; 5; 5692; INTERNAL; 2; 5; 3; 4352
INTERNAL; 2; 5; 3; 4352; INPUT; 1; 4; 3; 853
INTERNAL; 2; 5; 3; 4352; INPUT; 1; 4; 3; 851
INTERNAL; 2; 5; 3; 4352; INPUT; 1; 4; 3; 846
INTERNAL; 2; 5; 3; 4352; INPUT; 1; 4; 3; 2722
INTERNAL; 4; 9; 5; 5692; INTERNAL; 3; 7; 4; 5646
INTERNAL; 3; 7; 4; 5646; INPUT; 1; 5; 4; 2920
INTERNAL; 4; 9; 5; 5692; INTERNAL; 3; 8; 5; 5701
INTERNAL; 3; 8; 5; 5701; INPUT; 1; 4; 3; 1055
INTERNAL; 4; 9; 5; 5692; INTERNAL; 3; 8; 5; 1553
INTERNAL; 3; 8; 5; 1553; INTERNAL; 2; 7; 5; 5703
INTERNAL; 2; 7; 5; 5703; INPUT; 1; 3; 2; 3816
INTERNAL; 3; 8; 5; 1553; INTERNAL; 2; 7; 5; 1486
INTERNAL; 2; 7; 5; 1486; INPUT; 1; 5; 4; 673
INTERNAL; 2; 7; 5; 1486; INPUT; 1; 5; 4; 3162
INTERNAL; 2; 7; 5; 1486; INPUT; 1; 5; 4; 1670
INTERNAL; 7; 10; 3; 1111; INTERNAL; 5; 9; 4; 5690
INTERNAL; 5; 9; 4; 5690; INTERNAL; 2; 8; 6; 5379
INTERNAL; 2; 8; 6; 5379; INPUT; 1; 5; 4; 2482
INTERNAL; 2; 8; 6; 5379; INPUT; 1; 5; 4; 3118
INTERNAL; 2; 8; 6; 5379; INPUT; 1; 5; 4; 2031
INTERNAL; 2; 8; 6; 5379; INPUT; 1; 5; 4; 3133
INTERNAL; 5; 9; 4; 5690; INTERNAL; 2; 5; 3; 3421
INTERNAL; 5; 9; 4; 5690; INTERNAL; 4; 8; 4; 4754
INTERNAL; 4; 8; 4; 4754; INTERNAL; 3; 7; 4; 5698
INTERNAL; 3; 7; 4; 5698; INTERNAL; 2; 6; 4; 5699
INTERNAL; 5; 9; 4; 5690; INTERNAL; 2; 5; 3; 1933
INTERNAL; 5; 9; 4; 5690; INTERNAL; 3; 3; 0; 3276
INTERNAL; 3; 3; 0; 3276; INTERNAL; 2; 2; 0; 3780
INTERNAL; 2; 2; 0; 3780; INPUT; 1; 1; 0; 1545
INTERNAL; 2; 2; 0; 3780; INPUT; 1; 1; 0; 1543
INTERNAL; 3; 3; 0; 3276; INPUT; 1; 2; 1; 2200
INTERNAL; 3; 3; 0; 3276; INPUT; 1; 2; 1; 3273
INTERNAL; 7; 10; 3; 1111; INTERNAL; 6; 9; 3; 5688
INTERNAL; 6; 9; 3; 5688; INTERNAL; 5; 8; 3; 5695
INTERNAL; 5; 8; 3; 5695; INTERNAL; 2; 6; 4; 3093
INTERNAL; 2; 6; 4; 3093; INPUT; 1; 4; 3; 2034
INTERNAL; 5; 8; 3; 5695; INTERNAL; 3; 5; 2; 599
INTERNAL; 5; 8; 3; 5695; INTERNAL; 2; 6; 4; 2268
INTERNAL; 2; 6; 4; 2268; INPUT; 1; 5; 4; 5826
INTERNAL; 2; 6; 4; 2268; INPUT; 1; 5; 4; 1554
INTERNAL; 2; 6; 4; 2268; INPUT; 1; 5; 4; 2973
INTERNAL; 2; 6; 4; 2268; INPUT; 1; 5; 4; 1644
INTERNAL; 5; 8; 3; 5695; INTERNAL; 4; 7; 3; 5696
INTERNAL; 4; 7; 3; 5696; INTERNAL; 3; 6; 3; 3373
INTERNAL; 4; 7; 3; 5696; INTERNAL; 2; 6; 4; 884
INTERNAL; 2; 6; 4; 884; INPUT; 1; 3; 2; 3210
INTERNAL; 2; 6; 4; 884; INPUT; 1; 3; 2; 2711
INTERNAL; 2; 6; 4; 884; INPUT; 1; 3; 2; 1314
INTERNAL; 2; 6; 4; 884; INPUT; 1; 3; 2; 5273
INTERNAL; 6; 9; 3; 5688; INTERNAL; 4; 8; 4; 667
INTERNAL; 4; 8; 4; 667; INTERNAL; 3; 7; 4; 1766
INTERNAL; 4; 8; 4; 667; INTERNAL; 2; 7; 5; 2119
INTERNAL; 8; 13; 5; 5745; INTERNAL; 5; 10; 5; 1363
INTERNAL; 5; 10; 5; 1363; INTERNAL; 4; 9; 5; 1593
INTERNAL; 4; 9; 5; 1593; INTERNAL; 3; 8; 5; 5636
INTERNAL; 3; 8; 5; 5636; INTERNAL; 2; 5; 3; 2212
INTERNAL; 2; 5; 3; 2212; INPUT; 1; 3; 2; 5508
INTERNAL; 2; 5; 3; 2212; INPUT; 1; 3; 2; 5221
INTERNAL; 2; 5; 3; 2212; INPUT; 1; 4; 3; 4200
INTERNAL; 4; 9; 5; 1593; INTERNAL; 3; 8; 5; 5714
INTERNAL; 3; 8; 5; 5714; INTERNAL; 2; 6; 4; 1228
INTERNAL; 4; 9; 5; 1593; INTERNAL; 2; 5; 3; 3586
INTERNAL; 4; 9; 5; 1593; INTERNAL; 2; 7; 5; 5716
INTERNAL; 5; 10; 5; 1363; INPUT; 1; 4; 3; 4248
INTERNAL; 5; 10; 5; 1363; INTERNAL; 3; 9; 6; 5712
INTERNAL; 3; 9; 6; 5712; INPUT; 1; 7; 6; 5717
INTERNAL; 3; 9; 6; 5712; INPUT; 1; 7; 6; 3599
INTERNAL; 3; 9; 6; 5712; INPUT; 1; 7; 6; 4703
INTERNAL; 3; 9; 6; 5712; INPUT; 1; 7; 6; 4458
INTERNAL; 5; 10; 5; 1363; INPUT; 1; 4; 3; 5641
INTERNAL; 12; 14; 2; 5425; INTERNAL; 11; 13; 2; 5742
INTERNAL; 11; 13; 2; 5742; INTERNAL; 10; 12; 2; 4413
INTERNAL; 10; 12; 2; 4413; INTERNAL; 9; 11; 2; 1237
INTERNAL; 9; 11; 2; 1237; INTERNAL; 8; 10; 2; 5643
INTERNAL; 8; 10; 2; 5643; INTERNAL; 5; 9; 4; 5758
INTERNAL; 5; 9; 4; 5758; INTERNAL; 4; 8; 4; 5760
INTERNAL; 4; 8; 4; 5760; INTERNAL; 3; 6; 3; 5628
INTERNAL; 3; 6; 3; 5628; INTERNAL; 2; 4; 2; 5218
INTERNAL; 5; 9; 4; 5758; INTERNAL; 3; 8; 5; 5761
INTERNAL; 3; 8; 5; 5761; INTERNAL; 2; 7; 5; 5762
INTERNAL; 2; 7; 5; 5762; INPUT; 1; 4; 3; 2146
INTERNAL; 2; 7; 5; 5762; INPUT; 1; 4; 3; 2624
INTERNAL; 2; 7; 5; 5762; INPUT; 1; 4; 3; 2016
INTERNAL; 2; 7; 5; 5762; INPUT; 1; 4; 3; 5474
INTERNAL; 5; 9; 4; 5758; INTERNAL; 3; 8; 5; 1659
INTERNAL; 3; 8; 5; 1659; INTERNAL; 2; 7; 5; 778
INTERNAL; 3; 8; 5; 1659; INTERNAL; 2; 6; 4; 5720
INTERNAL; 2; 6; 4; 5720; INPUT; 1; 2; 1; 5873
INTERNAL; 2; 6; 4; 5720; INPUT; 1; 2; 1; 2331
INTERNAL; 8; 10; 2; 5643; INTERNAL; 7; 9; 2; 5757
INTERNAL; 7; 9; 2; 5757; INTERNAL; 4; 7; 3; 5570
INTERNAL; 4; 7; 3; 5570; INTERNAL; 3; 6; 3; 782
INTERNAL; 3; 6; 3; 782; INTERNAL; 2; 5; 3; 2061
INTERNAL; 3; 6; 3; 782; INTERNAL; 2; 5; 3; 3085
INTERNAL; 2; 5; 3; 3085; INPUT; 1; 4; 3; 1851
INTERNAL; 2; 5; 3; 3085; INPUT; 1; 4; 3; 780
INTERNAL; 2; 5; 3; 3085; INPUT; 1; 4; 3; 1035
INTERNAL; 2; 5; 3; 3085; INPUT; 1; 4; 3; 3277
INTERNAL; 3; 6; 3; 782; INTERNAL; 2; 4; 2; 1244
INTERNAL; 2; 4; 2; 1244; INPUT; 1; 3; 2; 2291
INTERNAL; 2; 4; 2; 1244; INPUT; 1; 3; 2; 3218
INTERNAL; 2; 4; 2; 1244; INPUT; 1; 3; 2; 2412
INTERNAL; 2; 4; 2; 1244; INPUT; 1; 3; 2; 2351
INTERNAL; 3; 6; 3; 782; INTERNAL; 2; 5; 3; 1217
INTERNAL; 2; 5; 3; 1217; INPUT; 1; 4; 3; 3484
INTERNAL; 3; 6; 3; 782; INTERNAL; 2; 4; 2; 5105
INTERNAL; 4; 7; 3; 5570; INTERNAL; 2; 6; 4; 5588
INTERNAL; 2; 6; 4; 5588; INPUT; 1; 3; 2; 5374
INTERNAL; 2; 6; 4; 5588; INPUT; 1; 3; 2; 5209
INTERNAL; 2; 6; 4; 5588; INPUT; 1; 3; 2; 5211
INTERNAL; 2; 6; 4; 5588; INPUT; 1; 3; 2; 4443
INTERNAL; 7; 9; 2; 5757; INTERNAL; 5; 7; 2; 5216
INTERNAL; 5; 7; 2; 5216; INTERNAL; 2; 6; 4; 1605
INTERNAL; 5; 7; 2; 5216; INTERNAL; 4; 6; 2; 2859
INTERNAL; 4; 6; 2; 2859; INTERNAL; 3; 5; 2; 4708
INTERNAL; 3; 5; 2; 4708; INTERNAL; 2; 4; 2; 2383
INTERNAL; 2; 4; 2; 2383; INPUT; 1; 3; 2; 3216
INTERNAL; 4; 6; 2; 2859; INPUT; 1; 5; 4; 1090
INTERNAL; 4; 6; 2; 2859; INTERNAL; 3; 5; 2; 5585
INTERNAL; 3; 5; 2; 5585; INPUT; 1; 4; 3; 2979
INTERNAL; 3; 5; 2; 5585; INPUT; 1; 4; 3; 2775
INTERNAL; 3; 5; 2; 5585; INPUT; 1; 4; 3; 1700
INTERNAL; 3; 5; 2; 5585; INPUT; 1; 4; 3; 3001
INTERNAL; 3; 5; 2; 5585; INPUT; 1; 4; 3; 5586
INTERNAL; 5; 7; 2; 5216; INTERNAL; 4; 6; 2; 5582
INTERNAL; 4; 6; 2; 5582; INTERNAL; 2; 5; 3; 731
INTERNAL; 4; 6; 2; 5582; INTERNAL; 3; 5; 2; 1839
INTERNAL; 3; 5; 2; 1839; INTERNAL; 2; 4; 2; 3335
INTERNAL; 2; 4; 2; 3335; INPUT; 1; 3; 2; 3046
INTERNAL; 2; 4; 2; 3335; INPUT; 1; 3; 2; 1484
INTERNAL; 2; 4; 2; 3335; INPUT; 1; 3; 2; 1638
INTERNAL; 2; 4; 2; 3335; INPUT; 1; 3; 2; 1982
INTERNAL; 4; 6; 2; 5582; INTERNAL; 2; 5; 3; 5583
INTERNAL; 4; 6; 2; 5582; INTERNAL; 2; 5; 3; 5422
INTERNAL; 7; 9; 2; 5757; INTERNAL; 6; 7; 1; 5566
INTERNAL; 6; 7; 1; 5566; INTERNAL; 3; 6; 3; 5573
INTERNAL; 3; 6; 3; 5573; INPUT; 1; 5; 4; 2377
INTERNAL; 3; 6; 3; 5573; INPUT; 1; 5; 4; 5578
INTERNAL; 3; 6; 3; 5573; INTERNAL; 2; 4; 2; 1600
INTERNAL; 6; 7; 1; 5566; INTERNAL; 5; 6; 1; 2235
INTERNAL; 5; 6; 1; 2235; INPUT; 1; 3; 2; 5809
INTERNAL; 5; 6; 1; 2235; INTERNAL; 2; 5; 3; 5502
INTERNAL; 2; 5; 3; 5502; INPUT; 1; 3; 2; 5383
INTERNAL; 2; 5; 3; 5502; INPUT; 1; 3; 2; 5385
INTERNAL; 2; 5; 3; 5502; INPUT; 1; 3; 2; 3667
INTERNAL; 5; 6; 1; 2235; INTERNAL; 3; 5; 2; 5575
INTERNAL; 3; 5; 2; 5575; INTERNAL; 2; 4; 2; 5576
INTERNAL; 3; 5; 2; 5575; INTERNAL; 2; 4; 2; 910
INTERNAL; 2; 4; 2; 910; INPUT; 1; 3; 2; 2374
INTERNAL; 2; 4; 2; 910; INPUT; 1; 3; 2; 4747
INTERNAL; 2; 4; 2; 910; INPUT; 1; 3; 2; 1728
INTERNAL; 2; 4; 2; 910; INPUT; 1; 3; 2; 4557
INTERNAL; 5; 6; 1; 2235; INTERNAL; 4; 5; 1; 3877
INTERNAL; 4; 5; 1; 3877; INTERNAL; 3; 4; 1; 4159
INTERNAL; 3; 4; 1; 4159; INPUT; 1; 3; 2; 2042
INTERNAL; 3; 4; 1; 4159; INTERNAL; 2; 3; 1; 5041
INTERNAL; 2; 3; 1; 5041; INPUT; 1; 2; 1; 4446
INTERNAL; 2; 3; 1; 5041; INPUT; 1; 2; 1; 4214
INTERNAL; 3; 4; 1; 4159; INPUT; 1; 3; 2; 4829
INTERNAL; 6; 7; 1; 5566; INTERNAL; 3; 6; 3; 2255
INTERNAL; 3; 6; 3; 2255; INTERNAL; 2; 5; 3; 1601
INTERNAL; 2; 5; 3; 1601; INPUT; 1; 4; 3; 5306
INTERNAL; 3; 6; 3; 2255; INTERNAL; 2; 5; 3; 5581
INTERNAL; 3; 6; 3; 2255; INTERNAL; 2; 5; 3; 1221
INTERNAL; 8; 10; 2; 5643; INTERNAL; 5; 9; 4; 1688
INTERNAL; 5; 9; 4; 1688; INTERNAL; 4; 8; 4; 4141
INTERNAL; 4; 8; 4; 4141; INTERNAL; 2; 5; 3; 3772
INTERNAL; 2; 5; 3; 3772; INPUT; 1; 4; 3; 4022
INTERNAL; 2; 5; 3; 3772; INPUT; 1; 4; 3; 1500
INTERNAL; 2; 5; 3; 3772; INPUT; 1; 4; 3; 4902
INTERNAL; 2; 5; 3; 3772; INPUT; 1; 4; 3; 2705
INTERNAL; 4; 8; 4; 4141; INTERNAL; 3; 6; 3; 4082
INTERNAL; 3; 6; 3; 4082; INTERNAL; 2; 5; 3; 2668
INTERNAL; 3; 6; 3; 4082; INTERNAL; 2; 5; 3; 2655
INTERNAL; 5; 9; 4; 1688; INTERNAL; 4; 8; 4; 4299
INTERNAL; 4; 8; 4; 4299; INTERNAL; 3; 7; 4; 1277
INTERNAL; 5; 9; 4; 1688; INTERNAL; 3; 8; 5; 2058
INTERNAL; 9; 11; 2; 1237; INTERNAL; 7; 10; 3; 1799
INTERNAL; 7; 10; 3; 1799; INTERNAL; 6; 8; 2; 4354
INTERNAL; 6; 8; 2; 4354; INTERNAL; 5; 7; 2; 3993
INTERNAL; 5; 7; 2; 3993; INTERNAL; 4; 6; 2; 5631
INTERNAL; 4; 6; 2; 5631; INTERNAL; 2; 4; 2; 981
INTERNAL; 4; 6; 2; 5631; INTERNAL; 3; 5; 2; 4599
INTERNAL; 5; 7; 2; 3993; INTERNAL; 3; 6; 3; 2922
INTERNAL; 3; 6; 3; 2922; INTERNAL; 2; 5; 3; 5308
INTERNAL; 3; 6; 3; 2922; INTERNAL; 2; 5; 3; 4012
INTERNAL; 5; 7; 2; 3993; INTERNAL; 3; 6; 3; 5625
INTERNAL; 3; 6; 3; 5625; INTERNAL; 2; 5; 3; 4109
INTERNAL; 3; 6; 3; 5625; INTERNAL; 2; 5; 3; 2987
INTERNAL; 6; 8; 2; 4354; INTERNAL; 4; 7; 3; 5354
INTERNAL; 4; 7; 3; 5354; INTERNAL; 2; 6; 4; 2885
INTERNAL; 6; 8; 2; 4354; INTERNAL; 5; 7; 2; 5284
INTERNAL; 5; 7; 2; 5284; INTERNAL; 2; 6; 4; 3867
INTERNAL; 5; 7; 2; 5284; INTERNAL; 3; 6; 3; 5634
INTERNAL; 3; 6; 3; 5634; INTERNAL; 2; 5; 3; 3717
INTERNAL; 3; 6; 3; 5634; INPUT; 1; 4; 3; 5994
INTERNAL; 3; 6; 3; 5634; INPUT; 1; 4; 3; 5639
INTERNAL; 5; 7; 2; 5284; INTERNAL; 4; 6; 2; 5633
INTERNAL; 4; 6; 2; 5633; INPUT; 1; 4; 3; 2960
INTERNAL; 4; 6; 2; 5633; INTERNAL; 3; 5; 2; 5635
INTERNAL; 3; 5; 2; 5635; INTERNAL; 2; 4; 2; 1370
INTERNAL; 4; 6; 2; 5633; INTERNAL; 2; 5; 3; 5504
INTERNAL; 4; 6; 2; 5633; INPUT; 1; 4; 3; 4723
INTERNAL; 5; 7; 2; 5284; INTERNAL; 2; 6; 4; 5632
INTERNAL; 2; 6; 4; 5632; INPUT; 1; 4; 3; 1538
INTERNAL; 7; 10; 3; 1799; INTERNAL; 4; 8; 4; 5624
INTERNAL; 7; 10; 3; 1799; INTERNAL; 5; 8; 3; 5623
INTERNAL; 5; 8; 3; 5623; INTERNAL; 2; 7; 5; 4805
INTERNAL; 5; 8; 3; 5623; INTERNAL; 4; 7; 3; 5066
INTERNAL; 4; 7; 3; 5066; INTERNAL; 3; 6; 3; 1629
INTERNAL; 3; 6; 3; 1629; INPUT; 1; 4; 3; 1377
INTERNAL; 3; 6; 3; 1629; INPUT; 1; 4; 3; 3625
INTERNAL; 3; 6; 3; 1629; INTERNAL; 2; 5; 3; 5042
INTERNAL; 3; 6; 3; 1629; INPUT; 1; 4; 3; 1210
INTERNAL; 3; 6; 3; 1629; INPUT; 1; 4; 3; 1303
INTERNAL; 4; 7; 3; 5066; INTERNAL; 3; 6; 3; 2302
INTERNAL; 3; 6; 3; 2302; INTERNAL; 2; 4; 2; 5084
INTERNAL; 3; 6; 3; 2302; INTERNAL; 2; 5; 3; 5823
INTERNAL; 5; 8; 3; 5623; INTERNAL; 2; 7; 5; 5642
INTERNAL; 5; 8; 3; 5623; INTERNAL; 2; 5; 3; 5876
INTERNAL; 2; 5; 3; 5876; INPUT; 1; 3; 2; 5223
INTERNAL; 2; 5; 3; 5876; INPUT; 1; 3; 2; 5225
INTERNAL; 2; 5; 3; 5876; INPUT; 1; 3; 2; 4430
INTERNAL; 2; 5; 3; 5876; INPUT; 1; 3; 2; 4318
INTERNAL; 5; 8; 3; 5623; INTERNAL; 2; 5; 3; 3324
INTERNAL; 9; 11; 2; 1237; INTERNAL; 8; 10; 2; 5553
INTERNAL; 8; 10; 2; 5553; INTERNAL; 6; 8; 2; 4616
INTERNAL; 6; 8; 2; 4616; INTERNAL; 5; 7; 2; 5590
INTERNAL; 5; 7; 2; 5590; INTERNAL; 4; 6; 2; 4259
INTERNAL; 4; 6; 2; 4259; INTERNAL; 3; 4; 1; 3280
INTERNAL; 6; 8; 2; 4616; INTERNAL; 5; 7; 2; 2236
INTERNAL; 5; 7; 2; 2236; INTERNAL; 3; 6; 3; 5597
INTERNAL; 3; 6; 3; 5597; INTERNAL; 2; 5; 3; 5890
INTERNAL; 3; 6; 3; 5597; INTERNAL; 2; 5; 3; 1877
INTERNAL; 3; 6; 3; 5597; INTERNAL; 2; 5; 3; 5598
INTERNAL; 2; 5; 3; 5598; INPUT; 1; 4; 3; 3294
INTERNAL; 5; 7; 2; 2236; INTERNAL; 4; 6; 2; 5594
INTERNAL; 4; 6; 2; 5594; INTERNAL; 2; 5; 3; 5303
INTERNAL; 4; 6; 2; 5594; INTERNAL; 2; 5; 3; 2799
INTERNAL; 4; 6; 2; 5594; INTERNAL; 2; 4; 2; 3637
INTERNAL; 5; 7; 2; 2236; INTERNAL; 3; 6; 3; 5595
INTERNAL; 3; 6; 3; 5595; INPUT; 1; 5; 4; 3856
INTERNAL; 3; 6; 3; 5595; INTERNAL; 2; 5; 3; 2391
INTERNAL; 3; 6; 3; 5595; INPUT; 1; 5; 4; 592
INTERNAL; 5; 7; 2; 2236; INTERNAL; 3; 6; 3; 3544
INTERNAL; 3; 6; 3; 3544; INTERNAL; 2; 5; 3; 5602
INTERNAL; 2; 5; 3; 5602; INPUT; 1; 4; 3; 3382
INTERNAL; 2; 5; 3; 5602; INPUT; 1; 4; 3; 3264
INTERNAL; 2; 5; 3; 5602; INPUT; 1; 4; 3; 3018
INTERNAL; 2; 5; 3; 5602; INPUT; 1; 4; 3; 3279
INTERNAL; 6; 8; 2; 4616; INTERNAL; 5; 7; 2; 5589
INTERNAL; 5; 7; 2; 5589; INTERNAL; 4; 6; 2; 5603
INTERNAL; 4; 6; 2; 5603; INPUT; 1; 5; 4; 1675
INTERNAL; 4; 6; 2; 5603; INPUT; 1; 5; 4; 5051
INTERNAL; 4; 6; 2; 5603; INPUT; 1; 5; 4; 5604
INTERNAL; 4; 6; 2; 5603; INTERNAL; 2; 5; 3; 5257
INTERNAL; 2; 5; 3; 5257; INPUT; 1; 4; 3; 2599
INTERNAL; 2; 5; 3; 5257; INPUT; 1; 4; 3; 2079
INTERNAL; 2; 5; 3; 5257; INPUT; 1; 4; 3; 3713
INTERNAL; 4; 6; 2; 5603; INTERNAL; 3; 5; 2; 2908
INTERNAL; 3; 5; 2; 2908; INTERNAL; 2; 4; 2; 5448
INTERNAL; 2; 4; 2; 5448; INPUT; 1; 3; 2; 3315
INTERNAL; 2; 4; 2; 5448; INPUT; 1; 3; 2; 2104
INTERNAL; 2; 4; 2; 5448; INPUT; 1; 3; 2; 3286
INTERNAL; 2; 4; 2; 5448; INPUT; 1; 3; 2; 2860
INTERNAL; 4; 6; 2; 5603; INPUT; 1; 5; 4; 2353
INTERNAL; 5; 7; 2; 5589; INTERNAL; 4; 6; 2; 4147
INTERNAL; 4; 6; 2; 4147; INTERNAL; 3; 4; 1; 2219
INTERNAL; 3; 4; 1; 2219; INPUT; 1; 3; 2; 2365
INTERNAL; 3; 4; 1; 2219; INPUT; 1; 3; 2; 2476
INTERNAL; 3; 4; 1; 2219; INTERNAL; 2; 3; 1; 1053
INTERNAL; 2; 3; 1; 1053; INPUT; 1; 2; 1; 1371
INTERNAL; 2; 3; 1; 1053; INPUT; 1; 2; 1; 4218
INTERNAL; 4; 6; 2; 4147; INTERNAL; 2; 5; 3; 5607
INTERNAL; 2; 5; 3; 5607; INPUT; 1; 4; 3; 1969
INTERNAL; 2; 5; 3; 5607; INPUT; 1; 4; 3; 2238
INTERNAL; 2; 5; 3; 5607; INPUT; 1; 4; 3; 5305
INTERNAL; 2; 5; 3; 5607; INPUT; 1; 4; 3; 5302
INTERNAL; 4; 6; 2; 4147; INTERNAL; 2; 5; 3; 3334
INTERNAL; 8; 10; 2; 5553; INTERNAL; 7; 8; 1; 4828
INTERNAL; 8; 10; 2; 5553; INTERNAL; 5; 8; 3; 4009
INTERNAL; 5; 8; 3; 4009; INTERNAL; 4; 7; 3; 4268
INTERNAL; 4; 7; 3; 4268; INPUT; 1; 3; 2; 3881
INTERNAL; 4; 7; 3; 4268; INTERNAL; 2; 6; 4; 2504
INTERNAL; 5; 8; 3; 4009; INTERNAL; 2; 6; 4; 5596
INTERNAL; 5; 8; 3; 4009; INTERNAL; 3; 7; 4; 4595
INTERNAL; 3; 7; 4; 4595; INTERNAL; 2; 6; 4; 3048
INTERNAL; 3; 7; 4; 4595; INPUT; 1; 4; 3; 1719
INTERNAL; 3; 7; 4; 4595; INPUT; 1; 4; 3; 2585
INTERNAL; 3; 7; 4; 4595; INTERNAL; 2; 6; 4; 2136
INTERNAL; 10; 12; 2; 4413; INTERNAL; 9; 11; 2; 5756
INTERNAL; 9; 11; 2; 5756; INTERNAL; 7; 10; 3; 3525
INTERNAL; 7; 10; 3; 3525; INTERNAL; 6; 8; 2; 5649
INTERNAL; 6; 8; 2; 5649; INTERNAL; 5; 7; 2; 5675
INTERNAL; 5; 7; 2; 5675; INTERNAL; 2; 3; 1; 609
INTERNAL; 5; 7; 2; 5675; INTERNAL; 4; 6; 2; 5228
INTERNAL; 4; 6; 2; 5228; INPUT; 1; 5; 4; 617
INTERNAL; 4; 6; 2; 5228; INTERNAL; 2; 4; 2; 2182
INTERNAL; 4; 6; 2; 5228; INTERNAL; 3; 5; 2; 3510
INTERNAL; 5; 7; 2; 5675; INTERNAL; 2; 6; 4; 1174
INTERNAL; 2; 6; 4; 1174; INPUT; 1; 4; 3; 5007
INTERNAL; 5; 7; 2; 5675; INTERNAL; 4; 6; 2; 5677
INTERNAL; 4; 6; 2; 5677; INTERNAL; 2; 5; 3; 3400
INTERNAL; 4; 6; 2; 5677; INTERNAL; 2; 5; 3; 5204
INTERNAL; 2; 5; 3; 5204; INPUT; 1; 4; 3; 5213
INTERNAL; 4; 6; 2; 5677; INTERNAL; 3; 5; 2; 5678
INTERNAL; 4; 6; 2; 5677; INTERNAL; 2; 5; 3; 989
INTERNAL; 6; 8; 2; 5649; INTERNAL; 5; 7; 2; 5676
INTERNAL; 5; 7; 2; 5676; INTERNAL; 4; 6; 2; 2096
INTERNAL; 4; 6; 2; 2096; INTERNAL; 3; 5; 2; 5680
INTERNAL; 3; 5; 2; 5680; INTERNAL; 2; 4; 2; 3665
INTERNAL; 4; 6; 2; 2096; INTERNAL; 3; 5; 2; 1328
INTERNAL; 4; 6; 2; 2096; INTERNAL; 2; 5; 3; 4884
INTERNAL; 4; 6; 2; 2096; INTERNAL; 3; 5; 2; 4350
INTERNAL; 3; 5; 2; 4350; INPUT; 1; 4; 3; 5889
INTERNAL; 3; 5; 2; 4350; INPUT; 1; 4; 3; 2379
INTERNAL; 5; 7; 2; 5676; INTERNAL; 2; 5; 3; 5679
INTERNAL; 2; 5; 3; 5679; INPUT; 1; 4; 3; 2607
INTERNAL; 2; 5; 3; 5679; INPUT; 1; 4; 3; 916
INTERNAL; 2; 5; 3; 5679; INPUT; 1; 4; 3; 1268
INTERNAL; 2; 5; 3; 5679; INPUT; 1; 4; 3; 6039
INTERNAL; 5; 7; 2; 5676; INTERNAL; 2; 3; 1; 3241
INTERNAL; 5; 7; 2; 5676; INTERNAL; 2; 6; 4; 3161
INTERNAL; 7; 10; 3; 3525; INTERNAL; 6; 8; 2; 5647
INTERNAL; 6; 8; 2; 5647; INTERNAL; 4; 7; 3; 5655
INTERNAL; 4; 7; 3; 5655; INTERNAL; 2; 5; 3; 3589
INTERNAL; 4; 7; 3; 5655; INTERNAL; 3; 6; 3; 2448
INTERNAL; 3; 6; 3; 2448; INTERNAL; 2; 5; 3; 1329
INTERNAL; 4; 7; 3; 5655; INPUT; 1; 6; 5; 5670
INTERNAL; 6; 8; 2; 5647; INTERNAL; 5; 7; 2; 5651
INTERNAL; 5; 7; 2; 5651; INTERNAL; 2; 6; 4; 5928
INTERNAL; 2; 6; 4; 5928; INPUT; 1; 5; 4; 3749
INTERNAL; 5; 7; 2; 5651; INTERNAL; 3; 6; 3; 1449
INTERNAL; 3; 6; 3; 1449; INTERNAL; 2; 4; 2; 3379
INTERNAL; 3; 6; 3; 1449; INTERNAL; 2; 3; 1; 2422
INTERNAL; 5; 7; 2; 5651; INTERNAL; 2; 6; 4; 5658
INTERNAL; 2; 6; 4; 5658; INPUT; 1; 4; 3; 3081
INTERNAL; 2; 6; 4; 5658; INPUT; 1; 4; 3; 2734
INTERNAL; 2; 6; 4; 5658; INPUT; 1; 4; 3; 2998
INTERNAL; 5; 7; 2; 5651; INTERNAL; 4; 6; 2; 5657
INTERNAL; 4; 6; 2; 5657; INTERNAL; 2; 5; 3; 3462
INTERNAL; 4; 6; 2; 5657; INTERNAL; 3; 5; 2; 5659
INTERNAL; 4; 6; 2; 5657; INTERNAL; 3; 4; 1; 3450
INTERNAL; 3; 4; 1; 3450; INTERNAL; 2; 3; 1; 1000
INTERNAL; 4; 6; 2; 5657; INTERNAL; 2; 5; 3; 5662
INTERNAL; 4; 6; 2; 5657; INTERNAL; 2; 5; 3; 5663
INTERNAL; 6; 8; 2; 5647; INTERNAL; 4; 7; 3; 5653
INTERNAL; 4; 7; 3; 5653; INTERNAL; 3; 6; 3; 2000
INTERNAL; 3; 6; 3; 2000; INTERNAL; 2; 5; 3; 4926
INTERNAL; 4; 7; 3; 5653; INTERNAL; 2; 6; 4; 5664
INTERNAL; 2; 6; 4; 5664; INPUT; 1; 4; 3; 5409
INTERNAL; 4; 7; 3; 5653; INTERNAL; 3; 6; 3; 2430
INTERNAL; 3; 6; 3; 2430; INTERNAL; 2; 5; 3; 885
INTERNAL; 3; 6; 3; 2430; INTERNAL; 2; 5; 3; 2019
INTERNAL; 2; 5; 3; 2019; INPUT; 1; 4; 3; 3692
INTERNAL; 2; 5; 3; 2019; INPUT; 1; 4; 3; 5668
INTERNAL; 2; 5; 3; 2019; INPUT; 1; 4; 3; 5666
INTERNAL; 2; 5; 3; 2019; INPUT; 1; 4; 3; 3620
INTERNAL; 3; 6; 3; 2430; INTERNAL; 2; 5; 3; 5488
INTERNAL; 3; 6; 3; 2430; INTERNAL; 2; 5; 3; 3374
INTERNAL; 2; 5; 3; 3374; INPUT; 1; 4; 3; 3611
INTERNAL; 2; 5; 3; 3374; INPUT; 1; 4; 3; 1526
INTERNAL; 2; 5; 3; 3374; INPUT; 1; 4; 3; 1856
INTERNAL; 2; 5; 3; 3374; INPUT; 1; 4; 3; 3987
INTERNAL; 9; 11; 2; 5756; INTERNAL; 8; 10; 2; 5764
INTERNAL; 8; 10; 2; 5764; INTERNAL; 6; 9; 3; 5766
INTERNAL; 8; 10; 2; 5764; INTERNAL; 7; 9; 2; 5765
INTERNAL; 7; 9; 2; 5765; INTERNAL; 5; 8; 3; 5773
INTERNAL; 5; 8; 3; 5773; INTERNAL; 4; 7; 3; 5781
INTERNAL; 7; 9; 2; 5765; INTERNAL; 5; 8; 3; 5769
INTERNAL; 5; 8; 3; 5769; INTERNAL; 3; 7; 4; 4032
INTERNAL; 5; 8; 3; 5769; INTERNAL; 4; 6; 2; 4270
INTERNAL; 4; 6; 2; 4270; INTERNAL; 2; 5; 3; 3447
INTERNAL; 2; 5; 3; 3447; INPUT; 1; 4; 3; 5779
INTERNAL; 2; 5; 3; 3447; INPUT; 1; 4; 3; 5778
INTERNAL; 2; 5; 3; 3447; INPUT; 1; 4; 3; 5704
INTERNAL; 2; 5; 3; 3447; INPUT; 1; 4; 3; 1900
INTERNAL; 4; 6; 2; 4270; INTERNAL; 3; 5; 2; 1532
INTERNAL; 3; 5; 2; 1532; INTERNAL; 2; 4; 2; 5937
INTERNAL; 7; 9; 2; 5765; INTERNAL; 6; 8; 2; 5767
INTERNAL; 6; 8; 2; 5767; INTERNAL; 4; 7; 3; 5838
INTERNAL; 4; 7; 3; 5838; INTERNAL; 3; 6; 3; 5777
INTERNAL; 3; 6; 3; 5777; INTERNAL; 2; 5; 3; 2210
INTERNAL; 3; 6; 3; 5777; INTERNAL; 2; 5; 3; 5252
INTERNAL; 3; 6; 3; 5777; INTERNAL; 2; 5; 3; 2913
INTERNAL; 2; 5; 3; 2913; INPUT; 1; 4; 3; 3801
INTERNAL; 2; 5; 3; 2913; INPUT; 1; 4; 3; 1271
INTERNAL; 2; 5; 3; 2913; INPUT; 1; 4; 3; 5732
INTERNAL; 2; 5; 3; 2913; INPUT; 1; 4; 3; 3754
INTERNAL; 6; 8; 2; 5767; INTERNAL; 5; 7; 2; 5774
INTERNAL; 5; 7; 2; 5774; INTERNAL; 4; 6; 2; 5151
INTERNAL; 4; 6; 2; 5151; INTERNAL; 2; 5; 3; 3789
INTERNAL; 4; 6; 2; 5151; INTERNAL; 3; 5; 2; 5776
INTERNAL; 5; 7; 2; 5774; INTERNAL; 2; 6; 4; 2553
INTERNAL; 8; 10; 2; 5764; INTERNAL; 6; 9; 3; 4571
INTERNAL; 6; 9; 3; 4571; INTERNAL; 4; 8; 4; 2345
INTERNAL; 4; 8; 4; 2345; INTERNAL; 3; 4; 1; 596
INTERNAL; 4; 8; 4; 2345; INTERNAL; 3; 7; 4; 5788
INTERNAL; 3; 7; 4; 5788; INTERNAL; 2; 6; 4; 5730
INTERNAL; 2; 6; 4; 5730; INPUT; 1; 5; 4; 5397
INTERNAL; 3; 7; 4; 5788; INTERNAL; 2; 4; 2; 598
INTERNAL; 3; 7; 4; 5788; INTERNAL; 2; 6; 4; 2500
INTERNAL; 3; 7; 4; 5788; INTERNAL; 2; 6; 4; 2154
INTERNAL; 4; 8; 4; 2345; INTERNAL; 2; 7; 5; 2247
INTERNAL; 2; 7; 5; 2247; INPUT; 1; 5; 4; 4994
INTERNAL; 6; 9; 3; 4571; INTERNAL; 5; 8; 3; 5782
INTERNAL; 5; 8; 3; 5782; INTERNAL; 3; 7; 4; 4734
INTERNAL; 3; 7; 4; 4734; INTERNAL; 2; 6; 4; 5724
INTERNAL; 5; 8; 3; 5782; INTERNAL; 3; 7; 4; 3244
INTERNAL; 5; 8; 3; 5782; INTERNAL; 4; 7; 3; 5759
INTERNAL; 4; 7; 3; 5759; INPUT; 1; 4; 3; 3827
INTERNAL; 4; 7; 3; 5759; INTERNAL; 3; 6; 3; 2577
INTERNAL; 4; 7; 3; 5759; INPUT; 1; 4; 3; 3831
INTERNAL; 4; 7; 3; 5759; INPUT; 1; 4; 3; 5729
INTERNAL; 4; 7; 3; 5759; INPUT; 1; 4; 3; 2217
INTERNAL; 4; 7; 3; 5759; INTERNAL; 2; 6; 4; 5726
INTERNAL; 5; 8; 3; 5782; INTERNAL; 3; 7; 4; 5786
INTERNAL; 6; 9; 3; 4571; INTERNAL; 5; 8; 3; 5784
INTERNAL; 5; 8; 3; 5784; INTERNAL; 4; 7; 3; 5787
INTERNAL; 9; 11; 2; 5756; INTERNAL; 7; 10; 3; 2772
INTERNAL; 7; 10; 3; 2772; INTERNAL; 6; 9; 3; 5926
INTERNAL; 7; 10; 3; 2772; INTERNAL; 5; 9; 4; 5791
INTERNAL; 5; 9; 4; 5791; INTERNAL; 4; 8; 4; 2480
INTERNAL; 4; 8; 4; 2480; INTERNAL; 3; 7; 4; 2798
INTERNAL; 3; 7; 4; 2798; INTERNAL; 2; 6; 4; 5793
INTERNAL; 5; 9; 4; 5791; INTERNAL; 4; 8; 4; 3784
INTERNAL; 5; 9; 4; 5791; INTERNAL; 3; 8; 5; 5792
INTERNAL; 3; 8; 5; 5792; INTERNAL; 2; 5; 3; 5421
INTERNAL; 3; 8; 5; 5792; INTERNAL; 2; 7; 5; 3395
INTERNAL; 2; 7; 5; 3395; INPUT; 1; 3; 2; 1322
INTERNAL; 2; 7; 5; 3395; INPUT; 1; 3; 2; 1375
INTERNAL; 2; 7; 5; 3395; INPUT; 1; 3; 2; 2710
INTERNAL; 2; 7; 5; 3395; INPUT; 1; 3; 2; 1321
INTERNAL; 3; 8; 5; 5792; INTERNAL; 2; 7; 5; 5723
INTERNAL; 2; 7; 5; 5723; INPUT; 1; 4; 3; 1212
INTERNAL; 2; 7; 5; 5723; INPUT; 1; 4; 3; 1213
INTERNAL; 2; 7; 5; 5723; INPUT; 1; 4; 3; 5080
INTERNAL; 2; 7; 5; 5723; INPUT; 1; 4; 3; 2216
INTERNAL; 3; 8; 5; 5792; INTERNAL; 2; 4; 2; 4203
INTERNAL; 7; 10; 3; 2772; INTERNAL; 6; 9; 3; 5790
INTERNAL; 10; 12; 2; 4413; INTERNAL; 8; 11; 3; 772
INTERNAL; 8; 11; 3; 772; INTERNAL; 5; 9; 4; 5622
INTERNAL; 5; 9; 4; 5622; INTERNAL; 3; 8; 5; 5681
INTERNAL; 3; 8; 5; 5681; INTERNAL; 2; 5; 3; 741
INTERNAL; 2; 5; 3; 741; INPUT; 1; 4; 3; 1954
INTERNAL; 2; 5; 3; 741; INPUT; 1; 4; 3; 1892
INTERNAL; 2; 5; 3; 741; INPUT; 1; 4; 3; 1896
INTERNAL; 2; 5; 3; 741; INPUT; 1; 4; 3; 2233
INTERNAL; 5; 9; 4; 5622; INTERNAL; 4; 8; 4; 3371
INTERNAL; 4; 8; 4; 3371; INTERNAL; 3; 5; 2; 1584
INTERNAL; 4; 8; 4; 3371; INTERNAL; 2; 6; 4; 1308
INTERNAL; 4; 8; 4; 3371; INTERNAL; 2; 5; 3; 3647
INTERNAL; 5; 9; 4; 5622; INTERNAL; 2; 5; 3; 2069
INTERNAL; 5; 9; 4; 5622; INTERNAL; 3; 8; 5; 5683
INTERNAL; 3; 8; 5; 5683; INTERNAL; 2; 7; 5; 4983
INTERNAL; 2; 7; 5; 4983; INPUT; 1; 4; 3; 3489
INTERNAL; 2; 7; 5; 4983; INPUT; 1; 4; 3; 3392
INTERNAL; 3; 8; 5; 5683; INTERNAL; 2; 7; 5; 2785
INTERNAL; 5; 9; 4; 5622; INTERNAL; 3; 8; 5; 2143
INTERNAL; 8; 11; 3; 772; INTERNAL; 7; 9; 2; 5862
INTERNAL; 8; 11; 3; 772; INTERNAL; 7; 9; 2; 756
INTERNAL; 11; 13; 2; 5742; INTERNAL; 10; 12; 2; 5748
INTERNAL; 10; 12; 2; 5748; INTERNAL; 9; 11; 2; 5749
INTERNAL; 9; 11; 2; 5749; INTERNAL; 5; 9; 4; 4550
INTERNAL; 5; 9; 4; 4550; INTERNAL; 4; 8; 4; 5614
INTERNAL; 4; 8; 4; 5614; INTERNAL; 3; 7; 4; 2697
INTERNAL; 3; 7; 4; 2697; INTERNAL; 2; 6; 4; 2986
INTERNAL; 2; 6; 4; 2986; INPUT; 1; 3; 2; 2371
INTERNAL; 2; 6; 4; 2986; INPUT; 1; 3; 2; 1156
INTERNAL; 2; 6; 4; 2986; INPUT; 1; 3; 2; 880
INTERNAL; 2; 6; 4; 2986; INPUT; 1; 3; 2; 2481
INTERNAL; 4; 8; 4; 5614; INTERNAL; 3; 7; 4; 1413
INTERNAL; 4; 8; 4; 5614; INTERNAL; 2; 7; 5; 5616
INTERNAL; 2; 7; 5; 5616; INPUT; 1; 6; 5; 3814
INTERNAL; 2; 7; 5; 5616; INPUT; 1; 6; 5; 5621
INTERNAL; 2; 7; 5; 5616; INPUT; 1; 6; 5; 843
INTERNAL; 2; 7; 5; 5616; INPUT; 1; 6; 5; 5619
INTERNAL; 4; 8; 4; 5614; INTERNAL; 2; 7; 5; 1811
INTERNAL; 2; 7; 5; 1811; INPUT; 1; 4; 3; 2488
INTERNAL; 2; 7; 5; 1811; INPUT; 1; 4; 3; 2097
INTERNAL; 2; 7; 5; 1811; INPUT; 1; 4; 3; 2090
INTERNAL; 2; 7; 5; 1811; INPUT; 1; 4; 3; 2177
INTERNAL; 4; 8; 4; 5614; INTERNAL; 2; 7; 5; 5618
INTERNAL; 5; 9; 4; 4550; INTERNAL; 4; 8; 4; 5612
INTERNAL; 4; 8; 4; 5612; INTERNAL; 3; 7; 4; 3815
INTERNAL; 3; 7; 4; 3815; INPUT; 1; 4; 3; 4727
INTERNAL; 3; 7; 4; 3815; INTERNAL; 2; 6; 4; 4692
INTERNAL; 4; 8; 4; 5612; INTERNAL; 2; 7; 5; 4578
INTERNAL; 5; 9; 4; 4550; INTERNAL; 2; 8; 6; 5615
INTERNAL; 9; 11; 2; 5749; INTERNAL; 8; 9; 1; 5564
INTERNAL; 9; 11; 2; 5749; INTERNAL; 5; 9; 4; 5565
INTERNAL; 5; 9; 4; 5565; INTERNAL; 3; 8; 5; 5609
INTERNAL; 3; 8; 5; 5609; INTERNAL; 2; 5; 3; 1997
INTERNAL; 5; 9; 4; 5565; INTERNAL; 3; 8; 5; 5610
INTERNAL; 3; 8; 5; 5610; INTERNAL; 2; 7; 5; 2036
INTERNAL; 3; 8; 5; 5610; INTERNAL; 2; 4; 2; 5205
INTERNAL; 5; 9; 4; 5565; INTERNAL; 4; 8; 4; 2742
INTERNAL; 4; 8; 4; 2742; INTERNAL; 2; 5; 3; 1511
INTERNAL; 2; 5; 3; 1511; INPUT; 1; 4; 3; 2694
INTERNAL; 2; 5; 3; 1511; INPUT; 1; 4; 3; 2490
INTERNAL; 2; 5; 3; 1511; INPUT; 1; 4; 3; 869
INTERNAL; 2; 5; 3; 1511; INPUT; 1; 4; 3; 2943
INTERNAL; 4; 8; 4; 2742; INTERNAL; 2; 7; 5; 4280
INTERNAL; 4; 8; 4; 2742; INTERNAL; 3; 7; 4; 5611
INTERNAL; 3; 7; 4; 5611; INPUT; 1; 2; 1; 2206
INTERNAL; 3; 7; 4; 5611; INPUT; 1; 2; 1; 2647
INTERNAL; 3; 7; 4; 5611; INPUT; 1; 2; 1; 2757
INTERNAL; 3; 7; 4; 5611; INPUT; 1; 2; 1; 1435
INTERNAL; 10; 12; 2; 5748; INTERNAL; 7; 11; 4; 3612
INTERNAL; 7; 11; 4; 3612; INTERNAL; 4; 10; 6; 5753
INTERNAL; 4; 10; 6; 5753; INTERNAL; 3; 9; 6; 3567
INTERNAL; 7; 11; 4; 3612; INTERNAL; 4; 10; 6; 5752
INTERNAL; 7; 11; 4; 3612; INTERNAL; 6; 10; 4; 5750
INTERNAL; 10; 12; 2; 5748; INTERNAL; 7; 11; 4; 5526
INTERNAL; 11; 13; 2; 5742; INTERNAL; 10; 12; 2; 4224
INTERNAL; 10; 12; 2; 4224; INTERNAL; 9; 10; 1; 5558
INTERNAL; 10; 12; 2; 4224; INTERNAL; 8; 10; 2; 5559
INTERNAL; 10; 12; 2; 4224; INTERNAL; 4; 10; 6; 5562
INTERNAL; 4; 10; 6; 5562; INTERNAL; 2; 8; 6; 967
INTERNAL; 4; 10; 6; 5562; INTERNAL; 2; 6; 4; 5390
INTERNAL; 4; 10; 6; 5562; INTERNAL; 3; 6; 3; 5394
INTERNAL; 3; 6; 3; 5394; INTERNAL; 2; 5; 3; 5346
INTERNAL; 2; 5; 3; 5346; INPUT; 1; 4; 3; 5365
INTERNAL; 2; 5; 3; 5346; INPUT; 1; 4; 3; 5368
INTERNAL; 3; 6; 3; 5394; INPUT; 1; 5; 4; 5367
INTERNAL; 3; 6; 3; 5394; INPUT; 1; 5; 4; 4931
INTERNAL; 4; 10; 6; 5562; INTERNAL; 3; 9; 6; 2013
INTERNAL; 4; 10; 6; 5562; INTERNAL; 3; 9; 6; 4887
INTERNAL; 3; 9; 6; 4887; INPUT; 1; 8; 7; 5686
INTERNAL; 3; 9; 6; 4887; INTERNAL; 2; 6; 4; 5785
INTERNAL; 12; 14; 2; 5425; INTERNAL; 11; 13; 2; 5736
INTERNAL; 11; 13; 2; 5736; INTERNAL; 4; 11; 7; 3278
INTERNAL; 4; 11; 7; 3278; INTERNAL; 3; 10; 7; 5719
INTERNAL; 3; 10; 7; 5719; INTERNAL; 2; 6; 4; 1126
INTERNAL; 11; 13; 2; 5736; INTERNAL; 8; 11; 3; 4031
INTERNAL; 11; 13; 2; 5736; INTERNAL; 10; 11; 1; 2017
INTERNAL; 14; 19; 5; 5735; INTERNAL; 13; 14; 1; 5832
INTERNAL; 13; 14; 1; 5832; INTERNAL; 5; 13; 8; 5549
INTERNAL; 5; 13; 8; 5549; INTERNAL; 4; 12; 8; 861
INTERNAL; 4; 12; 8; 861; INTERNAL; 3; 11; 8; 5731
INTERNAL; 4; 12; 8; 861; INTERNAL; 2; 6; 4; 1161
INTERNAL; 5; 13; 8; 5549; INTERNAL; 2; 5; 3; 5665
INTERNAL; 13; 14; 1; 5832; INTERNAL; 5; 13; 8; 2544
INTERNAL; 5; 13; 8; 2544; INTERNAL; 4; 12; 8; 3259
INTERNAL; 4; 12; 8; 3259; INTERNAL; 3; 11; 8; 4013
INTERNAL; 5; 13; 8; 2544; INTERNAL; 2; 5; 3; 5249
INTERNAL; 2; 5; 3; 5249; INPUT; 1; 4; 3; 5253
INTERNAL; 2; 5; 3; 5249; INPUT; 1; 4; 3; 2813
INTERNAL; 2; 5; 3; 5249; INPUT; 1; 4; 3; 5250
INTERNAL; 2; 5; 3; 5249; INPUT; 1; 4; 3; 5077
INTERNAL; 13; 14; 1; 5832; INTERNAL; 12; 13; 1; 5548
INTERNAL; 12; 13; 1; 5548; INTERNAL; 4; 12; 8; 5557
INTERNAL; 4; 12; 8; 5557; INTERNAL; 3; 11; 8; 3408
INTERNAL; 4; 12; 8; 5557; INTERNAL; 3; 11; 8; 5725
INTERNAL; 3; 11; 8; 5725; INTERNAL; 2; 5; 3; 2337
INTERNAL; 2; 5; 3; 2337; INPUT; 1; 4; 3; 3320
INTERNAL; 3; 11; 8; 5725; INPUT; 1; 4; 3; 5167
INTERNAL; 3; 11; 8; 5725; INPUT; 1; 4; 3; 2522
INTERNAL; 3; 11; 8; 5725; INTERNAL; 2; 5; 3; 580
INTERNAL; 12; 13; 1; 5548; INTERNAL; 4; 12; 8; 5555
INTERNAL; 4; 12; 8; 5555; INTERNAL; 3; 11; 8; 3908
INTERNAL; 3; 11; 8; 3908; INTERNAL; 2; 10; 8; 4253
INTERNAL; 2; 10; 8; 4253; INPUT; 1; 4; 3; 1164
INTERNAL; 2; 10; 8; 4253; INPUT; 1; 4; 3; 4924
INTERNAL; 4; 12; 8; 5555; INTERNAL; 3; 11; 8; 3575
INTERNAL; 3; 11; 8; 3575; INTERNAL; 2; 5; 3; 4444
INTERNAL; 4; 12; 8; 5555; INTERNAL; 3; 11; 8; 5437
INTERNAL; 3; 11; 8; 5437; INTERNAL; 2; 7; 5; 5399
INTERNAL; 3; 11; 8; 5437; INPUT; 1; 4; 3; 2545
INTERNAL; 3; 11; 8; 5437; INTERNAL; 2; 10; 8; 2220
INTERNAL; 3; 11; 8; 5437; INPUT; 1; 4; 3; 3064
INTERNAL; 3; 11; 8; 5437; INPUT; 1; 4; 3; 579
INTERNAL; 3; 11; 8; 5437; INPUT; 1; 4; 3; 3139
INTERNAL; 4; 12; 8; 5555; INTERNAL; 2; 4; 2; 3864
INTERNAL; 2; 4; 2; 3864; INPUT; 1; 3; 2; 743
INTERNAL; 12; 13; 1; 5548; INTERNAL; 11; 12; 1; 5550
INTERNAL; 14; 19; 5; 5735; INTERNAL; 12; 14; 2; 1963
UNKNOWN; -1; -1; -1; -1; OUTPUT; 15; 20; 5; 27
OUTPUT; 15; 20; 5; 27; INTERNAL; 14; 19; 5; 945
UNKNOWN; -1; -1; -1; -1; OUTPUT; 17; 20; 3; 2
OUTPUT; 17; 20; 3; 2; INTERNAL; 16; 19; 3; 62
INTERNAL; 16; 19; 3; 62; INTERNAL; 13; 16; 3; 61
INTERNAL; 13; 16; 3; 61; INTERNAL; 12; 13; 1; 86
INTERNAL; 12; 13; 1; 86; INTERNAL; 10; 12; 2; 1857
INTERNAL; 10; 12; 2; 1857; INTERNAL; 5; 10; 5; 247
INTERNAL; 5; 10; 5; 247; INTERNAL; 3; 9; 6; 3289
INTERNAL; 3; 9; 6; 3289; INTERNAL; 2; 5; 3; 1138
INTERNAL; 5; 10; 5; 247; INTERNAL; 3; 9; 6; 5087
INTERNAL; 3; 9; 6; 5087; INTERNAL; 2; 7; 5; 4068
INTERNAL; 2; 7; 5; 4068; INPUT; 1; 2; 1; 2103
INTERNAL; 5; 10; 5; 247; INTERNAL; 4; 9; 5; 219
INTERNAL; 4; 9; 5; 219; INTERNAL; 2; 5; 3; 713
INTERNAL; 4; 9; 5; 219; INTERNAL; 3; 8; 5; 218
INTERNAL; 4; 9; 5; 219; INTERNAL; 2; 7; 5; 3274
INTERNAL; 10; 12; 2; 1857; INTERNAL; 5; 10; 5; 1423
INTERNAL; 5; 10; 5; 1423; INTERNAL; 3; 9; 6; 216
INTERNAL; 5; 10; 5; 1423; INTERNAL; 3; 9; 6; 217
INTERNAL; 3; 9; 6; 217; INTERNAL; 2; 5; 3; 4193
INTERNAL; 2; 5; 3; 4193; INPUT; 1; 3; 2; 5867
INTERNAL; 2; 5; 3; 4193; INPUT; 1; 3; 2; 3648
INTERNAL; 2; 5; 3; 4193; INPUT; 1; 3; 2; 5865
INTERNAL; 2; 5; 3; 4193; INPUT; 1; 3; 2; 5863
INTERNAL; 5; 10; 5; 1423; INTERNAL; 4; 9; 5; 5866
INTERNAL; 4; 9; 5; 5866; INTERNAL; 3; 8; 5; 215
INTERNAL; 3; 8; 5; 215; INPUT; 1; 6; 5; 1648
INTERNAL; 3; 8; 5; 215; INTERNAL; 2; 5; 3; 4638
INTERNAL; 2; 5; 3; 4638; INPUT; 1; 4; 3; 3183
INTERNAL; 3; 8; 5; 215; INPUT; 1; 6; 5; 2638
INTERNAL; 3; 8; 5; 215; INPUT; 1; 6; 5; 2239
INTERNAL; 3; 8; 5; 215; INTERNAL; 2; 6; 4; 213
INTERNAL; 3; 8; 5; 215; INPUT; 1; 6; 5; 1815
INTERNAL; 4; 9; 5; 5866; INTERNAL; 2; 6; 4; 214
INTERNAL; 5; 10; 5; 1423; INTERNAL; 3; 6; 3; 888
INTERNAL; 5; 10; 5; 1423; INTERNAL; 2; 4; 2; 932
INTERNAL; 2; 4; 2; 932; INPUT; 1; 3; 2; 4659
INTERNAL; 2; 4; 2; 932; INPUT; 1; 3; 2; 5877
INTERNAL; 2; 4; 2; 932; INPUT; 1; 3; 2; 5880
INTERNAL; 2; 4; 2; 932; INPUT; 1; 3; 2; 5878
INTERNAL; 10; 12; 2; 1857; INTERNAL; 9; 10; 1; 2746
INTERNAL; 9; 10; 1; 2746; INTERNAL; 5; 9; 4; 244
INTERNAL; 5; 9; 4; 244; INTERNAL; 4; 8; 4; 435
INTERNAL; 4; 8; 4; 435; INTERNAL; 3; 5; 2; 5088
INTERNAL; 4; 8; 4; 435; INTERNAL; 2; 7; 5; 327
INTERNAL; 4; 8; 4; 435; INTERNAL; 2; 7; 5; 386
INTERNAL; 5; 9; 4; 244; INTERNAL; 3; 8; 5; 4921
INTERNAL; 3; 8; 5; 4921; INTERNAL; 2; 7; 5; 3160
INTERNAL; 3; 8; 5; 4921; INTERNAL; 2; 7; 5; 220
INTERNAL; 9; 10; 1; 2746; INTERNAL; 5; 9; 4; 245
INTERNAL; 5; 9; 4; 245; INTERNAL; 3; 8; 5; 224
INTERNAL; 3; 8; 5; 224; INPUT; 1; 4; 3; 864
INTERNAL; 3; 8; 5; 224; INPUT; 1; 4; 3; 3841
INTERNAL; 3; 8; 5; 224; INTERNAL; 2; 5; 3; 5260
INTERNAL; 2; 5; 3; 5260; INPUT; 1; 4; 3; 5262
INTERNAL; 2; 5; 3; 5260; INPUT; 1; 4; 3; 5264
INTERNAL; 2; 5; 3; 5260; INPUT; 1; 4; 3; 5261
INTERNAL; 2; 5; 3; 5260; INPUT; 1; 4; 3; 2253
INTERNAL; 3; 8; 5; 224; INPUT; 1; 4; 3; 5003
INTERNAL; 5; 9; 4; 245; INPUT; 1; 3; 2; 3558
INTERNAL; 5; 9; 4; 245; INTERNAL; 4; 8; 4; 4631
INTERNAL; 4; 8; 4; 4631; INTERNAL; 3; 7; 4; 222
INTERNAL; 4; 8; 4; 4631; INPUT; 1; 3; 2; 5281
INTERNAL; 4; 8; 4; 4631; INPUT; 1; 4; 3; 576
INTERNAL; 4; 8; 4; 4631; INTERNAL; 3; 7; 4; 223
INTERNAL; 3; 7; 4; 223; INTERNAL; 2; 6; 4; 1763
INTERNAL; 3; 7; 4; 223; INTERNAL; 2; 4; 2; 924
INTERNAL; 4; 8; 4; 4631; INPUT; 1; 3; 2; 4156
INTERNAL; 5; 9; 4; 245; INPUT; 1; 3; 2; 1869
INTERNAL; 5; 9; 4; 245; INTERNAL; 3; 8; 5; 2865
INTERNAL; 3; 8; 5; 2865; INTERNAL; 2; 7; 5; 5855
INTERNAL; 9; 10; 1; 2746; INTERNAL; 8; 9; 1; 246
INTERNAL; 8; 9; 1; 246; INTERNAL; 5; 8; 3; 242
INTERNAL; 5; 8; 3; 242; INTERNAL; 4; 7; 3; 227
INTERNAL; 4; 7; 3; 227; INTERNAL; 3; 5; 2; 225
INTERNAL; 3; 5; 2; 225; INTERNAL; 2; 4; 2; 5525
INTERNAL; 5; 8; 3; 242; INTERNAL; 2; 6; 4; 226
INTERNAL; 5; 8; 3; 242; INTERNAL; 2; 4; 2; 5910
INTERNAL; 2; 4; 2; 5910; INPUT; 1; 3; 2; 1901
INTERNAL; 2; 4; 2; 5910; INPUT; 1; 3; 2; 606
INTERNAL; 2; 4; 2; 5910; INPUT; 1; 3; 2; 2041
INTERNAL; 2; 4; 2; 5910; INPUT; 1; 3; 2; 2087
INTERNAL; 5; 8; 3; 242; INTERNAL; 2; 5; 3; 803
INTERNAL; 2; 5; 3; 803; INPUT; 1; 3; 2; 2307
INTERNAL; 5; 8; 3; 242; INTERNAL; 2; 5; 3; 5789
INTERNAL; 2; 5; 3; 5789; INPUT; 1; 4; 3; 5430
INTERNAL; 8; 9; 1; 246; INTERNAL; 7; 8; 1; 243
INTERNAL; 7; 8; 1; 243; INTERNAL; 5; 7; 2; 5148
INTERNAL; 5; 7; 2; 5148; INTERNAL; 4; 6; 2; 2615
INTERNAL; 4; 6; 2; 2615; INTERNAL; 3; 5; 2; 233
INTERNAL; 3; 5; 2; 233; INTERNAL; 2; 4; 2; 5373
INTERNAL; 4; 6; 2; 2615; INTERNAL; 2; 5; 3; 232
INTERNAL; 2; 5; 3; 232; INPUT; 1; 3; 2; 2838
INTERNAL; 2; 5; 3; 232; INPUT; 1; 3; 2; 2402
INTERNAL; 4; 6; 2; 2615; INTERNAL; 2; 5; 3; 941
INTERNAL; 5; 7; 2; 5148; INTERNAL; 2; 6; 4; 1773
INTERNAL; 5; 7; 2; 5148; INTERNAL; 2; 6; 4; 235
INTERNAL; 2; 6; 4; 235; INPUT; 1; 2; 1; 5871
INTERNAL; 5; 7; 2; 5148; INTERNAL; 3; 6; 3; 234
INTERNAL; 3; 6; 3; 234; INPUT; 1; 5; 4; 230
INTERNAL; 3; 6; 3; 234; INPUT; 1; 5; 4; 5344
INTERNAL; 3; 6; 3; 234; INPUT; 1; 5; 4; 5896
INTERNAL; 3; 6; 3; 234; INTERNAL; 2; 3; 1; 5851
INTERNAL; 3; 6; 3; 234; INPUT; 1; 5; 4; 231
INTERNAL; 7; 8; 1; 243; INTERNAL; 5; 7; 2; 4399
INTERNAL; 5; 7; 2; 4399; INTERNAL; 4; 6; 2; 471
INTERNAL; 4; 6; 2; 471; INTERNAL; 2; 5; 3; 2833
INTERNAL; 2; 5; 3; 2833; INPUT; 1; 3; 2; 5891
INTERNAL; 2; 5; 3; 2833; INPUT; 1; 3; 2; 3385
INTERNAL; 2; 5; 3; 2833; INPUT; 1; 3; 2; 5888
INTERNAL; 2; 5; 3; 2833; INPUT; 1; 3; 2; 3014
INTERNAL; 4; 6; 2; 471; INTERNAL; 3; 5; 2; 1586
INTERNAL; 3; 5; 2; 1586; INTERNAL; 2; 4; 2; 236
INTERNAL; 4; 6; 2; 471; INTERNAL; 2; 5; 3; 237
INTERNAL; 4; 6; 2; 471; INTERNAL; 2; 5; 3; 2543
INTERNAL; 2; 5; 3; 2543; INPUT; 1; 4; 3; 6028
INTERNAL; 2; 5; 3; 2543; INPUT; 1; 4; 3; 6027
INTERNAL; 2; 5; 3; 2543; INPUT; 1; 4; 3; 5366
INTERNAL; 5; 7; 2; 4399; INTERNAL; 2; 6; 4; 5946
INTERNAL; 2; 6; 4; 5946; INPUT; 1; 4; 3; 1323
INTERNAL; 2; 6; 4; 5946; INPUT; 1; 4; 3; 2603
INTERNAL; 2; 6; 4; 5946; INPUT; 1; 4; 3; 857
INTERNAL; 2; 6; 4; 5946; INPUT; 1; 4; 3; 676
INTERNAL; 5; 7; 2; 4399; INTERNAL; 2; 6; 4; 238
INTERNAL; 5; 7; 2; 4399; INTERNAL; 3; 6; 3; 4770
INTERNAL; 7; 8; 1; 243; INTERNAL; 6; 7; 1; 1549
INTERNAL; 6; 7; 1; 1549; INTERNAL; 3; 6; 3; 1391
INTERNAL; 3; 6; 3; 1391; INTERNAL; 2; 5; 3; 239
INTERNAL; 3; 6; 3; 1391; INPUT; 1; 4; 3; 2142
INTERNAL; 3; 6; 3; 1391; INPUT; 1; 4; 3; 974
INTERNAL; 3; 6; 3; 1391; INPUT; 1; 4; 3; 971
INTERNAL; 6; 7; 1; 1549; INTERNAL; 5; 6; 1; 241
INTERNAL; 5; 6; 1; 241; INTERNAL; 4; 5; 1; 240
INTERNAL; 4; 5; 1; 240; INTERNAL; 2; 4; 2; 3540
INTERNAL; 6; 7; 1; 1549; INPUT; 1; 4; 3; 1761
INTERNAL; 6; 7; 1; 1549; INTERNAL; 2; 6; 4; 2196
INTERNAL; 2; 6; 4; 2196; INPUT; 1; 4; 3; 6009
INTERNAL; 2; 6; 4; 2196; INPUT; 1; 4; 3; 2205
INTERNAL; 2; 6; 4; 2196; INPUT; 1; 4; 3; 6008
INTERNAL; 8; 9; 1; 246; INTERNAL; 6; 8; 2; 5381
INTERNAL; 6; 8; 2; 5381; INTERNAL; 5; 7; 2; 3403
INTERNAL; 5; 7; 2; 3403; INTERNAL; 4; 6; 2; 228
INTERNAL; 4; 6; 2; 228; INPUT; 1; 4; 3; 5029
INTERNAL; 4; 6; 2; 228; INTERNAL; 3; 5; 2; 4836
INTERNAL; 5; 7; 2; 3403; INTERNAL; 3; 6; 3; 1523
INTERNAL; 6; 8; 2; 5381; INTERNAL; 3; 7; 4; 2428
INTERNAL; 3; 7; 4; 2428; INTERNAL; 2; 6; 4; 4002
INTERNAL; 6; 8; 2; 5381; INTERNAL; 3; 7; 4; 229
INTERNAL; 12; 13; 1; 86; INTERNAL; 11; 12; 1; 121
INTERNAL; 11; 12; 1; 121; INTERNAL; 10; 11; 1; 120
INTERNAL; 10; 11; 1; 120; INTERNAL; 8; 10; 2; 118
INTERNAL; 8; 10; 2; 118; INTERNAL; 7; 9; 2; 171
INTERNAL; 7; 9; 2; 171; INTERNAL; 6; 8; 2; 169
INTERNAL; 6; 8; 2; 169; INTERNAL; 5; 7; 2; 5963
INTERNAL; 5; 7; 2; 5963; INTERNAL; 2; 6; 4; 3935
INTERNAL; 5; 7; 2; 5963; INTERNAL; 4; 6; 2; 4195
INTERNAL; 4; 6; 2; 4195; INTERNAL; 3; 5; 2; 152
INTERNAL; 3; 5; 2; 152; INTERNAL; 2; 4; 2; 155
INTERNAL; 2; 4; 2; 155; INPUT; 1; 3; 2; 2111
INTERNAL; 2; 4; 2; 155; INPUT; 1; 3; 2; 4609
INTERNAL; 2; 4; 2; 155; INPUT; 1; 3; 2; 980
INTERNAL; 2; 4; 2; 155; INPUT; 1; 3; 2; 1708
INTERNAL; 4; 6; 2; 4195; INTERNAL; 3; 5; 2; 1353
INTERNAL; 3; 5; 2; 1353; INTERNAL; 2; 4; 2; 1347
INTERNAL; 4; 6; 2; 4195; INTERNAL; 2; 5; 3; 153
INTERNAL; 5; 7; 2; 5963; INTERNAL; 2; 6; 4; 156
INTERNAL; 2; 6; 4; 156; INPUT; 1; 5; 4; 151
INTERNAL; 2; 6; 4; 156; INPUT; 1; 5; 4; 653
INTERNAL; 2; 6; 4; 156; INPUT; 1; 5; 4; 150
INTERNAL; 2; 6; 4; 156; INPUT; 1; 5; 4; 2608
INTERNAL; 5; 7; 2; 5963; INTERNAL; 2; 6; 4; 4179
INTERNAL; 6; 8; 2; 169; INTERNAL; 5; 7; 2; 159
INTERNAL; 5; 7; 2; 159; INTERNAL; 4; 6; 2; 158
INTERNAL; 4; 6; 2; 158; INTERNAL; 2; 5; 3; 3541
INTERNAL; 6; 8; 2; 169; INTERNAL; 4; 7; 3; 5049
INTERNAL; 4; 7; 3; 5049; INTERNAL; 3; 6; 3; 148
INTERNAL; 3; 6; 3; 148; INTERNAL; 2; 5; 3; 144
INTERNAL; 2; 5; 3; 144; INPUT; 1; 4; 3; 2751
INTERNAL; 2; 5; 3; 144; INPUT; 1; 4; 3; 2137
INTERNAL; 2; 5; 3; 144; INPUT; 1; 4; 3; 3234
INTERNAL; 2; 5; 3; 144; INPUT; 1; 4; 3; 1636
INTERNAL; 4; 7; 3; 5049; INTERNAL; 3; 6; 3; 2398
INTERNAL; 3; 6; 3; 2398; INPUT; 1; 5; 4; 1714
INTERNAL; 3; 6; 3; 2398; INTERNAL; 2; 5; 3; 145
INTERNAL; 3; 6; 3; 2398; INPUT; 1; 5; 4; 199
INTERNAL; 3; 6; 3; 2398; INPUT; 1; 5; 4; 2435
INTERNAL; 3; 6; 3; 2398; INPUT; 1; 5; 4; 5798
INTERNAL; 4; 7; 3; 5049; INTERNAL; 3; 6; 3; 149
INTERNAL; 3; 6; 3; 149; INPUT; 1; 5; 4; 4745
INTERNAL; 3; 6; 3; 149; INPUT; 1; 5; 4; 3766
INTERNAL; 3; 6; 3; 149; INPUT; 1; 5; 4; 146
INTERNAL; 4; 7; 3; 5049; INTERNAL; 2; 6; 4; 147
INTERNAL; 4; 7; 3; 5049; INTERNAL; 2; 6; 4; 2285
INTERNAL; 7; 9; 2; 171; INTERNAL; 6; 8; 2; 170
INTERNAL; 6; 8; 2; 170; INTERNAL; 4; 7; 3; 167
INTERNAL; 4; 7; 3; 167; INPUT; 1; 5; 4; 3570
INTERNAL; 4; 7; 3; 167; INTERNAL; 2; 6; 4; 691
INTERNAL; 4; 7; 3; 167; INTERNAL; 3; 6; 3; 1129
INTERNAL; 3; 6; 3; 1129; INTERNAL; 2; 5; 3; 1214
INTERNAL; 4; 7; 3; 167; INTERNAL; 3; 6; 3; 162
INTERNAL; 3; 6; 3; 162; INTERNAL; 2; 5; 3; 161
INTERNAL; 3; 6; 3; 162; INTERNAL; 2; 4; 2; 4417
INTERNAL; 3; 6; 3; 162; INTERNAL; 2; 5; 3; 390
INTERNAL; 2; 5; 3; 390; INPUT; 1; 4; 3; 5372
INTERNAL; 2; 5; 3; 390; INPUT; 1; 4; 3; 2157
INTERNAL; 2; 5; 3; 390; INPUT; 1; 4; 3; 4123
INTERNAL; 2; 5; 3; 390; INPUT; 1; 4; 3; 4720
INTERNAL; 3; 6; 3; 162; INTERNAL; 2; 3; 1; 4337
INTERNAL; 3; 6; 3; 162; INTERNAL; 2; 5; 3; 1229
INTERNAL; 4; 7; 3; 167; INPUT; 1; 5; 4; 3952
INTERNAL; 4; 7; 3; 167; INPUT; 1; 5; 4; 4205
INTERNAL; 6; 8; 2; 170; INTERNAL; 5; 7; 2; 168
INTERNAL; 5; 7; 2; 168; INTERNAL; 3; 6; 3; 5120
INTERNAL; 3; 6; 3; 5120; INTERNAL; 2; 5; 3; 1847
INTERNAL; 3; 6; 3; 5120; INTERNAL; 2; 5; 3; 4099
INTERNAL; 2; 5; 3; 4099; INPUT; 1; 4; 3; 3017
INTERNAL; 5; 7; 2; 168; INTERNAL; 2; 6; 4; 538
INTERNAL; 5; 7; 2; 168; INTERNAL; 4; 6; 2; 165
INTERNAL; 4; 6; 2; 165; INTERNAL; 3; 5; 2; 163
INTERNAL; 3; 5; 2; 163; INTERNAL; 2; 4; 2; 3101
INTERNAL; 3; 5; 2; 163; INTERNAL; 2; 4; 2; 3909
INTERNAL; 4; 6; 2; 165; INTERNAL; 2; 5; 3; 164
INTERNAL; 2; 5; 3; 164; INPUT; 1; 4; 3; 1098
INTERNAL; 2; 5; 3; 164; INPUT; 1; 4; 3; 2408
INTERNAL; 2; 5; 3; 164; INPUT; 1; 4; 3; 2089
INTERNAL; 6; 8; 2; 170; INTERNAL; 4; 7; 3; 166
INTERNAL; 4; 7; 3; 166; INTERNAL; 2; 6; 4; 4835
INTERNAL; 4; 7; 3; 166; INTERNAL; 3; 6; 3; 160
INTERNAL; 3; 6; 3; 160; INTERNAL; 2; 5; 3; 3551
INTERNAL; 3; 6; 3; 160; INTERNAL; 2; 5; 3; 5282
INTERNAL; 8; 10; 2; 118; INTERNAL; 5; 9; 4; 845
INTERNAL; 5; 9; 4; 845; INTERNAL; 4; 8; 4; 2427
INTERNAL; 4; 8; 4; 2427; INTERNAL; 3; 6; 3; 139
INTERNAL; 4; 8; 4; 2427; INTERNAL; 2; 6; 4; 5613
INTERNAL; 4; 8; 4; 2427; INTERNAL; 2; 7; 5; 141
INTERNAL; 4; 8; 4; 2427; INTERNAL; 2; 6; 4; 138
INTERNAL; 4; 8; 4; 2427; INTERNAL; 2; 7; 5; 140
INTERNAL; 5; 9; 4; 845; INTERNAL; 3; 8; 5; 142
INTERNAL; 3; 8; 5; 142; INPUT; 1; 7; 6; 2228
INTERNAL; 3; 8; 5; 142; INPUT; 1; 7; 6; 3641
INTERNAL; 5; 9; 4; 845; INTERNAL; 3; 8; 5; 143
INTERNAL; 8; 10; 2; 118; INTERNAL; 3; 9; 6; 5279
INTERNAL; 10; 11; 1; 120; INTERNAL; 9; 10; 1; 1382
INTERNAL; 10; 11; 1; 120; INTERNAL; 9; 10; 1; 119
INTERNAL; 9; 10; 1; 119; INTERNAL; 8; 9; 1; 5952
INTERNAL; 8; 9; 1; 5952; INTERNAL; 7; 8; 1; 3376
INTERNAL; 8; 9; 1; 5952; INTERNAL; 5; 8; 3; 115
INTERNAL; 5; 8; 3; 115; INTERNAL; 3; 7; 4; 3535
INTERNAL; 5; 8; 3; 115; INTERNAL; 3; 7; 4; 113
INTERNAL; 5; 8; 3; 115; INTERNAL; 4; 7; 3; 114
INTERNAL; 8; 9; 1; 5952; INTERNAL; 6; 8; 2; 5231
INTERNAL; 9; 10; 1; 119; INTERNAL; 8; 9; 1; 117
INTERNAL; 9; 10; 1; 119; INTERNAL; 4; 9; 5; 116
INTERNAL; 4; 9; 5; 116; INTERNAL; 3; 8; 5; 112
INTERNAL; 11; 12; 1; 121; INTERNAL; 10; 11; 1; 280
INTERNAL; 10; 11; 1; 280; INTERNAL; 9; 10; 1; 212
INTERNAL; 9; 10; 1; 212; INTERNAL; 8; 9; 1; 209
INTERNAL; 8; 9; 1; 209; INTERNAL; 6; 8; 2; 207
INTERNAL; 6; 8; 2; 207; INTERNAL; 4; 7; 3; 201
INTERNAL; 4; 7; 3; 201; INTERNAL; 2; 4; 2; 2050
INTERNAL; 2; 4; 2; 2050; INPUT; 1; 3; 2; 5283
INTERNAL; 4; 7; 3; 201; INTERNAL; 3; 6; 3; 2417
INTERNAL; 3; 6; 3; 2417; INTERNAL; 2; 4; 2; 1253
INTERNAL; 4; 7; 3; 201; INTERNAL; 2; 6; 4; 3874
INTERNAL; 6; 8; 2; 207; INTERNAL; 5; 7; 2; 800
INTERNAL; 5; 7; 2; 800; INTERNAL; 3; 6; 3; 2052
INTERNAL; 3; 6; 3; 2052; INTERNAL; 2; 5; 3; 3595
INTERNAL; 5; 7; 2; 800; INTERNAL; 3; 6; 3; 198
INTERNAL; 3; 6; 3; 198; INTERNAL; 2; 4; 2; 2147
INTERNAL; 2; 4; 2; 2147; INPUT; 1; 3; 2; 623
INTERNAL; 5; 7; 2; 800; INTERNAL; 4; 6; 2; 200
INTERNAL; 4; 6; 2; 200; INTERNAL; 2; 5; 3; 1208
INTERNAL; 4; 6; 2; 200; INTERNAL; 3; 5; 2; 5224
INTERNAL; 3; 5; 2; 5224; INTERNAL; 2; 4; 2; 6026
INTERNAL; 2; 4; 2; 6026; INPUT; 1; 3; 2; 2903
INTERNAL; 2; 4; 2; 6026; INPUT; 1; 3; 2; 3131
INTERNAL; 2; 4; 2; 6026; INPUT; 1; 3; 2; 196
INTERNAL; 2; 4; 2; 6026; INPUT; 1; 3; 2; 3296
INTERNAL; 4; 6; 2; 200; INTERNAL; 2; 5; 3; 197
INTERNAL; 4; 6; 2; 200; INTERNAL; 2; 5; 3; 4848
INTERNAL; 2; 5; 3; 4848; INPUT; 1; 4; 3; 2164
INTERNAL; 2; 5; 3; 4848; INPUT; 1; 4; 3; 1463
INTERNAL; 5; 7; 2; 800; INTERNAL; 3; 6; 3; 1256
INTERNAL; 3; 6; 3; 1256; INPUT; 1; 5; 4; 195
INTERNAL; 6; 8; 2; 207; INTERNAL; 5; 7; 2; 202
INTERNAL; 5; 7; 2; 202; INTERNAL; 3; 6; 3; 193
INTERNAL; 3; 6; 3; 193; INTERNAL; 2; 5; 3; 191
INTERNAL; 5; 7; 2; 202; INTERNAL; 4; 6; 2; 5819
INTERNAL; 4; 6; 2; 5819; INTERNAL; 3; 5; 2; 192
INTERNAL; 3; 5; 2; 192; INTERNAL; 2; 4; 2; 5322
INTERNAL; 2; 4; 2; 5322; INPUT; 1; 3; 2; 1002
INTERNAL; 2; 4; 2; 5322; INPUT; 1; 3; 2; 4696
INTERNAL; 2; 4; 2; 5322; INPUT; 1; 3; 2; 4949
INTERNAL; 2; 4; 2; 5322; INPUT; 1; 3; 2; 5323
INTERNAL; 5; 7; 2; 202; INTERNAL; 2; 6; 4; 194
INTERNAL; 5; 7; 2; 202; INTERNAL; 2; 5; 3; 1647
INTERNAL; 8; 9; 1; 209; INTERNAL; 3; 8; 5; 1778
INTERNAL; 8; 9; 1; 209; INTERNAL; 7; 8; 1; 208
INTERNAL; 7; 8; 1; 208; INTERNAL; 6; 7; 1; 5357
INTERNAL; 6; 7; 1; 5357; INTERNAL; 2; 6; 4; 5206
INTERNAL; 2; 6; 4; 5206; INPUT; 1; 5; 4; 4810
INTERNAL; 2; 6; 4; 5206; INPUT; 1; 5; 4; 204
INTERNAL; 2; 6; 4; 5206; INPUT; 1; 5; 4; 1440
INTERNAL; 2; 6; 4; 5206; INPUT; 1; 5; 4; 203
INTERNAL; 6; 7; 1; 5357; INTERNAL; 5; 6; 1; 205
INTERNAL; 5; 6; 1; 205; INTERNAL; 4; 5; 1; 353
INTERNAL; 7; 8; 1; 208; INTERNAL; 2; 7; 5; 206
INTERNAL; 2; 7; 5; 206; INPUT; 1; 2; 1; 1275
INTERNAL; 9; 10; 1; 212; INTERNAL; 7; 9; 2; 5147
INTERNAL; 7; 9; 2; 5147; INTERNAL; 6; 8; 2; 190
INTERNAL; 6; 8; 2; 190; INTERNAL; 5; 7; 2; 189
INTERNAL; 5; 7; 2; 189; INTERNAL; 3; 6; 3; 188
INTERNAL; 3; 6; 3; 188; INTERNAL; 2; 5; 3; 4063
INTERNAL; 5; 7; 2; 189; INTERNAL; 3; 6; 3; 187
INTERNAL; 3; 6; 3; 187; INTERNAL; 2; 5; 3; 1658
INTERNAL; 5; 7; 2; 189; INTERNAL; 2; 6; 4; 787
INTERNAL; 5; 7; 2; 189; INTERNAL; 4; 6; 2; 3547
INTERNAL; 4; 6; 2; 3547; INTERNAL; 3; 5; 2; 5052
INTERNAL; 3; 5; 2; 5052; INTERNAL; 2; 4; 2; 4061
INTERNAL; 2; 4; 2; 4061; INPUT; 1; 3; 2; 1775
INTERNAL; 4; 6; 2; 3547; INTERNAL; 3; 5; 2; 1176
INTERNAL; 4; 6; 2; 3547; INTERNAL; 2; 5; 3; 1289
INTERNAL; 6; 8; 2; 190; INTERNAL; 4; 7; 3; 4946
INTERNAL; 4; 7; 3; 4946; INTERNAL; 3; 6; 3; 689
INTERNAL; 3; 6; 3; 689; INPUT; 1; 3; 2; 5886
INTERNAL; 3; 6; 3; 689; INTERNAL; 2; 5; 3; 5569
INTERNAL; 2; 5; 3; 5569; INPUT; 1; 4; 3; 4918
INTERNAL; 2; 5; 3; 5569; INPUT; 1; 4; 3; 969
INTERNAL; 2; 5; 3; 5569; INPUT; 1; 4; 3; 3314
INTERNAL; 2; 5; 3; 5569; INPUT; 1; 4; 3; 5472
INTERNAL; 3; 6; 3; 689; INPUT; 1; 3; 2; 5884
INTERNAL; 3; 6; 3; 689; INTERNAL; 2; 5; 3; 590
INTERNAL; 3; 6; 3; 689; INTERNAL; 2; 4; 2; 5940
INTERNAL; 4; 7; 3; 4946; INTERNAL; 3; 6; 3; 2359
INTERNAL; 4; 7; 3; 4946; INTERNAL; 3; 6; 3; 3282
INTERNAL; 3; 6; 3; 3282; INTERNAL; 2; 5; 3; 2558
INTERNAL; 3; 6; 3; 3282; INTERNAL; 2; 5; 3; 184
INTERNAL; 6; 8; 2; 190; INTERNAL; 5; 7; 2; 6005
INTERNAL; 5; 7; 2; 6005; INTERNAL; 3; 6; 3; 186
INTERNAL; 3; 6; 3; 186; INTERNAL; 2; 5; 3; 1950
INTERNAL; 3; 6; 3; 186; INTERNAL; 2; 5; 3; 5858
INTERNAL; 2; 5; 3; 5858; INPUT; 1; 4; 3; 849
INTERNAL; 5; 7; 2; 6005; INTERNAL; 2; 6; 4; 2547
INTERNAL; 5; 7; 2; 6005; INTERNAL; 2; 4; 2; 1030
INTERNAL; 5; 7; 2; 6005; INTERNAL; 4; 6; 2; 185
INTERNAL; 4; 6; 2; 185; INTERNAL; 3; 5; 2; 3643
INTERNAL; 4; 6; 2; 185; INTERNAL; 2; 5; 3; 2023
INTERNAL; 7; 9; 2; 5147; INTERNAL; 6; 8; 2; 1356
INTERNAL; 6; 8; 2; 1356; INTERNAL; 5; 7; 2; 183
INTERNAL; 5; 7; 2; 183; INTERNAL; 4; 6; 2; 181
INTERNAL; 4; 6; 2; 181; INTERNAL; 3; 5; 2; 626
INTERNAL; 3; 5; 2; 626; INPUT; 1; 4; 3; 2622
INTERNAL; 3; 5; 2; 626; INTERNAL; 2; 4; 2; 4547
INTERNAL; 3; 5; 2; 626; INTERNAL; 2; 3; 1; 2311
INTERNAL; 2; 3; 1; 2311; INPUT; 1; 2; 1; 4726
INTERNAL; 5; 7; 2; 183; INTERNAL; 3; 6; 3; 368
INTERNAL; 3; 6; 3; 368; INTERNAL; 2; 5; 3; 5975
INTERNAL; 2; 5; 3; 5975; INPUT; 1; 4; 3; 681
INTERNAL; 2; 5; 3; 5975; INPUT; 1; 4; 3; 3022
INTERNAL; 2; 5; 3; 5975; INPUT; 1; 4; 3; 1625
INTERNAL; 3; 6; 3; 368; INTERNAL; 2; 5; 3; 3728
INTERNAL; 2; 5; 3; 3728; INPUT; 1; 4; 3; 3736
INTERNAL; 5; 7; 2; 183; INTERNAL; 3; 6; 3; 4361
INTERNAL; 3; 6; 3; 4361; INTERNAL; 2; 5; 3; 3628
INTERNAL; 3; 6; 3; 4361; INTERNAL; 2; 5; 3; 180
INTERNAL; 2; 5; 3; 180; INPUT; 1; 4; 3; 6006
INTERNAL; 6; 8; 2; 1356; INTERNAL; 5; 7; 2; 182
INTERNAL; 5; 7; 2; 182; INTERNAL; 4; 6; 2; 2250
INTERNAL; 4; 6; 2; 2250; INTERNAL; 2; 5; 3; 178
INTERNAL; 4; 6; 2; 2250; INTERNAL; 3; 5; 2; 177
INTERNAL; 3; 5; 2; 177; INTERNAL; 2; 4; 2; 176
INTERNAL; 2; 4; 2; 176; INPUT; 1; 3; 2; 1627
INTERNAL; 2; 4; 2; 176; INPUT; 1; 3; 2; 5552
INTERNAL; 2; 4; 2; 176; INPUT; 1; 3; 2; 1622
INTERNAL; 2; 4; 2; 176; INPUT; 1; 3; 2; 2020
INTERNAL; 3; 5; 2; 177; INTERNAL; 2; 4; 2; 3552
INTERNAL; 2; 4; 2; 3552; INPUT; 1; 3; 2; 639
INTERNAL; 2; 4; 2; 3552; INPUT; 1; 3; 2; 174
INTERNAL; 2; 4; 2; 3552; INPUT; 1; 3; 2; 175
INTERNAL; 2; 4; 2; 3552; INPUT; 1; 3; 2; 173
INTERNAL; 4; 6; 2; 2250; INTERNAL; 2; 4; 2; 890
INTERNAL; 5; 7; 2; 182; INTERNAL; 2; 2; 0; 892
INTERNAL; 5; 7; 2; 182; INTERNAL; 3; 6; 3; 3427
INTERNAL; 3; 6; 3; 3427; INTERNAL; 2; 5; 3; 172
INTERNAL; 6; 8; 2; 1356; INTERNAL; 5; 7; 2; 4383
INTERNAL; 5; 7; 2; 4383; INTERNAL; 2; 5; 3; 179
INTERNAL; 5; 7; 2; 4383; INTERNAL; 2; 6; 4; 5433
INTERNAL; 5; 7; 2; 4383; INTERNAL; 4; 6; 2; 3080
INTERNAL; 4; 6; 2; 3080; INTERNAL; 2; 5; 3; 2764
INTERNAL; 4; 6; 2; 3080; INTERNAL; 2; 5; 3; 3770
INTERNAL; 4; 6; 2; 3080; INTERNAL; 3; 4; 1; 584
INTERNAL; 5; 7; 2; 4383; INTERNAL; 4; 6; 2; 5930
INTERNAL; 4; 6; 2; 5930; INTERNAL; 3; 5; 2; 1866
INTERNAL; 4; 6; 2; 5930; INTERNAL; 2; 4; 2; 1158
INTERNAL; 10; 11; 1; 280; INTERNAL; 5; 10; 5; 210
INTERNAL; 5; 10; 5; 210; INTERNAL; 2; 9; 7; 4584
INTERNAL; 5; 10; 5; 210; INTERNAL; 2; 6; 4; 5410
INTERNAL; 5; 10; 5; 210; INTERNAL; 4; 9; 5; 137
INTERNAL; 4; 9; 5; 137; INTERNAL; 3; 5; 2; 4777
INTERNAL; 10; 11; 1; 280; INTERNAL; 8; 10; 2; 211
INTERNAL; 11; 12; 1; 121; INTERNAL; 10; 11; 1; 1274
INTERNAL; 10; 11; 1; 1274; INTERNAL; 9; 10; 1; 111
INTERNAL; 9; 10; 1; 111; INTERNAL; 7; 9; 2; 109
INTERNAL; 9; 10; 1; 111; INTERNAL; 8; 9; 1; 5058
INTERNAL; 9; 10; 1; 111; INTERNAL; 7; 9; 2; 108
INTERNAL; 7; 9; 2; 108; INTERNAL; 6; 8; 2; 107
INTERNAL; 6; 8; 2; 107; INTERNAL; 5; 7; 2; 1558
INTERNAL; 6; 8; 2; 107; INTERNAL; 4; 7; 3; 104
INTERNAL; 4; 7; 3; 104; INTERNAL; 3; 6; 3; 221
INTERNAL; 6; 8; 2; 107; INTERNAL; 4; 7; 3; 105
INTERNAL; 7; 9; 2; 108; INTERNAL; 5; 8; 3; 106
INTERNAL; 5; 8; 3; 106; INTERNAL; 4; 7; 3; 103
INTERNAL; 4; 7; 3; 103; INTERNAL; 3; 6; 3; 4623
INTERNAL; 5; 8; 3; 106; INTERNAL; 4; 7; 3; 102
INTERNAL; 4; 7; 3; 102; INTERNAL; 3; 6; 3; 4405
INTERNAL; 3; 6; 3; 4405; INTERNAL; 2; 5; 3; 4157
INTERNAL; 5; 8; 3; 106; INTERNAL; 4; 7; 3; 3751
INTERNAL; 4; 7; 3; 3751; INTERNAL; 3; 6; 3; 867
INTERNAL; 7; 9; 2; 108; INTERNAL; 6; 8; 2; 5163
INTERNAL; 10; 11; 1; 1274; INTERNAL; 9; 10; 1; 4872
INTERNAL; 10; 11; 1; 1274; INTERNAL; 8; 10; 2; 110
INTERNAL; 8; 10; 2; 110; INTERNAL; 7; 9; 2; 3062
INTERNAL; 8; 10; 2; 110; INTERNAL; 7; 9; 2; 1238
INTERNAL; 7; 9; 2; 1238; INTERNAL; 6; 8; 2; 3239
INTERNAL; 7; 9; 2; 1238; INTERNAL; 6; 8; 2; 93
INTERNAL; 6; 8; 2; 93; INTERNAL; 5; 7; 2; 294
INTERNAL; 5; 7; 2; 294; INTERNAL; 4; 6; 2; 1079
INTERNAL; 6; 8; 2; 93; INTERNAL; 5; 7; 2; 4591
INTERNAL; 5; 7; 2; 4591; INTERNAL; 4; 6; 2; 990
INTERNAL; 4; 6; 2; 990; INTERNAL; 2; 5; 3; 5340
INTERNAL; 5; 7; 2; 4591; INTERNAL; 2; 5; 3; 1472
INTERNAL; 5; 7; 2; 4591; INTERNAL; 2; 6; 4; 1101
INTERNAL; 2; 6; 4; 1101; INPUT; 1; 5; 4; 835
INTERNAL; 2; 6; 4; 1101; INPUT; 1; 5; 4; 834
INTERNAL; 2; 6; 4; 1101; INPUT; 1; 5; 4; 675
INTERNAL; 5; 7; 2; 4591; INTERNAL; 2; 6; 4; 4062
INTERNAL; 2; 6; 4; 4062; INPUT; 1; 5; 4; 3151
INTERNAL; 2; 6; 4; 4062; INPUT; 1; 5; 4; 729
INTERNAL; 2; 6; 4; 4062; INPUT; 1; 5; 4; 3688
INTERNAL; 5; 7; 2; 4591; INTERNAL; 3; 6; 3; 134
INTERNAL; 6; 8; 2; 93; INTERNAL; 4; 7; 3; 91
INTERNAL; 4; 7; 3; 91; INTERNAL; 3; 6; 3; 90
INTERNAL; 7; 9; 2; 1238; INTERNAL; 6; 8; 2; 92
INTERNAL; 8; 10; 2; 110; INTERNAL; 7; 9; 2; 1735
INTERNAL; 7; 9; 2; 1735; INTERNAL; 6; 8; 2; 101
INTERNAL; 6; 8; 2; 101; INTERNAL; 4; 7; 3; 5453
INTERNAL; 4; 7; 3; 5453; INTERNAL; 3; 6; 3; 554
INTERNAL; 3; 6; 3; 554; INTERNAL; 2; 5; 3; 129
INTERNAL; 6; 8; 2; 101; INTERNAL; 5; 7; 2; 100
INTERNAL; 5; 7; 2; 100; INTERNAL; 4; 6; 2; 98
INTERNAL; 4; 6; 2; 98; INTERNAL; 2; 5; 3; 3594
INTERNAL; 4; 6; 2; 98; INTERNAL; 3; 5; 2; 132
INTERNAL; 3; 5; 2; 132; INPUT; 1; 4; 3; 2232
INTERNAL; 3; 5; 2; 132; INTERNAL; 2; 4; 2; 2282
INTERNAL; 3; 5; 2; 132; INPUT; 1; 4; 3; 4170
INTERNAL; 3; 5; 2; 132; INPUT; 1; 3; 2; 2414
INTERNAL; 3; 5; 2; 132; INPUT; 1; 4; 3; 1475
INTERNAL; 5; 7; 2; 100; INTERNAL; 2; 6; 4; 157
INTERNAL; 2; 6; 4; 157; INPUT; 1; 4; 3; 2616
INTERNAL; 5; 7; 2; 100; INTERNAL; 3; 6; 3; 99
INTERNAL; 3; 6; 3; 99; INTERNAL; 2; 5; 3; 97
INTERNAL; 2; 5; 3; 97; INPUT; 1; 4; 3; 95
INTERNAL; 2; 5; 3; 97; INPUT; 1; 4; 3; 762
INTERNAL; 2; 5; 3; 97; INPUT; 1; 4; 3; 1089
INTERNAL; 3; 6; 3; 99; INTERNAL; 2; 5; 3; 96
INTERNAL; 7; 9; 2; 1735; INTERNAL; 5; 8; 3; 4111
INTERNAL; 5; 8; 3; 4111; INTERNAL; 4; 7; 3; 2917
INTERNAL; 4; 7; 3; 2917; INTERNAL; 3; 6; 3; 5567
INTERNAL; 3; 6; 3; 5567; INTERNAL; 2; 5; 3; 2503
INTERNAL; 3; 6; 3; 5567; INTERNAL; 2; 5; 3; 687
INTERNAL; 3; 6; 3; 5567; INPUT; 1; 5; 4; 2140
INTERNAL; 4; 7; 3; 2917; INTERNAL; 3; 6; 3; 5177
INTERNAL; 5; 8; 3; 4111; INTERNAL; 4; 7; 3; 5404
INTERNAL; 4; 7; 3; 5404; INTERNAL; 3; 6; 3; 94
INTERNAL; 7; 9; 2; 1735; INTERNAL; 6; 8; 2; 5251
INTERNAL; 12; 13; 1; 86; INTERNAL; 11; 12; 1; 2614
INTERNAL; 11; 12; 1; 2614; INTERNAL; 5; 11; 6; 488
INTERNAL; 5; 11; 6; 488; INTERNAL; 3; 10; 7; 136
INTERNAL; 3; 10; 7; 136; INTERNAL; 2; 5; 3; 970
INTERNAL; 5; 11; 6; 488; INTERNAL; 4; 10; 6; 135
INTERNAL; 5; 11; 6; 488; INTERNAL; 2; 6; 4; 2890
INTERNAL; 5; 11; 6; 488; INTERNAL; 3; 10; 7; 1562
INTERNAL; 3; 10; 7; 1562; INTERNAL; 2; 5; 3; 1930
INTERNAL; 11; 12; 1; 2614; INTERNAL; 10; 11; 1; 4618
INTERNAL; 11; 12; 1; 2614; INTERNAL; 10; 11; 1; 641
INTERNAL; 13; 16; 3; 61; INTERNAL; 12; 13; 1; 2836
INTERNAL; 12; 13; 1; 2836; INTERNAL; 11; 12; 1; 85
INTERNAL; 11; 12; 1; 85; INTERNAL; 10; 11; 1; 84
INTERNAL; 10; 11; 1; 84; INTERNAL; 9; 10; 1; 79
INTERNAL; 9; 10; 1; 79; INTERNAL; 6; 9; 3; 77
INTERNAL; 6; 9; 3; 77; INTERNAL; 5; 8; 3; 4008
INTERNAL; 6; 9; 3; 77; INTERNAL; 5; 8; 3; 1374
INTERNAL; 9; 10; 1; 79; INTERNAL; 8; 9; 1; 2724
INTERNAL; 10; 11; 1; 84; INTERNAL; 9; 10; 1; 81
INTERNAL; 10; 11; 1; 84; INTERNAL; 9; 10; 1; 78
INTERNAL; 11; 12; 1; 85; INTERNAL; 10; 11; 1; 83
INTERNAL; 11; 12; 1; 85; INTERNAL; 9; 11; 2; 82
INTERNAL; 9; 11; 2; 82; INTERNAL; 8; 10; 2; 76
INTERNAL; 9; 11; 2; 82; INTERNAL; 8; 10; 2; 75
INTERNAL; 8; 10; 2; 75; INTERNAL; 7; 9; 2; 74
INTERNAL; 7; 9; 2; 74; INTERNAL; 6; 8; 2; 4493
INTERNAL; 7; 9; 2; 74; INTERNAL; 6; 8; 2; 3915
INTERNAL; 8; 10; 2; 75; INTERNAL; 7; 9; 2; 5083
INTERNAL; 7; 9; 2; 5083; INTERNAL; 5; 8; 3; 72
INTERNAL; 7; 9; 2; 5083; INTERNAL; 6; 8; 2; 1588
INTERNAL; 6; 8; 2; 1588; INTERNAL; 5; 7; 2; 71
INTERNAL; 5; 7; 2; 71; INTERNAL; 4; 6; 2; 69
INTERNAL; 4; 6; 2; 69; INTERNAL; 3; 5; 2; 2630
INTERNAL; 5; 7; 2; 71; INTERNAL; 3; 6; 3; 3750
INTERNAL; 3; 6; 3; 3750; INPUT; 1; 5; 4; 67
INTERNAL; 3; 6; 3; 3750; INPUT; 1; 5; 4; 68
INTERNAL; 3; 6; 3; 3750; INPUT; 1; 5; 4; 4863
INTERNAL; 3; 6; 3; 3750; INPUT; 1; 5; 4; 586
INTERNAL; 5; 7; 2; 71; INTERNAL; 3; 6; 3; 70
INTERNAL; 8; 10; 2; 75; INTERNAL; 7; 9; 2; 73
INTERNAL; 9; 11; 2; 82; INTERNAL; 8; 10; 2; 409
INTERNAL; 8; 10; 2; 409; INTERNAL; 7; 9; 2; 65
INTERNAL; 8; 10; 2; 409; INTERNAL; 7; 9; 2; 66
INTERNAL; 8; 10; 2; 409; INTERNAL; 6; 9; 3; 64
INTERNAL; 12; 13; 1; 2836; INTERNAL; 11; 12; 1; 6025
INTERNAL; 12; 13; 1; 2836; INTERNAL; 10; 12; 2; 2280
INTERNAL; 16; 19; 3; 62; INTERNAL; 15; 16; 1; 63
INTERNAL; 15; 16; 1; 63; INTERNAL; 14; 15; 1; 89
INTERNAL; 14; 15; 1; 89; INTERNAL; 13; 14; 1; 124
INTERNAL; 13; 14; 1; 124; INTERNAL; 12; 13; 1; 251
INTERNAL; 12; 13; 1; 251; INTERNAL; 4; 12; 8; 513
INTERNAL; 4; 12; 8; 513; INTERNAL; 3; 11; 8; 130
INTERNAL; 3; 11; 8; 130; INTERNAL; 2; 4; 2; 5904
INTERNAL; 4; 12; 8; 513; INTERNAL; 3; 11; 8; 131
INTERNAL; 3; 11; 8; 131; INTERNAL; 2; 5; 3; 1995
INTERNAL; 3; 11; 8; 131; INTERNAL; 2; 10; 8; 154
INTERNAL; 3; 11; 8; 131; INTERNAL; 2; 10; 8; 5398
INTERNAL; 2; 10; 8; 5398; INPUT; 1; 4; 3; 685
INTERNAL; 4; 12; 8; 513; INTERNAL; 3; 11; 8; 5254
INTERNAL; 3; 11; 8; 5254; INTERNAL; 2; 6; 4; 3416
INTERNAL; 3; 11; 8; 5254; INTERNAL; 2; 6; 4; 466
INTERNAL; 12; 13; 1; 251; INTERNAL; 5; 12; 7; 248
INTERNAL; 5; 12; 7; 248; INTERNAL; 4; 11; 7; 333
INTERNAL; 4; 11; 7; 333; INTERNAL; 2; 10; 8; 133
INTERNAL; 4; 11; 7; 333; INTERNAL; 3; 10; 7; 745
INTERNAL; 3; 10; 7; 745; INTERNAL; 2; 9; 7; 775
INTERNAL; 12; 13; 1; 251; INTERNAL; 11; 12; 1; 3632
INTERNAL; 13; 14; 1; 124; INTERNAL; 4; 13; 9; 249
INTERNAL; 4; 13; 9; 249; INTERNAL; 3; 12; 9; 128
INTERNAL; 3; 12; 9; 128; INTERNAL; 2; 11; 9; 127
INTERNAL; 3; 12; 9; 128; INTERNAL; 2; 11; 9; 125
INTERNAL; 2; 11; 9; 125; INPUT; 1; 6; 5; 4716
INTERNAL; 2; 11; 9; 125; INPUT; 1; 6; 5; 1267
INTERNAL; 2; 11; 9; 125; INPUT; 1; 6; 5; 2874
INTERNAL; 4; 13; 9; 249; INTERNAL; 3; 12; 9; 703
INTERNAL; 4; 13; 9; 249; INTERNAL; 3; 12; 9; 2308
INTERNAL; 3; 12; 9; 2308; INTERNAL; 2; 11; 9; 532
INTERNAL; 14; 15; 1; 89; INTERNAL; 13; 14; 1; 123
INTERNAL; 13; 14; 1; 123; INTERNAL; 12; 13; 1; 122
INTERNAL; 13; 14; 1; 123; INTERNAL; 5; 13; 8; 1379
INTERNAL; 13; 14; 1; 123; INTERNAL; 12; 13; 1; 4039
INTERNAL; 15; 16; 1; 63; INTERNAL; 14; 15; 1; 88
INTERNAL; 14; 15; 1; 88; INTERNAL; 13; 14; 1; 4325
INTERNAL; 14; 15; 1; 88; INTERNAL; 13; 14; 1; 87
INTERNAL; 16; 19; 3; 62; INTERNAL; 13; 16; 3; 60
INTERNAL; 13; 16; 3; 60; INTERNAL; 12; 15; 3; 59
INTERNAL; 12; 15; 3; 59; INTERNAL; 11; 14; 3; 58
INTERNAL; 12; 15; 3; 59; INTERNAL; 10; 14; 4; 57
INTERNAL; 12; 15; 3; 59; INTERNAL; 11; 14; 3; 1749
INTERNAL; 11; 14; 3; 1749; INTERNAL; 10; 13; 3; 56
INTERNAL; 10; 13; 3; 56; INTERNAL; 9; 12; 3; 2736
INTERNAL; 10; 13; 3; 56; INTERNAL; 8; 12; 4; 822
INTERNAL; 10; 13; 3; 56; INTERNAL; 6; 12; 6; 54
INTERNAL; 11; 14; 3; 1749; INTERNAL; 9; 13; 4; 55
INTERNAL; 11; 14; 3; 1749; INTERNAL; 9; 13; 4; 5881
INTERNAL; 9; 13; 4; 5881; INTERNAL; 7; 12; 5; 51
INTERNAL; 9; 13; 4; 5881; INTERNAL; 8; 12; 4; 53
INTERNAL; 9; 13; 4; 5881; INTERNAL; 8; 12; 4; 52
INTERNAL; 8; 12; 4; 52; INTERNAL; 7; 11; 4; 50
INTERNAL; 8; 12; 4; 52; INTERNAL; 6; 11; 5; 5414
INTERNAL; 13; 16; 3; 60; INTERNAL; 12; 15; 3; 4962
INTERNAL; 16; 19; 3; 62; INTERNAL; 14; 16; 2; 3829
UNKNOWN; -1; -1; -1; -1; OUTPUT; 15; 20; 5; 12
OUTPUT; 15; 20; 5; 12; INTERNAL; 14; 19; 5; 4862
INTERNAL; 14; 19; 5; 4862; INTERNAL; 5; 13; 8; 3821
INTERNAL; 5; 13; 8; 3821; INTERNAL; 2; 6; 4; 6019
INTERNAL; 5; 13; 8; 3821; INTERNAL; 4; 12; 8; 4513
INTERNAL; 4; 12; 8; 4513; INPUT; 1; 11; 10; 6020
INTERNAL; 4; 12; 8; 4513; INPUT; 1; 7; 6; 2234
INTERNAL; 5; 13; 8; 3821; INTERNAL; 4; 12; 8; 3038
INTERNAL; 4; 12; 8; 3038; INTERNAL; 2; 11; 9; 6021
INTERNAL; 4; 12; 8; 3038; INTERNAL; 2; 5; 3; 3332
INTERNAL; 4; 12; 8; 3038; INTERNAL; 2; 5; 3; 6024
INTERNAL; 14; 19; 5; 4862; INTERNAL; 13; 13; 0; 1618
INTERNAL; 13; 13; 0; 1618; INTERNAL; 12; 12; 0; 5682
INTERNAL; 12; 12; 0; 5682; INTERNAL; 4; 11; 7; 5847
INTERNAL; 4; 11; 7; 5847; INTERNAL; 2; 5; 3; 4804
INTERNAL; 4; 11; 7; 5847; INTERNAL; 2; 6; 4; 3495
INTERNAL; 4; 11; 7; 5847; INTERNAL; 2; 5; 3; 6003
INTERNAL; 4; 11; 7; 5847; INTERNAL; 3; 10; 7; 2011
INTERNAL; 3; 10; 7; 2011; INTERNAL; 2; 5; 3; 3188
INTERNAL; 2; 5; 3; 3188; INPUT; 1; 4; 3; 868
INTERNAL; 4; 11; 7; 5847; INTERNAL; 3; 10; 7; 6004
INTERNAL; 4; 11; 7; 5847; INTERNAL; 3; 10; 7; 2399
INTERNAL; 12; 12; 0; 5682; INTERNAL; 11; 11; 0; 5833
INTERNAL; 11; 11; 0; 5833; INTERNAL; 10; 10; 0; 2214
INTERNAL; 10; 10; 0; 2214; INTERNAL; 9; 9; 0; 5969
INTERNAL; 9; 9; 0; 5969; INTERNAL; 4; 8; 4; 5836
INTERNAL; 4; 8; 4; 5836; INTERNAL; 2; 7; 5; 1051
INTERNAL; 4; 8; 4; 5836; INTERNAL; 2; 7; 5; 5966
INTERNAL; 2; 7; 5; 5966; INPUT; 1; 5; 4; 1230
INTERNAL; 2; 7; 5; 5966; INPUT; 1; 5; 4; 1058
INTERNAL; 2; 7; 5; 5966; INPUT; 1; 5; 4; 5471
INTERNAL; 2; 7; 5; 5966; INPUT; 1; 5; 4; 581
INTERNAL; 4; 8; 4; 5836; INTERNAL; 3; 7; 4; 5967
INTERNAL; 3; 7; 4; 5967; INTERNAL; 2; 6; 4; 2747
INTERNAL; 2; 6; 4; 2747; INPUT; 1; 5; 4; 5591
INTERNAL; 2; 6; 4; 2747; INPUT; 1; 5; 4; 1416
INTERNAL; 2; 6; 4; 2747; INPUT; 1; 4; 3; 5126
INTERNAL; 2; 6; 4; 2747; INPUT; 1; 5; 4; 5968
INTERNAL; 2; 6; 4; 2747; INPUT; 1; 4; 3; 2750
INTERNAL; 2; 6; 4; 2747; INPUT; 1; 4; 3; 2944
INTERNAL; 4; 8; 4; 5836; INTERNAL; 2; 7; 5; 3928
INTERNAL; 9; 9; 0; 5969; INTERNAL; 8; 8; 0; 5970
INTERNAL; 8; 8; 0; 5970; INTERNAL; 7; 7; 0; 5972
INTERNAL; 7; 7; 0; 5972; INTERNAL; 6; 6; 0; 2774
INTERNAL; 6; 6; 0; 2774; INTERNAL; 4; 5; 1; 4605
INTERNAL; 4; 5; 1; 4605; INPUT; 1; 4; 3; 3351
INTERNAL; 4; 5; 1; 4605; INPUT; 1; 4; 3; 926
INTERNAL; 4; 5; 1; 4605; INTERNAL; 2; 4; 2; 5909
INTERNAL; 4; 5; 1; 4605; INTERNAL; 2; 4; 2; 903
INTERNAL; 6; 6; 0; 2774; INTERNAL; 5; 5; 0; 4363
INTERNAL; 5; 5; 0; 4363; INTERNAL; 4; 4; 0; 5908
INTERNAL; 4; 4; 0; 5908; INTERNAL; 3; 3; 0; 1124
INTERNAL; 3; 3; 0; 1124; INPUT; 1; 2; 1; 652
INTERNAL; 5; 5; 0; 4363; INTERNAL; 2; 4; 2; 5905
INTERNAL; 7; 7; 0; 5972; INTERNAL; 5; 6; 1; 1690
INTERNAL; 5; 6; 1; 1690; INTERNAL; 3; 5; 2; 3430
INTERNAL; 3; 5; 2; 3430; INTERNAL; 2; 4; 2; 5979
INTERNAL; 3; 5; 2; 3430; INTERNAL; 2; 4; 2; 5981
INTERNAL; 2; 4; 2; 5981; INPUT; 1; 3; 2; 784
INTERNAL; 5; 6; 1; 1690; INTERNAL; 4; 5; 1; 5976
INTERNAL; 4; 5; 1; 5976; INTERNAL; 3; 4; 1; 2464
INTERNAL; 3; 4; 1; 2464; INTERNAL; 2; 3; 1; 1260
INTERNAL; 3; 4; 1; 2464; INTERNAL; 2; 3; 1; 2748
INTERNAL; 4; 5; 1; 5976; INTERNAL; 3; 4; 1; 5978
INTERNAL; 5; 6; 1; 1690; INTERNAL; 2; 5; 3; 3220
INTERNAL; 5; 6; 1; 1690; INTERNAL; 2; 5; 3; 5697
INTERNAL; 5; 6; 1; 1690; INTERNAL; 2; 5; 3; 2552
INTERNAL; 7; 7; 0; 5972; INTERNAL; 4; 6; 2; 5974
INTERNAL; 4; 6; 2; 5974; INTERNAL; 3; 5; 2; 3486
INTERNAL; 3; 5; 2; 3486; INTERNAL; 2; 4; 2; 3157
INTERNAL; 4; 6; 2; 5974; INTERNAL; 3; 5; 2; 5984
INTERNAL; 4; 6; 2; 5974; INTERNAL; 2; 5; 3; 5985
INTERNAL; 2; 5; 3; 5985; INPUT; 1; 4; 3; 5990
INTERNAL; 4; 6; 2; 5974; INTERNAL; 3; 5; 2; 5728
INTERNAL; 4; 6; 2; 5974; INTERNAL; 2; 5; 3; 5983
INTERNAL; 4; 6; 2; 5974; INTERNAL; 3; 5; 2; 2893
INTERNAL; 3; 5; 2; 2893; INTERNAL; 2; 4; 2; 1043
INTERNAL; 2; 4; 2; 1043; INPUT; 1; 3; 2; 4678
INTERNAL; 2; 4; 2; 1043; INPUT; 1; 3; 2; 4070
INTERNAL; 2; 4; 2; 1043; INPUT; 1; 3; 2; 5988
INTERNAL; 2; 4; 2; 1043; INPUT; 1; 3; 2; 5986
INTERNAL; 8; 8; 0; 5970; INTERNAL; 4; 7; 3; 4724
INTERNAL; 4; 7; 3; 4724; INTERNAL; 3; 6; 3; 5962
INTERNAL; 8; 8; 0; 5970; INTERNAL; 6; 7; 1; 5973
INTERNAL; 6; 7; 1; 5973; INTERNAL; 3; 6; 3; 4438
INTERNAL; 3; 6; 3; 4438; INTERNAL; 2; 4; 2; 5240
INTERNAL; 6; 7; 1; 5973; INTERNAL; 3; 6; 3; 5536
INTERNAL; 3; 6; 3; 5536; INTERNAL; 2; 5; 3; 5737
INTERNAL; 3; 6; 3; 5536; INTERNAL; 2; 5; 3; 2265
INTERNAL; 6; 7; 1; 5973; INTERNAL; 5; 6; 1; 3521
INTERNAL; 5; 6; 1; 3521; INTERNAL; 4; 5; 1; 1432
INTERNAL; 4; 5; 1; 1432; INTERNAL; 3; 4; 1; 1827
INTERNAL; 5; 6; 1; 3521; INTERNAL; 3; 5; 2; 4128
INTERNAL; 6; 7; 1; 5973; INTERNAL; 3; 6; 3; 1890
INTERNAL; 9; 9; 0; 5969; INTERNAL; 5; 8; 3; 1459
INTERNAL; 5; 8; 3; 1459; INTERNAL; 4; 7; 3; 3995
INTERNAL; 4; 7; 3; 3995; INTERNAL; 3; 6; 3; 2473
INTERNAL; 3; 6; 3; 2473; INTERNAL; 2; 5; 3; 3681
INTERNAL; 2; 5; 3; 3681; INPUT; 1; 2; 1; 2966
INTERNAL; 2; 5; 3; 3681; INPUT; 1; 2; 1; 3091
INTERNAL; 2; 5; 3; 3681; INPUT; 1; 4; 3; 5933
INTERNAL; 2; 5; 3; 3681; INPUT; 1; 4; 3; 2044
INTERNAL; 5; 8; 3; 1459; INTERNAL; 3; 7; 4; 1925
INTERNAL; 3; 7; 4; 1925; INPUT; 1; 5; 4; 5185
INTERNAL; 3; 7; 4; 1925; INTERNAL; 2; 6; 4; 2899
INTERNAL; 3; 7; 4; 1925; INPUT; 1; 5; 4; 2994
INTERNAL; 3; 7; 4; 1925; INPUT; 1; 5; 4; 5113
INTERNAL; 3; 7; 4; 1925; INTERNAL; 2; 6; 4; 5995
INTERNAL; 2; 6; 4; 5995; INPUT; 1; 4; 3; 2845
INTERNAL; 2; 6; 4; 5995; INPUT; 1; 4; 3; 2454
INTERNAL; 2; 6; 4; 5995; INPUT; 1; 4; 3; 2582
INTERNAL; 2; 6; 4; 5995; INPUT; 1; 4; 3; 1859
INTERNAL; 3; 7; 4; 1925; INPUT; 1; 5; 4; 1820
INTERNAL; 5; 8; 3; 1459; INTERNAL; 4; 7; 3; 5992
INTERNAL; 4; 7; 3; 5992; INTERNAL; 2; 6; 4; 3839
INTERNAL; 10; 10; 0; 2214; INTERNAL; 5; 9; 4; 5068
INTERNAL; 5; 9; 4; 5068; INTERNAL; 3; 8; 5; 5694
INTERNAL; 3; 8; 5; 5694; INTERNAL; 2; 5; 3; 2002
INTERNAL; 3; 8; 5; 5694; INTERNAL; 2; 4; 2; 1317
INTERNAL; 5; 9; 4; 5068; INTERNAL; 3; 5; 2; 5999
INTERNAL; 3; 5; 2; 5999; INTERNAL; 2; 4; 2; 1199
INTERNAL; 5; 9; 4; 5068; INTERNAL; 2; 6; 4; 5463
INTERNAL; 5; 9; 4; 5068; INTERNAL; 4; 8; 4; 5110
INTERNAL; 4; 8; 4; 5110; INTERNAL; 3; 7; 4; 6000
INTERNAL; 3; 7; 4; 6000; INPUT; 1; 4; 3; 1394
INTERNAL; 3; 7; 4; 6000; INPUT; 1; 4; 3; 1989
INTERNAL; 3; 7; 4; 6000; INPUT; 1; 4; 3; 1451
INTERNAL; 4; 8; 4; 5110; INTERNAL; 2; 5; 3; 3710
INTERNAL; 10; 10; 0; 2214; INTERNAL; 6; 9; 3; 4153
INTERNAL; 6; 9; 3; 4153; INTERNAL; 3; 8; 5; 1442
INTERNAL; 3; 8; 5; 1442; INTERNAL; 2; 3; 1; 5874
INTERNAL; 3; 8; 5; 1442; INTERNAL; 2; 5; 3; 1261
INTERNAL; 2; 5; 3; 1261; INPUT; 1; 4; 3; 2199
INTERNAL; 3; 8; 5; 1442; INTERNAL; 2; 5; 3; 930
INTERNAL; 6; 9; 3; 4153; INTERNAL; 5; 6; 1; 1578
INTERNAL; 5; 6; 1; 1578; INTERNAL; 4; 5; 1; 5998
INTERNAL; 4; 5; 1; 5998; INPUT; 1; 4; 3; 2505
INTERNAL; 5; 6; 1; 1578; INTERNAL; 4; 5; 1; 5674
INTERNAL; 6; 9; 3; 4153; INTERNAL; 2; 6; 4; 2346
INTERNAL; 6; 9; 3; 4153; INTERNAL; 2; 6; 4; 4045
INTERNAL; 6; 9; 3; 4153; INTERNAL; 3; 6; 3; 5997
INTERNAL; 11; 11; 0; 5833; INTERNAL; 10; 10; 0; 1902
INTERNAL; 10; 10; 0; 1902; INTERNAL; 9; 9; 0; 4632
INTERNAL; 9; 9; 0; 4632; INTERNAL; 5; 8; 3; 2148
INTERNAL; 5; 8; 3; 2148; INTERNAL; 3; 7; 4; 2014
INTERNAL; 5; 8; 3; 2148; INTERNAL; 4; 7; 3; 3281
INTERNAL; 4; 7; 3; 3281; INTERNAL; 2; 6; 4; 5312
INTERNAL; 4; 7; 3; 3281; INTERNAL; 3; 6; 3; 5234
INTERNAL; 4; 7; 3; 3281; INPUT; 1; 4; 3; 5743
INTERNAL; 4; 7; 3; 3281; INPUT; 1; 4; 3; 4530
INTERNAL; 4; 7; 3; 3281; INPUT; 1; 4; 3; 4403
INTERNAL; 9; 9; 0; 4632; INTERNAL; 4; 8; 4; 5529
INTERNAL; 4; 8; 4; 5529; INTERNAL; 2; 5; 3; 1042
INTERNAL; 4; 8; 4; 5529; INTERNAL; 3; 7; 4; 5001
INTERNAL; 4; 8; 4; 5529; INTERNAL; 2; 4; 2; 5685
INTERNAL; 9; 9; 0; 4632; INTERNAL; 8; 8; 0; 5141
INTERNAL; 8; 8; 0; 5141; INTERNAL; 7; 7; 0; 5936
INTERNAL; 7; 7; 0; 5936; INTERNAL; 4; 6; 2; 852
INTERNAL; 4; 6; 2; 852; INTERNAL; 2; 5; 3; 2515
INTERNAL; 4; 6; 2; 852; INTERNAL; 2; 5; 3; 5948
INTERNAL; 2; 5; 3; 5948; INPUT; 1; 4; 3; 5932
INTERNAL; 2; 5; 3; 5948; INPUT; 1; 4; 3; 5931
INTERNAL; 4; 6; 2; 852; INTERNAL; 3; 5; 2; 5014
INTERNAL; 3; 5; 2; 5014; INPUT; 1; 4; 3; 2690
INTERNAL; 3; 5; 2; 5014; INPUT; 1; 4; 3; 1957
INTERNAL; 7; 7; 0; 5936; INTERNAL; 6; 6; 0; 3024
INTERNAL; 6; 6; 0; 3024; INTERNAL; 4; 5; 1; 5939
INTERNAL; 4; 5; 1; 5939; INTERNAL; 3; 4; 1; 4890
INTERNAL; 6; 6; 0; 3024; INTERNAL; 4; 5; 1; 3885
INTERNAL; 4; 5; 1; 3885; INTERNAL; 3; 4; 1; 5941
INTERNAL; 3; 4; 1; 5941; INTERNAL; 2; 3; 1; 4758
INTERNAL; 4; 5; 1; 3885; INPUT; 1; 4; 3; 5783
INTERNAL; 4; 5; 1; 3885; INPUT; 1; 4; 3; 5230
INTERNAL; 4; 5; 1; 3885; INPUT; 1; 4; 3; 2873
INTERNAL; 4; 5; 1; 3885; INPUT; 1; 4; 3; 4621
INTERNAL; 6; 6; 0; 3024; INTERNAL; 5; 5; 0; 4125
INTERNAL; 5; 5; 0; 4125; INTERNAL; 4; 4; 0; 4516
INTERNAL; 4; 4; 0; 4516; INTERNAL; 2; 2; 0; 4775
INTERNAL; 4; 4; 0; 4516; INTERNAL; 3; 3; 0; 5744
INTERNAL; 3; 3; 0; 5744; INTERNAL; 2; 2; 0; 3203
INTERNAL; 7; 7; 0; 5936; INTERNAL; 5; 6; 1; 5938
INTERNAL; 5; 6; 1; 5938; INTERNAL; 2; 4; 2; 3986
INTERNAL; 5; 6; 1; 5938; INTERNAL; 4; 5; 1; 4694
INTERNAL; 4; 5; 1; 4694; INTERNAL; 3; 4; 1; 4586
INTERNAL; 4; 5; 1; 4694; INTERNAL; 3; 4; 1; 5945
INTERNAL; 5; 6; 1; 5938; INTERNAL; 4; 5; 1; 1512
INTERNAL; 4; 5; 1; 1512; INTERNAL; 3; 4; 1; 5620
INTERNAL; 3; 4; 1; 5620; INTERNAL; 2; 3; 1; 3798
INTERNAL; 3; 4; 1; 5620; INTERNAL; 2; 3; 1; 5944
INTERNAL; 4; 5; 1; 1512; INTERNAL; 2; 4; 2; 5942
INTERNAL; 8; 8; 0; 5141; INTERNAL; 6; 7; 1; 1915
INTERNAL; 6; 7; 1; 1915; INTERNAL; 5; 6; 1; 1684
INTERNAL; 5; 6; 1; 1684; INTERNAL; 2; 5; 3; 2065
INTERNAL; 5; 6; 1; 1684; INTERNAL; 4; 5; 1; 2976
INTERNAL; 4; 5; 1; 2976; INTERNAL; 3; 4; 1; 5530
INTERNAL; 5; 6; 1; 1684; INTERNAL; 3; 5; 2; 4612
INTERNAL; 3; 5; 2; 4612; INTERNAL; 2; 4; 2; 5263
INTERNAL; 5; 6; 1; 1684; INTERNAL; 2; 5; 3; 720
INTERNAL; 5; 6; 1; 1684; INTERNAL; 2; 5; 3; 3834
INTERNAL; 2; 5; 3; 3834; INPUT; 1; 4; 3; 1427
INTERNAL; 2; 5; 3; 3834; INPUT; 1; 4; 3; 1421
INTERNAL; 2; 5; 3; 3834; INPUT; 1; 4; 3; 1026
INTERNAL; 6; 7; 1; 1915; INTERNAL; 5; 6; 1; 2718
INTERNAL; 5; 6; 1; 2718; INTERNAL; 4; 5; 1; 5951
INTERNAL; 5; 6; 1; 2718; INTERNAL; 2; 5; 3; 2514
INTERNAL; 5; 6; 1; 2718; INTERNAL; 2; 5; 3; 1070
INTERNAL; 5; 6; 1; 2718; INTERNAL; 2; 5; 3; 4831
INTERNAL; 6; 7; 1; 1915; INTERNAL; 4; 6; 2; 5949
INTERNAL; 4; 6; 2; 5949; INTERNAL; 3; 5; 2; 850
INTERNAL; 3; 5; 2; 850; INTERNAL; 2; 4; 2; 5935
INTERNAL; 3; 5; 2; 850; INTERNAL; 2; 4; 2; 2326
INTERNAL; 4; 6; 2; 5949; INTERNAL; 3; 5; 2; 5957
INTERNAL; 3; 5; 2; 5957; INPUT; 1; 4; 3; 2858
INTERNAL; 3; 5; 2; 5957; INPUT; 1; 4; 3; 2653
INTERNAL; 3; 5; 2; 5957; INTERNAL; 2; 4; 2; 5959
INTERNAL; 3; 5; 2; 5957; INTERNAL; 2; 4; 2; 5960
INTERNAL; 3; 5; 2; 5957; INPUT; 1; 4; 3; 1843
INTERNAL; 4; 6; 2; 5949; INTERNAL; 3; 5; 2; 5955
INTERNAL; 3; 5; 2; 5955; INTERNAL; 2; 4; 2; 5961
INTERNAL; 4; 6; 2; 5949; INTERNAL; 3; 5; 2; 5954
INTERNAL; 10; 10; 0; 1902; INTERNAL; 9; 9; 0; 5739
INTERNAL; 9; 9; 0; 5739; INTERNAL; 7; 8; 1; 3295
INTERNAL; 7; 8; 1; 3295; INTERNAL; 4; 7; 3; 4894
INTERNAL; 4; 7; 3; 4894; INTERNAL; 3; 6; 3; 1867
INTERNAL; 4; 7; 3; 4894; INTERNAL; 3; 6; 3; 2072
INTERNAL; 3; 6; 3; 2072; INTERNAL; 2; 5; 3; 2561
INTERNAL; 4; 7; 3; 4894; INTERNAL; 3; 6; 3; 2726
INTERNAL; 3; 6; 3; 2726; INTERNAL; 2; 5; 3; 4231
INTERNAL; 4; 7; 3; 4894; INTERNAL; 2; 5; 3; 3794
INTERNAL; 7; 8; 1; 3295; INTERNAL; 6; 7; 1; 4230
INTERNAL; 6; 7; 1; 4230; INTERNAL; 5; 6; 1; 3213
INTERNAL; 7; 8; 1; 3295; INTERNAL; 6; 7; 1; 5911
INTERNAL; 6; 7; 1; 5911; INTERNAL; 5; 6; 1; 3058
INTERNAL; 5; 6; 1; 3058; INTERNAL; 4; 5; 1; 4043
INTERNAL; 4; 5; 1; 4043; INTERNAL; 2; 3; 1; 5915
INTERNAL; 2; 3; 1; 5915; INPUT; 1; 2; 1; 5899
INTERNAL; 2; 3; 1; 5915; INPUT; 1; 2; 1; 5271
INTERNAL; 4; 5; 1; 4043; INTERNAL; 3; 4; 1; 5913
INTERNAL; 5; 6; 1; 3058; INTERNAL; 4; 5; 1; 5138
INTERNAL; 4; 5; 1; 5138; INTERNAL; 2; 4; 2; 3222
INTERNAL; 6; 7; 1; 5911; INTERNAL; 4; 6; 2; 2601
INTERNAL; 4; 6; 2; 2601; INPUT; 1; 5; 4; 2951
INTERNAL; 4; 6; 2; 2601; INPUT; 1; 5; 4; 5924
INTERNAL; 4; 6; 2; 2601; INTERNAL; 2; 5; 3; 3055
INTERNAL; 2; 5; 3; 3055; INPUT; 1; 4; 3; 2120
INTERNAL; 2; 5; 3; 3055; INPUT; 1; 4; 3; 4767
INTERNAL; 2; 5; 3; 3055; INPUT; 1; 4; 3; 3861
INTERNAL; 2; 5; 3; 3055; INPUT; 1; 4; 3; 902
INTERNAL; 4; 6; 2; 2601; INTERNAL; 2; 5; 3; 737
INTERNAL; 4; 6; 2; 2601; INTERNAL; 3; 5; 2; 5925
INTERNAL; 3; 5; 2; 5925; INPUT; 1; 4; 3; 5929
INTERNAL; 3; 5; 2; 5925; INPUT; 1; 4; 3; 5953
INTERNAL; 3; 5; 2; 5925; INPUT; 1; 4; 3; 5775
INTERNAL; 6; 7; 1; 5911; INTERNAL; 5; 6; 1; 5568
INTERNAL; 5; 6; 1; 5568; INTERNAL; 3; 5; 2; 5917
INTERNAL; 5; 6; 1; 5568; INTERNAL; 3; 5; 2; 5920
INTERNAL; 3; 5; 2; 5920; INPUT; 1; 4; 3; 3189
INTERNAL; 3; 5; 2; 5920; INPUT; 1; 4; 3; 5045
INTERNAL; 3; 5; 2; 5920; INPUT; 1; 4; 3; 1821
INTERNAL; 3; 5; 2; 5920; INPUT; 1; 4; 3; 5922
INTERNAL; 5; 6; 1; 5568; INTERNAL; 4; 5; 1; 1133
INTERNAL; 4; 5; 1; 1133; INTERNAL; 2; 3; 1; 905
INTERNAL; 2; 3; 1; 905; INPUT; 1; 2; 1; 1351
INTERNAL; 2; 3; 1; 905; INPUT; 1; 2; 1; 1483
INTERNAL; 2; 3; 1; 905; INPUT; 1; 2; 1; 2725
INTERNAL; 4; 5; 1; 1133; INTERNAL; 3; 4; 1; 5393
INTERNAL; 3; 4; 1; 5393; INTERNAL; 2; 3; 1; 5563
INTERNAL; 2; 3; 1; 5563; INPUT; 1; 2; 1; 1974
INTERNAL; 9; 9; 0; 5739; INTERNAL; 8; 8; 0; 5837
INTERNAL; 8; 8; 0; 5837; INTERNAL; 7; 7; 0; 5839
INTERNAL; 7; 7; 0; 5839; INTERNAL; 6; 6; 0; 5841
INTERNAL; 6; 6; 0; 5841; INTERNAL; 5; 5; 0; 2634
INTERNAL; 5; 5; 0; 2634; INTERNAL; 4; 4; 0; 5859
INTERNAL; 4; 4; 0; 5859; INTERNAL; 2; 3; 1; 3731
INTERNAL; 2; 3; 1; 3731; INPUT; 1; 2; 1; 3069
INTERNAL; 2; 3; 1; 3731; INPUT; 1; 2; 1; 2100
INTERNAL; 2; 3; 1; 3731; INPUT; 1; 2; 1; 2006
INTERNAL; 2; 3; 1; 3731; INPUT; 1; 2; 1; 3383
INTERNAL; 6; 6; 0; 5841; INTERNAL; 3; 5; 2; 5854
INTERNAL; 6; 6; 0; 5841; INTERNAL; 4; 5; 1; 5857
INTERNAL; 4; 5; 1; 5857; INTERNAL; 3; 4; 1; 5869
INTERNAL; 3; 4; 1; 5869; INTERNAL; 2; 3; 1; 2656
INTERNAL; 3; 4; 1; 5869; INTERNAL; 2; 3; 1; 5320
INTERNAL; 2; 3; 1; 5320; INPUT; 1; 2; 1; 964
INTERNAL; 7; 7; 0; 5839; INTERNAL; 6; 6; 0; 1965
INTERNAL; 6; 6; 0; 1965; INTERNAL; 2; 5; 3; 4409
INTERNAL; 6; 6; 0; 1965; INTERNAL; 2; 5; 3; 5085
INTERNAL; 6; 6; 0; 1965; INTERNAL; 4; 5; 1; 5848
INTERNAL; 4; 5; 1; 5848; INTERNAL; 3; 4; 1; 1310
INTERNAL; 3; 4; 1; 1310; INTERNAL; 2; 3; 1; 1425
INTERNAL; 2; 3; 1; 1425; INPUT; 1; 2; 1; 5853
INTERNAL; 2; 3; 1; 1425; INPUT; 1; 2; 1; 5852
INTERNAL; 2; 3; 1; 1425; INPUT; 1; 2; 1; 5146
INTERNAL; 4; 5; 1; 5848; INPUT; 1; 4; 3; 2569
INTERNAL; 4; 5; 1; 5848; INPUT; 1; 4; 3; 5107
INTERNAL; 4; 5; 1; 5848; INPUT; 1; 4; 3; 2591
INTERNAL; 4; 5; 1; 5848; INPUT; 1; 4; 3; 1169
INTERNAL; 6; 6; 0; 1965; INTERNAL; 5; 5; 0; 4680
INTERNAL; 5; 5; 0; 4680; INTERNAL; 3; 4; 1; 5849
INTERNAL; 3; 4; 1; 5849; INPUT; 1; 3; 2; 2878
INTERNAL; 3; 4; 1; 5849; INPUT; 1; 3; 2; 2660
INTERNAL; 5; 5; 0; 4680; INTERNAL; 4; 4; 0; 2532
INTERNAL; 4; 4; 0; 2532; INPUT; 1; 3; 2; 1889
INTERNAL; 4; 4; 0; 2532; INPUT; 1; 3; 2; 3372
INTERNAL; 4; 4; 0; 2532; INTERNAL; 3; 3; 0; 2197
INTERNAL; 4; 4; 0; 2532; INPUT; 1; 3; 2; 5850
INTERNAL; 6; 6; 0; 1965; INTERNAL; 2; 5; 3; 5843
INTERNAL; 7; 7; 0; 5839; INTERNAL; 5; 6; 1; 5842
INTERNAL; 5; 6; 1; 5842; INTERNAL; 2; 5; 3; 3464
INTERNAL; 5; 6; 1; 5842; INTERNAL; 4; 5; 1; 1780
INTERNAL; 4; 5; 1; 1780; INTERNAL; 3; 4; 1; 5500
INTERNAL; 4; 5; 1; 1780; INTERNAL; 3; 4; 1; 5872
INTERNAL; 4; 5; 1; 1780; INTERNAL; 2; 4; 2; 1342
INTERNAL; 8; 8; 0; 5837; INTERNAL; 6; 7; 1; 3697
INTERNAL; 6; 7; 1; 3697; INTERNAL; 3; 6; 3; 714
INTERNAL; 3; 6; 3; 714; INTERNAL; 2; 5; 3; 1415
INTERNAL; 3; 6; 3; 714; INTERNAL; 2; 5; 3; 3206
INTERNAL; 2; 5; 3; 3206; INPUT; 1; 4; 3; 791
INTERNAL; 2; 5; 3; 3206; INPUT; 1; 4; 3; 3866
INTERNAL; 6; 7; 1; 3697; INTERNAL; 4; 6; 2; 3732
INTERNAL; 4; 6; 2; 3732; INTERNAL; 3; 5; 2; 5898
INTERNAL; 3; 5; 2; 5898; INTERNAL; 2; 4; 2; 5900
INTERNAL; 4; 6; 2; 3732; INTERNAL; 3; 5; 2; 4685
INTERNAL; 3; 5; 2; 4685; INTERNAL; 2; 4; 2; 5901
INTERNAL; 4; 6; 2; 3732; INTERNAL; 3; 5; 2; 5897
INTERNAL; 3; 5; 2; 5897; INTERNAL; 2; 4; 2; 1240
INTERNAL; 4; 6; 2; 3732; INTERNAL; 2; 5; 3; 2829
INTERNAL; 4; 6; 2; 3732; INTERNAL; 2; 5; 3; 1740
INTERNAL; 2; 5; 3; 1740; INPUT; 1; 4; 3; 2528
INTERNAL; 4; 6; 2; 3732; INTERNAL; 2; 5; 3; 5387
INTERNAL; 6; 7; 1; 3697; INTERNAL; 5; 6; 1; 2703
INTERNAL; 5; 6; 1; 2703; INTERNAL; 2; 5; 3; 2916
INTERNAL; 2; 5; 3; 2916; INPUT; 1; 4; 3; 5104
INTERNAL; 2; 5; 3; 2916; INPUT; 1; 4; 3; 5894
INTERNAL; 2; 5; 3; 2916; INPUT; 1; 4; 3; 5895
INTERNAL; 5; 6; 1; 2703; INPUT; 1; 5; 4; 5707
INTERNAL; 5; 6; 1; 2703; INTERNAL; 2; 5; 3; 1628
INTERNAL; 5; 6; 1; 2703; INTERNAL; 3; 5; 2; 679
INTERNAL; 3; 5; 2; 679; INTERNAL; 2; 4; 2; 5887
INTERNAL; 3; 5; 2; 679; INPUT; 1; 4; 3; 1986
INTERNAL; 5; 6; 1; 2703; INTERNAL; 2; 5; 3; 1844
INTERNAL; 2; 5; 3; 1844; INPUT; 1; 4; 3; 4074
INTERNAL; 5; 6; 1; 2703; INTERNAL; 4; 5; 1; 5883
INTERNAL; 4; 5; 1; 5883; INTERNAL; 3; 4; 1; 4717
INTERNAL; 3; 4; 1; 4717; INTERNAL; 2; 3; 1; 2453
INTERNAL; 11; 11; 0; 5833; INTERNAL; 5; 10; 5; 925
INTERNAL; 5; 10; 5; 925; INTERNAL; 4; 9; 5; 5964
INTERNAL; 4; 9; 5; 5964; INTERNAL; 2; 8; 6; 4523
INTERNAL; 4; 9; 5; 5964; INTERNAL; 3; 8; 5; 4746
INTERNAL; 3; 8; 5; 4746; INTERNAL; 2; 7; 5; 6002
INTERNAL; 3; 8; 5; 4746; INTERNAL; 2; 5; 3; 3147
INTERNAL; 2; 5; 3; 3147; INPUT; 1; 4; 3; 1774
INTERNAL; 2; 5; 3; 3147; INPUT; 1; 4; 3; 4779
INTERNAL; 12; 12; 0; 5682; INTERNAL; 4; 11; 7; 5834
INTERNAL; 4; 11; 7; 5834; INTERNAL; 3; 10; 7; 6012
INTERNAL; 3; 10; 7; 6012; INTERNAL; 2; 5; 3; 661
INTERNAL; 4; 11; 7; 5834; INTERNAL; 2; 5; 3; 4308
INTERNAL; 13; 13; 0; 1618; INTERNAL; 5; 12; 7; 3706
INTERNAL; 5; 12; 7; 3706; INTERNAL; 4; 11; 7; 6016
INTERNAL; 4; 11; 7; 6016; INTERNAL; 2; 10; 8; 6017
INTERNAL; 5; 12; 7; 3706; INTERNAL; 3; 11; 8; 5617
INTERNAL; 13; 13; 0; 1618; INTERNAL; 5; 12; 7; 2092
INTERNAL; 5; 12; 7; 2092; INTERNAL; 4; 11; 7; 6013
INTERNAL; 4; 11; 7; 6013; INTERNAL; 3; 10; 7; 6015
INTERNAL; 3; 10; 7; 6015; INTERNAL; 2; 7; 5; 4854
INTERNAL; 5; 12; 7; 2092; INTERNAL; 4; 11; 7; 2099
INTERNAL; 4; 11; 7; 2099; INTERNAL; 2; 10; 8; 1723
INTERNAL; 5; 12; 7; 2092; INTERNAL; 2; 6; 4; 2033
INTERNAL; 5; 12; 7; 2092; INTERNAL; 2; 5; 3; 3116
UNKNOWN; -1; -1; -1; -1; OUTPUT; 16; 20; 4; 3817
OUTPUT; 16; 20; 4; 3817; INTERNAL; 15; 19; 4; 4790
UNKNOWN; -1; -1; -1; -1; OUTPUT; 14; 20; 6; 35
OUTPUT; 14; 20; 6; 35; INTERNAL; 13; 19; 6; 5907
INTERNAL; 13; 19; 6; 5907; INTERNAL; 5; 13; 8; 1436
INTERNAL; 5; 13; 8; 1436; INTERNAL; 4; 12; 8; 886
INTERNAL; 4; 12; 8; 886; INTERNAL; 2; 11; 9; 6053
INTERNAL; 4; 12; 8; 886; INTERNAL; 3; 11; 8; 5517
INTERNAL; 3; 11; 8; 5517; INTERNAL; 2; 5; 3; 3366
INTERNAL; 3; 11; 8; 5517; INPUT; 1; 10; 9; 633
INTERNAL; 3; 11; 8; 5517; INPUT; 1; 10; 9; 1845
INTERNAL; 3; 11; 8; 5517; INPUT; 1; 10; 9; 882
INTERNAL; 3; 11; 8; 5517; INPUT; 1; 10; 9; 881
INTERNAL; 5; 13; 8; 1436; INTERNAL; 2; 5; 3; 2743
INTERNAL; 5; 13; 8; 1436; INTERNAL; 3; 12; 9; 2807
INTERNAL; 3; 12; 9; 2807; INTERNAL; 2; 7; 5; 1285
INTERNAL; 13; 19; 6; 5907; INTERNAL; 6; 13; 7; 1439
INTERNAL; 6; 13; 7; 1439; INTERNAL; 3; 12; 9; 2776
INTERNAL; 3; 12; 9; 2776; INPUT; 1; 11; 10; 1884
INTERNAL; 3; 12; 9; 2776; INPUT; 1; 11; 10; 1832
INTERNAL; 3; 12; 9; 2776; INPUT; 1; 11; 10; 897
INTERNAL; 3; 12; 9; 2776; INPUT; 1; 11; 10; 657
INTERNAL; 6; 13; 7; 1439; INTERNAL; 5; 12; 7; 4112
INTERNAL; 5; 12; 7; 4112; INTERNAL; 4; 11; 7; 2883
INTERNAL; 4; 11; 7; 2883; INTERNAL; 3; 7; 4; 4522
INTERNAL; 6; 13; 7; 1439; INTERNAL; 3; 12; 9; 908
INTERNAL; 3; 12; 9; 908; INPUT; 1; 6; 5; 3797
INTERNAL; 3; 12; 9; 908; INTERNAL; 2; 7; 5; 928
INTERNAL; 3; 12; 9; 908; INPUT; 1; 4; 3; 2871
INTERNAL; 3; 12; 9; 908; INPUT; 1; 6; 5; 3752
INTERNAL; 3; 12; 9; 908; INPUT; 1; 4; 3; 3642
INTERNAL; 13; 19; 6; 5907; INTERNAL; 12; 13; 1; 1768
INTERNAL; 12; 13; 1; 1768; INTERNAL; 5; 12; 7; 1434
INTERNAL; 5; 12; 7; 1434; INTERNAL; 4; 11; 7; 3440
INTERNAL; 4; 11; 7; 3440; INTERNAL; 2; 6; 4; 2648
INTERNAL; 4; 11; 7; 3440; INTERNAL; 3; 10; 7; 1968
INTERNAL; 3; 10; 7; 1968; INPUT; 1; 5; 4; 1108
INTERNAL; 3; 10; 7; 1968; INPUT; 1; 5; 4; 949
INTERNAL; 3; 10; 7; 1968; INPUT; 1; 5; 4; 4526
INTERNAL; 3; 10; 7; 1968; INPUT; 1; 8; 7; 950
INTERNAL; 5; 12; 7; 1434; INTERNAL; 4; 11; 7; 927
INTERNAL; 4; 11; 7; 927; INTERNAL; 2; 10; 8; 3094
INTERNAL; 2; 10; 8; 3094; INPUT; 1; 4; 3; 1265
INTERNAL; 12; 13; 1; 1768; INTERNAL; 4; 12; 8; 2740
INTERNAL; 4; 12; 8; 2740; INTERNAL; 2; 7; 5; 3684
INTERNAL; 4; 12; 8; 2740; INTERNAL; 3; 11; 8; 923
INTERNAL; 3; 11; 8; 923; INTERNAL; 2; 5; 3; 1313
INTERNAL; 2; 5; 3; 1313; INPUT; 1; 4; 3; 1339
INTERNAL; 4; 12; 8; 2740; INTERNAL; 2; 5; 3; 1084
INTERNAL; 2; 5; 3; 1084; INPUT; 1; 4; 3; 1078
INTERNAL; 2; 5; 3; 1084; INPUT; 1; 4; 3; 2866
INTERNAL; 2; 5; 3; 1084; INPUT; 1; 4; 3; 3353
INTERNAL; 2; 5; 3; 1084; INPUT; 1; 4; 3; 2322
INTERNAL; 4; 12; 8; 2740; INTERNAL; 3; 8; 5; 922
INTERNAL; 12; 13; 1; 1768; INTERNAL; 11; 12; 1; 3138
INTERNAL; 11; 12; 1; 3138; INTERNAL; 5; 11; 6; 3159
INTERNAL; 5; 11; 6; 3159; INTERNAL; 3; 10; 7; 948
INTERNAL; 3; 10; 7; 948; INTERNAL; 2; 9; 7; 1034
INTERNAL; 5; 11; 6; 3159; INTERNAL; 4; 7; 3; 947
INTERNAL; 4; 7; 3; 947; INTERNAL; 3; 6; 3; 1300
INTERNAL; 3; 6; 3; 1300; INPUT; 1; 5; 4; 5319
INTERNAL; 5; 11; 6; 3159; INTERNAL; 3; 7; 4; 2158
INTERNAL; 5; 11; 6; 3159; INTERNAL; 3; 10; 7; 944
INTERNAL; 3; 10; 7; 944; INTERNAL; 2; 5; 3; 2641
INTERNAL; 5; 11; 6; 3159; INTERNAL; 2; 7; 5; 5291
INTERNAL; 11; 12; 1; 3138; INTERNAL; 8; 11; 3; 1676
INTERNAL; 8; 11; 3; 1676; INTERNAL; 7; 10; 3; 1299
INTERNAL; 7; 10; 3; 1299; INTERNAL; 3; 8; 5; 3360
INTERNAL; 3; 8; 5; 3360; INTERNAL; 2; 6; 4; 4827
INTERNAL; 3; 8; 5; 3360; INTERNAL; 2; 4; 2; 3174
INTERNAL; 7; 10; 3; 1299; INTERNAL; 5; 9; 4; 1040
INTERNAL; 5; 9; 4; 1040; INTERNAL; 4; 8; 4; 4705
INTERNAL; 4; 8; 4; 4705; INTERNAL; 3; 7; 4; 999
INTERNAL; 3; 7; 4; 999; INTERNAL; 2; 6; 4; 1147
INTERNAL; 4; 8; 4; 4705; INTERNAL; 2; 7; 5; 3485
INTERNAL; 5; 9; 4; 1040; INTERNAL; 3; 8; 5; 3164
INTERNAL; 3; 8; 5; 3164; INTERNAL; 2; 7; 5; 988
INTERNAL; 3; 8; 5; 3164; INTERNAL; 2; 7; 5; 799
INTERNAL; 5; 9; 4; 1040; INTERNAL; 3; 8; 5; 4502
INTERNAL; 7; 10; 3; 1299; INTERNAL; 6; 9; 3; 1041
INTERNAL; 6; 9; 3; 1041; INTERNAL; 5; 8; 3; 2617
INTERNAL; 5; 8; 3; 2617; INPUT; 1; 5; 4; 4266
INTERNAL; 5; 8; 3; 2617; INTERNAL; 4; 7; 3; 1027
INTERNAL; 4; 7; 3; 1027; INTERNAL; 2; 6; 4; 4991
INTERNAL; 4; 7; 3; 1027; INTERNAL; 3; 5; 2; 3227
INTERNAL; 4; 7; 3; 1027; INTERNAL; 2; 6; 4; 1019
INTERNAL; 6; 9; 3; 1041; INTERNAL; 5; 8; 3; 1039
INTERNAL; 5; 8; 3; 1039; INTERNAL; 2; 7; 5; 4729
INTERNAL; 2; 7; 5; 4729; INPUT; 1; 5; 4; 3041
INTERNAL; 2; 7; 5; 4729; INPUT; 1; 5; 4; 3036
INTERNAL; 2; 7; 5; 4729; INPUT; 1; 5; 4; 693
INTERNAL; 5; 8; 3; 1039; INTERNAL; 3; 7; 4; 1037
INTERNAL; 5; 8; 3; 1039; INTERNAL; 4; 7; 3; 2581
INTERNAL; 4; 7; 3; 2581; INTERNAL; 2; 6; 4; 4115
INTERNAL; 4; 7; 3; 2581; INTERNAL; 3; 6; 3; 3424
INTERNAL; 3; 6; 3; 3424; INTERNAL; 2; 5; 3; 3455
INTERNAL; 6; 9; 3; 1041; INTERNAL; 4; 8; 4; 1038
INTERNAL; 4; 8; 4; 1038; INTERNAL; 2; 7; 5; 2937
INTERNAL; 4; 8; 4; 1038; INTERNAL; 3; 7; 4; 2071
INTERNAL; 4; 8; 4; 1038; INTERNAL; 2; 7; 5; 3019
INTERNAL; 8; 11; 3; 1676; INTERNAL; 4; 10; 6; 5376
INTERNAL; 4; 10; 6; 5376; INTERNAL; 3; 9; 6; 2443
INTERNAL; 3; 9; 6; 2443; INTERNAL; 2; 8; 6; 752
INTERNAL; 2; 8; 6; 752; INPUT; 1; 5; 4; 2244
INTERNAL; 2; 8; 6; 752; INPUT; 1; 5; 4; 3457
INTERNAL; 2; 8; 6; 752; INPUT; 1; 6; 5; 2409
INTERNAL; 2; 8; 6; 752; INPUT; 1; 5; 4; 1182
INTERNAL; 4; 10; 6; 5376; INTERNAL; 2; 7; 5; 3965
INTERNAL; 2; 7; 5; 3965; INPUT; 1; 4; 3; 2425
INTERNAL; 4; 10; 6; 5376; INTERNAL; 2; 9; 7; 4050
INTERNAL; 8; 11; 3; 1676; INTERNAL; 5; 10; 5; 2401
INTERNAL; 5; 10; 5; 2401; INTERNAL; 2; 7; 5; 3516
INTERNAL; 5; 10; 5; 2401; INTERNAL; 3; 9; 6; 5044
INTERNAL; 5; 10; 5; 2401; INTERNAL; 2; 7; 5; 2665
INTERNAL; 5; 10; 5; 2401; INTERNAL; 2; 5; 3; 983
INTERNAL; 5; 10; 5; 2401; INTERNAL; 4; 9; 5; 1013
INTERNAL; 4; 9; 5; 1013; INTERNAL; 3; 7; 4; 977
INTERNAL; 3; 7; 4; 977; INTERNAL; 2; 6; 4; 3942
INTERNAL; 5; 10; 5; 2401; INTERNAL; 3; 9; 6; 2361
INTERNAL; 11; 12; 1; 3138; INTERNAL; 10; 11; 1; 2872
INTERNAL; 10; 11; 1; 2872; INTERNAL; 4; 10; 6; 1428
INTERNAL; 4; 10; 6; 1428; INTERNAL; 2; 7; 5; 1940
INTERNAL; 4; 10; 6; 1428; INTERNAL; 3; 9; 6; 1829
INTERNAL; 3; 9; 6; 1829; INTERNAL; 2; 6; 4; 1266
INTERNAL; 4; 10; 6; 1428; INTERNAL; 3; 9; 6; 2131
INTERNAL; 3; 9; 6; 2131; INTERNAL; 2; 5; 3; 3657
INTERNAL; 10; 11; 1; 2872; INTERNAL; 9; 10; 1; 1430
INTERNAL; 9; 10; 1; 1430; INTERNAL; 5; 9; 4; 2953
INTERNAL; 5; 9; 4; 2953; INTERNAL; 3; 8; 5; 1077
INTERNAL; 3; 8; 5; 1077; INTERNAL; 2; 7; 5; 1060
INTERNAL; 5; 9; 4; 2953; INTERNAL; 3; 8; 5; 1107
INTERNAL; 3; 8; 5; 1107; INTERNAL; 2; 7; 5; 1061
INTERNAL; 2; 7; 5; 1061; INPUT; 1; 4; 3; 3031
INTERNAL; 5; 9; 4; 2953; INTERNAL; 4; 8; 4; 1075
INTERNAL; 4; 8; 4; 1075; INTERNAL; 3; 7; 4; 4049
INTERNAL; 3; 7; 4; 4049; INTERNAL; 2; 4; 2; 1191
INTERNAL; 3; 7; 4; 4049; INTERNAL; 2; 4; 2; 4842
INTERNAL; 4; 8; 4; 1075; INTERNAL; 2; 7; 5; 2418
INTERNAL; 4; 8; 4; 1075; INTERNAL; 2; 7; 5; 1073
INTERNAL; 5; 9; 4; 2953; INTERNAL; 2; 7; 5; 5475
INTERNAL; 9; 10; 1; 1430; INTERNAL; 4; 9; 5; 1458
INTERNAL; 4; 9; 5; 1458; INTERNAL; 2; 7; 5; 1193
INTERNAL; 4; 9; 5; 1458; INTERNAL; 3; 8; 5; 3656
INTERNAL; 3; 8; 5; 3656; INTERNAL; 2; 6; 4; 1849
INTERNAL; 4; 9; 5; 1458; INTERNAL; 2; 5; 3; 3624
INTERNAL; 9; 10; 1; 1430; INTERNAL; 8; 9; 1; 1806
INTERNAL; 8; 9; 1; 1806; INTERNAL; 6; 8; 2; 1739
INTERNAL; 6; 8; 2; 1739; INTERNAL; 5; 7; 2; 1711
INTERNAL; 5; 7; 2; 1711; INTERNAL; 4; 6; 2; 1109
INTERNAL; 4; 6; 2; 1109; INTERNAL; 3; 5; 2; 2853
INTERNAL; 4; 6; 2; 1109; INTERNAL; 2; 5; 3; 5561
INTERNAL; 4; 6; 2; 1109; INTERNAL; 2; 5; 3; 708
INTERNAL; 5; 7; 2; 1711; INTERNAL; 2; 6; 4; 1112
INTERNAL; 5; 7; 2; 1711; INTERNAL; 2; 6; 4; 4233
INTERNAL; 6; 8; 2; 1739; INTERNAL; 4; 7; 3; 3805
INTERNAL; 4; 7; 3; 3805; INTERNAL; 3; 6; 3; 5661
INTERNAL; 3; 6; 3; 5661; INTERNAL; 2; 5; 3; 1639
INTERNAL; 4; 7; 3; 3805; INTERNAL; 3; 6; 3; 2444
INTERNAL; 3; 6; 3; 2444; INTERNAL; 2; 5; 3; 1515
INTERNAL; 6; 8; 2; 1739; INTERNAL; 4; 7; 3; 979
INTERNAL; 4; 7; 3; 979; INTERNAL; 3; 6; 3; 5673
INTERNAL; 8; 9; 1; 1806; INTERNAL; 7; 8; 1; 1278
INTERNAL; 7; 8; 1; 1278; INTERNAL; 4; 7; 3; 1179
INTERNAL; 4; 7; 3; 1179; INTERNAL; 2; 5; 3; 4042
INTERNAL; 4; 7; 3; 1179; INTERNAL; 3; 6; 3; 1566
INTERNAL; 4; 7; 3; 1179; INTERNAL; 3; 6; 3; 5496
INTERNAL; 7; 8; 1; 1278; INTERNAL; 6; 7; 1; 2679
INTERNAL; 6; 7; 1; 2679; INTERNAL; 5; 6; 1; 1177
INTERNAL; 5; 6; 1; 1177; INTERNAL; 4; 5; 1; 1365
INTERNAL; 4; 5; 1; 1365; INTERNAL; 3; 4; 1; 3494
INTERNAL; 5; 6; 1; 1177; INTERNAL; 2; 5; 3; 854
INTERNAL; 6; 7; 1; 2679; INTERNAL; 4; 6; 2; 2083
INTERNAL; 4; 6; 2; 2083; INTERNAL; 3; 5; 2; 2905
INTERNAL; 3; 5; 2; 2905; INTERNAL; 2; 4; 2; 1748
INTERNAL; 4; 6; 2; 2083; INTERNAL; 3; 5; 2; 3107
INTERNAL; 3; 5; 2; 3107; INPUT; 1; 4; 3; 1279
INTERNAL; 3; 5; 2; 3107; INTERNAL; 2; 4; 2; 1160
INTERNAL; 7; 8; 1; 1278; INTERNAL; 5; 7; 2; 2809
INTERNAL; 5; 7; 2; 2809; INTERNAL; 3; 6; 3; 2894
INTERNAL; 5; 7; 2; 2809; INTERNAL; 3; 6; 3; 1591
INTERNAL; 3; 6; 3; 1591; INTERNAL; 2; 5; 3; 1143
INTERNAL; 5; 7; 2; 2809; INTERNAL; 3; 6; 3; 1155
INTERNAL; 5; 7; 2; 2809; INTERNAL; 4; 6; 2; 2636
INTERNAL; 4; 6; 2; 2636; INPUT; 1; 5; 4; 1149
INTERNAL; 4; 6; 2; 2636; INPUT; 1; 5; 4; 3242
INTERNAL; 4; 6; 2; 2636; INPUT; 1; 5; 4; 1148
INTERNAL; 4; 6; 2; 2636; INPUT; 1; 5; 4; 821
INTERNAL; 4; 6; 2; 2636; INTERNAL; 3; 5; 2; 1981
INTERNAL; 10; 11; 1; 2872; INTERNAL; 9; 10; 1; 1431
INTERNAL; 9; 10; 1; 1431; INTERNAL; 5; 9; 4; 2364
INTERNAL; 5; 9; 4; 2364; INTERNAL; 3; 8; 5; 1926
INTERNAL; 5; 9; 4; 2364; INTERNAL; 4; 8; 4; 3175
INTERNAL; 5; 9; 4; 2364; INTERNAL; 2; 7; 5; 3783
INTERNAL; 5; 9; 4; 2364; INPUT; 1; 4; 3; 2015
INTERNAL; 9; 10; 1; 1431; INTERNAL; 8; 9; 1; 2542
INTERNAL; 8; 9; 1; 2542; INTERNAL; 7; 8; 1; 1424
INTERNAL; 7; 8; 1; 1424; INTERNAL; 5; 7; 2; 1767
INTERNAL; 5; 7; 2; 1767; INTERNAL; 4; 6; 2; 1357
INTERNAL; 4; 6; 2; 1357; INTERNAL; 2; 5; 3; 2349
INTERNAL; 4; 6; 2; 1357; INTERNAL; 3; 5; 2; 1331
INTERNAL; 4; 6; 2; 1357; INTERNAL; 2; 5; 3; 1333
INTERNAL; 5; 7; 2; 1767; INTERNAL; 3; 6; 3; 3364
INTERNAL; 3; 6; 3; 3364; INTERNAL; 2; 4; 2; 1021
INTERNAL; 5; 7; 2; 1767; INTERNAL; 4; 6; 2; 6054
INTERNAL; 7; 8; 1; 1424; INTERNAL; 5; 7; 2; 1417
INTERNAL; 5; 7; 2; 1417; INTERNAL; 3; 6; 3; 5554
INTERNAL; 3; 6; 3; 5554; INTERNAL; 2; 5; 3; 3168
INTERNAL; 5; 7; 2; 1417; INTERNAL; 4; 6; 2; 1309
INTERNAL; 4; 6; 2; 1309; INTERNAL; 3; 5; 2; 2659
INTERNAL; 3; 5; 2; 2659; INTERNAL; 2; 4; 2; 1282
INTERNAL; 3; 5; 2; 2659; INTERNAL; 2; 4; 2; 2287
INTERNAL; 2; 4; 2; 2287; INPUT; 1; 3; 2; 3170
INTERNAL; 4; 6; 2; 1309; INTERNAL; 2; 5; 3; 1293
INTERNAL; 4; 6; 2; 1309; INTERNAL; 2; 5; 3; 5164
INTERNAL; 5; 7; 2; 1417; INTERNAL; 4; 6; 2; 2875
INTERNAL; 4; 6; 2; 2875; INTERNAL; 2; 5; 3; 1305
INTERNAL; 7; 8; 1; 1424; INTERNAL; 6; 7; 1; 1419
INTERNAL; 6; 7; 1; 1419; INTERNAL; 3; 6; 3; 1410
INTERNAL; 6; 7; 1; 1419; INTERNAL; 5; 6; 1; 1664
INTERNAL; 5; 6; 1; 1664; INTERNAL; 2; 5; 3; 4236
INTERNAL; 2; 5; 3; 4236; INPUT; 1; 4; 3; 3384
INTERNAL; 5; 6; 1; 1664; INTERNAL; 4; 5; 1; 1406
INTERNAL; 4; 5; 1; 1406; INTERNAL; 2; 4; 2; 2896
INTERNAL; 4; 5; 1; 1406; INTERNAL; 3; 4; 1; 2396
INTERNAL; 6; 7; 1; 1419; INTERNAL; 3; 6; 3; 1407
INTERNAL; 3; 6; 3; 1407; INTERNAL; 2; 5; 3; 798
INTERNAL; 8; 9; 1; 2542; INTERNAL; 6; 8; 2; 2513
INTERNAL; 6; 8; 2; 2513; INTERNAL; 4; 7; 3; 3997
INTERNAL; 4; 7; 3; 3997; INTERNAL; 3; 6; 3; 2523
INTERNAL; 4; 7; 3; 3997; INTERNAL; 3; 6; 3; 5579
INTERNAL; 6; 8; 2; 2513; INTERNAL; 5; 7; 2; 1596
INTERNAL; 5; 7; 2; 1596; INTERNAL; 3; 6; 3; 1270
INTERNAL; 5; 7; 2; 1596; INTERNAL; 3; 6; 3; 1905
INTERNAL; 5; 7; 2; 1596; INTERNAL; 4; 6; 2; 1569
INTERNAL; 4; 6; 2; 1569; INTERNAL; 3; 5; 2; 1653
INTERNAL; 5; 7; 2; 1596; INTERNAL; 2; 5; 3; 3739
INTERNAL; 2; 5; 3; 3739; INPUT; 1; 4; 3; 3984
INTERNAL; 2; 5; 3; 3739; INPUT; 1; 4; 3; 1496
INTERNAL; 2; 5; 3; 3739; INPUT; 1; 4; 3; 2338
INTERNAL; 9; 10; 1; 1431; INTERNAL; 7; 9; 2; 1701
INTERNAL; 7; 9; 2; 1701; INTERNAL; 6; 8; 2; 1466
INTERNAL; 6; 8; 2; 1466; INTERNAL; 5; 7; 2; 907
INTERNAL; 5; 7; 2; 907; INTERNAL; 4; 6; 2; 2928
INTERNAL; 4; 6; 2; 2928; INTERNAL; 3; 5; 2; 6033
INTERNAL; 3; 5; 2; 6033; INTERNAL; 2; 4; 2; 1020
INTERNAL; 3; 5; 2; 6033; INTERNAL; 2; 4; 2; 3445
INTERNAL; 4; 6; 2; 2928; INTERNAL; 2; 5; 3; 753
INTERNAL; 5; 7; 2; 907; INTERNAL; 2; 5; 3; 3399
INTERNAL; 2; 5; 3; 3399; INPUT; 1; 3; 2; 1196
INTERNAL; 2; 5; 3; 3399; INPUT; 1; 3; 2; 1012
INTERNAL; 2; 5; 3; 3399; INPUT; 1; 3; 2; 1201
INTERNAL; 2; 5; 3; 3399; INPUT; 1; 3; 2; 2667
INTERNAL; 6; 8; 2; 1466; INTERNAL; 5; 7; 2; 1854
INTERNAL; 5; 7; 2; 1854; INTERNAL; 4; 6; 2; 1211
INTERNAL; 4; 6; 2; 1211; INTERNAL; 3; 5; 2; 2370
INTERNAL; 4; 6; 2; 1211; INTERNAL; 3; 5; 2; 1750
INTERNAL; 3; 5; 2; 1750; INTERNAL; 2; 4; 2; 3937
INTERNAL; 3; 5; 2; 1750; INTERNAL; 2; 4; 2; 3863
INTERNAL; 6; 8; 2; 1466; INTERNAL; 5; 7; 2; 2272
INTERNAL; 5; 7; 2; 2272; INTERNAL; 2; 6; 4; 1223
INTERNAL; 5; 7; 2; 2272; INTERNAL; 3; 6; 3; 5654
INTERNAL; 3; 6; 3; 5654; INTERNAL; 2; 5; 3; 3526
INTERNAL; 5; 7; 2; 2272; INTERNAL; 4; 6; 2; 1224
INTERNAL; 4; 6; 2; 1224; INTERNAL; 3; 5; 2; 3381
INTERNAL; 3; 5; 2; 3381; INTERNAL; 2; 4; 2; 1218
INTERNAL; 5; 7; 2; 2272; INTERNAL; 3; 6; 3; 1477
INTERNAL; 3; 6; 3; 1477; INTERNAL; 2; 5; 3; 1216
INTERNAL; 7; 9; 2; 1701; INTERNAL; 4; 8; 4; 1225
INTERNAL; 4; 8; 4; 1225; INTERNAL; 3; 7; 4; 2241
INTERNAL; 3; 7; 4; 2241; INTERNAL; 2; 6; 4; 1189
INTERNAL; 4; 8; 4; 1225; INTERNAL; 3; 7; 4; 1195
INTERNAL; 3; 7; 4; 1195; INTERNAL; 2; 6; 4; 1340
INTERNAL; 3; 7; 4; 1195; INTERNAL; 2; 6; 4; 913
UNKNOWN; -1; -1; -1; -1; OUTPUT; 16; 20; 4; 3893
OUTPUT; 16; 20; 4; 3893; INTERNAL; 15; 19; 4; 4761
UNKNOWN; -1; -1; -1; -1; OUTPUT; 19; 20; 1; 1121
OUTPUT; 19; 20; 1; 1121; INTERNAL; 18; 19; 1; 252
INTERNAL; 18; 19; 1; 252; INTERNAL; 17; 18; 1; 4505
INTERNAL; 17; 18; 1; 4505; INTERNAL; 16; 17; 1; 2093
INTERNAL; 16; 17; 1; 2093; INTERNAL; 12; 16; 4; 3136
INTERNAL; 12; 16; 4; 3136; INTERNAL; 11; 15; 4; 3944
INTERNAL; 11; 15; 4; 3944; INTERNAL; 10; 14; 4; 993
INTERNAL; 10; 14; 4; 993; INTERNAL; 9; 13; 4; 265
INTERNAL; 9; 13; 4; 265; INTERNAL; 5; 10; 5; 935
INTERNAL; 5; 10; 5; 935; INTERNAL; 4; 8; 4; 298
INTERNAL; 4; 8; 4; 298; INTERNAL; 3; 7; 4; 362
INTERNAL; 3; 7; 4; 362; INTERNAL; 2; 6; 4; 358
INTERNAL; 4; 8; 4; 298; INTERNAL; 2; 6; 4; 401
INTERNAL; 2; 6; 4; 401; INPUT; 1; 3; 2; 3311
INTERNAL; 2; 6; 4; 401; INPUT; 1; 3; 2; 5339
INTERNAL; 2; 6; 4; 401; INPUT; 1; 3; 2; 1919
INTERNAL; 2; 6; 4; 401; INPUT; 1; 3; 2; 3158
INTERNAL; 5; 10; 5; 935; INTERNAL; 4; 8; 4; 3700
INTERNAL; 4; 8; 4; 3700; INTERNAL; 3; 7; 4; 297
INTERNAL; 3; 7; 4; 297; INTERNAL; 2; 6; 4; 352
INTERNAL; 2; 6; 4; 352; INPUT; 1; 5; 4; 629
INTERNAL; 2; 6; 4; 352; INPUT; 1; 5; 4; 3931
INTERNAL; 2; 6; 4; 352; INPUT; 1; 5; 4; 3604
INTERNAL; 4; 8; 4; 3700; INTERNAL; 2; 5; 3; 447
INTERNAL; 5; 10; 5; 935; INTERNAL; 3; 8; 5; 4814
INTERNAL; 3; 8; 5; 4814; INTERNAL; 2; 5; 3; 5259
INTERNAL; 2; 5; 3; 5259; INPUT; 1; 4; 3; 4261
INTERNAL; 2; 5; 3; 5259; INPUT; 1; 4; 3; 4397
INTERNAL; 2; 5; 3; 5259; INPUT; 1; 4; 3; 3868
INTERNAL; 2; 5; 3; 5259; INPUT; 1; 4; 3; 3872
INTERNAL; 3; 8; 5; 4814; INTERNAL; 2; 5; 3; 5298
INTERNAL; 9; 13; 4; 265; INTERNAL; 7; 10; 3; 5770
INTERNAL; 7; 10; 3; 5770; INTERNAL; 5; 9; 4; 301
INTERNAL; 7; 10; 3; 5770; INTERNAL; 6; 9; 3; 303
INTERNAL; 6; 9; 3; 303; INTERNAL; 5; 7; 2; 412
INTERNAL; 5; 7; 2; 412; INTERNAL; 4; 6; 2; 1541
INTERNAL; 4; 6; 2; 1541; INTERNAL; 3; 5; 2; 400
INTERNAL; 3; 5; 2; 400; INTERNAL; 2; 4; 2; 399
INTERNAL; 3; 5; 2; 400; INTERNAL; 2; 4; 2; 398
INTERNAL; 4; 6; 2; 1541; INTERNAL; 2; 5; 3; 1757
INTERNAL; 4; 6; 2; 1541; INTERNAL; 2; 5; 3; 1346
INTERNAL; 2; 5; 3; 1346; INPUT; 1; 4; 3; 3020
INTERNAL; 2; 5; 3; 1346; INPUT; 1; 4; 3; 2820
INTERNAL; 5; 7; 2; 412; INTERNAL; 2; 6; 4; 403
INTERNAL; 5; 7; 2; 412; INTERNAL; 2; 6; 4; 3248
INTERNAL; 5; 7; 2; 412; INTERNAL; 3; 6; 3; 402
INTERNAL; 6; 9; 3; 303; INTERNAL; 5; 7; 2; 413
INTERNAL; 5; 7; 2; 413; INTERNAL; 3; 6; 3; 408
INTERNAL; 3; 6; 3; 408; INTERNAL; 2; 5; 3; 5523
INTERNAL; 5; 7; 2; 413; INTERNAL; 2; 6; 4; 406
INTERNAL; 2; 6; 4; 406; INPUT; 1; 5; 4; 865
INTERNAL; 5; 7; 2; 413; INTERNAL; 4; 6; 2; 407
INTERNAL; 4; 6; 2; 407; INTERNAL; 2; 5; 3; 405
INTERNAL; 6; 9; 3; 303; INTERNAL; 5; 7; 2; 736
INTERNAL; 5; 7; 2; 736; INTERNAL; 2; 6; 4; 3208
INTERNAL; 5; 7; 2; 736; INTERNAL; 3; 6; 3; 2109
INTERNAL; 3; 6; 3; 2109; INTERNAL; 2; 5; 3; 410
INTERNAL; 5; 7; 2; 736; INTERNAL; 3; 6; 3; 411
INTERNAL; 5; 7; 2; 736; INTERNAL; 2; 6; 4; 4256
INTERNAL; 2; 6; 4; 4256; INPUT; 1; 5; 4; 2568
INTERNAL; 5; 7; 2; 736; INTERNAL; 3; 6; 3; 5965
INTERNAL; 3; 6; 3; 5965; INTERNAL; 2; 5; 3; 2053
INTERNAL; 5; 7; 2; 736; INTERNAL; 4; 6; 2; 561
INTERNAL; 7; 10; 3; 5770; INTERNAL; 6; 9; 3; 302
INTERNAL; 6; 9; 3; 302; INTERNAL; 3; 8; 5; 299
INTERNAL; 3; 8; 5; 299; INTERNAL; 2; 6; 4; 1794
INTERNAL; 3; 8; 5; 299; INTERNAL; 2; 5; 3; 1920
INTERNAL; 3; 8; 5; 299; INTERNAL; 2; 5; 3; 474
INTERNAL; 6; 9; 3; 302; INTERNAL; 5; 8; 3; 436
INTERNAL; 5; 8; 3; 436; INTERNAL; 4; 7; 3; 2926
INTERNAL; 4; 7; 3; 2926; INPUT; 1; 4; 3; 4867
INTERNAL; 4; 7; 3; 2926; INPUT; 1; 4; 3; 1590
INTERNAL; 4; 7; 3; 2926; INTERNAL; 3; 6; 3; 364
INTERNAL; 3; 6; 3; 364; INTERNAL; 2; 5; 3; 455
INTERNAL; 4; 7; 3; 2926; INPUT; 1; 4; 3; 995
INTERNAL; 4; 7; 3; 2926; INPUT; 1; 4; 3; 6018
INTERNAL; 5; 8; 3; 436; INTERNAL; 2; 7; 5; 404
INTERNAL; 6; 9; 3; 302; INTERNAL; 4; 8; 4; 300
INTERNAL; 4; 8; 4; 300; INTERNAL; 3; 7; 4; 388
INTERNAL; 3; 7; 4; 388; INTERNAL; 2; 6; 4; 3989
INTERNAL; 4; 8; 4; 300; INTERNAL; 3; 5; 2; 973
INTERNAL; 3; 5; 2; 973; INTERNAL; 2; 4; 2; 5350
INTERNAL; 9; 13; 4; 265; INTERNAL; 8; 10; 2; 279
INTERNAL; 8; 10; 2; 279; INTERNAL; 6; 9; 3; 321
INTERNAL; 6; 9; 3; 321; INTERNAL; 5; 7; 2; 456
INTERNAL; 5; 7; 2; 456; INTERNAL; 3; 6; 3; 2550
INTERNAL; 3; 6; 3; 2550; INPUT; 1; 5; 4; 453
INTERNAL; 3; 6; 3; 2550; INTERNAL; 2; 5; 3; 452
INTERNAL; 5; 7; 2; 456; INTERNAL; 4; 6; 2; 3803
INTERNAL; 4; 6; 2; 3803; INTERNAL; 3; 5; 2; 454
INTERNAL; 6; 9; 3; 321; INTERNAL; 5; 7; 2; 2292
INTERNAL; 5; 7; 2; 2292; INTERNAL; 3; 6; 3; 450
INTERNAL; 3; 6; 3; 450; INTERNAL; 2; 5; 3; 4056
INTERNAL; 3; 6; 3; 450; INTERNAL; 2; 4; 2; 5338
INTERNAL; 5; 7; 2; 2292; INTERNAL; 4; 6; 2; 3407
INTERNAL; 4; 6; 2; 3407; INTERNAL; 2; 5; 3; 448
INTERNAL; 4; 6; 2; 3407; INTERNAL; 2; 5; 3; 3473
INTERNAL; 2; 5; 3; 3473; INPUT; 1; 4; 3; 2817
INTERNAL; 2; 5; 3; 3473; INPUT; 1; 4; 3; 3215
INTERNAL; 2; 5; 3; 3473; INPUT; 1; 4; 3; 4555
INTERNAL; 2; 5; 3; 3473; INPUT; 1; 4; 3; 3002
INTERNAL; 4; 6; 2; 3407; INTERNAL; 3; 5; 2; 449
INTERNAL; 5; 7; 2; 2292; INTERNAL; 3; 6; 3; 451
INTERNAL; 6; 9; 3; 321; INTERNAL; 4; 7; 3; 5599
INTERNAL; 4; 7; 3; 5599; INTERNAL; 2; 6; 4; 444
INTERNAL; 4; 7; 3; 5599; INTERNAL; 3; 6; 3; 3449
INTERNAL; 3; 6; 3; 3449; INTERNAL; 2; 5; 3; 476
INTERNAL; 3; 6; 3; 3449; INTERNAL; 2; 5; 3; 442
INTERNAL; 3; 6; 3; 3449; INTERNAL; 2; 5; 3; 441
INTERNAL; 3; 6; 3; 3449; INTERNAL; 2; 5; 3; 4320
INTERNAL; 4; 7; 3; 5599; INTERNAL; 2; 6; 4; 446
INTERNAL; 4; 7; 3; 5599; INTERNAL; 2; 6; 4; 5751
INTERNAL; 4; 7; 3; 5599; INTERNAL; 2; 6; 4; 443
INTERNAL; 8; 10; 2; 279; INTERNAL; 6; 9; 3; 322
INTERNAL; 6; 9; 3; 322; INTERNAL; 3; 8; 5; 320
INTERNAL; 3; 8; 5; 320; INTERNAL; 2; 7; 5; 347
INTERNAL; 2; 7; 5; 347; INPUT; 1; 6; 5; 345
INTERNAL; 6; 9; 3; 322; INTERNAL; 3; 8; 5; 319
INTERNAL; 6; 9; 3; 322; INTERNAL; 5; 8; 3; 2145
INTERNAL; 5; 8; 3; 2145; INTERNAL; 2; 5; 3; 344
INTERNAL; 5; 8; 3; 2145; INTERNAL; 3; 7; 4; 318
INTERNAL; 3; 7; 4; 318; INTERNAL; 2; 6; 4; 3851
INTERNAL; 5; 8; 3; 2145; INTERNAL; 4; 7; 3; 317
INTERNAL; 4; 7; 3; 317; INTERNAL; 3; 6; 3; 316
INTERNAL; 5; 8; 3; 2145; INTERNAL; 2; 7; 5; 3007
INTERNAL; 8; 10; 2; 279; INTERNAL; 7; 9; 2; 1635
INTERNAL; 7; 9; 2; 1635; INTERNAL; 6; 7; 1; 480
INTERNAL; 6; 7; 1; 480; INTERNAL; 5; 6; 1; 477
INTERNAL; 5; 6; 1; 477; INTERNAL; 3; 5; 2; 5235
INTERNAL; 5; 6; 1; 477; INTERNAL; 4; 5; 1; 475
INTERNAL; 6; 7; 1; 480; INTERNAL; 3; 6; 3; 3725
INTERNAL; 3; 6; 3; 3725; INTERNAL; 2; 5; 3; 2661
INTERNAL; 6; 7; 1; 480; INTERNAL; 3; 6; 3; 478
INTERNAL; 3; 6; 3; 478; INTERNAL; 2; 5; 3; 3137
INTERNAL; 7; 9; 2; 1635; INTERNAL; 5; 7; 2; 3254
INTERNAL; 5; 7; 2; 3254; INTERNAL; 2; 6; 4; 3967
INTERNAL; 5; 7; 2; 3254; INTERNAL; 3; 5; 2; 3329
INTERNAL; 5; 7; 2; 3254; INTERNAL; 4; 6; 2; 2127
INTERNAL; 4; 6; 2; 2127; INTERNAL; 3; 5; 2; 472
INTERNAL; 4; 6; 2; 2127; INTERNAL; 3; 5; 2; 3670
INTERNAL; 5; 7; 2; 3254; INTERNAL; 2; 6; 4; 473
INTERNAL; 5; 7; 2; 3254; INTERNAL; 4; 6; 2; 5501
INTERNAL; 4; 6; 2; 5501; INTERNAL; 2; 5; 3; 1910
INTERNAL; 7; 9; 2; 1635; INTERNAL; 5; 7; 2; 479
INTERNAL; 5; 7; 2; 479; INTERNAL; 4; 6; 2; 4908
INTERNAL; 4; 6; 2; 4908; INPUT; 1; 5; 4; 790
INTERNAL; 4; 6; 2; 4908; INPUT; 1; 5; 4; 3602
INTERNAL; 4; 6; 2; 4908; INPUT; 1; 5; 4; 2991
INTERNAL; 4; 6; 2; 4908; INTERNAL; 3; 5; 2; 622
INTERNAL; 3; 5; 2; 622; INTERNAL; 2; 4; 2; 1722
INTERNAL; 5; 7; 2; 479; INTERNAL; 3; 6; 3; 3370
INTERNAL; 3; 6; 3; 3370; INTERNAL; 2; 5; 3; 3176
INTERNAL; 5; 7; 2; 479; INTERNAL; 3; 6; 3; 3223
INTERNAL; 5; 7; 2; 479; INTERNAL; 3; 6; 3; 4657
INTERNAL; 3; 6; 3; 4657; INPUT; 1; 5; 4; 2193
INTERNAL; 3; 6; 3; 4657; INPUT; 1; 5; 4; 2026
INTERNAL; 3; 6; 3; 4657; INPUT; 1; 5; 4; 4604
INTERNAL; 3; 6; 3; 4657; INPUT; 1; 5; 4; 605
INTERNAL; 10; 14; 4; 993; INTERNAL; 7; 13; 6; 264
INTERNAL; 7; 13; 6; 264; INTERNAL; 5; 10; 5; 3555
INTERNAL; 5; 10; 5; 3555; INTERNAL; 3; 9; 6; 291
INTERNAL; 5; 10; 5; 3555; INTERNAL; 2; 8; 6; 393
INTERNAL; 5; 10; 5; 3555; INTERNAL; 3; 8; 5; 394
INTERNAL; 5; 10; 5; 3555; INTERNAL; 4; 9; 5; 4142
INTERNAL; 4; 9; 5; 4142; INTERNAL; 3; 8; 5; 290
INTERNAL; 3; 8; 5; 290; INPUT; 1; 7; 6; 2263
INTERNAL; 7; 13; 6; 264; INTERNAL; 6; 10; 4; 4121
INTERNAL; 11; 15; 4; 3944; INTERNAL; 9; 14; 5; 266
INTERNAL; 9; 14; 5; 266; INTERNAL; 7; 13; 6; 5445
INTERNAL; 7; 13; 6; 5445; INTERNAL; 6; 9; 3; 275
INTERNAL; 6; 9; 3; 275; INTERNAL; 3; 8; 5; 618
INTERNAL; 6; 9; 3; 275; INTERNAL; 4; 8; 4; 313
INTERNAL; 4; 8; 4; 313; INTERNAL; 3; 7; 4; 311
INTERNAL; 4; 8; 4; 313; INTERNAL; 2; 7; 5; 336
INTERNAL; 4; 8; 4; 313; INTERNAL; 3; 7; 4; 337
INTERNAL; 4; 8; 4; 313; INTERNAL; 3; 7; 4; 5477
INTERNAL; 3; 7; 4; 5477; INTERNAL; 2; 6; 4; 5727
INTERNAL; 6; 9; 3; 275; INTERNAL; 5; 8; 3; 314
INTERNAL; 5; 8; 3; 314; INTERNAL; 3; 7; 4; 3824
INTERNAL; 5; 8; 3; 314; INTERNAL; 2; 6; 4; 2375
INTERNAL; 5; 8; 3; 314; INTERNAL; 4; 7; 3; 5608
INTERNAL; 4; 7; 3; 5608; INTERNAL; 2; 5; 3; 457
INTERNAL; 4; 7; 3; 5608; INTERNAL; 3; 6; 3; 312
INTERNAL; 3; 6; 3; 312; INPUT; 1; 4; 3; 4878
INTERNAL; 3; 6; 3; 312; INPUT; 1; 4; 3; 3761
INTERNAL; 3; 6; 3; 312; INPUT; 1; 4; 3; 4929
INTERNAL; 7; 13; 6; 5445; INTERNAL; 6; 9; 3; 276
INTERNAL; 9; 14; 5; 266; INTERNAL; 8; 13; 5; 263
INTERNAL; 8; 13; 5; 263; INTERNAL; 7; 10; 3; 277
INTERNAL; 7; 10; 3; 277; INTERNAL; 5; 9; 4; 274
INTERNAL; 5; 9; 4; 274; INTERNAL; 4; 8; 4; 4004
INTERNAL; 4; 8; 4; 4004; INTERNAL; 2; 5; 3; 796
INTERNAL; 4; 8; 4; 4004; INTERNAL; 2; 6; 4; 460
INTERNAL; 4; 8; 4; 4004; INTERNAL; 3; 6; 3; 608
INTERNAL; 5; 9; 4; 274; INTERNAL; 3; 8; 5; 272
INTERNAL; 3; 8; 5; 272; INTERNAL; 2; 7; 5; 2537
INTERNAL; 3; 8; 5; 272; INTERNAL; 2; 7; 5; 5124
INTERNAL; 7; 10; 3; 277; INTERNAL; 4; 9; 5; 273
INTERNAL; 7; 10; 3; 277; INTERNAL; 6; 9; 3; 4833
INTERNAL; 6; 9; 3; 4833; INTERNAL; 5; 8; 3; 418
INTERNAL; 5; 8; 3; 418; INTERNAL; 4; 7; 3; 1426
INTERNAL; 4; 7; 3; 1426; INTERNAL; 3; 6; 3; 2606
INTERNAL; 3; 6; 3; 2606; INPUT; 1; 5; 4; 309
INTERNAL; 3; 6; 3; 2606; INPUT; 1; 5; 4; 307
INTERNAL; 3; 6; 3; 2606; INPUT; 1; 5; 4; 308
INTERNAL; 3; 6; 3; 2606; INPUT; 1; 5; 4; 4463
INTERNAL; 6; 9; 3; 4833; INTERNAL; 4; 8; 4; 310
INTERNAL; 4; 8; 4; 310; INTERNAL; 2; 7; 5; 342
INTERNAL; 4; 8; 4; 310; INTERNAL; 3; 7; 4; 306
INTERNAL; 3; 7; 4; 306; INTERNAL; 2; 6; 4; 2681
INTERNAL; 3; 7; 4; 306; INTERNAL; 2; 6; 4; 341
INTERNAL; 4; 8; 4; 310; INTERNAL; 2; 7; 5; 340
INTERNAL; 8; 13; 5; 263; INTERNAL; 7; 10; 3; 278
INTERNAL; 7; 10; 3; 278; INTERNAL; 6; 9; 3; 996
INTERNAL; 6; 9; 3; 996; INTERNAL; 4; 7; 3; 462
INTERNAL; 4; 7; 3; 462; INTERNAL; 3; 6; 3; 458
INTERNAL; 3; 6; 3; 458; INTERNAL; 2; 5; 3; 6023
INTERNAL; 4; 7; 3; 462; INTERNAL; 3; 6; 3; 2330
INTERNAL; 3; 6; 3; 2330; INTERNAL; 2; 5; 3; 1188
INTERNAL; 6; 9; 3; 996; INTERNAL; 5; 7; 2; 463
INTERNAL; 5; 7; 2; 463; INTERNAL; 4; 6; 2; 461
INTERNAL; 4; 6; 2; 461; INTERNAL; 2; 5; 3; 459
INTERNAL; 4; 6; 2; 461; INTERNAL; 2; 5; 3; 3337
INTERNAL; 2; 5; 3; 3337; INPUT; 1; 4; 3; 5405
INTERNAL; 7; 10; 3; 278; INTERNAL; 6; 9; 3; 315
INTERNAL; 7; 10; 3; 278; INTERNAL; 6; 9; 3; 3249
INTERNAL; 8; 13; 5; 263; INTERNAL; 7; 10; 3; 1072
INTERNAL; 9; 14; 5; 266; INTERNAL; 8; 13; 5; 5738
INTERNAL; 8; 13; 5; 5738; INTERNAL; 7; 12; 5; 262
INTERNAL; 8; 13; 5; 5738; INTERNAL; 5; 12; 7; 261
INTERNAL; 11; 15; 4; 3944; INTERNAL; 10; 14; 4; 4149
INTERNAL; 10; 14; 4; 4149; INTERNAL; 9; 11; 2; 1248
INTERNAL; 10; 14; 4; 4149; INTERNAL; 9; 11; 2; 282
INTERNAL; 9; 11; 2; 282; INTERNAL; 7; 10; 3; 323
INTERNAL; 9; 11; 2; 282; INTERNAL; 8; 10; 2; 325
INTERNAL; 9; 11; 2; 282; INTERNAL; 7; 10; 3; 324
INTERNAL; 7; 10; 3; 324; INTERNAL; 6; 8; 2; 5864
INTERNAL; 7; 10; 3; 324; INTERNAL; 3; 8; 5; 481
INTERNAL; 3; 8; 5; 481; INTERNAL; 2; 6; 4; 465
INTERNAL; 3; 8; 5; 481; INTERNAL; 2; 5; 3; 3012
INTERNAL; 7; 10; 3; 324; INTERNAL; 6; 8; 2; 464
INTERNAL; 10; 14; 4; 4149; INTERNAL; 8; 11; 3; 281
INTERNAL; 12; 16; 4; 3136; INTERNAL; 11; 15; 4; 267
INTERNAL; 11; 15; 4; 267; INTERNAL; 10; 12; 2; 284
INTERNAL; 11; 15; 4; 267; INTERNAL; 10; 12; 2; 3568
INTERNAL; 10; 12; 2; 3568; INTERNAL; 9; 11; 2; 326
INTERNAL; 10; 12; 2; 3568; INTERNAL; 9; 11; 2; 439
INTERNAL; 9; 11; 2; 439; INTERNAL; 4; 9; 5; 482
INTERNAL; 4; 9; 5; 482; INTERNAL; 3; 8; 5; 3397
INTERNAL; 3; 8; 5; 3397; INTERNAL; 2; 7; 5; 2978
INTERNAL; 3; 8; 5; 3397; INTERNAL; 2; 7; 5; 437
INTERNAL; 3; 8; 5; 3397; INTERNAL; 2; 7; 5; 5130
INTERNAL; 4; 9; 5; 482; INTERNAL; 2; 8; 6; 438
INTERNAL; 4; 9; 5; 482; INTERNAL; 3; 8; 5; 440
INTERNAL; 9; 11; 2; 439; INTERNAL; 8; 9; 1; 2651
INTERNAL; 8; 9; 1; 2651; INTERNAL; 5; 8; 3; 2215
INTERNAL; 5; 8; 3; 2215; INTERNAL; 3; 7; 4; 470
INTERNAL; 5; 8; 3; 2215; INTERNAL; 3; 7; 4; 467
INTERNAL; 5; 8; 3; 2215; INTERNAL; 3; 7; 4; 469
INTERNAL; 5; 8; 3; 2215; INTERNAL; 4; 7; 3; 468
INTERNAL; 8; 9; 1; 2651; INTERNAL; 7; 8; 1; 5056
INTERNAL; 9; 11; 2; 439; INTERNAL; 7; 9; 2; 483
INTERNAL; 10; 12; 2; 3568; INTERNAL; 9; 11; 2; 1047
INTERNAL; 9; 11; 2; 1047; INTERNAL; 8; 10; 2; 2387
INTERNAL; 9; 11; 2; 1047; INTERNAL; 8; 10; 2; 305
INTERNAL; 8; 10; 2; 305; INTERNAL; 3; 8; 5; 1254
INTERNAL; 8; 10; 2; 305; INTERNAL; 7; 8; 1; 3052
INTERNAL; 7; 8; 1; 3052; INTERNAL; 5; 7; 2; 430
INTERNAL; 5; 7; 2; 430; INTERNAL; 3; 6; 3; 426
INTERNAL; 3; 6; 3; 426; INTERNAL; 2; 5; 3; 2516
INTERNAL; 3; 6; 3; 426; INTERNAL; 2; 5; 3; 5160
INTERNAL; 5; 7; 2; 430; INTERNAL; 3; 6; 3; 425
INTERNAL; 3; 6; 3; 425; INTERNAL; 2; 5; 3; 1665
INTERNAL; 3; 6; 3; 425; INTERNAL; 2; 5; 3; 419
INTERNAL; 5; 7; 2; 430; INTERNAL; 4; 6; 2; 424
INTERNAL; 4; 6; 2; 424; INTERNAL; 3; 5; 2; 423
INTERNAL; 3; 5; 2; 423; INTERNAL; 2; 4; 2; 421
INTERNAL; 4; 6; 2; 424; INTERNAL; 3; 5; 2; 422
INTERNAL; 3; 5; 2; 422; INTERNAL; 2; 4; 2; 4650
INTERNAL; 3; 5; 2; 422; INTERNAL; 2; 4; 2; 420
INTERNAL; 7; 8; 1; 3052; INTERNAL; 4; 7; 3; 429
INTERNAL; 4; 7; 3; 429; INTERNAL; 2; 6; 4; 2135
INTERNAL; 4; 7; 3; 429; INTERNAL; 3; 6; 3; 417
INTERNAL; 4; 7; 3; 429; INTERNAL; 3; 6; 3; 415
INTERNAL; 4; 7; 3; 429; INTERNAL; 2; 6; 4; 414
INTERNAL; 2; 6; 4; 414; INPUT; 1; 5; 4; 594
INTERNAL; 4; 7; 3; 429; INTERNAL; 3; 6; 3; 416
INTERNAL; 3; 6; 3; 416; INTERNAL; 2; 5; 3; 5103
INTERNAL; 7; 8; 1; 3052; INTERNAL; 6; 7; 1; 431
INTERNAL; 6; 7; 1; 431; INTERNAL; 3; 6; 3; 2918
INTERNAL; 6; 7; 1; 431; INTERNAL; 4; 6; 2; 2701
INTERNAL; 6; 7; 1; 431; INTERNAL; 5; 6; 1; 428
INTERNAL; 5; 6; 1; 428; INTERNAL; 2; 5; 3; 1205
INTERNAL; 5; 6; 1; 428; INTERNAL; 4; 5; 1; 427
INTERNAL; 8; 10; 2; 305; INTERNAL; 6; 8; 2; 432
INTERNAL; 9; 11; 2; 1047; INTERNAL; 7; 10; 3; 304
INTERNAL; 11; 15; 4; 267; INTERNAL; 10; 12; 2; 283
INTERNAL; 10; 12; 2; 283; INTERNAL; 9; 11; 2; 3129
INTERNAL; 10; 12; 2; 283; INTERNAL; 7; 11; 4; 271
INTERNAL; 10; 12; 2; 283; INTERNAL; 8; 11; 3; 1414
INTERNAL; 8; 11; 3; 1414; INTERNAL; 7; 10; 3; 293
INTERNAL; 8; 11; 3; 1414; INTERNAL; 6; 10; 4; 292
INTERNAL; 6; 10; 4; 292; INTERNAL; 4; 8; 4; 1388
INTERNAL; 4; 8; 4; 1388; INTERNAL; 3; 7; 4; 374
INTERNAL; 3; 7; 4; 374; INTERNAL; 2; 6; 4; 682
INTERNAL; 3; 7; 4; 374; INTERNAL; 2; 6; 4; 373
INTERNAL; 3; 7; 4; 374; INTERNAL; 2; 6; 4; 1895
INTERNAL; 4; 8; 4; 1388; INTERNAL; 2; 6; 4; 5217
INTERNAL; 4; 8; 4; 1388; INTERNAL; 2; 6; 4; 5371
INTERNAL; 4; 8; 4; 1388; INTERNAL; 2; 7; 5; 4353
INTERNAL; 6; 10; 4; 292; INTERNAL; 5; 8; 3; 382
INTERNAL; 5; 8; 3; 382; INTERNAL; 3; 7; 4; 379
INTERNAL; 5; 8; 3; 382; INTERNAL; 4; 7; 3; 380
INTERNAL; 4; 7; 3; 380; INTERNAL; 2; 6; 4; 1687
INTERNAL; 6; 10; 4; 292; INTERNAL; 5; 8; 3; 381
INTERNAL; 5; 8; 3; 381; INTERNAL; 4; 7; 3; 377
INTERNAL; 4; 7; 3; 377; INTERNAL; 3; 6; 3; 375
INTERNAL; 4; 7; 3; 377; INTERNAL; 3; 6; 3; 376
INTERNAL; 3; 6; 3; 376; INPUT; 1; 5; 4; 3034
INTERNAL; 5; 8; 3; 381; INTERNAL; 3; 7; 4; 378
INTERNAL; 3; 7; 4; 378; INTERNAL; 2; 6; 4; 1705
INTERNAL; 5; 8; 3; 381; INTERNAL; 2; 7; 5; 5660
INTERNAL; 8; 11; 3; 1414; INTERNAL; 5; 10; 5; 5993
INTERNAL; 12; 16; 4; 3136; INTERNAL; 10; 15; 5; 3519
INTERNAL; 16; 17; 1; 2093; INTERNAL; 13; 16; 3; 269
INTERNAL; 13; 16; 3; 269; INTERNAL; 12; 14; 2; 286
INTERNAL; 12; 14; 2; 286; INTERNAL; 11; 13; 2; 285
INTERNAL; 12; 14; 2; 286; INTERNAL; 11; 13; 2; 3302
INTERNAL; 11; 13; 2; 3302; INTERNAL; 10; 12; 2; 330
INTERNAL; 10; 12; 2; 330; INTERNAL; 9; 10; 1; 485
INTERNAL; 10; 12; 2; 330; INTERNAL; 9; 10; 1; 484
INTERNAL; 9; 10; 1; 484; INTERNAL; 4; 9; 5; 433
INTERNAL; 4; 9; 5; 433; INTERNAL; 3; 8; 5; 396
INTERNAL; 3; 8; 5; 396; INTERNAL; 2; 7; 5; 3120
INTERNAL; 4; 9; 5; 433; INTERNAL; 3; 8; 5; 397
INTERNAL; 3; 8; 5; 397; INTERNAL; 2; 7; 5; 392
INTERNAL; 3; 8; 5; 397; INTERNAL; 2; 7; 5; 723
INTERNAL; 4; 9; 5; 433; INTERNAL; 3; 8; 5; 395
INTERNAL; 9; 10; 1; 484; INTERNAL; 8; 9; 1; 434
INTERNAL; 10; 12; 2; 330; INTERNAL; 5; 10; 5; 1521
INTERNAL; 5; 10; 5; 1521; INTERNAL; 4; 9; 5; 2676
INTERNAL; 4; 9; 5; 2676; INTERNAL; 2; 8; 6; 4496
INTERNAL; 2; 8; 6; 4496; INPUT; 1; 5; 4; 4014
INTERNAL; 2; 8; 6; 4496; INPUT; 1; 5; 4; 2043
INTERNAL; 2; 8; 6; 4496; INPUT; 1; 7; 6; 387
INTERNAL; 2; 8; 6; 4496; INPUT; 1; 5; 4; 4015
INTERNAL; 5; 10; 5; 1521; INTERNAL; 3; 9; 6; 391
INTERNAL; 5; 10; 5; 1521; INTERNAL; 3; 9; 6; 389
INTERNAL; 3; 9; 6; 389; INTERNAL; 2; 8; 6; 906
INTERNAL; 11; 13; 2; 3302; INTERNAL; 10; 12; 2; 328
INTERNAL; 10; 12; 2; 328; INTERNAL; 9; 11; 2; 296
INTERNAL; 10; 12; 2; 328; INTERNAL; 7; 11; 4; 295
INTERNAL; 7; 11; 4; 295; INTERNAL; 5; 9; 4; 383
INTERNAL; 5; 9; 4; 383; INTERNAL; 4; 8; 4; 2327
INTERNAL; 4; 8; 4; 2327; INTERNAL; 2; 7; 5; 371
INTERNAL; 4; 8; 4; 2327; INTERNAL; 3; 7; 4; 4255
INTERNAL; 3; 7; 4; 4255; INTERNAL; 2; 6; 4; 4731
INTERNAL; 4; 8; 4; 2327; INTERNAL; 3; 6; 3; 3322
INTERNAL; 5; 9; 4; 383; INTERNAL; 3; 8; 5; 759
INTERNAL; 3; 8; 5; 759; INTERNAL; 2; 7; 5; 4465
INTERNAL; 3; 8; 5; 759; INTERNAL; 2; 7; 5; 370
INTERNAL; 5; 9; 4; 383; INTERNAL; 3; 8; 5; 372
INTERNAL; 3; 8; 5; 372; INTERNAL; 2; 7; 5; 369
INTERNAL; 7; 11; 4; 295; INTERNAL; 6; 9; 3; 445
INTERNAL; 10; 12; 2; 328; INTERNAL; 8; 11; 3; 1141
INTERNAL; 11; 13; 2; 3302; INTERNAL; 10; 12; 2; 329
INTERNAL; 12; 14; 2; 286; INTERNAL; 10; 13; 3; 348
INTERNAL; 13; 16; 3; 269; INTERNAL; 12; 14; 2; 783
INTERNAL; 12; 14; 2; 783; INTERNAL; 8; 13; 5; 3746
INTERNAL; 8; 13; 5; 3746; INTERNAL; 5; 10; 5; 4080
INTERNAL; 5; 10; 5; 4080; INTERNAL; 3; 9; 6; 367
INTERNAL; 5; 10; 5; 4080; INTERNAL; 3; 9; 6; 365
INTERNAL; 3; 9; 6; 365; INTERNAL; 2; 8; 6; 2868
INTERNAL; 3; 9; 6; 365; INTERNAL; 2; 8; 6; 4936
INTERNAL; 5; 10; 5; 4080; INTERNAL; 3; 9; 6; 366
INTERNAL; 8; 13; 5; 3746; INTERNAL; 7; 10; 3; 385
INTERNAL; 8; 13; 5; 3746; INTERNAL; 5; 10; 5; 384
INTERNAL; 5; 10; 5; 384; INTERNAL; 4; 9; 5; 5207
INTERNAL; 4; 9; 5; 5207; INPUT; 1; 6; 5; 611
INTERNAL; 4; 9; 5; 5207; INPUT; 1; 6; 5; 5411
INTERNAL; 4; 9; 5; 5207; INTERNAL; 3; 8; 5; 2102
INTERNAL; 5; 10; 5; 384; INTERNAL; 4; 9; 5; 361
INTERNAL; 4; 9; 5; 361; INTERNAL; 2; 8; 6; 359
INTERNAL; 5; 10; 5; 384; INTERNAL; 2; 8; 6; 363
INTERNAL; 5; 10; 5; 384; INTERNAL; 3; 9; 6; 360
INTERNAL; 12; 14; 2; 783; INTERNAL; 11; 13; 2; 331
INTERNAL; 12; 14; 2; 783; INTERNAL; 11; 13; 2; 1769
INTERNAL; 11; 13; 2; 1769; INTERNAL; 8; 11; 3; 4241
INTERNAL; 11; 13; 2; 1769; INTERNAL; 10; 11; 1; 486
INTERNAL; 11; 13; 2; 1769; INTERNAL; 4; 11; 7; 1524
INTERNAL; 4; 11; 7; 1524; INTERNAL; 3; 10; 7; 356
INTERNAL; 3; 10; 7; 356; INTERNAL; 2; 5; 3; 2957
INTERNAL; 3; 10; 7; 356; INTERNAL; 2; 9; 7; 351
INTERNAL; 4; 11; 7; 1524; INTERNAL; 3; 10; 7; 355
INTERNAL; 3; 10; 7; 355; INTERNAL; 2; 9; 7; 2675
INTERNAL; 2; 9; 7; 2675; INPUT; 1; 4; 3; 1710
INTERNAL; 2; 9; 7; 2675; INPUT; 1; 4; 3; 3518
INTERNAL; 4; 11; 7; 1524; INTERNAL; 3; 10; 7; 354
INTERNAL; 16; 17; 1; 2093; INTERNAL; 12; 16; 4; 268
INTERNAL; 16; 17; 1; 2093; INTERNAL; 15; 16; 1; 270
INTERNAL; 15; 16; 1; 270; INTERNAL; 13; 15; 2; 287
INTERNAL; 15; 16; 1; 270; INTERNAL; 14; 15; 1; 289
INTERNAL; 14; 15; 1; 289; INTERNAL; 12; 14; 2; 334
INTERNAL; 12; 14; 2; 334; INTERNAL; 5; 12; 7; 4183
INTERNAL; 5; 12; 7; 4183; INTERNAL; 4; 11; 7; 4146
INTERNAL; 4; 11; 7; 4146; INTERNAL; 3; 10; 7; 842
INTERNAL; 12; 14; 2; 334; INTERNAL; 11; 12; 1; 3347
INTERNAL; 12; 14; 2; 334; INTERNAL; 5; 12; 7; 3272
INTERNAL; 5; 12; 7; 3272; INTERNAL; 3; 11; 8; 349
INTERNAL; 5; 12; 7; 3272; INTERNAL; 4; 11; 7; 4944
INTERNAL; 4; 11; 7; 4944; INTERNAL; 3; 10; 7; 346
INTERNAL; 3; 10; 7; 346; INPUT; 1; 8; 7; 5375
INTERNAL; 4; 11; 7; 4944; INTERNAL; 2; 9; 7; 2938
INTERNAL; 5; 12; 7; 3272; INTERNAL; 3; 11; 8; 350
INTERNAL; 14; 15; 1; 289; INTERNAL; 12; 14; 2; 332
INTERNAL; 14; 15; 1; 289; INTERNAL; 13; 14; 1; 335
INTERNAL; 13; 14; 1; 335; INTERNAL; 5; 13; 8; 4303
INTERNAL; 5; 13; 8; 4303; INTERNAL; 4; 12; 8; 343
INTERNAL; 4; 12; 8; 343; INTERNAL; 3; 11; 8; 3762
INTERNAL; 5; 13; 8; 4303; INTERNAL; 3; 12; 9; 4942
INTERNAL; 5; 13; 8; 4303; INTERNAL; 2; 12; 10; 1574
INTERNAL; 13; 14; 1; 335; INTERNAL; 12; 13; 1; 3964
INTERNAL; 13; 14; 1; 335; INTERNAL; 5; 13; 8; 1967
INTERNAL; 5; 13; 8; 1967; INTERNAL; 4; 12; 8; 339
INTERNAL; 4; 12; 8; 339; INTERNAL; 2; 11; 9; 2468
INTERNAL; 5; 13; 8; 1967; INTERNAL; 4; 12; 8; 338
INTERNAL; 17; 18; 1; 4505; INTERNAL; 13; 17; 4; 260
INTERNAL; 13; 17; 4; 260; INTERNAL; 12; 16; 4; 1874
INTERNAL; 13; 17; 4; 260; INTERNAL; 12; 16; 4; 259
INTERNAL; 12; 16; 4; 259; INTERNAL; 11; 15; 4; 258
INTERNAL; 12; 16; 4; 259; INTERNAL; 10; 15; 5; 257
INTERNAL; 10; 15; 5; 257; INTERNAL; 9; 14; 5; 4462
INTERNAL; 10; 15; 5; 257; INTERNAL; 8; 14; 6; 5121
INTERNAL; 12; 16; 4; 259; INTERNAL; 10; 15; 5; 256
INTERNAL; 18; 19; 1; 252; INTERNAL; 10; 18; 8; 612
INTERNAL; 18; 19; 1; 252; INTERNAL; 13; 18; 5; 254
INTERNAL; 18; 19; 1; 252; INTERNAL; 12; 18; 6; 253
UNKNOWN; -1; -1; -1; -1; OUTPUT; 14; 20; 6; 3941
OUTPUT; 14; 20; 6; 3941; INTERNAL; 13; 19; 6; 5844
INTERNAL; 13; 19; 6; 5844; INTERNAL; 12; 14; 2; 1608
INTERNAL; 12; 14; 2; 1608; INTERNAL; 11; 13; 2; 2393
INTERNAL; 11; 13; 2; 2393; INTERNAL; 9; 12; 3; 3585
INTERNAL; 9; 12; 3; 3585; INTERNAL; 8; 11; 3; 4372
INTERNAL; 8; 11; 3; 4372; INTERNAL; 4; 10; 6; 1712
INTERNAL; 4; 10; 6; 1712; INTERNAL; 3; 9; 6; 1882
INTERNAL; 3; 9; 6; 1882; INTERNAL; 2; 6; 4; 3434
INTERNAL; 2; 6; 4; 3434; INPUT; 1; 5; 4; 1418
INTERNAL; 2; 6; 4; 3434; INPUT; 1; 5; 4; 5580
INTERNAL; 2; 6; 4; 3434; INPUT; 1; 5; 4; 2138
INTERNAL; 4; 10; 6; 1712; INTERNAL; 2; 9; 7; 2309
INTERNAL; 4; 10; 6; 1712; INTERNAL; 3; 9; 6; 3165
INTERNAL; 4; 10; 6; 1712; INTERNAL; 2; 7; 5; 3127
INTERNAL; 4; 10; 6; 1712; INTERNAL; 2; 7; 5; 2122
INTERNAL; 4; 10; 6; 1712; INTERNAL; 3; 9; 6; 3105
INTERNAL; 3; 9; 6; 3105; INPUT; 1; 5; 4; 2367
INTERNAL; 8; 11; 3; 4372; INTERNAL; 7; 10; 3; 2849
INTERNAL; 7; 10; 3; 2849; INTERNAL; 6; 9; 3; 1624
INTERNAL; 6; 9; 3; 1624; INTERNAL; 5; 8; 3; 4970
INTERNAL; 5; 8; 3; 4970; INTERNAL; 3; 7; 4; 1805
INTERNAL; 3; 7; 4; 1805; INTERNAL; 2; 6; 4; 1988
INTERNAL; 5; 8; 3; 4970; INTERNAL; 4; 7; 3; 2521
INTERNAL; 4; 7; 3; 2521; INTERNAL; 3; 6; 3; 2380
INTERNAL; 3; 6; 3; 2380; INTERNAL; 2; 5; 3; 2108
INTERNAL; 3; 6; 3; 2380; INTERNAL; 2; 5; 3; 1922
INTERNAL; 4; 7; 3; 2521; INTERNAL; 3; 6; 3; 3271
INTERNAL; 5; 8; 3; 4970; INTERNAL; 3; 7; 4; 1964
INTERNAL; 3; 7; 4; 1964; INTERNAL; 2; 5; 3; 3306
INTERNAL; 6; 9; 3; 1624; INTERNAL; 5; 8; 3; 3268
INTERNAL; 5; 8; 3; 3268; INTERNAL; 3; 7; 4; 1928
INTERNAL; 5; 8; 3; 3268; INTERNAL; 4; 7; 3; 4740
INTERNAL; 4; 7; 3; 4740; INTERNAL; 3; 6; 3; 1998
INTERNAL; 4; 7; 3; 4740; INTERNAL; 3; 6; 3; 5811
INTERNAL; 3; 6; 3; 5811; INTERNAL; 2; 5; 3; 5429
INTERNAL; 6; 9; 3; 1624; INTERNAL; 5; 8; 3; 3269
INTERNAL; 5; 8; 3; 3269; INTERNAL; 4; 7; 3; 2126
INTERNAL; 4; 7; 3; 2126; INTERNAL; 2; 6; 4; 2335
INTERNAL; 2; 6; 4; 2335; INPUT; 1; 4; 3; 1460
INTERNAL; 4; 7; 3; 2126; INTERNAL; 3; 6; 3; 1651
INTERNAL; 5; 8; 3; 3269; INTERNAL; 4; 7; 3; 4450
INTERNAL; 5; 8; 3; 3269; INTERNAL; 4; 7; 3; 1837
INTERNAL; 5; 8; 3; 3269; INTERNAL; 3; 7; 4; 3224
INTERNAL; 7; 10; 3; 2849; INTERNAL; 6; 9; 3; 2222
INTERNAL; 6; 9; 3; 2222; INTERNAL; 5; 8; 3; 3361
INTERNAL; 5; 8; 3; 3361; INTERNAL; 4; 7; 3; 3207
INTERNAL; 4; 7; 3; 3207; INTERNAL; 2; 6; 4; 3221
INTERNAL; 4; 7; 3; 3207; INTERNAL; 3; 6; 3; 2328
INTERNAL; 5; 8; 3; 3361; INTERNAL; 3; 7; 4; 2112
INTERNAL; 5; 8; 3; 3361; INTERNAL; 4; 7; 3; 3204
INTERNAL; 6; 9; 3; 2222; INTERNAL; 5; 8; 3; 2183
INTERNAL; 5; 8; 3; 2183; INTERNAL; 4; 7; 3; 3246
INTERNAL; 4; 7; 3; 3246; INTERNAL; 3; 6; 3; 1492
INTERNAL; 3; 6; 3; 1492; INTERNAL; 2; 5; 3; 1822
INTERNAL; 5; 8; 3; 2183; INTERNAL; 3; 7; 4; 2085
INTERNAL; 5; 8; 3; 2183; INTERNAL; 3; 7; 4; 2344
INTERNAL; 3; 7; 4; 2344; INTERNAL; 2; 6; 4; 1754
INTERNAL; 2; 6; 4; 1754; INPUT; 1; 5; 4; 1315
INTERNAL; 2; 6; 4; 1754; INPUT; 1; 5; 4; 2964
INTERNAL; 2; 6; 4; 1754; INPUT; 1; 5; 4; 3267
INTERNAL; 5; 8; 3; 2183; INTERNAL; 3; 7; 4; 3237
INTERNAL; 6; 9; 3; 2222; INTERNAL; 5; 8; 3; 3163
INTERNAL; 5; 8; 3; 3163; INTERNAL; 4; 7; 3; 2081
INTERNAL; 4; 7; 3; 2081; INTERNAL; 2; 6; 4; 3650
INTERNAL; 4; 7; 3; 2081; INTERNAL; 3; 6; 3; 3173
INTERNAL; 3; 6; 3; 3173; INTERNAL; 2; 5; 3; 1907
INTERNAL; 5; 8; 3; 3163; INTERNAL; 2; 7; 5; 3467
INTERNAL; 5; 8; 3; 3163; INTERNAL; 2; 6; 4; 1796
INTERNAL; 7; 10; 3; 2849; INTERNAL; 5; 9; 4; 4518
INTERNAL; 5; 9; 4; 4518; INTERNAL; 2; 6; 4; 3079
INTERNAL; 5; 9; 4; 4518; INTERNAL; 2; 5; 3; 1105
INTERNAL; 5; 9; 4; 4518; INTERNAL; 2; 6; 4; 3409
INTERNAL; 5; 9; 4; 4518; INTERNAL; 4; 8; 4; 1955
INTERNAL; 4; 8; 4; 1955; INTERNAL; 3; 7; 4; 3410
INTERNAL; 5; 9; 4; 4518; INTERNAL; 3; 8; 5; 5388
INTERNAL; 8; 11; 3; 4372; INTERNAL; 7; 10; 3; 2341
INTERNAL; 7; 10; 3; 2341; INTERNAL; 5; 9; 4; 700
INTERNAL; 5; 9; 4; 700; INTERNAL; 3; 8; 5; 4434
INTERNAL; 5; 9; 4; 700; INTERNAL; 4; 8; 4; 5652
INTERNAL; 4; 8; 4; 5652; INTERNAL; 2; 6; 4; 3098
INTERNAL; 4; 8; 4; 5652; INTERNAL; 3; 7; 4; 616
INTERNAL; 3; 7; 4; 616; INPUT; 1; 5; 4; 878
INTERNAL; 3; 7; 4; 616; INPUT; 1; 5; 4; 3104
INTERNAL; 3; 7; 4; 616; INPUT; 1; 5; 4; 3100
INTERNAL; 3; 7; 4; 616; INPUT; 1; 5; 4; 1980
INTERNAL; 4; 8; 4; 5652; INTERNAL; 2; 6; 4; 2584
INTERNAL; 4; 8; 4; 5652; INTERNAL; 2; 7; 5; 2297
INTERNAL; 4; 8; 4; 5652; INTERNAL; 2; 7; 5; 5684
INTERNAL; 5; 9; 4; 700; INTERNAL; 3; 8; 5; 4748
INTERNAL; 3; 8; 5; 4748; INTERNAL; 2; 7; 5; 2949
INTERNAL; 7; 10; 3; 2341; INTERNAL; 6; 9; 3; 1855
INTERNAL; 6; 9; 3; 1855; INTERNAL; 5; 8; 3; 2560
INTERNAL; 5; 8; 3; 2560; INTERNAL; 3; 7; 4; 1264
INTERNAL; 3; 7; 4; 1264; INTERNAL; 2; 6; 4; 2682
INTERNAL; 2; 6; 4; 2682; INPUT; 1; 5; 4; 4064
INTERNAL; 2; 6; 4; 2682; INPUT; 1; 5; 4; 2466
INTERNAL; 2; 6; 4; 2682; INPUT; 1; 5; 4; 2262
INTERNAL; 2; 6; 4; 2682; INPUT; 1; 5; 4; 1650
INTERNAL; 5; 8; 3; 2560; INTERNAL; 4; 7; 3; 766
INTERNAL; 4; 7; 3; 766; INTERNAL; 3; 6; 3; 5441
INTERNAL; 3; 6; 3; 5441; INTERNAL; 2; 5; 3; 1680
INTERNAL; 4; 7; 3; 766; INPUT; 1; 5; 4; 2358
INTERNAL; 4; 7; 3; 766; INPUT; 1; 5; 4; 3303
INTERNAL; 5; 8; 3; 2560; INTERNAL; 3; 7; 4; 2088
INTERNAL; 5; 8; 3; 2560; INTERNAL; 3; 7; 4; 1180
INTERNAL; 3; 7; 4; 1180; INTERNAL; 2; 6; 4; 1669
INTERNAL; 6; 9; 3; 1855; INTERNAL; 5; 8; 3; 939
INTERNAL; 5; 8; 3; 939; INTERNAL; 3; 7; 4; 4400
INTERNAL; 3; 7; 4; 4400; INTERNAL; 2; 6; 4; 3742
INTERNAL; 3; 7; 4; 4400; INTERNAL; 2; 6; 4; 2993
INTERNAL; 5; 8; 3; 939; INTERNAL; 4; 7; 3; 931
INTERNAL; 4; 7; 3; 931; INTERNAL; 3; 6; 3; 654
INTERNAL; 6; 9; 3; 1855; INTERNAL; 5; 8; 3; 2332
INTERNAL; 5; 8; 3; 2332; INTERNAL; 3; 6; 3; 3202
INTERNAL; 5; 8; 3; 2332; INTERNAL; 4; 7; 3; 3432
INTERNAL; 4; 7; 3; 3432; INTERNAL; 3; 6; 3; 1798
INTERNAL; 3; 6; 3; 1798; INTERNAL; 2; 5; 3; 3043
INTERNAL; 5; 8; 3; 2332; INTERNAL; 2; 7; 5; 2101
INTERNAL; 7; 10; 3; 2341; INTERNAL; 5; 9; 4; 1715
INTERNAL; 5; 9; 4; 1715; INTERNAL; 3; 8; 5; 3005
INTERNAL; 3; 8; 5; 3005; INTERNAL; 2; 7; 5; 3122
INTERNAL; 5; 9; 4; 1715; INTERNAL; 2; 5; 3; 3015
INTERNAL; 5; 9; 4; 1715; INTERNAL; 4; 8; 4; 1046
INTERNAL; 4; 8; 4; 1046; INTERNAL; 3; 7; 4; 2259
INTERNAL; 4; 8; 4; 1046; INTERNAL; 3; 7; 4; 2498
INTERNAL; 3; 7; 4; 2498; INTERNAL; 2; 6; 4; 3049
INTERNAL; 2; 6; 4; 3049; INPUT; 1; 5; 4; 3054
INTERNAL; 3; 7; 4; 2498; INTERNAL; 2; 5; 3; 894
INTERNAL; 3; 7; 4; 2498; INPUT; 1; 6; 5; 3545
INTERNAL; 5; 9; 4; 1715; INTERNAL; 2; 5; 3; 3010
INTERNAL; 9; 12; 3; 3585; INTERNAL; 8; 11; 3; 2495
INTERNAL; 8; 11; 3; 2495; INTERNAL; 5; 10; 5; 2423
INTERNAL; 5; 10; 5; 2423; INTERNAL; 4; 9; 5; 3051
INTERNAL; 4; 9; 5; 3051; INTERNAL; 2; 6; 4; 2407
INTERNAL; 4; 9; 5; 3051; INTERNAL; 3; 7; 4; 2499
INTERNAL; 5; 10; 5; 2423; INTERNAL; 4; 7; 3; 1765
INTERNAL; 5; 10; 5; 2423; INTERNAL; 3; 9; 6; 2518
INTERNAL; 8; 11; 3; 2495; INTERNAL; 7; 10; 3; 4753
INTERNAL; 7; 10; 3; 4753; INTERNAL; 6; 9; 3; 2832
INTERNAL; 6; 9; 3; 2832; INTERNAL; 5; 8; 3; 2620
INTERNAL; 5; 8; 3; 2620; INTERNAL; 4; 7; 3; 2442
INTERNAL; 4; 7; 3; 2442; INTERNAL; 3; 6; 3; 1272
INTERNAL; 3; 6; 3; 1272; INTERNAL; 2; 5; 3; 2950
INTERNAL; 5; 8; 3; 2620; INTERNAL; 4; 7; 3; 1881
INTERNAL; 4; 7; 3; 1881; INTERNAL; 2; 6; 4; 1646
INTERNAL; 4; 7; 3; 1881; INTERNAL; 3; 6; 3; 5400
INTERNAL; 3; 6; 3; 5400; INTERNAL; 2; 5; 3; 1732
INTERNAL; 6; 9; 3; 2832; INTERNAL; 5; 8; 3; 2823
INTERNAL; 5; 8; 3; 2823; INTERNAL; 3; 7; 4; 3328
INTERNAL; 5; 8; 3; 2823; INTERNAL; 3; 7; 4; 5035
INTERNAL; 5; 8; 3; 2823; INTERNAL; 2; 7; 5; 3110
INTERNAL; 5; 8; 3; 2823; INTERNAL; 2; 7; 5; 2497
INTERNAL; 5; 8; 3; 2823; INTERNAL; 4; 7; 3; 2226
INTERNAL; 4; 7; 3; 2226; INTERNAL; 3; 6; 3; 953
INTERNAL; 3; 6; 3; 953; INTERNAL; 2; 5; 3; 1909
INTERNAL; 3; 6; 3; 953; INTERNAL; 2; 5; 3; 5795
INTERNAL; 6; 9; 3; 2832; INTERNAL; 5; 8; 3; 2812
INTERNAL; 5; 8; 3; 2812; INTERNAL; 4; 7; 3; 2080
INTERNAL; 4; 7; 3; 2080; INTERNAL; 2; 6; 4; 5630
INTERNAL; 4; 7; 3; 2080; INTERNAL; 3; 6; 3; 2827
INTERNAL; 5; 8; 3; 2812; INTERNAL; 4; 7; 3; 2529
INTERNAL; 4; 7; 3; 2529; INTERNAL; 2; 5; 3; 2463
INTERNAL; 4; 7; 3; 2529; INTERNAL; 3; 6; 3; 2685
INTERNAL; 3; 6; 3; 2685; INTERNAL; 2; 5; 3; 3186
INTERNAL; 3; 6; 3; 2685; INTERNAL; 2; 5; 3; 1273
INTERNAL; 5; 8; 3; 2812; INTERNAL; 4; 7; 3; 2984
INTERNAL; 4; 7; 3; 2984; INPUT; 1; 5; 4; 2388
INTERNAL; 4; 7; 3; 2984; INPUT; 1; 5; 4; 3490
INTERNAL; 7; 10; 3; 4753; INTERNAL; 6; 9; 3; 3261
INTERNAL; 6; 9; 3; 3261; INTERNAL; 3; 8; 5; 3532
INTERNAL; 3; 8; 5; 3532; INPUT; 1; 4; 3; 1946
INTERNAL; 6; 9; 3; 3261; INTERNAL; 3; 8; 5; 2562
INTERNAL; 6; 9; 3; 3261; INTERNAL; 5; 8; 3; 2623
INTERNAL; 5; 8; 3; 2623; INTERNAL; 4; 7; 3; 2717
INTERNAL; 4; 7; 3; 2717; INTERNAL; 3; 6; 3; 1536
INTERNAL; 5; 8; 3; 2623; INTERNAL; 2; 7; 5; 4189
INTERNAL; 7; 10; 3; 4753; INTERNAL; 6; 9; 3; 1897
INTERNAL; 6; 9; 3; 1897; INTERNAL; 5; 8; 3; 2347
INTERNAL; 5; 8; 3; 2347; INTERNAL; 4; 7; 3; 601
INTERNAL; 4; 7; 3; 601; INTERNAL; 3; 6; 3; 1345
INTERNAL; 3; 6; 3; 1345; INTERNAL; 2; 5; 3; 4922
INTERNAL; 3; 6; 3; 1345; INTERNAL; 2; 5; 3; 2229
INTERNAL; 4; 7; 3; 601; INTERNAL; 3; 6; 3; 2841
INTERNAL; 5; 8; 3; 2347; INTERNAL; 3; 7; 4; 2354
INTERNAL; 5; 8; 3; 2347; INTERNAL; 3; 7; 4; 2449
INTERNAL; 3; 7; 4; 2449; INTERNAL; 2; 6; 4; 2123
INTERNAL; 6; 9; 3; 1897; INTERNAL; 5; 8; 3; 1792
INTERNAL; 5; 8; 3; 1792; INTERNAL; 3; 7; 4; 1848
INTERNAL; 3; 7; 4; 1848; INTERNAL; 2; 6; 4; 4460
INTERNAL; 5; 8; 3; 1792; INTERNAL; 4; 7; 3; 2438
INTERNAL; 6; 9; 3; 1897; INTERNAL; 5; 8; 3; 4152
INTERNAL; 5; 8; 3; 4152; INTERNAL; 2; 7; 5; 2692
INTERNAL; 5; 8; 3; 4152; INTERNAL; 4; 7; 3; 2315
INTERNAL; 4; 7; 3; 2315; INTERNAL; 3; 6; 3; 1655
INTERNAL; 3; 6; 3; 1655; INTERNAL; 2; 5; 3; 2386
INTERNAL; 4; 7; 3; 2315; INTERNAL; 2; 6; 4; 3775
INTERNAL; 8; 11; 3; 2495; INTERNAL; 5; 10; 5; 1535
INTERNAL; 5; 10; 5; 1535; INTERNAL; 4; 9; 5; 2786
INTERNAL; 4; 9; 5; 2786; INTERNAL; 3; 8; 5; 2932
INTERNAL; 4; 9; 5; 2786; INTERNAL; 2; 7; 5; 5845
INTERNAL; 5; 10; 5; 1535; INTERNAL; 3; 9; 6; 1797
INTERNAL; 3; 9; 6; 1797; INTERNAL; 2; 8; 6; 1753
INTERNAL; 9; 12; 3; 3585; INTERNAL; 5; 11; 6; 2985
INTERNAL; 5; 11; 6; 2985; INTERNAL; 4; 10; 6; 2273
INTERNAL; 4; 10; 6; 2273; INTERNAL; 2; 9; 7; 1033
INTERNAL; 5; 11; 6; 2985; INTERNAL; 3; 10; 7; 3622
INTERNAL; 5; 11; 6; 2985; INTERNAL; 3; 10; 7; 3460
INTERNAL; 5; 11; 6; 2985; INTERNAL; 3; 10; 7; 1023
INTERNAL; 3; 10; 7; 1023; INTERNAL; 2; 9; 7; 3522
INTERNAL; 11; 13; 2; 2393; INTERNAL; 10; 12; 2; 1762
INTERNAL; 10; 12; 2; 1762; INTERNAL; 8; 11; 3; 1585
INTERNAL; 10; 12; 2; 1762; INTERNAL; 9; 11; 2; 1592
INTERNAL; 9; 11; 2; 1592; INTERNAL; 8; 10; 2; 1582
INTERNAL; 8; 10; 2; 1582; INTERNAL; 6; 9; 3; 3357
INTERNAL; 8; 10; 2; 1582; INTERNAL; 7; 9; 2; 3870
INTERNAL; 7; 9; 2; 3870; INTERNAL; 6; 8; 2; 1570
INTERNAL; 6; 8; 2; 1570; INTERNAL; 5; 7; 2; 1565
INTERNAL; 5; 7; 2; 1565; INTERNAL; 4; 6; 2; 3596
INTERNAL; 4; 6; 2; 3596; INTERNAL; 3; 5; 2; 2366
INTERNAL; 4; 6; 2; 3596; INPUT; 1; 5; 4; 3501
INTERNAL; 7; 9; 2; 3870; INTERNAL; 4; 8; 4; 2339
INTERNAL; 4; 8; 4; 2339; INTERNAL; 3; 7; 4; 1547
INTERNAL; 4; 8; 4; 2339; INTERNAL; 3; 7; 4; 5629
INTERNAL; 7; 9; 2; 3870; INTERNAL; 5; 8; 3; 2857
INTERNAL; 5; 8; 3; 2857; INTERNAL; 3; 7; 4; 2657
INTERNAL; 8; 10; 2; 1582; INTERNAL; 6; 9; 3; 1579
INTERNAL; 9; 11; 2; 1592; INTERNAL; 7; 10; 3; 2038
INTERNAL; 9; 11; 2; 1592; INTERNAL; 7; 10; 3; 1932
INTERNAL; 7; 10; 3; 1932; INTERNAL; 6; 9; 3; 2723
INTERNAL; 6; 9; 3; 2723; INTERNAL; 4; 8; 4; 2342
INTERNAL; 6; 9; 3; 2723; INTERNAL; 5; 8; 3; 1127
INTERNAL; 5; 8; 3; 1127; INTERNAL; 4; 7; 3; 802
INTERNAL; 5; 8; 3; 1127; INTERNAL; 4; 7; 3; 1971
INTERNAL; 6; 9; 3; 2723; INTERNAL; 5; 8; 3; 4307
INTERNAL; 5; 8; 3; 4307; INTERNAL; 4; 7; 3; 2940
INTERNAL; 4; 7; 3; 2940; INTERNAL; 3; 6; 3; 3115
INTERNAL; 4; 7; 3; 2940; INTERNAL; 2; 6; 4; 898
INTERNAL; 5; 8; 3; 4307; INTERNAL; 4; 7; 3; 3506
INTERNAL; 4; 7; 3; 3506; INTERNAL; 3; 6; 3; 3187
INTERNAL; 5; 8; 3; 4307; INTERNAL; 4; 7; 3; 1542
INTERNAL; 7; 10; 3; 1932; INTERNAL; 5; 9; 4; 3148
INTERNAL; 5; 9; 4; 3148; INTERNAL; 4; 8; 4; 1533
INTERNAL; 4; 8; 4; 1533; INTERNAL; 3; 7; 4; 1527
INTERNAL; 5; 9; 4; 3148; INTERNAL; 4; 8; 4; 3715
INTERNAL; 4; 8; 4; 3715; INTERNAL; 3; 7; 4; 2961
INTERNAL; 5; 9; 4; 3148; INTERNAL; 4; 8; 4; 4251
INTERNAL; 4; 8; 4; 4251; INTERNAL; 2; 7; 5; 3530
INTERNAL; 7; 10; 3; 1932; INTERNAL; 6; 9; 3; 1259
INTERNAL; 10; 12; 2; 1762; INTERNAL; 8; 11; 3; 1093
INTERNAL; 8; 11; 3; 1093; INTERNAL; 7; 10; 3; 1522
INTERNAL; 7; 10; 3; 1522; INTERNAL; 6; 9; 3; 1681
INTERNAL; 6; 9; 3; 1681; INTERNAL; 4; 8; 4; 5806
INTERNAL; 6; 9; 3; 1681; INTERNAL; 5; 8; 3; 1790
INTERNAL; 6; 9; 3; 1681; INTERNAL; 4; 8; 4; 1510
INTERNAL; 7; 10; 3; 1522; INTERNAL; 6; 9; 3; 1519
INTERNAL; 6; 9; 3; 1519; INTERNAL; 5; 8; 3; 1516
INTERNAL; 5; 8; 3; 1516; INTERNAL; 3; 7; 4; 2909
INTERNAL; 6; 9; 3; 1519; INTERNAL; 3; 8; 5; 1660
INTERNAL; 6; 9; 3; 1519; INTERNAL; 4; 8; 4; 5605
INTERNAL; 7; 10; 3; 1522; INTERNAL; 6; 9; 3; 5351
INTERNAL; 8; 11; 3; 1093; INTERNAL; 7; 10; 3; 3763
INTERNAL; 8; 11; 3; 1093; INTERNAL; 7; 10; 3; 2475
INTERNAL; 11; 13; 2; 2393; INTERNAL; 9; 12; 3; 1597
INTERNAL; 9; 12; 3; 1597; INTERNAL; 7; 11; 4; 3293
INTERNAL; 7; 11; 4; 3293; INTERNAL; 4; 10; 6; 1505
INTERNAL; 7; 11; 4; 3293; INTERNAL; 3; 10; 7; 1504
INTERNAL; 7; 11; 4; 3293; INTERNAL; 6; 10; 4; 1506
INTERNAL; 9; 12; 3; 1597; INTERNAL; 6; 11; 5; 2496
INTERNAL; 6; 11; 5; 2496; INTERNAL; 4; 10; 6; 1707
INTERNAL; 4; 10; 6; 1707; INTERNAL; 3; 9; 6; 3006
INTERNAL; 3; 9; 6; 3006; INTERNAL; 2; 8; 6; 3609
INTERNAL; 3; 9; 6; 3006; INTERNAL; 2; 8; 6; 3617
INTERNAL; 3; 9; 6; 3006; INTERNAL; 2; 8; 6; 3615
INTERNAL; 4; 10; 6; 1707; INTERNAL; 3; 9; 6; 2492
INTERNAL; 3; 9; 6; 2492; INTERNAL; 2; 8; 6; 3734
INTERNAL; 3; 9; 6; 2492; INTERNAL; 2; 8; 6; 2007
INTERNAL; 2; 8; 6; 2007; INPUT; 1; 7; 6; 2970
INTERNAL; 3; 9; 6; 2492; INTERNAL; 2; 8; 6; 3057
INTERNAL; 3; 9; 6; 2492; INTERNAL; 2; 8; 6; 2645
INTERNAL; 4; 10; 6; 1707; INTERNAL; 3; 9; 6; 1788
INTERNAL; 6; 11; 5; 2496; INTERNAL; 5; 10; 5; 2551
INTERNAL; 5; 10; 5; 2551; INTERNAL; 2; 9; 7; 1099
INTERNAL; 5; 10; 5; 2551; INTERNAL; 3; 9; 6; 4684
INTERNAL; 3; 9; 6; 4684; INTERNAL; 2; 8; 6; 3008
INTERNAL; 5; 10; 5; 2551; INTERNAL; 4; 9; 5; 3723
INTERNAL; 4; 9; 5; 3723; INTERNAL; 2; 8; 6; 3534
INTERNAL; 4; 9; 5; 3723; INTERNAL; 3; 8; 5; 3537
INTERNAL; 4; 9; 5; 3723; INTERNAL; 2; 8; 6; 877
INTERNAL; 6; 11; 5; 2496; INTERNAL; 5; 10; 5; 4749
INTERNAL; 5; 10; 5; 4749; INTERNAL; 4; 9; 5; 921
INTERNAL; 4; 9; 5; 921; INTERNAL; 2; 8; 6; 3583
INTERNAL; 4; 9; 5; 921; INTERNAL; 3; 8; 5; 954
INTERNAL; 3; 8; 5; 954; INTERNAL; 2; 7; 5; 3463
INTERNAL; 9; 12; 3; 1597; INTERNAL; 8; 11; 3; 1507
INTERNAL; 12; 14; 2; 1608; INTERNAL; 10; 13; 3; 1606
INTERNAL; 10; 13; 3; 1606; INTERNAL; 9; 12; 3; 2494
INTERNAL; 10; 13; 3; 1606; INTERNAL; 5; 12; 7; 1652
INTERNAL; 5; 12; 7; 1652; INTERNAL; 4; 11; 7; 1772
INTERNAL; 5; 12; 7; 1652; INTERNAL; 3; 11; 8; 3214
INTERNAL; 3; 11; 8; 3214; INTERNAL; 2; 10; 8; 2095
INTERNAL; 3; 11; 8; 3214; INTERNAL; 2; 10; 8; 3676
INTERNAL; 5; 12; 7; 1652; INTERNAL; 4; 11; 7; 901
INTERNAL; 4; 11; 7; 901; INTERNAL; 3; 10; 7; 1808
INTERNAL; 10; 13; 3; 1606; INTERNAL; 7; 12; 5; 3042
INTERNAL; 7; 12; 5; 3042; INTERNAL; 6; 11; 5; 3111
INTERNAL; 7; 12; 5; 3042; INTERNAL; 5; 11; 6; 3531
INTERNAL; 5; 11; 6; 3531; INTERNAL; 3; 10; 7; 2804
INTERNAL; 5; 11; 6; 3531; INTERNAL; 4; 10; 6; 2672
INTERNAL; 4; 10; 6; 2672; INTERNAL; 3; 9; 6; 3621
INTERNAL; 3; 9; 6; 3621; INTERNAL; 2; 8; 6; 3627
INTERNAL; 5; 11; 6; 3531; INTERNAL; 4; 10; 6; 2224
INTERNAL; 7; 12; 5; 3042; INTERNAL; 5; 11; 6; 2369
INTERNAL; 5; 11; 6; 2369; INTERNAL; 4; 10; 6; 3503
INTERNAL; 5; 11; 6; 2369; INTERNAL; 3; 10; 7; 2483
INTERNAL; 5; 11; 6; 2369; INTERNAL; 4; 10; 6; 3638
INTERNAL; 4; 10; 6; 3638; INTERNAL; 3; 6; 3; 3092
INTERNAL; 5; 11; 6; 2369; INTERNAL; 3; 10; 7; 2864
INTERNAL; 3; 10; 7; 2864; INTERNAL; 2; 7; 5; 5640
INTERNAL; 12; 14; 2; 1608; INTERNAL; 7; 13; 6; 1599
INTERNAL; 13; 19; 6; 5844; INTERNAL; 11; 14; 3; 2530
INTERNAL; 11; 14; 3; 2530; INTERNAL; 10; 13; 3; 2912
INTERNAL; 11; 14; 3; 2530; INTERNAL; 5; 13; 8; 2390
INTERNAL; 5; 13; 8; 2390; INTERNAL; 4; 12; 8; 2171
UNKNOWN; -1; -1; -1; -1; OUTPUT; 18; 20; 2; 36
OUTPUT; 18; 20; 2; 36; INTERNAL; 17; 19; 2; 2128
INTERNAL; 17; 19; 2; 2128; INTERNAL; 13; 18; 5; 2716
INTERNAL; 13; 18; 5; 2716; INTERNAL; 12; 16; 4; 2441
INTERNAL; 12; 16; 4; 2441; INTERNAL; 10; 15; 5; 1447
INTERNAL; 10; 15; 5; 1447; INTERNAL; 9; 13; 4; 3810
INTERNAL; 9; 13; 4; 3810; INTERNAL; 7; 10; 3; 1360
INTERNAL; 7; 10; 3; 1360; INTERNAL; 5; 9; 4; 1637
INTERNAL; 5; 9; 4; 1637; INTERNAL; 4; 8; 4; 1838
INTERNAL; 5; 9; 4; 1637; INTERNAL; 4; 8; 4; 1482
INTERNAL; 7; 10; 3; 1360; INTERNAL; 6; 9; 3; 1190
INTERNAL; 9; 13; 4; 3810; INTERNAL; 7; 10; 3; 1945
INTERNAL; 9; 13; 4; 3810; INTERNAL; 8; 10; 2; 4440
INTERNAL; 8; 10; 2; 4440; INTERNAL; 5; 9; 4; 1334
INTERNAL; 8; 10; 2; 4440; INTERNAL; 7; 9; 2; 2153
INTERNAL; 10; 15; 5; 1447; INTERNAL; 8; 13; 5; 1870
INTERNAL; 10; 15; 5; 1447; INTERNAL; 7; 13; 6; 4356
INTERNAL; 12; 16; 4; 2441; INTERNAL; 11; 15; 4; 1452
INTERNAL; 11; 15; 4; 1452; INTERNAL; 9; 14; 5; 2749
INTERNAL; 9; 14; 5; 2749; INTERNAL; 8; 10; 2; 1491
INTERNAL; 9; 14; 5; 2749; INTERNAL; 6; 10; 4; 3003
INTERNAL; 9; 14; 5; 2749; INTERNAL; 7; 10; 3; 1490
INTERNAL; 11; 15; 4; 1452; INTERNAL; 10; 14; 4; 5153
INTERNAL; 10; 14; 4; 5153; INTERNAL; 9; 11; 2; 1493
INTERNAL; 10; 14; 4; 5153; INTERNAL; 9; 11; 2; 2434
INTERNAL; 10; 14; 4; 5153; INTERNAL; 9; 11; 2; 2493
INTERNAL; 11; 15; 4; 1452; INTERNAL; 10; 14; 4; 2759
INTERNAL; 13; 18; 5; 2716; INTERNAL; 12; 16; 4; 2948
INTERNAL; 12; 16; 4; 2948; INTERNAL; 11; 15; 4; 4512
INTERNAL; 11; 15; 4; 4512; INTERNAL; 10; 12; 2; 1640
INTERNAL; 11; 15; 4; 4512; INTERNAL; 9; 12; 3; 1494
INTERNAL; 9; 12; 3; 1494; INTERNAL; 7; 11; 4; 4937
INTERNAL; 9; 12; 3; 1494; INTERNAL; 6; 11; 5; 2546
INTERNAL; 9; 12; 3; 1494; INTERNAL; 8; 11; 3; 1474
INTERNAL; 11; 15; 4; 4512; INTERNAL; 10; 12; 2; 3687
INTERNAL; 12; 16; 4; 2948; INTERNAL; 11; 15; 4; 1467
INTERNAL; 12; 16; 4; 2948; INTERNAL; 9; 15; 6; 1465
INTERNAL; 17; 19; 2; 2128; INTERNAL; 12; 18; 6; 1770
INTERNAL; 17; 19; 2; 2128; INTERNAL; 16; 18; 2; 1760
INTERNAL; 16; 18; 2; 1760; INTERNAL; 13; 17; 4; 5333
INTERNAL; 16; 18; 2; 1760; INTERNAL; 15; 17; 2; 1456
INTERNAL; 15; 17; 2; 1456; INTERNAL; 14; 16; 2; 1470
INTERNAL; 14; 16; 2; 1470; INTERNAL; 13; 15; 2; 2133
INTERNAL; 13; 15; 2; 2133; INTERNAL; 12; 14; 2; 1498
INTERNAL; 12; 14; 2; 1498; INTERNAL; 9; 13; 4; 2256
INTERNAL; 12; 14; 2; 1498; INTERNAL; 11; 13; 2; 2295
INTERNAL; 12; 14; 2; 1498; INTERNAL; 11; 13; 2; 1495
INTERNAL; 13; 15; 2; 2133; INTERNAL; 12; 14; 2; 3859
INTERNAL; 14; 16; 2; 1470; INTERNAL; 13; 15; 2; 1503
INTERNAL; 15; 17; 2; 1456; INTERNAL; 12; 16; 4; 4160
INTERNAL; 15; 17; 2; 1456; INTERNAL; 13; 16; 3; 1619
INTERNAL; 15; 17; 2; 1456; INTERNAL; 12; 16; 4; 744
UNKNOWN; -1; -1; -1; -1; OUTPUT; 14; 20; 6; 23
OUTPUT; 14; 20; 6; 23; INTERNAL; 13; 19; 6; 4242
UNKNOWN; -1; -1; -1; -1; OUTPUT; 18; 20; 2; 28
OUTPUT; 18; 20; 2; 28; INTERNAL; 17; 19; 2; 4188
INTERNAL; 17; 19; 2; 4188; INTERNAL; 10; 18; 8; 4277
INTERNAL; 10; 18; 8; 4277; INTERNAL; 9; 14; 5; 4177
INTERNAL; 9; 14; 5; 4177; INTERNAL; 7; 13; 6; 4162
INTERNAL; 7; 13; 6; 4162; INTERNAL; 6; 9; 3; 4140
INTERNAL; 6; 9; 3; 4140; INTERNAL; 4; 8; 4; 3982
INTERNAL; 4; 8; 4; 3982; INTERNAL; 2; 6; 4; 2316
INTERNAL; 2; 6; 4; 2316; INPUT; 1; 4; 3; 604
INTERNAL; 4; 8; 4; 3982; INTERNAL; 3; 7; 4; 1383
INTERNAL; 3; 7; 4; 1383; INTERNAL; 2; 6; 4; 2376
INTERNAL; 2; 6; 4; 2376; INPUT; 1; 5; 4; 603
INTERNAL; 2; 6; 4; 2376; INPUT; 1; 5; 4; 1059
INTERNAL; 2; 6; 4; 2376; INPUT; 1; 5; 4; 600
INTERNAL; 2; 6; 4; 2376; INPUT; 1; 5; 4; 602
INTERNAL; 3; 7; 4; 1383; INTERNAL; 2; 6; 4; 2211
INTERNAL; 6; 9; 3; 4140; INTERNAL; 3; 8; 5; 3985
INTERNAL; 3; 8; 5; 3985; INTERNAL; 2; 7; 5; 1448
INTERNAL; 2; 7; 5; 1448; INPUT; 1; 6; 5; 5693
INTERNAL; 2; 7; 5; 1448; INPUT; 1; 6; 5; 1886
INTERNAL; 2; 7; 5; 1448; INPUT; 1; 6; 5; 5326
INTERNAL; 2; 7; 5; 1448; INPUT; 1; 6; 5; 899
INTERNAL; 3; 8; 5; 3985; INTERNAL; 2; 5; 3; 4802
INTERNAL; 6; 9; 3; 4140; INTERNAL; 5; 8; 3; 3981
INTERNAL; 5; 8; 3; 3981; INTERNAL; 4; 7; 3; 5982
INTERNAL; 4; 7; 3; 5982; INTERNAL; 3; 6; 3; 3466
INTERNAL; 3; 6; 3; 3466; INTERNAL; 2; 5; 3; 3913
INTERNAL; 3; 6; 3; 3466; INTERNAL; 2; 5; 3; 3910
INTERNAL; 5; 8; 3; 3981; INTERNAL; 2; 6; 4; 727
INTERNAL; 5; 8; 3; 3981; INTERNAL; 3; 7; 4; 3988
INTERNAL; 7; 13; 6; 4162; INTERNAL; 6; 9; 3; 3533
INTERNAL; 6; 9; 3; 3533; INTERNAL; 5; 8; 3; 4837
INTERNAL; 5; 8; 3; 4837; INTERNAL; 3; 7; 4; 4033
INTERNAL; 5; 8; 3; 4837; INTERNAL; 3; 7; 4; 4030
INTERNAL; 3; 7; 4; 4030; INTERNAL; 2; 6; 4; 5210
INTERNAL; 2; 6; 4; 5210; INPUT; 1; 5; 4; 4037
INTERNAL; 2; 6; 4; 5210; INPUT; 1; 5; 4; 4038
INTERNAL; 2; 6; 4; 5210; INPUT; 1; 5; 4; 2689
INTERNAL; 2; 6; 4; 5210; INPUT; 1; 5; 4; 4035
INTERNAL; 5; 8; 3; 4837; INTERNAL; 4; 7; 3; 4034
INTERNAL; 4; 7; 3; 4034; INTERNAL; 2; 6; 4; 5361
INTERNAL; 4; 7; 3; 4034; INTERNAL; 2; 6; 4; 583
INTERNAL; 6; 9; 3; 3533; INTERNAL; 5; 8; 3; 5038
INTERNAL; 5; 8; 3; 5038; INTERNAL; 4; 7; 3; 829
INTERNAL; 4; 7; 3; 829; INTERNAL; 2; 6; 4; 5956
INTERNAL; 4; 7; 3; 829; INTERNAL; 3; 6; 3; 4027
INTERNAL; 3; 6; 3; 4027; INTERNAL; 2; 5; 3; 4028
INTERNAL; 2; 5; 3; 4028; INPUT; 1; 4; 3; 5360
INTERNAL; 3; 6; 3; 4027; INTERNAL; 2; 5; 3; 1348
INTERNAL; 5; 8; 3; 5038; INTERNAL; 2; 5; 3; 648
INTERNAL; 2; 5; 3; 648; INPUT; 1; 4; 3; 6050
INTERNAL; 2; 5; 3; 648; INPUT; 1; 4; 3; 4164
INTERNAL; 2; 5; 3; 648; INPUT; 1; 4; 3; 646
INTERNAL; 2; 5; 3; 648; INPUT; 1; 4; 3; 2319
INTERNAL; 6; 9; 3; 3533; INTERNAL; 5; 8; 3; 4023
INTERNAL; 5; 8; 3; 4023; INTERNAL; 4; 7; 3; 4024
INTERNAL; 4; 7; 3; 4024; INPUT; 1; 6; 5; 3813
INTERNAL; 4; 7; 3; 4024; INPUT; 1; 6; 5; 1422
INTERNAL; 4; 7; 3; 4024; INPUT; 1; 6; 5; 4025
INTERNAL; 4; 7; 3; 4024; INPUT; 1; 6; 5; 4026
INTERNAL; 9; 14; 5; 4177; INTERNAL; 8; 13; 5; 4158
INTERNAL; 8; 13; 5; 4158; INTERNAL; 7; 10; 3; 4126
INTERNAL; 7; 10; 3; 4126; INTERNAL; 5; 9; 4; 5943
INTERNAL; 5; 9; 4; 5943; INTERNAL; 4; 8; 4; 4137
INTERNAL; 4; 8; 4; 4137; INTERNAL; 2; 7; 5; 2834
INTERNAL; 4; 8; 4; 4137; INTERNAL; 3; 7; 4; 1616
INTERNAL; 3; 7; 4; 1616; INTERNAL; 2; 6; 4; 3920
INTERNAL; 2; 6; 4; 3920; INPUT; 1; 5; 4; 5486
INTERNAL; 2; 6; 4; 3920; INPUT; 1; 5; 4; 3924
INTERNAL; 2; 6; 4; 3920; INPUT; 1; 5; 4; 1530
INTERNAL; 2; 6; 4; 3920; INPUT; 1; 5; 4; 3922
INTERNAL; 5; 9; 4; 5943; INTERNAL; 3; 8; 5; 2181
INTERNAL; 7; 10; 3; 4126; INTERNAL; 6; 9; 3; 4420
INTERNAL; 6; 9; 3; 4420; INTERNAL; 5; 8; 3; 1649
INTERNAL; 5; 8; 3; 1649; INTERNAL; 4; 7; 3; 5439
INTERNAL; 4; 7; 3; 5439; INTERNAL; 2; 5; 3; 1731
INTERNAL; 4; 7; 3; 5439; INTERNAL; 2; 6; 4; 4011
INTERNAL; 2; 6; 4; 4011; INPUT; 1; 5; 4; 4017
INTERNAL; 2; 6; 4; 4011; INPUT; 1; 5; 4; 4018
INTERNAL; 2; 6; 4; 4011; INPUT; 1; 5; 4; 4019
INTERNAL; 2; 6; 4; 4011; INPUT; 1; 5; 4; 3767
INTERNAL; 4; 7; 3; 5439; INTERNAL; 2; 6; 4; 3704
INTERNAL; 4; 7; 3; 5439; INTERNAL; 3; 6; 3; 2392
INTERNAL; 5; 8; 3; 1649; INTERNAL; 2; 7; 5; 4007
INTERNAL; 5; 8; 3; 1649; INTERNAL; 2; 7; 5; 5868
INTERNAL; 6; 9; 3; 4420; INTERNAL; 5; 8; 3; 4005
INTERNAL; 5; 8; 3; 4005; INTERNAL; 2; 7; 5; 5267
INTERNAL; 5; 8; 3; 4005; INTERNAL; 2; 7; 5; 1015
INTERNAL; 5; 8; 3; 4005; INTERNAL; 2; 6; 4; 3716
INTERNAL; 5; 8; 3; 4005; INTERNAL; 4; 7; 3; 4006
INTERNAL; 4; 7; 3; 4006; INTERNAL; 3; 6; 3; 900
INTERNAL; 3; 6; 3; 900; INTERNAL; 2; 5; 3; 2440
INTERNAL; 3; 6; 3; 900; INTERNAL; 2; 5; 3; 3359
INTERNAL; 5; 8; 3; 4005; INTERNAL; 4; 7; 3; 3943
INTERNAL; 7; 10; 3; 4126; INTERNAL; 6; 9; 3; 1911
INTERNAL; 6; 9; 3; 1911; INTERNAL; 3; 8; 5; 4127
INTERNAL; 6; 9; 3; 1911; INTERNAL; 5; 8; 3; 2313
INTERNAL; 5; 8; 3; 2313; INTERNAL; 3; 7; 4; 3698
INTERNAL; 5; 8; 3; 2313; INTERNAL; 3; 7; 4; 4129
INTERNAL; 5; 8; 3; 2313; INTERNAL; 4; 7; 3; 3626
INTERNAL; 4; 7; 3; 3626; INTERNAL; 3; 6; 3; 1485
INTERNAL; 8; 13; 5; 4158; INTERNAL; 7; 10; 3; 3587
INTERNAL; 8; 13; 5; 4158; INTERNAL; 7; 10; 3; 3200
INTERNAL; 7; 10; 3; 3200; INTERNAL; 6; 9; 3; 4003
INTERNAL; 7; 10; 3; 3200; INTERNAL; 6; 9; 3; 1085
INTERNAL; 7; 10; 3; 3200; INTERNAL; 6; 9; 3; 4001
INTERNAL; 6; 9; 3; 4001; INTERNAL; 4; 8; 4; 3045
INTERNAL; 4; 8; 4; 3045; INTERNAL; 3; 7; 4; 776
INTERNAL; 4; 8; 4; 3045; INTERNAL; 2; 7; 5; 1337
INTERNAL; 6; 9; 3; 4001; INTERNAL; 5; 8; 3; 593
INTERNAL; 5; 8; 3; 593; INTERNAL; 4; 7; 3; 588
INTERNAL; 4; 7; 3; 588; INTERNAL; 3; 6; 3; 582
INTERNAL; 9; 14; 5; 4177; INTERNAL; 8; 13; 5; 4161
INTERNAL; 8; 13; 5; 4161; INTERNAL; 7; 12; 5; 2982
INTERNAL; 8; 13; 5; 4161; INTERNAL; 5; 12; 7; 1167
INTERNAL; 8; 13; 5; 4161; INTERNAL; 6; 12; 6; 4165
INTERNAL; 10; 18; 8; 4277; INTERNAL; 8; 14; 6; 5420
INTERNAL; 17; 19; 2; 4188; INTERNAL; 13; 18; 5; 4182
INTERNAL; 13; 18; 5; 4182; INTERNAL; 12; 16; 4; 2467
INTERNAL; 12; 16; 4; 2467; INTERNAL; 11; 15; 4; 4150
INTERNAL; 11; 15; 4; 4150; INTERNAL; 10; 14; 4; 4154
INTERNAL; 10; 14; 4; 4154; INTERNAL; 9; 11; 2; 5036
INTERNAL; 9; 11; 2; 5036; INTERNAL; 8; 10; 2; 4122
INTERNAL; 8; 10; 2; 4122; INTERNAL; 5; 9; 4; 4047
INTERNAL; 5; 9; 4; 4047; INTERNAL; 3; 8; 5; 4065
INTERNAL; 3; 8; 5; 4065; INTERNAL; 2; 7; 5; 3190
INTERNAL; 5; 9; 4; 4047; INTERNAL; 4; 8; 4; 3572
INTERNAL; 4; 8; 4; 3572; INTERNAL; 2; 7; 5; 1301
INTERNAL; 4; 8; 4; 3572; INTERNAL; 2; 7; 5; 2426
INTERNAL; 4; 8; 4; 3572; INTERNAL; 2; 7; 5; 678
INTERNAL; 2; 7; 5; 678; INPUT; 1; 5; 4; 1841
INTERNAL; 4; 8; 4; 3572; INTERNAL; 3; 7; 4; 2811
INTERNAL; 3; 7; 4; 2811; INTERNAL; 2; 6; 4; 1752
INTERNAL; 5; 9; 4; 4047; INTERNAL; 3; 8; 5; 4066
INTERNAL; 8; 10; 2; 4122; INTERNAL; 6; 9; 3; 5801
INTERNAL; 6; 9; 3; 5801; INTERNAL; 5; 8; 3; 4053
INTERNAL; 5; 8; 3; 4053; INTERNAL; 2; 6; 4; 643
INTERNAL; 5; 8; 3; 4053; INTERNAL; 3; 7; 4; 3571
INTERNAL; 5; 8; 3; 4053; INTERNAL; 2; 7; 5; 1630
INTERNAL; 5; 8; 3; 4053; INTERNAL; 4; 7; 3; 4075
INTERNAL; 4; 7; 3; 4075; INTERNAL; 3; 6; 3; 655
INTERNAL; 4; 7; 3; 4075; INTERNAL; 3; 6; 3; 2469
INTERNAL; 4; 7; 3; 4075; INPUT; 1; 6; 5; 656
INTERNAL; 6; 9; 3; 5801; INTERNAL; 4; 8; 4; 4054
INTERNAL; 4; 8; 4; 4054; INTERNAL; 2; 7; 5; 631
INTERNAL; 2; 7; 5; 631; INPUT; 1; 6; 5; 4939
INTERNAL; 2; 7; 5; 631; INPUT; 1; 6; 5; 621
INTERNAL; 2; 7; 5; 631; INPUT; 1; 6; 5; 1823
INTERNAL; 4; 8; 4; 4054; INTERNAL; 3; 7; 4; 4057
INTERNAL; 3; 7; 4; 4057; INTERNAL; 2; 6; 4; 4882
INTERNAL; 2; 6; 4; 4882; INPUT; 1; 5; 4; 1944
INTERNAL; 2; 6; 4; 4882; INPUT; 1; 5; 4; 3773
INTERNAL; 2; 6; 4; 4882; INPUT; 1; 5; 4; 628
INTERNAL; 2; 6; 4; 4882; INPUT; 1; 5; 4; 627
INTERNAL; 3; 7; 4; 4057; INPUT; 1; 6; 5; 4060
INTERNAL; 6; 9; 3; 5801; INTERNAL; 4; 8; 4; 5027
INTERNAL; 4; 8; 4; 5027; INTERNAL; 3; 7; 4; 2604
INTERNAL; 3; 7; 4; 2604; INTERNAL; 2; 6; 4; 3727
INTERNAL; 3; 7; 4; 2604; INTERNAL; 2; 6; 4; 683
INTERNAL; 8; 10; 2; 4122; INTERNAL; 7; 9; 2; 3672
INTERNAL; 7; 9; 2; 3672; INTERNAL; 4; 8; 4; 769
INTERNAL; 4; 8; 4; 769; INTERNAL; 2; 7; 5; 4091
INTERNAL; 4; 8; 4; 769; INTERNAL; 3; 7; 4; 1555
INTERNAL; 4; 8; 4; 769; INTERNAL; 3; 7; 4; 952
INTERNAL; 4; 8; 4; 769; INTERNAL; 3; 7; 4; 738
INTERNAL; 4; 8; 4; 769; INTERNAL; 3; 7; 4; 3690
INTERNAL; 3; 7; 4; 3690; INTERNAL; 2; 6; 4; 2596
INTERNAL; 2; 6; 4; 2596; INPUT; 1; 5; 4; 3325
INTERNAL; 2; 6; 4; 2596; INPUT; 1; 5; 4; 1074
INTERNAL; 2; 6; 4; 2596; INPUT; 1; 5; 4; 1745
INTERNAL; 7; 9; 2; 3672; INTERNAL; 6; 8; 2; 4016
INTERNAL; 6; 8; 2; 4016; INTERNAL; 5; 7; 2; 1146
INTERNAL; 5; 7; 2; 1146; INTERNAL; 2; 6; 4; 1587
INTERNAL; 5; 7; 2; 1146; INTERNAL; 2; 6; 4; 5691
INTERNAL; 5; 7; 2; 1146; INTERNAL; 2; 5; 3; 3083
INTERNAL; 5; 7; 2; 1146; INTERNAL; 4; 6; 2; 3191
INTERNAL; 4; 6; 2; 3191; INTERNAL; 2; 5; 3; 763
INTERNAL; 6; 8; 2; 4016; INTERNAL; 3; 7; 4; 767
INTERNAL; 6; 8; 2; 4016; INTERNAL; 3; 7; 4; 3318
INTERNAL; 7; 9; 2; 3672; INTERNAL; 5; 8; 3; 2356
INTERNAL; 5; 8; 3; 2356; INTERNAL; 3; 7; 4; 1219
INTERNAL; 3; 7; 4; 1219; INPUT; 1; 6; 5; 3580
INTERNAL; 3; 7; 4; 1219; INPUT; 1; 6; 5; 2851
INTERNAL; 3; 7; 4; 1219; INPUT; 1; 6; 5; 1942
INTERNAL; 5; 8; 3; 2356; INTERNAL; 2; 7; 5; 750
INTERNAL; 5; 8; 3; 2356; INTERNAL; 4; 7; 3; 1977
INTERNAL; 4; 7; 3; 1977; INTERNAL; 3; 6; 3; 749
INTERNAL; 5; 8; 3; 2356; INTERNAL; 2; 7; 5; 1724
INTERNAL; 2; 7; 5; 1724; INPUT; 1; 6; 5; 1871
INTERNAL; 9; 11; 2; 5036; INTERNAL; 8; 10; 2; 4124
INTERNAL; 8; 10; 2; 4124; INTERNAL; 6; 9; 3; 3978
INTERNAL; 8; 10; 2; 4124; INTERNAL; 7; 9; 2; 3977
INTERNAL; 7; 9; 2; 3977; INTERNAL; 4; 8; 4; 1717
INTERNAL; 4; 8; 4; 1717; INTERNAL; 3; 7; 4; 637
INTERNAL; 3; 7; 4; 637; INTERNAL; 2; 6; 4; 3520
INTERNAL; 2; 6; 4; 3520; INPUT; 1; 5; 4; 1531
INTERNAL; 2; 6; 4; 3520; INPUT; 1; 5; 4; 5721
INTERNAL; 2; 6; 4; 3520; INPUT; 1; 5; 4; 690
INTERNAL; 4; 8; 4; 1717; INTERNAL; 2; 7; 5; 2064
INTERNAL; 4; 8; 4; 1717; INTERNAL; 2; 7; 5; 4221
INTERNAL; 7; 9; 2; 3977; INTERNAL; 5; 8; 3; 2588
INTERNAL; 5; 8; 3; 2588; INTERNAL; 2; 7; 5; 2298
INTERNAL; 5; 8; 3; 2588; INTERNAL; 3; 7; 4; 658
INTERNAL; 5; 8; 3; 2588; INTERNAL; 4; 7; 3; 2879
INTERNAL; 7; 9; 2; 3977; INTERNAL; 6; 8; 2; 3477
INTERNAL; 6; 8; 2; 3477; INTERNAL; 5; 7; 2; 665
INTERNAL; 5; 7; 2; 665; INTERNAL; 3; 6; 3; 3326
INTERNAL; 5; 7; 2; 665; INTERNAL; 4; 6; 2; 2421
INTERNAL; 6; 8; 2; 3477; INTERNAL; 4; 7; 3; 5125
INTERNAL; 4; 7; 3; 5125; INTERNAL; 3; 6; 3; 5804
INTERNAL; 8; 10; 2; 4124; INTERNAL; 6; 9; 3; 3979
INTERNAL; 6; 9; 3; 3979; INTERNAL; 5; 8; 3; 2997
INTERNAL; 5; 8; 3; 2997; INTERNAL; 4; 7; 3; 2460
INTERNAL; 4; 7; 3; 2460; INTERNAL; 3; 6; 3; 2640
INTERNAL; 3; 6; 3; 2640; INPUT; 1; 5; 4; 613
INTERNAL; 3; 6; 3; 2640; INPUT; 1; 5; 4; 614
INTERNAL; 5; 8; 3; 2997; INTERNAL; 3; 7; 4; 677
INTERNAL; 5; 8; 3; 2997; INTERNAL; 2; 7; 5; 1697
INTERNAL; 6; 9; 3; 3979; INTERNAL; 5; 8; 3; 2688
INTERNAL; 5; 8; 3; 2688; INTERNAL; 4; 7; 3; 1140
INTERNAL; 4; 7; 3; 1140; INTERNAL; 3; 6; 3; 917
INTERNAL; 5; 8; 3; 2688; INTERNAL; 4; 7; 3; 630
INTERNAL; 6; 9; 3; 3979; INTERNAL; 5; 8; 3; 2240
INTERNAL; 5; 8; 3; 2240; INTERNAL; 4; 7; 3; 3598
INTERNAL; 4; 7; 3; 3598; INTERNAL; 2; 6; 4; 781
INTERNAL; 5; 8; 3; 2240; INTERNAL; 3; 7; 4; 2348
INTERNAL; 5; 8; 3; 2240; INTERNAL; 3; 7; 4; 1863
INTERNAL; 9; 11; 2; 5036; INTERNAL; 6; 10; 4; 1056
INTERNAL; 10; 14; 4; 4154; INTERNAL; 9; 11; 2; 4117
INTERNAL; 9; 11; 2; 4117; INTERNAL; 7; 10; 3; 3973
INTERNAL; 9; 11; 2; 4117; INTERNAL; 8; 10; 2; 1662
INTERNAL; 9; 11; 2; 4117; INTERNAL; 7; 10; 3; 3976
INTERNAL; 7; 10; 3; 3976; INTERNAL; 3; 9; 6; 1737
INTERNAL; 7; 10; 3; 3976; INTERNAL; 6; 9; 3; 1923
INTERNAL; 7; 10; 3; 3976; INTERNAL; 6; 9; 3; 3386
INTERNAL; 10; 14; 4; 4154; INTERNAL; 8; 11; 3; 959
INTERNAL; 11; 15; 4; 4150; INTERNAL; 10; 14; 4; 3757
INTERNAL; 10; 14; 4; 3757; INTERNAL; 6; 13; 7; 817
INTERNAL; 6; 13; 7; 817; INTERNAL; 5; 9; 4; 4108
INTERNAL; 6; 13; 7; 817; INTERNAL; 5; 9; 4; 4110
INTERNAL; 5; 9; 4; 4110; INTERNAL; 3; 8; 5; 3422
INTERNAL; 5; 9; 4; 4110; INTERNAL; 3; 8; 5; 3820
INTERNAL; 5; 9; 4; 4110; INTERNAL; 4; 8; 4; 3077
INTERNAL; 4; 8; 4; 3077; INTERNAL; 3; 7; 4; 4079
INTERNAL; 5; 9; 4; 4110; INTERNAL; 2; 8; 6; 3823
INTERNAL; 10; 14; 4; 3757; INTERNAL; 9; 13; 4; 4772
INTERNAL; 10; 14; 4; 3757; INTERNAL; 8; 13; 5; 1830
INTERNAL; 8; 13; 5; 1830; INTERNAL; 7; 10; 3; 4107
INTERNAL; 7; 10; 3; 4107; INTERNAL; 6; 9; 3; 3523
INTERNAL; 6; 9; 3; 3523; INTERNAL; 5; 8; 3; 3755
INTERNAL; 5; 8; 3; 3755; INTERNAL; 3; 7; 4; 1835
INTERNAL; 3; 7; 4; 1835; INTERNAL; 2; 6; 4; 3787
INTERNAL; 5; 8; 3; 3755; INTERNAL; 4; 7; 3; 3765
INTERNAL; 4; 7; 3; 3765; INTERNAL; 2; 6; 4; 3768
INTERNAL; 4; 7; 3; 3765; INTERNAL; 3; 6; 3; 3333
INTERNAL; 5; 8; 3; 3755; INTERNAL; 3; 7; 4; 3759
INTERNAL; 3; 7; 4; 3759; INTERNAL; 2; 6; 4; 3778
INTERNAL; 2; 6; 4; 3778; INPUT; 1; 5; 4; 874
INTERNAL; 2; 6; 4; 3778; INPUT; 1; 5; 4; 875
INTERNAL; 2; 6; 4; 3778; INPUT; 1; 5; 4; 2288
INTERNAL; 3; 7; 4; 3759; INPUT; 1; 5; 4; 872
INTERNAL; 6; 9; 3; 3523; INTERNAL; 5; 8; 3; 1615
INTERNAL; 5; 8; 3; 1615; INTERNAL; 2; 7; 5; 3807
INTERNAL; 5; 8; 3; 1615; INTERNAL; 4; 7; 3; 5980
INTERNAL; 4; 7; 3; 5980; INTERNAL; 3; 6; 3; 915
INTERNAL; 5; 8; 3; 1615; INTERNAL; 2; 7; 5; 3804
INTERNAL; 6; 9; 3; 3523; INTERNAL; 5; 8; 3; 3758
INTERNAL; 5; 8; 3; 3758; INTERNAL; 3; 7; 4; 4610
INTERNAL; 3; 7; 4; 4610; INTERNAL; 2; 6; 4; 3799
INTERNAL; 2; 6; 4; 3799; INPUT; 1; 5; 4; 2627
INTERNAL; 2; 6; 4; 3799; INPUT; 1; 5; 4; 5702
INTERNAL; 2; 6; 4; 3799; INPUT; 1; 5; 4; 4986
INTERNAL; 2; 6; 4; 3799; INPUT; 1; 5; 4; 3724
INTERNAL; 5; 8; 3; 3758; INTERNAL; 2; 7; 5; 3790
INTERNAL; 5; 8; 3; 3758; INTERNAL; 4; 7; 3; 5577
INTERNAL; 4; 7; 3; 5577; INTERNAL; 2; 6; 4; 4285
INTERNAL; 4; 7; 3; 5577; INTERNAL; 3; 6; 3; 3791
INTERNAL; 7; 10; 3; 4107; INTERNAL; 6; 9; 3; 4078
INTERNAL; 6; 9; 3; 4078; INTERNAL; 5; 8; 3; 1461
INTERNAL; 5; 8; 3; 1461; INTERNAL; 2; 7; 5; 5700
INTERNAL; 5; 8; 3; 1461; INTERNAL; 4; 7; 3; 715
INTERNAL; 4; 7; 3; 715; INTERNAL; 2; 6; 4; 5195
INTERNAL; 2; 6; 4; 5195; INPUT; 1; 5; 4; 3073
INTERNAL; 4; 7; 3; 715; INTERNAL; 2; 6; 4; 3125
INTERNAL; 4; 7; 3; 715; INTERNAL; 2; 6; 4; 711
INTERNAL; 6; 9; 3; 4078; INTERNAL; 4; 8; 4; 3406
INTERNAL; 4; 8; 4; 3406; INTERNAL; 3; 7; 4; 2708
INTERNAL; 4; 8; 4; 3406; INTERNAL; 2; 7; 5; 2649
INTERNAL; 4; 8; 4; 3406; INTERNAL; 2; 7; 5; 696
INTERNAL; 6; 9; 3; 4078; INTERNAL; 5; 8; 3; 5740
INTERNAL; 5; 8; 3; 5740; INTERNAL; 3; 7; 4; 2068
INTERNAL; 3; 7; 4; 2068; INTERNAL; 2; 6; 4; 3413
INTERNAL; 3; 7; 4; 2068; INTERNAL; 2; 6; 4; 1828
INTERNAL; 5; 8; 3; 5740; INTERNAL; 4; 7; 3; 5592
INTERNAL; 4; 7; 3; 5592; INTERNAL; 3; 6; 3; 2178
INTERNAL; 5; 8; 3; 5740; INTERNAL; 4; 7; 3; 3179
INTERNAL; 5; 8; 3; 5740; INTERNAL; 4; 7; 3; 3991
INTERNAL; 4; 7; 3; 3991; INTERNAL; 3; 6; 3; 704
INTERNAL; 3; 6; 3; 704; INTERNAL; 2; 5; 3; 1931
INTERNAL; 3; 6; 3; 704; INTERNAL; 2; 5; 3; 4982
INTERNAL; 2; 5; 3; 4982; INPUT; 1; 4; 3; 3730
INTERNAL; 4; 7; 3; 3991; INTERNAL; 3; 6; 3; 3542
INTERNAL; 7; 10; 3; 4107; INTERNAL; 5; 9; 4; 1777
INTERNAL; 8; 13; 5; 1830; INTERNAL; 6; 10; 4; 3685
INTERNAL; 11; 15; 4; 4150; INTERNAL; 9; 14; 5; 4155
INTERNAL; 12; 16; 4; 2467; INTERNAL; 11; 15; 4; 4148
INTERNAL; 11; 15; 4; 4148; INTERNAL; 10; 12; 2; 2825
INTERNAL; 10; 12; 2; 2825; INTERNAL; 9; 11; 2; 3285
INTERNAL; 9; 11; 2; 3285; INTERNAL; 8; 10; 2; 5987
INTERNAL; 8; 10; 2; 5987; INTERNAL; 3; 9; 6; 771
INTERNAL; 3; 9; 6; 771; INTERNAL; 2; 8; 6; 688
INTERNAL; 8; 10; 2; 5987; INTERNAL; 6; 9; 3; 2715
INTERNAL; 8; 10; 2; 5987; INTERNAL; 7; 9; 2; 773
INTERNAL; 9; 11; 2; 3285; INTERNAL; 8; 10; 2; 4044
INTERNAL; 9; 11; 2; 3285; INTERNAL; 8; 10; 2; 591
INTERNAL; 8; 10; 2; 591; INTERNAL; 7; 9; 2; 972
INTERNAL; 8; 10; 2; 591; INTERNAL; 3; 9; 6; 668
INTERNAL; 3; 9; 6; 668; INTERNAL; 2; 8; 6; 1185
INTERNAL; 2; 8; 6; 1185; INPUT; 1; 5; 4; 635
INTERNAL; 2; 8; 6; 1185; INPUT; 1; 5; 4; 1883
INTERNAL; 2; 8; 6; 1185; INPUT; 1; 5; 4; 636
INTERNAL; 2; 8; 6; 1185; INPUT; 1; 5; 4; 632
INTERNAL; 10; 12; 2; 2825; INTERNAL; 8; 11; 3; 4106
INTERNAL; 10; 12; 2; 2825; INTERNAL; 8; 11; 3; 2357
INTERNAL; 8; 11; 3; 2357; INTERNAL; 7; 10; 3; 4072
INTERNAL; 8; 11; 3; 2357; INTERNAL; 3; 10; 7; 4077
INTERNAL; 8; 11; 3; 2357; INTERNAL; 7; 10; 3; 4076
INTERNAL; 7; 10; 3; 4076; INTERNAL; 6; 9; 3; 735
INTERNAL; 7; 10; 3; 4076; INTERNAL; 4; 9; 5; 3753
INTERNAL; 4; 9; 5; 3753; INTERNAL; 3; 8; 5; 2472
INTERNAL; 3; 8; 5; 2472; INTERNAL; 2; 7; 5; 3833
INTERNAL; 4; 9; 5; 3753; INTERNAL; 3; 8; 5; 3818
INTERNAL; 3; 8; 5; 3818; INTERNAL; 2; 7; 5; 2752
INTERNAL; 4; 9; 5; 3753; INTERNAL; 3; 8; 5; 3822
INTERNAL; 3; 8; 5; 3822; INTERNAL; 2; 7; 5; 3825
INTERNAL; 11; 15; 4; 4148; INTERNAL; 10; 12; 2; 4104
INTERNAL; 11; 15; 4; 4148; INTERNAL; 10; 12; 2; 4358
INTERNAL; 10; 12; 2; 4358; INTERNAL; 9; 11; 2; 3968
INTERNAL; 10; 12; 2; 4358; INTERNAL; 9; 11; 2; 3971
INTERNAL; 9; 11; 2; 3971; INTERNAL; 7; 10; 3; 670
INTERNAL; 9; 11; 2; 3971; INTERNAL; 4; 10; 6; 1018
INTERNAL; 4; 10; 6; 1018; INTERNAL; 3; 9; 6; 3712
INTERNAL; 3; 9; 6; 3712; INTERNAL; 2; 8; 6; 3720
INTERNAL; 3; 9; 6; 3712; INTERNAL; 2; 8; 6; 5438
INTERNAL; 4; 10; 6; 1018; INTERNAL; 3; 9; 6; 3714
INTERNAL; 4; 10; 6; 1018; INTERNAL; 3; 9; 6; 3711
INTERNAL; 9; 11; 2; 3971; INTERNAL; 8; 10; 2; 1818
INTERNAL; 10; 12; 2; 4358; INTERNAL; 9; 11; 2; 3970
INTERNAL; 12; 16; 4; 2467; INTERNAL; 10; 15; 5; 4151
INTERNAL; 13; 18; 5; 4182; INTERNAL; 12; 16; 4; 4173
INTERNAL; 12; 16; 4; 4173; INTERNAL; 11; 15; 4; 2289
INTERNAL; 12; 16; 4; 4173; INTERNAL; 10; 15; 5; 5772
INTERNAL; 12; 16; 4; 4173; INTERNAL; 10; 15; 5; 4174
INTERNAL; 17; 19; 2; 4188; INTERNAL; 16; 18; 2; 1947
INTERNAL; 16; 18; 2; 1947; INTERNAL; 13; 17; 4; 4169
INTERNAL; 16; 18; 2; 1947; INTERNAL; 15; 17; 2; 4167
INTERNAL; 15; 17; 2; 4167; INTERNAL; 13; 16; 3; 3678
INTERNAL; 13; 16; 3; 3678; INTERNAL; 12; 14; 2; 4090
INTERNAL; 12; 14; 2; 4090; INTERNAL; 9; 13; 4; 3959
INTERNAL; 9; 13; 4; 3959; INTERNAL; 6; 11; 5; 2898
INTERNAL; 6; 11; 5; 2898; INTERNAL; 3; 10; 7; 3878
INTERNAL; 6; 11; 5; 2898; INTERNAL; 5; 10; 5; 3880
INTERNAL; 5; 10; 5; 3880; INTERNAL; 3; 9; 6; 3883
INTERNAL; 3; 9; 6; 3883; INTERNAL; 2; 6; 4; 3884
INTERNAL; 5; 10; 5; 3880; INTERNAL; 4; 9; 5; 4052
INTERNAL; 6; 11; 5; 2898; INTERNAL; 3; 10; 7; 3879
INTERNAL; 3; 10; 7; 3879; INTERNAL; 2; 9; 7; 3900
INTERNAL; 9; 13; 4; 3959; INTERNAL; 8; 11; 3; 3741
INTERNAL; 8; 11; 3; 3741; INTERNAL; 5; 10; 5; 3748
INTERNAL; 5; 10; 5; 3748; INTERNAL; 4; 9; 5; 3865
INTERNAL; 4; 9; 5; 3865; INTERNAL; 3; 8; 5; 1326
INTERNAL; 5; 10; 5; 3748; INTERNAL; 3; 9; 6; 4171
INTERNAL; 3; 9; 6; 4171; INTERNAL; 2; 8; 6; 3876
INTERNAL; 8; 11; 3; 3741; INTERNAL; 5; 10; 5; 3745
INTERNAL; 5; 10; 5; 3745; INTERNAL; 4; 9; 5; 3843
INTERNAL; 4; 9; 5; 3843; INTERNAL; 2; 8; 6; 4781
INTERNAL; 4; 9; 5; 3843; INTERNAL; 3; 8; 5; 1250
INTERNAL; 5; 10; 5; 3745; INTERNAL; 4; 9; 5; 770
INTERNAL; 5; 10; 5; 3745; INTERNAL; 3; 9; 6; 2737
INTERNAL; 8; 11; 3; 3741; INTERNAL; 7; 10; 3; 3744
INTERNAL; 9; 13; 4; 3959; INTERNAL; 4; 11; 7; 3743
INTERNAL; 4; 11; 7; 3743; INTERNAL; 3; 10; 7; 4401
INTERNAL; 4; 11; 7; 3743; INTERNAL; 2; 10; 8; 3907
INTERNAL; 12; 14; 2; 4090; INTERNAL; 11; 13; 2; 3086
INTERNAL; 11; 13; 2; 3086; INTERNAL; 10; 12; 2; 2225
INTERNAL; 10; 12; 2; 2225; INTERNAL; 9; 11; 2; 785
INTERNAL; 9; 11; 2; 785; INTERNAL; 8; 10; 2; 1959
INTERNAL; 9; 11; 2; 785; INTERNAL; 4; 10; 6; 5648
INTERNAL; 4; 10; 6; 5648; INTERNAL; 3; 9; 6; 4730
INTERNAL; 3; 9; 6; 4730; INTERNAL; 2; 8; 6; 2787
INTERNAL; 3; 9; 6; 4730; INTERNAL; 2; 8; 6; 2195
INTERNAL; 9; 11; 2; 785; INTERNAL; 5; 10; 5; 779
INTERNAL; 5; 10; 5; 779; INTERNAL; 3; 9; 6; 1242
INTERNAL; 5; 10; 5; 779; INTERNAL; 4; 9; 5; 2981
INTERNAL; 4; 9; 5; 2981; INTERNAL; 3; 8; 5; 1110
INTERNAL; 5; 10; 5; 779; INTERNAL; 3; 9; 6; 5921
INTERNAL; 10; 12; 2; 2225; INTERNAL; 9; 11; 2; 1330
INTERNAL; 10; 12; 2; 2225; INTERNAL; 5; 11; 6; 2782
INTERNAL; 5; 11; 6; 2782; INTERNAL; 4; 10; 6; 815
INTERNAL; 4; 10; 6; 815; INTERNAL; 3; 9; 6; 4807
INTERNAL; 5; 11; 6; 2782; INTERNAL; 3; 10; 7; 3722
INTERNAL; 11; 13; 2; 3086; INTERNAL; 9; 12; 3; 1872
INTERNAL; 11; 13; 2; 3086; INTERNAL; 5; 12; 7; 1145
INTERNAL; 5; 12; 7; 1145; INTERNAL; 4; 11; 7; 3441
INTERNAL; 5; 12; 7; 1145; INTERNAL; 3; 11; 8; 3914
INTERNAL; 5; 12; 7; 1145; INTERNAL; 3; 11; 8; 3493
INTERNAL; 12; 14; 2; 4090; INTERNAL; 11; 13; 2; 3957
INTERNAL; 11; 13; 2; 3957; INTERNAL; 10; 12; 2; 3960
INTERNAL; 11; 13; 2; 3957; INTERNAL; 10; 12; 2; 3961
INTERNAL; 11; 13; 2; 3957; INTERNAL; 10; 12; 2; 3963
INTERNAL; 10; 12; 2; 3963; INTERNAL; 9; 11; 2; 4069
INTERNAL; 10; 12; 2; 3963; INTERNAL; 8; 11; 3; 4071
INTERNAL; 10; 12; 2; 3963; INTERNAL; 8; 11; 3; 2559
INTERNAL; 13; 16; 3; 3678; INTERNAL; 12; 14; 2; 4092
INTERNAL; 12; 14; 2; 4092; INTERNAL; 11; 13; 2; 4095
INTERNAL; 12; 14; 2; 4092; INTERNAL; 11; 13; 2; 4094
INTERNAL; 12; 14; 2; 4092; INTERNAL; 10; 13; 3; 4100
INTERNAL; 15; 17; 2; 4167; INTERNAL; 12; 16; 4; 5025
INTERNAL; 15; 17; 2; 4167; INTERNAL; 12; 16; 4; 3417
INTERNAL; 15; 17; 2; 4167; INTERNAL; 14; 16; 2; 4143
INTERNAL; 14; 16; 2; 4143; INTERNAL; 13; 15; 2; 4087
INTERNAL; 14; 16; 2; 4143; INTERNAL; 13; 15; 2; 4083
INTERNAL; 13; 15; 2; 4083; INTERNAL; 12; 14; 2; 3113
INTERNAL; 12; 14; 2; 3113; INTERNAL; 5; 13; 8; 786
INTERNAL; 5; 13; 8; 786; INTERNAL; 3; 12; 9; 3947
INTERNAL; 5; 13; 8; 786; INTERNAL; 4; 12; 8; 1976
INTERNAL; 5; 13; 8; 786; INTERNAL; 3; 12; 9; 4816
INTERNAL; 12; 14; 2; 3113; INTERNAL; 5; 13; 8; 4000
INTERNAL; 5; 13; 8; 4000; INTERNAL; 4; 12; 8; 873
INTERNAL; 4; 12; 8; 873; INTERNAL; 3; 11; 8; 3934
INTERNAL; 12; 14; 2; 3113; INTERNAL; 11; 13; 2; 789
INTERNAL; 13; 15; 2; 4083; INTERNAL; 12; 14; 2; 3956
INTERNAL; 17; 19; 2; 4188; INTERNAL; 12; 18; 6; 4186
UNKNOWN; -1; -1; -1; -1; OUTPUT; 17; 20; 3; 18
OUTPUT; 17; 20; 3; 18; INTERNAL; 16; 19; 3; 4312
INTERNAL; 16; 19; 3; 4312; INTERNAL; 15; 17; 2; 5542
INTERNAL; 15; 17; 2; 5542; INTERNAL; 13; 16; 3; 1292
INTERNAL; 13; 16; 3; 1292; INTERNAL; 12; 14; 2; 5516
INTERNAL; 12; 14; 2; 5516; INTERNAL; 9; 13; 4; 5518
INTERNAL; 9; 13; 4; 5518; INTERNAL; 8; 11; 3; 833
INTERNAL; 8; 11; 3; 833; INTERNAL; 5; 9; 4; 4859
INTERNAL; 5; 9; 4; 4859; INTERNAL; 4; 8; 4; 4247
INTERNAL; 4; 8; 4; 4247; INTERNAL; 3; 7; 4; 4209
INTERNAL; 5; 9; 4; 4859; INTERNAL; 3; 8; 5; 5395
INTERNAL; 5; 9; 4; 4859; INTERNAL; 4; 8; 4; 4036
INTERNAL; 4; 8; 4; 4036; INTERNAL; 3; 7; 4; 3846
INTERNAL; 4; 8; 4; 4036; INTERNAL; 3; 7; 4; 5396
INTERNAL; 8; 11; 3; 833; INTERNAL; 7; 9; 2; 6045
INTERNAL; 7; 9; 2; 6045; INTERNAL; 5; 8; 3; 4501
INTERNAL; 5; 8; 3; 4501; INTERNAL; 2; 7; 5; 2633
INTERNAL; 5; 8; 3; 4501; INTERNAL; 4; 7; 3; 1502
INTERNAL; 4; 7; 3; 1502; INTERNAL; 3; 6; 3; 3178
INTERNAL; 4; 7; 3; 1502; INTERNAL; 2; 6; 4; 5391
INTERNAL; 5; 8; 3; 4501; INTERNAL; 3; 7; 4; 5389
INTERNAL; 3; 7; 4; 5389; INTERNAL; 2; 6; 4; 4984
INTERNAL; 7; 9; 2; 6045; INTERNAL; 6; 8; 2; 5377
INTERNAL; 6; 8; 2; 5377; INTERNAL; 5; 7; 2; 2035
INTERNAL; 5; 7; 2; 2035; INTERNAL; 2; 6; 4; 5380
INTERNAL; 5; 7; 2; 2035; INTERNAL; 4; 6; 2; 5378
INTERNAL; 6; 8; 2; 5377; INTERNAL; 5; 7; 2; 5768
INTERNAL; 5; 7; 2; 5768; INTERNAL; 4; 6; 2; 3097
INTERNAL; 5; 7; 2; 5768; INTERNAL; 2; 6; 4; 3323
INTERNAL; 7; 9; 2; 6045; INTERNAL; 5; 8; 3; 1641
INTERNAL; 5; 8; 3; 1641; INTERNAL; 3; 7; 4; 5392
INTERNAL; 5; 8; 3; 1641; INTERNAL; 3; 7; 4; 3962
INTERNAL; 5; 8; 3; 1641; INTERNAL; 4; 7; 3; 3793
INTERNAL; 5; 8; 3; 1641; INTERNAL; 2; 7; 5; 1400
INTERNAL; 8; 11; 3; 833; INTERNAL; 3; 8; 5; 5313
INTERNAL; 3; 8; 5; 5313; INTERNAL; 2; 7; 5; 5349
INTERNAL; 9; 13; 4; 5518; INTERNAL; 8; 11; 3; 2761
INTERNAL; 8; 11; 3; 2761; INTERNAL; 6; 10; 4; 5507
INTERNAL; 6; 10; 4; 5507; INTERNAL; 5; 9; 4; 5018
INTERNAL; 6; 10; 4; 5507; INTERNAL; 2; 9; 7; 929
INTERNAL; 2; 9; 7; 929; INPUT; 1; 6; 5; 3143
INTERNAL; 2; 9; 7; 929; INPUT; 1; 6; 5; 5328
INTERNAL; 2; 9; 7; 929; INPUT; 1; 6; 5; 5325
INTERNAL; 6; 10; 4; 5507; INTERNAL; 3; 9; 6; 3240
INTERNAL; 3; 9; 6; 3240; INTERNAL; 2; 5; 3; 1667
INTERNAL; 3; 9; 6; 3240; INTERNAL; 2; 6; 4; 5316
INTERNAL; 3; 9; 6; 3240; INTERNAL; 2; 5; 3; 5318
INTERNAL; 8; 11; 3; 2761; INTERNAL; 6; 10; 4; 2619
INTERNAL; 6; 10; 4; 2619; INTERNAL; 5; 7; 2; 4841
INTERNAL; 5; 7; 2; 4841; INTERNAL; 4; 6; 2; 2684
INTERNAL; 4; 6; 2; 2684; INTERNAL; 3; 5; 2; 5687
INTERNAL; 4; 6; 2; 2684; INTERNAL; 2; 5; 3; 1913
INTERNAL; 5; 7; 2; 4841; INTERNAL; 3; 6; 3; 4180
INTERNAL; 3; 6; 3; 4180; INTERNAL; 2; 5; 3; 3929
INTERNAL; 5; 7; 2; 4841; INTERNAL; 2; 4; 2; 5266
INTERNAL; 6; 10; 4; 2619; INTERNAL; 4; 7; 3; 2535
INTERNAL; 4; 7; 3; 2535; INTERNAL; 3; 6; 3; 5348
INTERNAL; 4; 7; 3; 2535; INTERNAL; 3; 6; 3; 5347
INTERNAL; 4; 7; 3; 2535; INTERNAL; 3; 6; 3; 5345
INTERNAL; 4; 7; 3; 2535; INTERNAL; 2; 6; 4; 3198
INTERNAL; 2; 6; 4; 3198; INPUT; 1; 5; 4; 4688
INTERNAL; 2; 6; 4; 3198; INPUT; 1; 5; 4; 1804
INTERNAL; 4; 7; 3; 2535; INTERNAL; 3; 6; 3; 4533
INTERNAL; 6; 10; 4; 2619; INTERNAL; 5; 7; 2; 6046
INTERNAL; 5; 7; 2; 6046; INTERNAL; 4; 6; 2; 5334
INTERNAL; 4; 6; 2; 5334; INTERNAL; 3; 5; 2; 3301
INTERNAL; 3; 5; 2; 3301; INTERNAL; 2; 4; 2; 2852
INTERNAL; 2; 4; 2; 2852; INPUT; 1; 3; 2; 3918
INTERNAL; 2; 4; 2; 2852; INPUT; 1; 3; 2; 4875
INTERNAL; 2; 4; 2; 2852; INPUT; 1; 3; 2; 2974
INTERNAL; 2; 4; 2; 2852; INPUT; 1; 3; 2; 5289
INTERNAL; 4; 6; 2; 5334; INTERNAL; 2; 5; 3; 5335
INTERNAL; 5; 7; 2; 6046; INTERNAL; 4; 6; 2; 4102
INTERNAL; 4; 6; 2; 4102; INTERNAL; 2; 5; 3; 5341
INTERNAL; 4; 6; 2; 4102; INTERNAL; 3; 5; 2; 5343
INTERNAL; 8; 11; 3; 2761; INTERNAL; 7; 10; 3; 3156
INTERNAL; 9; 13; 4; 5518; INTERNAL; 8; 11; 3; 5258
INTERNAL; 8; 11; 3; 5258; INTERNAL; 5; 9; 4; 3513
INTERNAL; 5; 9; 4; 3513; INTERNAL; 3; 8; 5; 3802
INTERNAL; 3; 8; 5; 3802; INTERNAL; 2; 7; 5; 4979
INTERNAL; 3; 8; 5; 3802; INTERNAL; 2; 7; 5; 5359
INTERNAL; 5; 9; 4; 3513; INTERNAL; 4; 8; 4; 940
INTERNAL; 4; 8; 4; 940; INTERNAL; 3; 7; 4; 5353
INTERNAL; 3; 7; 4; 5353; INTERNAL; 2; 6; 4; 5356
INTERNAL; 4; 8; 4; 940; INTERNAL; 3; 7; 4; 5352
INTERNAL; 8; 11; 3; 5258; INTERNAL; 7; 9; 2; 5307
INTERNAL; 7; 9; 2; 5307; INTERNAL; 6; 8; 2; 5309
INTERNAL; 6; 8; 2; 5309; INTERNAL; 4; 7; 3; 4669
INTERNAL; 4; 7; 3; 4669; INTERNAL; 3; 6; 3; 5331
INTERNAL; 4; 7; 3; 4669; INPUT; 1; 6; 5; 1457
INTERNAL; 4; 7; 3; 4669; INPUT; 1; 6; 5; 5330
INTERNAL; 4; 7; 3; 4669; INTERNAL; 3; 6; 3; 664
INTERNAL; 3; 6; 3; 664; INTERNAL; 2; 5; 3; 1785
INTERNAL; 3; 6; 3; 664; INTERNAL; 2; 5; 3; 5332
INTERNAL; 4; 7; 3; 4669; INPUT; 1; 6; 5; 4223
INTERNAL; 4; 7; 3; 4669; INPUT; 1; 6; 5; 5329
INTERNAL; 6; 8; 2; 5309; INTERNAL; 4; 7; 3; 6022
INTERNAL; 4; 7; 3; 6022; INTERNAL; 2; 6; 4; 5175
INTERNAL; 4; 7; 3; 6022; INTERNAL; 3; 6; 3; 5327
INTERNAL; 4; 7; 3; 6022; INTERNAL; 3; 6; 3; 1718
INTERNAL; 6; 8; 2; 5309; INTERNAL; 5; 7; 2; 5314
INTERNAL; 5; 7; 2; 5314; INTERNAL; 2; 6; 4; 5315
INTERNAL; 2; 6; 4; 5315; INPUT; 1; 5; 4; 2039
INTERNAL; 5; 7; 2; 5314; INTERNAL; 4; 6; 2; 3032
INTERNAL; 4; 6; 2; 3032; INTERNAL; 3; 5; 2; 4176
INTERNAL; 4; 6; 2; 3032; INTERNAL; 3; 5; 2; 1677
INTERNAL; 5; 7; 2; 5314; INTERNAL; 4; 6; 2; 2977
INTERNAL; 7; 9; 2; 5307; INTERNAL; 6; 8; 2; 5310
INTERNAL; 8; 11; 3; 5258; INTERNAL; 5; 9; 4; 2760
INTERNAL; 5; 9; 4; 2760; INTERNAL; 2; 6; 4; 3050
INTERNAL; 5; 9; 4; 2760; INTERNAL; 4; 8; 4; 4370
INTERNAL; 4; 8; 4; 4370; INTERNAL; 3; 7; 4; 5364
INTERNAL; 5; 9; 4; 2760; INTERNAL; 3; 8; 5; 5363
INTERNAL; 5; 9; 4; 2760; INTERNAL; 2; 6; 4; 5362
INTERNAL; 12; 14; 2; 5516; INTERNAL; 11; 13; 2; 4378
INTERNAL; 11; 13; 2; 4378; INTERNAL; 9; 12; 3; 5449
INTERNAL; 11; 13; 2; 4378; INTERNAL; 10; 12; 2; 5444
INTERNAL; 10; 12; 2; 5444; INTERNAL; 8; 11; 3; 4073
INTERNAL; 8; 11; 3; 4073; INTERNAL; 7; 9; 2; 4655
INTERNAL; 7; 9; 2; 4655; INTERNAL; 6; 8; 2; 4120
INTERNAL; 6; 8; 2; 4120; INTERNAL; 4; 7; 3; 2741
INTERNAL; 4; 7; 3; 2741; INTERNAL; 3; 6; 3; 5162
INTERNAL; 6; 8; 2; 4120; INTERNAL; 4; 7; 3; 666
INTERNAL; 6; 8; 2; 4120; INTERNAL; 5; 7; 2; 2980
INTERNAL; 5; 7; 2; 2980; INTERNAL; 3; 6; 3; 5244
INTERNAL; 3; 6; 3; 5244; INPUT; 1; 5; 4; 5248
INTERNAL; 3; 6; 3; 5244; INPUT; 1; 5; 4; 4966
INTERNAL; 3; 6; 3; 5244; INPUT; 1; 5; 4; 2462
INTERNAL; 3; 6; 3; 5244; INPUT; 1; 5; 4; 4965
INTERNAL; 5; 7; 2; 2980; INTERNAL; 3; 6; 3; 3124
INTERNAL; 5; 7; 2; 2980; INTERNAL; 2; 6; 4; 5247
INTERNAL; 5; 7; 2; 2980; INTERNAL; 3; 6; 3; 5245
INTERNAL; 5; 7; 2; 2980; INTERNAL; 4; 6; 2; 625
INTERNAL; 7; 9; 2; 4655; INTERNAL; 3; 8; 5; 5200
INTERNAL; 7; 9; 2; 4655; INTERNAL; 6; 8; 2; 2025
INTERNAL; 6; 8; 2; 2025; INTERNAL; 5; 7; 2; 4712
INTERNAL; 5; 7; 2; 4712; INTERNAL; 3; 6; 3; 3260
INTERNAL; 3; 6; 3; 3260; INTERNAL; 2; 5; 3; 1575
INTERNAL; 3; 6; 3; 3260; INTERNAL; 2; 5; 3; 1281
INTERNAL; 5; 7; 2; 4712; INTERNAL; 4; 6; 2; 5215
INTERNAL; 4; 6; 2; 5215; INTERNAL; 2; 5; 3; 5220
INTERNAL; 4; 6; 2; 5215; INTERNAL; 3; 5; 2; 2756
INTERNAL; 5; 7; 2; 4712; INTERNAL; 3; 6; 3; 5214
INTERNAL; 6; 8; 2; 2025; INTERNAL; 5; 7; 2; 5202
INTERNAL; 5; 7; 2; 5202; INTERNAL; 2; 6; 4; 5226
INTERNAL; 5; 7; 2; 5202; INTERNAL; 4; 6; 2; 5229
INTERNAL; 4; 6; 2; 5229; INTERNAL; 3; 5; 2; 5233
INTERNAL; 4; 6; 2; 5229; INTERNAL; 2; 5; 3; 5232
INTERNAL; 6; 8; 2; 2025; INTERNAL; 5; 7; 2; 5201
INTERNAL; 5; 7; 2; 5201; INTERNAL; 4; 6; 2; 2306
INTERNAL; 4; 6; 2; 2306; INTERNAL; 3; 5; 2; 3902
INTERNAL; 5; 7; 2; 5201; INTERNAL; 3; 6; 3; 5203
INTERNAL; 3; 6; 3; 5203; INTERNAL; 2; 5; 3; 2400
INTERNAL; 8; 11; 3; 4073; INTERNAL; 5; 9; 4; 4714
INTERNAL; 5; 9; 4; 4714; INTERNAL; 4; 8; 4; 5294
INTERNAL; 4; 8; 4; 5294; INTERNAL; 3; 7; 4; 3398
INTERNAL; 3; 7; 4; 3398; INTERNAL; 2; 6; 4; 2275
INTERNAL; 5; 9; 4; 4714; INTERNAL; 2; 8; 6; 1102
INTERNAL; 5; 9; 4; 4714; INTERNAL; 2; 8; 6; 5296
INTERNAL; 5; 9; 4; 4714; INTERNAL; 3; 8; 5; 5293
INTERNAL; 3; 8; 5; 5293; INTERNAL; 2; 7; 5; 3738
INTERNAL; 8; 11; 3; 4073; INTERNAL; 7; 9; 2; 5199
INTERNAL; 7; 9; 2; 5199; INTERNAL; 5; 8; 3; 5268
INTERNAL; 5; 8; 3; 5268; INTERNAL; 4; 7; 3; 5255
INTERNAL; 4; 7; 3; 5255; INTERNAL; 3; 6; 3; 3925
INTERNAL; 5; 8; 3; 5268; INTERNAL; 4; 7; 3; 4907
INTERNAL; 4; 7; 3; 4907; INTERNAL; 3; 6; 3; 5290
INTERNAL; 4; 7; 3; 4907; INTERNAL; 3; 6; 3; 5292
INTERNAL; 3; 6; 3; 5292; INTERNAL; 2; 5; 3; 5606
INTERNAL; 7; 9; 2; 5199; INTERNAL; 6; 8; 2; 3901
INTERNAL; 6; 8; 2; 3901; INTERNAL; 5; 7; 2; 1962
INTERNAL; 5; 7; 2; 1962; INTERNAL; 4; 6; 2; 5278
INTERNAL; 4; 6; 2; 5278; INTERNAL; 3; 5; 2; 2910
INTERNAL; 4; 6; 2; 5278; INTERNAL; 2; 5; 3; 5280
INTERNAL; 4; 6; 2; 5278; INTERNAL; 2; 5; 3; 1050
INTERNAL; 5; 7; 2; 1962; INTERNAL; 4; 6; 2; 5277
INTERNAL; 4; 6; 2; 5277; INTERNAL; 3; 5; 2; 3992
INTERNAL; 3; 5; 2; 3992; INTERNAL; 2; 4; 2; 1784
INTERNAL; 6; 8; 2; 3901; INTERNAL; 5; 7; 2; 5188
INTERNAL; 5; 7; 2; 5188; INTERNAL; 2; 6; 4; 607
INTERNAL; 5; 7; 2; 5188; INTERNAL; 4; 6; 2; 2406
INTERNAL; 4; 6; 2; 2406; INTERNAL; 3; 5; 2; 5276
INTERNAL; 5; 7; 2; 5188; INTERNAL; 4; 6; 2; 5274
INTERNAL; 5; 7; 2; 5188; INTERNAL; 2; 6; 4; 3436
INTERNAL; 6; 8; 2; 3901; INTERNAL; 4; 7; 3; 5269
INTERNAL; 4; 7; 3; 5269; INTERNAL; 2; 6; 4; 5287
INTERNAL; 4; 7; 3; 5269; INTERNAL; 3; 6; 3; 5288
INTERNAL; 4; 7; 3; 5269; INTERNAL; 3; 6; 3; 5191
INTERNAL; 3; 6; 3; 5191; INTERNAL; 2; 5; 3; 5270
INTERNAL; 10; 12; 2; 5444; INTERNAL; 9; 11; 2; 3356
INTERNAL; 9; 11; 2; 3356; INTERNAL; 8; 10; 2; 5451
INTERNAL; 8; 10; 2; 5451; INTERNAL; 6; 9; 3; 2796
INTERNAL; 8; 10; 2; 5451; INTERNAL; 7; 9; 2; 5417
INTERNAL; 7; 9; 2; 5417; INTERNAL; 3; 8; 5; 1666
INTERNAL; 7; 9; 2; 5417; INTERNAL; 4; 8; 4; 5454
INTERNAL; 4; 8; 4; 5454; INTERNAL; 3; 7; 4; 5455
INTERNAL; 3; 7; 4; 5455; INTERNAL; 2; 6; 4; 3930
INTERNAL; 4; 8; 4; 5454; INTERNAL; 2; 7; 5; 5403
INTERNAL; 4; 8; 4; 5454; INTERNAL; 3; 7; 4; 2744
INTERNAL; 7; 9; 2; 5417; INTERNAL; 6; 8; 2; 3053
INTERNAL; 6; 8; 2; 3053; INTERNAL; 5; 7; 2; 2209
INTERNAL; 5; 7; 2; 2209; INTERNAL; 4; 6; 2; 3528
INTERNAL; 4; 6; 2; 3528; INTERNAL; 2; 5; 3; 5408
INTERNAL; 4; 6; 2; 3528; INTERNAL; 3; 5; 2; 3391
INTERNAL; 6; 8; 2; 3053; INTERNAL; 5; 7; 2; 5407
INTERNAL; 5; 7; 2; 5407; INTERNAL; 4; 6; 2; 3349
INTERNAL; 8; 10; 2; 5451; INTERNAL; 6; 9; 3; 5452
INTERNAL; 6; 9; 3; 5452; INTERNAL; 3; 8; 5; 3800
INTERNAL; 3; 8; 5; 3800; INTERNAL; 2; 7; 5; 3855
INTERNAL; 6; 9; 3; 5452; INTERNAL; 5; 8; 3; 5456
INTERNAL; 5; 8; 3; 5456; INTERNAL; 3; 7; 4; 5457
INTERNAL; 5; 8; 3; 5456; INTERNAL; 4; 7; 3; 5459
INTERNAL; 4; 7; 3; 5459; INTERNAL; 2; 6; 4; 5462
INTERNAL; 6; 9; 3; 5452; INTERNAL; 4; 8; 4; 1152
INTERNAL; 4; 8; 4; 1152; INTERNAL; 3; 7; 4; 5464
INTERNAL; 9; 11; 2; 3356; INTERNAL; 7; 10; 3; 3562
INTERNAL; 9; 11; 2; 3356; INTERNAL; 7; 10; 3; 3939
INTERNAL; 10; 12; 2; 5444; INTERNAL; 8; 11; 3; 3837
INTERNAL; 8; 11; 3; 3837; INTERNAL; 7; 10; 3; 2669
INTERNAL; 7; 10; 3; 2669; INTERNAL; 6; 9; 3; 5467
INTERNAL; 6; 9; 3; 5467; INTERNAL; 4; 8; 4; 3201
INTERNAL; 6; 9; 3; 5467; INTERNAL; 5; 8; 3; 956
INTERNAL; 5; 8; 3; 956; INTERNAL; 4; 7; 3; 5470
INTERNAL; 5; 8; 3; 956; INTERNAL; 2; 7; 5; 5426
INTERNAL; 5; 8; 3; 956; INTERNAL; 4; 7; 3; 4340
INTERNAL; 4; 7; 3; 4340; INTERNAL; 2; 6; 4; 5427
INTERNAL; 6; 9; 3; 5467; INTERNAL; 4; 8; 4; 5469
INTERNAL; 4; 8; 4; 5469; INTERNAL; 3; 7; 4; 2084
INTERNAL; 7; 10; 3; 2669; INTERNAL; 6; 9; 3; 2141
INTERNAL; 7; 10; 3; 2669; INTERNAL; 6; 9; 3; 726
INTERNAL; 8; 11; 3; 3837; INTERNAL; 7; 10; 3; 5466
INTERNAL; 7; 10; 3; 5466; INTERNAL; 6; 9; 3; 5476
INTERNAL; 7; 10; 3; 5466; INTERNAL; 5; 9; 4; 5480
INTERNAL; 5; 9; 4; 5480; INTERNAL; 4; 8; 4; 4771
INTERNAL; 4; 8; 4; 4771; INTERNAL; 3; 7; 4; 3428
INTERNAL; 4; 8; 4; 4771; INTERNAL; 3; 7; 4; 1352
INTERNAL; 4; 8; 4; 4771; INTERNAL; 3; 7; 4; 5499
INTERNAL; 5; 9; 4; 5480; INTERNAL; 4; 8; 4; 5498
INTERNAL; 4; 8; 4; 5498; INTERNAL; 3; 7; 4; 5503
INTERNAL; 4; 8; 4; 5498; INTERNAL; 2; 7; 5; 4679
INTERNAL; 5; 9; 4; 5480; INTERNAL; 4; 8; 4; 5497
INTERNAL; 4; 8; 4; 5497; INTERNAL; 2; 7; 5; 2424
INTERNAL; 4; 8; 4; 5497; INTERNAL; 3; 7; 4; 2491
INTERNAL; 7; 10; 3; 5466; INTERNAL; 6; 9; 3; 4289
INTERNAL; 6; 9; 3; 4289; INTERNAL; 4; 8; 4; 3331
INTERNAL; 4; 8; 4; 3331; INTERNAL; 3; 6; 3; 5491
INTERNAL; 6; 9; 3; 4289; INTERNAL; 5; 8; 3; 2702
INTERNAL; 5; 8; 3; 2702; INTERNAL; 4; 7; 3; 5483
INTERNAL; 5; 8; 3; 2702; INTERNAL; 3; 7; 4; 3709
INTERNAL; 3; 7; 4; 3709; INTERNAL; 2; 6; 4; 5484
INTERNAL; 2; 6; 4; 5484; INPUT; 1; 5; 4; 3142
INTERNAL; 5; 8; 3; 2702; INTERNAL; 4; 7; 3; 5482
INTERNAL; 8; 11; 3; 3837; INTERNAL; 7; 10; 3; 5238
INTERNAL; 11; 13; 2; 4378; INTERNAL; 9; 12; 3; 5447
INTERNAL; 9; 12; 3; 5447; INTERNAL; 4; 10; 6; 5198
INTERNAL; 4; 10; 6; 5198; INTERNAL; 3; 9; 6; 5763
INTERNAL; 4; 10; 6; 5198; INTERNAL; 3; 9; 6; 5370
INTERNAL; 4; 10; 6; 5198; INTERNAL; 3; 9; 6; 3812
INTERNAL; 9; 12; 3; 5447; INTERNAL; 8; 10; 2; 5061
INTERNAL; 9; 12; 3; 5447; INTERNAL; 8; 10; 2; 5197
INTERNAL; 12; 14; 2; 5516; INTERNAL; 11; 13; 2; 826
INTERNAL; 11; 13; 2; 826; INTERNAL; 10; 12; 2; 4021
INTERNAL; 10; 12; 2; 4021; INTERNAL; 9; 11; 2; 5519
INTERNAL; 10; 12; 2; 4021; INTERNAL; 7; 11; 4; 5246
INTERNAL; 7; 11; 4; 5246; INTERNAL; 6; 10; 4; 5520
INTERNAL; 7; 11; 4; 5246; INTERNAL; 6; 10; 4; 1993
INTERNAL; 10; 12; 2; 4021; INTERNAL; 8; 11; 3; 4989
INTERNAL; 11; 13; 2; 826; INTERNAL; 10; 12; 2; 4422
INTERNAL; 11; 13; 2; 826; INTERNAL; 10; 12; 2; 4892
INTERNAL; 10; 12; 2; 4892; INTERNAL; 9; 11; 2; 3313
INTERNAL; 9; 11; 2; 3313; INTERNAL; 8; 10; 2; 2024
INTERNAL; 8; 10; 2; 2024; INTERNAL; 6; 9; 3; 5527
INTERNAL; 8; 10; 2; 2024; INTERNAL; 7; 9; 2; 5524
INTERNAL; 7; 9; 2; 5524; INTERNAL; 6; 8; 2; 610
INTERNAL; 6; 8; 2; 610; INTERNAL; 5; 7; 2; 4314
INTERNAL; 5; 7; 2; 4314; INTERNAL; 4; 6; 2; 3640
INTERNAL; 7; 9; 2; 5524; INTERNAL; 4; 8; 4; 5528
INTERNAL; 4; 8; 4; 5528; INTERNAL; 2; 7; 5; 5436
INTERNAL; 9; 11; 2; 3313; INTERNAL; 7; 10; 3; 1131
INTERNAL; 7; 10; 3; 1131; INTERNAL; 5; 9; 4; 5532
INTERNAL; 7; 10; 3; 1131; INTERNAL; 6; 9; 3; 1557
INTERNAL; 9; 11; 2; 3313; INTERNAL; 7; 10; 3; 1771
INTERNAL; 10; 12; 2; 4892; INTERNAL; 9; 11; 2; 5521
INTERNAL; 9; 11; 2; 5521; INTERNAL; 7; 10; 3; 3354
INTERNAL; 9; 11; 2; 5521; INTERNAL; 8; 10; 2; 5522
INTERNAL; 9; 11; 2; 5521; INTERNAL; 7; 10; 3; 2695
INTERNAL; 10; 12; 2; 4892; INTERNAL; 8; 11; 3; 4968
INTERNAL; 13; 16; 3; 1292; INTERNAL; 12; 14; 2; 4654
INTERNAL; 12; 14; 2; 4654; INTERNAL; 10; 13; 3; 5443
INTERNAL; 10; 13; 3; 5443; INTERNAL; 9; 11; 2; 5193
INTERNAL; 10; 13; 3; 5443; INTERNAL; 9; 11; 2; 3500
INTERNAL; 9; 11; 2; 3500; INTERNAL; 4; 10; 6; 5468
INTERNAL; 4; 10; 6; 5468; INTERNAL; 3; 9; 6; 5402
INTERNAL; 4; 10; 6; 5468; INTERNAL; 3; 9; 6; 2771
INTERNAL; 9; 11; 2; 3500; INTERNAL; 4; 10; 6; 4088
INTERNAL; 4; 10; 6; 4088; INTERNAL; 3; 9; 6; 3297
INTERNAL; 3; 9; 6; 3297; INTERNAL; 2; 8; 6; 1517
INTERNAL; 4; 10; 6; 4088; INTERNAL; 2; 9; 7; 5401
INTERNAL; 9; 11; 2; 3500; INTERNAL; 8; 10; 2; 1386
INTERNAL; 10; 13; 3; 5443; INTERNAL; 6; 11; 5; 5194
INTERNAL; 6; 11; 5; 5194; INTERNAL; 3; 10; 7; 1082
INTERNAL; 12; 14; 2; 4654; INTERNAL; 11; 13; 2; 1789
INTERNAL; 12; 14; 2; 4654; INTERNAL; 9; 13; 4; 1134
INTERNAL; 15; 17; 2; 5542; INTERNAL; 14; 16; 2; 4539
INTERNAL; 14; 16; 2; 4539; INTERNAL; 13; 15; 2; 3847
INTERNAL; 13; 15; 2; 3847; INTERNAL; 12; 14; 2; 5183
INTERNAL; 13; 15; 2; 3847; INTERNAL; 12; 14; 2; 5434
INTERNAL; 12; 14; 2; 5434; INTERNAL; 11; 13; 2; 5239
INTERNAL; 11; 13; 2; 5239; INTERNAL; 10; 12; 2; 5192
INTERNAL; 11; 13; 2; 5239; INTERNAL; 6; 12; 6; 2124
INTERNAL; 6; 12; 6; 2124; INTERNAL; 5; 11; 6; 5416
INTERNAL; 5; 11; 6; 5416; INTERNAL; 4; 10; 6; 1960
INTERNAL; 6; 12; 6; 2124; INTERNAL; 3; 11; 8; 5413
INTERNAL; 11; 13; 2; 5239; INTERNAL; 5; 12; 7; 4630
INTERNAL; 5; 12; 7; 4630; INTERNAL; 4; 11; 7; 5419
INTERNAL; 5; 12; 7; 4630; INTERNAL; 4; 11; 7; 5879
INTERNAL; 5; 12; 7; 4630; INTERNAL; 4; 11; 7; 5424
INTERNAL; 5; 12; 7; 4630; INTERNAL; 3; 11; 8; 1009
INTERNAL; 3; 11; 8; 1009; INTERNAL; 2; 10; 8; 5428
INTERNAL; 12; 14; 2; 5434; INTERNAL; 5; 13; 8; 4258
INTERNAL; 5; 13; 8; 4258; INTERNAL; 2; 12; 10; 5431
INTERNAL; 5; 13; 8; 4258; INTERNAL; 4; 12; 8; 2213
INTERNAL; 13; 15; 2; 3847; INTERNAL; 11; 14; 3; 1122
INTERNAL; 14; 16; 2; 4539; INTERNAL; 13; 15; 2; 5512
INTERNAL; 15; 17; 2; 5542; INTERNAL; 12; 16; 4; 1324
INTERNAL; 15; 17; 2; 5542; INTERNAL; 12; 16; 4; 5534
INTERNAL; 12; 16; 4; 5534; INTERNAL; 11; 15; 4; 5535
INTERNAL; 12; 16; 4; 5534; INTERNAL; 11; 15; 4; 1168
INTERNAL; 11; 15; 4; 1168; INTERNAL; 10; 14; 4; 5538
INTERNAL; 10; 14; 4; 5538; INTERNAL; 9; 13; 4; 2570
INTERNAL; 10; 14; 4; 5538; INTERNAL; 7; 13; 6; 3182
INTERNAL; 10; 14; 4; 5538; INTERNAL; 9; 13; 4; 3027
INTERNAL; 9; 13; 4; 3027; INTERNAL; 7; 12; 5; 4913
INTERNAL; 9; 13; 4; 3027; INTERNAL; 8; 12; 4; 5540
INTERNAL; 11; 15; 4; 1168; INTERNAL; 10; 14; 4; 1499
INTERNAL; 10; 14; 4; 1499; INTERNAL; 9; 13; 4; 3343
INTERNAL; 10; 14; 4; 1499; INTERNAL; 7; 13; 6; 5539
INTERNAL; 11; 15; 4; 1168; INTERNAL; 10; 14; 4; 4235
INTERNAL; 12; 16; 4; 5534; INTERNAL; 10; 15; 5; 5537
INTERNAL; 16; 19; 3; 4312; INTERNAL; 13; 17; 4; 4870
INTERNAL; 13; 17; 4; 4870; INTERNAL; 12; 16; 4; 4838
INTERNAL; 13; 17; 4; 4870; INTERNAL; 12; 16; 4; 3070
INTERNAL; 12; 16; 4; 3070; INTERNAL; 11; 15; 4; 1949
INTERNAL; 12; 16; 4; 3070; INTERNAL; 11; 15; 4; 2163
INTERNAL; 11; 15; 4; 2163; INTERNAL; 10; 14; 4; 5543
INTERNAL; 11; 15; 4; 2163; INTERNAL; 9; 14; 5; 5544
INTERNAL; 12; 16; 4; 3070; INTERNAL; 10; 15; 5; 3607
UNKNOWN; -1; -1; -1; -1; OUTPUT; 15; 20; 5; 2267
OUTPUT; 15; 20; 5; 2267; INTERNAL; 14; 19; 5; 5509
UNKNOWN; -1; -1; -1; -1; OUTPUT; 16; 20; 4; 29
OUTPUT; 16; 20; 4; 29; INTERNAL; 15; 19; 4; 1487
UNKNOWN; -1; -1; -1; -1; OUTPUT; 15; 20; 5; 34
OUTPUT; 15; 20; 5; 34; INTERNAL; 14; 19; 5; 4580
INTERNAL; 14; 19; 5; 4580; INTERNAL; 12; 14; 2; 4365
INTERNAL; 14; 19; 5; 4580; INTERNAL; 13; 14; 1; 2795
INTERNAL; 14; 19; 5; 4580; INTERNAL; 12; 14; 2; 3154
INTERNAL; 12; 14; 2; 3154; INTERNAL; 11; 13; 2; 2706
INTERNAL; 11; 13; 2; 2706; INTERNAL; 10; 12; 2; 4133
INTERNAL; 10; 12; 2; 4133; INTERNAL; 9; 11; 2; 1049
INTERNAL; 10; 12; 2; 4133; INTERNAL; 7; 11; 4; 1350
INTERNAL; 7; 11; 4; 1350; INTERNAL; 6; 10; 4; 2457
INTERNAL; 7; 11; 4; 1350; INTERNAL; 5; 10; 5; 836
INTERNAL; 5; 10; 5; 836; INTERNAL; 4; 9; 5; 1709
INTERNAL; 5; 10; 5; 836; INTERNAL; 4; 9; 5; 2801
INTERNAL; 4; 9; 5; 2801; INTERNAL; 3; 8; 5; 831
INTERNAL; 5; 10; 5; 836; INTERNAL; 3; 9; 6; 1552
INTERNAL; 7; 11; 4; 1350; INTERNAL; 6; 10; 4; 838
INTERNAL; 10; 12; 2; 4133; INTERNAL; 7; 11; 4; 5237
INTERNAL; 11; 13; 2; 2706; INTERNAL; 10; 12; 2; 879
INTERNAL; 11; 13; 2; 2706; INTERNAL; 10; 12; 2; 5885
INTERNAL; 10; 12; 2; 5885; INTERNAL; 9; 11; 2; 795
INTERNAL; 10; 12; 2; 5885; INTERNAL; 9; 11; 2; 2541
INTERNAL; 9; 11; 2; 2541; INTERNAL; 7; 10; 3; 1114
INTERNAL; 7; 10; 3; 1114; INTERNAL; 5; 9; 4; 3232
INTERNAL; 5; 9; 4; 3232; INTERNAL; 4; 8; 4; 840
INTERNAL; 4; 8; 4; 840; INTERNAL; 3; 7; 4; 1985
INTERNAL; 4; 8; 4; 840; INTERNAL; 3; 7; 4; 3932
INTERNAL; 5; 9; 4; 3232; INTERNAL; 3; 8; 5; 1634
INTERNAL; 5; 9; 4; 3232; INTERNAL; 4; 8; 4; 841
INTERNAL; 4; 8; 4; 841; INTERNAL; 3; 7; 4; 5021
INTERNAL; 4; 8; 4; 841; INTERNAL; 3; 7; 4; 1153
INTERNAL; 7; 10; 3; 1114; INTERNAL; 6; 9; 3; 2520
INTERNAL; 7; 10; 3; 1114; INTERNAL; 6; 9; 3; 808
INTERNAL; 6; 9; 3; 808; INTERNAL; 3; 8; 5; 4721
INTERNAL; 6; 9; 3; 808; INTERNAL; 5; 8; 3; 859
INTERNAL; 5; 8; 3; 859; INTERNAL; 4; 7; 3; 2803
INTERNAL; 4; 7; 3; 2803; INTERNAL; 3; 6; 3; 5435
INTERNAL; 5; 8; 3; 859; INTERNAL; 3; 7; 4; 1184
INTERNAL; 6; 9; 3; 808; INTERNAL; 3; 8; 5; 856
INTERNAL; 9; 11; 2; 2541; INTERNAL; 8; 10; 2; 2805
INTERNAL; 9; 11; 2; 2541; INTERNAL; 8; 10; 2; 3298
INTERNAL; 8; 10; 2; 3298; INTERNAL; 6; 9; 3; 3980
INTERNAL; 8; 10; 2; 3298; INTERNAL; 7; 9; 2; 2189
INTERNAL; 8; 10; 2; 3298; INTERNAL; 6; 9; 3; 2404
INTERNAL; 6; 9; 3; 2404; INTERNAL; 5; 8; 3; 4131
INTERNAL; 6; 9; 3; 2404; INTERNAL; 4; 8; 4; 5626
INTERNAL; 6; 9; 3; 2404; INTERNAL; 3; 8; 5; 1471
INTERNAL; 3; 8; 5; 1471; INTERNAL; 2; 7; 5; 2897
INTERNAL; 10; 12; 2; 5885; INTERNAL; 9; 11; 2; 1384
INTERNAL; 9; 11; 2; 1384; INTERNAL; 7; 10; 3; 3420
INTERNAL; 9; 11; 2; 1384; INTERNAL; 8; 10; 2; 3689
INTERNAL; 8; 10; 2; 3689; INTERNAL; 5; 9; 4; 5989
INTERNAL; 5; 9; 4; 5989; INTERNAL; 4; 8; 4; 2445
INTERNAL; 4; 8; 4; 2445; INTERNAL; 2; 7; 5; 1546
INTERNAL; 4; 8; 4; 2445; INTERNAL; 2; 7; 5; 2156
INTERNAL; 5; 9; 4; 5989; INTERNAL; 4; 8; 4; 3443
INTERNAL; 5; 9; 4; 5989; INTERNAL; 3; 8; 5; 2451
INTERNAL; 8; 10; 2; 3689; INTERNAL; 7; 9; 2; 3509
INTERNAL; 8; 10; 2; 3689; INTERNAL; 6; 9; 3; 2765
INTERNAL; 6; 9; 3; 2765; INTERNAL; 5; 8; 3; 2057
INTERNAL; 5; 8; 3; 2057; INTERNAL; 2; 7; 5; 4187
INTERNAL; 5; 8; 3; 2057; INTERNAL; 4; 7; 3; 938
INTERNAL; 4; 7; 3; 938; INTERNAL; 3; 6; 3; 2802
INTERNAL; 6; 9; 3; 2765; INTERNAL; 4; 8; 4; 2405
INTERNAL; 4; 8; 4; 2405; INTERNAL; 3; 7; 4; 871
INTERNAL; 4; 8; 4; 2405; INTERNAL; 3; 7; 4; 3419
INTERNAL; 6; 9; 3; 2765; INTERNAL; 4; 8; 4; 5918
INTERNAL; 9; 11; 2; 1384; INTERNAL; 8; 10; 2; 1115
INTERNAL; 12; 14; 2; 3154; INTERNAL; 11; 13; 2; 1178
INTERNAL; 12; 14; 2; 3154; INTERNAL; 8; 13; 5; 848
UNKNOWN; -1; -1; -1; -1; OUTPUT; 19; 20; 1; 0
OUTPUT; 19; 20; 1; 0; INTERNAL; 18; 19; 1; 41
INTERNAL; 18; 19; 1; 41; INTERNAL; 14; 18; 4; 43
INTERNAL; 14; 18; 4; 43; INTERNAL; 13; 16; 3; 48
INTERNAL; 14; 18; 4; 43; INTERNAL; 13; 16; 3; 47
INTERNAL; 13; 16; 3; 47; INTERNAL; 12; 15; 3; 2539
INTERNAL; 12; 15; 3; 2539; INTERNAL; 11; 14; 3; 45
INTERNAL; 12; 15; 3; 2539; INTERNAL; 10; 14; 4; 357
INTERNAL; 12; 15; 3; 2539; INTERNAL; 10; 14; 4; 2654
INTERNAL; 10; 14; 4; 2654; INTERNAL; 9; 13; 4; 126
INTERNAL; 10; 14; 4; 2654; INTERNAL; 8; 13; 5; 44
INTERNAL; 13; 16; 3; 47; INTERNAL; 12; 15; 3; 46
INTERNAL; 18; 19; 1; 41; INTERNAL; 10; 18; 8; 3600
INTERNAL; 18; 19; 1; 41; INTERNAL; 13; 18; 5; 2223
INTERNAL; 18; 19; 1; 41; INTERNAL; 17; 18; 1; 3030
INTERNAL; 17; 18; 1; 3030; INTERNAL; 16; 17; 1; 49
INTERNAL; 17; 18; 1; 3030; INTERNAL; 14; 17; 3; 5513
INTERNAL; 18; 19; 1; 41; INTERNAL; 12; 18; 6; 42
UNKNOWN; -1; -1; -1; -1; OUTPUT; 16; 20; 4; 2967
OUTPUT; 16; 20; 4; 2967; INTERNAL; 15; 19; 4; 3166
INTERNAL; 15; 19; 4; 3166; INTERNAL; 13; 15; 2; 830
INTERNAL; 13; 15; 2; 830; INTERNAL; 12; 14; 2; 1336
INTERNAL; 12; 14; 2; 1336; INTERNAL; 10; 13; 3; 4191
INTERNAL; 12; 14; 2; 1336; INTERNAL; 11; 13; 2; 2773
INTERNAL; 12; 14; 2; 1336; INTERNAL; 11; 13; 2; 5560
INTERNAL; 11; 13; 2; 5560; INTERNAL; 10; 12; 2; 1100
INTERNAL; 10; 12; 2; 1100; INTERNAL; 9; 11; 2; 824
INTERNAL; 9; 11; 2; 824; INTERNAL; 8; 10; 2; 1992
INTERNAL; 9; 11; 2; 824; INTERNAL; 6; 10; 4; 818
INTERNAL; 9; 11; 2; 824; INTERNAL; 8; 10; 2; 820
INTERNAL; 10; 12; 2; 1100; INTERNAL; 8; 11; 3; 3671
INTERNAL; 8; 11; 3; 3671; INTERNAL; 6; 10; 4; 2842
INTERNAL; 6; 10; 4; 2842; INTERNAL; 5; 9; 4; 812
INTERNAL; 5; 9; 4; 812; INTERNAL; 4; 8; 4; 1743
INTERNAL; 4; 8; 4; 1743; INTERNAL; 3; 7; 4; 805
INTERNAL; 5; 9; 4; 812; INTERNAL; 3; 8; 5; 2670
INTERNAL; 6; 10; 4; 2842; INTERNAL; 5; 9; 4; 2165
INTERNAL; 8; 11; 3; 3671; INTERNAL; 7; 10; 3; 3171
INTERNAL; 7; 10; 3; 3171; INTERNAL; 6; 9; 3; 1113
INTERNAL; 7; 10; 3; 3171; INTERNAL; 6; 9; 3; 1513
INTERNAL; 8; 11; 3; 3671; INTERNAL; 7; 10; 3; 816
INTERNAL; 10; 12; 2; 1100; INTERNAL; 9; 11; 2; 823
INTERNAL; 11; 13; 2; 5560; INTERNAL; 10; 12; 2; 2983
INTERNAL; 11; 13; 2; 5560; INTERNAL; 10; 12; 2; 2030
INTERNAL; 10; 12; 2; 2030; INTERNAL; 6; 11; 5; 893
INTERNAL; 6; 11; 5; 893; INTERNAL; 5; 10; 5; 2261
INTERNAL; 6; 11; 5; 893; INTERNAL; 5; 10; 5; 827
INTERNAL; 10; 12; 2; 2030; INTERNAL; 7; 11; 4; 3764
INTERNAL; 10; 12; 2; 2030; INTERNAL; 9; 11; 2; 2589
INTERNAL; 13; 15; 2; 830; INTERNAL; 12; 14; 2; 3132
INTERNAL; 15; 19; 4; 3166; INTERNAL; 14; 15; 1; 4313
UNKNOWN; -1; -1; -1; -1; OUTPUT; 14; 20; 6; 6
OUTPUT; 14; 20; 6; 6; INTERNAL; 13; 19; 6; 487
UNKNOWN; -1; -1; -1; -1; OUTPUT; 17; 20; 3; 1335
OUTPUT; 17; 20; 3; 1335; INTERNAL; 16; 19; 3; 4587
INTERNAL; 16; 19; 3; 4587; INTERNAL; 13; 16; 3; 5814
INTERNAL; 13; 16; 3; 5814; INTERNAL; 12; 14; 2; 5794
INTERNAL; 12; 14; 2; 5794; INTERNAL; 10; 13; 3; 2686
INTERNAL; 12; 14; 2; 5794; INTERNAL; 11; 13; 2; 5446
INTERNAL; 11; 13; 2; 5446; INTERNAL; 10; 12; 2; 5797
INTERNAL; 10; 12; 2; 5797; INTERNAL; 7; 11; 4; 5136
INTERNAL; 10; 12; 2; 5797; INTERNAL; 5; 11; 6; 5800
INTERNAL; 10; 12; 2; 5797; INTERNAL; 9; 11; 2; 2814
INTERNAL; 11; 13; 2; 5446; INTERNAL; 10; 12; 2; 5638
INTERNAL; 10; 12; 2; 5638; INTERNAL; 9; 11; 2; 5803
INTERNAL; 9; 11; 2; 5803; INTERNAL; 7; 10; 3; 5808
INTERNAL; 7; 10; 3; 5808; INTERNAL; 5; 9; 4; 1409
INTERNAL; 7; 10; 3; 5808; INTERNAL; 6; 9; 3; 3577
INTERNAL; 9; 11; 2; 5803; INTERNAL; 8; 10; 2; 5807
INTERNAL; 8; 10; 2; 5807; INTERNAL; 7; 9; 2; 5812
INTERNAL; 7; 9; 2; 5812; INTERNAL; 6; 8; 2; 2583
INTERNAL; 6; 8; 2; 2583; INTERNAL; 5; 7; 2; 1563
INTERNAL; 7; 9; 2; 5812; INTERNAL; 4; 8; 4; 1607
INTERNAL; 8; 10; 2; 5807; INTERNAL; 7; 9; 2; 5810
INTERNAL; 8; 10; 2; 5807; INTERNAL; 3; 9; 6; 5813
INTERNAL; 9; 11; 2; 5803; INTERNAL; 8; 10; 2; 5095
INTERNAL; 10; 12; 2; 5638; INTERNAL; 9; 11; 2; 5805
INTERNAL; 9; 11; 2; 5805; INTERNAL; 8; 10; 2; 2286
INTERNAL; 9; 11; 2; 5805; INTERNAL; 7; 10; 3; 1025
INTERNAL; 9; 11; 2; 5805; INTERNAL; 5; 10; 5; 2373
INTERNAL; 10; 12; 2; 5638; INTERNAL; 9; 11; 2; 5802
INTERNAL; 11; 13; 2; 5446; INTERNAL; 10; 12; 2; 3916
INTERNAL; 12; 14; 2; 5794; INTERNAL; 11; 13; 2; 5796
INTERNAL; 13; 16; 3; 5814; INTERNAL; 12; 14; 2; 3646
INTERNAL; 16; 19; 3; 4587; INTERNAL; 12; 16; 4; 1076
INTERNAL; 16; 19; 3; 4587; INTERNAL; 15; 16; 1; 4603
INTERNAL; 15; 16; 1; 4603; INTERNAL; 14; 15; 1; 3896
INTERNAL; 15; 16; 1; 4603; INTERNAL; 13; 15; 2; 698
INTERNAL; 16; 19; 3; 4587; INTERNAL; 12; 16; 4; 863
INTERNAL; 12; 16; 4; 863; INTERNAL; 11; 15; 4; 5815
INTERNAL; 12; 16; 4; 863; INTERNAL; 10; 15; 5; 5816
INTERNAL; 12; 16; 4; 863; INTERNAL; 11; 15; 4; 4367
INTERNAL; 11; 15; 4; 4367; INTERNAL; 9; 14; 5; 5821
INTERNAL; 11; 15; 4; 4367; INTERNAL; 10; 14; 4; 5818
INTERNAL; 11; 15; 4; 4367; INTERNAL; 10; 14; 4; 5820
INTERNAL; 10; 14; 4; 5820; INTERNAL; 9; 13; 4; 5824
INTERNAL; 9; 13; 4; 5824; INTERNAL; 7; 12; 5; 911
INTERNAL; 9; 13; 4; 5824; INTERNAL; 8; 12; 4; 5825
INTERNAL; 10; 14; 4; 5820; INTERNAL; 7; 13; 6; 2037
INTERNAL; 10; 14; 4; 5820; INTERNAL; 9; 13; 4; 5822
UNKNOWN; -1; -1; -1; -1; OUTPUT; 19; 20; 1; 5432
OUTPUT; 19; 20; 1; 5432; INTERNAL; 18; 19; 1; 4783
INTERNAL; 18; 19; 1; 4783; INTERNAL; 10; 18; 8; 2971
INTERNAL; 18; 19; 1; 4783; INTERNAL; 13; 18; 5; 1488
INTERNAL; 18; 19; 1; 4783; INTERNAL; 12; 18; 6; 4784
INTERNAL; 18; 19; 1; 4783; INTERNAL; 17; 18; 1; 2372
INTERNAL; 18; 19; 1; 4783; INTERNAL; 14; 18; 4; 4793
UNKNOWN; -1; -1; -1; -1; OUTPUT; 18; 20; 2; 2988
OUTPUT; 18; 20; 2; 2988; INTERNAL; 17; 19; 2; 1361
UNKNOWN; -1; -1; -1; -1; OUTPUT; 18; 20; 2; 33
OUTPUT; 18; 20; 2; 33; INTERNAL; 17; 19; 2; 1583
INTERNAL; 17; 19; 2; 1583; INTERNAL; 13; 17; 4; 825
INTERNAL; 13; 17; 4; 825; INTERNAL; 12; 16; 4; 1914
INTERNAL; 12; 16; 4; 1914; INTERNAL; 11; 15; 4; 5111
INTERNAL; 12; 16; 4; 1914; INTERNAL; 10; 15; 5; 3777
INTERNAL; 12; 16; 4; 1914; INTERNAL; 11; 15; 4; 810
INTERNAL; 11; 15; 4; 810; INTERNAL; 10; 14; 4; 809
INTERNAL; 11; 15; 4; 810; INTERNAL; 9; 14; 5; 2753
INTERNAL; 9; 14; 5; 2753; INTERNAL; 7; 13; 6; 807
INTERNAL; 7; 13; 6; 807; INTERNAL; 5; 12; 7; 2808
INTERNAL; 7; 13; 6; 807; INTERNAL; 6; 12; 6; 4393
INTERNAL; 9; 14; 5; 2753; INTERNAL; 7; 13; 6; 804
INTERNAL; 9; 14; 5; 2753; INTERNAL; 8; 13; 5; 4130
INTERNAL; 11; 15; 4; 810; INTERNAL; 10; 14; 4; 748
INTERNAL; 10; 14; 4; 748; INTERNAL; 6; 13; 7; 2525
INTERNAL; 10; 14; 4; 748; INTERNAL; 9; 13; 4; 1581
INTERNAL; 13; 17; 4; 825; INTERNAL; 12; 16; 4; 5584
INTERNAL; 12; 16; 4; 5584; INTERNAL; 11; 15; 4; 5064
INTERNAL; 12; 16; 4; 5584; INTERNAL; 10; 15; 5; 5875
INTERNAL; 12; 16; 4; 5584; INTERNAL; 10; 15; 5; 806
INTERNAL; 10; 15; 5; 806; INTERNAL; 9; 14; 5; 1057
INTERNAL; 10; 15; 5; 806; INTERNAL; 7; 14; 7; 2635
INTERNAL; 17; 19; 2; 1583; INTERNAL; 16; 17; 1; 797
INTERNAL; 16; 17; 1; 797; INTERNAL; 13; 16; 3; 1577
INTERNAL; 16; 17; 1; 797; INTERNAL; 12; 16; 4; 1825
INTERNAL; 16; 17; 1; 797; INTERNAL; 15; 16; 1; 811
INTERNAL; 16; 17; 1; 797; INTERNAL; 12; 16; 4; 3491
UNKNOWN; -1; -1; -1; -1; OUTPUT; 18; 20; 2; 5870
OUTPUT; 18; 20; 2; 5870; INTERNAL; 17; 19; 2; 1443
UNKNOWN; -1; -1; -1; -1; OUTPUT; 15; 20; 5; 22
OUTPUT; 15; 20; 5; 22; INTERNAL; 14; 19; 5; 5089
UNKNOWN; -1; -1; -1; -1; OUTPUT; 19; 20; 1; 3538
OUTPUT; 19; 20; 1; 3538; INTERNAL; 18; 19; 1; 3096
INTERNAL; 18; 19; 1; 3096; INTERNAL; 13; 18; 5; 5190
INTERNAL; 13; 18; 5; 5190; INTERNAL; 12; 16; 4; 1595
INTERNAL; 12; 16; 4; 1595; INTERNAL; 9; 15; 6; 5186
INTERNAL; 9; 15; 6; 5186; INTERNAL; 7; 13; 6; 1643
INTERNAL; 9; 15; 6; 5186; INTERNAL; 6; 13; 7; 5176
INTERNAL; 9; 15; 6; 5186; INTERNAL; 8; 13; 5; 3074
INTERNAL; 12; 16; 4; 1595; INTERNAL; 11; 15; 4; 5494
INTERNAL; 11; 15; 4; 5494; INTERNAL; 10; 14; 4; 5172
INTERNAL; 11; 15; 4; 5494; INTERNAL; 9; 14; 5; 5174
INTERNAL; 11; 15; 4; 5494; INTERNAL; 9; 14; 5; 4134
INTERNAL; 13; 18; 5; 5190; INTERNAL; 12; 16; 4; 5182
INTERNAL; 12; 16; 4; 5182; INTERNAL; 11; 15; 4; 3456
INTERNAL; 12; 16; 4; 5182; INTERNAL; 11; 15; 4; 5171
INTERNAL; 18; 19; 1; 3096; INTERNAL; 17; 18; 1; 2188
INTERNAL; 17; 18; 1; 2188; INTERNAL; 16; 17; 1; 5179
INTERNAL; 16; 17; 1; 5179; INTERNAL; 15; 16; 1; 4691
INTERNAL; 16; 17; 1; 5179; INTERNAL; 12; 16; 4; 4145
INTERNAL; 16; 17; 1; 5179; INTERNAL; 13; 16; 3; 624
INTERNAL; 16; 17; 1; 5179; INTERNAL; 12; 16; 4; 3663
INTERNAL; 17; 18; 1; 2188; INTERNAL; 13; 17; 4; 5180
INTERNAL; 18; 19; 1; 3096; INTERNAL; 12; 18; 6; 3527
UNKNOWN; -1; -1; -1; -1; OUTPUT; 14; 20; 6; 5733
OUTPUT; 14; 20; 6; 5733; INTERNAL; 13; 19; 6; 2320
UNKNOWN; -1; -1; -1; -1; OUTPUT; 17; 20; 3; 37
OUTPUT; 17; 20; 3; 37; INTERNAL; 16; 19; 3; 4782
UNKNOWN; -1; -1; -1; -1; OUTPUT; 18; 20; 2; 1733
OUTPUT; 18; 20; 2; 1733; INTERNAL; 17; 19; 2; 4845
UNKNOWN; -1; -1; -1; -1; OUTPUT; 14; 20; 6; 3
OUTPUT; 14; 20; 6; 3; INTERNAL; 13; 19; 6; 250
UNKNOWN; -1; -1; -1; -1; OUTPUT; 17; 20; 3; 2004
OUTPUT; 17; 20; 3; 2004; INTERNAL; 16; 19; 3; 2721
UNKNOWN; -1; -1; -1; -1; OUTPUT; 16; 20; 4; 3496
OUTPUT; 16; 20; 4; 3496; INTERNAL; 15; 19; 4; 1793
UNKNOWN; -1; -1; -1; -1; OUTPUT; 19; 20; 1; 1
OUTPUT; 19; 20; 1; 1; INTERNAL; 18; 19; 1; 3890
UNKNOWN; -1; -1; -1; -1; OUTPUT; 15; 20; 5; 39
OUTPUT; 15; 20; 5; 39; INTERNAL; 14; 19; 5; 4636
UNKNOWN; -1; -1; -1; -1; OUTPUT; 20; 20; 0; 7
OUTPUT; 20; 20; 0; 7; INTERNAL; 19; 19; 0; 3660
INTERNAL; 19; 19; 0; 3660; INTERNAL; 11; 18; 7; 489
INTERNAL; 11; 18; 7; 489; INTERNAL; 10; 13; 3; 4737
INTERNAL; 10; 13; 3; 4737; INTERNAL; 9; 12; 3; 502
INTERNAL; 9; 12; 3; 502; INTERNAL; 8; 9; 1; 520
INTERNAL; 8; 9; 1; 520; INTERNAL; 5; 8; 3; 517
INTERNAL; 5; 8; 3; 517; INTERNAL; 4; 7; 3; 556
INTERNAL; 4; 7; 3; 556; INTERNAL; 3; 6; 3; 552
INTERNAL; 4; 7; 3; 556; INTERNAL; 3; 6; 3; 5094
INTERNAL; 5; 8; 3; 517; INTERNAL; 4; 7; 3; 555
INTERNAL; 4; 7; 3; 555; INTERNAL; 2; 6; 4; 551
INTERNAL; 2; 6; 4; 551; INPUT; 1; 5; 4; 549
INTERNAL; 2; 6; 4; 551; INPUT; 1; 5; 4; 548
INTERNAL; 4; 7; 3; 555; INTERNAL; 3; 6; 3; 550
INTERNAL; 5; 8; 3; 517; INTERNAL; 4; 7; 3; 553
INTERNAL; 4; 7; 3; 553; INTERNAL; 3; 6; 3; 1284
INTERNAL; 8; 9; 1; 520; INTERNAL; 7; 8; 1; 1935
INTERNAL; 7; 8; 1; 1935; INTERNAL; 6; 7; 1; 571
INTERNAL; 7; 8; 1; 1935; INTERNAL; 5; 7; 2; 569
INTERNAL; 5; 7; 2; 569; INTERNAL; 4; 6; 2; 565
INTERNAL; 7; 8; 1; 1935; INTERNAL; 5; 7; 2; 570
INTERNAL; 5; 7; 2; 570; INTERNAL; 3; 6; 3; 568
INTERNAL; 5; 7; 2; 570; INTERNAL; 4; 6; 2; 567
INTERNAL; 9; 12; 3; 502; INTERNAL; 7; 9; 2; 518
INTERNAL; 7; 9; 2; 518; INTERNAL; 6; 8; 2; 5275
INTERNAL; 6; 8; 2; 5275; INTERNAL; 5; 7; 2; 4886
INTERNAL; 6; 8; 2; 5275; INTERNAL; 5; 7; 2; 1091
INTERNAL; 5; 7; 2; 1091; INTERNAL; 4; 6; 2; 4521
INTERNAL; 6; 8; 2; 5275; INTERNAL; 3; 7; 4; 515
INTERNAL; 7; 9; 2; 518; INTERNAL; 6; 8; 2; 516
INTERNAL; 6; 8; 2; 516; INTERNAL; 5; 7; 2; 1171
INTERNAL; 5; 7; 2; 1171; INTERNAL; 3; 6; 3; 562
INTERNAL; 5; 7; 2; 1171; INTERNAL; 4; 6; 2; 563
INTERNAL; 4; 6; 2; 563; INPUT; 1; 5; 4; 560
INTERNAL; 4; 6; 2; 563; INPUT; 1; 5; 4; 3835
INTERNAL; 6; 8; 2; 516; INTERNAL; 5; 7; 2; 564
INTERNAL; 5; 7; 2; 564; INTERNAL; 4; 6; 2; 5189
INTERNAL; 5; 7; 2; 564; INTERNAL; 3; 6; 3; 1645
INTERNAL; 6; 8; 2; 516; INTERNAL; 5; 7; 2; 566
INTERNAL; 5; 7; 2; 566; INTERNAL; 4; 6; 2; 559
INTERNAL; 9; 12; 3; 502; INTERNAL; 8; 9; 1; 519
INTERNAL; 8; 9; 1; 519; INTERNAL; 7; 8; 1; 573
INTERNAL; 8; 9; 1; 519; INTERNAL; 6; 8; 2; 572
INTERNAL; 8; 9; 1; 519; INTERNAL; 7; 8; 1; 5473
INTERNAL; 10; 13; 3; 4737; INTERNAL; 8; 12; 4; 500
INTERNAL; 10; 13; 3; 4737; INTERNAL; 8; 12; 4; 501
INTERNAL; 8; 12; 4; 501; INTERNAL; 7; 11; 4; 1318
INTERNAL; 8; 12; 4; 501; INTERNAL; 6; 11; 5; 2597
INTERNAL; 11; 18; 7; 489; INTERNAL; 8; 13; 5; 493
INTERNAL; 19; 19; 0; 3660; INTERNAL; 14; 18; 4; 492
INTERNAL; 14; 18; 4; 492; INTERNAL; 13; 16; 3; 2963
INTERNAL; 13; 16; 3; 2963; INTERNAL; 12; 15; 3; 510
INTERNAL; 12; 15; 3; 510; INTERNAL; 10; 14; 4; 508
INTERNAL; 10; 14; 4; 508; INTERNAL; 9; 10; 1; 528
INTERNAL; 9; 10; 1; 528; INTERNAL; 8; 9; 1; 527
INTERNAL; 8; 9; 1; 527; INTERNAL; 7; 8; 1; 526
INTERNAL; 7; 8; 1; 526; INTERNAL; 5; 7; 2; 724
INTERNAL; 7; 8; 1; 526; INTERNAL; 6; 7; 1; 541
INTERNAL; 6; 7; 1; 541; INTERNAL; 5; 6; 1; 539
INTERNAL; 6; 7; 1; 541; INTERNAL; 3; 6; 3; 1679
INTERNAL; 7; 8; 1; 526; INTERNAL; 3; 7; 4; 540
INTERNAL; 8; 9; 1; 527; INTERNAL; 7; 8; 1; 525
INTERNAL; 7; 8; 1; 525; INTERNAL; 3; 7; 4; 3487
INTERNAL; 7; 8; 1; 525; INTERNAL; 4; 7; 3; 6047
INTERNAL; 4; 7; 3; 6047; INTERNAL; 2; 6; 4; 6048
INTERNAL; 7; 8; 1; 525; INTERNAL; 6; 7; 1; 6044
INTERNAL; 9; 10; 1; 528; INTERNAL; 8; 9; 1; 904
INTERNAL; 8; 9; 1; 904; INTERNAL; 7; 8; 1; 5601
INTERNAL; 8; 9; 1; 904; INTERNAL; 7; 8; 1; 543
INTERNAL; 8; 9; 1; 904; INTERNAL; 6; 8; 2; 542
INTERNAL; 10; 14; 4; 508; INTERNAL; 9; 10; 1; 530
INTERNAL; 9; 10; 1; 530; INTERNAL; 8; 9; 1; 6042
INTERNAL; 8; 9; 1; 6042; INTERNAL; 7; 8; 1; 3199
INTERNAL; 8; 9; 1; 6042; INTERNAL; 7; 8; 1; 2927
INTERNAL; 8; 9; 1; 6042; INTERNAL; 6; 8; 2; 6043
INTERNAL; 6; 8; 2; 6043; INTERNAL; 5; 7; 2; 6049
INTERNAL; 5; 7; 2; 6049; INTERNAL; 3; 6; 3; 6051
INTERNAL; 5; 7; 2; 6049; INTERNAL; 4; 6; 2; 578
INTERNAL; 5; 7; 2; 6049; INTERNAL; 3; 6; 3; 6055
INTERNAL; 6; 8; 2; 6043; INTERNAL; 3; 7; 4; 5923
INTERNAL; 6; 8; 2; 6043; INTERNAL; 5; 7; 2; 5644
INTERNAL; 5; 7; 2; 5644; INTERNAL; 4; 6; 2; 577
INTERNAL; 4; 6; 2; 577; INTERNAL; 3; 5; 2; 575
INTERNAL; 9; 10; 1; 530; INTERNAL; 7; 9; 2; 4776
INTERNAL; 9; 10; 1; 530; INTERNAL; 8; 9; 1; 6041
INTERNAL; 10; 14; 4; 508; INTERNAL; 9; 10; 1; 529
INTERNAL; 9; 10; 1; 529; INTERNAL; 8; 9; 1; 2887
INTERNAL; 9; 10; 1; 529; INTERNAL; 8; 9; 1; 545
INTERNAL; 9; 10; 1; 529; INTERNAL; 4; 9; 5; 544
INTERNAL; 12; 15; 3; 510; INTERNAL; 11; 14; 3; 509
INTERNAL; 11; 14; 3; 509; INTERNAL; 10; 11; 1; 533
INTERNAL; 11; 14; 3; 509; INTERNAL; 10; 11; 1; 531
INTERNAL; 10; 11; 1; 531; INTERNAL; 9; 10; 1; 1092
INTERNAL; 10; 11; 1; 531; INTERNAL; 9; 10; 1; 3497
INTERNAL; 9; 10; 1; 3497; INTERNAL; 8; 9; 1; 523
INTERNAL; 9; 10; 1; 3497; INTERNAL; 6; 9; 3; 521
INTERNAL; 9; 10; 1; 3497; INTERNAL; 7; 9; 2; 522
INTERNAL; 7; 9; 2; 522; INTERNAL; 6; 8; 2; 557
INTERNAL; 7; 9; 2; 522; INTERNAL; 5; 8; 3; 5478
INTERNAL; 7; 9; 2; 522; INTERNAL; 6; 8; 2; 558
INTERNAL; 10; 11; 1; 531; INTERNAL; 9; 10; 1; 524
INTERNAL; 9; 10; 1; 524; INTERNAL; 8; 9; 1; 5715
INTERNAL; 9; 10; 1; 524; INTERNAL; 7; 9; 2; 574
INTERNAL; 9; 10; 1; 524; INTERNAL; 8; 9; 1; 4900
INTERNAL; 11; 14; 3; 509; INTERNAL; 10; 11; 1; 1288
INTERNAL; 10; 11; 1; 1288; INTERNAL; 9; 10; 1; 3099
INTERNAL; 10; 11; 1; 1288; INTERNAL; 9; 10; 1; 6040
INTERNAL; 10; 11; 1; 1288; INTERNAL; 9; 10; 1; 5236
INTERNAL; 12; 15; 3; 510; INTERNAL; 11; 14; 3; 3785
INTERNAL; 11; 14; 3; 3785; INTERNAL; 10; 13; 3; 505
INTERNAL; 11; 14; 3; 3785; INTERNAL; 10; 13; 3; 506
INTERNAL; 11; 14; 3; 3785; INTERNAL; 10; 13; 3; 507
INTERNAL; 10; 13; 3; 507; INTERNAL; 8; 12; 4; 503
INTERNAL; 10; 13; 3; 507; INTERNAL; 9; 12; 3; 504
INTERNAL; 10; 13; 3; 507; INTERNAL; 9; 12; 3; 1103
INTERNAL; 13; 16; 3; 2963; INTERNAL; 12; 15; 3; 511
INTERNAL; 12; 15; 3; 511; INTERNAL; 10; 12; 2; 534
INTERNAL; 10; 12; 2; 534; INTERNAL; 9; 10; 1; 547
INTERNAL; 10; 12; 2; 534; INTERNAL; 9; 10; 1; 546
INTERNAL; 10; 12; 2; 534; INTERNAL; 9; 10; 1; 718
INTERNAL; 12; 15; 3; 511; INTERNAL; 11; 12; 1; 2911
INTERNAL; 11; 12; 1; 2911; INTERNAL; 10; 11; 1; 6038
INTERNAL; 11; 12; 1; 2911; INTERNAL; 10; 11; 1; 2935
INTERNAL; 11; 12; 1; 2911; INTERNAL; 10; 11; 1; 757
INTERNAL; 12; 15; 3; 511; INTERNAL; 11; 12; 1; 3950
INTERNAL; 14; 18; 4; 492; INTERNAL; 13; 16; 3; 496
INTERNAL; 13; 16; 3; 496; INTERNAL; 12; 15; 3; 1840
INTERNAL; 12; 15; 3; 1840; INTERNAL; 11; 14; 3; 1359
INTERNAL; 12; 15; 3; 1840; INTERNAL; 10; 14; 4; 494
INTERNAL; 12; 15; 3; 1840; INTERNAL; 11; 14; 3; 495
INTERNAL; 13; 16; 3; 496; INTERNAL; 12; 15; 3; 5178
INTERNAL; 19; 19; 0; 3660; INTERNAL; 18; 18; 0; 2336
INTERNAL; 18; 18; 0; 2336; INTERNAL; 17; 17; 0; 499
INTERNAL; 17; 17; 0; 499; INTERNAL; 13; 16; 3; 512
INTERNAL; 13; 16; 3; 512; INTERNAL; 12; 13; 1; 5336
INTERNAL; 12; 13; 1; 5336; INTERNAL; 11; 12; 1; 662
INTERNAL; 12; 13; 1; 5336; INTERNAL; 11; 12; 1; 6036
INTERNAL; 12; 13; 1; 5336; INTERNAL; 10; 12; 2; 6037
INTERNAL; 13; 16; 3; 512; INTERNAL; 12; 13; 1; 535
INTERNAL; 17; 17; 0; 499; INTERNAL; 13; 16; 3; 2732
INTERNAL; 17; 17; 0; 499; INTERNAL; 14; 16; 2; 514
INTERNAL; 14; 16; 2; 514; INTERNAL; 13; 14; 1; 536
INTERNAL; 14; 16; 2; 514; INTERNAL; 13; 14; 1; 3011
INTERNAL; 13; 14; 1; 3011; INTERNAL; 12; 13; 1; 6032
INTERNAL; 13; 14; 1; 3011; INTERNAL; 12; 13; 1; 6034
INTERNAL; 13; 14; 1; 3011; INTERNAL; 4; 13; 9; 6035
INTERNAL; 17; 17; 0; 499; INTERNAL; 16; 16; 0; 1445
INTERNAL; 16; 16; 0; 1445; INTERNAL; 14; 15; 1; 1395
INTERNAL; 16; 16; 0; 1445; INTERNAL; 15; 15; 0; 537
INTERNAL; 15; 15; 0; 537; INTERNAL; 13; 14; 1; 6030
INTERNAL; 15; 15; 0; 537; INTERNAL; 13; 14; 1; 6029
INTERNAL; 15; 15; 0; 537; INTERNAL; 14; 14; 0; 1970
INTERNAL; 18; 18; 0; 2336; INTERNAL; 14; 17; 3; 497
INTERNAL; 19; 19; 0; 3660; INTERNAL; 13; 18; 5; 491
INTERNAL; 19; 19; 0; 3660; INTERNAL; 12; 18; 6; 490
UNKNOWN; -1; -1; -1; -1; OUTPUT; 14; 20; 6; 15
OUTPUT; 14; 20; 6; 15; INTERNAL; 13; 19; 6; 1396
UNKNOWN; -1; -1; -1; -1; OUTPUT; 19; 20; 1; 13
OUTPUT; 19; 20; 1; 13; INTERNAL; 18; 19; 1; 5299
INTERNAL; 18; 19; 1; 5299; INTERNAL; 12; 18; 6; 5829
INTERNAL; 12; 18; 6; 5829; INTERNAL; 11; 15; 4; 3990
INTERNAL; 11; 15; 4; 3990; INTERNAL; 10; 14; 4; 5827
INTERNAL; 11; 15; 4; 3990; INTERNAL; 9; 14; 5; 2643
INTERNAL; 12; 18; 6; 5829; INTERNAL; 11; 15; 4; 3082
INTERNAL; 18; 19; 1; 5299; INTERNAL; 17; 18; 1; 2840
INTERNAL; 17; 18; 1; 2840; INTERNAL; 16; 17; 1; 5059
INTERNAL; 17; 18; 1; 2840; INTERNAL; 13; 17; 4; 5593
INTERNAL; 13; 17; 4; 5593; INTERNAL; 12; 16; 4; 4795
INTERNAL; 13; 17; 4; 5593; INTERNAL; 12; 16; 4; 3117
INTERNAL; 18; 19; 1; 5299; INTERNAL; 13; 18; 5; 3341
INTERNAL; 18; 19; 1; 5299; INTERNAL; 11; 18; 7; 5831
UNKNOWN; -1; -1; -1; -1; OUTPUT; 19; 20; 1; 32
OUTPUT; 19; 20; 1; 32; INTERNAL; 18; 19; 1; 1786
INTERNAL; 18; 19; 1; 1786; INTERNAL; 12; 18; 6; 2919
INTERNAL; 18; 19; 1; 1786; INTERNAL; 10; 18; 8; 3679
INTERNAL; 18; 19; 1; 1786; INTERNAL; 17; 18; 1; 1987
INTERNAL; 18; 19; 1; 1786; INTERNAL; 13; 18; 5; 1973
UNKNOWN; -1; -1; -1; -1; OUTPUT; 14; 20; 6; 1813
OUTPUT; 14; 20; 6; 1813; INTERNAL; 13; 19; 6; 4192
UNKNOWN; -1; -1; -1; -1; OUTPUT; 15; 20; 5; 4822
OUTPUT; 15; 20; 5; 4822; INTERNAL; 14; 19; 5; 4086
UNKNOWN; -1; -1; -1; -1; OUTPUT; 20; 20; 0; 8
OUTPUT; 20; 20; 0; 8; INTERNAL; 19; 19; 0; 3675
UNKNOWN; -1; -1; -1; -1; OUTPUT; 19; 20; 1; 1258
OUTPUT; 19; 20; 1; 1258; INTERNAL; 18; 19; 1; 5828
UNKNOWN; -1; -1; -1; -1; OUTPUT; 18; 20; 2; 16
OUTPUT; 18; 20; 2; 16; INTERNAL; 17; 19; 2; 5547
INTERNAL; 17; 19; 2; 5547; INTERNAL; 11; 18; 7; 1004
INTERNAL; 17; 19; 2; 5547; INTERNAL; 16; 18; 2; 5545
INTERNAL; 17; 19; 2; 5547; INTERNAL; 13; 18; 5; 2070
INTERNAL; 17; 19; 2; 5547; INTERNAL; 12; 18; 6; 5546
UNKNOWN; -1; -1; -1; -1; OUTPUT; 18; 20; 2; 5
OUTPUT; 18; 20; 2; 5; INTERNAL; 17; 19; 2; 5272
UNKNOWN; -1; -1; -1; -1; OUTPUT; 17; 20; 3; 20
OUTPUT; 17; 20; 3; 20; INTERNAL; 16; 19; 3; 2075
UNKNOWN; -1; -1; -1; -1; OUTPUT; 19; 20; 1; 3949
OUTPUT; 19; 20; 1; 3949; INTERNAL; 18; 19; 1; 5187
UNKNOWN; -1; -1; -1; -1; OUTPUT; 19; 20; 1; 31
OUTPUT; 19; 20; 1; 31; INTERNAL; 18; 19; 1; 3109
UNKNOWN; -1; -1; -1; -1; OUTPUT; 18; 20; 2; 17
OUTPUT; 18; 20; 2; 17; INTERNAL; 17; 19; 2; 3000
UNKNOWN; -1; -1; -1; -1; OUTPUT; 17; 20; 3; 788
OUTPUT; 17; 20; 3; 788; INTERNAL; 16; 19; 3; 1706
UNKNOWN; -1; -1; -1; -1; OUTPUT; 12; 20; 8; 40
OUTPUT; 12; 20; 8; 40; INTERNAL; 11; 19; 8; 2150
UNKNOWN; -1; -1; -1; -1; OUTPUT; 19; 20; 1; 24
OUTPUT; 19; 20; 1; 24; INTERNAL; 18; 19; 1; 3102
UNKNOWN; -1; -1; -1; -1; OUTPUT; 14; 20; 6; 4364
OUTPUT; 14; 20; 6; 4364; INTERNAL; 13; 19; 6; 5440
UNKNOWN; -1; -1; -1; -1; OUTPUT; 16; 20; 4; 19
OUTPUT; 16; 20; 4; 19; INTERNAL; 15; 19; 4; 5533
UNKNOWN; -1; -1; -1; -1; OUTPUT; 17; 20; 3; 26
OUTPUT; 17; 20; 3; 26; INTERNAL; 16; 19; 3; 2573
UNKNOWN; -1; -1; -1; -1; OUTPUT; 18; 20; 2; 3623
OUTPUT; 18; 20; 2; 3623; INTERNAL; 17; 19; 2; 1994
UNKNOWN; -1; -1; -1; -1; OUTPUT; 16; 20; 4; 38
OUTPUT; 16; 20; 4; 38; INTERNAL; 15; 19; 4; 1468
UNKNOWN; -1; -1; -1; -1; OUTPUT; 16; 20; 4; 11
OUTPUT; 16; 20; 4; 11; INTERNAL; 15; 19; 4; 5071
UNKNOWN; -1; -1; -1; -1; OUTPUT; 13; 20; 7; 30
OUTPUT; 13; 20; 7; 30; INTERNAL; 12; 19; 7; 4773
UNKNOWN; -1; -1; -1; -1; OUTPUT; 18; 20; 2; 10
OUTPUT; 18; 20; 2; 10; INTERNAL; 17; 19; 2; 3849
UNKNOWN; -1; -1; -1; -1; OUTPUT; 15; 20; 5; 80
OUTPUT; 15; 20; 5; 80; INTERNAL; 14; 19; 5; 1306
UNKNOWN; -1; -1; -1; -1; OUTPUT; 17; 20; 3; 1860
OUTPUT; 17; 20; 3; 1860; INTERNAL; 16; 19; 3; 5780
UNKNOWN; -1; -1; -1; -1; OUTPUT; 19; 20; 1; 9
OUTPUT; 19; 20; 1; 9; INTERNAL; 18; 19; 1; 498
UNKNOWN; -1; -1; -1; -1; OUTPUT; 13; 20; 7; 1125
OUTPUT; 13; 20; 7; 1125; INTERNAL; 12; 19; 7; 4332
UNKNOWN; -1; -1; -1; -1; OUTPUT; 19; 20; 1; 4
OUTPUT; 19; 20; 1; 4; INTERNAL; 18; 19; 1; 255
UNKNOWN; -1; -1; -1; -1; OUTPUT; 16; 20; 4; 5032
OUTPUT; 16; 20; 4; 5032; INTERNAL; 15; 19; 4; 288
UNKNOWN; -1; -1; -1; -1; OUTPUT; 15; 20; 5; 1368
OUTPUT; 15; 20; 5; 1368; INTERNAL; 14; 19; 5; 1354
UNKNOWN; -1; -1; -1; -1; OUTPUT; 18; 20; 2; 4385
OUTPUT; 18; 20; 2; 4385; INTERNAL; 17; 19; 2; 4178
UNKNOWN; -1; -1; -1; -1; OUTPUT; 17; 20; 3; 5971
OUTPUT; 17; 20; 3; 5971; INTERNAL; 16; 19; 3; 4168
