TYPE; ASAP; ALAP; SLACK; A; TYPE; ASAP; ALAP; SLACK; B
UNKNOWN; -1; -1; -1; -1; OUTPUT; 15; 15; 0; 0
OUTPUT; 15; 15; 0; 0; INTERNAL; 14; 14; 0; 335
INTERNAL; 14; 14; 0; 335; INTERNAL; 13; 13; 0; 900
INTERNAL; 13; 13; 0; 900; INTERNAL; 11; 11; 0; 726
INTERNAL; 11; 11; 0; 726; INTERNAL; 10; 10; 0; 1969
INTERNAL; 10; 10; 0; 1969; INTERNAL; 9; 9; 0; 1251
INTERNAL; 9; 9; 0; 1251; INTERNAL; 8; 8; 0; 1910
INTERNAL; 8; 8; 0; 1910; INTERNAL; 7; 7; 0; 552
INTERNAL; 7; 7; 0; 552; INTERNAL; 6; 6; 0; 2355
INTERNAL; 6; 6; 0; 2355; INTERNAL; 5; 5; 0; 1434
INTERNAL; 5; 5; 0; 1434; INTERNAL; 4; 4; 0; 2498
INTERNAL; 4; 4; 0; 2498; INTERNAL; 3; 3; 0; 359
INTERNAL; 3; 3; 0; 359; INTERNAL; 2; 2; 0; 2443
INTERNAL; 2; 2; 0; 2443; INPUT; 1; 1; 0; 2455
INTERNAL; 2; 2; 0; 2443; INPUT; 1; 1; 0; 2456
INTERNAL; 2; 2; 0; 2443; INPUT; 1; 1; 0; 1701
INTERNAL; 2; 2; 0; 2443; INPUT; 1; 1; 0; 1141
INTERNAL; 2; 2; 0; 2443; INPUT; 1; 1; 0; 2418
INTERNAL; 2; 2; 0; 2443; INPUT; 1; 1; 0; 2417
INTERNAL; 3; 3; 0; 359; INTERNAL; 2; 2; 0; 1819
INTERNAL; 2; 2; 0; 1819; INPUT; 1; 1; 0; 947
INTERNAL; 2; 2; 0; 1819; INPUT; 1; 1; 0; 2020
INTERNAL; 2; 2; 0; 1819; INPUT; 1; 1; 0; 1539
INTERNAL; 2; 2; 0; 1819; INPUT; 1; 1; 0; 2438
INTERNAL; 2; 2; 0; 1819; INPUT; 1; 1; 0; 1790
INTERNAL; 2; 2; 0; 1819; INPUT; 1; 1; 0; 1836
INTERNAL; 3; 3; 0; 359; INTERNAL; 2; 2; 0; 2432
INTERNAL; 2; 2; 0; 2432; INPUT; 1; 1; 0; 1270
INTERNAL; 2; 2; 0; 2432; INPUT; 1; 1; 0; 1759
INTERNAL; 2; 2; 0; 2432; INPUT; 1; 1; 0; 2439
INTERNAL; 2; 2; 0; 2432; INPUT; 1; 1; 0; 228
INTERNAL; 2; 2; 0; 2432; INPUT; 1; 1; 0; 1766
INTERNAL; 2; 2; 0; 2432; INPUT; 1; 1; 0; 1507
INTERNAL; 3; 3; 0; 359; INTERNAL; 2; 2; 0; 2440
INTERNAL; 2; 2; 0; 2440; INPUT; 1; 1; 0; 2453
INTERNAL; 2; 2; 0; 2440; INPUT; 1; 1; 0; 2351
INTERNAL; 2; 2; 0; 2440; INPUT; 1; 1; 0; 2454
INTERNAL; 2; 2; 0; 2440; INPUT; 1; 1; 0; 2452
INTERNAL; 2; 2; 0; 2440; INPUT; 1; 1; 0; 2449
INTERNAL; 2; 2; 0; 2440; INPUT; 1; 1; 0; 898
INTERNAL; 4; 4; 0; 2498; INTERNAL; 3; 3; 0; 2427
INTERNAL; 3; 3; 0; 2427; INTERNAL; 2; 2; 0; 2436
INTERNAL; 3; 3; 0; 2427; INTERNAL; 2; 2; 0; 2433
INTERNAL; 4; 4; 0; 2498; INTERNAL; 3; 3; 0; 2208
INTERNAL; 3; 3; 0; 2208; INTERNAL; 2; 2; 0; 1380
INTERNAL; 3; 3; 0; 2208; INTERNAL; 2; 2; 0; 2445
INTERNAL; 4; 4; 0; 2498; INTERNAL; 3; 3; 0; 2458
INTERNAL; 3; 3; 0; 2458; INTERNAL; 2; 2; 0; 2461
INTERNAL; 2; 2; 0; 2461; INPUT; 1; 1; 0; 2465
INTERNAL; 2; 2; 0; 2461; INPUT; 1; 1; 0; 2464
INTERNAL; 2; 2; 0; 2461; INPUT; 1; 1; 0; 2469
INTERNAL; 2; 2; 0; 2461; INPUT; 1; 1; 0; 2467
INTERNAL; 2; 2; 0; 2461; INPUT; 1; 1; 0; 1032
INTERNAL; 2; 2; 0; 2461; INPUT; 1; 1; 0; 2470
INTERNAL; 3; 3; 0; 2458; INTERNAL; 2; 2; 0; 969
INTERNAL; 2; 2; 0; 969; INPUT; 1; 1; 0; 2474
INTERNAL; 2; 2; 0; 969; INPUT; 1; 1; 0; 2041
INTERNAL; 2; 2; 0; 969; INPUT; 1; 1; 0; 795
INTERNAL; 2; 2; 0; 969; INPUT; 1; 1; 0; 1548
INTERNAL; 2; 2; 0; 969; INPUT; 1; 1; 0; 1729
INTERNAL; 2; 2; 0; 969; INPUT; 1; 1; 0; 2471
INTERNAL; 3; 3; 0; 2458; INTERNAL; 2; 2; 0; 1997
INTERNAL; 3; 3; 0; 2458; INTERNAL; 2; 2; 0; 2203
INTERNAL; 4; 4; 0; 2498; INTERNAL; 3; 3; 0; 2155
INTERNAL; 3; 3; 0; 2155; INTERNAL; 2; 2; 0; 1859
INTERNAL; 2; 2; 0; 1859; INPUT; 1; 1; 0; 2483
INTERNAL; 2; 2; 0; 1859; INPUT; 1; 1; 0; 2481
INTERNAL; 2; 2; 0; 1859; INPUT; 1; 1; 0; 2482
INTERNAL; 2; 2; 0; 1859; INPUT; 1; 1; 0; 2492
INTERNAL; 2; 2; 0; 1859; INPUT; 1; 1; 0; 2480
INTERNAL; 2; 2; 0; 1859; INPUT; 1; 1; 0; 1508
INTERNAL; 3; 3; 0; 2155; INTERNAL; 2; 2; 0; 1008
INTERNAL; 2; 2; 0; 1008; INPUT; 1; 1; 0; 330
INTERNAL; 2; 2; 0; 1008; INPUT; 1; 1; 0; 2477
INTERNAL; 2; 2; 0; 1008; INPUT; 1; 1; 0; 2190
INTERNAL; 2; 2; 0; 1008; INPUT; 1; 1; 0; 998
INTERNAL; 2; 2; 0; 1008; INPUT; 1; 1; 0; 2479
INTERNAL; 2; 2; 0; 1008; INPUT; 1; 1; 0; 2291
INTERNAL; 4; 4; 0; 2498; INTERNAL; 3; 3; 0; 2488
INTERNAL; 3; 3; 0; 2488; INTERNAL; 2; 2; 0; 1966
INTERNAL; 3; 3; 0; 2488; INTERNAL; 2; 2; 0; 2475
INTERNAL; 5; 5; 0; 1434; INTERNAL; 4; 4; 0; 2486
INTERNAL; 4; 4; 0; 2486; INTERNAL; 3; 3; 0; 1640
INTERNAL; 3; 3; 0; 1640; INTERNAL; 2; 2; 0; 2160
INTERNAL; 3; 3; 0; 1640; INTERNAL; 2; 2; 0; 2403
INTERNAL; 4; 4; 0; 2486; INTERNAL; 3; 3; 0; 2457
INTERNAL; 3; 3; 0; 2457; INTERNAL; 2; 2; 0; 673
INTERNAL; 3; 3; 0; 2457; INTERNAL; 2; 2; 0; 453
INTERNAL; 4; 4; 0; 2486; INTERNAL; 3; 3; 0; 1928
INTERNAL; 4; 4; 0; 2486; INTERNAL; 3; 3; 0; 1904
INTERNAL; 5; 5; 0; 1434; INTERNAL; 4; 4; 0; 2312
INTERNAL; 4; 4; 0; 2312; INTERNAL; 3; 3; 0; 2430
INTERNAL; 3; 3; 0; 2430; INTERNAL; 2; 2; 0; 1841
INTERNAL; 3; 3; 0; 2430; INTERNAL; 2; 2; 0; 2448
INTERNAL; 4; 4; 0; 2312; INTERNAL; 3; 3; 0; 2304
INTERNAL; 3; 3; 0; 2304; INTERNAL; 2; 2; 0; 2030
INTERNAL; 3; 3; 0; 2304; INTERNAL; 2; 2; 0; 2437
INTERNAL; 4; 4; 0; 2312; INTERNAL; 3; 3; 0; 2422
INTERNAL; 4; 4; 0; 2312; INTERNAL; 3; 3; 0; 2423
INTERNAL; 6; 6; 0; 2355; INTERNAL; 5; 5; 0; 1235
INTERNAL; 5; 5; 0; 1235; INTERNAL; 4; 4; 0; 2413
INTERNAL; 4; 4; 0; 2413; INTERNAL; 3; 3; 0; 2416
INTERNAL; 3; 3; 0; 2416; INTERNAL; 2; 2; 0; 2377
INTERNAL; 2; 2; 0; 2377; INPUT; 1; 1; 0; 2494
INTERNAL; 2; 2; 0; 2377; INPUT; 1; 1; 0; 2388
INTERNAL; 2; 2; 0; 2377; INPUT; 1; 1; 0; 1696
INTERNAL; 2; 2; 0; 2377; INPUT; 1; 1; 0; 1589
INTERNAL; 2; 2; 0; 2377; INPUT; 1; 1; 0; 2386
INTERNAL; 2; 2; 0; 2377; INPUT; 1; 1; 0; 2385
INTERNAL; 3; 3; 0; 2416; INTERNAL; 2; 2; 0; 2368
INTERNAL; 2; 2; 0; 2368; INPUT; 1; 1; 0; 512
INTERNAL; 2; 2; 0; 2368; INPUT; 1; 1; 0; 2375
INTERNAL; 2; 2; 0; 2368; INPUT; 1; 1; 0; 2244
INTERNAL; 2; 2; 0; 2368; INPUT; 1; 1; 0; 1016
INTERNAL; 2; 2; 0; 2368; INPUT; 1; 1; 0; 1342
INTERNAL; 2; 2; 0; 2368; INPUT; 1; 1; 0; 2119
INTERNAL; 3; 3; 0; 2416; INTERNAL; 2; 2; 0; 2378
INTERNAL; 2; 2; 0; 2378; INPUT; 1; 1; 0; 2389
INTERNAL; 2; 2; 0; 2378; INPUT; 1; 1; 0; 371
INTERNAL; 2; 2; 0; 2378; INPUT; 1; 1; 0; 242
INTERNAL; 2; 2; 0; 2378; INPUT; 1; 1; 0; 174
INTERNAL; 2; 2; 0; 2378; INPUT; 1; 1; 0; 190
INTERNAL; 2; 2; 0; 2378; INPUT; 1; 1; 0; 2390
INTERNAL; 3; 3; 0; 2416; INTERNAL; 2; 2; 0; 2380
INTERNAL; 3; 3; 0; 2416; INTERNAL; 2; 2; 0; 2379
INTERNAL; 3; 3; 0; 2416; INTERNAL; 2; 2; 0; 2367
INTERNAL; 2; 2; 0; 2367; INPUT; 1; 1; 0; 758
INTERNAL; 2; 2; 0; 2367; INPUT; 1; 1; 0; 177
INTERNAL; 2; 2; 0; 2367; INPUT; 1; 1; 0; 424
INTERNAL; 2; 2; 0; 2367; INPUT; 1; 1; 0; 2373
INTERNAL; 2; 2; 0; 2367; INPUT; 1; 1; 0; 1713
INTERNAL; 2; 2; 0; 2367; INPUT; 1; 1; 0; 1606
INTERNAL; 4; 4; 0; 2413; INTERNAL; 3; 3; 0; 1237
INTERNAL; 3; 3; 0; 1237; INTERNAL; 2; 2; 0; 2392
INTERNAL; 2; 2; 0; 2392; INPUT; 1; 1; 0; 2398
INTERNAL; 2; 2; 0; 2392; INPUT; 1; 1; 0; 2400
INTERNAL; 2; 2; 0; 2392; INPUT; 1; 1; 0; 2395
INTERNAL; 2; 2; 0; 2392; INPUT; 1; 1; 0; 2396
INTERNAL; 2; 2; 0; 2392; INPUT; 1; 1; 0; 2401
INTERNAL; 2; 2; 0; 2392; INPUT; 1; 1; 0; 2315
INTERNAL; 3; 3; 0; 1237; INTERNAL; 2; 2; 0; 1320
INTERNAL; 2; 2; 0; 1320; INPUT; 1; 1; 0; 2230
INTERNAL; 2; 2; 0; 1320; INPUT; 1; 1; 0; 1807
INTERNAL; 2; 2; 0; 1320; INPUT; 1; 1; 0; 1565
INTERNAL; 2; 2; 0; 1320; INPUT; 1; 1; 0; 1622
INTERNAL; 2; 2; 0; 1320; INPUT; 1; 1; 0; 2084
INTERNAL; 2; 2; 0; 1320; INPUT; 1; 1; 0; 163
INTERNAL; 3; 3; 0; 1237; INTERNAL; 2; 2; 0; 687
INTERNAL; 3; 3; 0; 1237; INTERNAL; 2; 2; 0; 2393
INTERNAL; 4; 4; 0; 2413; INTERNAL; 3; 3; 0; 290
INTERNAL; 3; 3; 0; 290; INTERNAL; 2; 2; 0; 131
INTERNAL; 2; 2; 0; 131; INPUT; 1; 1; 0; 1751
INTERNAL; 2; 2; 0; 131; INPUT; 1; 1; 0; 2406
INTERNAL; 2; 2; 0; 131; INPUT; 1; 1; 0; 2382
INTERNAL; 2; 2; 0; 131; INPUT; 1; 1; 0; 296
INTERNAL; 2; 2; 0; 131; INPUT; 1; 1; 0; 1015
INTERNAL; 2; 2; 0; 131; INPUT; 1; 1; 0; 2407
INTERNAL; 3; 3; 0; 290; INTERNAL; 2; 2; 0; 1155
INTERNAL; 2; 2; 0; 1155; INPUT; 1; 1; 0; 1603
INTERNAL; 2; 2; 0; 1155; INPUT; 1; 1; 0; 2409
INTERNAL; 2; 2; 0; 1155; INPUT; 1; 1; 0; 1456
INTERNAL; 2; 2; 0; 1155; INPUT; 1; 1; 0; 2153
INTERNAL; 2; 2; 0; 1155; INPUT; 1; 1; 0; 2410
INTERNAL; 2; 2; 0; 1155; INPUT; 1; 1; 0; 832
INTERNAL; 3; 3; 0; 290; INTERNAL; 2; 2; 0; 1303
INTERNAL; 3; 3; 0; 290; INTERNAL; 2; 2; 0; 2404
INTERNAL; 4; 4; 0; 2413; INTERNAL; 3; 3; 0; 2415
INTERNAL; 4; 4; 0; 2413; INTERNAL; 3; 3; 0; 551
INTERNAL; 4; 4; 0; 2413; INTERNAL; 3; 3; 0; 182
INTERNAL; 3; 3; 0; 182; INTERNAL; 2; 2; 0; 2370
INTERNAL; 3; 3; 0; 182; INTERNAL; 2; 2; 0; 1158
INTERNAL; 5; 5; 0; 1235; INTERNAL; 4; 4; 0; 369
INTERNAL; 4; 4; 0; 369; INTERNAL; 3; 3; 0; 2363
INTERNAL; 3; 3; 0; 2363; INTERNAL; 2; 2; 0; 2371
INTERNAL; 3; 3; 0; 2363; INTERNAL; 2; 2; 0; 2372
INTERNAL; 4; 4; 0; 369; INTERNAL; 3; 3; 0; 915
INTERNAL; 4; 4; 0; 369; INTERNAL; 3; 3; 0; 2210
INTERNAL; 4; 4; 0; 369; INTERNAL; 3; 3; 0; 2366
INTERNAL; 3; 3; 0; 2366; INTERNAL; 2; 2; 0; 2384
INTERNAL; 3; 3; 0; 2366; INTERNAL; 2; 2; 0; 2383
INTERNAL; 5; 5; 0; 1235; INTERNAL; 4; 4; 0; 2412
INTERNAL; 4; 4; 0; 2412; INTERNAL; 3; 3; 0; 1123
INTERNAL; 4; 4; 0; 2412; INTERNAL; 3; 3; 0; 2391
INTERNAL; 4; 4; 0; 2412; INTERNAL; 3; 3; 0; 553
INTERNAL; 3; 3; 0; 553; INTERNAL; 2; 2; 0; 2405
INTERNAL; 3; 3; 0; 553; INTERNAL; 2; 2; 0; 946
INTERNAL; 4; 4; 0; 2412; INTERNAL; 3; 3; 0; 2113
INTERNAL; 3; 3; 0; 2113; INTERNAL; 2; 2; 0; 1163
INTERNAL; 3; 3; 0; 2113; INTERNAL; 2; 2; 0; 1031
INTERNAL; 6; 6; 0; 2355; INTERNAL; 5; 5; 0; 2489
INTERNAL; 5; 5; 0; 2489; INTERNAL; 4; 4; 0; 1691
INTERNAL; 4; 4; 0; 1691; INTERNAL; 3; 3; 0; 2361
INTERNAL; 4; 4; 0; 1691; INTERNAL; 3; 3; 0; 2220
INTERNAL; 5; 5; 0; 2489; INTERNAL; 4; 4; 0; 1188
INTERNAL; 4; 4; 0; 1188; INTERNAL; 3; 3; 0; 2360
INTERNAL; 4; 4; 0; 1188; INTERNAL; 3; 3; 0; 2172
INTERNAL; 5; 5; 0; 2489; INTERNAL; 4; 4; 0; 1810
INTERNAL; 5; 5; 0; 2489; INTERNAL; 4; 4; 0; 2101
INTERNAL; 6; 6; 0; 2355; INTERNAL; 5; 5; 0; 2170
INTERNAL; 5; 5; 0; 2170; INTERNAL; 4; 4; 0; 2420
INTERNAL; 5; 5; 0; 2170; INTERNAL; 4; 4; 0; 2485
INTERNAL; 4; 4; 0; 2485; INTERNAL; 3; 3; 0; 1566
INTERNAL; 4; 4; 0; 2485; INTERNAL; 3; 3; 0; 2421
INTERNAL; 5; 5; 0; 2170; INTERNAL; 4; 4; 0; 1191
INTERNAL; 4; 4; 0; 1191; INTERNAL; 3; 3; 0; 711
INTERNAL; 4; 4; 0; 1191; INTERNAL; 3; 3; 0; 191
INTERNAL; 5; 5; 0; 2170; INTERNAL; 4; 4; 0; 698
INTERNAL; 7; 7; 0; 552; INTERNAL; 6; 6; 0; 1143
INTERNAL; 6; 6; 0; 1143; INTERNAL; 5; 5; 0; 1168
INTERNAL; 6; 6; 0; 1143; INTERNAL; 5; 5; 0; 2408
INTERNAL; 6; 6; 0; 1143; INTERNAL; 5; 5; 0; 2419
INTERNAL; 7; 7; 0; 552; INTERNAL; 6; 6; 0; 2356
INTERNAL; 6; 6; 0; 2356; INTERNAL; 5; 5; 0; 649
INTERNAL; 6; 6; 0; 2356; INTERNAL; 5; 5; 0; 2364
INTERNAL; 5; 5; 0; 2364; INTERNAL; 4; 4; 0; 1706
INTERNAL; 5; 5; 0; 2364; INTERNAL; 4; 4; 0; 2490
INTERNAL; 5; 5; 0; 2364; INTERNAL; 4; 4; 0; 392
INTERNAL; 6; 6; 0; 2356; INTERNAL; 5; 5; 0; 720
INTERNAL; 7; 7; 0; 552; INTERNAL; 6; 6; 0; 2357
INTERNAL; 6; 6; 0; 2357; INTERNAL; 5; 5; 0; 198
INTERNAL; 6; 6; 0; 2357; INTERNAL; 5; 5; 0; 1075
INTERNAL; 6; 6; 0; 2357; INTERNAL; 5; 5; 0; 2188
INTERNAL; 7; 7; 0; 552; INTERNAL; 6; 6; 0; 2358
INTERNAL; 8; 8; 0; 1910; INTERNAL; 7; 7; 0; 747
INTERNAL; 7; 7; 0; 747; INTERNAL; 6; 6; 0; 2491
INTERNAL; 6; 6; 0; 2491; INTERNAL; 5; 5; 0; 281
INTERNAL; 6; 6; 0; 2491; INTERNAL; 5; 5; 0; 417
INTERNAL; 7; 7; 0; 747; INTERNAL; 6; 6; 0; 1847
INTERNAL; 6; 6; 0; 1847; INTERNAL; 5; 5; 0; 1890
INTERNAL; 6; 6; 0; 1847; INTERNAL; 5; 5; 0; 1903
INTERNAL; 8; 8; 0; 1910; INTERNAL; 7; 7; 0; 2354
INTERNAL; 7; 7; 0; 2354; INTERNAL; 6; 6; 0; 48
INTERNAL; 6; 6; 0; 48; INTERNAL; 5; 5; 0; 1614
INTERNAL; 5; 5; 0; 1614; INTERNAL; 4; 4; 0; 2254
INTERNAL; 4; 4; 0; 2254; INTERNAL; 3; 3; 0; 84
INTERNAL; 3; 3; 0; 84; INTERNAL; 2; 2; 0; 71
INTERNAL; 2; 2; 0; 71; INPUT; 1; 1; 0; 65
INTERNAL; 2; 2; 0; 71; INPUT; 1; 1; 0; 940
INTERNAL; 2; 2; 0; 71; INPUT; 1; 1; 0; 63
INTERNAL; 2; 2; 0; 71; INPUT; 1; 1; 0; 62
INTERNAL; 2; 2; 0; 71; INPUT; 1; 1; 0; 61
INTERNAL; 2; 2; 0; 71; INPUT; 1; 1; 0; 64
INTERNAL; 3; 3; 0; 84; INTERNAL; 2; 2; 0; 699
INTERNAL; 3; 3; 0; 84; INTERNAL; 2; 2; 0; 68
INTERNAL; 2; 2; 0; 68; INPUT; 1; 1; 0; 58
INTERNAL; 2; 2; 0; 68; INPUT; 1; 1; 0; 135
INTERNAL; 2; 2; 0; 68; INPUT; 1; 1; 0; 60
INTERNAL; 2; 2; 0; 68; INPUT; 1; 1; 0; 2060
INTERNAL; 2; 2; 0; 68; INPUT; 1; 1; 0; 57
INTERNAL; 2; 2; 0; 68; INPUT; 1; 1; 0; 59
INTERNAL; 3; 3; 0; 84; INTERNAL; 2; 2; 0; 70
INTERNAL; 4; 4; 0; 2254; INTERNAL; 3; 3; 0; 83
INTERNAL; 3; 3; 0; 83; INTERNAL; 2; 2; 0; 727
INTERNAL; 2; 2; 0; 727; INPUT; 1; 1; 0; 74
INTERNAL; 2; 2; 0; 727; INPUT; 1; 1; 0; 2381
INTERNAL; 2; 2; 0; 727; INPUT; 1; 1; 0; 558
INTERNAL; 2; 2; 0; 727; INPUT; 1; 1; 0; 72
INTERNAL; 2; 2; 0; 727; INPUT; 1; 1; 0; 1148
INTERNAL; 2; 2; 0; 727; INPUT; 1; 1; 0; 73
INTERNAL; 3; 3; 0; 83; INTERNAL; 2; 2; 0; 81
INTERNAL; 3; 3; 0; 83; INTERNAL; 2; 2; 0; 82
INTERNAL; 2; 2; 0; 82; INPUT; 1; 1; 0; 1442
INTERNAL; 2; 2; 0; 82; INPUT; 1; 1; 0; 76
INTERNAL; 2; 2; 0; 82; INPUT; 1; 1; 0; 2334
INTERNAL; 2; 2; 0; 82; INPUT; 1; 1; 0; 78
INTERNAL; 2; 2; 0; 82; INPUT; 1; 1; 0; 77
INTERNAL; 2; 2; 0; 82; INPUT; 1; 1; 0; 75
INTERNAL; 3; 3; 0; 83; INTERNAL; 2; 2; 0; 80
INTERNAL; 4; 4; 0; 2254; INTERNAL; 3; 3; 0; 2537
INTERNAL; 3; 3; 0; 2537; INTERNAL; 2; 2; 0; 67
INTERNAL; 3; 3; 0; 2537; INTERNAL; 2; 2; 0; 66
INTERNAL; 4; 4; 0; 2254; INTERNAL; 3; 3; 0; 85
INTERNAL; 4; 4; 0; 2254; INTERNAL; 3; 3; 0; 86
INTERNAL; 3; 3; 0; 86; INTERNAL; 2; 2; 0; 1673
INTERNAL; 3; 3; 0; 86; INTERNAL; 2; 2; 0; 79
INTERNAL; 5; 5; 0; 1614; INTERNAL; 4; 4; 0; 385
INTERNAL; 4; 4; 0; 385; INTERNAL; 3; 3; 0; 1042
INTERNAL; 4; 4; 0; 385; INTERNAL; 3; 3; 0; 111
INTERNAL; 6; 6; 0; 48; INTERNAL; 5; 5; 0; 47
INTERNAL; 6; 6; 0; 48; INTERNAL; 5; 5; 0; 2252
INTERNAL; 5; 5; 0; 2252; INTERNAL; 4; 4; 0; 55
INTERNAL; 4; 4; 0; 55; INTERNAL; 3; 3; 0; 54
INTERNAL; 4; 4; 0; 55; INTERNAL; 3; 3; 0; 1960
INTERNAL; 3; 3; 0; 1960; INTERNAL; 2; 2; 0; 106
INTERNAL; 2; 2; 0; 106; INPUT; 1; 1; 0; 100
INTERNAL; 2; 2; 0; 106; INPUT; 1; 1; 0; 103
INTERNAL; 2; 2; 0; 106; INPUT; 1; 1; 0; 102
INTERNAL; 2; 2; 0; 106; INPUT; 1; 1; 0; 101
INTERNAL; 2; 2; 0; 106; INPUT; 1; 1; 0; 2176
INTERNAL; 2; 2; 0; 106; INPUT; 1; 1; 0; 2239
INTERNAL; 3; 3; 0; 1960; INTERNAL; 2; 2; 0; 107
INTERNAL; 2; 2; 0; 107; INPUT; 1; 1; 0; 1728
INTERNAL; 2; 2; 0; 107; INPUT; 1; 1; 0; 320
INTERNAL; 2; 2; 0; 107; INPUT; 1; 1; 0; 97
INTERNAL; 2; 2; 0; 107; INPUT; 1; 1; 0; 98
INTERNAL; 2; 2; 0; 107; INPUT; 1; 1; 0; 1338
INTERNAL; 2; 2; 0; 107; INPUT; 1; 1; 0; 99
INTERNAL; 3; 3; 0; 1960; INTERNAL; 2; 2; 0; 105
INTERNAL; 3; 3; 0; 1960; INTERNAL; 2; 2; 0; 108
INTERNAL; 4; 4; 0; 55; INTERNAL; 3; 3; 0; 1778
INTERNAL; 4; 4; 0; 55; INTERNAL; 3; 3; 0; 1764
INTERNAL; 3; 3; 0; 1764; INTERNAL; 2; 2; 0; 96
INTERNAL; 2; 2; 0; 96; INPUT; 1; 1; 0; 2137
INTERNAL; 2; 2; 0; 96; INPUT; 1; 1; 0; 87
INTERNAL; 2; 2; 0; 96; INPUT; 1; 1; 0; 88
INTERNAL; 2; 2; 0; 96; INPUT; 1; 1; 0; 90
INTERNAL; 2; 2; 0; 96; INPUT; 1; 1; 0; 1219
INTERNAL; 2; 2; 0; 96; INPUT; 1; 1; 0; 89
INTERNAL; 3; 3; 0; 1764; INTERNAL; 2; 2; 0; 518
INTERNAL; 2; 2; 0; 518; INPUT; 1; 1; 0; 91
INTERNAL; 2; 2; 0; 518; INPUT; 1; 1; 0; 1687
INTERNAL; 2; 2; 0; 518; INPUT; 1; 1; 0; 2468
INTERNAL; 2; 2; 0; 518; INPUT; 1; 1; 0; 93
INTERNAL; 2; 2; 0; 518; INPUT; 1; 1; 0; 2505
INTERNAL; 2; 2; 0; 518; INPUT; 1; 1; 0; 92
INTERNAL; 4; 4; 0; 55; INTERNAL; 3; 3; 0; 53
INTERNAL; 3; 3; 0; 53; INTERNAL; 2; 2; 0; 95
INTERNAL; 3; 3; 0; 53; INTERNAL; 2; 2; 0; 94
INTERNAL; 5; 5; 0; 2252; INTERNAL; 4; 4; 0; 56
INTERNAL; 4; 4; 0; 56; INTERNAL; 3; 3; 0; 109
INTERNAL; 3; 3; 0; 109; INTERNAL; 2; 2; 0; 2287
INTERNAL; 3; 3; 0; 109; INTERNAL; 2; 2; 0; 754
INTERNAL; 4; 4; 0; 56; INTERNAL; 3; 3; 0; 1202
INTERNAL; 3; 3; 0; 1202; INTERNAL; 2; 2; 0; 1459
INTERNAL; 3; 3; 0; 1202; INTERNAL; 2; 2; 0; 104
INTERNAL; 4; 4; 0; 56; INTERNAL; 3; 3; 0; 110
INTERNAL; 4; 4; 0; 56; INTERNAL; 3; 3; 0; 1064
INTERNAL; 5; 5; 0; 2252; INTERNAL; 4; 4; 0; 1181
INTERNAL; 6; 6; 0; 48; INTERNAL; 5; 5; 0; 2057
INTERNAL; 5; 5; 0; 2057; INTERNAL; 4; 4; 0; 1522
INTERNAL; 4; 4; 0; 1522; INTERNAL; 3; 3; 0; 112
INTERNAL; 4; 4; 0; 1522; INTERNAL; 3; 3; 0; 113
INTERNAL; 5; 5; 0; 2057; INTERNAL; 4; 4; 0; 114
INTERNAL; 6; 6; 0; 48; INTERNAL; 5; 5; 0; 346
INTERNAL; 7; 7; 0; 2354; INTERNAL; 6; 6; 0; 1817
INTERNAL; 6; 6; 0; 1817; INTERNAL; 5; 5; 0; 2504
INTERNAL; 5; 5; 0; 2504; INTERNAL; 4; 4; 0; 1813
INTERNAL; 4; 4; 0; 1813; INTERNAL; 3; 3; 0; 2534
INTERNAL; 3; 3; 0; 2534; INTERNAL; 2; 2; 0; 2197
INTERNAL; 2; 2; 0; 2197; INPUT; 1; 1; 0; 122
INTERNAL; 2; 2; 0; 2197; INPUT; 1; 1; 0; 1563
INTERNAL; 2; 2; 0; 2197; INPUT; 1; 1; 0; 1471
INTERNAL; 2; 2; 0; 2197; INPUT; 1; 1; 0; 2460
INTERNAL; 2; 2; 0; 2197; INPUT; 1; 1; 0; 226
INTERNAL; 2; 2; 0; 2197; INPUT; 1; 1; 0; 2253
INTERNAL; 3; 3; 0; 2534; INTERNAL; 2; 2; 0; 2177
INTERNAL; 2; 2; 0; 2177; INPUT; 1; 1; 0; 1502
INTERNAL; 2; 2; 0; 2177; INPUT; 1; 1; 0; 2246
INTERNAL; 2; 2; 0; 2177; INPUT; 1; 1; 0; 2541
INTERNAL; 2; 2; 0; 2177; INPUT; 1; 1; 0; 2540
INTERNAL; 2; 2; 0; 2177; INPUT; 1; 1; 0; 500
INTERNAL; 2; 2; 0; 2177; INPUT; 1; 1; 0; 1661
INTERNAL; 3; 3; 0; 2534; INTERNAL; 2; 2; 0; 1795
INTERNAL; 2; 2; 0; 1795; INPUT; 1; 1; 0; 1946
INTERNAL; 2; 2; 0; 1795; INPUT; 1; 1; 0; 1169
INTERNAL; 2; 2; 0; 1795; INPUT; 1; 1; 0; 2547
INTERNAL; 2; 2; 0; 1795; INPUT; 1; 1; 0; 2546
INTERNAL; 2; 2; 0; 1795; INPUT; 1; 1; 0; 2206
INTERNAL; 2; 2; 0; 1795; INPUT; 1; 1; 0; 2549
INTERNAL; 3; 3; 0; 2534; INTERNAL; 2; 2; 0; 337
INTERNAL; 2; 2; 0; 337; INPUT; 1; 1; 0; 860
INTERNAL; 2; 2; 0; 337; INPUT; 1; 1; 0; 620
INTERNAL; 2; 2; 0; 337; INPUT; 1; 1; 0; 1510
INTERNAL; 2; 2; 0; 337; INPUT; 1; 1; 0; 2538
INTERNAL; 2; 2; 0; 337; INPUT; 1; 1; 0; 2276
INTERNAL; 2; 2; 0; 337; INPUT; 1; 1; 0; 1585
INTERNAL; 4; 4; 0; 1813; INTERNAL; 3; 3; 0; 444
INTERNAL; 3; 3; 0; 444; INTERNAL; 2; 2; 0; 2146
INTERNAL; 3; 3; 0; 444; INTERNAL; 2; 2; 0; 2542
INTERNAL; 4; 4; 0; 1813; INTERNAL; 3; 3; 0; 952
INTERNAL; 3; 3; 0; 952; INTERNAL; 2; 2; 0; 2535
INTERNAL; 3; 3; 0; 952; INTERNAL; 2; 2; 0; 354
INTERNAL; 4; 4; 0; 1813; INTERNAL; 3; 3; 0; 2130
INTERNAL; 3; 3; 0; 2130; INTERNAL; 2; 2; 0; 2544
INTERNAL; 3; 3; 0; 2130; INTERNAL; 2; 2; 0; 2545
INTERNAL; 4; 4; 0; 1813; INTERNAL; 3; 3; 0; 1536
INTERNAL; 3; 3; 0; 1536; INTERNAL; 2; 2; 0; 2536
INTERNAL; 3; 3; 0; 1536; INTERNAL; 2; 2; 0; 2526
INTERNAL; 5; 5; 0; 2504; INTERNAL; 4; 4; 0; 119
INTERNAL; 4; 4; 0; 119; INTERNAL; 3; 3; 0; 2434
INTERNAL; 3; 3; 0; 2434; INTERNAL; 2; 2; 0; 1669
INTERNAL; 2; 2; 0; 1669; INPUT; 1; 1; 0; 308
INTERNAL; 2; 2; 0; 1669; INPUT; 1; 1; 0; 593
INTERNAL; 2; 2; 0; 1669; INPUT; 1; 1; 0; 2524
INTERNAL; 2; 2; 0; 1669; INPUT; 1; 1; 0; 2087
INTERNAL; 2; 2; 0; 1669; INPUT; 1; 1; 0; 240
INTERNAL; 2; 2; 0; 1669; INPUT; 1; 1; 0; 2528
INTERNAL; 3; 3; 0; 2434; INTERNAL; 2; 2; 0; 2522
INTERNAL; 2; 2; 0; 2522; INPUT; 1; 1; 0; 2531
INTERNAL; 2; 2; 0; 2522; INPUT; 1; 1; 0; 450
INTERNAL; 2; 2; 0; 2522; INPUT; 1; 1; 0; 2532
INTERNAL; 2; 2; 0; 2522; INPUT; 1; 1; 0; 2533
INTERNAL; 2; 2; 0; 2522; INPUT; 1; 1; 0; 2045
INTERNAL; 2; 2; 0; 2522; INPUT; 1; 1; 0; 2529
INTERNAL; 3; 3; 0; 2434; INTERNAL; 2; 2; 0; 2523
INTERNAL; 3; 3; 0; 2434; INTERNAL; 2; 2; 0; 2218
INTERNAL; 3; 3; 0; 2434; INTERNAL; 2; 2; 0; 362
INTERNAL; 3; 3; 0; 2434; INTERNAL; 2; 2; 0; 1961
INTERNAL; 4; 4; 0; 119; INTERNAL; 3; 3; 0; 628
INTERNAL; 3; 3; 0; 628; INTERNAL; 2; 2; 0; 2182
INTERNAL; 2; 2; 0; 2182; INPUT; 1; 1; 0; 2516
INTERNAL; 2; 2; 0; 2182; INPUT; 1; 1; 0; 2515
INTERNAL; 2; 2; 0; 2182; INPUT; 1; 1; 0; 1104
INTERNAL; 2; 2; 0; 2182; INPUT; 1; 1; 0; 2240
INTERNAL; 2; 2; 0; 2182; INPUT; 1; 1; 0; 440
INTERNAL; 2; 2; 0; 2182; INPUT; 1; 1; 0; 142
INTERNAL; 3; 3; 0; 628; INTERNAL; 2; 2; 0; 2511
INTERNAL; 3; 3; 0; 628; INTERNAL; 2; 2; 0; 1950
INTERNAL; 2; 2; 0; 1950; INPUT; 1; 1; 0; 2521
INTERNAL; 2; 2; 0; 1950; INPUT; 1; 1; 0; 2520
INTERNAL; 2; 2; 0; 1950; INPUT; 1; 1; 0; 1408
INTERNAL; 2; 2; 0; 1950; INPUT; 1; 1; 0; 786
INTERNAL; 2; 2; 0; 1950; INPUT; 1; 1; 0; 2502
INTERNAL; 2; 2; 0; 1950; INPUT; 1; 1; 0; 2519
INTERNAL; 3; 3; 0; 628; INTERNAL; 2; 2; 0; 2512
INTERNAL; 4; 4; 0; 119; INTERNAL; 3; 3; 0; 775
INTERNAL; 4; 4; 0; 119; INTERNAL; 3; 3; 0; 2510
INTERNAL; 3; 3; 0; 2510; INTERNAL; 2; 2; 0; 2514
INTERNAL; 3; 3; 0; 2510; INTERNAL; 2; 2; 0; 2063
INTERNAL; 4; 4; 0; 119; INTERNAL; 3; 3; 0; 2495
INTERNAL; 5; 5; 0; 2504; INTERNAL; 4; 4; 0; 118
INTERNAL; 4; 4; 0; 118; INTERNAL; 3; 3; 0; 976
INTERNAL; 4; 4; 0; 118; INTERNAL; 3; 3; 0; 116
INTERNAL; 4; 4; 0; 118; INTERNAL; 3; 3; 0; 117
INTERNAL; 4; 4; 0; 118; INTERNAL; 3; 3; 0; 115
INTERNAL; 6; 6; 0; 1817; INTERNAL; 5; 5; 0; 1644
INTERNAL; 5; 5; 0; 1644; INTERNAL; 4; 4; 0; 930
INTERNAL; 5; 5; 0; 1644; INTERNAL; 3; 3; 0; 2319
INTERNAL; 5; 5; 0; 1644; INTERNAL; 3; 3; 0; 2509
INTERNAL; 6; 6; 0; 1817; INTERNAL; 5; 5; 0; 2506
INTERNAL; 5; 5; 0; 2506; INTERNAL; 4; 4; 0; 120
INTERNAL; 6; 6; 0; 1817; INTERNAL; 5; 5; 0; 2503
INTERNAL; 5; 5; 0; 2503; INTERNAL; 4; 4; 0; 121
INTERNAL; 4; 4; 0; 121; INTERNAL; 3; 3; 0; 2499
INTERNAL; 4; 4; 0; 121; INTERNAL; 3; 3; 0; 1899
INTERNAL; 5; 5; 0; 2503; INTERNAL; 4; 4; 0; 2508
INTERNAL; 6; 6; 0; 1817; INTERNAL; 5; 5; 0; 1915
INTERNAL; 8; 8; 0; 1910; INTERNAL; 7; 7; 0; 574
INTERNAL; 7; 7; 0; 574; INTERNAL; 6; 6; 0; 1462
INTERNAL; 6; 6; 0; 1462; INTERNAL; 5; 5; 0; 1654
INTERNAL; 7; 7; 0; 574; INTERNAL; 6; 6; 0; 2500
INTERNAL; 6; 6; 0; 2500; INTERNAL; 5; 5; 0; 2309
INTERNAL; 6; 6; 0; 2500; INTERNAL; 5; 5; 0; 477
INTERNAL; 6; 6; 0; 2500; INTERNAL; 5; 5; 0; 51
INTERNAL; 5; 5; 0; 51; INTERNAL; 4; 4; 0; 1136
INTERNAL; 5; 5; 0; 51; INTERNAL; 4; 4; 0; 50
INTERNAL; 5; 5; 0; 51; INTERNAL; 4; 4; 0; 49
INTERNAL; 7; 7; 0; 574; INTERNAL; 6; 6; 0; 2496
INTERNAL; 6; 6; 0; 2496; INTERNAL; 5; 5; 0; 52
INTERNAL; 6; 6; 0; 2496; INTERNAL; 5; 5; 0; 633
INTERNAL; 7; 7; 0; 574; INTERNAL; 6; 6; 0; 2501
INTERNAL; 7; 7; 0; 574; INTERNAL; 6; 6; 0; 2362
INTERNAL; 6; 6; 0; 2362; INTERNAL; 5; 5; 0; 2507
INTERNAL; 9; 9; 0; 1251; INTERNAL; 8; 8; 0; 2353
INTERNAL; 8; 8; 0; 2353; INTERNAL; 7; 7; 0; 44
INTERNAL; 8; 8; 0; 2353; INTERNAL; 7; 7; 0; 46
INTERNAL; 8; 8; 0; 2353; INTERNAL; 7; 7; 0; 222
INTERNAL; 8; 8; 0; 2353; INTERNAL; 7; 7; 0; 45
INTERNAL; 8; 8; 0; 2353; INTERNAL; 7; 7; 0; 1727
INTERNAL; 7; 7; 0; 1727; INTERNAL; 6; 6; 0; 43
INTERNAL; 6; 6; 0; 43; INTERNAL; 5; 5; 0; 40
INTERNAL; 6; 6; 0; 43; INTERNAL; 5; 5; 0; 42
INTERNAL; 5; 5; 0; 42; INTERNAL; 4; 4; 0; 38
INTERNAL; 5; 5; 0; 42; INTERNAL; 4; 4; 0; 39
INTERNAL; 6; 6; 0; 43; INTERNAL; 5; 5; 0; 41
INTERNAL; 10; 10; 0; 1969; INTERNAL; 9; 9; 0; 1658
INTERNAL; 9; 9; 0; 1658; INTERNAL; 8; 8; 0; 36
INTERNAL; 8; 8; 0; 36; INTERNAL; 7; 7; 0; 2120
INTERNAL; 8; 8; 0; 36; INTERNAL; 7; 7; 0; 2000
INTERNAL; 7; 7; 0; 2000; INTERNAL; 5; 5; 0; 1231
INTERNAL; 5; 5; 0; 1231; INTERNAL; 4; 4; 0; 2148
INTERNAL; 4; 4; 0; 2148; INTERNAL; 3; 3; 0; 2066
INTERNAL; 3; 3; 0; 2066; INTERNAL; 2; 2; 0; 2068
INTERNAL; 2; 2; 0; 2068; INPUT; 1; 1; 0; 2086
INTERNAL; 2; 2; 0; 2068; INPUT; 1; 1; 0; 390
INTERNAL; 2; 2; 0; 2068; INPUT; 1; 1; 0; 1886
INTERNAL; 2; 2; 0; 2068; INPUT; 1; 1; 0; 2088
INTERNAL; 2; 2; 0; 2068; INPUT; 1; 1; 0; 1193
INTERNAL; 2; 2; 0; 2068; INPUT; 1; 1; 0; 2089
INTERNAL; 3; 3; 0; 2066; INTERNAL; 2; 2; 0; 2075
INTERNAL; 3; 3; 0; 2066; INTERNAL; 2; 2; 0; 2073
INTERNAL; 2; 2; 0; 2073; INPUT; 1; 1; 0; 1762
INTERNAL; 2; 2; 0; 2073; INPUT; 1; 1; 0; 1065
INTERNAL; 2; 2; 0; 2073; INPUT; 1; 1; 0; 467
INTERNAL; 2; 2; 0; 2073; INPUT; 1; 1; 0; 2071
INTERNAL; 2; 2; 0; 2073; INPUT; 1; 1; 0; 1186
INTERNAL; 2; 2; 0; 2073; INPUT; 1; 1; 0; 2083
INTERNAL; 3; 3; 0; 2066; INTERNAL; 2; 2; 0; 643
INTERNAL; 4; 4; 0; 2148; INTERNAL; 3; 3; 0; 2114
INTERNAL; 3; 3; 0; 2114; INTERNAL; 2; 2; 0; 2091
INTERNAL; 2; 2; 0; 2091; INPUT; 1; 1; 0; 326
INTERNAL; 2; 2; 0; 2091; INPUT; 1; 1; 0; 2104
INTERNAL; 2; 2; 0; 2091; INPUT; 1; 1; 0; 2109
INTERNAL; 2; 2; 0; 2091; INPUT; 1; 1; 0; 2106
INTERNAL; 2; 2; 0; 2091; INPUT; 1; 1; 0; 2107
INTERNAL; 2; 2; 0; 2091; INPUT; 1; 1; 0; 2103
INTERNAL; 3; 3; 0; 2114; INTERNAL; 2; 2; 0; 2093
INTERNAL; 2; 2; 0; 2093; INPUT; 1; 1; 0; 2098
INTERNAL; 2; 2; 0; 2093; INPUT; 1; 1; 0; 2099
INTERNAL; 2; 2; 0; 2093; INPUT; 1; 1; 0; 578
INTERNAL; 2; 2; 0; 2093; INPUT; 1; 1; 0; 1458
INTERNAL; 2; 2; 0; 2093; INPUT; 1; 1; 0; 2102
INTERNAL; 2; 2; 0; 2093; INPUT; 1; 1; 0; 1404
INTERNAL; 4; 4; 0; 2148; INTERNAL; 3; 3; 0; 2149
INTERNAL; 3; 3; 0; 2149; INTERNAL; 2; 2; 0; 420
INTERNAL; 3; 3; 0; 2149; INTERNAL; 2; 2; 0; 2094
INTERNAL; 4; 4; 0; 2148; INTERNAL; 3; 3; 0; 1668
INTERNAL; 3; 3; 0; 1668; INTERNAL; 2; 2; 0; 2129
INTERNAL; 2; 2; 0; 2129; INPUT; 1; 1; 0; 730
INTERNAL; 2; 2; 0; 2129; INPUT; 1; 1; 0; 733
INTERNAL; 2; 2; 0; 2129; INPUT; 1; 1; 0; 2142
INTERNAL; 2; 2; 0; 2129; INPUT; 1; 1; 0; 160
INTERNAL; 2; 2; 0; 2129; INPUT; 1; 1; 0; 1624
INTERNAL; 2; 2; 0; 2129; INPUT; 1; 1; 0; 2140
INTERNAL; 3; 3; 0; 1668; INTERNAL; 2; 2; 0; 2115
INTERNAL; 2; 2; 0; 2115; INPUT; 1; 1; 0; 2123
INTERNAL; 2; 2; 0; 2115; INPUT; 1; 1; 0; 538
INTERNAL; 2; 2; 0; 2115; INPUT; 1; 1; 0; 530
INTERNAL; 2; 2; 0; 2115; INPUT; 1; 1; 0; 736
INTERNAL; 2; 2; 0; 2115; INPUT; 1; 1; 0; 1879
INTERNAL; 2; 2; 0; 2115; INPUT; 1; 1; 0; 1649
INTERNAL; 3; 3; 0; 1668; INTERNAL; 2; 2; 0; 2518
INTERNAL; 2; 2; 0; 2518; INPUT; 1; 1; 0; 2015
INTERNAL; 2; 2; 0; 2518; INPUT; 1; 1; 0; 515
INTERNAL; 2; 2; 0; 2518; INPUT; 1; 1; 0; 2125
INTERNAL; 2; 2; 0; 2518; INPUT; 1; 1; 0; 2128
INTERNAL; 2; 2; 0; 2518; INPUT; 1; 1; 0; 2127
INTERNAL; 2; 2; 0; 2518; INPUT; 1; 1; 0; 2124
INTERNAL; 3; 3; 0; 1668; INTERNAL; 2; 2; 0; 401
INTERNAL; 2; 2; 0; 401; INPUT; 1; 1; 0; 2138
INTERNAL; 2; 2; 0; 401; INPUT; 1; 1; 0; 2428
INTERNAL; 2; 2; 0; 401; INPUT; 1; 1; 0; 2136
INTERNAL; 2; 2; 0; 401; INPUT; 1; 1; 0; 2072
INTERNAL; 2; 2; 0; 401; INPUT; 1; 1; 0; 2135
INTERNAL; 2; 2; 0; 401; INPUT; 1; 1; 0; 746
INTERNAL; 4; 4; 0; 2148; INTERNAL; 3; 3; 0; 1425
INTERNAL; 3; 3; 0; 1425; INTERNAL; 2; 2; 0; 2050
INTERNAL; 3; 3; 0; 1425; INTERNAL; 2; 2; 0; 767
INTERNAL; 4; 4; 0; 2148; INTERNAL; 3; 3; 0; 2112
INTERNAL; 3; 3; 0; 2112; INTERNAL; 2; 2; 0; 210
INTERNAL; 3; 3; 0; 2112; INTERNAL; 2; 2; 0; 2117
INTERNAL; 5; 5; 0; 1231; INTERNAL; 4; 4; 0; 2055
INTERNAL; 4; 4; 0; 2055; INTERNAL; 3; 3; 0; 1955
INTERNAL; 3; 3; 0; 1955; INTERNAL; 2; 2; 0; 2005
INTERNAL; 2; 2; 0; 2005; INPUT; 1; 1; 0; 1441
INTERNAL; 2; 2; 0; 2005; INPUT; 1; 1; 0; 729
INTERNAL; 2; 2; 0; 2005; INPUT; 1; 1; 0; 1266
INTERNAL; 2; 2; 0; 2005; INPUT; 1; 1; 0; 1089
INTERNAL; 2; 2; 0; 2005; INPUT; 1; 1; 0; 203
INTERNAL; 2; 2; 0; 2005; INPUT; 1; 1; 0; 129
INTERNAL; 3; 3; 0; 1955; INTERNAL; 2; 2; 0; 740
INTERNAL; 2; 2; 0; 740; INPUT; 1; 1; 0; 2001
INTERNAL; 2; 2; 0; 740; INPUT; 1; 1; 0; 1114
INTERNAL; 2; 2; 0; 740; INPUT; 1; 1; 0; 2038
INTERNAL; 2; 2; 0; 740; INPUT; 1; 1; 0; 2003
INTERNAL; 2; 2; 0; 740; INPUT; 1; 1; 0; 571
INTERNAL; 2; 2; 0; 740; INPUT; 1; 1; 0; 1999
INTERNAL; 3; 3; 0; 1955; INTERNAL; 2; 2; 0; 1988
INTERNAL; 2; 2; 0; 1988; INPUT; 1; 1; 0; 1875
INTERNAL; 2; 2; 0; 1988; INPUT; 1; 1; 0; 1994
INTERNAL; 2; 2; 0; 1988; INPUT; 1; 1; 0; 1672
INTERNAL; 2; 2; 0; 1988; INPUT; 1; 1; 0; 1992
INTERNAL; 2; 2; 0; 1988; INPUT; 1; 1; 0; 1318
INTERNAL; 2; 2; 0; 1988; INPUT; 1; 1; 0; 1993
INTERNAL; 3; 3; 0; 1955; INTERNAL; 2; 2; 0; 1253
INTERNAL; 3; 3; 0; 1955; INTERNAL; 2; 2; 0; 2006
INTERNAL; 2; 2; 0; 2006; INPUT; 1; 1; 0; 407
INTERNAL; 2; 2; 0; 2006; INPUT; 1; 1; 0; 1497
INTERNAL; 2; 2; 0; 2006; INPUT; 1; 1; 0; 2009
INTERNAL; 2; 2; 0; 2006; INPUT; 1; 1; 0; 366
INTERNAL; 2; 2; 0; 2006; INPUT; 1; 1; 0; 2010
INTERNAL; 2; 2; 0; 2006; INPUT; 1; 1; 0; 1116
INTERNAL; 3; 3; 0; 1955; INTERNAL; 2; 2; 0; 2007
INTERNAL; 4; 4; 0; 2055; INTERNAL; 3; 3; 0; 1856
INTERNAL; 4; 4; 0; 2055; INTERNAL; 3; 3; 0; 1364
INTERNAL; 3; 3; 0; 1364; INTERNAL; 2; 2; 0; 1626
INTERNAL; 2; 2; 0; 1626; INPUT; 1; 1; 0; 2026
INTERNAL; 2; 2; 0; 1626; INPUT; 1; 1; 0; 2025
INTERNAL; 2; 2; 0; 1626; INPUT; 1; 1; 0; 1745
INTERNAL; 2; 2; 0; 1626; INPUT; 1; 1; 0; 2023
INTERNAL; 2; 2; 0; 1626; INPUT; 1; 1; 0; 2028
INTERNAL; 2; 2; 0; 1626; INPUT; 1; 1; 0; 2459
INTERNAL; 3; 3; 0; 1364; INTERNAL; 2; 2; 0; 2034
INTERNAL; 2; 2; 0; 2034; INPUT; 1; 1; 0; 2047
INTERNAL; 2; 2; 0; 2034; INPUT; 1; 1; 0; 2247
INTERNAL; 2; 2; 0; 2034; INPUT; 1; 1; 0; 204
INTERNAL; 2; 2; 0; 2034; INPUT; 1; 1; 0; 2027
INTERNAL; 2; 2; 0; 2034; INPUT; 1; 1; 0; 2429
INTERNAL; 2; 2; 0; 2034; INPUT; 1; 1; 0; 1310
INTERNAL; 3; 3; 0; 1364; INTERNAL; 2; 2; 0; 2033
INTERNAL; 2; 2; 0; 2033; INPUT; 1; 1; 0; 2040
INTERNAL; 2; 2; 0; 2033; INPUT; 1; 1; 0; 1468
INTERNAL; 2; 2; 0; 2033; INPUT; 1; 1; 0; 2039
INTERNAL; 2; 2; 0; 2033; INPUT; 1; 1; 0; 2043
INTERNAL; 2; 2; 0; 2033; INPUT; 1; 1; 0; 356
INTERNAL; 2; 2; 0; 2033; INPUT; 1; 1; 0; 1043
INTERNAL; 3; 3; 0; 1364; INTERNAL; 2; 2; 0; 2031
INTERNAL; 3; 3; 0; 1364; INTERNAL; 2; 2; 0; 683
INTERNAL; 2; 2; 0; 683; INPUT; 1; 1; 0; 2022
INTERNAL; 2; 2; 0; 683; INPUT; 1; 1; 0; 2017
INTERNAL; 2; 2; 0; 683; INPUT; 1; 1; 0; 1711
INTERNAL; 2; 2; 0; 683; INPUT; 1; 1; 0; 2016
INTERNAL; 2; 2; 0; 683; INPUT; 1; 1; 0; 1093
INTERNAL; 2; 2; 0; 683; INPUT; 1; 1; 0; 2018
INTERNAL; 3; 3; 0; 1364; INTERNAL; 2; 2; 0; 2517
INTERNAL; 4; 4; 0; 2055; INTERNAL; 3; 3; 0; 412
INTERNAL; 3; 3; 0; 412; INTERNAL; 2; 2; 0; 1021
INTERNAL; 3; 3; 0; 412; INTERNAL; 2; 2; 0; 358
INTERNAL; 4; 4; 0; 2055; INTERNAL; 3; 3; 0; 1197
INTERNAL; 4; 4; 0; 2055; INTERNAL; 3; 3; 0; 2394
INTERNAL; 3; 3; 0; 2394; INTERNAL; 2; 2; 0; 1990
INTERNAL; 3; 3; 0; 2394; INTERNAL; 2; 2; 0; 1989
INTERNAL; 5; 5; 0; 1231; INTERNAL; 4; 4; 0; 2052
INTERNAL; 4; 4; 0; 2052; INTERNAL; 3; 3; 0; 1949
INTERNAL; 4; 4; 0; 2052; INTERNAL; 3; 3; 0; 376
INTERNAL; 3; 3; 0; 376; INTERNAL; 2; 2; 0; 2012
INTERNAL; 3; 3; 0; 376; INTERNAL; 2; 2; 0; 2014
INTERNAL; 4; 4; 0; 2052; INTERNAL; 3; 3; 0; 278
INTERNAL; 4; 4; 0; 2052; INTERNAL; 3; 3; 0; 2011
INTERNAL; 3; 3; 0; 2011; INTERNAL; 2; 2; 0; 2037
INTERNAL; 3; 3; 0; 2011; INTERNAL; 2; 2; 0; 2036
INTERNAL; 5; 5; 0; 1231; INTERNAL; 4; 4; 0; 2147
INTERNAL; 4; 4; 0; 2147; INTERNAL; 3; 3; 0; 2067
INTERNAL; 3; 3; 0; 2067; INTERNAL; 2; 2; 0; 2096
INTERNAL; 3; 3; 0; 2067; INTERNAL; 2; 2; 0; 1406
INTERNAL; 4; 4; 0; 2147; INTERNAL; 3; 3; 0; 1655
INTERNAL; 4; 4; 0; 2147; INTERNAL; 3; 3; 0; 1000
INTERNAL; 3; 3; 0; 1000; INTERNAL; 2; 2; 0; 2082
INTERNAL; 3; 3; 0; 1000; INTERNAL; 2; 2; 0; 2079
INTERNAL; 4; 4; 0; 2147; INTERNAL; 3; 3; 0; 2064
INTERNAL; 5; 5; 0; 1231; INTERNAL; 4; 4; 0; 2053
INTERNAL; 4; 4; 0; 2053; INTERNAL; 3; 3; 0; 1986
INTERNAL; 3; 3; 0; 1986; INTERNAL; 2; 2; 0; 627
INTERNAL; 3; 3; 0; 1986; INTERNAL; 2; 2; 0; 1991
INTERNAL; 4; 4; 0; 2053; INTERNAL; 3; 3; 0; 1871
INTERNAL; 4; 4; 0; 2053; INTERNAL; 3; 3; 0; 1583
INTERNAL; 3; 3; 0; 1583; INTERNAL; 2; 2; 0; 1824
INTERNAL; 3; 3; 0; 1583; INTERNAL; 2; 2; 0; 2008
INTERNAL; 4; 4; 0; 2053; INTERNAL; 3; 3; 0; 1287
INTERNAL; 5; 5; 0; 1231; INTERNAL; 4; 4; 0; 2145
INTERNAL; 4; 4; 0; 2145; INTERNAL; 3; 3; 0; 1167
INTERNAL; 3; 3; 0; 1167; INTERNAL; 2; 2; 0; 2131
INTERNAL; 3; 3; 0; 1167; INTERNAL; 2; 2; 0; 2132
INTERNAL; 4; 4; 0; 2145; INTERNAL; 3; 3; 0; 220
INTERNAL; 4; 4; 0; 2145; INTERNAL; 3; 3; 0; 2493
INTERNAL; 3; 3; 0; 2493; INTERNAL; 2; 2; 0; 1839
INTERNAL; 3; 3; 0; 2493; INTERNAL; 2; 2; 0; 2121
INTERNAL; 4; 4; 0; 2145; INTERNAL; 3; 3; 0; 2110
INTERNAL; 7; 7; 0; 2000; INTERNAL; 5; 5; 0; 631
INTERNAL; 5; 5; 0; 631; INTERNAL; 4; 4; 0; 2387
INTERNAL; 4; 4; 0; 2387; INTERNAL; 3; 3; 0; 2336
INTERNAL; 3; 3; 0; 2336; INTERNAL; 2; 2; 0; 2280
INTERNAL; 2; 2; 0; 2280; INPUT; 1; 1; 0; 2293
INTERNAL; 2; 2; 0; 2280; INPUT; 1; 1; 0; 1963
INTERNAL; 2; 2; 0; 2280; INPUT; 1; 1; 0; 2296
INTERNAL; 2; 2; 0; 2280; INPUT; 1; 1; 0; 2295
INTERNAL; 2; 2; 0; 2280; INPUT; 1; 1; 0; 2292
INTERNAL; 2; 2; 0; 2280; INPUT; 1; 1; 0; 681
INTERNAL; 3; 3; 0; 2336; INTERNAL; 2; 2; 0; 2297
INTERNAL; 2; 2; 0; 2297; INPUT; 1; 1; 0; 2271
INTERNAL; 2; 2; 0; 2297; INPUT; 1; 1; 0; 2302
INTERNAL; 2; 2; 0; 2297; INPUT; 1; 1; 0; 1396
INTERNAL; 2; 2; 0; 2297; INPUT; 1; 1; 0; 2301
INTERNAL; 2; 2; 0; 2297; INPUT; 1; 1; 0; 2300
INTERNAL; 2; 2; 0; 2297; INPUT; 1; 1; 0; 1366
INTERNAL; 3; 3; 0; 2336; INTERNAL; 2; 2; 0; 2497
INTERNAL; 2; 2; 0; 2497; INPUT; 1; 1; 0; 1865
INTERNAL; 2; 2; 0; 2497; INPUT; 1; 1; 0; 2281
INTERNAL; 2; 2; 0; 2497; INPUT; 1; 1; 0; 2303
INTERNAL; 2; 2; 0; 2497; INPUT; 1; 1; 0; 1333
INTERNAL; 2; 2; 0; 2497; INPUT; 1; 1; 0; 1876
INTERNAL; 2; 2; 0; 2497; INPUT; 1; 1; 0; 1275
INTERNAL; 3; 3; 0; 2336; INTERNAL; 2; 2; 0; 591
INTERNAL; 2; 2; 0; 591; INPUT; 1; 1; 0; 2286
INTERNAL; 2; 2; 0; 591; INPUT; 1; 1; 0; 2284
INTERNAL; 2; 2; 0; 591; INPUT; 1; 1; 0; 2289
INTERNAL; 2; 2; 0; 591; INPUT; 1; 1; 0; 1857
INTERNAL; 2; 2; 0; 591; INPUT; 1; 1; 0; 555
INTERNAL; 2; 2; 0; 591; INPUT; 1; 1; 0; 2288
INTERNAL; 4; 4; 0; 2387; INTERNAL; 3; 3; 0; 2337
INTERNAL; 3; 3; 0; 2337; INTERNAL; 2; 2; 0; 2308
INTERNAL; 2; 2; 0; 2308; INPUT; 1; 1; 0; 1334
INTERNAL; 2; 2; 0; 2308; INPUT; 1; 1; 0; 2314
INTERNAL; 2; 2; 0; 2308; INPUT; 1; 1; 0; 1495
INTERNAL; 2; 2; 0; 2308; INPUT; 1; 1; 0; 2318
INTERNAL; 2; 2; 0; 2308; INPUT; 1; 1; 0; 2321
INTERNAL; 2; 2; 0; 2308; INPUT; 1; 1; 0; 1473
INTERNAL; 3; 3; 0; 2337; INTERNAL; 2; 2; 0; 2311
INTERNAL; 2; 2; 0; 2311; INPUT; 1; 1; 0; 1941
INTERNAL; 2; 2; 0; 2311; INPUT; 1; 1; 0; 2322
INTERNAL; 2; 2; 0; 2311; INPUT; 1; 1; 0; 1803
INTERNAL; 2; 2; 0; 2311; INPUT; 1; 1; 0; 470
INTERNAL; 2; 2; 0; 2311; INPUT; 1; 1; 0; 1421
INTERNAL; 2; 2; 0; 2311; INPUT; 1; 1; 0; 1081
INTERNAL; 3; 3; 0; 2337; INTERNAL; 2; 2; 0; 2323
INTERNAL; 2; 2; 0; 2323; INPUT; 1; 1; 0; 844
INTERNAL; 2; 2; 0; 2323; INPUT; 1; 1; 0; 1227
INTERNAL; 2; 2; 0; 2323; INPUT; 1; 1; 0; 2331
INTERNAL; 2; 2; 0; 2323; INPUT; 1; 1; 0; 1428
INTERNAL; 2; 2; 0; 2323; INPUT; 1; 1; 0; 816
INTERNAL; 2; 2; 0; 2323; INPUT; 1; 1; 0; 2330
INTERNAL; 3; 3; 0; 2337; INTERNAL; 2; 2; 0; 2324
INTERNAL; 2; 2; 0; 2324; INPUT; 1; 1; 0; 623
INTERNAL; 2; 2; 0; 2324; INPUT; 1; 1; 0; 708
INTERNAL; 2; 2; 0; 2324; INPUT; 1; 1; 0; 2328
INTERNAL; 2; 2; 0; 2324; INPUT; 1; 1; 0; 1095
INTERNAL; 2; 2; 0; 2324; INPUT; 1; 1; 0; 2327
INTERNAL; 2; 2; 0; 2324; INPUT; 1; 1; 0; 150
INTERNAL; 4; 4; 0; 2387; INTERNAL; 3; 3; 0; 2264
INTERNAL; 3; 3; 0; 2264; INTERNAL; 2; 2; 0; 2191
INTERNAL; 2; 2; 0; 2191; INPUT; 1; 1; 0; 2196
INTERNAL; 2; 2; 0; 2191; INPUT; 1; 1; 0; 2199
INTERNAL; 2; 2; 0; 2191; INPUT; 1; 1; 0; 1547
INTERNAL; 2; 2; 0; 2191; INPUT; 1; 1; 0; 562
INTERNAL; 2; 2; 0; 2191; INPUT; 1; 1; 0; 772
INTERNAL; 2; 2; 0; 2191; INPUT; 1; 1; 0; 2202
INTERNAL; 3; 3; 0; 2264; INTERNAL; 2; 2; 0; 2189
INTERNAL; 2; 2; 0; 2189; INPUT; 1; 1; 0; 1731
INTERNAL; 2; 2; 0; 2189; INPUT; 1; 1; 0; 1084
INTERNAL; 2; 2; 0; 2189; INPUT; 1; 1; 0; 2195
INTERNAL; 2; 2; 0; 2189; INPUT; 1; 1; 0; 2397
INTERNAL; 2; 2; 0; 2189; INPUT; 1; 1; 0; 2065
INTERNAL; 2; 2; 0; 2189; INPUT; 1; 1; 0; 1493
INTERNAL; 3; 3; 0; 2264; INTERNAL; 2; 2; 0; 2205
INTERNAL; 2; 2; 0; 2205; INPUT; 1; 1; 0; 2216
INTERNAL; 2; 2; 0; 2205; INPUT; 1; 1; 0; 472
INTERNAL; 2; 2; 0; 2205; INPUT; 1; 1; 0; 1801
INTERNAL; 2; 2; 0; 2205; INPUT; 1; 1; 0; 1478
INTERNAL; 2; 2; 0; 2205; INPUT; 1; 1; 0; 1513
INTERNAL; 2; 2; 0; 2205; INPUT; 1; 1; 0; 2215
INTERNAL; 3; 3; 0; 2264; INTERNAL; 2; 2; 0; 1265
INTERNAL; 2; 2; 0; 1265; INPUT; 1; 1; 0; 2209
INTERNAL; 2; 2; 0; 1265; INPUT; 1; 1; 0; 1896
INTERNAL; 2; 2; 0; 1265; INPUT; 1; 1; 0; 2214
INTERNAL; 2; 2; 0; 1265; INPUT; 1; 1; 0; 737
INTERNAL; 2; 2; 0; 1265; INPUT; 1; 1; 0; 876
INTERNAL; 2; 2; 0; 1265; INPUT; 1; 1; 0; 1911
INTERNAL; 4; 4; 0; 2387; INTERNAL; 3; 3; 0; 2267
INTERNAL; 3; 3; 0; 2267; INTERNAL; 2; 2; 0; 2234
INTERNAL; 2; 2; 0; 2234; INPUT; 1; 1; 0; 835
INTERNAL; 2; 2; 0; 2234; INPUT; 1; 1; 0; 2242
INTERNAL; 2; 2; 0; 2234; INPUT; 1; 1; 0; 2243
INTERNAL; 2; 2; 0; 2234; INPUT; 1; 1; 0; 2241
INTERNAL; 2; 2; 0; 2234; INPUT; 1; 1; 0; 1204
INTERNAL; 2; 2; 0; 2234; INPUT; 1; 1; 0; 2238
INTERNAL; 3; 3; 0; 2267; INTERNAL; 2; 2; 0; 2222
INTERNAL; 2; 2; 0; 2222; INPUT; 1; 1; 0; 345
INTERNAL; 2; 2; 0; 2222; INPUT; 1; 1; 0; 663
INTERNAL; 2; 2; 0; 2222; INPUT; 1; 1; 0; 2194
INTERNAL; 2; 2; 0; 2222; INPUT; 1; 1; 0; 882
INTERNAL; 2; 2; 0; 2222; INPUT; 1; 1; 0; 2232
INTERNAL; 2; 2; 0; 2222; INPUT; 1; 1; 0; 1278
INTERNAL; 3; 3; 0; 2267; INTERNAL; 2; 2; 0; 1835
INTERNAL; 2; 2; 0; 1835; INPUT; 1; 1; 0; 2250
INTERNAL; 2; 2; 0; 1835; INPUT; 1; 1; 0; 2249
INTERNAL; 2; 2; 0; 1835; INPUT; 1; 1; 0; 2255
INTERNAL; 2; 2; 0; 1835; INPUT; 1; 1; 0; 2251
INTERNAL; 2; 2; 0; 1835; INPUT; 1; 1; 0; 2248
INTERNAL; 2; 2; 0; 1835; INPUT; 1; 1; 0; 2245
INTERNAL; 3; 3; 0; 2267; INTERNAL; 2; 2; 0; 1559
INTERNAL; 2; 2; 0; 1559; INPUT; 1; 1; 0; 2225
INTERNAL; 2; 2; 0; 1559; INPUT; 1; 1; 0; 2229
INTERNAL; 2; 2; 0; 1559; INPUT; 1; 1; 0; 838
INTERNAL; 2; 2; 0; 1559; INPUT; 1; 1; 0; 469
INTERNAL; 2; 2; 0; 1559; INPUT; 1; 1; 0; 2227
INTERNAL; 2; 2; 0; 1559; INPUT; 1; 1; 0; 1515
INTERNAL; 5; 5; 0; 631; INTERNAL; 4; 4; 0; 2343
INTERNAL; 4; 4; 0; 2343; INTERNAL; 3; 3; 0; 2002
INTERNAL; 3; 3; 0; 2002; INTERNAL; 2; 2; 0; 1681
INTERNAL; 3; 3; 0; 2002; INTERNAL; 2; 2; 0; 2325
INTERNAL; 4; 4; 0; 2343; INTERNAL; 3; 3; 0; 2165
INTERNAL; 3; 3; 0; 2165; INTERNAL; 2; 2; 0; 2320
INTERNAL; 3; 3; 0; 2165; INTERNAL; 2; 2; 0; 145
INTERNAL; 4; 4; 0; 2343; INTERNAL; 3; 3; 0; 1281
INTERNAL; 3; 3; 0; 1281; INTERNAL; 2; 2; 0; 744
INTERNAL; 3; 3; 0; 1281; INTERNAL; 2; 2; 0; 431
INTERNAL; 4; 4; 0; 2343; INTERNAL; 3; 3; 0; 2339
INTERNAL; 3; 3; 0; 2339; INTERNAL; 2; 2; 0; 1690
INTERNAL; 3; 3; 0; 2339; INTERNAL; 2; 2; 0; 2299
INTERNAL; 5; 5; 0; 631; INTERNAL; 4; 4; 0; 2345
INTERNAL; 4; 4; 0; 2345; INTERNAL; 3; 3; 0; 2187
INTERNAL; 3; 3; 0; 2187; INTERNAL; 2; 2; 0; 2473
INTERNAL; 3; 3; 0; 2187; INTERNAL; 2; 2; 0; 2192
INTERNAL; 4; 4; 0; 2345; INTERNAL; 3; 3; 0; 2259
INTERNAL; 3; 3; 0; 2259; INTERNAL; 2; 2; 0; 2207
INTERNAL; 3; 3; 0; 2259; INTERNAL; 2; 2; 0; 1288
INTERNAL; 4; 4; 0; 2345; INTERNAL; 3; 3; 0; 603
INTERNAL; 3; 3; 0; 603; INTERNAL; 2; 2; 0; 582
INTERNAL; 3; 3; 0; 603; INTERNAL; 2; 2; 0; 2235
INTERNAL; 4; 4; 0; 2345; INTERNAL; 3; 3; 0; 2221
INTERNAL; 3; 3; 0; 2221; INTERNAL; 2; 2; 0; 1952
INTERNAL; 3; 3; 0; 2221; INTERNAL; 2; 2; 0; 2144
INTERNAL; 7; 7; 0; 2000; INTERNAL; 5; 5; 0; 1002
INTERNAL; 5; 5; 0; 1002; INTERNAL; 4; 4; 0; 493
INTERNAL; 5; 5; 0; 1002; INTERNAL; 4; 4; 0; 1529
INTERNAL; 5; 5; 0; 1002; INTERNAL; 4; 4; 0; 2158
INTERNAL; 7; 7; 0; 2000; INTERNAL; 5; 5; 0; 2340
INTERNAL; 5; 5; 0; 2340; INTERNAL; 4; 4; 0; 1332
INTERNAL; 4; 4; 0; 1332; INTERNAL; 3; 3; 0; 2278
INTERNAL; 3; 3; 0; 2278; INTERNAL; 2; 2; 0; 2282
INTERNAL; 3; 3; 0; 2278; INTERNAL; 2; 2; 0; 545
INTERNAL; 4; 4; 0; 1332; INTERNAL; 3; 3; 0; 1852
INTERNAL; 4; 4; 0; 1332; INTERNAL; 3; 3; 0; 2279
INTERNAL; 3; 3; 0; 2279; INTERNAL; 2; 2; 0; 1832
INTERNAL; 3; 3; 0; 2279; INTERNAL; 2; 2; 0; 1501
INTERNAL; 4; 4; 0; 1332; INTERNAL; 3; 3; 0; 990
INTERNAL; 5; 5; 0; 2340; INTERNAL; 4; 4; 0; 2262
INTERNAL; 4; 4; 0; 2262; INTERNAL; 3; 3; 0; 252
INTERNAL; 3; 3; 0; 252; INTERNAL; 2; 2; 0; 1460
INTERNAL; 3; 3; 0; 252; INTERNAL; 2; 2; 0; 2447
INTERNAL; 4; 4; 0; 2262; INTERNAL; 3; 3; 0; 357
INTERNAL; 3; 3; 0; 357; INTERNAL; 2; 2; 0; 2193
INTERNAL; 3; 3; 0; 357; INTERNAL; 2; 2; 0; 2051
INTERNAL; 4; 4; 0; 2262; INTERNAL; 3; 3; 0; 1330
INTERNAL; 4; 4; 0; 2262; INTERNAL; 3; 3; 0; 2329
INTERNAL; 5; 5; 0; 2340; INTERNAL; 4; 4; 0; 2134
INTERNAL; 4; 4; 0; 2134; INTERNAL; 3; 3; 0; 1776
INTERNAL; 4; 4; 0; 2134; INTERNAL; 3; 3; 0; 2305
INTERNAL; 4; 4; 0; 2134; INTERNAL; 3; 3; 0; 1821
INTERNAL; 3; 3; 0; 1821; INTERNAL; 2; 2; 0; 1426
INTERNAL; 3; 3; 0; 1821; INTERNAL; 2; 2; 0; 2313
INTERNAL; 4; 4; 0; 2134; INTERNAL; 3; 3; 0; 2307
INTERNAL; 3; 3; 0; 2307; INTERNAL; 2; 2; 0; 389
INTERNAL; 3; 3; 0; 2307; INTERNAL; 2; 2; 0; 2442
INTERNAL; 5; 5; 0; 2340; INTERNAL; 4; 4; 0; 1349
INTERNAL; 5; 5; 0; 2340; INTERNAL; 4; 4; 0; 1797
INTERNAL; 5; 5; 0; 2340; INTERNAL; 4; 4; 0; 2261
INTERNAL; 4; 4; 0; 2261; INTERNAL; 3; 3; 0; 924
INTERNAL; 4; 4; 0; 2261; INTERNAL; 3; 3; 0; 1027
INTERNAL; 4; 4; 0; 2261; INTERNAL; 3; 3; 0; 1719
INTERNAL; 3; 3; 0; 1719; INTERNAL; 2; 2; 0; 2236
INTERNAL; 3; 3; 0; 1719; INTERNAL; 2; 2; 0; 1004
INTERNAL; 4; 4; 0; 2261; INTERNAL; 3; 3; 0; 2219
INTERNAL; 3; 3; 0; 2219; INTERNAL; 2; 2; 0; 2224
INTERNAL; 3; 3; 0; 2219; INTERNAL; 2; 2; 0; 888
INTERNAL; 7; 7; 0; 2000; INTERNAL; 6; 6; 0; 2349
INTERNAL; 6; 6; 0; 2349; INTERNAL; 4; 4; 0; 2352
INTERNAL; 6; 6; 0; 2349; INTERNAL; 4; 4; 0; 676
INTERNAL; 6; 6; 0; 2349; INTERNAL; 5; 5; 0; 284
INTERNAL; 8; 8; 0; 36; INTERNAL; 7; 7; 0; 35
INTERNAL; 7; 7; 0; 35; INTERNAL; 6; 6; 0; 31
INTERNAL; 7; 7; 0; 35; INTERNAL; 6; 6; 0; 32
INTERNAL; 7; 7; 0; 35; INTERNAL; 6; 6; 0; 33
INTERNAL; 6; 6; 0; 33; INTERNAL; 5; 5; 0; 30
INTERNAL; 6; 6; 0; 33; INTERNAL; 5; 5; 0; 1302
INTERNAL; 8; 8; 0; 36; INTERNAL; 7; 7; 0; 34
INTERNAL; 7; 7; 0; 34; INTERNAL; 6; 6; 0; 2166
INTERNAL; 6; 6; 0; 2166; INTERNAL; 5; 5; 0; 2077
INTERNAL; 5; 5; 0; 2077; INTERNAL; 4; 4; 0; 2333
INTERNAL; 4; 4; 0; 2333; INTERNAL; 3; 3; 0; 925
INTERNAL; 4; 4; 0; 2333; INTERNAL; 3; 3; 0; 2525
INTERNAL; 5; 5; 0; 2077; INTERNAL; 4; 4; 0; 788
INTERNAL; 4; 4; 0; 788; INTERNAL; 3; 3; 0; 1225
INTERNAL; 4; 4; 0; 788; INTERNAL; 3; 3; 0; 1976
INTERNAL; 5; 5; 0; 2077; INTERNAL; 4; 4; 0; 2274
INTERNAL; 5; 5; 0; 2077; INTERNAL; 4; 4; 0; 1983
INTERNAL; 6; 6; 0; 2166; INTERNAL; 5; 5; 0; 2181
INTERNAL; 6; 6; 0; 2166; INTERNAL; 5; 5; 0; 2183
INTERNAL; 6; 6; 0; 2166; INTERNAL; 5; 5; 0; 1846
INTERNAL; 5; 5; 0; 1846; INTERNAL; 4; 4; 0; 380
INTERNAL; 4; 4; 0; 380; INTERNAL; 3; 3; 0; 1476
INTERNAL; 4; 4; 0; 380; INTERNAL; 3; 3; 0; 2186
INTERNAL; 5; 5; 0; 1846; INTERNAL; 4; 4; 0; 2256
INTERNAL; 4; 4; 0; 2256; INTERNAL; 3; 3; 0; 2185
INTERNAL; 4; 4; 0; 2256; INTERNAL; 3; 3; 0; 208
INTERNAL; 5; 5; 0; 1846; INTERNAL; 4; 4; 0; 1757
INTERNAL; 5; 5; 0; 1846; INTERNAL; 4; 4; 0; 396
INTERNAL; 7; 7; 0; 34; INTERNAL; 6; 6; 0; 2168
INTERNAL; 6; 6; 0; 2168; INTERNAL; 5; 5; 0; 2342
INTERNAL; 7; 7; 0; 34; INTERNAL; 6; 6; 0; 856
INTERNAL; 6; 6; 0; 856; INTERNAL; 5; 5; 0; 2154
INTERNAL; 7; 7; 0; 34; INTERNAL; 6; 6; 0; 2402
INTERNAL; 6; 6; 0; 2402; INTERNAL; 5; 5; 0; 2151
INTERNAL; 5; 5; 0; 2151; INTERNAL; 4; 4; 0; 2059
INTERNAL; 5; 5; 0; 2151; INTERNAL; 4; 4; 0; 503
INTERNAL; 4; 4; 0; 503; INTERNAL; 3; 3; 0; 2061
INTERNAL; 4; 4; 0; 503; INTERNAL; 3; 3; 0; 1914
INTERNAL; 5; 5; 0; 2151; INTERNAL; 4; 4; 0; 1179
INTERNAL; 5; 5; 0; 2151; INTERNAL; 4; 4; 0; 783
INTERNAL; 4; 4; 0; 783; INTERNAL; 3; 3; 0; 1347
INTERNAL; 4; 4; 0; 783; INTERNAL; 3; 3; 0; 1987
INTERNAL; 6; 6; 0; 2402; INTERNAL; 5; 5; 0; 625
INTERNAL; 6; 6; 0; 2402; INTERNAL; 5; 5; 0; 2150
INTERNAL; 5; 5; 0; 2150; INTERNAL; 4; 4; 0; 2049
INTERNAL; 4; 4; 0; 2049; INTERNAL; 3; 3; 0; 1985
INTERNAL; 4; 4; 0; 2049; INTERNAL; 3; 3; 0; 1618
INTERNAL; 5; 5; 0; 2150; INTERNAL; 4; 4; 0; 1528
INTERNAL; 4; 4; 0; 1528; INTERNAL; 3; 3; 0; 2462
INTERNAL; 4; 4; 0; 1528; INTERNAL; 3; 3; 0; 1572
INTERNAL; 5; 5; 0; 2150; INTERNAL; 4; 4; 0; 1981
INTERNAL; 5; 5; 0; 2150; INTERNAL; 4; 4; 0; 508
INTERNAL; 6; 6; 0; 2402; INTERNAL; 5; 5; 0; 1543
INTERNAL; 9; 9; 0; 1658; INTERNAL; 8; 8; 0; 37
INTERNAL; 8; 8; 0; 37; INTERNAL; 7; 7; 0; 1652
INTERNAL; 8; 8; 0; 37; INTERNAL; 7; 7; 0; 2348
INTERNAL; 8; 8; 0; 37; INTERNAL; 7; 7; 0; 1996
INTERNAL; 7; 7; 0; 1996; INTERNAL; 6; 6; 0; 1977
INTERNAL; 6; 6; 0; 1977; INTERNAL; 5; 5; 0; 1581
INTERNAL; 6; 6; 0; 1977; INTERNAL; 5; 5; 0; 1451
INTERNAL; 6; 6; 0; 1977; INTERNAL; 5; 5; 0; 2056
INTERNAL; 7; 7; 0; 1996; INTERNAL; 6; 6; 0; 1975
INTERNAL; 6; 6; 0; 1975; INTERNAL; 5; 5; 0; 2095
INTERNAL; 6; 6; 0; 1975; INTERNAL; 5; 5; 0; 1979
INTERNAL; 6; 6; 0; 1975; INTERNAL; 5; 5; 0; 1787
INTERNAL; 7; 7; 0; 1996; INTERNAL; 6; 6; 0; 287
INTERNAL; 8; 8; 0; 37; INTERNAL; 7; 7; 0; 277
INTERNAL; 7; 7; 0; 277; INTERNAL; 6; 6; 0; 2171
INTERNAL; 6; 6; 0; 2171; INTERNAL; 5; 5; 0; 1933
INTERNAL; 6; 6; 0; 2171; INTERNAL; 5; 5; 0; 1166
INTERNAL; 6; 6; 0; 2171; INTERNAL; 5; 5; 0; 2269
INTERNAL; 7; 7; 0; 277; INTERNAL; 6; 6; 0; 2173
INTERNAL; 7; 7; 0; 277; INTERNAL; 6; 6; 0; 1072
INTERNAL; 6; 6; 0; 1072; INTERNAL; 5; 5; 0; 2184
INTERNAL; 6; 6; 0; 1072; INTERNAL; 5; 5; 0; 2179
INTERNAL; 6; 6; 0; 1072; INTERNAL; 5; 5; 0; 813
INTERNAL; 9; 9; 0; 1658; INTERNAL; 8; 8; 0; 397
INTERNAL; 10; 10; 0; 1969; INTERNAL; 9; 9; 0; 1972
INTERNAL; 9; 9; 0; 1972; INTERNAL; 8; 8; 0; 1973
INTERNAL; 8; 8; 0; 1973; INTERNAL; 7; 7; 0; 1974
INTERNAL; 7; 7; 0; 1974; INTERNAL; 6; 6; 0; 2159
INTERNAL; 6; 6; 0; 2159; INTERNAL; 5; 5; 0; 2161
INTERNAL; 6; 6; 0; 2159; INTERNAL; 5; 5; 0; 2162
INTERNAL; 7; 7; 0; 1974; INTERNAL; 6; 6; 0; 1140
INTERNAL; 6; 6; 0; 1140; INTERNAL; 5; 5; 0; 2163
INTERNAL; 6; 6; 0; 1140; INTERNAL; 5; 5; 0; 1678
INTERNAL; 8; 8; 0; 1973; INTERNAL; 7; 7; 0; 1936
INTERNAL; 7; 7; 0; 1936; INTERNAL; 6; 6; 0; 2174
INTERNAL; 6; 6; 0; 2174; INTERNAL; 5; 5; 0; 2478
INTERNAL; 6; 6; 0; 2174; INTERNAL; 5; 5; 0; 1544
INTERNAL; 7; 7; 0; 1936; INTERNAL; 6; 6; 0; 2346
INTERNAL; 6; 6; 0; 2346; INTERNAL; 5; 5; 0; 2347
INTERNAL; 6; 6; 0; 2346; INTERNAL; 5; 5; 0; 2074
INTERNAL; 8; 8; 0; 1973; INTERNAL; 7; 7; 0; 776
INTERNAL; 8; 8; 0; 1973; INTERNAL; 7; 7; 0; 340
INTERNAL; 9; 9; 0; 1972; INTERNAL; 8; 8; 0; 352
INTERNAL; 11; 11; 0; 726; INTERNAL; 10; 10; 0; 1971
INTERNAL; 10; 10; 0; 1971; INTERNAL; 9; 9; 0; 1007
INTERNAL; 9; 9; 0; 1007; INTERNAL; 8; 8; 0; 194
INTERNAL; 8; 8; 0; 194; INTERNAL; 7; 7; 0; 866
INTERNAL; 7; 7; 0; 866; INTERNAL; 6; 6; 0; 974
INTERNAL; 6; 6; 0; 974; INTERNAL; 5; 5; 0; 1467
INTERNAL; 5; 5; 0; 1467; INTERNAL; 2; 3; 1; 192
INTERNAL; 2; 3; 1; 192; INPUT; 1; 1; 0; 1423
INTERNAL; 2; 3; 1; 192; INPUT; 1; 1; 0; 2548
INTERNAL; 2; 3; 1; 192; INPUT; 1; 1; 0; 1218
INTERNAL; 2; 3; 1; 192; INPUT; 1; 1; 0; 595
INTERNAL; 2; 3; 1; 192; INPUT; 1; 1; 0; 517
INTERNAL; 2; 3; 1; 192; INPUT; 1; 1; 0; 2044
INTERNAL; 5; 5; 0; 1467; INTERNAL; 4; 4; 0; 1362
INTERNAL; 4; 4; 0; 1362; INTERNAL; 2; 3; 1; 941
INTERNAL; 2; 3; 1; 941; INPUT; 1; 1; 0; 1398
INTERNAL; 2; 3; 1; 941; INPUT; 1; 1; 0; 878
INTERNAL; 2; 3; 1; 941; INPUT; 1; 1; 0; 912
INTERNAL; 2; 3; 1; 941; INPUT; 1; 1; 0; 1647
INTERNAL; 2; 3; 1; 941; INPUT; 1; 1; 0; 1389
INTERNAL; 2; 3; 1; 941; INPUT; 1; 1; 0; 1388
INTERNAL; 4; 4; 0; 1362; INTERNAL; 3; 3; 0; 2152
INTERNAL; 3; 3; 0; 2152; INTERNAL; 2; 2; 0; 1058
INTERNAL; 3; 3; 0; 2152; INTERNAL; 2; 2; 0; 1385
INTERNAL; 2; 2; 0; 1385; INPUT; 1; 1; 0; 1400
INTERNAL; 2; 2; 0; 1385; INPUT; 1; 1; 0; 1409
INTERNAL; 2; 2; 0; 1385; INPUT; 1; 1; 0; 694
INTERNAL; 2; 2; 0; 1385; INPUT; 1; 1; 0; 1298
INTERNAL; 2; 2; 0; 1385; INPUT; 1; 1; 0; 306
INTERNAL; 2; 2; 0; 1385; INPUT; 1; 1; 0; 1339
INTERNAL; 3; 3; 0; 2152; INTERNAL; 2; 2; 0; 936
INTERNAL; 3; 3; 0; 2152; INTERNAL; 2; 2; 0; 478
INTERNAL; 3; 3; 0; 2152; INTERNAL; 2; 2; 0; 945
INTERNAL; 4; 4; 0; 1362; INTERNAL; 2; 3; 1; 577
INTERNAL; 5; 5; 0; 1467; INTERNAL; 3; 3; 0; 2200
INTERNAL; 3; 3; 0; 2200; INTERNAL; 2; 2; 0; 170
INTERNAL; 3; 3; 0; 2200; INTERNAL; 2; 2; 0; 837
INTERNAL; 3; 3; 0; 2200; INTERNAL; 2; 2; 0; 1374
INTERNAL; 2; 2; 0; 1374; INPUT; 1; 1; 0; 824
INTERNAL; 2; 2; 0; 1374; INPUT; 1; 1; 0; 2108
INTERNAL; 2; 2; 0; 1374; INPUT; 1; 1; 0; 1018
INTERNAL; 2; 2; 0; 1374; INPUT; 1; 1; 0; 909
INTERNAL; 2; 2; 0; 1374; INPUT; 1; 1; 0; 1704
INTERNAL; 2; 2; 0; 1374; INPUT; 1; 1; 0; 977
INTERNAL; 3; 3; 0; 2200; INTERNAL; 2; 2; 0; 1725
INTERNAL; 3; 3; 0; 2200; INTERNAL; 2; 2; 0; 1429
INTERNAL; 5; 5; 0; 1467; INTERNAL; 4; 4; 0; 179
INTERNAL; 4; 4; 0; 179; INTERNAL; 3; 3; 0; 1321
INTERNAL; 4; 4; 0; 179; INTERNAL; 3; 3; 0; 1417
INTERNAL; 4; 4; 0; 179; INTERNAL; 3; 3; 0; 173
INTERNAL; 5; 5; 0; 1467; INTERNAL; 2; 3; 1; 565
INTERNAL; 5; 5; 0; 1467; INTERNAL; 4; 4; 0; 423
INTERNAL; 6; 6; 0; 974; INTERNAL; 5; 5; 0; 664
INTERNAL; 5; 5; 0; 664; INTERNAL; 3; 3; 0; 616
INTERNAL; 3; 3; 0; 616; INTERNAL; 2; 2; 0; 1106
INTERNAL; 2; 2; 0; 1106; INPUT; 1; 1; 0; 743
INTERNAL; 2; 2; 0; 1106; INPUT; 1; 1; 0; 1418
INTERNAL; 2; 2; 0; 1106; INPUT; 1; 1; 0; 1443
INTERNAL; 2; 2; 0; 1106; INPUT; 1; 1; 0; 164
INTERNAL; 2; 2; 0; 1106; INPUT; 1; 1; 0; 1036
INTERNAL; 2; 2; 0; 1106; INPUT; 1; 1; 0; 1322
INTERNAL; 3; 3; 0; 616; INTERNAL; 2; 2; 0; 1358
INTERNAL; 2; 2; 0; 1358; INPUT; 1; 1; 0; 1088
INTERNAL; 2; 2; 0; 1358; INPUT; 1; 1; 0; 1484
INTERNAL; 2; 2; 0; 1358; INPUT; 1; 1; 0; 1111
INTERNAL; 2; 2; 0; 1358; INPUT; 1; 1; 0; 436
INTERNAL; 2; 2; 0; 1358; INPUT; 1; 1; 0; 963
INTERNAL; 2; 2; 0; 1358; INPUT; 1; 1; 0; 839
INTERNAL; 3; 3; 0; 616; INTERNAL; 2; 2; 0; 753
INTERNAL; 2; 2; 0; 753; INPUT; 1; 1; 0; 853
INTERNAL; 2; 2; 0; 753; INPUT; 1; 1; 0; 1074
INTERNAL; 2; 2; 0; 753; INPUT; 1; 1; 0; 823
INTERNAL; 2; 2; 0; 753; INPUT; 1; 1; 0; 126
INTERNAL; 2; 2; 0; 753; INPUT; 1; 1; 0; 857
INTERNAL; 2; 2; 0; 753; INPUT; 1; 1; 0; 1025
INTERNAL; 3; 3; 0; 616; INTERNAL; 2; 2; 0; 1212
INTERNAL; 2; 2; 0; 1212; INPUT; 1; 1; 0; 1078
INTERNAL; 2; 2; 0; 1212; INPUT; 1; 1; 0; 1087
INTERNAL; 2; 2; 0; 1212; INPUT; 1; 1; 0; 589
INTERNAL; 2; 2; 0; 1212; INPUT; 1; 1; 0; 1326
INTERNAL; 2; 2; 0; 1212; INPUT; 1; 1; 0; 968
INTERNAL; 2; 2; 0; 1212; INPUT; 1; 1; 0; 1448
INTERNAL; 5; 5; 0; 664; INTERNAL; 3; 3; 0; 2116
INTERNAL; 5; 5; 0; 664; INTERNAL; 3; 3; 0; 1479
INTERNAL; 5; 5; 0; 664; INTERNAL; 4; 4; 0; 1474
INTERNAL; 5; 5; 0; 664; INTERNAL; 3; 3; 0; 1254
INTERNAL; 3; 3; 0; 1254; INTERNAL; 2; 2; 0; 1256
INTERNAL; 3; 3; 0; 1254; INTERNAL; 2; 2; 0; 660
INTERNAL; 3; 3; 0; 1254; INTERNAL; 2; 2; 0; 1355
INTERNAL; 5; 5; 0; 664; INTERNAL; 3; 3; 0; 646
INTERNAL; 3; 3; 0; 646; INTERNAL; 2; 2; 0; 1461
INTERNAL; 3; 3; 0; 646; INTERNAL; 2; 2; 0; 230
INTERNAL; 3; 3; 0; 646; INTERNAL; 2; 2; 0; 961
INTERNAL; 6; 6; 0; 974; INTERNAL; 5; 5; 0; 1372
INTERNAL; 5; 5; 0; 1372; INTERNAL; 2; 3; 1; 232
INTERNAL; 5; 5; 0; 1372; INTERNAL; 4; 4; 0; 353
INTERNAL; 5; 5; 0; 1372; INTERNAL; 4; 4; 0; 1285
INTERNAL; 4; 4; 0; 1285; INTERNAL; 2; 3; 1; 2317
INTERNAL; 4; 4; 0; 1285; INTERNAL; 2; 3; 1; 637
INTERNAL; 4; 4; 0; 1285; INTERNAL; 3; 3; 0; 801
INTERNAL; 5; 5; 0; 1372; INTERNAL; 2; 3; 1; 1239
INTERNAL; 5; 5; 0; 1372; INTERNAL; 3; 3; 0; 1431
INTERNAL; 5; 5; 0; 1372; INTERNAL; 4; 4; 0; 766
INTERNAL; 6; 6; 0; 974; INTERNAL; 5; 5; 0; 1139
INTERNAL; 5; 5; 0; 1139; INTERNAL; 4; 4; 0; 1470
INTERNAL; 6; 6; 0; 974; INTERNAL; 5; 5; 0; 2424
INTERNAL; 5; 5; 0; 2424; INTERNAL; 4; 4; 0; 1153
INTERNAL; 7; 7; 0; 866; INTERNAL; 6; 6; 0; 1154
INTERNAL; 6; 6; 0; 1154; INTERNAL; 5; 5; 0; 742
INTERNAL; 5; 5; 0; 742; INTERNAL; 4; 4; 0; 949
INTERNAL; 4; 4; 0; 949; INTERNAL; 3; 3; 0; 1457
INTERNAL; 3; 3; 0; 1457; INTERNAL; 2; 2; 0; 1120
INTERNAL; 2; 2; 0; 1120; INPUT; 1; 1; 0; 966
INTERNAL; 2; 2; 0; 1120; INPUT; 1; 1; 0; 972
INTERNAL; 2; 2; 0; 1120; INPUT; 1; 1; 0; 1309
INTERNAL; 2; 2; 0; 1120; INPUT; 1; 1; 0; 1307
INTERNAL; 2; 2; 0; 1120; INPUT; 1; 1; 0; 1305
INTERNAL; 2; 2; 0; 1120; INPUT; 1; 1; 0; 304
INTERNAL; 3; 3; 0; 1457; INTERNAL; 2; 2; 0; 763
INTERNAL; 2; 2; 0; 763; INPUT; 1; 1; 0; 1313
INTERNAL; 2; 2; 0; 763; INPUT; 1; 1; 0; 1748
INTERNAL; 2; 2; 0; 763; INPUT; 1; 1; 0; 850
INTERNAL; 2; 2; 0; 763; INPUT; 1; 1; 0; 702
INTERNAL; 2; 2; 0; 763; INPUT; 1; 1; 0; 1255
INTERNAL; 2; 2; 0; 763; INPUT; 1; 1; 0; 689
INTERNAL; 3; 3; 0; 1457; INTERNAL; 2; 2; 0; 312
INTERNAL; 3; 3; 0; 1457; INTERNAL; 2; 2; 0; 700
INTERNAL; 3; 3; 0; 1457; INTERNAL; 2; 2; 0; 1185
INTERNAL; 4; 4; 0; 949; INTERNAL; 2; 3; 1; 939
INTERNAL; 4; 4; 0; 949; INTERNAL; 2; 3; 1; 597
INTERNAL; 5; 5; 0; 742; INTERNAL; 4; 4; 0; 1292
INTERNAL; 4; 4; 0; 1292; INTERNAL; 3; 3; 0; 1440
INTERNAL; 4; 4; 0; 1292; INTERNAL; 3; 3; 0; 1315
INTERNAL; 3; 3; 0; 1315; INTERNAL; 2; 2; 0; 1327
INTERNAL; 2; 2; 0; 1327; INPUT; 1; 1; 0; 1344
INTERNAL; 2; 2; 0; 1327; INPUT; 1; 1; 0; 576
INTERNAL; 2; 2; 0; 1327; INPUT; 1; 1; 0; 1069
INTERNAL; 2; 2; 0; 1327; INPUT; 1; 1; 0; 2048
INTERNAL; 2; 2; 0; 1327; INPUT; 1; 1; 0; 415
INTERNAL; 2; 2; 0; 1327; INPUT; 1; 1; 0; 1049
INTERNAL; 3; 3; 0; 1315; INTERNAL; 2; 2; 0; 629
INTERNAL; 3; 3; 0; 1315; INTERNAL; 2; 2; 0; 1241
INTERNAL; 2; 2; 0; 1241; INPUT; 1; 1; 0; 2078
INTERNAL; 2; 2; 0; 1241; INPUT; 1; 1; 0; 1306
INTERNAL; 2; 2; 0; 1241; INPUT; 1; 1; 0; 2326
INTERNAL; 2; 2; 0; 1241; INPUT; 1; 1; 0; 502
INTERNAL; 2; 2; 0; 1241; INPUT; 1; 1; 0; 1401
INTERNAL; 2; 2; 0; 1241; INPUT; 1; 1; 0; 1335
INTERNAL; 3; 3; 0; 1315; INTERNAL; 2; 2; 0; 641
INTERNAL; 3; 3; 0; 1315; INTERNAL; 2; 2; 0; 1395
INTERNAL; 4; 4; 0; 1292; INTERNAL; 3; 3; 0; 658
INTERNAL; 5; 5; 0; 742; INTERNAL; 2; 3; 1; 1296
INTERNAL; 5; 5; 0; 742; INTERNAL; 3; 3; 0; 1289
INTERNAL; 5; 5; 0; 742; INTERNAL; 4; 4; 0; 2266
INTERNAL; 5; 5; 0; 742; INTERNAL; 2; 3; 1; 200
INTERNAL; 6; 6; 0; 1154; INTERNAL; 5; 5; 0; 1568
INTERNAL; 5; 5; 0; 1568; INTERNAL; 4; 4; 0; 1359
INTERNAL; 4; 4; 0; 1359; INTERNAL; 3; 3; 0; 193
INTERNAL; 3; 3; 0; 193; INTERNAL; 2; 2; 0; 1198
INTERNAL; 2; 2; 0; 1198; INPUT; 1; 1; 0; 2294
INTERNAL; 2; 2; 0; 1198; INPUT; 1; 1; 0; 1103
INTERNAL; 2; 2; 0; 1198; INPUT; 1; 1; 0; 1206
INTERNAL; 2; 2; 0; 1198; INPUT; 1; 1; 0; 624
INTERNAL; 2; 2; 0; 1198; INPUT; 1; 1; 0; 217
INTERNAL; 2; 2; 0; 1198; INPUT; 1; 1; 0; 2270
INTERNAL; 3; 3; 0; 193; INTERNAL; 2; 2; 0; 1199
INTERNAL; 3; 3; 0; 193; INTERNAL; 2; 2; 0; 1345
INTERNAL; 2; 2; 0; 1345; INPUT; 1; 1; 0; 1209
INTERNAL; 2; 2; 0; 1345; INPUT; 1; 1; 0; 745
INTERNAL; 2; 2; 0; 1345; INPUT; 1; 1; 0; 1506
INTERNAL; 2; 2; 0; 1345; INPUT; 1; 1; 0; 647
INTERNAL; 2; 2; 0; 1345; INPUT; 1; 1; 0; 1619
INTERNAL; 2; 2; 0; 1345; INPUT; 1; 1; 0; 1200
INTERNAL; 3; 3; 0; 193; INTERNAL; 2; 2; 0; 1195
INTERNAL; 3; 3; 0; 193; INTERNAL; 2; 2; 0; 1224
INTERNAL; 4; 4; 0; 1359; INTERNAL; 3; 3; 0; 1216
INTERNAL; 3; 3; 0; 1216; INTERNAL; 2; 2; 0; 1041
INTERNAL; 2; 2; 0; 1041; INPUT; 1; 1; 0; 1246
INTERNAL; 2; 2; 0; 1041; INPUT; 1; 1; 0; 1274
INTERNAL; 2; 2; 0; 1041; INPUT; 1; 1; 0; 1264
INTERNAL; 2; 2; 0; 1041; INPUT; 1; 1; 0; 760
INTERNAL; 2; 2; 0; 1041; INPUT; 1; 1; 0; 891
INTERNAL; 2; 2; 0; 1041; INPUT; 1; 1; 0; 1262
INTERNAL; 3; 3; 0; 1216; INTERNAL; 2; 2; 0; 1228
INTERNAL; 2; 2; 0; 1228; INPUT; 1; 1; 0; 1258
INTERNAL; 2; 2; 0; 1228; INPUT; 1; 1; 0; 1895
INTERNAL; 2; 2; 0; 1228; INPUT; 1; 1; 0; 1350
INTERNAL; 2; 2; 0; 1228; INPUT; 1; 1; 0; 399
INTERNAL; 2; 2; 0; 1228; INPUT; 1; 1; 0; 1249
INTERNAL; 2; 2; 0; 1228; INPUT; 1; 1; 0; 934
INTERNAL; 4; 4; 0; 1359; INTERNAL; 3; 3; 0; 1221
INTERNAL; 3; 3; 0; 1221; INTERNAL; 2; 2; 0; 768
INTERNAL; 3; 3; 0; 1221; INTERNAL; 2; 2; 0; 1283
INTERNAL; 3; 3; 0; 1221; INTERNAL; 2; 2; 0; 1009
INTERNAL; 5; 5; 0; 1568; INTERNAL; 2; 3; 1; 1746
INTERNAL; 5; 5; 0; 1568; INTERNAL; 3; 3; 0; 1214
INTERNAL; 5; 5; 0; 1568; INTERNAL; 4; 4; 0; 2046
INTERNAL; 4; 4; 0; 2046; INTERNAL; 2; 3; 1; 1182
INTERNAL; 4; 4; 0; 2046; INTERNAL; 3; 3; 0; 1173
INTERNAL; 4; 4; 0; 2046; INTERNAL; 2; 3; 1; 688
INTERNAL; 5; 5; 0; 1568; INTERNAL; 4; 4; 0; 1079
INTERNAL; 5; 5; 0; 1568; INTERNAL; 2; 3; 1; 1172
INTERNAL; 7; 7; 0; 866; INTERNAL; 6; 6; 0; 1156
INTERNAL; 6; 6; 0; 1156; INTERNAL; 5; 5; 0; 1980
INTERNAL; 6; 6; 0; 1156; INTERNAL; 5; 5; 0; 534
INTERNAL; 5; 5; 0; 534; INTERNAL; 4; 4; 0; 1159
INTERNAL; 6; 6; 0; 1156; INTERNAL; 5; 5; 0; 237
INTERNAL; 5; 5; 0; 237; INTERNAL; 3; 3; 0; 980
INTERNAL; 5; 5; 0; 237; INTERNAL; 3; 3; 0; 1020
INTERNAL; 5; 5; 0; 237; INTERNAL; 4; 4; 0; 1354
INTERNAL; 6; 6; 0; 1156; INTERNAL; 5; 5; 0; 635
INTERNAL; 5; 5; 0; 635; INTERNAL; 4; 4; 0; 1353
INTERNAL; 6; 6; 0; 1156; INTERNAL; 5; 5; 0; 1177
INTERNAL; 7; 7; 0; 866; INTERNAL; 6; 6; 0; 1217
INTERNAL; 6; 6; 0; 1217; INTERNAL; 5; 5; 0; 1361
INTERNAL; 6; 6; 0; 1217; INTERNAL; 5; 5; 0; 609
INTERNAL; 8; 8; 0; 194; INTERNAL; 7; 7; 0; 887
INTERNAL; 7; 7; 0; 887; INTERNAL; 6; 6; 0; 1147
INTERNAL; 7; 7; 0; 887; INTERNAL; 6; 6; 0; 728
INTERNAL; 6; 6; 0; 728; INTERNAL; 5; 5; 0; 1405
INTERNAL; 6; 6; 0; 728; INTERNAL; 5; 5; 0; 422
INTERNAL; 6; 6; 0; 728; INTERNAL; 5; 5; 0; 717
INTERNAL; 5; 5; 0; 717; INTERNAL; 4; 4; 0; 2024
INTERNAL; 5; 5; 0; 717; INTERNAL; 4; 4; 0; 1482
INTERNAL; 5; 5; 0; 717; INTERNAL; 4; 4; 0; 1483
INTERNAL; 7; 7; 0; 887; INTERNAL; 6; 6; 0; 1885
INTERNAL; 7; 7; 0; 887; INTERNAL; 6; 6; 0; 1271
INTERNAL; 7; 7; 0; 887; INTERNAL; 6; 6; 0; 1480
INTERNAL; 9; 9; 0; 1007; INTERNAL; 8; 8; 0; 421
INTERNAL; 8; 8; 0; 421; INTERNAL; 7; 7; 0; 2054
INTERNAL; 8; 8; 0; 421; INTERNAL; 7; 7; 0; 695
INTERNAL; 9; 9; 0; 1007; INTERNAL; 8; 8; 0; 196
INTERNAL; 8; 8; 0; 196; INTERNAL; 7; 7; 0; 1553
INTERNAL; 7; 7; 0; 1553; INTERNAL; 6; 6; 0; 1282
INTERNAL; 6; 6; 0; 1282; INTERNAL; 5; 5; 0; 1357
INTERNAL; 5; 5; 0; 1357; INTERNAL; 2; 3; 1; 2042
INTERNAL; 2; 3; 1; 2042; INPUT; 1; 1; 0; 678
INTERNAL; 2; 3; 1; 2042; INPUT; 1; 1; 0; 928
INTERNAL; 2; 3; 1; 2042; INPUT; 1; 1; 0; 2092
INTERNAL; 2; 3; 1; 2042; INPUT; 1; 1; 0; 682
INTERNAL; 2; 3; 1; 2042; INPUT; 1; 1; 0; 679
INTERNAL; 2; 3; 1; 2042; INPUT; 1; 1; 0; 809
INTERNAL; 5; 5; 0; 1357; INTERNAL; 3; 3; 0; 1348
INTERNAL; 3; 3; 0; 1348; INTERNAL; 2; 2; 0; 1433
INTERNAL; 3; 3; 0; 1348; INTERNAL; 2; 2; 0; 668
INTERNAL; 3; 3; 0; 1348; INTERNAL; 2; 2; 0; 956
INTERNAL; 3; 3; 0; 1348; INTERNAL; 2; 2; 0; 1580
INTERNAL; 2; 2; 0; 1580; INPUT; 1; 1; 0; 755
INTERNAL; 2; 2; 0; 1580; INPUT; 1; 1; 0; 819
INTERNAL; 2; 2; 0; 1580; INPUT; 1; 1; 0; 656
INTERNAL; 2; 2; 0; 1580; INPUT; 1; 1; 0; 426
INTERNAL; 2; 2; 0; 1580; INPUT; 1; 1; 0; 752
INTERNAL; 2; 2; 0; 1580; INPUT; 1; 1; 0; 280
INTERNAL; 3; 3; 0; 1348; INTERNAL; 2; 2; 0; 873
INTERNAL; 5; 5; 0; 1357; INTERNAL; 4; 4; 0; 984
INTERNAL; 4; 4; 0; 984; INTERNAL; 2; 3; 1; 1063
INTERNAL; 2; 3; 1; 1063; INPUT; 1; 1; 0; 842
INTERNAL; 2; 3; 1; 1063; INPUT; 1; 1; 0; 814
INTERNAL; 2; 3; 1; 1063; INPUT; 1; 1; 0; 778
INTERNAL; 2; 3; 1; 1063; INPUT; 1; 1; 0; 770
INTERNAL; 2; 3; 1; 1063; INPUT; 1; 1; 0; 1341
INTERNAL; 2; 3; 1; 1063; INPUT; 1; 1; 0; 712
INTERNAL; 4; 4; 0; 984; INTERNAL; 3; 3; 0; 1096
INTERNAL; 3; 3; 0; 1096; INTERNAL; 2; 2; 0; 826
INTERNAL; 2; 2; 0; 826; INPUT; 1; 1; 0; 810
INTERNAL; 2; 2; 0; 826; INPUT; 1; 1; 0; 701
INTERNAL; 2; 2; 0; 826; INPUT; 1; 1; 0; 1392
INTERNAL; 2; 2; 0; 826; INPUT; 1; 1; 0; 621
INTERNAL; 2; 2; 0; 826; INPUT; 1; 1; 0; 845
INTERNAL; 2; 2; 0; 826; INPUT; 1; 1; 0; 709
INTERNAL; 3; 3; 0; 1096; INTERNAL; 2; 2; 0; 2350
INTERNAL; 3; 3; 0; 1096; INTERNAL; 2; 2; 0; 1059
INTERNAL; 3; 3; 0; 1096; INTERNAL; 2; 2; 0; 793
INTERNAL; 3; 3; 0; 1096; INTERNAL; 2; 2; 0; 447
INTERNAL; 4; 4; 0; 984; INTERNAL; 2; 3; 1; 721
INTERNAL; 5; 5; 0; 1357; INTERNAL; 4; 4; 0; 748
INTERNAL; 4; 4; 0; 748; INTERNAL; 3; 3; 0; 836
INTERNAL; 4; 4; 0; 748; INTERNAL; 3; 3; 0; 430
INTERNAL; 4; 4; 0; 748; INTERNAL; 3; 3; 0; 233
INTERNAL; 5; 5; 0; 1357; INTERNAL; 2; 3; 1; 885
INTERNAL; 5; 5; 0; 1357; INTERNAL; 4; 4; 0; 1834
INTERNAL; 6; 6; 0; 1282; INTERNAL; 5; 5; 0; 750
INTERNAL; 5; 5; 0; 750; INTERNAL; 2; 3; 1; 1489
INTERNAL; 2; 3; 1; 1489; INPUT; 1; 1; 0; 696
INTERNAL; 2; 3; 1; 1489; INPUT; 1; 1; 0; 1272
INTERNAL; 2; 3; 1; 1489; INPUT; 1; 1; 0; 1157
INTERNAL; 2; 3; 1; 1489; INPUT; 1; 1; 0; 186
INTERNAL; 2; 3; 1; 1489; INPUT; 1; 1; 0; 614
INTERNAL; 2; 3; 1; 1489; INPUT; 1; 1; 0; 1086
INTERNAL; 5; 5; 0; 750; INTERNAL; 3; 3; 0; 2527
INTERNAL; 3; 3; 0; 2527; INTERNAL; 2; 2; 0; 1142
INTERNAL; 3; 3; 0; 2527; INTERNAL; 2; 2; 0; 1137
INTERNAL; 3; 3; 0; 2527; INTERNAL; 2; 2; 0; 955
INTERNAL; 3; 3; 0; 2527; INTERNAL; 2; 2; 0; 1414
INTERNAL; 2; 2; 0; 1414; INPUT; 1; 1; 0; 1038
INTERNAL; 2; 2; 0; 1414; INPUT; 1; 1; 0; 1054
INTERNAL; 2; 2; 0; 1414; INPUT; 1; 1; 0; 610
INTERNAL; 2; 2; 0; 1414; INPUT; 1; 1; 0; 1370
INTERNAL; 2; 2; 0; 1414; INPUT; 1; 1; 0; 607
INTERNAL; 2; 2; 0; 1414; INPUT; 1; 1; 0; 391
INTERNAL; 3; 3; 0; 2527; INTERNAL; 2; 2; 0; 1924
INTERNAL; 5; 5; 0; 750; INTERNAL; 4; 4; 0; 619
INTERNAL; 4; 4; 0; 619; INTERNAL; 3; 3; 0; 732
INTERNAL; 3; 3; 0; 732; INTERNAL; 2; 2; 0; 684
INTERNAL; 2; 2; 0; 684; INPUT; 1; 1; 0; 921
INTERNAL; 2; 2; 0; 684; INPUT; 1; 1; 0; 852
INTERNAL; 2; 2; 0; 684; INPUT; 1; 1; 0; 677
INTERNAL; 2; 2; 0; 684; INPUT; 1; 1; 0; 959
INTERNAL; 2; 2; 0; 684; INPUT; 1; 1; 0; 981
INTERNAL; 2; 2; 0; 684; INPUT; 1; 1; 0; 1639
INTERNAL; 3; 3; 0; 732; INTERNAL; 2; 2; 0; 2157
INTERNAL; 2; 2; 0; 2157; INPUT; 1; 1; 0; 671
INTERNAL; 2; 2; 0; 2157; INPUT; 1; 1; 0; 874
INTERNAL; 2; 2; 0; 2157; INPUT; 1; 1; 0; 1279
INTERNAL; 2; 2; 0; 2157; INPUT; 1; 1; 0; 2228
INTERNAL; 2; 2; 0; 2157; INPUT; 1; 1; 0; 2365
INTERNAL; 2; 2; 0; 2157; INPUT; 1; 1; 0; 636
INTERNAL; 3; 3; 0; 732; INTERNAL; 2; 2; 0; 889
INTERNAL; 3; 3; 0; 732; INTERNAL; 2; 2; 0; 1733
INTERNAL; 3; 3; 0; 732; INTERNAL; 2; 2; 0; 2080
INTERNAL; 4; 4; 0; 619; INTERNAL; 2; 3; 1; 817
INTERNAL; 4; 4; 0; 619; INTERNAL; 2; 3; 1; 756
INTERNAL; 5; 5; 0; 750; INTERNAL; 2; 3; 1; 667
INTERNAL; 5; 5; 0; 750; INTERNAL; 4; 4; 0; 1598
INTERNAL; 4; 4; 0; 1598; INTERNAL; 3; 3; 0; 1190
INTERNAL; 4; 4; 0; 1598; INTERNAL; 3; 3; 0; 865
INTERNAL; 4; 4; 0; 1598; INTERNAL; 3; 3; 0; 797
INTERNAL; 5; 5; 0; 750; INTERNAL; 4; 4; 0; 665
INTERNAL; 7; 7; 0; 1553; INTERNAL; 6; 6; 0; 622
INTERNAL; 6; 6; 0; 622; INTERNAL; 5; 5; 0; 675
INTERNAL; 5; 5; 0; 675; INTERNAL; 3; 3; 0; 1707
INTERNAL; 3; 3; 0; 1707; INTERNAL; 2; 2; 0; 651
INTERNAL; 2; 2; 0; 651; INPUT; 1; 1; 0; 1057
INTERNAL; 2; 2; 0; 651; INPUT; 1; 1; 0; 1017
INTERNAL; 2; 2; 0; 651; INPUT; 1; 1; 0; 764
INTERNAL; 2; 2; 0; 651; INPUT; 1; 1; 0; 833
INTERNAL; 2; 2; 0; 651; INPUT; 1; 1; 0; 1464
INTERNAL; 2; 2; 0; 651; INPUT; 1; 1; 0; 1048
INTERNAL; 3; 3; 0; 1707; INTERNAL; 2; 2; 0; 1080
INTERNAL; 2; 2; 0; 1080; INPUT; 1; 1; 0; 691
INTERNAL; 2; 2; 0; 1080; INPUT; 1; 1; 0; 975
INTERNAL; 2; 2; 0; 1080; INPUT; 1; 1; 0; 630
INTERNAL; 2; 2; 0; 1080; INPUT; 1; 1; 0; 920
INTERNAL; 2; 2; 0; 1080; INPUT; 1; 1; 0; 443
INTERNAL; 2; 2; 0; 1080; INPUT; 1; 1; 0; 1149
INTERNAL; 3; 3; 0; 1707; INTERNAL; 2; 2; 0; 902
INTERNAL; 2; 2; 0; 902; INPUT; 1; 1; 0; 1257
INTERNAL; 2; 2; 0; 902; INPUT; 1; 1; 0; 1053
INTERNAL; 2; 2; 0; 902; INPUT; 1; 1; 0; 859
INTERNAL; 2; 2; 0; 902; INPUT; 1; 1; 0; 2069
INTERNAL; 2; 2; 0; 902; INPUT; 1; 1; 0; 880
INTERNAL; 2; 2; 0; 902; INPUT; 1; 1; 0; 1108
INTERNAL; 3; 3; 0; 1707; INTERNAL; 2; 2; 0; 907
INTERNAL; 2; 2; 0; 907; INPUT; 1; 1; 0; 1039
INTERNAL; 2; 2; 0; 907; INPUT; 1; 1; 0; 1124
INTERNAL; 2; 2; 0; 907; INPUT; 1; 1; 0; 1211
INTERNAL; 2; 2; 0; 907; INPUT; 1; 1; 0; 791
INTERNAL; 2; 2; 0; 907; INPUT; 1; 1; 0; 305
INTERNAL; 2; 2; 0; 907; INPUT; 1; 1; 0; 323
INTERNAL; 5; 5; 0; 675; INTERNAL; 3; 3; 0; 734
INTERNAL; 3; 3; 0; 734; INTERNAL; 2; 2; 0; 1208
INTERNAL; 3; 3; 0; 734; INTERNAL; 2; 2; 0; 831
INTERNAL; 3; 3; 0; 734; INTERNAL; 2; 2; 0; 1189
INTERNAL; 5; 5; 0; 675; INTERNAL; 3; 3; 0; 573
INTERNAL; 5; 5; 0; 675; INTERNAL; 4; 4; 0; 452
INTERNAL; 4; 4; 0; 452; INTERNAL; 3; 3; 0; 1525
INTERNAL; 3; 3; 0; 1525; INTERNAL; 2; 2; 0; 1356
INTERNAL; 2; 2; 0; 1356; INPUT; 1; 1; 0; 800
INTERNAL; 2; 2; 0; 1356; INPUT; 1; 1; 0; 1024
INTERNAL; 2; 2; 0; 1356; INPUT; 1; 1; 0; 910
INTERNAL; 2; 2; 0; 1356; INPUT; 1; 1; 0; 1909
INTERNAL; 2; 2; 0; 1356; INPUT; 1; 1; 0; 575
INTERNAL; 2; 2; 0; 1356; INPUT; 1; 1; 0; 1055
INTERNAL; 3; 3; 0; 1525; INTERNAL; 2; 2; 0; 897
INTERNAL; 3; 3; 0; 1525; INTERNAL; 2; 2; 0; 583
INTERNAL; 2; 2; 0; 583; INPUT; 1; 1; 0; 799
INTERNAL; 2; 2; 0; 583; INPUT; 1; 1; 0; 2306
INTERNAL; 2; 2; 0; 583; INPUT; 1; 1; 0; 796
INTERNAL; 2; 2; 0; 583; INPUT; 1; 1; 0; 994
INTERNAL; 2; 2; 0; 583; INPUT; 1; 1; 0; 1077
INTERNAL; 2; 2; 0; 583; INPUT; 1; 1; 0; 918
INTERNAL; 3; 3; 0; 1525; INTERNAL; 2; 2; 0; 1299
INTERNAL; 3; 3; 0; 1525; INTERNAL; 2; 2; 0; 820
INTERNAL; 4; 4; 0; 452; INTERNAL; 3; 3; 0; 606
INTERNAL; 3; 3; 0; 606; INTERNAL; 2; 2; 0; 1174
INTERNAL; 2; 2; 0; 1174; INPUT; 1; 1; 0; 350
INTERNAL; 2; 2; 0; 1174; INPUT; 1; 1; 0; 1578
INTERNAL; 2; 2; 0; 1174; INPUT; 1; 1; 0; 2143
INTERNAL; 2; 2; 0; 1174; INPUT; 1; 1; 0; 1998
INTERNAL; 2; 2; 0; 1174; INPUT; 1; 1; 0; 1051
INTERNAL; 2; 2; 0; 1174; INPUT; 1; 1; 0; 863
INTERNAL; 3; 3; 0; 606; INTERNAL; 2; 2; 0; 1512
INTERNAL; 3; 3; 0; 606; INTERNAL; 2; 2; 0; 1030
INTERNAL; 2; 2; 0; 1030; INPUT; 1; 1; 0; 2100
INTERNAL; 2; 2; 0; 1030; INPUT; 1; 1; 0; 999
INTERNAL; 2; 2; 0; 1030; INPUT; 1; 1; 0; 1067
INTERNAL; 2; 2; 0; 1030; INPUT; 1; 1; 0; 1382
INTERNAL; 2; 2; 0; 1030; INPUT; 1; 1; 0; 148
INTERNAL; 2; 2; 0; 1030; INPUT; 1; 1; 0; 1010
INTERNAL; 3; 3; 0; 606; INTERNAL; 2; 2; 0; 1638
INTERNAL; 3; 3; 0; 606; INTERNAL; 2; 2; 0; 943
INTERNAL; 4; 4; 0; 452; INTERNAL; 3; 3; 0; 1494
INTERNAL; 5; 5; 0; 675; INTERNAL; 3; 3; 0; 759
INTERNAL; 5; 5; 0; 675; INTERNAL; 3; 3; 0; 1118
INTERNAL; 3; 3; 0; 1118; INTERNAL; 2; 2; 0; 725
INTERNAL; 3; 3; 0; 1118; INTERNAL; 2; 2; 0; 2265
INTERNAL; 3; 3; 0; 1118; INTERNAL; 2; 2; 0; 881
INTERNAL; 6; 6; 0; 622; INTERNAL; 5; 5; 0; 806
INTERNAL; 5; 5; 0; 806; INTERNAL; 4; 4; 0; 1273
INTERNAL; 5; 5; 0; 806; INTERNAL; 4; 4; 0; 777
INTERNAL; 4; 4; 0; 777; INTERNAL; 2; 3; 1; 2058
INTERNAL; 4; 4; 0; 777; INTERNAL; 2; 3; 1; 1541
INTERNAL; 4; 4; 0; 777; INTERNAL; 3; 3; 0; 807
INTERNAL; 4; 4; 0; 777; INTERNAL; 3; 3; 0; 804
INTERNAL; 4; 4; 0; 777; INTERNAL; 2; 3; 1; 634
INTERNAL; 4; 4; 0; 777; INTERNAL; 2; 3; 1; 962
INTERNAL; 6; 6; 0; 622; INTERNAL; 5; 5; 0; 1286
INTERNAL; 5; 5; 0; 1286; INTERNAL; 4; 4; 0; 849
INTERNAL; 5; 5; 0; 1286; INTERNAL; 4; 4; 0; 1207
INTERNAL; 4; 4; 0; 1207; INTERNAL; 2; 3; 1; 715
INTERNAL; 4; 4; 0; 1207; INTERNAL; 2; 3; 1; 1085
INTERNAL; 4; 4; 0; 1207; INTERNAL; 3; 3; 0; 971
INTERNAL; 4; 4; 0; 1207; INTERNAL; 3; 3; 0; 2204
INTERNAL; 4; 4; 0; 1207; INTERNAL; 2; 3; 1; 1304
INTERNAL; 4; 4; 0; 1207; INTERNAL; 2; 3; 1; 929
INTERNAL; 6; 6; 0; 622; INTERNAL; 5; 5; 0; 780
INTERNAL; 5; 5; 0; 780; INTERNAL; 4; 4; 0; 1105
INTERNAL; 5; 5; 0; 780; INTERNAL; 4; 4; 0; 1092
INTERNAL; 6; 6; 0; 622; INTERNAL; 5; 5; 0; 2359
INTERNAL; 5; 5; 0; 2359; INTERNAL; 4; 4; 0; 1466
INTERNAL; 5; 5; 0; 2359; INTERNAL; 4; 4; 0; 828
INTERNAL; 7; 7; 0; 1553; INTERNAL; 6; 6; 0; 1416
INTERNAL; 6; 6; 0; 1416; INTERNAL; 5; 5; 0; 600
INTERNAL; 6; 6; 0; 1416; INTERNAL; 5; 5; 0; 315
INTERNAL; 5; 5; 0; 315; INTERNAL; 4; 4; 0; 879
INTERNAL; 6; 6; 0; 1416; INTERNAL; 5; 5; 0; 1037
INTERNAL; 5; 5; 0; 1037; INTERNAL; 3; 3; 0; 584
INTERNAL; 5; 5; 0; 1037; INTERNAL; 4; 4; 0; 592
INTERNAL; 5; 5; 0; 1037; INTERNAL; 3; 3; 0; 883
INTERNAL; 6; 6; 0; 1416; INTERNAL; 5; 5; 0; 779
INTERNAL; 6; 6; 0; 1416; INTERNAL; 5; 5; 0; 601
INTERNAL; 5; 5; 0; 601; INTERNAL; 4; 4; 0; 933
INTERNAL; 7; 7; 0; 1553; INTERNAL; 6; 6; 0; 1410
INTERNAL; 6; 6; 0; 1410; INTERNAL; 5; 5; 0; 861
INTERNAL; 6; 6; 0; 1410; INTERNAL; 5; 5; 0; 869
INTERNAL; 8; 8; 0; 196; INTERNAL; 7; 7; 0; 1115
INTERNAL; 7; 7; 0; 1115; INTERNAL; 6; 6; 0; 843
INTERNAL; 7; 7; 0; 1115; INTERNAL; 6; 6; 0; 579
INTERNAL; 7; 7; 0; 1115; INTERNAL; 6; 6; 0; 1005
INTERNAL; 6; 6; 0; 1005; INTERNAL; 5; 5; 0; 1720
INTERNAL; 6; 6; 0; 1005; INTERNAL; 5; 5; 0; 644
INTERNAL; 5; 5; 0; 644; INTERNAL; 4; 4; 0; 1319
INTERNAL; 5; 5; 0; 644; INTERNAL; 4; 4; 0; 1090
INTERNAL; 5; 5; 0; 644; INTERNAL; 4; 4; 0; 1222
INTERNAL; 6; 6; 0; 1005; INTERNAL; 5; 5; 0; 1965
INTERNAL; 7; 7; 0; 1115; INTERNAL; 6; 6; 0; 617
INTERNAL; 7; 7; 0; 1115; INTERNAL; 6; 6; 0; 580
INTERNAL; 9; 9; 0; 1007; INTERNAL; 8; 8; 0; 948
INTERNAL; 8; 8; 0; 948; INTERNAL; 7; 7; 0; 841
INTERNAL; 7; 7; 0; 841; INTERNAL; 6; 6; 0; 1360
INTERNAL; 6; 6; 0; 1360; INTERNAL; 5; 5; 0; 1012
INTERNAL; 6; 6; 0; 1360; INTERNAL; 5; 5; 0; 1160
INTERNAL; 5; 5; 0; 1160; INTERNAL; 4; 4; 0; 1492
INTERNAL; 5; 5; 0; 1160; INTERNAL; 4; 4; 0; 1284
INTERNAL; 6; 6; 0; 1360; INTERNAL; 5; 5; 0; 650
INTERNAL; 6; 6; 0; 1360; INTERNAL; 5; 5; 0; 1091
INTERNAL; 7; 7; 0; 841; INTERNAL; 6; 6; 0; 479
INTERNAL; 7; 7; 0; 841; INTERNAL; 6; 6; 0; 458
INTERNAL; 8; 8; 0; 948; INTERNAL; 7; 7; 0; 2466
INTERNAL; 8; 8; 0; 948; INTERNAL; 7; 7; 0; 1485
INTERNAL; 9; 9; 0; 1007; INTERNAL; 8; 8; 0; 1818
INTERNAL; 8; 8; 0; 1818; INTERNAL; 7; 7; 0; 1033
INTERNAL; 8; 8; 0; 1818; INTERNAL; 7; 7; 0; 459
INTERNAL; 10; 10; 0; 1971; INTERNAL; 9; 9; 0; 1196
INTERNAL; 9; 9; 0; 1196; INTERNAL; 8; 8; 0; 205
INTERNAL; 8; 8; 0; 205; INTERNAL; 7; 7; 0; 223
INTERNAL; 7; 7; 0; 223; INTERNAL; 6; 6; 0; 1171
INTERNAL; 6; 6; 0; 1171; INTERNAL; 5; 5; 0; 268
INTERNAL; 5; 5; 0; 268; INTERNAL; 3; 3; 0; 533
INTERNAL; 3; 3; 0; 533; INTERNAL; 2; 2; 0; 1560
INTERNAL; 2; 2; 0; 1560; INPUT; 1; 1; 0; 1650
INTERNAL; 2; 2; 0; 1560; INPUT; 1; 1; 0; 537
INTERNAL; 2; 2; 0; 1560; INPUT; 1; 1; 0; 1446
INTERNAL; 2; 2; 0; 1560; INPUT; 1; 1; 0; 1028
INTERNAL; 2; 2; 0; 1560; INPUT; 1; 1; 0; 536
INTERNAL; 2; 2; 0; 1560; INPUT; 1; 1; 0; 825
INTERNAL; 3; 3; 0; 533; INTERNAL; 2; 2; 0; 554
INTERNAL; 2; 2; 0; 554; INPUT; 1; 1; 0; 550
INTERNAL; 2; 2; 0; 554; INPUT; 1; 1; 0; 543
INTERNAL; 2; 2; 0; 554; INPUT; 1; 1; 0; 1519
INTERNAL; 2; 2; 0; 554; INPUT; 1; 1; 0; 259
INTERNAL; 2; 2; 0; 554; INPUT; 1; 1; 0; 1252
INTERNAL; 2; 2; 0; 554; INPUT; 1; 1; 0; 546
INTERNAL; 3; 3; 0; 533; INTERNAL; 2; 2; 0; 559
INTERNAL; 3; 3; 0; 533; INTERNAL; 2; 2; 0; 2013
INTERNAL; 3; 3; 0; 533; INTERNAL; 2; 2; 0; 563
INTERNAL; 5; 5; 0; 268; INTERNAL; 3; 3; 0; 1164
INTERNAL; 3; 3; 0; 1164; INTERNAL; 2; 2; 0; 1860
INTERNAL; 2; 2; 0; 1860; INPUT; 1; 1; 0; 693
INTERNAL; 2; 2; 0; 1860; INPUT; 1; 1; 0; 526
INTERNAL; 2; 2; 0; 1860; INPUT; 1; 1; 0; 1215
INTERNAL; 2; 2; 0; 1860; INPUT; 1; 1; 0; 938
INTERNAL; 2; 2; 0; 1860; INPUT; 1; 1; 0; 707
INTERNAL; 2; 2; 0; 1860; INPUT; 1; 1; 0; 1102
INTERNAL; 3; 3; 0; 1164; INTERNAL; 2; 2; 0; 1659
INTERNAL; 2; 2; 0; 1659; INPUT; 1; 1; 0; 1412
INTERNAL; 2; 2; 0; 1659; INPUT; 1; 1; 0; 529
INTERNAL; 2; 2; 0; 1659; INPUT; 1; 1; 0; 1230
INTERNAL; 2; 2; 0; 1659; INPUT; 1; 1; 0; 532
INTERNAL; 2; 2; 0; 1659; INPUT; 1; 1; 0; 979
INTERNAL; 2; 2; 0; 1659; INPUT; 1; 1; 0; 2444
INTERNAL; 5; 5; 0; 268; INTERNAL; 3; 3; 0; 640
INTERNAL; 3; 3; 0; 640; INTERNAL; 2; 2; 0; 794
INTERNAL; 3; 3; 0; 640; INTERNAL; 2; 2; 0; 1454
INTERNAL; 3; 3; 0; 640; INTERNAL; 2; 2; 0; 525
INTERNAL; 5; 5; 0; 268; INTERNAL; 3; 3; 0; 542
INTERNAL; 3; 3; 0; 542; INTERNAL; 2; 2; 0; 1518
INTERNAL; 2; 2; 0; 1518; INPUT; 1; 1; 0; 1029
INTERNAL; 2; 2; 0; 1518; INPUT; 1; 1; 0; 1243
INTERNAL; 2; 2; 0; 1518; INPUT; 1; 1; 0; 2283
INTERNAL; 2; 2; 0; 1518; INPUT; 1; 1; 0; 1145
INTERNAL; 2; 2; 0; 1518; INPUT; 1; 1; 0; 1521
INTERNAL; 2; 2; 0; 1518; INPUT; 1; 1; 0; 2277
INTERNAL; 3; 3; 0; 542; INTERNAL; 2; 2; 0; 2212
INTERNAL; 2; 2; 0; 2212; INPUT; 1; 1; 0; 378
INTERNAL; 2; 2; 0; 2212; INPUT; 1; 1; 0; 1107
INTERNAL; 2; 2; 0; 2212; INPUT; 1; 1; 0; 1447
INTERNAL; 2; 2; 0; 2212; INPUT; 1; 1; 0; 570
INTERNAL; 2; 2; 0; 2212; INPUT; 1; 1; 0; 1523
INTERNAL; 2; 2; 0; 2212; INPUT; 1; 1; 0; 572
INTERNAL; 3; 3; 0; 542; INTERNAL; 2; 2; 0; 951
INTERNAL; 2; 2; 0; 951; INPUT; 1; 1; 0; 1073
INTERNAL; 2; 2; 0; 951; INPUT; 1; 1; 0; 2126
INTERNAL; 2; 2; 0; 951; INPUT; 1; 1; 0; 685
INTERNAL; 2; 2; 0; 951; INPUT; 1; 1; 0; 1268
INTERNAL; 2; 2; 0; 951; INPUT; 1; 1; 0; 1455
INTERNAL; 2; 2; 0; 951; INPUT; 1; 1; 0; 751
INTERNAL; 3; 3; 0; 542; INTERNAL; 2; 2; 0; 1126
INTERNAL; 2; 2; 0; 1126; INPUT; 1; 1; 0; 1514
INTERNAL; 2; 2; 0; 1126; INPUT; 1; 1; 0; 316
INTERNAL; 2; 2; 0; 1126; INPUT; 1; 1; 0; 716
INTERNAL; 2; 2; 0; 1126; INPUT; 1; 1; 0; 1550
INTERNAL; 2; 2; 0; 1126; INPUT; 1; 1; 0; 1276
INTERNAL; 2; 2; 0; 1126; INPUT; 1; 1; 0; 790
INTERNAL; 5; 5; 0; 268; INTERNAL; 4; 4; 0; 581
INTERNAL; 4; 4; 0; 581; INTERNAL; 3; 3; 0; 361
INTERNAL; 3; 3; 0; 361; INTERNAL; 2; 2; 0; 1465
INTERNAL; 3; 3; 0; 361; INTERNAL; 2; 2; 0; 1397
INTERNAL; 3; 3; 0; 361; INTERNAL; 2; 2; 0; 2213
INTERNAL; 4; 4; 0; 581; INTERNAL; 3; 3; 0; 1517
INTERNAL; 4; 4; 0; 581; INTERNAL; 3; 3; 0; 1133
INTERNAL; 3; 3; 0; 1133; INTERNAL; 2; 2; 0; 1511
INTERNAL; 3; 3; 0; 1133; INTERNAL; 2; 2; 0; 1229
INTERNAL; 3; 3; 0; 1133; INTERNAL; 2; 2; 0; 569
INTERNAL; 5; 5; 0; 268; INTERNAL; 3; 3; 0; 365
INTERNAL; 6; 6; 0; 1171; INTERNAL; 5; 5; 0; 1784
INTERNAL; 5; 5; 0; 1784; INTERNAL; 4; 4; 0; 2217
INTERNAL; 4; 4; 0; 2217; INTERNAL; 2; 3; 1; 1503
INTERNAL; 4; 4; 0; 2217; INTERNAL; 2; 3; 1; 1452
INTERNAL; 4; 4; 0; 2217; INTERNAL; 3; 3; 0; 1627
INTERNAL; 5; 5; 0; 1784; INTERNAL; 4; 4; 0; 632
INTERNAL; 5; 5; 0; 1784; INTERNAL; 4; 4; 0; 130
INTERNAL; 5; 5; 0; 1784; INTERNAL; 2; 3; 1; 1995
INTERNAL; 5; 5; 0; 1784; INTERNAL; 2; 3; 1; 1192
INTERNAL; 5; 5; 0; 1784; INTERNAL; 3; 3; 0; 784
INTERNAL; 6; 6; 0; 1171; INTERNAL; 5; 5; 0; 523
INTERNAL; 5; 5; 0; 523; INTERNAL; 4; 4; 0; 1290
INTERNAL; 4; 4; 0; 1290; INTERNAL; 2; 3; 1; 564
INTERNAL; 4; 4; 0; 1290; INTERNAL; 2; 3; 1; 566
INTERNAL; 4; 4; 0; 1290; INTERNAL; 3; 3; 0; 769
INTERNAL; 5; 5; 0; 523; INTERNAL; 4; 4; 0; 568
INTERNAL; 5; 5; 0; 523; INTERNAL; 4; 4; 0; 1180
INTERNAL; 5; 5; 0; 523; INTERNAL; 3; 3; 0; 1045
INTERNAL; 5; 5; 0; 523; INTERNAL; 2; 3; 1; 890
INTERNAL; 5; 5; 0; 523; INTERNAL; 2; 3; 1; 139
INTERNAL; 6; 6; 0; 1171; INTERNAL; 5; 5; 0; 1295
INTERNAL; 5; 5; 0; 1295; INTERNAL; 4; 4; 0; 927
INTERNAL; 6; 6; 0; 1171; INTERNAL; 5; 5; 0; 522
INTERNAL; 5; 5; 0; 522; INTERNAL; 4; 4; 0; 521
INTERNAL; 7; 7; 0; 223; INTERNAL; 6; 6; 0; 1244
INTERNAL; 6; 6; 0; 1244; INTERNAL; 5; 5; 0; 602
INTERNAL; 5; 5; 0; 602; INTERNAL; 3; 3; 0; 168
INTERNAL; 3; 3; 0; 168; INTERNAL; 2; 2; 0; 413
INTERNAL; 2; 2; 0; 413; INPUT; 1; 1; 0; 662
INTERNAL; 2; 2; 0; 413; INPUT; 1; 1; 0; 1094
INTERNAL; 2; 2; 0; 413; INPUT; 1; 1; 0; 433
INTERNAL; 2; 2; 0; 413; INPUT; 1; 1; 0; 1232
INTERNAL; 2; 2; 0; 413; INPUT; 1; 1; 0; 1269
INTERNAL; 2; 2; 0; 413; INPUT; 1; 1; 0; 944
INTERNAL; 3; 3; 0; 168; INTERNAL; 2; 2; 0; 414
INTERNAL; 2; 2; 0; 414; INPUT; 1; 1; 0; 428
INTERNAL; 2; 2; 0; 414; INPUT; 1; 1; 0; 2543
INTERNAL; 2; 2; 0; 414; INPUT; 1; 1; 0; 429
INTERNAL; 2; 2; 0; 414; INPUT; 1; 1; 0; 427
INTERNAL; 2; 2; 0; 414; INPUT; 1; 1; 0; 419
INTERNAL; 2; 2; 0; 414; INPUT; 1; 1; 0; 541
INTERNAL; 3; 3; 0; 168; INTERNAL; 2; 2; 0; 893
INTERNAL; 3; 3; 0; 168; INTERNAL; 2; 2; 0; 311
INTERNAL; 3; 3; 0; 168; INTERNAL; 2; 2; 0; 448
INTERNAL; 5; 5; 0; 602; INTERNAL; 4; 4; 0; 1161
INTERNAL; 4; 4; 0; 1161; INTERNAL; 3; 3; 0; 722
INTERNAL; 3; 3; 0; 722; INTERNAL; 2; 2; 0; 511
INTERNAL; 2; 2; 0; 511; INPUT; 1; 1; 0; 475
INTERNAL; 2; 2; 0; 511; INPUT; 1; 1; 0; 739
INTERNAL; 2; 2; 0; 511; INPUT; 1; 1; 0; 985
INTERNAL; 2; 2; 0; 511; INPUT; 1; 1; 0; 506
INTERNAL; 2; 2; 0; 511; INPUT; 1; 1; 0; 870
INTERNAL; 2; 2; 0; 511; INPUT; 1; 1; 0; 476
INTERNAL; 3; 3; 0; 722; INTERNAL; 2; 2; 0; 995
INTERNAL; 2; 2; 0; 995; INPUT; 1; 1; 0; 1674
INTERNAL; 2; 2; 0; 995; INPUT; 1; 1; 0; 495
INTERNAL; 2; 2; 0; 995; INPUT; 1; 1; 0; 1882
INTERNAL; 2; 2; 0; 995; INPUT; 1; 1; 0; 2032
INTERNAL; 2; 2; 0; 995; INPUT; 1; 1; 0; 491
INTERNAL; 2; 2; 0; 995; INPUT; 1; 1; 0; 1811
INTERNAL; 3; 3; 0; 722; INTERNAL; 2; 2; 0; 1439
INTERNAL; 2; 2; 0; 1439; INPUT; 1; 1; 0; 482
INTERNAL; 2; 2; 0; 1439; INPUT; 1; 1; 0; 484
INTERNAL; 2; 2; 0; 1439; INPUT; 1; 1; 0; 1291
INTERNAL; 2; 2; 0; 1439; INPUT; 1; 1; 0; 483
INTERNAL; 2; 2; 0; 1439; INPUT; 1; 1; 0; 1732
INTERNAL; 2; 2; 0; 1439; INPUT; 1; 1; 0; 1297
INTERNAL; 3; 3; 0; 722; INTERNAL; 2; 2; 0; 348
INTERNAL; 2; 2; 0; 348; INPUT; 1; 1; 0; 899
INTERNAL; 2; 2; 0; 348; INPUT; 1; 1; 0; 468
INTERNAL; 2; 2; 0; 348; INPUT; 1; 1; 0; 471
INTERNAL; 2; 2; 0; 348; INPUT; 1; 1; 0; 840
INTERNAL; 2; 2; 0; 348; INPUT; 1; 1; 0; 1301
INTERNAL; 2; 2; 0; 348; INPUT; 1; 1; 0; 1854
INTERNAL; 4; 4; 0; 1161; INTERNAL; 3; 3; 0; 1607
INTERNAL; 3; 3; 0; 1607; INTERNAL; 2; 2; 0; 1061
INTERNAL; 3; 3; 0; 1607; INTERNAL; 2; 2; 0; 505
INTERNAL; 3; 3; 0; 1607; INTERNAL; 2; 2; 0; 499
INTERNAL; 4; 4; 0; 1161; INTERNAL; 3; 3; 0; 904
INTERNAL; 3; 3; 0; 904; INTERNAL; 2; 2; 0; 1210
INTERNAL; 3; 3; 0; 904; INTERNAL; 2; 2; 0; 1796
INTERNAL; 3; 3; 0; 904; INTERNAL; 2; 2; 0; 1323
INTERNAL; 5; 5; 0; 602; INTERNAL; 3; 3; 0; 455
INTERNAL; 3; 3; 0; 455; INTERNAL; 2; 2; 0; 449
INTERNAL; 2; 2; 0; 449; INPUT; 1; 1; 0; 438
INTERNAL; 2; 2; 0; 449; INPUT; 1; 1; 0; 1499
INTERNAL; 2; 2; 0; 449; INPUT; 1; 1; 0; 2290
INTERNAL; 2; 2; 0; 449; INPUT; 1; 1; 0; 1110
INTERNAL; 2; 2; 0; 449; INPUT; 1; 1; 0; 1248
INTERNAL; 2; 2; 0; 449; INPUT; 1; 1; 0; 1011
INTERNAL; 3; 3; 0; 455; INTERNAL; 2; 2; 0; 445
INTERNAL; 2; 2; 0; 445; INPUT; 1; 1; 0; 441
INTERNAL; 2; 2; 0; 445; INPUT; 1; 1; 0; 2316
INTERNAL; 2; 2; 0; 445; INPUT; 1; 1; 0; 334
INTERNAL; 2; 2; 0; 445; INPUT; 1; 1; 0; 1337
INTERNAL; 2; 2; 0; 445; INPUT; 1; 1; 0; 2004
INTERNAL; 2; 2; 0; 445; INPUT; 1; 1; 0; 672
INTERNAL; 5; 5; 0; 602; INTERNAL; 3; 3; 0; 435
INTERNAL; 3; 3; 0; 435; INTERNAL; 2; 2; 0; 1132
INTERNAL; 3; 3; 0; 435; INTERNAL; 2; 2; 0; 293
INTERNAL; 3; 3; 0; 435; INTERNAL; 2; 2; 0; 1384
INTERNAL; 5; 5; 0; 602; INTERNAL; 3; 3; 0; 404
INTERNAL; 5; 5; 0; 602; INTERNAL; 3; 3; 0; 1844
INTERNAL; 6; 6; 0; 1244; INTERNAL; 5; 5; 0; 408
INTERNAL; 5; 5; 0; 408; INTERNAL; 4; 4; 0; 513
INTERNAL; 5; 5; 0; 408; INTERNAL; 4; 4; 0; 406
INTERNAL; 4; 4; 0; 406; INTERNAL; 2; 3; 1; 599
INTERNAL; 4; 4; 0; 406; INTERNAL; 3; 3; 0; 642
INTERNAL; 4; 4; 0; 406; INTERNAL; 2; 3; 1; 1437
INTERNAL; 4; 4; 0; 406; INTERNAL; 2; 3; 1; 1793
INTERNAL; 4; 4; 0; 406; INTERNAL; 2; 3; 1; 710
INTERNAL; 4; 4; 0; 406; INTERNAL; 3; 3; 0; 434
INTERNAL; 6; 6; 0; 1244; INTERNAL; 5; 5; 0; 1026
INTERNAL; 5; 5; 0; 1026; INTERNAL; 3; 3; 0; 461
INTERNAL; 5; 5; 0; 1026; INTERNAL; 4; 4; 0; 917
INTERNAL; 4; 4; 0; 917; INTERNAL; 3; 3; 0; 456
INTERNAL; 4; 4; 0; 917; INTERNAL; 2; 3; 1; 1130
INTERNAL; 4; 4; 0; 917; INTERNAL; 2; 3; 1; 454
INTERNAL; 5; 5; 0; 1026; INTERNAL; 4; 4; 0; 462
INTERNAL; 5; 5; 0; 1026; INTERNAL; 2; 3; 1; 457
INTERNAL; 5; 5; 0; 1026; INTERNAL; 4; 4; 0; 587
INTERNAL; 5; 5; 0; 1026; INTERNAL; 2; 3; 1; 757
INTERNAL; 6; 6; 0; 1244; INTERNAL; 5; 5; 0; 289
INTERNAL; 5; 5; 0; 289; INTERNAL; 4; 4; 0; 319
INTERNAL; 5; 5; 0; 289; INTERNAL; 4; 4; 0; 509
INTERNAL; 6; 6; 0; 1244; INTERNAL; 5; 5; 0; 409
INTERNAL; 5; 5; 0; 409; INTERNAL; 4; 4; 0; 1663
INTERNAL; 7; 7; 0; 223; INTERNAL; 6; 6; 0; 2141
INTERNAL; 6; 6; 0; 2141; INTERNAL; 5; 5; 0; 1176
INTERNAL; 6; 6; 0; 2141; INTERNAL; 5; 5; 0; 235
INTERNAL; 7; 7; 0; 223; INTERNAL; 6; 6; 0; 1340
INTERNAL; 6; 6; 0; 1340; INTERNAL; 5; 5; 0; 1509
INTERNAL; 6; 6; 0; 1340; INTERNAL; 5; 5; 0; 1381
INTERNAL; 8; 8; 0; 205; INTERNAL; 7; 7; 0; 1498
INTERNAL; 7; 7; 0; 1498; INTERNAL; 6; 6; 0; 402
INTERNAL; 7; 7; 0; 1498; INTERNAL; 6; 6; 0; 395
INTERNAL; 7; 7; 0; 1498; INTERNAL; 6; 6; 0; 1113
INTERNAL; 7; 7; 0; 1498; INTERNAL; 6; 6; 0; 1420
INTERNAL; 6; 6; 0; 1420; INTERNAL; 5; 5; 0; 2169
INTERNAL; 5; 5; 0; 2169; INTERNAL; 4; 4; 0; 937
INTERNAL; 5; 5; 0; 2169; INTERNAL; 4; 4; 0; 1280
INTERNAL; 5; 5; 0; 2169; INTERNAL; 4; 4; 0; 481
INTERNAL; 6; 6; 0; 1420; INTERNAL; 5; 5; 0; 393
INTERNAL; 6; 6; 0; 1420; INTERNAL; 5; 5; 0; 666
INTERNAL; 7; 7; 0; 1498; INTERNAL; 6; 6; 0; 394
INTERNAL; 8; 8; 0; 205; INTERNAL; 7; 7; 0; 199
INTERNAL; 8; 8; 0; 205; INTERNAL; 7; 7; 0; 1496
INTERNAL; 9; 9; 0; 1196; INTERNAL; 8; 8; 0; 982
INTERNAL; 8; 8; 0; 982; INTERNAL; 7; 7; 0; 1001
INTERNAL; 8; 8; 0; 982; INTERNAL; 7; 7; 0; 1411
INTERNAL; 7; 7; 0; 1411; INTERNAL; 6; 6; 0; 224
INTERNAL; 6; 6; 0; 224; INTERNAL; 5; 5; 0; 741
INTERNAL; 5; 5; 0; 741; INTERNAL; 4; 4; 0; 2263
INTERNAL; 4; 4; 0; 2263; INTERNAL; 3; 3; 0; 244
INTERNAL; 3; 3; 0; 244; INTERNAL; 2; 2; 0; 243
INTERNAL; 2; 2; 0; 243; INPUT; 1; 1; 0; 1052
INTERNAL; 2; 2; 0; 243; INPUT; 1; 1; 0; 464
INTERNAL; 2; 2; 0; 243; INPUT; 1; 1; 0; 1331
INTERNAL; 2; 2; 0; 243; INPUT; 1; 1; 0; 612
INTERNAL; 2; 2; 0; 243; INPUT; 1; 1; 0; 926
INTERNAL; 2; 2; 0; 243; INPUT; 1; 1; 0; 239
INTERNAL; 3; 3; 0; 244; INTERNAL; 2; 2; 0; 258
INTERNAL; 2; 2; 0; 258; INPUT; 1; 1; 0; 246
INTERNAL; 2; 2; 0; 258; INPUT; 1; 1; 0; 1984
INTERNAL; 2; 2; 0; 258; INPUT; 1; 1; 0; 247
INTERNAL; 2; 2; 0; 258; INPUT; 1; 1; 0; 765
INTERNAL; 2; 2; 0; 258; INPUT; 1; 1; 0; 1375
INTERNAL; 2; 2; 0; 258; INPUT; 1; 1; 0; 253
INTERNAL; 3; 3; 0; 244; INTERNAL; 2; 2; 0; 256
INTERNAL; 2; 2; 0; 256; INPUT; 1; 1; 0; 1427
INTERNAL; 2; 2; 0; 256; INPUT; 1; 1; 0; 2226
INTERNAL; 2; 2; 0; 256; INPUT; 1; 1; 0; 485
INTERNAL; 2; 2; 0; 256; INPUT; 1; 1; 0; 932
INTERNAL; 2; 2; 0; 256; INPUT; 1; 1; 0; 285
INTERNAL; 2; 2; 0; 256; INPUT; 1; 1; 0; 1260
INTERNAL; 3; 3; 0; 244; INTERNAL; 2; 2; 0; 923
INTERNAL; 2; 2; 0; 923; INPUT; 1; 1; 0; 731
INTERNAL; 2; 2; 0; 923; INPUT; 1; 1; 0; 2133
INTERNAL; 2; 2; 0; 923; INPUT; 1; 1; 0; 1532
INTERNAL; 2; 2; 0; 923; INPUT; 1; 1; 0; 241
INTERNAL; 2; 2; 0; 923; INPUT; 1; 1; 0; 1236
INTERNAL; 2; 2; 0; 923; INPUT; 1; 1; 0; 692
INTERNAL; 4; 4; 0; 2263; INTERNAL; 3; 3; 0; 1978
INTERNAL; 3; 3; 0; 1978; INTERNAL; 2; 2; 0; 1527
INTERNAL; 3; 3; 0; 1978; INTERNAL; 2; 2; 0; 527
INTERNAL; 3; 3; 0; 1978; INTERNAL; 2; 2; 0; 1336
INTERNAL; 4; 4; 0; 2263; INTERNAL; 3; 3; 0; 2435
INTERNAL; 3; 3; 0; 2435; INTERNAL; 2; 2; 0; 2233
INTERNAL; 3; 3; 0; 2435; INTERNAL; 2; 2; 0; 657
INTERNAL; 3; 3; 0; 2435; INTERNAL; 2; 2; 0; 236
INTERNAL; 5; 5; 0; 741; INTERNAL; 4; 4; 0; 400
INTERNAL; 4; 4; 0; 400; INTERNAL; 3; 3; 0; 257
INTERNAL; 4; 4; 0; 400; INTERNAL; 2; 3; 1; 913
INTERNAL; 4; 4; 0; 400; INTERNAL; 2; 3; 1; 875
INTERNAL; 5; 5; 0; 741; INTERNAL; 3; 3; 0; 260
INTERNAL; 5; 5; 0; 741; INTERNAL; 2; 3; 1; 507
INTERNAL; 5; 5; 0; 741; INTERNAL; 4; 4; 0; 1477
INTERNAL; 5; 5; 0; 741; INTERNAL; 2; 3; 1; 1109
INTERNAL; 6; 6; 0; 224; INTERNAL; 5; 5; 0; 1128
INTERNAL; 5; 5; 0; 1128; INTERNAL; 2; 3; 1; 1213
INTERNAL; 2; 3; 1; 1213; INPUT; 1; 1; 0; 626
INTERNAL; 2; 3; 1; 1213; INPUT; 1; 1; 0; 654
INTERNAL; 2; 3; 1; 1213; INPUT; 1; 1; 0; 1083
INTERNAL; 2; 3; 1; 1213; INPUT; 1; 1; 0; 266
INTERNAL; 2; 3; 1; 1213; INPUT; 1; 1; 0; 1387
INTERNAL; 2; 3; 1; 1213; INPUT; 1; 1; 0; 267
INTERNAL; 5; 5; 0; 1128; INTERNAL; 4; 4; 0; 303
INTERNAL; 4; 4; 0; 303; INTERNAL; 2; 3; 1; 867
INTERNAL; 2; 3; 1; 867; INPUT; 1; 1; 0; 738
INTERNAL; 2; 3; 1; 867; INPUT; 1; 1; 0; 864
INTERNAL; 2; 3; 1; 867; INPUT; 1; 1; 0; 987
INTERNAL; 2; 3; 1; 867; INPUT; 1; 1; 0; 342
INTERNAL; 2; 3; 1; 867; INPUT; 1; 1; 0; 894
INTERNAL; 2; 3; 1; 867; INPUT; 1; 1; 0; 1516
INTERNAL; 4; 4; 0; 303; INTERNAL; 2; 3; 1; 279
INTERNAL; 2; 3; 1; 279; INPUT; 1; 1; 0; 405
INTERNAL; 2; 3; 1; 279; INPUT; 1; 1; 0; 1753
INTERNAL; 2; 3; 1; 279; INPUT; 1; 1; 0; 2076
INTERNAL; 2; 3; 1; 279; INPUT; 1; 1; 0; 275
INTERNAL; 2; 3; 1; 279; INPUT; 1; 1; 0; 1261
INTERNAL; 2; 3; 1; 279; INPUT; 1; 1; 0; 274
INTERNAL; 4; 4; 0; 303; INTERNAL; 3; 3; 0; 1019
INTERNAL; 3; 3; 0; 1019; INTERNAL; 2; 2; 0; 854
INTERNAL; 3; 3; 0; 1019; INTERNAL; 2; 2; 0; 343
INTERNAL; 3; 3; 0; 1019; INTERNAL; 2; 2; 0; 858
INTERNAL; 3; 3; 0; 1019; INTERNAL; 2; 2; 0; 1722
INTERNAL; 3; 3; 0; 1019; INTERNAL; 2; 2; 0; 560
INTERNAL; 5; 5; 0; 1128; INTERNAL; 4; 4; 0; 871
INTERNAL; 4; 4; 0; 871; INTERNAL; 3; 3; 0; 1368
INTERNAL; 3; 3; 0; 1368; INTERNAL; 2; 2; 0; 272
INTERNAL; 2; 2; 0; 272; INPUT; 1; 1; 0; 1293
INTERNAL; 2; 2; 0; 272; INPUT; 1; 1; 0; 884
INTERNAL; 2; 2; 0; 272; INPUT; 1; 1; 0; 1422
INTERNAL; 2; 2; 0; 272; INPUT; 1; 1; 0; 2451
INTERNAL; 2; 2; 0; 272; INPUT; 1; 1; 0; 264
INTERNAL; 2; 2; 0; 272; INPUT; 1; 1; 0; 255
INTERNAL; 3; 3; 0; 1368; INTERNAL; 2; 2; 0; 263
INTERNAL; 3; 3; 0; 1368; INTERNAL; 2; 2; 0; 451
INTERNAL; 3; 3; 0; 1368; INTERNAL; 2; 2; 0; 1117
INTERNAL; 3; 3; 0; 1368; INTERNAL; 2; 2; 0; 1399
INTERNAL; 4; 4; 0; 871; INTERNAL; 3; 3; 0; 1814
INTERNAL; 4; 4; 0; 871; INTERNAL; 3; 3; 0; 273
INTERNAL; 5; 5; 0; 1128; INTERNAL; 3; 3; 0; 466
INTERNAL; 5; 5; 0; 1128; INTERNAL; 2; 3; 1; 785
INTERNAL; 5; 5; 0; 1128; INTERNAL; 4; 4; 0; 140
INTERNAL; 7; 7; 0; 1411; INTERNAL; 6; 6; 0; 225
INTERNAL; 6; 6; 0; 225; INTERNAL; 5; 5; 0; 697
INTERNAL; 5; 5; 0; 697; INTERNAL; 4; 4; 0; 124
INTERNAL; 4; 4; 0; 124; INTERNAL; 3; 3; 0; 2231
INTERNAL; 3; 3; 0; 2231; INTERNAL; 2; 2; 0; 661
INTERNAL; 2; 2; 0; 661; INPUT; 1; 1; 0; 317
INTERNAL; 2; 2; 0; 661; INPUT; 1; 1; 0; 908
INTERNAL; 2; 2; 0; 661; INPUT; 1; 1; 0; 318
INTERNAL; 2; 2; 0; 661; INPUT; 1; 1; 0; 1056
INTERNAL; 2; 2; 0; 661; INPUT; 1; 1; 0; 314
INTERNAL; 2; 2; 0; 661; INPUT; 1; 1; 0; 812
INTERNAL; 3; 3; 0; 2231; INTERNAL; 2; 2; 0; 992
INTERNAL; 3; 3; 0; 2231; INTERNAL; 2; 2; 0; 324
INTERNAL; 3; 3; 0; 2231; INTERNAL; 2; 2; 0; 501
INTERNAL; 2; 2; 0; 501; INPUT; 1; 1; 0; 313
INTERNAL; 2; 2; 0; 501; INPUT; 1; 1; 0; 418
INTERNAL; 2; 2; 0; 501; INPUT; 1; 1; 0; 504
INTERNAL; 2; 2; 0; 501; INPUT; 1; 1; 0; 309
INTERNAL; 2; 2; 0; 501; INPUT; 1; 1; 0; 2237
INTERNAL; 2; 2; 0; 501; INPUT; 1; 1; 0; 310
INTERNAL; 3; 3; 0; 2231; INTERNAL; 2; 2; 0; 322
INTERNAL; 4; 4; 0; 124; INTERNAL; 2; 3; 1; 2198
INTERNAL; 4; 4; 0; 124; INTERNAL; 2; 3; 1; 1393
INTERNAL; 5; 5; 0; 697; INTERNAL; 4; 4; 0; 1100
INTERNAL; 5; 5; 0; 697; INTERNAL; 3; 3; 0; 2341
INTERNAL; 3; 3; 0; 2341; INTERNAL; 2; 2; 0; 1311
INTERNAL; 2; 2; 0; 1311; INPUT; 1; 1; 0; 2487
INTERNAL; 2; 2; 0; 1311; INPUT; 1; 1; 0; 474
INTERNAL; 2; 2; 0; 1311; INPUT; 1; 1; 0; 2139
INTERNAL; 2; 2; 0; 1311; INPUT; 1; 1; 0; 1308
INTERNAL; 2; 2; 0; 1311; INPUT; 1; 1; 0; 331
INTERNAL; 2; 2; 0; 1311; INPUT; 1; 1; 0; 302
INTERNAL; 3; 3; 0; 2341; INTERNAL; 2; 2; 0; 292
INTERNAL; 2; 2; 0; 292; INPUT; 1; 1; 0; 297
INTERNAL; 2; 2; 0; 292; INPUT; 1; 1; 0; 300
INTERNAL; 2; 2; 0; 292; INPUT; 1; 1; 0; 724
INTERNAL; 2; 2; 0; 292; INPUT; 1; 1; 0; 586
INTERNAL; 2; 2; 0; 292; INPUT; 1; 1; 0; 299
INTERNAL; 2; 2; 0; 292; INPUT; 1; 1; 0; 1076
INTERNAL; 3; 3; 0; 2341; INTERNAL; 2; 2; 0; 291
INTERNAL; 3; 3; 0; 2341; INTERNAL; 2; 2; 0; 991
INTERNAL; 3; 3; 0; 2341; INTERNAL; 2; 2; 0; 519
INTERNAL; 5; 5; 0; 697; INTERNAL; 4; 4; 0; 2476
INTERNAL; 4; 4; 0; 2476; INTERNAL; 3; 3; 0; 488
INTERNAL; 4; 4; 0; 2476; INTERNAL; 3; 3; 0; 212
INTERNAL; 4; 4; 0; 2476; INTERNAL; 3; 3; 0; 1263
INTERNAL; 5; 5; 0; 697; INTERNAL; 2; 3; 1; 328
INTERNAL; 5; 5; 0; 697; INTERNAL; 2; 3; 1; 1540
INTERNAL; 6; 6; 0; 225; INTERNAL; 5; 5; 0; 510
INTERNAL; 5; 5; 0; 510; INTERNAL; 4; 4; 0; 403
INTERNAL; 4; 4; 0; 403; INTERNAL; 2; 3; 1; 1066
INTERNAL; 2; 3; 1; 1066; INPUT; 1; 1; 0; 363
INTERNAL; 2; 3; 1; 1066; INPUT; 1; 1; 0; 1070
INTERNAL; 2; 3; 1; 1066; INPUT; 1; 1; 0; 1472
INTERNAL; 2; 3; 1; 1066; INPUT; 1; 1; 0; 1046
INTERNAL; 2; 3; 1; 1066; INPUT; 1; 1; 0; 364
INTERNAL; 2; 3; 1; 1066; INPUT; 1; 1; 0; 1314
INTERNAL; 4; 4; 0; 403; INTERNAL; 2; 3; 1; 1633
INTERNAL; 2; 3; 1; 1633; INPUT; 1; 1; 0; 2156
INTERNAL; 2; 3; 1; 1633; INPUT; 1; 1; 0; 367
INTERNAL; 2; 3; 1; 1633; INPUT; 1; 1; 0; 1615
INTERNAL; 2; 3; 1; 1633; INPUT; 1; 1; 0; 1205
INTERNAL; 2; 3; 1; 1633; INPUT; 1; 1; 0; 690
INTERNAL; 2; 3; 1; 1633; INPUT; 1; 1; 0; 1376
INTERNAL; 4; 4; 0; 403; INTERNAL; 3; 3; 0; 645
INTERNAL; 3; 3; 0; 645; INTERNAL; 2; 2; 0; 370
INTERNAL; 3; 3; 0; 645; INTERNAL; 2; 2; 0; 372
INTERNAL; 3; 3; 0; 645; INTERNAL; 2; 2; 0; 531
INTERNAL; 3; 3; 0; 645; INTERNAL; 2; 2; 0; 374
INTERNAL; 3; 3; 0; 645; INTERNAL; 2; 2; 0; 1487
INTERNAL; 5; 5; 0; 510; INTERNAL; 2; 3; 1; 184
INTERNAL; 2; 3; 1; 184; INPUT; 1; 1; 0; 719
INTERNAL; 2; 3; 1; 184; INPUT; 1; 1; 0; 344
INTERNAL; 2; 3; 1; 184; INPUT; 1; 1; 0; 1371
INTERNAL; 2; 3; 1; 184; INPUT; 1; 1; 0; 798
INTERNAL; 2; 3; 1; 184; INPUT; 1; 1; 0; 497
INTERNAL; 2; 3; 1; 184; INPUT; 1; 1; 0; 339
INTERNAL; 5; 5; 0; 510; INTERNAL; 3; 3; 0; 381
INTERNAL; 3; 3; 0; 381; INTERNAL; 2; 2; 0; 332
INTERNAL; 2; 2; 0; 332; INPUT; 1; 1; 0; 446
INTERNAL; 2; 2; 0; 332; INPUT; 1; 1; 0; 1316
INTERNAL; 2; 2; 0; 332; INPUT; 1; 1; 0; 347
INTERNAL; 2; 2; 0; 332; INPUT; 1; 1; 0; 254
INTERNAL; 2; 2; 0; 332; INPUT; 1; 1; 0; 520
INTERNAL; 2; 2; 0; 332; INPUT; 1; 1; 0; 349
INTERNAL; 3; 3; 0; 381; INTERNAL; 2; 2; 0; 911
INTERNAL; 3; 3; 0; 381; INTERNAL; 2; 2; 0; 333
INTERNAL; 3; 3; 0; 381; INTERNAL; 2; 2; 0; 598
INTERNAL; 3; 3; 0; 381; INTERNAL; 2; 2; 0; 1247
INTERNAL; 5; 5; 0; 510; INTERNAL; 4; 4; 0; 1325
INTERNAL; 4; 4; 0; 1325; INTERNAL; 3; 3; 0; 494
INTERNAL; 4; 4; 0; 1325; INTERNAL; 3; 3; 0; 487
INTERNAL; 4; 4; 0; 1325; INTERNAL; 3; 3; 0; 1402
INTERNAL; 5; 5; 0; 510; INTERNAL; 2; 3; 1; 377
INTERNAL; 5; 5; 0; 510; INTERNAL; 4; 4; 0; 1201
INTERNAL; 7; 7; 0; 1411; INTERNAL; 6; 6; 0; 567
INTERNAL; 6; 6; 0; 567; INTERNAL; 5; 5; 0; 2414
INTERNAL; 5; 5; 0; 2414; INTERNAL; 4; 4; 0; 227
INTERNAL; 6; 6; 0; 567; INTERNAL; 5; 5; 0; 360
INTERNAL; 5; 5; 0; 360; INTERNAL; 3; 3; 0; 373
INTERNAL; 5; 5; 0; 360; INTERNAL; 3; 3; 0; 368
INTERNAL; 5; 5; 0; 360; INTERNAL; 4; 4; 0; 723
INTERNAL; 6; 6; 0; 567; INTERNAL; 5; 5; 0; 234
INTERNAL; 5; 5; 0; 234; INTERNAL; 4; 4; 0; 229
INTERNAL; 7; 7; 0; 1411; INTERNAL; 6; 6; 0; 442
INTERNAL; 6; 6; 0; 442; INTERNAL; 5; 5; 0; 276
INTERNAL; 5; 5; 0; 276; INTERNAL; 3; 3; 0; 1098
INTERNAL; 5; 5; 0; 276; INTERNAL; 3; 3; 0; 286
INTERNAL; 5; 5; 0; 276; INTERNAL; 4; 4; 0; 1369
INTERNAL; 6; 6; 0; 442; INTERNAL; 5; 5; 0; 288
INTERNAL; 5; 5; 0; 288; INTERNAL; 4; 4; 0; 1170
INTERNAL; 6; 6; 0; 442; INTERNAL; 5; 5; 0; 490
INTERNAL; 5; 5; 0; 490; INTERNAL; 4; 4; 0; 613
INTERNAL; 7; 7; 0; 1411; INTERNAL; 6; 6; 0; 298
INTERNAL; 6; 6; 0; 298; INTERNAL; 5; 5; 0; 425
INTERNAL; 6; 6; 0; 298; INTERNAL; 5; 5; 0; 594
INTERNAL; 6; 6; 0; 298; INTERNAL; 5; 5; 0; 1044
INTERNAL; 5; 5; 0; 1044; INTERNAL; 4; 4; 0; 1403
INTERNAL; 5; 5; 0; 1044; INTERNAL; 4; 4; 0; 1131
INTERNAL; 5; 5; 0; 1044; INTERNAL; 4; 4; 0; 540
INTERNAL; 8; 8; 0; 982; INTERNAL; 7; 7; 0; 2376
INTERNAL; 7; 7; 0; 2376; INTERNAL; 6; 6; 0; 669
INTERNAL; 7; 7; 0; 2376; INTERNAL; 6; 6; 0; 803
INTERNAL; 7; 7; 0; 2376; INTERNAL; 6; 6; 0; 221
INTERNAL; 6; 6; 0; 221; INTERNAL; 5; 5; 0; 219
INTERNAL; 6; 6; 0; 221; INTERNAL; 5; 5; 0; 215
INTERNAL; 6; 6; 0; 221; INTERNAL; 5; 5; 0; 781
INTERNAL; 6; 6; 0; 221; INTERNAL; 5; 5; 0; 384
INTERNAL; 5; 5; 0; 384; INTERNAL; 4; 4; 0; 2344
INTERNAL; 5; 5; 0; 384; INTERNAL; 4; 4; 0; 213
INTERNAL; 9; 9; 0; 1196; INTERNAL; 8; 8; 0; 1351
INTERNAL; 8; 8; 0; 1351; INTERNAL; 7; 7; 0; 1203
INTERNAL; 7; 7; 0; 1203; INTERNAL; 6; 6; 0; 149
INTERNAL; 6; 6; 0; 149; INTERNAL; 5; 5; 0; 922
INTERNAL; 6; 6; 0; 149; INTERNAL; 5; 5; 0; 1071
INTERNAL; 7; 7; 0; 1203; INTERNAL; 6; 6; 0; 1449
INTERNAL; 7; 7; 0; 1203; INTERNAL; 6; 6; 0; 388
INTERNAL; 7; 7; 0; 1203; INTERNAL; 6; 6; 0; 556
INTERNAL; 6; 6; 0; 556; INTERNAL; 5; 5; 0; 382
INTERNAL; 6; 6; 0; 556; INTERNAL; 5; 5; 0; 846
INTERNAL; 8; 8; 0; 1351; INTERNAL; 7; 7; 0; 735
INTERNAL; 9; 9; 0; 1196; INTERNAL; 8; 8; 0; 207
INTERNAL; 8; 8; 0; 207; INTERNAL; 7; 7; 0; 201
INTERNAL; 8; 8; 0; 207; INTERNAL; 7; 7; 0; 1407
INTERNAL; 9; 9; 0; 1196; INTERNAL; 8; 8; 0; 703
INTERNAL; 10; 10; 0; 1971; INTERNAL; 9; 9; 0; 906
INTERNAL; 9; 9; 0; 906; INTERNAL; 8; 8; 0; 492
INTERNAL; 9; 9; 0; 906; INTERNAL; 8; 8; 0; 2062
INTERNAL; 10; 10; 0; 1971; INTERNAL; 9; 9; 0; 2374
INTERNAL; 9; 9; 0; 2374; INTERNAL; 8; 8; 0; 1486
INTERNAL; 9; 9; 0; 2374; INTERNAL; 8; 8; 0; 211
INTERNAL; 8; 8; 0; 211; INTERNAL; 7; 7; 0; 209
INTERNAL; 8; 8; 0; 211; INTERNAL; 7; 7; 0; 773
INTERNAL; 7; 7; 0; 773; INTERNAL; 6; 6; 0; 986
INTERNAL; 7; 7; 0; 773; INTERNAL; 5; 5; 0; 2310
INTERNAL; 8; 8; 0; 211; INTERNAL; 7; 7; 0; 1430
INTERNAL; 10; 10; 0; 1971; INTERNAL; 9; 9; 0; 705
INTERNAL; 10; 10; 0; 1971; INTERNAL; 9; 9; 0; 978
INTERNAL; 9; 9; 0; 978; INTERNAL; 8; 8; 0; 1951
INTERNAL; 8; 8; 0; 1951; INTERNAL; 6; 7; 1; 1602
INTERNAL; 6; 7; 1; 1602; INTERNAL; 5; 5; 0; 1634
INTERNAL; 5; 5; 0; 1634; INTERNAL; 4; 4; 0; 1616
INTERNAL; 4; 4; 0; 1616; INTERNAL; 3; 3; 0; 615
INTERNAL; 3; 3; 0; 615; INTERNAL; 2; 2; 0; 872
INTERNAL; 2; 2; 0; 872; INPUT; 1; 1; 0; 834
INTERNAL; 2; 2; 0; 872; INPUT; 1; 1; 0; 1554
INTERNAL; 2; 2; 0; 872; INPUT; 1; 1; 0; 2167
INTERNAL; 2; 2; 0; 872; INPUT; 1; 1; 0; 411
INTERNAL; 2; 2; 0; 872; INPUT; 1; 1; 0; 1556
INTERNAL; 2; 2; 0; 872; INPUT; 1; 1; 0; 1555
INTERNAL; 3; 3; 0; 615; INTERNAL; 2; 2; 0; 1688
INTERNAL; 2; 2; 0; 1688; INPUT; 1; 1; 0; 1546
INTERNAL; 2; 2; 0; 1688; INPUT; 1; 1; 0; 294
INTERNAL; 2; 2; 0; 1688; INPUT; 1; 1; 0; 1552
INTERNAL; 2; 2; 0; 1688; INPUT; 1; 1; 0; 1551
INTERNAL; 2; 2; 0; 1688; INPUT; 1; 1; 0; 1545
INTERNAL; 2; 2; 0; 1688; INPUT; 1; 1; 0; 1549
INTERNAL; 3; 3; 0; 615; INTERNAL; 2; 2; 0; 123
INTERNAL; 3; 3; 0; 615; INTERNAL; 2; 2; 0; 188
INTERNAL; 4; 4; 0; 1616; INTERNAL; 3; 3; 0; 919
INTERNAL; 3; 3; 0; 919; INTERNAL; 2; 2; 0; 2484
INTERNAL; 2; 2; 0; 2484; INPUT; 1; 1; 0; 251
INTERNAL; 2; 2; 0; 2484; INPUT; 1; 1; 0; 855
INTERNAL; 2; 2; 0; 2484; INPUT; 1; 1; 0; 1524
INTERNAL; 2; 2; 0; 2484; INPUT; 1; 1; 0; 301
INTERNAL; 2; 2; 0; 2484; INPUT; 1; 1; 0; 1178
INTERNAL; 2; 2; 0; 2484; INPUT; 1; 1; 0; 355
INTERNAL; 3; 3; 0; 919; INTERNAL; 2; 2; 0; 2260
INTERNAL; 2; 2; 0; 2260; INPUT; 1; 1; 0; 1533
INTERNAL; 2; 2; 0; 2260; INPUT; 1; 1; 0; 1530
INTERNAL; 2; 2; 0; 2260; INPUT; 1; 1; 0; 1537
INTERNAL; 2; 2; 0; 2260; INPUT; 1; 1; 0; 1531
INTERNAL; 2; 2; 0; 2260; INPUT; 1; 1; 0; 1526
INTERNAL; 2; 2; 0; 2260; INPUT; 1; 1; 0; 1535
INTERNAL; 4; 4; 0; 1616; INTERNAL; 3; 3; 0; 125
INTERNAL; 3; 3; 0; 125; INTERNAL; 2; 2; 0; 1557
INTERNAL; 3; 3; 0; 125; INTERNAL; 2; 2; 0; 197
INTERNAL; 4; 4; 0; 1616; INTERNAL; 3; 3; 0; 496
INTERNAL; 3; 3; 0; 496; INTERNAL; 2; 2; 0; 1561
INTERNAL; 3; 3; 0; 496; INTERNAL; 2; 2; 0; 1646
INTERNAL; 4; 4; 0; 1616; INTERNAL; 3; 3; 0; 659
INTERNAL; 3; 3; 0; 659; INTERNAL; 2; 2; 0; 547
INTERNAL; 3; 3; 0; 659; INTERNAL; 2; 2; 0; 1558
INTERNAL; 5; 5; 0; 1634; INTERNAL; 4; 4; 0; 1617
INTERNAL; 4; 4; 0; 1617; INTERNAL; 3; 3; 0; 1146
INTERNAL; 4; 4; 0; 1617; INTERNAL; 3; 3; 0; 967
INTERNAL; 6; 7; 1; 1602; INTERNAL; 5; 6; 1; 1957
INTERNAL; 5; 6; 1; 1957; INTERNAL; 3; 3; 0; 1621
INTERNAL; 3; 3; 0; 1621; INTERNAL; 2; 2; 0; 1570
INTERNAL; 2; 2; 0; 1570; INPUT; 1; 1; 0; 1592
INTERNAL; 2; 2; 0; 1570; INPUT; 1; 1; 0; 1586
INTERNAL; 2; 2; 0; 1570; INPUT; 1; 1; 0; 1590
INTERNAL; 2; 2; 0; 1570; INPUT; 1; 1; 0; 895
INTERNAL; 2; 2; 0; 1570; INPUT; 1; 1; 0; 189
INTERNAL; 2; 2; 0; 1570; INPUT; 1; 1; 0; 686
INTERNAL; 3; 3; 0; 1621; INTERNAL; 2; 2; 0; 1601
INTERNAL; 2; 2; 0; 1601; INPUT; 1; 1; 0; 1594
INTERNAL; 2; 2; 0; 1601; INPUT; 1; 1; 0; 1597
INTERNAL; 2; 2; 0; 1601; INPUT; 1; 1; 0; 1595
INTERNAL; 2; 2; 0; 1601; INPUT; 1; 1; 0; 1538
INTERNAL; 2; 2; 0; 1601; INPUT; 1; 1; 0; 1599
INTERNAL; 2; 2; 0; 1601; INPUT; 1; 1; 0; 1716
INTERNAL; 3; 3; 0; 1621; INTERNAL; 2; 2; 0; 195
INTERNAL; 3; 3; 0; 1621; INTERNAL; 2; 2; 0; 1600
INTERNAL; 3; 3; 0; 1621; INTERNAL; 2; 2; 0; 1693
INTERNAL; 3; 3; 0; 1621; INTERNAL; 2; 2; 0; 1435
INTERNAL; 5; 6; 1; 1957; INTERNAL; 4; 4; 0; 1610
INTERNAL; 4; 4; 0; 1610; INTERNAL; 3; 3; 0; 2431
INTERNAL; 4; 4; 0; 1610; INTERNAL; 3; 3; 0; 2450
INTERNAL; 3; 3; 0; 2450; INTERNAL; 2; 2; 0; 1571
INTERNAL; 2; 2; 0; 1571; INPUT; 1; 1; 0; 1575
INTERNAL; 2; 2; 0; 1571; INPUT; 1; 1; 0; 1365
INTERNAL; 2; 2; 0; 1571; INPUT; 1; 1; 0; 1576
INTERNAL; 2; 2; 0; 1571; INPUT; 1; 1; 0; 973
INTERNAL; 2; 2; 0; 1571; INPUT; 1; 1; 0; 1582
INTERNAL; 2; 2; 0; 1571; INPUT; 1; 1; 0; 1584
INTERNAL; 3; 3; 0; 2450; INTERNAL; 2; 2; 0; 588
INTERNAL; 3; 3; 0; 2450; INTERNAL; 2; 2; 0; 1567
INTERNAL; 2; 2; 0; 1567; INPUT; 1; 1; 0; 1826
INTERNAL; 2; 2; 0; 1567; INPUT; 1; 1; 0; 903
INTERNAL; 2; 2; 0; 1567; INPUT; 1; 1; 0; 1574
INTERNAL; 2; 2; 0; 1567; INPUT; 1; 1; 0; 1481
INTERNAL; 2; 2; 0; 1567; INPUT; 1; 1; 0; 1134
INTERNAL; 2; 2; 0; 1567; INPUT; 1; 1; 0; 1573
INTERNAL; 3; 3; 0; 2450; INTERNAL; 2; 2; 0; 1604
INTERNAL; 3; 3; 0; 2450; INTERNAL; 2; 2; 0; 655
INTERNAL; 3; 3; 0; 2450; INTERNAL; 2; 2; 0; 535
INTERNAL; 4; 4; 0; 1610; INTERNAL; 3; 3; 0; 1564
INTERNAL; 4; 4; 0; 1610; INTERNAL; 3; 3; 0; 206
INTERNAL; 4; 4; 0; 1610; INTERNAL; 3; 3; 0; 1562
INTERNAL; 5; 6; 1; 1957; INTERNAL; 3; 3; 0; 1620
INTERNAL; 6; 7; 1; 1602; INTERNAL; 5; 6; 1; 1685
INTERNAL; 6; 7; 1; 1602; INTERNAL; 5; 5; 0; 877
INTERNAL; 5; 5; 0; 877; INTERNAL; 4; 4; 0; 1613
INTERNAL; 6; 7; 1; 1602; INTERNAL; 5; 5; 0; 245
INTERNAL; 5; 5; 0; 245; INTERNAL; 4; 4; 0; 1259
INTERNAL; 5; 5; 0; 245; INTERNAL; 4; 4; 0; 608
INTERNAL; 5; 5; 0; 245; INTERNAL; 4; 4; 0; 1068
INTERNAL; 4; 4; 0; 1068; INTERNAL; 3; 3; 0; 639
INTERNAL; 4; 4; 0; 1068; INTERNAL; 3; 3; 0; 1605
INTERNAL; 4; 4; 0; 1068; INTERNAL; 3; 3; 0; 718
INTERNAL; 4; 4; 0; 1068; INTERNAL; 3; 3; 0; 1608
INTERNAL; 8; 8; 0; 1951; INTERNAL; 7; 7; 0; 2111
INTERNAL; 7; 7; 0; 2111; INTERNAL; 6; 6; 0; 539
INTERNAL; 6; 6; 0; 539; INTERNAL; 5; 5; 0; 270
INTERNAL; 6; 6; 0; 539; INTERNAL; 5; 5; 0; 432
INTERNAL; 5; 5; 0; 432; INTERNAL; 4; 4; 0; 516
INTERNAL; 4; 4; 0; 516; INTERNAL; 3; 3; 0; 1444
INTERNAL; 3; 3; 0; 1444; INTERNAL; 2; 2; 0; 147
INTERNAL; 2; 2; 0; 147; INPUT; 1; 1; 0; 618
INTERNAL; 2; 2; 0; 147; INPUT; 1; 1; 0; 931
INTERNAL; 2; 2; 0; 147; INPUT; 1; 1; 0; 2441
INTERNAL; 2; 2; 0; 147; INPUT; 1; 1; 0; 2335
INTERNAL; 2; 2; 0; 147; INPUT; 1; 1; 0; 2070
INTERNAL; 2; 2; 0; 147; INPUT; 1; 1; 0; 138
INTERNAL; 3; 3; 0; 1444; INTERNAL; 2; 2; 0; 1611
INTERNAL; 2; 2; 0; 1611; INPUT; 1; 1; 0; 524
INTERNAL; 2; 2; 0; 1611; INPUT; 1; 1; 0; 950
INTERNAL; 2; 2; 0; 1611; INPUT; 1; 1; 0; 136
INTERNAL; 2; 2; 0; 1611; INPUT; 1; 1; 0; 137
INTERNAL; 2; 2; 0; 1611; INPUT; 1; 1; 0; 1062
INTERNAL; 2; 2; 0; 1611; INPUT; 1; 1; 0; 2463
INTERNAL; 3; 3; 0; 1444; INTERNAL; 2; 2; 0; 818
INTERNAL; 3; 3; 0; 1444; INTERNAL; 2; 2; 0; 133
INTERNAL; 3; 3; 0; 1444; INTERNAL; 2; 2; 0; 463
INTERNAL; 3; 3; 0; 1444; INTERNAL; 2; 2; 0; 134
INTERNAL; 4; 4; 0; 516; INTERNAL; 3; 3; 0; 128
INTERNAL; 3; 3; 0; 128; INTERNAL; 2; 2; 0; 132
INTERNAL; 2; 2; 0; 132; INPUT; 1; 1; 0; 1129
INTERNAL; 2; 2; 0; 132; INPUT; 1; 1; 0; 141
INTERNAL; 2; 2; 0; 132; INPUT; 1; 1; 0; 1383
INTERNAL; 2; 2; 0; 132; INPUT; 1; 1; 0; 143
INTERNAL; 2; 2; 0; 132; INPUT; 1; 1; 0; 295
INTERNAL; 2; 2; 0; 132; INPUT; 1; 1; 0; 216
INTERNAL; 3; 3; 0; 128; INTERNAL; 2; 2; 0; 1135
INTERNAL; 3; 3; 0; 128; INTERNAL; 2; 2; 0; 146
INTERNAL; 2; 2; 0; 146; INPUT; 1; 1; 0; 1450
INTERNAL; 2; 2; 0; 146; INPUT; 1; 1; 0; 1367
INTERNAL; 2; 2; 0; 146; INPUT; 1; 1; 0; 1609
INTERNAL; 2; 2; 0; 146; INPUT; 1; 1; 0; 465
INTERNAL; 2; 2; 0; 146; INPUT; 1; 1; 0; 336
INTERNAL; 2; 2; 0; 146; INPUT; 1; 1; 0; 714
INTERNAL; 3; 3; 0; 128; INTERNAL; 2; 2; 0; 321
INTERNAL; 3; 3; 0; 128; INTERNAL; 2; 2; 0; 596
INTERNAL; 3; 3; 0; 128; INTERNAL; 2; 2; 0; 2513
INTERNAL; 5; 5; 0; 432; INTERNAL; 4; 4; 0; 2211
INTERNAL; 4; 4; 0; 2211; INTERNAL; 3; 3; 0; 2122
INTERNAL; 3; 3; 0; 2122; INTERNAL; 2; 2; 0; 171
INTERNAL; 2; 2; 0; 171; INPUT; 1; 1; 0; 165
INTERNAL; 2; 2; 0; 171; INPUT; 1; 1; 0; 1023
INTERNAL; 2; 2; 0; 171; INPUT; 1; 1; 0; 1942
INTERNAL; 2; 2; 0; 171; INPUT; 1; 1; 0; 761
INTERNAL; 2; 2; 0; 171; INPUT; 1; 1; 0; 162
INTERNAL; 2; 2; 0; 171; INPUT; 1; 1; 0; 161
INTERNAL; 3; 3; 0; 2122; INTERNAL; 2; 2; 0; 480
INTERNAL; 2; 2; 0; 480; INPUT; 1; 1; 0; 847
INTERNAL; 2; 2; 0; 480; INPUT; 1; 1; 0; 167
INTERNAL; 2; 2; 0; 480; INPUT; 1; 1; 0; 169
INTERNAL; 2; 2; 0; 480; INPUT; 1; 1; 0; 383
INTERNAL; 2; 2; 0; 480; INPUT; 1; 1; 0; 231
INTERNAL; 2; 2; 0; 480; INPUT; 1; 1; 0; 166
INTERNAL; 3; 3; 0; 2122; INTERNAL; 2; 2; 0; 283
INTERNAL; 2; 2; 0; 283; INPUT; 1; 1; 0; 157
INTERNAL; 2; 2; 0; 283; INPUT; 1; 1; 0; 155
INTERNAL; 2; 2; 0; 283; INPUT; 1; 1; 0; 410
INTERNAL; 2; 2; 0; 283; INPUT; 1; 1; 0; 965
INTERNAL; 2; 2; 0; 283; INPUT; 1; 1; 0; 1226
INTERNAL; 2; 2; 0; 283; INPUT; 1; 1; 0; 1488
INTERNAL; 3; 3; 0; 2122; INTERNAL; 2; 2; 0; 1534
INTERNAL; 2; 2; 0; 1534; INPUT; 1; 1; 0; 1982
INTERNAL; 2; 2; 0; 1534; INPUT; 1; 1; 0; 398
INTERNAL; 2; 2; 0; 1534; INPUT; 1; 1; 0; 821
INTERNAL; 2; 2; 0; 1534; INPUT; 1; 1; 0; 674
INTERNAL; 2; 2; 0; 1534; INPUT; 1; 1; 0; 159
INTERNAL; 2; 2; 0; 1534; INPUT; 1; 1; 0; 1040
INTERNAL; 4; 4; 0; 2211; INTERNAL; 3; 3; 0; 2164
INTERNAL; 3; 3; 0; 2164; INTERNAL; 2; 2; 0; 152
INTERNAL; 3; 3; 0; 2164; INTERNAL; 2; 2; 0; 706
INTERNAL; 4; 4; 0; 2211; INTERNAL; 3; 3; 0; 175
INTERNAL; 3; 3; 0; 175; INTERNAL; 2; 2; 0; 2272
INTERNAL; 3; 3; 0; 175; INTERNAL; 2; 2; 0; 548
INTERNAL; 3; 3; 0; 175; INTERNAL; 2; 2; 0; 153
INTERNAL; 3; 3; 0; 175; INTERNAL; 2; 2; 0; 282
INTERNAL; 4; 4; 0; 2211; INTERNAL; 3; 3; 0; 1667
INTERNAL; 4; 4; 0; 2211; INTERNAL; 3; 3; 0; 993
INTERNAL; 3; 3; 0; 993; INTERNAL; 2; 2; 0; 1469
INTERNAL; 3; 3; 0; 993; INTERNAL; 2; 2; 0; 1022
INTERNAL; 5; 5; 0; 432; INTERNAL; 4; 4; 0; 1187
INTERNAL; 4; 4; 0; 1187; INTERNAL; 3; 3; 0; 1343
INTERNAL; 4; 4; 0; 1187; INTERNAL; 3; 3; 0; 557
INTERNAL; 5; 5; 0; 432; INTERNAL; 4; 4; 0; 2472
INTERNAL; 4; 4; 0; 2472; INTERNAL; 3; 3; 0; 1463
INTERNAL; 4; 4; 0; 2472; INTERNAL; 3; 3; 0; 1373
INTERNAL; 4; 4; 0; 2472; INTERNAL; 3; 3; 0; 1391
INTERNAL; 4; 4; 0; 2472; INTERNAL; 3; 3; 0; 953
INTERNAL; 4; 4; 0; 2472; INTERNAL; 3; 3; 0; 498
INTERNAL; 6; 6; 0; 539; INTERNAL; 5; 5; 0; 341
INTERNAL; 5; 5; 0; 341; INTERNAL; 4; 4; 0; 1328
INTERNAL; 5; 5; 0; 341; INTERNAL; 4; 4; 0; 1413
INTERNAL; 4; 4; 0; 1413; INTERNAL; 3; 3; 0; 265
INTERNAL; 4; 4; 0; 1413; INTERNAL; 3; 3; 0; 127
INTERNAL; 4; 4; 0; 1413; INTERNAL; 3; 3; 0; 611
INTERNAL; 4; 4; 0; 1413; INTERNAL; 3; 3; 0; 771
INTERNAL; 5; 5; 0; 341; INTERNAL; 4; 4; 0; 713
INTERNAL; 7; 7; 0; 2111; INTERNAL; 6; 6; 0; 1329
INTERNAL; 6; 6; 0; 1329; INTERNAL; 5; 5; 0; 1635
INTERNAL; 7; 7; 0; 2111; INTERNAL; 6; 6; 0; 183
INTERNAL; 6; 6; 0; 183; INTERNAL; 5; 5; 0; 172
INTERNAL; 6; 6; 0; 183; INTERNAL; 5; 5; 0; 1623
INTERNAL; 5; 5; 0; 1623; INTERNAL; 4; 4; 0; 811
INTERNAL; 5; 5; 0; 1623; INTERNAL; 4; 4; 0; 1628
INTERNAL; 5; 5; 0; 1623; INTERNAL; 4; 4; 0; 1630
INTERNAL; 6; 6; 0; 183; INTERNAL; 5; 5; 0; 1625
INTERNAL; 7; 7; 0; 2111; INTERNAL; 6; 6; 0; 1744
INTERNAL; 7; 7; 0; 2111; INTERNAL; 6; 6; 0; 178
INTERNAL; 6; 6; 0; 178; INTERNAL; 5; 5; 0; 2369
INTERNAL; 6; 6; 0; 178; INTERNAL; 5; 5; 0; 1636
INTERNAL; 6; 6; 0; 178; INTERNAL; 5; 5; 0; 916
INTERNAL; 8; 8; 0; 1951; INTERNAL; 6; 7; 1; 2411
INTERNAL; 6; 7; 1; 2411; INTERNAL; 5; 6; 1; 1816
INTERNAL; 6; 7; 1; 2411; INTERNAL; 5; 6; 1; 1956
INTERNAL; 9; 9; 0; 978; INTERNAL; 8; 8; 0; 851
INTERNAL; 8; 8; 0; 851; INTERNAL; 7; 7; 0; 1929
INTERNAL; 7; 7; 0; 1929; INTERNAL; 6; 6; 0; 942
INTERNAL; 6; 6; 0; 942; INTERNAL; 4; 5; 1; 1926
INTERNAL; 4; 5; 1; 1926; INTERNAL; 3; 3; 0; 1892
INTERNAL; 3; 3; 0; 1892; INTERNAL; 2; 2; 0; 1893
INTERNAL; 2; 2; 0; 1893; INPUT; 1; 1; 0; 1900
INTERNAL; 2; 2; 0; 1893; INPUT; 1; 1; 0; 181
INTERNAL; 2; 2; 0; 1893; INPUT; 1; 1; 0; 1902
INTERNAL; 2; 2; 0; 1893; INPUT; 1; 1; 0; 1183
INTERNAL; 2; 2; 0; 1893; INPUT; 1; 1; 0; 2029
INTERNAL; 2; 2; 0; 1893; INPUT; 1; 1; 0; 1905
INTERNAL; 3; 3; 0; 1892; INTERNAL; 2; 2; 0; 1894
INTERNAL; 2; 2; 0; 1894; INPUT; 1; 1; 0; 1906
INTERNAL; 2; 2; 0; 1894; INPUT; 1; 1; 0; 1436
INTERNAL; 2; 2; 0; 1894; INPUT; 1; 1; 0; 1806
INTERNAL; 2; 2; 0; 1894; INPUT; 1; 1; 0; 1162
INTERNAL; 2; 2; 0; 1894; INPUT; 1; 1; 0; 1352
INTERNAL; 2; 2; 0; 1894; INPUT; 1; 1; 0; 1453
INTERNAL; 3; 3; 0; 1892; INTERNAL; 2; 2; 0; 1378
INTERNAL; 3; 3; 0; 1892; INTERNAL; 2; 2; 0; 1897
INTERNAL; 4; 5; 1; 1926; INTERNAL; 3; 3; 0; 1922
INTERNAL; 3; 3; 0; 1922; INTERNAL; 2; 2; 0; 1867
INTERNAL; 2; 2; 0; 1867; INPUT; 1; 1; 0; 1596
INTERNAL; 2; 2; 0; 1867; INPUT; 1; 1; 0; 2081
INTERNAL; 2; 2; 0; 1867; INPUT; 1; 1; 0; 2105
INTERNAL; 2; 2; 0; 1867; INPUT; 1; 1; 0; 158
INTERNAL; 2; 2; 0; 1867; INPUT; 1; 1; 0; 1676
INTERNAL; 2; 2; 0; 1867; INPUT; 1; 1; 0; 1294
INTERNAL; 3; 3; 0; 1922; INTERNAL; 2; 2; 0; 1866
INTERNAL; 2; 2; 0; 1866; INPUT; 1; 1; 0; 1873
INTERNAL; 2; 2; 0; 1866; INPUT; 1; 1; 0; 802
INTERNAL; 2; 2; 0; 1866; INPUT; 1; 1; 0; 1872
INTERNAL; 2; 2; 0; 1866; INPUT; 1; 1; 0; 1874
INTERNAL; 2; 2; 0; 1866; INPUT; 1; 1; 0; 1490
INTERNAL; 2; 2; 0; 1866; INPUT; 1; 1; 0; 935
INTERNAL; 3; 3; 0; 1922; INTERNAL; 2; 2; 0; 1877
INTERNAL; 2; 2; 0; 1877; INPUT; 1; 1; 0; 1901
INTERNAL; 2; 2; 0; 1877; INPUT; 1; 1; 0; 238
INTERNAL; 2; 2; 0; 1877; INPUT; 1; 1; 0; 325
INTERNAL; 2; 2; 0; 1877; INPUT; 1; 1; 0; 1851
INTERNAL; 2; 2; 0; 1877; INPUT; 1; 1; 0; 680
INTERNAL; 2; 2; 0; 1877; INPUT; 1; 1; 0; 958
INTERNAL; 3; 3; 0; 1922; INTERNAL; 2; 2; 0; 1223
INTERNAL; 2; 2; 0; 1223; INPUT; 1; 1; 0; 827
INTERNAL; 2; 2; 0; 1223; INPUT; 1; 1; 0; 1884
INTERNAL; 2; 2; 0; 1223; INPUT; 1; 1; 0; 1887
INTERNAL; 2; 2; 0; 1223; INPUT; 1; 1; 0; 1883
INTERNAL; 2; 2; 0; 1223; INPUT; 1; 1; 0; 1881
INTERNAL; 2; 2; 0; 1223; INPUT; 1; 1; 0; 1432
INTERNAL; 4; 5; 1; 1926; INTERNAL; 3; 3; 0; 1127
INTERNAL; 3; 3; 0; 1127; INTERNAL; 2; 2; 0; 1878
INTERNAL; 3; 3; 0; 1127; INTERNAL; 2; 2; 0; 1500
INTERNAL; 4; 5; 1; 1926; INTERNAL; 3; 3; 0; 1923
INTERNAL; 3; 3; 0; 1923; INTERNAL; 2; 2; 0; 1907
INTERNAL; 2; 2; 0; 1907; INPUT; 1; 1; 0; 983
INTERNAL; 2; 2; 0; 1907; INPUT; 1; 1; 0; 1920
INTERNAL; 2; 2; 0; 1907; INPUT; 1; 1; 0; 1220
INTERNAL; 2; 2; 0; 1907; INPUT; 1; 1; 0; 1121
INTERNAL; 2; 2; 0; 1907; INPUT; 1; 1; 0; 862
INTERNAL; 2; 2; 0; 1907; INPUT; 1; 1; 0; 1919
INTERNAL; 3; 3; 0; 1923; INTERNAL; 2; 2; 0; 914
INTERNAL; 2; 2; 0; 914; INPUT; 1; 1; 0; 1917
INTERNAL; 2; 2; 0; 914; INPUT; 1; 1; 0; 1300
INTERNAL; 2; 2; 0; 914; INPUT; 1; 1; 0; 1913
INTERNAL; 2; 2; 0; 914; INPUT; 1; 1; 0; 1916
INTERNAL; 2; 2; 0; 914; INPUT; 1; 1; 0; 1419
INTERNAL; 2; 2; 0; 914; INPUT; 1; 1; 0; 1918
INTERNAL; 4; 5; 1; 1926; INTERNAL; 3; 3; 0; 829
INTERNAL; 3; 3; 0; 829; INTERNAL; 2; 2; 0; 248
INTERNAL; 3; 3; 0; 829; INTERNAL; 2; 2; 0; 1868
INTERNAL; 4; 5; 1; 1926; INTERNAL; 3; 3; 0; 1144
INTERNAL; 3; 3; 0; 1144; INTERNAL; 2; 2; 0; 1908
INTERNAL; 3; 3; 0; 1144; INTERNAL; 2; 2; 0; 2273
INTERNAL; 6; 6; 0; 942; INTERNAL; 5; 5; 0; 1612
INTERNAL; 5; 5; 0; 1612; INTERNAL; 4; 4; 0; 1394
INTERNAL; 4; 4; 0; 1394; INTERNAL; 3; 3; 0; 1843
INTERNAL; 3; 3; 0; 1843; INTERNAL; 2; 2; 0; 1233
INTERNAL; 2; 2; 0; 1233; INPUT; 1; 1; 0; 561
INTERNAL; 2; 2; 0; 1233; INPUT; 1; 1; 0; 1823
INTERNAL; 2; 2; 0; 1233; INPUT; 1; 1; 0; 2223
INTERNAL; 2; 2; 0; 1233; INPUT; 1; 1; 0; 1825
INTERNAL; 2; 2; 0; 1233; INPUT; 1; 1; 0; 1958
INTERNAL; 2; 2; 0; 1233; INPUT; 1; 1; 0; 329
INTERNAL; 3; 3; 0; 1843; INTERNAL; 2; 2; 0; 886
INTERNAL; 2; 2; 0; 886; INPUT; 1; 1; 0; 805
INTERNAL; 2; 2; 0; 886; INPUT; 1; 1; 0; 387
INTERNAL; 2; 2; 0; 886; INPUT; 1; 1; 0; 271
INTERNAL; 2; 2; 0; 886; INPUT; 1; 1; 0; 1809
INTERNAL; 2; 2; 0; 886; INPUT; 1; 1; 0; 1714
INTERNAL; 2; 2; 0; 886; INPUT; 1; 1; 0; 1808
INTERNAL; 3; 3; 0; 1843; INTERNAL; 2; 2; 0; 1820
INTERNAL; 2; 2; 0; 1820; INPUT; 1; 1; 0; 1829
INTERNAL; 2; 2; 0; 1820; INPUT; 1; 1; 0; 1165
INTERNAL; 2; 2; 0; 1820; INPUT; 1; 1; 0; 549
INTERNAL; 2; 2; 0; 1820; INPUT; 1; 1; 0; 1234
INTERNAL; 2; 2; 0; 1820; INPUT; 1; 1; 0; 1828
INTERNAL; 2; 2; 0; 1820; INPUT; 1; 1; 0; 1775
INTERNAL; 3; 3; 0; 1843; INTERNAL; 2; 2; 0; 1794
INTERNAL; 2; 2; 0; 1794; INPUT; 1; 1; 0; 1800
INTERNAL; 2; 2; 0; 1794; INPUT; 1; 1; 0; 1003
INTERNAL; 2; 2; 0; 1794; INPUT; 1; 1; 0; 1804
INTERNAL; 2; 2; 0; 1794; INPUT; 1; 1; 0; 1805
INTERNAL; 2; 2; 0; 1794; INPUT; 1; 1; 0; 1799
INTERNAL; 2; 2; 0; 1794; INPUT; 1; 1; 0; 544
INTERNAL; 4; 4; 0; 1394; INTERNAL; 3; 3; 0; 1845
INTERNAL; 3; 3; 0; 1845; INTERNAL; 2; 2; 0; 439
INTERNAL; 2; 2; 0; 439; INPUT; 1; 1; 0; 1772
INTERNAL; 2; 2; 0; 439; INPUT; 1; 1; 0; 1768
INTERNAL; 2; 2; 0; 439; INPUT; 1; 1; 0; 1785
INTERNAL; 2; 2; 0; 439; INPUT; 1; 1; 0; 1152
INTERNAL; 2; 2; 0; 439; INPUT; 1; 1; 0; 1769
INTERNAL; 2; 2; 0; 439; INPUT; 1; 1; 0; 1771
INTERNAL; 3; 3; 0; 1845; INTERNAL; 2; 2; 0; 1151
INTERNAL; 2; 2; 0; 1151; INPUT; 1; 1; 0; 2178
INTERNAL; 2; 2; 0; 1151; INPUT; 1; 1; 0; 1752
INTERNAL; 2; 2; 0; 1151; INPUT; 1; 1; 0; 1802
INTERNAL; 2; 2; 0; 1151; INPUT; 1; 1; 0; 1750
INTERNAL; 2; 2; 0; 1151; INPUT; 1; 1; 0; 2035
INTERNAL; 2; 2; 0; 1151; INPUT; 1; 1; 0; 1749
INTERNAL; 3; 3; 0; 1845; INTERNAL; 2; 2; 0; 1577
INTERNAL; 2; 2; 0; 1577; INPUT; 1; 1; 0; 1666
INTERNAL; 2; 2; 0; 1577; INPUT; 1; 1; 0; 1827
INTERNAL; 2; 2; 0; 1577; INPUT; 1; 1; 0; 1755
INTERNAL; 2; 2; 0; 1577; INPUT; 1; 1; 0; 2338
INTERNAL; 2; 2; 0; 1577; INPUT; 1; 1; 0; 1754
INTERNAL; 2; 2; 0; 1577; INPUT; 1; 1; 0; 528
INTERNAL; 3; 3; 0; 1845; INTERNAL; 2; 2; 0; 1760
INTERNAL; 2; 2; 0; 1760; INPUT; 1; 1; 0; 486
INTERNAL; 2; 2; 0; 1760; INPUT; 1; 1; 0; 1099
INTERNAL; 2; 2; 0; 1760; INPUT; 1; 1; 0; 1765
INTERNAL; 2; 2; 0; 1760; INPUT; 1; 1; 0; 1175
INTERNAL; 2; 2; 0; 1760; INPUT; 1; 1; 0; 1763
INTERNAL; 2; 2; 0; 1760; INPUT; 1; 1; 0; 1761
INTERNAL; 4; 4; 0; 1394; INTERNAL; 3; 3; 0; 1730
INTERNAL; 3; 3; 0; 1730; INTERNAL; 2; 2; 0; 1675
INTERNAL; 2; 2; 0; 1675; INPUT; 1; 1; 0; 1683
INTERNAL; 2; 2; 0; 1675; INPUT; 1; 1; 0; 1680
INTERNAL; 2; 2; 0; 1675; INPUT; 1; 1; 0; 1682
INTERNAL; 3; 3; 0; 1730; INTERNAL; 2; 2; 0; 1686
INTERNAL; 2; 2; 0; 1686; INPUT; 1; 1; 0; 1520
INTERNAL; 2; 2; 0; 1686; INPUT; 1; 1; 0; 437
INTERNAL; 2; 2; 0; 1686; INPUT; 1; 1; 0; 1939
INTERNAL; 2; 2; 0; 1686; INPUT; 1; 1; 0; 1689
INTERNAL; 2; 2; 0; 1686; INPUT; 1; 1; 0; 957
INTERNAL; 2; 2; 0; 1686; INPUT; 1; 1; 0; 585
INTERNAL; 3; 3; 0; 1730; INTERNAL; 2; 2; 0; 1684
INTERNAL; 2; 2; 0; 1684; INPUT; 1; 1; 0; 1671
INTERNAL; 2; 2; 0; 1684; INPUT; 1; 1; 0; 1664
INTERNAL; 2; 2; 0; 1684; INPUT; 1; 1; 0; 1670
INTERNAL; 2; 2; 0; 1684; INPUT; 1; 1; 0; 307
INTERNAL; 3; 3; 0; 1730; INTERNAL; 2; 2; 0; 1679
INTERNAL; 2; 2; 0; 1679; INPUT; 1; 1; 0; 1662
INTERNAL; 2; 2; 0; 1679; INPUT; 1; 1; 0; 1948
INTERNAL; 2; 2; 0; 1679; INPUT; 1; 1; 0; 1184
INTERNAL; 4; 4; 0; 1394; INTERNAL; 3; 3; 0; 1734
INTERNAL; 3; 3; 0; 1734; INTERNAL; 2; 2; 0; 1379
INTERNAL; 2; 2; 0; 1379; INPUT; 1; 1; 0; 1702
INTERNAL; 2; 2; 0; 1379; INPUT; 1; 1; 0; 1125
INTERNAL; 2; 2; 0; 1379; INPUT; 1; 1; 0; 1698
INTERNAL; 2; 2; 0; 1379; INPUT; 1; 1; 0; 1697
INTERNAL; 2; 2; 0; 1379; INPUT; 1; 1; 0; 1695
INTERNAL; 2; 2; 0; 1379; INPUT; 1; 1; 0; 1700
INTERNAL; 3; 3; 0; 1734; INTERNAL; 2; 2; 0; 1643
INTERNAL; 2; 2; 0; 1643; INPUT; 1; 1; 0; 379
INTERNAL; 2; 2; 0; 1643; INPUT; 1; 1; 0; 782
INTERNAL; 2; 2; 0; 1643; INPUT; 1; 1; 0; 151
INTERNAL; 2; 2; 0; 1643; INPUT; 1; 1; 0; 1050
INTERNAL; 2; 2; 0; 1643; INPUT; 1; 1; 0; 416
INTERNAL; 2; 2; 0; 1643; INPUT; 1; 1; 0; 2285
INTERNAL; 3; 3; 0; 1734; INTERNAL; 2; 2; 0; 1770
INTERNAL; 2; 2; 0; 1770; INPUT; 1; 1; 0; 1970
INTERNAL; 2; 2; 0; 1770; INPUT; 1; 1; 0; 2201
INTERNAL; 2; 2; 0; 1770; INPUT; 1; 1; 0; 1705
INTERNAL; 2; 2; 0; 1770; INPUT; 1; 1; 0; 156
INTERNAL; 2; 2; 0; 1770; INPUT; 1; 1; 0; 1708
INTERNAL; 2; 2; 0; 1770; INPUT; 1; 1; 0; 1703
INTERNAL; 3; 3; 0; 1734; INTERNAL; 2; 2; 0; 1715
INTERNAL; 2; 2; 0; 1715; INPUT; 1; 1; 0; 1721
INTERNAL; 2; 2; 0; 1715; INPUT; 1; 1; 0; 1267
INTERNAL; 2; 2; 0; 1715; INPUT; 1; 1; 0; 1277
INTERNAL; 2; 2; 0; 1715; INPUT; 1; 1; 0; 1712
INTERNAL; 2; 2; 0; 1715; INPUT; 1; 1; 0; 1723
INTERNAL; 2; 2; 0; 1715; INPUT; 1; 1; 0; 1718
INTERNAL; 5; 5; 0; 1612; INTERNAL; 4; 4; 0; 1931
INTERNAL; 6; 6; 0; 942; INTERNAL; 5; 5; 0; 1930
INTERNAL; 6; 6; 0; 942; INTERNAL; 5; 5; 0; 214
INTERNAL; 5; 5; 0; 214; INTERNAL; 4; 4; 0; 1591
INTERNAL; 4; 4; 0; 1591; INTERNAL; 3; 3; 0; 1815
INTERNAL; 3; 3; 0; 1815; INTERNAL; 2; 2; 0; 1833
INTERNAL; 3; 3; 0; 1815; INTERNAL; 2; 2; 0; 1831
INTERNAL; 3; 3; 0; 1815; INTERNAL; 2; 2; 0; 1830
INTERNAL; 4; 4; 0; 1591; INTERNAL; 3; 3; 0; 489
INTERNAL; 4; 4; 0; 1591; INTERNAL; 3; 3; 0; 1812
INTERNAL; 3; 3; 0; 1812; INTERNAL; 2; 2; 0; 1798
INTERNAL; 3; 3; 0; 1812; INTERNAL; 2; 2; 0; 1792
INTERNAL; 3; 3; 0; 1812; INTERNAL; 2; 2; 0; 1138
INTERNAL; 5; 5; 0; 214; INTERNAL; 4; 4; 0; 704
INTERNAL; 4; 4; 0; 704; INTERNAL; 3; 3; 0; 1386
INTERNAL; 3; 3; 0; 1386; INTERNAL; 2; 2; 0; 386
INTERNAL; 3; 3; 0; 1386; INTERNAL; 2; 2; 0; 774
INTERNAL; 3; 3; 0; 1386; INTERNAL; 2; 2; 0; 762
INTERNAL; 4; 4; 0; 704; INTERNAL; 3; 3; 0; 670
INTERNAL; 4; 4; 0; 704; INTERNAL; 3; 3; 0; 375
INTERNAL; 3; 3; 0; 375; INTERNAL; 2; 2; 0; 1717
INTERNAL; 3; 3; 0; 375; INTERNAL; 2; 2; 0; 2426
INTERNAL; 3; 3; 0; 375; INTERNAL; 2; 2; 0; 1710
INTERNAL; 5; 5; 0; 214; INTERNAL; 4; 4; 0; 1925
INTERNAL; 5; 5; 0; 214; INTERNAL; 4; 4; 0; 2019
INTERNAL; 4; 4; 0; 2019; INTERNAL; 2; 3; 1; 1657
INTERNAL; 4; 4; 0; 2019; INTERNAL; 3; 3; 0; 815
INTERNAL; 4; 4; 0; 2019; INTERNAL; 3; 3; 0; 1656
INTERNAL; 3; 3; 0; 1656; INTERNAL; 2; 2; 0; 1677
INTERNAL; 3; 3; 0; 1656; INTERNAL; 2; 2; 0; 2425
INTERNAL; 3; 3; 0; 1656; INTERNAL; 2; 2; 0; 1505
INTERNAL; 5; 5; 0; 214; INTERNAL; 4; 4; 0; 1569
INTERNAL; 4; 4; 0; 1569; INTERNAL; 3; 3; 0; 1756
INTERNAL; 4; 4; 0; 1569; INTERNAL; 3; 3; 0; 1758
INTERNAL; 3; 3; 0; 1758; INTERNAL; 2; 2; 0; 1747
INTERNAL; 3; 3; 0; 1758; INTERNAL; 2; 2; 0; 1743
INTERNAL; 3; 3; 0; 1758; INTERNAL; 2; 2; 0; 604
INTERNAL; 4; 4; 0; 1569; INTERNAL; 3; 3; 0; 1047
INTERNAL; 3; 3; 0; 1047; INTERNAL; 2; 2; 0; 1777
INTERNAL; 3; 3; 0; 1047; INTERNAL; 2; 2; 0; 1773
INTERNAL; 3; 3; 0; 1047; INTERNAL; 2; 2; 0; 905
INTERNAL; 5; 5; 0; 214; INTERNAL; 4; 4; 0; 1194
INTERNAL; 7; 7; 0; 1929; INTERNAL; 6; 6; 0; 1317
INTERNAL; 6; 6; 0; 1317; INTERNAL; 5; 5; 0; 2530
INTERNAL; 5; 5; 0; 2530; INTERNAL; 4; 4; 0; 2021
INTERNAL; 5; 5; 0; 2530; INTERNAL; 4; 4; 0; 1932
INTERNAL; 6; 6; 0; 1317; INTERNAL; 5; 5; 0; 1850
INTERNAL; 5; 5; 0; 1850; INTERNAL; 4; 4; 0; 1738
INTERNAL; 5; 5; 0; 1850; INTERNAL; 4; 4; 0; 1781
INTERNAL; 5; 5; 0; 1850; INTERNAL; 4; 4; 0; 1150
INTERNAL; 4; 4; 0; 1150; INTERNAL; 2; 3; 1; 1791
INTERNAL; 4; 4; 0; 1150; INTERNAL; 2; 3; 1; 1783
INTERNAL; 4; 4; 0; 1150; INTERNAL; 2; 3; 1; 1782
INTERNAL; 4; 4; 0; 1150; INTERNAL; 3; 3; 0; 1632
INTERNAL; 4; 4; 0; 1150; INTERNAL; 3; 3; 0; 1788
INTERNAL; 4; 4; 0; 1150; INTERNAL; 2; 3; 1; 1789
INTERNAL; 5; 5; 0; 1850; INTERNAL; 4; 4; 0; 1840
INTERNAL; 4; 4; 0; 1840; INTERNAL; 3; 3; 0; 327
INTERNAL; 4; 4; 0; 1840; INTERNAL; 2; 3; 1; 787
INTERNAL; 4; 4; 0; 1840; INTERNAL; 2; 3; 1; 1740
INTERNAL; 4; 4; 0; 1840; INTERNAL; 2; 3; 1; 1741
INTERNAL; 4; 4; 0; 1840; INTERNAL; 2; 3; 1; 1767
INTERNAL; 4; 4; 0; 1840; INTERNAL; 3; 3; 0; 1739
INTERNAL; 6; 6; 0; 1317; INTERNAL; 5; 5; 0; 1101
INTERNAL; 5; 5; 0; 1101; INTERNAL; 4; 4; 0; 1013
INTERNAL; 5; 5; 0; 1101; INTERNAL; 4; 4; 0; 1724
INTERNAL; 4; 4; 0; 1724; INTERNAL; 3; 3; 0; 789
INTERNAL; 4; 4; 0; 1724; INTERNAL; 3; 3; 0; 1631
INTERNAL; 3; 3; 0; 1631; INTERNAL; 2; 2; 0; 1665
INTERNAL; 4; 4; 0; 1724; INTERNAL; 2; 3; 1; 1660
INTERNAL; 5; 5; 0; 1101; INTERNAL; 4; 4; 0; 1726
INTERNAL; 4; 4; 0; 1726; INTERNAL; 2; 3; 1; 1694
INTERNAL; 4; 4; 0; 1726; INTERNAL; 2; 3; 1; 1709
INTERNAL; 4; 4; 0; 1726; INTERNAL; 2; 3; 1; 1587
INTERNAL; 4; 4; 0; 1726; INTERNAL; 3; 3; 0; 2275
INTERNAL; 4; 4; 0; 1726; INTERNAL; 2; 3; 1; 1692
INTERNAL; 4; 4; 0; 1726; INTERNAL; 3; 3; 0; 1312
INTERNAL; 6; 6; 0; 1317; INTERNAL; 5; 5; 0; 1848
INTERNAL; 6; 6; 0; 1317; INTERNAL; 5; 5; 0; 154
INTERNAL; 6; 6; 0; 1317; INTERNAL; 5; 5; 0; 1240
INTERNAL; 5; 5; 0; 1240; INTERNAL; 4; 4; 0; 1588
INTERNAL; 5; 5; 0; 1240; INTERNAL; 4; 4; 0; 1921
INTERNAL; 4; 4; 0; 1921; INTERNAL; 3; 3; 0; 1863
INTERNAL; 3; 3; 0; 1863; INTERNAL; 2; 2; 0; 1870
INTERNAL; 3; 3; 0; 1863; INTERNAL; 2; 2; 0; 1869
INTERNAL; 4; 4; 0; 1921; INTERNAL; 3; 3; 0; 2446
INTERNAL; 3; 3; 0; 2446; INTERNAL; 2; 2; 0; 1880
INTERNAL; 3; 3; 0; 2446; INTERNAL; 2; 2; 0; 1898
INTERNAL; 4; 4; 0; 1921; INTERNAL; 3; 3; 0; 2258
INTERNAL; 4; 4; 0; 1921; INTERNAL; 3; 3; 0; 218
INTERNAL; 5; 5; 0; 1240; INTERNAL; 4; 4; 0; 1849
INTERNAL; 4; 4; 0; 1849; INTERNAL; 3; 3; 0; 1629
INTERNAL; 3; 3; 0; 1629; INTERNAL; 2; 2; 0; 1912
INTERNAL; 3; 3; 0; 1629; INTERNAL; 2; 2; 0; 892
INTERNAL; 4; 4; 0; 1849; INTERNAL; 3; 3; 0; 1891
INTERNAL; 4; 4; 0; 1849; INTERNAL; 3; 3; 0; 1889
INTERNAL; 3; 3; 0; 1889; INTERNAL; 2; 2; 0; 1593
INTERNAL; 3; 3; 0; 1889; INTERNAL; 2; 2; 0; 250
INTERNAL; 4; 4; 0; 1849; INTERNAL; 3; 3; 0; 351
INTERNAL; 7; 7; 0; 1929; INTERNAL; 6; 6; 0; 997
INTERNAL; 6; 6; 0; 997; INTERNAL; 5; 5; 0; 1786
INTERNAL; 7; 7; 0; 1929; INTERNAL; 6; 6; 0; 1242
INTERNAL; 8; 8; 0; 851; INTERNAL; 7; 7; 0; 1445
INTERNAL; 8; 8; 0; 851; INTERNAL; 7; 7; 0; 749
INTERNAL; 7; 7; 0; 749; INTERNAL; 6; 6; 0; 1641
INTERNAL; 7; 7; 0; 749; INTERNAL; 6; 6; 0; 653
INTERNAL; 6; 6; 0; 653; INTERNAL; 5; 5; 0; 1838
INTERNAL; 6; 6; 0; 653; INTERNAL; 5; 5; 0; 1035
INTERNAL; 5; 5; 0; 1035; INTERNAL; 4; 4; 0; 1737
INTERNAL; 5; 5; 0; 1035; INTERNAL; 4; 4; 0; 1742
INTERNAL; 6; 6; 0; 653; INTERNAL; 5; 5; 0; 648
INTERNAL; 6; 6; 0; 653; INTERNAL; 5; 5; 0; 1837
INTERNAL; 5; 5; 0; 1837; INTERNAL; 4; 4; 0; 2097
INTERNAL; 5; 5; 0; 1837; INTERNAL; 4; 4; 0; 1779
INTERNAL; 7; 7; 0; 749; INTERNAL; 6; 6; 0; 1637
INTERNAL; 6; 6; 0; 1637; INTERNAL; 5; 5; 0; 1645
INTERNAL; 6; 6; 0; 1637; INTERNAL; 4; 5; 1; 1648
INTERNAL; 6; 6; 0; 1637; INTERNAL; 5; 5; 0; 1642
INTERNAL; 5; 5; 0; 1642; INTERNAL; 4; 4; 0; 1651
INTERNAL; 5; 5; 0; 1642; INTERNAL; 4; 4; 0; 1122
INTERNAL; 7; 7; 0; 749; INTERNAL; 6; 6; 0; 176
INTERNAL; 6; 6; 0; 176; INTERNAL; 5; 5; 0; 1853
INTERNAL; 5; 5; 0; 1853; INTERNAL; 4; 4; 0; 1861
INTERNAL; 5; 5; 0; 1853; INTERNAL; 3; 4; 1; 1862
INTERNAL; 5; 5; 0; 1853; INTERNAL; 3; 4; 1; 180
INTERNAL; 6; 6; 0; 176; INTERNAL; 5; 5; 0; 1855
INTERNAL; 5; 5; 0; 1855; INTERNAL; 3; 4; 1; 1888
INTERNAL; 5; 5; 0; 1855; INTERNAL; 4; 4; 0; 261
INTERNAL; 5; 5; 0; 1855; INTERNAL; 3; 4; 1; 954
INTERNAL; 6; 6; 0; 176; INTERNAL; 5; 5; 0; 1858
INTERNAL; 8; 8; 0; 851; INTERNAL; 7; 7; 0; 473
INTERNAL; 7; 7; 0; 473; INTERNAL; 6; 6; 0; 269
INTERNAL; 9; 9; 0; 978; INTERNAL; 8; 8; 0; 1415
INTERNAL; 8; 8; 0; 1415; INTERNAL; 7; 7; 0; 2090
INTERNAL; 8; 8; 0; 1415; INTERNAL; 7; 7; 0; 187
INTERNAL; 7; 7; 0; 187; INTERNAL; 6; 6; 0; 1390
INTERNAL; 7; 7; 0; 187; INTERNAL; 6; 6; 0; 144
INTERNAL; 6; 6; 0; 144; INTERNAL; 5; 5; 0; 1735
INTERNAL; 6; 6; 0; 144; INTERNAL; 5; 5; 0; 1736
INTERNAL; 7; 7; 0; 187; INTERNAL; 6; 6; 0; 1377
INTERNAL; 6; 6; 0; 1377; INTERNAL; 5; 5; 0; 1006
INTERNAL; 5; 5; 0; 1006; INTERNAL; 4; 4; 0; 1653
INTERNAL; 5; 5; 0; 1006; INTERNAL; 4; 4; 0; 792
INTERNAL; 5; 5; 0; 1006; INTERNAL; 4; 4; 0; 2085
INTERNAL; 8; 8; 0; 1415; INTERNAL; 7; 7; 0; 514
INTERNAL; 8; 8; 0; 1415; INTERNAL; 6; 7; 1; 185
INTERNAL; 6; 7; 1; 185; INTERNAL; 5; 6; 1; 1927
INTERNAL; 6; 7; 1; 185; INTERNAL; 5; 6; 1; 1250
INTERNAL; 9; 9; 0; 978; INTERNAL; 8; 8; 0; 1953
INTERNAL; 8; 8; 0; 1953; INTERNAL; 7; 7; 0; 638
INTERNAL; 8; 8; 0; 1953; INTERNAL; 6; 7; 1; 1944
INTERNAL; 8; 8; 0; 1953; INTERNAL; 7; 7; 0; 1954
INTERNAL; 7; 7; 0; 1954; INTERNAL; 6; 6; 0; 1579
INTERNAL; 6; 6; 0; 1579; INTERNAL; 5; 5; 0; 1097
INTERNAL; 9; 9; 0; 978; INTERNAL; 8; 8; 0; 1842
INTERNAL; 9; 9; 0; 978; INTERNAL; 7; 7; 0; 2399
INTERNAL; 11; 11; 0; 726; INTERNAL; 10; 10; 0; 2332
INTERNAL; 10; 10; 0; 2332; INTERNAL; 9; 9; 0; 29
INTERNAL; 9; 9; 0; 29; INTERNAL; 8; 8; 0; 1324
INTERNAL; 8; 8; 0; 1324; INTERNAL; 7; 7; 0; 1424
INTERNAL; 8; 8; 0; 1324; INTERNAL; 7; 7; 0; 1935
INTERNAL; 7; 7; 0; 1935; INTERNAL; 6; 6; 0; 1937
INTERNAL; 7; 7; 0; 1935; INTERNAL; 5; 6; 1; 1938
INTERNAL; 7; 7; 0; 1935; INTERNAL; 6; 6; 0; 1940
INTERNAL; 9; 9; 0; 29; INTERNAL; 8; 8; 0; 28
INTERNAL; 8; 8; 0; 28; INTERNAL; 7; 7; 0; 26
INTERNAL; 7; 7; 0; 26; INTERNAL; 6; 6; 0; 25
INTERNAL; 7; 7; 0; 26; INTERNAL; 6; 6; 0; 202
INTERNAL; 6; 6; 0; 202; INTERNAL; 5; 5; 0; 1238
INTERNAL; 6; 6; 0; 202; INTERNAL; 5; 5; 0; 24
INTERNAL; 8; 8; 0; 28; INTERNAL; 7; 7; 0; 27
INTERNAL; 9; 9; 0; 29; INTERNAL; 8; 8; 0; 2539
INTERNAL; 9; 9; 0; 29; INTERNAL; 8; 8; 0; 1934
INTERNAL; 9; 9; 0; 29; INTERNAL; 8; 8; 0; 1034
INTERNAL; 10; 10; 0; 2332; INTERNAL; 9; 9; 0; 262
INTERNAL; 10; 10; 0; 2332; INTERNAL; 9; 9; 0; 896
INTERNAL; 9; 9; 0; 896; INTERNAL; 8; 8; 0; 1245
INTERNAL; 10; 10; 0; 2332; INTERNAL; 9; 9; 0; 69
INTERNAL; 11; 11; 0; 726; INTERNAL; 10; 10; 0; 2180
INTERNAL; 13; 13; 0; 900; INTERNAL; 12; 12; 0; 989
INTERNAL; 12; 12; 0; 989; INTERNAL; 11; 11; 0; 1112
INTERNAL; 12; 12; 0; 989; INTERNAL; 10; 11; 1; 605
INTERNAL; 10; 11; 1; 605; INTERNAL; 9; 9; 0; 23
INTERNAL; 9; 9; 0; 23; INTERNAL; 8; 8; 0; 808
INTERNAL; 9; 9; 0; 23; INTERNAL; 8; 8; 0; 22
INTERNAL; 10; 11; 1; 605; INTERNAL; 9; 9; 0; 848
INTERNAL; 9; 9; 0; 848; INTERNAL; 8; 8; 0; 1822
INTERNAL; 9; 9; 0; 848; INTERNAL; 8; 8; 0; 1082
INTERNAL; 12; 12; 0; 989; INTERNAL; 11; 11; 0; 960
INTERNAL; 11; 11; 0; 960; INTERNAL; 10; 10; 0; 2268
INTERNAL; 11; 11; 0; 960; INTERNAL; 10; 10; 0; 1014
INTERNAL; 10; 10; 0; 1014; INTERNAL; 8; 9; 1; 1943
INTERNAL; 10; 10; 0; 1014; INTERNAL; 8; 9; 1; 1947
INTERNAL; 10; 10; 0; 1014; INTERNAL; 8; 9; 1; 1945
INTERNAL; 10; 10; 0; 1014; INTERNAL; 9; 9; 0; 1780
INTERNAL; 11; 11; 0; 960; INTERNAL; 10; 10; 0; 996
INTERNAL; 11; 11; 0; 960; INTERNAL; 10; 10; 0; 460
INTERNAL; 10; 10; 0; 460; INTERNAL; 9; 9; 0; 652
INTERNAL; 9; 9; 0; 652; INTERNAL; 8; 8; 0; 2298
INTERNAL; 8; 8; 0; 2298; INTERNAL; 7; 7; 0; 1475
INTERNAL; 8; 8; 0; 2298; INTERNAL; 7; 7; 0; 1699
INTERNAL; 9; 9; 0; 652; INTERNAL; 8; 8; 0; 1491
INTERNAL; 8; 8; 0; 1491; INTERNAL; 7; 7; 0; 590
INTERNAL; 8; 8; 0; 1491; INTERNAL; 7; 7; 0; 1968
INTERNAL; 10; 10; 0; 460; INTERNAL; 9; 9; 0; 1959
INTERNAL; 9; 9; 0; 1959; INTERNAL; 8; 8; 0; 2118
INTERNAL; 8; 8; 0; 2118; INTERNAL; 7; 7; 0; 1060
INTERNAL; 8; 8; 0; 2118; INTERNAL; 7; 7; 0; 1964
INTERNAL; 9; 9; 0; 1959; INTERNAL; 8; 8; 0; 868
INTERNAL; 8; 8; 0; 868; INTERNAL; 7; 7; 0; 901
INTERNAL; 8; 8; 0; 868; INTERNAL; 7; 7; 0; 1967
INTERNAL; 10; 10; 0; 460; INTERNAL; 9; 9; 0; 1962
INTERNAL; 10; 10; 0; 460; INTERNAL; 9; 9; 0; 1542
INTERNAL; 13; 13; 0; 900; INTERNAL; 10; 11; 1; 988
INTERNAL; 13; 13; 0; 900; INTERNAL; 10; 11; 1; 822
INTERNAL; 10; 11; 1; 822; INTERNAL; 9; 10; 1; 11
INTERNAL; 10; 11; 1; 822; INTERNAL; 9; 10; 1; 12
INTERNAL; 9; 10; 1; 12; INTERNAL; 7; 9; 2; 10
INTERNAL; 9; 10; 1; 12; INTERNAL; 8; 9; 1; 9
INTERNAL; 9; 10; 1; 12; INTERNAL; 6; 9; 3; 8
INTERNAL; 6; 9; 3; 8; INPUT; 1; 8; 7; 7
INTERNAL; 13; 13; 0; 900; INTERNAL; 10; 12; 2; 970
INTERNAL; 13; 13; 0; 900; INTERNAL; 12; 12; 0; 1864
INTERNAL; 12; 12; 0; 1864; INTERNAL; 11; 11; 0; 21
INTERNAL; 11; 11; 0; 21; INTERNAL; 10; 10; 0; 249
INTERNAL; 11; 11; 0; 21; INTERNAL; 10; 10; 0; 18
INTERNAL; 11; 11; 0; 21; INTERNAL; 10; 10; 0; 1774
INTERNAL; 12; 12; 0; 1864; INTERNAL; 11; 11; 0; 19
INTERNAL; 11; 11; 0; 19; INTERNAL; 10; 10; 0; 17
INTERNAL; 11; 11; 0; 19; INTERNAL; 9; 10; 1; 1438
INTERNAL; 9; 10; 1; 1438; INTERNAL; 8; 9; 1; 338
INTERNAL; 9; 10; 1; 1438; INTERNAL; 8; 9; 1; 13
INTERNAL; 11; 11; 0; 19; INTERNAL; 9; 10; 1; 16
INTERNAL; 9; 10; 1; 16; INTERNAL; 8; 9; 1; 15
INTERNAL; 9; 10; 1; 16; INTERNAL; 8; 9; 1; 14
INTERNAL; 12; 12; 0; 1864; INTERNAL; 11; 11; 0; 20
INTERNAL; 14; 14; 0; 335; INTERNAL; 13; 13; 0; 964
INTERNAL; 13; 13; 0; 964; INTERNAL; 12; 12; 0; 2175
INTERNAL; 13; 13; 0; 964; INTERNAL; 12; 12; 0; 1504
INTERNAL; 13; 13; 0; 964; INTERNAL; 12; 12; 0; 830
INTERNAL; 12; 12; 0; 830; INTERNAL; 11; 11; 0; 1346
INTERNAL; 11; 11; 0; 1346; INTERNAL; 10; 10; 0; 2
INTERNAL; 11; 11; 0; 1346; INTERNAL; 10; 10; 0; 3
INTERNAL; 11; 11; 0; 1346; INTERNAL; 10; 10; 0; 1
INTERNAL; 12; 12; 0; 830; INTERNAL; 11; 11; 0; 5
INTERNAL; 12; 12; 0; 830; INTERNAL; 11; 11; 0; 4
INTERNAL; 13; 13; 0; 964; INTERNAL; 12; 12; 0; 6
INTERNAL; 12; 12; 0; 6; INTERNAL; 11; 11; 0; 1363
INTERNAL; 14; 14; 0; 335; INTERNAL; 13; 13; 0; 1119
INTERNAL; 13; 13; 0; 1119; INTERNAL; 10; 12; 2; 2257
