TYPE; ASAP; ALAP; SLACK; A; TYPE; ASAP; ALAP; SLACK; B
UNKNOWN; -1; -1; -1; -1; OUTPUT; 28; 28; 0; 0
OUTPUT; 28; 28; 0; 0; INTERNAL; 27; 27; 0; 1526
INTERNAL; 27; 27; 0; 1526; INTERNAL; 26; 26; 0; 2203
INTERNAL; 26; 26; 0; 2203; INTERNAL; 25; 25; 0; 1126
INTERNAL; 25; 25; 0; 1126; INTERNAL; 23; 24; 1; 554
INTERNAL; 23; 24; 1; 554; INTERNAL; 22; 23; 1; 30
INTERNAL; 22; 23; 1; 30; INTERNAL; 21; 22; 1; 2586
INTERNAL; 21; 22; 1; 2586; INTERNAL; 19; 20; 1; 500
INTERNAL; 19; 20; 1; 500; INTERNAL; 12; 19; 7; 1321
INTERNAL; 12; 19; 7; 1321; INTERNAL; 10; 17; 7; 977
INTERNAL; 10; 17; 7; 977; INTERNAL; 6; 12; 6; 1593
INTERNAL; 6; 12; 6; 1593; INTERNAL; 5; 10; 5; 2002
INTERNAL; 5; 10; 5; 2002; INPUT; 1; 3; 2; 1117
INTERNAL; 5; 10; 5; 2002; INTERNAL; 3; 9; 6; 2003
INTERNAL; 3; 9; 6; 2003; INPUT; 1; 3; 2; 1702
INTERNAL; 3; 9; 6; 2003; INPUT; 1; 3; 2; 1458
INTERNAL; 3; 9; 6; 2003; INPUT; 1; 3; 2; 899
INTERNAL; 3; 9; 6; 2003; INPUT; 1; 3; 2; 1239
INTERNAL; 3; 9; 6; 2003; INTERNAL; 2; 4; 2; 2240
INTERNAL; 2; 4; 2; 2240; INPUT; 1; 2; 1; 1478
INTERNAL; 2; 4; 2; 2240; INPUT; 1; 1; 0; 1101
INTERNAL; 2; 4; 2; 2240; INPUT; 1; 2; 1; 1426
INTERNAL; 2; 4; 2; 2240; INPUT; 1; 1; 0; 1395
INTERNAL; 5; 10; 5; 2002; INTERNAL; 3; 5; 2; 365
INTERNAL; 3; 5; 2; 365; INPUT; 1; 3; 2; 1300
INTERNAL; 3; 5; 2; 365; INPUT; 1; 3; 2; 926
INTERNAL; 3; 5; 2; 365; INTERNAL; 2; 4; 2; 717
INTERNAL; 2; 4; 2; 717; INPUT; 1; 2; 1; 866
INTERNAL; 2; 4; 2; 717; INPUT; 1; 3; 2; 1148
INTERNAL; 2; 4; 2; 717; INPUT; 1; 3; 2; 1685
INTERNAL; 2; 4; 2; 717; INPUT; 1; 3; 2; 886
INTERNAL; 5; 10; 5; 2002; INTERNAL; 4; 6; 2; 481
INTERNAL; 4; 6; 2; 481; INTERNAL; 2; 4; 2; 1302
INTERNAL; 2; 4; 2; 1302; INPUT; 1; 2; 1; 1255
INTERNAL; 2; 4; 2; 1302; INPUT; 1; 2; 1; 685
INTERNAL; 2; 4; 2; 1302; INPUT; 1; 2; 1; 1700
INTERNAL; 2; 4; 2; 1302; INPUT; 1; 3; 2; 1292
INTERNAL; 4; 6; 2; 481; INTERNAL; 3; 4; 1; 870
INTERNAL; 3; 4; 1; 870; INTERNAL; 2; 3; 1; 1585
INTERNAL; 2; 3; 1; 1585; INPUT; 1; 2; 1; 2620
INTERNAL; 2; 3; 1; 1585; INPUT; 1; 2; 1; 1020
INTERNAL; 3; 4; 1; 870; INPUT; 1; 2; 1; 1814
INTERNAL; 4; 6; 2; 481; INPUT; 1; 3; 2; 920
INTERNAL; 5; 10; 5; 2002; INTERNAL; 3; 5; 2; 863
INTERNAL; 3; 5; 2; 863; INTERNAL; 2; 4; 2; 1480
INTERNAL; 3; 5; 2; 863; INTERNAL; 2; 3; 1; 1545
INTERNAL; 5; 10; 5; 2002; INTERNAL; 3; 6; 3; 687
INTERNAL; 3; 6; 3; 687; INTERNAL; 2; 3; 1; 597
INTERNAL; 2; 3; 1; 597; INPUT; 1; 2; 1; 1586
INTERNAL; 2; 3; 1; 597; INPUT; 1; 2; 1; 857
INTERNAL; 3; 6; 3; 687; INTERNAL; 2; 3; 1; 1336
INTERNAL; 2; 3; 1; 1336; INPUT; 1; 2; 1; 1318
INTERNAL; 2; 3; 1; 1336; INPUT; 1; 2; 1; 1298
INTERNAL; 3; 6; 3; 687; INTERNAL; 2; 5; 3; 691
INTERNAL; 2; 5; 3; 691; INPUT; 1; 2; 1; 1604
INTERNAL; 2; 5; 3; 691; INPUT; 1; 3; 2; 983
INTERNAL; 2; 5; 3; 691; INPUT; 1; 2; 1; 2228
INTERNAL; 2; 5; 3; 691; INPUT; 1; 2; 1; 1401
INTERNAL; 6; 12; 6; 1593; INTERNAL; 5; 10; 5; 1817
INTERNAL; 5; 10; 5; 1817; INTERNAL; 4; 6; 2; 328
INTERNAL; 4; 6; 2; 328; INTERNAL; 2; 4; 2; 1534
INTERNAL; 5; 10; 5; 1817; INTERNAL; 4; 6; 2; 2795
INTERNAL; 4; 6; 2; 2795; INTERNAL; 3; 5; 2; 2528
INTERNAL; 4; 6; 2; 2795; INTERNAL; 2; 5; 3; 295
INTERNAL; 2; 5; 3; 295; INPUT; 1; 2; 1; 2739
INTERNAL; 2; 5; 3; 295; INPUT; 1; 3; 2; 1506
INTERNAL; 2; 5; 3; 295; INPUT; 1; 2; 1; 948
INTERNAL; 2; 5; 3; 295; INPUT; 1; 3; 2; 1066
INTERNAL; 2; 5; 3; 295; INPUT; 1; 2; 1; 963
INTERNAL; 2; 5; 3; 295; INPUT; 1; 2; 1; 951
INTERNAL; 5; 10; 5; 1817; INTERNAL; 4; 6; 2; 1583
INTERNAL; 4; 6; 2; 1583; INTERNAL; 2; 4; 2; 1451
INTERNAL; 2; 4; 2; 1451; INPUT; 1; 2; 1; 2413
INTERNAL; 2; 4; 2; 1451; INPUT; 1; 2; 1; 1609
INTERNAL; 4; 6; 2; 1583; INTERNAL; 2; 3; 1; 959
INTERNAL; 4; 6; 2; 1583; INTERNAL; 3; 4; 1; 1522
INTERNAL; 5; 10; 5; 1817; INTERNAL; 4; 5; 1; 900
INTERNAL; 4; 5; 1; 900; INPUT; 1; 2; 1; 1071
INTERNAL; 4; 5; 1; 900; INTERNAL; 2; 2; 0; 1569
INTERNAL; 2; 2; 0; 1569; INPUT; 1; 1; 0; 1677
INTERNAL; 2; 2; 0; 1569; INPUT; 1; 1; 0; 1329
INTERNAL; 4; 5; 1; 900; INPUT; 1; 2; 1; 912
INTERNAL; 4; 5; 1; 900; INTERNAL; 3; 3; 0; 883
INTERNAL; 3; 3; 0; 883; INPUT; 1; 2; 1; 492
INTERNAL; 3; 3; 0; 883; INPUT; 1; 2; 1; 1261
INTERNAL; 3; 3; 0; 883; INTERNAL; 2; 2; 0; 321
INTERNAL; 2; 2; 0; 321; INPUT; 1; 1; 0; 1069
INTERNAL; 2; 2; 0; 321; INPUT; 1; 1; 0; 1077
INTERNAL; 5; 10; 5; 1817; INTERNAL; 3; 5; 2; 648
INTERNAL; 3; 5; 2; 648; INTERNAL; 2; 4; 2; 1557
INTERNAL; 3; 5; 2; 648; INTERNAL; 2; 4; 2; 941
INTERNAL; 5; 10; 5; 1817; INTERNAL; 3; 5; 2; 2211
INTERNAL; 3; 5; 2; 2211; INTERNAL; 2; 4; 2; 1159
INTERNAL; 10; 17; 7; 977; INTERNAL; 9; 12; 3; 2016
INTERNAL; 9; 12; 3; 2016; INTERNAL; 7; 11; 4; 512
INTERNAL; 7; 11; 4; 512; INTERNAL; 6; 10; 4; 2001
INTERNAL; 6; 10; 4; 2001; INTERNAL; 5; 7; 2; 534
INTERNAL; 5; 7; 2; 534; INPUT; 1; 2; 1; 1543
INTERNAL; 5; 7; 2; 534; INPUT; 1; 2; 1; 1091
INTERNAL; 5; 7; 2; 534; INTERNAL; 2; 4; 2; 2019
INTERNAL; 2; 4; 2; 2019; INPUT; 1; 2; 1; 1177
INTERNAL; 2; 4; 2; 2019; INPUT; 1; 3; 2; 2722
INTERNAL; 5; 7; 2; 534; INTERNAL; 4; 6; 2; 809
INTERNAL; 4; 6; 2; 809; INTERNAL; 2; 4; 2; 1443
INTERNAL; 4; 6; 2; 809; INTERNAL; 2; 2; 0; 1280
INTERNAL; 4; 6; 2; 809; INTERNAL; 3; 5; 2; 2491
INTERNAL; 3; 5; 2; 2491; INTERNAL; 2; 4; 2; 1182
INTERNAL; 4; 6; 2; 809; INTERNAL; 3; 4; 1; 475
INTERNAL; 3; 4; 1; 475; INPUT; 1; 3; 2; 1138
INTERNAL; 3; 4; 1; 475; INTERNAL; 2; 3; 1; 650
INTERNAL; 2; 3; 1; 650; INPUT; 1; 2; 1; 1372
INTERNAL; 2; 3; 1; 650; INPUT; 1; 2; 1; 1701
INTERNAL; 3; 4; 1; 475; INPUT; 1; 3; 2; 1337
INTERNAL; 5; 7; 2; 534; INTERNAL; 2; 4; 2; 1057
INTERNAL; 2; 4; 2; 1057; INPUT; 1; 2; 1; 1169
INTERNAL; 2; 4; 2; 1057; INPUT; 1; 2; 1; 2411
INTERNAL; 5; 7; 2; 534; INPUT; 1; 2; 1; 1286
INTERNAL; 7; 11; 4; 512; INTERNAL; 5; 10; 5; 1409
INTERNAL; 5; 10; 5; 1409; INTERNAL; 4; 6; 2; 1319
INTERNAL; 4; 6; 2; 1319; INPUT; 1; 2; 1; 842
INTERNAL; 4; 6; 2; 1319; INTERNAL; 3; 5; 2; 518
INTERNAL; 3; 5; 2; 518; INPUT; 1; 3; 2; 1064
INTERNAL; 3; 5; 2; 518; INTERNAL; 2; 4; 2; 1022
INTERNAL; 2; 4; 2; 1022; INPUT; 1; 3; 2; 971
INTERNAL; 2; 4; 2; 1022; INPUT; 1; 2; 1; 833
INTERNAL; 3; 5; 2; 518; INPUT; 1; 2; 1; 821
INTERNAL; 4; 6; 2; 1319; INTERNAL; 2; 4; 2; 302
INTERNAL; 2; 4; 2; 302; INPUT; 1; 2; 1; 1649
INTERNAL; 2; 4; 2; 302; INPUT; 1; 3; 2; 1039
INTERNAL; 4; 6; 2; 1319; INPUT; 1; 3; 2; 1422
INTERNAL; 5; 10; 5; 1409; INTERNAL; 3; 5; 2; 2135
INTERNAL; 3; 5; 2; 2135; INTERNAL; 2; 4; 2; 388
INTERNAL; 5; 10; 5; 1409; INTERNAL; 4; 4; 0; 2641
INTERNAL; 5; 10; 5; 1409; INTERNAL; 2; 4; 2; 1657
INTERNAL; 7; 11; 4; 512; INTERNAL; 5; 10; 5; 850
INTERNAL; 5; 10; 5; 850; INTERNAL; 4; 5; 1; 1236
INTERNAL; 4; 5; 1; 1236; INTERNAL; 2; 3; 1; 2483
INTERNAL; 5; 10; 5; 850; INTERNAL; 3; 6; 3; 1503
INTERNAL; 3; 6; 3; 1503; INTERNAL; 2; 4; 2; 692
INTERNAL; 2; 4; 2; 692; INPUT; 1; 3; 2; 1692
INTERNAL; 2; 4; 2; 692; INPUT; 1; 3; 2; 640
INTERNAL; 3; 6; 3; 1503; INPUT; 1; 3; 2; 973
INTERNAL; 3; 6; 3; 1503; INPUT; 1; 3; 2; 2509
INTERNAL; 3; 6; 3; 1503; INPUT; 1; 3; 2; 750
INTERNAL; 3; 6; 3; 1503; INPUT; 1; 3; 2; 1602
INTERNAL; 3; 6; 3; 1503; INTERNAL; 2; 3; 1; 1461
INTERNAL; 2; 3; 1; 1461; INPUT; 1; 2; 1; 2731
INTERNAL; 2; 3; 1; 1461; INPUT; 1; 2; 1; 1448
INTERNAL; 5; 10; 5; 850; INTERNAL; 4; 6; 2; 2752
INTERNAL; 4; 6; 2; 2752; INTERNAL; 2; 5; 3; 690
INTERNAL; 4; 6; 2; 2752; INTERNAL; 3; 5; 2; 2370
INTERNAL; 3; 5; 2; 2370; INTERNAL; 2; 4; 2; 702
INTERNAL; 5; 10; 5; 850; INTERNAL; 3; 6; 3; 754
INTERNAL; 3; 6; 3; 754; INTERNAL; 2; 5; 3; 1651
INTERNAL; 2; 5; 3; 1651; INPUT; 1; 3; 2; 1084
INTERNAL; 2; 5; 3; 1651; INPUT; 1; 3; 2; 997
INTERNAL; 2; 5; 3; 1651; INPUT; 1; 3; 2; 1226
INTERNAL; 2; 5; 3; 1651; INPUT; 1; 3; 2; 950
INTERNAL; 3; 6; 3; 754; INPUT; 1; 3; 2; 925
INTERNAL; 3; 6; 3; 754; INPUT; 1; 3; 2; 1408
INTERNAL; 3; 6; 3; 754; INPUT; 1; 3; 2; 1827
INTERNAL; 9; 12; 3; 2016; INTERNAL; 8; 11; 3; 1996
INTERNAL; 8; 11; 3; 1996; INTERNAL; 7; 8; 1; 1848
INTERNAL; 7; 8; 1; 1848; INTERNAL; 6; 7; 1; 903
INTERNAL; 6; 7; 1; 903; INTERNAL; 4; 5; 1; 379
INTERNAL; 4; 5; 1; 379; INTERNAL; 3; 4; 1; 1721
INTERNAL; 6; 7; 1; 903; INTERNAL; 5; 6; 1; 1956
INTERNAL; 5; 6; 1; 1956; INTERNAL; 2; 4; 2; 2556
INTERNAL; 2; 4; 2; 2556; INPUT; 1; 3; 2; 1389
INTERNAL; 2; 4; 2; 2556; INPUT; 1; 3; 2; 1360
INTERNAL; 5; 6; 1; 1956; INTERNAL; 3; 5; 2; 2802
INTERNAL; 3; 5; 2; 2802; INTERNAL; 2; 4; 2; 1542
INTERNAL; 5; 6; 1; 1956; INTERNAL; 2; 3; 1; 363
INTERNAL; 2; 3; 1; 363; INPUT; 1; 2; 1; 708
INTERNAL; 2; 3; 1; 363; INPUT; 1; 2; 1; 1377
INTERNAL; 5; 6; 1; 1956; INTERNAL; 3; 5; 2; 1773
INTERNAL; 3; 5; 2; 1773; INTERNAL; 2; 4; 2; 1417
INTERNAL; 3; 5; 2; 1773; INTERNAL; 2; 4; 2; 789
INTERNAL; 3; 5; 2; 1773; INTERNAL; 2; 4; 2; 1498
INTERNAL; 5; 6; 1; 1956; INPUT; 1; 3; 2; 1373
INTERNAL; 6; 7; 1; 903; INTERNAL; 5; 6; 1; 1755
INTERNAL; 5; 6; 1; 1755; INPUT; 1; 2; 1; 1455
INTERNAL; 5; 6; 1; 1755; INTERNAL; 4; 5; 1; 374
INTERNAL; 4; 5; 1; 374; INTERNAL; 3; 4; 1; 372
INTERNAL; 3; 4; 1; 372; INPUT; 1; 2; 1; 1806
INTERNAL; 3; 4; 1; 372; INTERNAL; 2; 3; 1; 1440
INTERNAL; 2; 3; 1; 1440; INPUT; 1; 2; 1; 1366
INTERNAL; 2; 3; 1; 1440; INPUT; 1; 2; 1; 934
INTERNAL; 3; 4; 1; 372; INPUT; 1; 2; 1; 1666
INTERNAL; 4; 5; 1; 374; INPUT; 1; 1; 0; 1444
INTERNAL; 4; 5; 1; 374; INPUT; 1; 1; 0; 1559
INTERNAL; 5; 6; 1; 1755; INTERNAL; 4; 5; 1; 972
INTERNAL; 4; 5; 1; 972; INTERNAL; 3; 4; 1; 1013
INTERNAL; 3; 4; 1; 1013; INTERNAL; 2; 3; 1; 847
INTERNAL; 5; 6; 1; 1755; INTERNAL; 3; 5; 2; 1759
INTERNAL; 3; 5; 2; 1759; INTERNAL; 2; 4; 2; 1760
INTERNAL; 2; 4; 2; 1760; INPUT; 1; 2; 1; 1524
INTERNAL; 3; 5; 2; 1759; INTERNAL; 2; 4; 2; 1073
INTERNAL; 5; 6; 1; 1755; INTERNAL; 3; 5; 2; 1757
INTERNAL; 3; 5; 2; 1757; INTERNAL; 2; 3; 1; 816
INTERNAL; 5; 6; 1; 1755; INPUT; 1; 2; 1; 1059
INTERNAL; 7; 8; 1; 1848; INTERNAL; 6; 7; 1; 1030
INTERNAL; 6; 7; 1; 1030; INTERNAL; 3; 5; 2; 1687
INTERNAL; 3; 5; 2; 1687; INTERNAL; 2; 4; 2; 966
INTERNAL; 3; 5; 2; 1687; INTERNAL; 2; 4; 2; 1092
INTERNAL; 6; 7; 1; 1030; INTERNAL; 5; 6; 1; 2498
INTERNAL; 6; 7; 1; 1030; INTERNAL; 3; 6; 3; 1784
INTERNAL; 6; 7; 1; 1030; INTERNAL; 3; 5; 2; 297
INTERNAL; 6; 7; 1; 1030; INTERNAL; 3; 6; 3; 1761
INTERNAL; 3; 6; 3; 1761; INPUT; 1; 3; 2; 2616
INTERNAL; 3; 6; 3; 1761; INPUT; 1; 3; 2; 1578
INTERNAL; 3; 6; 3; 1761; INPUT; 1; 3; 2; 1432
INTERNAL; 7; 8; 1; 1848; INTERNAL; 5; 6; 1; 2024
INTERNAL; 5; 6; 1; 2024; INPUT; 1; 3; 2; 907
INTERNAL; 5; 6; 1; 2024; INTERNAL; 3; 5; 2; 1772
INTERNAL; 3; 5; 2; 1772; INPUT; 1; 3; 2; 1158
INTERNAL; 3; 5; 2; 1772; INPUT; 1; 4; 3; 1327
INTERNAL; 3; 5; 2; 1772; INTERNAL; 2; 4; 2; 1355
INTERNAL; 2; 4; 2; 1355; INPUT; 1; 3; 2; 1591
INTERNAL; 2; 4; 2; 1355; INPUT; 1; 3; 2; 1588
INTERNAL; 5; 6; 1; 2024; INPUT; 1; 2; 1; 587
INTERNAL; 5; 6; 1; 2024; INPUT; 1; 3; 2; 1465
INTERNAL; 5; 6; 1; 2024; INTERNAL; 4; 5; 1; 1332
INTERNAL; 4; 5; 1; 1332; INTERNAL; 3; 4; 1; 1731
INTERNAL; 3; 4; 1; 1731; INPUT; 1; 3; 2; 1129
INTERNAL; 3; 4; 1; 1731; INTERNAL; 2; 3; 1; 2156
INTERNAL; 2; 3; 1; 2156; INPUT; 1; 2; 1; 1378
INTERNAL; 2; 3; 1; 2156; INPUT; 1; 2; 1; 2220
INTERNAL; 4; 5; 1; 1332; INTERNAL; 2; 4; 2; 1341
INTERNAL; 8; 11; 3; 1996; INTERNAL; 7; 8; 1; 1953
INTERNAL; 7; 8; 1; 1953; INTERNAL; 5; 6; 1; 864
INTERNAL; 5; 6; 1; 864; INTERNAL; 2; 5; 3; 1163
INTERNAL; 5; 6; 1; 864; INTERNAL; 2; 5; 3; 2059
INTERNAL; 5; 6; 1; 864; INTERNAL; 4; 5; 1; 2149
INTERNAL; 4; 5; 1; 2149; INTERNAL; 2; 4; 2; 1538
INTERNAL; 7; 8; 1; 1953; INTERNAL; 5; 7; 2; 2255
INTERNAL; 5; 7; 2; 2255; INTERNAL; 4; 5; 1; 757
INTERNAL; 4; 5; 1; 757; INTERNAL; 2; 4; 2; 336
INTERNAL; 5; 7; 2; 2255; INTERNAL; 4; 6; 2; 1627
INTERNAL; 4; 6; 2; 1627; INTERNAL; 2; 5; 3; 943
INTERNAL; 7; 8; 1; 1953; INTERNAL; 3; 5; 2; 891
INTERNAL; 3; 5; 2; 891; INTERNAL; 2; 4; 2; 856
INTERNAL; 7; 8; 1; 1953; INTERNAL; 6; 7; 1; 1954
INTERNAL; 6; 7; 1; 1954; INTERNAL; 5; 6; 1; 1744
INTERNAL; 5; 6; 1; 1744; INTERNAL; 2; 5; 3; 1579
INTERNAL; 2; 5; 3; 1579; INPUT; 1; 3; 2; 2480
INTERNAL; 5; 6; 1; 1744; INTERNAL; 4; 5; 1; 2470
INTERNAL; 4; 5; 1; 2470; INTERNAL; 3; 4; 1; 1343
INTERNAL; 3; 4; 1; 1343; INTERNAL; 2; 3; 1; 1434
INTERNAL; 2; 3; 1; 1434; INPUT; 1; 2; 1; 1596
INTERNAL; 6; 7; 1; 1954; INTERNAL; 3; 5; 2; 800
INTERNAL; 6; 7; 1; 1954; INTERNAL; 4; 6; 2; 765
INTERNAL; 4; 6; 2; 765; INTERNAL; 3; 5; 2; 1886
INTERNAL; 4; 6; 2; 765; INTERNAL; 2; 3; 1; 829
INTERNAL; 7; 8; 1; 1953; INTERNAL; 3; 5; 2; 320
INTERNAL; 3; 5; 2; 320; INTERNAL; 2; 4; 2; 479
INTERNAL; 8; 11; 3; 1996; INTERNAL; 6; 8; 2; 1564
INTERNAL; 6; 8; 2; 1564; INTERNAL; 5; 7; 2; 1957
INTERNAL; 5; 7; 2; 1957; INTERNAL; 3; 5; 2; 1144
INTERNAL; 3; 5; 2; 1144; INTERNAL; 2; 4; 2; 2653
INTERNAL; 5; 7; 2; 1957; INTERNAL; 3; 5; 2; 1339
INTERNAL; 3; 5; 2; 1339; INTERNAL; 2; 4; 2; 1482
INTERNAL; 5; 7; 2; 1957; INTERNAL; 3; 5; 2; 1352
INTERNAL; 6; 8; 2; 1564; INTERNAL; 5; 7; 2; 2008
INTERNAL; 5; 7; 2; 2008; INTERNAL; 3; 6; 3; 1938
INTERNAL; 3; 6; 3; 1938; INTERNAL; 2; 4; 2; 1714
INTERNAL; 5; 7; 2; 2008; INTERNAL; 3; 5; 2; 296
INTERNAL; 5; 7; 2; 2008; INTERNAL; 4; 5; 1; 1523
INTERNAL; 4; 5; 1; 1523; INTERNAL; 3; 4; 1; 375
INTERNAL; 9; 12; 3; 2016; INTERNAL; 6; 11; 5; 1999
INTERNAL; 10; 17; 7; 977; INTERNAL; 7; 12; 5; 619
INTERNAL; 12; 19; 7; 1321; INTERNAL; 11; 17; 6; 734
INTERNAL; 11; 17; 6; 734; INTERNAL; 9; 13; 4; 2013
INTERNAL; 9; 13; 4; 2013; INTERNAL; 8; 11; 3; 503
INTERNAL; 8; 11; 3; 503; INTERNAL; 7; 8; 1; 1962
INTERNAL; 7; 8; 1; 1962; INTERNAL; 6; 7; 1; 1968
INTERNAL; 6; 7; 1; 1968; INTERNAL; 3; 6; 3; 1620
INTERNAL; 3; 6; 3; 1620; INTERNAL; 2; 4; 2; 888
INTERNAL; 6; 7; 1; 1968; INTERNAL; 4; 6; 2; 1713
INTERNAL; 4; 6; 2; 1713; INTERNAL; 3; 4; 1; 2237
INTERNAL; 6; 7; 1; 1968; INTERNAL; 5; 6; 1; 1969
INTERNAL; 7; 8; 1; 1962; INTERNAL; 5; 6; 1; 1720
INTERNAL; 5; 6; 1; 1720; INTERNAL; 4; 5; 1; 1063
INTERNAL; 4; 5; 1; 1063; INTERNAL; 2; 4; 2; 1958
INTERNAL; 7; 8; 1; 1962; INTERNAL; 4; 5; 1; 1766
INTERNAL; 8; 11; 3; 503; INTERNAL; 5; 8; 3; 1309
INTERNAL; 8; 11; 3; 503; INTERNAL; 7; 8; 1; 1966
INTERNAL; 7; 8; 1; 1966; INTERNAL; 3; 7; 4; 1445
INTERNAL; 3; 7; 4; 1445; INTERNAL; 2; 5; 3; 1514
INTERNAL; 2; 5; 3; 1514; INPUT; 1; 3; 2; 944
INTERNAL; 7; 8; 1; 1966; INTERNAL; 6; 7; 1; 2638
INTERNAL; 6; 7; 1; 2638; INTERNAL; 3; 6; 3; 1903
INTERNAL; 6; 7; 1; 2638; INTERNAL; 3; 5; 2; 324
INTERNAL; 3; 5; 2; 324; INTERNAL; 2; 4; 2; 1028
INTERNAL; 3; 5; 2; 324; INTERNAL; 2; 4; 2; 962
INTERNAL; 6; 7; 1; 2638; INTERNAL; 3; 6; 3; 618
INTERNAL; 6; 7; 1; 2638; INTERNAL; 5; 6; 1; 1758
INTERNAL; 5; 6; 1; 1758; INTERNAL; 4; 5; 1; 1993
INTERNAL; 4; 5; 1; 1993; INTERNAL; 3; 4; 1; 739
INTERNAL; 4; 5; 1; 1993; INTERNAL; 2; 4; 2; 1615
INTERNAL; 6; 7; 1; 2638; INTERNAL; 3; 6; 3; 1397
INTERNAL; 7; 8; 1; 1966; INTERNAL; 4; 7; 3; 1424
INTERNAL; 4; 7; 3; 1424; INTERNAL; 3; 6; 3; 536
INTERNAL; 3; 6; 3; 536; INTERNAL; 2; 3; 1; 443
INTERNAL; 3; 6; 3; 536; INTERNAL; 2; 3; 1; 975
INTERNAL; 4; 7; 3; 1424; INTERNAL; 3; 6; 3; 1642
INTERNAL; 9; 13; 4; 2013; INTERNAL; 8; 11; 3; 2004
INTERNAL; 8; 11; 3; 2004; INTERNAL; 7; 8; 1; 1751
INTERNAL; 7; 8; 1; 1751; INTERNAL; 3; 5; 2; 1385
INTERNAL; 3; 5; 2; 1385; INTERNAL; 2; 4; 2; 725
INTERNAL; 7; 8; 1; 1751; INTERNAL; 3; 6; 3; 369
INTERNAL; 3; 6; 3; 369; INTERNAL; 2; 4; 2; 1864
INTERNAL; 7; 8; 1; 1751; INTERNAL; 6; 7; 1; 1942
INTERNAL; 6; 7; 1; 1942; INTERNAL; 3; 6; 3; 377
INTERNAL; 6; 7; 1; 1942; INTERNAL; 4; 6; 2; 791
INTERNAL; 4; 6; 2; 791; INTERNAL; 3; 5; 2; 1184
INTERNAL; 6; 7; 1; 1942; INTERNAL; 5; 6; 1; 1945
INTERNAL; 5; 6; 1; 1945; INTERNAL; 3; 5; 2; 1946
INTERNAL; 3; 5; 2; 1946; INTERNAL; 2; 4; 2; 1711
INTERNAL; 5; 6; 1; 1945; INTERNAL; 4; 5; 1; 1867
INTERNAL; 4; 5; 1; 1867; INTERNAL; 3; 4; 1; 364
INTERNAL; 4; 5; 1; 1867; INTERNAL; 2; 4; 2; 420
INTERNAL; 4; 5; 1; 1867; INTERNAL; 2; 4; 2; 384
INTERNAL; 5; 6; 1; 1945; INTERNAL; 4; 5; 1; 1703
INTERNAL; 4; 5; 1; 1703; INTERNAL; 2; 3; 1; 1495
INTERNAL; 6; 7; 1; 1942; INTERNAL; 2; 6; 4; 355
INTERNAL; 6; 7; 1; 1942; INTERNAL; 3; 6; 3; 1733
INTERNAL; 7; 8; 1; 1751; INTERNAL; 6; 7; 1; 1941
INTERNAL; 6; 7; 1; 1941; INTERNAL; 4; 5; 1; 547
INTERNAL; 4; 5; 1; 547; INTERNAL; 3; 4; 1; 385
INTERNAL; 6; 7; 1; 1941; INTERNAL; 3; 5; 2; 1320
INTERNAL; 3; 5; 2; 1320; INTERNAL; 2; 4; 2; 1256
INTERNAL; 3; 5; 2; 1320; INTERNAL; 2; 4; 2; 419
INTERNAL; 7; 8; 1; 1751; INTERNAL; 3; 6; 3; 1379
INTERNAL; 8; 11; 3; 2004; INTERNAL; 5; 8; 3; 1940
INTERNAL; 5; 8; 3; 1940; INTERNAL; 4; 7; 3; 319
INTERNAL; 4; 7; 3; 319; INTERNAL; 3; 5; 2; 822
INTERNAL; 3; 5; 2; 822; INTERNAL; 2; 4; 2; 1139
INTERNAL; 4; 7; 3; 319; INTERNAL; 3; 5; 2; 700
INTERNAL; 4; 7; 3; 319; INTERNAL; 3; 5; 2; 2303
INTERNAL; 5; 8; 3; 1940; INTERNAL; 4; 7; 3; 2324
INTERNAL; 4; 7; 3; 2324; INTERNAL; 3; 6; 3; 651
INTERNAL; 3; 6; 3; 651; INTERNAL; 2; 5; 3; 1922
INTERNAL; 5; 8; 3; 1940; INTERNAL; 4; 7; 3; 351
INTERNAL; 4; 7; 3; 351; INTERNAL; 3; 5; 2; 1024
INTERNAL; 3; 5; 2; 1024; INTERNAL; 2; 4; 2; 1208
INTERNAL; 4; 7; 3; 351; INTERNAL; 3; 6; 3; 768
INTERNAL; 3; 6; 3; 768; INTERNAL; 2; 4; 2; 764
INTERNAL; 2; 4; 2; 764; INPUT; 1; 3; 2; 1469
INTERNAL; 4; 7; 3; 351; INTERNAL; 2; 4; 2; 1428
INTERNAL; 4; 7; 3; 351; INTERNAL; 2; 5; 3; 2010
INTERNAL; 4; 7; 3; 351; INTERNAL; 3; 5; 2; 347
INTERNAL; 3; 5; 2; 347; INTERNAL; 2; 4; 2; 1488
INTERNAL; 4; 7; 3; 351; INTERNAL; 3; 5; 2; 1098
INTERNAL; 3; 5; 2; 1098; INTERNAL; 2; 4; 2; 1335
INTERNAL; 3; 5; 2; 1098; INTERNAL; 2; 4; 2; 1756
INTERNAL; 8; 11; 3; 2004; INTERNAL; 7; 8; 1; 1937
INTERNAL; 7; 8; 1; 1937; INTERNAL; 3; 5; 2; 1530
INTERNAL; 7; 8; 1; 1937; INTERNAL; 3; 6; 3; 546
INTERNAL; 3; 6; 3; 546; INTERNAL; 2; 4; 2; 1351
INTERNAL; 7; 8; 1; 1937; INTERNAL; 5; 6; 1; 2199
INTERNAL; 5; 6; 1; 2199; INTERNAL; 4; 5; 1; 2192
INTERNAL; 4; 5; 1; 2192; INTERNAL; 3; 4; 1; 1079
INTERNAL; 5; 6; 1; 2199; INTERNAL; 2; 2; 0; 380
INTERNAL; 5; 6; 1; 2199; INTERNAL; 2; 5; 3; 1594
INTERNAL; 7; 8; 1; 1937; INTERNAL; 6; 7; 1; 1950
INTERNAL; 6; 7; 1; 1950; INTERNAL; 3; 6; 3; 858
INTERNAL; 6; 7; 1; 1950; INTERNAL; 5; 6; 1; 510
INTERNAL; 5; 6; 1; 510; INTERNAL; 4; 5; 1; 669
INTERNAL; 4; 5; 1; 669; INPUT; 1; 3; 2; 1037
INTERNAL; 4; 5; 1; 669; INTERNAL; 3; 4; 1; 449
INTERNAL; 3; 4; 1; 449; INTERNAL; 2; 3; 1; 1019
INTERNAL; 2; 3; 1; 1019; INPUT; 1; 2; 1; 1055
INTERNAL; 2; 3; 1; 1019; INPUT; 1; 2; 1; 496
INTERNAL; 3; 4; 1; 449; INTERNAL; 2; 3; 1; 861
INTERNAL; 2; 3; 1; 861; INPUT; 1; 2; 1; 331
INTERNAL; 2; 3; 1; 861; INPUT; 1; 2; 1; 773
INTERNAL; 4; 5; 1; 669; INPUT; 1; 4; 3; 538
INTERNAL; 4; 5; 1; 669; INPUT; 1; 3; 2; 1254
INTERNAL; 4; 5; 1; 669; INPUT; 1; 3; 2; 1201
INTERNAL; 5; 6; 1; 510; INTERNAL; 3; 5; 2; 1357
INTERNAL; 6; 7; 1; 1950; INTERNAL; 3; 6; 3; 338
INTERNAL; 6; 7; 1; 1950; INTERNAL; 5; 6; 1; 1951
INTERNAL; 5; 6; 1; 1951; INTERNAL; 3; 5; 2; 1859
INTERNAL; 5; 6; 1; 1951; INTERNAL; 3; 5; 2; 1392
INTERNAL; 3; 5; 2; 1392; INTERNAL; 2; 4; 2; 1656
INTERNAL; 3; 5; 2; 1392; INTERNAL; 2; 4; 2; 1241
INTERNAL; 5; 6; 1; 1951; INTERNAL; 4; 5; 1; 387
INTERNAL; 11; 17; 6; 734; INTERNAL; 10; 13; 3; 1732
INTERNAL; 11; 17; 6; 734; INTERNAL; 10; 13; 3; 2011
INTERNAL; 10; 13; 3; 2011; INTERNAL; 9; 12; 3; 2182
INTERNAL; 9; 12; 3; 2182; INTERNAL; 8; 9; 1; 1952
INTERNAL; 9; 12; 3; 2182; INTERNAL; 8; 9; 1; 778
INTERNAL; 8; 9; 1; 778; INTERNAL; 7; 8; 1; 2649
INTERNAL; 7; 8; 1; 2649; INTERNAL; 6; 7; 1; 299
INTERNAL; 6; 7; 1; 299; INTERNAL; 4; 5; 1; 1481
INTERNAL; 4; 5; 1; 1481; INTERNAL; 3; 4; 1; 992
INTERNAL; 7; 8; 1; 2649; INTERNAL; 5; 7; 2; 1074
INTERNAL; 5; 7; 2; 1074; INTERNAL; 3; 6; 3; 1137
INTERNAL; 5; 7; 2; 1074; INTERNAL; 3; 5; 2; 1601
INTERNAL; 7; 8; 1; 2649; INTERNAL; 5; 7; 2; 301
INTERNAL; 5; 7; 2; 301; INTERNAL; 3; 4; 1; 1606
INTERNAL; 5; 7; 2; 301; INTERNAL; 3; 6; 3; 1581
INTERNAL; 7; 8; 1; 2649; INTERNAL; 5; 7; 2; 1456
INTERNAL; 5; 7; 2; 1456; INTERNAL; 4; 6; 2; 1684
INTERNAL; 4; 6; 2; 1684; INTERNAL; 3; 5; 2; 1174
INTERNAL; 3; 5; 2; 1174; INTERNAL; 2; 3; 1; 609
INTERNAL; 5; 7; 2; 1456; INTERNAL; 4; 6; 2; 1116
INTERNAL; 8; 9; 1; 778; INTERNAL; 6; 8; 2; 2671
INTERNAL; 6; 8; 2; 2671; INTERNAL; 5; 7; 2; 679
INTERNAL; 5; 7; 2; 679; INTERNAL; 3; 6; 3; 407
INTERNAL; 3; 6; 3; 407; INTERNAL; 2; 5; 3; 908
INTERNAL; 5; 7; 2; 679; INTERNAL; 4; 6; 2; 1225
INTERNAL; 4; 6; 2; 1225; INTERNAL; 3; 5; 2; 1293
INTERNAL; 6; 8; 2; 2671; INTERNAL; 5; 7; 2; 1205
INTERNAL; 5; 7; 2; 1205; INTERNAL; 4; 5; 1; 1218
INTERNAL; 4; 5; 1; 1218; INTERNAL; 3; 4; 1; 1652
INTERNAL; 3; 4; 1; 1652; INTERNAL; 2; 3; 1; 840
INTERNAL; 5; 7; 2; 1205; INTERNAL; 4; 6; 2; 522
INTERNAL; 4; 6; 2; 522; INTERNAL; 3; 5; 2; 1704
INTERNAL; 6; 8; 2; 2671; INTERNAL; 5; 7; 2; 1111
INTERNAL; 9; 12; 3; 2182; INTERNAL; 8; 9; 1; 1813
INTERNAL; 10; 13; 3; 2011; INTERNAL; 9; 12; 3; 1698
INTERNAL; 10; 13; 3; 2011; INTERNAL; 9; 12; 3; 1992
INTERNAL; 19; 20; 1; 500; INTERNAL; 18; 19; 1; 1042
INTERNAL; 18; 19; 1; 1042; INTERNAL; 14; 17; 3; 756
INTERNAL; 14; 17; 3; 756; INTERNAL; 13; 15; 2; 2005
INTERNAL; 13; 15; 2; 2005; INTERNAL; 12; 14; 2; 1982
INTERNAL; 12; 14; 2; 1982; INTERNAL; 11; 11; 0; 1931
INTERNAL; 11; 11; 0; 1931; INTERNAL; 9; 10; 1; 2663
INTERNAL; 9; 10; 1; 2663; INTERNAL; 8; 9; 1; 456
INTERNAL; 8; 9; 1; 456; INTERNAL; 7; 8; 1; 1736
INTERNAL; 7; 8; 1; 1736; INTERNAL; 6; 7; 1; 1746
INTERNAL; 6; 7; 1; 1746; INTERNAL; 4; 6; 2; 731
INTERNAL; 6; 7; 1; 1746; INTERNAL; 5; 6; 1; 1965
INTERNAL; 7; 8; 1; 1736; INTERNAL; 5; 7; 2; 806
INTERNAL; 7; 8; 1; 1736; INTERNAL; 5; 7; 2; 1745
INTERNAL; 8; 9; 1; 456; INTERNAL; 7; 8; 1; 1869
INTERNAL; 7; 8; 1; 1869; INTERNAL; 5; 7; 2; 982
INTERNAL; 7; 8; 1; 1869; INTERNAL; 4; 7; 3; 1747
INTERNAL; 4; 7; 3; 1747; INTERNAL; 2; 4; 2; 994
INTERNAL; 7; 8; 1; 1869; INTERNAL; 6; 7; 1; 974
INTERNAL; 6; 7; 1; 974; INTERNAL; 4; 5; 1; 890
INTERNAL; 6; 7; 1; 974; INTERNAL; 5; 6; 1; 1748
INTERNAL; 8; 9; 1; 456; INTERNAL; 7; 8; 1; 1740
INTERNAL; 7; 8; 1; 1740; INTERNAL; 6; 7; 1; 1752
INTERNAL; 6; 7; 1; 1752; INTERNAL; 3; 6; 3; 411
INTERNAL; 6; 7; 1; 1752; INTERNAL; 3; 6; 3; 1640
INTERNAL; 6; 7; 1; 1752; INTERNAL; 3; 4; 1; 1646
INTERNAL; 3; 4; 1; 1646; INTERNAL; 2; 3; 1; 2621
INTERNAL; 7; 8; 1; 1740; INTERNAL; 6; 7; 1; 1749
INTERNAL; 6; 7; 1; 1749; INTERNAL; 5; 6; 1; 1764
INTERNAL; 5; 6; 1; 1764; INTERNAL; 4; 5; 1; 936
INTERNAL; 7; 8; 1; 1740; INTERNAL; 5; 7; 2; 1750
INTERNAL; 5; 7; 2; 1750; INTERNAL; 3; 6; 3; 589
INTERNAL; 5; 7; 2; 1750; INTERNAL; 3; 6; 3; 1271
INTERNAL; 7; 8; 1; 1740; INTERNAL; 6; 7; 1; 1414
INTERNAL; 6; 7; 1; 1414; INTERNAL; 3; 6; 3; 1094
INTERNAL; 3; 6; 3; 1094; INTERNAL; 2; 4; 2; 947
INTERNAL; 9; 10; 1; 2663; INTERNAL; 8; 9; 1; 1553
INTERNAL; 8; 9; 1; 1553; INTERNAL; 7; 8; 1; 294
INTERNAL; 7; 8; 1; 294; INTERNAL; 6; 7; 1; 1717
INTERNAL; 6; 7; 1; 1717; INTERNAL; 5; 6; 1; 1722
INTERNAL; 5; 6; 1; 1722; INTERNAL; 4; 5; 1; 1724
INTERNAL; 4; 5; 1; 1724; INTERNAL; 2; 4; 2; 626
INTERNAL; 5; 6; 1; 1722; INTERNAL; 4; 5; 1; 1668
INTERNAL; 4; 5; 1; 1668; INTERNAL; 2; 4; 2; 453
INTERNAL; 4; 5; 1; 1668; INTERNAL; 3; 4; 1; 945
INTERNAL; 3; 4; 1; 945; INTERNAL; 2; 2; 0; 2122
INTERNAL; 3; 4; 1; 945; INTERNAL; 2; 3; 1; 1550
INTERNAL; 5; 6; 1; 1722; INTERNAL; 3; 5; 2; 460
INTERNAL; 3; 5; 2; 460; INTERNAL; 2; 4; 2; 2234
INTERNAL; 5; 6; 1; 1722; INTERNAL; 3; 5; 2; 1053
INTERNAL; 6; 7; 1; 1717; INTERNAL; 5; 6; 1; 1181
INTERNAL; 5; 6; 1; 1181; INTERNAL; 4; 4; 0; 1472
INTERNAL; 4; 4; 0; 1472; INTERNAL; 3; 3; 0; 1431
INTERNAL; 7; 8; 1; 294; INTERNAL; 5; 7; 2; 2373
INTERNAL; 5; 7; 2; 2373; INTERNAL; 4; 5; 1; 1381
INTERNAL; 4; 5; 1; 1381; INTERNAL; 2; 3; 1; 403
INTERNAL; 4; 5; 1; 1381; INTERNAL; 3; 4; 1; 1284
INTERNAL; 7; 8; 1; 294; INTERNAL; 5; 7; 2; 1715
INTERNAL; 5; 7; 2; 1715; INTERNAL; 3; 6; 3; 688
INTERNAL; 3; 6; 3; 688; INTERNAL; 2; 5; 3; 1725
INTERNAL; 8; 9; 1; 1553; INTERNAL; 7; 8; 1; 1080
INTERNAL; 7; 8; 1; 1080; INTERNAL; 5; 7; 2; 1402
INTERNAL; 5; 7; 2; 1402; INTERNAL; 3; 5; 2; 376
INTERNAL; 7; 8; 1; 1080; INTERNAL; 4; 5; 1; 1580
INTERNAL; 7; 8; 1; 1080; INTERNAL; 4; 7; 3; 1728
INTERNAL; 4; 7; 3; 1728; INTERNAL; 3; 6; 3; 1310
INTERNAL; 3; 6; 3; 1310; INTERNAL; 2; 5; 3; 2756
INTERNAL; 8; 9; 1; 1553; INTERNAL; 7; 8; 1; 292
INTERNAL; 7; 8; 1; 292; INTERNAL; 6; 7; 1; 1729
INTERNAL; 6; 7; 1; 1729; INTERNAL; 4; 6; 2; 309
INTERNAL; 6; 7; 1; 1729; INTERNAL; 5; 6; 1; 308
INTERNAL; 7; 8; 1; 292; INTERNAL; 6; 7; 1; 2582
INTERNAL; 6; 7; 1; 2582; INTERNAL; 5; 6; 1; 2276
INTERNAL; 5; 6; 1; 2276; INTERNAL; 3; 5; 2; 1160
INTERNAL; 3; 5; 2; 1160; INTERNAL; 2; 4; 2; 657
INTERNAL; 6; 7; 1; 2582; INTERNAL; 4; 6; 2; 1730
INTERNAL; 6; 7; 1; 2582; INTERNAL; 3; 5; 2; 2539
INTERNAL; 6; 7; 1; 2582; INTERNAL; 5; 6; 1; 1610
INTERNAL; 5; 6; 1; 1610; INTERNAL; 4; 5; 1; 310
INTERNAL; 9; 10; 1; 2663; INTERNAL; 8; 9; 1; 341
INTERNAL; 11; 11; 0; 1931; INTERNAL; 9; 10; 1; 961
INTERNAL; 9; 10; 1; 961; INTERNAL; 6; 9; 3; 1778
INTERNAL; 6; 9; 3; 1778; INTERNAL; 3; 7; 4; 639
INTERNAL; 6; 9; 3; 1778; INTERNAL; 3; 8; 5; 1779
INTERNAL; 6; 9; 3; 1778; INTERNAL; 3; 5; 2; 2695
INTERNAL; 6; 9; 3; 1778; INTERNAL; 5; 8; 3; 1780
INTERNAL; 5; 8; 3; 1780; INTERNAL; 3; 7; 4; 1781
INTERNAL; 3; 7; 4; 1781; INTERNAL; 2; 4; 2; 1026
INTERNAL; 5; 8; 3; 1780; INTERNAL; 3; 7; 4; 1190
INTERNAL; 3; 7; 4; 1190; INTERNAL; 2; 4; 2; 1674
INTERNAL; 5; 8; 3; 1780; INTERNAL; 3; 7; 4; 1898
INTERNAL; 3; 7; 4; 1898; INTERNAL; 2; 4; 2; 611
INTERNAL; 5; 8; 3; 1780; INTERNAL; 3; 7; 4; 1768
INTERNAL; 9; 10; 1; 961; INTERNAL; 8; 9; 1; 1777
INTERNAL; 9; 10; 1; 961; INTERNAL; 8; 9; 1; 1917
INTERNAL; 8; 9; 1; 1917; INTERNAL; 7; 8; 1; 1429
INTERNAL; 7; 8; 1; 1429; INTERNAL; 6; 7; 1; 312
INTERNAL; 7; 8; 1; 1429; INTERNAL; 6; 7; 1; 1963
INTERNAL; 6; 7; 1; 1963; INTERNAL; 3; 6; 3; 1511
INTERNAL; 6; 7; 1; 1963; INTERNAL; 5; 6; 1; 1607
INTERNAL; 7; 8; 1; 1429; INTERNAL; 4; 7; 3; 490
INTERNAL; 4; 7; 3; 490; INTERNAL; 3; 6; 3; 967
INTERNAL; 8; 9; 1; 1917; INTERNAL; 7; 8; 1; 1306
INTERNAL; 7; 8; 1; 1306; INTERNAL; 5; 7; 2; 1618
INTERNAL; 5; 7; 2; 1618; INTERNAL; 4; 6; 2; 741
INTERNAL; 7; 8; 1; 1306; INTERNAL; 4; 7; 3; 332
INTERNAL; 4; 7; 3; 332; INTERNAL; 3; 6; 3; 772
INTERNAL; 3; 6; 3; 772; INTERNAL; 2; 5; 3; 652
INTERNAL; 7; 8; 1; 1306; INTERNAL; 6; 7; 1; 330
INTERNAL; 6; 7; 1; 330; INTERNAL; 4; 4; 0; 1808
INTERNAL; 4; 4; 0; 1808; INTERNAL; 3; 3; 0; 318
INTERNAL; 4; 4; 0; 1808; INTERNAL; 2; 3; 1; 1690
INTERNAL; 8; 9; 1; 1917; INTERNAL; 7; 8; 1; 1694
INTERNAL; 7; 8; 1; 1694; INTERNAL; 6; 7; 1; 1281
INTERNAL; 7; 8; 1; 1694; INTERNAL; 5; 7; 2; 1283
INTERNAL; 7; 8; 1; 1694; INTERNAL; 5; 7; 2; 314
INTERNAL; 11; 11; 0; 1931; INTERNAL; 10; 10; 0; 1654
INTERNAL; 10; 10; 0; 1654; INTERNAL; 8; 9; 1; 298
INTERNAL; 10; 10; 0; 1654; INTERNAL; 9; 9; 0; 393
INTERNAL; 9; 9; 0; 393; INTERNAL; 8; 8; 0; 2375
INTERNAL; 8; 8; 0; 2375; INTERNAL; 5; 7; 2; 1124
INTERNAL; 8; 8; 0; 2375; INTERNAL; 6; 7; 1; 1362
INTERNAL; 8; 8; 0; 2375; INTERNAL; 7; 7; 0; 921
INTERNAL; 7; 7; 0; 921; INTERNAL; 6; 6; 0; 1437
INTERNAL; 6; 6; 0; 1437; INTERNAL; 5; 5; 0; 426
INTERNAL; 7; 7; 0; 921; INTERNAL; 3; 6; 3; 389
INTERNAL; 9; 9; 0; 393; INTERNAL; 7; 8; 1; 1474
INTERNAL; 7; 8; 1; 1474; INTERNAL; 5; 7; 2; 827
INTERNAL; 5; 7; 2; 827; INTERNAL; 4; 5; 1; 615
INTERNAL; 4; 5; 1; 615; INTERNAL; 3; 4; 1; 630
INTERNAL; 7; 8; 1; 1474; INTERNAL; 6; 7; 1; 801
INTERNAL; 6; 7; 1; 801; INTERNAL; 4; 6; 2; 370
INTERNAL; 6; 7; 1; 801; INTERNAL; 3; 5; 2; 1203
INTERNAL; 3; 5; 2; 1203; INTERNAL; 2; 4; 2; 367
INTERNAL; 7; 8; 1; 1474; INTERNAL; 5; 7; 2; 922
INTERNAL; 5; 7; 2; 922; INTERNAL; 4; 6; 2; 366
INTERNAL; 4; 6; 2; 366; INTERNAL; 2; 5; 3; 995
INTERNAL; 4; 6; 2; 366; INTERNAL; 3; 5; 2; 361
INTERNAL; 4; 6; 2; 366; INTERNAL; 3; 5; 2; 494
INTERNAL; 3; 5; 2; 494; INTERNAL; 2; 4; 2; 684
INTERNAL; 7; 8; 1; 1474; INTERNAL; 6; 7; 1; 834
INTERNAL; 6; 7; 1; 834; INTERNAL; 4; 4; 0; 1638
INTERNAL; 4; 4; 0; 1638; INTERNAL; 3; 3; 0; 528
INTERNAL; 6; 7; 1; 834; INTERNAL; 3; 5; 2; 474
INTERNAL; 6; 7; 1; 834; INTERNAL; 5; 6; 1; 826
INTERNAL; 5; 6; 1; 826; INTERNAL; 4; 5; 1; 1003
INTERNAL; 4; 5; 1; 1003; INTERNAL; 3; 3; 0; 851
INTERNAL; 9; 9; 0; 393; INTERNAL; 6; 8; 2; 392
INTERNAL; 6; 8; 2; 392; INTERNAL; 5; 7; 2; 353
INTERNAL; 5; 7; 2; 353; INTERNAL; 3; 6; 3; 350
INTERNAL; 5; 7; 2; 353; INTERNAL; 4; 6; 2; 621
INTERNAL; 4; 6; 2; 621; INTERNAL; 3; 5; 2; 1128
INTERNAL; 5; 7; 2; 353; INTERNAL; 3; 6; 3; 1388
INTERNAL; 6; 8; 2; 392; INTERNAL; 4; 7; 3; 1948
INTERNAL; 4; 7; 3; 1948; INTERNAL; 3; 5; 2; 2608
INTERNAL; 3; 5; 2; 2608; INTERNAL; 2; 4; 2; 762
INTERNAL; 6; 8; 2; 392; INTERNAL; 3; 6; 3; 1386
INTERNAL; 10; 10; 0; 1654; INTERNAL; 8; 9; 1; 1707
INTERNAL; 8; 9; 1; 1707; INTERNAL; 7; 8; 1; 346
INTERNAL; 7; 8; 1; 346; INTERNAL; 6; 7; 1; 2389
INTERNAL; 6; 7; 1; 2389; INTERNAL; 3; 6; 3; 1798
INTERNAL; 7; 8; 1; 346; INTERNAL; 5; 7; 2; 2804
INTERNAL; 7; 8; 1; 346; INTERNAL; 5; 7; 2; 339
INTERNAL; 7; 8; 1; 346; INTERNAL; 5; 7; 2; 606
INTERNAL; 8; 9; 1; 1707; INTERNAL; 7; 8; 1; 404
INTERNAL; 7; 8; 1; 404; INTERNAL; 5; 7; 2; 564
INTERNAL; 5; 7; 2; 564; INTERNAL; 3; 6; 3; 1497
INTERNAL; 3; 6; 3; 1497; INTERNAL; 2; 4; 2; 2159
INTERNAL; 7; 8; 1; 404; INTERNAL; 6; 7; 1; 1282
INTERNAL; 6; 7; 1; 1282; INTERNAL; 4; 6; 2; 919
INTERNAL; 4; 6; 2; 919; INTERNAL; 3; 5; 2; 1536
INTERNAL; 6; 7; 1; 1282; INTERNAL; 5; 6; 1; 1688
INTERNAL; 6; 7; 1; 1282; INTERNAL; 4; 6; 2; 1061
INTERNAL; 7; 8; 1; 404; INTERNAL; 5; 7; 2; 342
INTERNAL; 8; 9; 1; 1707; INTERNAL; 6; 8; 2; 343
INTERNAL; 6; 8; 2; 343; INTERNAL; 5; 7; 2; 1554
INTERNAL; 5; 7; 2; 1554; INTERNAL; 4; 6; 2; 333
INTERNAL; 4; 6; 2; 333; INTERNAL; 3; 5; 2; 1565
INTERNAL; 4; 6; 2; 333; INTERNAL; 3; 5; 2; 1044
INTERNAL; 5; 7; 2; 1554; INTERNAL; 3; 6; 3; 545
INTERNAL; 5; 7; 2; 1554; INTERNAL; 4; 6; 2; 937
INTERNAL; 6; 8; 2; 343; INTERNAL; 4; 7; 3; 2204
INTERNAL; 6; 8; 2; 343; INTERNAL; 5; 7; 2; 1464
INTERNAL; 5; 7; 2; 1464; INTERNAL; 3; 6; 3; 334
INTERNAL; 12; 14; 2; 1982; INTERNAL; 11; 11; 0; 1571
INTERNAL; 11; 11; 0; 1571; INTERNAL; 9; 10; 1; 2561
INTERNAL; 11; 11; 0; 1571; INTERNAL; 10; 10; 0; 1933
INTERNAL; 10; 10; 0; 1933; INTERNAL; 8; 9; 1; 1562
INTERNAL; 10; 10; 0; 1933; INTERNAL; 9; 9; 0; 1051
INTERNAL; 10; 10; 0; 1933; INTERNAL; 8; 9; 1; 1878
INTERNAL; 11; 11; 0; 1571; INTERNAL; 9; 10; 1; 1934
INTERNAL; 12; 14; 2; 1982; INTERNAL; 11; 11; 0; 1932
INTERNAL; 11; 11; 0; 1932; INTERNAL; 8; 10; 2; 2290
INTERNAL; 8; 10; 2; 2290; INTERNAL; 6; 9; 3; 1974
INTERNAL; 6; 9; 3; 1974; INTERNAL; 5; 8; 3; 2348
INTERNAL; 5; 8; 3; 2348; INTERNAL; 4; 7; 3; 1487
INTERNAL; 4; 7; 3; 1487; INTERNAL; 2; 5; 3; 769
INTERNAL; 5; 8; 3; 2348; INTERNAL; 4; 6; 2; 604
INTERNAL; 5; 8; 3; 2348; INTERNAL; 2; 5; 3; 1804
INTERNAL; 6; 9; 3; 1974; INTERNAL; 4; 6; 2; 671
INTERNAL; 4; 6; 2; 671; INTERNAL; 3; 5; 2; 582
INTERNAL; 3; 5; 2; 582; INTERNAL; 2; 3; 1; 2614
INTERNAL; 6; 9; 3; 1974; INTERNAL; 2; 6; 4; 2381
INTERNAL; 6; 9; 3; 1974; INTERNAL; 5; 8; 3; 2436
INTERNAL; 5; 8; 3; 2436; INTERNAL; 4; 5; 1; 1041
INTERNAL; 5; 8; 3; 2436; INTERNAL; 3; 7; 4; 1815
INTERNAL; 5; 8; 3; 2436; INTERNAL; 2; 7; 5; 540
INTERNAL; 8; 10; 2; 2290; INTERNAL; 7; 9; 2; 1973
INTERNAL; 7; 9; 2; 1973; INTERNAL; 3; 7; 4; 1828
INTERNAL; 7; 9; 2; 1973; INTERNAL; 3; 8; 5; 1462
INTERNAL; 3; 8; 5; 1462; INTERNAL; 2; 5; 3; 1664
INTERNAL; 7; 9; 2; 1973; INTERNAL; 5; 8; 3; 1824
INTERNAL; 5; 8; 3; 1824; INTERNAL; 4; 6; 2; 1672
INTERNAL; 4; 6; 2; 1672; INTERNAL; 2; 4; 2; 2711
INTERNAL; 5; 8; 3; 1824; INTERNAL; 3; 4; 1; 1661
INTERNAL; 5; 8; 3; 1824; INTERNAL; 3; 6; 3; 1470
INTERNAL; 7; 9; 2; 1973; INTERNAL; 4; 8; 4; 1822
INTERNAL; 4; 8; 4; 1822; INTERNAL; 3; 7; 4; 1843
INTERNAL; 4; 8; 4; 1822; INTERNAL; 3; 7; 4; 1995
INTERNAL; 3; 7; 4; 1995; INTERNAL; 2; 4; 2; 1214
INTERNAL; 4; 8; 4; 1822; INTERNAL; 3; 7; 4; 2545
INTERNAL; 7; 9; 2; 1973; INTERNAL; 6; 8; 2; 607
INTERNAL; 6; 8; 2; 607; INTERNAL; 4; 6; 2; 1833
INTERNAL; 4; 6; 2; 1833; INTERNAL; 3; 5; 2; 777
INTERNAL; 6; 8; 2; 607; INTERNAL; 3; 7; 4; 1830
INTERNAL; 3; 7; 4; 1830; INTERNAL; 2; 6; 4; 1838
INTERNAL; 6; 8; 2; 607; INTERNAL; 3; 6; 3; 383
INTERNAL; 6; 8; 2; 607; INTERNAL; 5; 7; 2; 1837
INTERNAL; 5; 7; 2; 1837; INTERNAL; 4; 6; 2; 1267
INTERNAL; 4; 6; 2; 1267; INTERNAL; 3; 4; 1; 1156
INTERNAL; 5; 7; 2; 1837; INTERNAL; 3; 6; 3; 1192
INTERNAL; 5; 7; 2; 1837; INTERNAL; 3; 6; 3; 1708
INTERNAL; 5; 7; 2; 1837; INTERNAL; 3; 6; 3; 1883
INTERNAL; 5; 7; 2; 1837; INTERNAL; 3; 5; 2; 1686
INTERNAL; 3; 5; 2; 1686; INTERNAL; 2; 3; 1; 924
INTERNAL; 5; 7; 2; 1837; INTERNAL; 2; 6; 4; 421
INTERNAL; 8; 10; 2; 2290; INTERNAL; 6; 9; 3; 1844
INTERNAL; 6; 9; 3; 1844; INTERNAL; 3; 8; 5; 1853
INTERNAL; 3; 8; 5; 1853; INTERNAL; 2; 5; 3; 1423
INTERNAL; 3; 8; 5; 1853; INTERNAL; 2; 6; 4; 1741
INTERNAL; 6; 9; 3; 1844; INTERNAL; 4; 8; 4; 1979
INTERNAL; 4; 8; 4; 1979; INTERNAL; 3; 6; 3; 1875
INTERNAL; 3; 6; 3; 1875; INTERNAL; 2; 5; 3; 2446
INTERNAL; 4; 8; 4; 1979; INTERNAL; 3; 6; 3; 2557
INTERNAL; 4; 8; 4; 1979; INTERNAL; 3; 5; 2; 785
INTERNAL; 4; 8; 4; 1979; INTERNAL; 3; 6; 3; 1856
INTERNAL; 4; 8; 4; 1979; INTERNAL; 3; 5; 2; 1081
INTERNAL; 6; 9; 3; 1844; INTERNAL; 3; 6; 3; 1308
INTERNAL; 3; 6; 3; 1308; INTERNAL; 2; 5; 3; 1016
INTERNAL; 6; 9; 3; 1844; INTERNAL; 4; 8; 4; 605
INTERNAL; 4; 8; 4; 605; INTERNAL; 3; 6; 3; 867
INTERNAL; 4; 8; 4; 605; INTERNAL; 3; 6; 3; 2390
INTERNAL; 3; 6; 3; 2390; INTERNAL; 2; 5; 3; 1155
INTERNAL; 4; 8; 4; 605; INTERNAL; 3; 6; 3; 1410
INTERNAL; 6; 9; 3; 1844; INTERNAL; 5; 7; 2; 1861
INTERNAL; 5; 7; 2; 1861; INTERNAL; 4; 5; 1; 736
INTERNAL; 5; 7; 2; 1861; INTERNAL; 3; 6; 3; 848
INTERNAL; 3; 6; 3; 848; INTERNAL; 2; 4; 2; 986
INTERNAL; 11; 11; 0; 1932; INTERNAL; 10; 10; 0; 1972
INTERNAL; 11; 11; 0; 1932; INTERNAL; 10; 10; 0; 1971
INTERNAL; 10; 10; 0; 1971; INTERNAL; 7; 9; 2; 1792
INTERNAL; 7; 9; 2; 1792; INTERNAL; 6; 8; 2; 1852
INTERNAL; 6; 8; 2; 1852; INTERNAL; 5; 7; 2; 1854
INTERNAL; 6; 8; 2; 1852; INTERNAL; 3; 6; 3; 1404
INTERNAL; 6; 8; 2; 1852; INTERNAL; 3; 7; 4; 968
INTERNAL; 3; 7; 4; 968; INTERNAL; 2; 6; 4; 565
INTERNAL; 6; 8; 2; 1852; INTERNAL; 4; 6; 2; 1232
INTERNAL; 4; 6; 2; 1232; INTERNAL; 3; 4; 1; 1699
INTERNAL; 4; 6; 2; 1232; INTERNAL; 2; 5; 3; 2624
INTERNAL; 6; 8; 2; 1852; INTERNAL; 4; 7; 3; 1855
INTERNAL; 7; 9; 2; 1792; INTERNAL; 6; 8; 2; 1850
INTERNAL; 6; 8; 2; 1850; INTERNAL; 2; 7; 5; 1007
INTERNAL; 7; 9; 2; 1792; INTERNAL; 4; 7; 3; 2492
INTERNAL; 7; 9; 2; 1792; INTERNAL; 4; 7; 3; 1496
INTERNAL; 10; 10; 0; 1971; INTERNAL; 7; 9; 2; 594
INTERNAL; 7; 9; 2; 594; INTERNAL; 6; 8; 2; 1826
INTERNAL; 6; 8; 2; 1826; INTERNAL; 5; 7; 2; 1829
INTERNAL; 5; 7; 2; 1829; INTERNAL; 4; 6; 2; 1832
INTERNAL; 4; 6; 2; 1832; INTERNAL; 3; 5; 2; 348
INTERNAL; 10; 10; 0; 1971; INTERNAL; 9; 9; 0; 1791
INTERNAL; 9; 9; 0; 1791; INTERNAL; 8; 8; 0; 1796
INTERNAL; 8; 8; 0; 1796; INTERNAL; 7; 7; 0; 520
INTERNAL; 7; 7; 0; 520; INTERNAL; 6; 6; 0; 1803
INTERNAL; 6; 6; 0; 1803; INTERNAL; 5; 5; 0; 1805
INTERNAL; 5; 5; 0; 1805; INTERNAL; 3; 4; 1; 1807
INTERNAL; 5; 5; 0; 1805; INTERNAL; 2; 4; 2; 1810
INTERNAL; 8; 8; 0; 1796; INTERNAL; 3; 6; 3; 1797
INTERNAL; 9; 9; 0; 1791; INTERNAL; 5; 7; 2; 1793
INTERNAL; 5; 7; 2; 1793; INTERNAL; 4; 6; 2; 1223
INTERNAL; 5; 7; 2; 1793; INTERNAL; 3; 6; 3; 1818
INTERNAL; 3; 6; 3; 1818; INTERNAL; 2; 5; 3; 1820
INTERNAL; 5; 7; 2; 1793; INTERNAL; 4; 6; 2; 849
INTERNAL; 4; 6; 2; 849; INTERNAL; 3; 5; 2; 1819
INTERNAL; 3; 5; 2; 1819; INTERNAL; 2; 4; 2; 1494
INTERNAL; 5; 7; 2; 1793; INTERNAL; 2; 5; 3; 882
INTERNAL; 9; 9; 0; 1791; INTERNAL; 4; 8; 4; 1519
INTERNAL; 4; 8; 4; 1519; INTERNAL; 3; 6; 3; 2664
INTERNAL; 9; 9; 0; 1791; INTERNAL; 6; 8; 2; 1794
INTERNAL; 6; 8; 2; 1794; INTERNAL; 4; 7; 3; 1812
INTERNAL; 6; 8; 2; 1794; INTERNAL; 5; 7; 2; 1811
INTERNAL; 5; 7; 2; 1811; INTERNAL; 4; 6; 2; 641
INTERNAL; 13; 15; 2; 2005; INTERNAL; 12; 14; 2; 1025
INTERNAL; 12; 14; 2; 1025; INTERNAL; 11; 13; 2; 1150
INTERNAL; 11; 13; 2; 1150; INTERNAL; 8; 12; 4; 1989
INTERNAL; 11; 13; 2; 1150; INTERNAL; 10; 12; 2; 585
INTERNAL; 12; 14; 2; 1025; INTERNAL; 11; 13; 2; 1986
INTERNAL; 12; 14; 2; 1025; INTERNAL; 10; 13; 3; 1988
INTERNAL; 13; 15; 2; 2005; INTERNAL; 11; 14; 3; 1985
INTERNAL; 14; 17; 3; 756; INTERNAL; 13; 15; 2; 1415
INTERNAL; 13; 15; 2; 1415; INTERNAL; 11; 14; 3; 2009
INTERNAL; 13; 15; 2; 1415; INTERNAL; 11; 14; 3; 2515
INTERNAL; 13; 15; 2; 1415; INTERNAL; 12; 14; 2; 2403
INTERNAL; 18; 19; 1; 1042; INTERNAL; 13; 18; 5; 1113
INTERNAL; 18; 19; 1; 1042; INTERNAL; 12; 18; 6; 559
INTERNAL; 18; 19; 1; 1042; INTERNAL; 17; 17; 0; 812
INTERNAL; 17; 17; 0; 812; INTERNAL; 16; 16; 0; 1549
INTERNAL; 16; 16; 0; 1549; INTERNAL; 13; 15; 2; 542
INTERNAL; 16; 16; 0; 1549; INTERNAL; 15; 15; 0; 2494
INTERNAL; 15; 15; 0; 2494; INTERNAL; 14; 14; 0; 398
INTERNAL; 14; 14; 0; 398; INTERNAL; 8; 13; 5; 1980
INTERNAL; 8; 13; 5; 1980; INTERNAL; 7; 12; 5; 1981
INTERNAL; 7; 12; 5; 1981; INTERNAL; 6; 11; 5; 820
INTERNAL; 8; 13; 5; 1980; INTERNAL; 6; 12; 6; 881
INTERNAL; 14; 14; 0; 398; INTERNAL; 13; 13; 0; 1679
INTERNAL; 13; 13; 0; 1679; INTERNAL; 12; 12; 0; 396
INTERNAL; 12; 12; 0; 396; INTERNAL; 11; 11; 0; 644
INTERNAL; 11; 11; 0; 644; INTERNAL; 8; 10; 2; 1789
INTERNAL; 8; 10; 2; 1789; INTERNAL; 7; 9; 2; 1862
INTERNAL; 7; 9; 2; 1862; INTERNAL; 5; 8; 3; 2103
INTERNAL; 5; 8; 3; 2103; INTERNAL; 3; 7; 4; 329
INTERNAL; 7; 9; 2; 1862; INTERNAL; 4; 8; 4; 1876
INTERNAL; 7; 9; 2; 1862; INTERNAL; 6; 8; 2; 1879
INTERNAL; 6; 8; 2; 1879; INTERNAL; 5; 7; 2; 1880
INTERNAL; 5; 7; 2; 1880; INTERNAL; 4; 6; 2; 1544
INTERNAL; 8; 10; 2; 1789; INTERNAL; 7; 9; 2; 1863
INTERNAL; 7; 9; 2; 1863; INTERNAL; 5; 8; 3; 1889
INTERNAL; 5; 8; 3; 1889; INTERNAL; 4; 7; 3; 1407
INTERNAL; 4; 7; 3; 1407; INTERNAL; 3; 6; 3; 1894
INTERNAL; 3; 6; 3; 1894; INTERNAL; 2; 3; 1; 416
INTERNAL; 5; 8; 3; 1889; INTERNAL; 3; 7; 4; 1882
INTERNAL; 7; 9; 2; 1863; INTERNAL; 6; 8; 2; 1890
INTERNAL; 6; 8; 2; 1890; INTERNAL; 4; 7; 3; 1892
INTERNAL; 7; 9; 2; 1863; INTERNAL; 6; 8; 2; 1884
INTERNAL; 8; 10; 2; 1789; INTERNAL; 7; 9; 2; 2358
INTERNAL; 7; 9; 2; 2358; INTERNAL; 5; 8; 3; 1866
INTERNAL; 7; 9; 2; 2358; INTERNAL; 5; 8; 3; 1865
INTERNAL; 7; 9; 2; 2358; INTERNAL; 6; 8; 2; 1868
INTERNAL; 6; 8; 2; 1868; INTERNAL; 5; 7; 2; 1870
INTERNAL; 5; 7; 2; 1870; INTERNAL; 4; 6; 2; 1873
INTERNAL; 6; 8; 2; 1868; INTERNAL; 4; 7; 3; 1872
INTERNAL; 11; 11; 0; 644; INTERNAL; 10; 10; 0; 1788
INTERNAL; 12; 12; 0; 396; INTERNAL; 10; 11; 1; 2075
INTERNAL; 10; 11; 1; 2075; INTERNAL; 9; 10; 1; 1895
INTERNAL; 10; 11; 1; 2075; INTERNAL; 7; 10; 3; 624
INTERNAL; 7; 10; 3; 624; INTERNAL; 5; 9; 4; 2486
INTERNAL; 5; 9; 4; 2486; INTERNAL; 3; 8; 5; 1911
INTERNAL; 5; 9; 4; 2486; INTERNAL; 4; 8; 4; 1916
INTERNAL; 4; 8; 4; 1916; INTERNAL; 2; 7; 5; 1920
INTERNAL; 5; 9; 4; 2486; INTERNAL; 4; 8; 4; 1918
INTERNAL; 4; 8; 4; 1918; INTERNAL; 3; 6; 3; 506
INTERNAL; 3; 6; 3; 506; INTERNAL; 2; 5; 3; 1399
INTERNAL; 5; 9; 4; 2486; INTERNAL; 3; 8; 5; 1368
INTERNAL; 7; 10; 3; 624; INTERNAL; 5; 9; 4; 1897
INTERNAL; 7; 10; 3; 624; INTERNAL; 6; 9; 3; 1659
INTERNAL; 6; 9; 3; 1659; INTERNAL; 3; 8; 5; 1904
INTERNAL; 6; 9; 3; 1659; INTERNAL; 4; 8; 4; 1906
INTERNAL; 4; 8; 4; 1906; INTERNAL; 3; 7; 4; 1910
INTERNAL; 4; 8; 4; 1906; INTERNAL; 3; 7; 4; 1909
INTERNAL; 6; 9; 3; 1659; INTERNAL; 5; 8; 3; 1908
INTERNAL; 10; 11; 1; 2075; INTERNAL; 8; 10; 2; 1453
INTERNAL; 12; 12; 0; 396; INTERNAL; 11; 11; 0; 395
INTERNAL; 13; 13; 0; 1679; INTERNAL; 11; 12; 1; 1048
INTERNAL; 11; 12; 1; 1048; INTERNAL; 10; 11; 1; 448
INTERNAL; 11; 12; 1; 1048; INTERNAL; 9; 11; 2; 824
INTERNAL; 9; 11; 2; 824; INTERNAL; 8; 10; 2; 2317
INTERNAL; 11; 12; 1; 1048; INTERNAL; 7; 11; 4; 1924
INTERNAL; 7; 11; 4; 1924; INTERNAL; 6; 10; 4; 1926
INTERNAL; 6; 10; 4; 1926; INTERNAL; 5; 9; 4; 462
INTERNAL; 7; 11; 4; 1924; INTERNAL; 5; 10; 5; 1233
INTERNAL; 5; 10; 5; 1233; INTERNAL; 4; 7; 3; 1928
INTERNAL; 5; 10; 5; 1233; INTERNAL; 3; 6; 3; 683
INTERNAL; 5; 10; 5; 1233; INTERNAL; 3; 9; 6; 1927
INTERNAL; 7; 11; 4; 1924; INTERNAL; 5; 10; 5; 1510
INTERNAL; 13; 13; 0; 1679; INTERNAL; 9; 12; 3; 514
INTERNAL; 15; 15; 0; 2494; INTERNAL; 14; 14; 0; 400
INTERNAL; 14; 14; 0; 400; INTERNAL; 13; 13; 0; 1067
INTERNAL; 14; 14; 0; 400; INTERNAL; 13; 13; 0; 610
INTERNAL; 13; 13; 0; 610; INTERNAL; 12; 12; 0; 1930
INTERNAL; 13; 13; 0; 610; INTERNAL; 12; 12; 0; 1929
INTERNAL; 13; 13; 0; 610; INTERNAL; 11; 12; 1; 743
INTERNAL; 16; 16; 0; 1549; INTERNAL; 14; 15; 1; 1230
INTERNAL; 16; 16; 0; 1549; INTERNAL; 13; 15; 2; 402
INTERNAL; 17; 17; 0; 812; INTERNAL; 14; 16; 2; 2306
INTERNAL; 21; 22; 1; 2586; INTERNAL; 20; 21; 1; 27
INTERNAL; 20; 21; 1; 27; INTERNAL; 19; 19; 0; 1193
INTERNAL; 19; 19; 0; 1193; INTERNAL; 18; 18; 0; 1739
INTERNAL; 20; 21; 1; 27; INTERNAL; 19; 20; 1; 1204
INTERNAL; 20; 21; 1; 27; INTERNAL; 16; 20; 4; 2132
INTERNAL; 16; 20; 4; 2132; INTERNAL; 14; 17; 3; 2484
INTERNAL; 14; 17; 3; 2484; INTERNAL; 13; 16; 3; 2705
INTERNAL; 13; 16; 3; 2705; INTERNAL; 12; 15; 3; 2778
INTERNAL; 12; 15; 3; 2778; INTERNAL; 11; 14; 3; 2781
INTERNAL; 11; 14; 3; 2781; INTERNAL; 10; 13; 3; 1459
INTERNAL; 10; 13; 3; 1459; INTERNAL; 9; 11; 2; 340
INTERNAL; 9; 11; 2; 340; INTERNAL; 8; 10; 2; 2569
INTERNAL; 8; 10; 2; 2569; INTERNAL; 5; 9; 4; 1130
INTERNAL; 5; 9; 4; 1130; INTERNAL; 4; 5; 1; 1270
INTERNAL; 5; 9; 4; 1130; INTERNAL; 3; 6; 3; 892
INTERNAL; 3; 6; 3; 892; INTERNAL; 2; 3; 1; 1183
INTERNAL; 8; 10; 2; 2569; INTERNAL; 3; 8; 5; 894
INTERNAL; 8; 10; 2; 2569; INTERNAL; 7; 9; 2; 300
INTERNAL; 7; 9; 2; 300; INTERNAL; 5; 8; 3; 1516
INTERNAL; 5; 8; 3; 1516; INTERNAL; 3; 7; 4; 2578
INTERNAL; 3; 7; 4; 2578; INTERNAL; 2; 5; 3; 2230
INTERNAL; 5; 8; 3; 1516; INTERNAL; 4; 6; 2; 642
INTERNAL; 4; 6; 2; 642; INTERNAL; 3; 4; 1; 1582
INTERNAL; 7; 9; 2; 300; INTERNAL; 3; 8; 5; 2571
INTERNAL; 3; 8; 5; 2571; INTERNAL; 2; 6; 4; 2385
INTERNAL; 7; 9; 2; 300; INTERNAL; 4; 8; 4; 2531
INTERNAL; 4; 8; 4; 2531; INTERNAL; 3; 5; 2; 732
INTERNAL; 3; 5; 2; 732; INTERNAL; 2; 4; 2; 649
INTERNAL; 7; 9; 2; 300; INTERNAL; 6; 8; 2; 1767
INTERNAL; 6; 8; 2; 1767; INTERNAL; 5; 7; 2; 2596
INTERNAL; 5; 7; 2; 2596; INTERNAL; 3; 5; 2; 593
INTERNAL; 5; 7; 2; 2596; INTERNAL; 4; 6; 2; 2351
INTERNAL; 5; 7; 2; 2596; INTERNAL; 3; 6; 3; 2217
INTERNAL; 6; 8; 2; 1767; INTERNAL; 3; 7; 4; 2063
INTERNAL; 6; 8; 2; 1767; INTERNAL; 3; 5; 2; 733
INTERNAL; 3; 5; 2; 733; INTERNAL; 2; 4; 2; 1009
INTERNAL; 6; 8; 2; 1767; INTERNAL; 3; 7; 4; 2572
INTERNAL; 3; 7; 4; 2572; INTERNAL; 2; 5; 3; 990
INTERNAL; 8; 10; 2; 2569; INTERNAL; 6; 9; 3; 2570
INTERNAL; 6; 9; 3; 2570; INTERNAL; 3; 8; 5; 1614
INTERNAL; 3; 8; 5; 1614; INTERNAL; 2; 5; 3; 549
INTERNAL; 6; 9; 3; 2570; INTERNAL; 5; 8; 3; 2581
INTERNAL; 5; 8; 3; 2581; INTERNAL; 2; 7; 5; 2465
INTERNAL; 5; 8; 3; 2581; INTERNAL; 3; 7; 4; 2512
INTERNAL; 6; 9; 3; 2570; INTERNAL; 2; 8; 6; 1062
INTERNAL; 6; 9; 3; 2570; INTERNAL; 3; 8; 5; 1127
INTERNAL; 3; 8; 5; 1127; INTERNAL; 2; 4; 2; 580
INTERNAL; 6; 9; 3; 2570; INTERNAL; 3; 8; 5; 1171
INTERNAL; 3; 8; 5; 1171; INTERNAL; 2; 5; 3; 1394
INTERNAL; 9; 11; 2; 340; INTERNAL; 7; 10; 3; 1185
INTERNAL; 7; 10; 3; 1185; INTERNAL; 5; 9; 4; 2594
INTERNAL; 5; 9; 4; 2594; INTERNAL; 3; 5; 2; 808
INTERNAL; 5; 9; 4; 2594; INTERNAL; 3; 6; 3; 853
INTERNAL; 5; 9; 4; 2594; INTERNAL; 4; 8; 4; 2600
INTERNAL; 7; 10; 3; 1185; INTERNAL; 4; 8; 4; 1888
INTERNAL; 4; 8; 4; 1888; INTERNAL; 3; 7; 4; 2295
INTERNAL; 7; 10; 3; 1185; INTERNAL; 6; 9; 3; 2597
INTERNAL; 6; 9; 3; 2597; INTERNAL; 3; 7; 4; 427
INTERNAL; 6; 9; 3; 2597; INTERNAL; 3; 7; 4; 660
INTERNAL; 3; 7; 4; 660; INTERNAL; 2; 4; 2; 1264
INTERNAL; 6; 9; 3; 2597; INTERNAL; 5; 8; 3; 2599
INTERNAL; 5; 8; 3; 2599; INTERNAL; 3; 5; 2; 1164
INTERNAL; 5; 8; 3; 2599; INTERNAL; 3; 7; 4; 357
INTERNAL; 3; 7; 4; 357; INTERNAL; 2; 4; 2; 686
INTERNAL; 5; 8; 3; 2599; INTERNAL; 4; 6; 2; 1273
INTERNAL; 5; 8; 3; 2599; INTERNAL; 4; 7; 3; 1994
INTERNAL; 7; 10; 3; 1185; INTERNAL; 5; 9; 4; 2592
INTERNAL; 5; 9; 4; 2592; INTERNAL; 3; 5; 2; 1655
INTERNAL; 5; 9; 4; 2592; INTERNAL; 3; 7; 4; 2123
INTERNAL; 5; 9; 4; 2592; INTERNAL; 4; 8; 4; 1590
INTERNAL; 4; 8; 4; 1590; INTERNAL; 2; 7; 5; 905
INTERNAL; 5; 9; 4; 2592; INTERNAL; 2; 7; 5; 535
INTERNAL; 9; 11; 2; 340; INTERNAL; 7; 10; 3; 1398
INTERNAL; 7; 10; 3; 1398; INTERNAL; 4; 6; 2; 577
INTERNAL; 7; 10; 3; 1398; INTERNAL; 6; 9; 3; 2584
INTERNAL; 6; 9; 3; 2584; INTERNAL; 5; 8; 3; 2590
INTERNAL; 5; 8; 3; 2590; INTERNAL; 4; 6; 2; 2082
INTERNAL; 5; 8; 3; 2590; INTERNAL; 3; 6; 3; 783
INTERNAL; 3; 6; 3; 783; INTERNAL; 2; 4; 2; 884
INTERNAL; 6; 9; 3; 2584; INTERNAL; 2; 8; 6; 2588
INTERNAL; 6; 9; 3; 2584; INTERNAL; 3; 8; 5; 2544
INTERNAL; 3; 8; 5; 2544; INTERNAL; 2; 4; 2; 1384
INTERNAL; 7; 10; 3; 1398; INTERNAL; 3; 7; 4; 2688
INTERNAL; 7; 10; 3; 1398; INTERNAL; 6; 9; 3; 2585
INTERNAL; 6; 9; 3; 2585; INTERNAL; 5; 8; 3; 2587
INTERNAL; 5; 8; 3; 2587; INTERNAL; 4; 7; 3; 2542
INTERNAL; 6; 9; 3; 2585; INTERNAL; 3; 5; 2; 792
INTERNAL; 6; 9; 3; 2585; INTERNAL; 4; 6; 2; 1250
INTERNAL; 6; 9; 3; 2585; INTERNAL; 5; 8; 3; 2012
INTERNAL; 5; 8; 3; 2012; INTERNAL; 4; 7; 3; 2551
INTERNAL; 7; 10; 3; 1398; INTERNAL; 4; 9; 5; 2583
INTERNAL; 4; 9; 5; 2583; INTERNAL; 3; 6; 3; 878
INTERNAL; 10; 13; 3; 1459; INTERNAL; 8; 11; 3; 2622
INTERNAL; 8; 11; 3; 2622; INTERNAL; 5; 10; 5; 2753
INTERNAL; 5; 10; 5; 2753; INTERNAL; 4; 9; 5; 2754
INTERNAL; 4; 9; 5; 2754; INTERNAL; 2; 8; 6; 2027
INTERNAL; 8; 11; 3; 2622; INTERNAL; 7; 10; 3; 1695
INTERNAL; 8; 11; 3; 2622; INTERNAL; 7; 10; 3; 1333
INTERNAL; 7; 10; 3; 1333; INTERNAL; 3; 7; 4; 2550
INTERNAL; 3; 7; 4; 2550; INTERNAL; 2; 3; 1; 965
INTERNAL; 7; 10; 3; 1333; INTERNAL; 6; 9; 3; 1774
INTERNAL; 7; 10; 3; 1333; INTERNAL; 4; 7; 3; 1504
INTERNAL; 10; 13; 3; 1459; INTERNAL; 8; 11; 3; 1529
INTERNAL; 8; 11; 3; 1529; INTERNAL; 6; 10; 4; 2685
INTERNAL; 6; 10; 4; 2685; INTERNAL; 3; 9; 6; 2618
INTERNAL; 6; 10; 4; 2685; INTERNAL; 5; 9; 4; 2475
INTERNAL; 5; 9; 4; 2475; INTERNAL; 4; 7; 3; 596
INTERNAL; 5; 9; 4; 2475; INTERNAL; 4; 6; 2; 2516
INTERNAL; 4; 6; 2; 2516; INTERNAL; 2; 5; 3; 2308
INTERNAL; 5; 9; 4; 2475; INTERNAL; 3; 8; 5; 2388
INTERNAL; 5; 9; 4; 2475; INTERNAL; 4; 7; 3; 2342
INTERNAL; 6; 10; 4; 2685; INTERNAL; 4; 9; 5; 2603
INTERNAL; 4; 9; 5; 2603; INTERNAL; 3; 8; 5; 1338
INTERNAL; 3; 8; 5; 1338; INTERNAL; 2; 4; 2; 1439
INTERNAL; 4; 9; 5; 2603; INTERNAL; 3; 8; 5; 1317
INTERNAL; 3; 8; 5; 1317; INTERNAL; 2; 4; 2; 1430
INTERNAL; 6; 10; 4; 2685; INTERNAL; 5; 9; 4; 766
INTERNAL; 5; 9; 4; 766; INTERNAL; 4; 8; 4; 2576
INTERNAL; 4; 8; 4; 2576; INTERNAL; 3; 7; 4; 2427
INTERNAL; 3; 7; 4; 2427; INTERNAL; 2; 6; 4; 1738
INTERNAL; 4; 8; 4; 2576; INTERNAL; 3; 7; 4; 2412
INTERNAL; 5; 9; 4; 766; INTERNAL; 3; 8; 5; 2759
INTERNAL; 3; 8; 5; 2759; INTERNAL; 2; 6; 4; 1678
INTERNAL; 5; 9; 4; 766; INTERNAL; 4; 7; 3; 2519
INTERNAL; 4; 7; 3; 2519; INTERNAL; 2; 5; 3; 2088
INTERNAL; 4; 7; 3; 2519; INTERNAL; 3; 6; 3; 2801
INTERNAL; 6; 10; 4; 2685; INTERNAL; 3; 8; 5; 2513
INTERNAL; 8; 11; 3; 1529; INTERNAL; 6; 10; 4; 1476
INTERNAL; 6; 10; 4; 1476; INTERNAL; 3; 9; 6; 2395
INTERNAL; 3; 9; 6; 2395; INTERNAL; 2; 8; 6; 917
INTERNAL; 6; 10; 4; 1476; INTERNAL; 3; 7; 4; 2102
INTERNAL; 6; 10; 4; 1476; INTERNAL; 3; 9; 6; 2521
INTERNAL; 3; 9; 6; 2521; INTERNAL; 2; 4; 2; 539
INTERNAL; 6; 10; 4; 1476; INTERNAL; 5; 9; 4; 868
INTERNAL; 5; 9; 4; 868; INTERNAL; 3; 5; 2; 818
INTERNAL; 5; 9; 4; 868; INTERNAL; 4; 8; 4; 1179
INTERNAL; 4; 8; 4; 1179; INTERNAL; 3; 7; 4; 2039
INTERNAL; 6; 10; 4; 1476; INTERNAL; 5; 9; 4; 2360
INTERNAL; 5; 9; 4; 2360; INTERNAL; 4; 8; 4; 2563
INTERNAL; 4; 8; 4; 2563; INTERNAL; 3; 7; 4; 2567
INTERNAL; 5; 9; 4; 2360; INTERNAL; 3; 8; 5; 2566
INTERNAL; 3; 8; 5; 2566; INTERNAL; 2; 7; 5; 2568
INTERNAL; 5; 9; 4; 2360; INTERNAL; 4; 8; 4; 2757
INTERNAL; 8; 11; 3; 1529; INTERNAL; 7; 10; 3; 1263
INTERNAL; 7; 10; 3; 1263; INTERNAL; 4; 8; 4; 2611
INTERNAL; 4; 8; 4; 2611; INTERNAL; 3; 7; 4; 2617
INTERNAL; 3; 7; 4; 2617; INTERNAL; 2; 5; 3; 2078
INTERNAL; 4; 8; 4; 2611; INTERNAL; 3; 5; 2; 672
INTERNAL; 4; 8; 4; 2611; INTERNAL; 3; 7; 4; 1086
INTERNAL; 7; 10; 3; 1263; INTERNAL; 6; 9; 3; 1032
INTERNAL; 6; 9; 3; 1032; INTERNAL; 3; 6; 3; 584
INTERNAL; 6; 9; 3; 1032; INTERNAL; 3; 8; 5; 434
INTERNAL; 6; 9; 3; 1032; INTERNAL; 5; 8; 3; 2619
INTERNAL; 5; 8; 3; 2619; INTERNAL; 3; 7; 4; 1295
INTERNAL; 5; 8; 3; 2619; INTERNAL; 4; 6; 2; 1769
INTERNAL; 6; 9; 3; 1032; INTERNAL; 3; 8; 5; 1939
INTERNAL; 3; 8; 5; 1939; INTERNAL; 2; 4; 2; 2504
INTERNAL; 7; 10; 3; 1263; INTERNAL; 5; 9; 4; 2755
INTERNAL; 5; 9; 4; 2755; INTERNAL; 4; 8; 4; 913
INTERNAL; 4; 8; 4; 913; INTERNAL; 3; 7; 4; 2533
INTERNAL; 5; 9; 4; 2755; INTERNAL; 4; 8; 4; 2536
INTERNAL; 4; 8; 4; 2536; INTERNAL; 3; 4; 1; 2444
INTERNAL; 5; 9; 4; 2755; INTERNAL; 4; 8; 4; 2535
INTERNAL; 7; 10; 3; 1263; INTERNAL; 4; 7; 3; 2129
INTERNAL; 11; 14; 3; 2781; INTERNAL; 9; 13; 4; 2146
INTERNAL; 9; 13; 4; 2146; INTERNAL; 8; 12; 4; 2782
INTERNAL; 9; 13; 4; 2146; INTERNAL; 6; 12; 6; 2435
INTERNAL; 6; 12; 6; 2435; INTERNAL; 5; 11; 6; 2785
INTERNAL; 9; 13; 4; 2146; INTERNAL; 7; 12; 5; 305
INTERNAL; 7; 12; 5; 305; INTERNAL; 5; 11; 6; 2784
INTERNAL; 5; 11; 6; 2784; INTERNAL; 3; 10; 7; 1331
INTERNAL; 7; 12; 5; 305; INTERNAL; 4; 11; 7; 1324
INTERNAL; 7; 12; 5; 305; INTERNAL; 6; 11; 5; 1619
INTERNAL; 6; 11; 5; 1619; INTERNAL; 4; 8; 4; 507
INTERNAL; 4; 8; 4; 507; INTERNAL; 3; 7; 4; 2144
INTERNAL; 6; 11; 5; 1619; INTERNAL; 5; 7; 2; 2673
INTERNAL; 5; 7; 2; 2673; INTERNAL; 3; 6; 3; 832
INTERNAL; 5; 7; 2; 2673; INTERNAL; 4; 6; 2; 1566
INTERNAL; 4; 6; 2; 1566; INTERNAL; 3; 5; 2; 2176
INTERNAL; 6; 11; 5; 1619; INTERNAL; 3; 6; 3; 2636
INTERNAL; 6; 11; 5; 1619; INTERNAL; 3; 8; 5; 860
INTERNAL; 11; 14; 3; 2781; INTERNAL; 9; 13; 4; 2637
INTERNAL; 9; 13; 4; 2637; INTERNAL; 6; 12; 6; 696
INTERNAL; 6; 12; 6; 696; INTERNAL; 4; 11; 7; 2298
INTERNAL; 4; 11; 7; 2298; INTERNAL; 3; 8; 5; 570
INTERNAL; 6; 12; 6; 696; INTERNAL; 4; 11; 7; 1734
INTERNAL; 4; 11; 7; 1734; INTERNAL; 3; 8; 5; 437
INTERNAL; 4; 11; 7; 1734; INTERNAL; 3; 9; 6; 2704
INTERNAL; 4; 11; 7; 1734; INTERNAL; 3; 8; 5; 2701
INTERNAL; 4; 11; 7; 1734; INTERNAL; 3; 8; 5; 581
INTERNAL; 4; 11; 7; 1734; INTERNAL; 2; 8; 6; 1528
INTERNAL; 6; 12; 6; 696; INTERNAL; 3; 9; 6; 444
INTERNAL; 6; 12; 6; 696; INTERNAL; 5; 11; 6; 2787
INTERNAL; 5; 11; 6; 2787; INTERNAL; 4; 10; 6; 2776
INTERNAL; 4; 10; 6; 2776; INTERNAL; 3; 5; 2; 1106
INTERNAL; 4; 10; 6; 2776; INTERNAL; 2; 5; 3; 1186
INTERNAL; 5; 11; 6; 2787; INTERNAL; 4; 10; 6; 1658
INTERNAL; 4; 10; 6; 1658; INTERNAL; 3; 9; 6; 2714
INTERNAL; 4; 10; 6; 1658; INTERNAL; 3; 9; 6; 706
INTERNAL; 5; 11; 6; 2787; INTERNAL; 4; 9; 5; 2777
INTERNAL; 4; 9; 5; 2777; INTERNAL; 3; 8; 5; 1840
INTERNAL; 5; 11; 6; 2787; INTERNAL; 4; 7; 3; 841
INTERNAL; 5; 11; 6; 2787; INTERNAL; 3; 7; 4; 2643
INTERNAL; 9; 13; 4; 2637; INTERNAL; 8; 12; 4; 715
INTERNAL; 8; 12; 4; 715; INTERNAL; 6; 10; 4; 1718
INTERNAL; 6; 10; 4; 1718; INTERNAL; 5; 9; 4; 2761
INTERNAL; 5; 9; 4; 2761; INTERNAL; 4; 7; 3; 1508
INTERNAL; 5; 9; 4; 2761; INTERNAL; 3; 8; 5; 1047
INTERNAL; 5; 9; 4; 2761; INTERNAL; 3; 8; 5; 2343
INTERNAL; 6; 10; 4; 1718; INTERNAL; 4; 8; 4; 480
INTERNAL; 4; 8; 4; 480; INTERNAL; 3; 7; 4; 1206
INTERNAL; 8; 12; 4; 715; INTERNAL; 7; 10; 3; 2396
INTERNAL; 7; 10; 3; 2396; INTERNAL; 3; 7; 4; 2632
INTERNAL; 7; 10; 3; 2396; INTERNAL; 6; 9; 3; 2369
INTERNAL; 6; 9; 3; 2369; INTERNAL; 4; 7; 3; 608
INTERNAL; 4; 7; 3; 608; INTERNAL; 2; 5; 3; 2700
INTERNAL; 4; 7; 3; 608; INTERNAL; 3; 5; 2; 1287
INTERNAL; 6; 9; 3; 2369; INTERNAL; 4; 8; 4; 1650
INTERNAL; 6; 9; 3; 2369; INTERNAL; 5; 8; 3; 2644
INTERNAL; 5; 8; 3; 2644; INTERNAL; 4; 7; 3; 2574
INTERNAL; 5; 8; 3; 2644; INTERNAL; 3; 7; 4; 2565
INTERNAL; 5; 8; 3; 2644; INTERNAL; 3; 7; 4; 2646
INTERNAL; 7; 10; 3; 2396; INTERNAL; 4; 8; 4; 2631
INTERNAL; 4; 8; 4; 2631; INTERNAL; 3; 7; 4; 2640
INTERNAL; 7; 10; 3; 2396; INTERNAL; 6; 9; 3; 2760
INTERNAL; 6; 9; 3; 2760; INTERNAL; 3; 6; 3; 2639
INTERNAL; 8; 12; 4; 715; INTERNAL; 6; 10; 4; 2758
INTERNAL; 6; 10; 4; 2758; INTERNAL; 3; 7; 4; 1603
INTERNAL; 6; 10; 4; 2758; INTERNAL; 5; 9; 4; 2294
INTERNAL; 5; 9; 4; 2294; INTERNAL; 2; 6; 4; 2274
INTERNAL; 5; 9; 4; 2294; INTERNAL; 4; 7; 3; 2662
INTERNAL; 4; 7; 3; 2662; INTERNAL; 2; 6; 4; 631
INTERNAL; 4; 7; 3; 2662; INTERNAL; 3; 6; 3; 675
INTERNAL; 6; 10; 4; 2758; INTERNAL; 5; 9; 4; 804
INTERNAL; 5; 9; 4; 804; INTERNAL; 3; 7; 4; 1834
INTERNAL; 5; 9; 4; 804; INTERNAL; 3; 7; 4; 1997
INTERNAL; 5; 9; 4; 804; INTERNAL; 3; 6; 3; 1166
INTERNAL; 5; 9; 4; 804; INTERNAL; 3; 7; 4; 2658
INTERNAL; 5; 9; 4; 804; INTERNAL; 2; 5; 3; 1520
INTERNAL; 6; 10; 4; 2758; INTERNAL; 5; 9; 4; 2763
INTERNAL; 5; 9; 4; 2763; INTERNAL; 3; 7; 4; 2661
INTERNAL; 6; 10; 4; 2758; INTERNAL; 5; 9; 4; 2766
INTERNAL; 5; 9; 4; 2766; INTERNAL; 2; 6; 4; 2152
INTERNAL; 5; 9; 4; 2766; INTERNAL; 3; 8; 5; 999
INTERNAL; 3; 8; 5; 999; INTERNAL; 2; 7; 5; 345
INTERNAL; 5; 9; 4; 2766; INTERNAL; 4; 8; 4; 457
INTERNAL; 9; 13; 4; 2637; INTERNAL; 8; 12; 4; 550
INTERNAL; 12; 15; 3; 2778; INTERNAL; 11; 14; 3; 2779
INTERNAL; 11; 14; 3; 2779; INTERNAL; 10; 12; 2; 1902
INTERNAL; 10; 12; 2; 1902; INTERNAL; 9; 11; 2; 2288
INTERNAL; 10; 12; 2; 1902; INTERNAL; 8; 11; 3; 1783
INTERNAL; 8; 11; 3; 1783; INTERNAL; 7; 10; 3; 2537
INTERNAL; 7; 10; 3; 2537; INTERNAL; 5; 9; 4; 473
INTERNAL; 7; 10; 3; 2537; INTERNAL; 6; 9; 3; 2541
INTERNAL; 6; 9; 3; 2541; INTERNAL; 5; 8; 3; 2225
INTERNAL; 5; 8; 3; 2225; INTERNAL; 3; 5; 2; 939
INTERNAL; 7; 10; 3; 2537; INTERNAL; 5; 9; 4; 2540
INTERNAL; 7; 10; 3; 2537; INTERNAL; 6; 9; 3; 2170
INTERNAL; 6; 9; 3; 2170; INTERNAL; 4; 8; 4; 1644
INTERNAL; 6; 9; 3; 2170; INTERNAL; 5; 8; 3; 2546
INTERNAL; 5; 8; 3; 2546; INTERNAL; 4; 7; 3; 2548
INTERNAL; 8; 11; 3; 1783; INTERNAL; 7; 10; 3; 2538
INTERNAL; 7; 10; 3; 2538; INTERNAL; 4; 9; 5; 2177
INTERNAL; 4; 9; 5; 2177; INTERNAL; 3; 8; 5; 2554
INTERNAL; 4; 9; 5; 2177; INTERNAL; 3; 8; 5; 489
INTERNAL; 3; 8; 5; 489; INTERNAL; 2; 7; 5; 2789
INTERNAL; 7; 10; 3; 2538; INTERNAL; 5; 9; 4; 2552
INTERNAL; 7; 10; 3; 2538; INTERNAL; 6; 9; 3; 2553
INTERNAL; 6; 9; 3; 2553; INTERNAL; 5; 8; 3; 2737
INTERNAL; 7; 10; 3; 2538; INTERNAL; 5; 9; 4; 2454
INTERNAL; 10; 12; 2; 1902; INTERNAL; 9; 11; 2; 463
INTERNAL; 9; 11; 2; 463; INTERNAL; 8; 10; 2; 2601
INTERNAL; 8; 10; 2; 2601; INTERNAL; 7; 9; 2; 1247
INTERNAL; 7; 9; 2; 1247; INTERNAL; 3; 8; 5; 2517
INTERNAL; 7; 9; 2; 1247; INTERNAL; 6; 8; 2; 2605
INTERNAL; 6; 8; 2; 2605; INTERNAL; 5; 7; 2; 2510
INTERNAL; 5; 7; 2; 2510; INTERNAL; 4; 6; 2; 2128
INTERNAL; 5; 7; 2; 2510; INTERNAL; 3; 6; 3; 1584
INTERNAL; 5; 7; 2; 2510; INTERNAL; 4; 6; 2; 2372
INTERNAL; 7; 9; 2; 1247; INTERNAL; 4; 8; 4; 1841
INTERNAL; 8; 10; 2; 2601; INTERNAL; 5; 7; 2; 1537
INTERNAL; 9; 11; 2; 463; INTERNAL; 7; 10; 3; 1921
INTERNAL; 7; 10; 3; 1921; INTERNAL; 5; 9; 4; 2424
INTERNAL; 5; 9; 4; 2424; INTERNAL; 3; 8; 5; 2522
INTERNAL; 3; 8; 5; 2522; INTERNAL; 2; 5; 3; 697
INTERNAL; 5; 9; 4; 2424; INTERNAL; 4; 8; 4; 1347
INTERNAL; 5; 9; 4; 2424; INTERNAL; 4; 7; 3; 575
INTERNAL; 5; 9; 4; 2424; INTERNAL; 3; 8; 5; 2720
INTERNAL; 5; 9; 4; 2424; INTERNAL; 3; 8; 5; 394
INTERNAL; 7; 10; 3; 1921; INTERNAL; 5; 9; 4; 1801
INTERNAL; 5; 9; 4; 1801; INTERNAL; 3; 8; 5; 2573
INTERNAL; 7; 10; 3; 1921; INTERNAL; 6; 9; 3; 2607
INTERNAL; 6; 9; 3; 2607; INTERNAL; 5; 8; 3; 2610
INTERNAL; 6; 9; 3; 2607; INTERNAL; 4; 8; 4; 1442
INTERNAL; 6; 9; 3; 2607; INTERNAL; 5; 8; 3; 2219
INTERNAL; 5; 8; 3; 2219; INTERNAL; 3; 7; 4; 2299
INTERNAL; 3; 7; 4; 2299; INTERNAL; 2; 6; 4; 2133
INTERNAL; 3; 7; 4; 2299; INTERNAL; 2; 6; 4; 1323
INTERNAL; 9; 11; 2; 463; INTERNAL; 7; 10; 3; 745
INTERNAL; 7; 10; 3; 745; INTERNAL; 6; 9; 3; 2065
INTERNAL; 6; 9; 3; 2065; INTERNAL; 5; 8; 3; 1881
INTERNAL; 5; 8; 3; 1881; INTERNAL; 4; 7; 3; 1912
INTERNAL; 4; 7; 3; 1912; INTERNAL; 2; 6; 4; 2175
INTERNAL; 7; 10; 3; 745; INTERNAL; 6; 9; 3; 2212
INTERNAL; 6; 9; 3; 2212; INTERNAL; 4; 8; 4; 2530
INTERNAL; 6; 9; 3; 2212; INTERNAL; 3; 8; 5; 1350
INTERNAL; 6; 9; 3; 2212; INTERNAL; 3; 8; 5; 2526
INTERNAL; 7; 10; 3; 745; INTERNAL; 5; 9; 4; 737
INTERNAL; 11; 14; 3; 2779; INTERNAL; 10; 12; 2; 2244
INTERNAL; 10; 12; 2; 2244; INTERNAL; 9; 11; 2; 2655
INTERNAL; 9; 11; 2; 2655; INTERNAL; 8; 10; 2; 2625
INTERNAL; 8; 10; 2; 2625; INTERNAL; 7; 9; 2; 1961
INTERNAL; 7; 9; 2; 1961; INTERNAL; 6; 8; 2; 2633
INTERNAL; 6; 8; 2; 2633; INTERNAL; 4; 7; 3; 390
INTERNAL; 6; 8; 2; 2633; INTERNAL; 5; 7; 2; 2579
INTERNAL; 6; 8; 2; 2633; INTERNAL; 3; 7; 4; 2635
INTERNAL; 7; 9; 2; 1961; INTERNAL; 5; 8; 3; 2630
INTERNAL; 5; 8; 3; 2630; INTERNAL; 4; 7; 3; 1915
INTERNAL; 9; 11; 2; 2655; INTERNAL; 7; 10; 3; 835
INTERNAL; 7; 10; 3; 835; INTERNAL; 6; 9; 3; 2648
INTERNAL; 6; 9; 3; 2648; INTERNAL; 5; 8; 3; 2651
INTERNAL; 6; 9; 3; 2648; INTERNAL; 3; 8; 5; 988
INTERNAL; 7; 10; 3; 835; INTERNAL; 4; 7; 3; 1049
INTERNAL; 4; 7; 3; 1049; INTERNAL; 3; 6; 3; 2025
INTERNAL; 7; 10; 3; 835; INTERNAL; 6; 9; 3; 2650
INTERNAL; 6; 9; 3; 2650; INTERNAL; 3; 8; 5; 1393
INTERNAL; 6; 9; 3; 2650; INTERNAL; 4; 8; 4; 2033
INTERNAL; 6; 9; 3; 2650; INTERNAL; 5; 8; 3; 2652
INTERNAL; 5; 8; 3; 2652; INTERNAL; 3; 7; 4; 2654
INTERNAL; 9; 11; 2; 2655; INTERNAL; 8; 10; 2; 2091
INTERNAL; 8; 10; 2; 2091; INTERNAL; 7; 9; 2; 1622
INTERNAL; 7; 9; 2; 1622; INTERNAL; 4; 8; 4; 2783
INTERNAL; 7; 9; 2; 1622; INTERNAL; 5; 8; 3; 854
INTERNAL; 5; 8; 3; 854; INTERNAL; 4; 5; 1; 1301
INTERNAL; 7; 9; 2; 1622; INTERNAL; 6; 8; 2; 2606
INTERNAL; 6; 8; 2; 2606; INTERNAL; 5; 7; 2; 2332
INTERNAL; 5; 7; 2; 2332; INTERNAL; 2; 6; 4; 2226
INTERNAL; 5; 7; 2; 2332; INTERNAL; 4; 6; 2; 2131
INTERNAL; 5; 7; 2; 2332; INTERNAL; 3; 6; 3; 552
INTERNAL; 8; 10; 2; 2091; INTERNAL; 4; 9; 5; 2134
INTERNAL; 4; 9; 5; 2134; INTERNAL; 3; 4; 1; 887
INTERNAL; 8; 10; 2; 2091; INTERNAL; 7; 9; 2; 2256
INTERNAL; 7; 9; 2; 2256; INTERNAL; 6; 8; 2; 1860
INTERNAL; 6; 8; 2; 1860; INTERNAL; 5; 7; 2; 2628
INTERNAL; 5; 7; 2; 2628; INTERNAL; 3; 6; 3; 1413
INTERNAL; 5; 7; 2; 2628; INTERNAL; 4; 6; 2; 1499
INTERNAL; 4; 6; 2; 1499; INTERNAL; 3; 5; 2; 600
INTERNAL; 5; 7; 2; 2628; INTERNAL; 3; 5; 2; 1257
INTERNAL; 6; 8; 2; 1860; INTERNAL; 3; 7; 4; 2627
INTERNAL; 3; 7; 4; 2627; INTERNAL; 2; 6; 4; 2629
INTERNAL; 6; 8; 2; 1860; INTERNAL; 3; 7; 4; 960
INTERNAL; 10; 12; 2; 2244; INTERNAL; 9; 11; 2; 981
INTERNAL; 10; 12; 2; 2244; INTERNAL; 8; 11; 3; 2694
INTERNAL; 11; 14; 3; 2779; INTERNAL; 10; 12; 2; 2322
INTERNAL; 12; 15; 3; 2778; INTERNAL; 11; 14; 3; 929
INTERNAL; 11; 14; 3; 929; INTERNAL; 10; 13; 3; 1802
INTERNAL; 11; 14; 3; 929; INTERNAL; 5; 13; 8; 2791
INTERNAL; 5; 13; 8; 2791; INTERNAL; 4; 10; 6; 2716
INTERNAL; 4; 10; 6; 2716; INTERNAL; 2; 9; 7; 2589
INTERNAL; 4; 10; 6; 2716; INTERNAL; 3; 9; 6; 1836
INTERNAL; 4; 10; 6; 2716; INTERNAL; 3; 8; 5; 2433
INTERNAL; 5; 13; 8; 2791; INTERNAL; 3; 10; 7; 2721
INTERNAL; 11; 14; 3; 929; INTERNAL; 8; 13; 5; 2790
INTERNAL; 8; 13; 5; 2790; INTERNAL; 7; 11; 4; 1568
INTERNAL; 7; 11; 4; 1568; INTERNAL; 5; 10; 5; 2772
INTERNAL; 5; 10; 5; 2772; INTERNAL; 2; 7; 5; 1599
INTERNAL; 5; 10; 5; 2772; INTERNAL; 3; 6; 3; 2263
INTERNAL; 5; 10; 5; 2772; INTERNAL; 4; 9; 5; 1623
INTERNAL; 4; 9; 5; 1623; INTERNAL; 3; 7; 4; 2710
INTERNAL; 7; 11; 4; 1568; INTERNAL; 4; 10; 6; 2770
INTERNAL; 4; 10; 6; 2770; INTERNAL; 3; 4; 1; 1216
INTERNAL; 7; 11; 4; 1568; INTERNAL; 6; 10; 4; 2259
INTERNAL; 6; 10; 4; 2259; INTERNAL; 3; 5; 2; 677
INTERNAL; 6; 10; 4; 2259; INTERNAL; 5; 9; 4; 2774
INTERNAL; 5; 9; 4; 2774; INTERNAL; 4; 8; 4; 1272
INTERNAL; 5; 9; 4; 2774; INTERNAL; 4; 8; 4; 2378
INTERNAL; 4; 8; 4; 2378; INTERNAL; 3; 7; 4; 2707
INTERNAL; 8; 13; 5; 2790; INTERNAL; 6; 11; 5; 2656
INTERNAL; 6; 11; 5; 2656; INTERNAL; 4; 9; 5; 2725
INTERNAL; 6; 11; 5; 2656; INTERNAL; 3; 8; 5; 2726
INTERNAL; 6; 11; 5; 2656; INTERNAL; 5; 10; 5; 2612
INTERNAL; 5; 10; 5; 2612; INTERNAL; 3; 5; 2; 1240
INTERNAL; 5; 10; 5; 2612; INTERNAL; 4; 6; 2; 1913
INTERNAL; 8; 13; 5; 2790; INTERNAL; 6; 11; 5; 2769
INTERNAL; 6; 11; 5; 2769; INTERNAL; 5; 10; 5; 2426
INTERNAL; 5; 10; 5; 2426; INTERNAL; 4; 9; 5; 1637
INTERNAL; 4; 9; 5; 1637; INTERNAL; 3; 8; 5; 1682
INTERNAL; 4; 9; 5; 1637; INTERNAL; 3; 8; 5; 2532
INTERNAL; 6; 11; 5; 2769; INTERNAL; 4; 10; 6; 2312
INTERNAL; 4; 10; 6; 2312; INTERNAL; 3; 8; 5; 1770
INTERNAL; 3; 8; 5; 1770; INTERNAL; 2; 7; 5; 2543
INTERNAL; 4; 10; 6; 2312; INTERNAL; 3; 8; 5; 837
INTERNAL; 13; 16; 3; 2705; INTERNAL; 11; 15; 4; 1964
INTERNAL; 11; 15; 4; 1964; INTERNAL; 10; 12; 2; 359
INTERNAL; 10; 12; 2; 359; INTERNAL; 9; 11; 2; 2374
INTERNAL; 10; 12; 2; 359; INTERNAL; 9; 11; 2; 2239
INTERNAL; 9; 11; 2; 2239; INTERNAL; 7; 10; 3; 2507
INTERNAL; 7; 10; 3; 2507; INTERNAL; 6; 9; 3; 2301
INTERNAL; 6; 9; 3; 2301; INTERNAL; 4; 5; 1; 511
INTERNAL; 6; 9; 3; 2301; INTERNAL; 5; 8; 3; 2524
INTERNAL; 7; 10; 3; 2507; INTERNAL; 5; 9; 4; 1885
INTERNAL; 7; 10; 3; 2507; INTERNAL; 6; 9; 3; 2520
INTERNAL; 6; 9; 3; 2520; INTERNAL; 3; 8; 5; 592
INTERNAL; 6; 9; 3; 2520; INTERNAL; 5; 8; 3; 2253
INTERNAL; 9; 11; 2; 2239; INTERNAL; 6; 10; 4; 2508
INTERNAL; 6; 10; 4; 2508; INTERNAL; 5; 9; 4; 2525
INTERNAL; 6; 10; 4; 2508; INTERNAL; 5; 9; 4; 335
INTERNAL; 6; 10; 4; 2508; INTERNAL; 5; 9; 4; 2696
INTERNAL; 6; 10; 4; 2508; INTERNAL; 5; 9; 4; 1383
INTERNAL; 9; 11; 2; 2239; INTERNAL; 8; 10; 2; 2506
INTERNAL; 8; 10; 2; 2506; INTERNAL; 6; 9; 3; 2511
INTERNAL; 6; 9; 3; 2511; INTERNAL; 5; 8; 3; 2518
INTERNAL; 8; 10; 2; 2506; INTERNAL; 5; 9; 4; 1893
INTERNAL; 8; 10; 2; 2506; INTERNAL; 7; 9; 2; 2164
INTERNAL; 7; 9; 2; 2164; INTERNAL; 3; 7; 4; 1276
INTERNAL; 7; 9; 2; 2164; INTERNAL; 3; 8; 5; 1249
INTERNAL; 7; 9; 2; 2164; INTERNAL; 4; 8; 4; 567
INTERNAL; 7; 9; 2; 2164; INTERNAL; 6; 8; 2; 2416
INTERNAL; 10; 12; 2; 359; INTERNAL; 9; 11; 2; 2623
INTERNAL; 9; 11; 2; 2623; INTERNAL; 8; 10; 2; 1547
INTERNAL; 8; 10; 2; 1547; INTERNAL; 6; 9; 3; 771
INTERNAL; 6; 9; 3; 771; INTERNAL; 5; 8; 3; 1914
INTERNAL; 6; 9; 3; 771; INTERNAL; 3; 8; 5; 2675
INTERNAL; 6; 9; 3; 771; INTERNAL; 3; 8; 5; 2674
INTERNAL; 8; 10; 2; 1547; INTERNAL; 7; 9; 2; 2672
INTERNAL; 7; 9; 2; 2672; INTERNAL; 6; 8; 2; 1991
INTERNAL; 7; 9; 2; 2672; INTERNAL; 4; 8; 4; 2165
INTERNAL; 4; 8; 4; 2165; INTERNAL; 2; 7; 5; 1489
INTERNAL; 4; 8; 4; 2165; INTERNAL; 3; 7; 4; 2575
INTERNAL; 8; 10; 2; 1547; INTERNAL; 6; 9; 3; 2667
INTERNAL; 6; 9; 3; 2667; INTERNAL; 2; 8; 6; 2677
INTERNAL; 6; 9; 3; 2667; INTERNAL; 5; 8; 3; 2680
INTERNAL; 5; 8; 3; 2680; INTERNAL; 2; 7; 5; 2089
INTERNAL; 9; 11; 2; 2623; INTERNAL; 7; 10; 3; 2284
INTERNAL; 7; 10; 3; 2284; INTERNAL; 4; 9; 5; 2670
INTERNAL; 7; 10; 3; 2284; INTERNAL; 4; 9; 5; 2114
INTERNAL; 7; 10; 3; 2284; INTERNAL; 6; 9; 3; 2682
INTERNAL; 6; 9; 3; 2682; INTERNAL; 5; 8; 3; 1785
INTERNAL; 7; 10; 3; 2284; INTERNAL; 4; 9; 5; 759
INTERNAL; 9; 11; 2; 2623; INTERNAL; 7; 10; 3; 2665
INTERNAL; 7; 10; 3; 2665; INTERNAL; 5; 9; 4; 1120
INTERNAL; 5; 9; 4; 1120; INTERNAL; 4; 8; 4; 2691
INTERNAL; 4; 8; 4; 2691; INTERNAL; 3; 7; 4; 2384
INTERNAL; 4; 8; 4; 2691; INTERNAL; 2; 7; 5; 2527
INTERNAL; 7; 10; 3; 2665; INTERNAL; 6; 9; 3; 2684
INTERNAL; 6; 9; 3; 2684; INTERNAL; 3; 8; 5; 2689
INTERNAL; 6; 9; 3; 2684; INTERNAL; 5; 8; 3; 2534
INTERNAL; 7; 10; 3; 2665; INTERNAL; 6; 9; 3; 1411
INTERNAL; 6; 9; 3; 1411; INTERNAL; 5; 8; 3; 2690
INTERNAL; 11; 15; 4; 1964; INTERNAL; 8; 12; 4; 2767
INTERNAL; 8; 12; 4; 2767; INTERNAL; 6; 11; 5; 2775
INTERNAL; 6; 11; 5; 2775; INTERNAL; 4; 10; 6; 2500
INTERNAL; 4; 10; 6; 2500; INTERNAL; 3; 5; 2; 1574
INTERNAL; 6; 11; 5; 2775; INTERNAL; 4; 9; 5; 1977
INTERNAL; 4; 9; 5; 1977; INTERNAL; 3; 8; 5; 2286
INTERNAL; 6; 11; 5; 2775; INTERNAL; 5; 10; 5; 2712
INTERNAL; 5; 10; 5; 2712; INTERNAL; 4; 9; 5; 784
INTERNAL; 4; 9; 5; 784; INTERNAL; 3; 5; 2; 753
INTERNAL; 8; 12; 4; 2767; INTERNAL; 7; 11; 4; 2547
INTERNAL; 7; 11; 4; 2547; INTERNAL; 6; 10; 4; 1485
INTERNAL; 6; 10; 4; 1485; INTERNAL; 3; 5; 2; 1551
INTERNAL; 6; 10; 4; 1485; INTERNAL; 5; 9; 4; 2706
INTERNAL; 7; 11; 4; 2547; INTERNAL; 5; 10; 5; 1871
INTERNAL; 5; 10; 5; 1871; INTERNAL; 3; 9; 6; 2708
INTERNAL; 7; 11; 4; 2547; INTERNAL; 4; 9; 5; 2699
INTERNAL; 8; 12; 4; 2767; INTERNAL; 6; 11; 5; 2679
INTERNAL; 6; 11; 5; 2679; INTERNAL; 5; 10; 5; 2404
INTERNAL; 5; 10; 5; 2404; INTERNAL; 4; 9; 5; 2723
INTERNAL; 5; 10; 5; 2404; INTERNAL; 4; 9; 5; 2724
INTERNAL; 6; 11; 5; 2679; INTERNAL; 4; 10; 6; 661
INTERNAL; 4; 10; 6; 661; INTERNAL; 3; 7; 4; 2495
INTERNAL; 6; 11; 5; 2679; INTERNAL; 4; 9; 5; 454
INTERNAL; 11; 15; 4; 1964; INTERNAL; 8; 12; 4; 2768
INTERNAL; 13; 16; 3; 2705; INTERNAL; 12; 15; 3; 1356
INTERNAL; 12; 15; 3; 1356; INTERNAL; 11; 13; 2; 2750
INTERNAL; 11; 13; 2; 2750; INTERNAL; 10; 12; 2; 2549
INTERNAL; 11; 13; 2; 2750; INTERNAL; 10; 12; 2; 2502
INTERNAL; 11; 13; 2; 2750; INTERNAL; 10; 12; 2; 2497
INTERNAL; 10; 12; 2; 2497; INTERNAL; 9; 11; 2; 2196
INTERNAL; 10; 12; 2; 2497; INTERNAL; 7; 11; 4; 2505
INTERNAL; 7; 11; 4; 2505; INTERNAL; 6; 10; 4; 2325
INTERNAL; 6; 10; 4; 2325; INTERNAL; 5; 9; 4; 2559
INTERNAL; 5; 9; 4; 2559; INTERNAL; 4; 6; 2; 873
INTERNAL; 5; 9; 4; 2559; INTERNAL; 3; 8; 5; 2562
INTERNAL; 7; 11; 4; 2505; INTERNAL; 5; 10; 5; 2555
INTERNAL; 5; 10; 5; 2555; INTERNAL; 4; 9; 5; 2609
INTERNAL; 10; 12; 2; 2497; INTERNAL; 8; 11; 3; 2503
INTERNAL; 12; 15; 3; 1356; INTERNAL; 11; 13; 2; 2719
INTERNAL; 12; 15; 3; 1356; INTERNAL; 11; 13; 2; 2751
INTERNAL; 14; 17; 3; 2484; INTERNAL; 13; 16; 3; 1371
INTERNAL; 13; 16; 3; 1371; INTERNAL; 12; 15; 3; 2659
INTERNAL; 12; 15; 3; 2659; INTERNAL; 11; 14; 3; 2792
INTERNAL; 12; 15; 3; 2659; INTERNAL; 10; 14; 4; 428
INTERNAL; 10; 14; 4; 428; INTERNAL; 9; 13; 4; 2626
INTERNAL; 10; 14; 4; 428; INTERNAL; 6; 13; 7; 467
INTERNAL; 10; 14; 4; 428; INTERNAL; 8; 13; 5; 488
INTERNAL; 8; 13; 5; 488; INTERNAL; 7; 12; 5; 2793
INTERNAL; 8; 13; 5; 488; INTERNAL; 6; 12; 6; 2049
INTERNAL; 12; 15; 3; 2659; INTERNAL; 9; 14; 5; 1507
INTERNAL; 13; 16; 3; 1371; INTERNAL; 12; 15; 3; 1228
INTERNAL; 13; 16; 3; 1371; INTERNAL; 11; 15; 4; 397
INTERNAL; 16; 20; 4; 2132; INTERNAL; 15; 17; 2; 349
INTERNAL; 15; 17; 2; 349; INTERNAL; 13; 16; 3; 2488
INTERNAL; 15; 17; 2; 349; INTERNAL; 14; 16; 2; 1831
INTERNAL; 14; 16; 2; 1831; INTERNAL; 13; 15; 2; 2490
INTERNAL; 13; 15; 2; 2490; INTERNAL; 12; 14; 2; 2747
INTERNAL; 13; 15; 2; 2490; INTERNAL; 11; 14; 3; 2748
INTERNAL; 11; 14; 3; 2748; INTERNAL; 8; 12; 4; 1268
INTERNAL; 8; 12; 4; 1268; INTERNAL; 7; 11; 4; 2727
INTERNAL; 7; 11; 4; 2727; INTERNAL; 5; 10; 5; 2718
INTERNAL; 5; 10; 5; 2718; INTERNAL; 4; 9; 5; 2732
INTERNAL; 4; 9; 5; 2732; INTERNAL; 3; 8; 5; 2278
INTERNAL; 7; 11; 4; 2727; INTERNAL; 6; 10; 4; 2729
INTERNAL; 6; 10; 4; 2729; INTERNAL; 5; 9; 4; 2193
INTERNAL; 5; 9; 4; 2193; INTERNAL; 4; 8; 4; 2730
INTERNAL; 5; 9; 4; 2193; INTERNAL; 4; 8; 4; 2514
INTERNAL; 8; 12; 4; 1268; INTERNAL; 6; 11; 5; 2728
INTERNAL; 6; 11; 5; 2728; INTERNAL; 4; 10; 6; 2736
INTERNAL; 4; 10; 6; 2736; INTERNAL; 3; 6; 3; 978
INTERNAL; 6; 11; 5; 2728; INTERNAL; 5; 10; 5; 1175
INTERNAL; 5; 10; 5; 1175; INTERNAL; 4; 9; 5; 2740
INTERNAL; 6; 11; 5; 2728; INTERNAL; 5; 10; 5; 2150
INTERNAL; 6; 11; 5; 2728; INTERNAL; 5; 10; 5; 2738
INTERNAL; 5; 10; 5; 2738; INTERNAL; 4; 9; 5; 1364
INTERNAL; 8; 12; 4; 1268; INTERNAL; 7; 11; 4; 2591
INTERNAL; 7; 11; 4; 2591; INTERNAL; 6; 10; 4; 2461
INTERNAL; 6; 10; 4; 2461; INTERNAL; 5; 9; 4; 2735
INTERNAL; 6; 10; 4; 2461; INTERNAL; 5; 9; 4; 1425
INTERNAL; 6; 10; 4; 2461; INTERNAL; 4; 9; 5; 2733
INTERNAL; 6; 10; 4; 2461; INTERNAL; 5; 9; 4; 441
INTERNAL; 7; 11; 4; 2591; INTERNAL; 5; 10; 5; 1846
INTERNAL; 11; 14; 3; 2748; INTERNAL; 8; 12; 4; 2053
INTERNAL; 11; 14; 3; 2748; INTERNAL; 10; 12; 2; 2692
INTERNAL; 10; 12; 2; 2692; INTERNAL; 7; 11; 4; 2693
INTERNAL; 7; 11; 4; 2693; INTERNAL; 5; 10; 5; 2451
INTERNAL; 7; 11; 4; 2693; INTERNAL; 5; 10; 5; 1259
INTERNAL; 5; 10; 5; 1259; INTERNAL; 3; 9; 6; 459
INTERNAL; 5; 10; 5; 1259; INTERNAL; 3; 9; 6; 525
INTERNAL; 7; 11; 4; 2693; INTERNAL; 6; 10; 4; 1370
INTERNAL; 6; 10; 4; 1370; INTERNAL; 3; 9; 6; 2697
INTERNAL; 6; 10; 4; 1370; INTERNAL; 5; 9; 4; 2698
INTERNAL; 10; 12; 2; 2692; INTERNAL; 9; 11; 2; 2419
INTERNAL; 13; 15; 2; 2490; INTERNAL; 12; 14; 2; 352
INTERNAL; 12; 14; 2; 352; INTERNAL; 11; 13; 2; 614
INTERNAL; 11; 13; 2; 614; INTERNAL; 10; 12; 2; 2741
INTERNAL; 11; 13; 2; 614; INTERNAL; 10; 12; 2; 2481
INTERNAL; 12; 14; 2; 352; INTERNAL; 11; 13; 2; 2099
INTERNAL; 12; 14; 2; 352; INTERNAL; 11; 13; 2; 2496
INTERNAL; 14; 16; 2; 1831; INTERNAL; 13; 15; 2; 2493
INTERNAL; 13; 15; 2; 2493; INTERNAL; 12; 14; 2; 952
INTERNAL; 12; 14; 2; 952; INTERNAL; 9; 13; 4; 1626
INTERNAL; 9; 13; 4; 1626; INTERNAL; 8; 12; 4; 1473
INTERNAL; 9; 13; 4; 1626; INTERNAL; 7; 12; 5; 1823
INTERNAL; 7; 12; 5; 1823; INTERNAL; 5; 11; 6; 2744
INTERNAL; 7; 12; 5; 1823; INTERNAL; 6; 11; 5; 2745
INTERNAL; 6; 11; 5; 2745; INTERNAL; 5; 10; 5; 2746
INTERNAL; 7; 12; 5; 1823; INTERNAL; 6; 11; 5; 558
INTERNAL; 12; 14; 2; 952; INTERNAL; 11; 13; 2; 2743
INTERNAL; 13; 15; 2; 2493; INTERNAL; 12; 14; 2; 2270
INTERNAL; 13; 15; 2; 2493; INTERNAL; 9; 14; 5; 2206
INTERNAL; 15; 17; 2; 349; INTERNAL; 13; 16; 3; 1723
INTERNAL; 20; 21; 1; 27; INTERNAL; 17; 20; 3; 1002
INTERNAL; 17; 20; 3; 1002; INTERNAL; 14; 18; 4; 2479
INTERNAL; 17; 20; 3; 1002; INTERNAL; 16; 18; 2; 2477
INTERNAL; 17; 20; 3; 1002; INTERNAL; 13; 18; 5; 2068
INTERNAL; 13; 18; 5; 2068; INTERNAL; 11; 17; 6; 2796
INTERNAL; 11; 17; 6; 2796; INTERNAL; 8; 16; 8; 1288
INTERNAL; 11; 17; 6; 2796; INTERNAL; 10; 16; 6; 2797
INTERNAL; 13; 18; 5; 2068; INTERNAL; 12; 17; 5; 2794
INTERNAL; 17; 20; 3; 1002; INTERNAL; 13; 18; 5; 2482
INTERNAL; 20; 21; 1; 27; INTERNAL; 17; 20; 3; 1275
INTERNAL; 20; 21; 1; 27; INTERNAL; 18; 20; 2; 2474
INTERNAL; 18; 20; 2; 2474; INTERNAL; 13; 19; 6; 845
INTERNAL; 18; 20; 2; 2474; INTERNAL; 11; 19; 8; 2798
INTERNAL; 18; 20; 2; 2474; INTERNAL; 17; 19; 2; 1353
INTERNAL; 21; 22; 1; 2586; INTERNAL; 18; 21; 3; 2432
INTERNAL; 22; 23; 1; 30; INTERNAL; 16; 20; 4; 1165
INTERNAL; 22; 23; 1; 30; INTERNAL; 16; 22; 6; 28
INTERNAL; 16; 22; 6; 28; INTERNAL; 15; 19; 4; 1194
INTERNAL; 16; 22; 6; 28; INTERNAL; 14; 18; 4; 2022
INTERNAL; 16; 22; 6; 28; INTERNAL; 11; 18; 7; 2023
INTERNAL; 16; 22; 6; 28; INTERNAL; 13; 18; 5; 2678
INTERNAL; 16; 22; 6; 28; INTERNAL; 12; 18; 6; 2806
INTERNAL; 16; 22; 6; 28; INTERNAL; 14; 19; 5; 2803
INTERNAL; 22; 23; 1; 30; INTERNAL; 15; 20; 5; 2805
INTERNAL; 23; 24; 1; 554; INTERNAL; 21; 23; 2; 1088
INTERNAL; 21; 23; 2; 1088; INTERNAL; 13; 22; 9; 323
INTERNAL; 13; 22; 9; 323; INTERNAL; 11; 19; 8; 1600
INTERNAL; 11; 19; 8; 1600; INTERNAL; 10; 15; 5; 36
INTERNAL; 10; 15; 5; 36; INTERNAL; 7; 14; 7; 46
INTERNAL; 7; 14; 7; 46; INTERNAL; 6; 13; 7; 90
INTERNAL; 6; 13; 7; 90; INTERNAL; 3; 8; 5; 836
INTERNAL; 6; 13; 7; 90; INTERNAL; 5; 9; 4; 220
INTERNAL; 5; 9; 4; 220; INTERNAL; 4; 7; 3; 574
INTERNAL; 6; 13; 7; 90; INTERNAL; 3; 9; 6; 261
INTERNAL; 7; 14; 7; 46; INTERNAL; 5; 13; 8; 45
INTERNAL; 5; 13; 8; 45; INTERNAL; 3; 6; 3; 505
INTERNAL; 5; 13; 8; 45; INTERNAL; 3; 5; 2; 1575
INTERNAL; 5; 13; 8; 45; INTERNAL; 4; 12; 8; 1484
INTERNAL; 7; 14; 7; 46; INTERNAL; 5; 13; 8; 901
INTERNAL; 5; 13; 8; 901; INTERNAL; 3; 9; 6; 1369
INTERNAL; 5; 13; 8; 901; INTERNAL; 4; 7; 3; 2087
INTERNAL; 5; 13; 8; 901; INTERNAL; 3; 8; 5; 529
INTERNAL; 5; 13; 8; 901; INTERNAL; 3; 8; 5; 260
INTERNAL; 10; 15; 5; 36; INTERNAL; 6; 14; 8; 322
INTERNAL; 6; 14; 8; 322; INTERNAL; 4; 13; 9; 1296
INTERNAL; 4; 13; 9; 1296; INTERNAL; 3; 9; 6; 130
INTERNAL; 6; 14; 8; 322; INTERNAL; 5; 13; 8; 44
INTERNAL; 5; 13; 8; 44; INTERNAL; 4; 8; 4; 141
INTERNAL; 5; 13; 8; 44; INTERNAL; 3; 8; 5; 268
INTERNAL; 6; 14; 8; 322; INTERNAL; 5; 13; 8; 2329
INTERNAL; 5; 13; 8; 2329; INTERNAL; 4; 8; 4; 202
INTERNAL; 5; 13; 8; 2329; INTERNAL; 4; 9; 5; 203
INTERNAL; 5; 13; 8; 2329; INTERNAL; 3; 9; 6; 246
INTERNAL; 5; 13; 8; 2329; INTERNAL; 3; 9; 6; 1505
INTERNAL; 3; 9; 6; 1505; INTERNAL; 2; 8; 6; 201
INTERNAL; 10; 15; 5; 36; INTERNAL; 9; 14; 5; 47
INTERNAL; 9; 14; 5; 47; INTERNAL; 8; 11; 3; 83
INTERNAL; 8; 11; 3; 83; INTERNAL; 5; 10; 5; 80
INTERNAL; 5; 10; 5; 80; INTERNAL; 3; 8; 5; 2353
INTERNAL; 5; 10; 5; 80; INTERNAL; 4; 7; 3; 167
INTERNAL; 4; 7; 3; 167; INTERNAL; 3; 4; 1; 1029
INTERNAL; 8; 11; 3; 83; INTERNAL; 7; 10; 3; 2799
INTERNAL; 7; 10; 3; 2799; INTERNAL; 6; 9; 3; 252
INTERNAL; 6; 9; 3; 252; INTERNAL; 5; 8; 3; 987
INTERNAL; 5; 8; 3; 987; INTERNAL; 2; 7; 5; 243
INTERNAL; 5; 8; 3; 987; INTERNAL; 4; 7; 3; 1665
INTERNAL; 6; 9; 3; 252; INTERNAL; 4; 8; 4; 2105
INTERNAL; 9; 14; 5; 47; INTERNAL; 6; 11; 5; 81
INTERNAL; 6; 11; 5; 81; INTERNAL; 5; 10; 5; 75
INTERNAL; 5; 10; 5; 75; INTERNAL; 4; 9; 5; 1947
INTERNAL; 9; 14; 5; 47; INTERNAL; 7; 11; 4; 82
INTERNAL; 7; 11; 4; 82; INTERNAL; 5; 10; 5; 356
INTERNAL; 5; 10; 5; 356; INTERNAL; 4; 6; 2; 1710
INTERNAL; 5; 10; 5; 356; INTERNAL; 3; 6; 3; 1217
INTERNAL; 7; 11; 4; 82; INTERNAL; 6; 10; 4; 78
INTERNAL; 6; 10; 4; 78; INTERNAL; 5; 9; 4; 77
INTERNAL; 6; 10; 4; 78; INTERNAL; 5; 9; 4; 76
INTERNAL; 5; 9; 4; 76; INTERNAL; 3; 8; 5; 237
INTERNAL; 7; 11; 4; 82; INTERNAL; 6; 10; 4; 79
INTERNAL; 6; 10; 4; 79; INTERNAL; 5; 9; 4; 92
INTERNAL; 5; 9; 4; 92; INTERNAL; 3; 8; 5; 236
INTERNAL; 11; 19; 8; 1600; INTERNAL; 7; 15; 8; 35
INTERNAL; 11; 19; 8; 1600; INTERNAL; 6; 15; 9; 2155
INTERNAL; 13; 22; 9; 323; INTERNAL; 12; 19; 7; 34
INTERNAL; 12; 19; 7; 34; INTERNAL; 10; 16; 6; 786
INTERNAL; 10; 16; 6; 786; INTERNAL; 8; 14; 6; 42
INTERNAL; 8; 14; 6; 42; INTERNAL; 6; 11; 5; 65
INTERNAL; 6; 11; 5; 65; INTERNAL; 3; 6; 3; 1274
INTERNAL; 6; 11; 5; 65; INTERNAL; 5; 10; 5; 317
INTERNAL; 5; 10; 5; 317; INTERNAL; 3; 9; 6; 1348
INTERNAL; 5; 10; 5; 317; INTERNAL; 4; 6; 2; 1976
INTERNAL; 8; 14; 6; 42; INTERNAL; 7; 11; 4; 66
INTERNAL; 7; 11; 4; 66; INTERNAL; 3; 9; 6; 1849
INTERNAL; 7; 11; 4; 66; INTERNAL; 3; 7; 4; 993
INTERNAL; 7; 11; 4; 66; INTERNAL; 6; 10; 4; 64
INTERNAL; 6; 10; 4; 64; INTERNAL; 3; 9; 6; 178
INTERNAL; 6; 10; 4; 64; INTERNAL; 4; 8; 4; 214
INTERNAL; 6; 10; 4; 64; INTERNAL; 5; 9; 4; 63
INTERNAL; 5; 9; 4; 63; INTERNAL; 3; 8; 5; 2363
INTERNAL; 5; 9; 4; 63; INTERNAL; 3; 8; 5; 215
INTERNAL; 7; 11; 4; 66; INTERNAL; 5; 10; 5; 1835
INTERNAL; 5; 10; 5; 1835; INTERNAL; 3; 6; 3; 1490
INTERNAL; 5; 10; 5; 1835; INTERNAL; 4; 8; 4; 730
INTERNAL; 5; 10; 5; 1835; INTERNAL; 3; 9; 6; 212
INTERNAL; 8; 14; 6; 42; INTERNAL; 6; 11; 5; 104
INTERNAL; 6; 11; 5; 104; INTERNAL; 3; 9; 6; 199
INTERNAL; 6; 11; 5; 104; INTERNAL; 5; 10; 5; 62
INTERNAL; 5; 10; 5; 62; INTERNAL; 4; 9; 5; 1905
INTERNAL; 4; 9; 5; 1905; INTERNAL; 3; 8; 5; 197
INTERNAL; 6; 11; 5; 104; INTERNAL; 4; 5; 1; 1173
INTERNAL; 10; 16; 6; 786; INTERNAL; 9; 14; 5; 43
INTERNAL; 9; 14; 5; 43; INTERNAL; 8; 11; 3; 74
INTERNAL; 8; 11; 3; 74; INTERNAL; 5; 10; 5; 603
INTERNAL; 5; 10; 5; 603; INTERNAL; 3; 9; 6; 198
INTERNAL; 8; 11; 3; 74; INTERNAL; 5; 10; 5; 2313
INTERNAL; 5; 10; 5; 2313; INTERNAL; 4; 8; 4; 2703
INTERNAL; 5; 10; 5; 2313; INTERNAL; 3; 8; 5; 1246
INTERNAL; 8; 11; 3; 74; INTERNAL; 5; 9; 4; 258
INTERNAL; 5; 9; 4; 258; INTERNAL; 3; 8; 5; 256
INTERNAL; 8; 11; 3; 74; INTERNAL; 7; 10; 3; 775
INTERNAL; 7; 10; 3; 775; INTERNAL; 5; 9; 4; 254
INTERNAL; 7; 10; 3; 775; INTERNAL; 6; 9; 3; 72
INTERNAL; 6; 9; 3; 72; INTERNAL; 2; 8; 6; 71
INTERNAL; 6; 9; 3; 72; INTERNAL; 5; 8; 3; 893
INTERNAL; 9; 14; 5; 43; INTERNAL; 7; 11; 4; 73
INTERNAL; 7; 11; 4; 73; INTERNAL; 5; 10; 5; 68
INTERNAL; 5; 10; 5; 68; INTERNAL; 4; 9; 5; 159
INTERNAL; 4; 9; 5; 159; INTERNAL; 3; 8; 5; 269
INTERNAL; 5; 10; 5; 68; INTERNAL; 3; 9; 6; 270
INTERNAL; 7; 11; 4; 73; INTERNAL; 6; 10; 4; 2254
INTERNAL; 6; 10; 4; 2254; INTERNAL; 5; 8; 3; 271
INTERNAL; 5; 8; 3; 271; INTERNAL; 4; 4; 0; 1034
INTERNAL; 6; 10; 4; 2254; INTERNAL; 2; 9; 7; 1753
INTERNAL; 6; 10; 4; 2254; INTERNAL; 3; 9; 6; 67
INTERNAL; 7; 11; 4; 73; INTERNAL; 5; 9; 4; 155
INTERNAL; 5; 9; 4; 155; INTERNAL; 3; 8; 5; 274
INTERNAL; 9; 14; 5; 43; INTERNAL; 7; 11; 4; 405
INTERNAL; 7; 11; 4; 405; INTERNAL; 3; 9; 6; 2126
INTERNAL; 3; 9; 6; 2126; INTERNAL; 2; 4; 2; 1491
INTERNAL; 7; 11; 4; 405; INTERNAL; 6; 10; 4; 69
INTERNAL; 6; 10; 4; 69; INTERNAL; 5; 9; 4; 2111
INTERNAL; 7; 11; 4; 405; INTERNAL; 4; 9; 5; 1531
INTERNAL; 7; 11; 4; 405; INTERNAL; 5; 10; 5; 70
INTERNAL; 12; 19; 7; 34; INTERNAL; 11; 16; 5; 37
INTERNAL; 12; 19; 7; 34; INTERNAL; 11; 16; 5; 1375
INTERNAL; 11; 16; 5; 1375; INTERNAL; 10; 15; 5; 2715
INTERNAL; 11; 16; 5; 1375; INTERNAL; 10; 15; 5; 48
INTERNAL; 11; 16; 5; 1375; INTERNAL; 10; 15; 5; 219
INTERNAL; 10; 15; 5; 219; INTERNAL; 9; 12; 3; 84
INTERNAL; 10; 15; 5; 219; INTERNAL; 9; 12; 3; 307
INTERNAL; 10; 15; 5; 219; INTERNAL; 9; 12; 3; 85
INTERNAL; 9; 12; 3; 85; INTERNAL; 7; 11; 4; 1998
INTERNAL; 7; 11; 4; 1998; INTERNAL; 6; 10; 4; 169
INTERNAL; 6; 10; 4; 169; INTERNAL; 5; 9; 4; 168
INTERNAL; 6; 10; 4; 169; INTERNAL; 4; 9; 5; 242
INTERNAL; 4; 9; 5; 242; INTERNAL; 3; 8; 5; 633
INTERNAL; 7; 11; 4; 1998; INTERNAL; 5; 10; 5; 170
INTERNAL; 5; 10; 5; 170; INTERNAL; 3; 9; 6; 166
INTERNAL; 7; 11; 4; 1998; INTERNAL; 5; 8; 3; 244
INTERNAL; 9; 12; 3; 85; INTERNAL; 8; 11; 3; 175
INTERNAL; 8; 11; 3; 175; INTERNAL; 5; 10; 5; 173
INTERNAL; 5; 10; 5; 173; INTERNAL; 4; 9; 5; 1200
INTERNAL; 8; 11; 3; 175; INTERNAL; 5; 10; 5; 174
INTERNAL; 5; 10; 5; 174; INTERNAL; 3; 9; 6; 228
INTERNAL; 8; 11; 3; 175; INTERNAL; 7; 10; 3; 172
INTERNAL; 7; 10; 3; 172; INTERNAL; 6; 9; 3; 171
INTERNAL; 6; 9; 3; 171; INTERNAL; 4; 6; 2; 1125
INTERNAL; 6; 9; 3; 171; INTERNAL; 5; 8; 3; 231
INTERNAL; 21; 23; 2; 1088; INTERNAL; 20; 22; 2; 1821
INTERNAL; 20; 22; 2; 1821; INTERNAL; 18; 21; 3; 18
INTERNAL; 18; 21; 3; 18; INTERNAL; 16; 20; 4; 17
INTERNAL; 16; 20; 4; 17; INTERNAL; 15; 19; 4; 33
INTERNAL; 15; 19; 4; 33; INTERNAL; 14; 17; 3; 286
INTERNAL; 14; 17; 3; 286; INTERNAL; 13; 16; 3; 1330
INTERNAL; 13; 16; 3; 1330; INTERNAL; 12; 15; 3; 431
INTERNAL; 12; 15; 3; 431; INTERNAL; 11; 14; 3; 1475
INTERNAL; 11; 14; 3; 1475; INTERNAL; 10; 13; 3; 193
INTERNAL; 10; 13; 3; 193; INTERNAL; 8; 12; 4; 229
INTERNAL; 8; 12; 4; 229; INTERNAL; 7; 11; 4; 561
INTERNAL; 7; 11; 4; 561; INTERNAL; 6; 10; 4; 207
INTERNAL; 6; 10; 4; 207; INTERNAL; 3; 9; 6; 205
INTERNAL; 6; 10; 4; 207; INTERNAL; 5; 9; 4; 204
INTERNAL; 5; 9; 4; 204; INTERNAL; 3; 8; 5; 2257
INTERNAL; 6; 10; 4; 207; INTERNAL; 3; 9; 6; 1706
INTERNAL; 7; 11; 4; 561; INTERNAL; 4; 10; 6; 1311
INTERNAL; 7; 11; 4; 561; INTERNAL; 4; 9; 5; 208
INTERNAL; 4; 9; 5; 208; INTERNAL; 3; 6; 3; 1078
INTERNAL; 7; 11; 4; 561; INTERNAL; 5; 10; 5; 206
INTERNAL; 5; 10; 5; 206; INTERNAL; 3; 9; 6; 200
INTERNAL; 8; 12; 4; 229; INTERNAL; 7; 11; 4; 222
INTERNAL; 7; 11; 4; 222; INTERNAL; 6; 10; 4; 548
INTERNAL; 6; 10; 4; 548; INTERNAL; 5; 9; 4; 211
INTERNAL; 6; 10; 4; 548; INTERNAL; 5; 9; 4; 2702
INTERNAL; 5; 9; 4; 2702; INTERNAL; 4; 8; 4; 210
INTERNAL; 4; 8; 4; 210; INTERNAL; 3; 7; 4; 643
INTERNAL; 3; 7; 4; 643; INTERNAL; 2; 6; 4; 1243
INTERNAL; 5; 9; 4; 2702; INTERNAL; 4; 7; 3; 813
INTERNAL; 5; 9; 4; 2702; INTERNAL; 3; 5; 2; 1365
INTERNAL; 7; 11; 4; 222; INTERNAL; 3; 10; 7; 216
INTERNAL; 7; 11; 4; 222; INTERNAL; 5; 10; 5; 213
INTERNAL; 5; 10; 5; 213; INTERNAL; 4; 9; 5; 209
INTERNAL; 8; 12; 4; 229; INTERNAL; 7; 11; 4; 223
INTERNAL; 7; 11; 4; 223; INTERNAL; 6; 10; 4; 2409
INTERNAL; 6; 10; 4; 2409; INTERNAL; 3; 9; 6; 1412
INTERNAL; 6; 10; 4; 2409; INTERNAL; 5; 9; 4; 217
INTERNAL; 6; 10; 4; 2409; INTERNAL; 3; 7; 4; 2147
INTERNAL; 6; 10; 4; 2409; INTERNAL; 4; 9; 5; 218
INTERNAL; 7; 11; 4; 223; INTERNAL; 6; 10; 4; 221
INTERNAL; 7; 11; 4; 223; INTERNAL; 6; 10; 4; 1787
INTERNAL; 6; 10; 4; 1787; INTERNAL; 3; 5; 2; 1561
INTERNAL; 6; 10; 4; 1787; INTERNAL; 5; 9; 4; 740
INTERNAL; 10; 13; 3; 193; INTERNAL; 7; 12; 5; 191
INTERNAL; 7; 12; 5; 191; INTERNAL; 6; 11; 5; 190
INTERNAL; 6; 11; 5; 190; INTERNAL; 4; 10; 6; 182
INTERNAL; 6; 11; 5; 190; INTERNAL; 5; 10; 5; 855
INTERNAL; 6; 11; 5; 190; INTERNAL; 5; 10; 5; 311
INTERNAL; 5; 10; 5; 311; INTERNAL; 3; 9; 6; 2350
INTERNAL; 6; 11; 5; 190; INTERNAL; 5; 10; 5; 183
INTERNAL; 7; 12; 5; 191; INTERNAL; 6; 11; 5; 188
INTERNAL; 6; 11; 5; 188; INTERNAL; 5; 10; 5; 181
INTERNAL; 6; 11; 5; 188; INTERNAL; 5; 10; 5; 179
INTERNAL; 5; 10; 5; 179; INTERNAL; 3; 5; 2; 1178
INTERNAL; 6; 11; 5; 188; INTERNAL; 5; 10; 5; 180
INTERNAL; 7; 12; 5; 191; INTERNAL; 6; 11; 5; 1122
INTERNAL; 6; 11; 5; 1122; INTERNAL; 5; 10; 5; 186
INTERNAL; 6; 11; 5; 1122; INTERNAL; 5; 10; 5; 185
INTERNAL; 6; 11; 5; 1122; INTERNAL; 5; 10; 5; 1390
INTERNAL; 5; 10; 5; 1390; INTERNAL; 4; 9; 5; 184
INTERNAL; 6; 11; 5; 1122; INTERNAL; 5; 10; 5; 187
INTERNAL; 10; 13; 3; 193; INTERNAL; 9; 12; 3; 2713
INTERNAL; 9; 12; 3; 2713; INTERNAL; 7; 11; 4; 279
INTERNAL; 7; 11; 4; 279; INTERNAL; 5; 10; 5; 266
INTERNAL; 5; 10; 5; 266; INTERNAL; 3; 9; 6; 262
INTERNAL; 7; 11; 4; 279; INTERNAL; 4; 10; 6; 267
INTERNAL; 4; 10; 6; 267; INTERNAL; 3; 9; 6; 259
INTERNAL; 7; 11; 4; 279; INTERNAL; 3; 7; 4; 2036
INTERNAL; 7; 11; 4; 279; INTERNAL; 6; 10; 4; 264
INTERNAL; 6; 10; 4; 264; INTERNAL; 5; 9; 4; 263
INTERNAL; 9; 12; 3; 2713; INTERNAL; 8; 11; 3; 280
INTERNAL; 8; 11; 3; 280; INTERNAL; 5; 10; 5; 276
INTERNAL; 8; 11; 3; 280; INTERNAL; 4; 10; 6; 277
INTERNAL; 8; 11; 3; 280; INTERNAL; 4; 10; 6; 1090
INTERNAL; 8; 11; 3; 280; INTERNAL; 7; 10; 3; 275
INTERNAL; 7; 10; 3; 275; INTERNAL; 6; 9; 3; 273
INTERNAL; 9; 12; 3; 2713; INTERNAL; 7; 11; 4; 278
INTERNAL; 7; 11; 4; 278; INTERNAL; 5; 10; 5; 1107
INTERNAL; 5; 10; 5; 1107; INTERNAL; 3; 9; 6; 543
INTERNAL; 5; 10; 5; 1107; INTERNAL; 3; 9; 6; 655
INTERNAL; 7; 11; 4; 278; INTERNAL; 6; 10; 4; 315
INTERNAL; 7; 11; 4; 278; INTERNAL; 6; 10; 4; 257
INTERNAL; 6; 10; 4; 257; INTERNAL; 5; 9; 4; 1539
INTERNAL; 7; 11; 4; 278; INTERNAL; 6; 10; 4; 2139
INTERNAL; 6; 10; 4; 2139; INTERNAL; 5; 9; 4; 255
INTERNAL; 5; 9; 4; 255; INTERNAL; 2; 8; 6; 1065
INTERNAL; 11; 14; 3; 1475; INTERNAL; 10; 13; 3; 782
INTERNAL; 10; 13; 3; 782; INTERNAL; 7; 12; 5; 281
INTERNAL; 7; 12; 5; 281; INTERNAL; 6; 11; 5; 227
INTERNAL; 6; 11; 5; 227; INTERNAL; 3; 8; 5; 225
INTERNAL; 6; 11; 5; 227; INTERNAL; 5; 10; 5; 224
INTERNAL; 5; 10; 5; 224; INTERNAL; 4; 9; 5; 1396
INTERNAL; 7; 12; 5; 281; INTERNAL; 6; 11; 5; 226
INTERNAL; 6; 11; 5; 226; INTERNAL; 5; 10; 5; 360
INTERNAL; 7; 12; 5; 281; INTERNAL; 5; 9; 4; 2138
INTERNAL; 5; 9; 4; 2138; INTERNAL; 3; 8; 5; 701
INTERNAL; 7; 12; 5; 281; INTERNAL; 4; 11; 7; 909
INTERNAL; 10; 13; 3; 782; INTERNAL; 9; 12; 3; 931
INTERNAL; 10; 13; 3; 782; INTERNAL; 9; 12; 3; 282
INTERNAL; 9; 12; 3; 282; INTERNAL; 7; 11; 4; 251
INTERNAL; 7; 11; 4; 251; INTERNAL; 6; 10; 4; 241
INTERNAL; 6; 10; 4; 241; INTERNAL; 5; 9; 4; 1925
INTERNAL; 7; 11; 4; 251; INTERNAL; 6; 10; 4; 2340
INTERNAL; 6; 10; 4; 2340; INTERNAL; 5; 9; 4; 235
INTERNAL; 7; 11; 4; 251; INTERNAL; 6; 10; 4; 240
INTERNAL; 6; 10; 4; 240; INTERNAL; 5; 9; 4; 239
INTERNAL; 5; 9; 4; 239; INTERNAL; 3; 8; 5; 238
INTERNAL; 9; 12; 3; 282; INTERNAL; 8; 11; 3; 253
INTERNAL; 8; 11; 3; 253; INTERNAL; 7; 10; 3; 248
INTERNAL; 7; 10; 3; 248; INTERNAL; 6; 9; 3; 247
INTERNAL; 6; 9; 3; 247; INTERNAL; 3; 8; 5; 245
INTERNAL; 8; 11; 3; 253; INTERNAL; 4; 10; 6; 287
INTERNAL; 8; 11; 3; 253; INTERNAL; 5; 10; 5; 249
INTERNAL; 8; 11; 3; 253; INTERNAL; 5; 10; 5; 250
INTERNAL; 9; 12; 3; 282; INTERNAL; 7; 11; 4; 1222
INTERNAL; 7; 11; 4; 1222; INTERNAL; 4; 10; 6; 233
INTERNAL; 7; 11; 4; 1222; INTERNAL; 5; 10; 5; 232
INTERNAL; 7; 11; 4; 1222; INTERNAL; 6; 10; 4; 408
INTERNAL; 6; 10; 4; 408; INTERNAL; 5; 9; 4; 230
INTERNAL; 11; 14; 3; 1475; INTERNAL; 10; 13; 3; 192
INTERNAL; 10; 13; 3; 192; INTERNAL; 9; 12; 3; 2443
INTERNAL; 10; 13; 3; 192; INTERNAL; 9; 12; 3; 177
INTERNAL; 10; 13; 3; 192; INTERNAL; 8; 12; 4; 176
INTERNAL; 8; 12; 4; 176; INTERNAL; 7; 11; 4; 164
INTERNAL; 7; 11; 4; 164; INTERNAL; 5; 10; 5; 152
INTERNAL; 7; 11; 4; 164; INTERNAL; 5; 10; 5; 154
INTERNAL; 7; 11; 4; 164; INTERNAL; 6; 10; 4; 151
INTERNAL; 8; 12; 4; 176; INTERNAL; 7; 11; 4; 1782
INTERNAL; 7; 11; 4; 1782; INTERNAL; 6; 10; 4; 156
INTERNAL; 7; 11; 4; 1782; INTERNAL; 5; 10; 5; 157
INTERNAL; 8; 12; 4; 176; INTERNAL; 7; 11; 4; 165
INTERNAL; 7; 11; 4; 165; INTERNAL; 6; 10; 4; 1052
INTERNAL; 6; 10; 4; 1052; INTERNAL; 4; 9; 5; 162
INTERNAL; 4; 9; 5; 162; INTERNAL; 2; 8; 6; 272
INTERNAL; 6; 10; 4; 1052; INTERNAL; 5; 9; 4; 161
INTERNAL; 5; 9; 4; 161; INTERNAL; 4; 8; 4; 2668
INTERNAL; 7; 11; 4; 165; INTERNAL; 5; 10; 5; 422
INTERNAL; 5; 10; 5; 422; INTERNAL; 4; 8; 4; 2160
INTERNAL; 5; 10; 5; 422; INTERNAL; 3; 9; 6; 160
INTERNAL; 7; 11; 4; 165; INTERNAL; 6; 10; 4; 747
INTERNAL; 6; 10; 4; 747; INTERNAL; 5; 9; 4; 163
INTERNAL; 12; 15; 3; 431; INTERNAL; 11; 14; 3; 283
INTERNAL; 11; 14; 3; 283; INTERNAL; 8; 13; 5; 2072
INTERNAL; 11; 14; 3; 283; INTERNAL; 7; 13; 6; 1316
INTERNAL; 7; 13; 6; 1316; INTERNAL; 4; 12; 8; 391
INTERNAL; 7; 13; 6; 1316; INTERNAL; 6; 12; 6; 196
INTERNAL; 7; 13; 6; 1316; INTERNAL; 6; 12; 6; 195
INTERNAL; 6; 12; 6; 195; INTERNAL; 5; 11; 6; 194
INTERNAL; 11; 14; 3; 283; INTERNAL; 10; 13; 3; 555
INTERNAL; 12; 15; 3; 431; INTERNAL; 10; 14; 4; 719
INTERNAL; 10; 14; 4; 719; INTERNAL; 8; 13; 5; 150
INTERNAL; 8; 13; 5; 150; INTERNAL; 7; 12; 5; 117
INTERNAL; 7; 12; 5; 117; INTERNAL; 5; 11; 6; 158
INTERNAL; 5; 11; 6; 158; INTERNAL; 4; 9; 5; 136
INTERNAL; 5; 11; 6; 158; INTERNAL; 3; 10; 7; 1616
INTERNAL; 5; 11; 6; 158; INTERNAL; 3; 9; 6; 135
INTERNAL; 7; 12; 5; 117; INTERNAL; 6; 11; 5; 1990
INTERNAL; 6; 11; 5; 1990; INTERNAL; 5; 9; 4; 143
INTERNAL; 5; 9; 4; 143; INTERNAL; 4; 8; 4; 140
INTERNAL; 6; 11; 5; 1990; INTERNAL; 5; 9; 4; 142
INTERNAL; 6; 11; 5; 1990; INTERNAL; 5; 10; 5; 110
INTERNAL; 5; 10; 5; 110; INTERNAL; 3; 6; 3; 729
INTERNAL; 7; 12; 5; 117; INTERNAL; 6; 11; 5; 111
INTERNAL; 6; 11; 5; 111; INTERNAL; 5; 10; 5; 145
INTERNAL; 5; 10; 5; 145; INTERNAL; 2; 9; 7; 138
INTERNAL; 5; 10; 5; 145; INTERNAL; 3; 9; 6; 139
INTERNAL; 7; 12; 5; 117; INTERNAL; 5; 11; 6; 112
INTERNAL; 8; 13; 5; 150; INTERNAL; 6; 12; 6; 146
INTERNAL; 6; 12; 6; 146; INTERNAL; 3; 10; 7; 123
INTERNAL; 6; 12; 6; 146; INTERNAL; 4; 11; 7; 107
INTERNAL; 4; 11; 7; 107; INTERNAL; 3; 9; 6; 984
INTERNAL; 6; 12; 6; 146; INTERNAL; 5; 11; 6; 108
INTERNAL; 5; 11; 6; 108; INTERNAL; 3; 10; 7; 106
INTERNAL; 6; 12; 6; 146; INTERNAL; 4; 11; 7; 109
INTERNAL; 4; 11; 7; 109; INTERNAL; 3; 9; 6; 122
INTERNAL; 4; 11; 7; 109; INTERNAL; 3; 9; 6; 1251
INTERNAL; 8; 13; 5; 150; INTERNAL; 7; 12; 5; 118
INTERNAL; 7; 12; 5; 118; INTERNAL; 6; 11; 5; 114
INTERNAL; 6; 11; 5; 114; INTERNAL; 5; 10; 5; 767
INTERNAL; 5; 10; 5; 767; INTERNAL; 4; 9; 5; 127
INTERNAL; 7; 12; 5; 118; INTERNAL; 4; 11; 7; 116
INTERNAL; 4; 11; 7; 116; INTERNAL; 2; 10; 8; 128
INTERNAL; 7; 12; 5; 118; INTERNAL; 4; 10; 6; 1754
INTERNAL; 7; 12; 5; 118; INTERNAL; 5; 11; 6; 115
INTERNAL; 5; 11; 6; 115; INTERNAL; 4; 10; 6; 265
INTERNAL; 4; 10; 6; 265; INTERNAL; 3; 7; 4; 877
INTERNAL; 3; 7; 4; 877; INTERNAL; 2; 6; 4; 2218
INTERNAL; 5; 11; 6; 115; INTERNAL; 4; 10; 6; 113
INTERNAL; 10; 14; 4; 719; INTERNAL; 9; 13; 4; 2233
INTERNAL; 9; 13; 4; 2233; INTERNAL; 8; 12; 4; 2169
INTERNAL; 8; 12; 4; 2169; INTERNAL; 7; 11; 4; 727
INTERNAL; 7; 11; 4; 727; INTERNAL; 6; 10; 4; 144
INTERNAL; 8; 12; 4; 2169; INTERNAL; 6; 11; 5; 147
INTERNAL; 6; 11; 5; 147; INTERNAL; 5; 10; 5; 2316
INTERNAL; 5; 10; 5; 2316; INTERNAL; 4; 9; 5; 137
INTERNAL; 6; 11; 5; 147; INTERNAL; 2; 10; 8; 1492
INTERNAL; 9; 13; 4; 2233; INTERNAL; 7; 12; 5; 149
INTERNAL; 7; 12; 5; 149; INTERNAL; 5; 11; 6; 2190
INTERNAL; 7; 12; 5; 149; INTERNAL; 5; 11; 6; 132
INTERNAL; 7; 12; 5; 149; INTERNAL; 5; 11; 6; 134
INTERNAL; 7; 12; 5; 149; INTERNAL; 6; 11; 5; 133
INTERNAL; 6; 11; 5; 133; INTERNAL; 4; 10; 6; 889
INTERNAL; 4; 10; 6; 889; INTERNAL; 3; 9; 6; 129
INTERNAL; 6; 11; 5; 133; INTERNAL; 5; 10; 5; 131
INTERNAL; 5; 10; 5; 131; INTERNAL; 4; 5; 1; 1304
INTERNAL; 9; 13; 4; 2233; INTERNAL; 7; 12; 5; 148
INTERNAL; 7; 12; 5; 148; INTERNAL; 4; 11; 7; 125
INTERNAL; 4; 11; 7; 125; INTERNAL; 3; 10; 7; 119
INTERNAL; 4; 11; 7; 125; INTERNAL; 3; 10; 7; 120
INTERNAL; 7; 12; 5; 148; INTERNAL; 6; 11; 5; 2362
INTERNAL; 6; 11; 5; 2362; INTERNAL; 5; 10; 5; 124
INTERNAL; 5; 10; 5; 124; INTERNAL; 4; 9; 5; 121
INTERNAL; 7; 12; 5; 148; INTERNAL; 4; 11; 7; 126
INTERNAL; 4; 11; 7; 126; INTERNAL; 3; 10; 7; 2000
INTERNAL; 7; 12; 5; 148; INTERNAL; 4; 11; 7; 368
INTERNAL; 4; 11; 7; 368; INTERNAL; 3; 8; 5; 2344
INTERNAL; 13; 16; 3; 1330; INTERNAL; 12; 15; 3; 940
INTERNAL; 12; 15; 3; 940; INTERNAL; 9; 14; 5; 103
INTERNAL; 9; 14; 5; 103; INTERNAL; 8; 13; 5; 100
INTERNAL; 12; 15; 3; 940; INTERNAL; 11; 14; 3; 105
INTERNAL; 12; 15; 3; 940; INTERNAL; 7; 14; 7; 102
INTERNAL; 7; 14; 7; 102; INTERNAL; 6; 13; 7; 99
INTERNAL; 6; 13; 7; 99; INTERNAL; 5; 12; 7; 1576
INTERNAL; 6; 13; 7; 99; INTERNAL; 3; 7; 4; 1500
INTERNAL; 7; 14; 7; 102; INTERNAL; 5; 13; 8; 98
INTERNAL; 5; 13; 8; 98; INTERNAL; 4; 12; 8; 1075
INTERNAL; 7; 14; 7; 102; INTERNAL; 6; 13; 7; 97
INTERNAL; 6; 13; 7; 97; INTERNAL; 4; 12; 8; 96
INTERNAL; 6; 13; 7; 97; INTERNAL; 5; 12; 7; 95
INTERNAL; 13; 16; 3; 1330; INTERNAL; 9; 15; 6; 284
INTERNAL; 14; 17; 3; 286; INTERNAL; 13; 16; 3; 1359
INTERNAL; 13; 16; 3; 1359; INTERNAL; 12; 15; 3; 2142
INTERNAL; 13; 16; 3; 1359; INTERNAL; 10; 15; 5; 88
INTERNAL; 13; 16; 3; 1359; INTERNAL; 12; 15; 3; 89
INTERNAL; 12; 15; 3; 89; INTERNAL; 11; 14; 3; 1406
INTERNAL; 11; 14; 3; 1406; INTERNAL; 9; 13; 4; 153
INTERNAL; 9; 13; 4; 153; INTERNAL; 8; 12; 4; 2472
INTERNAL; 9; 13; 4; 153; INTERNAL; 7; 12; 5; 1763
INTERNAL; 9; 13; 4; 153; INTERNAL; 8; 12; 4; 1851
INTERNAL; 11; 14; 3; 1406; INTERNAL; 10; 13; 3; 87
INTERNAL; 11; 14; 3; 1406; INTERNAL; 10; 13; 3; 86
INTERNAL; 12; 15; 3; 89; INTERNAL; 11; 14; 3; 698
INTERNAL; 11; 14; 3; 698; INTERNAL; 10; 13; 3; 61
INTERNAL; 11; 14; 3; 698; INTERNAL; 7; 13; 6; 59
INTERNAL; 7; 13; 6; 59; INTERNAL; 6; 12; 6; 58
INTERNAL; 6; 12; 6; 58; INTERNAL; 5; 11; 6; 56
INTERNAL; 5; 11; 6; 56; INTERNAL; 4; 10; 6; 55
INTERNAL; 4; 10; 6; 55; INTERNAL; 3; 9; 6; 513
INTERNAL; 4; 10; 6; 55; INTERNAL; 3; 9; 6; 189
INTERNAL; 7; 13; 6; 59; INTERNAL; 6; 12; 6; 2222
INTERNAL; 6; 12; 6; 2222; INTERNAL; 5; 11; 6; 723
INTERNAL; 7; 13; 6; 59; INTERNAL; 6; 12; 6; 57
INTERNAL; 6; 12; 6; 57; INTERNAL; 4; 11; 7; 54
INTERNAL; 4; 11; 7; 54; INTERNAL; 3; 10; 7; 53
INTERNAL; 11; 14; 3; 698; INTERNAL; 9; 13; 4; 60
INTERNAL; 12; 15; 3; 89; INTERNAL; 11; 14; 3; 1795
INTERNAL; 15; 19; 4; 33; INTERNAL; 14; 17; 3; 2602
INTERNAL; 14; 17; 3; 2602; INTERNAL; 7; 16; 9; 285
INTERNAL; 7; 16; 9; 285; INTERNAL; 5; 15; 10; 94
INTERNAL; 7; 16; 9; 285; INTERNAL; 6; 15; 9; 2058
INTERNAL; 6; 15; 9; 2058; INTERNAL; 5; 14; 9; 91
INTERNAL; 14; 17; 3; 2602; INTERNAL; 13; 16; 3; 2224
INTERNAL; 16; 20; 4; 17; INTERNAL; 15; 19; 4; 938
INTERNAL; 15; 19; 4; 938; INTERNAL; 14; 18; 4; 32
INTERNAL; 15; 19; 4; 938; INTERNAL; 12; 18; 6; 101
INTERNAL; 18; 21; 3; 18; INTERNAL; 16; 20; 4; 1786
INTERNAL; 16; 20; 4; 1786; INTERNAL; 13; 18; 5; 289
INTERNAL; 16; 20; 4; 1786; INTERNAL; 13; 18; 5; 2191
INTERNAL; 13; 18; 5; 2191; INTERNAL; 12; 17; 5; 51
INTERNAL; 12; 17; 5; 51; INTERNAL; 11; 16; 5; 2786
INTERNAL; 12; 17; 5; 51; INTERNAL; 11; 16; 5; 49
INTERNAL; 12; 17; 5; 51; INTERNAL; 10; 16; 6; 1416
INTERNAL; 10; 16; 6; 1416; INTERNAL; 7; 15; 8; 40
INTERNAL; 10; 16; 6; 1416; INTERNAL; 9; 15; 6; 41
INTERNAL; 13; 18; 5; 2191; INTERNAL; 12; 17; 5; 52
INTERNAL; 13; 18; 5; 2191; INTERNAL; 11; 17; 6; 50
INTERNAL; 16; 20; 4; 1786; INTERNAL; 14; 18; 4; 2044
INTERNAL; 16; 20; 4; 1786; INTERNAL; 15; 18; 3; 288
INTERNAL; 18; 21; 3; 18; INTERNAL; 17; 20; 3; 2095
INTERNAL; 17; 20; 3; 2095; INTERNAL; 16; 19; 3; 1847
INTERNAL; 17; 20; 3; 2095; INTERNAL; 14; 19; 5; 290
INTERNAL; 14; 19; 5; 290; INTERNAL; 13; 18; 5; 39
INTERNAL; 14; 19; 5; 290; INTERNAL; 13; 18; 5; 93
INTERNAL; 13; 18; 5; 93; INTERNAL; 12; 17; 5; 2683
INTERNAL; 13; 18; 5; 93; INTERNAL; 10; 17; 7; 38
INTERNAL; 13; 18; 5; 93; INTERNAL; 12; 17; 5; 705
INTERNAL; 20; 22; 2; 1821; INTERNAL; 19; 20; 1; 2028
INTERNAL; 20; 22; 2; 1821; INTERNAL; 18; 21; 3; 1987
INTERNAL; 18; 21; 3; 1987; INTERNAL; 17; 20; 3; 291
INTERNAL; 18; 21; 3; 1987; INTERNAL; 13; 20; 7; 763
INTERNAL; 18; 21; 3; 1987; INTERNAL; 14; 20; 6; 2764
INTERNAL; 18; 21; 3; 1987; INTERNAL; 13; 20; 7; 666
INTERNAL; 21; 23; 2; 1088; INTERNAL; 20; 22; 2; 1245
INTERNAL; 20; 22; 2; 1245; INTERNAL; 18; 21; 3; 2613
INTERNAL; 18; 21; 3; 2613; INTERNAL; 16; 20; 4; 16
INTERNAL; 21; 23; 2; 1088; INTERNAL; 18; 22; 4; 2808
INTERNAL; 23; 24; 1; 554; INTERNAL; 21; 23; 2; 234
INTERNAL; 21; 23; 2; 234; INTERNAL; 20; 22; 2; 1935
INTERNAL; 20; 22; 2; 1935; INTERNAL; 18; 19; 1; 1162
INTERNAL; 18; 19; 1; 1162; INTERNAL; 17; 18; 1; 2064
INTERNAL; 17; 18; 1; 2064; INTERNAL; 14; 17; 3; 2043
INTERNAL; 14; 17; 3; 2043; INTERNAL; 13; 16; 3; 956
INTERNAL; 13; 16; 3; 956; INTERNAL; 12; 14; 2; 2440
INTERNAL; 12; 14; 2; 2440; INTERNAL; 10; 12; 2; 1825
INTERNAL; 10; 12; 2; 1825; INTERNAL; 9; 11; 2; 1647
INTERNAL; 9; 11; 2; 1647; INTERNAL; 7; 10; 3; 2245
INTERNAL; 7; 10; 3; 2245; INTERNAL; 5; 9; 4; 2269
INTERNAL; 5; 9; 4; 2269; INTERNAL; 4; 7; 3; 2121
INTERNAL; 7; 10; 3; 2245; INTERNAL; 3; 6; 3; 401
INTERNAL; 7; 10; 3; 2245; INTERNAL; 6; 9; 3; 2080
INTERNAL; 6; 9; 3; 2080; INTERNAL; 5; 8; 3; 1121
INTERNAL; 5; 8; 3; 1121; INTERNAL; 4; 7; 3; 2273
INTERNAL; 4; 7; 3; 2273; INTERNAL; 3; 6; 3; 1278
INTERNAL; 5; 8; 3; 1121; INTERNAL; 3; 7; 4; 2272
INTERNAL; 6; 9; 3; 2080; INTERNAL; 3; 8; 5; 681
INTERNAL; 6; 9; 3; 2080; INTERNAL; 3; 8; 5; 1521
INTERNAL; 7; 10; 3; 2245; INTERNAL; 4; 9; 5; 2271
INTERNAL; 4; 9; 5; 2271; INTERNAL; 3; 6; 3; 749
INTERNAL; 4; 9; 5; 2271; INTERNAL; 3; 8; 5; 1532
INTERNAL; 4; 9; 5; 2271; INTERNAL; 3; 6; 3; 2275
INTERNAL; 9; 11; 2; 1647; INTERNAL; 6; 10; 4; 935
INTERNAL; 6; 10; 4; 935; INTERNAL; 5; 9; 4; 2277
INTERNAL; 5; 9; 4; 2277; INTERNAL; 4; 7; 3; 1325
INTERNAL; 5; 9; 4; 2277; INTERNAL; 3; 7; 4; 1354
INTERNAL; 6; 10; 4; 935; INTERNAL; 5; 9; 4; 516
INTERNAL; 5; 9; 4; 516; INTERNAL; 3; 7; 4; 2188
INTERNAL; 5; 9; 4; 516; INTERNAL; 4; 7; 3; 2168
INTERNAL; 5; 9; 4; 516; INTERNAL; 4; 8; 4; 2279
INTERNAL; 6; 10; 4; 935; INTERNAL; 5; 9; 4; 622
INTERNAL; 9; 11; 2; 1647; INTERNAL; 8; 10; 2; 2242
INTERNAL; 8; 10; 2; 2242; INTERNAL; 6; 9; 3; 2250
INTERNAL; 6; 9; 3; 2250; INTERNAL; 3; 8; 5; 2261
INTERNAL; 6; 9; 3; 2250; INTERNAL; 5; 8; 3; 2265
INTERNAL; 5; 8; 3; 2265; INTERNAL; 4; 7; 3; 2090
INTERNAL; 6; 9; 3; 2250; INTERNAL; 4; 7; 3; 382
INTERNAL; 6; 9; 3; 2250; INTERNAL; 3; 7; 4; 2229
INTERNAL; 6; 9; 3; 2250; INTERNAL; 4; 7; 3; 2251
INTERNAL; 8; 10; 2; 2242; INTERNAL; 7; 9; 2; 412
INTERNAL; 7; 9; 2; 412; INTERNAL; 5; 8; 3; 2252
INTERNAL; 5; 8; 3; 2252; INTERNAL; 4; 7; 3; 2676
INTERNAL; 5; 8; 3; 2252; INTERNAL; 3; 7; 4; 1809
INTERNAL; 7; 9; 2; 412; INTERNAL; 3; 5; 2; 508
INTERNAL; 7; 9; 2; 412; INTERNAL; 3; 7; 4; 2260
INTERNAL; 7; 9; 2; 412; INTERNAL; 4; 7; 3; 1118
INTERNAL; 4; 7; 3; 1118; INTERNAL; 3; 6; 3; 872
INTERNAL; 7; 9; 2; 412; INTERNAL; 6; 8; 2; 2598
INTERNAL; 6; 8; 2; 2598; INTERNAL; 5; 7; 2; 1919
INTERNAL; 5; 7; 2; 1919; INTERNAL; 3; 6; 3; 2580
INTERNAL; 5; 7; 2; 1919; INTERNAL; 4; 6; 2; 2162
INTERNAL; 6; 8; 2; 2598; INTERNAL; 3; 7; 4; 2262
INTERNAL; 8; 10; 2; 2242; INTERNAL; 5; 8; 3; 2249
INTERNAL; 5; 8; 3; 2249; INTERNAL; 4; 7; 3; 2266
INTERNAL; 4; 7; 3; 2266; INTERNAL; 3; 6; 3; 2148
INTERNAL; 5; 8; 3; 2249; INTERNAL; 3; 7; 4; 1154
INTERNAL; 5; 8; 3; 2249; INTERNAL; 3; 7; 4; 2331
INTERNAL; 8; 10; 2; 2242; INTERNAL; 4; 7; 3; 2246
INTERNAL; 4; 7; 3; 2246; INTERNAL; 2; 6; 4; 2267
INTERNAL; 4; 7; 3; 2246; INTERNAL; 3; 6; 3; 2642
INTERNAL; 10; 12; 2; 1825; INTERNAL; 8; 11; 3; 2241
INTERNAL; 8; 11; 3; 2241; INTERNAL; 6; 10; 4; 2197
INTERNAL; 6; 10; 4; 2197; INTERNAL; 5; 9; 4; 1291
INTERNAL; 5; 9; 4; 1291; INTERNAL; 4; 8; 4; 2577
INTERNAL; 5; 9; 4; 1291; INTERNAL; 3; 4; 1; 1555
INTERNAL; 6; 10; 4; 2197; INTERNAL; 3; 8; 5; 2158
INTERNAL; 6; 10; 4; 2197; INTERNAL; 5; 9; 4; 2227
INTERNAL; 5; 9; 4; 2227; INTERNAL; 4; 7; 3; 2154
INTERNAL; 5; 9; 4; 2227; INTERNAL; 3; 5; 2; 2320
INTERNAL; 5; 9; 4; 2227; INTERNAL; 2; 6; 4; 2015
INTERNAL; 6; 10; 4; 2197; INTERNAL; 3; 9; 6; 2143
INTERNAL; 6; 10; 4; 2197; INTERNAL; 5; 9; 4; 2231
INTERNAL; 5; 9; 4; 2231; INTERNAL; 4; 8; 4; 2232
INTERNAL; 5; 9; 4; 2231; INTERNAL; 3; 8; 5; 562
INTERNAL; 5; 9; 4; 2231; INTERNAL; 4; 8; 4; 344
INTERNAL; 8; 11; 3; 2241; INTERNAL; 7; 10; 3; 2195
INTERNAL; 7; 10; 3; 2195; INTERNAL; 4; 6; 2; 724
INTERNAL; 7; 10; 3; 2195; INTERNAL; 4; 9; 5; 1629
INTERNAL; 7; 10; 3; 2195; INTERNAL; 6; 9; 3; 2210
INTERNAL; 6; 9; 3; 2210; INTERNAL; 5; 8; 3; 2213
INTERNAL; 5; 8; 3; 2213; INTERNAL; 4; 7; 3; 658
INTERNAL; 6; 9; 3; 2210; INTERNAL; 4; 8; 4; 1970
INTERNAL; 4; 8; 4; 1970; INTERNAL; 3; 6; 3; 885
INTERNAL; 6; 9; 3; 2210; INTERNAL; 5; 8; 3; 2214
INTERNAL; 5; 8; 3; 2214; INTERNAL; 3; 7; 4; 862
INTERNAL; 5; 8; 3; 2214; INTERNAL; 3; 7; 4; 2151
INTERNAL; 5; 8; 3; 2214; INTERNAL; 4; 7; 3; 1901
INTERNAL; 5; 8; 3; 2214; INTERNAL; 4; 7; 3; 2215
INTERNAL; 6; 9; 3; 2210; INTERNAL; 5; 8; 3; 304
INTERNAL; 7; 10; 3; 2195; INTERNAL; 6; 9; 3; 2209
INTERNAL; 6; 9; 3; 2209; INTERNAL; 5; 8; 3; 2221
INTERNAL; 6; 9; 3; 2209; INTERNAL; 4; 8; 4; 1170
INTERNAL; 7; 10; 3; 2195; INTERNAL; 5; 9; 4; 451
INTERNAL; 5; 9; 4; 451; INTERNAL; 4; 6; 2; 1669
INTERNAL; 5; 9; 4; 451; INTERNAL; 3; 8; 5; 2153
INTERNAL; 8; 11; 3; 2241; INTERNAL; 7; 10; 3; 2189
INTERNAL; 7; 10; 3; 2189; INTERNAL; 6; 9; 3; 2200
INTERNAL; 6; 9; 3; 2200; INTERNAL; 5; 8; 3; 2202
INTERNAL; 6; 9; 3; 2200; INTERNAL; 5; 8; 3; 2205
INTERNAL; 5; 8; 3; 2205; INTERNAL; 3; 7; 4; 2207
INTERNAL; 5; 8; 3; 2205; INTERNAL; 4; 7; 3; 2208
INTERNAL; 7; 10; 3; 2189; INTERNAL; 5; 9; 4; 2198
INTERNAL; 5; 9; 4; 2198; INTERNAL; 4; 7; 3; 2038
INTERNAL; 7; 10; 3; 2189; INTERNAL; 5; 9; 4; 2194
INTERNAL; 5; 9; 4; 2194; INTERNAL; 4; 7; 3; 2171
INTERNAL; 4; 7; 3; 2171; INTERNAL; 3; 6; 3; 2173
INTERNAL; 4; 7; 3; 2171; INTERNAL; 3; 6; 3; 2771
INTERNAL; 5; 9; 4; 2194; INTERNAL; 4; 7; 3; 519
INTERNAL; 5; 9; 4; 2194; INTERNAL; 3; 7; 4; 1548
INTERNAL; 10; 12; 2; 1825; INTERNAL; 9; 11; 2; 2238
INTERNAL; 9; 11; 2; 2238; INTERNAL; 7; 10; 3; 1563
INTERNAL; 7; 10; 3; 1563; INTERNAL; 5; 9; 4; 898
INTERNAL; 5; 9; 4; 898; INTERNAL; 2; 8; 6; 2285
INTERNAL; 7; 10; 3; 1563; INTERNAL; 6; 9; 3; 980
INTERNAL; 6; 9; 3; 980; INTERNAL; 5; 8; 3; 2283
INTERNAL; 5; 8; 3; 2283; INTERNAL; 3; 6; 3; 828
INTERNAL; 5; 8; 3; 2283; INTERNAL; 4; 5; 1; 2765
INTERNAL; 6; 9; 3; 980; INTERNAL; 3; 8; 5; 2066
INTERNAL; 7; 10; 3; 1563; INTERNAL; 5; 9; 4; 1525
INTERNAL; 9; 11; 2; 2238; INTERNAL; 8; 10; 2; 1076
INTERNAL; 8; 10; 2; 1076; INTERNAL; 7; 9; 2; 1735
INTERNAL; 7; 9; 2; 1735; INTERNAL; 4; 8; 4; 1031
INTERNAL; 7; 9; 2; 1735; INTERNAL; 6; 8; 2; 1097
INTERNAL; 6; 8; 2; 1097; INTERNAL; 5; 7; 2; 2055
INTERNAL; 9; 11; 2; 2238; INTERNAL; 8; 10; 2; 2119
INTERNAL; 8; 10; 2; 2119; INTERNAL; 5; 8; 3; 438
INTERNAL; 8; 10; 2; 2119; INTERNAL; 5; 8; 3; 2280
INTERNAL; 8; 10; 2; 2119; INTERNAL; 7; 9; 2; 2282
INTERNAL; 7; 9; 2; 2282; INTERNAL; 6; 8; 2; 2564
INTERNAL; 7; 9; 2; 2282; INTERNAL; 5; 8; 3; 2107
INTERNAL; 12; 14; 2; 2440; INTERNAL; 11; 12; 1; 2056
INTERNAL; 11; 12; 1; 2056; INTERNAL; 9; 11; 2; 654
INTERNAL; 9; 11; 2; 654; INTERNAL; 8; 10; 2; 2109
INTERNAL; 8; 10; 2; 2109; INTERNAL; 5; 9; 4; 532
INTERNAL; 5; 9; 4; 532; INTERNAL; 3; 8; 5; 2558
INTERNAL; 8; 10; 2; 2109; INTERNAL; 6; 9; 3; 2120
INTERNAL; 8; 10; 2; 2109; INTERNAL; 7; 9; 2; 440
INTERNAL; 7; 9; 2; 440; INTERNAL; 3; 6; 3; 796
INTERNAL; 7; 9; 2; 440; INTERNAL; 5; 8; 3; 2125
INTERNAL; 5; 8; 3; 2125; INTERNAL; 4; 7; 3; 2130
INTERNAL; 4; 7; 3; 2130; INTERNAL; 3; 6; 3; 815
INTERNAL; 5; 8; 3; 2125; INTERNAL; 4; 7; 3; 1082
INTERNAL; 5; 8; 3; 2125; INTERNAL; 3; 7; 4; 2069
INTERNAL; 7; 9; 2; 440; INTERNAL; 6; 7; 1; 2040
INTERNAL; 6; 7; 1; 2040; INTERNAL; 5; 6; 1; 2076
INTERNAL; 5; 6; 1; 2076; INTERNAL; 4; 5; 1; 2077
INTERNAL; 7; 9; 2; 440; INTERNAL; 4; 7; 3; 2074
INTERNAL; 7; 9; 2; 440; INTERNAL; 3; 7; 4; 839
INTERNAL; 9; 11; 2; 654; INTERNAL; 7; 10; 3; 916
INTERNAL; 7; 10; 3; 916; INTERNAL; 5; 9; 4; 2079
INTERNAL; 7; 10; 3; 916; INTERNAL; 5; 9; 4; 2136
INTERNAL; 7; 10; 3; 916; INTERNAL; 6; 9; 3; 2137
INTERNAL; 6; 9; 3; 2137; INTERNAL; 5; 8; 3; 1224
INTERNAL; 6; 9; 3; 2137; INTERNAL; 4; 8; 4; 2083
INTERNAL; 6; 9; 3; 2137; INTERNAL; 4; 7; 3; 1441
INTERNAL; 4; 7; 3; 1441; INTERNAL; 3; 6; 3; 1709
INTERNAL; 6; 9; 3; 2137; INTERNAL; 3; 7; 4; 447
INTERNAL; 9; 11; 2; 654; INTERNAL; 8; 10; 2; 2529
INTERNAL; 8; 10; 2; 2529; INTERNAL; 5; 9; 4; 2110
INTERNAL; 5; 9; 4; 2110; INTERNAL; 3; 5; 2; 1683
INTERNAL; 5; 9; 4; 2110; INTERNAL; 4; 8; 4; 2118
INTERNAL; 5; 9; 4; 2110; INTERNAL; 4; 8; 4; 2116
INTERNAL; 8; 10; 2; 2529; INTERNAL; 3; 8; 5; 2101
INTERNAL; 8; 10; 2; 2529; INTERNAL; 7; 9; 2; 2112
INTERNAL; 7; 9; 2; 2112; INTERNAL; 6; 8; 2; 2092
INTERNAL; 6; 8; 2; 2092; INTERNAL; 5; 7; 2; 1663
INTERNAL; 7; 9; 2; 2112; INTERNAL; 4; 5; 1; 2749
INTERNAL; 8; 10; 2; 2529; INTERNAL; 5; 9; 4; 803
INTERNAL; 5; 9; 4; 803; INTERNAL; 3; 8; 5; 875
INTERNAL; 11; 12; 1; 2056; INTERNAL; 10; 11; 1; 2057
INTERNAL; 10; 11; 1; 2057; INTERNAL; 7; 10; 3; 1816
INTERNAL; 7; 10; 3; 1816; INTERNAL; 6; 9; 3; 2178
INTERNAL; 6; 9; 3; 2178; INTERNAL; 5; 8; 3; 2081
INTERNAL; 5; 8; 3; 2081; INTERNAL; 4; 7; 3; 1587
INTERNAL; 6; 9; 3; 2178; INTERNAL; 5; 8; 3; 2085
INTERNAL; 5; 8; 3; 2085; INTERNAL; 4; 7; 3; 1556
INTERNAL; 4; 7; 3; 1556; INTERNAL; 3; 6; 3; 1468
INTERNAL; 10; 11; 1; 2057; INTERNAL; 9; 10; 1; 544
INTERNAL; 9; 10; 1; 544; INTERNAL; 8; 9; 1; 2067
INTERNAL; 8; 9; 1; 2067; INTERNAL; 7; 8; 1; 2071
INTERNAL; 8; 9; 1; 2067; INTERNAL; 4; 8; 4; 2070
INTERNAL; 10; 11; 1; 2057; INTERNAL; 7; 10; 3; 590
INTERNAL; 7; 10; 3; 590; INTERNAL; 6; 9; 3; 2094
INTERNAL; 6; 9; 3; 2094; INTERNAL; 5; 7; 2; 735
INTERNAL; 6; 9; 3; 2094; INTERNAL; 4; 7; 3; 2106
INTERNAL; 7; 10; 3; 590; INTERNAL; 6; 9; 3; 2096
INTERNAL; 6; 9; 3; 2096; INTERNAL; 4; 8; 4; 2097
INTERNAL; 6; 9; 3; 2096; INTERNAL; 5; 8; 3; 2098
INTERNAL; 11; 12; 1; 2056; INTERNAL; 8; 11; 3; 2060
INTERNAL; 8; 11; 3; 2060; INTERNAL; 7; 10; 3; 758
INTERNAL; 7; 10; 3; 758; INTERNAL; 6; 9; 3; 1598
INTERNAL; 6; 9; 3; 1598; INTERNAL; 5; 8; 3; 2166
INTERNAL; 8; 11; 3; 2060; INTERNAL; 7; 10; 3; 1209
INTERNAL; 7; 10; 3; 1209; INTERNAL; 6; 9; 3; 2141
INTERNAL; 6; 9; 3; 2141; INTERNAL; 5; 8; 3; 2124
INTERNAL; 8; 11; 3; 2060; INTERNAL; 7; 10; 3; 1712
INTERNAL; 7; 10; 3; 1712; INTERNAL; 6; 9; 3; 2157
INTERNAL; 6; 9; 3; 2157; INTERNAL; 5; 8; 3; 1477
INTERNAL; 12; 14; 2; 2440; INTERNAL; 10; 12; 2; 620
INTERNAL; 10; 12; 2; 620; INTERNAL; 8; 11; 3; 2179
INTERNAL; 10; 12; 2; 620; INTERNAL; 9; 11; 2; 2007
INTERNAL; 10; 12; 2; 620; INTERNAL; 9; 11; 2; 1896
INTERNAL; 9; 11; 2; 1896; INTERNAL; 7; 10; 3; 2180
INTERNAL; 7; 10; 3; 2180; INTERNAL; 6; 9; 3; 2186
INTERNAL; 6; 9; 3; 2186; INTERNAL; 5; 8; 3; 485
INTERNAL; 7; 10; 3; 2180; INTERNAL; 5; 9; 4; 2185
INTERNAL; 9; 11; 2; 1896; INTERNAL; 8; 10; 2; 1719
INTERNAL; 8; 10; 2; 1719; INTERNAL; 5; 9; 4; 2184
INTERNAL; 8; 10; 2; 1719; INTERNAL; 7; 9; 2; 689
INTERNAL; 7; 9; 2; 689; INTERNAL; 6; 8; 2; 678
INTERNAL; 9; 11; 2; 1896; INTERNAL; 8; 10; 2; 2762
INTERNAL; 8; 10; 2; 2762; INTERNAL; 5; 9; 4; 1605
INTERNAL; 8; 10; 2; 2762; INTERNAL; 5; 9; 4; 2181
INTERNAL; 5; 9; 4; 2181; INTERNAL; 4; 8; 4; 1960
INTERNAL; 8; 10; 2; 2762; INTERNAL; 5; 9; 4; 2183
INTERNAL; 13; 16; 3; 956; INTERNAL; 11; 14; 3; 843
INTERNAL; 11; 14; 3; 843; INTERNAL; 10; 13; 3; 2445
INTERNAL; 11; 14; 3; 843; INTERNAL; 9; 13; 4; 2311
INTERNAL; 9; 13; 4; 2311; INTERNAL; 6; 11; 5; 1471
INTERNAL; 6; 11; 5; 1471; INTERNAL; 5; 10; 5; 578
INTERNAL; 5; 10; 5; 578; INTERNAL; 3; 9; 6; 2485
INTERNAL; 5; 10; 5; 578; INTERNAL; 4; 9; 5; 2356
INTERNAL; 6; 11; 5; 1471; INTERNAL; 5; 10; 5; 2310
INTERNAL; 5; 10; 5; 2310; INTERNAL; 3; 6; 3; 1012
INTERNAL; 5; 10; 5; 2310; INTERNAL; 3; 9; 6; 2734
INTERNAL; 5; 10; 5; 2310; INTERNAL; 4; 9; 5; 2223
INTERNAL; 4; 9; 5; 2223; INTERNAL; 3; 8; 5; 2354
INTERNAL; 6; 11; 5; 1471; INTERNAL; 5; 9; 4; 2093
INTERNAL; 5; 9; 4; 2093; INTERNAL; 4; 8; 4; 2355
INTERNAL; 5; 9; 4; 2093; INTERNAL; 3; 4; 1; 1693
INTERNAL; 6; 11; 5; 1471; INTERNAL; 3; 10; 7; 703
INTERNAL; 9; 13; 4; 2311; INTERNAL; 8; 11; 3; 2330
INTERNAL; 8; 11; 3; 2330; INTERNAL; 7; 10; 3; 2336
INTERNAL; 7; 10; 3; 2336; INTERNAL; 4; 9; 5; 306
INTERNAL; 7; 10; 3; 2336; INTERNAL; 3; 9; 6; 2339
INTERNAL; 7; 10; 3; 2336; INTERNAL; 6; 9; 3; 2337
INTERNAL; 6; 9; 3; 2337; INTERNAL; 4; 8; 4; 2341
INTERNAL; 6; 9; 3; 2337; INTERNAL; 3; 8; 5; 354
INTERNAL; 6; 9; 3; 2337; INTERNAL; 5; 8; 3; 2487
INTERNAL; 7; 10; 3; 2336; INTERNAL; 4; 9; 5; 2338
INTERNAL; 8; 11; 3; 2330; INTERNAL; 6; 10; 4; 2335
INTERNAL; 6; 10; 4; 2335; INTERNAL; 3; 9; 6; 2073
INTERNAL; 6; 10; 4; 2335; INTERNAL; 5; 9; 4; 2349
INTERNAL; 5; 9; 4; 2349; INTERNAL; 4; 4; 0; 2391
INTERNAL; 5; 9; 4; 2349; INTERNAL; 3; 6; 3; 446
INTERNAL; 6; 10; 4; 2335; INTERNAL; 4; 9; 5; 2346
INTERNAL; 9; 13; 4; 2311; INTERNAL; 6; 11; 5; 2333
INTERNAL; 6; 11; 5; 2333; INTERNAL; 5; 10; 5; 1008
INTERNAL; 5; 10; 5; 1008; INTERNAL; 4; 9; 5; 797
INTERNAL; 4; 9; 5; 797; INTERNAL; 3; 8; 5; 2357
INTERNAL; 5; 10; 5; 1008; INTERNAL; 3; 9; 6; 2364
INTERNAL; 6; 11; 5; 2333; INTERNAL; 5; 10; 5; 2361
INTERNAL; 5; 10; 5; 2361; INTERNAL; 3; 9; 6; 2201
INTERNAL; 6; 11; 5; 2333; INTERNAL; 5; 10; 5; 2359
INTERNAL; 5; 10; 5; 2359; INTERNAL; 3; 9; 6; 1400
INTERNAL; 5; 10; 5; 2359; INTERNAL; 3; 9; 6; 2365
INTERNAL; 5; 10; 5; 2359; INTERNAL; 4; 9; 5; 2366
INTERNAL; 5; 10; 5; 2359; INTERNAL; 3; 9; 6; 799
INTERNAL; 13; 16; 3; 956; INTERNAL; 12; 14; 2; 2441
INTERNAL; 12; 14; 2; 2441; INTERNAL; 11; 13; 2; 2442
INTERNAL; 11; 13; 2; 2442; INTERNAL; 10; 12; 2; 1527
INTERNAL; 11; 13; 2; 2442; INTERNAL; 9; 12; 3; 1140
INTERNAL; 9; 12; 3; 1140; INTERNAL; 6; 11; 5; 2450
INTERNAL; 6; 11; 5; 2450; INTERNAL; 5; 10; 5; 1235
INTERNAL; 9; 12; 3; 1140; INTERNAL; 8; 11; 3; 2449
INTERNAL; 8; 11; 3; 2449; INTERNAL; 5; 10; 5; 2452
INTERNAL; 8; 11; 3; 2449; INTERNAL; 7; 10; 3; 2453
INTERNAL; 7; 10; 3; 2453; INTERNAL; 6; 9; 3; 2657
INTERNAL; 9; 12; 3; 1140; INTERNAL; 6; 11; 5; 629
INTERNAL; 6; 11; 5; 629; INTERNAL; 5; 9; 4; 2377
INTERNAL; 11; 13; 2; 2442; INTERNAL; 8; 12; 4; 1765
INTERNAL; 8; 12; 4; 1765; INTERNAL; 7; 11; 4; 2455
INTERNAL; 7; 11; 4; 2455; INTERNAL; 6; 10; 4; 2127
INTERNAL; 6; 10; 4; 2127; INTERNAL; 5; 9; 4; 2456
INTERNAL; 8; 12; 4; 1765; INTERNAL; 5; 11; 6; 423
INTERNAL; 8; 12; 4; 1765; INTERNAL; 5; 11; 6; 2669
INTERNAL; 12; 14; 2; 2441; INTERNAL; 11; 13; 2; 1743
INTERNAL; 12; 14; 2; 2441; INTERNAL; 10; 13; 3; 2448
INTERNAL; 10; 13; 3; 2448; INTERNAL; 9; 12; 3; 2457
INTERNAL; 10; 13; 3; 2448; INTERNAL; 8; 12; 4; 2163
INTERNAL; 14; 17; 3; 2043; INTERNAL; 13; 16; 3; 2459
INTERNAL; 13; 16; 3; 2459; INTERNAL; 10; 15; 5; 1363
INTERNAL; 13; 16; 3; 2459; INTERNAL; 12; 15; 3; 2462
INTERNAL; 12; 15; 3; 2462; INTERNAL; 11; 14; 3; 2687
INTERNAL; 12; 15; 3; 2462; INTERNAL; 9; 14; 5; 1900
INTERNAL; 12; 15; 3; 2462; INTERNAL; 8; 14; 6; 2463
INTERNAL; 13; 16; 3; 2459; INTERNAL; 12; 15; 3; 2327
INTERNAL; 14; 17; 3; 2043; INTERNAL; 11; 16; 5; 2460
INTERNAL; 17; 18; 1; 2064; INTERNAL; 14; 17; 3; 2045
INTERNAL; 14; 17; 3; 2045; INTERNAL; 11; 15; 4; 2438
INTERNAL; 11; 15; 4; 2438; INTERNAL; 9; 12; 3; 751
INTERNAL; 11; 15; 4; 2438; INTERNAL; 10; 12; 2; 1790
INTERNAL; 10; 12; 2; 1790; INTERNAL; 8; 11; 3; 2309
INTERNAL; 8; 11; 3; 2309; INTERNAL; 7; 10; 3; 1515
INTERNAL; 7; 10; 3; 1515; INTERNAL; 5; 9; 4; 1845
INTERNAL; 7; 10; 3; 1515; INTERNAL; 6; 9; 3; 1187
INTERNAL; 7; 10; 3; 1515; INTERNAL; 6; 9; 3; 2296
INTERNAL; 6; 9; 3; 2296; INTERNAL; 4; 8; 4; 2297
INTERNAL; 6; 9; 3; 2296; INTERNAL; 5; 8; 3; 2352
INTERNAL; 8; 11; 3; 2309; INTERNAL; 7; 10; 3; 1558
INTERNAL; 7; 10; 3; 1558; INTERNAL; 5; 9; 4; 1631
INTERNAL; 7; 10; 3; 1558; INTERNAL; 5; 9; 4; 2291
INTERNAL; 7; 10; 3; 1558; INTERNAL; 6; 9; 3; 927
INTERNAL; 6; 9; 3; 927; INTERNAL; 5; 8; 3; 2104
INTERNAL; 5; 8; 3; 2104; INTERNAL; 4; 7; 3; 2293
INTERNAL; 5; 8; 3; 2104; INTERNAL; 3; 7; 4; 1299
INTERNAL; 6; 9; 3; 927; INTERNAL; 4; 8; 4; 2292
INTERNAL; 8; 11; 3; 2309; INTERNAL; 7; 10; 3; 2773
INTERNAL; 7; 10; 3; 2773; INTERNAL; 6; 9; 3; 2235
INTERNAL; 7; 10; 3; 2773; INTERNAL; 4; 9; 5; 2300
INTERNAL; 7; 10; 3; 2773; INTERNAL; 6; 9; 3; 1891
INTERNAL; 6; 9; 3; 1891; INTERNAL; 5; 8; 3; 2302
INTERNAL; 10; 12; 2; 1790; INTERNAL; 9; 11; 2; 910
INTERNAL; 9; 11; 2; 910; INTERNAL; 8; 10; 2; 2314
INTERNAL; 8; 10; 2; 2314; INTERNAL; 5; 9; 4; 2315
INTERNAL; 8; 10; 2; 2314; INTERNAL; 7; 9; 2; 2318
INTERNAL; 7; 9; 2; 2318; INTERNAL; 6; 8; 2; 2319
INTERNAL; 6; 8; 2; 2319; INTERNAL; 5; 7; 2; 2321
INTERNAL; 6; 8; 2; 2319; INTERNAL; 3; 5; 2; 811
INTERNAL; 7; 9; 2; 2318; INTERNAL; 5; 8; 3; 1380
INTERNAL; 9; 11; 2; 910; INTERNAL; 7; 10; 3; 1285
INTERNAL; 7; 10; 3; 1285; INTERNAL; 5; 9; 4; 2323
INTERNAL; 5; 9; 4; 2323; INTERNAL; 4; 8; 4; 1083
INTERNAL; 7; 10; 3; 1285; INTERNAL; 4; 9; 5; 1676
INTERNAL; 7; 10; 3; 1285; INTERNAL; 6; 9; 3; 2326
INTERNAL; 6; 9; 3; 2326; INTERNAL; 3; 8; 5; 2264
INTERNAL; 6; 9; 3; 2326; INTERNAL; 5; 8; 3; 1633
INTERNAL; 5; 8; 3; 1633; INTERNAL; 4; 7; 3; 2328
INTERNAL; 9; 11; 2; 910; INTERNAL; 7; 10; 3; 1742
INTERNAL; 7; 10; 3; 1742; INTERNAL; 5; 9; 4; 699
INTERNAL; 7; 10; 3; 1742; INTERNAL; 6; 9; 3; 386
INTERNAL; 6; 9; 3; 386; INTERNAL; 5; 8; 3; 2742
INTERNAL; 5; 8; 3; 2742; INTERNAL; 4; 6; 2; 1033
INTERNAL; 10; 12; 2; 1790; INTERNAL; 9; 11; 2; 928
INTERNAL; 11; 15; 4; 2438; INTERNAL; 8; 12; 4; 2499
INTERNAL; 8; 12; 4; 2499; INTERNAL; 6; 11; 5; 2115
INTERNAL; 6; 11; 5; 2115; INTERNAL; 5; 10; 5; 704
INTERNAL; 6; 11; 5; 2115; INTERNAL; 5; 10; 5; 2383
INTERNAL; 8; 12; 4; 2499; INTERNAL; 7; 11; 4; 2006
INTERNAL; 7; 11; 4; 2006; INTERNAL; 6; 10; 4; 1630
INTERNAL; 6; 10; 4; 1630; INTERNAL; 4; 9; 5; 2376
INTERNAL; 7; 11; 4; 2006; INTERNAL; 6; 10; 4; 2108
INTERNAL; 6; 10; 4; 2108; INTERNAL; 4; 9; 5; 2379
INTERNAL; 4; 9; 5; 2379; INTERNAL; 3; 8; 5; 2382
INTERNAL; 7; 11; 4; 2006; INTERNAL; 5; 10; 5; 2371
INTERNAL; 5; 10; 5; 2371; INTERNAL; 4; 9; 5; 2428
INTERNAL; 8; 12; 4; 2499; INTERNAL; 6; 11; 5; 2367
INTERNAL; 6; 11; 5; 2367; INTERNAL; 5; 10; 5; 1726
INTERNAL; 6; 11; 5; 2367; INTERNAL; 5; 10; 5; 2387
INTERNAL; 6; 11; 5; 2367; INTERNAL; 5; 10; 5; 1680
INTERNAL; 14; 17; 3; 2045; INTERNAL; 13; 15; 2; 2437
INTERNAL; 14; 17; 3; 2045; INTERNAL; 13; 15; 2; 1641
INTERNAL; 13; 15; 2; 1641; INTERNAL; 12; 13; 1; 2052
INTERNAL; 13; 15; 2; 1641; INTERNAL; 11; 13; 2; 2054
INTERNAL; 11; 13; 2; 2054; INTERNAL; 10; 12; 2; 2287
INTERNAL; 10; 12; 2; 2287; INTERNAL; 9; 11; 2; 2243
INTERNAL; 10; 12; 2; 2287; INTERNAL; 7; 11; 4; 413
INTERNAL; 7; 11; 4; 413; INTERNAL; 5; 10; 5; 1978
INTERNAL; 5; 10; 5; 1978; INTERNAL; 3; 9; 6; 2307
INTERNAL; 5; 10; 5; 1978; INTERNAL; 3; 9; 6; 1227
INTERNAL; 7; 11; 4; 413; INTERNAL; 6; 10; 4; 1983
INTERNAL; 6; 10; 4; 1983; INTERNAL; 5; 9; 4; 1595
INTERNAL; 5; 9; 4; 1595; INTERNAL; 3; 8; 5; 638
INTERNAL; 7; 11; 4; 413; INTERNAL; 5; 10; 5; 2305
INTERNAL; 7; 11; 4; 413; INTERNAL; 4; 10; 6; 2304
INTERNAL; 10; 12; 2; 2287; INTERNAL; 8; 11; 3; 2172
INTERNAL; 11; 13; 2; 2054; INTERNAL; 10; 12; 2; 2289
INTERNAL; 11; 13; 2; 2054; INTERNAL; 10; 12; 2; 482
INTERNAL; 13; 15; 2; 1641; INTERNAL; 11; 13; 2; 1648
INTERNAL; 17; 18; 1; 2064; INTERNAL; 16; 17; 1; 2042
INTERNAL; 16; 17; 1; 2042; INTERNAL; 14; 16; 2; 1277
INTERNAL; 14; 16; 2; 1277; INTERNAL; 12; 14; 2; 781
INTERNAL; 12; 14; 2; 781; INTERNAL; 11; 13; 2; 2393
INTERNAL; 12; 14; 2; 781; INTERNAL; 11; 13; 2; 2392
INTERNAL; 11; 13; 2; 2392; INTERNAL; 8; 12; 4; 2397
INTERNAL; 8; 12; 4; 2397; INTERNAL; 6; 11; 5; 2405
INTERNAL; 6; 11; 5; 2405; INTERNAL; 4; 10; 6; 2408
INTERNAL; 6; 11; 5; 2405; INTERNAL; 3; 10; 7; 2406
INTERNAL; 3; 10; 7; 2406; INTERNAL; 2; 9; 7; 2410
INTERNAL; 8; 12; 4; 2397; INTERNAL; 5; 11; 6; 2400
INTERNAL; 8; 12; 4; 2397; INTERNAL; 7; 11; 4; 430
INTERNAL; 7; 11; 4; 430; INTERNAL; 6; 10; 4; 711
INTERNAL; 6; 10; 4; 711; INTERNAL; 5; 9; 4; 726
INTERNAL; 5; 9; 4; 726; INTERNAL; 4; 8; 4; 373
INTERNAL; 7; 11; 4; 430; INTERNAL; 5; 10; 5; 1716
INTERNAL; 5; 10; 5; 1716; INTERNAL; 3; 9; 6; 2014
INTERNAL; 11; 13; 2; 2392; INTERNAL; 9; 12; 3; 2399
INTERNAL; 11; 13; 2; 2392; INTERNAL; 10; 12; 2; 1115
INTERNAL; 12; 14; 2; 781; INTERNAL; 10; 13; 3; 2394
INTERNAL; 10; 13; 3; 2394; INTERNAL; 9; 12; 3; 2258
INTERNAL; 9; 12; 3; 2258; INTERNAL; 8; 11; 3; 2414
INTERNAL; 8; 11; 3; 2414; INTERNAL; 5; 10; 5; 2418
INTERNAL; 8; 11; 3; 2414; INTERNAL; 7; 10; 3; 2140
INTERNAL; 7; 10; 3; 2140; INTERNAL; 6; 9; 3; 2420
INTERNAL; 9; 12; 3; 2258; INTERNAL; 7; 11; 4; 2415
INTERNAL; 7; 11; 4; 2415; INTERNAL; 6; 10; 4; 752
INTERNAL; 7; 11; 4; 2415; INTERNAL; 5; 10; 5; 2422
INTERNAL; 7; 11; 4; 2415; INTERNAL; 5; 10; 5; 2401
INTERNAL; 7; 11; 4; 2415; INTERNAL; 4; 10; 6; 2421
INTERNAL; 4; 10; 6; 2421; INTERNAL; 3; 9; 6; 2423
INTERNAL; 9; 12; 3; 2258; INTERNAL; 7; 11; 4; 2417
INTERNAL; 7; 11; 4; 2417; INTERNAL; 6; 10; 4; 1135
INTERNAL; 6; 10; 4; 1135; INTERNAL; 3; 9; 6; 2425
INTERNAL; 6; 10; 4; 1135; INTERNAL; 4; 9; 5; 1058
INTERNAL; 6; 10; 4; 1135; INTERNAL; 5; 9; 4; 2429
INTERNAL; 10; 13; 3; 2394; INTERNAL; 8; 12; 4; 2247
INTERNAL; 14; 16; 2; 1277; INTERNAL; 10; 14; 4; 1776
INTERNAL; 14; 16; 2; 1277; INTERNAL; 13; 14; 1; 2050
INTERNAL; 16; 17; 1; 2042; INTERNAL; 15; 16; 1; 2046
INTERNAL; 15; 16; 1; 2046; INTERNAL; 14; 15; 1; 2048
INTERNAL; 15; 16; 1; 2046; INTERNAL; 13; 15; 2; 1689
INTERNAL; 13; 15; 2; 1689; INTERNAL; 12; 14; 2; 1632
INTERNAL; 13; 15; 2; 1689; INTERNAL; 12; 14; 2; 2431
INTERNAL; 12; 14; 2; 2431; INTERNAL; 7; 13; 6; 2084
INTERNAL; 7; 13; 6; 2084; INTERNAL; 6; 12; 6; 831
INTERNAL; 6; 12; 6; 831; INTERNAL; 5; 11; 6; 2017
INTERNAL; 6; 12; 6; 831; INTERNAL; 4; 11; 7; 627
INTERNAL; 7; 13; 6; 2084; INTERNAL; 5; 12; 7; 358
INTERNAL; 5; 12; 7; 358; INTERNAL; 4; 5; 1; 1517
INTERNAL; 7; 13; 6; 2084; INTERNAL; 5; 12; 7; 1899
INTERNAL; 12; 14; 2; 2431; INTERNAL; 11; 13; 2; 1617
INTERNAL; 12; 14; 2; 2431; INTERNAL; 10; 13; 3; 2086
INTERNAL; 10; 13; 3; 2086; INTERNAL; 9; 12; 3; 2434
INTERNAL; 13; 15; 2; 1689; INTERNAL; 10; 14; 4; 2593
INTERNAL; 16; 17; 1; 2042; INTERNAL; 14; 16; 2; 2047
INTERNAL; 18; 19; 1; 1162; INTERNAL; 15; 18; 3; 2041
INTERNAL; 15; 18; 3; 2041; INTERNAL; 14; 17; 3; 1533
INTERNAL; 15; 18; 3; 2041; INTERNAL; 14; 17; 3; 1149
INTERNAL; 14; 17; 3; 1149; INTERNAL; 13; 16; 3; 2464
INTERNAL; 14; 17; 3; 1149; INTERNAL; 12; 16; 4; 2018
INTERNAL; 20; 22; 2; 1935; INTERNAL; 17; 20; 3; 2035
INTERNAL; 20; 22; 2; 1935; INTERNAL; 19; 21; 2; 1621
INTERNAL; 19; 21; 2; 1621; INTERNAL; 14; 19; 5; 1936
INTERNAL; 19; 21; 2; 1621; INTERNAL; 18; 19; 1; 2466
INTERNAL; 21; 23; 2; 234; INTERNAL; 16; 22; 6; 19
INTERNAL; 16; 22; 6; 19; INTERNAL; 13; 18; 5; 770
INTERNAL; 16; 22; 6; 19; INTERNAL; 12; 18; 6; 1907
INTERNAL; 16; 22; 6; 19; INTERNAL; 15; 19; 4; 1229
INTERNAL; 21; 23; 2; 234; INTERNAL; 16; 20; 4; 2469
INTERNAL; 23; 24; 1; 554; INTERNAL; 22; 23; 1; 2523
INTERNAL; 22; 23; 1; 2523; INTERNAL; 21; 22; 1; 22
INTERNAL; 21; 22; 1; 22; INTERNAL; 20; 21; 1; 21
INTERNAL; 22; 23; 1; 2523; INTERNAL; 17; 22; 5; 23
INTERNAL; 17; 22; 5; 23; INTERNAL; 15; 21; 6; 20
INTERNAL; 23; 24; 1; 554; INTERNAL; 22; 23; 1; 29
INTERNAL; 22; 23; 1; 29; INTERNAL; 21; 22; 1; 25
INTERNAL; 21; 22; 1; 25; INTERNAL; 20; 21; 1; 24
INTERNAL; 22; 23; 1; 29; INTERNAL; 17; 22; 5; 26
INTERNAL; 17; 22; 5; 26; INTERNAL; 15; 21; 6; 2347
INTERNAL; 25; 25; 0; 1126; INTERNAL; 24; 24; 0; 996
INTERNAL; 24; 24; 0; 996; INTERNAL; 19; 21; 2; 1180
INTERNAL; 19; 21; 2; 1180; INTERNAL; 11; 19; 8; 1858
INTERNAL; 11; 19; 8; 1858; INTERNAL; 10; 16; 6; 964
INTERNAL; 10; 16; 6; 964; INTERNAL; 9; 12; 3; 418
INTERNAL; 9; 12; 3; 418; INTERNAL; 6; 11; 5; 915
INTERNAL; 6; 11; 5; 915; INTERNAL; 5; 10; 5; 2501
INTERNAL; 5; 10; 5; 2501; INTERNAL; 3; 5; 2; 790
INTERNAL; 5; 10; 5; 2501; INTERNAL; 3; 5; 2; 825
INTERNAL; 6; 11; 5; 915; INTERNAL; 5; 10; 5; 1452
INTERNAL; 5; 10; 5; 1452; INTERNAL; 3; 6; 3; 504
INTERNAL; 6; 11; 5; 915; INTERNAL; 5; 10; 5; 1326
INTERNAL; 5; 10; 5; 1326; INTERNAL; 4; 5; 1; 1260
INTERNAL; 5; 10; 5; 1326; INTERNAL; 4; 5; 1; 823
INTERNAL; 6; 11; 5; 915; INTERNAL; 5; 10; 5; 435
INTERNAL; 9; 12; 3; 418; INTERNAL; 8; 11; 3; 524
INTERNAL; 8; 11; 3; 524; INTERNAL; 7; 8; 1; 1312
INTERNAL; 7; 8; 1; 1312; INTERNAL; 5; 7; 2; 477
INTERNAL; 7; 8; 1; 1312; INTERNAL; 6; 7; 1; 476
INTERNAL; 6; 7; 1; 476; INTERNAL; 4; 5; 1; 1374
INTERNAL; 6; 7; 1; 476; INTERNAL; 5; 6; 1; 1361
INTERNAL; 5; 6; 1; 1361; INTERNAL; 3; 5; 2; 1923
INTERNAL; 6; 7; 1; 476; INTERNAL; 5; 6; 1; 1540
INTERNAL; 5; 6; 1; 1540; INTERNAL; 4; 5; 1; 2458
INTERNAL; 7; 8; 1; 1312; INTERNAL; 6; 7; 1; 526
INTERNAL; 6; 7; 1; 526; INTERNAL; 5; 6; 1; 1199
INTERNAL; 8; 11; 3; 524; INTERNAL; 7; 8; 1; 2447
INTERNAL; 7; 8; 1; 2447; INTERNAL; 5; 7; 2; 728
INTERNAL; 5; 7; 2; 728; INTERNAL; 3; 6; 3; 1466
INTERNAL; 5; 7; 2; 728; INTERNAL; 3; 5; 2; 1483
INTERNAL; 5; 7; 2; 728; INTERNAL; 3; 5; 2; 1072
INTERNAL; 7; 8; 1; 2447; INTERNAL; 6; 7; 1; 933
INTERNAL; 6; 7; 1; 933; INTERNAL; 5; 5; 0; 1344
INTERNAL; 6; 7; 1; 933; INTERNAL; 5; 6; 1; 1608
INTERNAL; 5; 6; 1; 1608; INTERNAL; 3; 5; 2; 798
INTERNAL; 7; 8; 1; 2447; INTERNAL; 5; 7; 2; 710
INTERNAL; 5; 7; 2; 710; INTERNAL; 3; 6; 3; 1446
INTERNAL; 5; 7; 2; 710; INTERNAL; 4; 6; 2; 1197
INTERNAL; 8; 11; 3; 524; INTERNAL; 7; 8; 1; 2788
INTERNAL; 7; 8; 1; 2788; INTERNAL; 3; 6; 3; 1367
INTERNAL; 7; 8; 1; 2788; INTERNAL; 5; 6; 1; 1513
INTERNAL; 7; 8; 1; 2788; INTERNAL; 6; 7; 1; 1438
INTERNAL; 6; 7; 1; 1438; INTERNAL; 5; 6; 1; 1289
INTERNAL; 5; 6; 1; 1289; INTERNAL; 4; 5; 1; 1486
INTERNAL; 7; 8; 1; 2788; INTERNAL; 5; 7; 2; 613
INTERNAL; 5; 7; 2; 613; INTERNAL; 3; 6; 3; 2780
INTERNAL; 5; 7; 2; 613; INTERNAL; 4; 6; 2; 1541
INTERNAL; 9; 12; 3; 418; INTERNAL; 7; 11; 4; 436
INTERNAL; 7; 11; 4; 436; INTERNAL; 6; 10; 4; 1015
INTERNAL; 6; 10; 4; 1015; INTERNAL; 5; 9; 4; 569
INTERNAL; 5; 9; 4; 569; INTERNAL; 4; 8; 4; 645
INTERNAL; 7; 11; 4; 436; INTERNAL; 6; 10; 4; 1212
INTERNAL; 6; 10; 4; 1212; INTERNAL; 5; 9; 4; 998
INTERNAL; 10; 16; 6; 964; INTERNAL; 7; 12; 5; 417
INTERNAL; 10; 16; 6; 964; INTERNAL; 9; 12; 3; 2100
INTERNAL; 9; 12; 3; 2100; INTERNAL; 6; 11; 5; 414
INTERNAL; 9; 12; 3; 2100; INTERNAL; 8; 11; 3; 415
INTERNAL; 8; 11; 3; 415; INTERNAL; 5; 10; 5; 844
INTERNAL; 5; 10; 5; 844; INTERNAL; 4; 5; 1; 2478
INTERNAL; 4; 5; 1; 2478; INTERNAL; 3; 4; 1; 1189
INTERNAL; 8; 11; 3; 415; INTERNAL; 5; 10; 5; 432
INTERNAL; 5; 10; 5; 432; INTERNAL; 4; 6; 2; 780
INTERNAL; 5; 10; 5; 432; INTERNAL; 4; 7; 3; 1133
INTERNAL; 5; 10; 5; 432; INTERNAL; 3; 5; 2; 761
INTERNAL; 3; 5; 2; 761; INTERNAL; 2; 4; 2; 760
INTERNAL; 8; 11; 3; 415; INTERNAL; 7; 10; 3; 2216
INTERNAL; 7; 10; 3; 2216; INTERNAL; 6; 9; 3; 429
INTERNAL; 6; 9; 3; 429; INTERNAL; 4; 6; 2; 378
INTERNAL; 6; 9; 3; 429; INTERNAL; 5; 6; 1; 617
INTERNAL; 7; 10; 3; 2216; INTERNAL; 3; 6; 3; 1419
INTERNAL; 7; 10; 3; 2216; INTERNAL; 4; 7; 3; 819
INTERNAL; 7; 10; 3; 2216; INTERNAL; 4; 7; 3; 586
INTERNAL; 11; 19; 8; 1858; INTERNAL; 9; 16; 7; 656
INTERNAL; 19; 21; 2; 1180; INTERNAL; 13; 19; 6; 2021
INTERNAL; 13; 19; 6; 2021; INTERNAL; 12; 17; 5; 410
INTERNAL; 12; 17; 5; 410; INTERNAL; 11; 13; 2; 2161
INTERNAL; 11; 13; 2; 2161; INTERNAL; 9; 12; 3; 551
INTERNAL; 9; 12; 3; 551; INTERNAL; 8; 11; 3; 932
INTERNAL; 8; 11; 3; 932; INTERNAL; 7; 8; 1; 793
INTERNAL; 7; 8; 1; 793; INTERNAL; 6; 7; 1; 902
INTERNAL; 6; 7; 1; 902; INTERNAL; 5; 6; 1; 979
INTERNAL; 6; 7; 1; 902; INTERNAL; 3; 5; 2; 1435
INTERNAL; 6; 7; 1; 902; INTERNAL; 5; 6; 1; 2187
INTERNAL; 5; 6; 1; 2187; INTERNAL; 4; 5; 1; 2686
INTERNAL; 8; 11; 3; 932; INTERNAL; 7; 8; 1; 774
INTERNAL; 7; 8; 1; 774; INTERNAL; 4; 7; 3; 1119
INTERNAL; 4; 7; 3; 1119; INTERNAL; 3; 6; 3; 1636
INTERNAL; 4; 7; 3; 1119; INTERNAL; 3; 6; 3; 1887
INTERNAL; 4; 7; 3; 1119; INTERNAL; 3; 6; 3; 1670
INTERNAL; 7; 8; 1; 774; INTERNAL; 3; 6; 3; 2709
INTERNAL; 7; 8; 1; 774; INTERNAL; 6; 7; 1; 2634
INTERNAL; 6; 7; 1; 2634; INTERNAL; 5; 6; 1; 487
INTERNAL; 5; 6; 1; 487; INTERNAL; 3; 5; 2; 486
INTERNAL; 5; 6; 1; 487; INTERNAL; 4; 5; 1; 1279
INTERNAL; 7; 8; 1; 774; INTERNAL; 4; 5; 1; 1017
INTERNAL; 4; 5; 1; 1017; INTERNAL; 3; 4; 1; 602
INTERNAL; 3; 4; 1; 602; INTERNAL; 2; 3; 1; 2345
INTERNAL; 8; 11; 3; 932; INTERNAL; 7; 8; 1; 1403
INTERNAL; 7; 8; 1; 1403; INTERNAL; 5; 7; 2; 501
INTERNAL; 5; 7; 2; 501; INTERNAL; 4; 6; 2; 2061
INTERNAL; 7; 8; 1; 1403; INTERNAL; 6; 7; 1; 1577
INTERNAL; 6; 7; 1; 1577; INTERNAL; 4; 6; 2; 880
INTERNAL; 6; 7; 1; 1577; INTERNAL; 4; 6; 2; 1004
INTERNAL; 4; 6; 2; 1004; INTERNAL; 3; 5; 2; 325
INTERNAL; 4; 6; 2; 1004; INTERNAL; 3; 5; 2; 1207
INTERNAL; 6; 7; 1; 1577; INTERNAL; 5; 6; 1; 1691
INTERNAL; 5; 6; 1; 1691; INTERNAL; 4; 5; 1; 838
INTERNAL; 5; 6; 1; 1691; INTERNAL; 3; 5; 2; 1634
INTERNAL; 5; 6; 1; 1691; INTERNAL; 3; 5; 2; 1346
INTERNAL; 7; 8; 1; 1403; INTERNAL; 6; 7; 1; 484
INTERNAL; 6; 7; 1; 484; INTERNAL; 3; 6; 3; 571
INTERNAL; 6; 7; 1; 484; INTERNAL; 5; 6; 1; 776
INTERNAL; 5; 6; 1; 776; INTERNAL; 4; 5; 1; 1328
INTERNAL; 5; 6; 1; 776; INTERNAL; 2; 5; 3; 1035
INTERNAL; 6; 7; 1; 484; INTERNAL; 5; 6; 1; 788
INTERNAL; 6; 7; 1; 484; INTERNAL; 3; 6; 3; 1635
INTERNAL; 9; 12; 3; 551; INTERNAL; 8; 11; 3; 814
INTERNAL; 9; 12; 3; 551; INTERNAL; 8; 11; 3; 1105
INTERNAL; 8; 11; 3; 1105; INTERNAL; 6; 8; 2; 472
INTERNAL; 6; 8; 2; 472; INTERNAL; 5; 7; 2; 530
INTERNAL; 5; 7; 2; 530; INTERNAL; 3; 6; 3; 1297
INTERNAL; 5; 7; 2; 530; INTERNAL; 3; 6; 3; 1112
INTERNAL; 8; 11; 3; 1105; INTERNAL; 6; 8; 2; 598
INTERNAL; 6; 8; 2; 598; INTERNAL; 5; 7; 2; 1146
INTERNAL; 6; 8; 2; 598; INTERNAL; 5; 7; 2; 471
INTERNAL; 5; 7; 2; 471; INTERNAL; 3; 6; 3; 914
INTERNAL; 5; 7; 2; 471; INTERNAL; 4; 6; 2; 794
INTERNAL; 5; 7; 2; 471; INTERNAL; 4; 6; 2; 1011
INTERNAL; 6; 8; 2; 598; INTERNAL; 5; 7; 2; 807
INTERNAL; 5; 7; 2; 807; INTERNAL; 4; 5; 1; 1449
INTERNAL; 8; 11; 3; 1105; INTERNAL; 7; 8; 1; 634
INTERNAL; 7; 8; 1; 634; INTERNAL; 3; 6; 3; 805
INTERNAL; 7; 8; 1; 634; INTERNAL; 5; 7; 2; 1313
INTERNAL; 5; 7; 2; 1313; INTERNAL; 4; 6; 2; 1314
INTERNAL; 5; 7; 2; 1313; INTERNAL; 4; 6; 2; 1463
INTERNAL; 7; 8; 1; 634; INTERNAL; 6; 7; 1; 1334
INTERNAL; 6; 7; 1; 1334; INTERNAL; 5; 6; 1; 659
INTERNAL; 5; 6; 1; 659; INTERNAL; 4; 5; 1; 942
INTERNAL; 6; 7; 1; 1334; INTERNAL; 3; 5; 2; 1231
INTERNAL; 11; 13; 2; 2161; INTERNAL; 10; 12; 2; 1095
INTERNAL; 10; 12; 2; 1095; INTERNAL; 8; 9; 1; 483
INTERNAL; 10; 12; 2; 1095; INTERNAL; 8; 9; 1; 1005
INTERNAL; 10; 12; 2; 1095; INTERNAL; 9; 9; 0; 1653
INTERNAL; 9; 9; 0; 1653; INTERNAL; 7; 8; 1; 1460
INTERNAL; 7; 8; 1; 1460; INTERNAL; 6; 7; 1; 1391
INTERNAL; 6; 7; 1; 1391; INTERNAL; 5; 6; 1; 2717
INTERNAL; 6; 7; 1; 1391; INTERNAL; 3; 6; 3; 1611
INTERNAL; 7; 8; 1; 1460; INTERNAL; 5; 7; 2; 1737
INTERNAL; 5; 7; 2; 1737; INTERNAL; 4; 6; 2; 2029
INTERNAL; 7; 8; 1; 1460; INTERNAL; 5; 7; 2; 1220
INTERNAL; 7; 8; 1; 1460; INTERNAL; 6; 7; 1; 1501
INTERNAL; 6; 7; 1; 1501; INTERNAL; 5; 6; 1; 1512
INTERNAL; 9; 9; 0; 1653; INTERNAL; 8; 8; 0; 955
INTERNAL; 8; 8; 0; 955; INTERNAL; 5; 7; 2; 1237
INTERNAL; 5; 7; 2; 1237; INTERNAL; 4; 6; 2; 787
INTERNAL; 8; 8; 0; 955; INTERNAL; 5; 7; 2; 2051
INTERNAL; 8; 8; 0; 955; INTERNAL; 5; 7; 2; 1060
INTERNAL; 8; 8; 0; 955; INTERNAL; 7; 7; 0; 1467
INTERNAL; 7; 7; 0; 1467; INTERNAL; 6; 6; 0; 1056
INTERNAL; 11; 13; 2; 2161; INTERNAL; 9; 12; 3; 2062
INTERNAL; 12; 17; 5; 410; INTERNAL; 9; 13; 4; 2560
INTERNAL; 12; 17; 5; 410; INTERNAL; 10; 13; 3; 2645
INTERNAL; 13; 19; 6; 2021; INTERNAL; 11; 17; 6; 406
INTERNAL; 19; 21; 2; 1180; INTERNAL; 18; 19; 1; 2020
INTERNAL; 18; 19; 1; 2020; INTERNAL; 13; 18; 5; 1211
INTERNAL; 13; 18; 5; 1211; INTERNAL; 12; 14; 2; 424
INTERNAL; 12; 14; 2; 424; INTERNAL; 11; 13; 2; 303
INTERNAL; 12; 14; 2; 424; INTERNAL; 11; 13; 2; 450
INTERNAL; 11; 13; 2; 450; INTERNAL; 10; 10; 0; 316
INTERNAL; 10; 10; 0; 316; INTERNAL; 9; 9; 0; 1093
INTERNAL; 9; 9; 0; 1093; INTERNAL; 7; 8; 1; 2117
INTERNAL; 7; 8; 1; 2117; INTERNAL; 5; 7; 2; 2174
INTERNAL; 5; 7; 2; 2174; INTERNAL; 4; 6; 2; 1219
INTERNAL; 4; 6; 2; 1219; INTERNAL; 3; 5; 2; 930
INTERNAL; 7; 8; 1; 2117; INTERNAL; 5; 7; 2; 2386
INTERNAL; 7; 8; 1; 2117; INTERNAL; 6; 7; 1; 1109
INTERNAL; 6; 7; 1; 1109; INTERNAL; 3; 6; 3; 1176
INTERNAL; 6; 7; 1; 1109; INTERNAL; 5; 6; 1; 897
INTERNAL; 9; 9; 0; 1093; INTERNAL; 7; 8; 1; 1046
INTERNAL; 7; 8; 1; 1046; INTERNAL; 5; 7; 2; 989
INTERNAL; 5; 7; 2; 989; INTERNAL; 4; 6; 2; 599
INTERNAL; 4; 6; 2; 599; INTERNAL; 3; 5; 2; 1000
INTERNAL; 7; 8; 1; 1046; INTERNAL; 6; 7; 1; 918
INTERNAL; 6; 7; 1; 918; INTERNAL; 5; 6; 1; 1244
INTERNAL; 5; 6; 1; 1244; INTERNAL; 3; 5; 2; 1315
INTERNAL; 5; 6; 1; 1244; INTERNAL; 4; 5; 1; 991
INTERNAL; 7; 8; 1; 1046; INTERNAL; 6; 7; 1; 1450
INTERNAL; 6; 7; 1; 1450; INTERNAL; 5; 6; 1; 895
INTERNAL; 9; 9; 0; 1093; INTERNAL; 8; 8; 0; 954
INTERNAL; 8; 8; 0; 954; INTERNAL; 7; 7; 0; 1221
INTERNAL; 7; 7; 0; 1221; INTERNAL; 6; 6; 0; 1560
INTERNAL; 6; 6; 0; 1560; INTERNAL; 5; 5; 0; 1253
INTERNAL; 7; 7; 0; 1221; INTERNAL; 4; 6; 2; 1014
INTERNAL; 4; 6; 2; 1014; INTERNAL; 3; 5; 2; 906
INTERNAL; 7; 7; 0; 1221; INTERNAL; 4; 6; 2; 1242
INTERNAL; 8; 8; 0; 954; INTERNAL; 5; 7; 2; 946
INTERNAL; 5; 7; 2; 946; INTERNAL; 4; 6; 2; 1087
INTERNAL; 8; 8; 0; 954; INTERNAL; 4; 7; 3; 1705
INTERNAL; 10; 10; 0; 316; INTERNAL; 8; 9; 1; 1248
INTERNAL; 8; 9; 1; 1248; INTERNAL; 7; 8; 1; 2666
INTERNAL; 7; 8; 1; 2666; INTERNAL; 6; 7; 1; 958
INTERNAL; 7; 8; 1; 2666; INTERNAL; 6; 7; 1; 381
INTERNAL; 7; 8; 1; 2666; INTERNAL; 5; 7; 2; 1479
INTERNAL; 7; 8; 1; 2666; INTERNAL; 6; 7; 1; 1405
INTERNAL; 6; 7; 1; 1405; INTERNAL; 5; 6; 1; 1161
INTERNAL; 8; 9; 1; 1248; INTERNAL; 7; 8; 1; 527
INTERNAL; 7; 8; 1; 527; INTERNAL; 6; 7; 1; 1305
INTERNAL; 6; 7; 1; 1305; INTERNAL; 5; 6; 1; 1612
INTERNAL; 7; 8; 1; 527; INTERNAL; 6; 7; 1; 1421
INTERNAL; 8; 9; 1; 1248; INTERNAL; 7; 8; 1; 1567
INTERNAL; 7; 8; 1; 1567; INTERNAL; 6; 7; 1; 1573
INTERNAL; 6; 7; 1; 1573; INTERNAL; 3; 6; 3; 1342
INTERNAL; 7; 8; 1; 1567; INTERNAL; 2; 7; 5; 1040
INTERNAL; 7; 8; 1; 1567; INTERNAL; 6; 7; 1; 2681
INTERNAL; 6; 7; 1; 2681; INTERNAL; 5; 6; 1; 1546
INTERNAL; 6; 7; 1; 2681; INTERNAL; 5; 6; 1; 1215
INTERNAL; 10; 10; 0; 316; INTERNAL; 9; 9; 0; 2398
INTERNAL; 11; 13; 2; 450; INTERNAL; 10; 10; 0; 1592
INTERNAL; 10; 10; 0; 1592; INTERNAL; 9; 9; 0; 493
INTERNAL; 9; 9; 0; 493; INTERNAL; 7; 8; 1; 1340
INTERNAL; 7; 8; 1; 1340; INTERNAL; 6; 7; 1; 1552
INTERNAL; 6; 7; 1; 1552; INTERNAL; 3; 6; 3; 466
INTERNAL; 9; 9; 0; 493; INTERNAL; 7; 8; 1; 1454
INTERNAL; 7; 8; 1; 1454; INTERNAL; 5; 7; 2; 653
INTERNAL; 7; 8; 1; 1454; INTERNAL; 6; 7; 1; 1252
INTERNAL; 6; 7; 1; 1252; INTERNAL; 5; 5; 0; 1625
INTERNAL; 6; 7; 1; 1252; INTERNAL; 4; 5; 1; 1006
INTERNAL; 7; 8; 1; 1454; INTERNAL; 6; 7; 1; 478
INTERNAL; 6; 7; 1; 478; INTERNAL; 5; 6; 1; 1294
INTERNAL; 6; 7; 1; 478; INTERNAL; 4; 5; 1; 1675
INTERNAL; 7; 8; 1; 1454; INTERNAL; 6; 7; 1; 1673
INTERNAL; 6; 7; 1; 1673; INTERNAL; 5; 6; 1; 1265
INTERNAL; 7; 8; 1; 1454; INTERNAL; 6; 7; 1; 1387
INTERNAL; 9; 9; 0; 493; INTERNAL; 8; 8; 0; 1420
INTERNAL; 8; 8; 0; 1420; INTERNAL; 7; 7; 0; 1628
INTERNAL; 7; 7; 0; 1628; INTERNAL; 6; 6; 0; 1349
INTERNAL; 6; 6; 0; 1349; INTERNAL; 5; 5; 0; 957
INTERNAL; 6; 6; 0; 1349; INTERNAL; 4; 5; 1; 1535
INTERNAL; 8; 8; 0; 1420; INTERNAL; 5; 7; 2; 433
INTERNAL; 5; 7; 2; 433; INTERNAL; 4; 6; 2; 969
INTERNAL; 5; 7; 2; 433; INTERNAL; 3; 6; 3; 1660
INTERNAL; 8; 8; 0; 1420; INTERNAL; 4; 7; 3; 1697
INTERNAL; 4; 7; 3; 1697; INTERNAL; 3; 6; 3; 1667
INTERNAL; 4; 7; 3; 1697; INTERNAL; 3; 5; 2; 2439
INTERNAL; 10; 10; 0; 1592; INTERNAL; 9; 9; 0; 1345
INTERNAL; 10; 10; 0; 1592; INTERNAL; 8; 9; 1; 869
INTERNAL; 11; 13; 2; 450; INTERNAL; 10; 10; 0; 495
INTERNAL; 12; 14; 2; 424; INTERNAL; 11; 13; 2; 1001
INTERNAL; 11; 13; 2; 1001; INTERNAL; 5; 12; 7; 439
INTERNAL; 5; 12; 7; 439; INTERNAL; 4; 7; 3; 662
INTERNAL; 5; 12; 7; 439; INTERNAL; 3; 7; 4; 583
INTERNAL; 11; 13; 2; 1001; INTERNAL; 10; 12; 2; 445
INTERNAL; 11; 13; 2; 1001; INTERNAL; 8; 12; 4; 442
INTERNAL; 8; 12; 4; 442; INTERNAL; 6; 9; 3; 1266
INTERNAL; 6; 9; 3; 1266; INTERNAL; 4; 8; 4; 1874
INTERNAL; 4; 8; 4; 1874; INTERNAL; 3; 7; 4; 595
INTERNAL; 6; 9; 3; 1266; INTERNAL; 5; 8; 3; 1984
INTERNAL; 8; 12; 4; 442; INTERNAL; 7; 9; 2; 2604
INTERNAL; 7; 9; 2; 2604; INTERNAL; 4; 6; 2; 2407
INTERNAL; 4; 6; 2; 2407; INTERNAL; 3; 5; 2; 1502
INTERNAL; 7; 9; 2; 2604; INTERNAL; 5; 8; 3; 455
INTERNAL; 5; 8; 3; 455; INTERNAL; 3; 6; 3; 2402
INTERNAL; 7; 9; 2; 2604; INTERNAL; 3; 7; 4; 1068
INTERNAL; 7; 9; 2; 2604; INTERNAL; 6; 8; 2; 1210
INTERNAL; 6; 8; 2; 1210; INTERNAL; 3; 6; 3; 2026
INTERNAL; 6; 8; 2; 1210; INTERNAL; 5; 7; 2; 452
INTERNAL; 8; 12; 4; 442; INTERNAL; 7; 9; 2; 461
INTERNAL; 7; 9; 2; 461; INTERNAL; 5; 8; 3; 1010
INTERNAL; 7; 9; 2; 461; INTERNAL; 6; 8; 2; 1427
INTERNAL; 6; 8; 2; 1427; INTERNAL; 5; 7; 2; 949
INTERNAL; 7; 9; 2; 461; INTERNAL; 5; 8; 3; 458
INTERNAL; 13; 18; 5; 1211; INTERNAL; 11; 14; 3; 1800
INTERNAL; 13; 18; 5; 1211; INTERNAL; 12; 14; 2; 1696
INTERNAL; 18; 19; 1; 2020; INTERNAL; 17; 17; 0; 2281
INTERNAL; 17; 17; 0; 2281; INTERNAL; 16; 16; 0; 1589
INTERNAL; 16; 16; 0; 1589; INTERNAL; 13; 15; 2; 2489
INTERNAL; 13; 15; 2; 2489; INTERNAL; 12; 12; 0; 499
INTERNAL; 12; 12; 0; 499; INTERNAL; 11; 11; 0; 1457
INTERNAL; 11; 11; 0; 1457; INTERNAL; 9; 10; 1; 468
INTERNAL; 9; 10; 1; 468; INTERNAL; 7; 9; 2; 1043
INTERNAL; 7; 9; 2; 1043; INTERNAL; 5; 8; 3; 591
INTERNAL; 5; 8; 3; 591; INTERNAL; 3; 7; 4; 976
INTERNAL; 7; 9; 2; 1043; INTERNAL; 6; 8; 2; 1100
INTERNAL; 6; 8; 2; 1100; INTERNAL; 5; 7; 2; 1358
INTERNAL; 5; 7; 2; 1358; INTERNAL; 4; 6; 2; 707
INTERNAL; 5; 7; 2; 1358; INTERNAL; 3; 6; 3; 293
INTERNAL; 9; 10; 1; 468; INTERNAL; 8; 9; 1; 1136
INTERNAL; 8; 9; 1; 1136; INTERNAL; 6; 8; 2; 1262
INTERNAL; 8; 9; 1; 1136; INTERNAL; 7; 8; 1; 1975
INTERNAL; 7; 8; 1; 1975; INTERNAL; 6; 7; 1; 623
INTERNAL; 6; 7; 1; 623; INTERNAL; 3; 5; 2; 1418
INTERNAL; 6; 7; 1; 623; INTERNAL; 4; 6; 2; 616
INTERNAL; 7; 8; 1; 1975; INTERNAL; 4; 6; 2; 1153
INTERNAL; 8; 9; 1; 1136; INTERNAL; 5; 8; 3; 876
INTERNAL; 8; 9; 1; 1136; INTERNAL; 3; 7; 4; 1131
INTERNAL; 8; 9; 1; 1136; INTERNAL; 5; 8; 3; 625
INTERNAL; 9; 10; 1; 468; INTERNAL; 7; 9; 2; 779
INTERNAL; 7; 9; 2; 779; INTERNAL; 6; 8; 2; 1168
INTERNAL; 6; 8; 2; 1168; INTERNAL; 5; 7; 2; 572
INTERNAL; 5; 7; 2; 572; INTERNAL; 4; 6; 2; 601
INTERNAL; 6; 8; 2; 1168; INTERNAL; 3; 7; 4; 573
INTERNAL; 7; 9; 2; 779; INTERNAL; 5; 8; 3; 579
INTERNAL; 5; 8; 3; 579; INTERNAL; 4; 7; 3; 568
INTERNAL; 4; 7; 3; 568; INTERNAL; 3; 6; 3; 1202
INTERNAL; 5; 8; 3; 579; INTERNAL; 3; 6; 3; 1096
INTERNAL; 5; 8; 3; 579; INTERNAL; 4; 7; 3; 865
INTERNAL; 5; 8; 3; 579; INTERNAL; 3; 6; 3; 904
INTERNAL; 11; 11; 0; 1457; INTERNAL; 8; 10; 2; 464
INTERNAL; 11; 11; 0; 1457; INTERNAL; 10; 10; 0; 469
INTERNAL; 10; 10; 0; 469; INTERNAL; 9; 9; 0; 1645
INTERNAL; 9; 9; 0; 1645; INTERNAL; 7; 8; 1; 748
INTERNAL; 7; 8; 1; 748; INTERNAL; 6; 7; 1; 716
INTERNAL; 6; 7; 1; 716; INTERNAL; 5; 6; 1; 2145
INTERNAL; 7; 8; 1; 748; INTERNAL; 6; 7; 1; 738
INTERNAL; 6; 7; 1; 738; INTERNAL; 5; 6; 1; 712
INTERNAL; 9; 9; 0; 1645; INTERNAL; 7; 8; 1; 576
INTERNAL; 7; 8; 1; 576; INTERNAL; 6; 7; 1; 970
INTERNAL; 6; 7; 1; 970; INTERNAL; 5; 6; 1; 718
INTERNAL; 7; 8; 1; 576; INTERNAL; 6; 7; 1; 1102
INTERNAL; 6; 7; 1; 1102; INTERNAL; 3; 6; 3; 722
INTERNAL; 6; 7; 1; 1102; INTERNAL; 5; 6; 1; 721
INTERNAL; 7; 8; 1; 576; INTERNAL; 4; 7; 3; 409
INTERNAL; 9; 9; 0; 1645; INTERNAL; 8; 8; 0; 755
INTERNAL; 8; 8; 0; 755; INTERNAL; 7; 7; 0; 742
INTERNAL; 7; 7; 0; 742; INTERNAL; 5; 6; 1; 1842
INTERNAL; 7; 7; 0; 742; INTERNAL; 6; 6; 0; 874
INTERNAL; 8; 8; 0; 755; INTERNAL; 5; 7; 2; 746
INTERNAL; 8; 8; 0; 755; INTERNAL; 5; 7; 2; 744
INTERNAL; 8; 8; 0; 755; INTERNAL; 5; 7; 2; 879
INTERNAL; 10; 10; 0; 469; INTERNAL; 9; 9; 0; 1613
INTERNAL; 10; 10; 0; 469; INTERNAL; 8; 9; 1; 846
INTERNAL; 8; 9; 1; 846; INTERNAL; 7; 8; 1; 1123
INTERNAL; 7; 8; 1; 1123; INTERNAL; 5; 7; 2; 1955
INTERNAL; 7; 8; 1; 1123; INTERNAL; 4; 7; 3; 1624
INTERNAL; 7; 8; 1; 1123; INTERNAL; 6; 7; 1; 1433
INTERNAL; 6; 7; 1; 1433; INTERNAL; 4; 6; 2; 694
INTERNAL; 6; 7; 1; 1433; INTERNAL; 4; 6; 2; 693
INTERNAL; 6; 7; 1; 1433; INTERNAL; 4; 6; 2; 985
INTERNAL; 8; 9; 1; 846; INTERNAL; 7; 8; 1; 326
INTERNAL; 7; 8; 1; 326; INTERNAL; 6; 7; 1; 1376
INTERNAL; 6; 7; 1; 1376; INTERNAL; 5; 6; 1; 1307
INTERNAL; 5; 6; 1; 1307; INTERNAL; 3; 5; 2; 673
INTERNAL; 7; 8; 1; 326; INTERNAL; 5; 7; 2; 676
INTERNAL; 7; 8; 1; 326; INTERNAL; 5; 7; 2; 327
INTERNAL; 8; 9; 1; 846; INTERNAL; 7; 8; 1; 1085
INTERNAL; 7; 8; 1; 1085; INTERNAL; 5; 7; 2; 682
INTERNAL; 7; 8; 1; 1085; INTERNAL; 6; 7; 1; 680
INTERNAL; 6; 7; 1; 680; INTERNAL; 4; 6; 2; 674
INTERNAL; 7; 8; 1; 1085; INTERNAL; 5; 7; 2; 1054
INTERNAL; 12; 12; 0; 499; INTERNAL; 11; 11; 0; 1572
INTERNAL; 12; 12; 0; 499; INTERNAL; 11; 11; 0; 1099
INTERNAL; 11; 11; 0; 1099; INTERNAL; 9; 10; 1; 923
INTERNAL; 9; 10; 1; 923; INTERNAL; 8; 9; 1; 1857
INTERNAL; 9; 10; 1; 923; INTERNAL; 8; 9; 1; 911
INTERNAL; 9; 10; 1; 923; INTERNAL; 7; 9; 2; 670
INTERNAL; 7; 9; 2; 670; INTERNAL; 5; 8; 3; 667
INTERNAL; 5; 8; 3; 667; INTERNAL; 3; 7; 4; 2647
INTERNAL; 7; 9; 2; 670; INTERNAL; 4; 8; 4; 1771
INTERNAL; 4; 8; 4; 1771; INTERNAL; 3; 7; 4; 636
INTERNAL; 7; 9; 2; 670; INTERNAL; 6; 8; 2; 663
INTERNAL; 6; 8; 2; 663; INTERNAL; 4; 7; 3; 1290
INTERNAL; 6; 8; 2; 663; INTERNAL; 5; 7; 2; 1134
INTERNAL; 5; 7; 2; 1134; INTERNAL; 4; 6; 2; 1322
INTERNAL; 4; 6; 2; 1322; INTERNAL; 3; 5; 2; 709
INTERNAL; 5; 7; 2; 1134; INTERNAL; 4; 6; 2; 1943
INTERNAL; 5; 7; 2; 1134; INTERNAL; 3; 6; 3; 1070
INTERNAL; 11; 11; 0; 1099; INTERNAL; 10; 10; 0; 337
INTERNAL; 11; 11; 0; 1099; INTERNAL; 10; 10; 0; 1145
INTERNAL; 13; 15; 2; 2489; INTERNAL; 12; 12; 0; 498
INTERNAL; 12; 12; 0; 498; INTERNAL; 11; 11; 0; 399
INTERNAL; 12; 12; 0; 498; INTERNAL; 10; 11; 1; 1213
INTERNAL; 10; 11; 1; 1213; INTERNAL; 7; 10; 3; 1662
INTERNAL; 7; 10; 3; 1662; INTERNAL; 6; 9; 3; 533
INTERNAL; 6; 9; 3; 533; INTERNAL; 3; 8; 5; 1967
INTERNAL; 7; 10; 3; 1662; INTERNAL; 5; 9; 4; 953
INTERNAL; 10; 11; 1; 1213; INTERNAL; 9; 10; 1; 588
INTERNAL; 10; 11; 1; 1213; INTERNAL; 9; 10; 1; 2268
INTERNAL; 12; 12; 0; 498; INTERNAL; 10; 11; 1; 1018
INTERNAL; 10; 11; 1; 1018; INTERNAL; 9; 10; 1; 632
INTERNAL; 10; 11; 1; 1018; INTERNAL; 8; 10; 2; 628
INTERNAL; 8; 10; 2; 628; INTERNAL; 6; 9; 3; 1110
INTERNAL; 6; 9; 3; 1110; INTERNAL; 5; 8; 3; 1036
INTERNAL; 6; 9; 3; 1110; INTERNAL; 5; 8; 3; 1681
INTERNAL; 6; 9; 3; 1110; INTERNAL; 5; 8; 3; 1775
INTERNAL; 6; 9; 3; 1110; INTERNAL; 5; 8; 3; 1114
INTERNAL; 5; 8; 3; 1114; INTERNAL; 3; 7; 4; 541
INTERNAL; 8; 10; 2; 628; INTERNAL; 6; 9; 3; 563
INTERNAL; 6; 9; 3; 563; INTERNAL; 5; 8; 3; 1151
INTERNAL; 6; 9; 3; 563; INTERNAL; 5; 8; 3; 1799
INTERNAL; 5; 8; 3; 1799; INTERNAL; 4; 7; 3; 566
INTERNAL; 6; 9; 3; 563; INTERNAL; 5; 8; 3; 1447
INTERNAL; 6; 9; 3; 563; INTERNAL; 5; 8; 3; 537
INTERNAL; 8; 10; 2; 628; INTERNAL; 7; 9; 2; 2380
INTERNAL; 7; 9; 2; 2380; INTERNAL; 5; 8; 3; 720
INTERNAL; 5; 8; 3; 720; INTERNAL; 4; 7; 3; 556
INTERNAL; 7; 9; 2; 2380; INTERNAL; 6; 8; 2; 557
INTERNAL; 6; 8; 2; 557; INTERNAL; 5; 7; 2; 1167
INTERNAL; 7; 9; 2; 2380; INTERNAL; 5; 8; 3; 560
INTERNAL; 13; 15; 2; 2489; INTERNAL; 10; 12; 2; 1436
INTERNAL; 16; 16; 0; 1589; INTERNAL; 15; 15; 0; 2334
INTERNAL; 15; 15; 0; 2334; INTERNAL; 14; 14; 0; 1038
INTERNAL; 14; 14; 0; 1038; INTERNAL; 13; 13; 0; 502
INTERNAL; 13; 13; 0; 502; INTERNAL; 9; 12; 3; 1103
INTERNAL; 9; 12; 3; 1103; INTERNAL; 8; 10; 2; 1597
INTERNAL; 13; 13; 0; 502; INTERNAL; 12; 12; 0; 859
INTERNAL; 13; 13; 0; 502; INTERNAL; 11; 12; 1; 830
INTERNAL; 11; 12; 1; 830; INTERNAL; 8; 11; 3; 1944
INTERNAL; 8; 11; 3; 1944; INTERNAL; 7; 10; 3; 521
INTERNAL; 7; 10; 3; 521; INTERNAL; 6; 9; 3; 1303
INTERNAL; 6; 9; 3; 1303; INTERNAL; 5; 8; 3; 1639
INTERNAL; 8; 11; 3; 1944; INTERNAL; 5; 10; 5; 713
INTERNAL; 8; 11; 3; 1944; INTERNAL; 5; 10; 5; 523
INTERNAL; 5; 10; 5; 523; INTERNAL; 4; 9; 5; 1671
INTERNAL; 11; 12; 1; 830; INTERNAL; 10; 11; 1; 531
INTERNAL; 11; 12; 1; 830; INTERNAL; 9; 11; 2; 664
INTERNAL; 14; 14; 0; 1038; INTERNAL; 13; 13; 0; 612
INTERNAL; 15; 15; 0; 2334; INTERNAL; 14; 14; 0; 2615
INTERNAL; 14; 14; 0; 2615; INTERNAL; 7; 13; 6; 810
INTERNAL; 7; 13; 6; 810; INTERNAL; 5; 12; 7; 1382
INTERNAL; 7; 13; 6; 810; INTERNAL; 5; 12; 7; 1198
INTERNAL; 5; 12; 7; 1198; INTERNAL; 4; 11; 7; 509
INTERNAL; 7; 13; 6; 810; INTERNAL; 6; 12; 6; 517
INTERNAL; 6; 12; 6; 517; INTERNAL; 5; 11; 6; 515
INTERNAL; 7; 13; 6; 810; INTERNAL; 5; 12; 7; 1021
INTERNAL; 14; 14; 0; 2615; INTERNAL; 13; 13; 0; 1142
INTERNAL; 16; 16; 0; 1589; INTERNAL; 13; 15; 2; 1509
INTERNAL; 13; 15; 2; 1509; INTERNAL; 11; 14; 3; 371
INTERNAL; 13; 15; 2; 1509; INTERNAL; 12; 14; 2; 1045
INTERNAL; 13; 15; 2; 1509; INTERNAL; 12; 14; 2; 896
INTERNAL; 16; 16; 0; 1589; INTERNAL; 14; 15; 1; 1143
INTERNAL; 17; 17; 0; 2281; INTERNAL; 14; 16; 2; 497
INTERNAL; 14; 16; 2; 497; INTERNAL; 13; 15; 2; 425
INTERNAL; 14; 16; 2; 497; INTERNAL; 13; 15; 2; 491
INTERNAL; 18; 19; 1; 2020; INTERNAL; 13; 18; 5; 795
INTERNAL; 18; 19; 1; 2020; INTERNAL; 14; 17; 3; 1089
INTERNAL; 24; 24; 0; 996; INTERNAL; 23; 23; 0; 1141
INTERNAL; 23; 23; 0; 1141; INTERNAL; 16; 20; 4; 647
INTERNAL; 23; 23; 0; 1141; INTERNAL; 15; 22; 7; 1238
INTERNAL; 15; 22; 7; 1238; INTERNAL; 14; 19; 5; 802
INTERNAL; 15; 22; 7; 1238; INTERNAL; 11; 19; 8; 695
INTERNAL; 23; 23; 0; 1141; INTERNAL; 15; 19; 4; 1050
INTERNAL; 23; 23; 0; 1141; INTERNAL; 22; 22; 0; 1188
INTERNAL; 22; 22; 0; 1188; INTERNAL; 21; 21; 0; 1234
INTERNAL; 21; 21; 0; 1234; INTERNAL; 20; 20; 0; 1027
INTERNAL; 20; 20; 0; 1027; INTERNAL; 19; 19; 0; 1172
INTERNAL; 19; 19; 0; 1172; INTERNAL; 18; 18; 0; 1518
INTERNAL; 21; 21; 0; 1234; INTERNAL; 19; 20; 1; 470
INTERNAL; 21; 21; 0; 1234; INTERNAL; 17; 20; 3; 1269
INTERNAL; 24; 24; 0; 996; INTERNAL; 21; 23; 2; 1104
INTERNAL; 21; 23; 2; 1104; INTERNAL; 19; 20; 1; 2113
INTERNAL; 25; 25; 0; 1126; INTERNAL; 23; 24; 1; 1108
INTERNAL; 23; 24; 1; 1108; INTERNAL; 15; 23; 8; 871
INTERNAL; 26; 26; 0; 2203; INTERNAL; 24; 25; 1; 1157
INTERNAL; 24; 25; 1; 1157; INTERNAL; 23; 23; 0; 2031
INTERNAL; 23; 23; 0; 2031; INTERNAL; 22; 22; 0; 1152
INTERNAL; 22; 22; 0; 1152; INTERNAL; 21; 21; 0; 2032
INTERNAL; 21; 21; 0; 2032; INTERNAL; 20; 20; 0; 2037
INTERNAL; 21; 21; 0; 2032; INTERNAL; 19; 20; 1; 2034
INTERNAL; 22; 22; 0; 1152; INTERNAL; 19; 20; 1; 1493
INTERNAL; 23; 23; 0; 2031; INTERNAL; 16; 22; 6; 714
INTERNAL; 24; 25; 1; 1157; INTERNAL; 23; 23; 0; 2430
INTERNAL; 23; 23; 0; 2430; INTERNAL; 22; 22; 0; 817
INTERNAL; 22; 22; 0; 817; INTERNAL; 21; 21; 0; 2467
INTERNAL; 21; 21; 0; 2467; INTERNAL; 18; 20; 2; 2468
INTERNAL; 23; 23; 0; 2430; INTERNAL; 17; 22; 5; 553
INTERNAL; 17; 22; 5; 553; INTERNAL; 15; 21; 6; 2471
INTERNAL; 24; 25; 1; 1157; INTERNAL; 23; 24; 1; 668
INTERNAL; 23; 24; 1; 668; INTERNAL; 22; 23; 1; 1877
INTERNAL; 22; 23; 1; 1877; INTERNAL; 17; 22; 5; 2248
INTERNAL; 17; 22; 5; 2248; INTERNAL; 14; 21; 7; 11
INTERNAL; 22; 23; 1; 1877; INTERNAL; 20; 22; 2; 12
INTERNAL; 20; 22; 2; 12; INTERNAL; 19; 21; 2; 646
INTERNAL; 22; 23; 1; 1877; INTERNAL; 21; 22; 1; 13
INTERNAL; 21; 22; 1; 13; INTERNAL; 20; 21; 1; 1196
INTERNAL; 23; 24; 1; 668; INTERNAL; 20; 23; 3; 6
INTERNAL; 20; 23; 3; 6; INTERNAL; 19; 22; 3; 1727
INTERNAL; 19; 22; 3; 1727; INTERNAL; 18; 21; 3; 635
INTERNAL; 18; 21; 3; 635; INTERNAL; 16; 20; 4; 637
INTERNAL; 16; 20; 4; 637; INTERNAL; 15; 19; 4; 4
INTERNAL; 20; 23; 3; 6; INTERNAL; 19; 22; 3; 5
INTERNAL; 19; 22; 3; 5; INTERNAL; 18; 21; 3; 3
INTERNAL; 18; 21; 3; 3; INTERNAL; 16; 20; 4; 2595
INTERNAL; 23; 24; 1; 668; INTERNAL; 22; 23; 1; 15
INTERNAL; 22; 23; 1; 15; INTERNAL; 16; 22; 6; 14
INTERNAL; 27; 27; 0; 1526; INTERNAL; 26; 26; 0; 1
INTERNAL; 26; 26; 0; 1; INTERNAL; 24; 25; 1; 1132
INTERNAL; 24; 25; 1; 1132; INTERNAL; 23; 24; 1; 465
INTERNAL; 23; 24; 1; 465; INTERNAL; 22; 23; 1; 2030
INTERNAL; 22; 23; 1; 2030; INTERNAL; 21; 22; 1; 313
INTERNAL; 21; 22; 1; 313; INTERNAL; 20; 21; 1; 2476
INTERNAL; 22; 23; 1; 2030; INTERNAL; 17; 22; 5; 2473
INTERNAL; 17; 22; 5; 2473; INTERNAL; 15; 21; 6; 2236
INTERNAL; 22; 23; 1; 2030; INTERNAL; 20; 22; 2; 665
INTERNAL; 20; 22; 2; 665; INTERNAL; 18; 21; 3; 2800
INTERNAL; 23; 24; 1; 465; INTERNAL; 22; 23; 1; 1949
INTERNAL; 22; 23; 1; 1949; INTERNAL; 16; 22; 6; 1570
INTERNAL; 23; 24; 1; 465; INTERNAL; 20; 23; 3; 2660
INTERNAL; 20; 23; 3; 2660; INTERNAL; 19; 22; 3; 10
INTERNAL; 19; 22; 3; 10; INTERNAL; 18; 21; 3; 9
INTERNAL; 18; 21; 3; 9; INTERNAL; 16; 20; 4; 852
INTERNAL; 20; 23; 3; 2660; INTERNAL; 19; 22; 3; 1762
INTERNAL; 19; 22; 3; 1762; INTERNAL; 18; 21; 3; 1195
INTERNAL; 18; 21; 3; 1195; INTERNAL; 16; 20; 4; 8
INTERNAL; 16; 20; 4; 8; INTERNAL; 15; 19; 4; 7
INTERNAL; 26; 26; 0; 1; INTERNAL; 25; 25; 0; 1147
INTERNAL; 25; 25; 0; 1147; INTERNAL; 24; 24; 0; 362
INTERNAL; 24; 24; 0; 362; INTERNAL; 21; 23; 2; 1959
INTERNAL; 21; 23; 2; 1959; INTERNAL; 20; 22; 2; 2807
INTERNAL; 20; 22; 2; 2807; INTERNAL; 18; 21; 3; 31
INTERNAL; 18; 21; 3; 31; INTERNAL; 16; 20; 4; 1839
INTERNAL; 21; 23; 2; 1959; INTERNAL; 20; 22; 2; 1023
INTERNAL; 20; 22; 2; 1023; INTERNAL; 17; 21; 4; 1258
INTERNAL; 17; 21; 4; 1258; INTERNAL; 15; 20; 5; 2368
UNKNOWN; -1; -1; -1; -1; OUTPUT; 28; 28; 0; 1643
OUTPUT; 28; 28; 0; 1643; INTERNAL; 27; 27; 0; 2
UNKNOWN; -1; -1; -1; -1; OUTPUT; 27; 28; 1; 2167
OUTPUT; 27; 28; 1; 2167; INTERNAL; 26; 27; 1; 1191
