TYPE; ASAP; ALAP; SLACK; A; TYPE; ASAP; ALAP; SLACK; B
UNKNOWN; -1; -1; -1; -1; OUTPUT; 27; 28; 1; 4372
OUTPUT; 27; 28; 1; 4372; INTERNAL; 26; 27; 1; 5942
INTERNAL; 26; 27; 1; 5942; INTERNAL; 24; 25; 1; 4895
INTERNAL; 24; 25; 1; 4895; INTERNAL; 23; 24; 1; 2123
INTERNAL; 23; 24; 1; 2123; INTERNAL; 19; 22; 3; 115
INTERNAL; 19; 22; 3; 115; INTERNAL; 17; 20; 3; 2825
INTERNAL; 17; 20; 3; 2825; INTERNAL; 12; 19; 7; 776
INTERNAL; 12; 19; 7; 776; INTERNAL; 11; 17; 6; 6207
INTERNAL; 11; 17; 6; 6207; INTERNAL; 10; 16; 6; 6201
INTERNAL; 10; 16; 6; 6201; INTERNAL; 9; 13; 4; 2249
INTERNAL; 9; 13; 4; 2249; INTERNAL; 8; 12; 4; 1488
INTERNAL; 8; 12; 4; 1488; INTERNAL; 6; 11; 5; 6191
INTERNAL; 6; 11; 5; 6191; INTERNAL; 5; 10; 5; 3945
INTERNAL; 5; 10; 5; 3945; INTERNAL; 2; 5; 3; 4716
INTERNAL; 2; 5; 3; 4716; INPUT; 1; 4; 3; 5860
INTERNAL; 2; 5; 3; 4716; INPUT; 1; 4; 3; 1369
INTERNAL; 2; 5; 3; 4716; INPUT; 1; 4; 3; 4742
INTERNAL; 2; 5; 3; 4716; INPUT; 1; 4; 3; 3595
INTERNAL; 5; 10; 5; 3945; INTERNAL; 2; 7; 5; 3236
INTERNAL; 2; 7; 5; 3236; INPUT; 1; 5; 4; 1306
INTERNAL; 2; 7; 5; 3236; INPUT; 1; 5; 4; 2259
INTERNAL; 2; 7; 5; 3236; INPUT; 1; 5; 4; 1817
INTERNAL; 2; 7; 5; 3236; INPUT; 1; 5; 4; 5105
INTERNAL; 5; 10; 5; 3945; INTERNAL; 4; 9; 5; 5076
INTERNAL; 4; 9; 5; 5076; INTERNAL; 3; 7; 4; 6004
INTERNAL; 3; 7; 4; 6004; INPUT; 1; 6; 5; 6010
INTERNAL; 3; 7; 4; 6004; INPUT; 1; 6; 5; 6007
INTERNAL; 3; 7; 4; 6004; INPUT; 1; 6; 5; 3257
INTERNAL; 3; 7; 4; 6004; INPUT; 1; 6; 5; 1565
INTERNAL; 3; 7; 4; 6004; INTERNAL; 2; 5; 3; 1501
INTERNAL; 2; 5; 3; 1501; INPUT; 1; 4; 3; 5458
INTERNAL; 2; 5; 3; 1501; INPUT; 1; 4; 3; 4231
INTERNAL; 2; 5; 3; 1501; INPUT; 1; 4; 3; 5990
INTERNAL; 2; 5; 3; 1501; INPUT; 1; 4; 3; 3105
INTERNAL; 4; 9; 5; 5076; INPUT; 1; 3; 2; 3225
INTERNAL; 4; 9; 5; 5076; INPUT; 1; 3; 2; 3129
INTERNAL; 4; 9; 5; 5076; INPUT; 1; 4; 3; 4193
INTERNAL; 6; 11; 5; 6191; INTERNAL; 5; 10; 5; 6193
INTERNAL; 5; 10; 5; 6193; INTERNAL; 4; 9; 5; 1455
INTERNAL; 4; 9; 5; 1455; INTERNAL; 3; 8; 5; 3975
INTERNAL; 3; 8; 5; 3975; INPUT; 1; 6; 5; 4838
INTERNAL; 3; 8; 5; 3975; INPUT; 1; 6; 5; 5394
INTERNAL; 3; 8; 5; 3975; INTERNAL; 2; 6; 4; 2461
INTERNAL; 2; 6; 4; 2461; INPUT; 1; 5; 4; 1487
INTERNAL; 2; 6; 4; 2461; INPUT; 1; 5; 4; 1238
INTERNAL; 2; 6; 4; 2461; INPUT; 1; 5; 4; 3178
INTERNAL; 2; 6; 4; 2461; INPUT; 1; 5; 4; 1535
INTERNAL; 3; 8; 5; 3975; INPUT; 1; 6; 5; 5398
INTERNAL; 3; 8; 5; 3975; INPUT; 1; 6; 5; 5400
INTERNAL; 3; 8; 5; 3975; INTERNAL; 2; 6; 4; 2423
INTERNAL; 2; 6; 4; 2423; INPUT; 1; 5; 4; 5053
INTERNAL; 2; 6; 4; 2423; INPUT; 1; 5; 4; 5052
INTERNAL; 2; 6; 4; 2423; INPUT; 1; 5; 4; 3393
INTERNAL; 2; 6; 4; 2423; INPUT; 1; 5; 4; 5056
INTERNAL; 4; 9; 5; 1455; INTERNAL; 2; 4; 2; 2162
INTERNAL; 2; 4; 2; 2162; INPUT; 1; 3; 2; 2340
INTERNAL; 2; 4; 2; 2162; INPUT; 1; 3; 2; 5998
INTERNAL; 2; 4; 2; 2162; INPUT; 1; 3; 2; 2697
INTERNAL; 2; 4; 2; 2162; INPUT; 1; 3; 2; 2501
INTERNAL; 4; 9; 5; 1455; INTERNAL; 2; 7; 5; 3800
INTERNAL; 2; 7; 5; 3800; INPUT; 1; 5; 4; 1462
INTERNAL; 2; 7; 5; 3800; INPUT; 1; 5; 4; 3205
INTERNAL; 2; 7; 5; 3800; INPUT; 1; 5; 4; 3619
INTERNAL; 2; 7; 5; 3800; INPUT; 1; 5; 4; 5062
INTERNAL; 4; 9; 5; 1455; INTERNAL; 3; 4; 1; 2199
INTERNAL; 3; 4; 1; 2199; INPUT; 1; 3; 2; 2770
INTERNAL; 3; 4; 1; 2199; INTERNAL; 2; 3; 1; 2858
INTERNAL; 2; 3; 1; 2858; INPUT; 1; 2; 1; 1545
INTERNAL; 2; 3; 1; 2858; INPUT; 1; 2; 1; 2507
INTERNAL; 3; 4; 1; 2199; INPUT; 1; 3; 2; 1973
INTERNAL; 5; 10; 5; 6193; INTERNAL; 4; 9; 5; 6163
INTERNAL; 4; 9; 5; 6163; INTERNAL; 3; 8; 5; 1088
INTERNAL; 3; 8; 5; 1088; INPUT; 1; 5; 4; 2704
INTERNAL; 3; 8; 5; 1088; INPUT; 1; 5; 4; 881
INTERNAL; 3; 8; 5; 1088; INPUT; 1; 5; 4; 886
INTERNAL; 3; 8; 5; 1088; INTERNAL; 2; 6; 4; 4267
INTERNAL; 4; 9; 5; 6163; INTERNAL; 2; 6; 4; 1427
INTERNAL; 2; 6; 4; 1427; INPUT; 1; 3; 2; 2997
INTERNAL; 2; 6; 4; 1427; INPUT; 1; 3; 2; 1600
INTERNAL; 2; 6; 4; 1427; INPUT; 1; 3; 2; 1120
INTERNAL; 2; 6; 4; 1427; INPUT; 1; 3; 2; 3649
INTERNAL; 4; 9; 5; 6163; INPUT; 1; 3; 2; 4546
INTERNAL; 4; 9; 5; 6163; INTERNAL; 2; 7; 5; 2050
INTERNAL; 2; 7; 5; 2050; INPUT; 1; 4; 3; 3061
INTERNAL; 2; 7; 5; 2050; INPUT; 1; 4; 3; 3071
INTERNAL; 2; 7; 5; 2050; INPUT; 1; 4; 3; 6266
INTERNAL; 2; 7; 5; 2050; INPUT; 1; 4; 3; 3073
INTERNAL; 4; 9; 5; 6163; INTERNAL; 2; 8; 6; 6135
INTERNAL; 2; 8; 6; 6135; INPUT; 1; 3; 2; 2913
INTERNAL; 2; 8; 6; 6135; INPUT; 1; 3; 2; 1184
INTERNAL; 2; 8; 6; 6135; INPUT; 1; 3; 2; 3803
INTERNAL; 2; 8; 6; 6135; INPUT; 1; 3; 2; 2354
INTERNAL; 4; 9; 5; 6163; INTERNAL; 2; 8; 6; 2389
INTERNAL; 2; 8; 6; 2389; INPUT; 1; 6; 5; 2773
INTERNAL; 2; 8; 6; 2389; INPUT; 1; 6; 5; 3577
INTERNAL; 2; 8; 6; 2389; INPUT; 1; 6; 5; 4029
INTERNAL; 2; 8; 6; 2389; INPUT; 1; 6; 5; 5864
INTERNAL; 8; 12; 4; 1488; INTERNAL; 7; 11; 4; 6034
INTERNAL; 7; 11; 4; 6034; INTERNAL; 6; 10; 4; 5358
INTERNAL; 6; 10; 4; 5358; INTERNAL; 4; 9; 5; 2225
INTERNAL; 4; 9; 5; 2225; INTERNAL; 3; 6; 3; 5997
INTERNAL; 3; 6; 3; 5997; INPUT; 1; 4; 3; 1045
INTERNAL; 3; 6; 3; 5997; INPUT; 1; 5; 4; 3336
INTERNAL; 3; 6; 3; 5997; INPUT; 1; 5; 4; 3291
INTERNAL; 3; 6; 3; 5997; INPUT; 1; 4; 3; 1046
INTERNAL; 3; 6; 3; 5997; INPUT; 1; 5; 4; 1420
INTERNAL; 3; 6; 3; 5997; INTERNAL; 2; 5; 3; 2628
INTERNAL; 2; 5; 3; 2628; INPUT; 1; 3; 2; 3012
INTERNAL; 2; 5; 3; 2628; INPUT; 1; 3; 2; 4989
INTERNAL; 4; 9; 5; 2225; INTERNAL; 3; 8; 5; 1551
INTERNAL; 3; 8; 5; 1551; INTERNAL; 2; 6; 4; 1658
INTERNAL; 2; 6; 4; 1658; INPUT; 1; 5; 4; 3579
INTERNAL; 2; 6; 4; 1658; INPUT; 1; 5; 4; 1248
INTERNAL; 2; 6; 4; 1658; INPUT; 1; 5; 4; 894
INTERNAL; 2; 6; 4; 1658; INPUT; 1; 5; 4; 2952
INTERNAL; 3; 8; 5; 1551; INPUT; 1; 4; 3; 3450
INTERNAL; 3; 8; 5; 1551; INPUT; 1; 4; 3; 1721
INTERNAL; 3; 8; 5; 1551; INTERNAL; 2; 6; 4; 6003
INTERNAL; 2; 6; 4; 6003; INPUT; 1; 4; 3; 3045
INTERNAL; 2; 6; 4; 6003; INPUT; 1; 4; 3; 2244
INTERNAL; 2; 6; 4; 6003; INPUT; 1; 4; 3; 2084
INTERNAL; 2; 6; 4; 6003; INPUT; 1; 4; 3; 2081
INTERNAL; 3; 8; 5; 1551; INTERNAL; 2; 5; 3; 4400
INTERNAL; 2; 5; 3; 4400; INPUT; 1; 3; 2; 1937
INTERNAL; 2; 5; 3; 4400; INPUT; 1; 3; 2; 2197
INTERNAL; 2; 5; 3; 4400; INPUT; 1; 3; 2; 1225
INTERNAL; 2; 5; 3; 4400; INPUT; 1; 3; 2; 1224
INTERNAL; 3; 8; 5; 1551; INPUT; 1; 4; 3; 838
INTERNAL; 4; 9; 5; 2225; INTERNAL; 3; 6; 3; 2487
INTERNAL; 3; 6; 3; 2487; INPUT; 1; 3; 2; 2248
INTERNAL; 3; 6; 3; 2487; INPUT; 1; 3; 2; 2596
INTERNAL; 3; 6; 3; 2487; INTERNAL; 2; 3; 1; 759
INTERNAL; 2; 3; 1; 759; INPUT; 1; 2; 1; 2824
INTERNAL; 2; 3; 1; 759; INPUT; 1; 2; 1; 3603
INTERNAL; 4; 9; 5; 2225; INTERNAL; 2; 7; 5; 5995
INTERNAL; 2; 7; 5; 5995; INPUT; 1; 3; 2; 5996
INTERNAL; 2; 7; 5; 5995; INPUT; 1; 3; 2; 1832
INTERNAL; 2; 7; 5; 5995; INPUT; 1; 3; 2; 2982
INTERNAL; 6; 10; 4; 5358; INTERNAL; 4; 9; 5; 6149
INTERNAL; 4; 9; 5; 6149; INTERNAL; 3; 8; 5; 6154
INTERNAL; 3; 8; 5; 6154; INTERNAL; 2; 4; 2; 2727
INTERNAL; 2; 4; 2; 2727; INPUT; 1; 3; 2; 1933
INTERNAL; 2; 4; 2; 2727; INPUT; 1; 3; 2; 774
INTERNAL; 2; 4; 2; 2727; INPUT; 1; 3; 2; 4586
INTERNAL; 2; 4; 2; 2727; INPUT; 1; 3; 2; 1525
INTERNAL; 3; 8; 5; 6154; INPUT; 1; 5; 4; 841
INTERNAL; 3; 8; 5; 6154; INPUT; 1; 5; 4; 1286
INTERNAL; 3; 8; 5; 6154; INTERNAL; 2; 5; 3; 6002
INTERNAL; 2; 5; 3; 6002; INPUT; 1; 4; 3; 3890
INTERNAL; 2; 5; 3; 6002; INPUT; 1; 4; 3; 2045
INTERNAL; 2; 5; 3; 6002; INPUT; 1; 4; 3; 5259
INTERNAL; 2; 5; 3; 6002; INPUT; 1; 4; 3; 5260
INTERNAL; 3; 8; 5; 6154; INTERNAL; 2; 5; 3; 3783
INTERNAL; 2; 5; 3; 3783; INPUT; 1; 4; 3; 3369
INTERNAL; 2; 5; 3; 3783; INPUT; 1; 4; 3; 1965
INTERNAL; 2; 5; 3; 3783; INPUT; 1; 4; 3; 2035
INTERNAL; 2; 5; 3; 3783; INPUT; 1; 4; 3; 3390
INTERNAL; 3; 8; 5; 6154; INPUT; 1; 5; 4; 1179
INTERNAL; 4; 9; 5; 6149; INPUT; 1; 4; 3; 3270
INTERNAL; 4; 9; 5; 6149; INTERNAL; 2; 8; 6; 3698
INTERNAL; 2; 8; 6; 3698; INPUT; 1; 7; 6; 3872
INTERNAL; 2; 8; 6; 3698; INPUT; 1; 7; 6; 6156
INTERNAL; 2; 8; 6; 3698; INPUT; 1; 7; 6; 2228
INTERNAL; 2; 8; 6; 3698; INPUT; 1; 7; 6; 6160
INTERNAL; 4; 9; 5; 6149; INTERNAL; 3; 8; 5; 6152
INTERNAL; 3; 8; 5; 6152; INTERNAL; 2; 5; 3; 3231
INTERNAL; 2; 5; 3; 3231; INPUT; 1; 4; 3; 3433
INTERNAL; 2; 5; 3; 3231; INPUT; 1; 4; 3; 3435
INTERNAL; 2; 5; 3; 3231; INPUT; 1; 4; 3; 3026
INTERNAL; 2; 5; 3; 3231; INPUT; 1; 4; 3; 4893
INTERNAL; 4; 9; 5; 6149; INPUT; 1; 4; 3; 2614
INTERNAL; 4; 9; 5; 6149; INPUT; 1; 4; 3; 3269
INTERNAL; 6; 10; 4; 5358; INTERNAL; 5; 9; 4; 6147
INTERNAL; 5; 9; 4; 6147; INPUT; 1; 6; 5; 3589
INTERNAL; 5; 9; 4; 6147; INPUT; 1; 6; 5; 4894
INTERNAL; 5; 9; 4; 6147; INTERNAL; 3; 8; 5; 5451
INTERNAL; 3; 8; 5; 5451; INPUT; 1; 3; 2; 1293
INTERNAL; 3; 8; 5; 5451; INTERNAL; 2; 5; 3; 5058
INTERNAL; 2; 5; 3; 5058; INPUT; 1; 4; 3; 3858
INTERNAL; 2; 5; 3; 5058; INPUT; 1; 4; 3; 2087
INTERNAL; 2; 5; 3; 5058; INPUT; 1; 4; 3; 3860
INTERNAL; 3; 8; 5; 5451; INTERNAL; 2; 4; 2; 4624
INTERNAL; 2; 4; 2; 4624; INPUT; 1; 3; 2; 2801
INTERNAL; 2; 4; 2; 4624; INPUT; 1; 3; 2; 4375
INTERNAL; 3; 8; 5; 5451; INPUT; 1; 3; 2; 4033
INTERNAL; 5; 9; 4; 6147; INPUT; 1; 6; 5; 4896
INTERNAL; 5; 9; 4; 6147; INTERNAL; 4; 8; 4; 6150
INTERNAL; 4; 8; 4; 6150; INPUT; 1; 4; 3; 1159
INTERNAL; 4; 8; 4; 6150; INPUT; 1; 4; 3; 2511
INTERNAL; 4; 8; 4; 6150; INTERNAL; 2; 5; 3; 5959
INTERNAL; 4; 8; 4; 6150; INTERNAL; 3; 5; 2; 1194
INTERNAL; 3; 5; 2; 1194; INPUT; 1; 4; 3; 763
INTERNAL; 3; 5; 2; 1194; INTERNAL; 2; 4; 2; 4169
INTERNAL; 2; 4; 2; 4169; INPUT; 1; 3; 2; 761
INTERNAL; 2; 4; 2; 4169; INPUT; 1; 3; 2; 4820
INTERNAL; 3; 5; 2; 1194; INPUT; 1; 4; 3; 5032
INTERNAL; 7; 11; 4; 6034; INTERNAL; 5; 10; 5; 6145
INTERNAL; 7; 11; 4; 6034; INTERNAL; 6; 10; 4; 4336
INTERNAL; 6; 10; 4; 4336; INTERNAL; 5; 8; 3; 5988
INTERNAL; 5; 8; 3; 5988; INPUT; 1; 5; 4; 3834
INTERNAL; 5; 8; 3; 5988; INTERNAL; 3; 7; 4; 5991
INTERNAL; 3; 7; 4; 5991; INPUT; 1; 4; 3; 908
INTERNAL; 3; 7; 4; 5991; INPUT; 1; 4; 3; 2622
INTERNAL; 3; 7; 4; 5991; INPUT; 1; 4; 3; 2303
INTERNAL; 5; 8; 3; 5988; INTERNAL; 4; 7; 3; 5992
INTERNAL; 4; 7; 3; 5992; INTERNAL; 2; 6; 4; 2819
INTERNAL; 2; 6; 4; 2819; INPUT; 1; 5; 4; 2504
INTERNAL; 2; 6; 4; 2819; INPUT; 1; 5; 4; 879
INTERNAL; 2; 6; 4; 2819; INPUT; 1; 5; 4; 1076
INTERNAL; 2; 6; 4; 2819; INPUT; 1; 5; 4; 1047
INTERNAL; 4; 7; 3; 5992; INPUT; 1; 4; 3; 3495
INTERNAL; 4; 7; 3; 5992; INPUT; 1; 4; 3; 3949
INTERNAL; 4; 7; 3; 5992; INTERNAL; 3; 6; 3; 6001
INTERNAL; 6; 10; 4; 4336; INTERNAL; 5; 8; 3; 5989
INTERNAL; 5; 8; 3; 5989; INTERNAL; 4; 7; 3; 1439
INTERNAL; 4; 7; 3; 1439; INTERNAL; 2; 4; 2; 2416
INTERNAL; 2; 4; 2; 2416; INPUT; 1; 3; 2; 3147
INTERNAL; 2; 4; 2; 2416; INPUT; 1; 3; 2; 2399
INTERNAL; 2; 4; 2; 2416; INPUT; 1; 3; 2; 2543
INTERNAL; 2; 4; 2; 2416; INPUT; 1; 3; 2; 2679
INTERNAL; 8; 12; 4; 1488; INTERNAL; 7; 11; 4; 6190
INTERNAL; 7; 11; 4; 6190; INTERNAL; 6; 10; 4; 3454
INTERNAL; 7; 11; 4; 6190; INTERNAL; 5; 10; 5; 6097
INTERNAL; 5; 10; 5; 6097; INTERNAL; 4; 9; 5; 2350
INTERNAL; 4; 9; 5; 2350; INTERNAL; 2; 4; 2; 1892
INTERNAL; 2; 4; 2; 1892; INPUT; 1; 3; 2; 3706
INTERNAL; 2; 4; 2; 1892; INPUT; 1; 3; 2; 3569
INTERNAL; 2; 4; 2; 1892; INPUT; 1; 3; 2; 3380
INTERNAL; 2; 4; 2; 1892; INPUT; 1; 3; 2; 3567
INTERNAL; 4; 9; 5; 2350; INTERNAL; 2; 6; 4; 1149
INTERNAL; 2; 6; 4; 1149; INPUT; 1; 4; 3; 1341
INTERNAL; 2; 6; 4; 1149; INPUT; 1; 4; 3; 4746
INTERNAL; 2; 6; 4; 1149; INPUT; 1; 4; 3; 4570
INTERNAL; 2; 6; 4; 1149; INPUT; 1; 5; 4; 6107
INTERNAL; 4; 9; 5; 2350; INTERNAL; 2; 4; 2; 1648
INTERNAL; 4; 9; 5; 2350; INTERNAL; 3; 7; 4; 5969
INTERNAL; 3; 7; 4; 5969; INPUT; 1; 6; 5; 5868
INTERNAL; 3; 7; 4; 5969; INPUT; 1; 6; 5; 6279
INTERNAL; 3; 7; 4; 5969; INTERNAL; 2; 6; 4; 1111
INTERNAL; 2; 6; 4; 1111; INPUT; 1; 5; 4; 816
INTERNAL; 2; 6; 4; 1111; INPUT; 1; 5; 4; 2767
INTERNAL; 2; 6; 4; 1111; INPUT; 1; 5; 4; 1779
INTERNAL; 2; 6; 4; 1111; INPUT; 1; 5; 4; 2232
INTERNAL; 3; 7; 4; 5969; INPUT; 1; 6; 5; 3731
INTERNAL; 4; 9; 5; 2350; INTERNAL; 2; 7; 5; 5966
INTERNAL; 2; 7; 5; 5966; INPUT; 1; 4; 3; 3398
INTERNAL; 2; 7; 5; 5966; INPUT; 1; 4; 3; 1387
INTERNAL; 2; 7; 5; 5966; INPUT; 1; 4; 3; 870
INTERNAL; 2; 7; 5; 5966; INPUT; 1; 4; 3; 2541
INTERNAL; 4; 9; 5; 2350; INTERNAL; 3; 8; 5; 6164
INTERNAL; 3; 8; 5; 6164; INTERNAL; 2; 7; 5; 4992
INTERNAL; 2; 7; 5; 4992; INPUT; 1; 5; 4; 5196
INTERNAL; 2; 7; 5; 4992; INPUT; 1; 5; 4; 5681
INTERNAL; 2; 7; 5; 4992; INPUT; 1; 5; 4; 4477
INTERNAL; 3; 8; 5; 6164; INTERNAL; 2; 6; 4; 980
INTERNAL; 2; 6; 4; 980; INPUT; 1; 4; 3; 3179
INTERNAL; 3; 8; 5; 6164; INTERNAL; 2; 6; 4; 3516
INTERNAL; 2; 6; 4; 3516; INPUT; 1; 5; 4; 1164
INTERNAL; 2; 6; 4; 3516; INPUT; 1; 5; 4; 1409
INTERNAL; 2; 6; 4; 3516; INPUT; 1; 5; 4; 2616
INTERNAL; 2; 6; 4; 3516; INPUT; 1; 5; 4; 2886
INTERNAL; 3; 8; 5; 6164; INTERNAL; 2; 6; 4; 4409
INTERNAL; 2; 6; 4; 4409; INPUT; 1; 4; 3; 1281
INTERNAL; 2; 6; 4; 4409; INPUT; 1; 4; 3; 4082
INTERNAL; 2; 6; 4; 4409; INPUT; 1; 4; 3; 2280
INTERNAL; 2; 6; 4; 4409; INPUT; 1; 4; 3; 1279
INTERNAL; 5; 10; 5; 6097; INTERNAL; 3; 9; 6; 888
INTERNAL; 3; 9; 6; 888; INTERNAL; 2; 8; 6; 1302
INTERNAL; 2; 8; 6; 1302; INPUT; 1; 6; 5; 5908
INTERNAL; 2; 8; 6; 1302; INPUT; 1; 2; 1; 3164
INTERNAL; 2; 8; 6; 1302; INPUT; 1; 2; 1; 5283
INTERNAL; 2; 8; 6; 1302; INPUT; 1; 2; 1; 3151
INTERNAL; 2; 8; 6; 1302; INPUT; 1; 5; 4; 4157
INTERNAL; 2; 8; 6; 1302; INPUT; 1; 5; 4; 5289
INTERNAL; 3; 9; 6; 888; INTERNAL; 2; 8; 6; 6112
INTERNAL; 5; 10; 5; 6097; INTERNAL; 3; 9; 6; 1067
INTERNAL; 3; 9; 6; 1067; INTERNAL; 2; 4; 2; 5855
INTERNAL; 2; 4; 2; 5855; INPUT; 1; 3; 2; 3252
INTERNAL; 2; 4; 2; 5855; INPUT; 1; 3; 2; 1776
INTERNAL; 2; 4; 2; 5855; INPUT; 1; 3; 2; 5396
INTERNAL; 2; 4; 2; 5855; INPUT; 1; 3; 2; 2562
INTERNAL; 3; 9; 6; 1067; INPUT; 1; 5; 4; 6166
INTERNAL; 3; 9; 6; 1067; INPUT; 1; 5; 4; 6169
INTERNAL; 9; 13; 4; 2249; INTERNAL; 8; 12; 4; 3648
INTERNAL; 8; 12; 4; 3648; INTERNAL; 7; 11; 4; 3446
INTERNAL; 7; 11; 4; 3446; INTERNAL; 6; 10; 4; 6175
INTERNAL; 6; 10; 4; 6175; INTERNAL; 5; 9; 4; 6178
INTERNAL; 5; 9; 4; 6178; INTERNAL; 4; 8; 4; 5777
INTERNAL; 4; 8; 4; 5777; INTERNAL; 3; 4; 1; 5286
INTERNAL; 3; 4; 1; 5286; INTERNAL; 2; 3; 1; 1077
INTERNAL; 2; 3; 1; 1077; INPUT; 1; 2; 1; 4791
INTERNAL; 2; 3; 1; 1077; INPUT; 1; 2; 1; 962
INTERNAL; 3; 4; 1; 5286; INPUT; 1; 3; 2; 2686
INTERNAL; 3; 4; 1; 5286; INPUT; 1; 3; 2; 2098
INTERNAL; 4; 8; 4; 5777; INPUT; 1; 6; 5; 5457
INTERNAL; 4; 8; 4; 5777; INPUT; 1; 6; 5; 5971
INTERNAL; 4; 8; 4; 5777; INTERNAL; 2; 5; 3; 5216
INTERNAL; 2; 5; 3; 5216; INPUT; 1; 4; 3; 5219
INTERNAL; 2; 5; 3; 5216; INPUT; 1; 4; 3; 5217
INTERNAL; 2; 5; 3; 5216; INPUT; 1; 4; 3; 2653
INTERNAL; 2; 5; 3; 5216; INPUT; 1; 4; 3; 4401
INTERNAL; 4; 8; 4; 5777; INPUT; 1; 6; 5; 5374
INTERNAL; 4; 8; 4; 5777; INPUT; 1; 6; 5; 5738
INTERNAL; 5; 9; 4; 6178; INTERNAL; 3; 8; 5; 6088
INTERNAL; 3; 8; 5; 6088; INPUT; 1; 3; 2; 3421
INTERNAL; 3; 8; 5; 6088; INPUT; 1; 3; 2; 5659
INTERNAL; 3; 8; 5; 6088; INTERNAL; 2; 7; 5; 2469
INTERNAL; 2; 7; 5; 2469; INPUT; 1; 5; 4; 5202
INTERNAL; 2; 7; 5; 2469; INPUT; 1; 5; 4; 2220
INTERNAL; 2; 7; 5; 2469; INPUT; 1; 4; 3; 1830
INTERNAL; 2; 7; 5; 2469; INPUT; 1; 5; 4; 1771
INTERNAL; 3; 8; 5; 6088; INPUT; 1; 3; 2; 3381
INTERNAL; 5; 9; 4; 6178; INTERNAL; 2; 5; 3; 6076
INTERNAL; 2; 5; 3; 6076; INPUT; 1; 3; 2; 2617
INTERNAL; 2; 5; 3; 6076; INPUT; 1; 3; 2; 3832
INTERNAL; 2; 5; 3; 6076; INPUT; 1; 3; 2; 2122
INTERNAL; 5; 9; 4; 6178; INTERNAL; 3; 8; 5; 6094
INTERNAL; 3; 8; 5; 6094; INPUT; 1; 4; 3; 4967
INTERNAL; 3; 8; 5; 6094; INTERNAL; 2; 4; 2; 1063
INTERNAL; 2; 4; 2; 1063; INPUT; 1; 3; 2; 2993
INTERNAL; 2; 4; 2; 1063; INPUT; 1; 3; 2; 3282
INTERNAL; 3; 8; 5; 6094; INPUT; 1; 4; 3; 4965
INTERNAL; 5; 9; 4; 6178; INTERNAL; 4; 8; 4; 6179
INTERNAL; 4; 8; 4; 6179; INTERNAL; 2; 7; 5; 5837
INTERNAL; 2; 7; 5; 5837; INPUT; 1; 5; 4; 3467
INTERNAL; 2; 7; 5; 5837; INPUT; 1; 5; 4; 2395
INTERNAL; 2; 7; 5; 5837; INPUT; 1; 5; 4; 2026
INTERNAL; 2; 7; 5; 5837; INPUT; 1; 5; 4; 4265
INTERNAL; 4; 8; 4; 6179; INTERNAL; 2; 4; 2; 5684
INTERNAL; 2; 4; 2; 5684; INPUT; 1; 3; 2; 3034
INTERNAL; 2; 4; 2; 5684; INPUT; 1; 3; 2; 4511
INTERNAL; 2; 4; 2; 5684; INPUT; 1; 3; 2; 3343
INTERNAL; 2; 4; 2; 5684; INPUT; 1; 3; 2; 5640
INTERNAL; 4; 8; 4; 6179; INTERNAL; 3; 6; 3; 6099
INTERNAL; 3; 6; 3; 6099; INPUT; 1; 5; 4; 3994
INTERNAL; 3; 6; 3; 6099; INTERNAL; 2; 5; 3; 2142
INTERNAL; 2; 5; 3; 2142; INPUT; 1; 4; 3; 1707
INTERNAL; 2; 5; 3; 2142; INPUT; 1; 4; 3; 5977
INTERNAL; 3; 6; 3; 6099; INPUT; 1; 5; 4; 1360
INTERNAL; 6; 10; 4; 6175; INTERNAL; 3; 9; 6; 3609
INTERNAL; 3; 9; 6; 3609; INTERNAL; 2; 5; 3; 5962
INTERNAL; 2; 5; 3; 5962; INPUT; 1; 4; 3; 4762
INTERNAL; 2; 5; 3; 5962; INPUT; 1; 4; 3; 1142
INTERNAL; 2; 5; 3; 5962; INPUT; 1; 4; 3; 1145
INTERNAL; 2; 5; 3; 5962; INPUT; 1; 4; 3; 4759
INTERNAL; 3; 9; 6; 3609; INTERNAL; 2; 5; 3; 1449
INTERNAL; 2; 5; 3; 1449; INPUT; 1; 4; 3; 4056
INTERNAL; 2; 5; 3; 1449; INPUT; 1; 4; 3; 5381
INTERNAL; 2; 5; 3; 1449; INPUT; 1; 4; 3; 3941
INTERNAL; 2; 5; 3; 1449; INPUT; 1; 4; 3; 3946
INTERNAL; 3; 9; 6; 3609; INTERNAL; 2; 4; 2; 2845
INTERNAL; 3; 9; 6; 3609; INTERNAL; 2; 7; 5; 2468
INTERNAL; 2; 7; 5; 2468; INPUT; 1; 3; 2; 1176
INTERNAL; 2; 7; 5; 2468; INPUT; 1; 3; 2; 1457
INTERNAL; 2; 7; 5; 2468; INPUT; 1; 3; 2; 874
INTERNAL; 2; 7; 5; 2468; INPUT; 1; 3; 2; 1562
INTERNAL; 6; 10; 4; 6175; INTERNAL; 3; 9; 6; 2358
INTERNAL; 3; 9; 6; 2358; INTERNAL; 2; 6; 4; 4663
INTERNAL; 2; 6; 4; 4663; INPUT; 1; 4; 3; 3815
INTERNAL; 2; 6; 4; 4663; INPUT; 1; 4; 3; 1981
INTERNAL; 2; 6; 4; 4663; INPUT; 1; 5; 4; 4810
INTERNAL; 2; 6; 4; 4663; INPUT; 1; 4; 3; 2690
INTERNAL; 3; 9; 6; 2358; INPUT; 1; 3; 2; 3084
INTERNAL; 3; 9; 6; 2358; INTERNAL; 2; 4; 2; 3855
INTERNAL; 2; 4; 2; 3855; INPUT; 1; 3; 2; 3281
INTERNAL; 2; 4; 2; 3855; INPUT; 1; 3; 2; 3277
INTERNAL; 3; 9; 6; 2358; INPUT; 1; 3; 2; 3637
INTERNAL; 3; 9; 6; 2358; INTERNAL; 2; 6; 4; 2008
INTERNAL; 2; 6; 4; 2008; INPUT; 1; 3; 2; 3170
INTERNAL; 2; 6; 4; 2008; INPUT; 1; 3; 2; 1843
INTERNAL; 2; 6; 4; 2008; INPUT; 1; 3; 2; 1307
INTERNAL; 2; 6; 4; 2008; INPUT; 1; 3; 2; 3149
INTERNAL; 7; 11; 4; 3446; INTERNAL; 3; 10; 7; 6176
INTERNAL; 3; 10; 7; 6176; INTERNAL; 2; 6; 4; 4097
INTERNAL; 2; 6; 4; 4097; INPUT; 1; 3; 2; 2057
INTERNAL; 2; 6; 4; 4097; INPUT; 1; 3; 2; 3468
INTERNAL; 2; 6; 4; 4097; INPUT; 1; 3; 2; 2449
INTERNAL; 2; 6; 4; 4097; INPUT; 1; 3; 2; 3006
INTERNAL; 3; 10; 7; 6176; INTERNAL; 2; 6; 4; 2532
INTERNAL; 2; 6; 4; 2532; INPUT; 1; 3; 2; 2741
INTERNAL; 2; 6; 4; 2532; INPUT; 1; 3; 2; 2612
INTERNAL; 2; 6; 4; 2532; INPUT; 1; 3; 2; 2483
INTERNAL; 2; 6; 4; 2532; INPUT; 1; 3; 2; 2151
INTERNAL; 3; 10; 7; 6176; INPUT; 1; 6; 5; 1386
INTERNAL; 3; 10; 7; 6176; INTERNAL; 2; 7; 5; 5478
INTERNAL; 2; 7; 5; 5478; INPUT; 1; 6; 5; 2894
INTERNAL; 2; 7; 5; 5478; INPUT; 1; 6; 5; 2802
INTERNAL; 2; 7; 5; 5478; INPUT; 1; 6; 5; 1580
INTERNAL; 2; 7; 5; 5478; INPUT; 1; 6; 5; 5633
INTERNAL; 3; 10; 7; 6176; INPUT; 1; 6; 5; 2941
INTERNAL; 7; 11; 4; 3446; INTERNAL; 6; 10; 4; 6174
INTERNAL; 6; 10; 4; 6174; INTERNAL; 4; 8; 4; 6059
INTERNAL; 4; 8; 4; 6059; INTERNAL; 3; 7; 4; 6066
INTERNAL; 3; 7; 4; 6066; INPUT; 1; 3; 2; 2574
INTERNAL; 3; 7; 4; 6066; INPUT; 1; 3; 2; 2709
INTERNAL; 3; 7; 4; 6066; INPUT; 1; 3; 2; 3833
INTERNAL; 3; 7; 4; 6066; INTERNAL; 2; 6; 4; 2256
INTERNAL; 2; 6; 4; 2256; INPUT; 1; 4; 3; 3121
INTERNAL; 2; 6; 4; 2256; INPUT; 1; 3; 2; 906
INTERNAL; 2; 6; 4; 2256; INPUT; 1; 3; 2; 5194
INTERNAL; 2; 6; 4; 2256; INPUT; 1; 4; 3; 4079
INTERNAL; 3; 7; 4; 6066; INPUT; 1; 3; 2; 3247
INTERNAL; 4; 8; 4; 6059; INTERNAL; 2; 5; 3; 3942
INTERNAL; 4; 8; 4; 6059; INTERNAL; 3; 7; 4; 4793
INTERNAL; 3; 7; 4; 4793; INTERNAL; 2; 6; 4; 3585
INTERNAL; 3; 7; 4; 4793; INPUT; 1; 4; 3; 1161
INTERNAL; 3; 7; 4; 4793; INTERNAL; 2; 6; 4; 2523
INTERNAL; 2; 6; 4; 2523; INPUT; 1; 3; 2; 4337
INTERNAL; 2; 6; 4; 2523; INPUT; 1; 4; 3; 5200
INTERNAL; 2; 6; 4; 2523; INPUT; 1; 4; 3; 2512
INTERNAL; 2; 6; 4; 2523; INPUT; 1; 3; 2; 1081
INTERNAL; 2; 6; 4; 2523; INPUT; 1; 3; 2; 1083
INTERNAL; 3; 7; 4; 4793; INPUT; 1; 4; 3; 1147
INTERNAL; 3; 7; 4; 4793; INPUT; 1; 3; 2; 4055
INTERNAL; 4; 8; 4; 6059; INTERNAL; 2; 7; 5; 5555
INTERNAL; 2; 7; 5; 5555; INPUT; 1; 5; 4; 4239
INTERNAL; 2; 7; 5; 5555; INPUT; 1; 5; 4; 4238
INTERNAL; 2; 7; 5; 5555; INPUT; 1; 5; 4; 4241
INTERNAL; 2; 7; 5; 5555; INPUT; 1; 4; 3; 1429
INTERNAL; 2; 7; 5; 5555; INPUT; 1; 4; 3; 4990
INTERNAL; 6; 10; 4; 6174; INTERNAL; 5; 8; 3; 2441
INTERNAL; 5; 8; 3; 2441; INTERNAL; 2; 7; 5; 6060
INTERNAL; 5; 8; 3; 2441; INTERNAL; 2; 4; 2; 2292
INTERNAL; 2; 4; 2; 2292; INPUT; 1; 3; 2; 2791
INTERNAL; 2; 4; 2; 2292; INPUT; 1; 3; 2; 2976
INTERNAL; 5; 8; 3; 2441; INTERNAL; 3; 7; 4; 5115
INTERNAL; 3; 7; 4; 5115; INPUT; 1; 5; 4; 3967
INTERNAL; 3; 7; 4; 5115; INTERNAL; 2; 4; 2; 3597
INTERNAL; 2; 4; 2; 3597; INPUT; 1; 3; 2; 4692
INTERNAL; 2; 4; 2; 3597; INPUT; 1; 3; 2; 1354
INTERNAL; 2; 4; 2; 3597; INPUT; 1; 3; 2; 1989
INTERNAL; 3; 7; 4; 5115; INPUT; 1; 5; 4; 3965
INTERNAL; 3; 7; 4; 5115; INPUT; 1; 5; 4; 3969
INTERNAL; 3; 7; 4; 5115; INPUT; 1; 5; 4; 3786
INTERNAL; 5; 8; 3; 2441; INTERNAL; 2; 4; 2; 6063
INTERNAL; 5; 8; 3; 2441; INTERNAL; 4; 7; 3; 6062
INTERNAL; 4; 7; 3; 6062; INTERNAL; 2; 5; 3; 1380
INTERNAL; 2; 5; 3; 1380; INPUT; 1; 3; 2; 2851
INTERNAL; 2; 5; 3; 1380; INPUT; 1; 3; 2; 2700
INTERNAL; 2; 5; 3; 1380; INPUT; 1; 3; 2; 1319
INTERNAL; 2; 5; 3; 1380; INPUT; 1; 3; 2; 2879
INTERNAL; 4; 7; 3; 6062; INTERNAL; 2; 5; 3; 2599
INTERNAL; 2; 5; 3; 2599; INPUT; 1; 4; 3; 4177
INTERNAL; 2; 5; 3; 2599; INPUT; 1; 4; 3; 2637
INTERNAL; 2; 5; 3; 2599; INPUT; 1; 4; 3; 4178
INTERNAL; 2; 5; 3; 2599; INPUT; 1; 4; 3; 4176
INTERNAL; 4; 7; 3; 6062; INTERNAL; 2; 6; 4; 5484
INTERNAL; 2; 6; 4; 5484; INPUT; 1; 3; 2; 3628
INTERNAL; 2; 6; 4; 5484; INPUT; 1; 3; 2; 1294
INTERNAL; 2; 6; 4; 5484; INPUT; 1; 2; 1; 3083
INTERNAL; 2; 6; 4; 5484; INPUT; 1; 2; 1; 2968
INTERNAL; 6; 10; 4; 6174; INTERNAL; 4; 8; 4; 5731
INTERNAL; 4; 8; 4; 5731; INTERNAL; 3; 7; 4; 6065
INTERNAL; 4; 8; 4; 5731; INTERNAL; 2; 7; 5; 1610
INTERNAL; 4; 8; 4; 5731; INTERNAL; 3; 6; 3; 5060
INTERNAL; 3; 6; 3; 5060; INPUT; 1; 5; 4; 1810
INTERNAL; 3; 6; 3; 5060; INTERNAL; 2; 5; 3; 3884
INTERNAL; 2; 5; 3; 3884; INPUT; 1; 4; 3; 2070
INTERNAL; 2; 5; 3; 3884; INPUT; 1; 4; 3; 3501
INTERNAL; 3; 6; 3; 5060; INPUT; 1; 5; 4; 946
INTERNAL; 8; 12; 4; 3648; INTERNAL; 6; 11; 5; 6188
INTERNAL; 8; 12; 4; 3648; INTERNAL; 7; 11; 4; 6187
INTERNAL; 7; 11; 4; 6187; INTERNAL; 6; 10; 4; 3627
INTERNAL; 6; 10; 4; 3627; INTERNAL; 5; 8; 3; 6013
INTERNAL; 5; 8; 3; 6013; INPUT; 1; 4; 3; 1813
INTERNAL; 5; 8; 3; 6013; INTERNAL; 3; 7; 4; 764
INTERNAL; 3; 7; 4; 764; INTERNAL; 2; 6; 4; 4750
INTERNAL; 2; 6; 4; 4750; INPUT; 1; 3; 2; 2207
INTERNAL; 2; 6; 4; 4750; INPUT; 1; 3; 2; 2692
INTERNAL; 2; 6; 4; 4750; INPUT; 1; 3; 2; 4066
INTERNAL; 2; 6; 4; 4750; INPUT; 1; 3; 2; 2618
INTERNAL; 3; 7; 4; 764; INPUT; 1; 6; 5; 2561
INTERNAL; 3; 7; 4; 764; INTERNAL; 2; 6; 4; 6032
INTERNAL; 2; 6; 4; 6032; INPUT; 1; 4; 3; 1470
INTERNAL; 2; 6; 4; 6032; INPUT; 1; 3; 2; 3767
INTERNAL; 2; 6; 4; 6032; INPUT; 1; 4; 3; 3749
INTERNAL; 2; 6; 4; 6032; INPUT; 1; 3; 2; 3776
INTERNAL; 3; 7; 4; 764; INPUT; 1; 6; 5; 4531
INTERNAL; 5; 8; 3; 6013; INPUT; 1; 4; 3; 3725
INTERNAL; 5; 8; 3; 6013; INPUT; 1; 4; 3; 5329
INTERNAL; 5; 8; 3; 6013; INTERNAL; 4; 7; 3; 6030
INTERNAL; 4; 7; 3; 6030; INTERNAL; 2; 4; 2; 4122
INTERNAL; 2; 4; 2; 4122; INPUT; 1; 3; 2; 1236
INTERNAL; 2; 4; 2; 4122; INPUT; 1; 3; 2; 2444
INTERNAL; 4; 7; 3; 6030; INTERNAL; 3; 6; 3; 4609
INTERNAL; 3; 6; 3; 4609; INPUT; 1; 3; 2; 5678
INTERNAL; 3; 6; 3; 4609; INPUT; 1; 5; 4; 994
INTERNAL; 3; 6; 3; 4609; INTERNAL; 2; 5; 3; 4843
INTERNAL; 2; 5; 3; 4843; INPUT; 1; 4; 3; 993
INTERNAL; 2; 5; 3; 4843; INPUT; 1; 3; 2; 990
INTERNAL; 4; 7; 3; 6030; INTERNAL; 2; 6; 4; 1646
INTERNAL; 2; 6; 4; 1646; INPUT; 1; 4; 3; 4119
INTERNAL; 5; 8; 3; 6013; INTERNAL; 4; 7; 3; 6031
INTERNAL; 4; 7; 3; 6031; INTERNAL; 2; 5; 3; 3714
INTERNAL; 2; 5; 3; 3714; INPUT; 1; 4; 3; 1840
INTERNAL; 2; 5; 3; 3714; INPUT; 1; 4; 3; 5756
INTERNAL; 2; 5; 3; 3714; INPUT; 1; 4; 3; 2542
INTERNAL; 2; 5; 3; 3714; INPUT; 1; 4; 3; 2955
INTERNAL; 4; 7; 3; 6031; INTERNAL; 2; 5; 3; 3069
INTERNAL; 2; 5; 3; 3069; INPUT; 1; 4; 3; 1266
INTERNAL; 2; 5; 3; 3069; INPUT; 1; 4; 3; 1268
INTERNAL; 4; 7; 3; 6031; INTERNAL; 3; 6; 3; 1186
INTERNAL; 3; 6; 3; 1186; INPUT; 1; 2; 1; 5898
INTERNAL; 3; 6; 3; 1186; INPUT; 1; 2; 1; 2573
INTERNAL; 3; 6; 3; 1186; INPUT; 1; 2; 1; 2052
INTERNAL; 3; 6; 3; 1186; INPUT; 1; 2; 1; 2752
INTERNAL; 3; 6; 3; 1186; INPUT; 1; 4; 3; 2011
INTERNAL; 6; 10; 4; 3627; INTERNAL; 5; 8; 3; 6012
INTERNAL; 5; 8; 3; 6012; INTERNAL; 4; 7; 3; 1884
INTERNAL; 4; 7; 3; 1884; INTERNAL; 3; 6; 3; 6017
INTERNAL; 3; 6; 3; 6017; INPUT; 1; 5; 4; 4087
INTERNAL; 3; 6; 3; 6017; INPUT; 1; 5; 4; 5964
INTERNAL; 3; 6; 3; 6017; INPUT; 1; 5; 4; 5965
INTERNAL; 3; 6; 3; 6017; INTERNAL; 2; 5; 3; 6019
INTERNAL; 2; 5; 3; 6019; INPUT; 1; 4; 3; 1130
INTERNAL; 3; 6; 3; 6017; INTERNAL; 2; 5; 3; 1837
INTERNAL; 2; 5; 3; 1837; INPUT; 1; 4; 3; 2330
INTERNAL; 2; 5; 3; 1837; INPUT; 1; 4; 3; 1491
INTERNAL; 2; 5; 3; 1837; INPUT; 1; 4; 3; 1673
INTERNAL; 4; 7; 3; 1884; INPUT; 1; 6; 5; 6016
INTERNAL; 4; 7; 3; 1884; INTERNAL; 2; 6; 4; 5675
INTERNAL; 2; 6; 4; 5675; INPUT; 1; 3; 2; 4735
INTERNAL; 2; 6; 4; 5675; INPUT; 1; 3; 2; 3036
INTERNAL; 2; 6; 4; 5675; INPUT; 1; 3; 2; 2605
INTERNAL; 2; 6; 4; 5675; INPUT; 1; 3; 2; 3033
INTERNAL; 4; 7; 3; 1884; INTERNAL; 2; 6; 4; 2969
INTERNAL; 2; 6; 4; 2969; INPUT; 1; 5; 4; 6020
INTERNAL; 2; 6; 4; 2969; INPUT; 1; 5; 4; 5597
INTERNAL; 2; 6; 4; 2969; INPUT; 1; 5; 4; 5830
INTERNAL; 2; 6; 4; 2969; INPUT; 1; 5; 4; 4342
INTERNAL; 5; 8; 3; 6012; INTERNAL; 2; 4; 2; 6235
INTERNAL; 5; 8; 3; 6012; INTERNAL; 4; 7; 3; 1890
INTERNAL; 4; 7; 3; 1890; INTERNAL; 2; 5; 3; 1685
INTERNAL; 2; 5; 3; 1685; INPUT; 1; 3; 2; 2165
INTERNAL; 2; 5; 3; 1685; INPUT; 1; 3; 2; 2462
INTERNAL; 2; 5; 3; 1685; INPUT; 1; 3; 2; 2820
INTERNAL; 2; 5; 3; 1685; INPUT; 1; 3; 2; 2079
INTERNAL; 4; 7; 3; 1890; INPUT; 1; 4; 3; 4679
INTERNAL; 4; 7; 3; 1890; INTERNAL; 2; 6; 4; 2872
INTERNAL; 4; 7; 3; 1890; INTERNAL; 3; 6; 3; 5258
INTERNAL; 3; 6; 3; 5258; INTERNAL; 2; 5; 3; 2915
INTERNAL; 2; 5; 3; 2915; INPUT; 1; 4; 3; 3948
INTERNAL; 2; 5; 3; 2915; INPUT; 1; 3; 2; 2513
INTERNAL; 6; 10; 4; 3627; INTERNAL; 5; 8; 3; 1312
INTERNAL; 5; 8; 3; 1312; INTERNAL; 2; 5; 3; 4129
INTERNAL; 2; 5; 3; 4129; INPUT; 1; 3; 2; 2694
INTERNAL; 2; 5; 3; 4129; INPUT; 1; 4; 3; 1104
INTERNAL; 2; 5; 3; 4129; INPUT; 1; 3; 2; 3345
INTERNAL; 2; 5; 3; 4129; INPUT; 1; 3; 2; 1911
INTERNAL; 5; 8; 3; 1312; INTERNAL; 3; 7; 4; 3554
INTERNAL; 3; 7; 4; 3554; INTERNAL; 2; 6; 4; 3938
INTERNAL; 5; 8; 3; 1312; INTERNAL; 4; 7; 3; 2721
INTERNAL; 4; 7; 3; 2721; INTERNAL; 3; 6; 3; 6022
INTERNAL; 3; 6; 3; 6022; INTERNAL; 2; 5; 3; 2668
INTERNAL; 2; 5; 3; 2668; INPUT; 1; 4; 3; 1205
INTERNAL; 2; 5; 3; 2668; INPUT; 1; 4; 3; 1388
INTERNAL; 2; 5; 3; 2668; INPUT; 1; 4; 3; 3811
INTERNAL; 2; 5; 3; 2668; INPUT; 1; 4; 3; 2333
INTERNAL; 3; 6; 3; 6022; INTERNAL; 2; 5; 3; 6025
INTERNAL; 2; 5; 3; 6025; INPUT; 1; 4; 3; 2370
INTERNAL; 2; 5; 3; 6025; INPUT; 1; 4; 3; 4073
INTERNAL; 2; 5; 3; 6025; INPUT; 1; 4; 3; 4069
INTERNAL; 2; 5; 3; 6025; INPUT; 1; 4; 3; 6027
INTERNAL; 3; 6; 3; 6022; INTERNAL; 2; 5; 3; 1628
INTERNAL; 2; 5; 3; 1628; INPUT; 1; 4; 3; 4458
INTERNAL; 2; 5; 3; 1628; INPUT; 1; 4; 3; 1256
INTERNAL; 3; 6; 3; 6022; INPUT; 1; 4; 3; 1258
INTERNAL; 3; 6; 3; 6022; INPUT; 1; 4; 3; 1443
INTERNAL; 4; 7; 3; 2721; INTERNAL; 2; 6; 4; 5552
INTERNAL; 2; 6; 4; 5552; INPUT; 1; 5; 4; 4111
INTERNAL; 2; 6; 4; 5552; INPUT; 1; 5; 4; 6029
INTERNAL; 2; 6; 4; 5552; INPUT; 1; 5; 4; 3839
INTERNAL; 2; 6; 4; 5552; INPUT; 1; 5; 4; 1471
INTERNAL; 7; 11; 4; 6187; INTERNAL; 6; 10; 4; 2650
INTERNAL; 6; 10; 4; 2650; INTERNAL; 5; 8; 3; 1742
INTERNAL; 5; 8; 3; 1742; INTERNAL; 3; 7; 4; 3610
INTERNAL; 3; 7; 4; 3610; INTERNAL; 2; 4; 2; 2402
INTERNAL; 2; 4; 2; 2402; INPUT; 1; 3; 2; 2519
INTERNAL; 2; 4; 2; 2402; INPUT; 1; 3; 2; 2332
INTERNAL; 2; 4; 2; 2402; INPUT; 1; 3; 2; 3636
INTERNAL; 2; 4; 2; 2402; INPUT; 1; 3; 2; 2068
INTERNAL; 3; 7; 4; 3610; INTERNAL; 2; 6; 4; 4949
INTERNAL; 2; 6; 4; 4949; INPUT; 1; 4; 3; 4339
INTERNAL; 2; 6; 4; 4949; INPUT; 1; 4; 3; 3810
INTERNAL; 2; 6; 4; 4949; INPUT; 1; 4; 3; 2318
INTERNAL; 5; 8; 3; 1742; INTERNAL; 4; 7; 3; 3680
INTERNAL; 4; 7; 3; 3680; INTERNAL; 3; 6; 3; 4607
INTERNAL; 3; 6; 3; 4607; INTERNAL; 2; 5; 3; 5960
INTERNAL; 2; 5; 3; 5960; INPUT; 1; 4; 3; 1434
INTERNAL; 2; 5; 3; 5960; INPUT; 1; 4; 3; 2368
INTERNAL; 2; 5; 3; 5960; INPUT; 1; 4; 3; 942
INTERNAL; 2; 5; 3; 5960; INPUT; 1; 4; 3; 6186
INTERNAL; 3; 6; 3; 4607; INPUT; 1; 5; 4; 1273
INTERNAL; 3; 6; 3; 4607; INPUT; 1; 5; 4; 4826
INTERNAL; 3; 6; 3; 4607; INPUT; 1; 5; 4; 3563
INTERNAL; 4; 7; 3; 3680; INPUT; 1; 4; 3; 1317
INTERNAL; 4; 7; 3; 3680; INTERNAL; 3; 6; 3; 4217
INTERNAL; 3; 6; 3; 4217; INTERNAL; 2; 5; 3; 5957
INTERNAL; 2; 5; 3; 5957; INPUT; 1; 2; 1; 3640
INTERNAL; 2; 5; 3; 5957; INPUT; 1; 2; 1; 3066
INTERNAL; 2; 5; 3; 5957; INPUT; 1; 2; 1; 3150
INTERNAL; 2; 5; 3; 5957; INPUT; 1; 2; 1; 3104
INTERNAL; 3; 6; 3; 4217; INTERNAL; 2; 5; 3; 4765
INTERNAL; 4; 7; 3; 3680; INPUT; 1; 4; 3; 2018
INTERNAL; 4; 7; 3; 3680; INPUT; 1; 4; 3; 2376
INTERNAL; 4; 7; 3; 3680; INPUT; 1; 4; 3; 6093
INTERNAL; 5; 8; 3; 1742; INTERNAL; 3; 7; 4; 5956
INTERNAL; 3; 7; 4; 5956; INPUT; 1; 6; 5; 1784
INTERNAL; 3; 7; 4; 5956; INPUT; 1; 6; 5; 1998
INTERNAL; 3; 7; 4; 5956; INPUT; 1; 6; 5; 4015
INTERNAL; 6; 10; 4; 2650; INTERNAL; 5; 8; 3; 3654
INTERNAL; 5; 8; 3; 3654; INTERNAL; 2; 7; 5; 4431
INTERNAL; 2; 7; 5; 4431; INPUT; 1; 3; 2; 2786
INTERNAL; 2; 7; 5; 4431; INPUT; 1; 3; 2; 3220
INTERNAL; 2; 7; 5; 4431; INPUT; 1; 3; 2; 1992
INTERNAL; 2; 7; 5; 4431; INPUT; 1; 3; 2; 3049
INTERNAL; 5; 8; 3; 3654; INTERNAL; 2; 6; 4; 3745
INTERNAL; 2; 6; 4; 3745; INPUT; 1; 3; 2; 3330
INTERNAL; 2; 6; 4; 3745; INPUT; 1; 3; 2; 3328
INTERNAL; 2; 6; 4; 3745; INPUT; 1; 3; 2; 3724
INTERNAL; 5; 8; 3; 3654; INTERNAL; 3; 7; 4; 3798
INTERNAL; 3; 7; 4; 3798; INTERNAL; 2; 6; 4; 6177
INTERNAL; 2; 6; 4; 6177; INPUT; 1; 4; 3; 3375
INTERNAL; 2; 6; 4; 6177; INPUT; 1; 4; 3; 2160
INTERNAL; 2; 6; 4; 6177; INPUT; 1; 5; 4; 4218
INTERNAL; 2; 6; 4; 6177; INPUT; 1; 4; 3; 2830
INTERNAL; 3; 7; 4; 3798; INTERNAL; 2; 5; 3; 5345
INTERNAL; 3; 7; 4; 3798; INTERNAL; 2; 6; 4; 5086
INTERNAL; 2; 6; 4; 5086; INPUT; 1; 5; 4; 1792
INTERNAL; 5; 8; 3; 3654; INTERNAL; 4; 7; 3; 2086
INTERNAL; 4; 7; 3; 2086; INPUT; 1; 3; 2; 4221
INTERNAL; 4; 7; 3; 2086; INTERNAL; 3; 6; 3; 3140
INTERNAL; 3; 6; 3; 3140; INPUT; 1; 5; 4; 1714
INTERNAL; 3; 6; 3; 3140; INPUT; 1; 5; 4; 5007
INTERNAL; 3; 6; 3; 3140; INPUT; 1; 5; 4; 5009
INTERNAL; 4; 7; 3; 2086; INPUT; 1; 3; 2; 3130
INTERNAL; 4; 7; 3; 2086; INTERNAL; 3; 6; 3; 5961
INTERNAL; 3; 6; 3; 5961; INPUT; 1; 5; 4; 2359
INTERNAL; 4; 7; 3; 2086; INPUT; 1; 2; 1; 2250
INTERNAL; 4; 7; 3; 2086; INPUT; 1; 2; 1; 3131
INTERNAL; 6; 10; 4; 2650; INTERNAL; 4; 8; 4; 5954
INTERNAL; 4; 8; 4; 5954; INTERNAL; 3; 7; 4; 5970
INTERNAL; 4; 8; 4; 5954; INTERNAL; 3; 7; 4; 4757
INTERNAL; 3; 7; 4; 4757; INTERNAL; 2; 5; 3; 5652
INTERNAL; 2; 5; 3; 5652; INPUT; 1; 4; 3; 3752
INTERNAL; 2; 5; 3; 5652; INPUT; 1; 4; 3; 6014
INTERNAL; 2; 5; 3; 5652; INPUT; 1; 4; 3; 3249
INTERNAL; 2; 5; 3; 5652; INPUT; 1; 4; 3; 2607
INTERNAL; 7; 11; 4; 6187; INTERNAL; 5; 10; 5; 3718
INTERNAL; 9; 13; 4; 2249; INTERNAL; 8; 12; 4; 5072
INTERNAL; 8; 12; 4; 5072; INTERNAL; 7; 11; 4; 6143
INTERNAL; 8; 12; 4; 5072; INTERNAL; 7; 11; 4; 6157
INTERNAL; 7; 11; 4; 6157; INTERNAL; 6; 9; 3; 5985
INTERNAL; 7; 11; 4; 6157; INTERNAL; 4; 9; 5; 5987
INTERNAL; 4; 9; 5; 5987; INTERNAL; 3; 8; 5; 6033
INTERNAL; 3; 8; 5; 6033; INTERNAL; 2; 6; 4; 3406
INTERNAL; 2; 6; 4; 3406; INPUT; 1; 5; 4; 1384
INTERNAL; 2; 6; 4; 3406; INPUT; 1; 5; 4; 5668
INTERNAL; 2; 6; 4; 3406; INPUT; 1; 5; 4; 1234
INTERNAL; 2; 6; 4; 3406; INPUT; 1; 5; 4; 4574
INTERNAL; 3; 8; 5; 6033; INTERNAL; 2; 7; 5; 6039
INTERNAL; 2; 7; 5; 6039; INPUT; 1; 5; 4; 4163
INTERNAL; 2; 7; 5; 6039; INPUT; 1; 5; 4; 4162
INTERNAL; 2; 7; 5; 6039; INPUT; 1; 5; 4; 1344
INTERNAL; 2; 7; 5; 6039; INPUT; 1; 5; 4; 3528
INTERNAL; 4; 9; 5; 5987; INTERNAL; 3; 8; 5; 6036
INTERNAL; 3; 8; 5; 6036; INPUT; 1; 3; 2; 1203
INTERNAL; 3; 8; 5; 6036; INTERNAL; 2; 5; 3; 3715
INTERNAL; 2; 5; 3; 3715; INPUT; 1; 3; 2; 1235
INTERNAL; 2; 5; 3; 3715; INPUT; 1; 4; 3; 2989
INTERNAL; 2; 5; 3; 3715; INPUT; 1; 3; 2; 768
INTERNAL; 3; 8; 5; 6036; INPUT; 1; 3; 2; 985
INTERNAL; 3; 8; 5; 6036; INPUT; 1; 3; 2; 2222
INTERNAL; 3; 8; 5; 6036; INTERNAL; 2; 7; 5; 3402
INTERNAL; 2; 7; 5; 3402; INPUT; 1; 4; 3; 1280
INTERNAL; 2; 7; 5; 3402; INPUT; 1; 4; 3; 1842
INTERNAL; 3; 8; 5; 6036; INPUT; 1; 4; 3; 1441
INTERNAL; 4; 9; 5; 5987; INTERNAL; 3; 8; 5; 6035
INTERNAL; 3; 8; 5; 6035; INTERNAL; 2; 6; 4; 1694
INTERNAL; 2; 6; 4; 1694; INPUT; 1; 5; 4; 5820
INTERNAL; 2; 6; 4; 1694; INPUT; 1; 5; 4; 4256
INTERNAL; 2; 6; 4; 1694; INPUT; 1; 5; 4; 4521
INTERNAL; 3; 8; 5; 6035; INTERNAL; 2; 7; 5; 867
INTERNAL; 2; 7; 5; 867; INPUT; 1; 3; 2; 2739
INTERNAL; 2; 7; 5; 867; INPUT; 1; 2; 1; 2958
INTERNAL; 2; 7; 5; 867; INPUT; 1; 2; 1; 2049
INTERNAL; 2; 7; 5; 867; INPUT; 1; 3; 2; 1051
INTERNAL; 4; 9; 5; 5987; INTERNAL; 3; 8; 5; 1340
INTERNAL; 3; 8; 5; 1340; INTERNAL; 2; 6; 4; 4328
INTERNAL; 3; 8; 5; 1340; INTERNAL; 2; 6; 4; 4227
INTERNAL; 3; 8; 5; 1340; INPUT; 1; 5; 4; 1509
INTERNAL; 3; 8; 5; 1340; INPUT; 1; 5; 4; 4784
INTERNAL; 3; 8; 5; 1340; INPUT; 1; 5; 4; 4783
INTERNAL; 4; 9; 5; 5987; INTERNAL; 2; 7; 5; 1798
INTERNAL; 7; 11; 4; 6157; INTERNAL; 6; 9; 3; 6050
INTERNAL; 8; 12; 4; 5072; INTERNAL; 7; 11; 4; 2675
INTERNAL; 10; 16; 6; 6201; INTERNAL; 9; 13; 4; 6185
INTERNAL; 9; 13; 4; 6185; INTERNAL; 8; 12; 4; 6140
INTERNAL; 8; 12; 4; 6140; INTERNAL; 7; 11; 4; 6171
INTERNAL; 8; 12; 4; 6140; INTERNAL; 7; 11; 4; 4770
INTERNAL; 7; 11; 4; 4770; INTERNAL; 6; 9; 3; 2299
INTERNAL; 6; 9; 3; 2299; INTERNAL; 5; 8; 3; 6067
INTERNAL; 5; 8; 3; 6067; INTERNAL; 4; 7; 3; 3593
INTERNAL; 4; 7; 3; 3593; INTERNAL; 2; 6; 4; 6075
INTERNAL; 2; 6; 4; 6075; INPUT; 1; 5; 4; 6078
INTERNAL; 2; 6; 4; 6075; INPUT; 1; 5; 4; 5727
INTERNAL; 2; 6; 4; 6075; INPUT; 1; 5; 4; 5776
INTERNAL; 2; 6; 4; 6075; INPUT; 1; 5; 4; 5724
INTERNAL; 4; 7; 3; 3593; INTERNAL; 2; 6; 4; 1381
INTERNAL; 2; 6; 4; 1381; INPUT; 1; 2; 1; 5324
INTERNAL; 2; 6; 4; 1381; INPUT; 1; 3; 2; 3301
INTERNAL; 2; 6; 4; 1381; INPUT; 1; 2; 1; 1730
INTERNAL; 2; 6; 4; 1381; INPUT; 1; 3; 2; 3299
INTERNAL; 4; 7; 3; 3593; INTERNAL; 2; 6; 4; 3904
INTERNAL; 2; 6; 4; 3904; INPUT; 1; 2; 1; 3570
INTERNAL; 2; 6; 4; 3904; INPUT; 1; 3; 2; 2130
INTERNAL; 2; 6; 4; 3904; INPUT; 1; 2; 1; 2022
INTERNAL; 4; 7; 3; 3593; INPUT; 1; 5; 4; 5360
INTERNAL; 4; 7; 3; 3593; INTERNAL; 3; 6; 3; 6073
INTERNAL; 3; 6; 3; 6073; INPUT; 1; 5; 4; 4976
INTERNAL; 3; 6; 3; 6073; INPUT; 1; 5; 4; 4977
INTERNAL; 3; 6; 3; 6073; INPUT; 1; 5; 4; 931
INTERNAL; 4; 7; 3; 3593; INPUT; 1; 5; 4; 4771
INTERNAL; 5; 8; 3; 6067; INPUT; 1; 5; 4; 1121
INTERNAL; 5; 8; 3; 6067; INPUT; 1; 5; 4; 1577
INTERNAL; 5; 8; 3; 6067; INPUT; 1; 5; 4; 3439
INTERNAL; 5; 8; 3; 6067; INTERNAL; 3; 7; 4; 1430
INTERNAL; 3; 7; 4; 1430; INPUT; 1; 5; 4; 1150
INTERNAL; 3; 7; 4; 1430; INTERNAL; 2; 6; 4; 3690
INTERNAL; 2; 6; 4; 3690; INPUT; 1; 4; 3; 1980
INTERNAL; 2; 6; 4; 3690; INPUT; 1; 4; 3; 781
INTERNAL; 2; 6; 4; 3690; INPUT; 1; 4; 3; 3438
INTERNAL; 2; 6; 4; 3690; INPUT; 1; 4; 3; 1827
INTERNAL; 3; 7; 4; 1430; INTERNAL; 2; 5; 3; 4934
INTERNAL; 3; 7; 4; 1430; INPUT; 1; 5; 4; 1151
INTERNAL; 5; 8; 3; 6067; INPUT; 1; 5; 4; 1402
INTERNAL; 6; 9; 3; 2299; INTERNAL; 5; 8; 3; 5203
INTERNAL; 5; 8; 3; 5203; INTERNAL; 4; 7; 3; 2338
INTERNAL; 4; 7; 3; 2338; INTERNAL; 3; 6; 3; 4007
INTERNAL; 3; 6; 3; 4007; INPUT; 1; 5; 4; 1642
INTERNAL; 3; 6; 3; 4007; INPUT; 1; 5; 4; 4971
INTERNAL; 3; 6; 3; 4007; INTERNAL; 2; 5; 3; 4651
INTERNAL; 2; 5; 3; 4651; INPUT; 1; 3; 2; 4280
INTERNAL; 3; 6; 3; 4007; INPUT; 1; 5; 4; 2313
INTERNAL; 3; 6; 3; 4007; INPUT; 1; 5; 4; 1165
INTERNAL; 4; 7; 3; 2338; INTERNAL; 2; 6; 4; 2412
INTERNAL; 4; 7; 3; 2338; INTERNAL; 3; 4; 1; 1403
INTERNAL; 3; 4; 1; 1403; INPUT; 1; 3; 2; 1876
INTERNAL; 3; 4; 1; 1403; INPUT; 1; 3; 2; 3245
INTERNAL; 3; 4; 1; 1403; INTERNAL; 2; 3; 1; 2176
INTERNAL; 2; 3; 1; 2176; INPUT; 1; 2; 1; 2956
INTERNAL; 2; 3; 1; 2176; INPUT; 1; 2; 1; 3250
INTERNAL; 5; 8; 3; 5203; INPUT; 1; 6; 5; 2419
INTERNAL; 5; 8; 3; 5203; INTERNAL; 3; 7; 4; 6069
INTERNAL; 3; 7; 4; 6069; INTERNAL; 2; 6; 4; 4031
INTERNAL; 3; 7; 4; 6069; INPUT; 1; 2; 1; 2998
INTERNAL; 3; 7; 4; 6069; INPUT; 1; 2; 1; 2153
INTERNAL; 3; 7; 4; 6069; INPUT; 1; 1; 0; 3533
INTERNAL; 3; 7; 4; 6069; INPUT; 1; 1; 0; 3015
INTERNAL; 5; 8; 3; 5203; INTERNAL; 3; 7; 4; 5974
INTERNAL; 3; 7; 4; 5974; INTERNAL; 2; 6; 4; 6071
INTERNAL; 2; 6; 4; 6071; INPUT; 1; 5; 4; 2743
INTERNAL; 2; 6; 4; 6071; INPUT; 1; 5; 4; 5764
INTERNAL; 2; 6; 4; 6071; INPUT; 1; 5; 4; 4385
INTERNAL; 2; 6; 4; 6071; INPUT; 1; 5; 4; 2570
INTERNAL; 5; 8; 3; 5203; INPUT; 1; 6; 5; 5653
INTERNAL; 5; 8; 3; 5203; INPUT; 1; 6; 5; 1330
INTERNAL; 6; 9; 3; 2299; INTERNAL; 4; 8; 4; 5783
INTERNAL; 4; 8; 4; 5783; INTERNAL; 2; 7; 5; 4673
INTERNAL; 4; 8; 4; 5783; INTERNAL; 3; 7; 4; 5771
INTERNAL; 3; 7; 4; 5771; INTERNAL; 2; 5; 3; 4278
INTERNAL; 2; 5; 3; 4278; INPUT; 1; 4; 3; 4084
INTERNAL; 2; 5; 3; 4278; INPUT; 1; 4; 3; 4086
INTERNAL; 3; 7; 4; 5771; INTERNAL; 2; 6; 4; 6158
INTERNAL; 2; 6; 4; 6158; INPUT; 1; 5; 4; 2426
INTERNAL; 2; 6; 4; 6158; INPUT; 1; 5; 4; 4549
INTERNAL; 2; 6; 4; 6158; INPUT; 1; 5; 4; 3921
INTERNAL; 3; 7; 4; 5771; INTERNAL; 2; 5; 3; 1101
INTERNAL; 4; 8; 4; 5783; INTERNAL; 3; 7; 4; 1005
INTERNAL; 3; 7; 4; 1005; INTERNAL; 2; 5; 3; 5420
INTERNAL; 3; 7; 4; 1005; INTERNAL; 2; 6; 4; 4323
INTERNAL; 4; 8; 4; 5783; INTERNAL; 2; 7; 5; 4654
INTERNAL; 2; 7; 5; 4654; INPUT; 1; 6; 5; 4863
INTERNAL; 2; 7; 5; 4654; INPUT; 1; 6; 5; 1968
INTERNAL; 2; 7; 5; 4654; INPUT; 1; 6; 5; 5001
INTERNAL; 2; 7; 5; 4654; INPUT; 1; 6; 5; 4861
INTERNAL; 7; 11; 4; 4770; INTERNAL; 4; 9; 5; 6057
INTERNAL; 4; 9; 5; 6057; INTERNAL; 3; 8; 5; 6080
INTERNAL; 3; 8; 5; 6080; INPUT; 1; 4; 3; 5850
INTERNAL; 3; 8; 5; 6080; INPUT; 1; 3; 2; 2146
INTERNAL; 3; 8; 5; 6080; INTERNAL; 2; 5; 3; 975
INTERNAL; 2; 5; 3; 975; INPUT; 1; 3; 2; 4061
INTERNAL; 2; 5; 3; 975; INPUT; 1; 3; 2; 2706
INTERNAL; 2; 5; 3; 975; INPUT; 1; 3; 2; 1987
INTERNAL; 2; 5; 3; 975; INPUT; 1; 3; 2; 3608
INTERNAL; 3; 8; 5; 6080; INPUT; 1; 3; 2; 2139
INTERNAL; 3; 8; 5; 6080; INPUT; 1; 4; 3; 2150
INTERNAL; 3; 8; 5; 6080; INPUT; 1; 4; 3; 5609
INTERNAL; 4; 9; 5; 6057; INTERNAL; 3; 8; 5; 3901
INTERNAL; 3; 8; 5; 3901; INPUT; 1; 5; 4; 4343
INTERNAL; 3; 8; 5; 3901; INPUT; 1; 5; 4; 2777
INTERNAL; 3; 8; 5; 3901; INTERNAL; 2; 7; 5; 6081
INTERNAL; 2; 7; 5; 6081; INPUT; 1; 4; 3; 1656
INTERNAL; 2; 7; 5; 6081; INPUT; 1; 4; 3; 4829
INTERNAL; 2; 7; 5; 6081; INPUT; 1; 4; 3; 3738
INTERNAL; 3; 8; 5; 3901; INPUT; 1; 5; 4; 2361
INTERNAL; 3; 8; 5; 3901; INPUT; 1; 5; 4; 756
INTERNAL; 4; 9; 5; 6057; INPUT; 1; 5; 4; 4606
INTERNAL; 4; 9; 5; 6057; INTERNAL; 2; 6; 4; 4605
INTERNAL; 2; 6; 4; 4605; INPUT; 1; 5; 4; 4612
INTERNAL; 2; 6; 4; 4605; INPUT; 1; 5; 4; 4608
INTERNAL; 7; 11; 4; 4770; INTERNAL; 6; 9; 3; 3122
INTERNAL; 8; 12; 4; 6140; INTERNAL; 7; 11; 4; 6172
INTERNAL; 7; 11; 4; 6172; INTERNAL; 5; 9; 4; 5239
INTERNAL; 5; 9; 4; 5239; INTERNAL; 2; 8; 6; 5700
INTERNAL; 2; 8; 6; 5700; INPUT; 1; 4; 3; 3879
INTERNAL; 2; 8; 6; 5700; INPUT; 1; 4; 3; 1615
INTERNAL; 2; 8; 6; 5700; INPUT; 1; 4; 3; 3194
INTERNAL; 2; 8; 6; 5700; INPUT; 1; 4; 3; 3645
INTERNAL; 5; 9; 4; 5239; INTERNAL; 2; 8; 6; 4487
INTERNAL; 2; 8; 6; 4487; INPUT; 1; 4; 3; 1601
INTERNAL; 2; 8; 6; 4487; INPUT; 1; 4; 3; 2192
INTERNAL; 5; 9; 4; 5239; INTERNAL; 2; 8; 6; 5972
INTERNAL; 2; 8; 6; 5972; INPUT; 1; 3; 2; 5578
INTERNAL; 2; 8; 6; 5972; INPUT; 1; 3; 2; 1028
INTERNAL; 2; 8; 6; 5972; INPUT; 1; 3; 2; 3693
INTERNAL; 5; 9; 4; 5239; INTERNAL; 3; 8; 5; 5973
INTERNAL; 3; 8; 5; 5973; INTERNAL; 2; 7; 5; 5980
INTERNAL; 2; 7; 5; 5980; INPUT; 1; 4; 3; 1365
INTERNAL; 2; 7; 5; 5980; INPUT; 1; 4; 3; 1363
INTERNAL; 2; 7; 5; 5980; INPUT; 1; 4; 3; 1755
INTERNAL; 2; 7; 5; 5980; INPUT; 1; 4; 3; 4012
INTERNAL; 5; 9; 4; 5239; INTERNAL; 4; 8; 4; 4442
INTERNAL; 4; 8; 4; 4442; INTERNAL; 2; 6; 4; 5975
INTERNAL; 4; 8; 4; 4442; INTERNAL; 3; 7; 4; 5978
INTERNAL; 3; 7; 4; 5978; INTERNAL; 2; 5; 3; 5726
INTERNAL; 3; 7; 4; 5978; INTERNAL; 2; 6; 4; 1044
INTERNAL; 3; 7; 4; 5978; INPUT; 1; 3; 2; 5453
INTERNAL; 3; 7; 4; 5978; INTERNAL; 2; 5; 3; 3327
INTERNAL; 4; 8; 4; 4442; INTERNAL; 3; 7; 4; 5631
INTERNAL; 3; 7; 4; 5631; INPUT; 1; 5; 4; 3515
INTERNAL; 3; 7; 4; 5631; INPUT; 1; 5; 4; 1729
INTERNAL; 3; 7; 4; 5631; INPUT; 1; 5; 4; 765
INTERNAL; 3; 7; 4; 5631; INPUT; 1; 5; 4; 1964
INTERNAL; 5; 9; 4; 5239; INTERNAL; 2; 6; 4; 4092
INTERNAL; 7; 11; 4; 6172; INTERNAL; 6; 9; 3; 5953
INTERNAL; 7; 11; 4; 6172; INTERNAL; 5; 9; 4; 4723
INTERNAL; 5; 9; 4; 4723; INTERNAL; 4; 8; 4; 4966
INTERNAL; 4; 8; 4; 4966; INPUT; 1; 5; 4; 2708
INTERNAL; 4; 8; 4; 4966; INPUT; 1; 5; 4; 3655
INTERNAL; 4; 8; 4; 4966; INTERNAL; 3; 7; 4; 5982
INTERNAL; 3; 7; 4; 5982; INTERNAL; 2; 6; 4; 5434
INTERNAL; 3; 7; 4; 5982; INPUT; 1; 3; 2; 5291
INTERNAL; 3; 7; 4; 5982; INPUT; 1; 3; 2; 1492
INTERNAL; 3; 7; 4; 5982; INPUT; 1; 3; 2; 3331
INTERNAL; 4; 8; 4; 4966; INPUT; 1; 5; 4; 2107
INTERNAL; 4; 8; 4; 4966; INTERNAL; 2; 7; 5; 2962
INTERNAL; 5; 9; 4; 4723; INTERNAL; 3; 8; 5; 5981
INTERNAL; 3; 8; 5; 5981; INTERNAL; 2; 7; 5; 5761
INTERNAL; 2; 7; 5; 5761; INPUT; 1; 5; 4; 6077
INTERNAL; 2; 7; 5; 5761; INPUT; 1; 5; 4; 4117
INTERNAL; 2; 7; 5; 5761; INPUT; 1; 5; 4; 3735
INTERNAL; 2; 7; 5; 5761; INPUT; 1; 5; 4; 1375
INTERNAL; 3; 8; 5; 5981; INTERNAL; 2; 6; 4; 3616
INTERNAL; 3; 8; 5; 5981; INTERNAL; 2; 7; 5; 5984
INTERNAL; 2; 7; 5; 5984; INPUT; 1; 3; 2; 3183
INTERNAL; 2; 7; 5; 5984; INPUT; 1; 3; 2; 3189
INTERNAL; 2; 7; 5; 5984; INPUT; 1; 3; 2; 1572
INTERNAL; 3; 8; 5; 5981; INTERNAL; 2; 6; 4; 2711
INTERNAL; 3; 8; 5; 5981; INTERNAL; 2; 7; 5; 3102
INTERNAL; 9; 13; 4; 6185; INTERNAL; 8; 12; 4; 3751
INTERNAL; 9; 13; 4; 6185; INTERNAL; 8; 12; 4; 6139
INTERNAL; 8; 12; 4; 6139; INTERNAL; 4; 10; 6; 2445
INTERNAL; 4; 10; 6; 2445; INTERNAL; 3; 9; 6; 2735
INTERNAL; 3; 9; 6; 2735; INTERNAL; 2; 5; 3; 3305
INTERNAL; 2; 5; 3; 3305; INPUT; 1; 4; 3; 3215
INTERNAL; 2; 5; 3; 3305; INPUT; 1; 4; 3; 5760
INTERNAL; 2; 5; 3; 3305; INPUT; 1; 4; 3; 2323
INTERNAL; 3; 9; 6; 2735; INPUT; 1; 7; 6; 2475
INTERNAL; 3; 9; 6; 2735; INTERNAL; 2; 8; 6; 4377
INTERNAL; 4; 10; 6; 2445; INPUT; 1; 3; 2; 2593
INTERNAL; 4; 10; 6; 2445; INTERNAL; 3; 9; 6; 1321
INTERNAL; 3; 9; 6; 1321; INTERNAL; 2; 7; 5; 6046
INTERNAL; 3; 9; 6; 1321; INTERNAL; 2; 8; 6; 6044
INTERNAL; 2; 8; 6; 6044; INPUT; 1; 4; 3; 4146
INTERNAL; 2; 8; 6; 6044; INPUT; 1; 4; 3; 1556
INTERNAL; 2; 8; 6; 6044; INPUT; 1; 4; 3; 4915
INTERNAL; 4; 10; 6; 2445; INTERNAL; 2; 9; 7; 6040
INTERNAL; 2; 9; 7; 6040; INPUT; 1; 8; 7; 4167
INTERNAL; 2; 9; 7; 6040; INPUT; 1; 8; 7; 4835
INTERNAL; 2; 9; 7; 6040; INPUT; 1; 8; 7; 6047
INTERNAL; 2; 9; 7; 6040; INPUT; 1; 8; 7; 6051
INTERNAL; 4; 10; 6; 2445; INTERNAL; 2; 3; 1; 3483
INTERNAL; 2; 3; 1; 3483; INPUT; 1; 2; 1; 5806
INTERNAL; 2; 3; 1; 3483; INPUT; 1; 2; 1; 3869
INTERNAL; 4; 10; 6; 2445; INPUT; 1; 3; 2; 6200
INTERNAL; 8; 12; 4; 6139; INTERNAL; 7; 10; 3; 5929
INTERNAL; 8; 12; 4; 6139; INTERNAL; 7; 10; 3; 5211
INTERNAL; 10; 16; 6; 6201; INTERNAL; 8; 13; 5; 1548
INTERNAL; 11; 17; 6; 6207; INTERNAL; 10; 16; 6; 6203
INTERNAL; 10; 16; 6; 6203; INTERNAL; 8; 15; 7; 2005
INTERNAL; 10; 16; 6; 6203; INTERNAL; 9; 15; 6; 4822
INTERNAL; 9; 15; 6; 4822; INTERNAL; 6; 14; 8; 6205
INTERNAL; 9; 15; 6; 4822; INTERNAL; 7; 14; 7; 6204
INTERNAL; 9; 15; 6; 4822; INTERNAL; 8; 14; 6; 2095
INTERNAL; 10; 16; 6; 6203; INTERNAL; 9; 15; 6; 2840
INTERNAL; 12; 19; 7; 776; INTERNAL; 11; 17; 6; 6208
INTERNAL; 11; 17; 6; 6208; INTERNAL; 10; 16; 6; 1655
INTERNAL; 11; 17; 6; 6208; INTERNAL; 9; 16; 7; 3478
INTERNAL; 17; 20; 3; 2825; INTERNAL; 11; 19; 8; 6209
INTERNAL; 17; 20; 3; 2825; INTERNAL; 16; 19; 3; 5099
INTERNAL; 16; 19; 3; 5099; INTERNAL; 12; 18; 6; 5845
INTERNAL; 16; 19; 3; 5099; INTERNAL; 15; 18; 3; 6194
INTERNAL; 15; 18; 3; 6194; INTERNAL; 11; 17; 6; 6198
INTERNAL; 15; 18; 3; 6194; INTERNAL; 11; 17; 6; 2921
INTERNAL; 11; 17; 6; 2921; INTERNAL; 10; 14; 4; 6182
INTERNAL; 10; 14; 4; 6182; INTERNAL; 9; 13; 4; 3669
INTERNAL; 9; 13; 4; 3669; INTERNAL; 6; 12; 6; 5557
INTERNAL; 9; 13; 4; 3669; INTERNAL; 8; 12; 4; 5431
INTERNAL; 8; 12; 4; 5431; INTERNAL; 5; 10; 5; 6052
INTERNAL; 5; 10; 5; 6052; INTERNAL; 3; 9; 6; 3314
INTERNAL; 3; 9; 6; 3314; INPUT; 1; 5; 4; 1953
INTERNAL; 3; 9; 6; 3314; INPUT; 1; 5; 4; 3043
INTERNAL; 3; 9; 6; 3314; INPUT; 1; 5; 4; 5937
INTERNAL; 3; 9; 6; 3314; INTERNAL; 2; 6; 4; 2746
INTERNAL; 2; 6; 4; 2746; INPUT; 1; 4; 3; 1821
INTERNAL; 3; 9; 6; 3314; INPUT; 1; 5; 4; 3551
INTERNAL; 5; 10; 5; 6052; INTERNAL; 4; 9; 5; 5106
INTERNAL; 4; 9; 5; 5106; INTERNAL; 2; 6; 4; 4296
INTERNAL; 2; 6; 4; 4296; INPUT; 1; 4; 3; 2646
INTERNAL; 4; 9; 5; 5106; INTERNAL; 3; 8; 5; 6085
INTERNAL; 4; 9; 5; 5106; INTERNAL; 2; 6; 4; 5343
INTERNAL; 2; 6; 4; 5343; INPUT; 1; 3; 2; 3136
INTERNAL; 2; 6; 4; 5343; INPUT; 1; 3; 2; 3094
INTERNAL; 2; 6; 4; 5343; INPUT; 1; 3; 2; 3138
INTERNAL; 5; 10; 5; 6052; INTERNAL; 2; 9; 7; 4443
INTERNAL; 2; 9; 7; 4443; INPUT; 1; 3; 2; 1950
INTERNAL; 2; 9; 7; 4443; INPUT; 1; 3; 2; 3552
INTERNAL; 2; 9; 7; 4443; INPUT; 1; 3; 2; 3664
INTERNAL; 2; 9; 7; 4443; INPUT; 1; 3; 2; 2902
INTERNAL; 5; 10; 5; 6052; INTERNAL; 2; 9; 7; 1532
INTERNAL; 2; 9; 7; 1532; INPUT; 1; 5; 4; 3519
INTERNAL; 2; 9; 7; 1532; INPUT; 1; 5; 4; 1206
INTERNAL; 2; 9; 7; 1532; INPUT; 1; 5; 4; 1207
INTERNAL; 2; 9; 7; 1532; INPUT; 1; 5; 4; 3098
INTERNAL; 5; 10; 5; 6052; INTERNAL; 2; 9; 7; 1652
INTERNAL; 8; 12; 4; 5431; INTERNAL; 7; 10; 3; 3959
INTERNAL; 8; 12; 4; 5431; INTERNAL; 5; 10; 5; 6054
INTERNAL; 5; 10; 5; 6054; INPUT; 1; 3; 2; 2149
INTERNAL; 5; 10; 5; 6054; INTERNAL; 4; 9; 5; 3502
INTERNAL; 4; 9; 5; 3502; INTERNAL; 3; 8; 5; 5446
INTERNAL; 3; 8; 5; 5446; INTERNAL; 2; 7; 5; 2076
INTERNAL; 4; 9; 5; 3502; INPUT; 1; 3; 2; 3329
INTERNAL; 4; 9; 5; 3502; INTERNAL; 2; 8; 6; 6189
INTERNAL; 2; 8; 6; 6189; INPUT; 1; 2; 1; 2761
INTERNAL; 4; 9; 5; 3502; INPUT; 1; 2; 1; 1607
INTERNAL; 4; 9; 5; 3502; INPUT; 1; 3; 2; 2077
INTERNAL; 5; 10; 5; 6054; INPUT; 1; 3; 2; 4246
INTERNAL; 5; 10; 5; 6054; INPUT; 1; 3; 2; 2452
INTERNAL; 5; 10; 5; 6054; INTERNAL; 4; 9; 5; 3547
INTERNAL; 4; 9; 5; 3547; INPUT; 1; 4; 3; 1290
INTERNAL; 4; 9; 5; 3547; INPUT; 1; 3; 2; 3290
INTERNAL; 4; 9; 5; 3547; INPUT; 1; 3; 2; 3052
INTERNAL; 4; 9; 5; 3547; INTERNAL; 3; 8; 5; 6087
INTERNAL; 3; 8; 5; 6087; INPUT; 1; 5; 4; 3530
INTERNAL; 3; 8; 5; 6087; INPUT; 1; 5; 4; 4912
INTERNAL; 3; 8; 5; 6087; INTERNAL; 2; 4; 2; 1395
INTERNAL; 3; 8; 5; 6087; INTERNAL; 2; 5; 3; 3719
INTERNAL; 2; 5; 3; 3719; INPUT; 1; 3; 2; 1401
INTERNAL; 2; 5; 3; 3719; INPUT; 1; 3; 2; 3226
INTERNAL; 4; 9; 5; 3547; INPUT; 1; 3; 2; 1287
INTERNAL; 4; 9; 5; 3547; INTERNAL; 3; 8; 5; 6086
INTERNAL; 3; 8; 5; 6086; INPUT; 1; 6; 5; 5428
INTERNAL; 3; 8; 5; 6086; INPUT; 1; 6; 5; 1925
INTERNAL; 3; 8; 5; 6086; INPUT; 1; 6; 5; 2885
INTERNAL; 3; 8; 5; 6086; INTERNAL; 2; 7; 5; 878
INTERNAL; 3; 8; 5; 6086; INPUT; 1; 6; 5; 5143
INTERNAL; 10; 14; 4; 6182; INTERNAL; 9; 13; 4; 6138
INTERNAL; 9; 13; 4; 6138; INTERNAL; 5; 11; 6; 3943
INTERNAL; 5; 11; 6; 3943; INTERNAL; 4; 10; 6; 6089
INTERNAL; 5; 11; 6; 3943; INTERNAL; 2; 10; 8; 6091
INTERNAL; 9; 13; 4; 6138; INTERNAL; 8; 11; 3; 4363
INTERNAL; 9; 13; 4; 6138; INTERNAL; 8; 11; 3; 2823
INTERNAL; 10; 14; 4; 6182; INTERNAL; 9; 13; 4; 5790
INTERNAL; 11; 17; 6; 2921; INTERNAL; 10; 14; 4; 4068
INTERNAL; 11; 17; 6; 2921; INTERNAL; 9; 14; 5; 6183
INTERNAL; 15; 18; 3; 6194; INTERNAL; 12; 17; 5; 6196
INTERNAL; 12; 17; 5; 6196; INTERNAL; 11; 15; 4; 6181
INTERNAL; 12; 17; 5; 6196; INTERNAL; 11; 15; 4; 4404
INTERNAL; 11; 15; 4; 4404; INTERNAL; 6; 14; 8; 3309
INTERNAL; 6; 14; 8; 3309; INTERNAL; 5; 11; 6; 2529
INTERNAL; 5; 11; 6; 2529; INTERNAL; 3; 10; 7; 5949
INTERNAL; 3; 10; 7; 5949; INTERNAL; 2; 7; 5; 6104
INTERNAL; 3; 10; 7; 5949; INPUT; 1; 2; 1; 1228
INTERNAL; 3; 10; 7; 5949; INPUT; 1; 2; 1; 3813
INTERNAL; 3; 10; 7; 5949; INPUT; 1; 2; 1; 6056
INTERNAL; 3; 10; 7; 5949; INTERNAL; 2; 9; 7; 6103
INTERNAL; 2; 9; 7; 6103; INPUT; 1; 4; 3; 3190
INTERNAL; 2; 9; 7; 6103; INPUT; 1; 4; 3; 5551
INTERNAL; 2; 9; 7; 6103; INPUT; 1; 4; 3; 3333
INTERNAL; 2; 9; 7; 6103; INPUT; 1; 4; 3; 1814
INTERNAL; 3; 10; 7; 5949; INPUT; 1; 2; 1; 2663
INTERNAL; 5; 11; 6; 2529; INTERNAL; 3; 10; 7; 6102
INTERNAL; 3; 10; 7; 6102; INTERNAL; 2; 9; 7; 2051
INTERNAL; 2; 9; 7; 2051; INPUT; 1; 5; 4; 2454
INTERNAL; 2; 9; 7; 2051; INPUT; 1; 5; 4; 2351
INTERNAL; 2; 9; 7; 2051; INPUT; 1; 5; 4; 3763
INTERNAL; 2; 9; 7; 2051; INPUT; 1; 5; 4; 1478
INTERNAL; 3; 10; 7; 6102; INTERNAL; 2; 6; 4; 1983
INTERNAL; 2; 6; 4; 1983; INPUT; 1; 5; 4; 4720
INTERNAL; 2; 6; 4; 1983; INPUT; 1; 5; 4; 2036
INTERNAL; 2; 6; 4; 1983; INPUT; 1; 5; 4; 1218
INTERNAL; 5; 11; 6; 2529; INTERNAL; 4; 10; 6; 4717
INTERNAL; 4; 10; 6; 4717; INTERNAL; 3; 9; 6; 1909
INTERNAL; 3; 9; 6; 1909; INTERNAL; 2; 8; 6; 2506
INTERNAL; 3; 9; 6; 1909; INTERNAL; 2; 8; 6; 998
INTERNAL; 2; 8; 6; 998; INPUT; 1; 7; 6; 1891
INTERNAL; 2; 8; 6; 998; INPUT; 1; 7; 6; 3168
INTERNAL; 2; 8; 6; 998; INPUT; 1; 7; 6; 5427
INTERNAL; 2; 8; 6; 998; INPUT; 1; 7; 6; 3448
INTERNAL; 3; 9; 6; 1909; INPUT; 1; 3; 2; 3204
INTERNAL; 3; 9; 6; 1909; INPUT; 1; 3; 2; 3213
INTERNAL; 3; 9; 6; 1909; INPUT; 1; 4; 3; 3209
INTERNAL; 4; 10; 6; 4717; INTERNAL; 3; 4; 1; 3623
INTERNAL; 3; 4; 1; 3623; INTERNAL; 2; 3; 1; 3075
INTERNAL; 4; 10; 6; 4717; INPUT; 1; 4; 3; 4899
INTERNAL; 6; 14; 8; 3309; INTERNAL; 5; 11; 6; 6100
INTERNAL; 5; 11; 6; 6100; INTERNAL; 2; 7; 5; 4156
INTERNAL; 2; 7; 5; 4156; INPUT; 1; 4; 3; 903
INTERNAL; 2; 7; 5; 4156; INPUT; 1; 4; 3; 5791
INTERNAL; 5; 11; 6; 6100; INTERNAL; 3; 10; 7; 5909
INTERNAL; 3; 10; 7; 5909; INTERNAL; 2; 9; 7; 5986
INTERNAL; 3; 10; 7; 5909; INTERNAL; 2; 6; 4; 4065
INTERNAL; 3; 10; 7; 5909; INPUT; 1; 3; 2; 3843
INTERNAL; 3; 10; 7; 5909; INTERNAL; 2; 9; 7; 6101
INTERNAL; 3; 10; 7; 5909; INPUT; 1; 3; 2; 3080
INTERNAL; 3; 10; 7; 5909; INPUT; 1; 3; 2; 1791
INTERNAL; 5; 11; 6; 6100; INTERNAL; 4; 10; 6; 5963
INTERNAL; 4; 10; 6; 5963; INTERNAL; 3; 9; 6; 5882
INTERNAL; 3; 9; 6; 5882; INPUT; 1; 3; 2; 5019
INTERNAL; 3; 9; 6; 5882; INPUT; 1; 3; 2; 5018
INTERNAL; 3; 9; 6; 5882; INTERNAL; 2; 8; 6; 4626
INTERNAL; 2; 8; 6; 4626; INPUT; 1; 3; 2; 5021
INTERNAL; 3; 9; 6; 5882; INPUT; 1; 3; 2; 806
INTERNAL; 4; 10; 6; 5963; INTERNAL; 2; 9; 7; 1231
INTERNAL; 4; 10; 6; 5963; INTERNAL; 2; 5; 3; 5017
INTERNAL; 4; 10; 6; 5963; INTERNAL; 2; 9; 7; 4905
INTERNAL; 6; 14; 8; 3309; INTERNAL; 5; 11; 6; 1854
INTERNAL; 5; 11; 6; 1854; INTERNAL; 4; 10; 6; 6109
INTERNAL; 4; 10; 6; 6109; INTERNAL; 2; 9; 7; 5495
INTERNAL; 4; 10; 6; 6109; INTERNAL; 3; 9; 6; 6111
INTERNAL; 3; 9; 6; 6111; INPUT; 1; 2; 1; 3020
INTERNAL; 3; 9; 6; 6111; INTERNAL; 2; 8; 6; 6113
INTERNAL; 2; 8; 6; 6113; INPUT; 1; 2; 1; 2277
INTERNAL; 3; 9; 6; 6111; INPUT; 1; 2; 1; 2911
INTERNAL; 3; 9; 6; 6111; INPUT; 1; 2; 1; 788
INTERNAL; 5; 11; 6; 1854; INTERNAL; 3; 10; 7; 6106
INTERNAL; 3; 10; 7; 6106; INTERNAL; 2; 7; 5; 4760
INTERNAL; 5; 11; 6; 1854; INTERNAL; 3; 10; 7; 6192
INTERNAL; 3; 10; 7; 6192; INTERNAL; 2; 6; 4; 3274
INTERNAL; 5; 11; 6; 1854; INPUT; 1; 4; 3; 5705
INTERNAL; 5; 11; 6; 1854; INPUT; 1; 4; 3; 2634
INTERNAL; 11; 15; 4; 4404; INTERNAL; 10; 14; 4; 3891
INTERNAL; 10; 14; 4; 3891; INTERNAL; 9; 12; 3; 3828
INTERNAL; 10; 14; 4; 3891; INTERNAL; 6; 12; 6; 5951
INTERNAL; 10; 14; 4; 3891; INTERNAL; 5; 12; 7; 5952
INTERNAL; 5; 12; 7; 5952; INTERNAL; 3; 11; 8; 3897
INTERNAL; 3; 11; 8; 3897; INPUT; 1; 4; 3; 4181
INTERNAL; 5; 12; 7; 5952; INTERNAL; 4; 11; 7; 2375
INTERNAL; 4; 11; 7; 2375; INTERNAL; 3; 4; 1; 2009
INTERNAL; 3; 4; 1; 2009; INTERNAL; 2; 3; 1; 4604
INTERNAL; 5; 12; 7; 5952; INTERNAL; 3; 11; 8; 2352
INTERNAL; 3; 11; 8; 2352; INTERNAL; 2; 7; 5; 5423
INTERNAL; 5; 12; 7; 5952; INTERNAL; 3; 11; 8; 964
INTERNAL; 3; 11; 8; 964; INTERNAL; 2; 5; 3; 5205
INTERNAL; 2; 5; 3; 5205; INPUT; 1; 4; 3; 921
INTERNAL; 2; 5; 3; 5205; INPUT; 1; 4; 3; 920
INTERNAL; 2; 5; 3; 5205; INPUT; 1; 4; 3; 3708
INTERNAL; 2; 5; 3; 5205; INPUT; 1; 4; 3; 3737
INTERNAL; 11; 15; 4; 4404; INTERNAL; 10; 14; 4; 6136
INTERNAL; 15; 18; 3; 6194; INTERNAL; 14; 17; 3; 3042
INTERNAL; 14; 17; 3; 3042; INTERNAL; 13; 16; 3; 3642
INTERNAL; 13; 16; 3; 3642; INTERNAL; 11; 15; 4; 2880
INTERNAL; 13; 16; 3; 3642; INTERNAL; 12; 15; 3; 1358
INTERNAL; 12; 15; 3; 1358; INTERNAL; 5; 14; 9; 1469
INTERNAL; 5; 14; 9; 1469; INTERNAL; 4; 13; 9; 6128
INTERNAL; 4; 13; 9; 6128; INTERNAL; 3; 12; 9; 2365
INTERNAL; 3; 12; 9; 2365; INPUT; 1; 5; 4; 4064
INTERNAL; 3; 12; 9; 2365; INPUT; 1; 5; 4; 4669
INTERNAL; 3; 12; 9; 2365; INPUT; 1; 5; 4; 3388
INTERNAL; 3; 12; 9; 2365; INPUT; 1; 5; 4; 4076
INTERNAL; 4; 13; 9; 6128; INTERNAL; 3; 12; 9; 2586
INTERNAL; 3; 12; 9; 2586; INTERNAL; 2; 11; 9; 3240
INTERNAL; 2; 11; 9; 3240; INPUT; 1; 4; 3; 3692
INTERNAL; 2; 11; 9; 3240; INPUT; 1; 4; 3; 913
INTERNAL; 2; 11; 9; 3240; INPUT; 1; 4; 3; 5511
INTERNAL; 2; 11; 9; 3240; INPUT; 1; 4; 3; 1585
INTERNAL; 5; 14; 9; 1469; INTERNAL; 4; 13; 9; 1421
INTERNAL; 4; 13; 9; 1421; INTERNAL; 3; 5; 2; 6049
INTERNAL; 3; 5; 2; 6049; INTERNAL; 2; 4; 2; 3430
INTERNAL; 4; 13; 9; 1421; INTERNAL; 3; 12; 9; 6130
INTERNAL; 4; 13; 9; 1421; INTERNAL; 2; 5; 3; 3292
INTERNAL; 2; 5; 3; 3292; INPUT; 1; 4; 3; 2683
INTERNAL; 12; 15; 3; 1358; INTERNAL; 5; 14; 9; 5947
INTERNAL; 5; 14; 9; 5947; INTERNAL; 4; 13; 9; 5004
INTERNAL; 4; 13; 9; 5004; INTERNAL; 3; 12; 9; 3908
INTERNAL; 4; 13; 9; 5004; INTERNAL; 3; 12; 9; 6134
INTERNAL; 4; 13; 9; 5004; INTERNAL; 3; 12; 9; 2742
INTERNAL; 5; 14; 9; 5947; INTERNAL; 2; 7; 5; 1347
INTERNAL; 2; 7; 5; 1347; INPUT; 1; 4; 3; 3850
INTERNAL; 2; 7; 5; 1347; INPUT; 1; 4; 3; 3404
INTERNAL; 2; 7; 5; 1347; INPUT; 1; 4; 3; 1374
INTERNAL; 2; 7; 5; 1347; INPUT; 1; 4; 3; 2730
INTERNAL; 5; 14; 9; 5947; INTERNAL; 3; 13; 10; 6133
INTERNAL; 5; 14; 9; 5947; INTERNAL; 3; 6; 3; 892
INTERNAL; 3; 6; 3; 892; INPUT; 1; 5; 4; 4085
INTERNAL; 3; 6; 3; 892; INPUT; 1; 5; 4; 4081
INTERNAL; 12; 15; 3; 1358; INTERNAL; 11; 14; 3; 4439
INTERNAL; 11; 14; 3; 4439; INTERNAL; 10; 13; 3; 4697
INTERNAL; 11; 14; 3; 4439; INTERNAL; 4; 13; 9; 4453
INTERNAL; 4; 13; 9; 4453; INTERNAL; 3; 12; 9; 6114
INTERNAL; 3; 12; 9; 6114; INPUT; 1; 5; 4; 3137
INTERNAL; 3; 12; 9; 6114; INPUT; 1; 5; 4; 3429
INTERNAL; 3; 12; 9; 6114; INPUT; 1; 6; 5; 1229
INTERNAL; 3; 12; 9; 6114; INPUT; 1; 5; 4; 2827
INTERNAL; 4; 13; 9; 4453; INTERNAL; 3; 12; 9; 6115
INTERNAL; 3; 12; 9; 6115; INTERNAL; 2; 6; 4; 1463
INTERNAL; 3; 12; 9; 6115; INTERNAL; 2; 11; 9; 6121
INTERNAL; 3; 12; 9; 6115; INTERNAL; 2; 6; 4; 3093
INTERNAL; 3; 12; 9; 6115; INTERNAL; 2; 11; 9; 4979
INTERNAL; 4; 13; 9; 4453; INTERNAL; 2; 4; 2; 3575
INTERNAL; 2; 4; 2; 3575; INPUT; 1; 3; 2; 1300
INTERNAL; 2; 4; 2; 3575; INPUT; 1; 3; 2; 4788
INTERNAL; 2; 4; 2; 3575; INPUT; 1; 3; 2; 1292
INTERNAL; 2; 4; 2; 3575; INPUT; 1; 3; 2; 2128
INTERNAL; 4; 13; 9; 4453; INTERNAL; 3; 12; 9; 6119
INTERNAL; 3; 12; 9; 6119; INPUT; 1; 4; 3; 2129
INTERNAL; 3; 12; 9; 6119; INTERNAL; 2; 4; 2; 3617
INTERNAL; 2; 4; 2; 3617; INPUT; 1; 3; 2; 2856
INTERNAL; 2; 4; 2; 3617; INPUT; 1; 3; 2; 4098
INTERNAL; 3; 12; 9; 6119; INPUT; 1; 4; 3; 3347
INTERNAL; 3; 12; 9; 6119; INPUT; 1; 4; 3; 3201
INTERNAL; 3; 12; 9; 6119; INPUT; 1; 4; 3; 2417
INTERNAL; 4; 13; 9; 4453; INPUT; 1; 5; 4; 959
INTERNAL; 11; 14; 3; 4439; INTERNAL; 4; 13; 9; 5948
INTERNAL; 4; 13; 9; 5948; INTERNAL; 3; 12; 9; 4136
INTERNAL; 3; 12; 9; 4136; INTERNAL; 2; 5; 3; 3283
INTERNAL; 2; 5; 3; 3283; INPUT; 1; 4; 3; 3340
INTERNAL; 2; 5; 3; 3283; INPUT; 1; 4; 3; 2906
INTERNAL; 3; 12; 9; 4136; INTERNAL; 2; 11; 9; 6126
INTERNAL; 3; 12; 9; 4136; INTERNAL; 2; 6; 4; 2844
INTERNAL; 4; 13; 9; 5948; INTERNAL; 3; 12; 9; 6124
INTERNAL; 3; 12; 9; 6124; INTERNAL; 2; 11; 9; 6127
INTERNAL; 3; 12; 9; 6124; INTERNAL; 2; 7; 5; 2591
INTERNAL; 2; 7; 5; 2591; INPUT; 1; 5; 4; 2043
INTERNAL; 2; 7; 5; 2591; INPUT; 1; 5; 4; 2329
INTERNAL; 3; 12; 9; 6124; INTERNAL; 2; 11; 9; 3503
INTERNAL; 2; 11; 9; 3503; INPUT; 1; 4; 3; 4259
INTERNAL; 2; 11; 9; 3503; INPUT; 1; 4; 3; 4264
INTERNAL; 2; 11; 9; 3503; INPUT; 1; 4; 3; 4263
INTERNAL; 2; 11; 9; 3503; INPUT; 1; 4; 3; 4969
INTERNAL; 4; 13; 9; 5948; INTERNAL; 3; 12; 9; 6122
INTERNAL; 3; 12; 9; 6122; INTERNAL; 2; 6; 4; 3233
INTERNAL; 2; 6; 4; 3233; INPUT; 1; 4; 3; 2164
INTERNAL; 2; 6; 4; 3233; INPUT; 1; 5; 4; 5297
INTERNAL; 2; 6; 4; 3233; INPUT; 1; 4; 3; 2388
INTERNAL; 2; 6; 4; 3233; INPUT; 1; 4; 3; 771
INTERNAL; 3; 12; 9; 6122; INTERNAL; 2; 4; 2; 4133
INTERNAL; 3; 12; 9; 6122; INTERNAL; 2; 6; 4; 2581
INTERNAL; 2; 6; 4; 2581; INPUT; 1; 5; 4; 1743
INTERNAL; 2; 6; 4; 2581; INPUT; 1; 5; 4; 1991
INTERNAL; 2; 6; 4; 2581; INPUT; 1; 5; 4; 2715
INTERNAL; 2; 6; 4; 2581; INPUT; 1; 5; 4; 4002
INTERNAL; 13; 16; 3; 3642; INTERNAL; 11; 15; 4; 3845
INTERNAL; 14; 17; 3; 3042; INTERNAL; 12; 16; 4; 2203
INTERNAL; 19; 22; 3; 115; INTERNAL; 17; 20; 3; 5938
INTERNAL; 19; 22; 3; 115; INTERNAL; 18; 19; 1; 5532
INTERNAL; 18; 19; 1; 5532; INTERNAL; 12; 18; 6; 5184
INTERNAL; 12; 18; 6; 5184; INTERNAL; 11; 15; 4; 5092
INTERNAL; 11; 15; 4; 5092; INTERNAL; 9; 14; 5; 2695
INTERNAL; 9; 14; 5; 2695; INTERNAL; 7; 12; 5; 3568
INTERNAL; 7; 12; 5; 3568; INTERNAL; 6; 8; 2; 2631
INTERNAL; 6; 8; 2; 2631; INTERNAL; 3; 5; 2; 4245
INTERNAL; 3; 5; 2; 4245; INTERNAL; 2; 4; 2; 3760
INTERNAL; 3; 5; 2; 4245; INPUT; 1; 4; 3; 1805
INTERNAL; 3; 5; 2; 4245; INPUT; 1; 4; 3; 5786
INTERNAL; 3; 5; 2; 4245; INPUT; 1; 4; 3; 3303
INTERNAL; 3; 5; 2; 4245; INPUT; 1; 4; 3; 3713
INTERNAL; 6; 8; 2; 2631; INTERNAL; 5; 7; 2; 3067
INTERNAL; 5; 7; 2; 3067; INTERNAL; 4; 6; 2; 5475
INTERNAL; 4; 6; 2; 5475; INTERNAL; 2; 5; 3; 5234
INTERNAL; 2; 5; 3; 5234; INPUT; 1; 4; 3; 860
INTERNAL; 2; 5; 3; 5234; INPUT; 1; 4; 3; 3909
INTERNAL; 2; 5; 3; 5234; INPUT; 1; 4; 3; 1920
INTERNAL; 2; 5; 3; 5234; INPUT; 1; 4; 3; 3911
INTERNAL; 4; 6; 2; 5475; INTERNAL; 2; 4; 2; 5341
INTERNAL; 2; 4; 2; 5341; INPUT; 1; 3; 2; 5332
INTERNAL; 2; 4; 2; 5341; INPUT; 1; 3; 2; 5822
INTERNAL; 2; 4; 2; 5341; INPUT; 1; 3; 2; 5229
INTERNAL; 2; 4; 2; 5341; INPUT; 1; 3; 2; 3689
INTERNAL; 4; 6; 2; 5475; INTERNAL; 2; 5; 3; 4058
INTERNAL; 2; 5; 3; 4058; INPUT; 1; 4; 3; 1138
INTERNAL; 2; 5; 3; 4058; INPUT; 1; 4; 3; 5476
INTERNAL; 2; 5; 3; 4058; INPUT; 1; 4; 3; 5479
INTERNAL; 2; 5; 3; 4058; INPUT; 1; 4; 3; 2132
INTERNAL; 4; 6; 2; 5475; INTERNAL; 3; 5; 2; 1485
INTERNAL; 3; 5; 2; 1485; INTERNAL; 2; 4; 2; 5496
INTERNAL; 6; 8; 2; 2631; INTERNAL; 3; 5; 2; 905
INTERNAL; 3; 5; 2; 905; INPUT; 1; 4; 3; 5369
INTERNAL; 3; 5; 2; 905; INTERNAL; 2; 4; 2; 1143
INTERNAL; 6; 8; 2; 2631; INTERNAL; 2; 5; 3; 844
INTERNAL; 2; 5; 3; 844; INPUT; 1; 4; 3; 4420
INTERNAL; 2; 5; 3; 844; INPUT; 1; 4; 3; 4417
INTERNAL; 2; 5; 3; 844; INPUT; 1; 4; 3; 4422
INTERNAL; 2; 5; 3; 844; INPUT; 1; 4; 3; 1134
INTERNAL; 7; 12; 5; 3568; INTERNAL; 3; 8; 5; 5530
INTERNAL; 3; 8; 5; 5530; INTERNAL; 2; 5; 3; 4790
INTERNAL; 2; 5; 3; 4790; INPUT; 1; 4; 3; 3133
INTERNAL; 2; 5; 3; 4790; INPUT; 1; 4; 3; 4620
INTERNAL; 2; 5; 3; 4790; INPUT; 1; 4; 3; 4852
INTERNAL; 2; 5; 3; 4790; INPUT; 1; 4; 3; 5221
INTERNAL; 3; 8; 5; 5530; INTERNAL; 2; 6; 4; 4299
INTERNAL; 2; 6; 4; 4299; INPUT; 1; 4; 3; 1861
INTERNAL; 2; 6; 4; 4299; INPUT; 1; 4; 3; 3765
INTERNAL; 2; 6; 4; 4299; INPUT; 1; 5; 4; 2211
INTERNAL; 2; 6; 4; 4299; INPUT; 1; 4; 3; 1849
INTERNAL; 3; 8; 5; 5530; INTERNAL; 2; 6; 4; 1570
INTERNAL; 9; 14; 5; 2695; INTERNAL; 8; 12; 4; 5543
INTERNAL; 8; 12; 4; 5543; INTERNAL; 6; 9; 3; 5524
INTERNAL; 6; 9; 3; 5524; INTERNAL; 5; 8; 3; 1257
INTERNAL; 5; 8; 3; 1257; INTERNAL; 3; 5; 2; 2569
INTERNAL; 3; 5; 2; 2569; INPUT; 1; 4; 3; 3991
INTERNAL; 3; 5; 2; 2569; INPUT; 1; 4; 3; 4165
INTERNAL; 3; 5; 2; 2569; INPUT; 1; 4; 3; 3127
INTERNAL; 3; 5; 2; 2569; INTERNAL; 2; 4; 2; 1751
INTERNAL; 2; 4; 2; 1751; INPUT; 1; 3; 2; 3529
INTERNAL; 2; 4; 2; 1751; INPUT; 1; 3; 2; 2356
INTERNAL; 2; 4; 2; 1751; INPUT; 1; 3; 2; 2992
INTERNAL; 2; 4; 2; 1751; INPUT; 1; 3; 2; 5603
INTERNAL; 3; 5; 2; 2569; INPUT; 1; 4; 3; 5871
INTERNAL; 5; 8; 3; 1257; INTERNAL; 3; 7; 4; 910
INTERNAL; 3; 7; 4; 910; INTERNAL; 2; 6; 4; 3829
INTERNAL; 3; 7; 4; 910; INTERNAL; 2; 5; 3; 3482
INTERNAL; 6; 9; 3; 5524; INTERNAL; 5; 8; 3; 4254
INTERNAL; 5; 8; 3; 4254; INTERNAL; 4; 7; 3; 5481
INTERNAL; 4; 7; 3; 5481; INTERNAL; 2; 5; 3; 4592
INTERNAL; 2; 5; 3; 4592; INPUT; 1; 3; 2; 2796
INTERNAL; 2; 5; 3; 4592; INPUT; 1; 3; 2; 3197
INTERNAL; 2; 5; 3; 4592; INPUT; 1; 3; 2; 2892
INTERNAL; 2; 5; 3; 4592; INPUT; 1; 3; 2; 2304
INTERNAL; 4; 7; 3; 5481; INTERNAL; 3; 6; 3; 2061
INTERNAL; 4; 7; 3; 5481; INTERNAL; 3; 5; 2; 2408
INTERNAL; 3; 5; 2; 2408; INPUT; 1; 4; 3; 5231
INTERNAL; 3; 5; 2; 2408; INPUT; 1; 4; 3; 5357
INTERNAL; 3; 5; 2; 2408; INPUT; 1; 4; 3; 6292
INTERNAL; 3; 5; 2; 2408; INPUT; 1; 4; 3; 4667
INTERNAL; 4; 7; 3; 5481; INTERNAL; 3; 6; 3; 5189
INTERNAL; 3; 6; 3; 5189; INPUT; 1; 5; 4; 3442
INTERNAL; 3; 6; 3; 5189; INTERNAL; 2; 5; 3; 5195
INTERNAL; 2; 5; 3; 5195; INPUT; 1; 4; 3; 4840
INTERNAL; 2; 5; 3; 5195; INPUT; 1; 4; 3; 1350
INTERNAL; 3; 6; 3; 5189; INPUT; 1; 5; 4; 5192
INTERNAL; 5; 8; 3; 4254; INTERNAL; 2; 3; 1; 1332
INTERNAL; 5; 8; 3; 4254; INTERNAL; 2; 5; 3; 4197
INTERNAL; 2; 5; 3; 4197; INPUT; 1; 4; 3; 1128
INTERNAL; 2; 5; 3; 4197; INPUT; 1; 4; 3; 3629
INTERNAL; 2; 5; 3; 4197; INPUT; 1; 4; 3; 3754
INTERNAL; 5; 8; 3; 4254; INTERNAL; 2; 4; 2; 2141
INTERNAL; 6; 9; 3; 5524; INTERNAL; 5; 8; 3; 5474
INTERNAL; 5; 8; 3; 5474; INTERNAL; 4; 7; 3; 4044
INTERNAL; 4; 7; 3; 4044; INTERNAL; 3; 6; 3; 5486
INTERNAL; 3; 6; 3; 5486; INTERNAL; 2; 5; 3; 2007
INTERNAL; 2; 5; 3; 2007; INPUT; 1; 4; 3; 6009
INTERNAL; 2; 5; 3; 2007; INPUT; 1; 4; 3; 2184
INTERNAL; 3; 6; 3; 5486; INTERNAL; 2; 5; 3; 1650
INTERNAL; 2; 5; 3; 1650; INPUT; 1; 3; 2; 5913
INTERNAL; 3; 6; 3; 5486; INPUT; 1; 4; 3; 3682
INTERNAL; 5; 8; 3; 5474; INTERNAL; 2; 6; 4; 5441
INTERNAL; 5; 8; 3; 5474; INTERNAL; 3; 7; 4; 5482
INTERNAL; 3; 7; 4; 5482; INPUT; 1; 3; 2; 3112
INTERNAL; 3; 7; 4; 5482; INTERNAL; 2; 6; 4; 6218
INTERNAL; 2; 6; 4; 6218; INPUT; 1; 4; 3; 4340
INTERNAL; 5; 8; 3; 5474; INTERNAL; 3; 7; 4; 2707
INTERNAL; 3; 7; 4; 2707; INPUT; 1; 6; 5; 5442
INTERNAL; 3; 7; 4; 2707; INPUT; 1; 5; 4; 5710
INTERNAL; 3; 7; 4; 2707; INPUT; 1; 5; 4; 4189
INTERNAL; 3; 7; 4; 2707; INPUT; 1; 5; 4; 3898
INTERNAL; 5; 8; 3; 5474; INTERNAL; 2; 7; 5; 1886
INTERNAL; 8; 12; 4; 5543; INTERNAL; 7; 9; 2; 3063
INTERNAL; 8; 12; 4; 5543; INTERNAL; 3; 9; 6; 5526
INTERNAL; 3; 9; 6; 5526; INPUT; 1; 2; 1; 3322
INTERNAL; 3; 9; 6; 5526; INTERNAL; 2; 6; 4; 869
INTERNAL; 3; 9; 6; 5526; INPUT; 1; 2; 1; 3326
INTERNAL; 3; 9; 6; 5526; INTERNAL; 2; 6; 4; 5598
INTERNAL; 2; 6; 4; 5598; INPUT; 1; 5; 4; 4799
INTERNAL; 3; 9; 6; 5526; INPUT; 1; 2; 1; 3187
INTERNAL; 3; 9; 6; 5526; INTERNAL; 2; 5; 3; 3003
INTERNAL; 2; 5; 3; 3003; INPUT; 1; 4; 3; 3750
INTERNAL; 2; 5; 3; 3003; INPUT; 1; 4; 3; 5447
INTERNAL; 2; 5; 3; 3003; INPUT; 1; 4; 3; 5165
INTERNAL; 2; 5; 3; 3003; INPUT; 1; 4; 3; 5444
INTERNAL; 11; 15; 4; 5092; INTERNAL; 10; 14; 4; 5545
INTERNAL; 10; 14; 4; 5545; INTERNAL; 9; 13; 4; 5542
INTERNAL; 9; 13; 4; 5542; INTERNAL; 8; 10; 2; 2263
INTERNAL; 8; 10; 2; 2263; INTERNAL; 6; 9; 3; 3355
INTERNAL; 8; 10; 2; 2263; INTERNAL; 7; 9; 2; 2238
INTERNAL; 7; 9; 2; 2238; INTERNAL; 5; 8; 3; 1014
INTERNAL; 5; 8; 3; 1014; INTERNAL; 2; 6; 4; 2627
INTERNAL; 2; 6; 4; 2627; INPUT; 1; 5; 4; 3352
INTERNAL; 2; 6; 4; 2627; INPUT; 1; 5; 4; 4610
INTERNAL; 2; 6; 4; 2627; INPUT; 1; 5; 4; 6141
INTERNAL; 2; 6; 4; 2627; INPUT; 1; 5; 4; 1127
INTERNAL; 5; 8; 3; 1014; INTERNAL; 3; 7; 4; 4131
INTERNAL; 3; 7; 4; 4131; INPUT; 1; 3; 2; 2293
INTERNAL; 3; 7; 4; 4131; INTERNAL; 2; 5; 3; 1506
INTERNAL; 3; 7; 4; 4131; INPUT; 1; 3; 2; 4631
INTERNAL; 3; 7; 4; 4131; INPUT; 1; 3; 2; 4083
INTERNAL; 3; 7; 4; 4131; INPUT; 1; 3; 2; 3191
INTERNAL; 5; 8; 3; 1014; INTERNAL; 3; 7; 4; 1785
INTERNAL; 3; 7; 4; 1785; INPUT; 1; 5; 4; 3041
INTERNAL; 3; 7; 4; 1785; INPUT; 1; 5; 4; 1823
INTERNAL; 3; 7; 4; 1785; INPUT; 1; 5; 4; 4900
INTERNAL; 3; 7; 4; 1785; INPUT; 1; 5; 4; 4908
INTERNAL; 5; 8; 3; 1014; INTERNAL; 2; 7; 5; 6242
INTERNAL; 5; 8; 3; 1014; INTERNAL; 4; 7; 3; 5462
INTERNAL; 4; 7; 3; 5462; INTERNAL; 2; 5; 3; 4284
INTERNAL; 2; 5; 3; 4284; INPUT; 1; 4; 3; 4211
INTERNAL; 4; 7; 3; 5462; INTERNAL; 3; 6; 3; 5468
INTERNAL; 3; 6; 3; 5468; INTERNAL; 2; 5; 3; 3936
INTERNAL; 2; 5; 3; 3936; INPUT; 1; 4; 3; 5248
INTERNAL; 2; 5; 3; 3936; INPUT; 1; 4; 3; 3124
INTERNAL; 2; 5; 3; 3936; INPUT; 1; 4; 3; 2667
INTERNAL; 3; 6; 3; 5468; INPUT; 1; 5; 4; 4500
INTERNAL; 3; 6; 3; 5468; INTERNAL; 2; 4; 2; 3939
INTERNAL; 3; 6; 3; 5468; INPUT; 1; 5; 4; 5419
INTERNAL; 4; 7; 3; 5462; INTERNAL; 2; 6; 4; 5466
INTERNAL; 2; 6; 4; 5466; INPUT; 1; 3; 2; 2472
INTERNAL; 2; 6; 4; 5466; INPUT; 1; 3; 2; 6053
INTERNAL; 2; 6; 4; 5466; INPUT; 1; 4; 3; 1958
INTERNAL; 2; 6; 4; 5466; INPUT; 1; 4; 3; 2608
INTERNAL; 4; 7; 3; 5462; INTERNAL; 2; 6; 4; 1946
INTERNAL; 2; 6; 4; 1946; INPUT; 1; 4; 3; 4038
INTERNAL; 2; 6; 4; 1946; INPUT; 1; 4; 3; 5651
INTERNAL; 2; 6; 4; 1946; INPUT; 1; 4; 3; 4824
INTERNAL; 2; 6; 4; 1946; INPUT; 1; 4; 3; 4818
INTERNAL; 7; 9; 2; 2238; INTERNAL; 4; 8; 4; 1373
INTERNAL; 4; 8; 4; 1373; INTERNAL; 3; 7; 4; 5471
INTERNAL; 3; 7; 4; 5471; INTERNAL; 2; 3; 1; 2420
INTERNAL; 2; 3; 1; 2420; INPUT; 1; 2; 1; 3323
INTERNAL; 3; 7; 4; 5471; INTERNAL; 2; 6; 4; 2876
INTERNAL; 2; 6; 4; 2876; INPUT; 1; 4; 3; 1841
INTERNAL; 2; 6; 4; 2876; INPUT; 1; 4; 3; 1018
INTERNAL; 2; 6; 4; 2876; INPUT; 1; 4; 3; 1339
INTERNAL; 2; 6; 4; 2876; INPUT; 1; 4; 3; 2194
INTERNAL; 3; 7; 4; 5471; INTERNAL; 2; 6; 4; 2261
INTERNAL; 3; 7; 4; 5471; INTERNAL; 2; 6; 4; 5443
INTERNAL; 2; 6; 4; 5443; INPUT; 1; 2; 1; 3537
INTERNAL; 2; 6; 4; 5443; INPUT; 1; 2; 1; 1559
INTERNAL; 2; 6; 4; 5443; INPUT; 1; 2; 1; 5417
INTERNAL; 4; 8; 4; 1373; INTERNAL; 3; 7; 4; 5469
INTERNAL; 4; 8; 4; 1373; INTERNAL; 3; 4; 1; 3256
INTERNAL; 7; 9; 2; 2238; INTERNAL; 6; 8; 2; 5456
INTERNAL; 6; 8; 2; 5456; INTERNAL; 3; 5; 2; 890
INTERNAL; 3; 5; 2; 890; INPUT; 1; 3; 2; 3275
INTERNAL; 3; 5; 2; 890; INPUT; 1; 3; 2; 2832
INTERNAL; 6; 8; 2; 5456; INTERNAL; 2; 6; 4; 1190
INTERNAL; 2; 6; 4; 1190; INPUT; 1; 4; 3; 2457
INTERNAL; 2; 6; 4; 1190; INPUT; 1; 4; 3; 2202
INTERNAL; 2; 6; 4; 1190; INPUT; 1; 4; 3; 2204
INTERNAL; 6; 8; 2; 5456; INTERNAL; 5; 7; 2; 5257
INTERNAL; 5; 7; 2; 5257; INTERNAL; 4; 6; 2; 5460
INTERNAL; 4; 6; 2; 5460; INTERNAL; 3; 4; 1; 2103
INTERNAL; 5; 7; 2; 5257; INTERNAL; 2; 5; 3; 2012
INTERNAL; 5; 7; 2; 5257; INPUT; 1; 4; 3; 4298
INTERNAL; 5; 7; 2; 5257; INPUT; 1; 4; 3; 4230
INTERNAL; 5; 7; 2; 5257; INPUT; 1; 4; 3; 4865
INTERNAL; 5; 7; 2; 5257; INTERNAL; 2; 6; 4; 5325
INTERNAL; 2; 6; 4; 5325; INPUT; 1; 5; 4; 4496
INTERNAL; 2; 6; 4; 5325; INPUT; 1; 5; 4; 4744
INTERNAL; 2; 6; 4; 5325; INPUT; 1; 5; 4; 4745
INTERNAL; 8; 10; 2; 2263; INTERNAL; 6; 9; 3; 1170
INTERNAL; 6; 9; 3; 1170; INTERNAL; 5; 7; 2; 1928
INTERNAL; 5; 7; 2; 1928; INTERNAL; 4; 6; 2; 5220
INTERNAL; 4; 6; 2; 5220; INPUT; 1; 5; 4; 5225
INTERNAL; 5; 7; 2; 1928; INTERNAL; 4; 6; 2; 5224
INTERNAL; 4; 6; 2; 5224; INTERNAL; 3; 5; 2; 2287
INTERNAL; 3; 5; 2; 2287; INTERNAL; 2; 4; 2; 4071
INTERNAL; 4; 6; 2; 5224; INTERNAL; 2; 5; 3; 5831
INTERNAL; 2; 5; 3; 5831; INPUT; 1; 4; 3; 2733
INTERNAL; 2; 5; 3; 5831; INPUT; 1; 4; 3; 1274
INTERNAL; 2; 5; 3; 5831; INPUT; 1; 4; 3; 3096
INTERNAL; 2; 5; 3; 5831; INPUT; 1; 4; 3; 2516
INTERNAL; 6; 9; 3; 1170; INTERNAL; 5; 7; 2; 4498
INTERNAL; 5; 7; 2; 4498; INTERNAL; 4; 6; 2; 3244
INTERNAL; 4; 6; 2; 3244; INTERNAL; 3; 5; 2; 1889
INTERNAL; 3; 5; 2; 1889; INPUT; 1; 4; 3; 1201
INTERNAL; 3; 5; 2; 1889; INPUT; 1; 4; 3; 1182
INTERNAL; 3; 5; 2; 1889; INPUT; 1; 4; 3; 4996
INTERNAL; 4; 6; 2; 3244; INTERNAL; 2; 5; 3; 2015
INTERNAL; 2; 5; 3; 2015; INPUT; 1; 4; 3; 1416
INTERNAL; 9; 13; 4; 5542; INTERNAL; 8; 10; 2; 5519
INTERNAL; 9; 13; 4; 5542; INTERNAL; 8; 10; 2; 5522
INTERNAL; 8; 10; 2; 5522; INTERNAL; 7; 9; 2; 5531
INTERNAL; 8; 10; 2; 5522; INTERNAL; 6; 9; 3; 2988
INTERNAL; 6; 9; 3; 2988; INTERNAL; 4; 8; 4; 3873
INTERNAL; 4; 8; 4; 3873; INTERNAL; 2; 5; 3; 3339
INTERNAL; 4; 8; 4; 3873; INTERNAL; 3; 7; 4; 5492
INTERNAL; 3; 7; 4; 5492; INTERNAL; 2; 4; 2; 1166
INTERNAL; 2; 4; 2; 1166; INPUT; 1; 3; 2; 3759
INTERNAL; 2; 4; 2; 1166; INPUT; 1; 3; 2; 1042
INTERNAL; 3; 7; 4; 5492; INTERNAL; 2; 5; 3; 1461
INTERNAL; 2; 5; 3; 1461; INPUT; 1; 4; 3; 5215
INTERNAL; 2; 5; 3; 1461; INPUT; 1; 4; 3; 3466
INTERNAL; 2; 5; 3; 1461; INPUT; 1; 4; 3; 4981
INTERNAL; 2; 5; 3; 1461; INPUT; 1; 4; 3; 5213
INTERNAL; 3; 7; 4; 5492; INTERNAL; 2; 5; 3; 1095
INTERNAL; 2; 5; 3; 1095; INPUT; 1; 4; 3; 4795
INTERNAL; 3; 7; 4; 5492; INTERNAL; 2; 6; 4; 3998
INTERNAL; 3; 7; 4; 5492; INTERNAL; 2; 4; 2; 2189
INTERNAL; 2; 4; 2; 2189; INPUT; 1; 3; 2; 4410
INTERNAL; 2; 4; 2; 2189; INPUT; 1; 3; 2; 2465
INTERNAL; 2; 4; 2; 2189; INPUT; 1; 3; 2; 2768
INTERNAL; 2; 4; 2; 2189; INPUT; 1; 3; 2; 2817
INTERNAL; 4; 8; 4; 3873; INTERNAL; 2; 6; 4; 5209
INTERNAL; 2; 6; 4; 5209; INPUT; 1; 3; 2; 3216
INTERNAL; 2; 6; 4; 5209; INPUT; 1; 3; 2; 1852
INTERNAL; 2; 6; 4; 5209; INPUT; 1; 4; 3; 901
INTERNAL; 2; 6; 4; 5209; INPUT; 1; 3; 2; 1084
INTERNAL; 6; 9; 3; 2988; INTERNAL; 5; 8; 3; 4507
INTERNAL; 5; 8; 3; 4507; INPUT; 1; 3; 2; 3586
INTERNAL; 5; 8; 3; 4507; INPUT; 1; 3; 2; 3353
INTERNAL; 5; 8; 3; 4507; INTERNAL; 4; 6; 2; 5199
INTERNAL; 4; 6; 2; 5199; INTERNAL; 3; 5; 2; 4304
INTERNAL; 4; 6; 2; 5199; INPUT; 1; 3; 2; 3364
INTERNAL; 4; 6; 2; 5199; INTERNAL; 2; 5; 3; 2705
INTERNAL; 2; 5; 3; 2705; INPUT; 1; 4; 3; 3452
INTERNAL; 2; 5; 3; 2705; INPUT; 1; 4; 3; 3392
INTERNAL; 2; 5; 3; 2705; INPUT; 1; 4; 3; 5080
INTERNAL; 2; 5; 3; 2705; INPUT; 1; 4; 3; 3207
INTERNAL; 6; 9; 3; 2988; INTERNAL; 3; 8; 5; 4538
INTERNAL; 3; 8; 5; 4538; INTERNAL; 2; 7; 5; 5875
INTERNAL; 2; 7; 5; 5875; INPUT; 1; 4; 3; 758
INTERNAL; 2; 7; 5; 5875; INPUT; 1; 4; 3; 2994
INTERNAL; 2; 7; 5; 5875; INPUT; 1; 4; 3; 3186
INTERNAL; 2; 7; 5; 5875; INPUT; 1; 4; 3; 3514
INTERNAL; 3; 8; 5; 4538; INTERNAL; 2; 7; 5; 2524
INTERNAL; 2; 7; 5; 2524; INPUT; 1; 5; 4; 3316
INTERNAL; 2; 7; 5; 2524; INPUT; 1; 5; 4; 1003
INTERNAL; 2; 7; 5; 2524; INPUT; 1; 5; 4; 1102
INTERNAL; 2; 7; 5; 2524; INPUT; 1; 5; 4; 1103
INTERNAL; 3; 8; 5; 4538; INTERNAL; 2; 6; 4; 6155
INTERNAL; 2; 6; 4; 6155; INPUT; 1; 5; 4; 1756
INTERNAL; 2; 6; 4; 6155; INPUT; 1; 4; 3; 4519
INTERNAL; 2; 6; 4; 6155; INPUT; 1; 4; 3; 1098
INTERNAL; 2; 6; 4; 6155; INPUT; 1; 4; 3; 1596
INTERNAL; 3; 8; 5; 4538; INTERNAL; 2; 4; 2; 5127
INTERNAL; 10; 14; 4; 5545; INTERNAL; 8; 13; 5; 4311
INTERNAL; 10; 14; 4; 5545; INTERNAL; 9; 13; 4; 3411
INTERNAL; 12; 18; 6; 5184; INTERNAL; 11; 15; 4; 3174
INTERNAL; 11; 15; 4; 3174; INTERNAL; 10; 14; 4; 5539
INTERNAL; 10; 14; 4; 5539; INTERNAL; 9; 11; 2; 2414
INTERNAL; 9; 11; 2; 2414; INTERNAL; 5; 10; 5; 6270
INTERNAL; 5; 10; 5; 6270; INTERNAL; 3; 8; 5; 824
INTERNAL; 3; 8; 5; 824; INTERNAL; 2; 7; 5; 5295
INTERNAL; 3; 8; 5; 824; INPUT; 1; 7; 6; 4807
INTERNAL; 3; 8; 5; 824; INPUT; 1; 7; 6; 5424
INTERNAL; 3; 8; 5; 824; INPUT; 1; 7; 6; 4798
INTERNAL; 3; 8; 5; 824; INTERNAL; 2; 7; 5; 5505
INTERNAL; 2; 7; 5; 5505; INPUT; 1; 4; 3; 5583
INTERNAL; 2; 7; 5; 5505; INPUT; 1; 4; 3; 3932
INTERNAL; 2; 7; 5; 5505; INPUT; 1; 4; 3; 1697
INTERNAL; 2; 7; 5; 5505; INPUT; 1; 4; 3; 889
INTERNAL; 3; 8; 5; 824; INPUT; 1; 7; 6; 5074
INTERNAL; 5; 10; 5; 6270; INTERNAL; 4; 8; 4; 3978
INTERNAL; 4; 8; 4; 3978; INTERNAL; 2; 6; 4; 5050
INTERNAL; 4; 8; 4; 3978; INTERNAL; 3; 6; 3; 5241
INTERNAL; 3; 6; 3; 5241; INPUT; 1; 4; 3; 4287
INTERNAL; 3; 6; 3; 5241; INPUT; 1; 4; 3; 862
INTERNAL; 3; 6; 3; 5241; INTERNAL; 2; 4; 2; 5247
INTERNAL; 2; 4; 2; 5247; INPUT; 1; 3; 2; 3475
INTERNAL; 2; 4; 2; 5247; INPUT; 1; 3; 2; 3797
INTERNAL; 2; 4; 2; 5247; INPUT; 1; 3; 2; 3460
INTERNAL; 2; 4; 2; 5247; INPUT; 1; 3; 2; 3455
INTERNAL; 3; 6; 3; 5241; INPUT; 1; 4; 3; 3010
INTERNAL; 5; 10; 5; 6270; INTERNAL; 3; 8; 5; 5504
INTERNAL; 3; 8; 5; 5504; INTERNAL; 2; 7; 5; 5426
INTERNAL; 2; 7; 5; 5426; INPUT; 1; 2; 1; 3425
INTERNAL; 2; 7; 5; 5426; INPUT; 1; 1; 0; 2954
INTERNAL; 2; 7; 5; 5426; INPUT; 1; 1; 0; 1955
INTERNAL; 2; 7; 5; 5426; INPUT; 1; 2; 1; 6206
INTERNAL; 3; 8; 5; 5504; INTERNAL; 2; 7; 5; 3968
INTERNAL; 9; 11; 2; 2414; INTERNAL; 7; 10; 3; 5536
INTERNAL; 7; 10; 3; 5536; INTERNAL; 5; 9; 4; 5494
INTERNAL; 5; 9; 4; 5494; INTERNAL; 4; 8; 4; 4473
INTERNAL; 4; 8; 4; 4473; INTERNAL; 2; 6; 4; 1704
INTERNAL; 2; 6; 4; 1704; INPUT; 1; 4; 3; 5498
INTERNAL; 2; 6; 4; 1704; INPUT; 1; 4; 3; 4440
INTERNAL; 2; 6; 4; 1704; INPUT; 1; 3; 2; 2272
INTERNAL; 2; 6; 4; 1704; INPUT; 1; 3; 2; 1445
INTERNAL; 4; 8; 4; 4473; INTERNAL; 2; 4; 2; 2919
INTERNAL; 2; 4; 2; 2919; INPUT; 1; 3; 2; 1035
INTERNAL; 2; 4; 2; 2919; INPUT; 1; 3; 2; 2806
INTERNAL; 2; 4; 2; 2919; INPUT; 1; 3; 2; 2991
INTERNAL; 2; 4; 2; 2919; INPUT; 1; 3; 2; 3287
INTERNAL; 4; 8; 4; 4473; INTERNAL; 2; 7; 5; 5415
INTERNAL; 2; 7; 5; 5415; INPUT; 1; 6; 5; 5418
INTERNAL; 2; 7; 5; 5415; INPUT; 1; 6; 5; 5416
INTERNAL; 5; 9; 4; 5494; INTERNAL; 3; 8; 5; 3379
INTERNAL; 3; 8; 5; 3379; INTERNAL; 2; 5; 3; 5650
INTERNAL; 3; 8; 5; 3379; INTERNAL; 2; 5; 3; 5327
INTERNAL; 2; 5; 3; 5327; INPUT; 1; 4; 3; 5328
INTERNAL; 3; 8; 5; 3379; INTERNAL; 2; 4; 2; 3864
INTERNAL; 2; 4; 2; 3864; INPUT; 1; 3; 2; 3580
INTERNAL; 5; 9; 4; 5494; INTERNAL; 4; 8; 4; 5502
INTERNAL; 4; 8; 4; 5502; INTERNAL; 2; 5; 3; 1881
INTERNAL; 2; 5; 3; 1881; INPUT; 1; 4; 3; 4445
INTERNAL; 2; 5; 3; 1881; INPUT; 1; 4; 3; 5268
INTERNAL; 2; 5; 3; 1881; INPUT; 1; 4; 3; 4011
INTERNAL; 2; 5; 3; 1881; INPUT; 1; 4; 3; 6167
INTERNAL; 4; 8; 4; 5502; INTERNAL; 3; 6; 3; 1031
INTERNAL; 3; 6; 3; 1031; INTERNAL; 2; 5; 3; 4040
INTERNAL; 3; 6; 3; 1031; INTERNAL; 2; 5; 3; 1772
INTERNAL; 2; 5; 3; 1772; INPUT; 1; 4; 3; 4326
INTERNAL; 2; 5; 3; 1772; INPUT; 1; 4; 3; 2241
INTERNAL; 2; 5; 3; 1772; INPUT; 1; 4; 3; 4123
INTERNAL; 2; 5; 3; 1772; INPUT; 1; 4; 3; 4327
INTERNAL; 7; 10; 3; 5536; INTERNAL; 5; 9; 4; 5499
INTERNAL; 7; 10; 3; 5536; INTERNAL; 6; 9; 3; 2740
INTERNAL; 6; 9; 3; 2740; INTERNAL; 5; 7; 2; 3182
INTERNAL; 5; 7; 2; 3182; INTERNAL; 4; 6; 2; 5309
INTERNAL; 4; 6; 2; 5309; INTERNAL; 3; 5; 2; 5317
INTERNAL; 3; 5; 2; 5317; INPUT; 1; 4; 3; 966
INTERNAL; 3; 5; 2; 5317; INPUT; 1; 4; 3; 5204
INTERNAL; 4; 6; 2; 5309; INTERNAL; 3; 5; 2; 5314
INTERNAL; 3; 5; 2; 5314; INPUT; 1; 3; 2; 2034
INTERNAL; 3; 5; 2; 5314; INTERNAL; 2; 4; 2; 4925
INTERNAL; 2; 4; 2; 4925; INPUT; 1; 3; 2; 2371
INTERNAL; 3; 5; 2; 5314; INPUT; 1; 3; 2; 1277
INTERNAL; 3; 5; 2; 5314; INPUT; 1; 3; 2; 1246
INTERNAL; 3; 5; 2; 5314; INPUT; 1; 3; 2; 4508
INTERNAL; 5; 7; 2; 3182; INTERNAL; 2; 6; 4; 1627
INTERNAL; 5; 7; 2; 3182; INTERNAL; 4; 6; 2; 5311
INTERNAL; 4; 6; 2; 5311; INTERNAL; 2; 5; 3; 5313
INTERNAL; 4; 6; 2; 5311; INTERNAL; 2; 5; 3; 1398
INTERNAL; 4; 6; 2; 5311; INTERNAL; 3; 5; 2; 1082
INTERNAL; 3; 5; 2; 1082; INTERNAL; 2; 4; 2; 4006
INTERNAL; 2; 4; 2; 4006; INPUT; 1; 3; 2; 1521
INTERNAL; 2; 4; 2; 4006; INPUT; 1; 3; 2; 1581
INTERNAL; 2; 4; 2; 4006; INPUT; 1; 3; 2; 1584
INTERNAL; 2; 4; 2; 4006; INPUT; 1; 3; 2; 1529
INTERNAL; 4; 6; 2; 5311; INTERNAL; 2; 5; 3; 4317
INTERNAL; 6; 9; 3; 2740; INTERNAL; 4; 7; 3; 4207
INTERNAL; 4; 7; 3; 4207; INTERNAL; 3; 6; 3; 5335
INTERNAL; 3; 6; 3; 5335; INPUT; 1; 5; 4; 4683
INTERNAL; 3; 6; 3; 5335; INTERNAL; 2; 5; 3; 3211
INTERNAL; 2; 5; 3; 3211; INPUT; 1; 4; 3; 1649
INTERNAL; 2; 5; 3; 3211; INPUT; 1; 4; 3; 6153
INTERNAL; 2; 5; 3; 3211; INPUT; 1; 4; 3; 4480
INTERNAL; 2; 5; 3; 3211; INPUT; 1; 4; 3; 1362
INTERNAL; 3; 6; 3; 5335; INPUT; 1; 5; 4; 4682
INTERNAL; 3; 6; 3; 5335; INPUT; 1; 5; 4; 3674
INTERNAL; 3; 6; 3; 5335; INPUT; 1; 5; 4; 4680
INTERNAL; 4; 7; 3; 4207; INTERNAL; 2; 6; 4; 3571
INTERNAL; 4; 7; 3; 4207; INTERNAL; 3; 6; 3; 5333
INTERNAL; 3; 6; 3; 5333; INTERNAL; 2; 5; 3; 5344
INTERNAL; 2; 5; 3; 5344; INPUT; 1; 4; 3; 5117
INTERNAL; 2; 5; 3; 5344; INPUT; 1; 4; 3; 4864
INTERNAL; 2; 5; 3; 5344; INPUT; 1; 4; 3; 2728
INTERNAL; 2; 5; 3; 5344; INPUT; 1; 4; 3; 2651
INTERNAL; 4; 7; 3; 4207; INTERNAL; 3; 6; 3; 3032
INTERNAL; 3; 6; 3; 3032; INPUT; 1; 5; 4; 4928
INTERNAL; 3; 6; 3; 3032; INPUT; 1; 5; 4; 5339
INTERNAL; 4; 7; 3; 4207; INTERNAL; 3; 6; 3; 1709
INTERNAL; 3; 6; 3; 1709; INTERNAL; 2; 5; 3; 2564
INTERNAL; 3; 6; 3; 1709; INTERNAL; 2; 5; 3; 5336
INTERNAL; 2; 5; 3; 5336; INPUT; 1; 4; 3; 2134
INTERNAL; 3; 6; 3; 1709; INTERNAL; 2; 5; 3; 5337
INTERNAL; 6; 9; 3; 2740; INTERNAL; 4; 7; 3; 5307
INTERNAL; 4; 7; 3; 5307; INTERNAL; 3; 6; 3; 5323
INTERNAL; 4; 7; 3; 5307; INTERNAL; 2; 6; 4; 4370
INTERNAL; 2; 6; 4; 4370; INPUT; 1; 5; 4; 3906
INTERNAL; 2; 6; 4; 4370; INPUT; 1; 5; 4; 5316
INTERNAL; 2; 6; 4; 4370; INPUT; 1; 5; 4; 2305
INTERNAL; 2; 6; 4; 4370; INPUT; 1; 5; 4; 955
INTERNAL; 2; 6; 4; 4370; INPUT; 1; 5; 4; 5330
INTERNAL; 2; 6; 4; 4370; INPUT; 1; 5; 4; 1039
INTERNAL; 4; 7; 3; 5307; INTERNAL; 2; 6; 4; 5322
INTERNAL; 9; 11; 2; 2414; INTERNAL; 8; 10; 2; 5570
INTERNAL; 8; 10; 2; 5570; INTERNAL; 6; 9; 3; 5490
INTERNAL; 8; 10; 2; 5570; INTERNAL; 6; 9; 3; 5488
INTERNAL; 6; 9; 3; 5488; INTERNAL; 4; 7; 3; 1136
INTERNAL; 4; 7; 3; 1136; INTERNAL; 2; 6; 4; 5255
INTERNAL; 4; 7; 3; 1136; INTERNAL; 2; 6; 4; 2039
INTERNAL; 2; 6; 4; 2039; INPUT; 1; 4; 3; 2539
INTERNAL; 2; 6; 4; 2039; INPUT; 1; 4; 3; 5833
INTERNAL; 2; 6; 4; 2039; INPUT; 1; 4; 3; 3643
INTERNAL; 2; 6; 4; 2039; INPUT; 1; 4; 3; 6000
INTERNAL; 4; 7; 3; 1136; INTERNAL; 3; 6; 3; 5252
INTERNAL; 3; 6; 3; 5252; INTERNAL; 2; 5; 3; 5741
INTERNAL; 4; 7; 3; 1136; INTERNAL; 2; 6; 4; 5250
INTERNAL; 2; 6; 4; 5250; INPUT; 1; 5; 4; 5132
INTERNAL; 2; 6; 4; 5250; INPUT; 1; 5; 4; 2747
INTERNAL; 4; 7; 3; 1136; INTERNAL; 3; 6; 3; 5254
INTERNAL; 3; 6; 3; 5254; INTERNAL; 2; 5; 3; 5497
INTERNAL; 2; 5; 3; 5497; INPUT; 1; 3; 2; 4456
INTERNAL; 2; 5; 3; 5497; INPUT; 1; 4; 3; 5563
INTERNAL; 2; 5; 3; 5497; INPUT; 1; 4; 3; 1706
INTERNAL; 3; 6; 3; 5254; INTERNAL; 2; 5; 3; 2062
INTERNAL; 6; 9; 3; 5488; INTERNAL; 5; 7; 2; 2729
INTERNAL; 5; 7; 2; 2729; INTERNAL; 3; 6; 3; 4191
INTERNAL; 3; 6; 3; 4191; INTERNAL; 2; 5; 3; 4106
INTERNAL; 2; 5; 3; 4106; INPUT; 1; 4; 3; 833
INTERNAL; 5; 7; 2; 2729; INTERNAL; 3; 6; 3; 5249
INTERNAL; 3; 6; 3; 5249; INTERNAL; 2; 5; 3; 4213
INTERNAL; 5; 7; 2; 2729; INTERNAL; 2; 6; 4; 4889
INTERNAL; 5; 7; 2; 2729; INTERNAL; 4; 6; 2; 5243
INTERNAL; 4; 6; 2; 5243; INTERNAL; 3; 5; 2; 5246
INTERNAL; 3; 5; 2; 5246; INTERNAL; 2; 4; 2; 5245
INTERNAL; 6; 9; 3; 5488; INTERNAL; 4; 7; 3; 5034
INTERNAL; 4; 7; 3; 5034; INTERNAL; 2; 6; 4; 1942
INTERNAL; 8; 10; 2; 5570; INTERNAL; 7; 9; 2; 5487
INTERNAL; 7; 9; 2; 5487; INTERNAL; 5; 7; 2; 3956
INTERNAL; 5; 7; 2; 3956; INTERNAL; 3; 6; 3; 5197
INTERNAL; 3; 6; 3; 5197; INPUT; 1; 5; 4; 5201
INTERNAL; 7; 9; 2; 5487; INTERNAL; 6; 7; 1; 5185
INTERNAL; 6; 7; 1; 5185; INTERNAL; 3; 6; 3; 5856
INTERNAL; 3; 6; 3; 5856; INTERNAL; 2; 5; 3; 3922
INTERNAL; 2; 5; 3; 3922; INPUT; 1; 4; 3; 2580
INTERNAL; 2; 5; 3; 3922; INPUT; 1; 4; 3; 5914
INTERNAL; 3; 6; 3; 5856; INTERNAL; 2; 4; 2; 2066
INTERNAL; 6; 7; 1; 5185; INTERNAL; 5; 6; 1; 5596
INTERNAL; 5; 6; 1; 5596; INTERNAL; 3; 5; 2; 5190
INTERNAL; 3; 5; 2; 5190; INTERNAL; 2; 4; 2; 5276
INTERNAL; 5; 6; 1; 5596; INTERNAL; 4; 5; 1; 4890
INTERNAL; 6; 7; 1; 5185; INTERNAL; 2; 6; 4; 5188
INTERNAL; 2; 6; 4; 5188; INPUT; 1; 5; 4; 4279
INTERNAL; 7; 9; 2; 5487; INTERNAL; 5; 7; 2; 5187
INTERNAL; 5; 7; 2; 5187; INTERNAL; 4; 6; 2; 5207
INTERNAL; 4; 6; 2; 5207; INTERNAL; 3; 5; 2; 1024
INTERNAL; 5; 7; 2; 5187; INTERNAL; 3; 6; 3; 3306
INTERNAL; 5; 7; 2; 5187; INTERNAL; 2; 5; 3; 5101
INTERNAL; 2; 5; 3; 5101; INPUT; 1; 4; 3; 1425
INTERNAL; 10; 14; 4; 5539; INTERNAL; 9; 11; 2; 4539
INTERNAL; 9; 11; 2; 4539; INTERNAL; 8; 10; 2; 5454
INTERNAL; 9; 11; 2; 4539; INTERNAL; 8; 10; 2; 1923
INTERNAL; 8; 10; 2; 1923; INTERNAL; 7; 8; 1; 5180
INTERNAL; 8; 10; 2; 1923; INTERNAL; 6; 8; 2; 951
INTERNAL; 8; 10; 2; 1923; INTERNAL; 4; 8; 4; 5182
INTERNAL; 4; 8; 4; 5182; INTERNAL; 3; 7; 4; 5235
INTERNAL; 3; 7; 4; 5235; INPUT; 1; 5; 4; 5237
INTERNAL; 4; 8; 4; 5182; INTERNAL; 2; 7; 5; 4803
INTERNAL; 4; 8; 4; 5182; INTERNAL; 2; 7; 5; 4960
INTERNAL; 9; 11; 2; 4539; INTERNAL; 8; 10; 2; 5452
INTERNAL; 10; 14; 4; 5539; INTERNAL; 9; 11; 2; 5518
INTERNAL; 11; 15; 4; 3174; INTERNAL; 9; 14; 5; 5540
INTERNAL; 11; 15; 4; 3174; INTERNAL; 10; 14; 4; 5171
INTERNAL; 18; 19; 1; 5532; INTERNAL; 13; 18; 5; 2206
INTERNAL; 13; 18; 5; 2206; INTERNAL; 12; 16; 4; 5544
INTERNAL; 12; 16; 4; 5544; INTERNAL; 10; 15; 5; 5210
INTERNAL; 10; 15; 5; 5210; INTERNAL; 9; 11; 2; 5517
INTERNAL; 9; 11; 2; 5517; INTERNAL; 7; 10; 3; 5493
INTERNAL; 9; 11; 2; 5517; INTERNAL; 8; 10; 2; 3727
INTERNAL; 8; 10; 2; 3727; INTERNAL; 6; 8; 2; 5282
INTERNAL; 8; 10; 2; 3727; INTERNAL; 6; 8; 2; 2024
INTERNAL; 6; 8; 2; 2024; INTERNAL; 5; 7; 2; 1110
INTERNAL; 5; 7; 2; 1110; INTERNAL; 4; 6; 2; 1200
INTERNAL; 5; 7; 2; 1110; INTERNAL; 3; 6; 3; 5794
INTERNAL; 3; 6; 3; 5794; INTERNAL; 2; 5; 3; 2056
INTERNAL; 3; 6; 3; 5794; INPUT; 1; 5; 4; 4958
INTERNAL; 3; 6; 3; 5794; INTERNAL; 2; 5; 3; 5347
INTERNAL; 3; 6; 3; 5794; INPUT; 1; 5; 4; 4128
INTERNAL; 5; 7; 2; 1110; INTERNAL; 2; 6; 4; 4926
INTERNAL; 5; 7; 2; 1110; INTERNAL; 2; 6; 4; 3040
INTERNAL; 8; 10; 2; 3727; INTERNAL; 7; 8; 1; 5280
INTERNAL; 7; 8; 1; 5280; INTERNAL; 4; 7; 3; 5284
INTERNAL; 4; 7; 3; 5284; INTERNAL; 2; 5; 3; 5049
INTERNAL; 2; 5; 3; 5049; INPUT; 1; 4; 3; 5671
INTERNAL; 2; 5; 3; 5049; INPUT; 1; 4; 3; 904
INTERNAL; 2; 5; 3; 5049; INPUT; 1; 4; 3; 2535
INTERNAL; 2; 5; 3; 5049; INPUT; 1; 4; 3; 1068
INTERNAL; 4; 7; 3; 5284; INTERNAL; 3; 6; 3; 5306
INTERNAL; 3; 6; 3; 5306; INTERNAL; 2; 4; 2; 3710
INTERNAL; 7; 8; 1; 5280; INTERNAL; 5; 7; 2; 1385
INTERNAL; 5; 7; 2; 1385; INTERNAL; 4; 6; 2; 5218
INTERNAL; 4; 6; 2; 5218; INTERNAL; 2; 5; 3; 2676
INTERNAL; 2; 5; 3; 2676; INPUT; 1; 4; 3; 4158
INTERNAL; 2; 5; 3; 2676; INPUT; 1; 4; 3; 1472
INTERNAL; 2; 5; 3; 2676; INPUT; 1; 4; 3; 1844
INTERNAL; 4; 6; 2; 5218; INPUT; 1; 5; 4; 5293
INTERNAL; 4; 6; 2; 5218; INPUT; 1; 5; 4; 830
INTERNAL; 4; 6; 2; 5218; INPUT; 1; 5; 4; 3363
INTERNAL; 4; 6; 2; 5218; INPUT; 1; 5; 4; 5292
INTERNAL; 4; 6; 2; 5218; INTERNAL; 3; 5; 2; 2926
INTERNAL; 3; 5; 2; 2926; INTERNAL; 2; 4; 2; 3804
INTERNAL; 2; 4; 2; 3804; INPUT; 1; 3; 2; 2030
INTERNAL; 2; 4; 2; 3804; INPUT; 1; 3; 2; 3488
INTERNAL; 3; 5; 2; 2926; INTERNAL; 2; 4; 2; 1862
INTERNAL; 2; 4; 2; 1862; INPUT; 1; 3; 2; 2779
INTERNAL; 2; 4; 2; 1862; INPUT; 1; 3; 2; 3497
INTERNAL; 2; 4; 2; 1862; INPUT; 1; 3; 2; 5296
INTERNAL; 2; 4; 2; 1862; INPUT; 1; 3; 2; 2978
INTERNAL; 5; 7; 2; 1385; INTERNAL; 3; 6; 3; 3566
INTERNAL; 3; 6; 3; 3566; INTERNAL; 2; 5; 3; 5298
INTERNAL; 2; 5; 3; 5298; INPUT; 1; 4; 3; 4920
INTERNAL; 2; 5; 3; 5298; INPUT; 1; 4; 3; 5301
INTERNAL; 2; 5; 3; 5298; INPUT; 1; 4; 3; 2386
INTERNAL; 2; 5; 3; 5298; INPUT; 1; 4; 3; 3087
INTERNAL; 3; 6; 3; 3566; INTERNAL; 2; 5; 3; 3039
INTERNAL; 3; 6; 3; 3566; INTERNAL; 2; 5; 3; 3418
INTERNAL; 2; 5; 3; 3418; INPUT; 1; 4; 3; 3115
INTERNAL; 2; 5; 3; 3418; INPUT; 1; 4; 3; 4615
INTERNAL; 2; 5; 3; 3418; INPUT; 1; 4; 3; 5302
INTERNAL; 2; 5; 3; 3418; INPUT; 1; 4; 3; 3107
INTERNAL; 3; 6; 3; 3566; INTERNAL; 2; 5; 3; 5285
INTERNAL; 2; 5; 3; 5285; INPUT; 1; 4; 3; 1450
INTERNAL; 2; 5; 3; 5285; INPUT; 1; 4; 3; 3592
INTERNAL; 2; 5; 3; 5285; INPUT; 1; 4; 3; 2495
INTERNAL; 2; 5; 3; 5285; INPUT; 1; 4; 3; 2360
INTERNAL; 7; 8; 1; 5280; INTERNAL; 6; 7; 1; 4250
INTERNAL; 6; 7; 1; 4250; INTERNAL; 4; 6; 2; 1708
INTERNAL; 4; 6; 2; 1708; INTERNAL; 3; 5; 2; 963
INTERNAL; 3; 5; 2; 963; INTERNAL; 2; 4; 2; 2058
INTERNAL; 2; 4; 2; 2058; INPUT; 1; 3; 2; 5288
INTERNAL; 3; 5; 2; 963; INTERNAL; 2; 4; 2; 3661
INTERNAL; 6; 7; 1; 4250; INTERNAL; 3; 6; 3; 1021
INTERNAL; 3; 6; 3; 1021; INPUT; 1; 5; 4; 4995
INTERNAL; 3; 6; 3; 1021; INPUT; 1; 5; 4; 3558
INTERNAL; 6; 7; 1; 4250; INTERNAL; 5; 6; 1; 1391
INTERNAL; 5; 6; 1; 1391; INPUT; 1; 5; 4; 1405
INTERNAL; 5; 6; 1; 1391; INTERNAL; 2; 5; 3; 1204
INTERNAL; 5; 6; 1; 1391; INTERNAL; 2; 5; 3; 2829
INTERNAL; 5; 6; 1; 1391; INPUT; 1; 5; 4; 1949
INTERNAL; 5; 6; 1; 1391; INTERNAL; 4; 5; 1; 3109
INTERNAL; 4; 5; 1; 3109; INTERNAL; 2; 4; 2; 5655
INTERNAL; 4; 5; 1; 3109; INTERNAL; 2; 4; 2; 2635
INTERNAL; 5; 6; 1; 1391; INTERNAL; 2; 5; 3; 5242
INTERNAL; 2; 5; 3; 5242; INPUT; 1; 4; 3; 3394
INTERNAL; 9; 11; 2; 5517; INTERNAL; 7; 10; 3; 2286
INTERNAL; 7; 10; 3; 2286; INTERNAL; 6; 8; 2; 5240
INTERNAL; 7; 10; 3; 2286; INTERNAL; 5; 8; 3; 1223
INTERNAL; 5; 8; 3; 1223; INTERNAL; 2; 7; 5; 6079
INTERNAL; 5; 8; 3; 1223; INTERNAL; 4; 7; 3; 5639
INTERNAL; 4; 7; 3; 5639; INTERNAL; 2; 6; 4; 1777
INTERNAL; 2; 6; 4; 1777; INPUT; 1; 4; 3; 2648
INTERNAL; 2; 6; 4; 1777; INPUT; 1; 4; 3; 1910
INTERNAL; 2; 6; 4; 1777; INPUT; 1; 4; 3; 3228
INTERNAL; 2; 6; 4; 1777; INPUT; 1; 4; 3; 2394
INTERNAL; 4; 7; 3; 5639; INTERNAL; 2; 6; 4; 1394
INTERNAL; 2; 6; 4; 1394; INPUT; 1; 4; 3; 1214
INTERNAL; 2; 6; 4; 1394; INPUT; 1; 4; 3; 3799
INTERNAL; 2; 6; 4; 1394; INPUT; 1; 4; 3; 3827
INTERNAL; 2; 6; 4; 1394; INPUT; 1; 4; 3; 3317
INTERNAL; 2; 6; 4; 1394; INPUT; 1; 5; 4; 1592
INTERNAL; 2; 6; 4; 1394; INPUT; 1; 4; 3; 3826
INTERNAL; 4; 7; 3; 5639; INTERNAL; 2; 6; 4; 1468
INTERNAL; 4; 7; 3; 5639; INTERNAL; 3; 6; 3; 2397
INTERNAL; 4; 7; 3; 5639; INTERNAL; 2; 4; 2; 3902
INTERNAL; 5; 8; 3; 1223; INTERNAL; 2; 7; 5; 3748
INTERNAL; 5; 8; 3; 1223; INTERNAL; 2; 5; 3; 5262
INTERNAL; 2; 5; 3; 5262; INPUT; 1; 2; 1; 1924
INTERNAL; 2; 5; 3; 5262; INPUT; 1; 2; 1; 1922
INTERNAL; 2; 5; 3; 5262; INPUT; 1; 2; 1; 4660
INTERNAL; 2; 5; 3; 5262; INPUT; 1; 2; 1; 2899
INTERNAL; 5; 8; 3; 1223; INTERNAL; 2; 5; 3; 5264
INTERNAL; 10; 15; 5; 5210; INTERNAL; 5; 11; 6; 5085
INTERNAL; 10; 15; 5; 5210; INTERNAL; 8; 11; 3; 4261
INTERNAL; 8; 11; 3; 4261; INTERNAL; 4; 10; 6; 5508
INTERNAL; 8; 11; 3; 4261; INTERNAL; 7; 10; 3; 4956
INTERNAL; 8; 11; 3; 4261; INTERNAL; 4; 10; 6; 5510
INTERNAL; 4; 10; 6; 5510; INTERNAL; 2; 7; 5; 3928
INTERNAL; 4; 10; 6; 5510; INTERNAL; 3; 7; 4; 5370
INTERNAL; 3; 7; 4; 5370; INPUT; 1; 4; 3; 4688
INTERNAL; 3; 7; 4; 5370; INPUT; 1; 4; 3; 4690
INTERNAL; 3; 7; 4; 5370; INTERNAL; 2; 6; 4; 5793
INTERNAL; 2; 6; 4; 5793; INPUT; 1; 3; 2; 3512
INTERNAL; 2; 6; 4; 5793; INPUT; 1; 3; 2; 847
INTERNAL; 2; 6; 4; 5793; INPUT; 1; 3; 2; 2837
INTERNAL; 2; 6; 4; 5793; INPUT; 1; 3; 2; 1107
INTERNAL; 3; 7; 4; 5370; INPUT; 1; 4; 3; 4689
INTERNAL; 3; 7; 4; 5370; INPUT; 1; 4; 3; 1217
INTERNAL; 4; 10; 6; 5510; INTERNAL; 2; 8; 6; 2833
INTERNAL; 4; 10; 6; 5510; INTERNAL; 3; 9; 6; 3030
INTERNAL; 3; 9; 6; 3030; INTERNAL; 2; 7; 5; 2812
INTERNAL; 12; 16; 4; 5544; INTERNAL; 11; 15; 4; 5538
INTERNAL; 12; 16; 4; 5544; INTERNAL; 11; 15; 4; 5827
INTERNAL; 11; 15; 4; 5827; INTERNAL; 10; 12; 2; 1428
INTERNAL; 11; 15; 4; 5827; INTERNAL; 10; 12; 2; 2947
INTERNAL; 11; 15; 4; 5827; INTERNAL; 10; 12; 2; 3055
INTERNAL; 10; 12; 2; 3055; INTERNAL; 9; 11; 2; 2014
INTERNAL; 10; 12; 2; 3055; INTERNAL; 9; 11; 2; 2381
INTERNAL; 10; 12; 2; 3055; INTERNAL; 9; 11; 2; 4862
INTERNAL; 9; 11; 2; 4862; INTERNAL; 7; 9; 2; 5177
INTERNAL; 9; 11; 2; 4862; INTERNAL; 4; 9; 5; 5178
INTERNAL; 4; 9; 5; 5178; INTERNAL; 3; 8; 5; 850
INTERNAL; 3; 8; 5; 850; INTERNAL; 2; 5; 3; 5272
INTERNAL; 3; 8; 5; 850; INTERNAL; 2; 6; 4; 1254
INTERNAL; 3; 8; 5; 850; INTERNAL; 2; 7; 5; 3878
INTERNAL; 4; 9; 5; 5178; INTERNAL; 3; 8; 5; 1382
INTERNAL; 3; 8; 5; 1382; INTERNAL; 2; 7; 5; 5269
INTERNAL; 2; 7; 5; 5269; INPUT; 1; 5; 4; 4034
INTERNAL; 2; 7; 5; 5269; INPUT; 1; 3; 2; 785
INTERNAL; 2; 7; 5; 5269; INPUT; 1; 5; 4; 4036
INTERNAL; 3; 8; 5; 1382; INTERNAL; 2; 7; 5; 5271
INTERNAL; 2; 7; 5; 5271; INPUT; 1; 3; 2; 4854
INTERNAL; 3; 8; 5; 1382; INTERNAL; 2; 2; 0; 2373
INTERNAL; 4; 9; 5; 5178; INTERNAL; 3; 8; 5; 5265
INTERNAL; 3; 8; 5; 5265; INTERNAL; 2; 6; 4; 3913
INTERNAL; 2; 6; 4; 3913; INPUT; 1; 5; 4; 1737
INTERNAL; 4; 9; 5; 5178; INTERNAL; 2; 6; 4; 1022
INTERNAL; 4; 9; 5; 5178; INTERNAL; 3; 8; 5; 3870
INTERNAL; 3; 8; 5; 3870; INTERNAL; 2; 5; 3; 3992
INTERNAL; 2; 5; 3; 3992; INPUT; 1; 4; 3; 3784
INTERNAL; 2; 5; 3; 3992; INPUT; 1; 4; 3; 5267
INTERNAL; 2; 5; 3; 3992; INPUT; 1; 4; 3; 1059
INTERNAL; 2; 5; 3; 3992; INPUT; 1; 4; 3; 5266
INTERNAL; 9; 11; 2; 4862; INTERNAL; 8; 9; 1; 2493
INTERNAL; 13; 18; 5; 2206; INTERNAL; 12; 16; 4; 1497
INTERNAL; 18; 19; 1; 5532; INTERNAL; 11; 18; 7; 5548
INTERNAL; 18; 19; 1; 5532; INTERNAL; 17; 18; 1; 5547
INTERNAL; 17; 18; 1; 5547; INTERNAL; 13; 17; 4; 1554
INTERNAL; 17; 18; 1; 5547; INTERNAL; 16; 17; 1; 5300
INTERNAL; 16; 17; 1; 5300; INTERNAL; 12; 16; 4; 5154
INTERNAL; 12; 16; 4; 5154; INTERNAL; 11; 13; 2; 5514
INTERNAL; 12; 16; 4; 5154; INTERNAL; 10; 13; 3; 5516
INTERNAL; 10; 13; 3; 5516; INTERNAL; 9; 11; 2; 5506
INTERNAL; 9; 11; 2; 5506; INTERNAL; 5; 9; 4; 5278
INTERNAL; 5; 9; 4; 5278; INTERNAL; 3; 8; 5; 3711
INTERNAL; 3; 8; 5; 3711; INTERNAL; 2; 5; 3; 1264
INTERNAL; 2; 5; 3; 1264; INPUT; 1; 4; 3; 2946
INTERNAL; 3; 8; 5; 3711; INTERNAL; 2; 7; 5; 5355
INTERNAL; 2; 7; 5; 5355; INPUT; 1; 5; 4; 5934
INTERNAL; 2; 7; 5; 5355; INPUT; 1; 5; 4; 1275
INTERNAL; 2; 7; 5; 5355; INPUT; 1; 5; 4; 898
INTERNAL; 5; 9; 4; 5278; INTERNAL; 3; 8; 5; 4755
INTERNAL; 5; 9; 4; 5278; INTERNAL; 2; 6; 4; 2235
INTERNAL; 5; 9; 4; 5278; INTERNAL; 4; 8; 4; 5350
INTERNAL; 4; 8; 4; 5350; INTERNAL; 2; 7; 5; 5354
INTERNAL; 2; 7; 5; 5354; INPUT; 1; 4; 3; 5870
INTERNAL; 2; 7; 5; 5354; INPUT; 1; 4; 3; 3297
INTERNAL; 4; 8; 4; 5350; INTERNAL; 3; 7; 4; 5351
INTERNAL; 3; 7; 4; 5351; INPUT; 1; 3; 2; 3148
INTERNAL; 3; 7; 4; 5351; INPUT; 1; 3; 2; 3143
INTERNAL; 3; 7; 4; 5351; INPUT; 1; 3; 2; 938
INTERNAL; 3; 7; 4; 5351; INPUT; 1; 3; 2; 2042
INTERNAL; 4; 8; 4; 5350; INTERNAL; 3; 3; 0; 5588
INTERNAL; 3; 3; 0; 5588; INPUT; 1; 2; 1; 2306
INTERNAL; 3; 3; 0; 5588; INPUT; 1; 2; 1; 3678
INTERNAL; 3; 3; 0; 5588; INTERNAL; 2; 2; 0; 2987
INTERNAL; 2; 2; 0; 2987; INPUT; 1; 1; 0; 2438
INTERNAL; 2; 2; 0; 2987; INPUT; 1; 1; 0; 2427
INTERNAL; 4; 8; 4; 5350; INTERNAL; 2; 4; 2; 2398
INTERNAL; 2; 4; 2; 2398; INPUT; 1; 3; 2; 895
INTERNAL; 2; 4; 2; 2398; INPUT; 1; 3; 2; 2942
INTERNAL; 2; 4; 2; 2398; INPUT; 1; 3; 2; 3651
INTERNAL; 2; 4; 2; 2398; INPUT; 1; 3; 2; 3128
INTERNAL; 9; 11; 2; 5506; INTERNAL; 5; 9; 4; 5279
INTERNAL; 5; 9; 4; 5279; INTERNAL; 3; 8; 5; 5363
INTERNAL; 3; 8; 5; 5363; INPUT; 1; 4; 3; 5108
INTERNAL; 5; 9; 4; 5279; INTERNAL; 3; 8; 5; 4216
INTERNAL; 5; 9; 4; 5279; INTERNAL; 4; 8; 4; 5364
INTERNAL; 4; 8; 4; 5364; INTERNAL; 2; 7; 5; 5367
INTERNAL; 2; 7; 5; 5367; INPUT; 1; 6; 5; 865
INTERNAL; 2; 7; 5; 5367; INPUT; 1; 6; 5; 5373
INTERNAL; 2; 7; 5; 5367; INPUT; 1; 6; 5; 5371
INTERNAL; 2; 7; 5; 5367; INPUT; 1; 6; 5; 4271
INTERNAL; 4; 8; 4; 5364; INTERNAL; 3; 7; 4; 5368
INTERNAL; 4; 8; 4; 5364; INTERNAL; 2; 7; 5; 4345
INTERNAL; 2; 7; 5; 4345; INPUT; 1; 5; 4; 3116
INTERNAL; 2; 7; 5; 4345; INPUT; 1; 5; 4; 3224
INTERNAL; 2; 7; 5; 4345; INPUT; 1; 5; 4; 970
INTERNAL; 2; 7; 5; 4345; INPUT; 1; 5; 4; 1431
INTERNAL; 5; 9; 4; 5279; INTERNAL; 2; 8; 6; 5359
INTERNAL; 9; 11; 2; 5506; INTERNAL; 8; 9; 1; 5273
INTERNAL; 10; 13; 3; 5516; INTERNAL; 8; 11; 3; 5193
INTERNAL; 10; 13; 3; 5516; INTERNAL; 7; 11; 4; 6072
INTERNAL; 7; 11; 4; 6072; INTERNAL; 6; 9; 3; 3638
INTERNAL; 6; 9; 3; 3638; INTERNAL; 2; 8; 6; 873
INTERNAL; 2; 8; 6; 873; INPUT; 1; 5; 4; 3844
INTERNAL; 2; 8; 6; 873; INPUT; 1; 5; 4; 1974
INTERNAL; 2; 8; 6; 873; INPUT; 1; 5; 4; 3673
INTERNAL; 2; 8; 6; 873; INPUT; 1; 5; 4; 1371
INTERNAL; 6; 9; 3; 3638; INTERNAL; 5; 8; 3; 2467
INTERNAL; 5; 8; 3; 2467; INPUT; 1; 5; 4; 5040
INTERNAL; 5; 8; 3; 2467; INPUT; 1; 5; 4; 5041
INTERNAL; 5; 8; 3; 2467; INTERNAL; 4; 7; 3; 5392
INTERNAL; 4; 7; 3; 5392; INPUT; 1; 5; 4; 5043
INTERNAL; 5; 8; 3; 2467; INPUT; 1; 5; 4; 1828
INTERNAL; 6; 9; 3; 3638; INTERNAL; 2; 6; 4; 3016
INTERNAL; 6; 9; 3; 3638; INTERNAL; 2; 5; 3; 1612
INTERNAL; 7; 11; 4; 6072; INTERNAL; 6; 9; 3; 1672
INTERNAL; 6; 9; 3; 1672; INTERNAL; 4; 8; 4; 3819
INTERNAL; 4; 8; 4; 3819; INTERNAL; 3; 7; 4; 1019
INTERNAL; 4; 8; 4; 3819; INTERNAL; 2; 7; 5; 3195
INTERNAL; 6; 9; 3; 1672; INTERNAL; 5; 8; 3; 2860
INTERNAL; 5; 8; 3; 2860; INTERNAL; 2; 7; 5; 5377
INTERNAL; 2; 7; 5; 5377; INPUT; 1; 3; 2; 2864
INTERNAL; 5; 8; 3; 2860; INTERNAL; 3; 6; 3; 5404
INTERNAL; 3; 6; 3; 5404; INTERNAL; 2; 5; 3; 1990
INTERNAL; 2; 5; 3; 1990; INPUT; 1; 3; 2; 1745
INTERNAL; 2; 5; 3; 1990; INPUT; 1; 3; 2; 3361
INTERNAL; 3; 6; 3; 5404; INPUT; 1; 4; 3; 1608
INTERNAL; 3; 6; 3; 5404; INPUT; 1; 3; 2; 3572
INTERNAL; 5; 8; 3; 2860; INTERNAL; 2; 6; 4; 5401
INTERNAL; 2; 6; 4; 5401; INPUT; 1; 5; 4; 4572
INTERNAL; 2; 6; 4; 5401; INPUT; 1; 5; 4; 4143
INTERNAL; 2; 6; 4; 5401; INPUT; 1; 5; 4; 4140
INTERNAL; 2; 6; 4; 5401; INPUT; 1; 5; 4; 6180
INTERNAL; 5; 8; 3; 2860; INTERNAL; 4; 7; 3; 4603
INTERNAL; 4; 7; 3; 4603; INTERNAL; 3; 6; 3; 5406
INTERNAL; 4; 7; 3; 4603; INTERNAL; 2; 6; 4; 5408
INTERNAL; 7; 11; 4; 6072; INTERNAL; 4; 9; 5; 5388
INTERNAL; 4; 9; 5; 5388; INTERNAL; 3; 8; 5; 5409
INTERNAL; 4; 9; 5; 5388; INTERNAL; 3; 8; 5; 5983
INTERNAL; 3; 8; 5; 5983; INTERNAL; 2; 7; 5; 5414
INTERNAL; 4; 9; 5; 5388; INTERNAL; 2; 8; 6; 4576
INTERNAL; 2; 8; 6; 4576; INPUT; 1; 5; 4; 872
INTERNAL; 2; 8; 6; 4576; INPUT; 1; 5; 4; 902
INTERNAL; 2; 8; 6; 4576; INPUT; 1; 5; 4; 866
INTERNAL; 4; 9; 5; 5388; INTERNAL; 2; 8; 6; 5412
INTERNAL; 12; 16; 4; 5154; INTERNAL; 11; 13; 2; 3646
INTERNAL; 11; 13; 2; 3646; INTERNAL; 10; 12; 2; 4753
INTERNAL; 11; 13; 2; 3646; INTERNAL; 10; 12; 2; 5448
INTERNAL; 10; 12; 2; 5448; INTERNAL; 5; 10; 5; 4560
INTERNAL; 5; 10; 5; 4560; INPUT; 1; 9; 8; 5380
INTERNAL; 5; 10; 5; 4560; INTERNAL; 4; 9; 5; 3790
INTERNAL; 4; 9; 5; 3790; INTERNAL; 2; 7; 5; 2245
INTERNAL; 4; 9; 5; 3790; INTERNAL; 3; 8; 5; 5382
INTERNAL; 4; 9; 5; 3790; INPUT; 1; 5; 4; 1695
INTERNAL; 4; 9; 5; 3790; INTERNAL; 3; 6; 3; 3817
INTERNAL; 3; 6; 3; 3817; INTERNAL; 2; 5; 3; 1723
INTERNAL; 2; 5; 3; 1723; INPUT; 1; 4; 3; 2471
INTERNAL; 2; 5; 3; 1723; INPUT; 1; 4; 3; 3056
INTERNAL; 3; 6; 3; 3817; INPUT; 1; 5; 4; 3875
INTERNAL; 3; 6; 3; 3817; INPUT; 1; 5; 4; 3417
INTERNAL; 4; 9; 5; 3790; INPUT; 1; 5; 4; 3499
INTERNAL; 4; 9; 5; 3790; INPUT; 1; 5; 4; 6307
INTERNAL; 5; 10; 5; 4560; INTERNAL; 3; 7; 4; 5375
INTERNAL; 3; 7; 4; 5375; INTERNAL; 2; 5; 3; 2341
INTERNAL; 10; 12; 2; 5448; INTERNAL; 9; 10; 1; 5437
INTERNAL; 10; 12; 2; 5448; INTERNAL; 9; 10; 1; 3311
INTERNAL; 11; 13; 2; 3646; INTERNAL; 10; 12; 2; 5449
INTERNAL; 16; 17; 1; 5300; INTERNAL; 15; 16; 1; 4953
INTERNAL; 15; 16; 1; 4953; INTERNAL; 14; 15; 1; 5159
INTERNAL; 14; 15; 1; 5159; INTERNAL; 12; 14; 2; 5160
INTERNAL; 12; 14; 2; 5160; INTERNAL; 11; 13; 2; 4204
INTERNAL; 11; 13; 2; 4204; INTERNAL; 10; 11; 1; 2649
INTERNAL; 11; 13; 2; 4204; INTERNAL; 8; 11; 3; 5175
INTERNAL; 8; 11; 3; 5175; INTERNAL; 5; 10; 5; 4705
INTERNAL; 5; 10; 5; 4705; INTERNAL; 3; 9; 6; 2674
INTERNAL; 3; 9; 6; 2674; INPUT; 1; 4; 3; 4249
INTERNAL; 5; 10; 5; 4705; INTERNAL; 4; 9; 5; 2874
INTERNAL; 4; 9; 5; 2874; INTERNAL; 3; 8; 5; 5945
INTERNAL; 3; 8; 5; 5945; INTERNAL; 2; 7; 5; 5402
INTERNAL; 3; 8; 5; 5945; INTERNAL; 2; 6; 4; 4597
INTERNAL; 2; 6; 4; 4597; INPUT; 1; 4; 3; 3023
INTERNAL; 2; 6; 4; 4597; INPUT; 1; 4; 3; 3633
INTERNAL; 2; 6; 4; 4597; INPUT; 1; 4; 3; 3385
INTERNAL; 2; 6; 4; 4597; INPUT; 1; 5; 4; 2689
INTERNAL; 3; 8; 5; 5945; INTERNAL; 2; 7; 5; 3443
INTERNAL; 5; 10; 5; 4705; INTERNAL; 2; 5; 3; 3262
INTERNAL; 5; 10; 5; 4705; INTERNAL; 3; 9; 6; 3621
INTERNAL; 3; 9; 6; 3621; INTERNAL; 2; 3; 1; 2215
INTERNAL; 2; 3; 1; 2215; INPUT; 1; 2; 1; 3377
INTERNAL; 2; 3; 1; 2215; INPUT; 1; 2; 1; 2446
INTERNAL; 3; 9; 6; 3621; INTERNAL; 2; 7; 5; 4849
INTERNAL; 3; 9; 6; 3621; INTERNAL; 2; 8; 6; 5238
INTERNAL; 8; 11; 3; 5175; INTERNAL; 5; 10; 5; 5387
INTERNAL; 5; 10; 5; 5387; INTERNAL; 3; 9; 6; 1951
INTERNAL; 5; 10; 5; 5387; INTERNAL; 4; 9; 5; 1368
INTERNAL; 4; 9; 5; 1368; INTERNAL; 2; 6; 4; 3952
INTERNAL; 2; 6; 4; 3952; INPUT; 1; 4; 3; 3584
INTERNAL; 2; 6; 4; 3952; INPUT; 1; 4; 3; 2278
INTERNAL; 2; 6; 4; 3952; INPUT; 1; 4; 3; 1877
INTERNAL; 2; 6; 4; 3952; INPUT; 1; 4; 3; 3953
INTERNAL; 4; 9; 5; 1368; INTERNAL; 2; 6; 4; 4954
INTERNAL; 4; 9; 5; 1368; INTERNAL; 2; 6; 4; 4101
INTERNAL; 4; 9; 5; 1368; INTERNAL; 3; 8; 5; 4614
INTERNAL; 3; 8; 5; 4614; INTERNAL; 2; 4; 2; 1762
INTERNAL; 4; 9; 5; 1368; INTERNAL; 2; 8; 6; 5421
INTERNAL; 2; 8; 6; 5421; INPUT; 1; 3; 2; 3155
INTERNAL; 8; 11; 3; 5175; INTERNAL; 7; 10; 3; 5383
INTERNAL; 11; 13; 2; 4204; INTERNAL; 4; 11; 7; 2312
INTERNAL; 4; 11; 7; 2312; INTERNAL; 3; 10; 7; 5425
INTERNAL; 3; 10; 7; 5425; INTERNAL; 2; 9; 7; 5541
INTERNAL; 3; 10; 7; 5425; INTERNAL; 2; 7; 5; 1467
INTERNAL; 12; 14; 2; 5160; INTERNAL; 8; 13; 5; 4655
INTERNAL; 12; 14; 2; 5160; INTERNAL; 11; 13; 2; 4110
INTERNAL; 14; 15; 1; 5159; INTERNAL; 12; 14; 2; 5161
INTERNAL; 12; 14; 2; 5161; INTERNAL; 4; 12; 8; 5174
INTERNAL; 4; 12; 8; 5174; INTERNAL; 3; 11; 8; 5438
INTERNAL; 4; 12; 8; 5174; INTERNAL; 3; 11; 8; 4821
INTERNAL; 3; 11; 8; 4821; INTERNAL; 2; 6; 4; 960
INTERNAL; 2; 6; 4; 960; INPUT; 1; 5; 4; 3403
INTERNAL; 3; 11; 8; 4821; INTERNAL; 2; 6; 4; 2364
INTERNAL; 3; 11; 8; 4821; INPUT; 1; 5; 4; 1418
INTERNAL; 3; 11; 8; 4821; INPUT; 1; 5; 4; 5512
INTERNAL; 12; 14; 2; 5161; INTERNAL; 11; 12; 1; 4556
INTERNAL; 12; 14; 2; 5161; INTERNAL; 5; 12; 7; 5172
INTERNAL; 5; 12; 7; 5172; INTERNAL; 3; 11; 8; 5429
INTERNAL; 3; 11; 8; 5429; INTERNAL; 2; 10; 8; 5433
INTERNAL; 2; 10; 8; 5433; INPUT; 1; 5; 4; 947
INTERNAL; 2; 10; 8; 5433; INPUT; 1; 5; 4; 2923
INTERNAL; 5; 12; 7; 5172; INTERNAL; 4; 11; 7; 5432
INTERNAL; 4; 11; 7; 5432; INTERNAL; 3; 10; 7; 6015
INTERNAL; 3; 10; 7; 6015; INPUT; 1; 4; 3; 2294
INTERNAL; 3; 10; 7; 6015; INPUT; 1; 4; 3; 3255
INTERNAL; 3; 10; 7; 6015; INTERNAL; 2; 7; 5; 1568
INTERNAL; 3; 10; 7; 6015; INPUT; 1; 4; 3; 3321
INTERNAL; 3; 10; 7; 6015; INPUT; 1; 4; 3; 1971
INTERNAL; 3; 10; 7; 6015; INTERNAL; 2; 9; 7; 1404
INTERNAL; 4; 11; 7; 5432; INTERNAL; 2; 5; 3; 3728
INTERNAL; 2; 5; 3; 3728; INPUT; 1; 4; 3; 1481
INTERNAL; 4; 11; 7; 5432; INTERNAL; 2; 5; 3; 4819
INTERNAL; 4; 11; 7; 5432; INTERNAL; 2; 6; 4; 3846
INTERNAL; 14; 15; 1; 5159; INTERNAL; 13; 14; 1; 4220
INTERNAL; 13; 14; 1; 4220; INTERNAL; 12; 13; 1; 5163
INTERNAL; 13; 14; 1; 4220; INTERNAL; 5; 13; 8; 5168
INTERNAL; 5; 13; 8; 5168; INTERNAL; 4; 12; 8; 3318
INTERNAL; 4; 12; 8; 3318; INTERNAL; 3; 11; 8; 2498
INTERNAL; 13; 14; 1; 4220; INTERNAL; 6; 13; 7; 5164
INTERNAL; 6; 13; 7; 5164; INTERNAL; 5; 12; 7; 5440
INTERNAL; 5; 12; 7; 5440; INTERNAL; 4; 11; 7; 1797
INTERNAL; 4; 11; 7; 1797; INTERNAL; 3; 6; 3; 4028
INTERNAL; 6; 13; 7; 5164; INTERNAL; 2; 5; 3; 5439
INTERNAL; 15; 16; 1; 4953; INTERNAL; 13; 15; 2; 5158
INTERNAL; 13; 15; 2; 5158; INTERNAL; 12; 14; 2; 5513
INTERNAL; 13; 15; 2; 5158; INTERNAL; 12; 14; 2; 2258
INTERNAL; 16; 17; 1; 5300; INTERNAL; 13; 16; 3; 1856
INTERNAL; 16; 17; 1; 5300; INTERNAL; 12; 16; 4; 5155
INTERNAL; 19; 22; 3; 115; INTERNAL; 18; 19; 1; 5826
INTERNAL; 19; 22; 3; 115; INTERNAL; 18; 21; 3; 1033
INTERNAL; 18; 21; 3; 1033; INTERNAL; 16; 18; 2; 4021
INTERNAL; 18; 21; 3; 1033; INTERNAL; 15; 19; 4; 6168
INTERNAL; 18; 21; 3; 1033; INTERNAL; 16; 19; 3; 3407
INTERNAL; 18; 21; 3; 1033; INTERNAL; 17; 18; 1; 4515
INTERNAL; 18; 21; 3; 1033; INTERNAL; 16; 20; 4; 95
INTERNAL; 16; 20; 4; 95; INTERNAL; 14; 18; 4; 3285
INTERNAL; 16; 20; 4; 95; INTERNAL; 14; 17; 3; 3647
INTERNAL; 16; 20; 4; 95; INTERNAL; 15; 17; 2; 5546
INTERNAL; 16; 20; 4; 95; INTERNAL; 13; 18; 5; 5946
INTERNAL; 16; 20; 4; 95; INTERNAL; 12; 18; 6; 1505
INTERNAL; 16; 20; 4; 95; INTERNAL; 13; 17; 4; 4077
INTERNAL; 23; 24; 1; 2123; INTERNAL; 19; 22; 3; 114
INTERNAL; 19; 22; 3; 114; INTERNAL; 18; 21; 3; 96
INTERNAL; 18; 21; 3; 96; INTERNAL; 16; 20; 4; 2549
INTERNAL; 23; 24; 1; 2123; INTERNAL; 20; 23; 3; 682
INTERNAL; 20; 23; 3; 682; INTERNAL; 19; 22; 3; 1364
INTERNAL; 19; 22; 3; 1364; INTERNAL; 18; 21; 3; 4681
INTERNAL; 18; 21; 3; 4681; INTERNAL; 17; 19; 2; 5395
INTERNAL; 17; 19; 2; 5395; INTERNAL; 16; 18; 2; 3851
INTERNAL; 16; 18; 2; 3851; INTERNAL; 15; 17; 2; 5561
INTERNAL; 15; 17; 2; 5561; INTERNAL; 14; 16; 2; 5566
INTERNAL; 14; 16; 2; 5566; INTERNAL; 12; 15; 3; 5572
INTERNAL; 12; 15; 3; 5572; INTERNAL; 11; 14; 3; 5848
INTERNAL; 11; 14; 3; 5848; INTERNAL; 9; 13; 4; 1667
INTERNAL; 9; 13; 4; 1667; INTERNAL; 7; 12; 5; 2670
INTERNAL; 7; 12; 5; 2670; INTERNAL; 6; 10; 4; 3203
INTERNAL; 6; 10; 4; 3203; INTERNAL; 5; 9; 4; 1857
INTERNAL; 5; 9; 4; 1857; INTERNAL; 2; 6; 4; 5645
INTERNAL; 5; 9; 4; 1857; INTERNAL; 3; 6; 3; 4842
INTERNAL; 3; 6; 3; 4842; INPUT; 1; 5; 4; 2253
INTERNAL; 3; 6; 3; 4842; INPUT; 1; 5; 4; 3416
INTERNAL; 3; 6; 3; 4842; INTERNAL; 2; 5; 3; 3695
INTERNAL; 2; 5; 3; 3695; INPUT; 1; 4; 3; 1227
INTERNAL; 2; 5; 3; 3695; INPUT; 1; 4; 3; 3419
INTERNAL; 5; 9; 4; 1857; INTERNAL; 3; 8; 5; 4638
INTERNAL; 3; 8; 5; 4638; INTERNAL; 2; 6; 4; 1356
INTERNAL; 3; 8; 5; 4638; INTERNAL; 2; 7; 5; 5757
INTERNAL; 2; 7; 5; 5757; INPUT; 1; 5; 4; 1343
INTERNAL; 2; 7; 5; 5757; INPUT; 1; 5; 4; 936
INTERNAL; 2; 7; 5; 5757; INPUT; 1; 4; 3; 760
INTERNAL; 2; 7; 5; 5757; INPUT; 1; 4; 3; 1215
INTERNAL; 5; 9; 4; 1857; INTERNAL; 4; 8; 4; 2236
INTERNAL; 4; 8; 4; 2236; INTERNAL; 2; 7; 5; 5755
INTERNAL; 4; 8; 4; 2236; INTERNAL; 3; 7; 4; 4035
INTERNAL; 3; 7; 4; 4035; INTERNAL; 2; 5; 3; 3095
INTERNAL; 3; 7; 4; 4035; INTERNAL; 2; 4; 2; 5729
INTERNAL; 6; 10; 4; 3203; INTERNAL; 4; 9; 5; 897
INTERNAL; 4; 9; 5; 897; INTERNAL; 3; 8; 5; 2200
INTERNAL; 3; 8; 5; 2200; INTERNAL; 2; 7; 5; 795
INTERNAL; 3; 8; 5; 2200; INTERNAL; 2; 7; 5; 5802
INTERNAL; 2; 7; 5; 5802; INPUT; 1; 5; 4; 3389
INTERNAL; 2; 7; 5; 5802; INPUT; 1; 5; 4; 1902
INTERNAL; 2; 7; 5; 5802; INPUT; 1; 5; 4; 3391
INTERNAL; 2; 7; 5; 5802; INPUT; 1; 5; 4; 1713
INTERNAL; 3; 8; 5; 2200; INTERNAL; 2; 7; 5; 2556
INTERNAL; 2; 7; 5; 2556; INPUT; 1; 4; 3; 3090
INTERNAL; 2; 7; 5; 2556; INPUT; 1; 4; 3; 4262
INTERNAL; 2; 7; 5; 2556; INPUT; 1; 4; 3; 1447
INTERNAL; 4; 9; 5; 897; INTERNAL; 2; 5; 3; 2839
INTERNAL; 2; 5; 3; 2839; INPUT; 1; 4; 3; 2642
INTERNAL; 2; 5; 3; 2839; INPUT; 1; 4; 3; 2187
INTERNAL; 2; 5; 3; 2839; INPUT; 1; 4; 3; 4282
INTERNAL; 2; 5; 3; 2839; INPUT; 1; 4; 3; 2792
INTERNAL; 4; 9; 5; 897; INTERNAL; 2; 4; 2; 3755
INTERNAL; 2; 4; 2; 3755; INPUT; 1; 3; 2; 6117
INTERNAL; 2; 4; 2; 3755; INPUT; 1; 3; 2; 2530
INTERNAL; 2; 4; 2; 3755; INPUT; 1; 3; 2; 2826
INTERNAL; 2; 4; 2; 3755; INPUT; 1; 3; 2; 2828
INTERNAL; 4; 9; 5; 897; INTERNAL; 2; 8; 6; 2218
INTERNAL; 4; 9; 5; 897; INTERNAL; 3; 8; 5; 3451
INTERNAL; 3; 8; 5; 3451; INTERNAL; 2; 5; 3; 1459
INTERNAL; 3; 8; 5; 3451; INTERNAL; 2; 7; 5; 5758
INTERNAL; 2; 7; 5; 5758; INPUT; 1; 4; 3; 2479
INTERNAL; 6; 10; 4; 3203; INTERNAL; 5; 9; 4; 3677
INTERNAL; 5; 9; 4; 3677; INTERNAL; 4; 8; 4; 3835
INTERNAL; 4; 8; 4; 3835; INTERNAL; 2; 5; 3; 3761
INTERNAL; 4; 8; 4; 3835; INTERNAL; 2; 7; 5; 5754
INTERNAL; 2; 7; 5; 5754; INPUT; 1; 5; 4; 2349
INTERNAL; 2; 7; 5; 5754; INPUT; 1; 5; 4; 2073
INTERNAL; 2; 7; 5; 5754; INPUT; 1; 5; 4; 1940
INTERNAL; 2; 7; 5; 5754; INPUT; 1; 5; 4; 1169
INTERNAL; 5; 9; 4; 3677; INTERNAL; 3; 8; 5; 5753
INTERNAL; 3; 8; 5; 5753; INTERNAL; 2; 5; 3; 762
INTERNAL; 3; 8; 5; 5753; INPUT; 1; 4; 3; 2243
INTERNAL; 5; 9; 4; 3677; INTERNAL; 2; 3; 1; 2108
INTERNAL; 2; 3; 1; 2108; INPUT; 1; 2; 1; 2588
INTERNAL; 2; 3; 1; 2108; INPUT; 1; 2; 1; 3659
INTERNAL; 2; 3; 1; 2108; INPUT; 1; 2; 1; 2912
INTERNAL; 7; 12; 5; 2670; INTERNAL; 5; 10; 5; 5024
INTERNAL; 5; 10; 5; 5024; INTERNAL; 2; 9; 7; 1818
INTERNAL; 5; 10; 5; 5024; INTERNAL; 2; 9; 7; 4096
INTERNAL; 5; 10; 5; 5024; INTERNAL; 3; 9; 6; 5762
INTERNAL; 3; 9; 6; 5762; INTERNAL; 2; 8; 6; 5778
INTERNAL; 3; 9; 6; 5762; INTERNAL; 2; 5; 3; 1692
INTERNAL; 5; 10; 5; 5024; INTERNAL; 4; 9; 5; 5765
INTERNAL; 4; 9; 5; 5765; INTERNAL; 3; 8; 5; 5773
INTERNAL; 3; 8; 5; 5773; INTERNAL; 2; 7; 5; 5775
INTERNAL; 4; 9; 5; 5765; INTERNAL; 2; 5; 3; 5768
INTERNAL; 4; 9; 5; 5765; INTERNAL; 2; 8; 6; 2983
INTERNAL; 2; 8; 6; 2983; INPUT; 1; 4; 3; 926
INTERNAL; 2; 8; 6; 2983; INPUT; 1; 4; 3; 5138
INTERNAL; 2; 8; 6; 2983; INPUT; 1; 4; 3; 2442
INTERNAL; 2; 8; 6; 2983; INPUT; 1; 4; 3; 3663
INTERNAL; 4; 9; 5; 5765; INTERNAL; 2; 7; 5; 4844
INTERNAL; 2; 7; 5; 4844; INPUT; 1; 5; 4; 1139
INTERNAL; 2; 7; 5; 4844; INPUT; 1; 5; 4; 1137
INTERNAL; 2; 7; 5; 4844; INPUT; 1; 5; 4; 2060
INTERNAL; 5; 10; 5; 5024; INTERNAL; 2; 9; 7; 5071
INTERNAL; 7; 12; 5; 2670; INTERNAL; 4; 9; 5; 4226
INTERNAL; 4; 9; 5; 4226; INTERNAL; 3; 6; 3; 3198
INTERNAL; 4; 9; 5; 4226; INPUT; 1; 5; 4; 5703
INTERNAL; 4; 9; 5; 4226; INTERNAL; 2; 6; 4; 2097
INTERNAL; 4; 9; 5; 4226; INPUT; 1; 5; 4; 2242
INTERNAL; 4; 9; 5; 4226; INTERNAL; 2; 7; 5; 4857
INTERNAL; 2; 7; 5; 4857; INPUT; 1; 3; 2; 5661
INTERNAL; 2; 7; 5; 4857; INPUT; 1; 3; 2; 1155
INTERNAL; 2; 7; 5; 4857; INPUT; 1; 3; 2; 2710
INTERNAL; 2; 7; 5; 4857; INPUT; 1; 3; 2; 5662
INTERNAL; 9; 13; 4; 1667; INTERNAL; 8; 12; 4; 5308
INTERNAL; 8; 12; 4; 5308; INPUT; 1; 5; 4; 3044
INTERNAL; 8; 12; 4; 5308; INTERNAL; 5; 10; 5; 5687
INTERNAL; 5; 10; 5; 5687; INTERNAL; 3; 9; 6; 5744
INTERNAL; 3; 9; 6; 5744; INTERNAL; 2; 6; 4; 4764
INTERNAL; 2; 6; 4; 4764; INPUT; 1; 5; 4; 1096
INTERNAL; 2; 6; 4; 4764; INPUT; 1; 5; 4; 4302
INTERNAL; 2; 6; 4; 4764; INPUT; 1; 5; 4; 4303
INTERNAL; 2; 6; 4; 4764; INPUT; 1; 5; 4; 4300
INTERNAL; 3; 9; 6; 5744; INPUT; 1; 2; 1; 1733
INTERNAL; 3; 9; 6; 5744; INPUT; 1; 2; 1; 2111
INTERNAL; 3; 9; 6; 5744; INTERNAL; 2; 8; 6; 4668
INTERNAL; 3; 9; 6; 5744; INTERNAL; 2; 8; 6; 4251
INTERNAL; 3; 9; 6; 5744; INPUT; 1; 2; 1; 2980
INTERNAL; 5; 10; 5; 5687; INTERNAL; 3; 9; 6; 5743
INTERNAL; 5; 10; 5; 5687; INTERNAL; 2; 8; 6; 2538
INTERNAL; 2; 8; 6; 2538; INPUT; 1; 4; 3; 2544
INTERNAL; 2; 8; 6; 2538; INPUT; 1; 4; 3; 2613
INTERNAL; 2; 8; 6; 2538; INPUT; 1; 4; 3; 2758
INTERNAL; 5; 10; 5; 5687; INTERNAL; 4; 9; 5; 5694
INTERNAL; 4; 9; 5; 5694; INTERNAL; 3; 8; 5; 4382
INTERNAL; 3; 8; 5; 4382; INTERNAL; 2; 6; 4; 4973
INTERNAL; 2; 6; 4; 4973; INPUT; 1; 5; 4; 3261
INTERNAL; 2; 6; 4; 4973; INPUT; 1; 5; 4; 4022
INTERNAL; 2; 6; 4; 4973; INPUT; 1; 5; 4; 4018
INTERNAL; 2; 6; 4; 4973; INPUT; 1; 5; 4; 4512
INTERNAL; 4; 9; 5; 5694; INTERNAL; 2; 8; 6; 5253
INTERNAL; 4; 9; 5; 5694; INTERNAL; 2; 8; 6; 5745
INTERNAL; 4; 9; 5; 5694; INTERNAL; 2; 6; 4; 5730
INTERNAL; 8; 12; 4; 5308; INPUT; 1; 5; 4; 3494
INTERNAL; 8; 12; 4; 5308; INTERNAL; 7; 10; 3; 4931
INTERNAL; 7; 10; 3; 4931; INTERNAL; 6; 9; 3; 4112
INTERNAL; 6; 9; 3; 4112; INTERNAL; 4; 8; 4; 5690
INTERNAL; 4; 8; 4; 5690; INTERNAL; 3; 7; 4; 5715
INTERNAL; 3; 7; 4; 5715; INTERNAL; 2; 6; 4; 3437
INTERNAL; 2; 6; 4; 3437; INPUT; 1; 5; 4; 855
INTERNAL; 4; 8; 4; 5690; INTERNAL; 3; 7; 4; 5716
INTERNAL; 3; 7; 4; 5716; INTERNAL; 2; 6; 4; 5010
INTERNAL; 3; 7; 4; 5716; INTERNAL; 2; 6; 4; 5483
INTERNAL; 3; 7; 4; 5716; INTERNAL; 2; 6; 4; 4062
INTERNAL; 4; 8; 4; 5690; INTERNAL; 2; 7; 5; 5717
INTERNAL; 2; 7; 5; 5717; INPUT; 1; 6; 5; 3267
INTERNAL; 2; 7; 5; 5717; INPUT; 1; 5; 4; 2173
INTERNAL; 2; 7; 5; 5717; INPUT; 1; 5; 4; 3118
INTERNAL; 2; 7; 5; 5717; INPUT; 1; 5; 4; 1181
INTERNAL; 4; 8; 4; 5690; INTERNAL; 2; 5; 3; 3062
INTERNAL; 6; 9; 3; 4112; INTERNAL; 5; 8; 3; 5688
INTERNAL; 5; 8; 3; 5688; INTERNAL; 3; 7; 4; 5691
INTERNAL; 3; 7; 4; 5691; INTERNAL; 2; 6; 4; 5699
INTERNAL; 3; 7; 4; 5691; INTERNAL; 2; 4; 2; 3591
INTERNAL; 5; 8; 3; 5688; INTERNAL; 3; 7; 4; 3444
INTERNAL; 3; 7; 4; 3444; INPUT; 1; 2; 1; 4362
INTERNAL; 3; 7; 4; 3444; INTERNAL; 2; 6; 4; 2331
INTERNAL; 2; 6; 4; 2331; INPUT; 1; 5; 4; 2585
INTERNAL; 2; 6; 4; 2331; INPUT; 1; 5; 4; 2307
INTERNAL; 2; 6; 4; 2331; INPUT; 1; 5; 4; 2335
INTERNAL; 3; 7; 4; 3444; INPUT; 1; 2; 1; 1997
INTERNAL; 3; 7; 4; 3444; INPUT; 1; 3; 2; 2006
INTERNAL; 3; 7; 4; 3444; INTERNAL; 2; 6; 4; 967
INTERNAL; 5; 8; 3; 5688; INTERNAL; 3; 7; 4; 5693
INTERNAL; 3; 7; 4; 5693; INTERNAL; 2; 6; 4; 5695
INTERNAL; 3; 7; 4; 5693; INTERNAL; 2; 6; 4; 2059
INTERNAL; 3; 7; 4; 5693; INTERNAL; 2; 6; 4; 5698
INTERNAL; 2; 6; 4; 5698; INPUT; 1; 4; 3; 3929
INTERNAL; 2; 6; 4; 5698; INPUT; 1; 4; 3; 3931
INTERNAL; 2; 6; 4; 5698; INPUT; 1; 4; 3; 4415
INTERNAL; 5; 8; 3; 5688; INTERNAL; 4; 7; 3; 5663
INTERNAL; 5; 8; 3; 5688; INTERNAL; 2; 7; 5; 3925
INTERNAL; 2; 7; 5; 3925; INPUT; 1; 6; 5; 2725
INTERNAL; 2; 7; 5; 3925; INPUT; 1; 5; 4; 4595
INTERNAL; 2; 7; 5; 3925; INPUT; 1; 5; 4; 1057
INTERNAL; 2; 7; 5; 3925; INPUT; 1; 5; 4; 1514
INTERNAL; 6; 9; 3; 4112; INTERNAL; 5; 8; 3; 5689
INTERNAL; 5; 8; 3; 5689; INTERNAL; 3; 7; 4; 5346
INTERNAL; 3; 7; 4; 5346; INTERNAL; 2; 6; 4; 1400
INTERNAL; 3; 7; 4; 5346; INTERNAL; 2; 4; 2; 1504
INTERNAL; 5; 8; 3; 5689; INTERNAL; 4; 7; 3; 5702
INTERNAL; 4; 7; 3; 5702; INTERNAL; 3; 6; 3; 5709
INTERNAL; 3; 6; 3; 5709; INTERNAL; 2; 5; 3; 5712
INTERNAL; 3; 6; 3; 5709; INTERNAL; 2; 5; 3; 5711
INTERNAL; 2; 5; 3; 5711; INPUT; 1; 4; 3; 3973
INTERNAL; 2; 5; 3; 5711; INPUT; 1; 3; 2; 1870
INTERNAL; 2; 5; 3; 5711; INPUT; 1; 4; 3; 3587
INTERNAL; 2; 5; 3; 5711; INPUT; 1; 3; 2; 2325
INTERNAL; 4; 7; 3; 5702; INTERNAL; 3; 6; 3; 5706
INTERNAL; 3; 6; 3; 5706; INTERNAL; 2; 4; 2; 5746
INTERNAL; 5; 8; 3; 5689; INTERNAL; 3; 7; 4; 3805
INTERNAL; 3; 7; 4; 3805; INTERNAL; 2; 5; 3; 4916
INTERNAL; 7; 10; 3; 4931; INTERNAL; 6; 9; 3; 6110
INTERNAL; 6; 9; 3; 6110; INTERNAL; 5; 8; 3; 5718
INTERNAL; 5; 8; 3; 5718; INTERNAL; 3; 7; 4; 2865
INTERNAL; 3; 7; 4; 2865; INTERNAL; 2; 6; 4; 5153
INTERNAL; 2; 6; 4; 5153; INPUT; 1; 4; 3; 2216
INTERNAL; 2; 6; 4; 5153; INPUT; 1; 4; 3; 3644
INTERNAL; 2; 6; 4; 5153; INPUT; 1; 4; 3; 2115
INTERNAL; 2; 6; 4; 5153; INPUT; 1; 4; 3; 4200
INTERNAL; 5; 8; 3; 5718; INTERNAL; 4; 7; 3; 5721
INTERNAL; 4; 7; 3; 5721; INTERNAL; 3; 6; 3; 5112
INTERNAL; 3; 6; 3; 5112; INTERNAL; 2; 5; 3; 4272
INTERNAL; 4; 7; 3; 5721; INTERNAL; 3; 6; 3; 1799
INTERNAL; 3; 6; 3; 1799; INTERNAL; 2; 5; 3; 4815
INTERNAL; 2; 5; 3; 4815; INPUT; 1; 4; 3; 3996
INTERNAL; 2; 5; 3; 4815; INPUT; 1; 4; 3; 3993
INTERNAL; 2; 5; 3; 4815; INPUT; 1; 4; 3; 1009
INTERNAL; 2; 5; 3; 4815; INPUT; 1; 4; 3; 3995
INTERNAL; 3; 6; 3; 1799; INPUT; 1; 3; 2; 2183
INTERNAL; 3; 6; 3; 1799; INPUT; 1; 3; 2; 2265
INTERNAL; 3; 6; 3; 1799; INPUT; 1; 3; 2; 2971
INTERNAL; 3; 6; 3; 1799; INPUT; 1; 3; 2; 2592
INTERNAL; 3; 6; 3; 1799; INTERNAL; 2; 5; 3; 1267
INTERNAL; 5; 8; 3; 5718; INTERNAL; 3; 7; 4; 3320
INTERNAL; 3; 7; 4; 3320; INPUT; 1; 4; 3; 3474
INTERNAL; 3; 7; 4; 3320; INPUT; 1; 4; 3; 5685
INTERNAL; 3; 7; 4; 3320; INTERNAL; 2; 6; 4; 2374
INTERNAL; 3; 7; 4; 3320; INPUT; 1; 4; 3; 2409
INTERNAL; 3; 7; 4; 3320; INTERNAL; 2; 6; 4; 5732
INTERNAL; 6; 9; 3; 6110; INTERNAL; 5; 8; 3; 4827
INTERNAL; 5; 8; 3; 4827; INTERNAL; 4; 7; 3; 5737
INTERNAL; 4; 7; 3; 5737; INPUT; 1; 4; 3; 3838
INTERNAL; 4; 7; 3; 5737; INPUT; 1; 4; 3; 5348
INTERNAL; 4; 7; 3; 5737; INTERNAL; 3; 6; 3; 4780
INTERNAL; 3; 6; 3; 4780; INTERNAL; 2; 3; 1; 2935
INTERNAL; 5; 8; 3; 4827; INTERNAL; 2; 7; 5; 3169
INTERNAL; 5; 8; 3; 4827; INTERNAL; 2; 7; 5; 3065
INTERNAL; 5; 8; 3; 4827; INTERNAL; 4; 7; 3; 5740
INTERNAL; 4; 7; 3; 5740; INTERNAL; 2; 6; 4; 3113
INTERNAL; 4; 7; 3; 5740; INTERNAL; 3; 6; 3; 5742
INTERNAL; 3; 6; 3; 5742; INTERNAL; 2; 5; 3; 5607
INTERNAL; 2; 5; 3; 5607; INPUT; 1; 4; 3; 950
INTERNAL; 2; 5; 3; 5607; INPUT; 1; 4; 3; 1693
INTERNAL; 2; 5; 3; 5607; INPUT; 1; 4; 3; 2234
INTERNAL; 4; 7; 3; 5740; INTERNAL; 2; 6; 4; 1617
INTERNAL; 2; 6; 4; 1617; INPUT; 1; 5; 4; 4429
INTERNAL; 2; 6; 4; 1617; INPUT; 1; 5; 4; 4428
INTERNAL; 2; 6; 4; 1617; INPUT; 1; 5; 4; 4427
INTERNAL; 2; 6; 4; 1617; INPUT; 1; 5; 4; 5299
INTERNAL; 5; 8; 3; 4827; INTERNAL; 2; 7; 5; 2920
INTERNAL; 2; 7; 5; 2920; INPUT; 1; 6; 5; 4102
INTERNAL; 6; 9; 3; 6110; INTERNAL; 5; 8; 3; 3484
INTERNAL; 5; 8; 3; 3484; INTERNAL; 4; 7; 3; 4983
INTERNAL; 4; 7; 3; 4983; INTERNAL; 3; 6; 3; 5734
INTERNAL; 3; 6; 3; 5734; INTERNAL; 2; 4; 2; 2503
INTERNAL; 2; 4; 2; 2503; INPUT; 1; 3; 2; 948
INTERNAL; 3; 6; 3; 5734; INTERNAL; 2; 4; 2; 2367
INTERNAL; 2; 4; 2; 2367; INPUT; 1; 3; 2; 2291
INTERNAL; 2; 4; 2; 2367; INPUT; 1; 3; 2; 1907
INTERNAL; 2; 4; 2; 2367; INPUT; 1; 3; 2; 1522
INTERNAL; 2; 4; 2; 2367; INPUT; 1; 3; 2; 3539
INTERNAL; 4; 7; 3; 4983; INTERNAL; 2; 6; 4; 4255
INTERNAL; 4; 7; 3; 4983; INTERNAL; 2; 5; 3; 2644
INTERNAL; 5; 8; 3; 3484; INTERNAL; 4; 7; 3; 3716
INTERNAL; 4; 7; 3; 3716; INTERNAL; 2; 6; 4; 4880
INTERNAL; 2; 6; 4; 4880; INPUT; 1; 4; 3; 2090
INTERNAL; 2; 6; 4; 4880; INPUT; 1; 4; 3; 1624
INTERNAL; 4; 7; 3; 3716; INTERNAL; 2; 6; 4; 2458
INTERNAL; 2; 6; 4; 2458; INPUT; 1; 4; 3; 3376
INTERNAL; 2; 6; 4; 2458; INPUT; 1; 4; 3; 3868
INTERNAL; 2; 6; 4; 2458; INPUT; 1; 5; 4; 5162
INTERNAL; 2; 6; 4; 2458; INPUT; 1; 4; 3; 1178
INTERNAL; 2; 6; 4; 2458; INPUT; 1; 5; 4; 3793
INTERNAL; 2; 6; 4; 2458; INPUT; 1; 4; 3; 1850
INTERNAL; 4; 7; 3; 3716; INPUT; 1; 4; 3; 1644
INTERNAL; 9; 13; 4; 1667; INTERNAL; 7; 12; 5; 5888
INTERNAL; 7; 12; 5; 5888; INTERNAL; 6; 11; 5; 2604
INTERNAL; 7; 12; 5; 5888; INTERNAL; 6; 11; 5; 4955
INTERNAL; 7; 12; 5; 5888; INTERNAL; 5; 11; 6; 4091
INTERNAL; 5; 11; 6; 4091; INTERNAL; 4; 10; 6; 5889
INTERNAL; 4; 10; 6; 5889; INPUT; 1; 4; 3; 3557
INTERNAL; 4; 10; 6; 5889; INTERNAL; 3; 9; 6; 5890
INTERNAL; 3; 9; 6; 5890; INPUT; 1; 8; 7; 4392
INTERNAL; 3; 9; 6; 5890; INPUT; 1; 5; 4; 3324
INTERNAL; 3; 9; 6; 5890; INPUT; 1; 5; 4; 1349
INTERNAL; 3; 9; 6; 5890; INPUT; 1; 5; 4; 3284
INTERNAL; 5; 11; 6; 4091; INTERNAL; 3; 10; 7; 4243
INTERNAL; 11; 14; 3; 5848; INTERNAL; 10; 13; 3; 5851
INTERNAL; 10; 13; 3; 5851; INTERNAL; 9; 11; 2; 5592
INTERNAL; 9; 11; 2; 5592; INTERNAL; 7; 10; 3; 5595
INTERNAL; 7; 10; 3; 5595; INTERNAL; 6; 9; 3; 2143
INTERNAL; 6; 9; 3; 2143; INTERNAL; 4; 8; 4; 5669
INTERNAL; 4; 8; 4; 5669; INTERNAL; 3; 7; 4; 5679
INTERNAL; 3; 7; 4; 5679; INTERNAL; 2; 6; 4; 5683
INTERNAL; 2; 6; 4; 5683; INPUT; 1; 2; 1; 1025
INTERNAL; 4; 8; 4; 5669; INTERNAL; 3; 7; 4; 5682
INTERNAL; 3; 7; 4; 5682; INTERNAL; 2; 5; 3; 1154
INTERNAL; 2; 5; 3; 1154; INPUT; 1; 4; 3; 1534
INTERNAL; 2; 5; 3; 1154; INPUT; 1; 4; 3; 1976
INTERNAL; 2; 5; 3; 1154; INPUT; 1; 4; 3; 3027
INTERNAL; 2; 5; 3; 1154; INPUT; 1; 4; 3; 1202
INTERNAL; 3; 7; 4; 5682; INTERNAL; 2; 6; 4; 1728
INTERNAL; 2; 6; 4; 1728; INPUT; 1; 5; 4; 3709
INTERNAL; 3; 7; 4; 5682; INTERNAL; 2; 6; 4; 4532
INTERNAL; 2; 6; 4; 4532; INPUT; 1; 5; 4; 3420
INTERNAL; 2; 6; 4; 4532; INPUT; 1; 5; 4; 3699
INTERNAL; 2; 6; 4; 4532; INPUT; 1; 5; 4; 3235
INTERNAL; 2; 6; 4; 4532; INPUT; 1; 5; 4; 3697
INTERNAL; 3; 7; 4; 5682; INTERNAL; 2; 6; 4; 5865
INTERNAL; 2; 6; 4; 5865; INPUT; 1; 5; 4; 1410
INTERNAL; 2; 6; 4; 5865; INPUT; 1; 5; 4; 2907
INTERNAL; 2; 6; 4; 5865; INPUT; 1; 5; 4; 1412
INTERNAL; 2; 6; 4; 5865; INPUT; 1; 5; 4; 3395
INTERNAL; 4; 8; 4; 5669; INTERNAL; 2; 6; 4; 2000
INTERNAL; 4; 8; 4; 5669; INTERNAL; 2; 6; 4; 1180
INTERNAL; 6; 9; 3; 2143; INTERNAL; 5; 8; 3; 5667
INTERNAL; 5; 8; 3; 5667; INTERNAL; 2; 7; 5; 4816
INTERNAL; 2; 7; 5; 4816; INPUT; 1; 4; 3; 5352
INTERNAL; 2; 7; 5; 4816; INPUT; 1; 4; 3; 1288
INTERNAL; 5; 8; 3; 5667; INTERNAL; 2; 6; 4; 5670
INTERNAL; 5; 8; 3; 5667; INTERNAL; 3; 4; 1; 1654
INTERNAL; 5; 8; 3; 5667; INTERNAL; 4; 7; 3; 5525
INTERNAL; 4; 7; 3; 5525; INTERNAL; 2; 6; 4; 1948
INTERNAL; 4; 7; 3; 5525; INTERNAL; 2; 4; 2; 2625
INTERNAL; 2; 4; 2; 2625; INPUT; 1; 3; 2; 1966
INTERNAL; 2; 4; 2; 2625; INPUT; 1; 3; 2; 3612
INTERNAL; 2; 4; 2; 2625; INPUT; 1; 3; 2; 2252
INTERNAL; 2; 4; 2; 2625; INPUT; 1; 3; 2; 2094
INTERNAL; 4; 7; 3; 5525; INTERNAL; 2; 6; 4; 2893
INTERNAL; 2; 6; 4; 2893; INPUT; 1; 5; 4; 5263
INTERNAL; 2; 6; 4; 2893; INPUT; 1; 5; 4; 5677
INTERNAL; 2; 6; 4; 2893; INPUT; 1; 5; 4; 4208
INTERNAL; 2; 6; 4; 2893; INPUT; 1; 5; 4; 5261
INTERNAL; 5; 8; 3; 5667; INTERNAL; 3; 7; 4; 5673
INTERNAL; 7; 10; 3; 5595; INTERNAL; 6; 9; 3; 5632
INTERNAL; 6; 9; 3; 5632; INTERNAL; 4; 8; 4; 4544
INTERNAL; 4; 8; 4; 4544; INTERNAL; 3; 7; 4; 5658
INTERNAL; 3; 7; 4; 5658; INTERNAL; 2; 6; 4; 5660
INTERNAL; 2; 6; 4; 5660; INPUT; 1; 4; 3; 1651
INTERNAL; 2; 6; 4; 5660; INPUT; 1; 4; 3; 2785
INTERNAL; 2; 6; 4; 5660; INPUT; 1; 4; 3; 3081
INTERNAL; 2; 6; 4; 5660; INPUT; 1; 5; 4; 2048
INTERNAL; 3; 7; 4; 5658; INTERNAL; 2; 6; 4; 2482
INTERNAL; 4; 8; 4; 4544; INTERNAL; 3; 7; 4; 5656
INTERNAL; 3; 7; 4; 5656; INTERNAL; 2; 6; 4; 1757
INTERNAL; 2; 6; 4; 1757; INPUT; 1; 5; 4; 3366
INTERNAL; 2; 6; 4; 1757; INPUT; 1; 5; 4; 4785
INTERNAL; 2; 6; 4; 1757; INPUT; 1; 5; 4; 3465
INTERNAL; 2; 6; 4; 1757; INPUT; 1; 5; 4; 2342
INTERNAL; 3; 7; 4; 5656; INTERNAL; 2; 6; 4; 1075
INTERNAL; 2; 6; 4; 1075; INPUT; 1; 5; 4; 1912
INTERNAL; 2; 6; 4; 1075; INPUT; 1; 5; 4; 5665
INTERNAL; 2; 6; 4; 1075; INPUT; 1; 5; 4; 3167
INTERNAL; 2; 6; 4; 1075; INPUT; 1; 5; 4; 3757
INTERNAL; 3; 7; 4; 5656; INTERNAL; 2; 6; 4; 5664
INTERNAL; 3; 7; 4; 5656; INTERNAL; 2; 6; 4; 5000
INTERNAL; 4; 8; 4; 4544; INTERNAL; 3; 7; 4; 3881
INTERNAL; 3; 7; 4; 3881; INTERNAL; 2; 4; 2; 5170
INTERNAL; 3; 7; 4; 3881; INTERNAL; 2; 4; 2; 3658
INTERNAL; 2; 4; 2; 3658; INPUT; 1; 3; 2; 3653
INTERNAL; 2; 4; 2; 3658; INPUT; 1; 3; 2; 2842
INTERNAL; 2; 4; 2; 3658; INPUT; 1; 3; 2; 2440
INTERNAL; 6; 9; 3; 5632; INTERNAL; 5; 8; 3; 769
INTERNAL; 5; 8; 3; 769; INTERNAL; 2; 6; 4; 4154
INTERNAL; 2; 6; 4; 4154; INPUT; 1; 3; 2; 1333
INTERNAL; 5; 8; 3; 769; INTERNAL; 2; 5; 3; 5094
INTERNAL; 2; 5; 3; 5094; INPUT; 1; 4; 3; 3641
INTERNAL; 2; 5; 3; 5094; INPUT; 1; 4; 3; 5641
INTERNAL; 2; 5; 3; 5094; INPUT; 1; 4; 3; 5643
INTERNAL; 2; 5; 3; 5094; INPUT; 1; 4; 3; 5644
INTERNAL; 5; 8; 3; 769; INTERNAL; 4; 7; 3; 5636
INTERNAL; 4; 7; 3; 5636; INTERNAL; 3; 6; 3; 5940
INTERNAL; 4; 7; 3; 5636; INTERNAL; 2; 6; 4; 5637
INTERNAL; 4; 7; 3; 5636; INTERNAL; 2; 6; 4; 4657
INTERNAL; 5; 8; 3; 769; INTERNAL; 2; 6; 4; 5994
INTERNAL; 5; 8; 3; 769; INTERNAL; 3; 7; 4; 5634
INTERNAL; 3; 7; 4; 5634; INPUT; 1; 6; 5; 3117
INTERNAL; 3; 7; 4; 5634; INPUT; 1; 5; 4; 2328
INTERNAL; 6; 9; 3; 5632; INTERNAL; 5; 8; 3; 2869
INTERNAL; 5; 8; 3; 2869; INTERNAL; 2; 7; 5; 4127
INTERNAL; 5; 8; 3; 2869; INTERNAL; 2; 7; 5; 5646
INTERNAL; 5; 8; 3; 2869; INTERNAL; 4; 7; 3; 2470
INTERNAL; 4; 7; 3; 2470; INTERNAL; 3; 6; 3; 1091
INTERNAL; 3; 6; 3; 1091; INTERNAL; 2; 5; 3; 5654
INTERNAL; 3; 6; 3; 1091; INPUT; 1; 4; 3; 5535
INTERNAL; 5; 8; 3; 2869; INTERNAL; 2; 7; 5; 5649
INTERNAL; 5; 8; 3; 2869; INTERNAL; 2; 7; 5; 5648
INTERNAL; 2; 7; 5; 5648; INPUT; 1; 6; 5; 3506
INTERNAL; 2; 7; 5; 5648; INPUT; 1; 6; 5; 3511
INTERNAL; 2; 7; 5; 5648; INPUT; 1; 6; 5; 2552
INTERNAL; 2; 7; 5; 5648; INPUT; 1; 6; 5; 3018
INTERNAL; 7; 10; 3; 5595; INTERNAL; 3; 9; 6; 5574
INTERNAL; 9; 11; 2; 5592; INTERNAL; 5; 10; 5; 5599
INTERNAL; 5; 10; 5; 5599; INTERNAL; 2; 8; 6; 4424
INTERNAL; 2; 8; 6; 4424; INPUT; 1; 4; 3; 3001
INTERNAL; 2; 8; 6; 4424; INPUT; 1; 4; 3; 3180
INTERNAL; 2; 8; 6; 4424; INPUT; 1; 4; 3; 996
INTERNAL; 5; 10; 5; 5599; INTERNAL; 4; 9; 5; 2896
INTERNAL; 4; 9; 5; 2896; INTERNAL; 3; 8; 5; 3624
INTERNAL; 3; 8; 5; 3624; INTERNAL; 2; 6; 4; 801
INTERNAL; 4; 9; 5; 2896; INTERNAL; 2; 8; 6; 4708
INTERNAL; 2; 8; 6; 4708; INPUT; 1; 4; 3; 2977
INTERNAL; 2; 8; 6; 4708; INPUT; 1; 4; 3; 3989
INTERNAL; 2; 8; 6; 4708; INPUT; 1; 4; 3; 3986
INTERNAL; 4; 9; 5; 2896; INTERNAL; 2; 8; 6; 6045
INTERNAL; 4; 9; 5; 2896; INTERNAL; 2; 8; 6; 1100
INTERNAL; 9; 11; 2; 5592; INTERNAL; 8; 10; 2; 1741
INTERNAL; 8; 10; 2; 1741; INTERNAL; 7; 9; 2; 5509
INTERNAL; 7; 9; 2; 5509; INTERNAL; 5; 8; 3; 2175
INTERNAL; 5; 8; 3; 2175; INTERNAL; 2; 7; 5; 4095
INTERNAL; 5; 8; 3; 2175; INTERNAL; 3; 7; 4; 5612
INTERNAL; 3; 7; 4; 5612; INTERNAL; 2; 6; 4; 5616
INTERNAL; 3; 7; 4; 5612; INTERNAL; 2; 6; 4; 4575
INTERNAL; 3; 7; 4; 5612; INTERNAL; 2; 6; 4; 2379
INTERNAL; 5; 8; 3; 2175; INTERNAL; 4; 7; 3; 5614
INTERNAL; 4; 7; 3; 5614; INPUT; 1; 5; 4; 4219
INTERNAL; 4; 7; 3; 5614; INTERNAL; 3; 6; 3; 3818
INTERNAL; 4; 7; 3; 5614; INTERNAL; 2; 5; 3; 3726
INTERNAL; 2; 5; 3; 3726; INPUT; 1; 4; 3; 3134
INTERNAL; 2; 5; 3; 3726; INPUT; 1; 4; 3; 4070
INTERNAL; 4; 7; 3; 5614; INTERNAL; 2; 6; 4; 4115
INTERNAL; 4; 7; 3; 5614; INTERNAL; 3; 6; 3; 2274
INTERNAL; 5; 8; 3; 2175; INTERNAL; 2; 7; 5; 2096
INTERNAL; 7; 9; 2; 5509; INTERNAL; 4; 8; 4; 5602
INTERNAL; 4; 8; 4; 5602; INTERNAL; 3; 7; 4; 1999
INTERNAL; 3; 7; 4; 1999; INPUT; 1; 6; 5; 5621
INTERNAL; 3; 7; 4; 1999; INPUT; 1; 6; 5; 5623
INTERNAL; 3; 7; 4; 1999; INTERNAL; 2; 6; 4; 1086
INTERNAL; 3; 7; 4; 1999; INPUT; 1; 6; 5; 3248
INTERNAL; 3; 7; 4; 1999; INPUT; 1; 6; 5; 4124
INTERNAL; 4; 8; 4; 5602; INTERNAL; 2; 7; 5; 2264
INTERNAL; 4; 8; 4; 5602; INTERNAL; 3; 7; 4; 4408
INTERNAL; 3; 7; 4; 4408; INTERNAL; 2; 6; 4; 2776
INTERNAL; 3; 7; 4; 4408; INPUT; 1; 5; 4; 2643
INTERNAL; 3; 7; 4; 4408; INPUT; 1; 5; 4; 4527
INTERNAL; 3; 7; 4; 4408; INPUT; 1; 5; 4; 5617
INTERNAL; 4; 8; 4; 5602; INTERNAL; 3; 7; 4; 1917
INTERNAL; 3; 7; 4; 1917; INTERNAL; 2; 6; 4; 2813
INTERNAL; 3; 7; 4; 1917; INTERNAL; 2; 6; 4; 5564
INTERNAL; 2; 6; 4; 5564; INPUT; 1; 5; 4; 3559
INTERNAL; 3; 7; 4; 1917; INTERNAL; 2; 6; 4; 2266
INTERNAL; 2; 6; 4; 2266; INPUT; 1; 4; 3; 5274
INTERNAL; 2; 6; 4; 2266; INPUT; 1; 4; 3; 880
INTERNAL; 2; 6; 4; 2266; INPUT; 1; 4; 3; 1109
INTERNAL; 2; 6; 4; 2266; INPUT; 1; 4; 3; 5491
INTERNAL; 4; 8; 4; 5602; INTERNAL; 3; 7; 4; 5537
INTERNAL; 7; 9; 2; 5509; INTERNAL; 6; 8; 2; 5601
INTERNAL; 6; 8; 2; 5601; INTERNAL; 2; 6; 4; 1342
INTERNAL; 6; 8; 2; 5601; INTERNAL; 2; 6; 4; 4310
INTERNAL; 2; 6; 4; 4310; INPUT; 1; 5; 4; 4039
INTERNAL; 6; 8; 2; 5601; INTERNAL; 3; 7; 4; 4281
INTERNAL; 3; 7; 4; 4281; INTERNAL; 2; 6; 4; 5611
INTERNAL; 6; 8; 2; 5601; INTERNAL; 5; 7; 2; 5606
INTERNAL; 5; 7; 2; 5606; INTERNAL; 2; 2; 0; 6137
INTERNAL; 5; 7; 2; 5606; INTERNAL; 2; 6; 4; 5610
INTERNAL; 5; 7; 2; 5606; INTERNAL; 4; 6; 2; 5955
INTERNAL; 4; 6; 2; 5955; INPUT; 1; 5; 4; 3544
INTERNAL; 6; 8; 2; 5601; INTERNAL; 2; 7; 5; 5604
INTERNAL; 8; 10; 2; 1741; INTERNAL; 5; 9; 4; 5600
INTERNAL; 5; 9; 4; 5600; INTERNAL; 3; 5; 2; 1963
INTERNAL; 5; 9; 4; 5600; INTERNAL; 3; 8; 5; 5626
INTERNAL; 3; 8; 5; 5626; INTERNAL; 2; 6; 4; 3409
INTERNAL; 5; 9; 4; 5600; INTERNAL; 3; 8; 5; 5628
INTERNAL; 3; 8; 5; 5628; INTERNAL; 2; 6; 4; 4237
INTERNAL; 2; 6; 4; 4237; INPUT; 1; 5; 4; 826
INTERNAL; 5; 9; 4; 5600; INTERNAL; 4; 8; 4; 2602
INTERNAL; 4; 8; 4; 2602; INTERNAL; 2; 4; 2; 5410
INTERNAL; 4; 8; 4; 2602; INTERNAL; 3; 7; 4; 5629
INTERNAL; 3; 7; 4; 5629; INPUT; 1; 5; 4; 4322
INTERNAL; 3; 7; 4; 5629; INPUT; 1; 5; 4; 4320
INTERNAL; 3; 7; 4; 5629; INPUT; 1; 5; 4; 4713
INTERNAL; 4; 8; 4; 2602; INTERNAL; 3; 5; 2; 4584
INTERNAL; 10; 13; 3; 5851; INTERNAL; 4; 11; 7; 5593
INTERNAL; 4; 11; 7; 5593; INTERNAL; 2; 5; 3; 1419
INTERNAL; 4; 11; 7; 5593; INTERNAL; 3; 10; 7; 5747
INTERNAL; 3; 10; 7; 5747; INTERNAL; 2; 6; 4; 5586
INTERNAL; 4; 11; 7; 5593; INTERNAL; 3; 10; 7; 3841
INTERNAL; 3; 10; 7; 3841; INTERNAL; 2; 5; 3; 1657
INTERNAL; 3; 10; 7; 3841; INTERNAL; 2; 8; 6; 3822
INTERNAL; 4; 11; 7; 5593; INTERNAL; 3; 10; 7; 5749
INTERNAL; 3; 10; 7; 5749; INTERNAL; 2; 4; 2; 2677
INTERNAL; 2; 4; 2; 2677; INPUT; 1; 3; 2; 3548
INTERNAL; 2; 4; 2; 2677; INPUT; 1; 3; 2; 5403
INTERNAL; 2; 4; 2; 2677; INPUT; 1; 3; 2; 2387
INTERNAL; 2; 4; 2; 2677; INPUT; 1; 3; 2; 3734
INTERNAL; 3; 10; 7; 5749; INTERNAL; 2; 9; 7; 2961
INTERNAL; 2; 9; 7; 2961; INPUT; 1; 4; 3; 3546
INTERNAL; 2; 9; 7; 2961; INPUT; 1; 4; 3; 4834
INTERNAL; 2; 9; 7; 2961; INPUT; 1; 4; 3; 1867
INTERNAL; 4; 11; 7; 5593; INTERNAL; 3; 10; 7; 1873
INTERNAL; 3; 10; 7; 1873; INTERNAL; 2; 9; 7; 1569
INTERNAL; 2; 9; 7; 1569; INPUT; 1; 8; 7; 1087
INTERNAL; 2; 9; 7; 1569; INPUT; 1; 5; 4; 5751
INTERNAL; 2; 9; 7; 1569; INPUT; 1; 5; 4; 5750
INTERNAL; 2; 9; 7; 1569; INPUT; 1; 5; 4; 2985
INTERNAL; 10; 13; 3; 5851; INTERNAL; 8; 11; 3; 2282
INTERNAL; 11; 14; 3; 5848; INTERNAL; 10; 13; 3; 5849
INTERNAL; 10; 13; 3; 5849; INTERNAL; 9; 12; 3; 5853
INTERNAL; 9; 12; 3; 5853; INTERNAL; 7; 11; 4; 3171
INTERNAL; 7; 11; 4; 3171; INTERNAL; 5; 10; 5; 5880
INTERNAL; 5; 10; 5; 5880; INTERNAL; 3; 9; 6; 2578
INTERNAL; 5; 10; 5; 5880; INTERNAL; 3; 9; 6; 1680
INTERNAL; 3; 9; 6; 1680; INPUT; 1; 4; 3; 1822
INTERNAL; 3; 9; 6; 1680; INPUT; 1; 4; 3; 1050
INTERNAL; 5; 10; 5; 5880; INTERNAL; 4; 9; 5; 4053
INTERNAL; 4; 9; 5; 4053; INTERNAL; 2; 8; 6; 5766
INTERNAL; 4; 9; 5; 4053; INTERNAL; 3; 8; 5; 2974
INTERNAL; 3; 8; 5; 2974; INTERNAL; 2; 5; 3; 5788
INTERNAL; 2; 5; 3; 5788; INPUT; 1; 4; 3; 3837
INTERNAL; 2; 5; 3; 5788; INPUT; 1; 4; 3; 4247
INTERNAL; 7; 11; 4; 3171; INTERNAL; 5; 10; 5; 5883
INTERNAL; 5; 10; 5; 5883; INTERNAL; 4; 9; 5; 5886
INTERNAL; 4; 9; 5; 5886; INTERNAL; 3; 8; 5; 5795
INTERNAL; 3; 8; 5; 5795; INTERNAL; 2; 7; 5; 5807
INTERNAL; 2; 7; 5; 5807; INPUT; 1; 5; 4; 3135
INTERNAL; 3; 8; 5; 5795; INTERNAL; 2; 7; 5; 5809
INTERNAL; 5; 10; 5; 5883; INTERNAL; 3; 9; 6; 2069
INTERNAL; 3; 9; 6; 2069; INTERNAL; 2; 6; 4; 1298
INTERNAL; 3; 9; 6; 2069; INTERNAL; 2; 6; 4; 1283
INTERNAL; 5; 10; 5; 5883; INTERNAL; 4; 9; 5; 5884
INTERNAL; 4; 9; 5; 5884; INTERNAL; 3; 8; 5; 5782
INTERNAL; 3; 8; 5; 5782; INPUT; 1; 4; 3; 3685
INTERNAL; 3; 8; 5; 5782; INTERNAL; 2; 7; 5; 4224
INTERNAL; 2; 7; 5; 4224; INPUT; 1; 6; 5; 5811
INTERNAL; 2; 7; 5; 4224; INPUT; 1; 6; 5; 4356
INTERNAL; 2; 7; 5; 4224; INPUT; 1; 6; 5; 5619
INTERNAL; 7; 11; 4; 3171; INTERNAL; 6; 10; 4; 3412
INTERNAL; 9; 12; 3; 5853; INTERNAL; 8; 11; 3; 3652
INTERNAL; 9; 12; 3; 5853; INTERNAL; 7; 11; 4; 4120
INTERNAL; 10; 13; 3; 5849; INTERNAL; 9; 12; 3; 2336
INTERNAL; 10; 13; 3; 5849; INTERNAL; 9; 12; 3; 5852
INTERNAL; 9; 12; 3; 5852; INTERNAL; 7; 11; 4; 1944
INTERNAL; 7; 11; 4; 1944; INTERNAL; 6; 10; 4; 5866
INTERNAL; 6; 10; 4; 5866; INTERNAL; 5; 9; 4; 5045
INTERNAL; 5; 9; 4; 5045; INTERNAL; 4; 8; 4; 5876
INTERNAL; 4; 8; 4; 5876; INTERNAL; 3; 7; 4; 4781
INTERNAL; 4; 8; 4; 5876; INTERNAL; 3; 7; 4; 853
INTERNAL; 5; 9; 4; 5045; INTERNAL; 3; 8; 5; 4446
INTERNAL; 6; 10; 4; 5866; INTERNAL; 5; 9; 4; 4252
INTERNAL; 5; 9; 4; 4252; INTERNAL; 2; 4; 2; 4529
INTERNAL; 5; 9; 4; 4252; INTERNAL; 2; 3; 1; 2903
INTERNAL; 5; 9; 4; 4252; INTERNAL; 4; 8; 4; 5872
INTERNAL; 4; 8; 4; 5872; INTERNAL; 3; 7; 4; 5843
INTERNAL; 3; 7; 4; 5843; INTERNAL; 2; 6; 4; 5147
INTERNAL; 4; 8; 4; 5872; INTERNAL; 3; 7; 4; 3982
INTERNAL; 4; 8; 4; 5872; INTERNAL; 2; 7; 5; 5847
INTERNAL; 6; 10; 4; 5866; INTERNAL; 3; 9; 6; 5869
INTERNAL; 7; 11; 4; 1944; INTERNAL; 6; 10; 4; 1171
INTERNAL; 7; 11; 4; 1944; INTERNAL; 6; 10; 4; 5867
INTERNAL; 6; 10; 4; 5867; INTERNAL; 5; 9; 4; 4817
INTERNAL; 5; 9; 4; 4817; INTERNAL; 4; 8; 4; 5397
INTERNAL; 4; 8; 4; 5397; INTERNAL; 3; 7; 4; 5878
INTERNAL; 3; 7; 4; 5878; INPUT; 1; 6; 5; 2930
INTERNAL; 3; 7; 4; 5878; INPUT; 1; 6; 5; 5129
INTERNAL; 3; 7; 4; 5878; INPUT; 1; 6; 5; 4887
INTERNAL; 3; 7; 4; 5878; INPUT; 1; 6; 5; 2755
INTERNAL; 6; 10; 4; 5867; INTERNAL; 5; 9; 4; 5568
INTERNAL; 5; 9; 4; 5568; INTERNAL; 2; 8; 6; 3371
INTERNAL; 5; 9; 4; 5568; INTERNAL; 2; 8; 6; 5839
INTERNAL; 5; 9; 4; 5568; INTERNAL; 4; 8; 4; 5877
INTERNAL; 4; 8; 4; 5877; INTERNAL; 2; 7; 5; 5835
INTERNAL; 2; 7; 5; 5835; INPUT; 1; 4; 3; 3667
INTERNAL; 2; 7; 5; 5835; INPUT; 1; 4; 3; 1423
INTERNAL; 2; 7; 5; 5835; INPUT; 1; 4; 3; 3668
INTERNAL; 2; 7; 5; 5835; INPUT; 1; 4; 3; 2897
INTERNAL; 4; 8; 4; 5877; INTERNAL; 2; 6; 4; 1262
INTERNAL; 4; 8; 4; 5877; INTERNAL; 3; 6; 3; 5736
INTERNAL; 5; 9; 4; 5568; INTERNAL; 2; 7; 5; 5836
INTERNAL; 2; 7; 5; 5836; INPUT; 1; 3; 2; 5630
INTERNAL; 2; 7; 5; 5836; INPUT; 1; 3; 2; 3334
INTERNAL; 9; 12; 3; 5852; INTERNAL; 8; 11; 3; 5854
INTERNAL; 8; 11; 3; 5854; INTERNAL; 6; 10; 4; 851
INTERNAL; 6; 10; 4; 851; INTERNAL; 3; 9; 6; 1994
INTERNAL; 6; 10; 4; 851; INTERNAL; 5; 9; 4; 3806
INTERNAL; 5; 9; 4; 3806; INTERNAL; 3; 8; 5; 5384
INTERNAL; 3; 8; 5; 5384; INTERNAL; 2; 7; 5; 5832
INTERNAL; 5; 9; 4; 3806; INTERNAL; 4; 8; 4; 3522
INTERNAL; 4; 8; 4; 3522; INPUT; 1; 7; 6; 5030
INTERNAL; 4; 8; 4; 3522; INPUT; 1; 7; 6; 5029
INTERNAL; 4; 8; 4; 3522; INTERNAL; 3; 7; 4; 2191
INTERNAL; 3; 7; 4; 2191; INTERNAL; 2; 6; 4; 2938
INTERNAL; 4; 8; 4; 3522; INTERNAL; 3; 7; 4; 5862
INTERNAL; 3; 7; 4; 5862; INTERNAL; 2; 6; 4; 1314
INTERNAL; 4; 8; 4; 3522; INPUT; 1; 7; 6; 2023
INTERNAL; 6; 10; 4; 851; INTERNAL; 3; 9; 6; 940
INTERNAL; 3; 9; 6; 940; INTERNAL; 2; 4; 2; 2582
INTERNAL; 3; 9; 6; 940; INTERNAL; 2; 8; 6; 3019
INTERNAL; 2; 8; 6; 3019; INPUT; 1; 7; 6; 5824
INTERNAL; 3; 9; 6; 940; INTERNAL; 2; 5; 3; 5838
INTERNAL; 8; 11; 3; 5854; INTERNAL; 7; 10; 3; 5859
INTERNAL; 8; 11; 3; 5854; INTERNAL; 6; 10; 4; 5591
INTERNAL; 9; 12; 3; 5852; INTERNAL; 7; 11; 4; 5857
INTERNAL; 12; 15; 3; 5572; INTERNAL; 11; 14; 3; 2945
INTERNAL; 11; 14; 3; 2945; INTERNAL; 10; 12; 2; 3958
INTERNAL; 11; 14; 3; 2945; INTERNAL; 4; 12; 8; 4308
INTERNAL; 4; 12; 8; 4308; INTERNAL; 3; 11; 8; 4483
INTERNAL; 3; 11; 8; 4483; INTERNAL; 2; 5; 3; 3635
INTERNAL; 2; 5; 3; 3635; INPUT; 1; 4; 3; 3242
INTERNAL; 2; 5; 3; 3635; INPUT; 1; 4; 3; 1125
INTERNAL; 2; 5; 3; 3635; INPUT; 1; 4; 3; 2091
INTERNAL; 3; 11; 8; 4483; INTERNAL; 2; 10; 8; 4201
INTERNAL; 2; 10; 8; 4201; INPUT; 1; 4; 3; 5812
INTERNAL; 2; 10; 8; 4201; INPUT; 1; 4; 3; 5816
INTERNAL; 4; 12; 8; 4308; INTERNAL; 3; 11; 8; 5810
INTERNAL; 4; 12; 8; 4308; INTERNAL; 3; 11; 8; 1952
INTERNAL; 3; 11; 8; 1952; INTERNAL; 2; 10; 8; 3780
INTERNAL; 11; 14; 3; 2945; INTERNAL; 8; 12; 4; 5589
INTERNAL; 8; 12; 4; 5589; INTERNAL; 5; 11; 6; 3077
INTERNAL; 5; 11; 6; 3077; INTERNAL; 4; 10; 6; 5796
INTERNAL; 4; 10; 6; 5796; INTERNAL; 3; 9; 6; 5805
INTERNAL; 4; 10; 6; 5796; INPUT; 1; 5; 4; 5803
INTERNAL; 4; 10; 6; 5796; INPUT; 1; 5; 4; 5804
INTERNAL; 5; 11; 6; 3077; INTERNAL; 4; 10; 6; 5798
INTERNAL; 4; 10; 6; 5798; INTERNAL; 2; 9; 7; 1377
INTERNAL; 4; 10; 6; 5798; INTERNAL; 2; 9; 7; 5800
INTERNAL; 2; 9; 7; 5800; INPUT; 1; 5; 4; 4321
INTERNAL; 4; 10; 6; 5798; INTERNAL; 3; 6; 3; 3961
INTERNAL; 4; 10; 6; 5798; INTERNAL; 2; 9; 7; 3916
INTERNAL; 5; 11; 6; 3077; INTERNAL; 3; 10; 7; 5799
INTERNAL; 3; 10; 7; 5799; INPUT; 1; 4; 3; 3792
INTERNAL; 3; 10; 7; 5799; INTERNAL; 2; 8; 6; 1801
INTERNAL; 3; 10; 7; 5799; INPUT; 1; 4; 3; 3560
INTERNAL; 8; 12; 4; 5589; INTERNAL; 5; 11; 6; 5752
INTERNAL; 5; 11; 6; 5752; INTERNAL; 3; 10; 7; 2774
INTERNAL; 3; 10; 7; 2774; INTERNAL; 2; 9; 7; 5792
INTERNAL; 2; 9; 7; 5792; INPUT; 1; 5; 4; 1717
INTERNAL; 2; 9; 7; 5792; INPUT; 1; 5; 4; 1718
INTERNAL; 2; 9; 7; 5792; INPUT; 1; 4; 3; 1716
INTERNAL; 5; 11; 6; 5752; INTERNAL; 4; 10; 6; 5779
INTERNAL; 4; 10; 6; 5779; INTERNAL; 2; 8; 6; 5780
INTERNAL; 4; 10; 6; 5779; INTERNAL; 2; 9; 7; 2950
INTERNAL; 4; 10; 6; 5779; INTERNAL; 3; 9; 6; 5784
INTERNAL; 8; 12; 4; 5589; INTERNAL; 7; 11; 4; 4355
INTERNAL; 12; 15; 3; 5572; INTERNAL; 8; 14; 6; 1541
INTERNAL; 14; 16; 2; 5566; INTERNAL; 13; 15; 2; 5567
INTERNAL; 13; 15; 2; 5567; INTERNAL; 12; 14; 2; 5576
INTERNAL; 12; 14; 2; 5576; INTERNAL; 4; 13; 9; 5587
INTERNAL; 4; 13; 9; 5587; INTERNAL; 3; 12; 9; 1900
INTERNAL; 4; 13; 9; 5587; INTERNAL; 3; 12; 9; 5828
INTERNAL; 4; 13; 9; 5587; INTERNAL; 2; 4; 2; 3125
INTERNAL; 12; 14; 2; 5576; INTERNAL; 5; 13; 8; 2846
INTERNAL; 5; 13; 8; 2846; INTERNAL; 4; 12; 8; 4288
INTERNAL; 4; 12; 8; 4288; INTERNAL; 3; 11; 8; 2843
INTERNAL; 3; 11; 8; 2843; INPUT; 1; 8; 7; 5823
INTERNAL; 4; 12; 8; 4288; INTERNAL; 2; 3; 1; 3304
INTERNAL; 5; 13; 8; 2846; INTERNAL; 4; 12; 8; 5817
INTERNAL; 4; 12; 8; 5817; INTERNAL; 3; 11; 8; 5821
INTERNAL; 12; 14; 2; 5576; INTERNAL; 11; 13; 2; 5585
INTERNAL; 13; 15; 2; 5567; INTERNAL; 5; 14; 9; 5584
INTERNAL; 5; 14; 9; 5584; INTERNAL; 4; 13; 9; 4693
INTERNAL; 4; 13; 9; 4693; INTERNAL; 3; 12; 9; 2155
INTERNAL; 5; 14; 9; 5584; INTERNAL; 3; 13; 10; 4628
INTERNAL; 13; 15; 2; 5567; INTERNAL; 4; 14; 10; 5580
INTERNAL; 4; 14; 10; 5580; INTERNAL; 3; 13; 10; 5844
INTERNAL; 3; 13; 10; 5844; INTERNAL; 2; 6; 4; 3861
INTERNAL; 3; 13; 10; 5844; INTERNAL; 2; 8; 6; 4930
INTERNAL; 4; 14; 10; 5580; INTERNAL; 3; 13; 10; 2290
INTERNAL; 14; 16; 2; 5566; INTERNAL; 12; 15; 3; 3650
INTERNAL; 15; 17; 2; 5561; INTERNAL; 13; 16; 3; 5562
INTERNAL; 13; 16; 3; 5562; INTERNAL; 12; 15; 3; 4649
INTERNAL; 13; 16; 3; 5562; INTERNAL; 12; 15; 3; 5892
INTERNAL; 12; 15; 3; 5892; INTERNAL; 9; 14; 5; 5895
INTERNAL; 12; 15; 3; 5892; INTERNAL; 11; 14; 3; 3639
INTERNAL; 11; 14; 3; 3639; INTERNAL; 10; 13; 3; 3246
INTERNAL; 11; 14; 3; 3639; INTERNAL; 10; 13; 3; 5896
INTERNAL; 10; 13; 3; 5896; INTERNAL; 9; 12; 3; 5275
INTERNAL; 10; 13; 3; 5896; INTERNAL; 8; 12; 4; 5256
INTERNAL; 8; 12; 4; 5256; INTERNAL; 7; 11; 4; 2295
INTERNAL; 7; 11; 4; 2295; INTERNAL; 5; 10; 5; 1839
INTERNAL; 5; 10; 5; 1839; INTERNAL; 4; 9; 5; 5901
INTERNAL; 5; 10; 5; 1839; INTERNAL; 3; 9; 6; 5902
INTERNAL; 3; 9; 6; 5902; INTERNAL; 2; 8; 6; 5020
INTERNAL; 2; 8; 6; 5020; INPUT; 1; 3; 2; 3177
INTERNAL; 7; 11; 4; 2295; INTERNAL; 6; 10; 4; 3801
INTERNAL; 7; 11; 4; 2295; INTERNAL; 4; 10; 6; 1947
INTERNAL; 8; 12; 4; 5256; INTERNAL; 7; 11; 4; 5233
INTERNAL; 8; 12; 4; 5256; INTERNAL; 7; 11; 4; 5900
INTERNAL; 7; 11; 4; 5900; INTERNAL; 6; 10; 4; 2811
INTERNAL; 7; 11; 4; 5900; INTERNAL; 6; 10; 4; 2904
INTERNAL; 10; 13; 3; 5896; INTERNAL; 9; 12; 3; 3877
INTERNAL; 9; 12; 3; 3877; INTERNAL; 5; 11; 6; 5899
INTERNAL; 9; 12; 3; 3877; INTERNAL; 7; 11; 4; 5340
INTERNAL; 9; 12; 3; 3877; INTERNAL; 8; 11; 3; 5897
INTERNAL; 11; 14; 3; 3639; INTERNAL; 10; 13; 3; 3919
INTERNAL; 10; 13; 3; 3919; INTERNAL; 6; 12; 6; 5905
INTERNAL; 6; 12; 6; 5905; INTERNAL; 5; 11; 6; 5906
INTERNAL; 6; 12; 6; 5905; INTERNAL; 5; 11; 6; 1882
INTERNAL; 10; 13; 3; 3919; INTERNAL; 9; 12; 3; 5904
INTERNAL; 10; 13; 3; 3919; INTERNAL; 7; 12; 5; 1932
INTERNAL; 12; 15; 3; 5892; INTERNAL; 11; 14; 3; 5893
INTERNAL; 16; 18; 2; 3851; INTERNAL; 12; 17; 5; 5527
INTERNAL; 16; 18; 2; 3851; INTERNAL; 13; 17; 4; 5223
INTERNAL; 16; 18; 2; 3851; INTERNAL; 12; 17; 5; 1687
INTERNAL; 12; 17; 5; 1687; INTERNAL; 10; 16; 6; 3161
INTERNAL; 12; 17; 5; 1687; INTERNAL; 11; 16; 5; 4582
INTERNAL; 11; 16; 5; 4582; INTERNAL; 10; 15; 5; 5390
INTERNAL; 11; 16; 5; 4582; INTERNAL; 10; 15; 5; 5911
INTERNAL; 10; 15; 5; 5911; INTERNAL; 6; 14; 8; 5916
INTERNAL; 10; 15; 5; 5911; INTERNAL; 9; 14; 5; 2834
INTERNAL; 11; 16; 5; 4582; INTERNAL; 9; 15; 6; 5915
INTERNAL; 9; 15; 6; 5915; INTERNAL; 7; 14; 7; 5920
INTERNAL; 9; 15; 6; 5915; INTERNAL; 8; 14; 6; 2615
INTERNAL; 9; 15; 6; 5915; INTERNAL; 8; 14; 6; 5919
INTERNAL; 8; 14; 6; 5919; INTERNAL; 7; 13; 6; 1555
INTERNAL; 8; 14; 6; 5919; INTERNAL; 5; 13; 8; 5533
INTERNAL; 12; 17; 5; 1687; INTERNAL; 11; 16; 5; 4275
INTERNAL; 17; 19; 2; 5395; INTERNAL; 13; 18; 5; 5560
INTERNAL; 13; 18; 5; 5560; INTERNAL; 12; 17; 5; 3350
INTERNAL; 12; 17; 5; 3350; INTERNAL; 10; 16; 6; 5090
INTERNAL; 10; 16; 6; 5090; INTERNAL; 9; 15; 6; 5924
INTERNAL; 10; 16; 6; 5090; INTERNAL; 8; 15; 7; 4108
INTERNAL; 12; 17; 5; 3350; INTERNAL; 11; 16; 5; 5922
INTERNAL; 12; 17; 5; 3350; INTERNAL; 10; 16; 6; 2403
INTERNAL; 13; 18; 5; 5560; INTERNAL; 12; 17; 5; 5763
INTERNAL; 18; 21; 3; 4681; INTERNAL; 16; 19; 3; 5559
INTERNAL; 18; 21; 3; 4681; INTERNAL; 16; 20; 4; 100
INTERNAL; 16; 20; 4; 100; INTERNAL; 15; 18; 3; 5926
INTERNAL; 16; 20; 4; 100; INTERNAL; 14; 18; 4; 5103
INTERNAL; 16; 20; 4; 100; INTERNAL; 13; 18; 5; 1686
INTERNAL; 19; 22; 3; 1364; INTERNAL; 18; 20; 2; 5553
INTERNAL; 18; 20; 2; 5553; INTERNAL; 10; 19; 9; 5787
INTERNAL; 18; 20; 2; 5553; INTERNAL; 13; 19; 6; 5930
INTERNAL; 18; 20; 2; 5553; INTERNAL; 17; 19; 2; 5928
INTERNAL; 18; 20; 2; 5553; INTERNAL; 12; 19; 7; 1829
INTERNAL; 19; 22; 3; 1364; INTERNAL; 18; 20; 2; 2587
INTERNAL; 20; 23; 3; 682; INTERNAL; 19; 22; 3; 102
INTERNAL; 19; 22; 3; 102; INTERNAL; 18; 21; 3; 101
INTERNAL; 18; 21; 3; 101; INTERNAL; 16; 20; 4; 3422
INTERNAL; 20; 23; 3; 682; INTERNAL; 18; 20; 2; 1824
INTERNAL; 18; 20; 2; 1824; INTERNAL; 13; 19; 6; 800
INTERNAL; 13; 19; 6; 800; INTERNAL; 12; 16; 4; 2852
INTERNAL; 12; 16; 4; 2852; INTERNAL; 9; 15; 6; 797
INTERNAL; 9; 15; 6; 797; INTERNAL; 8; 13; 5; 5863
INTERNAL; 8; 13; 5; 5863; INTERNAL; 7; 10; 3; 4184
INTERNAL; 7; 10; 3; 4184; INTERNAL; 6; 9; 3; 1037
INTERNAL; 6; 9; 3; 1037; INTERNAL; 4; 8; 4; 1616
INTERNAL; 4; 8; 4; 1616; INTERNAL; 3; 7; 4; 1029
INTERNAL; 3; 7; 4; 1029; INPUT; 1; 3; 2; 1895
INTERNAL; 3; 7; 4; 1029; INPUT; 1; 4; 3; 1477
INTERNAL; 4; 8; 4; 1616; INTERNAL; 2; 5; 3; 6221
INTERNAL; 4; 8; 4; 1616; INTERNAL; 2; 6; 4; 2881
INTERNAL; 2; 6; 4; 2881; INPUT; 1; 5; 4; 3508
INTERNAL; 2; 6; 4; 2881; INPUT; 1; 5; 4; 1020
INTERNAL; 2; 6; 4; 2881; INPUT; 1; 5; 4; 1632
INTERNAL; 4; 8; 4; 1616; INTERNAL; 2; 6; 4; 3602
INTERNAL; 4; 8; 4; 1616; INTERNAL; 2; 7; 5; 1030
INTERNAL; 2; 7; 5; 1030; INPUT; 1; 6; 5; 1017
INTERNAL; 2; 7; 5; 1030; INPUT; 1; 6; 5; 937
INTERNAL; 2; 7; 5; 1030; INPUT; 1; 6; 5; 848
INTERNAL; 4; 8; 4; 1616; INTERNAL; 3; 7; 4; 5110
INTERNAL; 3; 7; 4; 5110; INTERNAL; 2; 5; 3; 2533
INTERNAL; 3; 7; 4; 5110; INTERNAL; 2; 5; 3; 4277
INTERNAL; 2; 5; 3; 4277; INPUT; 1; 4; 3; 883
INTERNAL; 6; 9; 3; 1037; INTERNAL; 3; 8; 5; 2722
INTERNAL; 3; 8; 5; 2722; INTERNAL; 2; 7; 5; 3449
INTERNAL; 6; 9; 3; 1037; INTERNAL; 5; 8; 3; 1034
INTERNAL; 5; 8; 3; 1034; INTERNAL; 4; 7; 3; 4510
INTERNAL; 4; 7; 3; 4510; INTERNAL; 2; 5; 3; 1232
INTERNAL; 2; 5; 3; 1232; INPUT; 1; 3; 2; 4524
INTERNAL; 2; 5; 3; 1232; INPUT; 1; 3; 2; 2898
INTERNAL; 2; 5; 3; 1232; INPUT; 1; 4; 3; 2213
INTERNAL; 2; 5; 3; 1232; INPUT; 1; 3; 2; 2525
INTERNAL; 4; 7; 3; 4510; INTERNAL; 3; 6; 3; 2875
INTERNAL; 3; 6; 3; 2875; INTERNAL; 2; 5; 3; 2063
INTERNAL; 5; 8; 3; 1034; INTERNAL; 3; 7; 4; 1241
INTERNAL; 3; 7; 4; 1241; INTERNAL; 2; 5; 3; 5739
INTERNAL; 2; 5; 3; 5739; INPUT; 1; 4; 3; 1424
INTERNAL; 3; 7; 4; 1241; INTERNAL; 2; 6; 4; 1782
INTERNAL; 5; 8; 3; 1034; INTERNAL; 3; 7; 4; 1735
INTERNAL; 3; 7; 4; 1735; INTERNAL; 2; 5; 3; 4160
INTERNAL; 7; 10; 3; 4184; INTERNAL; 6; 9; 3; 3814
INTERNAL; 6; 9; 3; 3814; INTERNAL; 5; 8; 3; 1249
INTERNAL; 5; 8; 3; 1249; INTERNAL; 4; 7; 3; 3820
INTERNAL; 4; 7; 3; 3820; INTERNAL; 2; 5; 3; 3665
INTERNAL; 2; 5; 3; 3665; INPUT; 1; 4; 3; 3871
INTERNAL; 2; 5; 3; 3665; INPUT; 1; 4; 3; 2810
INTERNAL; 4; 7; 3; 3820; INTERNAL; 3; 6; 3; 1220
INTERNAL; 3; 6; 3; 1220; INTERNAL; 2; 5; 3; 1484
INTERNAL; 4; 7; 3; 3820; INTERNAL; 2; 4; 2; 1960
INTERNAL; 5; 8; 3; 1249; INTERNAL; 3; 7; 4; 1221
INTERNAL; 3; 7; 4; 1221; INTERNAL; 2; 6; 4; 1518
INTERNAL; 3; 7; 4; 1221; INTERNAL; 2; 6; 4; 6018
INTERNAL; 3; 7; 4; 1221; INTERNAL; 2; 6; 4; 2713
INTERNAL; 3; 7; 4; 1221; INTERNAL; 2; 5; 3; 3100
INTERNAL; 2; 5; 3; 3100; INPUT; 1; 3; 2; 1023
INTERNAL; 2; 5; 3; 3100; INPUT; 1; 3; 2; 2002
INTERNAL; 2; 5; 3; 3100; INPUT; 1; 3; 2; 5393
INTERNAL; 3; 7; 4; 1221; INTERNAL; 2; 5; 3; 1855
INTERNAL; 6; 9; 3; 3814; INTERNAL; 4; 8; 4; 1245
INTERNAL; 4; 8; 4; 1245; INPUT; 1; 7; 6; 3222
INTERNAL; 4; 8; 4; 1245; INPUT; 1; 7; 6; 1213
INTERNAL; 4; 8; 4; 1245; INPUT; 1; 7; 6; 2385
INTERNAL; 4; 8; 4; 1245; INTERNAL; 3; 7; 4; 1211
INTERNAL; 3; 7; 4; 1211; INTERNAL; 2; 6; 4; 2769
INTERNAL; 3; 7; 4; 1211; INTERNAL; 2; 6; 4; 1675
INTERNAL; 2; 6; 4; 1675; INPUT; 1; 3; 2; 2148
INTERNAL; 2; 6; 4; 1675; INPUT; 1; 3; 2; 2268
INTERNAL; 3; 7; 4; 1211; INTERNAL; 2; 6; 4; 3513
INTERNAL; 2; 6; 4; 3513; INPUT; 1; 5; 4; 1954
INTERNAL; 2; 6; 4; 3513; INPUT; 1; 5; 4; 974
INTERNAL; 2; 6; 4; 3513; INPUT; 1; 5; 4; 2778
INTERNAL; 2; 6; 4; 3513; INPUT; 1; 5; 4; 1825
INTERNAL; 3; 7; 4; 1211; INTERNAL; 2; 6; 4; 1210
INTERNAL; 2; 6; 4; 1210; INPUT; 1; 4; 3; 3576
INTERNAL; 2; 6; 4; 1210; INPUT; 1; 4; 3; 2781
INTERNAL; 2; 6; 4; 1210; INPUT; 1; 4; 3; 1979
INTERNAL; 3; 7; 4; 1211; INTERNAL; 2; 6; 4; 1209
INTERNAL; 3; 7; 4; 1211; INTERNAL; 2; 5; 3; 2075
INTERNAL; 2; 5; 3; 2075; INPUT; 1; 4; 3; 5480
INTERNAL; 2; 5; 3; 2075; INPUT; 1; 4; 3; 2281
INTERNAL; 2; 5; 3; 2075; INPUT; 1; 4; 3; 3688
INTERNAL; 2; 5; 3; 2075; INPUT; 1; 4; 3; 1935
INTERNAL; 6; 9; 3; 3814; INTERNAL; 5; 8; 3; 4047
INTERNAL; 5; 8; 3; 4047; INTERNAL; 2; 7; 5; 1244
INTERNAL; 5; 8; 3; 4047; INTERNAL; 4; 7; 3; 5167
INTERNAL; 4; 7; 3; 5167; INTERNAL; 3; 6; 3; 5594
INTERNAL; 7; 10; 3; 4184; INTERNAL; 6; 9; 3; 2262
INTERNAL; 6; 9; 3; 2262; INTERNAL; 5; 8; 3; 3123
INTERNAL; 5; 8; 3; 3123; INPUT; 1; 6; 5; 3017
INTERNAL; 5; 8; 3; 3123; INTERNAL; 4; 7; 3; 1452
INTERNAL; 4; 7; 3; 1452; INTERNAL; 2; 6; 4; 1437
INTERNAL; 4; 7; 3; 1452; INTERNAL; 2; 6; 4; 1436
INTERNAL; 2; 6; 4; 1436; INPUT; 1; 5; 4; 1426
INTERNAL; 2; 6; 4; 1436; INPUT; 1; 5; 4; 1838
INTERNAL; 4; 7; 3; 1452; INTERNAL; 2; 6; 4; 1446
INTERNAL; 4; 7; 3; 1452; INTERNAL; 3; 6; 3; 5674
INTERNAL; 3; 6; 3; 5674; INTERNAL; 2; 5; 3; 3373
INTERNAL; 2; 5; 3; 3373; INPUT; 1; 4; 3; 3840
INTERNAL; 2; 5; 3; 3373; INPUT; 1; 4; 3; 3432
INTERNAL; 2; 5; 3; 3373; INPUT; 1; 4; 3; 1769
INTERNAL; 2; 5; 3; 3373; INPUT; 1; 4; 3; 3671
INTERNAL; 5; 8; 3; 3123; INTERNAL; 3; 7; 4; 3686
INTERNAL; 3; 7; 4; 3686; INTERNAL; 2; 6; 4; 1666
INTERNAL; 5; 8; 3; 3123; INTERNAL; 2; 7; 5; 1664
INTERNAL; 2; 7; 5; 1664; INPUT; 1; 3; 2; 3053
INTERNAL; 5; 8; 3; 3123; INTERNAL; 3; 7; 4; 4559
INTERNAL; 3; 7; 4; 4559; INTERNAL; 2; 5; 3; 3315
INTERNAL; 3; 7; 4; 4559; INTERNAL; 2; 6; 4; 2353
INTERNAL; 3; 7; 4; 4559; INPUT; 1; 6; 5; 1408
INTERNAL; 5; 8; 3; 3123; INPUT; 1; 6; 5; 1448
INTERNAL; 6; 9; 3; 2262; INTERNAL; 4; 8; 4; 1760
INTERNAL; 4; 8; 4; 1760; INTERNAL; 3; 7; 4; 3312
INTERNAL; 3; 7; 4; 3312; INPUT; 1; 6; 5; 1393
INTERNAL; 3; 7; 4; 3312; INPUT; 1; 6; 5; 1390
INTERNAL; 4; 8; 4; 1760; INTERNAL; 3; 7; 4; 1399
INTERNAL; 3; 7; 4; 1399; INTERNAL; 2; 5; 3; 2572
INTERNAL; 2; 5; 3; 2572; INPUT; 1; 4; 3; 1357
INTERNAL; 4; 8; 4; 1760; INTERNAL; 3; 7; 4; 3037
INTERNAL; 3; 7; 4; 3037; INTERNAL; 2; 5; 3; 1372
INTERNAL; 3; 7; 4; 3037; INTERNAL; 2; 6; 4; 1370
INTERNAL; 4; 8; 4; 1760; INTERNAL; 2; 7; 5; 4677
INTERNAL; 2; 7; 5; 4677; INPUT; 1; 5; 4; 2424
INTERNAL; 2; 7; 5; 4677; INPUT; 1; 5; 4; 4078
INTERNAL; 2; 7; 5; 4677; INPUT; 1; 5; 4; 3089
INTERNAL; 2; 7; 5; 4677; INPUT; 1; 5; 4; 1353
INTERNAL; 6; 9; 3; 2262; INTERNAL; 4; 8; 4; 1453
INTERNAL; 4; 8; 4; 1453; INTERNAL; 2; 4; 2; 3426
INTERNAL; 4; 8; 4; 1453; INTERNAL; 2; 4; 2; 2638
INTERNAL; 2; 4; 2; 2638; INPUT; 1; 3; 2; 5365
INTERNAL; 2; 4; 2; 2638; INPUT; 1; 3; 2; 5697
INTERNAL; 2; 4; 2; 2638; INPUT; 1; 3; 2; 2021
INTERNAL; 2; 4; 2; 2638; INPUT; 1; 3; 2; 5772
INTERNAL; 4; 8; 4; 1453; INTERNAL; 3; 7; 4; 1346
INTERNAL; 3; 7; 4; 1346; INTERNAL; 2; 5; 3; 817
INTERNAL; 2; 5; 3; 817; INPUT; 1; 4; 3; 5303
INTERNAL; 4; 8; 4; 1453; INTERNAL; 2; 7; 5; 3796
INTERNAL; 8; 13; 5; 5863; INTERNAL; 6; 10; 4; 4390
INTERNAL; 6; 10; 4; 4390; INTERNAL; 4; 8; 4; 1007
INTERNAL; 4; 8; 4; 1007; INTERNAL; 3; 7; 4; 5722
INTERNAL; 3; 7; 4; 5722; INPUT; 1; 3; 2; 2548
INTERNAL; 3; 7; 4; 5722; INPUT; 1; 3; 2; 3741
INTERNAL; 3; 7; 4; 5722; INPUT; 1; 3; 2; 1689
INTERNAL; 3; 7; 4; 5722; INPUT; 1; 3; 2; 5999
INTERNAL; 4; 8; 4; 1007; INTERNAL; 2; 7; 5; 2855
INTERNAL; 6; 10; 4; 4390; INTERNAL; 5; 8; 3; 1008
INTERNAL; 6; 10; 4; 4390; INTERNAL; 4; 8; 4; 2751
INTERNAL; 4; 8; 4; 2751; INTERNAL; 3; 7; 4; 1162
INTERNAL; 8; 13; 5; 5863; INTERNAL; 7; 10; 3; 840
INTERNAL; 7; 10; 3; 840; INTERNAL; 6; 9; 3; 1549
INTERNAL; 7; 10; 3; 840; INTERNAL; 5; 9; 4; 4875
INTERNAL; 5; 9; 4; 4875; INTERNAL; 4; 8; 4; 999
INTERNAL; 4; 8; 4; 999; INTERNAL; 3; 7; 4; 995
INTERNAL; 3; 7; 4; 995; INTERNAL; 2; 4; 2; 1496
INTERNAL; 5; 9; 4; 4875; INTERNAL; 3; 8; 5; 2723
INTERNAL; 3; 8; 5; 2723; INTERNAL; 2; 7; 5; 987
INTERNAL; 5; 9; 4; 4875; INTERNAL; 4; 8; 4; 1001
INTERNAL; 4; 8; 4; 1001; INTERNAL; 2; 5; 3; 1355
INTERNAL; 2; 5; 3; 1355; INPUT; 1; 4; 3; 2520
INTERNAL; 2; 5; 3; 1355; INPUT; 1; 4; 3; 1507
INTERNAL; 2; 5; 3; 1355; INPUT; 1; 4; 3; 5013
INTERNAL; 2; 5; 3; 1355; INPUT; 1; 4; 3; 3622
INTERNAL; 4; 8; 4; 1001; INTERNAL; 2; 7; 5; 1133
INTERNAL; 2; 7; 5; 1133; INPUT; 1; 6; 5; 2229
INTERNAL; 2; 7; 5; 1133; INPUT; 1; 6; 5; 1331
INTERNAL; 2; 7; 5; 1133; INPUT; 1; 6; 5; 3912
INTERNAL; 2; 7; 5; 1133; INPUT; 1; 6; 5; 1982
INTERNAL; 4; 8; 4; 1001; INPUT; 1; 4; 3; 3856
INTERNAL; 4; 8; 4; 1001; INTERNAL; 3; 7; 4; 2931
INTERNAL; 3; 7; 4; 2931; INTERNAL; 2; 4; 2; 1318
INTERNAL; 2; 4; 2; 1318; INPUT; 1; 3; 2; 5907
INTERNAL; 2; 4; 2; 1318; INPUT; 1; 3; 2; 1152
INTERNAL; 2; 4; 2; 1318; INPUT; 1; 3; 2; 1885
INTERNAL; 2; 4; 2; 1318; INPUT; 1; 3; 2; 3101
INTERNAL; 4; 8; 4; 1001; INTERNAL; 2; 7; 5; 2163
INTERNAL; 2; 7; 5; 2163; INPUT; 1; 5; 4; 3280
INTERNAL; 4; 8; 4; 1001; INPUT; 1; 4; 3; 4621
INTERNAL; 7; 10; 3; 840; INTERNAL; 6; 9; 3; 1010
INTERNAL; 6; 9; 3; 1010; INTERNAL; 4; 8; 4; 1135
INTERNAL; 4; 8; 4; 1135; INTERNAL; 2; 7; 5; 1106
INTERNAL; 4; 8; 4; 1135; INTERNAL; 3; 6; 3; 2410
INTERNAL; 3; 6; 3; 2410; INTERNAL; 2; 5; 3; 2271
INTERNAL; 4; 8; 4; 1135; INTERNAL; 2; 4; 2; 1970
INTERNAL; 2; 4; 2; 1970; INPUT; 1; 3; 2; 3453
INTERNAL; 2; 4; 2; 1970; INPUT; 1; 3; 2; 2273
INTERNAL; 2; 4; 2; 1970; INPUT; 1; 3; 2; 2619
INTERNAL; 2; 4; 2; 1970; INPUT; 1; 3; 2; 3132
INTERNAL; 4; 8; 4; 1135; INTERNAL; 3; 7; 4; 779
INTERNAL; 3; 7; 4; 779; INTERNAL; 2; 6; 4; 1846
INTERNAL; 3; 7; 4; 779; INTERNAL; 2; 6; 4; 1105
INTERNAL; 3; 7; 4; 779; INTERNAL; 2; 6; 4; 1579
INTERNAL; 6; 9; 3; 1010; INTERNAL; 5; 8; 3; 1308
INTERNAL; 5; 8; 3; 1308; INTERNAL; 4; 7; 3; 1132
INTERNAL; 4; 7; 3; 1132; INTERNAL; 2; 6; 4; 2418
INTERNAL; 4; 7; 3; 1132; INTERNAL; 3; 6; 3; 1129
INTERNAL; 4; 7; 3; 1132; INTERNAL; 3; 6; 3; 1794
INTERNAL; 5; 8; 3; 1308; INTERNAL; 2; 7; 5; 2659
INTERNAL; 6; 9; 3; 1010; INTERNAL; 4; 8; 4; 1899
INTERNAL; 4; 8; 4; 1899; INTERNAL; 2; 7; 5; 2883
INTERNAL; 2; 7; 5; 2883; INPUT; 1; 6; 5; 2137
INTERNAL; 2; 7; 5; 2883; INPUT; 1; 6; 5; 6142
INTERNAL; 4; 8; 4; 1899; INTERNAL; 2; 7; 5; 1586
INTERNAL; 2; 7; 5; 1586; INPUT; 1; 3; 2; 5785
INTERNAL; 2; 7; 5; 1586; INPUT; 1; 3; 2; 2110
INTERNAL; 2; 7; 5; 1586; INPUT; 1; 3; 2; 2944
INTERNAL; 2; 7; 5; 1586; INPUT; 1; 3; 2; 2113
INTERNAL; 4; 8; 4; 1899; INTERNAL; 2; 7; 5; 3047
INTERNAL; 2; 7; 5; 3047; INPUT; 1; 5; 4; 1479
INTERNAL; 2; 7; 5; 3047; INPUT; 1; 5; 4; 1566
INTERNAL; 2; 7; 5; 3047; INPUT; 1; 5; 4; 3632
INTERNAL; 4; 8; 4; 1899; INTERNAL; 3; 7; 4; 1414
INTERNAL; 3; 7; 4; 1414; INPUT; 1; 5; 4; 4891
INTERNAL; 3; 7; 4; 1414; INPUT; 1; 5; 4; 4030
INTERNAL; 3; 7; 4; 1414; INPUT; 1; 5; 4; 5228
INTERNAL; 3; 7; 4; 1414; INPUT; 1; 6; 5; 1114
INTERNAL; 3; 7; 4; 1414; INTERNAL; 2; 6; 4; 4063
INTERNAL; 2; 6; 4; 4063; INPUT; 1; 5; 4; 1113
INTERNAL; 2; 6; 4; 4063; INPUT; 1; 5; 4; 2821
INTERNAL; 2; 6; 4; 4063; INPUT; 1; 5; 4; 3491
INTERNAL; 2; 6; 4; 4063; INPUT; 1; 5; 4; 1239
INTERNAL; 4; 8; 4; 1899; INTERNAL; 3; 7; 4; 3294
INTERNAL; 3; 7; 4; 3294; INTERNAL; 2; 6; 4; 3072
INTERNAL; 2; 6; 4; 3072; INPUT; 1; 5; 4; 1117
INTERNAL; 2; 6; 4; 3072; INPUT; 1; 5; 4; 2684
INTERNAL; 2; 6; 4; 3072; INPUT; 1; 5; 4; 1115
INTERNAL; 4; 8; 4; 1899; INTERNAL; 2; 7; 5; 3531
INTERNAL; 2; 7; 5; 3531; INPUT; 1; 4; 3; 2563
INTERNAL; 2; 7; 5; 3531; INPUT; 1; 4; 3; 977
INTERNAL; 2; 7; 5; 3531; INPUT; 1; 4; 3; 4173
INTERNAL; 2; 7; 5; 3531; INPUT; 1; 4; 3; 1108
INTERNAL; 9; 15; 6; 797; INTERNAL; 8; 13; 5; 5921
INTERNAL; 8; 13; 5; 5921; INTERNAL; 7; 10; 3; 1261
INTERNAL; 7; 10; 3; 1261; INTERNAL; 4; 9; 5; 1740
INTERNAL; 4; 9; 5; 1740; INTERNAL; 3; 8; 5; 932
INTERNAL; 3; 8; 5; 932; INTERNAL; 2; 7; 5; 1282
INTERNAL; 4; 9; 5; 1740; INTERNAL; 3; 8; 5; 2575
INTERNAL; 3; 8; 5; 2575; INTERNAL; 2; 7; 5; 1188
INTERNAL; 3; 8; 5; 2575; INTERNAL; 2; 5; 3; 3606
INTERNAL; 4; 9; 5; 1740; INTERNAL; 3; 8; 5; 934
INTERNAL; 3; 8; 5; 934; INTERNAL; 2; 7; 5; 2640
INTERNAL; 7; 10; 3; 1261; INTERNAL; 6; 9; 3; 1858
INTERNAL; 6; 9; 3; 1858; INTERNAL; 5; 8; 3; 1195
INTERNAL; 5; 8; 3; 1195; INTERNAL; 2; 7; 5; 5887
INTERNAL; 5; 8; 3; 1195; INTERNAL; 3; 7; 4; 2595
INTERNAL; 3; 7; 4; 2595; INTERNAL; 2; 6; 4; 1230
INTERNAL; 3; 7; 4; 2595; INPUT; 1; 5; 4; 1309
INTERNAL; 3; 7; 4; 2595; INPUT; 1; 5; 4; 2517
INTERNAL; 3; 7; 4; 2595; INPUT; 1; 5; 4; 4704
INTERNAL; 5; 8; 3; 1195; INTERNAL; 4; 7; 3; 1316
INTERNAL; 4; 7; 3; 1316; INTERNAL; 2; 4; 2; 5647
INTERNAL; 4; 7; 3; 1316; INTERNAL; 3; 6; 3; 857
INTERNAL; 3; 6; 3; 857; INPUT; 1; 5; 4; 1172
INTERNAL; 3; 6; 3; 857; INPUT; 1; 5; 4; 3764
INTERNAL; 3; 6; 3; 857; INTERNAL; 2; 5; 3; 3106
INTERNAL; 3; 6; 3; 857; INPUT; 1; 5; 4; 2537
INTERNAL; 3; 6; 3; 857; INPUT; 1; 5; 4; 1432
INTERNAL; 4; 7; 3; 1316; INTERNAL; 2; 6; 4; 3532
INTERNAL; 6; 9; 3; 1858; INTERNAL; 5; 8; 3; 3260
INTERNAL; 5; 8; 3; 3260; INTERNAL; 3; 7; 4; 1191
INTERNAL; 3; 7; 4; 1191; INTERNAL; 2; 6; 4; 4093
INTERNAL; 5; 8; 3; 3260; INTERNAL; 4; 7; 3; 1253
INTERNAL; 4; 7; 3; 1253; INTERNAL; 2; 6; 4; 1185
INTERNAL; 4; 7; 3; 1253; INTERNAL; 3; 6; 3; 1012
INTERNAL; 3; 6; 3; 1012; INTERNAL; 2; 5; 3; 978
INTERNAL; 5; 8; 3; 3260; INTERNAL; 2; 5; 3; 1251
INTERNAL; 6; 9; 3; 1858; INTERNAL; 4; 8; 4; 4468
INTERNAL; 4; 8; 4; 4468; INTERNAL; 2; 7; 5; 2283
INTERNAL; 2; 7; 5; 2283; INPUT; 1; 5; 4; 5701
INTERNAL; 4; 8; 4; 4468; INTERNAL; 2; 7; 5; 2239
INTERNAL; 4; 8; 4; 4468; INTERNAL; 3; 7; 4; 4067
INTERNAL; 3; 7; 4; 4067; INTERNAL; 2; 6; 4; 5003
INTERNAL; 3; 7; 4; 4067; INTERNAL; 2; 6; 4; 1153
INTERNAL; 7; 10; 3; 1261; INTERNAL; 6; 9; 3; 3051
INTERNAL; 6; 9; 3; 3051; INTERNAL; 5; 8; 3; 1038
INTERNAL; 5; 8; 3; 1038; INPUT; 1; 4; 3; 5720
INTERNAL; 5; 8; 3; 1038; INTERNAL; 4; 7; 3; 939
INTERNAL; 4; 7; 3; 939; INTERNAL; 2; 6; 4; 3479
INTERNAL; 4; 7; 3; 939; INTERNAL; 2; 6; 4; 1240
INTERNAL; 5; 8; 3; 1038; INPUT; 1; 4; 3; 1299
INTERNAL; 5; 8; 3; 1038; INPUT; 1; 5; 4; 944
INTERNAL; 5; 8; 3; 1038; INTERNAL; 4; 7; 3; 943
INTERNAL; 4; 7; 3; 943; INTERNAL; 3; 6; 3; 5635
INTERNAL; 4; 7; 3; 943; INTERNAL; 2; 6; 4; 3088
INTERNAL; 4; 7; 3; 943; INTERNAL; 3; 6; 3; 3947
INTERNAL; 3; 6; 3; 3947; INTERNAL; 2; 5; 3; 3857
INTERNAL; 5; 8; 3; 1038; INTERNAL; 3; 7; 4; 1653
INTERNAL; 3; 7; 4; 1653; INPUT; 1; 5; 4; 2620
INTERNAL; 3; 7; 4; 1653; INPUT; 1; 5; 4; 1766
INTERNAL; 3; 7; 4; 1653; INPUT; 1; 5; 4; 3057
INTERNAL; 6; 9; 3; 3051; INTERNAL; 5; 8; 3; 976
INTERNAL; 5; 8; 3; 976; INTERNAL; 2; 7; 5; 982
INTERNAL; 2; 7; 5; 982; INPUT; 1; 4; 3; 2339
INTERNAL; 5; 8; 3; 976; INPUT; 1; 4; 3; 961
INTERNAL; 5; 8; 3; 976; INTERNAL; 4; 7; 3; 4476
INTERNAL; 4; 7; 3; 4476; INTERNAL; 3; 6; 3; 3110
INTERNAL; 3; 6; 3; 3110; INTERNAL; 2; 5; 3; 1079
INTERNAL; 5; 8; 3; 976; INTERNAL; 3; 7; 4; 954
INTERNAL; 3; 7; 4; 954; INTERNAL; 2; 6; 4; 5534
INTERNAL; 3; 7; 4; 954; INTERNAL; 2; 6; 4; 3954
INTERNAL; 6; 9; 3; 3051; INTERNAL; 5; 8; 3; 981
INTERNAL; 5; 8; 3; 981; INTERNAL; 4; 7; 3; 973
INTERNAL; 4; 7; 3; 973; INTERNAL; 2; 6; 4; 972
INTERNAL; 4; 7; 3; 973; INTERNAL; 3; 6; 3; 5385
INTERNAL; 3; 6; 3; 5385; INTERNAL; 2; 5; 3; 1688
INTERNAL; 2; 5; 3; 1688; INPUT; 1; 3; 2; 2818
INTERNAL; 4; 7; 3; 973; INTERNAL; 2; 6; 4; 2999
INTERNAL; 2; 6; 4; 2999; INPUT; 1; 5; 4; 1739
INTERNAL; 2; 6; 4; 2999; INPUT; 1; 5; 4; 6216
INTERNAL; 2; 6; 4; 2999; INPUT; 1; 5; 4; 5692
INTERNAL; 2; 6; 4; 2999; INPUT; 1; 5; 4; 2877
INTERNAL; 5; 8; 3; 981; INTERNAL; 4; 7; 3; 5728
INTERNAL; 4; 7; 3; 5728; INTERNAL; 3; 6; 3; 969
INTERNAL; 4; 7; 3; 5728; INTERNAL; 3; 6; 3; 3762
INTERNAL; 3; 6; 3; 3762; INTERNAL; 2; 5; 3; 3490
INTERNAL; 2; 5; 3; 3490; INPUT; 1; 4; 3; 1647
INTERNAL; 2; 5; 3; 3490; INPUT; 1; 4; 3; 4000
INTERNAL; 2; 5; 3; 3490; INPUT; 1; 4; 3; 968
INTERNAL; 2; 5; 3; 3490; INPUT; 1; 4; 3; 821
INTERNAL; 8; 13; 5; 5921; INTERNAL; 6; 10; 4; 2269
INTERNAL; 6; 10; 4; 2269; INTERNAL; 4; 9; 5; 836
INTERNAL; 6; 10; 4; 2269; INTERNAL; 5; 9; 4; 837
INTERNAL; 9; 15; 6; 797; INTERNAL; 6; 13; 7; 5696
INTERNAL; 12; 16; 4; 2852; INTERNAL; 11; 15; 4; 798
INTERNAL; 11; 15; 4; 798; INTERNAL; 10; 14; 4; 2884
INTERNAL; 10; 14; 4; 2884; INTERNAL; 8; 13; 5; 852
INTERNAL; 8; 13; 5; 852; INTERNAL; 7; 9; 2; 6037
INTERNAL; 7; 9; 2; 6037; INTERNAL; 3; 8; 5; 2661
INTERNAL; 7; 9; 2; 6037; INTERNAL; 4; 8; 4; 1465
INTERNAL; 4; 8; 4; 1465; INTERNAL; 3; 7; 4; 2594
INTERNAL; 3; 7; 4; 2594; INTERNAL; 2; 6; 4; 2180
INTERNAL; 3; 7; 4; 2594; INPUT; 1; 4; 3; 1904
INTERNAL; 4; 8; 4; 1465; INTERNAL; 2; 7; 5; 1930
INTERNAL; 7; 9; 2; 6037; INTERNAL; 6; 8; 2; 1069
INTERNAL; 6; 8; 2; 1069; INTERNAL; 2; 7; 5; 2678
INTERNAL; 6; 8; 2; 1069; INTERNAL; 3; 7; 4; 1085
INTERNAL; 3; 7; 4; 1085; INPUT; 1; 6; 5; 1056
INTERNAL; 3; 7; 4; 1085; INPUT; 1; 5; 4; 1052
INTERNAL; 3; 7; 4; 1085; INTERNAL; 2; 5; 3; 2156
INTERNAL; 6; 8; 2; 1069; INTERNAL; 2; 7; 5; 5582
INTERNAL; 6; 8; 2; 1069; INTERNAL; 5; 7; 2; 1066
INTERNAL; 5; 7; 2; 1066; INTERNAL; 4; 6; 2; 3108
INTERNAL; 4; 6; 2; 3108; INTERNAL; 3; 5; 2; 1189
INTERNAL; 3; 5; 2; 1189; INTERNAL; 2; 4; 2; 3730
INTERNAL; 5; 7; 2; 1066; INTERNAL; 2; 6; 4; 3145
INTERNAL; 6; 8; 2; 1069; INTERNAL; 2; 7; 5; 1065
INTERNAL; 8; 13; 5; 852; INTERNAL; 6; 9; 3; 843
INTERNAL; 10; 14; 4; 2884; INTERNAL; 9; 13; 4; 807
INTERNAL; 9; 13; 4; 807; INTERNAL; 8; 10; 2; 3078
INTERNAL; 9; 13; 4; 807; INTERNAL; 8; 10; 2; 1609
INTERNAL; 8; 10; 2; 1609; INTERNAL; 7; 9; 2; 3272
INTERNAL; 8; 10; 2; 1609; INTERNAL; 7; 9; 2; 1959
INTERNAL; 7; 9; 2; 1959; INTERNAL; 5; 8; 3; 1322
INTERNAL; 5; 8; 3; 1322; INTERNAL; 4; 7; 3; 1285
INTERNAL; 4; 7; 3; 1285; INTERNAL; 3; 6; 3; 1305
INTERNAL; 4; 7; 3; 1285; INTERNAL; 2; 3; 1; 1099
INTERNAL; 5; 8; 3; 1322; INTERNAL; 3; 7; 4; 2841
INTERNAL; 3; 7; 4; 2841; INTERNAL; 2; 6; 4; 5157
INTERNAL; 3; 7; 4; 2841; INTERNAL; 2; 5; 3; 1271
INTERNAL; 5; 8; 3; 1322; INTERNAL; 2; 6; 4; 6074
INTERNAL; 5; 8; 3; 1322; INTERNAL; 2; 6; 4; 2152
INTERNAL; 7; 9; 2; 1959; INTERNAL; 4; 8; 4; 3701
INTERNAL; 4; 8; 4; 3701; INTERNAL; 2; 7; 5; 1260
INTERNAL; 4; 8; 4; 3701; INTERNAL; 3; 7; 4; 2664
INTERNAL; 3; 7; 4; 2664; INTERNAL; 2; 6; 4; 6195
INTERNAL; 3; 7; 4; 2664; INTERNAL; 2; 6; 4; 1606
INTERNAL; 4; 8; 4; 3701; INTERNAL; 3; 7; 4; 1415
INTERNAL; 3; 7; 4; 1415; INTERNAL; 2; 6; 4; 2763
INTERNAL; 3; 7; 4; 1415; INTERNAL; 2; 3; 1; 949
INTERNAL; 2; 3; 1; 949; INPUT; 1; 2; 1; 1167
INTERNAL; 2; 3; 1; 949; INPUT; 1; 2; 1; 2430
INTERNAL; 2; 3; 1; 949; INPUT; 1; 2; 1; 3103
INTERNAL; 2; 3; 1; 949; INPUT; 1; 2; 1; 3091
INTERNAL; 4; 8; 4; 3701; INTERNAL; 3; 7; 4; 1557
INTERNAL; 3; 7; 4; 1557; INPUT; 1; 4; 3; 3853
INTERNAL; 7; 9; 2; 1959; INTERNAL; 6; 8; 2; 1324
INTERNAL; 6; 8; 2; 1324; INTERNAL; 5; 7; 2; 2310
INTERNAL; 5; 7; 2; 2310; INTERNAL; 4; 6; 2; 5461
INTERNAL; 4; 6; 2; 5461; INTERNAL; 2; 3; 1; 3014
INTERNAL; 4; 6; 2; 5461; INTERNAL; 3; 5; 2; 2895
INTERNAL; 4; 6; 2; 5461; INTERNAL; 2; 4; 2; 3457
INTERNAL; 2; 4; 2; 3457; INPUT; 1; 3; 2; 2179
INTERNAL; 5; 7; 2; 2310; INTERNAL; 3; 5; 2; 1310
INTERNAL; 3; 5; 2; 1310; INPUT; 1; 4; 3; 1681
INTERNAL; 3; 5; 2; 1310; INPUT; 1; 4; 3; 1301
INTERNAL; 3; 5; 2; 1310; INPUT; 1; 4; 3; 1303
INTERNAL; 3; 5; 2; 1310; INPUT; 1; 4; 3; 3722
INTERNAL; 6; 8; 2; 1324; INTERNAL; 2; 3; 1; 2065
INTERNAL; 6; 8; 2; 1324; INTERNAL; 3; 7; 4; 4105
INTERNAL; 8; 10; 2; 1609; INTERNAL; 6; 9; 3; 1071
INTERNAL; 6; 9; 3; 1071; INTERNAL; 4; 8; 4; 1768
INTERNAL; 4; 8; 4; 1768; INTERNAL; 3; 7; 4; 1040
INTERNAL; 6; 9; 3; 1071; INTERNAL; 5; 8; 3; 2655
INTERNAL; 5; 8; 3; 2655; INTERNAL; 3; 7; 4; 1378
INTERNAL; 5; 8; 3; 2655; INTERNAL; 3; 7; 4; 2481
INTERNAL; 3; 7; 4; 2481; INPUT; 1; 5; 4; 1043
INTERNAL; 5; 8; 3; 2655; INTERNAL; 4; 7; 3; 2681
INTERNAL; 4; 7; 3; 2681; INTERNAL; 3; 6; 3; 3924
INTERNAL; 9; 13; 4; 807; INTERNAL; 8; 10; 2; 1196
INTERNAL; 8; 10; 2; 1196; INTERNAL; 7; 9; 2; 882
INTERNAL; 7; 9; 2; 882; INTERNAL; 6; 8; 2; 4769
INTERNAL; 6; 8; 2; 4769; INTERNAL; 5; 7; 2; 2167
INTERNAL; 5; 7; 2; 2167; INTERNAL; 4; 6; 2; 2577
INTERNAL; 6; 8; 2; 4769; INTERNAL; 3; 7; 4; 1334
INTERNAL; 6; 8; 2; 4769; INTERNAL; 3; 7; 4; 3672
INTERNAL; 3; 7; 4; 3672; INPUT; 1; 6; 5; 845
INTERNAL; 3; 7; 4; 3672; INPUT; 1; 6; 5; 5251
INTERNAL; 3; 7; 4; 3672; INPUT; 1; 6; 5; 2346
INTERNAL; 3; 7; 4; 3672; INPUT; 1; 6; 5; 2636
INTERNAL; 8; 10; 2; 1196; INTERNAL; 6; 9; 3; 1313
INTERNAL; 10; 14; 4; 2884; INTERNAL; 9; 13; 4; 4214
INTERNAL; 9; 13; 4; 4214; INTERNAL; 7; 12; 5; 802
INTERNAL; 9; 13; 4; 4214; INTERNAL; 8; 12; 4; 4936
INTERNAL; 11; 15; 4; 798; INTERNAL; 10; 14; 4; 4774
INTERNAL; 10; 14; 4; 4774; INTERNAL; 9; 11; 2; 1961
INTERNAL; 9; 11; 2; 1961; INTERNAL; 8; 10; 2; 1073
INTERNAL; 8; 10; 2; 1073; INTERNAL; 6; 9; 3; 5918
INTERNAL; 8; 10; 2; 1073; INTERNAL; 3; 9; 6; 2112
INTERNAL; 3; 9; 6; 2112; INTERNAL; 2; 5; 3; 1663
INTERNAL; 8; 10; 2; 1073; INTERNAL; 7; 9; 2; 1326
INTERNAL; 9; 11; 2; 1961; INTERNAL; 7; 10; 3; 3694
INTERNAL; 9; 11; 2; 1961; INTERNAL; 8; 10; 2; 1883
INTERNAL; 10; 14; 4; 4774; INTERNAL; 8; 11; 3; 3999
INTERNAL; 10; 14; 4; 4774; INTERNAL; 9; 11; 2; 849
INTERNAL; 11; 15; 4; 798; INTERNAL; 9; 14; 5; 2995
INTERNAL; 12; 16; 4; 2852; INTERNAL; 11; 15; 4; 2071
INTERNAL; 11; 15; 4; 2071; INTERNAL; 9; 14; 5; 794
INTERNAL; 11; 15; 4; 2071; INTERNAL; 10; 14; 4; 796
INTERNAL; 13; 19; 6; 800; INTERNAL; 12; 16; 4; 4918
INTERNAL; 12; 16; 4; 4918; INTERNAL; 11; 15; 4; 3059
INTERNAL; 11; 15; 4; 3059; INTERNAL; 10; 12; 2; 854
INTERNAL; 10; 12; 2; 854; INTERNAL; 8; 11; 3; 839
INTERNAL; 10; 12; 2; 854; INTERNAL; 9; 11; 2; 2889
INTERNAL; 9; 11; 2; 2889; INTERNAL; 8; 10; 2; 4138
INTERNAL; 8; 10; 2; 4138; INTERNAL; 6; 9; 3; 1493
INTERNAL; 8; 10; 2; 4138; INTERNAL; 7; 9; 2; 1494
INTERNAL; 7; 9; 2; 1494; INTERNAL; 6; 8; 2; 1489
INTERNAL; 6; 8; 2; 1489; INTERNAL; 5; 7; 2; 4583
INTERNAL; 5; 7; 2; 4583; INTERNAL; 3; 5; 2; 1483
INTERNAL; 5; 7; 2; 4583; INTERNAL; 4; 6; 2; 1480
INTERNAL; 6; 8; 2; 1489; INTERNAL; 2; 7; 5; 4754
INTERNAL; 2; 7; 5; 4754; INPUT; 1; 6; 5; 1500
INTERNAL; 2; 7; 5; 4754; INPUT; 1; 6; 5; 1456
INTERNAL; 2; 7; 5; 4754; INPUT; 1; 6; 5; 3487
INTERNAL; 2; 7; 5; 4754; INPUT; 1; 6; 5; 5198
INTERNAL; 7; 9; 2; 1494; INTERNAL; 2; 8; 6; 3492
INTERNAL; 9; 11; 2; 2889; INTERNAL; 7; 10; 3; 1242
INTERNAL; 9; 11; 2; 2889; INTERNAL; 7; 10; 3; 1011
INTERNAL; 7; 10; 3; 1011; INTERNAL; 6; 9; 3; 919
INTERNAL; 7; 10; 3; 1011; INTERNAL; 4; 9; 5; 1197
INTERNAL; 4; 9; 5; 1197; INTERNAL; 2; 5; 3; 1168
INTERNAL; 4; 9; 5; 1197; INTERNAL; 3; 8; 5; 5569
INTERNAL; 7; 10; 3; 1011; INTERNAL; 6; 9; 3; 4074
INTERNAL; 10; 12; 2; 854; INTERNAL; 8; 11; 3; 1089
INTERNAL; 8; 11; 3; 1089; INTERNAL; 4; 10; 6; 983
INTERNAL; 4; 10; 6; 983; INTERNAL; 3; 9; 6; 3895
INTERNAL; 8; 11; 3; 1089; INTERNAL; 7; 10; 3; 1122
INTERNAL; 7; 10; 3; 1122; INTERNAL; 5; 9; 4; 1140
INTERNAL; 5; 9; 4; 1140; INTERNAL; 4; 8; 4; 928
INTERNAL; 4; 8; 4; 928; INTERNAL; 3; 7; 4; 924
INTERNAL; 4; 8; 4; 928; INTERNAL; 3; 7; 4; 4506
INTERNAL; 5; 9; 4; 1140; INTERNAL; 3; 8; 5; 2557
INTERNAL; 3; 8; 5; 2557; INTERNAL; 2; 7; 5; 917
INTERNAL; 5; 9; 4; 1140; INTERNAL; 3; 8; 5; 3854
INTERNAL; 3; 8; 5; 3854; INTERNAL; 2; 7; 5; 965
INTERNAL; 7; 10; 3; 1122; INTERNAL; 6; 9; 3; 2357
INTERNAL; 8; 11; 3; 1089; INTERNAL; 7; 10; 3; 986
INTERNAL; 11; 15; 4; 3059; INTERNAL; 10; 12; 2; 1808
INTERNAL; 11; 15; 4; 3059; INTERNAL; 10; 12; 2; 1015
INTERNAL; 10; 12; 2; 1015; INTERNAL; 9; 11; 2; 1074
INTERNAL; 9; 11; 2; 1074; INTERNAL; 8; 10; 2; 1499
INTERNAL; 9; 11; 2; 1074; INTERNAL; 3; 10; 7; 3781
INTERNAL; 9; 11; 2; 1074; INTERNAL; 8; 10; 2; 1498
INTERNAL; 10; 12; 2; 1015; INTERNAL; 9; 11; 2; 6023
INTERNAL; 10; 12; 2; 1015; INTERNAL; 9; 11; 2; 1263
INTERNAL; 12; 16; 4; 4918; INTERNAL; 11; 15; 4; 812
INTERNAL; 12; 16; 4; 4918; INTERNAL; 10; 15; 5; 811
INTERNAL; 18; 20; 2; 1824; INTERNAL; 11; 19; 8; 799
INTERNAL; 18; 20; 2; 1824; INTERNAL; 14; 19; 5; 2867
INTERNAL; 14; 19; 5; 2867; INTERNAL; 13; 17; 4; 1379
INTERNAL; 14; 19; 5; 2867; INTERNAL; 13; 17; 4; 3154
INTERNAL; 13; 17; 4; 3154; INTERNAL; 12; 16; 4; 814
INTERNAL; 12; 16; 4; 814; INTERNAL; 11; 13; 2; 2020
INTERNAL; 12; 16; 4; 814; INTERNAL; 9; 13; 4; 2315
INTERNAL; 9; 13; 4; 2315; INTERNAL; 8; 11; 3; 2671
INTERNAL; 8; 11; 3; 2671; INTERNAL; 7; 10; 3; 2765
INTERNAL; 8; 11; 3; 2671; INTERNAL; 4; 10; 6; 2028
INTERNAL; 4; 10; 6; 2028; INTERNAL; 3; 9; 6; 2736
INTERNAL; 3; 9; 6; 2736; INPUT; 1; 8; 7; 3886
INTERNAL; 3; 9; 6; 2736; INPUT; 1; 8; 7; 2181
INTERNAL; 4; 10; 6; 2028; INTERNAL; 3; 9; 6; 2568
INTERNAL; 3; 9; 6; 2568; INTERNAL; 2; 6; 4; 1092
INTERNAL; 3; 9; 6; 2568; INTERNAL; 2; 8; 6; 1093
INTERNAL; 4; 10; 6; 2028; INTERNAL; 3; 9; 6; 2343
INTERNAL; 4; 10; 6; 2028; INTERNAL; 3; 9; 6; 2809
INTERNAL; 3; 9; 6; 2809; INTERNAL; 2; 4; 2; 3202
INTERNAL; 9; 13; 4; 2315; INTERNAL; 8; 11; 3; 5894
INTERNAL; 9; 13; 4; 2315; INTERNAL; 8; 11; 3; 2240
INTERNAL; 8; 11; 3; 2240; INTERNAL; 5; 10; 5; 2882
INTERNAL; 5; 10; 5; 2882; INTERNAL; 3; 9; 6; 3553
INTERNAL; 3; 9; 6; 3553; INTERNAL; 2; 8; 6; 2682
INTERNAL; 5; 10; 5; 2882; INTERNAL; 4; 9; 5; 2598
INTERNAL; 4; 9; 5; 2598; INTERNAL; 3; 8; 5; 3914
INTERNAL; 3; 8; 5; 3914; INTERNAL; 2; 7; 5; 3520
INTERNAL; 4; 9; 5; 2598; INTERNAL; 2; 8; 6; 2267
INTERNAL; 4; 9; 5; 2598; INTERNAL; 2; 8; 6; 2055
INTERNAL; 2; 8; 6; 2055; INPUT; 1; 4; 3; 2144
INTERNAL; 2; 8; 6; 2055; INPUT; 1; 4; 3; 5011
INTERNAL; 2; 8; 6; 2055; INPUT; 1; 4; 3; 956
INTERNAL; 2; 8; 6; 2055; INPUT; 1; 4; 3; 6230
INTERNAL; 5; 10; 5; 2882; INTERNAL; 3; 9; 6; 1265
INTERNAL; 3; 9; 6; 1265; INTERNAL; 2; 5; 3; 3463
INTERNAL; 2; 5; 3; 3463; INPUT; 1; 4; 3; 1783
INTERNAL; 8; 11; 3; 2240; INTERNAL; 5; 10; 5; 2505
INTERNAL; 5; 10; 5; 2505; INTERNAL; 3; 9; 6; 896
INTERNAL; 3; 9; 6; 896; INTERNAL; 2; 8; 6; 6244
INTERNAL; 3; 9; 6; 896; INTERNAL; 2; 6; 4; 3604
INTERNAL; 3; 9; 6; 896; INTERNAL; 2; 8; 6; 3141
INTERNAL; 5; 10; 5; 2505; INTERNAL; 4; 9; 5; 1335
INTERNAL; 4; 9; 5; 1335; INTERNAL; 2; 4; 2; 2536
INTERNAL; 2; 4; 2; 2536; INPUT; 1; 3; 2; 2037
INTERNAL; 4; 9; 5; 1335; INTERNAL; 3; 8; 5; 1962
INTERNAL; 3; 8; 5; 1962; INTERNAL; 2; 7; 5; 935
INTERNAL; 8; 11; 3; 2240; INTERNAL; 7; 10; 3; 911
INTERNAL; 12; 16; 4; 814; INTERNAL; 11; 13; 2; 1788
INTERNAL; 11; 13; 2; 1788; INTERNAL; 10; 12; 2; 1593
INTERNAL; 11; 13; 2; 1788; INTERNAL; 9; 12; 3; 4373
INTERNAL; 11; 13; 2; 1788; INTERNAL; 10; 12; 2; 1872
INTERNAL; 10; 12; 2; 1872; INTERNAL; 8; 11; 3; 1887
INTERNAL; 10; 12; 2; 1872; INTERNAL; 9; 11; 2; 1790
INTERNAL; 10; 12; 2; 1872; INTERNAL; 4; 11; 7; 4647
INTERNAL; 4; 11; 7; 4647; INTERNAL; 3; 10; 7; 1080
INTERNAL; 3; 10; 7; 1080; INTERNAL; 2; 9; 7; 1078
INTERNAL; 13; 17; 4; 3154; INTERNAL; 12; 16; 4; 3578
INTERNAL; 18; 20; 2; 1824; INTERNAL; 17; 19; 2; 2521
INTERNAL; 17; 19; 2; 2521; INTERNAL; 14; 18; 4; 2118
INTERNAL; 17; 19; 2; 2521; INTERNAL; 16; 18; 2; 3684
INTERNAL; 16; 18; 2; 3684; INTERNAL; 14; 17; 3; 815
INTERNAL; 14; 17; 3; 815; INTERNAL; 13; 15; 2; 1515
INTERNAL; 13; 15; 2; 1515; INTERNAL; 12; 14; 2; 1513
INTERNAL; 12; 14; 2; 1513; INTERNAL; 11; 13; 2; 2966
INTERNAL; 11; 13; 2; 2966; INTERNAL; 5; 12; 7; 2210
INTERNAL; 5; 12; 7; 2210; INTERNAL; 2; 11; 9; 5781
INTERNAL; 5; 12; 7; 2210; INTERNAL; 4; 11; 7; 813
INTERNAL; 4; 11; 7; 813; INTERNAL; 3; 10; 7; 876
INTERNAL; 3; 10; 7; 876; INTERNAL; 2; 6; 4; 1710
INTERNAL; 11; 13; 2; 2966; INTERNAL; 10; 12; 2; 1603
INTERNAL; 11; 13; 2; 2966; INTERNAL; 9; 12; 3; 3758
INTERNAL; 9; 12; 3; 3758; INTERNAL; 5; 11; 6; 2849
INTERNAL; 5; 11; 6; 2849; INTERNAL; 4; 10; 6; 3842
INTERNAL; 4; 10; 6; 3842; INTERNAL; 3; 9; 6; 3704
INTERNAL; 3; 9; 6; 3704; INPUT; 1; 7; 6; 2606
INTERNAL; 3; 9; 6; 3704; INTERNAL; 2; 5; 3; 4405
INTERNAL; 5; 11; 6; 2849; INTERNAL; 4; 10; 6; 3821
INTERNAL; 4; 10; 6; 3821; INTERNAL; 3; 9; 6; 2583
INTERNAL; 3; 9; 6; 2583; INTERNAL; 2; 8; 6; 3308
INTERNAL; 9; 12; 3; 3758; INTERNAL; 4; 11; 7; 3582
INTERNAL; 4; 11; 7; 3582; INTERNAL; 3; 10; 7; 877
INTERNAL; 3; 10; 7; 877; INTERNAL; 2; 7; 5; 2044
INTERNAL; 3; 10; 7; 877; INTERNAL; 2; 9; 7; 2848
INTERNAL; 4; 11; 7; 3582; INTERNAL; 3; 10; 7; 5976
INTERNAL; 3; 10; 7; 5976; INTERNAL; 2; 6; 4; 1512
INTERNAL; 4; 11; 7; 3582; INTERNAL; 3; 10; 7; 3060
INTERNAL; 3; 10; 7; 3060; INTERNAL; 2; 7; 5; 929
INTERNAL; 9; 12; 3; 3758; INTERNAL; 8; 11; 3; 3481
INTERNAL; 12; 14; 2; 1513; INTERNAL; 9; 13; 4; 1193
INTERNAL; 12; 14; 2; 1513; INTERNAL; 11; 13; 2; 6006
INTERNAL; 13; 15; 2; 1515; INTERNAL; 5; 14; 9; 1511
INTERNAL; 13; 15; 2; 1515; INTERNAL; 12; 14; 2; 5130
INTERNAL; 12; 14; 2; 5130; INTERNAL; 6; 13; 7; 1216
INTERNAL; 6; 13; 7; 1216; INTERNAL; 5; 12; 7; 941
INTERNAL; 5; 12; 7; 941; INTERNAL; 4; 11; 7; 1367
INTERNAL; 5; 12; 7; 941; INTERNAL; 2; 11; 9; 863
INTERNAL; 12; 14; 2; 5130; INTERNAL; 5; 13; 8; 5376
INTERNAL; 5; 13; 8; 5376; INTERNAL; 4; 12; 8; 1119
INTERNAL; 4; 12; 8; 1119; INTERNAL; 2; 4; 2; 2301
INTERNAL; 4; 12; 8; 1119; INTERNAL; 3; 11; 8; 861
INTERNAL; 3; 11; 8; 861; INTERNAL; 2; 7; 5; 4357
INTERNAL; 4; 12; 8; 1119; INPUT; 1; 5; 4; 858
INTERNAL; 4; 12; 8; 1119; INPUT; 1; 4; 3; 856
INTERNAL; 4; 12; 8; 1119; INPUT; 1; 5; 4; 5618
INTERNAL; 5; 13; 8; 5376; INTERNAL; 3; 12; 9; 2117
INTERNAL; 3; 12; 9; 2117; INTERNAL; 2; 11; 9; 2434
INTERNAL; 12; 14; 2; 5130; INTERNAL; 11; 13; 2; 2497
INTERNAL; 14; 17; 3; 815; INTERNAL; 13; 15; 2; 5825
INTERNAL; 13; 15; 2; 5825; INTERNAL; 12; 14; 2; 2750
INTERNAL; 13; 15; 2; 5825; INTERNAL; 12; 14; 2; 1495
INTERNAL; 16; 18; 2; 3684; INTERNAL; 13; 17; 4; 1611
INTERNAL; 16; 18; 2; 3684; INTERNAL; 15; 17; 2; 818
INTERNAL; 15; 17; 2; 818; INTERNAL; 14; 16; 2; 2125
INTERNAL; 14; 16; 2; 2125; INTERNAL; 13; 15; 2; 834
INTERNAL; 14; 16; 2; 2125; INTERNAL; 13; 15; 2; 1564
INTERNAL; 13; 15; 2; 1564; INTERNAL; 5; 14; 9; 3729
INTERNAL; 5; 14; 9; 3729; INTERNAL; 4; 13; 9; 2377
INTERNAL; 4; 13; 9; 2377; INPUT; 1; 4; 3; 2092
INTERNAL; 4; 13; 9; 2377; INPUT; 1; 4; 3; 2780
INTERNAL; 4; 13; 9; 2377; INTERNAL; 3; 12; 9; 831
INTERNAL; 3; 12; 9; 831; INTERNAL; 2; 11; 9; 2972
INTERNAL; 2; 11; 9; 2972; INPUT; 1; 6; 5; 2662
INTERNAL; 2; 11; 9; 2972; INPUT; 1; 6; 5; 5098
INTERNAL; 2; 11; 9; 2972; INPUT; 1; 6; 5; 1284
INTERNAL; 3; 12; 9; 831; INPUT; 1; 5; 4; 828
INTERNAL; 4; 13; 9; 2377; INPUT; 1; 4; 3; 6061
INTERNAL; 5; 14; 9; 3729; INTERNAL; 3; 13; 10; 832
INTERNAL; 3; 13; 10; 832; INTERNAL; 2; 12; 10; 3325
INTERNAL; 3; 13; 10; 832; INPUT; 1; 6; 5; 819
INTERNAL; 5; 14; 9; 3729; INTERNAL; 3; 13; 10; 808
INTERNAL; 3; 13; 10; 808; INTERNAL; 2; 12; 10; 3971
INTERNAL; 13; 15; 2; 1564; INTERNAL; 12; 14; 2; 2847
INTERNAL; 15; 17; 2; 818; INTERNAL; 14; 16; 2; 3542
INTERNAL; 16; 18; 2; 3684; INTERNAL; 13; 17; 4; 1444
INTERNAL; 18; 20; 2; 1824; INTERNAL; 12; 19; 7; 945
INTERNAL; 20; 23; 3; 682; INTERNAL; 18; 22; 4; 515
INTERNAL; 18; 22; 4; 515; INTERNAL; 17; 21; 4; 99
INTERNAL; 17; 21; 4; 99; INTERNAL; 15; 20; 5; 98
INTERNAL; 15; 20; 5; 98; INTERNAL; 12; 17; 5; 2731
INTERNAL; 12; 17; 5; 2731; INTERNAL; 5; 13; 8; 170
INTERNAL; 5; 13; 8; 170; INTERNAL; 3; 6; 3; 206
INTERNAL; 3; 6; 3; 206; INTERNAL; 2; 5; 3; 207
INTERNAL; 5; 13; 8; 170; INTERNAL; 3; 12; 9; 167
INTERNAL; 3; 12; 9; 167; INTERNAL; 2; 5; 3; 4772
INTERNAL; 3; 12; 9; 167; INTERNAL; 2; 6; 4; 208
INTERNAL; 2; 6; 4; 208; INPUT; 1; 4; 3; 4149
INTERNAL; 2; 6; 4; 208; INPUT; 1; 4; 3; 4147
INTERNAL; 2; 6; 4; 208; INPUT; 1; 4; 3; 4148
INTERNAL; 2; 6; 4; 208; INPUT; 1; 4; 3; 2854
INTERNAL; 3; 12; 9; 167; INTERNAL; 2; 5; 3; 3523
INTERNAL; 5; 13; 8; 170; INTERNAL; 2; 7; 5; 347
INTERNAL; 2; 7; 5; 347; INPUT; 1; 4; 3; 4573
INTERNAL; 2; 7; 5; 347; INPUT; 1; 4; 3; 319
INTERNAL; 2; 7; 5; 347; INPUT; 1; 4; 3; 320
INTERNAL; 2; 7; 5; 347; INPUT; 1; 4; 3; 703
INTERNAL; 5; 13; 8; 170; INTERNAL; 3; 12; 9; 4350
INTERNAL; 3; 12; 9; 4350; INTERNAL; 2; 8; 6; 2793
INTERNAL; 5; 13; 8; 170; INTERNAL; 4; 12; 8; 166
INTERNAL; 4; 12; 8; 166; INPUT; 1; 5; 4; 3979
INTERNAL; 4; 12; 8; 166; INTERNAL; 2; 11; 9; 3218
INTERNAL; 4; 12; 8; 166; INPUT; 1; 5; 4; 351
INTERNAL; 12; 17; 5; 2731; INTERNAL; 5; 13; 8; 168
INTERNAL; 5; 13; 8; 168; INTERNAL; 4; 12; 8; 536
INTERNAL; 4; 12; 8; 536; INTERNAL; 3; 7; 4; 4338
INTERNAL; 4; 12; 8; 536; INTERNAL; 3; 11; 8; 165
INTERNAL; 3; 11; 8; 165; INPUT; 1; 4; 3; 2116
INTERNAL; 3; 11; 8; 165; INPUT; 1; 4; 3; 2127
INTERNAL; 3; 11; 8; 165; INPUT; 1; 4; 3; 3534
INTERNAL; 3; 11; 8; 165; INPUT; 1; 4; 3; 3739
INTERNAL; 4; 12; 8; 536; INTERNAL; 2; 5; 3; 321
INTERNAL; 5; 13; 8; 168; INTERNAL; 2; 6; 4; 5059
INTERNAL; 5; 13; 8; 168; INTERNAL; 2; 6; 4; 594
INTERNAL; 2; 6; 4; 594; INPUT; 1; 5; 4; 4959
INTERNAL; 2; 6; 4; 594; INPUT; 1; 5; 4; 4962
INTERNAL; 2; 6; 4; 594; INPUT; 1; 5; 4; 1602
INTERNAL; 2; 6; 4; 594; INPUT; 1; 5; 4; 3146
INTERNAL; 12; 17; 5; 2731; INTERNAL; 11; 13; 2; 2407
INTERNAL; 11; 13; 2; 2407; INTERNAL; 10; 12; 2; 377
INTERNAL; 10; 12; 2; 377; INTERNAL; 5; 11; 6; 2611
INTERNAL; 5; 11; 6; 2611; INTERNAL; 4; 10; 6; 285
INTERNAL; 4; 10; 6; 285; INTERNAL; 2; 7; 5; 1803
INTERNAL; 4; 10; 6; 285; INTERNAL; 3; 9; 6; 3286
INTERNAL; 3; 9; 6; 3286; INTERNAL; 2; 7; 5; 516
INTERNAL; 3; 9; 6; 3286; INTERNAL; 2; 5; 3; 4152
INTERNAL; 5; 11; 6; 2611; INTERNAL; 3; 10; 7; 286
INTERNAL; 5; 11; 6; 2611; INTERNAL; 2; 6; 4; 284
INTERNAL; 5; 11; 6; 2611; INTERNAL; 2; 6; 4; 3981
INTERNAL; 2; 6; 4; 3981; INPUT; 1; 4; 3; 295
INTERNAL; 2; 6; 4; 3981; INPUT; 1; 4; 3; 6132
INTERNAL; 2; 6; 4; 3981; INPUT; 1; 4; 3; 4939
INTERNAL; 2; 6; 4; 3981; INPUT; 1; 4; 3; 4805
INTERNAL; 10; 12; 2; 377; INTERNAL; 9; 11; 2; 375
INTERNAL; 9; 11; 2; 375; INTERNAL; 4; 10; 6; 372
INTERNAL; 4; 10; 6; 372; INTERNAL; 3; 9; 6; 5169
INTERNAL; 3; 9; 6; 5169; INTERNAL; 2; 8; 6; 4684
INTERNAL; 3; 9; 6; 5169; INTERNAL; 2; 8; 6; 3405
INTERNAL; 9; 11; 2; 375; INTERNAL; 8; 10; 2; 374
INTERNAL; 8; 10; 2; 374; INTERNAL; 3; 9; 6; 369
INTERNAL; 3; 9; 6; 369; INTERNAL; 2; 4; 2; 1746
INTERNAL; 2; 4; 2; 1746; INPUT; 1; 3; 2; 2317
INTERNAL; 2; 4; 2; 1746; INPUT; 1; 3; 2; 2775
INTERNAL; 8; 10; 2; 374; INTERNAL; 7; 9; 2; 371
INTERNAL; 7; 9; 2; 371; INTERNAL; 4; 8; 4; 367
INTERNAL; 4; 8; 4; 367; INTERNAL; 3; 7; 4; 356
INTERNAL; 3; 7; 4; 356; INTERNAL; 2; 6; 4; 6260
INTERNAL; 2; 6; 4; 6260; INPUT; 1; 5; 4; 2491
INTERNAL; 4; 8; 4; 367; INTERNAL; 3; 7; 4; 5146
INTERNAL; 4; 8; 4; 367; INTERNAL; 2; 7; 5; 353
INTERNAL; 4; 8; 4; 367; INTERNAL; 3; 7; 4; 3313
INTERNAL; 3; 7; 4; 3313; INPUT; 1; 4; 3; 4800
INTERNAL; 3; 7; 4; 3313; INPUT; 1; 4; 3; 1802
INTERNAL; 3; 7; 4; 3313; INPUT; 1; 4; 3; 4796
INTERNAL; 4; 8; 4; 367; INTERNAL; 3; 7; 4; 355
INTERNAL; 3; 7; 4; 355; INTERNAL; 2; 6; 4; 3733
INTERNAL; 2; 6; 4; 3733; INPUT; 1; 5; 4; 352
INTERNAL; 7; 9; 2; 371; INTERNAL; 6; 8; 2; 5244
INTERNAL; 6; 8; 2; 5244; INTERNAL; 3; 7; 4; 365
INTERNAL; 6; 8; 2; 5244; INTERNAL; 3; 7; 4; 1605
INTERNAL; 3; 7; 4; 1605; INTERNAL; 2; 6; 4; 3896
INTERNAL; 6; 8; 2; 5244; INTERNAL; 5; 7; 2; 366
INTERNAL; 5; 7; 2; 366; INTERNAL; 4; 6; 2; 1175
INTERNAL; 4; 6; 2; 1175; INTERNAL; 3; 5; 2; 5111
INTERNAL; 4; 6; 2; 1175; INTERNAL; 2; 5; 3; 2013
INTERNAL; 5; 7; 2; 366; INTERNAL; 3; 6; 3; 3461
INTERNAL; 3; 6; 3; 3461; INTERNAL; 2; 5; 3; 4964
INTERNAL; 3; 6; 3; 3461; INTERNAL; 2; 5; 3; 364
INTERNAL; 7; 9; 2; 371; INTERNAL; 5; 8; 3; 368
INTERNAL; 5; 8; 3; 368; INTERNAL; 3; 7; 4; 2415
INTERNAL; 3; 7; 4; 2415; INPUT; 1; 5; 4; 2749
INTERNAL; 3; 7; 4; 2415; INPUT; 1; 4; 3; 1392
INTERNAL; 3; 7; 4; 2415; INTERNAL; 2; 6; 4; 4801
INTERNAL; 2; 6; 4; 4801; INPUT; 1; 5; 4; 3723
INTERNAL; 2; 6; 4; 4801; INPUT; 1; 5; 4; 1458
INTERNAL; 2; 6; 4; 4801; INPUT; 1; 5; 4; 360
INTERNAL; 3; 7; 4; 2415; INPUT; 1; 4; 3; 2933
INTERNAL; 5; 8; 3; 368; INTERNAL; 4; 7; 3; 363
INTERNAL; 4; 7; 3; 363; INTERNAL; 2; 5; 3; 1536
INTERNAL; 4; 7; 3; 363; INTERNAL; 3; 6; 3; 1345
INTERNAL; 3; 6; 3; 1345; INTERNAL; 2; 5; 3; 361
INTERNAL; 5; 8; 3; 368; INTERNAL; 2; 7; 5; 2405
INTERNAL; 2; 7; 5; 2405; INPUT; 1; 6; 5; 6042
INTERNAL; 2; 7; 5; 2405; INPUT; 1; 6; 5; 358
INTERNAL; 2; 7; 5; 2405; INPUT; 1; 6; 5; 5666
INTERNAL; 2; 7; 5; 2405; INPUT; 1; 6; 5; 359
INTERNAL; 5; 8; 3; 368; INTERNAL; 2; 7; 5; 362
INTERNAL; 2; 7; 5; 362; INPUT; 1; 6; 5; 357
INTERNAL; 5; 8; 3; 368; INTERNAL; 2; 7; 5; 5725
INTERNAL; 8; 10; 2; 374; INTERNAL; 6; 9; 3; 370
INTERNAL; 6; 9; 3; 370; INTERNAL; 5; 8; 3; 350
INTERNAL; 5; 8; 3; 350; INTERNAL; 2; 5; 3; 3175
INTERNAL; 5; 8; 3; 350; INTERNAL; 4; 7; 3; 3791
INTERNAL; 4; 7; 3; 3791; INTERNAL; 2; 6; 4; 346
INTERNAL; 4; 7; 3; 3791; INTERNAL; 2; 6; 4; 700
INTERNAL; 2; 6; 4; 700; INPUT; 1; 5; 4; 2630
INTERNAL; 4; 7; 3; 3791; INTERNAL; 2; 6; 4; 1361
INTERNAL; 2; 6; 4; 1361; INPUT; 1; 4; 3; 5277
INTERNAL; 2; 6; 4; 1361; INPUT; 1; 5; 4; 4598
INTERNAL; 5; 8; 3; 350; INTERNAL; 2; 7; 5; 2120
INTERNAL; 2; 7; 5; 2120; INPUT; 1; 6; 5; 2488
INTERNAL; 6; 9; 3; 370; INTERNAL; 5; 8; 3; 349
INTERNAL; 5; 8; 3; 349; INTERNAL; 3; 7; 4; 4555
INTERNAL; 3; 7; 4; 4555; INTERNAL; 2; 6; 4; 342
INTERNAL; 2; 6; 4; 342; INPUT; 1; 4; 3; 6232
INTERNAL; 2; 6; 4; 342; INPUT; 1; 4; 3; 2186
INTERNAL; 2; 6; 4; 342; INPUT; 1; 4; 3; 2803
INTERNAL; 2; 6; 4; 342; INPUT; 1; 4; 3; 754
INTERNAL; 3; 7; 4; 4555; INTERNAL; 2; 6; 4; 5881
INTERNAL; 3; 7; 4; 4555; INTERNAL; 2; 6; 4; 6184
INTERNAL; 2; 6; 4; 6184; INPUT; 1; 4; 3; 6236
INTERNAL; 5; 8; 3; 349; INTERNAL; 4; 7; 3; 2814
INTERNAL; 4; 7; 3; 2814; INTERNAL; 2; 6; 4; 344
INTERNAL; 2; 6; 4; 344; INPUT; 1; 5; 4; 4994
INTERNAL; 2; 6; 4; 344; INPUT; 1; 5; 4; 4997
INTERNAL; 4; 7; 3; 2814; INTERNAL; 2; 6; 4; 343
INTERNAL; 4; 7; 3; 2814; INTERNAL; 3; 6; 3; 4430
INTERNAL; 3; 6; 3; 4430; INTERNAL; 2; 5; 3; 3935
INTERNAL; 4; 7; 3; 2814; INTERNAL; 3; 6; 3; 345
INTERNAL; 5; 8; 3; 349; INTERNAL; 3; 7; 4; 5025
INTERNAL; 3; 7; 4; 5025; INTERNAL; 2; 6; 4; 4144
INTERNAL; 3; 7; 4; 5025; INPUT; 1; 6; 5; 4395
INTERNAL; 3; 7; 4; 5025; INPUT; 1; 6; 5; 4397
INTERNAL; 6; 9; 3; 370; INTERNAL; 4; 8; 4; 348
INTERNAL; 4; 8; 4; 348; INTERNAL; 2; 7; 5; 3120
INTERNAL; 4; 8; 4; 348; INTERNAL; 3; 7; 4; 341
INTERNAL; 3; 7; 4; 341; INPUT; 1; 5; 4; 6055
INTERNAL; 3; 7; 4; 341; INPUT; 1; 5; 4; 340
INTERNAL; 9; 11; 2; 375; INTERNAL; 5; 10; 5; 2853
INTERNAL; 5; 10; 5; 2853; INTERNAL; 2; 7; 5; 338
INTERNAL; 2; 7; 5; 338; INPUT; 1; 5; 4; 3775
INTERNAL; 5; 10; 5; 2853; INTERNAL; 4; 9; 5; 6199
INTERNAL; 4; 9; 5; 6199; INTERNAL; 3; 8; 5; 422
INTERNAL; 3; 8; 5; 422; INTERNAL; 2; 6; 4; 605
INTERNAL; 2; 6; 4; 605; INPUT; 1; 5; 4; 3574
INTERNAL; 2; 6; 4; 605; INPUT; 1; 5; 4; 4307
INTERNAL; 2; 6; 4; 605; INPUT; 1; 5; 4; 5465
INTERNAL; 2; 6; 4; 605; INPUT; 1; 5; 4; 4306
INTERNAL; 4; 9; 5; 6199; INTERNAL; 3; 7; 4; 335
INTERNAL; 4; 9; 5; 6199; INTERNAL; 2; 7; 5; 2924
INTERNAL; 5; 10; 5; 2853; INTERNAL; 2; 9; 7; 337
INTERNAL; 5; 10; 5; 2853; INTERNAL; 3; 9; 6; 1338
INTERNAL; 5; 10; 5; 2853; INTERNAL; 2; 7; 5; 336
INTERNAL; 10; 12; 2; 377; INTERNAL; 8; 11; 3; 2547
INTERNAL; 8; 11; 3; 2547; INTERNAL; 7; 10; 3; 333
INTERNAL; 7; 10; 3; 333; INTERNAL; 6; 9; 3; 6173
INTERNAL; 6; 9; 3; 6173; INTERNAL; 5; 8; 3; 315
INTERNAL; 5; 8; 3; 315; INTERNAL; 4; 7; 3; 314
INTERNAL; 4; 7; 3; 314; INTERNAL; 2; 6; 4; 312
INTERNAL; 2; 6; 4; 312; INPUT; 1; 4; 3; 2514
INTERNAL; 2; 6; 4; 312; INPUT; 1; 4; 3; 3951
INTERNAL; 2; 6; 4; 312; INPUT; 1; 4; 3; 2101
INTERNAL; 2; 6; 4; 312; INPUT; 1; 4; 3; 5386
INTERNAL; 4; 7; 3; 314; INTERNAL; 2; 6; 4; 311
INTERNAL; 5; 8; 3; 315; INTERNAL; 2; 7; 5; 313
INTERNAL; 6; 9; 3; 6173; INTERNAL; 4; 8; 4; 3144
INTERNAL; 4; 8; 4; 3144; INTERNAL; 3; 7; 4; 2001
INTERNAL; 3; 7; 4; 2001; INTERNAL; 2; 6; 4; 354
INTERNAL; 2; 6; 4; 354; INPUT; 1; 5; 4; 2719
INTERNAL; 3; 7; 4; 2001; INTERNAL; 2; 5; 3; 810
INTERNAL; 3; 7; 4; 2001; INTERNAL; 2; 6; 4; 309
INTERNAL; 2; 6; 4; 309; INPUT; 1; 5; 4; 4126
INTERNAL; 3; 7; 4; 2001; INTERNAL; 2; 6; 4; 2960
INTERNAL; 4; 8; 4; 3144; INTERNAL; 2; 6; 4; 3288
INTERNAL; 4; 8; 4; 3144; INTERNAL; 2; 6; 4; 5422
INTERNAL; 4; 8; 4; 3144; INTERNAL; 2; 7; 5; 310
INTERNAL; 2; 7; 5; 310; INPUT; 1; 6; 5; 4353
INTERNAL; 2; 7; 5; 310; INPUT; 1; 6; 5; 4349
INTERNAL; 2; 7; 5; 310; INPUT; 1; 6; 5; 3887
INTERNAL; 2; 7; 5; 310; INPUT; 1; 6; 5; 3200
INTERNAL; 7; 10; 3; 333; INTERNAL; 3; 9; 6; 331
INTERNAL; 7; 10; 3; 333; INTERNAL; 6; 9; 3; 1131
INTERNAL; 6; 9; 3; 1131; INTERNAL; 5; 8; 3; 3181
INTERNAL; 5; 8; 3; 3181; INTERNAL; 2; 6; 4; 298
INTERNAL; 5; 8; 3; 3181; INTERNAL; 3; 7; 4; 339
INTERNAL; 3; 7; 4; 339; INTERNAL; 2; 6; 4; 5950
INTERNAL; 5; 8; 3; 3181; INTERNAL; 2; 7; 5; 4314
INTERNAL; 2; 7; 5; 4314; INPUT; 1; 5; 4; 4319
INTERNAL; 5; 8; 3; 3181; INTERNAL; 4; 7; 3; 5191
INTERNAL; 4; 7; 3; 5191; INTERNAL; 2; 6; 4; 1049
INTERNAL; 2; 6; 4; 1049; INPUT; 1; 5; 4; 490
INTERNAL; 2; 6; 4; 1049; INPUT; 1; 5; 4; 5917
INTERNAL; 2; 6; 4; 1049; INPUT; 1; 5; 4; 491
INTERNAL; 4; 7; 3; 5191; INTERNAL; 2; 6; 4; 5923
INTERNAL; 4; 7; 3; 5191; INTERNAL; 2; 5; 3; 4756
INTERNAL; 4; 7; 3; 5191; INTERNAL; 3; 6; 3; 297
INTERNAL; 3; 6; 3; 297; INPUT; 1; 5; 4; 296
INTERNAL; 3; 6; 3; 297; INPUT; 1; 5; 4; 570
INTERNAL; 3; 6; 3; 297; INPUT; 1; 5; 4; 373
INTERNAL; 3; 6; 3; 297; INPUT; 1; 5; 4; 2737
INTERNAL; 3; 6; 3; 297; INTERNAL; 2; 5; 3; 5230
INTERNAL; 5; 8; 3; 3181; INTERNAL; 2; 7; 5; 3050
INTERNAL; 5; 8; 3; 3181; INTERNAL; 2; 6; 4; 1323
INTERNAL; 2; 6; 4; 1323; INPUT; 1; 5; 4; 292
INTERNAL; 2; 6; 4; 1323; INPUT; 1; 5; 4; 293
INTERNAL; 2; 6; 4; 1323; INPUT; 1; 5; 4; 291
INTERNAL; 2; 6; 4; 1323; INPUT; 1; 5; 4; 294
INTERNAL; 6; 9; 3; 1131; INTERNAL; 5; 8; 3; 307
INTERNAL; 5; 8; 3; 307; INTERNAL; 4; 7; 3; 4946
INTERNAL; 4; 7; 3; 4946; INTERNAL; 2; 6; 4; 4766
INTERNAL; 4; 7; 3; 4946; INTERNAL; 2; 5; 3; 3293
INTERNAL; 4; 7; 3; 4946; INTERNAL; 2; 6; 4; 496
INTERNAL; 5; 8; 3; 307; INTERNAL; 4; 7; 3; 300
INTERNAL; 4; 7; 3; 300; INTERNAL; 2; 5; 3; 1366
INTERNAL; 5; 8; 3; 307; INTERNAL; 2; 7; 5; 290
INTERNAL; 6; 9; 3; 1131; INTERNAL; 5; 8; 3; 308
INTERNAL; 5; 8; 3; 308; INTERNAL; 3; 7; 4; 306
INTERNAL; 5; 8; 3; 308; INTERNAL; 2; 7; 5; 4921
INTERNAL; 5; 8; 3; 308; INTERNAL; 4; 7; 3; 305
INTERNAL; 4; 7; 3; 305; INTERNAL; 2; 6; 4; 3888
INTERNAL; 2; 6; 4; 3888; INPUT; 1; 5; 4; 301
INTERNAL; 2; 6; 4; 3888; INPUT; 1; 5; 4; 3440
INTERNAL; 2; 6; 4; 3888; INPUT; 1; 5; 4; 302
INTERNAL; 2; 6; 4; 3888; INPUT; 1; 5; 4; 4210
INTERNAL; 4; 7; 3; 305; INTERNAL; 3; 6; 3; 3852
INTERNAL; 3; 6; 3; 3852; INTERNAL; 2; 5; 3; 303
INTERNAL; 5; 8; 3; 308; INTERNAL; 2; 7; 5; 6197
INTERNAL; 2; 7; 5; 6197; INPUT; 1; 6; 5; 299
INTERNAL; 2; 7; 5; 6197; INPUT; 1; 6; 5; 6008
INTERNAL; 2; 7; 5; 6197; INPUT; 1; 6; 5; 1524
INTERNAL; 8; 11; 3; 2547; INTERNAL; 4; 10; 6; 603
INTERNAL; 4; 10; 6; 603; INTERNAL; 3; 9; 6; 287
INTERNAL; 4; 10; 6; 603; INTERNAL; 3; 9; 6; 288
INTERNAL; 3; 9; 6; 288; INPUT; 1; 5; 4; 4137
INTERNAL; 3; 9; 6; 288; INPUT; 1; 5; 4; 2754
INTERNAL; 3; 9; 6; 288; INPUT; 1; 5; 4; 4037
INTERNAL; 4; 10; 6; 603; INTERNAL; 3; 9; 6; 4877
INTERNAL; 3; 9; 6; 4877; INTERNAL; 2; 8; 6; 2201
INTERNAL; 2; 8; 6; 2201; INPUT; 1; 6; 5; 3583
INTERNAL; 3; 9; 6; 4877; INTERNAL; 2; 8; 6; 1874
INTERNAL; 8; 11; 3; 2547; INTERNAL; 7; 10; 3; 334
INTERNAL; 7; 10; 3; 334; INTERNAL; 6; 9; 3; 332
INTERNAL; 6; 9; 3; 332; INTERNAL; 5; 8; 3; 329
INTERNAL; 5; 8; 3; 329; INTERNAL; 4; 7; 3; 324
INTERNAL; 4; 7; 3; 324; INTERNAL; 3; 6; 3; 322
INTERNAL; 4; 7; 3; 324; INPUT; 1; 6; 5; 323
INTERNAL; 4; 7; 3; 324; INTERNAL; 3; 6; 3; 5704
INTERNAL; 5; 8; 3; 329; INTERNAL; 2; 7; 5; 805
INTERNAL; 5; 8; 3; 329; INTERNAL; 3; 7; 4; 325
INTERNAL; 3; 7; 4; 325; INPUT; 1; 4; 3; 5910
INTERNAL; 3; 7; 4; 325; INPUT; 1; 4; 3; 3721
INTERNAL; 3; 7; 4; 325; INTERNAL; 2; 6; 4; 318
INTERNAL; 3; 7; 4; 325; INPUT; 1; 4; 3; 3696
INTERNAL; 5; 8; 3; 329; INTERNAL; 3; 7; 4; 479
INTERNAL; 3; 7; 4; 479; INPUT; 1; 5; 4; 1337
INTERNAL; 3; 7; 4; 479; INPUT; 1; 5; 4; 1773
INTERNAL; 3; 7; 4; 479; INTERNAL; 2; 6; 4; 5226
INTERNAL; 3; 7; 4; 479; INPUT; 1; 5; 4; 4315
INTERNAL; 6; 9; 3; 332; INTERNAL; 4; 8; 4; 328
INTERNAL; 4; 8; 4; 328; INTERNAL; 2; 7; 5; 1291
INTERNAL; 4; 8; 4; 328; INTERNAL; 3; 7; 4; 1921
INTERNAL; 3; 7; 4; 1921; INTERNAL; 2; 6; 4; 4187
INTERNAL; 2; 6; 4; 4187; INPUT; 1; 2; 1; 2756
INTERNAL; 2; 6; 4; 4187; INPUT; 1; 2; 1; 6068
INTERNAL; 2; 6; 4; 4187; INPUT; 1; 2; 1; 2289
INTERNAL; 2; 6; 4; 4187; INPUT; 1; 2; 1; 3259
INTERNAL; 3; 7; 4; 1921; INTERNAL; 2; 6; 4; 1765
INTERNAL; 2; 6; 4; 1765; INPUT; 1; 5; 4; 316
INTERNAL; 4; 8; 4; 328; INTERNAL; 3; 7; 4; 317
INTERNAL; 6; 9; 3; 332; INTERNAL; 5; 8; 3; 330
INTERNAL; 5; 8; 3; 330; INTERNAL; 2; 6; 4; 3600
INTERNAL; 5; 8; 3; 330; INTERNAL; 4; 7; 3; 914
INTERNAL; 4; 7; 3; 914; INTERNAL; 3; 6; 3; 4557
INTERNAL; 3; 6; 3; 4557; INTERNAL; 2; 5; 3; 4627
INTERNAL; 2; 5; 3; 4627; INPUT; 1; 4; 3; 4630
INTERNAL; 2; 5; 3; 4627; INPUT; 1; 4; 3; 4629
INTERNAL; 2; 5; 3; 4627; INPUT; 1; 4; 3; 4632
INTERNAL; 2; 5; 3; 4627; INPUT; 1; 4; 3; 4223
INTERNAL; 5; 8; 3; 330; INTERNAL; 4; 7; 3; 327
INTERNAL; 4; 7; 3; 327; INTERNAL; 3; 6; 3; 5036
INTERNAL; 3; 6; 3; 5036; INPUT; 1; 5; 4; 2790
INTERNAL; 3; 6; 3; 5036; INTERNAL; 2; 5; 3; 4859
INTERNAL; 4; 7; 3; 327; INTERNAL; 3; 6; 3; 326
INTERNAL; 3; 6; 3; 326; INTERNAL; 2; 4; 2; 3756
INTERNAL; 7; 10; 3; 334; INTERNAL; 3; 9; 6; 2857
INTERNAL; 3; 9; 6; 2857; INTERNAL; 2; 8; 6; 1868
INTERNAL; 2; 8; 6; 1868; INPUT; 1; 5; 4; 724
INTERNAL; 2; 8; 6; 1868; INPUT; 1; 5; 4; 725
INTERNAL; 2; 8; 6; 1868; INPUT; 1; 5; 4; 726
INTERNAL; 2; 8; 6; 1868; INPUT; 1; 5; 4; 727
INTERNAL; 11; 13; 2; 2407; INTERNAL; 5; 12; 7; 455
INTERNAL; 5; 12; 7; 455; INTERNAL; 3; 11; 8; 244
INTERNAL; 3; 11; 8; 244; INTERNAL; 2; 9; 7; 6248
INTERNAL; 5; 12; 7; 455; INTERNAL; 3; 11; 8; 268
INTERNAL; 3; 11; 8; 268; INTERNAL; 2; 6; 4; 243
INTERNAL; 2; 6; 4; 243; INPUT; 1; 5; 4; 3126
INTERNAL; 2; 6; 4; 243; INPUT; 1; 5; 4; 4203
INTERNAL; 2; 6; 4; 243; INPUT; 1; 5; 4; 5577
INTERNAL; 2; 6; 4; 243; INPUT; 1; 5; 4; 242
INTERNAL; 5; 12; 7; 455; INTERNAL; 4; 11; 7; 825
INTERNAL; 4; 11; 7; 825; INTERNAL; 2; 7; 5; 261
INTERNAL; 5; 12; 7; 455; INTERNAL; 3; 7; 4; 3960
INTERNAL; 11; 13; 2; 2407; INTERNAL; 9; 12; 3; 376
INTERNAL; 9; 12; 3; 376; INTERNAL; 5; 11; 6; 4024
INTERNAL; 5; 11; 6; 4024; INTERNAL; 4; 10; 6; 247
INTERNAL; 4; 10; 6; 247; INTERNAL; 2; 6; 4; 2224
INTERNAL; 4; 10; 6; 247; INTERNAL; 3; 6; 3; 246
INTERNAL; 3; 6; 3; 246; INTERNAL; 2; 5; 3; 245
INTERNAL; 5; 11; 6; 4024; INTERNAL; 2; 6; 4; 690
INTERNAL; 5; 11; 6; 4024; INTERNAL; 2; 10; 8; 248
INTERNAL; 2; 10; 8; 248; INPUT; 1; 2; 1; 4089
INTERNAL; 9; 12; 3; 376; INTERNAL; 8; 11; 3; 5615
INTERNAL; 8; 11; 3; 5615; INTERNAL; 5; 10; 5; 281
INTERNAL; 5; 10; 5; 281; INTERNAL; 2; 7; 5; 431
INTERNAL; 5; 10; 5; 281; INTERNAL; 2; 9; 7; 254
INTERNAL; 5; 10; 5; 281; INTERNAL; 4; 9; 5; 2460
INTERNAL; 4; 9; 5; 2460; INTERNAL; 3; 8; 5; 4421
INTERNAL; 3; 8; 5; 4421; INTERNAL; 2; 3; 1; 4562
INTERNAL; 4; 9; 5; 2460; INTERNAL; 2; 7; 5; 3934
INTERNAL; 5; 10; 5; 281; INTERNAL; 2; 9; 7; 255
INTERNAL; 8; 11; 3; 5615; INTERNAL; 7; 10; 3; 282
INTERNAL; 7; 10; 3; 282; INTERNAL; 4; 9; 5; 1819
INTERNAL; 4; 9; 5; 1819; INTERNAL; 3; 8; 5; 4707
INTERNAL; 3; 8; 5; 4707; INTERNAL; 2; 5; 3; 3683
INTERNAL; 4; 9; 5; 1819; INTERNAL; 3; 8; 5; 264
INTERNAL; 3; 8; 5; 264; INTERNAL; 2; 7; 5; 2297
INTERNAL; 4; 9; 5; 1819; INTERNAL; 3; 8; 5; 744
INTERNAL; 3; 8; 5; 744; INTERNAL; 2; 7; 5; 4986
INTERNAL; 4; 9; 5; 1819; INTERNAL; 3; 8; 5; 263
INTERNAL; 4; 9; 5; 1819; INTERNAL; 2; 8; 6; 262
INTERNAL; 7; 10; 3; 282; INTERNAL; 6; 9; 3; 280
INTERNAL; 6; 9; 3; 280; INTERNAL; 4; 8; 4; 278
INTERNAL; 4; 8; 4; 278; INTERNAL; 2; 7; 5; 269
INTERNAL; 4; 8; 4; 278; INTERNAL; 2; 7; 5; 267
INTERNAL; 4; 8; 4; 278; INTERNAL; 3; 7; 4; 266
INTERNAL; 3; 7; 4; 266; INTERNAL; 2; 6; 4; 5183
INTERNAL; 2; 6; 4; 5183; INPUT; 1; 5; 4; 2698
INTERNAL; 2; 6; 4; 5183; INPUT; 1; 5; 4; 4585
INTERNAL; 2; 6; 4; 5183; INPUT; 1; 5; 4; 4269
INTERNAL; 2; 6; 4; 5183; INPUT; 1; 5; 4; 5571
INTERNAL; 3; 7; 4; 266; INTERNAL; 2; 6; 4; 538
INTERNAL; 2; 6; 4; 538; INPUT; 1; 3; 2; 2135
INTERNAL; 3; 7; 4; 266; INTERNAL; 2; 6; 4; 265
INTERNAL; 6; 9; 3; 280; INTERNAL; 5; 8; 3; 279
INTERNAL; 5; 8; 3; 279; INTERNAL; 4; 7; 3; 277
INTERNAL; 4; 7; 3; 277; INTERNAL; 2; 6; 4; 274
INTERNAL; 4; 7; 3; 277; INTERNAL; 3; 6; 3; 273
INTERNAL; 3; 6; 3; 273; INTERNAL; 2; 5; 3; 5968
INTERNAL; 5; 8; 3; 279; INTERNAL; 2; 7; 5; 275
INTERNAL; 5; 8; 3; 279; INTERNAL; 2; 7; 5; 276
INTERNAL; 2; 7; 5; 276; INPUT; 1; 6; 5; 5477
INTERNAL; 2; 7; 5; 276; INPUT; 1; 6; 5; 2657
INTERNAL; 2; 7; 5; 276; INPUT; 1; 6; 5; 5455
INTERNAL; 2; 7; 5; 276; INPUT; 1; 6; 5; 2027
INTERNAL; 6; 9; 3; 280; INTERNAL; 5; 8; 3; 5472
INTERNAL; 5; 8; 3; 5472; INTERNAL; 3; 7; 4; 272
INTERNAL; 3; 7; 4; 272; INTERNAL; 2; 6; 4; 3894
INTERNAL; 2; 6; 4; 3894; INPUT; 1; 5; 4; 5006
INTERNAL; 2; 6; 4; 3894; INPUT; 1; 5; 4; 1315
INTERNAL; 2; 6; 4; 3894; INPUT; 1; 5; 4; 5002
INTERNAL; 2; 6; 4; 3894; INPUT; 1; 5; 4; 1734
INTERNAL; 3; 7; 4; 272; INTERNAL; 2; 6; 4; 509
INTERNAL; 2; 6; 4; 509; INPUT; 1; 5; 4; 3357
INTERNAL; 2; 6; 4; 509; INPUT; 1; 5; 4; 4449
INTERNAL; 2; 6; 4; 509; INPUT; 1; 5; 4; 4448
INTERNAL; 3; 7; 4; 272; INPUT; 1; 6; 5; 4331
INTERNAL; 5; 8; 3; 5472; INTERNAL; 4; 7; 3; 1811
INTERNAL; 4; 7; 3; 1811; INTERNAL; 2; 6; 4; 270
INTERNAL; 4; 7; 3; 1811; INTERNAL; 3; 6; 3; 3707
INTERNAL; 4; 7; 3; 1811; INTERNAL; 3; 6; 3; 271
INTERNAL; 5; 8; 3; 5472; INTERNAL; 3; 7; 4; 2067
INTERNAL; 3; 7; 4; 2067; INTERNAL; 2; 6; 4; 1903
INTERNAL; 8; 11; 3; 5615; INTERNAL; 5; 10; 5; 5294
INTERNAL; 5; 10; 5; 5294; INTERNAL; 2; 8; 6; 3013
INTERNAL; 5; 10; 5; 5294; INTERNAL; 3; 9; 6; 258
INTERNAL; 3; 9; 6; 258; INTERNAL; 2; 8; 6; 1212
INTERNAL; 3; 9; 6; 258; INTERNAL; 2; 8; 6; 498
INTERNAL; 5; 10; 5; 5294; INTERNAL; 4; 9; 5; 257
INTERNAL; 4; 9; 5; 257; INTERNAL; 3; 8; 5; 740
INTERNAL; 3; 8; 5; 740; INPUT; 1; 6; 5; 5436
INTERNAL; 3; 8; 5; 740; INPUT; 1; 6; 5; 6092
INTERNAL; 3; 8; 5; 740; INPUT; 1; 6; 5; 3237
INTERNAL; 4; 9; 5; 257; INTERNAL; 2; 8; 6; 256
INTERNAL; 5; 10; 5; 5294; INTERNAL; 3; 9; 6; 259
INTERNAL; 3; 9; 6; 259; INTERNAL; 2; 6; 4; 3358
INTERNAL; 9; 12; 3; 376; INTERNAL; 5; 11; 6; 283
INTERNAL; 5; 11; 6; 283; INTERNAL; 2; 10; 8; 4935
INTERNAL; 5; 11; 6; 283; INTERNAL; 3; 10; 7; 253
INTERNAL; 3; 10; 7; 253; INTERNAL; 2; 6; 4; 6284
INTERNAL; 5; 11; 6; 283; INTERNAL; 4; 10; 6; 252
INTERNAL; 4; 10; 6; 252; INTERNAL; 3; 8; 5; 519
INTERNAL; 5; 11; 6; 283; INTERNAL; 2; 6; 4; 4738
INTERNAL; 5; 11; 6; 283; INTERNAL; 4; 10; 6; 251
INTERNAL; 4; 10; 6; 251; INTERNAL; 3; 9; 6; 249
INTERNAL; 4; 10; 6; 251; INTERNAL; 2; 9; 7; 250
INTERNAL; 4; 10; 6; 251; INTERNAL; 2; 5; 3; 4712
INTERNAL; 2; 5; 3; 4712; INPUT; 1; 3; 2; 1749
INTERNAL; 2; 5; 3; 4712; INPUT; 1; 3; 2; 2654
INTERNAL; 2; 5; 3; 4712; INPUT; 1; 3; 2; 3184
INTERNAL; 2; 5; 3; 4712; INPUT; 1; 3; 2; 3114
INTERNAL; 15; 20; 5; 98; INTERNAL; 13; 17; 4; 380
INTERNAL; 13; 17; 4; 380; INTERNAL; 12; 14; 2; 3319
INTERNAL; 13; 17; 4; 380; INTERNAL; 12; 14; 2; 171
INTERNAL; 12; 14; 2; 171; INTERNAL; 9; 13; 4; 1237
INTERNAL; 12; 14; 2; 171; INTERNAL; 11; 13; 2; 4873
INTERNAL; 12; 14; 2; 171; INTERNAL; 11; 13; 2; 654
INTERNAL; 11; 13; 2; 654; INTERNAL; 10; 12; 2; 5573
INTERNAL; 10; 12; 2; 5573; INTERNAL; 9; 11; 2; 240
INTERNAL; 9; 11; 2; 240; INTERNAL; 8; 10; 2; 238
INTERNAL; 9; 11; 2; 240; INTERNAL; 8; 10; 2; 237
INTERNAL; 8; 10; 2; 237; INTERNAL; 7; 9; 2; 5748
INTERNAL; 8; 10; 2; 237; INTERNAL; 6; 9; 3; 260
INTERNAL; 6; 9; 3; 260; INTERNAL; 4; 8; 4; 3561
INTERNAL; 4; 8; 4; 3561; INTERNAL; 3; 7; 4; 658
INTERNAL; 3; 7; 4; 658; INPUT; 1; 6; 5; 1411
INTERNAL; 6; 9; 3; 260; INTERNAL; 5; 8; 3; 235
INTERNAL; 5; 8; 3; 235; INTERNAL; 4; 7; 3; 233
INTERNAL; 6; 9; 3; 260; INTERNAL; 5; 8; 3; 234
INTERNAL; 5; 8; 3; 234; INTERNAL; 3; 7; 4; 751
INTERNAL; 5; 8; 3; 234; INTERNAL; 4; 7; 3; 232
INTERNAL; 8; 10; 2; 237; INTERNAL; 5; 9; 4; 5707
INTERNAL; 5; 9; 4; 5707; INTERNAL; 4; 8; 4; 229
INTERNAL; 5; 9; 4; 5707; INTERNAL; 4; 8; 4; 230
INTERNAL; 5; 9; 4; 5707; INTERNAL; 3; 8; 5; 5500
INTERNAL; 9; 11; 2; 240; INTERNAL; 7; 10; 3; 236
INTERNAL; 10; 12; 2; 5573; INTERNAL; 8; 11; 3; 3732
INTERNAL; 10; 12; 2; 5573; INTERNAL; 8; 11; 3; 239
INTERNAL; 8; 11; 3; 239; INTERNAL; 7; 10; 3; 228
INTERNAL; 8; 11; 3; 239; INTERNAL; 7; 10; 3; 1269
INTERNAL; 7; 10; 3; 1269; INTERNAL; 6; 9; 3; 5430
INTERNAL; 6; 9; 3; 5430; INTERNAL; 5; 8; 3; 211
INTERNAL; 5; 8; 3; 211; INTERNAL; 4; 7; 3; 209
INTERNAL; 4; 7; 3; 209; INTERNAL; 3; 6; 3; 5156
INTERNAL; 5; 8; 3; 211; INTERNAL; 4; 7; 3; 2337
INTERNAL; 6; 9; 3; 5430; INTERNAL; 5; 8; 3; 210
INTERNAL; 5; 8; 3; 210; INTERNAL; 4; 7; 3; 4351
INTERNAL; 4; 7; 3; 4351; INTERNAL; 2; 6; 4; 205
INTERNAL; 2; 6; 4; 205; INPUT; 1; 5; 4; 2866
INTERNAL; 2; 6; 4; 205; INPUT; 1; 5; 4; 203
INTERNAL; 2; 6; 4; 205; INPUT; 1; 5; 4; 204
INTERNAL; 2; 6; 4; 205; INPUT; 1; 5; 4; 201
INTERNAL; 4; 7; 3; 4351; INTERNAL; 3; 6; 3; 3836
INTERNAL; 7; 10; 3; 1269; INTERNAL; 6; 9; 3; 226
INTERNAL; 6; 9; 3; 226; INTERNAL; 5; 8; 3; 225
INTERNAL; 5; 8; 3; 225; INTERNAL; 3; 7; 4; 5312
INTERNAL; 3; 7; 4; 5312; INTERNAL; 2; 6; 4; 212
INTERNAL; 2; 6; 4; 212; INPUT; 1; 5; 4; 5501
INTERNAL; 5; 8; 3; 225; INTERNAL; 4; 7; 3; 218
INTERNAL; 4; 7; 3; 218; INTERNAL; 2; 6; 4; 217
INTERNAL; 2; 6; 4; 217; INPUT; 1; 4; 3; 750
INTERNAL; 2; 6; 4; 217; INPUT; 1; 4; 3; 4911
INTERNAL; 2; 6; 4; 217; INPUT; 1; 4; 3; 930
INTERNAL; 2; 6; 4; 217; INPUT; 1; 4; 3; 4910
INTERNAL; 5; 8; 3; 225; INTERNAL; 3; 7; 4; 402
INTERNAL; 3; 7; 4; 402; INTERNAL; 2; 6; 4; 1906
INTERNAL; 2; 6; 4; 1906; INPUT; 1; 5; 4; 214
INTERNAL; 2; 6; 4; 1906; INPUT; 1; 5; 4; 213
INTERNAL; 2; 6; 4; 1906; INPUT; 1; 5; 4; 215
INTERNAL; 2; 6; 4; 1906; INPUT; 1; 5; 4; 216
INTERNAL; 6; 9; 3; 226; INTERNAL; 5; 8; 3; 3808
INTERNAL; 5; 8; 3; 3808; INTERNAL; 2; 5; 3; 4802
INTERNAL; 5; 8; 3; 3808; INTERNAL; 4; 7; 3; 221
INTERNAL; 4; 7; 3; 221; INTERNAL; 3; 6; 3; 220
INTERNAL; 3; 6; 3; 220; INTERNAL; 2; 5; 3; 2500
INTERNAL; 3; 6; 3; 220; INTERNAL; 2; 5; 3; 219
INTERNAL; 2; 5; 3; 219; INPUT; 1; 4; 3; 5713
INTERNAL; 6; 9; 3; 226; INTERNAL; 5; 8; 3; 6275
INTERNAL; 5; 8; 3; 6275; INTERNAL; 4; 7; 3; 3789
INTERNAL; 4; 7; 3; 3789; INPUT; 1; 6; 5; 223
INTERNAL; 4; 7; 3; 3789; INPUT; 1; 6; 5; 224
INTERNAL; 4; 7; 3; 3789; INPUT; 1; 6; 5; 222
INTERNAL; 4; 7; 3; 3789; INPUT; 1; 6; 5; 4270
INTERNAL; 7; 10; 3; 1269; INTERNAL; 6; 9; 3; 227
INTERNAL; 8; 11; 3; 239; INTERNAL; 7; 10; 3; 4741
INTERNAL; 7; 10; 3; 4741; INTERNAL; 6; 9; 3; 4898
INTERNAL; 6; 9; 3; 4898; INTERNAL; 4; 8; 4; 198
INTERNAL; 4; 8; 4; 198; INTERNAL; 3; 7; 4; 195
INTERNAL; 6; 9; 3; 4898; INTERNAL; 5; 8; 3; 4580
INTERNAL; 5; 8; 3; 4580; INTERNAL; 3; 7; 4; 3382
INTERNAL; 5; 8; 3; 4580; INTERNAL; 4; 7; 3; 196
INTERNAL; 6; 9; 3; 4898; INTERNAL; 3; 8; 5; 197
INTERNAL; 3; 8; 5; 197; INTERNAL; 2; 7; 5; 927
INTERNAL; 2; 7; 5; 927; INPUT; 1; 4; 3; 2208
INTERNAL; 3; 8; 5; 197; INTERNAL; 2; 6; 4; 4718
INTERNAL; 7; 10; 3; 4741; INTERNAL; 6; 9; 3; 200
INTERNAL; 7; 10; 3; 4741; INTERNAL; 6; 9; 3; 199
INTERNAL; 11; 13; 2; 654; INTERNAL; 10; 12; 2; 5008
INTERNAL; 11; 13; 2; 654; INTERNAL; 10; 12; 2; 241
INTERNAL; 10; 12; 2; 241; INTERNAL; 8; 11; 3; 1519
INTERNAL; 8; 11; 3; 1519; INTERNAL; 7; 10; 3; 4505
INTERNAL; 7; 10; 3; 4505; INTERNAL; 6; 9; 3; 5520
INTERNAL; 7; 10; 3; 4505; INTERNAL; 6; 9; 3; 3152
INTERNAL; 7; 10; 3; 4505; INTERNAL; 4; 9; 5; 5528
INTERNAL; 4; 9; 5; 5528; INTERNAL; 3; 8; 5; 5676
INTERNAL; 4; 9; 5; 5528; INTERNAL; 3; 8; 5; 3794
INTERNAL; 8; 11; 3; 1519; INTERNAL; 3; 10; 7; 193
INTERNAL; 8; 11; 3; 1519; INTERNAL; 7; 10; 3; 5445
INTERNAL; 10; 12; 2; 241; INTERNAL; 9; 11; 2; 194
INTERNAL; 10; 12; 2; 241; INTERNAL; 8; 11; 3; 5797
INTERNAL; 15; 20; 5; 98; INTERNAL; 14; 17; 3; 5473
INTERNAL; 14; 17; 3; 5473; INTERNAL; 13; 15; 2; 378
INTERNAL; 14; 17; 3; 5473; INTERNAL; 13; 15; 2; 379
INTERNAL; 13; 15; 2; 379; INTERNAL; 12; 14; 2; 1327
INTERNAL; 13; 15; 2; 379; INTERNAL; 12; 14; 2; 1993
INTERNAL; 12; 14; 2; 1993; INTERNAL; 11; 13; 2; 192
INTERNAL; 11; 13; 2; 192; INTERNAL; 10; 12; 2; 3185
INTERNAL; 10; 12; 2; 3185; INTERNAL; 9; 11; 2; 4438
INTERNAL; 10; 12; 2; 3185; INTERNAL; 8; 11; 3; 179
INTERNAL; 10; 12; 2; 3185; INTERNAL; 8; 11; 3; 178
INTERNAL; 8; 11; 3; 178; INTERNAL; 6; 10; 4; 176
INTERNAL; 6; 10; 4; 176; INTERNAL; 5; 9; 4; 174
INTERNAL; 6; 10; 4; 176; INTERNAL; 4; 9; 5; 172
INTERNAL; 8; 11; 3; 178; INTERNAL; 7; 10; 3; 177
INTERNAL; 11; 13; 2; 192; INTERNAL; 10; 12; 2; 412
INTERNAL; 11; 13; 2; 192; INTERNAL; 10; 12; 2; 1389
INTERNAL; 10; 12; 2; 1389; INTERNAL; 8; 11; 3; 191
INTERNAL; 10; 12; 2; 1389; INTERNAL; 8; 11; 3; 2772
INTERNAL; 8; 11; 3; 2772; INTERNAL; 7; 10; 3; 4734
INTERNAL; 7; 10; 3; 4734; INTERNAL; 6; 9; 3; 186
INTERNAL; 7; 10; 3; 4734; INTERNAL; 6; 9; 3; 185
INTERNAL; 6; 9; 3; 185; INTERNAL; 5; 8; 3; 1975
INTERNAL; 5; 8; 3; 1975; INTERNAL; 3; 7; 4; 182
INTERNAL; 5; 8; 3; 1975; INTERNAL; 4; 7; 3; 1764
INTERNAL; 4; 7; 3; 1764; INTERNAL; 3; 6; 3; 181
INTERNAL; 6; 9; 3; 185; INTERNAL; 3; 8; 5; 183
INTERNAL; 7; 10; 3; 4734; INTERNAL; 5; 9; 4; 184
INTERNAL; 5; 9; 4; 184; INTERNAL; 4; 8; 4; 3538
INTERNAL; 5; 9; 4; 184; INTERNAL; 3; 8; 5; 180
INTERNAL; 8; 11; 3; 2772; INTERNAL; 7; 10; 3; 2396
INTERNAL; 7; 10; 3; 2396; INTERNAL; 6; 9; 3; 187
INTERNAL; 7; 10; 3; 2396; INTERNAL; 6; 9; 3; 3428
INTERNAL; 8; 11; 3; 2772; INTERNAL; 7; 10; 3; 188
INTERNAL; 10; 12; 2; 1389; INTERNAL; 9; 11; 2; 3825
INTERNAL; 9; 11; 2; 3825; INTERNAL; 7; 10; 3; 190
INTERNAL; 9; 11; 2; 3825; INTERNAL; 6; 10; 4; 189
INTERNAL; 9; 11; 2; 3825; INTERNAL; 8; 10; 2; 4240
INTERNAL; 12; 14; 2; 1993; INTERNAL; 11; 13; 2; 4335
INTERNAL; 12; 14; 2; 1993; INTERNAL; 10; 13; 3; 4882
INTERNAL; 17; 21; 4; 99; INTERNAL; 15; 18; 3; 484
INTERNAL; 15; 18; 3; 484; INTERNAL; 13; 16; 3; 162
INTERNAL; 15; 18; 3; 484; INTERNAL; 14; 16; 2; 2473
INTERNAL; 15; 18; 3; 484; INTERNAL; 12; 16; 4; 5315
INTERNAL; 12; 16; 4; 5315; INTERNAL; 10; 15; 5; 159
INTERNAL; 12; 16; 4; 5315; INTERNAL; 11; 15; 4; 161
INTERNAL; 12; 16; 4; 5315; INTERNAL; 11; 15; 4; 160
INTERNAL; 11; 15; 4; 160; INTERNAL; 9; 14; 5; 157
INTERNAL; 9; 14; 5; 157; INTERNAL; 8; 13; 5; 155
INTERNAL; 8; 13; 5; 155; INTERNAL; 7; 12; 5; 153
INTERNAL; 8; 13; 5; 155; INTERNAL; 5; 12; 7; 5759
INTERNAL; 8; 13; 5; 155; INTERNAL; 6; 12; 6; 152
INTERNAL; 9; 14; 5; 157; INTERNAL; 8; 13; 5; 5936
INTERNAL; 9; 14; 5; 157; INTERNAL; 7; 13; 6; 154
INTERNAL; 11; 15; 4; 160; INTERNAL; 10; 14; 4; 3447
INTERNAL; 11; 15; 4; 160; INTERNAL; 10; 14; 4; 158
INTERNAL; 10; 14; 4; 158; INTERNAL; 8; 13; 5; 835
INTERNAL; 10; 14; 4; 158; INTERNAL; 9; 13; 4; 891
INTERNAL; 10; 14; 4; 158; INTERNAL; 6; 13; 7; 156
INTERNAL; 15; 18; 3; 484; INTERNAL; 12; 16; 4; 163
INTERNAL; 17; 21; 4; 99; INTERNAL; 16; 18; 2; 1053
INTERNAL; 16; 18; 2; 1053; INTERNAL; 13; 17; 4; 4171
INTERNAL; 13; 17; 4; 4171; INTERNAL; 12; 16; 4; 5873
INTERNAL; 12; 16; 4; 5873; INTERNAL; 10; 15; 5; 148
INTERNAL; 12; 16; 4; 5873; INTERNAL; 10; 15; 5; 149
INTERNAL; 10; 15; 5; 149; INTERNAL; 9; 14; 5; 147
INTERNAL; 10; 15; 5; 149; INTERNAL; 8; 14; 6; 2687
INTERNAL; 12; 16; 4; 5873; INTERNAL; 11; 15; 4; 150
INTERNAL; 13; 17; 4; 4171; INTERNAL; 12; 16; 4; 151
INTERNAL; 16; 18; 2; 1053; INTERNAL; 15; 17; 2; 164
INTERNAL; 18; 22; 4; 515; INTERNAL; 17; 19; 2; 2838
INTERNAL; 17; 19; 2; 2838; INTERNAL; 13; 18; 5; 146
INTERNAL; 17; 19; 2; 2838; INTERNAL; 12; 18; 6; 3058
INTERNAL; 17; 19; 2; 2838; INTERNAL; 16; 18; 2; 231
INTERNAL; 17; 19; 2; 2838; INTERNAL; 10; 18; 8; 4125
INTERNAL; 18; 22; 4; 515; INTERNAL; 17; 19; 2; 382
INTERNAL; 20; 23; 3; 682; INTERNAL; 18; 22; 4; 103
INTERNAL; 18; 22; 4; 103; INTERNAL; 17; 21; 4; 468
INTERNAL; 17; 21; 4; 468; INTERNAL; 15; 20; 5; 97
INTERNAL; 23; 24; 1; 2123; INTERNAL; 19; 23; 4; 113
INTERNAL; 19; 23; 4; 113; INTERNAL; 18; 22; 4; 94
INTERNAL; 18; 22; 4; 94; INTERNAL; 16; 21; 5; 93
INTERNAL; 16; 21; 5; 93; INTERNAL; 13; 18; 5; 2738
INTERNAL; 16; 21; 5; 93; INTERNAL; 15; 18; 3; 3160
INTERNAL; 16; 21; 5; 93; INTERNAL; 14; 18; 4; 1523
INTERNAL; 18; 22; 4; 94; INTERNAL; 17; 19; 2; 2429
INTERNAL; 18; 22; 4; 94; INTERNAL; 16; 19; 3; 5463
INTERNAL; 19; 23; 4; 113; INTERNAL; 18; 22; 4; 3926
INTERNAL; 18; 22; 4; 3926; INTERNAL; 16; 21; 5; 92
INTERNAL; 19; 23; 4; 113; INTERNAL; 18; 20; 2; 3048
INTERNAL; 23; 24; 1; 2123; INTERNAL; 22; 23; 1; 1754
INTERNAL; 22; 23; 1; 1754; INTERNAL; 20; 22; 2; 112
INTERNAL; 20; 22; 2; 112; INTERNAL; 18; 21; 3; 2629
INTERNAL; 18; 21; 3; 2629; INTERNAL; 16; 20; 4; 5912
INTERNAL; 16; 20; 4; 5912; INTERNAL; 11; 19; 8; 1826
INTERNAL; 11; 19; 8; 1826; INTERNAL; 9; 16; 7; 5789
INTERNAL; 9; 16; 7; 5789; INTERNAL; 7; 14; 7; 4387
INTERNAL; 7; 14; 7; 4387; INTERNAL; 5; 10; 5; 408
INTERNAL; 5; 10; 5; 408; INTERNAL; 4; 9; 5; 2308
INTERNAL; 4; 9; 5; 2308; INTERNAL; 2; 7; 5; 1325
INTERNAL; 5; 10; 5; 408; INTERNAL; 3; 8; 5; 1289
INTERNAL; 3; 8; 5; 1289; INPUT; 1; 4; 3; 4652
INTERNAL; 3; 8; 5; 1289; INPUT; 1; 4; 3; 4659
INTERNAL; 5; 10; 5; 408; INTERNAL; 4; 9; 5; 407
INTERNAL; 4; 9; 5; 407; INTERNAL; 2; 3; 1; 1594
INTERNAL; 4; 9; 5; 407; INTERNAL; 3; 7; 4; 522
INTERNAL; 7; 14; 7; 4387; INTERNAL; 6; 10; 4; 409
INTERNAL; 6; 10; 4; 409; INTERNAL; 4; 9; 5; 3296
INTERNAL; 4; 9; 5; 3296; INTERNAL; 2; 7; 5; 523
INTERNAL; 4; 9; 5; 3296; INTERNAL; 2; 5; 3; 3831
INTERNAL; 6; 10; 4; 409; INTERNAL; 4; 9; 5; 1070
INTERNAL; 4; 9; 5; 1070; INTERNAL; 2; 8; 6; 569
INTERNAL; 4; 9; 5; 1070; INTERNAL; 2; 6; 4; 2726
INTERNAL; 4; 9; 5; 1070; INTERNAL; 3; 8; 5; 430
INTERNAL; 3; 8; 5; 430; INTERNAL; 2; 6; 4; 5565
INTERNAL; 3; 8; 5; 430; INTERNAL; 2; 6; 4; 527
INTERNAL; 6; 10; 4; 409; INTERNAL; 5; 9; 4; 1027
INTERNAL; 5; 9; 4; 1027; INTERNAL; 3; 8; 5; 432
INTERNAL; 5; 9; 4; 1027; INTERNAL; 4; 8; 4; 3830
INTERNAL; 4; 8; 4; 3830; INTERNAL; 2; 6; 4; 3413
INTERNAL; 4; 8; 4; 3830; INTERNAL; 3; 7; 4; 545
INTERNAL; 5; 9; 4; 1027; INTERNAL; 3; 8; 5; 3910
INTERNAL; 3; 8; 5; 3910; INTERNAL; 2; 7; 5; 4696
INTERNAL; 5; 9; 4; 1027; INTERNAL; 2; 6; 4; 6237
INTERNAL; 9; 16; 7; 5789; INTERNAL; 8; 14; 6; 387
INTERNAL; 8; 14; 6; 387; INTERNAL; 7; 11; 4; 4276
INTERNAL; 7; 11; 4; 4276; INTERNAL; 6; 10; 4; 435
INTERNAL; 6; 10; 4; 435; INTERNAL; 5; 9; 4; 529
INTERNAL; 5; 9; 4; 529; INTERNAL; 2; 5; 3; 1775
INTERNAL; 5; 9; 4; 529; INTERNAL; 4; 8; 4; 520
INTERNAL; 4; 8; 4; 520; INTERNAL; 3; 7; 4; 5818
INTERNAL; 3; 7; 4; 5818; INTERNAL; 2; 6; 4; 517
INTERNAL; 4; 8; 4; 520; INTERNAL; 3; 7; 4; 3847
INTERNAL; 3; 7; 4; 3847; INTERNAL; 2; 6; 4; 518
INTERNAL; 5; 9; 4; 529; INTERNAL; 3; 8; 5; 521
INTERNAL; 6; 10; 4; 435; INTERNAL; 5; 9; 4; 531
INTERNAL; 5; 9; 4; 531; INTERNAL; 3; 8; 5; 3263
INTERNAL; 5; 9; 4; 531; INTERNAL; 4; 8; 4; 5879
INTERNAL; 4; 8; 4; 5879; INTERNAL; 3; 7; 4; 528
INTERNAL; 6; 10; 4; 435; INTERNAL; 5; 9; 4; 530
INTERNAL; 5; 9; 4; 530; INTERNAL; 4; 8; 4; 526
INTERNAL; 5; 9; 4; 530; INTERNAL; 4; 8; 4; 525
INTERNAL; 4; 8; 4; 525; INTERNAL; 2; 7; 5; 524
INTERNAL; 7; 11; 4; 4276; INTERNAL; 5; 10; 5; 433
INTERNAL; 5; 10; 5; 433; INTERNAL; 4; 9; 5; 429
INTERNAL; 4; 9; 5; 429; INTERNAL; 3; 8; 5; 427
INTERNAL; 5; 10; 5; 433; INTERNAL; 3; 9; 6; 428
INTERNAL; 3; 9; 6; 428; INTERNAL; 2; 6; 4; 600
INTERNAL; 3; 9; 6; 428; INTERNAL; 2; 7; 5; 2590
INTERNAL; 5; 10; 5; 433; INTERNAL; 4; 9; 5; 606
INTERNAL; 4; 9; 5; 606; INTERNAL; 2; 8; 6; 459
INTERNAL; 7; 11; 4; 4276; INTERNAL; 6; 10; 4; 434
INTERNAL; 8; 14; 6; 387; INTERNAL; 7; 11; 4; 3987
INTERNAL; 7; 11; 4; 3987; INTERNAL; 6; 10; 4; 406
INTERNAL; 6; 10; 4; 406; INTERNAL; 5; 9; 4; 424
INTERNAL; 5; 9; 4; 424; INTERNAL; 2; 5; 3; 6297
INTERNAL; 5; 9; 4; 424; INTERNAL; 4; 8; 4; 5206
INTERNAL; 4; 8; 4; 5206; INTERNAL; 3; 7; 4; 2319
INTERNAL; 3; 7; 4; 2319; INTERNAL; 2; 6; 4; 3940
INTERNAL; 3; 7; 4; 2319; INTERNAL; 2; 6; 4; 465
INTERNAL; 4; 8; 4; 5206; INTERNAL; 3; 4; 1; 1905
INTERNAL; 6; 10; 4; 406; INTERNAL; 4; 9; 5; 780
INTERNAL; 4; 9; 5; 780; INTERNAL; 2; 7; 5; 510
INTERNAL; 4; 9; 5; 780; INTERNAL; 3; 8; 5; 419
INTERNAL; 3; 8; 5; 419; INTERNAL; 2; 7; 5; 2666
INTERNAL; 4; 9; 5; 780; INTERNAL; 2; 8; 6; 420
INTERNAL; 6; 10; 4; 406; INTERNAL; 4; 9; 5; 423
INTERNAL; 4; 9; 5; 423; INTERNAL; 2; 8; 6; 502
INTERNAL; 4; 9; 5; 423; INTERNAL; 3; 8; 5; 421
INTERNAL; 7; 11; 4; 3987; INTERNAL; 5; 10; 5; 2518
INTERNAL; 8; 14; 6; 387; INTERNAL; 7; 11; 4; 410
INTERNAL; 9; 16; 7; 5789; INTERNAL; 7; 14; 7; 4552
INTERNAL; 11; 19; 8; 1826; INTERNAL; 10; 16; 6; 384
INTERNAL; 10; 16; 6; 384; INTERNAL; 8; 15; 7; 388
INTERNAL; 8; 15; 7; 388; INTERNAL; 6; 11; 5; 404
INTERNAL; 6; 11; 5; 404; INTERNAL; 4; 9; 5; 442
INTERNAL; 4; 9; 5; 442; INTERNAL; 3; 8; 5; 3076
INTERNAL; 3; 8; 5; 3076; INTERNAL; 2; 6; 4; 3892
INTERNAL; 2; 6; 4; 3892; INPUT; 1; 5; 4; 2124
INTERNAL; 6; 11; 5; 404; INTERNAL; 5; 9; 4; 443
INTERNAL; 5; 9; 4; 443; INTERNAL; 2; 7; 5; 550
INTERNAL; 2; 7; 5; 550; INPUT; 1; 4; 3; 3691
INTERNAL; 2; 7; 5; 550; INPUT; 1; 4; 3; 2986
INTERNAL; 2; 7; 5; 550; INPUT; 1; 4; 3; 5464
INTERNAL; 5; 9; 4; 443; INTERNAL; 4; 8; 4; 553
INTERNAL; 4; 8; 4; 553; INTERNAL; 3; 7; 4; 2154
INTERNAL; 5; 9; 4; 443; INTERNAL; 2; 8; 6; 552
INTERNAL; 6; 11; 5; 404; INTERNAL; 3; 9; 6; 441
INTERNAL; 8; 15; 7; 388; INTERNAL; 7; 11; 4; 405
INTERNAL; 7; 11; 4; 405; INTERNAL; 6; 10; 4; 444
INTERNAL; 6; 10; 4; 444; INTERNAL; 5; 9; 4; 440
INTERNAL; 5; 9; 4; 440; INTERNAL; 3; 8; 5; 4730
INTERNAL; 5; 9; 4; 440; INTERNAL; 4; 8; 4; 566
INTERNAL; 5; 9; 4; 440; INTERNAL; 4; 8; 4; 438
INTERNAL; 4; 8; 4; 438; INTERNAL; 3; 3; 0; 4588
INTERNAL; 6; 10; 4; 444; INTERNAL; 4; 9; 5; 2975
INTERNAL; 4; 9; 5; 2975; INTERNAL; 2; 8; 6; 492
INTERNAL; 4; 9; 5; 2975; INTERNAL; 3; 8; 5; 1815
INTERNAL; 3; 8; 5; 1815; INTERNAL; 2; 6; 4; 4674
INTERNAL; 6; 10; 4; 444; INTERNAL; 4; 9; 5; 439
INTERNAL; 4; 9; 5; 439; INTERNAL; 2; 8; 6; 4175
INTERNAL; 4; 9; 5; 439; INTERNAL; 3; 8; 5; 548
INTERNAL; 3; 8; 5; 548; INTERNAL; 2; 6; 4; 547
INTERNAL; 3; 8; 5; 548; INTERNAL; 2; 7; 5; 4393
INTERNAL; 7; 11; 4; 405; INTERNAL; 6; 10; 4; 1696
INTERNAL; 6; 10; 4; 1696; INTERNAL; 5; 9; 4; 582
INTERNAL; 5; 9; 4; 582; INTERNAL; 3; 8; 5; 5554
INTERNAL; 3; 8; 5; 5554; INTERNAL; 2; 6; 4; 1252
INTERNAL; 5; 9; 4; 582; INTERNAL; 4; 8; 4; 574
INTERNAL; 4; 8; 4; 574; INTERNAL; 2; 7; 5; 571
INTERNAL; 4; 8; 4; 574; INTERNAL; 2; 7; 5; 5366
INTERNAL; 5; 9; 4; 582; INTERNAL; 4; 8; 4; 3867
INTERNAL; 4; 8; 4; 3867; INTERNAL; 2; 5; 3; 6043
INTERNAL; 4; 8; 4; 3867; INTERNAL; 3; 7; 4; 573
INTERNAL; 3; 7; 4; 573; INTERNAL; 2; 6; 4; 822
INTERNAL; 3; 7; 4; 573; INTERNAL; 2; 6; 4; 572
INTERNAL; 6; 10; 4; 1696; INTERNAL; 5; 9; 4; 583
INTERNAL; 5; 9; 4; 583; INTERNAL; 3; 8; 5; 3424
INTERNAL; 5; 9; 4; 583; INTERNAL; 4; 8; 4; 581
INTERNAL; 4; 8; 4; 581; INTERNAL; 3; 7; 4; 6129
INTERNAL; 3; 7; 4; 6129; INTERNAL; 2; 6; 4; 578
INTERNAL; 3; 7; 4; 6129; INTERNAL; 2; 6; 4; 4441
INTERNAL; 4; 8; 4; 581; INTERNAL; 3; 7; 4; 2411
INTERNAL; 4; 8; 4; 581; INTERNAL; 2; 6; 4; 3337
INTERNAL; 4; 8; 4; 581; INTERNAL; 2; 6; 4; 4933
INTERNAL; 5; 9; 4; 583; INTERNAL; 2; 8; 6; 579
INTERNAL; 5; 9; 4; 583; INTERNAL; 3; 8; 5; 2745
INTERNAL; 5; 9; 4; 583; INTERNAL; 2; 8; 6; 580
INTERNAL; 6; 10; 4; 1696; INTERNAL; 5; 9; 4; 2526
INTERNAL; 5; 9; 4; 2526; INTERNAL; 2; 8; 6; 3900
INTERNAL; 5; 9; 4; 2526; INTERNAL; 2; 8; 6; 2502
INTERNAL; 5; 9; 4; 2526; INTERNAL; 4; 8; 4; 577
INTERNAL; 4; 8; 4; 577; INTERNAL; 3; 7; 4; 576
INTERNAL; 5; 9; 4; 2526; INTERNAL; 3; 8; 5; 2555
INTERNAL; 3; 8; 5; 2555; INTERNAL; 2; 7; 5; 575
INTERNAL; 7; 11; 4; 405; INTERNAL; 6; 10; 4; 445
INTERNAL; 8; 15; 7; 388; INTERNAL; 7; 11; 4; 3607
INTERNAL; 7; 11; 4; 3607; INTERNAL; 6; 10; 4; 426
INTERNAL; 6; 10; 4; 426; INTERNAL; 5; 9; 4; 557
INTERNAL; 5; 9; 4; 557; INTERNAL; 3; 8; 5; 3153
INTERNAL; 3; 8; 5; 3153; INTERNAL; 2; 7; 5; 551
INTERNAL; 6; 10; 4; 426; INTERNAL; 5; 9; 4; 556
INTERNAL; 5; 9; 4; 556; INTERNAL; 4; 8; 4; 549
INTERNAL; 4; 8; 4; 549; INPUT; 1; 5; 4; 1595
INTERNAL; 4; 8; 4; 549; INTERNAL; 3; 7; 4; 5046
INTERNAL; 4; 8; 4; 549; INPUT; 1; 5; 4; 3988
INTERNAL; 5; 9; 4; 556; INTERNAL; 3; 8; 5; 5507
INTERNAL; 3; 8; 5; 5507; INTERNAL; 2; 3; 1; 2804
INTERNAL; 3; 8; 5; 5507; INTERNAL; 2; 7; 5; 544
INTERNAL; 3; 8; 5; 5507; INTERNAL; 2; 7; 5; 546
INTERNAL; 5; 9; 4; 556; INTERNAL; 3; 8; 5; 1376
INTERNAL; 3; 8; 5; 1376; INTERNAL; 2; 7; 5; 2170
INTERNAL; 2; 7; 5; 2170; INPUT; 1; 6; 5; 4391
INTERNAL; 2; 7; 5; 2170; INPUT; 1; 6; 5; 4469
INTERNAL; 6; 10; 4; 426; INTERNAL; 5; 9; 4; 558
INTERNAL; 5; 9; 4; 558; INTERNAL; 4; 8; 4; 554
INTERNAL; 4; 8; 4; 554; INTERNAL; 2; 6; 4; 4161
INTERNAL; 5; 9; 4; 558; INTERNAL; 2; 8; 6; 555
INTERNAL; 7; 11; 4; 3607; INTERNAL; 6; 10; 4; 425
INTERNAL; 7; 11; 4; 3607; INTERNAL; 6; 10; 4; 4782
INTERNAL; 6; 10; 4; 4782; INTERNAL; 5; 9; 4; 4014
INTERNAL; 5; 9; 4; 4014; INTERNAL; 4; 8; 4; 4943
INTERNAL; 4; 8; 4; 4943; INTERNAL; 3; 7; 4; 511
INTERNAL; 3; 7; 4; 511; INTERNAL; 2; 6; 4; 918
INTERNAL; 2; 6; 4; 918; INPUT; 1; 5; 4; 4825
INTERNAL; 5; 9; 4; 4014; INTERNAL; 2; 8; 6; 512
INTERNAL; 6; 10; 4; 4782; INTERNAL; 5; 9; 4; 514
INTERNAL; 5; 9; 4; 514; INTERNAL; 3; 8; 5; 4155
INTERNAL; 3; 8; 5; 4155; INTERNAL; 2; 7; 5; 503
INTERNAL; 5; 9; 4; 514; INTERNAL; 4; 8; 4; 507
INTERNAL; 4; 8; 4; 507; INTERNAL; 3; 7; 4; 504
INTERNAL; 4; 8; 4; 507; INTERNAL; 3; 7; 4; 505
INTERNAL; 5; 9; 4; 514; INTERNAL; 4; 8; 4; 508
INTERNAL; 6; 10; 4; 4782; INTERNAL; 4; 9; 5; 513
INTERNAL; 4; 9; 5; 513; INTERNAL; 3; 8; 5; 499
INTERNAL; 4; 9; 5; 513; INTERNAL; 3; 8; 5; 501
INTERNAL; 4; 9; 5; 513; INTERNAL; 3; 8; 5; 500
INTERNAL; 10; 16; 6; 384; INTERNAL; 9; 15; 6; 1758
INTERNAL; 10; 16; 6; 384; INTERNAL; 9; 15; 6; 1715
INTERNAL; 9; 15; 6; 1715; INTERNAL; 8; 12; 4; 413
INTERNAL; 9; 15; 6; 1715; INTERNAL; 8; 12; 4; 6116
INTERNAL; 8; 12; 4; 6116; INTERNAL; 7; 11; 4; 4235
INTERNAL; 8; 12; 4; 6116; INTERNAL; 7; 11; 4; 436
INTERNAL; 8; 12; 4; 6116; INTERNAL; 7; 11; 4; 437
INTERNAL; 7; 11; 4; 437; INTERNAL; 6; 10; 4; 1590
INTERNAL; 7; 11; 4; 437; INTERNAL; 6; 10; 4; 533
INTERNAL; 7; 11; 4; 437; INTERNAL; 5; 10; 5; 5993
INTERNAL; 5; 10; 5; 5993; INTERNAL; 4; 9; 5; 2696
INTERNAL; 4; 9; 5; 2696; INTERNAL; 3; 8; 5; 495
INTERNAL; 3; 8; 5; 495; INTERNAL; 2; 7; 5; 2589
INTERNAL; 3; 8; 5; 495; INTERNAL; 2; 7; 5; 497
INTERNAL; 9; 15; 6; 1715; INTERNAL; 8; 12; 4; 411
INTERNAL; 16; 20; 4; 5912; INTERNAL; 12; 19; 7; 383
INTERNAL; 12; 19; 7; 383; INTERNAL; 11; 17; 6; 386
INTERNAL; 12; 19; 7; 383; INTERNAL; 11; 17; 6; 6095
INTERNAL; 11; 17; 6; 6095; INTERNAL; 10; 16; 6; 391
INTERNAL; 10; 16; 6; 391; INTERNAL; 9; 13; 4; 414
INTERNAL; 9; 13; 4; 414; INTERNAL; 8; 12; 4; 449
INTERNAL; 8; 12; 4; 449; INTERNAL; 7; 11; 4; 561
INTERNAL; 8; 12; 4; 449; INTERNAL; 7; 11; 4; 563
INTERNAL; 7; 11; 4; 563; INTERNAL; 6; 10; 4; 560
INTERNAL; 7; 11; 4; 563; INTERNAL; 5; 10; 5; 686
INTERNAL; 5; 10; 5; 686; INTERNAL; 3; 9; 6; 3527
INTERNAL; 3; 9; 6; 3527; INTERNAL; 2; 5; 3; 2922
INTERNAL; 3; 9; 6; 3527; INTERNAL; 2; 8; 6; 1816
INTERNAL; 5; 10; 5; 686; INTERNAL; 4; 9; 5; 1836
INTERNAL; 4; 9; 5; 1836; INTERNAL; 3; 8; 5; 6283
INTERNAL; 3; 8; 5; 6283; INTERNAL; 2; 7; 5; 535
INTERNAL; 2; 7; 5; 535; INPUT; 1; 4; 3; 3777
INTERNAL; 2; 7; 5; 535; INPUT; 1; 6; 5; 534
INTERNAL; 2; 7; 5; 535; INPUT; 1; 4; 3; 3349
INTERNAL; 2; 7; 5; 535; INPUT; 1; 4; 3; 3771
INTERNAL; 4; 9; 5; 1836; INTERNAL; 3; 8; 5; 537
INTERNAL; 3; 8; 5; 537; INTERNAL; 2; 5; 3; 3239
INTERNAL; 7; 11; 4; 563; INTERNAL; 6; 10; 4; 2158
INTERNAL; 6; 10; 4; 2158; INTERNAL; 5; 9; 4; 543
INTERNAL; 5; 9; 4; 543; INTERNAL; 2; 8; 6; 539
INTERNAL; 5; 9; 4; 543; INTERNAL; 4; 8; 4; 540
INTERNAL; 4; 8; 4; 540; INPUT; 1; 5; 4; 900
INTERNAL; 4; 8; 4; 540; INPUT; 1; 5; 4; 6282
INTERNAL; 4; 8; 4; 540; INPUT; 1; 5; 4; 5774
INTERNAL; 4; 8; 4; 540; INPUT; 1; 5; 4; 2510
INTERNAL; 5; 9; 4; 543; INTERNAL; 2; 6; 4; 1645
INTERNAL; 2; 6; 4; 1645; INPUT; 1; 5; 4; 1636
INTERNAL; 2; 6; 4; 1645; INPUT; 1; 5; 4; 1192
INTERNAL; 2; 6; 4; 1645; INPUT; 1; 5; 4; 6219
INTERNAL; 2; 6; 4; 1645; INPUT; 1; 5; 4; 1641
INTERNAL; 5; 9; 4; 543; INTERNAL; 2; 8; 6; 541
INTERNAL; 6; 10; 4; 2158; INTERNAL; 3; 9; 6; 542
INTERNAL; 3; 9; 6; 542; INTERNAL; 2; 5; 3; 3787
INTERNAL; 6; 10; 4; 2158; INTERNAL; 3; 9; 6; 2822
INTERNAL; 3; 9; 6; 2822; INTERNAL; 2; 5; 3; 1969
INTERNAL; 8; 12; 4; 449; INTERNAL; 4; 11; 7; 3229
INTERNAL; 4; 11; 7; 3229; INTERNAL; 3; 10; 7; 4823
INTERNAL; 4; 11; 7; 3229; INTERNAL; 3; 10; 7; 493
INTERNAL; 4; 11; 7; 3229; INTERNAL; 2; 10; 8; 494
INTERNAL; 9; 13; 4; 414; INTERNAL; 8; 12; 4; 5958
INTERNAL; 9; 13; 4; 414; INTERNAL; 8; 12; 4; 1112
INTERNAL; 8; 12; 4; 1112; INTERNAL; 7; 11; 4; 448
INTERNAL; 8; 12; 4; 1112; INTERNAL; 7; 11; 4; 447
INTERNAL; 8; 12; 4; 1112; INTERNAL; 7; 11; 4; 446
INTERNAL; 7; 11; 4; 446; INTERNAL; 6; 10; 4; 599
INTERNAL; 6; 10; 4; 599; INTERNAL; 3; 9; 6; 587
INTERNAL; 3; 9; 6; 587; INTERNAL; 2; 5; 3; 2102
INTERNAL; 6; 10; 4; 599; INTERNAL; 5; 9; 4; 588
INTERNAL; 5; 9; 4; 588; INTERNAL; 2; 7; 5; 4325
INTERNAL; 5; 9; 4; 588; INTERNAL; 4; 8; 4; 585
INTERNAL; 4; 8; 4; 585; INTERNAL; 2; 6; 4; 3562
INTERNAL; 4; 8; 4; 585; INTERNAL; 3; 7; 4; 3740
INTERNAL; 3; 7; 4; 3740; INTERNAL; 2; 6; 4; 584
INTERNAL; 5; 9; 4; 588; INTERNAL; 2; 8; 6; 586
INTERNAL; 6; 10; 4; 599; INTERNAL; 3; 9; 6; 4051
INTERNAL; 7; 11; 4; 446; INTERNAL; 6; 10; 4; 5829
INTERNAL; 6; 10; 4; 5829; INTERNAL; 5; 9; 4; 2230
INTERNAL; 5; 9; 4; 2230; INTERNAL; 4; 8; 4; 595
INTERNAL; 4; 8; 4; 595; INTERNAL; 3; 7; 4; 1787
INTERNAL; 3; 7; 4; 1787; INTERNAL; 2; 6; 4; 4383
INTERNAL; 4; 8; 4; 595; INTERNAL; 2; 7; 5; 593
INTERNAL; 5; 9; 4; 2230; INTERNAL; 2; 8; 6; 1002
INTERNAL; 6; 10; 4; 5829; INTERNAL; 4; 9; 5; 597
INTERNAL; 4; 9; 5; 597; INTERNAL; 2; 8; 6; 592
INTERNAL; 4; 9; 5; 597; INTERNAL; 3; 8; 5; 591
INTERNAL; 3; 8; 5; 591; INTERNAL; 2; 7; 5; 589
INTERNAL; 4; 9; 5; 597; INTERNAL; 3; 8; 5; 590
INTERNAL; 6; 10; 4; 5829; INTERNAL; 5; 9; 4; 5048
INTERNAL; 5; 9; 4; 5048; INTERNAL; 4; 8; 4; 596
INTERNAL; 4; 8; 4; 596; INTERNAL; 3; 7; 4; 3681
INTERNAL; 4; 8; 4; 596; INTERNAL; 3; 7; 4; 3401
INTERNAL; 3; 7; 4; 3401; INTERNAL; 2; 6; 4; 820
INTERNAL; 5; 9; 4; 5048; INTERNAL; 3; 8; 5; 4518
INTERNAL; 3; 8; 5; 4518; INTERNAL; 2; 7; 5; 732
INTERNAL; 2; 7; 5; 732; INPUT; 1; 6; 5; 4090
INTERNAL; 2; 7; 5; 732; INPUT; 1; 6; 5; 4929
INTERNAL; 2; 7; 5; 732; INPUT; 1; 6; 5; 4094
INTERNAL; 2; 7; 5; 732; INPUT; 1; 6; 5; 1631
INTERNAL; 5; 9; 4; 5048; INTERNAL; 3; 8; 5; 5846
INTERNAL; 7; 11; 4; 446; INTERNAL; 6; 10; 4; 598
INTERNAL; 10; 16; 6; 391; INTERNAL; 9; 13; 4; 4301
INTERNAL; 9; 13; 4; 4301; INTERNAL; 8; 12; 4; 403
INTERNAL; 9; 13; 4; 4301; INTERNAL; 7; 12; 5; 401
INTERNAL; 7; 12; 5; 401; INTERNAL; 3; 11; 8; 450
INTERNAL; 7; 12; 5; 401; INTERNAL; 6; 11; 5; 452
INTERNAL; 7; 12; 5; 401; INTERNAL; 4; 11; 7; 451
INTERNAL; 9; 13; 4; 4301; INTERNAL; 6; 12; 6; 1062
INTERNAL; 10; 16; 6; 391; INTERNAL; 9; 13; 4; 415
INTERNAL; 11; 17; 6; 6095; INTERNAL; 9; 16; 7; 390
INTERNAL; 11; 17; 6; 6095; INTERNAL; 10; 16; 6; 392
INTERNAL; 16; 20; 4; 5912; INTERNAL; 15; 19; 4; 1643
INTERNAL; 15; 19; 4; 1643; INTERNAL; 12; 18; 6; 396
INTERNAL; 15; 19; 4; 1643; INTERNAL; 14; 18; 4; 3031
INTERNAL; 14; 18; 4; 3031; INTERNAL; 11; 17; 6; 395
INTERNAL; 11; 17; 6; 395; INTERNAL; 10; 14; 4; 418
INTERNAL; 11; 17; 6; 395; INTERNAL; 10; 14; 4; 417
INTERNAL; 10; 14; 4; 417; INTERNAL; 9; 13; 4; 456
INTERNAL; 9; 13; 4; 456; INTERNAL; 7; 12; 5; 1665
INTERNAL; 9; 13; 4; 456; INTERNAL; 8; 12; 4; 453
INTERNAL; 8; 12; 4; 453; INTERNAL; 6; 11; 5; 3011
INTERNAL; 6; 11; 5; 3011; INTERNAL; 3; 10; 7; 568
INTERNAL; 6; 11; 5; 3011; INTERNAL; 5; 10; 5; 567
INTERNAL; 8; 12; 4; 453; INTERNAL; 5; 11; 6; 601
INTERNAL; 5; 11; 6; 601; INTERNAL; 3; 10; 7; 4656
INTERNAL; 3; 10; 7; 4656; INTERNAL; 2; 9; 7; 5489
INTERNAL; 3; 10; 7; 4656; INTERNAL; 2; 7; 5; 4685
INTERNAL; 5; 11; 6; 601; INTERNAL; 4; 10; 6; 565
INTERNAL; 4; 10; 6; 565; INTERNAL; 3; 9; 6; 564
INTERNAL; 3; 9; 6; 564; INTERNAL; 2; 5; 3; 871
INTERNAL; 4; 10; 6; 565; INTERNAL; 2; 7; 5; 5943
INTERNAL; 8; 12; 4; 453; INTERNAL; 7; 11; 4; 602
INTERNAL; 9; 13; 4; 456; INTERNAL; 6; 12; 6; 562
INTERNAL; 6; 12; 6; 562; INTERNAL; 4; 11; 7; 483
INTERNAL; 4; 11; 7; 483; INTERNAL; 3; 10; 7; 473
INTERNAL; 3; 10; 7; 473; INTERNAL; 2; 9; 7; 469
INTERNAL; 3; 10; 7; 473; INTERNAL; 2; 9; 7; 4548
INTERNAL; 3; 10; 7; 473; INTERNAL; 2; 9; 7; 467
INTERNAL; 4; 11; 7; 483; INTERNAL; 3; 10; 7; 471
INTERNAL; 3; 10; 7; 471; INTERNAL; 2; 9; 7; 5281
INTERNAL; 3; 10; 7; 471; INTERNAL; 2; 9; 7; 4013
INTERNAL; 3; 10; 7; 471; INTERNAL; 2; 9; 7; 470
INTERNAL; 3; 10; 7; 471; INTERNAL; 2; 9; 7; 3676
INTERNAL; 2; 9; 7; 3676; INPUT; 1; 8; 7; 989
INTERNAL; 4; 11; 7; 483; INTERNAL; 3; 10; 7; 4540
INTERNAL; 6; 12; 6; 562; INTERNAL; 5; 11; 6; 485
INTERNAL; 5; 11; 6; 485; INTERNAL; 4; 10; 6; 477
INTERNAL; 4; 10; 6; 477; INTERNAL; 3; 9; 6; 476
INTERNAL; 4; 10; 6; 477; INTERNAL; 2; 9; 7; 475
INTERNAL; 4; 10; 6; 477; INTERNAL; 2; 9; 7; 2815
INTERNAL; 5; 11; 6; 485; INTERNAL; 3; 10; 7; 480
INTERNAL; 5; 11; 6; 485; INTERNAL; 2; 7; 5; 4109
INTERNAL; 5; 11; 6; 485; INTERNAL; 3; 10; 7; 478
INTERNAL; 3; 10; 7; 478; INTERNAL; 2; 9; 7; 474
INTERNAL; 6; 12; 6; 562; INTERNAL; 5; 11; 6; 486
INTERNAL; 5; 11; 6; 486; INTERNAL; 4; 10; 6; 482
INTERNAL; 4; 10; 6; 482; INTERNAL; 2; 9; 7; 3176
INTERNAL; 4; 10; 6; 482; INTERNAL; 3; 9; 6; 481
INTERNAL; 3; 9; 6; 481; INTERNAL; 2; 8; 6; 5227
INTERNAL; 10; 14; 4; 417; INTERNAL; 9; 13; 4; 457
INTERNAL; 9; 13; 4; 457; INTERNAL; 5; 12; 7; 604
INTERNAL; 5; 12; 7; 604; INTERNAL; 3; 11; 8; 4993
INTERNAL; 3; 11; 8; 4993; INTERNAL; 2; 10; 8; 487
INTERNAL; 5; 12; 7; 604; INTERNAL; 3; 11; 8; 6005
INTERNAL; 3; 11; 8; 6005; INTERNAL; 2; 6; 4; 2178
INTERNAL; 5; 12; 7; 604; INTERNAL; 4; 11; 7; 4485
INTERNAL; 4; 11; 7; 4485; INTERNAL; 2; 7; 5; 2600
INTERNAL; 4; 11; 7; 4485; INTERNAL; 3; 10; 7; 709
INTERNAL; 4; 11; 7; 4485; INTERNAL; 3; 10; 7; 489
INTERNAL; 3; 10; 7; 489; INTERNAL; 2; 5; 3; 1725
INTERNAL; 3; 10; 7; 489; INTERNAL; 2; 9; 7; 488
INTERNAL; 9; 13; 4; 457; INTERNAL; 8; 12; 4; 608
INTERNAL; 9; 13; 4; 457; INTERNAL; 8; 12; 4; 607
INTERNAL; 10; 14; 4; 417; INTERNAL; 9; 13; 4; 454
INTERNAL; 11; 17; 6; 395; INTERNAL; 9; 14; 5; 416
INTERNAL; 14; 18; 4; 3031; INTERNAL; 13; 17; 4; 472
INTERNAL; 13; 17; 4; 472; INTERNAL; 12; 16; 4; 5181
INTERNAL; 12; 16; 4; 5181; INTERNAL; 11; 15; 4; 400
INTERNAL; 11; 15; 4; 400; INTERNAL; 10; 14; 4; 611
INTERNAL; 11; 15; 4; 400; INTERNAL; 7; 14; 7; 6291
INTERNAL; 7; 14; 7; 6291; INTERNAL; 5; 12; 7; 864
INTERNAL; 5; 12; 7; 864; INTERNAL; 3; 11; 8; 4634
INTERNAL; 5; 12; 7; 864; INTERNAL; 4; 11; 7; 1724
INTERNAL; 4; 11; 7; 1724; INTERNAL; 3; 5; 2; 3464
INTERNAL; 5; 12; 7; 864; INTERNAL; 3; 11; 8; 466
INTERNAL; 5; 12; 7; 864; INTERNAL; 4; 11; 7; 4914
INTERNAL; 4; 11; 7; 4914; INTERNAL; 3; 5; 2; 4394
INTERNAL; 7; 14; 7; 6291; INTERNAL; 6; 12; 6; 532
INTERNAL; 7; 14; 7; 6291; INTERNAL; 5; 12; 7; 4183
INTERNAL; 5; 12; 7; 4183; INTERNAL; 4; 11; 7; 464
INTERNAL; 4; 11; 7; 464; INTERNAL; 2; 6; 4; 2041
INTERNAL; 4; 11; 7; 464; INTERNAL; 3; 10; 7; 462
INTERNAL; 3; 10; 7; 462; INTERNAL; 2; 9; 7; 4020
INTERNAL; 5; 12; 7; 4183; INTERNAL; 4; 11; 7; 463
INTERNAL; 4; 11; 7; 463; INTERNAL; 2; 10; 8; 5310
INTERNAL; 11; 15; 4; 400; INTERNAL; 10; 14; 4; 4180
INTERNAL; 10; 14; 4; 4180; INTERNAL; 9; 13; 4; 610
INTERNAL; 10; 14; 4; 4180; INTERNAL; 7; 13; 6; 609
INTERNAL; 10; 14; 4; 4180; INTERNAL; 5; 13; 8; 3086
INTERNAL; 5; 13; 8; 3086; INTERNAL; 4; 12; 8; 461
INTERNAL; 5; 13; 8; 3086; INTERNAL; 4; 12; 8; 460
INTERNAL; 4; 12; 8; 460; INTERNAL; 2; 8; 6; 4244
INTERNAL; 4; 12; 8; 460; INTERNAL; 3; 11; 8; 5840
INTERNAL; 5; 13; 8; 3086; INTERNAL; 3; 12; 9; 6083
INTERNAL; 3; 12; 9; 6083; INTERNAL; 2; 11; 9; 4008
INTERNAL; 3; 12; 9; 6083; INTERNAL; 2; 11; 9; 458
INTERNAL; 12; 16; 4; 5181; INTERNAL; 11; 15; 4; 4379
INTERNAL; 11; 15; 4; 4379; INTERNAL; 4; 14; 10; 398
INTERNAL; 4; 14; 10; 398; INTERNAL; 3; 13; 10; 893
INTERNAL; 4; 14; 10; 398; INTERNAL; 3; 13; 10; 397
INTERNAL; 11; 15; 4; 4379; INTERNAL; 10; 14; 4; 399
INTERNAL; 13; 17; 4; 472; INTERNAL; 12; 16; 4; 612
INTERNAL; 12; 16; 4; 612; INTERNAL; 11; 15; 4; 4536
INTERNAL; 12; 16; 4; 612; INTERNAL; 11; 15; 4; 698
INTERNAL; 14; 18; 4; 3031; INTERNAL; 11; 17; 6; 393
INTERNAL; 14; 18; 4; 3031; INTERNAL; 12; 17; 5; 394
INTERNAL; 18; 21; 3; 2629; INTERNAL; 16; 20; 4; 616
INTERNAL; 18; 21; 3; 2629; INTERNAL; 17; 20; 3; 106
INTERNAL; 17; 20; 3; 106; INTERNAL; 14; 19; 5; 5813
INTERNAL; 17; 20; 3; 106; INTERNAL; 15; 19; 4; 105
INTERNAL; 15; 19; 4; 105; INTERNAL; 11; 18; 7; 613
INTERNAL; 15; 19; 4; 105; INTERNAL; 12; 18; 6; 1351
INTERNAL; 15; 19; 4; 105; INTERNAL; 13; 18; 5; 614
INTERNAL; 17; 20; 3; 106; INTERNAL; 15; 19; 4; 1173
INTERNAL; 20; 22; 2; 112; INTERNAL; 18; 21; 3; 3933
INTERNAL; 18; 21; 3; 3933; INTERNAL; 17; 20; 3; 5927
INTERNAL; 17; 20; 3; 5927; INTERNAL; 16; 18; 2; 6210
INTERNAL; 16; 18; 2; 6210; INTERNAL; 13; 17; 4; 2185
INTERNAL; 13; 17; 4; 2185; INTERNAL; 12; 16; 4; 5521
INTERNAL; 12; 16; 4; 5521; INTERNAL; 11; 15; 4; 623
INTERNAL; 11; 15; 4; 623; INTERNAL; 8; 14; 6; 5123
INTERNAL; 8; 14; 6; 5123; INTERNAL; 6; 12; 6; 625
INTERNAL; 6; 12; 6; 625; INTERNAL; 5; 8; 3; 644
INTERNAL; 5; 8; 3; 644; INTERNAL; 2; 6; 4; 2390
INTERNAL; 5; 8; 3; 644; INTERNAL; 3; 4; 1; 3985
INTERNAL; 5; 8; 3; 644; INTERNAL; 2; 6; 4; 4418
INTERNAL; 5; 8; 3; 644; INTERNAL; 4; 7; 3; 642
INTERNAL; 4; 7; 3; 642; INTERNAL; 3; 6; 3; 3564
INTERNAL; 3; 6; 3; 3564; INPUT; 1; 5; 4; 2753
INTERNAL; 3; 6; 3; 3564; INPUT; 1; 5; 4; 6259
INTERNAL; 3; 6; 3; 3564; INPUT; 1; 5; 4; 5319
INTERNAL; 3; 6; 3; 3564; INTERNAL; 2; 5; 3; 1793
INTERNAL; 2; 5; 3; 1793; INPUT; 1; 4; 3; 3927
INTERNAL; 3; 6; 3; 3564; INPUT; 1; 5; 4; 5320
INTERNAL; 5; 8; 3; 644; INTERNAL; 4; 7; 3; 641
INTERNAL; 4; 7; 3; 641; INTERNAL; 3; 5; 2; 3476
INTERNAL; 6; 12; 6; 625; INTERNAL; 5; 8; 3; 5399
INTERNAL; 5; 8; 3; 5399; INTERNAL; 4; 7; 3; 643
INTERNAL; 8; 14; 6; 5123; INTERNAL; 7; 12; 5; 626
INTERNAL; 7; 12; 5; 626; INTERNAL; 5; 9; 4; 5613
INTERNAL; 5; 9; 4; 5613; INTERNAL; 4; 8; 4; 6273
INTERNAL; 4; 8; 4; 6273; INTERNAL; 3; 7; 4; 2565
INTERNAL; 5; 9; 4; 5613; INTERNAL; 4; 8; 4; 6272
INTERNAL; 4; 8; 4; 6272; INTERNAL; 3; 7; 4; 6277
INTERNAL; 4; 8; 4; 6272; INTERNAL; 3; 7; 4; 6274
INTERNAL; 4; 8; 4; 6272; INTERNAL; 3; 7; 4; 5133
INTERNAL; 3; 7; 4; 5133; INPUT; 1; 6; 5; 2703
INTERNAL; 7; 12; 5; 626; INTERNAL; 6; 9; 3; 645
INTERNAL; 11; 15; 4; 623; INTERNAL; 10; 14; 4; 3341
INTERNAL; 10; 14; 4; 3341; INTERNAL; 9; 13; 4; 1041
INTERNAL; 9; 13; 4; 1041; INTERNAL; 7; 10; 3; 1573
INTERNAL; 9; 13; 4; 1041; INTERNAL; 7; 10; 3; 648
INTERNAL; 7; 10; 3; 648; INTERNAL; 6; 9; 3; 5016
INTERNAL; 6; 9; 3; 5016; INTERNAL; 4; 8; 4; 6265
INTERNAL; 4; 8; 4; 6265; INTERNAL; 2; 7; 5; 2603
INTERNAL; 4; 8; 4; 6265; INTERNAL; 3; 7; 4; 6269
INTERNAL; 3; 7; 4; 6269; INTERNAL; 2; 6; 4; 4970
INTERNAL; 4; 8; 4; 6265; INTERNAL; 2; 7; 5; 6271
INTERNAL; 4; 8; 4; 6265; INTERNAL; 2; 5; 3; 3976
INTERNAL; 6; 9; 3; 5016; INTERNAL; 5; 8; 3; 2759
INTERNAL; 5; 8; 3; 2759; INTERNAL; 4; 7; 3; 757
INTERNAL; 4; 7; 3; 757; INTERNAL; 3; 4; 1; 2288
INTERNAL; 5; 8; 3; 2759; INTERNAL; 3; 7; 4; 4233
INTERNAL; 6; 9; 3; 5016; INTERNAL; 4; 8; 4; 5304
INTERNAL; 4; 8; 4; 5304; INTERNAL; 3; 7; 4; 2764
INTERNAL; 3; 7; 4; 2764; INTERNAL; 2; 4; 2; 3634
INTERNAL; 4; 8; 4; 5304; INTERNAL; 3; 7; 4; 5236
INTERNAL; 3; 7; 4; 5236; INTERNAL; 2; 6; 4; 3276
INTERNAL; 4; 8; 4; 5304; INTERNAL; 3; 7; 4; 6267
INTERNAL; 7; 10; 3; 648; INTERNAL; 5; 9; 4; 885
INTERNAL; 7; 10; 3; 648; INTERNAL; 6; 9; 3; 6264
INTERNAL; 6; 9; 3; 6264; INTERNAL; 4; 7; 3; 2996
INTERNAL; 6; 9; 3; 6264; INTERNAL; 4; 7; 3; 5362
INTERNAL; 4; 7; 3; 5362; INTERNAL; 3; 6; 3; 6262
INTERNAL; 6; 9; 3; 6264; INTERNAL; 5; 7; 2; 3002
INTERNAL; 5; 7; 2; 3002; INTERNAL; 4; 6; 2; 4984
INTERNAL; 5; 7; 2; 3002; INTERNAL; 4; 6; 2; 6258
INTERNAL; 5; 7; 2; 3002; INTERNAL; 3; 6; 3; 4493
INTERNAL; 9; 13; 4; 1041; INTERNAL; 8; 10; 2; 649
INTERNAL; 8; 10; 2; 649; INTERNAL; 7; 9; 2; 647
INTERNAL; 7; 9; 2; 647; INTERNAL; 4; 8; 4; 6228
INTERNAL; 4; 8; 4; 6228; INTERNAL; 2; 5; 3; 3660
INTERNAL; 4; 8; 4; 6228; INTERNAL; 3; 7; 4; 5622
INTERNAL; 4; 8; 4; 6228; INTERNAL; 2; 5; 3; 6233
INTERNAL; 7; 9; 2; 647; INTERNAL; 4; 8; 4; 6229
INTERNAL; 4; 8; 4; 6229; INTERNAL; 3; 7; 4; 5290
INTERNAL; 4; 8; 4; 6229; INTERNAL; 2; 6; 4; 3279
INTERNAL; 7; 9; 2; 647; INTERNAL; 6; 8; 2; 4644
INTERNAL; 6; 8; 2; 4644; INTERNAL; 5; 7; 2; 2905
INTERNAL; 5; 7; 2; 2905; INTERNAL; 2; 6; 4; 907
INTERNAL; 5; 7; 2; 2905; INTERNAL; 4; 6; 2; 6231
INTERNAL; 4; 6; 2; 6231; INTERNAL; 2; 5; 3; 2344
INTERNAL; 8; 10; 2; 649; INTERNAL; 6; 9; 3; 646
INTERNAL; 10; 14; 4; 3341; INTERNAL; 8; 13; 5; 627
INTERNAL; 10; 14; 4; 3341; INTERNAL; 8; 13; 5; 628
INTERNAL; 12; 16; 4; 5521; INTERNAL; 11; 15; 4; 3774
INTERNAL; 11; 15; 4; 3774; INTERNAL; 10; 14; 4; 2003
INTERNAL; 10; 14; 4; 2003; INTERNAL; 7; 13; 6; 629
INTERNAL; 7; 13; 6; 629; INTERNAL; 6; 10; 4; 639
INTERNAL; 6; 10; 4; 639; INTERNAL; 5; 8; 3; 2531
INTERNAL; 5; 8; 3; 2531; INTERNAL; 3; 7; 4; 1661
INTERNAL; 3; 7; 4; 1661; INTERNAL; 2; 6; 4; 1250
INTERNAL; 5; 8; 3; 2531; INTERNAL; 4; 6; 2; 3540
INTERNAL; 4; 6; 2; 3540; INTERNAL; 3; 5; 2; 2836
INTERNAL; 4; 6; 2; 3540; INTERNAL; 2; 5; 3; 5874
INTERNAL; 5; 8; 3; 2531; INTERNAL; 4; 7; 3; 734
INTERNAL; 4; 7; 3; 734; INTERNAL; 2; 4; 2; 971
INTERNAL; 2; 4; 2; 971; INPUT; 1; 3; 2; 6250
INTERNAL; 2; 4; 2; 971; INPUT; 1; 3; 2; 5305
INTERNAL; 2; 4; 2; 971; INPUT; 1; 3; 2; 4333
INTERNAL; 2; 4; 2; 971; INPUT; 1; 3; 2; 4142
INTERNAL; 4; 7; 3; 734; INTERNAL; 3; 6; 3; 733
INTERNAL; 3; 6; 3; 733; INTERNAL; 2; 5; 3; 6249
INTERNAL; 3; 6; 3; 733; INTERNAL; 2; 5; 3; 2799
INTERNAL; 4; 7; 3; 734; INTERNAL; 2; 5; 3; 2428
INTERNAL; 6; 10; 4; 639; INTERNAL; 3; 8; 5; 735
INTERNAL; 3; 8; 5; 735; INTERNAL; 2; 7; 5; 1482
INTERNAL; 2; 7; 5; 1482; INPUT; 1; 3; 2; 1926
INTERNAL; 2; 7; 5; 1482; INPUT; 1; 3; 2; 5733
INTERNAL; 2; 7; 5; 1482; INPUT; 1; 3; 2; 3265
INTERNAL; 3; 8; 5; 735; INTERNAL; 2; 7; 5; 4906
INTERNAL; 6; 10; 4; 639; INTERNAL; 4; 8; 4; 736
INTERNAL; 4; 8; 4; 736; INTERNAL; 2; 6; 4; 730
INTERNAL; 4; 8; 4; 736; INTERNAL; 3; 7; 4; 729
INTERNAL; 3; 7; 4; 729; INTERNAL; 2; 6; 4; 728
INTERNAL; 7; 13; 6; 629; INTERNAL; 6; 10; 4; 638
INTERNAL; 6; 10; 4; 638; INTERNAL; 2; 9; 7; 3950
INTERNAL; 2; 9; 7; 3950; INPUT; 1; 6; 5; 747
INTERNAL; 2; 9; 7; 3950; INPUT; 1; 6; 5; 2702
INTERNAL; 2; 9; 7; 3950; INPUT; 1; 6; 5; 2448
INTERNAL; 6; 10; 4; 638; INTERNAL; 3; 9; 6; 702
INTERNAL; 3; 9; 6; 702; INTERNAL; 2; 5; 3; 1804
INTERNAL; 3; 9; 6; 702; INTERNAL; 2; 5; 3; 3378
INTERNAL; 3; 9; 6; 702; INTERNAL; 2; 6; 4; 6024
INTERNAL; 6; 10; 4; 638; INTERNAL; 5; 9; 4; 704
INTERNAL; 5; 9; 4; 704; INTERNAL; 4; 8; 4; 2237
INTERNAL; 4; 8; 4; 2237; INTERNAL; 3; 7; 4; 701
INTERNAL; 3; 7; 4; 701; INPUT; 1; 4; 3; 3372
INTERNAL; 3; 7; 4; 701; INPUT; 1; 4; 3; 3408
INTERNAL; 3; 7; 4; 701; INPUT; 1; 5; 4; 4695
INTERNAL; 3; 7; 4; 701; INPUT; 1; 4; 3; 3414
INTERNAL; 10; 14; 4; 2003; INTERNAL; 9; 13; 4; 630
INTERNAL; 9; 13; 4; 630; INTERNAL; 6; 10; 4; 1702
INTERNAL; 6; 10; 4; 1702; INTERNAL; 3; 8; 5; 2032
INTERNAL; 3; 8; 5; 2032; INTERNAL; 2; 6; 4; 1177
INTERNAL; 6; 10; 4; 1702; INTERNAL; 5; 8; 3; 1116
INTERNAL; 5; 8; 3; 1116; INTERNAL; 4; 7; 3; 1720
INTERNAL; 4; 7; 3; 1720; INTERNAL; 3; 6; 3; 923
INTERNAL; 5; 8; 3; 1116; INTERNAL; 2; 7; 5; 739
INTERNAL; 6; 10; 4; 1702; INTERNAL; 5; 8; 3; 741
INTERNAL; 5; 8; 3; 741; INTERNAL; 3; 7; 4; 3332
INTERNAL; 5; 8; 3; 741; INTERNAL; 4; 7; 3; 1486
INTERNAL; 4; 7; 3; 1486; INTERNAL; 3; 6; 3; 737
INTERNAL; 4; 7; 3; 1486; INTERNAL; 3; 6; 3; 1879
INTERNAL; 5; 8; 3; 741; INTERNAL; 4; 7; 3; 738
INTERNAL; 4; 7; 3; 738; INTERNAL; 3; 6; 3; 4215
INTERNAL; 4; 7; 3; 738; INPUT; 1; 6; 5; 1763
INTERNAL; 4; 7; 3; 738; INPUT; 1; 6; 5; 1476
INTERNAL; 4; 7; 3; 738; INPUT; 1; 6; 5; 4291
INTERNAL; 9; 13; 4; 630; INTERNAL; 8; 10; 2; 650
INTERNAL; 8; 10; 2; 650; INTERNAL; 6; 9; 3; 5885
INTERNAL; 6; 9; 3; 5885; INTERNAL; 4; 7; 3; 4917
INTERNAL; 4; 7; 3; 4917; INTERNAL; 3; 6; 3; 6131
INTERNAL; 3; 6; 3; 6131; INTERNAL; 2; 5; 3; 3816
INTERNAL; 3; 6; 3; 6131; INTERNAL; 2; 5; 3; 3823
INTERNAL; 4; 7; 3; 4917; INTERNAL; 3; 6; 3; 2940
INTERNAL; 4; 7; 3; 4917; INTERNAL; 3; 6; 3; 6252
INTERNAL; 3; 6; 3; 6252; INPUT; 1; 5; 4; 1247
INTERNAL; 3; 6; 3; 6252; INPUT; 1; 5; 4; 1918
INTERNAL; 3; 6; 3; 6252; INTERNAL; 2; 5; 3; 1759
INTERNAL; 4; 7; 3; 4917; INTERNAL; 3; 6; 3; 6253
INTERNAL; 3; 6; 3; 6253; INTERNAL; 2; 5; 3; 5214
INTERNAL; 6; 9; 3; 5885; INTERNAL; 5; 7; 2; 5353
INTERNAL; 5; 7; 2; 5353; INTERNAL; 2; 6; 4; 1635
INTERNAL; 5; 7; 2; 5353; INTERNAL; 3; 6; 3; 6251
INTERNAL; 5; 7; 2; 5353; INTERNAL; 3; 6; 3; 2914
INTERNAL; 5; 7; 2; 5353; INTERNAL; 4; 6; 2; 5026
INTERNAL; 4; 6; 2; 5026; INTERNAL; 3; 5; 2; 6162
INTERNAL; 6; 9; 3; 5885; INTERNAL; 4; 7; 3; 4297
INTERNAL; 4; 7; 3; 4297; INTERNAL; 3; 6; 3; 6254
INTERNAL; 4; 7; 3; 4297; INTERNAL; 3; 6; 3; 4535
INTERNAL; 3; 6; 3; 4535; INTERNAL; 2; 5; 3; 3747
INTERNAL; 3; 6; 3; 4535; INTERNAL; 2; 5; 3; 1563
INTERNAL; 4; 7; 3; 4297; INTERNAL; 3; 6; 3; 5372
INTERNAL; 8; 10; 2; 650; INTERNAL; 7; 9; 2; 1352
INTERNAL; 8; 10; 2; 650; INTERNAL; 6; 9; 3; 6159
INTERNAL; 6; 9; 3; 6159; INTERNAL; 5; 7; 2; 5686
INTERNAL; 5; 7; 2; 5686; INTERNAL; 4; 6; 2; 1770
INTERNAL; 4; 6; 2; 1770; INTERNAL; 3; 5; 2; 6247
INTERNAL; 5; 7; 2; 5686; INTERNAL; 4; 6; 2; 6243
INTERNAL; 4; 6; 2; 6243; INTERNAL; 3; 5; 2; 5379
INTERNAL; 3; 5; 2; 5379; INPUT; 1; 3; 2; 3387
INTERNAL; 4; 6; 2; 6243; INTERNAL; 3; 5; 2; 6246
INTERNAL; 6; 9; 3; 6159; INTERNAL; 5; 7; 2; 5903
INTERNAL; 5; 7; 2; 5903; INTERNAL; 3; 6; 3; 4662
INTERNAL; 6; 9; 3; 6159; INTERNAL; 5; 7; 2; 3599
INTERNAL; 5; 7; 2; 3599; INTERNAL; 2; 6; 4; 3254
INTERNAL; 5; 7; 2; 3599; INTERNAL; 2; 6; 4; 5529
INTERNAL; 5; 7; 2; 3599; INTERNAL; 4; 6; 2; 3657
INTERNAL; 5; 7; 2; 3599; INTERNAL; 4; 6; 2; 6239
INTERNAL; 4; 6; 2; 6239; INTERNAL; 3; 5; 2; 6241
INTERNAL; 9; 13; 4; 630; INTERNAL; 7; 10; 3; 2601
INTERNAL; 7; 10; 3; 2601; INTERNAL; 5; 9; 4; 742
INTERNAL; 5; 9; 4; 742; INTERNAL; 4; 7; 3; 3396
INTERNAL; 4; 7; 3; 3396; INTERNAL; 3; 6; 3; 2038
INTERNAL; 3; 6; 3; 2038; INTERNAL; 2; 4; 2; 2131
INTERNAL; 3; 6; 3; 2038; INTERNAL; 2; 5; 3; 1848
INTERNAL; 4; 7; 3; 3396; INTERNAL; 3; 6; 3; 1598
INTERNAL; 3; 6; 3; 1598; INPUT; 1; 5; 4; 2862
INTERNAL; 4; 7; 3; 3396; INTERNAL; 3; 6; 3; 4567
INTERNAL; 4; 7; 3; 3396; INTERNAL; 3; 6; 3; 2161
INTERNAL; 5; 9; 4; 742; INTERNAL; 4; 7; 3; 6304
INTERNAL; 4; 7; 3; 6304; INTERNAL; 3; 6; 3; 5173
INTERNAL; 4; 7; 3; 6304; INPUT; 1; 6; 5; 4625
INTERNAL; 4; 7; 3; 6304; INPUT; 1; 6; 5; 6306
INTERNAL; 4; 7; 3; 6304; INTERNAL; 3; 6; 3; 1417
INTERNAL; 3; 6; 3; 1417; INTERNAL; 2; 5; 3; 3504
INTERNAL; 3; 6; 3; 1417; INTERNAL; 2; 5; 3; 6308
INTERNAL; 4; 7; 3; 6304; INPUT; 1; 6; 5; 1464
INTERNAL; 4; 7; 3; 6304; INPUT; 1; 6; 5; 6305
INTERNAL; 5; 9; 4; 742; INTERNAL; 4; 7; 3; 5470
INTERNAL; 4; 7; 3; 5470; INTERNAL; 2; 6; 4; 746
INTERNAL; 4; 7; 3; 5470; INTERNAL; 3; 6; 3; 749
INTERNAL; 3; 6; 3; 749; INPUT; 1; 5; 4; 4134
INTERNAL; 3; 6; 3; 749; INTERNAL; 2; 5; 3; 4687
INTERNAL; 3; 6; 3; 749; INPUT; 1; 5; 4; 2270
INTERNAL; 3; 6; 3; 749; INPUT; 1; 5; 4; 4132
INTERNAL; 3; 6; 3; 749; INPUT; 1; 5; 4; 4130
INTERNAL; 4; 7; 3; 5470; INTERNAL; 3; 6; 3; 748
INTERNAL; 7; 10; 3; 2601; INTERNAL; 6; 9; 3; 745
INTERNAL; 7; 10; 3; 2601; INTERNAL; 6; 9; 3; 743
INTERNAL; 11; 15; 4; 3774; INTERNAL; 10; 14; 4; 3212
INTERNAL; 11; 15; 4; 3774; INTERNAL; 10; 14; 4; 631
INTERNAL; 10; 14; 4; 631; INTERNAL; 9; 11; 2; 651
INTERNAL; 10; 14; 4; 631; INTERNAL; 9; 11; 2; 1796
INTERNAL; 10; 14; 4; 631; INTERNAL; 9; 11; 2; 652
INTERNAL; 9; 11; 2; 652; INTERNAL; 8; 10; 2; 770
INTERNAL; 9; 11; 2; 652; INTERNAL; 7; 10; 3; 4347
INTERNAL; 7; 10; 3; 4347; INTERNAL; 6; 8; 2; 6257
INTERNAL; 7; 10; 3; 4347; INTERNAL; 4; 8; 4; 1639
INTERNAL; 7; 10; 3; 4347; INTERNAL; 6; 8; 2; 6256
INTERNAL; 9; 11; 2; 652; INTERNAL; 7; 10; 3; 3880
INTERNAL; 12; 16; 4; 5521; INTERNAL; 10; 15; 5; 622
INTERNAL; 13; 17; 4; 2185; INTERNAL; 12; 16; 4; 624
INTERNAL; 12; 16; 4; 624; INTERNAL; 9; 15; 6; 632
INTERNAL; 9; 15; 6; 632; INTERNAL; 8; 11; 3; 2734
INTERNAL; 8; 11; 3; 2734; INTERNAL; 6; 10; 4; 721
INTERNAL; 8; 11; 3; 2734; INTERNAL; 7; 10; 3; 3473
INTERNAL; 7; 10; 3; 3473; INTERNAL; 5; 8; 3; 718
INTERNAL; 5; 8; 3; 718; INTERNAL; 2; 7; 5; 711
INTERNAL; 5; 8; 3; 718; INPUT; 1; 6; 5; 4396
INTERNAL; 5; 8; 3; 718; INTERNAL; 3; 7; 4; 4814
INTERNAL; 3; 7; 4; 4814; INTERNAL; 2; 6; 4; 706
INTERNAL; 3; 7; 4; 4814; INTERNAL; 2; 6; 4; 705
INTERNAL; 3; 7; 4; 4814; INTERNAL; 2; 6; 4; 707
INTERNAL; 5; 8; 3; 718; INTERNAL; 4; 7; 3; 710
INTERNAL; 4; 7; 3; 710; INTERNAL; 3; 6; 3; 708
INTERNAL; 3; 6; 3; 708; INTERNAL; 2; 4; 2; 5114
INTERNAL; 5; 8; 3; 718; INPUT; 1; 6; 5; 2934
INTERNAL; 5; 8; 3; 718; INPUT; 1; 7; 6; 1058
INTERNAL; 7; 10; 3; 3473; INTERNAL; 5; 8; 3; 719
INTERNAL; 5; 8; 3; 719; INTERNAL; 3; 7; 4; 1148
INTERNAL; 5; 8; 3; 719; INTERNAL; 2; 7; 5; 712
INTERNAL; 5; 8; 3; 719; INTERNAL; 4; 7; 3; 713
INTERNAL; 5; 8; 3; 719; INTERNAL; 2; 7; 5; 714
INTERNAL; 2; 7; 5; 714; INPUT; 1; 4; 3; 3431
INTERNAL; 2; 7; 5; 714; INPUT; 1; 4; 3; 2279
INTERNAL; 7; 10; 3; 3473; INTERNAL; 6; 8; 2; 720
INTERNAL; 6; 8; 2; 720; INTERNAL; 5; 7; 2; 1526
INTERNAL; 5; 7; 2; 1526; INTERNAL; 4; 6; 2; 1588
INTERNAL; 5; 7; 2; 1526; INTERNAL; 2; 6; 4; 716
INTERNAL; 6; 8; 2; 720; INTERNAL; 4; 7; 3; 717
INTERNAL; 4; 7; 3; 717; INTERNAL; 2; 6; 4; 715
INTERNAL; 4; 7; 3; 717; INTERNAL; 2; 5; 3; 4566
INTERNAL; 4; 7; 3; 717; INTERNAL; 3; 6; 3; 2105
INTERNAL; 8; 11; 3; 2734; INTERNAL; 6; 10; 4; 722
INTERNAL; 6; 10; 4; 722; INTERNAL; 5; 7; 2; 6084
INTERNAL; 5; 7; 2; 6084; INTERNAL; 3; 6; 3; 5815
INTERNAL; 3; 6; 3; 5815; INTERNAL; 2; 5; 3; 1676
INTERNAL; 3; 6; 3; 5815; INTERNAL; 2; 5; 3; 1397
INTERNAL; 5; 7; 2; 6084; INTERNAL; 4; 6; 2; 6298
INTERNAL; 4; 6; 2; 6298; INTERNAL; 2; 5; 3; 6299
INTERNAL; 2; 5; 3; 6299; INPUT; 1; 4; 3; 4285
INTERNAL; 4; 6; 2; 6298; INTERNAL; 3; 5; 2; 6301
INTERNAL; 6; 10; 4; 722; INTERNAL; 5; 7; 2; 2553
INTERNAL; 5; 7; 2; 2553; INTERNAL; 3; 6; 3; 1863
INTERNAL; 5; 7; 2; 2553; INTERNAL; 4; 6; 2; 6296
INTERNAL; 5; 7; 2; 2553; INTERNAL; 3; 6; 3; 6295
INTERNAL; 5; 7; 2; 2553; INTERNAL; 2; 6; 4; 1163
INTERNAL; 2; 6; 4; 1163; INPUT; 1; 4; 3; 2104
INTERNAL; 2; 6; 4; 1163; INPUT; 1; 5; 4; 5082
INTERNAL; 2; 6; 4; 1163; INPUT; 1; 5; 4; 4305
INTERNAL; 2; 6; 4; 1163; INPUT; 1; 4; 3; 2080
INTERNAL; 5; 7; 2; 2553; INTERNAL; 3; 6; 3; 2010
INTERNAL; 6; 10; 4; 722; INTERNAL; 5; 7; 2; 4522
INTERNAL; 5; 7; 2; 4522; INTERNAL; 2; 6; 4; 6303
INTERNAL; 5; 7; 2; 4522; INTERNAL; 3; 6; 3; 1466
INTERNAL; 3; 6; 3; 1466; INTERNAL; 2; 5; 3; 1834
INTERNAL; 5; 7; 2; 4522; INTERNAL; 4; 6; 2; 4846
INTERNAL; 4; 6; 2; 4846; INTERNAL; 3; 5; 2; 5891
INTERNAL; 5; 7; 2; 4522; INTERNAL; 4; 6; 2; 6090
INTERNAL; 9; 15; 6; 632; INTERNAL; 8; 11; 3; 922
INTERNAL; 8; 11; 3; 922; INTERNAL; 7; 10; 3; 6290
INTERNAL; 7; 10; 3; 6290; INTERNAL; 5; 8; 3; 6293
INTERNAL; 7; 10; 3; 6290; INTERNAL; 4; 8; 4; 6294
INTERNAL; 7; 10; 3; 6290; INTERNAL; 6; 8; 2; 6041
INTERNAL; 8; 11; 3; 922; INTERNAL; 7; 10; 3; 6288
INTERNAL; 7; 10; 3; 6288; INTERNAL; 6; 8; 2; 3930
INTERNAL; 7; 10; 3; 6288; INTERNAL; 5; 8; 3; 6280
INTERNAL; 5; 8; 3; 6280; INTERNAL; 4; 7; 3; 6281
INTERNAL; 4; 7; 3; 6281; INTERNAL; 3; 6; 3; 3462
INTERNAL; 5; 8; 3; 6280; INTERNAL; 4; 7; 3; 4425
INTERNAL; 4; 7; 3; 4425; INTERNAL; 3; 6; 3; 6285
INTERNAL; 3; 6; 3; 6285; INTERNAL; 2; 5; 3; 6286
INTERNAL; 4; 7; 3; 4425; INTERNAL; 3; 6; 3; 3618
INTERNAL; 3; 6; 3; 3618; INTERNAL; 2; 4; 2; 4675
INTERNAL; 8; 11; 3; 922; INTERNAL; 7; 10; 3; 1124
INTERNAL; 9; 15; 6; 632; INTERNAL; 7; 11; 4; 640
INTERNAL; 12; 16; 4; 624; INTERNAL; 11; 15; 4; 633
INTERNAL; 12; 16; 4; 624; INTERNAL; 11; 15; 4; 634
INTERNAL; 11; 15; 4; 634; INTERNAL; 9; 12; 3; 1574
INTERNAL; 11; 15; 4; 634; INTERNAL; 10; 12; 2; 916
INTERNAL; 11; 15; 4; 634; INTERNAL; 10; 12; 2; 653
INTERNAL; 10; 12; 2; 653; INTERNAL; 8; 11; 3; 3984
INTERNAL; 10; 12; 2; 653; INTERNAL; 9; 11; 2; 2046
INTERNAL; 10; 12; 2; 653; INTERNAL; 8; 11; 3; 1359
INTERNAL; 8; 11; 3; 1359; INTERNAL; 5; 9; 4; 6278
INTERNAL; 5; 9; 4; 6278; INTERNAL; 4; 8; 4; 3079
INTERNAL; 4; 8; 4; 3079; INTERNAL; 3; 7; 4; 4768
INTERNAL; 3; 7; 4; 4768; INTERNAL; 2; 6; 4; 3496
INTERNAL; 5; 9; 4; 6278; INTERNAL; 3; 8; 5; 6287
INTERNAL; 3; 8; 5; 6287; INTERNAL; 2; 6; 4; 4032
INTERNAL; 3; 8; 5; 6287; INTERNAL; 2; 7; 5; 4571
INTERNAL; 5; 9; 4; 6278; INTERNAL; 2; 8; 6; 3493
INTERNAL; 5; 9; 4; 6278; INTERNAL; 2; 8; 6; 2928
INTERNAL; 8; 11; 3; 1359; INTERNAL; 7; 9; 2; 5549
INTERNAL; 8; 11; 3; 1359; INTERNAL; 7; 9; 2; 5672
INTERNAL; 16; 18; 2; 6210; INTERNAL; 15; 17; 2; 637
INTERNAL; 15; 17; 2; 637; INTERNAL; 13; 16; 3; 3214
INTERNAL; 13; 16; 3; 3214; INTERNAL; 12; 14; 2; 659
INTERNAL; 12; 14; 2; 659; INTERNAL; 10; 13; 3; 1520
INTERNAL; 10; 13; 3; 1520; INTERNAL; 5; 11; 6; 676
INTERNAL; 10; 13; 3; 1520; INTERNAL; 9; 11; 2; 677
INTERNAL; 9; 11; 2; 677; INTERNAL; 4; 10; 6; 5841
INTERNAL; 4; 10; 6; 5841; INTERNAL; 3; 9; 6; 679
INTERNAL; 4; 10; 6; 5841; INTERNAL; 3; 9; 6; 5450
INTERNAL; 4; 10; 6; 5841; INTERNAL; 3; 9; 6; 680
INTERNAL; 9; 11; 2; 677; INTERNAL; 8; 10; 2; 683
INTERNAL; 8; 10; 2; 683; INTERNAL; 5; 9; 4; 1919
INTERNAL; 5; 9; 4; 1919; INTERNAL; 3; 8; 5; 695
INTERNAL; 3; 8; 5; 695; INTERNAL; 2; 7; 5; 691
INTERNAL; 5; 9; 4; 1919; INTERNAL; 3; 8; 5; 694
INTERNAL; 5; 9; 4; 1919; INTERNAL; 3; 8; 5; 696
INTERNAL; 5; 9; 4; 1919; INTERNAL; 4; 8; 4; 5270
INTERNAL; 4; 8; 4; 5270; INTERNAL; 2; 7; 5; 693
INTERNAL; 4; 8; 4; 5270; INTERNAL; 3; 7; 4; 6070
INTERNAL; 4; 8; 4; 5270; INTERNAL; 2; 7; 5; 5581
INTERNAL; 8; 10; 2; 683; INTERNAL; 7; 9; 2; 699
INTERNAL; 8; 10; 2; 683; INTERNAL; 5; 9; 4; 697
INTERNAL; 5; 9; 4; 697; INTERNAL; 3; 8; 5; 3302
INTERNAL; 5; 9; 4; 697; INTERNAL; 4; 8; 4; 689
INTERNAL; 4; 8; 4; 689; INTERNAL; 3; 7; 4; 688
INTERNAL; 9; 11; 2; 677; INTERNAL; 8; 10; 2; 681
INTERNAL; 10; 13; 3; 1520; INTERNAL; 9; 11; 2; 678
INTERNAL; 9; 11; 2; 678; INTERNAL; 4; 10; 6; 673
INTERNAL; 4; 10; 6; 673; INTERNAL; 3; 9; 6; 3097
INTERNAL; 3; 9; 6; 3097; INTERNAL; 2; 8; 6; 670
INTERNAL; 4; 10; 6; 673; INTERNAL; 3; 9; 6; 5931
INTERNAL; 9; 11; 2; 678; INTERNAL; 4; 10; 6; 674
INTERNAL; 4; 10; 6; 674; INTERNAL; 2; 9; 7; 672
INTERNAL; 4; 10; 6; 674; INTERNAL; 3; 9; 6; 2597
INTERNAL; 3; 9; 6; 2597; INTERNAL; 2; 8; 6; 671
INTERNAL; 9; 11; 2; 678; INTERNAL; 8; 10; 2; 675
INTERNAL; 8; 10; 2; 675; INTERNAL; 7; 9; 2; 687
INTERNAL; 8; 10; 2; 675; INTERNAL; 5; 9; 4; 685
INTERNAL; 5; 9; 4; 685; INTERNAL; 4; 8; 4; 5515
INTERNAL; 4; 8; 4; 5515; INTERNAL; 3; 7; 4; 684
INTERNAL; 3; 7; 4; 684; INTERNAL; 2; 6; 4; 4699
INTERNAL; 3; 7; 4; 684; INTERNAL; 2; 6; 4; 1679
INTERNAL; 4; 8; 4; 5515; INTERNAL; 3; 7; 4; 1915
INTERNAL; 5; 9; 4; 685; INTERNAL; 3; 8; 5; 992
INTERNAL; 3; 8; 5; 992; INTERNAL; 2; 7; 5; 1795
INTERNAL; 12; 14; 2; 659; INTERNAL; 11; 13; 2; 6225
INTERNAL; 11; 13; 2; 6225; INTERNAL; 10; 12; 2; 5079
INTERNAL; 11; 13; 2; 6225; INTERNAL; 9; 12; 3; 6227
INTERNAL; 11; 13; 2; 6225; INTERNAL; 9; 12; 3; 6226
INTERNAL; 9; 12; 3; 6226; INTERNAL; 8; 11; 3; 1187
INTERNAL; 9; 12; 3; 6226; INTERNAL; 8; 11; 3; 4998
INTERNAL; 9; 12; 3; 6226; INTERNAL; 8; 11; 3; 723
INTERNAL; 12; 14; 2; 659; INTERNAL; 9; 13; 4; 1812
INTERNAL; 13; 16; 3; 3214; INTERNAL; 12; 14; 2; 657
INTERNAL; 12; 14; 2; 657; INTERNAL; 11; 13; 2; 656
INTERNAL; 12; 14; 2; 657; INTERNAL; 9; 13; 4; 655
INTERNAL; 12; 14; 2; 657; INTERNAL; 11; 13; 2; 909
INTERNAL; 15; 17; 2; 637; INTERNAL; 12; 16; 4; 636
INTERNAL; 15; 17; 2; 637; INTERNAL; 14; 16; 2; 635
INTERNAL; 14; 16; 2; 635; INTERNAL; 13; 15; 2; 6217
INTERNAL; 13; 15; 2; 6217; INTERNAL; 12; 14; 2; 6220
INTERNAL; 13; 15; 2; 6217; INTERNAL; 12; 14; 2; 6222
INTERNAL; 12; 14; 2; 6222; INTERNAL; 5; 13; 8; 669
INTERNAL; 5; 13; 8; 669; INTERNAL; 4; 12; 8; 5680
INTERNAL; 5; 13; 8; 669; INTERNAL; 2; 12; 10; 660
INTERNAL; 12; 14; 2; 6222; INTERNAL; 11; 13; 2; 5819
INTERNAL; 11; 13; 2; 5819; INTERNAL; 5; 12; 7; 667
INTERNAL; 5; 12; 7; 667; INTERNAL; 4; 11; 7; 664
INTERNAL; 4; 11; 7; 664; INTERNAL; 2; 6; 4; 4613
INTERNAL; 4; 11; 7; 664; INTERNAL; 3; 10; 7; 755
INTERNAL; 3; 10; 7; 755; INTERNAL; 2; 9; 7; 5015
INTERNAL; 5; 12; 7; 667; INTERNAL; 3; 11; 8; 665
INTERNAL; 11; 13; 2; 5819; INTERNAL; 10; 12; 2; 668
INTERNAL; 11; 13; 2; 5819; INTERNAL; 5; 12; 7; 666
INTERNAL; 5; 12; 7; 666; INTERNAL; 4; 11; 7; 662
INTERNAL; 4; 11; 7; 662; INTERNAL; 3; 10; 7; 661
INTERNAL; 3; 10; 7; 661; INTERNAL; 2; 9; 7; 2496
INTERNAL; 5; 12; 7; 666; INTERNAL; 4; 11; 7; 663
INTERNAL; 13; 15; 2; 6217; INTERNAL; 11; 14; 3; 6224
INTERNAL; 14; 16; 2; 635; INTERNAL; 13; 15; 2; 4368
INTERNAL; 15; 17; 2; 637; INTERNAL; 12; 16; 4; 3471
INTERNAL; 17; 20; 3; 5927; INTERNAL; 15; 18; 3; 3581
INTERNAL; 17; 20; 3; 5927; INTERNAL; 15; 19; 4; 104
INTERNAL; 15; 19; 4; 104; INTERNAL; 12; 17; 5; 6215
INTERNAL; 15; 19; 4; 104; INTERNAL; 13; 17; 4; 6213
INTERNAL; 15; 19; 4; 104; INTERNAL; 14; 17; 3; 6212
INTERNAL; 18; 21; 3; 3933; INTERNAL; 17; 19; 2; 3802
INTERNAL; 17; 19; 2; 3802; INTERNAL; 11; 18; 7; 619
INTERNAL; 17; 19; 2; 3802; INTERNAL; 12; 18; 6; 620
INTERNAL; 17; 19; 2; 3802; INTERNAL; 13; 18; 5; 621
INTERNAL; 17; 19; 2; 3802; INTERNAL; 16; 18; 2; 2476
INTERNAL; 18; 21; 3; 3933; INTERNAL; 17; 19; 2; 4025
INTERNAL; 20; 22; 2; 112; INTERNAL; 18; 21; 3; 5096
INTERNAL; 18; 21; 3; 5096; INTERNAL; 17; 20; 3; 108
INTERNAL; 17; 20; 3; 108; INTERNAL; 15; 19; 4; 107
INTERNAL; 20; 22; 2; 112; INTERNAL; 18; 21; 3; 5979
INTERNAL; 18; 21; 3; 5979; INTERNAL; 17; 20; 3; 4594
INTERNAL; 17; 20; 3; 4594; INTERNAL; 15; 19; 4; 4141
INTERNAL; 20; 22; 2; 112; INTERNAL; 19; 21; 2; 1144
INTERNAL; 19; 21; 2; 1144; INTERNAL; 18; 20; 2; 2528
INTERNAL; 18; 20; 2; 2528; INTERNAL; 10; 19; 9; 4525
INTERNAL; 10; 19; 9; 4525; INTERNAL; 8; 15; 7; 4520
INTERNAL; 8; 15; 7; 4520; INTERNAL; 5; 13; 8; 4509
INTERNAL; 5; 13; 8; 4509; INTERNAL; 2; 9; 7; 4366
INTERNAL; 5; 13; 8; 4509; INTERNAL; 3; 9; 6; 4313
INTERNAL; 3; 9; 6; 4313; INTERNAL; 2; 6; 4; 3865
INTERNAL; 5; 13; 8; 4509; INTERNAL; 4; 9; 5; 4490
INTERNAL; 4; 9; 5; 4490; INTERNAL; 2; 7; 5; 3905
INTERNAL; 4; 9; 5; 4490; INTERNAL; 3; 8; 5; 4491
INTERNAL; 3; 8; 5; 4491; INTERNAL; 2; 6; 4; 899
INTERNAL; 8; 15; 7; 4520; INTERNAL; 7; 13; 6; 4751
INTERNAL; 7; 13; 6; 4751; INTERNAL; 6; 10; 4; 4484
INTERNAL; 6; 10; 4; 4484; INTERNAL; 5; 9; 4; 6300
INTERNAL; 5; 9; 4; 6300; INTERNAL; 4; 8; 4; 4411
INTERNAL; 4; 8; 4; 4411; INTERNAL; 3; 6; 3; 3917
INTERNAL; 5; 9; 4; 6300; INTERNAL; 3; 7; 4; 3795
INTERNAL; 5; 9; 4; 6300; INTERNAL; 3; 8; 5; 4999
INTERNAL; 6; 10; 4; 4484; INTERNAL; 5; 9; 4; 2436
INTERNAL; 5; 9; 4; 2436; INTERNAL; 4; 8; 4; 4406
INTERNAL; 6; 10; 4; 4484; INTERNAL; 3; 9; 6; 4403
INTERNAL; 3; 9; 6; 4403; INTERNAL; 2; 6; 4; 1625
INTERNAL; 7; 13; 6; 4751; INTERNAL; 5; 10; 5; 3824
INTERNAL; 10; 19; 9; 4525; INTERNAL; 9; 15; 6; 4812
INTERNAL; 9; 15; 6; 4812; INTERNAL; 7; 14; 7; 5411
INTERNAL; 7; 14; 7; 5411; INTERNAL; 6; 10; 4; 4492
INTERNAL; 6; 10; 4; 4492; INTERNAL; 3; 9; 6; 2432
INTERNAL; 3; 9; 6; 2432; INTERNAL; 2; 5; 3; 3980
INTERNAL; 3; 9; 6; 2432; INTERNAL; 2; 8; 6; 4399
INTERNAL; 6; 10; 4; 4492; INTERNAL; 5; 9; 4; 4389
INTERNAL; 5; 9; 4; 4389; INTERNAL; 2; 6; 4; 4909
INTERNAL; 5; 9; 4; 4389; INTERNAL; 2; 8; 6; 4294
INTERNAL; 5; 9; 4; 4389; INTERNAL; 4; 8; 4; 1847
INTERNAL; 4; 8; 4; 1847; INTERNAL; 3; 7; 4; 4293
INTERNAL; 3; 7; 4; 4293; INPUT; 1; 6; 5; 5657
INTERNAL; 3; 7; 4; 4293; INTERNAL; 2; 6; 4; 4451
INTERNAL; 5; 9; 4; 4389; INTERNAL; 3; 8; 5; 4273
INTERNAL; 6; 10; 4; 4492; INTERNAL; 3; 9; 6; 1640
INTERNAL; 7; 14; 7; 5411; INTERNAL; 6; 10; 4; 4494
INTERNAL; 6; 10; 4; 4494; INTERNAL; 3; 9; 6; 4412
INTERNAL; 3; 9; 6; 4412; INTERNAL; 2; 6; 4; 5558
INTERNAL; 6; 10; 4; 4494; INTERNAL; 3; 9; 6; 4414
INTERNAL; 3; 9; 6; 4414; INTERNAL; 2; 5; 3; 5944
INTERNAL; 3; 9; 6; 4414; INTERNAL; 2; 8; 6; 4596
INTERNAL; 6; 10; 4; 4494; INTERNAL; 5; 9; 4; 1270
INTERNAL; 5; 9; 4; 1270; INTERNAL; 4; 8; 4; 4416
INTERNAL; 4; 8; 4; 4416; INTERNAL; 2; 5; 3; 1406
INTERNAL; 4; 8; 4; 4416; INTERNAL; 3; 7; 4; 4316
INTERNAL; 3; 7; 4; 4316; INPUT; 1; 6; 5; 4318
INTERNAL; 3; 7; 4; 4316; INPUT; 1; 5; 4; 5485
INTERNAL; 5; 9; 4; 1270; INTERNAL; 3; 8; 5; 1547
INTERNAL; 9; 15; 6; 4812; INTERNAL; 8; 14; 6; 4504
INTERNAL; 9; 15; 6; 4812; INTERNAL; 8; 14; 6; 4502
INTERNAL; 8; 14; 6; 4502; INTERNAL; 7; 11; 4; 2965
INTERNAL; 8; 14; 6; 4502; INTERNAL; 7; 11; 4; 3770
INTERNAL; 7; 11; 4; 3770; INTERNAL; 6; 10; 4; 4118
INTERNAL; 6; 10; 4; 4118; INTERNAL; 5; 8; 3; 3899
INTERNAL; 5; 8; 3; 3899; INTERNAL; 4; 7; 3; 2257
INTERNAL; 4; 7; 3; 2257; INTERNAL; 3; 6; 3; 3918
INTERNAL; 3; 6; 3; 3918; INPUT; 1; 5; 4; 3920
INTERNAL; 5; 8; 3; 3899; INTERNAL; 3; 7; 4; 3907
INTERNAL; 3; 7; 4; 3907; INTERNAL; 2; 6; 4; 868
INTERNAL; 6; 10; 4; 4118; INTERNAL; 4; 8; 4; 3903
INTERNAL; 4; 8; 4; 3903; INTERNAL; 3; 7; 4; 1320
INTERNAL; 7; 11; 4; 3770; INTERNAL; 6; 10; 4; 3074
INTERNAL; 7; 11; 4; 3770; INTERNAL; 6; 10; 4; 4402
INTERNAL; 8; 14; 6; 4502; INTERNAL; 7; 11; 4; 4057
INTERNAL; 18; 20; 2; 2528; INTERNAL; 12; 19; 7; 2322
INTERNAL; 12; 19; 7; 2322; INTERNAL; 10; 16; 6; 4517
INTERNAL; 12; 19; 7; 2322; INTERNAL; 11; 16; 5; 4286
INTERNAL; 11; 16; 5; 4286; INTERNAL; 10; 15; 5; 4499
INTERNAL; 10; 15; 5; 4499; INTERNAL; 9; 12; 3; 4474
INTERNAL; 9; 12; 3; 4474; INTERNAL; 8; 11; 3; 3556
INTERNAL; 8; 11; 3; 3556; INTERNAL; 7; 10; 3; 1304
INTERNAL; 7; 10; 3; 1304; INTERNAL; 5; 9; 4; 4437
INTERNAL; 5; 9; 4; 4437; INTERNAL; 2; 8; 6; 4444
INTERNAL; 2; 8; 6; 4444; INPUT; 1; 3; 2; 2797
INTERNAL; 2; 8; 6; 4444; INPUT; 1; 3; 2; 786
INTERNAL; 2; 8; 6; 4444; INPUT; 1; 3; 2; 1866
INTERNAL; 2; 8; 6; 4444; INPUT; 1; 3; 2; 6240
INTERNAL; 5; 9; 4; 4437; INTERNAL; 4; 8; 4; 1072
INTERNAL; 4; 8; 4; 1072; INTERNAL; 3; 7; 4; 4447
INTERNAL; 7; 10; 3; 1304; INTERNAL; 4; 9; 5; 5413
INTERNAL; 4; 9; 5; 5413; INTERNAL; 2; 5; 3; 3217
INTERNAL; 7; 10; 3; 1304; INTERNAL; 6; 9; 3; 4436
INTERNAL; 6; 9; 3; 4436; INTERNAL; 2; 8; 6; 6161
INTERNAL; 2; 8; 6; 6161; INPUT; 1; 2; 1; 2309
INTERNAL; 6; 9; 3; 4436; INTERNAL; 2; 8; 6; 1222
INTERNAL; 6; 9; 3; 4436; INTERNAL; 5; 8; 3; 2534
INTERNAL; 5; 8; 3; 2534; INTERNAL; 3; 6; 3; 4258
INTERNAL; 5; 8; 3; 2534; INTERNAL; 2; 4; 2; 2083
INTERNAL; 5; 8; 3; 2534; INTERNAL; 4; 7; 3; 4257
INTERNAL; 5; 8; 3; 2534; INTERNAL; 2; 6; 4; 2384
INTERNAL; 8; 11; 3; 3556; INTERNAL; 5; 10; 5; 4434
INTERNAL; 5; 10; 5; 4434; INTERNAL; 3; 9; 6; 4016
INTERNAL; 3; 9; 6; 4016; INTERNAL; 2; 5; 3; 4009
INTERNAL; 3; 9; 6; 4016; INTERNAL; 2; 6; 4; 4004
INTERNAL; 3; 9; 6; 4016; INTERNAL; 2; 8; 6; 5232
INTERNAL; 3; 9; 6; 4016; INTERNAL; 2; 5; 3; 4010
INTERNAL; 5; 10; 5; 4434; INTERNAL; 3; 9; 6; 1328
INTERNAL; 3; 9; 6; 1328; INTERNAL; 2; 5; 3; 4060
INTERNAL; 3; 9; 6; 1328; INPUT; 1; 6; 5; 4075
INTERNAL; 3; 9; 6; 1328; INTERNAL; 2; 6; 4; 4080
INTERNAL; 5; 10; 5; 4434; INTERNAL; 4; 9; 5; 4450
INTERNAL; 4; 9; 5; 4450; INTERNAL; 2; 8; 6; 4174
INTERNAL; 4; 9; 5; 4450; INTERNAL; 3; 8; 5; 4172
INTERNAL; 3; 8; 5; 4172; INTERNAL; 2; 5; 3; 952
INTERNAL; 8; 11; 3; 3556; INTERNAL; 6; 10; 4; 1000
INTERNAL; 6; 10; 4; 1000; INTERNAL; 4; 8; 4; 3410
INTERNAL; 4; 8; 4; 3410; INTERNAL; 3; 7; 4; 4104
INTERNAL; 3; 7; 4; 4104; INTERNAL; 2; 6; 4; 4121
INTERNAL; 3; 7; 4; 4104; INTERNAL; 2; 6; 4; 3157
INTERNAL; 4; 8; 4; 3410; INTERNAL; 3; 7; 4; 4103
INTERNAL; 4; 8; 4; 3410; INTERNAL; 3; 7; 4; 4107
INTERNAL; 4; 8; 4; 3410; INTERNAL; 3; 7; 4; 4100
INTERNAL; 6; 10; 4; 1000; INTERNAL; 4; 8; 4; 4050
INTERNAL; 4; 8; 4; 4050; INTERNAL; 3; 7; 4; 4088
INTERNAL; 4; 8; 4; 4050; INTERNAL; 3; 7; 4; 4797
INTERNAL; 6; 10; 4; 1000; INTERNAL; 5; 8; 3; 6028
INTERNAL; 5; 8; 3; 6028; INTERNAL; 3; 7; 4; 3054
INTERNAL; 5; 8; 3; 6028; INTERNAL; 2; 7; 5; 4054
INTERNAL; 5; 8; 3; 6028; INTERNAL; 3; 7; 4; 4052
INTERNAL; 5; 8; 3; 6028; INTERNAL; 3; 7; 4; 2456
INTERNAL; 5; 8; 3; 6028; INTERNAL; 4; 7; 3; 1878
INTERNAL; 4; 7; 3; 1878; INTERNAL; 3; 6; 3; 4059
INTERNAL; 9; 12; 3; 4474; INTERNAL; 7; 11; 4; 4482
INTERNAL; 9; 12; 3; 4474; INTERNAL; 8; 11; 3; 4479
INTERNAL; 8; 11; 3; 4479; INTERNAL; 6; 10; 4; 5627
INTERNAL; 6; 10; 4; 5627; INTERNAL; 5; 8; 3; 3863
INTERNAL; 5; 8; 3; 3863; INTERNAL; 4; 7; 3; 4001
INTERNAL; 4; 7; 3; 4001; INTERNAL; 3; 6; 3; 1146
INTERNAL; 4; 7; 3; 4001; INTERNAL; 3; 6; 3; 4003
INTERNAL; 3; 6; 3; 4003; INTERNAL; 2; 5; 3; 4005
INTERNAL; 5; 8; 3; 3863; INTERNAL; 2; 7; 5; 3743
INTERNAL; 5; 8; 3; 3863; INTERNAL; 2; 7; 5; 3769
INTERNAL; 6; 10; 4; 5627; INTERNAL; 5; 8; 3; 3955
INTERNAL; 5; 8; 3; 3955; INTERNAL; 4; 7; 3; 6021
INTERNAL; 4; 7; 3; 6021; INTERNAL; 3; 6; 3; 3963
INTERNAL; 3; 6; 3; 3963; INTERNAL; 2; 5; 3; 3964
INTERNAL; 3; 6; 3; 3963; INTERNAL; 2; 5; 3; 2311
INTERNAL; 6; 10; 4; 5627; INTERNAL; 5; 8; 3; 3957
INTERNAL; 5; 8; 3; 3957; INTERNAL; 3; 7; 4; 2632
INTERNAL; 5; 8; 3; 3957; INTERNAL; 4; 7; 3; 3974
INTERNAL; 4; 7; 3; 3974; INTERNAL; 3; 6; 3; 2033
INTERNAL; 3; 6; 3; 2033; INPUT; 1; 5; 4; 3977
INTERNAL; 3; 6; 3; 2033; INPUT; 1; 5; 4; 1977
INTERNAL; 8; 11; 3; 4479; INTERNAL; 6; 10; 4; 4386
INTERNAL; 8; 11; 3; 4479; INTERNAL; 7; 10; 3; 1032
INTERNAL; 7; 10; 3; 1032; INTERNAL; 5; 8; 3; 2873
INTERNAL; 5; 8; 3; 2873; INTERNAL; 3; 7; 4; 6096
INTERNAL; 5; 8; 3; 2873; INTERNAL; 4; 7; 3; 767
INTERNAL; 4; 7; 3; 767; INTERNAL; 3; 6; 3; 1233
INTERNAL; 4; 7; 3; 767; INTERNAL; 2; 6; 4; 1004
INTERNAL; 5; 8; 3; 2873; INTERNAL; 4; 7; 3; 6058
INTERNAL; 7; 10; 3; 1032; INTERNAL; 5; 8; 3; 4407
INTERNAL; 5; 8; 3; 4407; INTERNAL; 4; 7; 3; 752
INTERNAL; 5; 8; 3; 4407; INTERNAL; 3; 7; 4; 1820
INTERNAL; 5; 8; 3; 4407; INTERNAL; 3; 7; 4; 3876
INTERNAL; 3; 7; 4; 3876; INTERNAL; 2; 6; 4; 3893
INTERNAL; 7; 10; 3; 1032; INTERNAL; 6; 8; 2; 4702
INTERNAL; 6; 8; 2; 4702; INTERNAL; 5; 7; 2; 2219
INTERNAL; 5; 7; 2; 2219; INTERNAL; 4; 6; 2; 1473
INTERNAL; 5; 7; 2; 2219; INTERNAL; 2; 6; 4; 984
INTERNAL; 2; 6; 4; 984; INPUT; 1; 4; 3; 3742
INTERNAL; 2; 6; 4; 984; INPUT; 1; 5; 4; 2109
INTERNAL; 6; 8; 2; 4702; INTERNAL; 3; 7; 4; 1731
INTERNAL; 6; 8; 2; 4702; INTERNAL; 3; 7; 4; 773
INTERNAL; 10; 15; 5; 4499; INTERNAL; 8; 12; 4; 3008
INTERNAL; 10; 15; 5; 4499; INTERNAL; 9; 12; 3; 4478
INTERNAL; 9; 12; 3; 4478; INTERNAL; 8; 11; 3; 4381
INTERNAL; 8; 11; 3; 4381; INTERNAL; 6; 9; 3; 1929
INTERNAL; 8; 11; 3; 4381; INTERNAL; 3; 8; 5; 775
INTERNAL; 8; 11; 3; 4381; INTERNAL; 7; 9; 2; 2334
INTERNAL; 9; 12; 3; 4478; INTERNAL; 8; 11; 3; 4426
INTERNAL; 9; 12; 3; 4478; INTERNAL; 7; 11; 4; 4384
INTERNAL; 11; 16; 5; 4286; INTERNAL; 10; 15; 5; 2979
INTERNAL; 10; 15; 5; 2979; INTERNAL; 9; 14; 5; 1055
INTERNAL; 10; 15; 5; 2979; INTERNAL; 6; 14; 8; 4501
INTERNAL; 6; 14; 8; 4501; INTERNAL; 5; 11; 6; 2515
INTERNAL; 5; 11; 6; 2515; INTERNAL; 3; 10; 7; 6146
INTERNAL; 5; 11; 6; 2515; INTERNAL; 4; 10; 6; 3549
INTERNAL; 4; 10; 6; 3549; INTERNAL; 2; 7; 5; 5338
INTERNAL; 4; 10; 6; 3549; INTERNAL; 2; 7; 5; 4228
INTERNAL; 5; 11; 6; 2515; INTERNAL; 4; 10; 6; 4460
INTERNAL; 4; 10; 6; 4460; INTERNAL; 3; 9; 6; 1789
INTERNAL; 3; 9; 6; 1789; INTERNAL; 2; 8; 6; 4026
INTERNAL; 6; 14; 8; 4501; INTERNAL; 5; 11; 6; 4472
INTERNAL; 11; 16; 5; 4286; INTERNAL; 9; 15; 6; 2054
INTERNAL; 12; 19; 7; 2322; INTERNAL; 10; 16; 6; 2936
INTERNAL; 18; 20; 2; 2528; INTERNAL; 13; 19; 6; 3335
INTERNAL; 13; 19; 6; 3335; INTERNAL; 12; 17; 5; 2540
INTERNAL; 12; 17; 5; 2540; INTERNAL; 11; 16; 5; 4495
INTERNAL; 11; 16; 5; 4495; INTERNAL; 10; 13; 3; 3024
INTERNAL; 10; 13; 3; 3024; INTERNAL; 6; 12; 6; 4471
INTERNAL; 10; 13; 3; 3024; INTERNAL; 9; 12; 3; 3768
INTERNAL; 9; 12; 3; 3768; INTERNAL; 8; 11; 3; 4432
INTERNAL; 9; 12; 3; 3768; INTERNAL; 7; 11; 4; 4433
INTERNAL; 7; 11; 4; 4433; INTERNAL; 6; 9; 3; 4049
INTERNAL; 6; 9; 3; 4049; INTERNAL; 4; 8; 4; 4139
INTERNAL; 4; 8; 4; 4139; INTERNAL; 2; 7; 5; 6202
INTERNAL; 4; 8; 4; 4139; INTERNAL; 3; 7; 4; 2887
INTERNAL; 3; 7; 4; 2887; INTERNAL; 2; 6; 4; 4164
INTERNAL; 4; 8; 4; 4139; INTERNAL; 3; 7; 4; 4159
INTERNAL; 6; 9; 3; 4049; INTERNAL; 5; 8; 3; 3507
INTERNAL; 5; 8; 3; 3507; INTERNAL; 4; 7; 3; 4145
INTERNAL; 4; 7; 3; 4145; INTERNAL; 3; 6; 3; 1006
INTERNAL; 6; 9; 3; 4049; INTERNAL; 5; 8; 3; 1582
INTERNAL; 5; 8; 3; 1582; INTERNAL; 4; 7; 3; 4150
INTERNAL; 7; 11; 4; 4433; INTERNAL; 6; 9; 3; 5208
INTERNAL; 7; 11; 4; 4433; INTERNAL; 3; 9; 6; 4435
INTERNAL; 9; 12; 3; 3768; INTERNAL; 7; 11; 4; 5714
INTERNAL; 7; 11; 4; 5714; INTERNAL; 6; 9; 3; 1090
INTERNAL; 7; 11; 4; 5714; INTERNAL; 4; 9; 5; 2624
INTERNAL; 4; 9; 5; 2624; INTERNAL; 2; 8; 6; 4099
INTERNAL; 4; 9; 5; 2624; INTERNAL; 3; 8; 5; 5814
INTERNAL; 3; 8; 5; 5814; INTERNAL; 2; 3; 1; 3521
INTERNAL; 3; 8; 5; 5814; INTERNAL; 2; 7; 5; 4023
INTERNAL; 4; 9; 5; 2624; INTERNAL; 3; 8; 5; 2326
INTERNAL; 3; 8; 5; 2326; INTERNAL; 2; 7; 5; 4017
INTERNAL; 3; 8; 5; 2326; INTERNAL; 2; 7; 5; 4019
INTERNAL; 10; 13; 3; 3024; INTERNAL; 7; 12; 5; 4470
INTERNAL; 7; 12; 5; 4470; INTERNAL; 6; 11; 5; 4457
INTERNAL; 6; 11; 5; 4457; INTERNAL; 5; 9; 4; 4202
INTERNAL; 5; 9; 4; 4202; INTERNAL; 4; 8; 4; 4206
INTERNAL; 4; 8; 4; 4206; INTERNAL; 2; 7; 5; 4209
INTERNAL; 6; 11; 5; 4457; INTERNAL; 5; 9; 4; 1503
INTERNAL; 5; 9; 4; 1503; INTERNAL; 3; 8; 5; 4348
INTERNAL; 3; 8; 5; 4348; INTERNAL; 2; 7; 5; 5014
INTERNAL; 5; 9; 4; 1503; INTERNAL; 4; 8; 4; 3344
INTERNAL; 4; 8; 4; 3344; INTERNAL; 3; 7; 4; 4225
INTERNAL; 3; 7; 4; 4225; INTERNAL; 2; 6; 4; 4229
INTERNAL; 5; 9; 4; 1503; INTERNAL; 3; 8; 5; 4222
INTERNAL; 6; 11; 5; 4457; INTERNAL; 4; 9; 5; 4205
INTERNAL; 4; 9; 5; 4205; INTERNAL; 2; 8; 6; 6289
INTERNAL; 4; 9; 5; 4205; INTERNAL; 2; 8; 6; 859
INTERNAL; 7; 12; 5; 4470; INTERNAL; 6; 11; 5; 4454
INTERNAL; 7; 12; 5; 4470; INTERNAL; 5; 11; 6; 4459
INTERNAL; 11; 16; 5; 4495; INTERNAL; 10; 13; 3; 1407
INTERNAL; 10; 13; 3; 1407; INTERNAL; 9; 12; 3; 4116
INTERNAL; 10; 13; 3; 1407; INTERNAL; 9; 12; 3; 4378
INTERNAL; 9; 12; 3; 4378; INTERNAL; 5; 10; 5; 4623
INTERNAL; 5; 10; 5; 4623; INTERNAL; 4; 9; 5; 3346
INTERNAL; 5; 10; 5; 4623; INTERNAL; 3; 9; 6; 4027
INTERNAL; 9; 12; 3; 4378; INTERNAL; 7; 10; 3; 5624
INTERNAL; 9; 12; 3; 4378; INTERNAL; 8; 10; 2; 1831
INTERNAL; 10; 13; 3; 1407; INTERNAL; 9; 12; 3; 4380
INTERNAL; 11; 16; 5; 4495; INTERNAL; 10; 13; 3; 4467
INTERNAL; 12; 17; 5; 2540; INTERNAL; 10; 16; 6; 1174
INTERNAL; 12; 17; 5; 2540; INTERNAL; 11; 16; 5; 1967
INTERNAL; 13; 19; 6; 3335; INTERNAL; 12; 17; 5; 4513
INTERNAL; 18; 20; 2; 2528; INTERNAL; 17; 19; 2; 6255
INTERNAL; 17; 19; 2; 6255; INTERNAL; 13; 18; 5; 1634
INTERNAL; 17; 19; 2; 6255; INTERNAL; 16; 18; 2; 5858
INTERNAL; 16; 18; 2; 5858; INTERNAL; 15; 17; 2; 1157
INTERNAL; 15; 17; 2; 1157; INTERNAL; 14; 16; 2; 1517
INTERNAL; 14; 16; 2; 1517; INTERNAL; 13; 15; 2; 3477
INTERNAL; 13; 15; 2; 3477; INTERNAL; 6; 14; 8; 784
INTERNAL; 6; 14; 8; 784; INTERNAL; 5; 13; 8; 4332
INTERNAL; 5; 13; 8; 4332; INTERNAL; 4; 12; 8; 4334
INTERNAL; 6; 14; 8; 784; INTERNAL; 3; 13; 10; 4330
INTERNAL; 6; 14; 8; 784; INTERNAL; 4; 13; 9; 4413
INTERNAL; 4; 13; 9; 4413; INPUT; 1; 12; 11; 1939
INTERNAL; 4; 13; 9; 4413; INPUT; 1; 12; 11; 1957
INTERNAL; 4; 13; 9; 4413; INPUT; 1; 12; 11; 4346
INTERNAL; 4; 13; 9; 4413; INPUT; 1; 12; 11; 4344
INTERNAL; 13; 15; 2; 3477; INTERNAL; 5; 14; 9; 2296
INTERNAL; 5; 14; 9; 2296; INTERNAL; 4; 13; 9; 2584
INTERNAL; 4; 13; 9; 2584; INTERNAL; 3; 12; 9; 4354
INTERNAL; 3; 12; 9; 4354; INPUT; 1; 11; 10; 4365
INTERNAL; 3; 12; 9; 4354; INPUT; 1; 11; 10; 4361
INTERNAL; 3; 12; 9; 4354; INPUT; 1; 11; 10; 4359
INTERNAL; 3; 12; 9; 4354; INPUT; 1; 11; 10; 4364
INTERNAL; 4; 13; 9; 2584; INTERNAL; 2; 12; 10; 4358
INTERNAL; 5; 14; 9; 2296; INTERNAL; 3; 13; 10; 2831
INTERNAL; 13; 15; 2; 3477; INTERNAL; 12; 14; 2; 1422
INTERNAL; 12; 14; 2; 1422; INTERNAL; 5; 13; 8; 2489
INTERNAL; 5; 13; 8; 2489; INTERNAL; 4; 12; 8; 4309
INTERNAL; 12; 14; 2; 1422; INTERNAL; 5; 13; 8; 783
INTERNAL; 5; 13; 8; 783; INTERNAL; 4; 12; 8; 3266
INTERNAL; 4; 12; 8; 3266; INPUT; 1; 9; 8; 4289
INTERNAL; 4; 12; 8; 3266; INTERNAL; 3; 11; 8; 4324
INTERNAL; 5; 13; 8; 783; INTERNAL; 3; 12; 9; 5176
INTERNAL; 3; 12; 9; 5176; INTERNAL; 2; 11; 9; 1276
INTERNAL; 12; 14; 2; 1422; INTERNAL; 11; 13; 2; 6268
INTERNAL; 11; 13; 2; 6268; INTERNAL; 10; 12; 2; 782
INTERNAL; 10; 12; 2; 782; INTERNAL; 8; 11; 3; 778
INTERNAL; 8; 11; 3; 778; INTERNAL; 5; 10; 5; 4045
INTERNAL; 5; 10; 5; 4045; INTERNAL; 4; 9; 5; 4170
INTERNAL; 4; 9; 5; 4170; INTERNAL; 2; 8; 6; 1208
INTERNAL; 5; 10; 5; 4045; INTERNAL; 3; 9; 6; 5186
INTERNAL; 3; 9; 6; 5186; INTERNAL; 2; 8; 6; 2221
INTERNAL; 5; 10; 5; 4045; INTERNAL; 3; 9; 6; 4168
INTERNAL; 3; 9; 6; 4168; INTERNAL; 2; 8; 6; 4179
INTERNAL; 8; 11; 3; 778; INTERNAL; 4; 10; 6; 4048
INTERNAL; 4; 10; 6; 4048; INTERNAL; 3; 9; 6; 4182
INTERNAL; 4; 10; 6; 4048; INTERNAL; 2; 7; 5; 2623
INTERNAL; 8; 11; 3; 778; INTERNAL; 7; 10; 3; 4041
INTERNAL; 10; 12; 2; 782; INTERNAL; 4; 11; 7; 1126
INTERNAL; 4; 11; 7; 1126; INTERNAL; 3; 10; 7; 4190
INTERNAL; 4; 11; 7; 1126; INTERNAL; 3; 10; 7; 4188
INTERNAL; 4; 11; 7; 1126; INTERNAL; 2; 5; 3; 4186
INTERNAL; 10; 12; 2; 782; INTERNAL; 9; 11; 2; 1438
INTERNAL; 11; 13; 2; 6268; INTERNAL; 8; 12; 4; 1736
INTERNAL; 8; 12; 4; 1736; INTERNAL; 7; 11; 4; 4194
INTERNAL; 7; 11; 4; 4194; INTERNAL; 6; 10; 4; 2639
INTERNAL; 7; 11; 4; 4194; INTERNAL; 5; 10; 5; 4199
INTERNAL; 5; 10; 5; 4199; INTERNAL; 3; 9; 6; 5150
INTERNAL; 5; 10; 5; 4199; INTERNAL; 4; 9; 5; 4234
INTERNAL; 4; 9; 5; 4234; INTERNAL; 2; 8; 6; 4236
INTERNAL; 4; 9; 5; 4234; INTERNAL; 3; 8; 5; 2527
INTERNAL; 3; 8; 5; 2527; INTERNAL; 2; 6; 4; 4352
INTERNAL; 5; 10; 5; 4199; INTERNAL; 3; 9; 6; 4232
INTERNAL; 3; 9; 6; 4232; INTERNAL; 2; 8; 6; 1623
INTERNAL; 8; 12; 4; 1736; INTERNAL; 4; 11; 7; 4198
INTERNAL; 4; 11; 7; 4198; INTERNAL; 2; 10; 8; 4274
INTERNAL; 4; 11; 7; 4198; INTERNAL; 3; 10; 7; 4268
INTERNAL; 3; 10; 7; 4268; INTERNAL; 2; 9; 7; 4283
INTERNAL; 8; 12; 4; 1736; INTERNAL; 6; 11; 5; 4196
INTERNAL; 6; 11; 5; 4196; INTERNAL; 5; 10; 5; 4253
INTERNAL; 6; 11; 5; 4196; INTERNAL; 2; 10; 8; 777
INTERNAL; 6; 11; 5; 4196; INTERNAL; 2; 10; 8; 2099
INTERNAL; 6; 11; 5; 4196; INTERNAL; 3; 10; 7; 4248
INTERNAL; 11; 13; 2; 6268; INTERNAL; 5; 12; 7; 5212
INTERNAL; 5; 12; 7; 5212; INTERNAL; 3; 11; 8; 4295
INTERNAL; 5; 12; 7; 5212; INTERNAL; 3; 11; 8; 4292
INTERNAL; 3; 11; 8; 4292; INTERNAL; 2; 10; 8; 4135
INTERNAL; 14; 16; 2; 1517; INTERNAL; 12; 15; 3; 2074
INTERNAL; 12; 15; 3; 2074; INTERNAL; 8; 14; 6; 4371
INTERNAL; 12; 15; 3; 2074; INTERNAL; 11; 14; 3; 4369
INTERNAL; 11; 14; 3; 4369; INTERNAL; 10; 13; 3; 4374
INTERNAL; 11; 14; 3; 4369; INTERNAL; 10; 13; 3; 3271
INTERNAL; 11; 14; 3; 4369; INTERNAL; 9; 13; 4; 4376
INTERNAL; 9; 13; 4; 4376; INTERNAL; 8; 12; 4; 5331
INTERNAL; 9; 13; 4; 4376; INTERNAL; 7; 12; 5; 4452
INTERNAL; 9; 13; 4; 4376; INTERNAL; 7; 12; 5; 4686
INTERNAL; 12; 15; 3; 2074; INTERNAL; 11; 14; 3; 4489
INTERNAL; 14; 16; 2; 1517; INTERNAL; 12; 15; 3; 1560
INTERNAL; 15; 17; 2; 1157; INTERNAL; 13; 16; 3; 823
INTERNAL; 13; 16; 3; 823; INTERNAL; 12; 15; 3; 4462
INTERNAL; 13; 16; 3; 823; INTERNAL; 12; 15; 3; 5405
INTERNAL; 12; 15; 3; 5405; INTERNAL; 11; 14; 3; 846
INTERNAL; 12; 15; 3; 5405; INTERNAL; 9; 14; 5; 4466
INTERNAL; 12; 15; 3; 5405; INTERNAL; 11; 14; 3; 4464
INTERNAL; 16; 18; 2; 5858; INTERNAL; 12; 17; 5; 3070
INTERNAL; 16; 18; 2; 5858; INTERNAL; 12; 17; 5; 2145
INTERNAL; 16; 18; 2; 5858; INTERNAL; 13; 17; 4; 2959
INTERNAL; 19; 21; 2; 1144; INTERNAL; 18; 20; 2; 111
INTERNAL; 18; 20; 2; 111; INTERNAL; 17; 19; 2; 790
INTERNAL; 18; 20; 2; 111; INTERNAL; 16; 19; 3; 110
INTERNAL; 16; 19; 3; 110; INTERNAL; 15; 18; 3; 2647
INTERNAL; 16; 19; 3; 110; INTERNAL; 14; 18; 4; 2485
INTERNAL; 16; 19; 3; 110; INTERNAL; 13; 18; 5; 4523
INTERNAL; 18; 20; 2; 111; INTERNAL; 16; 19; 3; 2133
INTERNAL; 19; 21; 2; 1144; INTERNAL; 18; 20; 2; 3596
INTERNAL; 20; 22; 2; 112; INTERNAL; 19; 21; 2; 3035
INTERNAL; 19; 21; 2; 3035; INTERNAL; 18; 20; 2; 109
INTERNAL; 18; 20; 2; 109; INTERNAL; 16; 19; 3; 5608
INTERNAL; 22; 23; 1; 1754; INTERNAL; 19; 22; 3; 141
INTERNAL; 19; 22; 3; 141; INTERNAL; 18; 21; 3; 173
INTERNAL; 18; 21; 3; 173; INTERNAL; 16; 19; 3; 5083
INTERNAL; 16; 19; 3; 5083; INTERNAL; 14; 17; 3; 2362
INTERNAL; 14; 17; 3; 2362; INTERNAL; 13; 15; 2; 5407
INTERNAL; 13; 15; 2; 5407; INTERNAL; 4; 14; 10; 4547
INTERNAL; 4; 14; 10; 4547; INTERNAL; 3; 7; 4; 1413
INTERNAL; 3; 7; 4; 1413; INTERNAL; 2; 6; 4; 991
INTERNAL; 4; 14; 10; 4547; INTERNAL; 3; 7; 4; 4972
INTERNAL; 3; 7; 4; 4972; INTERNAL; 2; 6; 4; 1670
INTERNAL; 2; 6; 4; 1670; INPUT; 1; 4; 3; 1809
INTERNAL; 2; 6; 4; 1670; INPUT; 1; 4; 3; 3613
INTERNAL; 2; 6; 4; 1670; INPUT; 1; 4; 3; 1156
INTERNAL; 13; 15; 2; 5407; INTERNAL; 12; 14; 2; 4545
INTERNAL; 12; 14; 2; 4545; INTERNAL; 11; 13; 2; 3970
INTERNAL; 11; 13; 2; 3970; INTERNAL; 9; 12; 3; 5033
INTERNAL; 9; 12; 3; 5033; INTERNAL; 4; 11; 7; 4526
INTERNAL; 4; 11; 7; 4526; INTERNAL; 3; 10; 7; 5047
INTERNAL; 4; 11; 7; 4526; INTERNAL; 3; 10; 7; 5861
INTERNAL; 4; 11; 7; 4526; INTERNAL; 3; 10; 7; 887
INTERNAL; 4; 11; 7; 4526; INTERNAL; 2; 4; 2; 2159
INTERNAL; 9; 12; 3; 5033; INTERNAL; 5; 11; 6; 5035
INTERNAL; 5; 11; 6; 5035; INTERNAL; 3; 10; 7; 5037
INTERNAL; 3; 10; 7; 5037; INTERNAL; 2; 9; 7; 5044
INTERNAL; 2; 9; 7; 5044; INPUT; 1; 6; 5; 4878
INTERNAL; 2; 9; 7; 5044; INPUT; 1; 4; 3; 2948
INTERNAL; 5; 11; 6; 5035; INTERNAL; 4; 10; 6; 5039
INTERNAL; 4; 10; 6; 5039; INTERNAL; 3; 9; 6; 1576
INTERNAL; 3; 9; 6; 1576; INTERNAL; 2; 7; 5; 1727
INTERNAL; 5; 11; 6; 5035; INTERNAL; 2; 7; 5; 2660
INTERNAL; 5; 11; 6; 5035; INTERNAL; 4; 10; 6; 3423
INTERNAL; 4; 10; 6; 3423; INTERNAL; 3; 9; 6; 4423
INTERNAL; 3; 9; 6; 4423; INTERNAL; 2; 8; 6; 6098
INTERNAL; 2; 8; 6; 6098; INPUT; 1; 6; 5; 2672
INTERNAL; 2; 8; 6; 6098; INPUT; 1; 5; 4; 4855
INTERNAL; 2; 8; 6; 6098; INPUT; 1; 6; 5; 4851
INTERNAL; 2; 8; 6; 6098; INPUT; 1; 5; 4; 4853
INTERNAL; 4; 10; 6; 3423; INTERNAL; 2; 9; 7; 5042
INTERNAL; 5; 11; 6; 5035; INTERNAL; 2; 7; 5; 4860
INTERNAL; 9; 12; 3; 5033; INTERNAL; 8; 11; 3; 2509
INTERNAL; 8; 11; 3; 2509; INTERNAL; 7; 10; 3; 3517
INTERNAL; 7; 10; 3; 3517; INTERNAL; 5; 9; 4; 6263
INTERNAL; 5; 9; 4; 6263; INTERNAL; 3; 6; 3; 4850
INTERNAL; 5; 9; 4; 6263; INTERNAL; 3; 7; 4; 4711
INTERNAL; 5; 9; 4; 6263; INTERNAL; 2; 7; 5; 3383
INTERNAL; 5; 9; 4; 6263; INTERNAL; 4; 8; 4; 2463
INTERNAL; 5; 9; 4; 6263; INTERNAL; 3; 7; 4; 4789
INTERNAL; 7; 10; 3; 3517; INTERNAL; 5; 9; 4; 4980
INTERNAL; 5; 9; 4; 4980; INTERNAL; 3; 8; 5; 3753
INTERNAL; 3; 8; 5; 3753; INTERNAL; 2; 7; 5; 6245
INTERNAL; 5; 9; 4; 4980; INTERNAL; 3; 8; 5; 4982
INTERNAL; 3; 8; 5; 4982; INTERNAL; 2; 7; 5; 2748
INTERNAL; 3; 8; 5; 4982; INTERNAL; 2; 7; 5; 4985
INTERNAL; 2; 7; 5; 4985; INPUT; 1; 5; 4; 4678
INTERNAL; 2; 7; 5; 4985; INPUT; 1; 6; 5; 1475
INTERNAL; 2; 7; 5; 4985; INPUT; 1; 5; 4; 2656
INTERNAL; 2; 7; 5; 4985; INPUT; 1; 5; 4; 4676
INTERNAL; 5; 9; 4; 4980; INTERNAL; 4; 8; 4; 3156
INTERNAL; 4; 8; 4; 3156; INTERNAL; 2; 7; 5; 3670
INTERNAL; 4; 8; 4; 3156; INTERNAL; 2; 7; 5; 3536
INTERNAL; 4; 8; 4; 3156; INTERNAL; 2; 7; 5; 3590
INTERNAL; 2; 7; 5; 3590; INPUT; 1; 6; 5; 2078
INTERNAL; 7; 10; 3; 3517; INTERNAL; 6; 9; 3; 4978
INTERNAL; 6; 9; 3; 4978; INTERNAL; 5; 8; 3; 4944
INTERNAL; 5; 8; 3; 4944; INTERNAL; 2; 7; 5; 4963
INTERNAL; 2; 7; 5; 4963; INPUT; 1; 6; 5; 2391
INTERNAL; 2; 7; 5; 4963; INPUT; 1; 6; 5; 2474
INTERNAL; 2; 7; 5; 4963; INPUT; 1; 6; 5; 4968
INTERNAL; 2; 7; 5; 4963; INPUT; 1; 6; 5; 3705
INTERNAL; 5; 8; 3; 4944; INTERNAL; 3; 7; 4; 2053
INTERNAL; 5; 8; 3; 4944; INTERNAL; 4; 7; 3; 3509
INTERNAL; 4; 7; 3; 3509; INTERNAL; 3; 6; 3; 4329
INTERNAL; 3; 6; 3; 4329; INTERNAL; 2; 5; 3; 5361
INTERNAL; 6; 9; 3; 4978; INTERNAL; 5; 8; 3; 4942
INTERNAL; 5; 8; 3; 4942; INTERNAL; 4; 7; 3; 1893
INTERNAL; 4; 7; 3; 1893; INTERNAL; 3; 6; 3; 4950
INTERNAL; 3; 6; 3; 4950; INTERNAL; 2; 5; 3; 3192
INTERNAL; 4; 7; 3; 1893; INTERNAL; 3; 6; 3; 4947
INTERNAL; 5; 8; 3; 4942; INTERNAL; 3; 7; 4; 5005
INTERNAL; 3; 7; 4; 5005; INTERNAL; 2; 5; 3; 4952
INTERNAL; 2; 5; 3; 4952; INPUT; 1; 4; 3; 4599
INTERNAL; 2; 5; 3; 4952; INPUT; 1; 4; 3; 1454
INTERNAL; 2; 5; 3; 4952; INPUT; 1; 4; 3; 4600
INTERNAL; 3; 7; 4; 5005; INTERNAL; 2; 6; 4; 4951
INTERNAL; 3; 7; 4; 5005; INTERNAL; 2; 6; 4; 4957
INTERNAL; 6; 9; 3; 4978; INTERNAL; 4; 8; 4; 4945
INTERNAL; 8; 11; 3; 2509; INTERNAL; 5; 10; 5; 4987
INTERNAL; 5; 10; 5; 4987; INTERNAL; 2; 6; 4; 5523
INTERNAL; 2; 6; 4; 5523; INPUT; 1; 5; 4; 4722
INTERNAL; 2; 6; 4; 5523; INPUT; 1; 5; 4; 4719
INTERNAL; 2; 6; 4; 5523; INPUT; 1; 5; 4; 6238
INTERNAL; 2; 6; 4; 5523; INPUT; 1; 5; 4; 2967
INTERNAL; 5; 10; 5; 4987; INTERNAL; 3; 9; 6; 793
INTERNAL; 5; 10; 5; 4987; INTERNAL; 3; 9; 6; 4988
INTERNAL; 3; 9; 6; 4988; INTERNAL; 2; 7; 5; 4870
INTERNAL; 5; 10; 5; 4987; INTERNAL; 4; 9; 5; 4991
INTERNAL; 4; 9; 5; 4991; INTERNAL; 3; 4; 1; 3543
INTERNAL; 3; 4; 1; 3543; INTERNAL; 2; 3; 1; 1986
INTERNAL; 4; 9; 5; 4991; INTERNAL; 2; 8; 6; 3219
INTERNAL; 8; 11; 3; 2509; INTERNAL; 4; 10; 6; 2621
INTERNAL; 4; 10; 6; 2621; INTERNAL; 3; 9; 6; 2433
INTERNAL; 4; 10; 6; 2621; INTERNAL; 3; 9; 6; 2717
INTERNAL; 4; 10; 6; 2621; INTERNAL; 3; 9; 6; 5012
INTERNAL; 4; 10; 6; 2621; INTERNAL; 2; 9; 7; 1329
INTERNAL; 11; 13; 2; 3970; INTERNAL; 5; 12; 7; 2147
INTERNAL; 5; 12; 7; 2147; INTERNAL; 2; 5; 3; 3360
INTERNAL; 2; 5; 3; 3360; INPUT; 1; 4; 3; 2093
INTERNAL; 5; 12; 7; 2147; INTERNAL; 3; 11; 8; 979
INTERNAL; 3; 11; 8; 979; INTERNAL; 2; 5; 3; 1845
INTERNAL; 2; 5; 3; 1845; INPUT; 1; 4; 3; 6302
INTERNAL; 2; 5; 3; 1845; INPUT; 1; 4; 3; 2421
INTERNAL; 2; 5; 3; 1845; INPUT; 1; 4; 3; 1945
INTERNAL; 2; 5; 3; 1845; INPUT; 1; 4; 3; 3434
INTERNAL; 5; 12; 7; 2147; INTERNAL; 4; 11; 7; 5925
INTERNAL; 4; 11; 7; 5925; INTERNAL; 3; 10; 7; 5057
INTERNAL; 4; 11; 7; 5925; INTERNAL; 2; 7; 5; 4601
INTERNAL; 2; 7; 5; 4601; INPUT; 1; 6; 5; 3085
INTERNAL; 4; 11; 7; 5925; INTERNAL; 2; 7; 5; 4551
INTERNAL; 11; 13; 2; 3970; INTERNAL; 10; 12; 2; 3620
INTERNAL; 10; 12; 2; 3620; INTERNAL; 4; 11; 7; 2863
INTERNAL; 4; 11; 7; 2863; INTERNAL; 3; 10; 7; 5028
INTERNAL; 3; 10; 7; 5028; INTERNAL; 2; 9; 7; 5031
INTERNAL; 4; 11; 7; 2863; INTERNAL; 3; 10; 7; 4653
INTERNAL; 3; 10; 7; 4653; INTERNAL; 2; 9; 7; 3915
INTERNAL; 10; 12; 2; 3620; INTERNAL; 9; 11; 2; 5022
INTERNAL; 9; 11; 2; 5022; INTERNAL; 8; 10; 2; 3441
INTERNAL; 8; 10; 2; 3441; INTERNAL; 7; 9; 2; 4871
INTERNAL; 7; 9; 2; 4871; INTERNAL; 6; 8; 2; 4195
INTERNAL; 6; 8; 2; 4195; INTERNAL; 3; 7; 4; 5334
INTERNAL; 3; 7; 4; 5334; INTERNAL; 2; 6; 4; 4828
INTERNAL; 2; 6; 4; 4828; INPUT; 1; 5; 4; 4830
INTERNAL; 2; 6; 4; 4828; INPUT; 1; 5; 4; 4833
INTERNAL; 2; 6; 4; 4828; INPUT; 1; 5; 4; 4832
INTERNAL; 2; 6; 4; 4828; INPUT; 1; 5; 4; 1259
INTERNAL; 6; 8; 2; 4195; INTERNAL; 5; 7; 2; 5642
INTERNAL; 5; 7; 2; 5642; INPUT; 1; 6; 5; 2990
INTERNAL; 5; 7; 2; 5642; INTERNAL; 4; 6; 2; 4811
INTERNAL; 5; 7; 2; 5642; INPUT; 1; 6; 5; 4808
INTERNAL; 5; 7; 2; 5642; INTERNAL; 2; 6; 4; 4813
INTERNAL; 7; 9; 2; 4871; INTERNAL; 5; 8; 3; 2126
INTERNAL; 5; 8; 3; 2126; INTERNAL; 3; 7; 4; 4845
INTERNAL; 5; 8; 3; 2126; INTERNAL; 4; 7; 3; 4848
INTERNAL; 7; 9; 2; 4871; INTERNAL; 5; 8; 3; 4794
INTERNAL; 5; 8; 3; 4794; INTERNAL; 4; 7; 3; 4839
INTERNAL; 4; 7; 3; 4839; INTERNAL; 2; 6; 4; 3472
INTERNAL; 4; 7; 3; 4839; INTERNAL; 3; 6; 3; 2900
INTERNAL; 3; 6; 3; 2900; INTERNAL; 2; 5; 3; 4481
INTERNAL; 3; 6; 3; 2900; INTERNAL; 2; 5; 3; 2260
INTERNAL; 5; 8; 3; 4794; INTERNAL; 2; 7; 5; 1835
INTERNAL; 5; 8; 3; 4794; INTERNAL; 3; 7; 4; 3000
INTERNAL; 3; 7; 4; 3000; INTERNAL; 2; 6; 4; 1786
INTERNAL; 5; 8; 3; 4794; INTERNAL; 2; 7; 5; 4841
INTERNAL; 5; 8; 3; 4794; INTERNAL; 3; 7; 4; 4836
INTERNAL; 8; 10; 2; 3441; INTERNAL; 7; 9; 2; 4872
INTERNAL; 7; 9; 2; 4872; INTERNAL; 5; 8; 3; 3400
INTERNAL; 5; 8; 3; 3400; INTERNAL; 3; 7; 4; 3773
INTERNAL; 3; 7; 4; 3773; INTERNAL; 2; 5; 3; 3238
INTERNAL; 5; 8; 3; 3400; INTERNAL; 3; 7; 4; 4907
INTERNAL; 3; 7; 4; 4907; INTERNAL; 2; 6; 4; 4166
INTERNAL; 5; 8; 3; 3400; INTERNAL; 4; 7; 3; 3997
INTERNAL; 4; 7; 3; 3997; INTERNAL; 2; 6; 4; 2626
INTERNAL; 4; 7; 3; 3997; INTERNAL; 3; 6; 3; 5326
INTERNAL; 3; 6; 3; 5326; INTERNAL; 2; 5; 3; 4913
INTERNAL; 7; 9; 2; 4872; INTERNAL; 6; 8; 2; 2688
INTERNAL; 6; 8; 2; 2688; INTERNAL; 5; 7; 2; 2918
INTERNAL; 5; 7; 2; 2918; INTERNAL; 4; 6; 2; 4879
INTERNAL; 4; 6; 2; 4879; INTERNAL; 2; 5; 3; 4881
INTERNAL; 5; 7; 2; 2918; INTERNAL; 4; 6; 2; 1851
INTERNAL; 4; 6; 2; 1851; INTERNAL; 3; 5; 2; 4884
INTERNAL; 6; 8; 2; 2688; INTERNAL; 2; 7; 5; 3029
INTERNAL; 6; 8; 2; 2688; INTERNAL; 3; 7; 4; 4876
INTERNAL; 7; 9; 2; 4872; INTERNAL; 5; 8; 3; 4874
INTERNAL; 5; 8; 3; 4874; INPUT; 1; 7; 6; 4892
INTERNAL; 5; 8; 3; 4874; INTERNAL; 4; 7; 3; 4897
INTERNAL; 4; 7; 3; 4897; INTERNAL; 2; 6; 4; 4497
INTERNAL; 2; 6; 4; 4497; INPUT; 1; 5; 4; 4904
INTERNAL; 2; 6; 4; 4497; INPUT; 1; 5; 4; 4903
INTERNAL; 2; 6; 4; 4497; INPUT; 1; 5; 4; 4260
INTERNAL; 2; 6; 4; 4497; INPUT; 1; 5; 4; 4902
INTERNAL; 4; 7; 3; 4897; INTERNAL; 3; 6; 3; 1941
INTERNAL; 9; 11; 2; 5022; INTERNAL; 4; 10; 6; 789
INTERNAL; 4; 10; 6; 789; INTERNAL; 2; 7; 5; 3232
INTERNAL; 4; 10; 6; 789; INTERNAL; 3; 9; 6; 4732
INTERNAL; 4; 10; 6; 789; INTERNAL; 2; 9; 7; 792
INTERNAL; 9; 11; 2; 5022; INTERNAL; 4; 10; 6; 1272
INTERNAL; 4; 10; 6; 1272; INTERNAL; 3; 9; 6; 4923
INTERNAL; 3; 9; 6; 4923; INTERNAL; 2; 8; 6; 4465
INTERNAL; 10; 12; 2; 3620; INTERNAL; 9; 11; 2; 5027
INTERNAL; 9; 11; 2; 5027; INTERNAL; 8; 10; 2; 4919
INTERNAL; 8; 10; 2; 4919; INTERNAL; 3; 9; 6; 2443
INTERNAL; 8; 10; 2; 4919; INTERNAL; 5; 9; 4; 4777
INTERNAL; 5; 9; 4; 4777; INTERNAL; 3; 8; 5; 3310
INTERNAL; 5; 9; 4; 4777; INTERNAL; 2; 8; 6; 3848
INTERNAL; 5; 9; 4; 4777; INTERNAL; 3; 8; 5; 3966
INTERNAL; 3; 8; 5; 3966; INPUT; 1; 5; 4; 3370
INTERNAL; 5; 9; 4; 4777; INTERNAL; 4; 8; 4; 4779
INTERNAL; 4; 8; 4; 4779; INTERNAL; 2; 7; 5; 2957
INTERNAL; 5; 9; 4; 4777; INTERNAL; 3; 8; 5; 3028
INTERNAL; 5; 9; 4; 4777; INTERNAL; 4; 8; 4; 4778
INTERNAL; 4; 8; 4; 4778; INTERNAL; 3; 7; 4; 2392
INTERNAL; 8; 10; 2; 4919; INTERNAL; 7; 9; 2; 4776
INTERNAL; 7; 9; 2; 4776; INTERNAL; 6; 8; 2; 5625
INTERNAL; 6; 8; 2; 5625; INTERNAL; 2; 7; 5; 4642
INTERNAL; 6; 8; 2; 5625; INTERNAL; 5; 7; 2; 2816
INTERNAL; 5; 7; 2; 2816; INTERNAL; 4; 6; 2; 4646
INTERNAL; 5; 7; 2; 2816; INTERNAL; 2; 6; 4; 4643
INTERNAL; 5; 7; 2; 2816; INTERNAL; 2; 6; 4; 4648
INTERNAL; 5; 7; 2; 2816; INTERNAL; 2; 6; 4; 4650
INTERNAL; 6; 8; 2; 5625; INTERNAL; 4; 7; 3; 4641
INTERNAL; 4; 7; 3; 4641; INTERNAL; 3; 6; 3; 3386
INTERNAL; 4; 7; 3; 4641; INTERNAL; 3; 6; 3; 4661
INTERNAL; 3; 6; 3; 4661; INTERNAL; 2; 5; 3; 5459
INTERNAL; 4; 7; 3; 4641; INTERNAL; 3; 6; 3; 4664
INTERNAL; 7; 9; 2; 4776; INTERNAL; 6; 8; 2; 2372
INTERNAL; 6; 8; 2; 2372; INTERNAL; 2; 7; 5; 4665
INTERNAL; 6; 8; 2; 2372; INTERNAL; 2; 7; 5; 4619
INTERNAL; 6; 8; 2; 2372; INTERNAL; 3; 7; 4; 4666
INTERNAL; 6; 8; 2; 2372; INTERNAL; 5; 7; 2; 3480
INTERNAL; 5; 7; 2; 3480; INTERNAL; 4; 6; 2; 4672
INTERNAL; 4; 6; 2; 4672; INTERNAL; 3; 5; 2; 3427
INTERNAL; 5; 7; 2; 3480; INTERNAL; 2; 6; 4; 4670
INTERNAL; 7; 9; 2; 4776; INTERNAL; 4; 8; 4; 4640
INTERNAL; 4; 8; 4; 4640; INTERNAL; 3; 7; 4; 4694
INTERNAL; 4; 8; 4; 4640; INTERNAL; 3; 7; 4; 4691
INTERNAL; 3; 7; 4; 4691; INPUT; 1; 6; 5; 4579
INTERNAL; 3; 7; 4; 4691; INTERNAL; 2; 6; 4; 1700
INTERNAL; 4; 8; 4; 4640; INTERNAL; 3; 7; 4; 4698
INTERNAL; 3; 7; 4; 4698; INTERNAL; 2; 6; 4; 4701
INTERNAL; 4; 8; 4; 4640; INTERNAL; 3; 7; 4; 5801
INTERNAL; 9; 11; 2; 5027; INTERNAL; 8; 10; 2; 4922
INTERNAL; 8; 10; 2; 4922; INTERNAL; 7; 9; 2; 6214
INTERNAL; 7; 9; 2; 6214; INTERNAL; 5; 8; 3; 1752
INTERNAL; 5; 8; 3; 1752; INTERNAL; 4; 7; 3; 1048
INTERNAL; 4; 7; 3; 1048; INTERNAL; 3; 6; 3; 4622
INTERNAL; 5; 8; 3; 1752; INTERNAL; 4; 7; 3; 4618
INTERNAL; 4; 7; 3; 4618; INTERNAL; 2; 4; 2; 2685
INTERNAL; 2; 4; 2; 2685; INPUT; 1; 3; 2; 2576
INTERNAL; 5; 8; 3; 1752; INTERNAL; 3; 7; 4; 4617
INTERNAL; 3; 7; 4; 4617; INTERNAL; 2; 6; 4; 4633
INTERNAL; 2; 6; 4; 4633; INPUT; 1; 5; 4; 4636
INTERNAL; 2; 6; 4; 4633; INPUT; 1; 5; 4; 4635
INTERNAL; 2; 6; 4; 4633; INPUT; 1; 5; 4; 4639
INTERNAL; 2; 6; 4; 4633; INPUT; 1; 5; 4; 1780
INTERNAL; 5; 8; 3; 1752; INTERNAL; 3; 7; 4; 4616
INTERNAL; 7; 9; 2; 6214; INTERNAL; 6; 8; 2; 1064
INTERNAL; 6; 8; 2; 1064; INTERNAL; 3; 7; 4; 3365
INTERNAL; 3; 7; 4; 3365; INTERNAL; 2; 6; 4; 4578
INTERNAL; 3; 7; 4; 3365; INTERNAL; 2; 6; 4; 4577
INTERNAL; 2; 6; 4; 4577; INPUT; 1; 5; 4; 4587
INTERNAL; 6; 8; 2; 1064; INTERNAL; 2; 7; 5; 2645
INTERNAL; 6; 8; 2; 1064; INTERNAL; 3; 7; 4; 2121
INTERNAL; 6; 8; 2; 1064; INTERNAL; 5; 7; 2; 3082
INTERNAL; 5; 7; 2; 3082; INTERNAL; 4; 6; 2; 4581
INTERNAL; 7; 9; 2; 6214; INTERNAL; 5; 8; 3; 4602
INTERNAL; 5; 8; 3; 4602; INTERNAL; 4; 7; 3; 2223
INTERNAL; 4; 7; 3; 2223; INTERNAL; 2; 6; 4; 4590
INTERNAL; 4; 7; 3; 2223; INTERNAL; 3; 6; 3; 2400
INTERNAL; 4; 7; 3; 2223; INTERNAL; 2; 6; 4; 4589
INTERNAL; 5; 8; 3; 4602; INTERNAL; 4; 6; 2; 4593
INTERNAL; 4; 6; 2; 4593; INTERNAL; 3; 3; 0; 1474
INTERNAL; 5; 8; 3; 4602; INTERNAL; 4; 6; 2; 4398
INTERNAL; 8; 10; 2; 4922; INTERNAL; 6; 9; 3; 3962
INTERNAL; 6; 9; 3; 3962; INTERNAL; 5; 8; 3; 4703
INTERNAL; 5; 8; 3; 4703; INTERNAL; 3; 7; 4; 4706
INTERNAL; 5; 8; 3; 4703; INTERNAL; 4; 7; 3; 1726
INTERNAL; 4; 7; 3; 1726; INTERNAL; 3; 6; 3; 4710
INTERNAL; 3; 6; 3; 4710; INPUT; 1; 4; 3; 3241
INTERNAL; 5; 8; 3; 4703; INTERNAL; 3; 7; 4; 4709
INTERNAL; 3; 7; 4; 4709; INTERNAL; 2; 6; 4; 4715
INTERNAL; 3; 7; 4; 4709; INTERNAL; 2; 6; 4; 1914
INTERNAL; 3; 7; 4; 4709; INTERNAL; 2; 6; 4; 4714
INTERNAL; 6; 9; 3; 3962; INTERNAL; 4; 8; 4; 3983
INTERNAL; 4; 8; 4; 3983; INTERNAL; 3; 7; 4; 4724
INTERNAL; 12; 14; 2; 4545; INTERNAL; 9; 13; 4; 4554
INTERNAL; 12; 14; 2; 4545; INTERNAL; 11; 13; 2; 4553
INTERNAL; 11; 13; 2; 4553; INTERNAL; 10; 12; 2; 4558
INTERNAL; 11; 13; 2; 4553; INTERNAL; 10; 12; 2; 4192
INTERNAL; 10; 12; 2; 4192; INTERNAL; 9; 11; 2; 5148
INTERNAL; 9; 11; 2; 5148; INTERNAL; 8; 10; 2; 1931
INTERNAL; 8; 10; 2; 1931; INTERNAL; 7; 9; 2; 4564
INTERNAL; 8; 10; 2; 1931; INTERNAL; 7; 9; 2; 4611
INTERNAL; 8; 10; 2; 1931; INTERNAL; 7; 9; 2; 2316
INTERNAL; 7; 9; 2; 2316; INTERNAL; 4; 8; 4; 5770
INTERNAL; 4; 8; 4; 5770; INTERNAL; 3; 7; 4; 6118
INTERNAL; 7; 9; 2; 2316; INTERNAL; 6; 8; 2; 4568
INTERNAL; 7; 9; 2; 2316; INTERNAL; 6; 8; 2; 4569
INTERNAL; 6; 8; 2; 4569; INTERNAL; 5; 7; 2; 4591
INTERNAL; 9; 11; 2; 5148; INTERNAL; 7; 10; 3; 4563
INTERNAL; 7; 10; 3; 4563; INTERNAL; 6; 9; 3; 4725
INTERNAL; 7; 10; 3; 4563; INTERNAL; 6; 9; 3; 4727
INTERNAL; 6; 9; 3; 4727; INTERNAL; 5; 8; 3; 4752
INTERNAL; 5; 8; 3; 4752; INTERNAL; 2; 7; 5; 1243
INTERNAL; 5; 8; 3; 4752; INTERNAL; 4; 7; 3; 4767
INTERNAL; 4; 7; 3; 4767; INTERNAL; 3; 6; 3; 1583
INTERNAL; 3; 6; 3; 1583; INTERNAL; 2; 5; 3; 2285
INTERNAL; 2; 5; 3; 2285; INPUT; 1; 4; 3; 4883
INTERNAL; 2; 5; 3; 2285; INPUT; 1; 4; 3; 4773
INTERNAL; 2; 5; 3; 2285; INPUT; 1; 4; 3; 4486
INTERNAL; 2; 5; 3; 2285; INPUT; 1; 4; 3; 1908
INTERNAL; 6; 9; 3; 4727; INTERNAL; 5; 8; 3; 4749
INTERNAL; 5; 8; 3; 4749; INTERNAL; 4; 7; 3; 4961
INTERNAL; 4; 7; 3; 4961; INTERNAL; 2; 6; 4; 4658
INTERNAL; 4; 7; 3; 4961; INTERNAL; 3; 6; 3; 6261
INTERNAL; 4; 7; 3; 4961; INTERNAL; 2; 6; 4; 4758
INTERNAL; 6; 9; 3; 4727; INTERNAL; 3; 8; 5; 766
INTERNAL; 7; 10; 3; 4563; INTERNAL; 6; 9; 3; 6165
INTERNAL; 6; 9; 3; 6165; INTERNAL; 5; 8; 3; 4729
INTERNAL; 5; 8; 3; 4729; INTERNAL; 3; 7; 4; 4736
INTERNAL; 3; 7; 4; 4736; INTERNAL; 2; 6; 4; 4740
INTERNAL; 2; 6; 4; 4740; INPUT; 1; 5; 4; 4743
INTERNAL; 3; 7; 4; 4736; INTERNAL; 2; 6; 4; 4739
INTERNAL; 5; 8; 3; 4729; INTERNAL; 2; 7; 5; 3038
INTERNAL; 5; 8; 3; 4729; INTERNAL; 4; 7; 3; 4072
INTERNAL; 4; 7; 3; 4072; INTERNAL; 3; 6; 3; 4737
INTERNAL; 6; 9; 3; 6165; INTERNAL; 4; 8; 4; 4731
INTERNAL; 4; 8; 4; 4731; INTERNAL; 3; 7; 4; 915
INTERNAL; 3; 7; 4; 915; INTERNAL; 2; 6; 4; 3885
INTERNAL; 3; 7; 4; 915; INTERNAL; 2; 6; 4; 4747
INTERNAL; 6; 9; 3; 6165; INTERNAL; 4; 8; 4; 4733
INTERNAL; 4; 8; 4; 4733; INTERNAL; 3; 7; 4; 4721
INTERNAL; 4; 8; 4; 4733; INTERNAL; 2; 7; 5; 4748
INTERNAL; 4; 8; 4; 4733; INTERNAL; 2; 7; 5; 1016
INTERNAL; 9; 11; 2; 5148; INTERNAL; 8; 10; 2; 4046
INTERNAL; 10; 12; 2; 4192; INTERNAL; 9; 11; 2; 2029
INTERNAL; 9; 11; 2; 2029; INTERNAL; 8; 10; 2; 1297
INTERNAL; 9; 11; 2; 2029; INTERNAL; 8; 10; 2; 4775
INTERNAL; 8; 10; 2; 4775; INTERNAL; 5; 9; 4; 4792
INTERNAL; 5; 9; 4; 4792; INTERNAL; 4; 8; 4; 4867
INTERNAL; 5; 9; 4; 4792; INTERNAL; 3; 8; 5; 4868
INTERNAL; 5; 9; 4; 4792; INTERNAL; 3; 8; 5; 4869
INTERNAL; 8; 10; 2; 4775; INTERNAL; 5; 9; 4; 4787
INTERNAL; 5; 9; 4; 4787; INTERNAL; 3; 8; 5; 4856
INTERNAL; 3; 8; 5; 4856; INTERNAL; 2; 7; 5; 4866
INTERNAL; 5; 9; 4; 4787; INTERNAL; 4; 8; 4; 4886
INTERNAL; 5; 9; 4; 4787; INTERNAL; 3; 8; 5; 4153
INTERNAL; 8; 10; 2; 4775; INTERNAL; 7; 9; 2; 4786
INTERNAL; 9; 11; 2; 2029; INTERNAL; 8; 10; 2; 2324
INTERNAL; 10; 12; 2; 4192; INTERNAL; 9; 11; 2; 5023
INTERNAL; 11; 13; 2; 4553; INTERNAL; 10; 12; 2; 5151
INTERNAL; 10; 12; 2; 5151; INTERNAL; 8; 11; 3; 4924
INTERNAL; 10; 12; 2; 5151; INTERNAL; 9; 11; 2; 2859
INTERNAL; 9; 11; 2; 2859; INTERNAL; 7; 10; 3; 5834
INTERNAL; 9; 11; 2; 2859; INTERNAL; 3; 10; 7; 4937
INTERNAL; 9; 11; 2; 2859; INTERNAL; 8; 10; 2; 4932
INTERNAL; 8; 10; 2; 4932; INTERNAL; 5; 9; 4; 2560
INTERNAL; 5; 9; 4; 2560; INTERNAL; 4; 8; 4; 2494
INTERNAL; 5; 9; 4; 2560; INTERNAL; 3; 8; 5; 4975
INTERNAL; 3; 8; 5; 4975; INTERNAL; 2; 7; 5; 3489
INTERNAL; 5; 9; 4; 2560; INTERNAL; 3; 8; 5; 4974
INTERNAL; 8; 10; 2; 4932; INTERNAL; 6; 9; 3; 4940
INTERNAL; 8; 10; 2; 4932; INTERNAL; 7; 9; 2; 4938
INTERNAL; 10; 12; 2; 5151; INTERNAL; 9; 11; 2; 1490
INTERNAL; 13; 15; 2; 5407; INTERNAL; 12; 14; 2; 4550
INTERNAL; 12; 14; 2; 4550; INTERNAL; 4; 13; 9; 5063
INTERNAL; 4; 13; 9; 5063; INTERNAL; 3; 12; 9; 3545
INTERNAL; 4; 13; 9; 5063; INTERNAL; 3; 12; 9; 5065
INTERNAL; 4; 13; 9; 5063; INTERNAL; 3; 12; 9; 3615
INTERNAL; 12; 14; 2; 4550; INTERNAL; 5; 13; 8; 5061
INTERNAL; 5; 13; 8; 5061; INTERNAL; 3; 12; 9; 2413
INTERNAL; 5; 13; 8; 5061; INTERNAL; 3; 12; 9; 4360
INTERNAL; 3; 12; 9; 4360; INPUT; 1; 11; 10; 3099
INTERNAL; 3; 12; 9; 4360; INPUT; 1; 11; 10; 1781
INTERNAL; 3; 12; 9; 4360; INPUT; 1; 11; 10; 5064
INTERNAL; 5; 13; 8; 5061; INTERNAL; 4; 12; 8; 4565
INTERNAL; 5; 13; 8; 5061; INTERNAL; 2; 12; 10; 4700
INTERNAL; 12; 14; 2; 4550; INTERNAL; 11; 13; 2; 3972
INTERNAL; 14; 17; 3; 2362; INTERNAL; 13; 15; 2; 3458
INTERNAL; 13; 15; 2; 3458; INTERNAL; 12; 14; 2; 5066
INTERNAL; 13; 15; 2; 3458; INTERNAL; 12; 14; 2; 1296
INTERNAL; 12; 14; 2; 1296; INTERNAL; 10; 13; 3; 772
INTERNAL; 12; 14; 2; 1296; INTERNAL; 11; 13; 2; 5842
INTERNAL; 11; 13; 2; 5842; INTERNAL; 10; 12; 2; 5068
INTERNAL; 10; 12; 2; 5068; INTERNAL; 9; 11; 2; 2870
INTERNAL; 10; 12; 2; 5068; INTERNAL; 9; 11; 2; 5575
INTERNAL; 10; 12; 2; 5068; INTERNAL; 9; 11; 2; 5723
INTERNAL; 9; 11; 2; 5723; INTERNAL; 8; 10; 2; 4388
INTERNAL; 9; 11; 2; 5723; INTERNAL; 6; 10; 4; 4042
INTERNAL; 6; 10; 4; 4042; INTERNAL; 5; 9; 4; 1637
INTERNAL; 6; 10; 4; 4042; INTERNAL; 5; 9; 4; 5091
INTERNAL; 11; 13; 2; 5842; INTERNAL; 10; 12; 2; 4804
INTERNAL; 10; 12; 2; 4804; INTERNAL; 9; 11; 2; 5073
INTERNAL; 10; 12; 2; 4804; INTERNAL; 9; 11; 2; 1943
INTERNAL; 9; 11; 2; 1943; INTERNAL; 8; 10; 2; 5088
INTERNAL; 9; 11; 2; 1943; INTERNAL; 5; 10; 5; 2088
INTERNAL; 9; 11; 2; 1943; INTERNAL; 8; 10; 2; 5089
INTERNAL; 10; 12; 2; 4804; INTERNAL; 9; 11; 2; 5069
INTERNAL; 9; 11; 2; 5069; INTERNAL; 7; 10; 3; 2089
INTERNAL; 7; 10; 3; 2089; INTERNAL; 6; 9; 3; 2464
INTERNAL; 6; 9; 3; 2464; INTERNAL; 5; 8; 3; 1996
INTERNAL; 5; 8; 3; 1996; INTERNAL; 4; 7; 3; 6170
INTERNAL; 4; 7; 3; 6170; INTERNAL; 3; 6; 3; 5084
INTERNAL; 4; 7; 3; 6170; INTERNAL; 3; 6; 3; 5767
INTERNAL; 6; 9; 3; 2464; INTERNAL; 3; 8; 5; 3004
INTERNAL; 7; 10; 3; 2089; INTERNAL; 6; 9; 3; 5077
INTERNAL; 9; 11; 2; 5069; INTERNAL; 8; 10; 2; 997
INTERNAL; 8; 10; 2; 997; INTERNAL; 6; 9; 3; 1898
INTERNAL; 8; 10; 2; 997; INTERNAL; 7; 9; 2; 5075
INTERNAL; 9; 11; 2; 5069; INTERNAL; 7; 10; 3; 5081
INTERNAL; 11; 13; 2; 5842; INTERNAL; 10; 12; 2; 3188
INTERNAL; 12; 14; 2; 1296; INTERNAL; 11; 13; 2; 5067
INTERNAL; 16; 19; 3; 5083; INTERNAL; 13; 17; 4; 2347
INTERNAL; 16; 19; 3; 5083; INTERNAL; 13; 17; 4; 3092
INTERNAL; 13; 17; 4; 3092; INTERNAL; 12; 16; 4; 5579
INTERNAL; 13; 17; 4; 3092; INTERNAL; 12; 16; 4; 5109
INTERNAL; 12; 16; 4; 5109; INTERNAL; 10; 15; 5; 4290
INTERNAL; 12; 16; 4; 5109; INTERNAL; 11; 15; 4; 4948
INTERNAL; 11; 15; 4; 4948; INTERNAL; 10; 14; 4; 5120
INTERNAL; 10; 14; 4; 5120; INTERNAL; 9; 13; 4; 5125
INTERNAL; 10; 14; 4; 5120; INTERNAL; 6; 13; 7; 5128
INTERNAL; 10; 14; 4; 5120; INTERNAL; 9; 13; 4; 5126
INTERNAL; 11; 15; 4; 4948; INTERNAL; 10; 14; 4; 2085
INTERNAL; 11; 15; 4; 4948; INTERNAL; 10; 14; 4; 5116
INTERNAL; 10; 14; 4; 5116; INTERNAL; 9; 13; 4; 5122
INTERNAL; 10; 14; 4; 5116; INTERNAL; 8; 13; 5; 2302
INTERNAL; 10; 14; 4; 5116; INTERNAL; 8; 13; 5; 5124
INTERNAL; 8; 13; 5; 5124; INTERNAL; 7; 12; 5; 2794
INTERNAL; 8; 13; 5; 5124; INTERNAL; 6; 12; 6; 4806
INTERNAL; 12; 16; 4; 5109; INTERNAL; 11; 15; 4; 5113
INTERNAL; 16; 19; 3; 5083; INTERNAL; 15; 17; 2; 3630
INTERNAL; 15; 17; 2; 3630; INTERNAL; 14; 16; 2; 4543
INTERNAL; 14; 16; 2; 4543; INTERNAL; 13; 15; 2; 4463
INTERNAL; 14; 16; 2; 4543; INTERNAL; 13; 15; 2; 2195
INTERNAL; 13; 15; 2; 2195; INTERNAL; 4; 14; 10; 1433
INTERNAL; 4; 14; 10; 1433; INTERNAL; 2; 13; 11; 5107
INTERNAL; 4; 14; 10; 1433; INTERNAL; 3; 13; 10; 4514
INTERNAL; 4; 14; 10; 1433; INTERNAL; 3; 13; 10; 5104
INTERNAL; 3; 13; 10; 5104; INTERNAL; 2; 12; 10; 3889
INTERNAL; 13; 15; 2; 2195; INTERNAL; 4; 14; 10; 2787
INTERNAL; 4; 14; 10; 2787; INTERNAL; 3; 13; 10; 5097
INTERNAL; 3; 13; 10; 5097; INTERNAL; 2; 12; 10; 5100
INTERNAL; 2; 12; 10; 5100; INPUT; 1; 11; 10; 5102
INTERNAL; 2; 12; 10; 5100; INPUT; 1; 11; 10; 5038
INTERNAL; 2; 12; 10; 5100; INPUT; 1; 11; 10; 4151
INTERNAL; 2; 12; 10; 5100; INPUT; 1; 11; 10; 4341
INTERNAL; 4; 14; 10; 2787; INTERNAL; 3; 13; 10; 5093
INTERNAL; 13; 15; 2; 2195; INTERNAL; 12; 14; 2; 4927
INTERNAL; 15; 17; 2; 3630; INTERNAL; 14; 16; 2; 1141
INTERNAL; 18; 21; 3; 173; INTERNAL; 17; 19; 2; 4533
INTERNAL; 17; 19; 2; 4533; INTERNAL; 13; 17; 4; 4542
INTERNAL; 17; 19; 2; 4533; INTERNAL; 13; 17; 4; 1295
INTERNAL; 13; 17; 4; 1295; INTERNAL; 12; 16; 4; 6108
INTERNAL; 12; 16; 4; 6108; INTERNAL; 10; 15; 5; 3163
INTERNAL; 12; 16; 4; 6108; INTERNAL; 11; 15; 4; 5131
INTERNAL; 12; 16; 4; 6108; INTERNAL; 11; 15; 4; 3990
INTERNAL; 11; 15; 4; 3990; INTERNAL; 10; 14; 4; 5349
INTERNAL; 11; 15; 4; 3990; INTERNAL; 8; 14; 6; 5134
INTERNAL; 13; 17; 4; 1295; INTERNAL; 12; 16; 4; 5055
INTERNAL; 17; 19; 2; 4533; INTERNAL; 16; 18; 2; 4537
INTERNAL; 18; 21; 3; 173; INTERNAL; 16; 20; 4; 137
INTERNAL; 16; 20; 4; 137; INTERNAL; 14; 18; 4; 2835
INTERNAL; 16; 20; 4; 137; INTERNAL; 15; 18; 3; 5135
INTERNAL; 16; 20; 4; 137; INTERNAL; 13; 18; 5; 2247
INTERNAL; 19; 22; 3; 141; INTERNAL; 18; 20; 2; 4528
INTERNAL; 18; 20; 2; 4528; INTERNAL; 13; 19; 6; 3289
INTERNAL; 18; 20; 2; 4528; INTERNAL; 12; 19; 7; 5137
INTERNAL; 18; 20; 2; 4528; INTERNAL; 17; 19; 2; 5136
INTERNAL; 17; 19; 2; 5136; INTERNAL; 14; 18; 4; 5141
INTERNAL; 17; 19; 2; 5136; INTERNAL; 14; 18; 4; 2298
INTERNAL; 18; 20; 2; 4528; INTERNAL; 11; 19; 8; 5139
INTERNAL; 18; 20; 2; 4528; INTERNAL; 17; 19; 2; 3923
INTERNAL; 19; 22; 3; 141; INTERNAL; 18; 20; 2; 1630
INTERNAL; 22; 23; 1; 1754; INTERNAL; 20; 22; 2; 5935
INTERNAL; 20; 22; 2; 5935; INTERNAL; 19; 20; 1; 2567
INTERNAL; 19; 20; 1; 2567; INTERNAL; 12; 18; 6; 1531
INTERNAL; 12; 18; 6; 1531; INTERNAL; 11; 14; 3; 1613
INTERNAL; 11; 14; 3; 1613; INTERNAL; 10; 13; 3; 5287
INTERNAL; 10; 13; 3; 5287; INTERNAL; 9; 12; 3; 2546
INTERNAL; 9; 12; 3; 2546; INTERNAL; 7; 9; 2; 809
INTERNAL; 7; 9; 2; 809; INTERNAL; 6; 8; 2; 3498
INTERNAL; 6; 8; 2; 3498; INTERNAL; 5; 7; 2; 1712
INTERNAL; 5; 7; 2; 1712; INTERNAL; 4; 6; 2; 1705
INTERNAL; 4; 6; 2; 1705; INTERNAL; 3; 4; 1; 2169
INTERNAL; 3; 4; 1; 2169; INTERNAL; 2; 3; 1; 2871
INTERNAL; 6; 8; 2; 3498; INTERNAL; 4; 7; 3; 1711
INTERNAL; 4; 7; 3; 1711; INTERNAL; 3; 6; 3; 1698
INTERNAL; 6; 8; 2; 3498; INTERNAL; 4; 7; 3; 3368
INTERNAL; 4; 7; 3; 3368; INTERNAL; 3; 6; 3; 2246
INTERNAL; 3; 6; 3; 2246; INTERNAL; 2; 5; 3; 1774
INTERNAL; 4; 7; 3; 3368; INTERNAL; 3; 6; 3; 3518
INTERNAL; 3; 6; 3; 3518; INPUT; 1; 5; 4; 1701
INTERNAL; 3; 6; 3; 3518; INPUT; 1; 5; 4; 2217
INTERNAL; 4; 7; 3; 3368; INTERNAL; 2; 6; 4; 5222
INTERNAL; 7; 9; 2; 809; INTERNAL; 6; 8; 2; 3158
INTERNAL; 6; 8; 2; 3158; INTERNAL; 3; 7; 4; 2522
INTERNAL; 3; 7; 4; 2522; INTERNAL; 2; 5; 3; 1198
INTERNAL; 6; 8; 2; 3158; INTERNAL; 5; 7; 2; 3687
INTERNAL; 5; 7; 2; 3687; INTERNAL; 4; 4; 0; 2757
INTERNAL; 4; 4; 0; 2757; INPUT; 1; 3; 2; 2762
INTERNAL; 4; 4; 0; 2757; INPUT; 1; 3; 2; 3397
INTERNAL; 4; 4; 0; 2757; INPUT; 1; 3; 2; 2166
INTERNAL; 5; 7; 2; 3687; INTERNAL; 3; 3; 0; 2558
INTERNAL; 3; 3; 0; 2558; INTERNAL; 2; 2; 0; 2917
INTERNAL; 2; 2; 0; 2917; INPUT; 1; 1; 0; 3611
INTERNAL; 2; 2; 0; 2917; INPUT; 1; 1; 0; 2439
INTERNAL; 2; 2; 0; 2917; INPUT; 1; 1; 0; 3338
INTERNAL; 6; 8; 2; 3158; INTERNAL; 4; 7; 3; 1587
INTERNAL; 4; 7; 3; 1587; INTERNAL; 3; 6; 3; 3486
INTERNAL; 3; 6; 3; 3486; INTERNAL; 2; 5; 3; 2140
INTERNAL; 9; 12; 3; 2546; INTERNAL; 8; 9; 1; 4561
INTERNAL; 8; 9; 1; 4561; INTERNAL; 6; 8; 2; 1094
INTERNAL; 6; 8; 2; 1094; INTERNAL; 5; 7; 2; 1684
INTERNAL; 5; 7; 2; 1684; INTERNAL; 4; 6; 2; 1678
INTERNAL; 4; 6; 2; 1678; INTERNAL; 3; 5; 2; 1026
INTERNAL; 6; 8; 2; 1094; INTERNAL; 3; 7; 4; 1682
INTERNAL; 3; 7; 4; 1682; INTERNAL; 2; 5; 3; 2963
INTERNAL; 3; 7; 4; 1682; INTERNAL; 2; 4; 2; 2868
INTERNAL; 6; 8; 2; 1094; INTERNAL; 4; 7; 3; 3588
INTERNAL; 4; 7; 3; 3588; INTERNAL; 3; 6; 3; 1677
INTERNAL; 3; 6; 3; 1677; INTERNAL; 2; 5; 3; 2508
INTERNAL; 4; 7; 3; 3588; INTERNAL; 2; 6; 4; 2040
INTERNAL; 2; 6; 4; 2040; INPUT; 1; 5; 4; 1671
INTERNAL; 2; 6; 4; 2040; INPUT; 1; 5; 4; 1669
INTERNAL; 8; 9; 1; 4561; INTERNAL; 7; 8; 1; 3264
INTERNAL; 7; 8; 1; 3264; INTERNAL; 6; 7; 1; 1732
INTERNAL; 6; 7; 1; 1732; INTERNAL; 5; 5; 0; 6144
INTERNAL; 5; 5; 0; 6144; INTERNAL; 4; 4; 0; 2251
INTERNAL; 6; 7; 1; 1732; INTERNAL; 3; 5; 2; 3165
INTERNAL; 3; 5; 2; 3165; INTERNAL; 2; 4; 2; 2447
INTERNAL; 6; 7; 1; 1732; INTERNAL; 3; 5; 2; 2691
INTERNAL; 7; 8; 1; 3264; INTERNAL; 5; 7; 2; 2718
INTERNAL; 5; 7; 2; 2718; INTERNAL; 4; 6; 2; 2788
INTERNAL; 4; 6; 2; 2788; INTERNAL; 2; 5; 3; 5735
INTERNAL; 5; 7; 2; 2718; INTERNAL; 2; 6; 4; 2766
INTERNAL; 7; 8; 1; 3264; INTERNAL; 5; 7; 2; 2327
INTERNAL; 5; 7; 2; 2327; INTERNAL; 2; 5; 3; 2925
INTERNAL; 2; 5; 3; 2925; INPUT; 1; 4; 3; 4488
INTERNAL; 5; 7; 2; 2327; INTERNAL; 4; 6; 2; 1719
INTERNAL; 4; 6; 2; 1719; INTERNAL; 3; 4; 1; 4212
INTERNAL; 5; 7; 2; 2327; INTERNAL; 2; 4; 2; 2114
INTERNAL; 5; 7; 2; 2327; INTERNAL; 3; 6; 3; 1722
INTERNAL; 9; 12; 3; 2546; INTERNAL; 8; 9; 1; 1589
INTERNAL; 8; 9; 1; 1589; INTERNAL; 7; 8; 1; 3278
INTERNAL; 8; 9; 1; 1589; INTERNAL; 6; 8; 2; 1738
INTERNAL; 8; 9; 1; 1589; INTERNAL; 7; 8; 1; 1744
INTERNAL; 7; 8; 1; 1744; INTERNAL; 6; 6; 0; 1442
INTERNAL; 6; 6; 0; 1442; INTERNAL; 2; 5; 3; 2345
INTERNAL; 6; 6; 0; 1442; INTERNAL; 2; 5; 3; 2953
INTERNAL; 7; 8; 1; 1744; INTERNAL; 5; 6; 1; 5503
INTERNAL; 5; 6; 1; 5503; INTERNAL; 4; 5; 1; 1938
INTERNAL; 7; 8; 1; 1744; INTERNAL; 6; 6; 0; 1674
INTERNAL; 6; 6; 0; 1674; INTERNAL; 5; 5; 0; 2233
INTERNAL; 5; 5; 0; 2233; INTERNAL; 4; 4; 0; 1118
INTERNAL; 4; 4; 0; 1118; INPUT; 1; 3; 2; 2724
INTERNAL; 4; 4; 0; 1118; INPUT; 1; 3; 2; 4242
INTERNAL; 4; 4; 0; 1118; INPUT; 1; 3; 2; 5467
INTERNAL; 4; 4; 0; 1118; INPUT; 1; 3; 2; 3193
INTERNAL; 6; 6; 0; 1674; INTERNAL; 5; 5; 0; 2680
INTERNAL; 10; 13; 3; 5287; INTERNAL; 8; 12; 4; 1552
INTERNAL; 10; 13; 3; 5287; INTERNAL; 8; 12; 4; 3300
INTERNAL; 8; 12; 4; 3300; INTERNAL; 6; 11; 5; 1550
INTERNAL; 8; 12; 4; 3300; INTERNAL; 7; 11; 4; 2909
INTERNAL; 11; 14; 3; 1613; INTERNAL; 10; 13; 3; 1553
INTERNAL; 10; 13; 3; 1553; INTERNAL; 9; 12; 3; 1546
INTERNAL; 9; 12; 3; 1546; INTERNAL; 8; 9; 1; 1578
INTERNAL; 8; 9; 1; 1578; INTERNAL; 7; 8; 1; 3384
INTERNAL; 7; 8; 1; 3384; INTERNAL; 4; 6; 2; 1984
INTERNAL; 4; 6; 2; 1984; INTERNAL; 3; 5; 2; 4114
INTERNAL; 4; 6; 2; 1984; INTERNAL; 2; 5; 3; 3221
INTERNAL; 2; 5; 3; 3221; INPUT; 1; 4; 3; 3009
INTERNAL; 2; 5; 3; 3221; INPUT; 1; 4; 3; 2984
INTERNAL; 2; 5; 3; 3221; INPUT; 1; 4; 3; 1871
INTERNAL; 2; 5; 3; 3221; INPUT; 1; 4; 3; 1875
INTERNAL; 7; 8; 1; 3384; INTERNAL; 5; 6; 1; 2174
INTERNAL; 5; 6; 1; 2174; INTERNAL; 2; 5; 3; 1097
INTERNAL; 5; 6; 1; 2174; INTERNAL; 3; 5; 2; 4461
INTERNAL; 3; 5; 2; 4461; INTERNAL; 2; 3; 1; 1865
INTERNAL; 5; 6; 1; 2174; INTERNAL; 4; 5; 1; 2701
INTERNAL; 4; 5; 1; 2701; INTERNAL; 3; 4; 1; 3139
INTERNAL; 5; 6; 1; 2174; INTERNAL; 4; 5; 1; 3119
INTERNAL; 5; 6; 1; 2174; INTERNAL; 3; 5; 2; 3111
INTERNAL; 3; 5; 2; 3111; INTERNAL; 2; 4; 2; 5054
INTERNAL; 3; 5; 2; 3111; INTERNAL; 2; 4; 2; 988
INTERNAL; 2; 4; 2; 988; INPUT; 1; 3; 2; 2205
INTERNAL; 2; 4; 2; 988; INPUT; 1; 3; 2; 6123
INTERNAL; 2; 4; 2; 988; INPUT; 1; 3; 2; 3199
INTERNAL; 2; 4; 2; 988; INPUT; 1; 3; 2; 2716
INTERNAL; 7; 8; 1; 3384; INTERNAL; 6; 6; 0; 3883
INTERNAL; 6; 6; 0; 3883; INTERNAL; 5; 5; 0; 2172
INTERNAL; 5; 5; 0; 2172; INTERNAL; 2; 4; 2; 5087
INTERNAL; 5; 5; 0; 2172; INTERNAL; 2; 4; 2; 1278
INTERNAL; 5; 5; 0; 2172; INTERNAL; 2; 4; 2; 2798
INTERNAL; 5; 5; 0; 2172; INTERNAL; 4; 4; 0; 1807
INTERNAL; 6; 6; 0; 3883; INTERNAL; 4; 5; 1; 2910
INTERNAL; 4; 5; 1; 2910; INTERNAL; 3; 4; 1; 3068
INTERNAL; 4; 5; 1; 2910; INTERNAL; 3; 4; 1; 2214
INTERNAL; 8; 9; 1; 1578; INTERNAL; 6; 8; 2; 2064
INTERNAL; 6; 8; 2; 2064; INTERNAL; 5; 7; 2; 925
INTERNAL; 5; 7; 2; 925; INTERNAL; 4; 6; 2; 2284
INTERNAL; 4; 6; 2; 2284; INTERNAL; 3; 5; 2; 3859
INTERNAL; 4; 6; 2; 2284; INTERNAL; 2; 5; 3; 3788
INTERNAL; 5; 7; 2; 925; INTERNAL; 2; 6; 4; 2227
INTERNAL; 5; 7; 2; 925; INTERNAL; 3; 6; 3; 3717
INTERNAL; 3; 6; 3; 3717; INTERNAL; 2; 5; 3; 3159
INTERNAL; 6; 8; 2; 2064; INTERNAL; 3; 7; 4; 1451
INTERNAL; 3; 7; 4; 1451; INTERNAL; 2; 4; 2; 6223
INTERNAL; 6; 8; 2; 2064; INTERNAL; 5; 7; 2; 1659
INTERNAL; 5; 7; 2; 1659; INTERNAL; 4; 6; 2; 3746
INTERNAL; 4; 6; 2; 3746; INTERNAL; 3; 5; 2; 3525
INTERNAL; 3; 5; 2; 3525; INTERNAL; 2; 4; 2; 1978
INTERNAL; 4; 6; 2; 3746; INTERNAL; 3; 5; 2; 803
INTERNAL; 8; 9; 1; 1578; INTERNAL; 6; 8; 2; 1660
INTERNAL; 6; 8; 2; 1660; INTERNAL; 3; 7; 4; 1859
INTERNAL; 6; 8; 2; 1660; INTERNAL; 3; 7; 4; 1633
INTERNAL; 3; 7; 4; 1633; INTERNAL; 2; 5; 3; 1013
INTERNAL; 2; 5; 3; 1013; INPUT; 1; 4; 3; 6048
INTERNAL; 2; 5; 3; 1013; INPUT; 1; 4; 3; 6105
INTERNAL; 2; 5; 3; 1013; INPUT; 1; 4; 3; 6276
INTERNAL; 3; 7; 4; 1633; INTERNAL; 2; 6; 4; 3469
INTERNAL; 2; 6; 4; 3469; INPUT; 1; 5; 4; 2082
INTERNAL; 2; 6; 4; 3469; INPUT; 1; 5; 4; 1901
INTERNAL; 3; 7; 4; 1633; INTERNAL; 2; 5; 3; 3937
INTERNAL; 6; 8; 2; 1660; INTERNAL; 5; 7; 2; 2784
INTERNAL; 5; 7; 2; 2784; INTERNAL; 3; 6; 3; 3700
INTERNAL; 5; 7; 2; 2784; INTERNAL; 2; 6; 4; 2720
INTERNAL; 5; 7; 2; 2784; INTERNAL; 4; 6; 2; 6151
INTERNAL; 4; 6; 2; 6151; INTERNAL; 3; 5; 2; 2047
INTERNAL; 4; 6; 2; 6151; INTERNAL; 3; 5; 2; 1888
INTERNAL; 3; 5; 2; 1888; INPUT; 1; 4; 3; 2321
INTERNAL; 9; 12; 3; 1546; INTERNAL; 6; 9; 3; 1864
INTERNAL; 9; 12; 3; 1546; INTERNAL; 7; 9; 2; 1575
INTERNAL; 7; 9; 2; 1575; INTERNAL; 6; 8; 2; 1691
INTERNAL; 6; 8; 2; 1691; INTERNAL; 4; 6; 2; 2190
INTERNAL; 4; 6; 2; 2190; INTERNAL; 3; 5; 2; 2554
INTERNAL; 3; 5; 2; 2554; INTERNAL; 2; 4; 2; 1916
INTERNAL; 4; 6; 2; 2190; INTERNAL; 3; 5; 2; 2732
INTERNAL; 4; 6; 2; 2190; INTERNAL; 3; 5; 2; 2610
INTERNAL; 4; 6; 2; 2190; INTERNAL; 3; 5; 2; 1435
INTERNAL; 6; 8; 2; 1691; INTERNAL; 3; 6; 3; 829
INTERNAL; 6; 8; 2; 1691; INTERNAL; 5; 6; 1; 2025
INTERNAL; 5; 6; 1; 2025; INTERNAL; 4; 5; 1; 2016
INTERNAL; 4; 5; 1; 2016; INTERNAL; 2; 4; 2; 3573
INTERNAL; 5; 6; 1; 2025; INTERNAL; 3; 5; 2; 2019
INTERNAL; 7; 9; 2; 1575; INTERNAL; 6; 8; 2; 1690
INTERNAL; 7; 9; 2; 1575; INTERNAL; 6; 8; 2; 1699
INTERNAL; 6; 8; 2; 1699; INTERNAL; 5; 6; 1; 2693
INTERNAL; 5; 6; 1; 2693; INTERNAL; 4; 5; 1; 2949
INTERNAL; 4; 5; 1; 2949; INTERNAL; 2; 4; 2; 2929
INTERNAL; 5; 6; 1; 2693; INTERNAL; 3; 5; 2; 2783
INTERNAL; 5; 6; 1; 2693; INTERNAL; 3; 5; 2; 3445
INTERNAL; 5; 6; 1; 2693; INTERNAL; 2; 5; 3; 3565
INTERNAL; 6; 8; 2; 1699; INTERNAL; 5; 6; 1; 2136
INTERNAL; 5; 6; 1; 2136; INTERNAL; 2; 5; 3; 2182
INTERNAL; 2; 5; 3; 2182; INPUT; 1; 4; 3; 2100
INTERNAL; 2; 5; 3; 2182; INPUT; 1; 4; 3; 2355
INTERNAL; 2; 5; 3; 2182; INPUT; 1; 4; 3; 3744
INTERNAL; 5; 6; 1; 2136; INPUT; 1; 5; 4; 2255
INTERNAL; 5; 6; 1; 2136; INTERNAL; 3; 5; 2; 3505
INTERNAL; 5; 6; 1; 2136; INTERNAL; 4; 5; 1; 2579
INTERNAL; 6; 8; 2; 1699; INTERNAL; 3; 6; 3; 2807
INTERNAL; 10; 13; 3; 1553; INTERNAL; 8; 12; 4; 1542
INTERNAL; 8; 12; 4; 1542; INTERNAL; 7; 8; 1; 2378
INTERNAL; 7; 8; 1; 2378; INTERNAL; 6; 7; 1; 1618
INTERNAL; 6; 7; 1; 1618; INTERNAL; 5; 6; 1; 3258
INTERNAL; 7; 8; 1; 2378; INTERNAL; 4; 7; 3; 1614
INTERNAL; 4; 7; 3; 1614; INTERNAL; 2; 5; 3; 3273
INTERNAL; 2; 5; 3; 3273; INPUT; 1; 4; 3; 3142
INTERNAL; 7; 8; 1; 2378; INTERNAL; 5; 7; 2; 1880
INTERNAL; 5; 7; 2; 1880; INTERNAL; 2; 5; 3; 3367
INTERNAL; 5; 7; 2; 1880; INTERNAL; 3; 5; 2; 2466
INTERNAL; 3; 5; 2; 2466; INTERNAL; 2; 4; 2; 2888
INTERNAL; 5; 7; 2; 1880; INTERNAL; 4; 5; 1; 1336
INTERNAL; 8; 12; 4; 1542; INTERNAL; 6; 8; 2; 5939
INTERNAL; 10; 13; 3; 1553; INTERNAL; 9; 12; 3; 1543
INTERNAL; 9; 12; 3; 1543; INTERNAL; 8; 9; 1; 3210
INTERNAL; 9; 12; 3; 1543; INTERNAL; 8; 9; 1; 1567
INTERNAL; 8; 9; 1; 1567; INTERNAL; 7; 8; 1; 1956
INTERNAL; 8; 9; 1; 1567; INTERNAL; 6; 8; 2; 1619
INTERNAL; 6; 8; 2; 1619; INTERNAL; 5; 6; 1; 3374
INTERNAL; 5; 6; 1; 3374; INTERNAL; 4; 5; 1; 3605
INTERNAL; 4; 5; 1; 3605; INTERNAL; 3; 4; 1; 4503
INTERNAL; 5; 6; 1; 3374; INTERNAL; 3; 5; 2; 3459
INTERNAL; 5; 6; 1; 3374; INTERNAL; 4; 5; 1; 3206
INTERNAL; 4; 5; 1; 3206; INTERNAL; 2; 4; 2; 2276
INTERNAL; 4; 5; 1; 3206; INTERNAL; 2; 4; 2; 2231
INTERNAL; 5; 6; 1; 3374; INTERNAL; 2; 5; 3; 4809
INTERNAL; 6; 8; 2; 1619; INTERNAL; 5; 6; 1; 3230
INTERNAL; 5; 6; 1; 3230; INTERNAL; 3; 5; 2; 3399
INTERNAL; 3; 5; 2; 3399; INTERNAL; 2; 4; 2; 2198
INTERNAL; 5; 6; 1; 3230; INTERNAL; 4; 5; 1; 1508
INTERNAL; 4; 5; 1; 1508; INTERNAL; 3; 4; 1; 2404
INTERNAL; 4; 5; 1; 1508; INTERNAL; 3; 4; 1; 3598
INTERNAL; 3; 4; 1; 3598; INTERNAL; 2; 3; 1; 2932
INTERNAL; 3; 4; 1; 3598; INTERNAL; 2; 3; 1; 2545
INTERNAL; 5; 6; 1; 3230; INTERNAL; 4; 5; 1; 1995
INTERNAL; 6; 8; 2; 1619; INTERNAL; 5; 6; 1; 3524
INTERNAL; 5; 6; 1; 3524; INTERNAL; 4; 5; 1; 1897
INTERNAL; 4; 5; 1; 1897; INPUT; 1; 4; 3; 3550
INTERNAL; 4; 5; 1; 1897; INPUT; 1; 4; 3; 3485
INTERNAL; 4; 5; 1; 1897; INTERNAL; 2; 4; 2; 1383
INTERNAL; 4; 5; 1; 1897; INTERNAL; 2; 4; 2; 2878
INTERNAL; 2; 4; 2; 2878; INPUT; 1; 3; 2; 3555
INTERNAL; 2; 4; 2; 2878; INPUT; 1; 3; 2; 5070
INTERNAL; 5; 6; 1; 3524; INTERNAL; 3; 5; 2; 3166
INTERNAL; 5; 6; 1; 3524; INTERNAL; 2; 5; 3; 3526
INTERNAL; 5; 6; 1; 3524; INTERNAL; 4; 5; 1; 3351
INTERNAL; 5; 6; 1; 3524; INTERNAL; 3; 5; 2; 2320
INTERNAL; 8; 9; 1; 1567; INTERNAL; 6; 8; 2; 1621
INTERNAL; 6; 8; 2; 1621; INTERNAL; 5; 6; 1; 2981
INTERNAL; 5; 6; 1; 2981; INTERNAL; 2; 5; 3; 4312
INTERNAL; 6; 8; 2; 1621; INTERNAL; 5; 6; 1; 2480
INTERNAL; 5; 6; 1; 2480; INTERNAL; 2; 5; 3; 2193
INTERNAL; 5; 6; 1; 2480; INTERNAL; 2; 5; 3; 3234
INTERNAL; 5; 6; 1; 2480; INTERNAL; 4; 5; 1; 2771
INTERNAL; 6; 8; 2; 1621; INTERNAL; 5; 6; 1; 1158
INTERNAL; 5; 6; 1; 1158; INTERNAL; 2; 5; 3; 1860
INTERNAL; 5; 6; 1; 1158; INTERNAL; 4; 5; 1; 3298
INTERNAL; 4; 5; 1; 3298; INTERNAL; 3; 4; 1; 2633
INTERNAL; 5; 6; 1; 1158; INTERNAL; 3; 5; 2; 2451
INTERNAL; 3; 5; 2; 2451; INTERNAL; 2; 4; 2; 3359
INTERNAL; 3; 5; 2; 2451; INTERNAL; 2; 4; 2; 3356
INTERNAL; 11; 14; 3; 1613; INTERNAL; 10; 13; 3; 1544
INTERNAL; 10; 13; 3; 1544; INTERNAL; 9; 10; 1; 4671
INTERNAL; 10; 13; 3; 1544; INTERNAL; 9; 10; 1; 4419
INTERNAL; 10; 13; 3; 1544; INTERNAL; 9; 10; 1; 1683
INTERNAL; 9; 10; 1; 1683; INTERNAL; 8; 9; 1; 3223
INTERNAL; 8; 9; 1; 3223; INTERNAL; 7; 7; 0; 2119
INTERNAL; 8; 9; 1; 3223; INTERNAL; 6; 7; 1; 3354
INTERNAL; 8; 9; 1; 3223; INTERNAL; 5; 7; 2; 3779
INTERNAL; 5; 7; 2; 3779; INTERNAL; 3; 6; 3; 2477
INTERNAL; 5; 7; 2; 3779; INTERNAL; 4; 6; 2; 2970
INTERNAL; 9; 10; 1; 1683; INTERNAL; 7; 9; 2; 2789
INTERNAL; 9; 10; 1; 1683; INTERNAL; 8; 9; 1; 1833
INTERNAL; 12; 18; 6; 1531; INTERNAL; 11; 14; 3; 3064
INTERNAL; 11; 14; 3; 3064; INTERNAL; 8; 13; 5; 1533
INTERNAL; 11; 14; 3; 3064; INTERNAL; 10; 13; 3; 1537
INTERNAL; 12; 18; 6; 1531; INTERNAL; 10; 14; 4; 1538
INTERNAL; 19; 20; 1; 2567; INTERNAL; 11; 18; 7; 1311
INTERNAL; 19; 20; 1; 2567; INTERNAL; 18; 18; 0; 2435
INTERNAL; 18; 18; 0; 2435; INTERNAL; 17; 17; 0; 2699
INTERNAL; 17; 17; 0; 2699; INTERNAL; 14; 16; 2; 6148
INTERNAL; 14; 16; 2; 6148; INTERNAL; 13; 14; 1; 5051
INTERNAL; 13; 14; 1; 5051; INTERNAL; 4; 13; 9; 1869
INTERNAL; 4; 13; 9; 1869; INTERNAL; 3; 6; 3; 1894
INTERNAL; 13; 14; 1; 5051; INTERNAL; 12; 13; 1; 933
INTERNAL; 12; 13; 1; 933; INTERNAL; 11; 12; 1; 3243
INTERNAL; 11; 12; 1; 3243; INTERNAL; 10; 11; 1; 3162
INTERNAL; 10; 11; 1; 3162; INTERNAL; 9; 10; 1; 1123
INTERNAL; 10; 11; 1; 3162; INTERNAL; 9; 10; 1; 1747
INTERNAL; 9; 10; 1; 1747; INTERNAL; 8; 9; 1; 1460
INTERNAL; 9; 10; 1; 1747; INTERNAL; 8; 9; 1; 1668
INTERNAL; 8; 9; 1; 1668; INTERNAL; 6; 7; 1; 4763
INTERNAL; 8; 9; 1; 1668; INTERNAL; 7; 7; 0; 2939
INTERNAL; 8; 9; 1; 1668; INTERNAL; 4; 7; 3; 2138
INTERNAL; 4; 7; 3; 2138; INTERNAL; 3; 6; 3; 3415
INTERNAL; 9; 10; 1; 1747; INTERNAL; 7; 9; 2; 1662
INTERNAL; 7; 9; 2; 1662; INTERNAL; 4; 7; 3; 2209
INTERNAL; 4; 7; 3; 2209; INTERNAL; 3; 6; 3; 2927
INTERNAL; 4; 7; 3; 2209; INTERNAL; 3; 6; 3; 3626
INTERNAL; 3; 6; 3; 3626; INTERNAL; 2; 5; 3; 2366
INTERNAL; 7; 9; 2; 1662; INTERNAL; 6; 7; 1; 2760
INTERNAL; 10; 11; 1; 3162; INTERNAL; 9; 10; 1; 1748
INTERNAL; 9; 10; 1; 1748; INTERNAL; 8; 8; 0; 2422
INTERNAL; 9; 10; 1; 1748; INTERNAL; 4; 8; 4; 2890
INTERNAL; 4; 8; 4; 2890; INTERNAL; 3; 7; 4; 1226
INTERNAL; 9; 10; 1; 1748; INTERNAL; 7; 8; 1; 6038
INTERNAL; 11; 12; 1; 3243; INTERNAL; 10; 11; 1; 1750
INTERNAL; 10; 11; 1; 1750; INTERNAL; 4; 8; 4; 2031
INTERNAL; 4; 8; 4; 2031; INTERNAL; 2; 7; 5; 4837
INTERNAL; 4; 8; 4; 2031; INTERNAL; 3; 7; 4; 6011
INTERNAL; 3; 7; 4; 6011; INTERNAL; 2; 6; 4; 6125
INTERNAL; 4; 8; 4; 2031; INTERNAL; 2; 7; 5; 5378
INTERNAL; 10; 11; 1; 1750; INTERNAL; 9; 9; 0; 3196
INTERNAL; 9; 9; 0; 3196; INTERNAL; 5; 8; 3; 2908
INTERNAL; 5; 8; 3; 2908; INTERNAL; 4; 7; 3; 3436
INTERNAL; 4; 7; 3; 3436; INTERNAL; 2; 6; 4; 3849
INTERNAL; 4; 7; 3; 3436; INTERNAL; 3; 6; 3; 842
INTERNAL; 5; 8; 3; 2908; INTERNAL; 3; 7; 4; 2943
INTERNAL; 9; 9; 0; 3196; INTERNAL; 8; 8; 0; 2072
INTERNAL; 10; 11; 1; 1750; INTERNAL; 9; 9; 0; 2363
INTERNAL; 11; 12; 1; 3243; INTERNAL; 10; 11; 1; 1060
INTERNAL; 10; 11; 1; 1060; INTERNAL; 9; 10; 1; 5356
INTERNAL; 9; 10; 1; 5356; INTERNAL; 4; 9; 5; 1622
INTERNAL; 9; 10; 1; 5356; INTERNAL; 7; 9; 2; 2369
INTERNAL; 7; 9; 2; 2369; INTERNAL; 5; 7; 2; 1896
INTERNAL; 5; 7; 2; 1896; INTERNAL; 3; 6; 3; 3500
INTERNAL; 3; 6; 3; 3500; INTERNAL; 2; 5; 3; 2157
INTERNAL; 5; 7; 2; 1896; INTERNAL; 3; 6; 3; 1219
INTERNAL; 5; 7; 2; 1896; INTERNAL; 3; 6; 3; 5321
INTERNAL; 3; 6; 3; 5321; INTERNAL; 2; 5; 3; 2300
INTERNAL; 3; 6; 3; 5321; INTERNAL; 2; 5; 3; 3712
INTERNAL; 5; 7; 2; 1896; INTERNAL; 4; 6; 2; 3208
INTERNAL; 4; 6; 2; 3208; INTERNAL; 3; 5; 2; 3005
INTERNAL; 7; 9; 2; 2369; INTERNAL; 6; 7; 1; 5119
INTERNAL; 9; 10; 1; 5356; INTERNAL; 8; 9; 1; 1626
INTERNAL; 10; 11; 1; 1060; INTERNAL; 9; 10; 1; 5638
INTERNAL; 10; 11; 1; 1060; INTERNAL; 8; 10; 2; 1629
INTERNAL; 8; 10; 2; 1629; INTERNAL; 5; 8; 3; 3022
INTERNAL; 5; 8; 3; 3022; INTERNAL; 4; 7; 3; 3675
INTERNAL; 4; 7; 3; 3675; INTERNAL; 3; 6; 3; 3679
INTERNAL; 4; 7; 3; 3675; INTERNAL; 3; 6; 3; 3944
INTERNAL; 3; 6; 3; 3944; INTERNAL; 2; 5; 3; 2425
INTERNAL; 4; 7; 3; 3675; INTERNAL; 2; 6; 4; 3594
INTERNAL; 5; 8; 3; 3022; INTERNAL; 3; 7; 4; 2901
INTERNAL; 3; 7; 4; 2901; INTERNAL; 2; 6; 4; 3510
INTERNAL; 8; 10; 2; 1629; INTERNAL; 7; 8; 1; 3656
INTERNAL; 12; 13; 1; 933; INTERNAL; 11; 12; 1; 1761
INTERNAL; 11; 12; 1; 1761; INTERNAL; 9; 10; 1; 2017
INTERNAL; 9; 10; 1; 2017; INTERNAL; 4; 9; 5; 804
INTERNAL; 4; 9; 5; 804; INTERNAL; 3; 8; 5; 4858
INTERNAL; 4; 9; 5; 804; INTERNAL; 3; 8; 5; 3720
INTERNAL; 9; 10; 1; 2017; INTERNAL; 5; 9; 4; 5121
INTERNAL; 5; 9; 4; 5121; INTERNAL; 3; 8; 5; 3702
INTERNAL; 9; 10; 1; 2017; INTERNAL; 8; 9; 1; 1972
INTERNAL; 11; 12; 1; 1761; INTERNAL; 10; 10; 0; 2712
INTERNAL; 11; 12; 1; 1761; INTERNAL; 5; 10; 5; 2951
INTERNAL; 5; 10; 5; 2951; INTERNAL; 4; 9; 5; 3782
INTERNAL; 4; 9; 5; 3782; INTERNAL; 3; 8; 5; 3601
INTERNAL; 3; 8; 5; 3601; INTERNAL; 2; 7; 5; 2254
INTERNAL; 3; 8; 5; 3601; INTERNAL; 2; 7; 5; 3614
INTERNAL; 4; 9; 5; 3782; INTERNAL; 2; 8; 6; 3785
INTERNAL; 12; 13; 1; 933; INTERNAL; 9; 12; 3; 1753
INTERNAL; 13; 14; 1; 5051; INTERNAL; 12; 13; 1; 5118
INTERNAL; 12; 13; 1; 5118; INTERNAL; 4; 11; 7; 2673
INTERNAL; 4; 11; 7; 2673; INTERNAL; 3; 10; 7; 3025
INTERNAL; 4; 11; 7; 2673; INTERNAL; 3; 10; 7; 3666
INTERNAL; 4; 11; 7; 2673; INTERNAL; 3; 10; 7; 3812
INTERNAL; 12; 13; 1; 5118; INTERNAL; 11; 11; 0; 5318
INTERNAL; 12; 13; 1; 5118; INTERNAL; 4; 11; 7; 3362
INTERNAL; 4; 11; 7; 3362; INTERNAL; 3; 10; 7; 3541
INTERNAL; 14; 16; 2; 6148; INTERNAL; 13; 14; 1; 2478
INTERNAL; 13; 14; 1; 2478; INTERNAL; 12; 13; 1; 1604
INTERNAL; 13; 14; 1; 2478; INTERNAL; 12; 13; 1; 5967
INTERNAL; 12; 13; 1; 5967; INTERNAL; 11; 12; 1; 1599
INTERNAL; 11; 12; 1; 1599; INTERNAL; 10; 11; 1; 1591
INTERNAL; 10; 11; 1; 1591; INTERNAL; 9; 10; 1; 1571
INTERNAL; 10; 11; 1; 1591; INTERNAL; 9; 10; 1; 5708
INTERNAL; 10; 11; 1; 1591; INTERNAL; 9; 10; 1; 3807
INTERNAL; 11; 12; 1; 1599; INTERNAL; 10; 11; 1; 2861
INTERNAL; 11; 12; 1; 1599; INTERNAL; 10; 11; 1; 3882
INTERNAL; 12; 13; 1; 5967; INTERNAL; 10; 12; 2; 2973
INTERNAL; 12; 13; 1; 5967; INTERNAL; 11; 12; 1; 3268
INTERNAL; 17; 17; 0; 2699; INTERNAL; 16; 16; 0; 3173
INTERNAL; 16; 16; 0; 3173; INTERNAL; 14; 15; 1; 3348
INTERNAL; 16; 16; 0; 3173; INTERNAL; 15; 15; 0; 3736
INTERNAL; 15; 15; 0; 3736; INTERNAL; 13; 14; 1; 2571
INTERNAL; 13; 14; 1; 2571; INTERNAL; 4; 12; 8; 2669
INTERNAL; 4; 12; 8; 2669; INTERNAL; 3; 11; 8; 3007
INTERNAL; 3; 11; 8; 3007; INTERNAL; 2; 10; 8; 2450
INTERNAL; 4; 12; 8; 2669; INTERNAL; 3; 11; 8; 2212
INTERNAL; 13; 14; 1; 2571; INTERNAL; 6; 12; 6; 2891
INTERNAL; 6; 12; 6; 2891; INTERNAL; 4; 11; 7; 3862
INTERNAL; 4; 11; 7; 3862; INTERNAL; 3; 10; 7; 1800
INTERNAL; 6; 12; 6; 2891; INTERNAL; 5; 11; 6; 3046
INTERNAL; 5; 11; 6; 3046; INTERNAL; 4; 10; 6; 3866
INTERNAL; 4; 10; 6; 3866; INTERNAL; 2; 9; 7; 1036
INTERNAL; 13; 14; 1; 2571; INTERNAL; 12; 12; 0; 2382
INTERNAL; 15; 15; 0; 3736; INTERNAL; 14; 14; 0; 2453
INTERNAL; 14; 14; 0; 2453; INTERNAL; 13; 13; 0; 2566
INTERNAL; 14; 14; 0; 2453; INTERNAL; 5; 13; 8; 2658
INTERNAL; 5; 13; 8; 2658; INTERNAL; 3; 12; 9; 5078
INTERNAL; 3; 12; 9; 5078; INPUT; 1; 11; 10; 1767
INTERNAL; 5; 13; 8; 2658; INTERNAL; 4; 12; 8; 2499
INTERNAL; 4; 12; 8; 2499; INTERNAL; 2; 11; 9; 1778
INTERNAL; 15; 15; 0; 3736; INTERNAL; 13; 14; 1; 1183
INTERNAL; 17; 17; 0; 2699; INTERNAL; 13; 16; 3; 2609
INTERNAL; 17; 17; 0; 2699; INTERNAL; 13; 16; 3; 2459
INTERNAL; 13; 16; 3; 2459; INTERNAL; 12; 15; 3; 4185
INTERNAL; 12; 15; 3; 4185; INTERNAL; 10; 14; 4; 2652
INTERNAL; 12; 15; 3; 4185; INTERNAL; 11; 14; 3; 3703
INTERNAL; 12; 15; 3; 4185; INTERNAL; 11; 14; 3; 1558
INTERNAL; 13; 16; 3; 2459; INTERNAL; 12; 15; 3; 1561
INTERNAL; 18; 18; 0; 2435; INTERNAL; 14; 17; 3; 3662
INTERNAL; 14; 17; 3; 3662; INTERNAL; 13; 16; 3; 1540
INTERNAL; 14; 17; 3; 3662; INTERNAL; 13; 16; 3; 1539
INTERNAL; 13; 16; 3; 1539; INTERNAL; 12; 15; 3; 1913
INTERNAL; 13; 16; 3; 1539; INTERNAL; 12; 15; 3; 1516
INTERNAL; 19; 20; 1; 2567; INTERNAL; 14; 18; 4; 2782
INTERNAL; 19; 20; 1; 2567; INTERNAL; 13; 18; 5; 4847
INTERNAL; 20; 22; 2; 5935; INTERNAL; 19; 19; 0; 3535
INTERNAL; 20; 22; 2; 5935; INTERNAL; 19; 21; 2; 618
INTERNAL; 19; 21; 2; 618; INTERNAL; 18; 19; 1; 2551
INTERNAL; 19; 21; 2; 618; INTERNAL; 17; 20; 3; 617
INTERNAL; 17; 20; 3; 617; INTERNAL; 16; 18; 2; 1527
INTERNAL; 17; 20; 3; 617; INTERNAL; 15; 18; 3; 2714
INTERNAL; 17; 20; 3; 617; INTERNAL; 14; 18; 4; 1597
INTERNAL; 19; 21; 2; 618; INTERNAL; 18; 19; 1; 3342
INTERNAL; 18; 19; 1; 3342; INTERNAL; 17; 18; 1; 3172
INTERNAL; 19; 21; 2; 618; INTERNAL; 18; 19; 1; 1530
INTERNAL; 20; 22; 2; 5935; INTERNAL; 14; 19; 5; 2916
INTERNAL; 22; 23; 1; 1754; INTERNAL; 21; 22; 1; 2348
INTERNAL; 21; 22; 1; 2348; INTERNAL; 19; 21; 2; 4541
INTERNAL; 19; 21; 2; 4541; INTERNAL; 17; 20; 3; 5941
INTERNAL; 21; 22; 1; 2348; INTERNAL; 20; 20; 0; 2275
INTERNAL; 22; 23; 1; 1754; INTERNAL; 19; 22; 3; 5435
INTERNAL; 19; 22; 3; 5435; INTERNAL; 18; 21; 3; 2937
INTERNAL; 18; 21; 3; 2937; INTERNAL; 16; 20; 4; 1440
INTERNAL; 24; 25; 1; 4895; INTERNAL; 22; 24; 2; 3625
INTERNAL; 22; 24; 2; 3625; INTERNAL; 20; 23; 3; 91
INTERNAL; 20; 23; 3; 91; INTERNAL; 19; 22; 3; 4728
INTERNAL; 19; 22; 3; 4728; INTERNAL; 18; 21; 3; 4113
INTERNAL; 18; 21; 3; 4113; INTERNAL; 16; 20; 4; 121
INTERNAL; 20; 23; 3; 91; INTERNAL; 19; 22; 3; 67
INTERNAL; 19; 22; 3; 67; INTERNAL; 17; 21; 4; 65
INTERNAL; 17; 21; 4; 65; INTERNAL; 16; 20; 4; 5808
INTERNAL; 19; 22; 3; 67; INTERNAL; 17; 21; 4; 66
INTERNAL; 17; 21; 4; 66; INTERNAL; 16; 20; 4; 753
INTERNAL; 20; 23; 3; 91; INTERNAL; 19; 22; 3; 3631
INTERNAL; 19; 22; 3; 3631; INTERNAL; 18; 21; 3; 123
INTERNAL; 18; 21; 3; 123; INTERNAL; 16; 20; 4; 122
INTERNAL; 22; 24; 2; 3625; INTERNAL; 20; 23; 3; 5391
INTERNAL; 20; 23; 3; 5391; INTERNAL; 19; 22; 3; 73
INTERNAL; 19; 22; 3; 73; INTERNAL; 18; 21; 3; 1638
INTERNAL; 18; 21; 3; 1638; INTERNAL; 16; 20; 4; 72
INTERNAL; 20; 23; 3; 5391; INTERNAL; 19; 22; 3; 82
INTERNAL; 19; 22; 3; 82; INTERNAL; 18; 21; 3; 71
INTERNAL; 18; 21; 3; 71; INTERNAL; 16; 20; 4; 70
INTERNAL; 20; 23; 3; 5391; INTERNAL; 19; 22; 3; 74
INTERNAL; 19; 22; 3; 74; INTERNAL; 18; 21; 3; 6082
INTERNAL; 18; 21; 3; 6082; INTERNAL; 16; 20; 4; 202
INTERNAL; 20; 23; 3; 5391; INTERNAL; 19; 22; 3; 75
INTERNAL; 19; 22; 3; 75; INTERNAL; 18; 21; 3; 69
INTERNAL; 18; 21; 3; 69; INTERNAL; 16; 20; 4; 68
INTERNAL; 22; 24; 2; 3625; INTERNAL; 21; 22; 1; 3778
INTERNAL; 21; 22; 1; 3778; INTERNAL; 19; 21; 2; 6234
INTERNAL; 19; 21; 2; 6234; INTERNAL; 17; 20; 3; 6211
INTERNAL; 21; 22; 1; 3778; INTERNAL; 20; 20; 0; 2795
INTERNAL; 22; 24; 2; 3625; INTERNAL; 21; 22; 1; 4266
INTERNAL; 21; 22; 1; 4266; INTERNAL; 19; 21; 2; 5166
INTERNAL; 19; 21; 2; 5166; INTERNAL; 17; 20; 3; 4475
INTERNAL; 22; 24; 2; 3625; INTERNAL; 20; 23; 3; 4831
INTERNAL; 20; 23; 3; 4831; INTERNAL; 18; 22; 4; 88
INTERNAL; 18; 22; 4; 88; INTERNAL; 17; 21; 4; 80
INTERNAL; 17; 21; 4; 80; INTERNAL; 15; 20; 5; 79
INTERNAL; 20; 23; 3; 4831; INTERNAL; 19; 21; 2; 87
INTERNAL; 19; 21; 2; 87; INTERNAL; 18; 20; 2; 85
INTERNAL; 18; 20; 2; 85; INTERNAL; 16; 19; 3; 84
INTERNAL; 20; 23; 3; 4831; INTERNAL; 18; 22; 4; 1936
INTERNAL; 18; 22; 4; 1936; INTERNAL; 17; 21; 4; 78
INTERNAL; 17; 21; 4; 78; INTERNAL; 15; 20; 5; 4941
INTERNAL; 20; 23; 3; 4831; INTERNAL; 19; 21; 2; 86
INTERNAL; 19; 21; 2; 86; INTERNAL; 18; 20; 2; 83
INTERNAL; 18; 20; 2; 83; INTERNAL; 16; 19; 3; 81
INTERNAL; 20; 23; 3; 4831; INTERNAL; 18; 20; 2; 89
INTERNAL; 18; 20; 2; 89; INTERNAL; 17; 19; 2; 76
INTERNAL; 17; 19; 2; 76; INTERNAL; 15; 18; 3; 3470
INTERNAL; 20; 23; 3; 4831; INTERNAL; 18; 20; 2; 90
INTERNAL; 18; 20; 2; 90; INTERNAL; 17; 19; 2; 2171
INTERNAL; 17; 19; 2; 2171; INTERNAL; 15; 18; 3; 77
INTERNAL; 26; 27; 1; 5942; INTERNAL; 24; 25; 1; 884
INTERNAL; 24; 25; 1; 884; INTERNAL; 23; 24; 1; 2800
INTERNAL; 23; 24; 1; 2800; INTERNAL; 22; 23; 1; 26
INTERNAL; 22; 23; 1; 26; INTERNAL; 19; 22; 3; 6120
INTERNAL; 19; 22; 3; 6120; INTERNAL; 18; 21; 3; 3253
INTERNAL; 18; 21; 3; 3253; INTERNAL; 16; 20; 4; 29
INTERNAL; 22; 23; 1; 26; INTERNAL; 21; 22; 1; 25
INTERNAL; 21; 22; 1; 25; INTERNAL; 19; 21; 2; 5095
INTERNAL; 19; 21; 2; 5095; INTERNAL; 18; 20; 2; 24
INTERNAL; 18; 20; 2; 24; INTERNAL; 16; 19; 3; 1348
INTERNAL; 21; 22; 1; 25; INTERNAL; 18; 21; 3; 3874
INTERNAL; 18; 21; 3; 3874; INTERNAL; 17; 20; 3; 2455
INTERNAL; 17; 20; 3; 2455; INTERNAL; 15; 19; 4; 22
INTERNAL; 21; 22; 1; 25; INTERNAL; 20; 21; 1; 1985
INTERNAL; 20; 21; 1; 1985; INTERNAL; 19; 20; 1; 60
INTERNAL; 19; 20; 1; 60; INTERNAL; 18; 19; 1; 52
INTERNAL; 18; 19; 1; 52; INTERNAL; 16; 18; 2; 51
INTERNAL; 20; 21; 1; 1985; INTERNAL; 19; 20; 1; 61
INTERNAL; 19; 20; 1; 61; INTERNAL; 18; 19; 1; 54
INTERNAL; 18; 19; 1; 54; INTERNAL; 16; 18; 2; 53
INTERNAL; 21; 22; 1; 25; INTERNAL; 19; 21; 2; 957
INTERNAL; 19; 21; 2; 957; INTERNAL; 18; 20; 2; 559
INTERNAL; 18; 20; 2; 559; INTERNAL; 16; 19; 3; 827
INTERNAL; 21; 22; 1; 25; INTERNAL; 18; 21; 3; 5389
INTERNAL; 18; 21; 3; 5389; INTERNAL; 17; 20; 3; 23
INTERNAL; 17; 20; 3; 23; INTERNAL; 15; 19; 4; 1510
INTERNAL; 22; 23; 1; 26; INTERNAL; 19; 22; 3; 31
INTERNAL; 19; 22; 3; 31; INTERNAL; 18; 21; 3; 289
INTERNAL; 18; 21; 3; 289; INTERNAL; 16; 20; 4; 30
INTERNAL; 23; 24; 1; 2800; INTERNAL; 19; 23; 4; 28
INTERNAL; 19; 23; 4; 28; INTERNAL; 17; 22; 5; 21
INTERNAL; 17; 22; 5; 21; INTERNAL; 16; 21; 5; 2805
INTERNAL; 19; 23; 4; 28; INTERNAL; 17; 22; 5; 20
INTERNAL; 17; 22; 5; 20; INTERNAL; 16; 21; 5; 1199
INTERNAL; 23; 24; 1; 2800; INTERNAL; 22; 23; 1; 27
INTERNAL; 22; 23; 1; 27; INTERNAL; 19; 22; 3; 875
INTERNAL; 19; 22; 3; 875; INTERNAL; 18; 21; 3; 119
INTERNAL; 18; 21; 3; 119; INTERNAL; 16; 20; 4; 118
INTERNAL; 22; 23; 1; 27; INTERNAL; 20; 22; 2; 2437
INTERNAL; 20; 22; 2; 2437; INTERNAL; 19; 21; 2; 144
INTERNAL; 19; 21; 2; 144; INTERNAL; 17; 20; 3; 143
INTERNAL; 22; 23; 1; 27; INTERNAL; 19; 22; 3; 2486
INTERNAL; 19; 22; 3; 2486; INTERNAL; 18; 21; 3; 4455
INTERNAL; 18; 21; 3; 4455; INTERNAL; 16; 20; 4; 120
INTERNAL; 22; 23; 1; 27; INTERNAL; 21; 22; 1; 2550
INTERNAL; 21; 22; 1; 2550; INTERNAL; 19; 21; 2; 381
INTERNAL; 19; 21; 2; 381; INTERNAL; 17; 20; 3; 4885
INTERNAL; 24; 25; 1; 884; INTERNAL; 23; 24; 1; 2559
INTERNAL; 23; 24; 1; 2559; INTERNAL; 19; 23; 4; 142
INTERNAL; 19; 23; 4; 142; INTERNAL; 18; 22; 4; 4901
INTERNAL; 18; 22; 4; 4901; INTERNAL; 16; 21; 5; 116
INTERNAL; 19; 23; 4; 142; INTERNAL; 18; 22; 4; 117
INTERNAL; 18; 22; 4; 117; INTERNAL; 16; 21; 5; 1061
INTERNAL; 23; 24; 1; 2559; INTERNAL; 22; 23; 1; 1396
INTERNAL; 22; 23; 1; 1396; INTERNAL; 19; 22; 3; 140
INTERNAL; 19; 22; 3; 140; INTERNAL; 18; 21; 3; 4726
INTERNAL; 18; 21; 3; 4726; INTERNAL; 16; 20; 4; 5140
INTERNAL; 22; 23; 1; 1396; INTERNAL; 19; 22; 3; 139
INTERNAL; 19; 22; 3; 139; INTERNAL; 18; 21; 3; 6026
INTERNAL; 18; 21; 3; 6026; INTERNAL; 16; 20; 4; 138
INTERNAL; 22; 23; 1; 1396; INTERNAL; 21; 21; 0; 1160
INTERNAL; 21; 21; 0; 1160; INTERNAL; 19; 20; 1; 5142
INTERNAL; 19; 20; 1; 5142; INTERNAL; 17; 19; 2; 5144
INTERNAL; 22; 23; 1; 1396; INTERNAL; 21; 21; 0; 2401
INTERNAL; 21; 21; 0; 2401; INTERNAL; 19; 20; 1; 4530
INTERNAL; 19; 20; 1; 4530; INTERNAL; 17; 19; 2; 4534
INTERNAL; 23; 24; 1; 2559; INTERNAL; 21; 23; 2; 2964
INTERNAL; 21; 23; 2; 2964; INTERNAL; 20; 22; 2; 134
INTERNAL; 20; 22; 2; 134; INTERNAL; 19; 21; 2; 2168
INTERNAL; 19; 21; 2; 2168; INTERNAL; 18; 20; 2; 3766
INTERNAL; 18; 20; 2; 3766; INTERNAL; 16; 19; 3; 731
INTERNAL; 20; 22; 2; 134; INTERNAL; 19; 21; 2; 133
INTERNAL; 19; 21; 2; 133; INTERNAL; 18; 20; 2; 128
INTERNAL; 18; 20; 2; 128; INTERNAL; 16; 19; 3; 1934
INTERNAL; 20; 22; 2; 134; INTERNAL; 19; 21; 2; 132
INTERNAL; 19; 21; 2; 132; INTERNAL; 18; 20; 2; 385
INTERNAL; 18; 20; 2; 385; INTERNAL; 16; 19; 3; 127
INTERNAL; 20; 22; 2; 134; INTERNAL; 19; 21; 2; 131
INTERNAL; 19; 21; 2; 131; INTERNAL; 18; 20; 2; 130
INTERNAL; 18; 20; 2; 130; INTERNAL; 16; 19; 3; 129
INTERNAL; 21; 23; 2; 2964; INTERNAL; 19; 22; 3; 136
INTERNAL; 19; 22; 3; 136; INTERNAL; 18; 21; 3; 125
INTERNAL; 18; 21; 3; 125; INTERNAL; 16; 20; 4; 124
INTERNAL; 21; 23; 2; 2964; INTERNAL; 19; 22; 3; 135
INTERNAL; 19; 22; 3; 135; INTERNAL; 18; 21; 3; 126
INTERNAL; 18; 21; 3; 126; INTERNAL; 16; 20; 4; 1620
INTERNAL; 26; 27; 1; 5942; INTERNAL; 23; 25; 2; 2383
INTERNAL; 23; 25; 2; 2383; INTERNAL; 22; 24; 2; 1703
INTERNAL; 22; 24; 2; 1703; INTERNAL; 21; 23; 2; 10
INTERNAL; 21; 23; 2; 10; INTERNAL; 19; 22; 3; 17
INTERNAL; 19; 22; 3; 17; INTERNAL; 18; 21; 3; 4645
INTERNAL; 18; 21; 3; 4645; INTERNAL; 16; 20; 4; 14
INTERNAL; 21; 23; 2; 10; INTERNAL; 19; 22; 3; 39
INTERNAL; 19; 22; 3; 39; INTERNAL; 18; 21; 3; 4043
INTERNAL; 18; 21; 3; 4043; INTERNAL; 16; 20; 4; 3307
INTERNAL; 21; 23; 2; 10; INTERNAL; 20; 22; 2; 8
INTERNAL; 20; 22; 2; 8; INTERNAL; 19; 21; 2; 4888
INTERNAL; 19; 21; 2; 4888; INTERNAL; 18; 20; 2; 7
INTERNAL; 18; 20; 2; 7; INTERNAL; 16; 19; 3; 5590
INTERNAL; 19; 21; 2; 4888; INTERNAL; 18; 20; 2; 6
INTERNAL; 18; 20; 2; 6; INTERNAL; 16; 19; 3; 5
INTERNAL; 21; 23; 2; 10; INTERNAL; 19; 22; 3; 38
INTERNAL; 19; 22; 3; 38; INTERNAL; 18; 21; 3; 5620
INTERNAL; 18; 21; 3; 5620; INTERNAL; 16; 20; 4; 37
INTERNAL; 21; 23; 2; 10; INTERNAL; 20; 22; 2; 18
INTERNAL; 20; 22; 2; 18; INTERNAL; 19; 21; 2; 2808
INTERNAL; 19; 21; 2; 2808; INTERNAL; 17; 20; 3; 16
INTERNAL; 17; 20; 3; 16; INTERNAL; 16; 19; 3; 15
INTERNAL; 21; 23; 2; 10; INTERNAL; 20; 22; 2; 9
INTERNAL; 20; 22; 2; 9; INTERNAL; 19; 21; 2; 1502
INTERNAL; 19; 21; 2; 1502; INTERNAL; 18; 20; 2; 5605
INTERNAL; 18; 20; 2; 5605; INTERNAL; 16; 19; 3; 49
INTERNAL; 20; 22; 2; 9; INTERNAL; 19; 21; 2; 63
INTERNAL; 19; 21; 2; 63; INTERNAL; 18; 20; 2; 50
INTERNAL; 18; 20; 2; 50; INTERNAL; 16; 19; 3; 169
INTERNAL; 22; 24; 2; 1703; INTERNAL; 21; 21; 0; 1054
INTERNAL; 21; 21; 0; 1054; INTERNAL; 19; 20; 1; 791
INTERNAL; 19; 20; 1; 791; INTERNAL; 17; 19; 2; 787
INTERNAL; 22; 24; 2; 1703; INTERNAL; 20; 21; 1; 2106
INTERNAL; 20; 21; 1; 2106; INTERNAL; 19; 20; 1; 1988
INTERNAL; 19; 20; 1; 1988; INTERNAL; 17; 19; 2; 5145
INTERNAL; 23; 25; 2; 2383; INTERNAL; 22; 24; 2; 2380
INTERNAL; 22; 24; 2; 2380; INTERNAL; 20; 23; 3; 3456
INTERNAL; 20; 23; 3; 3456; INTERNAL; 19; 22; 3; 145
INTERNAL; 19; 22; 3; 145; INTERNAL; 17; 21; 4; 4761
INTERNAL; 22; 24; 2; 2380; INTERNAL; 21; 23; 2; 304
INTERNAL; 21; 23; 2; 304; INTERNAL; 19; 22; 3; 912
INTERNAL; 19; 22; 3; 912; INTERNAL; 18; 21; 3; 36
INTERNAL; 18; 21; 3; 36; INTERNAL; 16; 20; 4; 1806
INTERNAL; 21; 23; 2; 304; INTERNAL; 19; 22; 3; 40
INTERNAL; 19; 22; 3; 40; INTERNAL; 18; 21; 3; 35
INTERNAL; 18; 21; 3; 35; INTERNAL; 16; 20; 4; 34
INTERNAL; 22; 24; 2; 2380; INTERNAL; 21; 23; 2; 3772
INTERNAL; 21; 23; 2; 3772; INTERNAL; 19; 22; 3; 958
INTERNAL; 19; 22; 3; 958; INTERNAL; 17; 21; 4; 615
INTERNAL; 22; 24; 2; 2380; INTERNAL; 20; 23; 3; 19
INTERNAL; 20; 23; 3; 19; INTERNAL; 19; 22; 3; 2850
INTERNAL; 19; 22; 3; 2850; INTERNAL; 18; 21; 3; 692
INTERNAL; 18; 21; 3; 692; INTERNAL; 16; 20; 4; 12
INTERNAL; 19; 22; 3; 2850; INTERNAL; 18; 21; 3; 13
INTERNAL; 18; 21; 3; 13; INTERNAL; 16; 20; 4; 11
INTERNAL; 22; 24; 2; 2380; INTERNAL; 20; 23; 3; 389
INTERNAL; 20; 23; 3; 389; INTERNAL; 19; 21; 2; 5719
INTERNAL; 19; 21; 2; 5719; INTERNAL; 18; 20; 2; 56
INTERNAL; 18; 20; 2; 56; INTERNAL; 16; 19; 3; 55
INTERNAL; 20; 23; 3; 389; INTERNAL; 19; 21; 2; 59
INTERNAL; 19; 21; 2; 59; INTERNAL; 18; 20; 2; 58
INTERNAL; 18; 20; 2; 58; INTERNAL; 16; 19; 3; 57
INTERNAL; 26; 27; 1; 5942; INTERNAL; 25; 25; 0; 175
INTERNAL; 25; 25; 0; 175; INTERNAL; 22; 24; 2; 1927
INTERNAL; 22; 24; 2; 1927; INTERNAL; 21; 22; 1; 2393
INTERNAL; 21; 22; 1; 2393; INTERNAL; 19; 21; 2; 5149
INTERNAL; 19; 21; 2; 5149; INTERNAL; 17; 20; 3; 5152
INTERNAL; 22; 24; 2; 1927; INTERNAL; 21; 23; 2; 1853
INTERNAL; 21; 23; 2; 1853; INTERNAL; 20; 22; 2; 62
INTERNAL; 22; 24; 2; 1927; INTERNAL; 20; 23; 3; 64
INTERNAL; 20; 23; 3; 64; INTERNAL; 19; 22; 3; 47
INTERNAL; 19; 22; 3; 47; INTERNAL; 18; 21; 3; 45
INTERNAL; 18; 21; 3; 45; INTERNAL; 16; 20; 4; 44
INTERNAL; 20; 23; 3; 64; INTERNAL; 19; 22; 3; 46
INTERNAL; 19; 22; 3; 46; INTERNAL; 18; 21; 3; 42
INTERNAL; 18; 21; 3; 42; INTERNAL; 16; 20; 4; 4367
INTERNAL; 19; 22; 3; 46; INTERNAL; 18; 21; 3; 43
INTERNAL; 18; 21; 3; 43; INTERNAL; 16; 20; 4; 3251
INTERNAL; 20; 23; 3; 64; INTERNAL; 19; 22; 3; 48
INTERNAL; 19; 22; 3; 48; INTERNAL; 18; 21; 3; 953
INTERNAL; 18; 21; 3; 953; INTERNAL; 16; 20; 4; 3227
INTERNAL; 22; 24; 2; 1927; INTERNAL; 21; 22; 1; 3809
INTERNAL; 21; 22; 1; 3809; INTERNAL; 19; 21; 2; 5550
INTERNAL; 19; 21; 2; 5550; INTERNAL; 17; 20; 3; 4516
INTERNAL; 25; 25; 0; 175; INTERNAL; 24; 24; 0; 2226
INTERNAL; 24; 24; 0; 2226; INTERNAL; 23; 23; 0; 2196
INTERNAL; 23; 23; 0; 2196; INTERNAL; 21; 22; 1; 2490
INTERNAL; 21; 22; 1; 2490; INTERNAL; 19; 21; 2; 5932
INTERNAL; 19; 21; 2; 5932; INTERNAL; 17; 20; 3; 5933
INTERNAL; 23; 23; 0; 2196; INTERNAL; 21; 22; 1; 2665
INTERNAL; 21; 22; 1; 2665; INTERNAL; 19; 21; 2; 5556
INTERNAL; 19; 21; 2; 5556; INTERNAL; 17; 20; 3; 2431
INTERNAL; 23; 23; 0; 2196; INTERNAL; 22; 22; 0; 2314
INTERNAL; 22; 22; 0; 2314; INTERNAL; 21; 21; 0; 6064
INTERNAL; 21; 21; 0; 6064; INTERNAL; 19; 20; 1; 2406
INTERNAL; 19; 20; 1; 2406; INTERNAL; 17; 19; 2; 2177
INTERNAL; 22; 22; 0; 2314; INTERNAL; 21; 21; 0; 2004
INTERNAL; 21; 21; 0; 2004; INTERNAL; 19; 20; 1; 2492
INTERNAL; 19; 20; 1; 2492; INTERNAL; 17; 19; 2; 1528
INTERNAL; 23; 23; 0; 2196; INTERNAL; 22; 22; 0; 2641
INTERNAL; 24; 24; 0; 2226; INTERNAL; 22; 23; 1; 3295
UNKNOWN; -1; -1; -1; -1; OUTPUT; 28; 28; 0; 0
OUTPUT; 28; 28; 0; 0; INTERNAL; 27; 27; 0; 3
INTERNAL; 27; 27; 0; 3; INTERNAL; 26; 26; 0; 3021
INTERNAL; 27; 27; 0; 3; INTERNAL; 25; 26; 1; 4
UNKNOWN; -1; -1; -1; -1; OUTPUT; 28; 28; 0; 1
OUTPUT; 28; 28; 0; 1; INTERNAL; 27; 27; 0; 4637
UNKNOWN; -1; -1; -1; -1; OUTPUT; 27; 28; 1; 2
OUTPUT; 27; 28; 1; 2; INTERNAL; 26; 27; 1; 2484
INTERNAL; 26; 27; 1; 2484; INTERNAL; 25; 26; 1; 5342
INTERNAL; 25; 26; 1; 5342; INTERNAL; 22; 25; 3; 2744
INTERNAL; 22; 25; 3; 2744; INTERNAL; 21; 24; 3; 5769
INTERNAL; 21; 24; 3; 5769; INTERNAL; 19; 23; 4; 1255
INTERNAL; 19; 23; 4; 1255; INTERNAL; 18; 22; 4; 506
INTERNAL; 18; 22; 4; 506; INTERNAL; 16; 21; 5; 32
INTERNAL; 19; 23; 4; 1255; INTERNAL; 18; 22; 4; 33
INTERNAL; 18; 22; 4; 33; INTERNAL; 16; 21; 5; 5179
INTERNAL; 21; 24; 3; 5769; INTERNAL; 20; 23; 3; 2188
INTERNAL; 22; 25; 3; 2744; INTERNAL; 20; 24; 4; 41
